序号,代码,名称,最新价,涨跌幅,涨跌额,成交量,成交额,振幅,最高,最低,今开,昨收,量比,换手率,市盈率-动态,市净率,总市值,流通市值,涨速,5分钟涨跌,60日涨跌幅,年初至今涨跌幅
1,920269,N杰锋,41.25,34.36,10.55,83932.0,375949273.57,24.89,48.86,41.22,45.0,30.7,,94.31,19.6,2.24,2475000000.0,367104375.0,-0.22,-0.96,34.36,34.36
2,603448,N天博,83.48,33.25,20.83,167413.0,1554328112.0,42.67,110.11,83.38,94.69,62.65,,71.19,30.78,2.71,10017600000.0,1963185553.0,-0.01,-1.03,33.25,33.25
3,920821,则成电子,23.59,29.97,5.44,149502.0,329178043.65,29.31,23.59,18.27,18.29,18.15,4.44,20.52,921.76,6.24,3263957197.0,1718612225.0,0.0,0.0,12.07,-9.48
4,300112,万讯自控,10.55,20.02,1.76,391289.0,388699659.0,20.02,10.55,8.79,8.88,8.79,1.53,15.8,-1075.94,3.06,3144126329.0,2612821377.0,0.0,0.0,56.07,22.53
5,301516,中远通,19.98,20.0,3.33,296162.0,539352643.02,20.06,19.98,16.64,16.7,16.65,2.91,42.2,-142.08,4.47,5608421065.0,1402105271.0,0.0,0.0,30.16,27.99
6,688813,泰金新能,122.77,20.0,20.46,86933.0,1010064930.0,16.39,122.77,106.0,108.03,102.31,2.55,28.9,113.05,11.26,19643200000.0,3692550344.0,0.0,0.0,-12.95,376.22
7,688655,迅捷兴,50.52,20.0,8.42,127605.0,620997215.0,15.96,50.52,43.8,43.9,42.1,1.26,9.57,236.23,10.01,6738862800.0,6738862800.0,0.0,0.0,10.07,194.92
8,301550,斯菱智驱,97.75,20.0,16.29,166712.0,1588661868.86,11.18,97.75,88.64,88.64,81.46,1.98,8.12,212.27,17.88,32780340313.0,20059875535.0,0.0,0.0,2.94,2.41
9,688001,华兴源创,58.26,20.0,9.71,193159.0,1092143572.0,18.0,58.26,49.52,50.8,48.55,2.29,4.1,144.77,6.38,27473412963.0,27473412963.0,0.0,0.0,-0.73,93.36
10,920045,蘅东光,549.5,18.86,87.2,24076.0,1246160882.62,17.76,555.1,473.0,479.0,462.3,1.54,8.54,85.95,39.26,52367441767.0,15484112676.0,0.23,0.33,63.0,149.4
11,301529,福赛科技,125.7,17.48,18.7,61740.0,761860588.48,14.85,128.4,112.51,113.61,107.0,2.47,9.71,102.98,10.24,14885869649.0,7990330922.0,0.07,0.01,23.44,55.28
12,300684,中石科技,104.36,17.39,15.46,458816.0,4516204894.55,19.33,106.68,89.5,91.0,88.9,1.73,22.38,113.27,15.09,31256782512.0,21391626912.0,1.36,0.73,97.91,115.26
13,301511,德福科技,99.48,16.97,14.43,553849.0,5293544284.19,17.81,101.15,86.0,86.67,85.05,1.5,13.89,119.0,15.06,62704432560.0,39657444048.0,0.23,0.18,-28.0,179.52
14,301595,太力科技,43.18,16.73,6.19,50824.0,214792067.28,20.25,44.39,36.9,37.0,36.99,6.46,12.45,112.95,5.17,4675530400.0,1763147350.0,0.0,0.09,-0.12,-11.52
15,300811,铂科新材,84.5,16.62,12.04,253706.0,2036898867.97,15.68,85.31,73.95,73.95,72.46,2.73,7.58,76.36,10.63,34461620213.0,28285646441.0,0.04,0.06,1.91,66.37
16,688498,源杰科技,1702.0,16.1,236.0,56399.0,9004888392.0,14.87,1706.0,1488.0,1499.0,1466.0,2.04,4.59,174.53,67.45,211899641654.0,209162429088.0,0.06,0.2,21.57,284.46
17,300488,恒锋工具,36.08,15.57,4.86,141333.0,495375093.49,18.26,36.78,31.08,31.08,31.22,3.65,8.71,32.31,3.12,6899246356.0,5853895645.0,-0.06,-0.3,-4.3,11.22
18,688678,福立旺,23.04,15.37,3.07,422980.0,948356413.0,16.02,23.28,20.08,20.08,19.97,2.67,10.49,67.81,3.98,9287573783.0,9287573783.0,0.0,0.17,14.86,33.95
19,688700,东威科技,61.85,15.09,8.11,268030.0,1604145407.0,16.32,62.89,54.12,54.99,53.74,2.2,8.98,93.1,9.52,18456124116.0,18456124116.0,0.02,0.15,-23.58,76.31
20,301312,智立方,86.96,15.04,11.37,98066.0,819782024.49,13.85,87.17,76.7,76.83,75.59,1.82,11.57,158.09,11.91,14654534680.0,7371935735.0,0.02,-0.01,10.85,145.1
21,301486,致尚科技,197.0,14.75,25.32,119960.0,2292237730.97,12.41,197.5,176.2,178.0,171.68,2.03,16.45,1106.04,9.79,25362419068.0,14365012071.0,0.06,0.41,-4.14,58.81
22,301046,能辉科技,31.4,14.6,4.0,165408.0,503243134.61,14.38,31.55,27.61,27.89,27.4,2.11,12.7,-113.92,4.85,5293648442.0,4088123942.0,0.06,0.38,11.66,34.19
23,300570,太辰光,206.1,14.5,26.1,227804.0,4523666761.26,12.35,207.68,185.45,185.45,180.0,1.81,11.85,132.75,28.06,46810847289.0,39610935668.0,0.03,-0.07,11.96,79.92
24,301183,东田微,242.75,14.43,30.61,66143.0,1540575543.7,15.43,246.98,214.24,215.88,212.14,2.29,11.27,111.77,18.79,19438533963.0,14249322560.0,0.1,0.0,9.7,56.7
25,688435,英方软件,37.63,14.27,4.7,115441.0,433509732.0,18.49,39.5,33.41,33.41,32.93,3.81,20.6,-83.52,2.92,3142105000.0,2109091885.0,-0.05,-0.03,0.35,-19.54
26,301419,阿莱德,40.79,14.26,5.09,124854.0,485147816.06,15.85,41.4,35.74,35.74,35.7,1.59,11.14,105.08,6.5,6118500000.0,4572691568.0,-0.05,0.27,6.78,52.32
27,300461,田中精机,34.52,13.81,4.19,129687.0,441766243.41,17.97,35.6,30.15,30.15,30.33,2.93,8.96,-161.29,9.69,5438235648.0,4995432592.0,0.0,0.2,-18.2,80.92
28,688677,海泰新光,93.11,13.81,11.3,144142.0,1290060685.0,11.6,93.5,84.01,85.0,81.81,1.59,12.02,73.14,8.34,11161747470.0,11161747470.0,0.04,0.14,-15.44,118.72
29,688312,燕麦科技,50.5,12.72,5.7,100735.0,493066946.0,13.59,50.9,44.81,45.51,44.8,1.92,6.87,242.33,4.99,7409106288.0,7409106288.0,0.0,0.22,-33.51,54.77
30,300835,龙磁科技,173.5,12.52,19.3,62473.0,1052946640.58,10.37,174.47,158.48,160.0,154.2,2.38,7.48,143.93,14.65,20689448190.0,14500335891.0,0.03,-0.07,-2.2,165.33
31,688025,杰普特,406.5,12.51,45.21,40086.0,1570844834.0,12.11,408.76,365.0,367.79,361.29,1.53,4.22,98.86,15.14,38637590450.0,38637590450.0,-0.05,-0.05,9.96,188.95
32,920159,农大科技,36.25,12.47,4.02,40768.0,141539068.95,13.25,36.5,32.23,32.23,32.23,1.22,26.61,14.85,2.51,2755000000.0,555350000.0,0.0,0.97,13.96,49.79
33,301196,唯科科技,88.68,12.42,9.8,95391.0,822579066.14,12.01,90.45,80.98,83.42,78.88,1.46,8.85,52.29,4.38,14562446263.0,9559322321.0,-0.09,0.02,-27.55,45.42
34,688203,海正生材,15.71,12.37,1.73,127247.0,199026318.0,13.52,16.49,14.6,14.6,13.98,1.79,6.28,76.09,2.13,3184072448.0,3184072448.0,0.83,1.16,42.56,22.93
35,688183,生益电子,132.93,12.24,14.5,260012.0,3368877907.0,10.25,132.93,120.79,122.0,118.43,1.32,3.1,50.12,17.1,111341002736.0,111341002736.0,0.46,0.39,7.51,39.78
36,688583,思看科技,90.0,12.08,9.7,89176.0,839544178.0,10.46,96.36,87.96,95.85,80.3,4.36,20.68,394.38,9.39,11138400000.0,3881233710.0,0.0,-0.43,-3.67,35.5
37,301205,联特科技,318.98,11.92,33.98,95378.0,2955199736.91,9.12,320.98,295.0,295.0,285.0,1.59,11.4,2214.05,25.37,41494353810.0,26695104461.0,0.0,-0.02,5.02,89.52
38,688656,浩欧博,116.92,11.91,12.44,15684.0,178544862.0,13.21,117.74,103.94,103.94,104.48,1.54,2.47,222.65,8.93,7426597167.0,7426597167.0,-0.26,0.22,19.31,-23.88
39,301389,隆扬电子,58.89,11.41,6.03,124562.0,708016930.12,11.54,59.3,53.2,53.45,52.86,1.31,4.39,201.55,7.47,16695315000.0,16695315000.0,0.12,0.0,-36.67,8.09
40,300739,明阳电路,24.71,11.36,2.52,216400.0,515900203.85,11.63,24.96,22.38,22.38,22.19,3.03,7.14,97.28,3.32,9228076929.0,7486528484.0,0.0,0.32,-11.47,34.95
41,300153,科泰电源,25.4,11.31,2.58,393673.0,990173012.19,8.46,25.98,24.05,24.51,22.82,4.6,12.37,73.11,8.58,8128000000.0,8085584997.0,0.04,-0.04,6.95,-12.41
42,301067,显盈科技,31.48,11.2,3.17,57138.0,173165599.06,12.68,31.77,28.18,28.38,28.31,1.47,8.66,-81.28,4.05,3060989280.0,2078204142.0,0.38,0.25,-9.02,-3.91
43,688627,精智达,491.0,11.19,49.42,69213.0,3334351067.0,8.16,494.07,458.03,463.35,441.58,1.18,7.35,472.47,25.86,46216923614.0,46216923614.0,0.0,0.08,18.52,119.81
44,688143,长盈通,181.2,11.17,18.2,166065.0,2856239449.0,13.55,181.58,159.5,161.37,163.0,1.09,13.57,777.11,17.09,23335081322.0,22174245991.0,0.01,0.19,1.26,261.24
45,300901,中胤时尚,21.36,11.02,2.12,136655.0,288036073.69,10.19,21.86,19.9,19.9,19.24,1.23,5.69,835.75,5.28,5126400000.0,5126400000.0,-0.09,-0.09,48.95,30.8
46,301225,恒勃股份,60.5,10.97,5.98,64119.0,381027222.29,13.9,61.6,54.02,54.02,54.52,2.55,14.58,91.14,5.35,8717576951.0,2661272851.0,0.02,0.02,-4.44,-48.95
47,300938,信测标准,29.0,10.94,2.86,155848.0,437730838.15,11.74,29.19,26.12,26.14,26.14,2.2,5.27,45.76,5.14,9884998957.0,8579653016.0,0.14,0.31,-22.67,25.7
48,300632,光莆股份,19.0,10.79,1.85,259165.0,483661088.52,11.6,19.19,17.2,17.57,17.15,3.01,11.39,-117.78,3.44,5798450780.0,4324127027.0,-0.05,0.11,-24.78,39.09
49,688630,芯碁微装,410.05,10.59,39.25,52516.0,2103513992.0,9.67,412.87,377.0,377.46,370.8,1.4,3.99,106.74,11.44,60074422816.0,54020280596.0,-0.05,-0.18,4.07,206.4
50,688031,星环科技-U,117.0,10.5,11.12,109147.0,1226255574.0,12.06,117.77,105.0,105.57,105.88,1.44,9.01,-62.8,18.91,14172902172.0,14172902172.0,0.0,0.33,-9.28,8.14
51,300548,长芯博创,213.99,10.43,20.21,177119.0,3703662496.72,10.0,215.37,196.0,199.1,193.78,1.62,6.02,98.13,30.19,63085279794.0,62957688684.0,0.13,0.06,-4.36,51.01
52,300308,中际旭创,898.46,10.38,84.46,431303.0,37634550213.7,8.12,902.26,836.13,838.61,814.0,1.79,3.89,38.76,26.55,1058304696053.0,997233999715.0,0.01,-0.04,-21.81,47.53
53,000078,ST海王,1.6,10.34,0.15,1651282.0,261753940.15,4.14,1.6,1.54,1.55,1.45,2.22,6.28,-10.32,4.11,4209797211.0,4207659059.0,0.0,0.0,1.27,-53.76
54,688205,德科立,214.03,10.32,20.03,212294.0,4363897180.0,9.81,214.7,195.66,200.98,194.0,1.35,13.33,173.43,13.89,34081599557.0,34081599557.0,0.13,0.35,-2.71,55.68
55,688048,长光华芯,300.0,10.28,27.97,123078.0,3566367169.0,10.33,301.58,273.48,277.19,272.03,1.63,6.98,871.58,17.39,52883982900.0,52883982900.0,0.0,0.33,-10.27,139.33
56,300946,恒而达,40.4,10.23,3.75,40657.0,162056264.47,14.05,41.78,36.63,36.64,36.65,5.1,5.36,107.92,5.35,6302715120.0,3062278590.0,-0.25,-0.25,-10.97,-27.18
57,000816,智慧农业,3.25,10.17,0.3,1135279.0,364425743.5,10.85,3.25,2.93,2.95,2.95,2.18,7.89,415.41,2.37,4702793284.0,4678404484.0,0.0,0.0,27.45,-11.68
58,600103,青山纸业,3.91,10.14,0.36,4927476.0,1875462404.0,11.83,3.91,3.49,3.6,3.55,0.91,22.27,108.89,2.2,8761632581.0,8650206574.0,0.0,0.0,11.71,-6.46
59,600400,红豆股份,3.15,10.14,0.29,622411.0,190737079.0,9.79,3.15,2.87,2.88,2.86,1.65,2.72,-38.23,5.62,7217821334.0,7217821334.0,0.0,0.0,20.69,32.35
60,920178,锐翔智能,95.07,10.11,8.73,20822.0,195098979.81,13.67,98.8,87.0,88.0,86.34,2.36,10.81,48.22,6.27,6268732600.0,1830593195.0,-0.03,0.0,-8.87,222.6
61,300757,罗博特科,631.94,10.1,57.95,91667.0,5629808165.75,7.66,631.99,588.0,588.0,573.99,1.41,5.64,8076.92,63.63,105918269665.0,102732461696.0,0.0,0.09,5.32,170.87
62,600108,亚盛集团,4.8,10.09,0.44,211736.0,101633170.0,0.0,4.8,4.8,4.8,4.36,0.09,1.09,187.51,2.16,9345192581.0,9345192581.0,0.0,0.0,33.7,52.38
63,300969,恒帅股份,84.66,10.08,7.75,55118.0,459209993.35,13.73,86.56,76.0,76.0,76.91,1.39,7.04,88.49,7.82,13894387009.0,6626786983.0,-0.11,-0.05,-13.86,-3.92
64,000759,中百集团,7.0,10.06,0.64,1249241.0,857306705.22,11.16,7.0,6.29,6.29,6.36,1.48,19.05,-7.75,8.75,4592206402.0,4589942175.0,0.0,0.0,20.07,-7.65
65,600354,敦煌种业,9.53,10.05,0.87,607362.0,569165445.0,6.12,9.53,9.0,9.03,8.66,0.41,11.51,17.38,5.95,5029953822.0,5029953822.0,0.0,0.0,76.81,47.3
66,002011,盾安环境,11.94,10.05,1.09,831759.0,976147550.45,8.66,11.94,11.0,11.0,10.85,5.49,7.84,13.74,1.83,12829259428.0,12674495094.0,0.0,0.0,12.01,-5.09
67,002470,金正大,2.3,10.05,0.21,3533693.0,790310930.2,10.05,2.3,2.09,2.1,2.09,1.45,10.75,-7.61,4.63,7557863807.0,7557215034.0,0.0,0.0,4.07,29.21
68,001330,博纳影业,6.35,10.05,0.58,2222885.0,1353107678.27,8.84,6.35,5.84,6.01,5.77,1.02,19.12,-25.84,2.36,8728195548.0,7384080495.0,0.0,0.0,-10.18,-16.45
69,002483,润邦股份,6.02,10.05,0.55,487246.0,288188835.25,9.14,6.02,5.52,5.54,5.47,4.73,5.5,22.87,1.18,5336539846.0,5329209810.0,0.0,0.0,10.87,-13.88
70,603628,清源股份,10.85,10.04,0.99,181891.0,193102668.0,10.24,10.85,9.84,9.94,9.86,2.84,6.68,70.25,2.25,2958134485.0,2953084352.0,0.0,0.0,4.93,-19.39
71,600770,综艺股份,5.59,10.04,0.51,420103.0,225266753.0,10.04,5.59,5.08,5.08,5.08,2.59,3.23,77.08,2.14,7267000000.0,7267000000.0,0.0,0.0,-3.12,8.12
72,600865,百大集团,12.49,10.04,1.14,176235.0,220018385.0,0.18,12.49,12.47,12.47,11.35,0.66,4.68,206.48,2.05,4699241547.0,4699241547.0,0.0,0.0,33.44,-23.84
73,601086,国芳集团,13.92,10.04,1.27,591306.0,808732967.0,7.83,13.92,12.93,12.93,12.65,1.18,8.88,65.16,5.79,9270720000.0,9270720000.0,0.0,0.0,95.51,38.23
74,002972,科安达,13.93,10.03,1.27,146055.0,196453371.2,10.11,13.93,12.65,12.66,12.66,2.17,10.55,36.49,2.77,3426902584.0,1929146755.0,0.0,0.0,5.37,18.05
75,601595,上海电影,20.63,10.03,1.88,204729.0,407571744.0,10.72,20.63,18.62,18.8,18.75,0.84,4.57,303.05,5.54,9246366000.0,9246366000.0,0.0,0.0,12.24,-27.82
76,002815,崇达技术,16.01,10.03,1.46,854007.0,1334323623.78,9.07,16.01,14.69,14.84,14.55,2.72,10.99,64.9,2.22,19758762697.0,12441980004.0,0.0,0.0,-6.65,18.33
77,605577,龙版传媒,17.11,10.03,1.56,148385.0,250953708.0,3.54,17.11,16.56,16.56,15.55,0.5,3.34,48.33,1.94,7604444454.0,7604444454.0,0.0,0.0,76.03,32.53
78,001366,播恩集团,15.8,10.03,1.44,55907.0,88316740.28,1.74,15.8,15.55,15.79,14.36,0.5,3.48,124.73,3.15,2538744000.0,2538744000.0,0.0,0.0,22.96,18.18
79,600791,京能置业,8.01,10.03,0.73,235463.0,184844814.0,10.99,8.01,7.21,7.21,7.28,0.99,5.21,-11.8,-5.2,3627568800.0,3623032705.0,0.0,0.0,-34.02,71.15
80,600330,天通股份,28.89,10.02,2.63,783874.0,2239423721.0,6.78,28.89,27.11,27.37,26.26,0.9,6.36,-63.11,4.74,35633920278.0,35633920278.0,0.0,0.0,2.27,120.03
81,002708,光洋股份,16.8,10.02,1.53,568953.0,932054974.18,11.98,16.8,14.97,14.99,15.27,0.95,11.16,82.54,5.21,9443245846.0,8561789897.0,0.0,0.0,28.24,26.51
82,603118,共进股份,17.89,10.02,1.63,365430.0,646068504.0,5.47,17.89,17.0,17.0,16.26,0.38,4.64,96.96,2.76,14084374903.0,14084374903.0,0.0,0.0,47.49,55.97
83,000428,华天酒店,5.16,10.02,0.47,1033668.0,517332409.02,11.94,5.16,4.6,4.83,4.69,1.44,10.14,-23.23,4.29,5257658160.0,5257658160.0,0.0,0.0,54.49,56.36
84,002988,豪美新材,28.77,10.02,2.62,155167.0,431417374.72,10.02,28.77,26.15,26.3,26.15,2.07,6.21,44.35,2.63,7186875350.0,7186875350.0,0.0,0.0,13.54,-21.82
85,002403,爱仕达,12.41,10.02,1.13,400273.0,473560152.07,11.88,12.41,11.07,12.3,11.28,6.94,13.47,-22.63,3.23,4227324765.0,3687773644.0,0.0,0.0,23.36,-1.97
86,603608,天创时尚,23.05,10.02,2.1,217546.0,485555345.0,10.02,23.05,20.95,21.0,20.95,1.02,5.12,175.1,8.25,9796934216.0,9796934216.0,0.0,0.0,-12.66,123.79
87,603192,汇得科技,20.89,10.01,1.9,44611.0,90171163.0,10.9,20.89,18.82,18.89,18.99,1.5,2.7,43.17,1.61,3490937321.0,3447132663.0,0.0,0.0,9.66,-19.62
88,603395,红四方,29.77,10.01,2.71,188911.0,548068279.0,10.01,29.77,27.06,27.06,27.06,0.92,29.06,147.4,5.48,7740200000.0,1935050000.0,0.0,0.0,31.09,2.06
89,001229,魅视科技,38.89,10.01,3.54,48214.0,181330784.69,10.16,38.89,35.3,35.34,35.35,1.29,6.54,663.04,5.58,5578074369.0,2868184401.0,0.0,0.0,39.29,26.27
90,000823,超声电子,15.94,10.01,1.45,530944.0,833771188.53,8.49,15.94,14.71,14.72,14.49,1.61,8.92,41.79,1.7,9483581281.0,9483218742.0,0.0,0.0,-12.71,19.31
91,600857,宁波中百,22.86,10.01,2.08,186518.0,410465761.0,11.79,22.86,20.41,20.85,20.78,2.12,8.31,221.5,6.04,5127953348.0,5127953348.0,0.0,0.0,46.73,67.23
92,002290,禾盛新材,68.05,10.01,6.19,121220.0,802481824.78,9.78,68.05,62.0,62.0,61.86,2.21,4.9,61.98,16.05,16884044057.0,16830589965.0,0.0,0.0,-13.01,49.59
93,603823,百合花,58.04,10.01,5.28,136014.0,777548475.0,8.83,58.04,53.38,53.38,52.76,0.68,3.27,104.62,9.58,24165981540.0,24165981540.0,0.0,0.0,34.95,289.01
94,603936,博敏电子,17.58,10.01,1.6,511461.0,875514365.0,9.01,17.58,16.14,16.2,15.98,1.47,8.11,-110.6,2.66,11345217910.0,11082396910.0,0.0,0.0,-24.87,38.53
95,603119,浙江荣泰,51.65,10.01,4.7,126042.0,641019318.0,9.07,51.65,47.39,47.39,46.95,1.37,2.67,81.33,11.64,24423217347.0,24423217347.0,0.0,0.0,-30.2,-41.84
96,603286,日盈电子,47.36,10.01,4.31,67048.0,307505988.0,9.9,47.36,43.1,43.81,43.05,1.38,5.74,-115.86,6.96,5588180259.0,5535636707.0,0.0,0.0,-12.86,-31.52
97,002463,沪电股份,122.65,10.0,11.15,801001.0,9613926291.92,8.21,122.65,113.5,113.61,111.5,1.95,4.17,40.37,13.12,236023187813.0,235837765420.0,0.0,0.0,-2.04,69.01
98,603826,坤彩科技,17.38,10.0,1.58,66837.0,113823699.0,9.87,17.38,15.82,15.85,15.8,0.95,0.78,42.15,7.51,14803588800.0,14803588800.0,0.0,0.0,-27.82,34.1
99,002579,中京电子,15.51,10.0,1.41,947676.0,1441138167.12,9.15,15.51,14.22,14.5,14.1,1.73,16.24,-52.88,4.13,9501714796.0,9049127366.0,0.0,0.0,2.72,27.34
100,600127,金健米业,13.53,10.0,1.23,1379519.0,1833838422.0,5.93,13.53,12.8,13.23,12.3,0.55,21.5,-453.24,13.12,8683326940.0,8683326940.0,0.0,0.0,131.68,101.34
101,001267,汇绿生态,38.71,10.0,3.52,407792.0,1544601449.02,8.58,38.71,35.69,35.7,35.19,1.71,6.7,560.87,18.88,30387221405.0,23557224360.0,0.0,0.0,-21.8,77.24
102,600371,万向德农,15.07,10.0,1.37,835887.0,1222131039.0,7.52,15.07,14.04,14.23,13.7,1.32,28.57,159.73,8.48,4409150460.0,4409150460.0,0.0,0.0,111.06,74.83
103,001389,广合科技,167.88,10.0,15.26,87167.0,1421436891.27,8.88,167.88,154.32,155.67,152.62,1.69,5.72,41.52,10.01,79360882288.0,25580143201.0,0.0,0.0,-5.55,107.31
104,001296,长江材料,22.0,10.0,2.0,56330.0,123925208.0,0.0,22.0,22.0,22.0,20.0,1.34,6.96,30.05,1.81,3291003892.0,1781620522.0,0.0,0.0,17.77,-15.61
105,002916,深南电路,364.98,10.0,33.18,92409.0,3314184036.34,8.73,364.98,336.0,338.0,331.8,1.57,1.39,55.21,13.79,248612183843.0,242642153061.0,0.0,0.0,-3.83,58.76
106,603083,剑桥科技,207.21,10.0,18.84,171571.0,3544718637.0,2.59,207.21,202.34,206.0,188.37,0.82,6.23,116.41,8.18,76305159789.0,57104666769.0,0.0,0.0,13.24,54.52
107,600345,长江通信,51.25,10.0,4.66,153692.0,761110333.0,9.53,51.25,46.81,47.0,46.59,1.56,7.26,18.92,4.03,16892621765.0,10842413971.0,0.0,0.0,-10.65,48.34
108,002484,江海股份,61.95,10.0,5.63,606436.0,3662851548.69,7.1,61.95,57.95,59.2,56.32,1.23,7.39,68.73,8.04,52689958145.0,50828117429.0,0.0,0.0,-23.75,110.43
109,002975,博杰股份,104.53,10.0,9.5,164492.0,1680311668.02,8.82,104.53,96.15,97.0,95.03,1.07,11.9,63.61,8.81,21755905834.0,14452643829.0,0.0,0.0,-13.87,76.48
110,600785,新华百货,12.54,10.0,1.14,746813.0,905511067.0,12.37,12.54,11.13,11.14,11.4,1.13,23.64,28.88,1.73,3961182752.0,3961182752.0,0.0,0.0,16.54,30.49
111,002138,顺络电子,48.94,10.0,4.45,420272.0,2008762618.25,9.31,48.94,44.8,44.89,44.49,1.68,5.48,44.13,6.01,39461220245.0,37504913925.0,0.0,0.0,-12.86,40.88
112,603124,江南新材,131.13,10.0,11.92,98810.0,1267317209.0,11.01,131.13,118.0,120.34,119.21,1.98,12.73,59.64,9.84,19111567945.0,10176843255.0,0.0,0.0,-26.62,67.24
113,002957,科瑞技术,40.92,10.0,3.72,202118.0,805040609.1,8.92,40.92,37.6,38.07,37.2,1.5,4.83,53.3,5.2,17185682509.0,17139855014.0,0.0,0.0,-18.32,91.21
114,002980,华盛昌,118.1,10.0,10.74,112061.0,1284638527.7,9.82,118.1,107.56,110.04,107.36,1.03,11.06,147.98,18.82,22251365554.0,11961973324.0,0.0,0.0,10.57,460.51
115,603009,北特科技,48.84,10.0,4.44,142515.0,682690390.0,9.46,48.84,44.64,44.66,44.4,2.6,4.11,134.0,8.3,16917678565.0,16917678565.0,0.0,0.0,14.46,1.71
116,603679,华体科技,23.77,10.0,2.16,127742.0,297958910.0,9.9,23.77,21.63,22.28,21.61,1.79,7.19,-74.84,4.88,4223601378.0,4223601378.0,0.0,0.0,27.32,47.09
117,002436,兴森科技,36.75,10.0,3.34,1099371.0,3954318618.19,8.38,36.75,33.95,34.08,33.41,1.16,7.24,282.62,11.08,62463003440.0,55783874433.0,0.0,0.0,-2.78,73.84
118,603228,景旺电子,105.97,10.0,9.63,505358.0,5269098174.0,7.7,105.97,98.55,98.98,96.34,1.27,5.15,88.18,7.68,106107042205.0,104063668475.0,0.0,0.0,44.97,46.08
119,603311,金海高科,29.37,10.0,2.67,46968.0,133892709.0,10.75,29.37,26.5,26.92,26.7,1.66,1.99,77.71,5.27,6927910349.0,6927910349.0,0.0,0.0,-23.5,93.73
120,688123,聚辰股份,137.79,10.0,12.53,117956.0,1610898848.0,10.87,142.13,128.52,130.0,125.26,2.05,7.42,20.85,7.01,21904544368.0,21904544368.0,-0.12,-0.08,13.4,10.34
121,603186,华正新材,186.09,10.0,16.92,205064.0,3716928466.0,7.95,186.09,172.64,174.2,169.17,1.02,13.08,84.36,11.84,29177147495.0,29177147495.0,0.0,0.0,9.27,276.17
122,002902,铭普光磁,27.18,10.0,2.47,174074.0,458622497.83,8.86,27.18,24.99,25.0,24.71,1.04,9.34,-207.47,10.44,6387546305.0,5068277594.0,0.0,0.0,-17.29,19.79
123,002281,光迅科技,184.47,10.0,16.77,428047.0,7691316761.27,6.78,184.47,173.1,173.1,167.7,1.64,5.45,131.16,10.56,152713275146.0,144998908351.0,0.0,0.0,-10.0,163.72
124,605168,三人行,52.49,10.0,4.77,96580.0,491569945.0,10.44,52.49,47.51,48.11,47.72,1.69,4.58,70.16,4.17,11065783595.0,11065783595.0,0.0,0.0,16.36,38.64
125,603355,莱克电气,30.07,9.99,2.73,61662.0,183127697.0,9.58,30.07,27.45,27.51,27.34,2.99,1.08,37.19,2.94,17242044242.0,17242044242.0,0.0,0.0,9.74,-5.23
126,002909,集泰股份,7.93,9.99,0.72,1046634.0,812185791.76,9.57,7.93,7.24,7.54,7.21,1.78,27.51,-113.14,3.61,3092700000.0,3016789147.0,0.0,0.0,43.66,16.45
127,605488,福莱新材,29.94,9.99,2.72,118433.0,344653911.0,9.81,29.94,27.27,27.31,27.22,2.11,3.98,86.41,3.99,8981658355.0,8910911632.0,0.0,0.0,-12.28,-12.46
128,002528,*ST英飞,7.49,9.99,0.68,381839.0,275237745.76,11.6,7.49,6.7,6.76,6.81,0.89,3.64,-40.67,-41.31,8978076364.0,7866144632.0,0.0,0.0,53.48,179.48
129,603926,铁流股份,18.6,9.99,1.69,109065.0,200340368.0,8.93,18.6,17.09,17.25,16.91,2.25,4.72,31.43,2.46,4333550965.0,4293598165.0,0.0,0.0,-3.33,9.8
130,002881,美格智能,46.12,9.99,4.19,30391.0,140164214.4,0.0,46.12,46.12,46.12,41.93,0.24,1.66,65.81,5.0,13941582516.0,8450985447.0,0.0,0.0,14.56,3.73
131,002852,道道全,9.36,9.99,0.85,155442.0,141894798.02,8.46,9.36,8.64,8.65,8.51,0.89,5.44,95.48,1.47,3219543335.0,2675263463.0,0.0,0.0,21.56,-9.83
132,002172,澳洋健康,4.63,9.98,0.42,1227519.0,544855968.09,12.11,4.63,4.12,4.2,4.21,0.92,16.04,73.36,17.72,3545340827.0,3542601580.0,0.0,0.0,45.6,16.62
133,600540,新赛股份,6.72,9.98,0.61,1851032.0,1194789393.0,12.93,6.72,5.93,6.09,6.11,1.9,31.84,15.61,8.35,3906853171.0,3906853171.0,0.0,0.0,50.67,47.05
134,300559,佳发教育,12.78,9.98,1.16,229825.0,284895920.45,10.15,12.87,11.69,11.82,11.62,3.16,7.39,111.53,4.35,5105796166.0,3976328726.0,-0.23,0.0,20.79,1.91
135,002963,豪尔赛,22.15,9.98,2.01,126415.0,274726809.4,9.68,22.15,20.2,20.28,20.14,0.76,8.46,-58.82,2.87,3330472450.0,3307888465.0,0.0,0.0,15.55,48.86
136,603042,华脉科技,15.43,9.98,1.4,111509.0,166435009.0,9.98,15.43,14.03,14.04,14.03,1.5,5.34,86.86,3.78,3221271601.0,3221271601.0,0.0,0.0,11.01,18.33
137,603626,科森科技,19.72,9.98,1.79,305538.0,596844331.0,7.98,19.72,18.29,18.3,17.93,0.69,5.51,20.13,5.07,10942227487.0,10942227487.0,0.0,0.0,-6.54,-5.83
138,603696,安记食品,16.64,9.98,1.51,154257.0,255149129.0,3.3,16.64,16.14,16.14,15.13,0.8,6.56,117.67,6.91,3913728000.0,3913728000.0,0.0,0.0,30.0,-17.66
139,002702,海欣食品,6.17,9.98,0.56,94841.0,58517143.8,0.0,6.17,6.17,6.17,5.61,0.37,2.07,-116.64,3.39,3429039200.0,2830448938.0,0.0,0.0,20.51,-13.34
140,603668,天马科技,13.12,9.97,1.19,295600.0,375507858.0,11.9,13.12,11.7,12.04,11.93,2.68,5.84,269.15,3.12,6636053124.0,6636053124.0,0.0,0.0,15.19,-21.25
141,000978,桂林旅游,7.28,9.97,0.66,592671.0,422379241.07,10.88,7.28,6.56,6.62,6.62,2.56,12.66,277.67,3.16,3407986400.0,3407924979.0,0.0,0.0,21.74,0.55
142,002515,金字火腿,8.16,9.97,0.74,1737303.0,1385520768.28,9.7,8.16,7.44,7.44,7.42,1.88,15.77,-607.64,3.81,9878611578.0,8991111700.0,0.0,0.0,8.37,34.21
143,000798,中水渔业,11.15,9.96,1.01,244514.0,266169752.81,6.71,11.15,10.47,10.68,10.14,0.75,6.68,19.93,7.47,4079324639.0,4079073764.0,0.0,0.0,42.22,5.39
144,601949,中国出版,6.41,9.95,0.58,1295658.0,794651255.0,9.09,6.41,5.88,6.11,5.83,4.95,6.81,395.46,1.24,12204435226.0,12204435226.0,0.0,0.0,27.44,0.94
145,603999,读者传媒,6.63,9.95,0.6,225925.0,144016950.0,10.78,6.63,5.98,5.98,6.03,2.23,3.92,59.02,1.82,3818880000.0,3818880000.0,0.0,0.0,20.77,-5.15
146,000735,罗 牛 山,6.74,9.95,0.61,513079.0,345449519.78,1.96,6.74,6.62,6.73,6.13,0.88,4.46,-12.54,1.95,7761201516.0,7757049265.0,0.0,0.0,28.63,-25.19
147,002564,天沃科技,5.42,9.94,0.49,343660.0,181942410.48,7.51,5.42,5.05,5.36,4.93,3.4,4.0,-29.94,42.59,4655262265.0,4655262265.0,0.0,0.0,10.84,-29.61
148,600280,中央商场,3.43,9.94,0.31,396969.0,132823251.0,9.62,3.43,3.13,3.15,3.12,1.0,3.52,-67.7,15.85,3870188323.0,3870188323.0,0.0,0.0,17.06,-10.91
149,920970,大禹生物,8.31,9.63,0.73,218149.0,175052476.6,14.12,8.48,7.41,7.56,7.58,2.63,31.13,-17.34,3.89,920754648.0,582292503.0,0.12,-0.12,41.33,8.06
150,300852,四会富仕,52.97,9.6,4.64,146720.0,750450279.43,10.86,53.35,48.1,49.21,48.33,1.72,9.47,48.39,3.75,8502806110.0,8208035794.0,0.02,0.08,1.38,39.25
151,300593,新雷能,34.85,9.59,3.05,334049.0,1147831981.82,6.7,35.0,32.87,33.2,31.8,1.27,7.42,-127.05,8.15,18906071645.0,15691635962.0,0.09,0.14,3.57,17.1
152,920826,盖世食品,10.6,9.5,0.92,167078.0,177104038.84,17.36,11.49,9.81,9.9,9.68,1.98,26.46,40.94,3.87,1489467628.0,669434022.0,0.0,-0.19,12.89,-19.88
153,300189,神农种业,7.72,9.5,0.67,3467276.0,2648848619.22,9.36,8.0,7.34,7.34,7.05,1.02,39.12,-292.81,11.54,7905280000.0,6841853273.0,-0.13,-0.52,57.23,3.76
154,300741,华宝股份,18.48,9.48,1.6,167255.0,297720505.87,10.84,18.52,16.69,16.81,16.88,2.21,2.72,51.71,1.67,11381462400.0,11381409732.0,0.33,0.38,27.45,-0.11
155,300808,久量股份,24.96,9.47,2.16,77175.0,186648907.25,10.96,25.1,22.6,22.8,22.8,1.94,6.49,-74.13,4.3,3993600000.0,2967733467.0,0.04,0.32,7.4,-16.99
156,301176,逸豪新材,46.74,9.46,4.04,75200.0,343643789.12,10.42,47.15,42.7,43.2,42.7,1.54,4.58,183.75,5.27,7902176016.0,7667865685.0,0.02,0.26,-17.42,85.7
157,300313,天山生物,15.75,9.45,1.36,376426.0,573132413.0,9.24,15.8,14.47,14.56,14.39,1.03,19.07,446.64,98.68,3776519156.0,3108306427.0,-0.19,-0.19,87.28,96.14
158,688313,仕佳光子,154.91,9.38,13.29,219771.0,3338947054.0,7.87,156.15,145.0,145.82,141.62,1.55,4.86,111.21,40.78,70017202070.0,70017202070.0,0.01,-0.11,3.92,75.08
159,000813,德展健康,3.75,9.33,0.32,2223760.0,818068057.14,11.95,3.77,3.36,3.36,3.43,3.09,10.61,-67.56,1.72,7864145775.0,7862430150.0,-0.27,-0.53,21.36,-2.34
160,301119,正强股份,28.79,9.3,2.45,96269.0,272344342.76,14.5,29.98,26.16,26.16,26.34,1.97,8.18,43.14,3.89,4191824000.0,3390137660.0,0.03,0.28,26.05,-23.33
161,000417,合百集团,6.88,9.21,0.58,1054079.0,694776094.96,11.27,6.89,6.18,6.21,6.3,2.35,13.53,44.44,1.13,5365603296.0,5359708863.0,0.0,1.47,-3.23,-14.43
162,301520,万邦医药,60.71,9.07,5.05,94226.0,551465263.97,9.52,60.71,55.41,56.0,55.66,0.94,28.82,20495.38,3.78,5656434055.0,1985122475.0,0.05,0.68,141.97,115.21
163,688800,瑞可达,63.5,9.05,5.27,158361.0,983844440.0,9.65,64.22,58.6,59.37,58.23,1.68,5.49,82.57,7.65,18312575897.0,18312575897.0,0.05,-0.02,-18.37,7.35
164,300315,掌趣科技,4.47,9.02,0.37,3686326.0,1703516573.84,10.73,4.84,4.4,4.46,4.1,4.79,13.61,166.9,2.63,12103021183.0,12102886078.0,0.0,0.22,9.02,-9.51
165,002851,麦格米特,132.03,8.96,10.86,377740.0,4844088381.36,7.59,132.2,123.0,123.99,121.17,1.16,7.68,153.21,8.46,77238915718.0,64917714778.0,0.08,0.47,-2.35,46.63
166,688628,优利德,83.42,8.96,6.86,66074.0,537283422.0,9.13,83.96,76.97,77.1,76.56,2.01,5.91,33.3,7.03,9323652191.0,9323652191.0,-0.02,-0.07,-5.42,168.75
167,301261,恒工精密,61.28,8.94,5.03,60089.0,367086919.55,10.77,62.75,56.69,57.25,56.25,3.2,5.75,31.17,3.95,6463093441.0,6408630841.0,0.0,0.03,-11.15,-28.13
168,301629,矽电股份,292.77,8.92,23.97,14343.0,404292816.18,8.98,293.5,269.37,272.51,268.8,0.87,7.47,-983.72,10.39,12216494009.0,5620058007.0,0.0,-0.08,-22.96,34.33
169,300037,新宙邦,68.13,8.92,5.58,218805.0,1454659137.95,7.61,68.26,63.5,64.25,62.55,1.94,4.0,26.1,4.59,51362290652.0,37252090605.0,0.01,0.03,-8.3,31.27
170,300499,高澜股份,35.91,8.82,2.91,581237.0,2013986666.39,18.61,37.15,31.01,32.67,33.0,1.63,21.39,212.99,7.93,10961475933.0,9757901830.0,0.11,0.08,5.12,17.31
171,688596,正帆科技,65.72,8.81,5.32,241759.0,1566840057.0,10.7,67.2,60.74,61.25,60.4,1.03,7.61,-208.81,4.8,20877303091.0,20877303091.0,0.15,-0.18,42.19,108.44
172,603011,合锻智能,26.33,8.8,2.13,675254.0,1736962829.0,10.08,26.62,24.18,24.39,24.2,1.25,13.66,-189.37,7.01,13017932126.0,13017932126.0,0.0,0.0,-15.36,11.05
173,300802,矩子科技,25.5,8.74,2.05,166738.0,421930493.52,12.37,26.26,23.36,23.6,23.45,1.67,8.24,58.21,4.83,7243995503.0,5160172223.0,-0.12,-0.2,9.96,34.42
174,002516,旷达科技,5.88,8.69,0.47,781268.0,454881443.41,9.61,5.95,5.43,5.45,5.41,6.65,5.35,38.62,2.29,8648531450.0,8587732250.0,-0.17,-0.34,0.68,-9.68
175,300607,拓斯达,37.55,8.68,3.0,604828.0,2225061161.64,9.99,37.85,34.4,34.8,34.55,1.7,17.52,85.86,6.05,17910314071.0,12961420194.0,0.05,0.11,16.11,14.1
176,003040,楚天龙,22.95,8.66,1.83,1142751.0,2501505202.21,12.69,23.18,20.5,21.01,21.12,1.06,25.01,-85.18,7.64,10583070557.0,10484713421.0,0.22,0.26,92.21,11.03
177,300666,江丰电子,239.25,8.66,19.07,136876.0,3186395028.24,8.27,240.6,222.39,224.1,220.18,1.47,6.18,61.17,9.06,66026081608.0,52980391349.0,-0.01,0.0,-12.71,161.13
178,688809,强一股份,440.02,8.64,34.99,23956.0,1026856730.0,8.89,442.0,406.0,416.66,405.03,1.42,9.25,128.16,13.69,57008683186.0,11401756878.0,0.06,0.1,-22.58,72.02
179,688531,日联科技,141.66,8.63,11.25,48810.0,678347659.0,9.68,143.28,130.66,130.66,130.41,1.44,4.25,91.62,6.84,23458037399.0,16259568633.0,0.0,-0.08,-14.27,116.51
180,605580,恒盛能源,24.41,8.63,1.94,385205.0,908780919.0,13.8,24.72,21.62,23.62,22.47,6.78,13.76,36.27,6.6,6834800000.0,6834800000.0,0.0,0.04,-5.61,9.66
181,301297,富乐德,40.54,8.57,3.2,212781.0,840749346.93,8.22,40.87,37.8,37.95,37.34,1.16,4.03,68.09,4.88,28147301535.0,21414328296.0,0.0,0.12,-7.57,13.78
182,688010,福光股份,27.25,8.57,2.15,70789.0,188006118.0,11.08,27.86,25.08,25.08,25.1,1.82,4.41,-168.89,2.55,4375303001.0,4375303001.0,-0.26,-0.26,-43.04,-12.44
183,300860,锋尚文化,32.48,8.56,2.56,72090.0,231950322.59,9.73,33.13,30.22,30.4,29.92,2.24,6.59,-872.83,1.99,6120879483.0,3553861204.0,0.06,0.09,26.58,22.15
184,300862,蓝盾光电,50.39,8.48,3.94,190474.0,937810073.99,7.34,50.41,47.0,47.7,46.45,0.98,12.57,-624.92,4.74,9302896082.0,7632624043.0,0.06,0.38,140.07,120.24
185,688698,伟创电气,44.5,8.48,3.48,79699.0,348622798.0,12.77,45.75,40.51,41.14,41.02,2.72,3.71,43.4,3.93,9568976243.0,9568976243.0,0.02,0.14,-24.83,-54.84
186,688035,德邦科技,69.06,8.47,5.39,77185.0,522121302.0,9.2,70.33,64.47,65.0,63.67,1.25,5.43,72.17,4.09,9823094400.0,9823094400.0,0.15,0.17,-18.46,43.58
187,688416,恒烁股份,76.84,8.36,5.93,70920.0,535963355.0,6.4,77.5,72.96,72.97,70.91,1.61,6.57,29.68,5.79,8289552527.0,8289552527.0,0.07,0.03,-9.09,80.76
188,300857,协创数据,274.03,8.36,21.13,308417.0,8318702697.03,7.42,275.77,257.0,257.0,252.9,1.57,6.36,36.47,22.12,134100153851.0,132874863782.0,0.35,0.37,22.5,127.9
189,300620,光库科技,302.29,8.35,23.29,141513.0,4199982695.95,6.42,305.0,287.1,287.1,279.0,1.39,5.72,253.8,33.37,75324786948.0,74767212136.0,0.01,-0.04,5.74,105.85
190,300916,朗特智能,26.52,8.29,2.03,65745.0,170951520.55,9.55,26.65,24.31,24.31,24.49,1.72,6.4,330.18,2.89,3835959066.0,2723124147.0,0.11,-0.04,13.04,-18.35
191,002885,京泉华,30.03,8.29,2.3,356324.0,1047606077.35,9.92,30.5,27.75,28.5,27.73,2.32,14.97,56.91,5.17,8135636549.0,7147245135.0,0.07,0.23,-19.96,17.03
192,300814,中富电路,137.6,8.21,10.44,73166.0,990121714.54,6.96,137.86,129.01,130.5,127.16,1.28,3.82,341.04,16.12,26340786163.0,26340786163.0,-0.07,-0.12,-17.74,86.22
193,300382,斯莱克,18.84,8.21,1.43,334621.0,615956810.33,8.5,18.9,17.42,17.77,17.41,1.18,5.16,-76.97,5.49,12215855887.0,12214692102.0,0.0,0.0,30.56,21.08
194,300096,ST易联众,9.5,8.2,0.72,131692.0,125652421.0,8.09,9.93,9.22,9.6,8.78,6.07,3.06,-42.88,13.03,4085000000.0,4085000000.0,0.74,1.06,17.0,27.86
195,688766,普冉股份,397.29,8.18,30.03,105874.0,4159996013.0,3.56,398.06,385.0,389.0,367.26,1.45,7.12,35.73,17.67,59078434571.0,59078434571.0,-0.03,0.08,1.72,212.61
196,688020,方邦股份,143.0,8.18,10.81,85480.0,1217198339.0,11.73,147.8,132.3,136.99,132.19,1.46,10.37,-178.53,9.04,11783629000.0,11783629000.0,0.08,0.18,-25.33,110.23
197,300778,新城市,11.78,8.17,0.89,95847.0,110572514.96,9.27,11.98,10.97,11.08,10.89,1.79,4.71,-41.68,2.02,2399110583.0,2398431666.0,-0.08,0.0,13.71,-15.13
198,002245,蔚蓝锂芯,18.23,8.13,1.37,995741.0,1775477201.57,8.48,18.29,16.86,16.86,16.86,1.71,6.19,30.51,3.92,31176433263.0,29333869994.0,-0.05,-0.05,-5.35,52.42
199,688359,三孚新科,96.79,8.12,7.27,47324.0,450479867.0,8.24,97.28,89.9,89.9,89.52,1.48,4.75,415.59,13.39,9648041428.0,9648041428.0,-0.1,0.09,-30.59,45.26
200,300933,中辰股份,7.21,8.1,0.54,322739.0,226747217.2,10.04,7.25,6.58,6.66,6.67,2.64,5.9,76.87,1.85,3944522173.0,3944522173.0,0.0,0.28,10.24,-13.03
201,300502,新易盛,417.2,8.08,31.2,512218.0,20918001944.46,6.3,419.33,395.0,397.98,386.0,1.6,4.08,38.63,23.94,581683888565.0,523270244683.0,0.07,-0.06,-17.62,35.87
202,002938,鹏鼎控股,89.99,8.04,6.7,280402.0,2471957908.72,8.56,90.6,83.47,84.26,83.29,1.47,1.21,81.23,6.07,208555123853.0,207951255587.0,-0.01,-0.08,-11.36,81.5
203,002026,山东威达,12.36,8.04,0.92,211694.0,256275458.86,7.78,12.39,11.5,11.7,11.44,1.54,4.81,22.75,1.4,5444974766.0,5444504777.0,-0.08,0.08,3.69,-17.76
204,603002,宏昌电子,16.32,8.01,1.21,991769.0,1592122812.0,9.93,16.62,15.12,15.2,15.11,1.47,8.75,234.93,5.32,18508161267.0,18508161267.0,0.06,0.06,-6.37,121.14
205,688496,*ST清越,0.96,7.87,0.07,104168.0,10148092.0,16.85,1.05,0.9,0.9,0.89,1.99,4.38,-0.94,0.61,432000000.0,228427776.0,0.0,-1.03,-7.69,-83.84
206,301338,凯格精机,101.36,7.83,7.36,66180.0,658312067.22,9.74,102.26,93.1,95.96,94.0,1.41,6.1,54.93,8.8,15098585600.0,11001107600.0,0.29,0.29,-28.64,62.02
207,688135,利扬芯片,29.49,7.82,2.14,152926.0,439587501.0,8.74,29.74,27.35,27.35,27.35,1.62,6.56,223.55,4.3,6874235220.0,6874235220.0,0.0,0.2,-13.21,6.23
208,301571,国科天成,69.59,7.81,5.04,73617.0,506095445.15,10.27,70.7,64.07,64.55,64.55,1.59,6.18,62.06,5.89,12486248938.0,8292564652.0,0.03,-0.06,3.17,20.88
209,688808,联讯仪器,2656.9,7.78,191.9,10795.0,2805754081.0,9.41,2700.0,2468.0,2468.0,2465.0,1.23,5.59,240.49,80.52,272775067552.0,51267924994.0,0.03,-0.45,27.8,3144.87
210,300480,光力科技,30.25,7.77,2.18,170378.0,504905540.1,7.41,30.42,28.34,28.53,28.07,1.56,6.58,75.5,6.24,11199233650.0,7834698333.0,-0.07,0.0,-16.27,81.03
211,301337,亚华电子,29.3,7.76,2.11,40739.0,117063287.4,7.83,29.36,27.23,27.67,27.19,3.08,4.0,-212.59,2.81,3053060000.0,2986660340.0,-0.07,0.07,5.7,6.51
212,600183,生益科技,148.15,7.75,10.65,839356.0,12168893729.0,6.87,149.25,139.8,140.25,137.5,1.11,3.48,54.74,19.45,359856893711.0,357300593165.0,0.03,0.1,-2.07,109.81
213,688519,南亚新材,287.85,7.75,20.71,60513.0,1713794595.0,8.34,291.27,269.0,274.0,267.14,1.01,2.57,73.41,20.68,67696690230.0,67696690230.0,-0.02,-0.12,-3.14,257.36
214,000903,ST云动,2.09,7.73,0.15,758903.0,156995133.7,9.79,2.13,1.94,1.95,1.94,4.4,3.95,-11.91,8.32,4043824817.0,4013346844.0,-0.48,-0.48,6.09,-20.53
215,002976,瑞玛精密,25.46,7.7,1.82,89531.0,223197924.76,8.29,25.58,23.62,23.88,23.64,1.99,7.35,-153.37,3.45,4954793336.0,3099231746.0,0.12,0.63,0.67,18.09
216,688112,鼎阳科技,69.57,7.68,4.96,35064.0,240271988.0,6.35,69.93,65.83,65.97,64.61,1.34,2.2,60.48,6.99,11103155150.0,11103155150.0,0.04,0.0,-0.84,89.1
217,301398,星源卓镁,38.44,7.68,2.74,37811.0,140747212.63,9.66,38.49,35.04,35.7,35.7,1.35,3.46,-30.88,4.17,4305337429.0,4196965459.0,0.0,0.26,3.39,-28.8
218,688635,长进光子,282.45,7.68,20.15,23914.0,664656681.0,8.54,287.86,265.45,267.49,262.3,1.82,13.47,420.54,17.53,26457091500.0,5015328227.0,0.0,-0.05,-30.94,589.24
219,300964,本川智能,61.03,7.64,4.33,66049.0,396416482.88,6.19,61.22,57.71,57.71,56.7,1.76,7.64,76.36,6.19,6521641205.0,5272798962.0,0.1,0.05,-2.02,53.96
220,688807,优迅股份,338.0,7.64,24.0,23550.0,784958160.0,7.58,341.8,318.0,319.58,314.0,1.32,14.72,224.67,14.95,27040000000.0,5408000000.0,0.0,0.08,-12.12,80.81
221,688156,路德科技,23.7,7.63,1.68,75682.0,175617401.0,8.9,23.94,21.98,22.4,22.02,1.18,7.51,133.7,3.09,2386925521.0,2386925521.0,0.47,0.89,-12.32,48.03
222,002443,金洲管道,11.55,7.54,0.81,470480.0,525270842.23,11.73,11.68,10.42,10.66,10.74,1.46,9.04,35.06,1.76,6012185256.0,6012185256.0,0.0,-0.17,4.43,42.07
223,688625,呈和科技,56.38,7.53,3.95,62048.0,344189495.0,8.41,56.86,52.45,52.89,52.43,1.18,2.39,56.86,8.91,14640022077.0,14640022077.0,-0.05,-0.02,-28.63,90.73
224,300522,世名科技,14.08,7.48,0.98,195113.0,269970918.0,9.54,14.27,13.02,13.02,13.1,1.47,7.4,1524.47,5.83,4540117219.0,3712826205.0,0.43,0.43,22.33,12.28
225,688661,和林微纳,104.15,7.48,7.25,52539.0,542397623.0,11.39,108.56,97.52,98.81,96.9,1.71,3.46,-1170.88,13.09,15819117078.0,15819117078.0,0.0,-0.12,-19.14,101.53
226,603920,世运电路,38.6,7.43,2.67,335266.0,1278425155.0,7.99,39.0,36.13,36.25,35.93,1.92,4.65,165.4,4.4,27814863436.0,27814863436.0,-0.08,0.23,-26.35,-19.77
227,688127,蓝特光学,68.91,7.42,4.76,148922.0,1027033490.0,6.19,70.29,66.32,66.32,64.15,1.77,3.67,51.4,11.71,27970410507.0,27970410507.0,0.0,-0.06,-13.04,80.44
228,002827,高争民爆,71.05,7.41,4.9,240110.0,1644408809.89,10.26,71.8,65.01,67.0,66.15,1.97,8.7,303.3,18.46,19684118300.0,19609720069.0,0.08,-0.1,173.27,89.01
229,301373,凌玮科技,102.81,7.4,7.08,64926.0,652964152.21,8.61,104.84,96.6,96.66,95.73,0.98,9.32,82.18,6.57,11152015676.0,7161273422.0,0.0,0.01,-22.4,223.3
230,688696,极米科技,90.12,7.39,6.2,30819.0,275093773.0,9.39,91.88,84.0,84.94,83.92,1.38,4.4,37.93,2.15,6310202400.0,6310202400.0,0.13,0.08,28.82,-18.33
231,688662,富信科技,85.37,7.38,5.87,92911.0,779714770.0,7.55,86.5,80.5,80.55,79.5,1.28,8.1,221.74,13.63,9792420828.0,9792420828.0,0.01,0.02,-26.21,118.23
232,300394,天孚通信,267.0,7.36,18.3,519294.0,13606540719.65,5.82,268.87,254.4,256.22,248.7,1.55,4.77,120.92,46.61,291250299831.0,290599609083.0,0.13,0.09,-4.97,84.75
233,605288,凯迪股份,70.43,7.35,4.82,46338.0,326608951.0,8.67,72.17,66.48,67.58,65.61,1.58,4.71,-143.76,3.2,6949505654.0,6921753135.0,0.0,0.1,10.43,10.72
234,920056,能之光,16.1,7.33,1.1,37490.0,61355481.42,16.4,17.89,15.43,15.45,15.0,2.3,7.87,43.36,2.44,1315236370.0,767315471.0,0.0,0.37,-20.1,-34.61
235,300478,杭州高新,31.93,7.33,2.18,37934.0,117401974.8,7.56,31.98,29.73,30.31,29.75,0.84,2.99,-157.53,74.69,4044668890.0,4044668890.0,-0.13,0.06,-17.28,-1.15
236,688003,天准科技,80.5,7.32,5.49,60892.0,484509877.0,9.63,81.3,74.08,76.0,75.01,1.37,3.13,79.61,7.88,15679976438.0,15679976438.0,0.19,0.01,-23.69,37.84
237,688381,帝奥微,38.07,7.3,2.59,127747.0,479218355.0,6.54,38.3,35.98,36.0,35.48,1.14,5.16,34.01,3.54,9422325000.0,9422325000.0,0.0,-0.05,-7.6,67.56
238,600246,万通发展,12.81,7.29,0.87,1196256.0,1503107262.0,7.62,12.96,12.05,12.1,11.94,0.86,6.33,-58.07,5.51,24889669568.0,24216183818.0,-0.08,0.08,-20.29,4.15
239,688785,恒运昌,301.36,7.29,20.48,10964.0,330227655.0,7.12,305.99,286.0,286.63,280.88,1.43,8.09,194.87,9.22,20402580696.0,4081754849.0,0.07,-0.16,-20.21,229.79
240,300475,香农芯创,176.85,7.28,12.0,329605.0,5739110799.65,5.9,177.88,168.15,169.8,164.85,1.1,7.35,11.4,11.63,83038461494.0,79316719386.0,0.0,0.01,-5.64,22.59
241,603321,梅轮电梯,6.94,7.26,0.47,118603.0,80573266.0,8.5,7.01,6.46,6.47,6.47,3.05,3.44,58.24,1.67,2415289815.0,2391277415.0,-0.14,-0.29,10.16,-13.14
242,688371,菲沃泰,26.48,7.25,1.79,84930.0,222338787.0,8.22,26.85,24.82,25.01,24.69,0.87,2.53,-97.3,4.64,8883307987.0,8883307987.0,0.15,0.34,-33.22,43.76
243,002553,南方精工,18.27,7.22,1.23,260736.0,462858868.62,9.15,18.37,16.81,16.9,17.04,1.57,10.18,53.49,4.05,6456794105.0,4680950105.0,0.0,-0.05,-0.65,-32.86
244,688300,联瑞新材,175.5,7.22,11.82,183534.0,3138947429.0,8.24,177.94,164.46,166.66,163.68,1.15,7.6,142.19,24.45,42377842845.0,42377842845.0,-0.01,0.09,-6.68,184.95
245,001331,胜通能源,45.08,7.21,3.03,78832.0,347514226.58,8.8,45.5,41.8,42.05,42.05,1.72,2.76,-978.75,12.75,18448899840.0,12885403482.0,0.07,0.04,-6.24,41.32
246,301392,汇成真空,176.0,7.21,11.84,61253.0,1074084535.62,9.93,181.6,165.3,165.8,164.16,1.07,15.01,559.71,23.87,17600000000.0,7180080336.0,-0.01,0.09,7.21,36.5
247,688598,金博股份,34.08,7.2,2.29,119847.0,400251207.0,7.49,34.24,31.86,32.18,31.79,1.01,5.89,-24.99,1.86,7074091793.0,6937856993.0,0.03,0.06,0.53,16.08
248,301132,满坤科技,41.33,7.13,2.75,65076.0,262222122.6,7.78,41.58,38.58,38.62,38.58,1.51,6.87,69.58,3.4,6120404671.0,3915634867.0,-0.05,0.19,17.12,25.7
249,300489,光智科技,229.61,7.13,15.28,111040.0,2523600254.0,6.38,233.0,219.33,223.32,214.33,0.94,8.06,-1734.05,41.07,31952030494.0,31645408382.0,0.0,-0.1,40.99,351.99
250,600714,金瑞矿业,23.01,7.12,1.53,461967.0,1031076474.0,13.5,23.5,20.6,21.0,21.48,0.95,16.03,197.69,8.6,6630936042.0,6630936042.0,0.0,-0.3,-17.97,87.68
251,301234,五洲医疗,114.6,7.1,7.6,25664.0,285995923.88,10.28,115.0,104.0,108.0,107.0,1.51,6.37,253.62,10.22,7792800000.0,4620445780.0,0.28,-0.35,186.5,170.92
252,002713,东易日盛,9.83,7.08,0.65,379465.0,374609725.17,11.0,10.1,9.09,9.1,9.18,3.84,7.24,-356.01,8.93,9352312959.0,5152060860.0,0.0,0.0,-5.39,9.47
253,688200,华峰测控,379.81,7.08,25.1,38375.0,1428421174.0,6.47,380.96,358.0,360.8,354.71,1.13,1.91,91.61,10.46,76265190549.0,76265190549.0,-0.28,-0.23,26.61,197.33
254,001223,欧克科技,41.36,7.07,2.73,30680.0,123800533.32,8.93,41.78,38.33,38.67,38.63,1.95,4.39,154.02,2.85,5405454208.0,2888367328.0,-0.07,0.0,-3.88,19.71
255,688166,博瑞医药,37.25,7.07,2.46,159045.0,580532259.0,7.76,37.32,34.62,34.8,34.79,1.34,3.65,137.73,5.32,16233363415.0,16233363415.0,-0.03,-0.05,-15.4,-24.04
256,300585,奥联电子,16.7,7.05,1.1,71222.0,116799610.0,9.17,16.88,15.45,15.61,15.6,1.76,4.16,-95.64,4.57,2857555554.0,2857555554.0,0.24,0.12,-5.49,-6.13
257,002059,云南旅游,6.07,7.05,0.4,1915939.0,1137642983.27,10.23,6.18,5.6,5.77,5.67,2.93,19.35,-22.05,6.46,6145479315.0,6011687003.0,0.17,0.66,32.24,12.83
258,688383,新益昌,129.47,7.02,8.49,24811.0,318684810.0,9.01,131.9,121.0,123.55,120.98,1.52,2.44,139.24,10.27,13160172355.0,13160172355.0,0.02,0.13,-18.06,65.41
259,688835,高凯技术,290.03,7.02,19.03,29798.0,863213896.0,9.38,296.98,271.57,277.48,271.0,0.88,15.86,136.54,12.99,28988703841.0,5447571134.0,0.3,0.18,372.67,372.67
260,000026,飞亚达,21.13,6.99,1.38,172773.0,359930754.0,10.08,21.58,19.59,19.62,19.75,1.93,4.74,42.65,2.54,8573793468.0,7700571115.0,0.09,-0.09,3.53,29.95
261,688207,格灵深瞳,18.4,6.98,1.2,121335.0,217285119.0,7.85,18.57,17.22,17.22,17.2,1.22,4.69,-25.08,1.93,4765105905.0,4765105905.0,-0.38,-0.22,2.74,21.05
262,603082,北自科技,46.91,6.98,3.06,71808.0,329612185.0,7.59,47.13,43.8,43.85,43.85,1.03,17.71,78.13,4.55,7813944543.0,1902524179.0,0.0,0.11,45.59,29.19
263,603031,安孚科技,42.19,6.97,2.75,158233.0,658307970.0,8.01,42.6,39.44,39.44,39.44,1.94,4.83,40.14,5.48,15772560631.0,13816790696.0,-0.05,0.0,-17.0,38.83
264,920060,万源通,23.5,6.96,1.53,49031.0,113241413.53,7.19,23.58,22.0,22.18,21.97,2.58,5.17,50.7,3.47,3573049581.0,2228370392.0,0.56,1.03,-19.44,-27.42
265,688403,汇成股份,25.52,6.96,1.66,787823.0,1941365926.0,11.53,25.77,23.02,24.26,23.86,1.17,7.93,2528.18,5.61,25343865324.0,25343865324.0,-0.27,-0.08,4.42,56.28
266,002008,大族激光,93.77,6.96,6.1,609500.0,5697514275.41,8.41,96.38,89.01,89.34,87.67,1.12,6.37,37.48,4.5,96545911568.0,89712563004.0,-0.02,0.1,-21.28,128.76
267,688037,芯源微,339.94,6.94,22.05,37697.0,1252610357.0,6.46,341.98,321.45,324.0,317.89,0.86,1.87,4253.72,24.33,68588502650.0,68588502650.0,0.13,0.03,33.02,128.96
268,688535,华海诚科,101.04,6.94,6.56,61161.0,608441254.0,6.74,101.85,95.48,96.37,94.48,1.16,4.58,182.39,6.48,14476410012.0,13492253232.0,0.0,0.24,-15.12,33.42
269,300319,麦捷科技,19.45,6.93,1.26,1164271.0,2217717674.1,5.99,19.5,18.41,18.47,18.19,1.07,13.68,57.18,3.49,17263592902.0,16557205779.0,0.0,0.15,-0.66,67.96
270,603773,沃格光电,90.05,6.91,5.82,245122.0,2208473574.0,7.52,92.65,86.32,86.32,84.23,2.19,10.91,-81.91,19.9,20232310902.0,20232310902.0,-0.02,0.07,-30.62,154.52
271,002897,意华股份,61.3,6.89,3.95,186755.0,1129057682.37,7.08,61.96,57.9,57.9,57.35,1.95,10.13,59.21,4.21,11884886665.0,11301156924.0,-0.03,0.02,-22.39,14.43
272,688392,骄成超声,172.9,6.88,11.13,36746.0,620473310.0,7.36,173.9,162.0,163.0,161.77,1.03,3.18,97.19,10.58,20010297944.0,20010297944.0,0.08,0.08,11.74,54.36
273,300266,兴源环境,2.02,6.88,0.13,636736.0,128428457.0,10.58,2.09,1.89,1.9,1.89,4.05,4.1,-15.05,-75.06,3138690774.0,3137164866.0,-0.49,0.0,-0.49,-21.4
274,002062,宏润建设,8.87,6.87,0.57,326753.0,282055779.04,8.31,8.94,8.25,8.3,8.3,1.64,2.91,49.13,2.25,10974592785.0,9976097515.0,-0.11,-0.34,14.16,-3.06
275,000523,红棉股份,3.6,6.82,0.23,1384681.0,496020011.27,10.39,3.71,3.36,3.39,3.37,1.95,7.71,43.42,3.31,6607686460.0,6461344994.0,0.0,0.28,22.03,-4.51
276,300689,澄天伟业,59.15,6.77,3.75,47319.0,272449218.3,9.51,59.99,54.72,55.7,55.4,1.6,4.65,1251.96,9.8,6837740000.0,6018153105.0,0.0,0.19,4.49,31.71
277,301319,唯特偶,97.33,6.76,6.16,98536.0,936151673.71,7.67,97.85,90.86,91.5,91.17,1.32,7.17,170.48,14.75,17759004561.0,13384647087.0,0.19,0.16,-28.78,156.88
278,003030,祖名股份,26.41,6.75,1.67,58940.0,153573561.0,6.79,26.55,24.87,24.9,24.74,1.32,7.22,-67.65,3.39,3295439800.0,2154485306.0,-0.08,0.0,10.13,31.79
279,300650,太龙股份,12.49,6.75,0.79,124396.0,154267343.66,7.86,12.6,11.68,11.76,11.7,2.17,7.3,124.06,2.12,3015119373.0,2127613309.0,0.08,0.16,2.55,-24.49
280,000510,新金路,17.08,6.75,1.08,592378.0,994093120.1,9.81,17.28,15.71,15.95,16.0,1.53,9.76,-74.77,10.98,11077124500.0,10367334407.0,0.0,-0.06,-11.82,47.5
281,002913,奥士康,65.11,6.74,4.11,91462.0,584801026.63,5.74,65.5,62.0,62.01,61.0,1.59,2.99,124.99,4.7,20663342415.0,19887128342.0,0.0,-0.06,16.94,53.42
282,301108,洁雅股份,41.2,6.74,2.6,25146.0,101306220.3,8.42,41.2,37.95,38.6,38.6,1.17,3.88,55.65,2.44,4637317582.0,2671107858.0,0.12,0.19,71.31,24.43
283,688090,瑞松科技,71.5,6.73,4.51,100879.0,711598670.0,7.46,71.88,66.88,68.12,66.99,1.27,6.36,135.61,12.08,11348656248.0,11348656248.0,0.0,-0.04,-9.38,109.31
284,600601,方正科技,13.97,6.72,0.88,3927835.0,5382320782.0,6.26,14.09,13.27,13.58,13.09,1.96,9.42,52.05,11.38,59704188131.0,58258997219.0,0.0,0.07,8.38,19.2
285,301566,达利凯普,25.25,6.72,1.59,191918.0,474742988.09,7.19,25.35,23.65,23.83,23.66,1.17,8.89,42.42,6.35,10100252500.0,5451723511.0,0.0,0.2,-17.29,30.15
286,600313,农发种业,7.8,6.7,0.49,1577969.0,1202243393.0,6.29,7.8,7.34,7.34,7.31,1.17,14.58,86.19,3.71,9058716958.0,8441149571.0,0.13,0.39,32.43,21.31
287,688825,长鑫科技,58.47,6.7,3.67,3538398.0,20492700668.0,4.51,58.97,56.5,56.51,54.8,1.43,7.86,25.57,20.63,3969183273032.0,263292688634.0,-0.02,0.12,575.17,575.17
288,002855,捷荣技术,19.15,6.69,1.2,355329.0,666157174.29,8.58,19.66,18.12,19.22,17.95,0.91,14.43,-60.75,25.49,4718936910.0,4715251493.0,0.47,0.31,83.6,16.91
289,300400,劲拓股份,35.07,6.69,2.2,204706.0,703027558.72,8.49,35.58,32.79,33.05,32.87,1.51,8.44,74.27,11.51,8533197330.0,8504738025.0,0.03,0.17,-10.7,80.87
290,688181,八亿时空,39.1,6.68,2.45,93591.0,353321686.0,8.38,39.55,36.48,37.5,36.65,1.49,7.04,59.52,2.5,5201467565.0,5201467565.0,-0.1,-0.36,-7.02,21.66
291,688378,奥来德,44.9,6.68,2.81,93882.0,413799393.0,7.75,45.26,42.0,42.95,42.09,0.83,3.77,33.38,5.59,11737989864.0,11192638639.0,-0.04,-0.07,3.46,65.68
292,002384,东山精密,190.55,6.65,11.88,731792.0,13688993797.13,5.09,191.22,182.13,185.01,178.67,1.51,5.28,59.02,14.32,349012815223.0,264163604318.0,0.0,0.07,-12.41,125.1
293,002856,*ST美芝,21.7,6.63,1.35,110290.0,240343130.88,6.78,22.39,21.01,22.39,20.35,1.73,8.9,-48.86,-39.53,2936287934.0,2688726413.0,0.18,0.0,-10.7,83.74
294,688686,奥普特,152.18,6.62,9.45,25309.0,386811750.0,9.01,157.42,144.56,144.56,142.73,1.09,2.07,54.55,5.88,18601791542.0,18601791542.0,0.0,0.04,22.23,23.12
295,920087,秋乐种业,20.28,6.62,1.26,229353.0,463741474.71,10.52,21.0,19.0,19.0,19.02,0.85,13.98,-156.44,6.36,3350256000.0,3326855415.0,0.4,1.0,79.15,27.71
296,600162,香江控股,5.0,6.61,0.31,1833259.0,894784858.0,7.89,5.03,4.66,4.71,4.69,0.69,5.61,-489.86,2.85,16342190610.0,16342190610.0,0.0,0.2,44.09,170.27
297,002771,真视通,14.83,6.61,0.92,141695.0,205313703.0,7.12,14.88,13.89,13.9,13.91,1.1,7.85,-62.2,5.36,3110801603.0,2678184625.0,-0.13,0.14,1.71,-1.98
298,601208,东材科技,49.18,6.61,3.05,650277.0,3175505808.0,6.37,49.74,46.8,47.26,46.13,1.07,6.44,79.69,8.05,49680797137.0,49680797137.0,-0.04,-0.04,-19.39,82.55
299,000988,华工科技,101.91,6.6,6.31,491754.0,4915324371.27,5.67,102.08,96.66,97.32,95.6,1.55,4.89,43.2,8.57,102470780870.0,102418088305.0,0.0,0.01,-32.51,28.87
300,688170,德龙激光,65.98,6.59,4.08,142833.0,927385455.0,6.95,66.8,62.5,64.0,61.9,2.15,13.82,-89.32,5.59,6819692800.0,6819692800.0,-0.03,0.2,-2.54,109.73
301,605358,立昂微,42.79,6.58,2.64,375206.0,1579628687.0,7.45,43.3,40.31,40.95,40.15,1.52,4.86,196.75,3.08,33042411171.0,33042411171.0,0.02,0.02,-35.12,23.42
302,000430,张家界,8.15,6.54,0.5,566373.0,455129446.48,11.76,8.42,7.52,7.52,7.65,2.07,15.28,10.7,3.63,6598528282.0,3020035361.0,0.0,0.25,1.88,5.03
303,603655,朗博科技,31.15,6.5,1.9,26180.0,80841867.0,9.09,31.83,29.17,29.35,29.25,2.01,2.47,87.46,5.89,3301900000.0,3301900000.0,-0.16,-0.38,-5.2,-25.03
304,688332,中科蓝讯,98.53,6.42,5.94,84727.0,825334597.0,7.87,99.88,92.59,92.9,92.59,1.67,4.75,18.33,3.09,17586160156.0,17586160156.0,0.05,-0.07,-2.83,12.77
305,301626,苏州天脉,268.0,6.4,16.11,29678.0,786042172.19,6.75,269.99,253.0,255.5,251.89,1.56,5.64,810.69,19.28,31002240000.0,14101891464.0,0.0,-0.02,-8.13,44.01
306,300604,长川科技,270.5,6.4,16.27,172184.0,4598300639.29,6.22,272.9,257.08,259.0,254.23,0.9,3.52,90.61,20.02,174629983477.0,132403849043.0,0.01,0.01,21.24,167.27
307,002730,电光科技,24.29,6.4,1.46,141684.0,342994324.4,7.8,24.76,22.98,22.98,22.83,2.01,4.09,113.88,5.39,8794920285.0,8405065785.0,0.0,0.12,-12.85,62.58
308,000608,阳光股份,7.83,6.39,0.47,468948.0,361614672.96,9.1,7.92,7.25,7.28,7.36,1.6,8.13,-56.54,2.9,5871821209.0,4516730089.0,0.0,0.13,21.58,197.72
309,688502,茂莱光学,432.45,6.38,25.95,15900.0,674931786.0,6.97,434.85,406.5,410.0,406.5,1.3,3.01,-850.97,19.27,22833728447.0,22833728447.0,0.0,0.09,-6.94,8.45
310,300476,胜宏科技,233.46,6.36,13.96,319768.0,7368250180.54,5.55,235.38,223.2,224.83,219.5,1.35,3.7,40.16,6.05,229440942443.0,201988411860.0,0.0,0.02,-28.65,-18.25
311,603203,快克智能,43.59,6.32,2.59,96929.0,418177450.0,6.76,44.07,41.3,41.98,41.0,1.28,2.97,47.49,9.8,14385207954.0,14220585786.0,-0.02,0.05,-19.43,56.91
312,688208,道通科技,27.3,6.31,1.62,157834.0,417508410.0,9.27,27.65,25.27,25.71,25.68,2.48,2.36,21.09,4.89,18296089020.0,18296089020.0,0.26,0.55,1.22,-24.79
313,002742,冀衡医药,4.55,6.31,0.27,893043.0,404412461.45,3.27,4.58,4.44,4.44,4.28,0.9,17.05,-77.28,21.0,3112664287.0,2383841110.0,-0.22,-0.22,9.11,0.66
314,301095,广立微,74.62,6.31,4.43,93363.0,687641282.15,5.96,75.16,70.98,72.0,70.19,1.62,5.35,214.87,4.76,14944974787.0,13021491092.0,-0.01,-0.04,-20.53,4.35
315,300566,激智科技,25.92,6.27,1.53,204004.0,521719892.87,6.36,26.02,24.47,24.5,24.39,1.07,9.0,29.43,2.7,6793751828.0,5875556772.0,0.0,0.19,-19.65,42.81
316,688485,九州一轨,101.45,6.26,5.98,83774.0,831764843.0,9.78,102.63,93.29,96.0,95.47,1.04,5.57,-413.43,12.33,15247129690.0,15247129690.0,0.2,0.1,107.89,468.67
317,301045,天禄科技,65.2,6.26,3.84,29706.0,191554180.36,6.75,66.14,62.0,62.0,61.36,1.11,3.28,290.2,6.99,7192756942.0,5913824320.0,0.0,0.2,23.02,146.69
318,600482,中国动力,35.04,6.25,2.06,300268.0,1019177538.0,7.37,35.08,32.65,33.07,32.98,1.38,1.32,30.29,1.93,79479352735.0,79479352735.0,-0.03,0.2,12.96,70.93
319,301016,雷尔伟,14.74,6.2,0.86,76403.0,112391261.9,10.81,15.27,13.77,13.77,13.88,1.22,2.6,88.67,4.39,4516469043.0,4330965288.0,0.0,0.07,3.58,-7.99
320,605178,时空科技,69.15,6.2,4.04,50665.0,345928075.0,7.25,69.98,65.26,66.0,65.11,1.63,5.11,-119.82,6.43,6851382000.0,6851382000.0,0.0,0.49,11.35,33.52
321,300776,帝尔激光,113.4,6.17,6.59,81947.0,923381259.83,8.87,116.33,106.86,108.73,106.81,1.5,4.57,52.88,6.56,32345587310.0,20334010851.0,0.06,0.07,-15.32,83.64
322,301680,固德电材,99.59,6.17,5.79,26160.0,255972741.94,10.44,100.8,91.01,91.06,93.8,2.91,14.76,41.78,4.57,8246052000.0,1765319095.0,0.0,0.57,-15.39,73.05
323,000504,南华生物,8.6,6.17,0.5,110853.0,94495834.08,8.02,8.74,8.09,8.14,8.1,2.79,3.37,236.8,10.44,2838198643.0,2830452623.0,0.0,-0.12,1.42,-3.91
324,603895,天永智能,28.37,6.14,1.64,21922.0,61116197.0,8.31,28.87,26.65,26.68,26.73,1.54,2.03,199.58,14.76,3066229600.0,3066229600.0,0.0,0.04,-5.59,-2.71
325,688757,胜科纳米,29.95,6.13,1.73,106820.0,314851367.0,8.4,30.3,27.93,28.78,28.22,1.54,5.89,326.18,13.65,12079179006.0,5427549393.0,0.03,0.1,-29.1,14.1
326,688337,普源精电,42.61,6.13,2.46,43046.0,180180653.0,6.87,42.86,40.1,40.65,40.15,1.44,2.31,125.42,2.99,9317810650.0,7928815708.0,-0.26,-0.07,-33.49,16.77
327,002086,东方海洋,2.25,6.13,0.13,1356600.0,302843553.01,8.49,2.32,2.14,2.15,2.12,2.34,8.58,-45.67,3.58,4407629625.0,3557185358.0,-0.44,-0.44,23.63,-2.6
328,301305,朗坤科技,25.88,6.11,1.49,125023.0,319432749.34,8.12,26.38,24.4,24.6,24.39,2.8,10.05,16.33,1.59,6261945608.0,3218218218.0,-0.12,-0.19,-9.07,16.21
329,300842,帝科股份,65.56,6.1,3.77,77500.0,504421429.46,7.43,66.49,61.9,62.03,61.79,1.37,6.0,128.48,5.8,9524539951.0,8474773366.0,0.02,0.18,-13.47,10.61
330,003031,中瓷电子,120.72,6.1,6.94,92667.0,1103397704.57,6.02,121.85,115.0,115.37,113.78,1.08,2.72,67.6,8.55,54451101138.0,41063716341.0,0.03,-0.03,-16.17,66.01
331,300977,深圳瑞捷,19.51,6.09,1.12,38301.0,73689480.58,9.24,19.81,18.11,18.43,18.39,0.72,4.04,228.68,2.16,2969943444.0,1849585713.0,-0.05,0.05,16.55,14.5
332,002970,锐明技术,51.45,6.08,2.95,111401.0,554729849.64,6.91,51.59,48.24,49.34,48.5,2.25,8.47,42.76,4.31,9494215287.0,6768003576.0,0.0,0.02,-17.02,7.41
333,603313,梦百合,6.82,6.07,0.39,378634.0,254608289.0,8.71,6.95,6.39,6.43,6.43,1.18,6.64,367.22,1.14,3891402556.0,3891402556.0,0.29,0.0,28.44,-23.37
334,300939,秋田微,69.01,6.07,3.95,43863.0,297625100.24,7.89,69.9,64.77,64.77,65.06,1.72,3.66,120.03,5.72,8281200000.0,8281200000.0,0.12,0.25,32.41,101.31
335,301217,铜冠铜箔,106.99,6.07,6.12,328864.0,3490772240.94,7.29,108.85,101.5,102.58,100.87,1.01,3.97,206.39,15.81,88696373053.0,88696373053.0,0.02,0.02,-24.55,212.11
336,301489,思泉新材,138.91,6.04,7.91,142109.0,1907274310.09,9.19,139.77,127.73,131.0,131.0,1.57,20.42,240.3,10.49,16154347310.0,9665464344.0,-0.04,-0.1,-3.66,-2.2
337,002222,福晶科技,68.29,6.04,3.89,211967.0,1425144309.25,6.35,68.58,64.49,65.29,64.4,1.13,4.53,88.89,16.93,32113372500.0,31970080549.0,-0.12,-0.28,-24.36,21.43
338,002561,徐家汇,7.72,6.04,0.44,220430.0,168068061.28,8.65,7.88,7.25,7.28,7.28,3.8,5.32,-64.29,1.5,3209690360.0,3199473457.0,0.0,0.0,10.76,-12.07
339,300538,同益股份,15.32,6.02,0.87,111166.0,173515768.3,12.04,16.16,14.42,14.42,14.45,2.53,9.08,-222.53,3.14,2786992538.0,1876197090.0,-0.33,-0.2,-8.15,-4.61
340,688618,三旺通信,30.65,6.02,1.74,24871.0,75464657.0,7.4,31.15,29.01,29.01,28.91,1.53,2.26,-4419.01,4.17,3372966541.0,3372966541.0,-0.03,-0.03,-0.84,15.66
341,300408,三环集团,114.92,6.01,6.52,565058.0,6399192824.07,5.12,115.55,110.0,110.35,108.4,1.42,3.02,59.38,10.13,229462898179.0,214878130458.0,0.01,-0.03,-9.15,153.69
342,301321,翰博高新,44.14,5.98,2.49,81523.0,359763225.6,7.54,45.0,41.86,43.42,41.65,1.33,5.52,204.61,7.81,8229240900.0,6515678164.0,0.09,-0.05,31.76,131.71
343,301041,金百泽,30.6,5.96,1.72,54032.0,162666106.49,5.82,30.68,29.0,29.0,28.88,1.17,6.84,146.14,4.75,3264408000.0,2417486873.0,-0.23,-0.13,-6.59,12.71
344,301021,英诺激光,73.99,5.96,4.16,81005.0,588516824.32,6.8,74.35,69.6,70.34,69.83,0.95,5.31,160.89,10.75,11310846935.0,11297333179.0,-0.01,-0.05,-16.36,52.4
345,688102,斯瑞新材,32.48,5.94,1.82,167443.0,530254397.0,7.31,32.65,30.41,30.59,30.66,1.73,2.15,132.05,12.28,25369316227.0,25295661364.0,-0.22,-0.22,-21.83,-15.99
346,603322,超讯科技,28.76,5.89,1.6,96168.0,270302325.0,7.66,28.93,26.85,27.25,27.16,1.85,6.1,43.81,14.44,4532196253.0,4532196253.0,0.07,-0.14,2.68,-25.03
347,600353,旭光电子,33.09,5.89,1.84,584802.0,1920350957.0,6.88,33.66,31.51,31.9,31.25,0.96,7.06,192.43,14.36,27425361251.0,27425361251.0,0.0,0.03,15.34,106.17
348,605218,伟时电子,14.92,5.89,0.83,58413.0,85943941.0,6.74,15.08,14.13,14.15,14.09,1.22,2.41,-35.03,2.08,3622795637.0,3622795637.0,0.13,0.2,-12.34,-19.05
349,603536,惠发食品,10.63,5.88,0.59,242963.0,257801664.0,7.97,11.04,10.24,10.5,10.04,4.18,10.1,351.97,7.23,2556857924.0,2556857924.0,-0.56,-0.37,18.64,-4.41
350,300870,欧陆通,216.25,5.87,11.99,74124.0,1578902322.52,6.76,218.68,204.88,209.0,204.26,0.95,4.86,2041.3,12.72,33009165958.0,33005532958.0,0.02,-0.06,-21.04,37.18
351,605006,山东玻纤,15.53,5.86,0.86,650404.0,999350220.0,8.18,15.86,14.66,14.84,14.67,1.07,9.95,173.64,3.19,10150428251.0,10150428251.0,0.0,0.06,-24.58,112.74
352,603052,可川科技,58.3,5.85,3.22,47388.0,272896363.0,6.55,59.15,55.54,55.99,55.08,1.18,2.52,-193.67,10.45,10954411541.0,10954411541.0,-0.12,0.0,-29.36,84.79
353,002006,精工科技,14.29,5.85,0.79,201777.0,285522764.08,7.19,14.47,13.5,13.51,13.5,3.64,3.88,29.94,3.0,7426276615.0,7426276615.0,0.0,0.0,-2.72,-37.76
354,600814,杭州解百,7.62,5.83,0.42,366661.0,273900772.0,10.14,7.84,7.11,7.11,7.2,2.71,4.99,18.47,1.46,5601298917.0,5601298917.0,0.0,0.0,11.4,-4.99
355,603120,肯特催化,48.38,5.82,2.66,31954.0,152906864.0,6.8,48.81,45.7,45.8,45.72,2.32,8.43,53.15,3.6,4373552000.0,1833602000.0,0.0,0.08,-16.36,25.66
356,002080,中材科技,50.2,5.82,2.76,433590.0,2153615842.38,6.09,50.69,47.8,48.47,47.44,1.13,2.58,34.88,4.13,84241803917.0,84241803917.0,0.02,0.04,-18.93,39.79
357,688503,聚和材料,67.8,5.82,3.73,130043.0,873129803.0,6.45,68.6,64.47,65.32,64.07,0.91,5.37,-94.86,3.41,16409880995.0,16409880995.0,-0.06,-0.03,-24.16,11.9
358,603880,南卫股份,10.23,5.79,0.56,128611.0,127453860.0,8.58,10.27,9.44,9.68,9.67,1.06,4.45,-83.1,18.55,2956899660.0,2956899660.0,-0.2,-0.29,34.96,64.21
359,603306,华懋科技,75.71,5.78,4.14,104885.0,783356221.0,6.32,76.35,71.83,72.55,71.57,1.2,3.18,535.65,7.01,24946119220.0,24946119220.0,0.01,0.05,-24.97,20.31
360,600737,中粮糖业,16.51,5.77,0.9,1472410.0,2420438942.0,8.65,17.17,15.82,15.97,15.61,1.5,6.88,29.02,3.15,35312384244.0,35312384244.0,-0.06,0.43,26.8,-2.13
361,688328,深科达,79.75,5.77,4.35,77969.0,623464462.0,6.34,81.66,76.88,77.98,75.4,1.35,8.25,61.3,8.58,7532889526.0,7532889526.0,-0.1,-0.13,19.03,174.81
362,301630,同宇新材,190.41,5.77,10.39,18163.0,341273020.33,5.83,191.51,181.01,184.0,180.02,0.86,8.66,44.82,6.13,10662960000.0,3994744677.0,0.06,0.01,-3.7,58.68
363,301307,美利信,58.93,5.76,3.21,103052.0,599003319.93,6.07,59.38,56.0,56.78,55.72,0.91,9.44,-37.48,5.34,12410658000.0,6436149854.0,-0.27,0.08,0.37,70.42
364,002652,扬子新材,4.41,5.76,0.24,296304.0,128648529.2,9.59,4.51,4.11,4.17,4.17,2.31,5.79,-254.88,9.67,2258202240.0,2258202240.0,-0.23,-0.23,-8.88,11.65
365,002796,世嘉科技,30.09,5.76,1.64,153360.0,455204440.93,7.31,30.54,28.46,28.46,28.45,1.21,6.74,-93.29,9.13,7593721465.0,6851604423.0,-0.1,-0.2,-22.71,8.51
366,688786,悦安新材,26.53,5.74,1.44,50899.0,132859869.0,5.74,26.65,25.21,25.6,25.09,1.28,2.94,63.15,5.73,4598191804.0,4598191804.0,0.19,0.04,-31.07,13.67
367,601869,长飞光纤,400.51,5.73,21.71,124725.0,4912282839.0,5.44,404.0,383.38,390.0,378.8,1.06,3.07,56.69,20.57,331584274805.0,162742558140.0,0.0,-0.12,-8.18,245.06
368,688028,沃尔德,103.1,5.72,5.58,100206.0,1022853640.0,9.02,105.8,97.0,97.0,97.52,1.18,6.64,133.16,7.61,15562841900.0,15562841900.0,0.0,-0.21,1.4,60.07
369,688141,杰华特,120.52,5.72,6.52,98622.0,1180476336.0,6.03,121.87,115.0,116.2,114.0,0.96,2.19,-52.19,49.79,54272760317.0,54272760317.0,0.02,-0.16,2.74,177.5
370,002899,英派斯,19.82,5.71,1.07,56240.0,110485484.06,6.03,19.92,18.79,19.1,18.75,1.23,3.81,62.36,1.69,2929336064.0,2929336064.0,-0.05,0.05,-19.04,-27.37
371,300094,国联水产,3.33,5.71,0.18,1365005.0,452350980.57,7.62,3.39,3.15,3.2,3.15,1.51,12.35,187.11,37.89,3756796952.0,3681359619.0,-0.3,-0.3,18.51,-6.46
372,301316,慧博云通,38.47,5.69,2.07,123453.0,463888757.4,5.85,38.48,36.35,36.77,36.4,1.33,3.16,398.83,14.28,15526530470.0,15051286593.0,0.16,0.6,9.45,-13.71
373,688060,云涌科技,37.92,5.69,2.04,7893.0,29602927.0,7.02,38.6,36.08,36.21,35.88,2.32,1.31,-59.6,2.6,2282432406.0,2282432406.0,-0.03,-0.24,2.93,-10.42
374,300873,海晨股份,16.35,5.69,0.88,143895.0,235966688.04,7.89,16.79,15.57,15.61,15.47,1.66,6.15,160.3,1.66,5268740576.0,3824722767.0,0.25,0.06,0.18,5.55
375,301150,中一科技,38.16,5.68,2.05,174848.0,659328011.58,6.37,38.46,36.16,36.7,36.11,1.12,5.75,37.1,3.32,12360172710.0,11594496469.0,0.03,0.1,-17.22,27.03
376,603112,华翔股份,17.34,5.67,0.93,158871.0,270493331.0,6.89,17.48,16.35,16.5,16.41,0.87,2.97,17.89,2.07,9362930693.0,9270077421.0,0.0,0.0,-5.04,1.05
377,300816,艾可蓝,67.63,5.67,3.63,60578.0,405088732.0,9.72,69.18,62.96,64.88,64.0,0.97,10.38,69.06,5.54,5410400000.0,3947247538.0,0.06,0.19,-13.91,40.72
378,603030,全筑股份,2.24,5.66,0.12,918379.0,206159665.0,9.91,2.33,2.12,2.13,2.12,3.1,6.97,-453.7,4.24,2949931085.0,2949931085.0,0.45,0.9,0.0,-24.32
379,603289,泰瑞机器,9.53,5.65,0.51,92851.0,86909238.0,6.43,9.56,8.98,9.07,9.02,2.28,3.16,153.94,1.93,2796081739.0,2796081739.0,0.11,0.0,6.12,-4.41
380,688668,鼎通科技,265.6,5.64,14.17,41204.0,1085497618.0,7.29,271.0,252.68,252.98,251.43,0.86,2.96,100.65,17.62,36990272954.0,36990272954.0,0.03,-0.05,-37.24,114.89
381,600186,莲花控股,12.55,5.64,0.67,2990127.0,3675668000.0,10.94,12.72,11.42,11.69,11.88,1.11,16.71,46.18,11.16,22499196245.0,22453685552.0,0.0,0.24,8.47,109.87
382,002428,云南锗业,92.0,5.64,4.91,525302.0,4761641386.27,4.99,92.55,88.2,88.78,87.09,1.15,8.04,404.52,39.15,60087040000.0,60076690000.0,0.0,0.0,-0.27,189.86
383,920125,鸿仕达,135.26,5.63,7.21,21674.0,292168654.04,7.83,139.5,129.48,129.55,128.05,1.06,9.47,158.55,10.76,7596201600.0,3097253680.0,-0.1,0.01,-20.91,716.29
384,600359,新农开发,7.88,5.63,0.42,429422.0,337212480.0,9.12,8.18,7.5,7.51,7.46,0.98,11.26,80.94,4.49,3006321022.0,3006321022.0,0.13,-0.13,22.36,10.21
385,688195,腾景科技,204.0,5.62,10.85,162491.0,3248829360.0,7.37,207.5,193.26,197.0,193.15,1.18,8.97,368.82,35.45,36942360000.0,36942360000.0,0.25,0.2,7.4,68.61
386,688479,友车科技,37.39,5.62,1.99,36743.0,134998420.0,4.58,37.49,35.87,36.01,35.4,0.95,4.25,322.67,4.07,7527517820.0,3235145820.0,0.0,0.08,22.07,180.92
387,002886,沃特股份,26.52,5.62,1.41,549023.0,1419866499.77,8.6,26.77,24.61,25.45,25.11,0.94,26.26,127.26,3.77,6980158544.0,5544752909.0,0.0,0.11,-3.21,22.49
388,301127,武汉天源,18.32,5.59,0.97,267050.0,479381507.82,6.46,18.49,17.37,17.8,17.35,0.8,4.08,80.17,3.59,12349146772.0,11989105754.0,-0.22,0.0,50.04,20.92
389,688167,炬光科技,316.2,5.58,16.7,113446.0,3545268650.0,4.31,318.18,305.27,307.58,299.5,1.16,8.72,-306.04,18.1,41149942630.0,41149942630.0,0.07,0.09,-4.72,161.89
390,300517,海波重科,11.74,5.58,0.62,84664.0,98417323.2,10.07,12.0,10.88,11.17,11.12,1.88,6.71,-151.35,2.32,2352900863.0,1481973659.0,-0.17,0.34,17.4,7.12
391,002696,百洋股份,7.03,5.56,0.37,360469.0,249634965.1,6.91,7.12,6.66,6.66,6.66,0.95,10.78,-14.72,1.9,2430652251.0,2349840194.0,0.14,0.14,27.36,0.14
392,603179,新泉股份,41.64,5.55,2.19,349743.0,1459905607.0,7.17,43.0,40.17,40.58,39.45,1.4,4.9,36.96,3.76,30612006186.0,29739231786.0,-0.29,0.31,-14.11,-20.78
393,688059,华锐精密,89.33,5.55,4.7,60570.0,537211087.0,7.99,91.41,84.65,84.8,84.63,1.42,4.62,26.29,5.75,12504545162.0,11703122585.0,0.08,0.1,-30.64,61.36
394,600975,新五丰,5.9,5.55,0.31,1218274.0,710589886.0,9.3,6.14,5.62,5.7,5.59,5.25,9.75,-5.01,5.17,7373004266.0,7373004266.0,0.0,-0.17,24.21,0.17
395,688530,欧莱新材,56.89,5.55,2.99,69241.0,389197752.0,5.16,57.44,54.66,54.66,53.9,1.0,9.92,65.57,10.4,9104950037.0,3969713884.0,0.05,0.05,0.37,246.05
396,603738,泰晶科技,36.2,5.54,1.9,239047.0,851291853.0,4.72,36.28,34.66,34.86,34.3,0.89,6.19,137.81,7.58,13969127210.0,13969127210.0,0.03,0.0,-29.98,131.01
397,001222,源飞宠物,16.99,5.53,0.89,202518.0,338957522.94,7.7,17.47,16.23,16.67,16.1,3.95,17.92,40.63,2.27,3243221100.0,1919847658.0,0.59,0.71,13.57,-28.19
398,603328,依顿电子,11.06,5.53,0.58,248581.0,272196550.0,5.82,11.12,10.51,10.51,10.48,2.12,2.49,51.23,2.62,11042775278.0,11042775278.0,-0.18,-0.09,-16.28,2.5
399,300736,百邦科技,34.13,5.53,1.79,82805.0,280175634.0,7.73,35.09,32.59,32.71,32.34,1.33,6.63,-319.08,68.58,4366398478.0,4262422321.0,0.03,0.29,19.5,120.05
400,920564,天润科技,15.3,5.52,0.8,38026.0,57841493.19,11.17,15.99,14.37,14.4,14.5,1.19,7.73,-20.79,5.82,1635942479.0,752589191.0,0.79,1.53,-15.93,-19.13
401,688188,柏楚电子,101.3,5.52,5.3,42668.0,435396112.0,5.1,104.41,99.51,101.8,96.0,2.29,1.05,26.1,6.48,41082958846.0,41082958846.0,-0.07,0.07,-8.18,5.86
402,300936,中英科技,77.78,5.51,4.06,40894.0,315847504.14,6.5,78.69,73.9,73.9,73.72,0.77,8.58,-818.45,5.82,5849056000.0,3705244750.0,0.12,0.1,-28.91,99.44
403,301106,骏成科技,19.98,5.49,1.04,77502.0,153734012.28,6.23,20.18,19.0,19.11,18.94,1.2,5.42,147.44,2.26,2856356165.0,2856356165.0,0.4,0.4,3.2,-4.9
404,300943,春晖智控,37.45,5.49,1.95,185173.0,689451921.42,5.35,38.2,36.3,37.18,35.5,1.49,13.78,135.39,7.53,7633059000.0,5031043748.0,0.08,0.4,20.53,81.36
405,603115,海星股份,81.94,5.48,4.26,106858.0,864618423.0,9.24,84.48,77.3,77.69,77.68,0.86,4.37,96.13,9.49,20041098244.0,20041098244.0,-0.01,0.01,-8.47,352.46
406,301379,天山电子,21.16,5.48,1.1,149230.0,312673878.1,5.98,21.4,20.2,20.22,20.06,1.57,6.82,87.37,4.06,5871513153.0,4627262494.0,-0.05,-0.09,-10.15,15.06
407,002041,登海种业,11.58,5.46,0.6,800092.0,911108594.54,5.28,11.58,11.0,11.11,10.98,1.05,9.09,102.9,2.75,10190400000.0,10190400000.0,0.0,0.43,33.1,21.38
408,301377,鼎泰高科,396.76,5.46,20.55,27785.0,1093484031.44,6.0,399.6,377.01,382.99,376.21,0.92,2.81,123.87,53.87,168244068014.0,39224064174.0,0.0,-0.01,-15.82,186.26
409,301025,读客文化,10.26,5.45,0.53,267057.0,268757592.24,9.87,10.59,9.63,9.73,9.73,1.98,9.64,187.79,6.56,4107174444.0,2843566592.0,0.88,1.28,13.5,5.12
410,688022,ST瀚川,9.49,5.44,0.49,44471.0,41725565.0,3.78,9.52,9.18,9.22,9.0,3.3,2.53,156.75,2.51,1669085295.0,1669085295.0,0.0,0.32,17.74,-37.97
411,688017,绿的谐波,294.96,5.42,15.16,94809.0,2775275237.0,7.84,299.93,278.0,280.32,279.8,1.63,5.17,385.65,14.99,54075053670.0,54075053670.0,0.04,0.0,-15.92,53.71
412,000700,模塑科技,11.7,5.41,0.6,715407.0,837807095.62,8.02,11.99,11.1,11.1,11.1,1.7,7.79,17.05,2.59,10740780051.0,10740780051.0,0.17,0.09,-18.75,-16.73
413,688545,兴福电子,75.36,5.4,3.86,84407.0,627343164.0,5.12,75.7,72.04,72.6,71.5,0.96,4.63,110.19,9.13,27129600000.0,13734360000.0,0.12,-0.36,-30.22,102.31
414,300004,南风股份,9.18,5.4,0.47,425050.0,387591325.95,8.38,9.44,8.71,8.71,8.71,1.23,8.86,-299.82,2.49,4406341230.0,4406341230.0,0.0,0.22,-21.4,-25.06
415,600479,千金药业,13.86,5.4,0.71,1083529.0,1494441366.0,13.31,14.46,12.71,12.9,13.15,0.94,25.89,18.86,2.26,6822030822.0,5800508642.0,0.29,-0.79,46.36,41.72
416,688008,澜起科技,197.82,5.39,10.12,381599.0,7472378902.0,3.14,198.6,192.71,194.88,187.7,1.25,3.33,60.44,11.22,241446831314.0,226457317544.0,-0.02,-0.06,-11.88,68.49
417,603657,春光科技,26.61,5.39,1.36,25521.0,66034294.0,6.06,26.79,25.26,25.26,25.25,0.73,1.89,-22.63,4.24,3597407231.0,3597407231.0,0.0,0.76,16.05,-10.7
418,688150,莱特光电,38.79,5.38,1.98,78651.0,303034853.0,6.93,39.13,36.58,37.58,36.81,1.04,1.95,70.94,7.21,15610553922.0,15610553922.0,-0.28,-0.08,-16.33,44.15
419,001288,运机集团,30.28,5.36,1.54,68204.0,203218483.64,5.98,30.48,28.76,28.76,28.74,0.89,4.49,93.84,3.1,7078369469.0,4598713744.0,0.43,-0.23,24.4,-4.63
420,603700,宁水集团,12.24,5.34,0.62,93545.0,113256913.0,6.11,12.33,11.62,11.65,11.62,1.59,4.68,44.21,1.53,2447534072.0,2447534072.0,0.0,-0.16,17.69,-7.9
421,002636,金安国纪,68.05,5.32,3.44,504541.0,3394533399.59,6.39,68.84,64.71,66.0,64.61,0.87,6.96,32.34,11.56,49540400000.0,49352348112.0,0.0,0.0,-24.29,310.19
422,301200,大族数控,267.9,5.31,13.5,30435.0,810040082.08,5.96,271.94,256.79,256.84,254.4,1.21,0.72,68.46,10.87,131005173814.0,113921279757.0,0.03,0.0,-3.29,126.71
423,002985,北摩高科,29.18,5.3,1.47,113902.0,327552779.94,6.13,29.25,27.55,27.71,27.71,2.35,3.44,48.16,3.52,9683488048.0,9659220238.0,-0.1,0.03,-2.7,-7.66
424,002788,鹭燕医药,11.54,5.29,0.58,221006.0,253582486.09,7.76,11.8,10.95,10.96,10.96,2.67,5.79,15.68,1.35,4483483133.0,4406571399.0,-0.09,0.0,6.07,-44.6
425,688429,时创能源,10.55,5.29,0.53,23895.0,24624373.0,6.29,10.59,9.96,10.22,10.02,1.18,0.6,-7.48,3.73,4220008440.0,4220008440.0,-0.19,0.38,-3.21,-19.4
426,301310,鑫宏业,58.01,5.28,2.91,114738.0,641605430.93,15.59,59.69,51.1,56.08,55.1,1.64,11.76,97.66,4.71,11077520916.0,5658290991.0,-0.15,-0.14,90.51,89.95
427,301171,易点天下,40.3,5.28,2.02,1351091.0,5272429768.69,7.89,40.35,37.33,38.57,38.28,1.44,26.92,158.87,6.54,24926395978.0,20225951838.0,0.15,0.4,14.81,29.42
428,301413,安培龙,60.3,5.27,3.02,44732.0,267352440.86,7.0,60.86,56.85,57.28,57.28,1.64,5.86,1183.03,4.67,8284740736.0,4605410028.0,0.0,-0.02,-27.63,-41.72
429,300892,品渥食品,24.83,5.26,1.24,38006.0,93211429.14,5.47,24.88,23.59,23.6,23.59,1.39,5.76,-276.97,2.43,2483000000.0,1637724526.0,0.0,0.04,12.86,-17.97
430,301128,强瑞技术,123.31,5.26,6.16,78335.0,948980506.06,6.23,124.3,117.0,117.36,117.15,0.75,6.15,103.69,18.61,17857480205.0,15708384818.0,0.01,0.01,-24.76,72.44
431,000880,潍柴重机,25.57,5.23,1.27,251773.0,632124397.69,6.01,25.6,24.14,24.21,24.3,2.17,11.09,33.99,5.46,11860614839.0,5805075276.0,0.0,0.04,4.88,-5.99
432,300223,君正股份,133.8,5.22,6.64,236617.0,3135233789.88,2.9,133.99,130.3,130.96,127.16,1.15,5.59,28.77,5.07,68900533045.0,56588498018.0,0.0,0.05,-8.1,26.36
433,920786,骑士乳业,8.69,5.21,0.43,195584.0,166941105.15,4.72,8.69,8.3,8.52,8.26,1.08,14.17,23.13,2.34,1816670570.0,1199667144.0,0.23,0.23,24.32,-10.78
434,603123,翠微股份,11.76,5.19,0.58,1264194.0,1461587197.0,12.97,12.29,10.84,11.41,11.18,2.3,19.38,-65.19,5.92,9393143180.0,7670765160.0,-0.08,0.0,28.81,-30.04
435,300179,四方达,38.59,5.18,1.9,636665.0,2399391648.27,11.2,38.91,34.8,36.18,36.69,1.26,16.95,119.88,16.14,18744086459.0,14496203645.0,0.18,0.23,-2.82,160.39
436,300752,隆利科技,11.59,5.17,0.57,86143.0,98087735.66,5.54,11.64,11.03,11.03,11.02,1.4,3.86,79.0,2.93,3742057250.0,2587658353.0,0.09,0.09,-8.88,-10.57
437,300997,欢乐家,17.72,5.16,0.87,124263.0,218253234.91,6.77,17.89,16.75,16.8,16.85,0.95,3.15,165.89,7.89,7707729977.0,6992158669.0,-0.06,-0.06,5.79,-31.74
438,300560,中富通,18.35,5.16,0.9,127110.0,230465889.5,5.9,18.49,17.46,17.46,17.45,1.16,6.8,141.02,4.69,4215795464.0,3430803805.0,0.16,0.16,5.1,13.55
439,301123,奕东电子,80.1,5.15,3.92,119358.0,942367158.6,7.46,81.18,75.5,76.88,76.18,1.0,7.23,1026.02,6.65,18794664000.0,13219835044.0,0.02,-0.01,-14.22,8.89
440,601231,环旭电子,26.0,5.14,1.27,336484.0,874700970.0,4.25,26.27,25.22,25.25,24.73,1.47,1.41,37.78,2.77,62112327628.0,62112327628.0,-0.12,-0.23,-22.32,-12.07
441,600227,赤天化,4.51,5.13,0.22,2829063.0,1270317608.0,9.56,4.7,4.29,4.31,4.29,0.83,22.14,98.14,3.29,7616161859.0,5761975112.0,0.0,0.22,57.14,89.5
442,688670,金迪克,16.79,5.13,0.82,21856.0,36358093.0,11.15,17.1,15.32,15.45,15.97,1.38,1.77,-20.25,1.97,2068528000.0,2068528000.0,-0.18,-0.12,10.68,-17.0
443,603375,盛景微,45.62,5.12,2.22,36901.0,165965332.0,7.4,46.39,43.18,43.18,43.4,1.05,5.79,788.67,2.98,4592413349.0,2909685981.0,-0.02,0.07,-8.3,25.33
444,600693,东百集团,11.49,5.12,0.56,1578454.0,1800041467.0,7.78,11.76,10.91,10.91,10.93,1.33,18.17,66.87,2.77,9994533367.0,9984267465.0,-0.09,0.0,31.31,-35.38
445,300907,康平科技,53.11,5.11,2.58,32453.0,168352434.42,4.89,53.2,50.73,50.78,50.53,0.93,3.38,74.97,6.36,5098560000.0,5098560000.0,0.02,-0.09,14.26,80.58
446,001268,联合精密,26.02,5.09,1.26,39807.0,102375890.88,6.54,26.22,24.6,24.81,24.76,0.8,4.22,-179.61,4.01,3921283395.0,2454664794.0,-0.04,0.15,-10.34,3.13
447,920403,康农种业,24.98,5.09,1.21,87104.0,216838293.23,9.3,25.96,23.75,23.75,23.77,0.84,13.4,90.87,4.95,2730243756.0,1623773391.0,0.04,0.44,39.87,21.62
448,688026,洁特生物,21.7,5.08,1.05,153412.0,326114857.0,8.28,22.08,20.37,20.5,20.65,1.24,10.93,73.16,2.8,3045908934.0,3044936297.0,0.09,0.0,59.09,35.29
449,000592,平潭发展,7.87,5.07,0.38,5260536.0,4169067653.23,6.28,8.23,7.76,8.11,7.49,2.07,27.47,-109.42,8.92,15203115620.0,15071777574.0,0.13,0.13,3.83,-48.9
450,688720,艾森股份,60.47,5.07,2.92,42170.0,252956625.0,6.06,61.38,57.89,58.5,57.55,1.23,5.39,169.81,7.06,7415918711.0,4728110841.0,0.15,0.17,-10.96,19.62
451,603897,长城科技,31.32,5.07,1.51,187464.0,583779229.0,8.39,32.08,29.58,29.9,29.81,1.61,9.08,22.81,2.72,6465565529.0,6465565529.0,0.06,0.16,-12.49,20.46
452,301369,联动科技,128.08,5.03,6.13,22970.0,292410900.55,6.63,131.01,122.93,123.93,121.95,1.41,4.19,279.99,8.43,13103580334.0,7025090787.0,-0.07,0.01,-27.96,38.95
453,002025,航天电器,67.4,5.02,3.22,139630.0,920559406.63,8.1,68.2,63.0,64.99,64.18,1.05,3.08,119.46,4.58,30600932633.0,30590925553.0,-0.09,-0.13,5.44,34.8
454,605388,均瑶健康,6.49,5.02,0.31,178892.0,114761466.0,7.44,6.6,6.14,6.18,6.18,2.02,2.98,433.1,2.54,3897141160.0,3897141160.0,-0.31,-0.15,21.08,-12.77
455,300709,精研科技,45.51,5.01,2.17,224043.0,1005709902.86,7.11,46.08,43.0,43.5,43.34,0.86,14.95,304.11,3.8,8494158473.0,6819680827.0,-0.02,0.02,-5.83,-3.4
456,603663,三祥新材,40.11,5.0,1.91,176420.0,699774117.0,5.58,40.39,38.26,38.69,38.2,0.95,2.97,154.58,16.45,23808097794.0,23791925442.0,-0.02,0.25,-22.55,59.29
457,605398,新炬网络,27.99,4.99,1.33,206691.0,544425713.0,16.99,29.32,24.79,26.66,26.66,7.53,12.7,-355.87,4.44,4554431448.0,4554431448.0,0.0,-0.04,29.16,-1.79
458,300720,海川智能,65.63,4.99,3.12,90336.0,589279396.56,5.14,66.66,63.45,65.29,62.51,0.86,4.91,587.43,21.98,12789794311.0,12085450854.0,0.15,0.2,-10.7,93.94
459,000721,西安饮食,7.59,4.98,0.36,520647.0,387797100.6,5.81,7.6,7.18,7.19,7.23,1.21,10.16,-41.64,41.96,4356009598.0,3888814738.0,0.0,0.4,23.82,-15.2
460,300955,嘉亨家化,30.58,4.98,1.45,24780.0,74975699.51,6.73,30.91,28.95,29.2,29.13,2.11,2.46,-169.15,3.58,3082464000.0,3082464000.0,0.0,-0.23,-24.96,-26.33
461,300731,科创新源,47.24,4.98,2.24,78093.0,361500328.2,7.07,47.68,44.5,45.0,45.0,0.68,4.64,-1508.66,13.56,8374920961.0,7948170815.0,0.0,-0.08,-16.51,17.72
462,300567,精测电子,197.0,4.98,9.34,61436.0,1197568788.32,5.22,198.79,189.0,191.03,187.66,0.89,2.71,367.23,9.9,55110125707.0,44728795825.0,-0.06,-0.1,0.36,116.48
463,301591,肯特股份,48.93,4.98,2.32,146294.0,707612907.32,5.77,49.3,46.61,48.56,46.61,0.77,32.73,83.34,5.81,5350789080.0,2186914020.0,0.02,-0.06,0.99,57.13
464,603380,易德龙,34.87,4.97,1.65,61377.0,213031840.0,5.87,35.45,33.5,33.57,33.22,1.38,3.83,24.23,3.52,5594584644.0,5594584644.0,-0.14,-0.09,-0.99,-6.76
465,002124,天邦食品,2.54,4.96,0.12,4208916.0,1086084398.43,7.85,2.66,2.47,2.6,2.42,3.17,21.34,-1.83,6.86,5643711933.0,5009834146.0,-0.39,-0.39,6.72,-7.3
466,301148,嘉戎技术,55.27,4.96,2.61,19374.0,106256269.32,7.67,56.29,52.25,52.66,52.66,2.25,3.29,182.99,3.72,6438793612.0,3253724450.0,0.22,0.4,-2.19,17.2
467,688260,昀冢科技,94.0,4.95,4.43,44472.0,414290406.0,5.46,94.89,90.0,90.49,89.57,0.95,3.71,-61.8,80.85,11280000000.0,11280000000.0,-0.09,-0.07,14.63,226.39
468,688307,中润光学,47.29,4.95,2.23,36224.0,170191946.0,6.84,47.83,44.75,45.3,45.06,0.96,2.91,92.35,6.4,5877371444.0,5877371444.0,-0.02,-0.08,-23.44,54.64
469,920068,天工股份,17.01,4.94,0.8,27312.0,46046677.25,4.69,17.15,16.39,16.46,16.21,0.79,1.57,525.54,8.66,11151756255.0,2954339988.0,0.18,0.0,-0.47,-12.32
470,301322,绿通科技,41.4,4.94,1.95,49358.0,201421253.34,6.84,42.03,39.33,39.8,39.45,2.0,4.59,-670.42,2.07,5905953349.0,4453847356.0,-0.26,-1.12,-24.11,50.93
471,300865,大宏立,34.58,4.92,1.62,71005.0,241882464.11,7.62,35.0,32.49,33.51,32.96,1.51,11.43,57.78,3.73,3308614400.0,2148845290.0,0.0,0.52,37.22,27.13
472,600105,永鼎股份,38.99,4.92,1.83,1017300.0,3911495419.0,5.38,39.2,37.2,37.53,37.16,1.07,6.96,56.61,15.66,57003177330.0,57003177330.0,0.03,0.0,-23.98,55.4
473,688456,有研粉材,74.52,4.91,3.49,55683.0,409859617.0,5.41,75.22,71.38,72.38,71.03,0.93,5.37,69.78,6.02,7724743200.0,7724743200.0,0.03,0.0,-43.46,-3.8
474,688286,敏芯股份,48.26,4.91,2.26,42656.0,204132646.0,4.22,48.34,46.4,46.4,46.0,0.83,5.45,-91.66,3.65,3779410523.0,3779410523.0,-0.06,0.02,7.63,-14.31
475,003006,百亚股份,15.38,4.91,0.72,137662.0,207874693.38,5.73,15.39,14.55,14.61,14.66,1.64,3.21,18.46,4.59,6607983010.0,6591452202.0,0.59,0.13,-0.77,-28.26
476,688147,微导纳米,105.83,4.9,4.94,91509.0,963793004.0,6.42,107.48,101.0,102.9,100.89,0.87,1.97,239.9,16.29,49154134000.0,49154134000.0,0.08,-0.08,12.08,68.92
477,300780,德恩精工,20.39,4.89,0.95,89113.0,181574463.0,8.44,20.83,19.19,19.43,19.44,2.06,8.27,-81.04,3.01,2990601300.0,2197272726.0,-0.05,0.0,-18.47,5.76
478,603713,密尔克卫,66.38,4.88,3.09,40195.0,260474497.0,7.51,66.95,62.2,63.46,63.29,2.12,2.31,15.15,2.02,11553342218.0,11553342218.0,-0.49,-0.76,15.14,21.2
479,603991,领先股份,167.36,4.86,7.76,56033.0,914888424.0,6.5,167.97,157.6,159.6,159.6,1.44,6.26,70.93,7.05,25557497066.0,14984828305.0,-0.02,-0.19,36.56,127.24
480,688178,万德斯,28.89,4.86,1.34,12192.0,34945346.0,5.52,29.1,27.58,27.96,27.55,0.72,1.43,756.69,2.67,2455587713.0,2455587713.0,0.0,0.1,-24.23,20.22
481,600180,*ST瑞茂,1.51,4.86,0.07,168595.0,25113630.0,5.56,1.51,1.43,1.43,1.44,1.24,1.55,-0.77,0.47,1640807471.0,1640807471.0,0.0,0.0,14.39,-56.86
482,300657,弘信电子,35.66,4.85,1.65,301731.0,1067461169.92,5.12,35.86,34.12,34.5,34.01,1.19,6.32,69.35,11.01,17192600536.0,17035011579.0,0.14,0.06,-23.97,28.92
483,001211,双枪科技,24.27,4.84,1.12,40568.0,97137591.25,7.26,24.58,22.9,23.27,23.15,1.16,4.35,154.4,2.8,2427000000.0,2265364761.0,0.0,0.04,-32.86,27.47
484,000892,欢瑞世纪,5.86,4.83,0.27,3159585.0,1782197543.93,15.74,6.09,5.21,5.21,5.59,2.3,44.45,-20.0,11.37,5748545572.0,4165280991.0,0.0,-0.17,60.11,-16.05
485,301568,思泰克,69.08,4.83,3.18,39255.0,268580574.54,6.22,69.68,65.58,66.2,65.9,1.3,8.22,66.29,6.89,7133090272.0,3300504240.0,0.09,0.09,-21.45,44.13
486,600641,先导基电,31.07,4.82,1.43,481106.0,1480392679.0,5.8,31.42,29.7,30.0,29.64,0.94,5.17,70.0,3.5,29419124134.0,28914671614.0,-0.03,0.03,9.09,76.13
487,688072,拓荆科技,651.92,4.82,29.99,41369.0,2668032230.0,5.77,658.88,623.0,638.0,621.93,1.15,1.46,70.93,14.98,190473598178.0,185267383312.0,-0.1,-0.09,1.04,97.75
488,300918,南山智尚,11.08,4.82,0.51,86292.0,93917165.97,5.49,11.09,10.51,10.58,10.57,1.82,1.7,38.96,1.44,5607969451.0,5607969451.0,0.0,0.09,-9.33,-40.27
489,002726,ST龙大,2.84,4.8,0.13,831336.0,232374359.6,7.01,2.86,2.67,2.7,2.71,1.23,6.11,-19.96,3.53,3865622278.0,3863296318.0,0.35,0.0,95.86,-30.9
490,600838,上海九百,8.95,4.8,0.41,332308.0,292715810.0,6.21,8.95,8.42,8.47,8.54,1.29,8.29,71.55,2.31,3587893730.0,3587893730.0,0.0,0.34,16.23,-17.05
491,301281,科源制药,49.0,4.79,2.24,25632.0,124703168.05,7.38,49.72,46.27,46.27,46.76,1.07,3.61,41.01,3.71,5306210000.0,3476648000.0,-0.2,0.04,5.65,67.52
492,688361,中科飞测,314.15,4.79,14.35,85269.0,2643962821.0,5.4,315.58,299.4,305.0,299.8,1.18,2.42,-433.93,21.52,110597032445.0,110597032445.0,0.2,0.14,38.73,105.34
493,300819,聚杰微纤,46.66,4.78,2.13,44865.0,208331671.0,5.97,47.18,44.52,44.52,44.53,1.39,3.33,114.09,7.91,6961905300.0,6288006585.0,-0.11,-0.11,-22.08,35.48
494,002669,康达新材,12.31,4.77,0.56,137192.0,165976787.0,5.79,12.38,11.7,11.7,11.75,1.83,4.53,65.12,1.36,3734854000.0,3726456118.0,0.08,0.24,-20.58,-18.48
495,301580,爱迪特,55.35,4.77,2.52,45282.0,247844456.37,5.62,55.65,52.68,52.95,52.83,0.94,4.49,39.5,3.77,8257685928.0,5580596666.0,-0.23,-0.16,19.6,77.18
496,002324,普利特,9.44,4.77,0.43,426915.0,399208280.01,8.1,9.7,8.97,9.03,9.01,2.14,5.5,62.74,2.26,10500454181.0,7327596681.0,0.11,0.0,-21.66,-40.78
497,688585,上纬新材,146.01,4.76,6.64,34457.0,504689957.0,7.46,149.9,139.5,142.0,139.37,1.13,0.85,-176.82,50.03,58894845905.0,58894845905.0,0.0,-0.05,-6.66,14.63
498,603459,红板科技,89.35,4.76,4.06,114654.0,1017180354.0,6.21,91.18,85.88,86.86,85.29,0.88,14.5,62.47,15.0,67347883088.0,7063283512.0,0.04,0.09,18.08,404.8
499,000716,黑芝麻,5.72,4.76,0.26,792228.0,448436073.12,4.4,5.73,5.49,5.59,5.46,0.72,10.77,68.83,1.7,4306496766.0,4208342064.0,0.0,0.0,22.75,-8.19
500,920748,路桥信息,36.35,4.76,1.65,59060.0,204897445.24,14.81,37.8,32.66,33.01,34.7,1.31,9.37,-67.91,14.47,2789499000.0,2291871135.0,-0.16,-0.19,49.96,-21.9
501,603867,新化股份,30.46,4.75,1.38,121229.0,361969962.0,6.71,30.75,28.8,29.36,29.08,1.62,5.62,20.42,2.12,6624646192.0,6569818192.0,0.03,0.03,-21.17,21.84
502,920699,海达尔,73.81,4.75,3.35,5582.0,40830308.94,7.21,74.58,69.5,71.16,70.46,0.76,1.91,123.85,13.74,4714644750.0,2157128250.0,0.01,-0.39,59.9,120.79
503,688057,金达莱,18.98,4.75,0.86,65357.0,122549535.0,4.91,19.06,18.17,18.21,18.12,2.1,2.37,428.5,1.65,5238480000.0,5238480000.0,0.0,0.48,47.47,57.9
504,603418,友升股份,46.1,4.73,2.08,32504.0,150672057.0,8.02,47.49,43.96,44.11,44.02,3.54,7.86,17.83,1.93,8900455268.0,1906908613.0,0.02,0.02,-7.04,-22.74
505,300083,创世纪,12.87,4.72,0.58,779922.0,990566661.38,7.32,13.0,12.1,12.4,12.29,1.08,5.23,36.35,3.71,21885431628.0,19210310120.0,0.16,-0.39,24.95,39.74
506,603458,勘设股份,10.44,4.71,0.47,274937.0,287500551.0,8.73,10.83,9.96,9.97,9.97,2.13,8.98,-12.31,1.3,3195939926.0,3195939926.0,-0.19,0.0,-19.51,4.19
507,603903,中持股份,14.23,4.71,0.64,89797.0,126783670.0,6.7,14.52,13.61,13.61,13.59,1.37,3.52,124.68,2.55,3633196200.0,3633196200.0,0.07,0.0,22.67,-2.2
508,600397,江钨装备,17.57,4.71,0.79,934298.0,1632150029.0,9.54,18.1,16.5,16.73,16.78,1.13,9.44,7203.18,90.04,17393595127.0,17393595127.0,0.0,0.0,19.36,131.18
509,301013,利和兴,37.75,4.69,1.69,142308.0,532878537.47,5.71,38.1,36.04,36.48,36.06,1.06,7.52,-121.2,14.01,8823800364.0,7143871835.0,0.0,-0.05,-25.79,34.77
510,001359,平安电工,83.51,4.69,3.74,42566.0,352894296.04,7.0,84.85,79.27,79.9,79.77,1.5,7.06,80.87,9.76,20138780060.0,5034883205.0,0.07,0.07,1.71,53.77
511,002824,和胜股份,26.86,4.68,1.2,213107.0,567863570.03,6.2,27.15,25.56,25.8,25.66,0.96,9.42,47.34,3.56,8358102429.0,6075090852.0,0.11,0.11,-6.9,39.68
512,002798,帝欧水华,6.93,4.68,0.31,213918.0,147754636.74,6.5,7.05,6.62,6.7,6.62,1.53,4.14,-69.41,2.08,4071476961.0,3581071790.0,0.29,0.58,10.0,20.94
513,603667,五洲新春,51.13,4.67,2.28,222646.0,1139453027.0,6.65,52.25,49.0,49.0,48.85,1.89,6.08,160.82,4.91,19590557772.0,18723947630.0,0.02,0.1,-20.02,-26.81
514,301362,民爆光电,108.9,4.67,4.86,29737.0,320562143.88,6.48,109.58,102.84,105.01,104.04,1.07,7.26,143.35,6.48,15893375216.0,4458875216.0,-0.27,0.08,-41.99,278.13
515,301366,一博科技,57.79,4.64,2.56,107944.0,623449048.03,4.42,58.32,55.88,56.78,55.23,1.56,9.23,94.86,5.49,12109097056.0,6761219644.0,-0.1,-0.07,27.46,64.32
516,001311,多利科技,18.03,4.64,0.8,73869.0,131728404.08,5.46,18.13,17.19,17.3,17.23,1.83,4.06,21.59,1.52,7278028276.0,3279146553.0,-0.06,0.06,-1.85,-26.94
517,000811,冰轮环境,37.88,4.64,1.68,406578.0,1522341272.76,7.68,38.49,35.71,36.5,36.2,0.9,4.15,60.44,5.78,37595066072.0,37069326824.0,0.0,0.05,23.51,105.65
518,603319,美湖股份,30.51,4.63,1.35,193271.0,586647192.0,5.32,30.85,29.3,29.3,29.16,0.8,5.7,94.35,4.19,10347456676.0,10347456676.0,0.03,-0.1,-15.95,-16.37
519,002992,宝明科技,34.16,4.62,1.51,24498.0,84705415.74,6.98,35.58,33.3,33.4,32.65,1.75,1.55,-141.75,8.48,6178472572.0,5405355663.0,0.0,0.0,-18.9,-28.25
520,301387,光大同创,56.43,4.62,2.49,26342.0,147445384.24,5.84,57.09,53.94,54.91,53.94,1.26,6.17,-183.13,3.72,6055046443.0,2408579231.0,-0.09,-0.05,-42.04,2.04
521,688690,纳微科技,36.93,4.62,1.63,114036.0,414326174.0,5.84,37.37,35.31,35.65,35.3,0.97,2.82,54.5,7.17,14912879271.0,14912879271.0,0.0,-0.05,2.16,43.64
522,603061,金海通,322.51,4.61,14.2,34370.0,1095380637.0,5.17,324.94,309.0,315.0,308.31,1.05,3.95,81.96,14.79,28058370000.0,28058370000.0,-0.15,0.05,2.65,233.96
523,688419,耐科装备,49.27,4.61,2.17,35513.0,173446150.0,4.67,49.77,47.57,47.57,47.1,0.97,3.1,57.32,5.42,5643960732.0,5643960732.0,-0.08,0.02,-14.76,78.58
524,688551,科威尔,38.58,4.61,1.7,39345.0,150122079.0,5.8,39.02,36.88,37.53,36.88,0.73,3.61,139.51,3.21,4205012015.0,4205012015.0,-0.03,0.0,-34.16,36.91
525,002937,兴瑞科技,29.33,4.6,1.29,92313.0,266730069.07,4.74,29.38,28.05,28.25,28.04,0.91,2.93,68.16,4.73,9268565352.0,9244367515.0,0.0,0.0,-21.99,25.34
526,002679,福建金森,11.17,4.59,0.49,282992.0,313570699.37,9.64,11.54,10.51,10.57,10.68,1.17,12.0,-96.95,3.53,2633394520.0,2633394520.0,0.09,0.09,26.36,-4.77
527,000833,粤桂股份,20.75,4.59,0.91,323588.0,678065846.8,5.65,21.4,20.28,20.37,19.84,1.73,7.13,13.39,3.32,17743677501.0,9414413029.0,-0.14,-0.19,-13.58,7.62
528,688352,颀中科技,17.16,4.57,0.75,199406.0,339262009.0,5.97,17.44,16.46,16.6,16.41,1.03,5.44,-33.63,3.54,20413053341.0,6287693549.0,0.18,0.18,3.06,36.62
529,300700,岱勒新材,20.13,4.57,0.88,124296.0,248710304.24,8.05,20.65,19.1,19.45,19.25,1.49,3.5,503.16,10.29,7992190207.0,7154386330.0,0.1,0.2,-9.0,63.0
530,301209,联合化学,60.13,4.57,2.63,26404.0,157258780.4,6.24,60.7,57.11,57.51,57.5,1.36,1.97,808.33,12.58,9428384000.0,8054786306.0,0.02,0.0,-1.1,-25.3
531,300395,菲利华,93.35,4.52,4.04,187319.0,1728718619.72,4.48,94.0,90.0,90.2,89.31,0.72,3.65,83.24,9.37,49076623105.0,47845366290.0,-0.01,0.03,-21.55,-6.93
532,601138,工业富联,66.57,4.52,2.88,1743476.0,11506069535.0,3.58,66.88,64.6,64.6,63.69,1.86,0.88,27.82,7.52,1321021223346.0,1321021223346.0,0.0,-0.02,-4.19,9.01
533,002056,横店东磁,20.61,4.51,0.89,374361.0,761378757.81,6.24,20.88,19.65,19.85,19.72,2.03,2.3,17.68,3.16,33526535845.0,33491640127.0,-0.19,-0.1,-14.23,8.99
534,688097,博众精工,46.38,4.51,2.0,70130.0,323654405.0,5.7,46.96,44.43,45.2,44.38,1.17,1.57,40.32,4.08,20742325090.0,20715523341.0,0.06,0.11,-25.83,23.35
535,002165,红 宝 丽,8.12,4.5,0.35,1068953.0,860634512.83,5.66,8.2,7.76,7.89,7.77,0.6,14.69,-352.05,2.99,5970391076.0,5909455016.0,0.0,0.0,5.45,7.84
536,688512,慧智微-U,13.99,4.48,0.6,161395.0,224854158.0,7.39,14.37,13.38,13.49,13.39,1.55,4.93,-24.2,4.3,6615822707.0,4578472269.0,-0.14,0.07,5.19,25.36
537,600722,金牛化工,17.97,4.48,0.77,1457339.0,2517489607.0,14.65,18.4,15.88,17.23,17.2,0.9,21.42,174.15,9.52,12225344578.0,12225344578.0,0.0,-0.22,73.96,202.53
538,300010,ST豆神,4.43,4.48,0.19,1547473.0,658988617.39,10.14,4.43,4.0,4.12,4.24,0.99,9.45,-187.65,5.2,9155094079.0,7250910561.0,0.23,0.0,83.06,-38.81
539,603150,万朗磁塑,69.49,4.48,2.98,72855.0,504393688.0,9.85,73.13,66.58,69.1,66.51,1.84,8.52,59.28,3.42,5940213670.0,5940213670.0,0.16,0.26,-8.87,83.84
540,688711,宏微科技,24.6,4.46,1.05,64779.0,157746657.0,3.78,24.69,23.8,23.98,23.55,1.02,2.99,668.91,4.58,5332112213.0,5332112213.0,-0.08,-0.04,-29.29,-22.47
541,300970,华绿生物,20.14,4.46,0.86,218709.0,438066034.71,5.45,20.35,19.3,19.42,19.28,0.74,17.68,34.93,1.96,3220463942.0,2491250189.0,0.1,0.2,-6.28,30.19
542,002552,宝鼎科技,48.01,4.46,2.05,219288.0,1048696017.08,6.24,48.87,46.0,47.0,45.96,0.98,5.95,68.5,11.37,18627175741.0,17691842905.0,0.02,0.1,-18.1,190.79
543,301051,信濠光电,18.27,4.46,0.78,102156.0,184786233.29,8.0,18.58,17.18,17.73,17.49,1.06,4.52,-22.77,2.74,5193445510.0,4126044109.0,0.11,-0.05,17.12,30.5
544,688125,安达智能,122.58,4.45,5.22,9153.0,111717147.0,4.54,123.83,118.5,119.52,117.36,0.97,1.11,-280.39,5.5,10103712396.0,10076510669.0,-0.33,-0.28,-28.87,-9.23
545,688652,京仪装备,132.72,4.45,5.65,40167.0,528633100.0,4.7,134.17,128.2,128.96,127.07,0.87,3.33,121.38,9.81,22296960000.0,16025940000.0,-0.12,-0.08,-1.73,35.17
546,301169,零点有数,56.8,4.45,2.42,16979.0,94548470.46,5.17,56.82,54.01,54.4,54.38,1.0,2.36,-74.7,9.68,4091902445.0,4090113245.0,-0.04,0.42,-23.05,13.37
547,300790,宇瞳光学,19.06,4.44,0.81,274340.0,519950350.11,6.79,19.37,18.13,18.35,18.25,1.49,6.0,40.57,3.58,9918175445.0,8709333123.0,0.0,0.05,-15.18,-10.64
548,301317,鑫磊股份,50.57,4.44,2.15,47633.0,234896126.6,6.61,51.0,47.8,48.75,48.42,0.96,9.13,-89.48,6.86,7949098300.0,2639588788.0,-0.02,-0.18,-10.59,58.28
549,000962,东方钽业,53.7,4.43,2.28,216623.0,1154732754.91,7.37,54.67,50.88,51.7,51.42,1.03,4.31,115.8,7.04,28320583092.0,27012231889.0,-0.02,-0.04,-6.04,62.97
550,688233,神工股份,97.31,4.43,4.13,68993.0,666014221.0,5.68,98.79,93.5,95.18,93.18,0.97,4.05,201.68,8.68,16572451170.0,16572451170.0,0.08,0.16,-6.52,39.31
551,002880,卫光生物,23.18,4.41,0.98,62368.0,141034914.49,6.71,23.29,21.8,22.2,22.2,1.57,2.75,59.22,2.18,5257224000.0,5257224000.0,-0.09,0.39,3.9,-8.38
552,920083,金戈新材,38.34,4.41,1.62,40682.0,154022699.5,7.3,38.88,36.2,37.22,36.72,1.0,10.7,56.13,5.23,3422591633.0,1457810331.0,-0.03,0.0,-3.67,297.31
553,688190,云路股份,76.2,4.4,3.21,16815.0,127041982.0,8.59,78.63,72.36,72.55,72.99,2.31,1.4,36.36,3.41,9144000000.0,9144000000.0,0.0,-0.27,-21.93,-20.87
554,002119,康强电子,22.85,4.39,0.96,305187.0,689436701.98,4.66,22.98,21.96,22.28,21.89,1.21,8.13,67.72,5.96,8575239400.0,8575239400.0,0.04,-0.04,-28.5,39.07
555,688508,芯朋微,86.52,4.38,3.63,68012.0,588523906.0,5.18,87.87,83.58,83.81,82.89,1.03,5.14,36.35,3.96,11457008336.0,11457008336.0,-0.06,0.01,1.43,43.13
556,600491,ST龙元,1.67,4.38,0.07,617854.0,100845466.0,6.25,1.68,1.58,1.58,1.6,0.84,4.04,-1.59,0.41,2554695785.0,2554695785.0,0.0,0.0,27.48,-36.74
557,600475,华光环能,15.54,4.37,0.65,136251.0,208949243.0,3.76,15.57,15.01,15.19,14.89,1.8,1.45,26.21,1.72,14777800374.0,14652444229.0,0.0,0.0,8.07,-13.28
558,688516,奥特维,42.87,4.36,1.79,98163.0,419243804.0,6.77,43.79,41.01,41.05,41.08,1.41,3.12,22.64,3.71,13493780834.0,13493780834.0,-0.07,-0.02,-19.16,-3.58
559,300839,博汇股份,13.19,4.35,0.55,195706.0,256265003.69,5.06,13.34,12.7,12.76,12.64,1.04,6.87,99.58,4.88,3800486682.0,3755790890.0,-0.15,0.0,-10.21,9.55
560,301181,标榜股份,25.67,4.35,1.07,30455.0,78146506.15,7.03,26.24,24.51,24.56,24.6,1.6,2.6,43.42,2.67,3855717787.0,3009437570.0,0.04,0.12,-8.26,-23.6
561,301102,兆讯传媒,10.1,4.34,0.42,44070.0,43814639.46,4.86,10.15,9.68,9.68,9.68,1.7,1.09,-71.94,1.41,4100600000.0,4100600000.0,0.0,-0.2,5.65,-3.63
562,300321,同大股份,32.99,4.33,1.37,33167.0,108110846.44,6.93,33.69,31.5,31.64,31.62,0.89,3.74,333.47,4.61,2929512000.0,2926935712.0,0.03,0.15,-17.96,-27.08
563,603439,三力制药,12.76,4.33,0.53,113330.0,144515039.0,7.11,12.99,12.12,12.23,12.23,1.46,2.81,69.3,3.51,5153001156.0,5153001156.0,0.24,0.24,-14.3,9.62
564,300843,胜蓝股份,127.9,4.33,5.31,57342.0,727254289.79,5.61,129.98,123.1,124.91,122.59,0.87,3.57,80.71,12.27,20938248468.0,20527898073.0,0.05,0.02,37.36,148.54
565,600613,神奇制药,9.41,4.32,0.39,1115029.0,1033267700.0,7.87,9.59,8.88,8.97,9.02,1.0,23.26,114.4,2.19,5025614019.0,4510400993.0,0.32,0.11,92.83,56.83
566,688610,埃科光电,155.92,4.32,6.46,11761.0,181748807.0,5.07,157.33,149.75,150.95,149.46,0.87,2.87,76.65,6.46,10602560000.0,6382206003.0,-0.36,0.12,-26.73,152.26
567,300615,欣天科技,14.5,4.32,0.6,159669.0,226708787.7,6.04,14.6,13.76,13.89,13.9,0.87,10.43,-30.5,6.22,2798343400.0,2219765314.0,-0.41,-0.48,31.94,9.6
568,003033,征和工业,69.64,4.31,2.88,20277.0,140760237.0,6.7,70.81,66.34,66.36,66.76,2.15,2.5,40.62,3.99,5693070000.0,5638816122.0,-0.01,0.09,42.44,-10.84
569,600667,太极实业,17.96,4.3,0.74,1808423.0,3238764654.0,4.47,18.23,17.46,17.56,17.22,1.36,8.65,59.52,4.28,37564097517.0,37564097517.0,0.0,0.06,9.78,127.05
570,600683,京投发展,9.96,4.29,0.41,351919.0,349637325.0,6.7,10.19,9.55,9.65,9.55,0.73,4.75,-11.78,-5.04,7378144866.0,7378144866.0,0.0,0.1,-19.55,133.26
571,920179,凯德石英,54.8,4.28,2.25,30575.0,166050164.49,3.6,54.89,53.0,53.2,52.55,1.04,5.12,228.45,5.42,4080235818.0,3272572375.0,0.05,0.26,-21.05,42.26
572,300224,正海磁材,12.21,4.27,0.5,277358.0,333206156.35,5.47,12.22,11.58,11.65,11.71,1.44,2.99,41.55,2.23,11363852092.0,11318372967.0,0.0,0.25,-2.48,-19.99
573,301488,豪恩汽电,99.88,4.26,4.08,21082.0,207207218.57,6.85,99.99,93.43,93.53,95.8,1.49,5.07,163.9,4.23,10129100276.0,4150302753.0,0.04,-0.08,-30.69,-34.57
574,002581,*ST未名,5.87,4.26,0.24,98193.0,57272330.33,7.28,5.96,5.55,5.55,5.63,1.01,2.45,-20.28,2.18,3872647890.0,2352644115.0,0.34,0.34,65.82,-21.73
575,603678,火炬电子,45.44,4.24,1.85,180446.0,810312494.0,4.91,45.94,43.8,43.91,43.59,1.22,3.79,44.56,3.36,21609747713.0,21609747713.0,-0.09,-0.11,-21.86,28.94
576,601116,三江购物,11.84,4.23,0.48,404386.0,471461067.0,5.02,11.85,11.28,11.31,11.36,1.69,7.38,49.3,1.97,6484512256.0,6484512256.0,0.0,0.25,5.34,-13.39
577,603283,赛腾股份,45.55,4.23,1.85,172048.0,779811569.0,3.96,45.88,44.15,44.5,43.7,1.01,4.88,44.34,4.59,16057570369.0,16057570369.0,-0.02,0.02,-10.51,38.41
578,301525,儒竞科技,39.5,4.22,1.6,14298.0,55947681.2,5.17,39.76,37.8,37.99,37.9,1.34,1.98,101.89,1.61,5215440763.0,2851356322.0,-0.18,-0.08,-18.56,-35.73
579,300545,联得装备,29.24,4.21,1.18,79040.0,229190824.71,4.74,29.43,28.1,28.16,28.06,0.76,6.41,51.55,2.48,5422890634.0,3607741113.0,0.0,-0.07,-11.07,-4.41
580,301628,强达电路,111.51,4.21,4.51,31308.0,346677042.66,4.01,112.79,108.5,109.8,107.0,0.85,10.77,72.89,7.05,8405155458.0,3240792828.0,0.02,0.12,2.55,26.36
581,000636,风华高科,50.45,4.21,2.04,855939.0,4270234725.97,5.58,50.9,48.2,48.9,48.41,0.81,7.46,99.71,4.58,57890891639.0,57890868936.0,0.0,0.02,-14.52,211.8
582,605339,南侨食品,14.1,4.21,0.57,43137.0,60868910.0,5.54,14.33,13.58,13.67,13.53,1.93,1.02,1153.17,1.76,5982497686.0,5982497686.0,0.14,-0.07,4.29,-28.02
583,688657,浩辰软件,33.53,4.2,1.35,16155.0,53990751.0,5.97,34.1,32.18,32.26,32.18,1.36,2.71,72.48,2.29,3199445073.0,2001558027.0,-0.09,-0.12,-7.22,-7.17
584,002388,新亚制程,6.45,4.2,0.26,343149.0,218456160.0,7.92,6.54,6.05,6.29,6.19,1.11,6.78,-139.49,3.46,3267145719.0,3265141543.0,0.31,0.16,29.0,1.1
585,300115,长盈精密,24.56,4.2,0.99,553073.0,1371208158.44,7.34,25.33,23.6,23.9,23.57,1.67,4.07,941.03,4.02,33434758481.0,33337675944.0,-0.08,-0.08,-16.09,-47.05
586,300828,锐新科技,18.86,4.2,0.76,174823.0,326439417.5,6.46,19.26,18.09,18.46,18.1,2.49,18.44,103.01,3.98,3138718920.0,1788059775.0,0.11,-0.05,4.55,12.46
587,688293,奥浦迈,56.91,4.19,2.29,37580.0,212161496.0,6.88,57.86,54.1,54.1,54.62,0.88,3.21,32.62,2.58,8092271865.0,6667899873.0,-0.12,-0.11,59.95,16.62
588,688693,锴威特,75.55,4.18,3.03,18278.0,137394453.0,5.2,76.29,72.52,72.52,72.52,1.06,4.7,-82.22,7.32,5566842141.0,2939228478.0,0.0,0.11,-19.86,101.79
589,300716,*ST泉为,18.75,4.17,0.75,22478.0,41536771.0,6.22,19.0,17.88,18.3,18.0,1.16,1.4,-19.78,-12.54,3000375000.0,3000375000.0,0.0,0.32,4.22,56.64
590,300863,卡倍亿,42.19,4.17,1.69,55969.0,234687601.51,5.58,42.66,40.4,40.99,40.5,0.95,2.23,49.99,7.61,11028727240.0,10594765837.0,0.0,-0.09,-33.03,16.74
591,600251,冠农股份,11.28,4.16,0.45,374946.0,420636326.0,5.08,11.42,10.87,10.95,10.83,0.86,4.83,8.16,2.05,8764487616.0,8764487616.0,-0.18,0.09,15.1,23.01
592,000985,大庆华科,18.03,4.16,0.72,52225.0,92217640.0,4.97,18.04,17.18,17.32,17.31,0.91,4.03,307.46,3.83,2337400185.0,2337400185.0,0.06,0.33,10.55,-5.6
593,603587,地素时尚,13.53,4.16,0.54,100418.0,134870950.0,3.31,13.56,13.13,13.21,12.99,1.65,2.12,15.26,1.75,6395668708.0,6395668708.0,0.07,0.0,14.95,4.4
594,002993,奥海科技,38.18,4.15,1.52,69529.0,263743874.12,3.66,38.38,37.04,37.42,36.66,1.27,2.92,115.01,2.26,10539207200.0,9103903902.0,-0.05,-0.05,-40.78,-11.46
595,688082,盛美上海,281.4,4.15,11.2,34242.0,954063661.0,3.37,282.08,272.98,275.0,270.2,0.9,0.71,68.66,9.3,135802708285.0,134949125283.0,0.02,-0.01,-7.45,60.41
596,600380,健康元,9.54,4.15,0.38,320869.0,302897062.0,2.73,9.57,9.32,9.38,9.16,2.46,1.75,13.47,1.15,17452985302.0,17452985302.0,0.0,0.1,-2.85,-15.8
597,001313,粤海饲料,8.03,4.15,0.32,253782.0,202354403.7,5.84,8.13,7.68,7.71,7.71,1.09,3.63,58.81,2.15,5621000000.0,5614134760.0,-0.25,-0.25,7.79,9.7
598,688729,屹唐股份,22.93,4.13,0.91,288765.0,655868250.0,4.36,23.12,22.16,22.31,22.02,1.04,1.65,85.64,7.42,67770990800.0,40087075946.0,0.0,0.0,-10.6,-6.22
599,301396,宏景科技,175.88,4.13,6.98,104969.0,1834888674.18,4.59,177.75,170.0,172.29,168.9,0.95,7.42,137.86,28.76,37800932492.0,24888215105.0,0.05,0.01,1.92,272.55
600,301073,君亭酒店,21.17,4.13,0.84,147652.0,310206896.52,7.13,21.55,20.1,20.1,20.33,1.52,8.29,216.58,4.63,4116528644.0,3772060015.0,0.0,0.0,3.72,-18.76
601,688629,华丰科技,127.46,4.13,5.06,111224.0,1410772147.0,4.71,129.18,123.41,124.84,122.4,0.87,2.41,202.54,20.31,59683777966.0,58758146239.0,0.0,0.05,-9.35,27.38
602,688379,华光新材,58.83,4.12,2.33,42029.0,245540396.0,4.34,59.39,56.94,57.63,56.5,0.98,4.67,30.46,3.91,5587588744.0,5299731142.0,-0.12,-0.24,-24.26,7.75
603,600080,ST金花,5.05,4.12,0.2,72196.0,36359537.0,4.12,5.13,4.93,4.93,4.85,3.14,1.93,1193.11,1.18,1885014939.0,1885014939.0,0.4,0.8,5.65,-33.02
604,000626,远大控股,9.86,4.12,0.39,296528.0,287621787.55,6.44,9.98,9.37,9.61,9.47,0.87,5.88,11.61,2.13,4995340879.0,4972523922.0,0.2,0.31,35.25,24.34
605,601933,永辉超市,3.29,4.11,0.13,3325446.0,1080548495.0,4.75,3.3,3.15,3.16,3.16,1.22,3.73,57.99,13.54,29363372273.0,29363372273.0,0.0,0.0,2.49,-29.85
606,002534,西子洁能,16.97,4.11,0.67,157607.0,265594334.15,5.71,17.25,16.32,16.45,16.3,0.93,1.91,-140.87,2.59,14185819954.0,14006444322.0,-0.12,0.18,-15.49,1.8
607,002741,光华科技,23.79,4.11,0.94,175734.0,414807836.33,5.16,23.98,22.8,23.07,22.85,1.03,4.09,59.12,5.5,11148048955.0,10230332695.0,0.0,0.08,-19.71,19.19
608,000505,京粮控股,7.35,4.11,0.29,770200.0,562139521.67,5.24,7.43,7.06,7.15,7.06,0.9,11.63,332.6,1.86,5343084345.0,4865518095.0,-0.27,-0.14,30.55,-13.63
609,002903,宇环数控,28.36,4.11,1.12,133545.0,372405466.39,6.06,28.45,26.8,27.03,27.24,0.87,12.42,-96.31,5.76,4414560140.0,3050570314.0,-0.21,0.35,-37.48,23.3
610,300225,金力泰,8.11,4.11,0.32,438735.0,351093662.8,6.42,8.18,7.68,7.88,7.79,1.84,9.29,201.56,4.42,3855733975.0,3829022068.0,0.0,0.0,-0.86,42.78
611,688089,ST嘉必优,8.88,4.1,0.35,18720.0,16424720.0,5.04,8.92,8.49,8.53,8.53,1.05,1.13,-7.34,0.96,1477276827.0,1477276827.0,0.11,-0.45,-27.15,-61.86
612,300953,震裕科技,92.28,4.09,3.63,61342.0,562838751.41,5.25,93.3,88.65,88.65,88.65,1.32,3.5,26.54,4.59,22473746437.0,16150779989.0,0.1,0.05,-32.45,-23.09
613,688376,美埃科技,64.9,4.09,2.55,14619.0,94244057.0,5.68,65.55,62.01,63.8,62.35,0.99,1.08,52.63,4.41,8777851166.0,8777851166.0,-0.03,-0.05,-9.65,12.54
614,000657,中钨高新,60.0,4.09,2.36,554320.0,3298645127.77,4.89,60.28,57.46,58.0,57.64,0.99,3.81,32.92,12.12,136716264000.0,87207120420.0,0.02,-0.03,-23.83,118.34
615,603725,天安新材,10.97,4.08,0.43,168386.0,185842228.0,7.69,11.33,10.52,10.6,10.54,1.28,5.52,49.94,3.82,3344288750.0,3344288750.0,0.0,0.09,1.95,20.15
616,688078,龙软科技,27.07,4.08,1.06,23797.0,63757290.0,5.69,27.38,25.9,26.02,26.01,1.6,3.26,-66.31,2.98,1973213510.0,1973213510.0,0.0,0.04,22.21,-1.56
617,688248,南网科技,44.43,4.08,1.74,53394.0,236018445.0,4.64,44.98,43.0,43.33,42.69,1.26,0.95,80.31,7.81,25089621000.0,25089621000.0,0.09,0.0,-6.23,-0.29
618,603006,联明股份,11.24,4.07,0.44,44309.0,49165032.0,5.09,11.3,10.75,10.86,10.8,1.42,1.74,32.48,2.2,2857817770.0,2857817770.0,0.0,0.09,-12.12,-12.19
619,603989,艾华集团,32.8,4.06,1.28,454895.0,1461074422.0,5.81,32.83,31.0,32.08,31.52,1.12,11.41,38.53,3.29,13079979408.0,13079979408.0,0.06,0.06,14.85,97.83
620,301526,国际复材,27.45,4.06,1.07,1032297.0,2810274225.09,4.36,27.69,26.54,26.65,26.38,0.79,7.35,80.91,11.83,103510602418.0,38550585736.0,-0.04,0.04,-3.41,293.27
621,605188,国光连锁,14.88,4.06,0.58,334769.0,501830978.0,9.09,15.55,14.25,14.26,14.3,0.89,6.59,174.3,6.1,7555267920.0,7555267920.0,0.0,-0.07,10.71,-23.22
622,600327,大东方,4.11,4.05,0.16,266001.0,108301187.0,3.8,4.12,3.97,3.98,3.95,1.42,3.01,73.63,1.29,3636443819.0,3636443819.0,0.49,0.49,17.43,-16.97
623,002891,中宠股份,29.77,4.05,1.16,118588.0,347537775.8,4.65,29.82,28.49,28.49,28.61,1.8,3.68,37.83,2.85,9582895898.0,9582895898.0,0.13,0.1,3.73,-42.23
624,000952,广济药业,6.69,4.04,0.26,94981.0,62683889.82,5.29,6.72,6.38,6.4,6.43,1.66,2.76,-19.86,3.85,2301359592.0,2301323439.0,-0.15,-0.15,6.7,-4.84
625,688765,禾元生物-U,38.08,4.04,1.48,45059.0,172247360.0,6.45,39.09,36.73,37.0,36.6,1.77,6.26,-108.46,4.79,13613600000.0,2740649816.0,0.08,0.05,-18.25,-44.9
626,600818,ST中路,7.74,4.03,0.3,41544.0,31977018.0,4.84,7.8,7.44,7.44,7.44,1.16,1.75,-82.72,4.96,2488006823.0,1841794223.0,0.13,0.13,35.79,-19.29
627,603255,鼎际得,31.73,4.03,1.23,19285.0,59808349.0,7.41,32.2,29.94,30.5,30.5,0.73,3.18,48.79,2.64,4252745469.0,1925225619.0,0.0,-0.03,-0.69,8.33
628,002785,万里石,36.46,4.02,1.41,62980.0,225697543.2,4.56,36.48,34.88,35.61,35.05,0.5,3.24,160.95,10.1,8262554080.0,7083732204.0,-0.03,0.14,-8.58,3.23
629,301098,金埔园林,9.57,4.02,0.37,103961.0,97974296.14,6.74,9.67,9.05,9.19,9.2,1.31,5.39,-33.57,1.57,2214992970.0,1846882920.0,-0.1,0.1,13.79,11.54
630,002156,通富微电,59.15,4.01,2.28,663525.0,3893200683.27,3.92,59.88,57.65,57.88,56.87,0.97,4.37,26.13,5.33,89765857345.0,89757298931.0,0.0,0.12,3.37,57.23
631,300679,电连技术,44.72,4.0,1.72,208381.0,926709772.59,5.95,45.46,42.9,43.66,43.0,1.03,5.8,46.12,3.77,18997950400.0,16075577241.0,0.0,0.02,-17.19,-7.68
632,300836,佰奥智能,50.7,4.0,1.95,20424.0,102490610.26,5.48,51.0,48.33,48.8,48.75,1.08,3.22,104.16,7.36,4699160427.0,3216918143.0,0.32,-0.04,-21.81,-7.31
633,002745,木林森,11.19,4.0,0.43,528913.0,584589881.64,3.81,11.21,10.8,10.91,10.76,1.02,5.0,12.55,1.38,16607822005.0,11825450771.0,-0.09,-0.09,20.06,16.93
634,300413,芒果超媒,22.1,4.0,0.85,2187204.0,4620367505.32,9.41,22.22,20.22,21.0,21.25,1.2,21.41,102.49,1.79,41342930012.0,22579569072.0,0.82,1.24,40.85,-8.53
635,301269,华大九天,93.28,3.99,3.58,74501.0,688923563.07,3.57,93.98,90.78,92.88,89.7,1.22,1.36,-567.04,9.64,51105747165.0,51105586257.0,-0.02,-0.05,-1.36,-12.15
636,600378,昊华科技,47.57,3.98,1.82,634543.0,2981285126.0,4.92,48.04,45.79,46.88,45.75,0.61,5.92,34.06,3.29,61365281923.0,51021934318.0,0.02,0.08,-16.76,50.68
637,603386,骏亚科技,14.42,3.97,0.55,71106.0,101942940.0,4.9,14.55,13.87,13.9,13.87,1.71,2.18,-278.72,3.56,4705571315.0,4705571315.0,0.07,0.14,-16.31,-5.94
638,301631,壹连科技,65.5,3.97,2.5,37787.0,245498763.51,6.81,66.6,62.31,63.16,63.0,1.46,8.67,32.47,3.22,8382716986.0,2855435689.0,-0.05,-0.08,-12.25,-10.58
639,300703,创源股份,14.91,3.97,0.57,156001.0,228407971.0,6.56,14.94,14.0,14.46,14.34,3.31,9.19,-127.76,3.53,2689642334.0,2529654203.0,0.0,0.0,-0.33,-38.79
640,688308,欧科亿,87.51,3.96,3.33,76388.0,666074158.0,4.41,88.8,85.09,85.66,84.18,0.84,4.81,18.73,4.63,13894987267.0,13894987267.0,0.01,0.02,-37.62,178.78
641,300812,易天股份,19.67,3.96,0.75,67377.0,131896859.49,4.18,19.8,19.01,19.01,18.92,1.46,3.79,232.16,4.97,3857441213.0,3500073427.0,0.0,0.0,-25.29,-3.53
642,300592,华凯易佰,17.36,3.95,0.66,112942.0,192786641.88,4.73,17.39,16.6,16.6,16.7,0.91,3.28,20.58,2.86,6791741151.0,5969863113.0,0.0,0.12,32.82,63.62
643,000911,*ST广糖,6.05,3.95,0.23,209715.0,128027528.0,6.36,6.3,5.93,5.93,5.82,1.18,5.24,-75.55,-29.42,2421934899.0,2421934899.0,0.0,0.33,23.72,-17.24
644,000066,中国长城,14.79,3.94,0.56,1207163.0,1764704178.61,5.48,14.99,14.21,14.35,14.23,1.84,3.74,76.45,4.21,47709568512.0,47706473704.0,-0.07,0.48,-4.64,2.64
645,688362,甬矽电子,60.91,3.94,2.31,167888.0,1018169817.0,5.07,61.99,59.02,60.46,58.6,0.95,3.7,350.68,7.2,27605867140.0,27605867140.0,-0.1,-0.08,4.3,87.94
646,688322,奥比中光-W,95.79,3.93,3.62,72377.0,695970110.0,6.09,98.19,92.58,93.09,92.17,1.01,2.26,474.84,9.85,39545438978.0,30678068636.0,-0.07,0.07,-22.11,6.83
647,002224,三 力 士,3.97,3.93,0.15,648900.0,263609654.96,7.85,4.2,3.9,3.9,3.82,4.55,8.05,-154.81,1.12,3581401806.0,3201330065.0,0.25,0.51,10.89,-9.36
648,300913,兆龙互连,36.2,3.93,1.37,78153.0,280424345.75,3.45,36.3,35.1,35.49,34.83,1.26,2.73,58.61,4.69,12408676544.0,10347926384.0,0.0,0.08,-27.6,-31.01
649,002141,贤丰控股,6.63,3.92,0.25,1263065.0,833249480.5,3.29,6.66,6.45,6.5,6.38,0.8,12.23,109.62,8.31,6848364341.0,6848364341.0,0.0,0.3,102.13,77.75
650,600156,华升股份,9.02,3.92,0.34,197316.0,176882824.0,5.76,9.13,8.63,8.64,8.68,1.69,4.91,-75.56,10.45,3627038532.0,3627038532.0,0.11,0.11,-0.88,9.33
651,688267,中触媒,19.61,3.92,0.74,15575.0,30131217.0,5.14,19.76,18.79,18.87,18.87,0.8,0.68,27.79,1.56,4473752725.0,4473752725.0,0.1,0.2,-12.38,-9.21
652,301458,钧崴电子,36.71,3.91,1.38,55308.0,201261537.29,4.98,37.06,35.3,35.7,35.33,0.97,4.71,66.64,5.96,9789334557.0,4312763743.0,0.0,0.08,-23.2,15.66
653,688079,美迪凯,15.43,3.91,0.58,110453.0,170331309.0,4.51,15.63,14.96,14.96,14.85,1.27,2.73,-35.61,5.24,6353809808.0,6244724028.0,0.0,-0.06,-31.48,36.31
654,600822,上海物贸,8.79,3.9,0.33,96805.0,85358891.0,7.09,9.08,8.48,8.49,8.46,2.81,2.44,209.09,3.5,4359601914.0,3482140111.0,0.0,0.0,3.29,-17.93
655,605058,澳弘电子,28.54,3.9,1.07,23494.0,66510333.0,4.08,28.65,27.53,27.53,27.47,1.27,1.64,30.76,2.3,4079082925.0,4079082925.0,0.04,0.14,-21.64,-4.93
656,601799,星宇股份,79.28,3.88,2.96,76366.0,606337047.0,4.74,80.2,76.58,76.58,76.32,0.85,2.67,16.92,2.0,22648664338.0,22648664338.0,-0.14,-0.13,-32.75,-34.8
657,605100,华丰股份,33.82,3.87,1.26,73033.0,248430880.0,7.4,34.99,32.58,32.89,32.56,1.83,3.07,213.62,4.48,8083724040.0,8045940336.0,0.0,0.06,-1.83,5.29
658,300975,商络电子,25.22,3.87,0.94,386868.0,970449841.58,3.38,25.42,24.6,24.71,24.28,0.96,7.82,17.21,6.11,17326281333.0,12471942290.0,0.0,0.0,-29.94,99.84
659,301687,新广益,50.73,3.87,1.89,36487.0,183275070.15,5.14,51.08,48.57,48.73,48.84,0.82,11.71,62.53,4.9,7450410720.0,1580383878.0,0.0,0.02,-6.56,-28.57
660,300820,英杰电气,57.93,3.87,2.16,47751.0,274889321.55,4.52,58.33,55.81,56.85,55.77,0.82,4.27,66.64,5.0,12872285714.0,6475857869.0,-0.09,-0.05,-12.19,21.83
661,002329,皇氏集团,4.04,3.86,0.15,389053.0,155306903.0,3.86,4.04,3.89,3.89,3.89,0.9,5.97,-46.0,7.5,3362912099.0,2632045553.0,0.0,0.25,27.85,3.59
662,688418,震有科技,32.66,3.85,1.21,33923.0,109939483.0,4.45,32.95,31.55,32.0,31.45,1.34,1.76,-24.07,8.6,6288834346.0,6288834346.0,0.0,-0.15,-25.28,-24.89
663,001228,永泰运,31.01,3.85,1.15,26497.0,81210605.07,5.19,31.1,29.55,29.87,29.86,1.2,3.32,33.5,1.88,3220841525.0,2476601525.0,0.19,0.19,16.89,19.5
664,920394,民士达,46.69,3.85,1.73,18854.0,87591981.04,5.96,47.65,44.97,45.37,44.96,1.36,1.3,59.08,8.12,6828412500.0,6778118592.0,0.02,0.52,-27.04,14.66
665,002990,盛视科技,48.56,3.85,1.8,76626.0,369621185.67,5.41,49.09,46.56,47.15,46.76,1.14,5.55,59.61,4.94,12715539821.0,6702181419.0,0.04,-0.06,8.01,72.14
666,300421,力星股份,16.98,3.85,0.63,66004.0,111884228.48,5.75,17.25,16.31,16.33,16.35,1.41,2.83,117.68,3.96,4992637618.0,3963182040.0,0.0,-0.06,-15.82,-53.64
667,300511,雪榕生物,5.68,3.84,0.21,531405.0,300251035.51,4.57,5.71,5.46,5.46,5.47,0.85,9.33,101.93,2.23,3640011051.0,3235883010.0,0.18,0.35,1.07,-8.97
668,000822,山东海化,4.6,3.84,0.17,348292.0,159716148.27,8.35,4.77,4.4,4.45,4.43,3.15,3.89,-7.31,1.15,4117422860.0,4117422860.0,-0.22,-0.22,-0.22,-12.38
669,688767,博拓生物,38.94,3.84,1.44,25729.0,99342840.0,6.59,39.68,37.21,37.65,37.5,1.18,1.72,-175.65,2.72,5815040026.0,5815040026.0,0.0,-0.05,2.34,5.02
670,301231,荣信文化,29.8,3.83,1.1,92990.0,275787747.15,5.78,30.32,28.66,28.7,28.7,0.74,14.21,-77.1,3.12,2515120000.0,1949843800.0,-0.23,-0.2,-8.59,-4.12
671,301248,杰创智能,58.14,3.82,2.14,35220.0,201779027.0,4.48,58.17,55.66,56.15,56.0,0.93,3.14,-1370.19,5.87,8936408700.0,6530790618.0,0.09,0.16,-13.37,80.67
672,603929,亚翔集成,156.0,3.82,5.74,38709.0,598935179.0,4.21,157.5,151.17,152.17,150.26,1.16,1.81,33.93,13.94,33284160000.0,33284160000.0,-0.01,0.02,-28.47,66.22
673,688605,先锋精科,72.72,3.81,2.67,34212.0,246880379.0,3.93,73.33,70.58,71.99,70.05,0.66,3.16,133.7,8.75,14717063128.0,7879337806.0,-0.21,-0.27,-13.33,13.34
674,301323,新莱福,69.95,3.81,2.57,10663.0,73831146.0,5.15,70.47,67.0,68.31,67.38,0.78,1.56,43.51,3.28,7455578081.0,4795958277.0,-0.03,0.14,-32.34,29.11
675,688182,灿勤科技,27.51,3.81,1.01,55613.0,152010602.0,4.42,27.84,26.67,26.75,26.5,1.31,1.39,97.85,4.81,11004000000.0,11004000000.0,0.0,0.15,-21.08,-6.49
676,600114,东睦股份,29.98,3.81,1.1,176261.0,522558773.0,4.33,30.18,28.93,29.1,28.88,1.01,2.86,49.91,5.05,20012074667.0,18479176640.0,-0.03,-0.07,-22.27,-0.89
677,301666,大普微-UW,420.85,3.79,15.37,27989.0,1176115142.55,2.19,423.96,415.1,420.89,405.48,0.95,10.56,68.81,50.35,183581655106.0,11159402952.0,-0.03,-0.05,-29.15,813.3
678,003005,竞业达,19.18,3.79,0.7,455949.0,854839627.21,10.23,19.39,17.5,17.64,18.48,1.58,33.98,-29.84,2.54,4438035093.0,2573853867.0,0.37,0.37,29.16,-5.61
679,301596,瑞迪智驱,48.25,3.79,1.76,21705.0,104919332.05,7.01,49.49,46.23,46.62,46.49,1.3,4.95,55.75,5.74,5212516015.0,2115364824.0,-0.02,0.0,-12.87,-13.85
680,002850,科达利,178.83,3.79,6.53,48713.0,870795815.22,4.78,181.22,172.99,173.0,172.3,1.79,2.32,27.15,3.39,51204783213.0,37493656422.0,-0.03,-0.04,-5.27,15.11
681,603098,森特股份,11.26,3.78,0.41,77793.0,85818878.0,5.35,11.29,10.71,10.8,10.85,1.27,1.44,49.26,2.13,6074994952.0,6066887752.0,0.0,0.18,-2.6,-18.46
682,603690,至纯科技,24.17,3.78,0.88,212643.0,510327614.0,4.94,24.48,23.33,23.7,23.29,1.18,5.55,-16.14,2.87,9256245923.0,9256245923.0,-0.12,-0.12,-9.41,-23.15
683,301227,森鹰窗业,35.17,3.78,1.28,33036.0,115826724.1,5.69,35.68,33.75,33.75,33.89,1.38,4.47,-59.93,2.91,4623410814.0,2599359729.0,0.09,0.0,31.18,-7.13
684,600176,中国巨石,41.7,3.78,1.52,1742893.0,7199937674.0,4.36,42.05,40.3,40.45,40.18,0.75,4.39,28.45,5.03,166930801558.0,165615179068.0,0.0,0.02,0.22,146.6
685,600774,汉商集团,8.0,3.76,0.29,67832.0,53840420.0,4.93,8.03,7.65,7.71,7.71,1.28,2.35,281.59,1.55,2312066176.0,2310848376.0,0.0,0.0,12.2,-12.47
686,300174,元力股份,18.83,3.75,0.68,149518.0,277339049.09,4.19,18.85,18.09,18.39,18.15,0.97,4.12,33.63,1.94,6858081079.0,6832991102.0,0.05,0.21,-18.77,23.07
687,605222,起帆电缆,21.88,3.75,0.79,89240.0,194027387.0,6.64,22.37,20.97,21.1,21.09,1.27,2.16,23.01,1.89,9034421636.0,9034421636.0,0.05,0.05,-11.67,19.37
688,603359,*ST东珠,2.49,3.75,0.09,74064.0,18211434.0,5.42,2.52,2.39,2.41,2.4,0.76,1.66,-15.47,0.8,1110779040.0,1110779040.0,0.4,0.81,-4.96,-73.9
689,002198,ST嘉应,3.88,3.74,0.14,176248.0,68132186.0,5.61,3.93,3.72,3.75,3.74,2.0,3.47,-75.86,2.79,1969138210.0,1969016572.0,-0.26,0.26,7.48,-44.81
690,300234,开尔新材,10.54,3.74,0.38,111978.0,118052288.12,6.2,10.79,10.16,10.24,10.16,0.95,3.26,-2188.02,4.72,5303423289.0,3625623444.0,-0.09,0.0,-2.41,91.64
691,688136,科兴制药,21.1,3.74,0.76,59296.0,123759009.0,4.77,21.32,20.35,20.46,20.34,1.11,2.94,15.91,2.31,4261883500.0,4261883500.0,-0.42,0.48,12.06,-32.85
692,301193,家联科技,20.5,3.74,0.74,83257.0,173229756.4,9.87,21.76,19.81,19.81,19.76,1.45,4.52,-27.1,2.3,4938071386.0,3775718885.0,0.64,0.74,-4.65,-4.96
693,300745,欣锐科技,29.48,3.73,1.06,97538.0,281373500.19,5.24,29.54,28.05,28.47,28.42,1.26,6.86,106.73,2.22,4969341010.0,4192912335.0,0.1,0.37,-27.16,14.44
694,688536,思瑞浦,303.82,3.73,10.92,28337.0,858338360.0,4.92,307.99,293.58,298.9,292.9,1.04,2.09,68.15,6.34,41950093245.0,41212872800.0,-0.04,-0.41,-1.79,90.21
695,301510,固高科技,28.12,3.73,1.01,89200.0,248360601.4,6.01,28.57,26.94,27.18,27.11,0.94,2.35,67.9,7.53,11372258906.0,10686534709.0,0.0,0.07,-13.48,-24.81
696,300976,达瑞电子,61.16,3.73,2.2,73424.0,444697205.02,4.83,61.9,59.05,59.96,58.96,1.14,6.1,35.22,3.11,11444989756.0,7362176772.0,0.07,-0.05,-8.73,43.74
697,603609,禾丰股份,6.96,3.73,0.25,152745.0,105311499.0,4.17,7.03,6.75,6.85,6.71,2.98,1.69,-371.02,0.99,6291956462.0,6291956462.0,0.0,-0.14,13.73,-1.83
698,688820,盛合晶微,128.8,3.73,4.63,84054.0,1076379665.0,3.54,129.99,125.6,127.0,124.17,0.87,4.86,266.96,12.44,239925303694.0,22269860418.0,0.08,0.01,-17.54,554.47
699,300221,银禧科技,13.68,3.71,0.49,183282.0,249770656.0,3.71,13.77,13.28,13.28,13.19,1.29,3.97,34.7,4.41,6480964091.0,6320403012.0,0.07,0.0,-10.18,33.86
700,600673,东阳光,31.66,3.7,1.13,223922.0,704162841.0,4.26,31.8,30.5,30.53,30.53,0.8,0.75,122.39,9.09,95282513168.0,95029323969.0,0.0,0.0,0.64,41.15
701,603803,瑞斯康达,11.2,3.7,0.4,173808.0,194659013.0,4.63,11.4,10.9,10.9,10.8,0.96,4.09,-523.25,3.12,4758695838.0,4758695838.0,-0.09,-0.09,-2.61,0.99
702,000887,中鼎股份,21.32,3.7,0.76,425997.0,913206761.55,5.64,21.84,20.68,20.68,20.56,1.28,3.24,20.62,1.9,28067561406.0,28022381363.0,-0.05,-0.05,4.87,-7.55
703,003036,泰坦股份,52.68,3.7,1.88,66850.0,347163451.29,4.65,52.98,50.62,51.21,50.8,0.67,3.09,186.05,8.03,11410827523.0,11410535149.0,0.02,0.1,-35.88,241.86
704,300845,捷安高科,14.02,3.7,0.5,103349.0,145768743.22,4.29,14.4,13.82,13.9,13.52,1.39,7.11,-214.03,3.66,2883088222.0,2037790162.0,0.43,-0.21,2.34,26.65
705,301172,君逸数码,18.52,3.7,0.66,79298.0,145049044.37,5.15,18.63,17.71,17.99,17.86,1.0,4.77,129.25,2.8,4163270035.0,3079651056.0,-0.27,0.11,-15.93,9.91
706,688513,苑东生物,46.14,3.69,1.64,22625.0,103370798.0,6.07,46.8,44.1,44.5,44.5,1.43,1.28,31.39,2.78,8145198292.0,8145198292.0,0.17,0.04,-1.41,-24.45
707,688525,佰维存储,221.14,3.68,7.85,172511.0,3809855763.0,1.75,222.65,218.92,220.0,213.29,1.28,3.62,7.36,8.24,105446633345.0,105446633345.0,0.0,0.0,-32.52,93.0
708,603828,*ST利达,5.35,3.68,0.19,37001.0,19538462.0,4.84,5.4,5.15,5.4,5.16,1.75,0.62,-35.03,6.88,3188386845.0,3188276994.0,0.56,0.38,12.39,-36.16
709,300259,新天科技,4.51,3.68,0.16,425466.0,186443548.76,6.44,4.53,4.25,4.38,4.35,1.46,3.68,122.84,1.73,5209523708.0,5208313743.0,0.0,0.0,-16.79,4.16
710,301266,宇邦新材,25.89,3.68,0.92,173704.0,461957522.19,18.42,29.96,25.36,29.96,24.97,4.51,12.81,27.2,2.03,3701609805.0,3511523302.0,0.7,0.82,5.46,-6.9
711,603078,江化微,32.69,3.68,1.16,160596.0,519595540.0,4.88,33.11,31.57,31.94,31.53,0.82,4.16,134.3,6.33,12606481637.0,12606481637.0,0.15,0.12,-21.53,83.75
712,300903,科翔股份,89.16,3.67,3.16,226606.0,2018809377.37,5.56,90.88,86.1,87.6,86.0,0.96,6.45,-292.4,21.41,38819065957.0,31329017975.0,0.12,0.07,27.32,362.21
713,000713,国投丰乐,6.79,3.66,0.24,373273.0,252035524.39,5.19,6.84,6.5,6.5,6.55,0.81,6.08,-86.85,1.75,5419910228.0,4169161714.0,0.15,0.3,13.93,3.03
714,300151,昌红科技,16.14,3.66,0.57,127393.0,204978444.67,5.33,16.39,15.56,15.69,15.57,1.21,3.46,212.9,5.61,8594703314.0,5950782282.0,0.12,0.12,-22.07,7.6
715,301251,威尔高,55.64,3.65,1.96,66442.0,365728537.8,5.87,56.15,53.0,54.18,53.68,0.79,3.82,118.43,6.78,10491705745.0,9672077022.0,0.14,0.27,20.17,49.13
716,300533,冰川网络,16.18,3.65,0.57,241236.0,399479357.21,8.9,17.35,15.96,15.96,15.61,2.17,10.44,-117.07,4.16,5311032544.0,3737115424.0,0.31,0.25,9.18,-32.84
717,301533,威马农机,30.07,3.65,1.06,33208.0,99569849.8,4.34,30.45,29.19,29.52,29.01,0.65,11.63,70.1,2.66,2956082469.0,858474444.0,-0.03,0.13,15.65,-25.22
718,603986,兆易创新,385.44,3.65,13.56,349656.0,13412085197.0,1.6,386.26,380.3,382.81,371.88,1.32,5.21,19.79,7.24,271338746823.0,258521671959.0,0.01,0.04,-19.95,80.53
719,300283,温州宏丰,13.07,3.65,0.46,290599.0,377822192.16,4.04,13.16,12.65,12.76,12.61,1.07,7.65,35.17,5.41,6495505362.0,4964881151.0,0.0,0.08,-20.69,73.8
720,603688,石英股份,46.62,3.65,1.64,159414.0,740969971.0,4.34,47.06,45.11,45.87,44.98,0.99,2.94,138.18,4.31,25253041833.0,25253041833.0,-0.02,-0.02,-34.15,27.76
721,301611,珂玛科技,90.09,3.65,3.17,86667.0,772798464.47,5.13,91.06,86.6,88.3,86.92,1.22,5.91,199.9,21.17,39279240000.0,13205458686.0,-0.08,-0.06,-17.01,5.21
722,001232,嘉立创,167.91,3.65,5.92,48885.0,825153566.36,5.22,173.33,164.88,166.66,161.99,1.2,11.06,45.27,7.35,93284079600.0,7422721643.0,-0.01,-0.01,98.8,98.8
723,300050,世纪鼎利,7.1,3.65,0.25,411661.0,291266726.0,5.11,7.18,6.83,6.83,6.85,1.03,7.56,322.77,9.32,3868411698.0,3866053298.0,-0.14,0.0,12.52,28.39
724,920866,绿亨科技,7.42,3.63,0.26,92631.0,68644782.01,5.45,7.57,7.18,7.18,7.16,0.75,8.12,48.7,1.74,1337127778.0,846713259.0,-0.13,-0.13,15.58,-7.94
725,002273,水晶光电,25.79,3.62,0.9,356845.0,914128426.72,4.82,26.13,24.93,24.98,24.89,1.3,2.61,34.2,3.56,35864404980.0,35231238713.0,-0.08,-0.12,-20.38,3.49
726,300196,长海股份,16.87,3.62,0.59,116685.0,194902804.6,4.85,16.99,16.2,16.28,16.28,1.12,4.72,22.05,1.48,6899113700.0,4169677666.0,0.0,0.0,-33.14,18.72
727,688669,聚石化学,72.5,3.6,2.52,21363.0,152154903.0,3.59,72.51,70.0,70.99,69.98,0.72,1.76,-41.97,8.45,8796666715.0,8796666715.0,0.0,0.21,49.76,211.96
728,300706,阿石创,48.6,3.58,1.68,63855.0,308603605.0,4.71,49.26,47.05,47.86,46.92,1.13,5.61,101.17,10.5,7461864131.0,5532153746.0,0.06,0.04,-32.36,43.24
729,301000,肇民科技,24.29,3.58,0.84,31107.0,74916628.7,4.05,24.33,23.38,23.47,23.45,1.3,1.35,48.65,4.55,5916773312.0,5586234992.0,-0.04,0.25,-15.13,-37.96
730,688301,奕瑞科技,93.94,3.57,3.24,44479.0,415942505.0,5.89,95.34,90.0,90.3,90.7,1.06,1.42,36.29,3.76,29441678566.0,29441678566.0,0.23,0.2,-16.05,31.35
731,002951,金时科技,16.38,3.54,0.56,71691.0,116931588.0,7.4,16.71,15.54,15.83,15.82,1.62,1.79,-663.59,4.34,6602186682.0,6570376624.0,0.06,0.06,4.0,9.93
732,603161,科华控股,17.86,3.54,0.61,123233.0,217195793.0,5.16,17.99,17.1,17.25,17.25,1.87,6.46,-526.33,2.22,4003521765.0,3406772675.0,0.0,0.22,24.46,31.71
733,002491,通鼎互联,21.1,3.53,0.72,1211556.0,2537370880.67,4.37,21.29,20.4,20.67,20.38,0.84,10.3,64.07,9.71,25952883950.0,24823491596.0,0.0,0.05,-7.17,251.67
734,301222,浙江恒威,25.23,3.53,0.86,17824.0,45017873.8,5.87,25.7,24.27,24.38,24.37,1.01,1.67,40.37,2.48,3540733795.0,2689521734.0,-0.12,-0.08,-23.06,26.09
735,688323,瑞华泰,25.61,3.52,0.87,90328.0,228874819.0,6.06,25.8,24.3,25.01,24.74,0.82,4.51,-65.61,4.21,5132200130.0,5132200130.0,-0.08,0.08,-40.58,13.77
736,002371,北方华创,660.65,3.52,22.48,80581.0,5314211739.99,2.48,667.86,652.02,652.21,638.17,1.24,1.11,71.13,11.82,479426569980.0,479027856474.0,0.0,0.0,-0.87,44.15
737,003004,声迅股份,77.9,3.52,2.65,25680.0,198202415.51,5.02,78.78,75.0,75.5,75.25,1.92,3.74,-218.04,10.29,6377193448.0,5355065600.0,0.01,0.0,21.93,247.77
738,688607,康众医疗,40.03,3.52,1.36,16169.0,63781574.0,4.76,40.2,38.36,38.36,38.67,1.04,1.83,-74.4,4.21,3527804951.0,3527804951.0,-0.02,0.35,-27.81,-6.47
739,000019,深粮控股,7.38,3.51,0.25,335172.0,245842382.01,4.07,7.42,7.13,7.13,7.13,0.86,8.05,38.02,1.71,8505710175.0,3071621734.0,0.14,0.14,14.06,8.05
740,688047,龙芯中科,105.48,3.51,3.58,61667.0,636919062.0,7.22,107.5,100.14,102.05,101.9,2.36,1.54,-94.45,18.42,42297480000.0,42297480000.0,0.02,0.12,-24.96,-20.16
741,300765,石药创新,45.42,3.51,1.54,197067.0,871436737.34,6.59,45.77,42.88,43.52,43.88,1.03,1.4,25.29,16.21,63796611516.0,63796611516.0,0.02,0.0,95.52,25.92
742,300106,西部牧业,11.84,3.5,0.4,137163.0,159415631.47,4.55,11.9,11.38,11.45,11.44,0.91,6.49,40.56,6.21,2502174550.0,2502174550.0,0.08,0.17,2.07,10.14
743,603970,中农立华,11.53,3.5,0.39,74526.0,85991525.0,6.82,11.83,11.07,11.07,11.14,1.33,2.77,12.48,1.94,3099265545.0,3099265545.0,0.09,0.09,7.36,-8.05
744,300364,中文在线,26.61,3.5,0.9,1062068.0,2772658756.02,5.8,26.9,25.41,26.36,25.71,0.73,16.07,-225.44,73.59,19385388140.0,17591489492.0,0.08,0.23,21.4,5.93
745,301099,雅创电子,49.93,3.5,1.69,58881.0,293024460.49,4.73,50.49,48.21,48.8,48.24,1.11,5.12,19.4,5.98,9433050664.0,5740676236.0,-0.02,0.02,-4.59,52.13
746,301018,申菱环境,106.52,3.5,3.6,171475.0,1817422873.01,7.0,108.21,101.01,103.03,102.92,0.79,6.06,368.84,14.61,39868448230.0,30126295201.0,0.03,-0.08,8.47,135.72
747,688797,臻宝科技,273.54,3.5,9.24,23045.0,625673090.0,4.12,276.0,265.11,269.0,264.3,0.97,7.89,198.28,14.52,42478107568.0,7985370611.0,-0.02,-0.08,513.87,513.87
748,688478,晶升股份,43.0,3.49,1.45,37543.0,160510272.0,4.0,43.47,41.81,42.31,41.55,0.79,2.71,-252.86,3.96,5949742128.0,5949742128.0,0.16,-0.14,-25.61,14.94
749,600576,祥源文旅,5.94,3.48,0.2,324610.0,192428946.0,7.32,6.15,5.73,5.75,5.74,1.97,4.92,67.41,2.42,6264017734.0,3922717093.0,-0.17,0.0,-3.88,-4.81
750,002838,道恩股份,25.6,3.48,0.86,71129.0,180052156.5,4.12,25.72,24.7,24.9,24.74,1.07,1.69,25.84,3.19,12246999091.0,10768367898.0,-0.16,-0.04,-23.24,6.71
751,301577,美信科技,58.03,3.48,1.95,11664.0,67160592.0,5.81,58.46,55.2,55.65,56.08,1.19,6.19,-68.98,3.58,2613061885.0,1093352225.0,-0.1,0.03,-35.52,2.78
752,002452,长高电气,12.22,3.47,0.41,274200.0,333243142.84,4.49,12.3,11.77,11.78,11.81,1.62,5.29,6.52,2.44,7580458079.0,6328496032.0,0.0,-0.08,14.31,50.12
753,301360,荣旗科技,55.45,3.47,1.86,16756.0,92393096.05,4.27,55.85,53.56,53.63,53.59,0.71,4.92,7845.98,3.24,3869609302.0,1888322469.0,-0.07,0.31,-20.17,2.17
754,600712,南宁百货,5.97,3.47,0.2,256425.0,152396634.0,5.55,6.07,5.75,5.75,5.77,1.45,4.76,1147.04,4.3,3251592499.0,3215730775.0,0.34,0.51,11.17,-12.46
755,002409,雅克科技,131.0,3.46,4.38,137498.0,1790352859.35,3.15,131.99,128.0,128.72,126.62,0.93,4.32,55.58,7.79,62346525818.0,41726479857.0,0.0,0.01,-1.5,77.53
756,300260,新莱应材,55.53,3.45,1.85,106812.0,591295996.25,4.81,56.36,53.78,54.64,53.68,0.82,3.71,113.27,10.37,22645508939.0,15972479556.0,0.0,0.02,-24.03,-2.3
757,300661,圣邦股份,110.6,3.44,3.68,105847.0,1165650119.71,4.93,112.51,107.24,108.84,106.92,1.13,1.76,90.21,7.76,75831148382.0,66568760486.0,-0.05,-0.07,-0.75,61.6
758,300788,中信出版,26.46,3.44,0.88,82782.0,215626666.0,3.91,26.5,25.5,25.89,25.58,1.51,4.35,32.65,2.24,5031409087.0,5031409087.0,-0.11,0.0,7.69,-2.76
759,001324,长青科技,19.88,3.43,0.66,37845.0,74282091.7,4.11,19.92,19.13,19.24,19.22,1.07,2.74,58.34,2.38,2743440000.0,2743440000.0,0.0,0.15,10.51,10.63
760,605589,圣泉集团,38.12,3.42,1.26,211557.0,803045259.0,3.77,38.46,37.07,37.09,36.86,0.86,2.5,36.05,2.99,32264100824.0,32246432204.0,-0.03,0.0,-34.64,37.87
761,301279,金道科技,23.86,3.42,0.79,33873.0,79675766.0,4.72,23.99,22.9,23.34,23.07,1.2,2.6,54.87,2.94,4021000249.0,3113723749.0,0.13,0.08,0.17,-9.79
762,300751,迈为股份,198.48,3.42,6.56,69415.0,1378886791.52,5.25,201.75,191.67,191.68,191.92,1.09,3.6,109.79,6.88,55356419737.0,38276700284.0,-0.11,-0.18,-6.82,-3.41
763,002251,步步高,3.93,3.42,0.13,1478488.0,579057857.85,4.74,3.97,3.79,3.8,3.8,1.25,6.65,36.89,1.24,10566589778.0,8734315428.0,-0.25,-0.25,-1.75,-25.99
764,000070,特发信息,16.05,3.41,0.53,648709.0,1029077637.92,5.22,16.16,15.35,15.6,15.52,1.23,7.57,112.28,13.14,13937706831.0,13750308508.0,0.0,0.0,-6.14,36.71
765,002820,桂发祥,10.61,3.41,0.35,158797.0,167481114.87,4.19,10.65,10.22,10.26,10.26,1.0,7.91,-153.85,2.56,2131212610.0,2131212610.0,0.0,0.0,13.96,-10.84
766,300518,新迅达,25.47,3.41,0.84,68854.0,174634749.89,5.4,25.95,24.62,25.13,24.63,0.63,3.45,-44.58,8.21,5079012841.0,5078118844.0,-0.08,-0.08,-3.71,45.54
767,603730,岱美股份,11.21,3.41,0.37,180033.0,200620129.0,4.8,11.3,10.78,10.82,10.84,1.22,0.84,28.65,5.17,24085735164.0,24085735164.0,-0.09,0.0,-10.32,31.73
768,002248,华东数控,10.03,3.4,0.33,183940.0,182892790.94,4.54,10.09,9.65,9.7,9.7,0.93,5.98,120.14,25.74,3084180868.0,3084180868.0,0.1,0.0,5.03,-13.01
769,300054,鼎龙股份,68.45,3.4,2.25,214751.0,1465485954.81,3.97,69.45,66.82,67.39,66.2,1.06,2.88,61.71,11.62,65344146483.0,50956028218.0,-0.04,0.07,-13.23,82.53
770,300959,线上线下,96.58,3.39,3.17,29415.0,283051932.45,5.36,97.99,92.98,93.0,93.41,1.21,4.96,-925.43,7.04,7761922124.0,5730874954.0,0.01,0.06,-41.05,1.99
771,688401,路维光电,65.5,3.39,2.15,37163.0,242498064.0,4.09,66.33,63.74,63.74,63.35,0.9,1.92,46.53,5.05,13451717184.0,12664397163.0,0.0,-0.15,-13.79,35.3
772,920981,晶赛科技,30.37,3.37,0.99,27656.0,84092172.03,5.65,30.99,29.33,29.76,29.38,1.37,7.19,140.59,4.5,2322333160.0,1168112108.0,-0.03,-0.1,-16.75,-4.97
773,300859,西域旅游,29.85,3.36,0.97,101805.0,300412926.6,4.78,29.98,28.6,28.6,28.88,1.08,6.57,628.79,6.25,4626750000.0,4626750000.0,0.03,0.2,-1.45,-18.6
774,920357,雅葆轩,15.99,3.36,0.52,34010.0,53983929.68,4.91,16.14,15.38,15.65,15.47,0.83,5.4,28.77,3.92,1664622960.0,1006664521.0,0.13,0.06,-16.76,-10.02
775,688019,安集科技,219.65,3.36,7.15,49490.0,1088660533.0,3.73,222.92,215.0,216.87,212.5,0.98,2.17,47.16,10.27,50158514670.0,50158514670.0,-0.07,-0.12,-2.38,31.33
776,002623,亚玛顿,16.0,3.36,0.52,34324.0,54599156.0,4.91,16.11,15.35,15.5,15.48,1.27,1.78,-14.59,1.2,3089000208.0,3082178208.0,0.06,0.0,-7.99,-9.66
777,301182,凯旺科技,73.38,3.35,2.38,53927.0,389597518.24,10.13,76.2,69.01,71.66,71.0,1.56,6.17,-47.93,11.29,7031396346.0,6412252596.0,0.41,-0.16,-10.73,72.17
778,003042,中农联合,14.86,3.34,0.48,52137.0,76803853.0,4.1,14.89,14.3,14.3,14.38,0.7,3.68,-25.01,1.79,2117252800.0,2102764300.0,-0.13,0.2,6.91,-7.47
779,601952,苏垦农发,9.63,3.33,0.31,383172.0,365553202.0,4.08,9.68,9.3,9.32,9.32,0.83,2.78,46.09,1.84,13270140000.0,13270140000.0,0.21,0.21,13.16,7.36
780,300087,ST荃银,6.2,3.33,0.2,245182.0,152441158.22,4.0,6.33,6.09,6.1,6.0,0.78,2.76,-52.99,3.6,5873456856.0,5517170248.0,0.0,0.49,-11.17,-46.92
781,000677,ST海龙,1.86,3.33,0.06,341998.0,63100075.56,2.78,1.87,1.82,1.82,1.8,0.88,3.96,45.89,3.05,1606998983.0,1606998983.0,0.0,0.54,3.33,-57.63
782,000558,天府文旅,4.03,3.33,0.13,519816.0,207144449.55,3.85,4.03,3.88,3.9,3.9,0.94,4.03,-123.32,5.07,5195572514.0,5193379928.0,0.25,0.5,0.5,-21.75
783,603330,天洋新材,10.89,3.32,0.35,686110.0,740868991.0,8.82,11.4,10.47,10.65,10.54,0.83,16.87,382.13,3.58,4711816038.0,4429107075.0,0.83,0.18,27.52,50.41
784,300643,万通智控,18.36,3.32,0.59,52790.0,96071227.94,4.28,18.46,17.7,17.78,17.77,1.45,2.28,21.41,3.22,4251842839.0,4242983203.0,0.0,0.0,9.29,-4.47
785,688257,新锐股份,52.8,3.31,1.69,131880.0,693934434.0,4.5,53.5,51.2,51.44,51.11,1.11,3.71,16.6,6.53,18757901131.0,18757901131.0,0.02,0.02,-34.3,117.19
786,603595,ST东尼,30.87,3.31,0.99,25908.0,79471642.0,4.48,31.34,30.0,30.45,29.88,0.73,1.11,25.1,4.25,7175494604.0,7175494604.0,-0.03,0.0,21.11,82.55
787,002122,ST汇洲,2.82,3.3,0.09,125252.0,35036566.0,3.3,2.83,2.74,2.74,2.73,1.13,0.63,-39.64,2.67,5644231622.0,5602836737.0,0.0,0.36,6.42,-6.0
788,301421,波长光电,76.62,3.29,2.44,32071.0,244487597.58,4.25,77.15,74.0,74.9,74.18,1.07,5.28,153.68,7.31,8866313160.0,4652490908.0,0.16,0.18,-18.38,-26.36
789,002185,华天科技,16.08,3.28,0.51,1658981.0,2652181699.29,2.44,16.13,15.75,15.88,15.57,1.18,4.99,32.88,2.81,53494267161.0,53482506635.0,0.0,0.19,0.12,46.85
790,002782,可立克,15.74,3.28,0.5,87556.0,136570092.0,3.61,15.81,15.26,15.34,15.24,0.88,1.79,54.26,3.55,7792024245.0,7708329738.0,-0.06,-0.06,-28.62,-12.36
791,002321,华英农业,2.21,3.27,0.07,619159.0,135861861.0,4.21,2.22,2.13,2.15,2.14,1.74,2.91,-80.49,5.19,4713687057.0,4696802520.0,-0.45,-0.45,20.11,-3.91
792,301285,鸿日达,86.73,3.27,2.75,15824.0,135958665.2,4.93,87.5,83.36,83.36,83.98,0.58,0.77,-198.52,19.58,17924489100.0,17924489100.0,0.15,0.07,-18.15,27.96
793,688679,通源环境,42.6,3.27,1.35,35541.0,149898118.0,6.21,43.11,40.55,41.2,41.25,0.71,2.7,-432.81,5.14,5609980155.0,5609980155.0,-0.09,-0.02,-16.21,60.15
794,600467,好当家,2.53,3.27,0.08,629942.0,158511807.0,2.86,2.54,2.47,2.47,2.45,1.66,4.31,61.65,1.07,3696315589.0,3696315589.0,0.0,0.0,16.06,-2.32
795,300373,扬杰科技,89.0,3.26,2.81,96181.0,852884907.68,2.96,89.57,87.02,87.78,86.19,0.78,1.77,31.37,4.83,48357953043.0,48250759040.0,0.0,0.0,-7.94,31.85
796,002910,庄园牧场,10.49,3.25,0.33,70741.0,73396577.6,4.04,10.52,10.11,10.23,10.16,0.96,4.14,-41.84,2.06,2051207750.0,1794311615.0,0.19,0.1,3.76,-5.58
797,001386,马可波罗,16.54,3.25,0.52,51530.0,84198710.83,4.43,16.63,15.92,16.06,16.02,1.07,4.79,22.9,1.63,19763976800.0,1778757912.0,0.0,-0.24,0.92,-26.26
798,603067,振华股份,38.15,3.25,1.2,614919.0,2361280540.0,7.33,39.6,36.89,37.02,36.95,1.48,8.14,46.76,6.66,28823294163.0,28823294163.0,0.16,0.32,19.67,33.16
799,603886,元祖股份,13.05,3.24,0.41,62155.0,80632141.0,4.27,13.13,12.59,12.64,12.64,1.24,2.59,-24.78,2.33,3132000000.0,3132000000.0,0.38,0.46,4.23,-2.39
800,603029,天鹅股份,17.21,3.24,0.54,60701.0,103736471.0,3.3,17.36,16.81,17.1,16.67,0.48,5.0,53.77,2.2,2088295820.0,2088295820.0,0.58,0.88,10.89,-4.71
801,300726,宏达电子,50.38,3.24,1.58,89234.0,445284622.13,4.22,50.96,48.9,49.0,48.8,0.79,4.16,45.98,4.22,20748491391.0,10803407751.0,-0.02,-0.06,-16.51,0.94
802,300503,昊志机电,66.27,3.24,2.08,111357.0,739121662.82,4.97,67.35,64.16,64.73,64.19,1.11,4.58,44.31,12.85,20589343197.0,16122295423.0,0.0,-0.03,-16.01,4.17
803,001309,德明利,403.98,3.24,12.68,106160.0,4290201052.81,2.38,407.8,398.5,401.12,391.3,1.05,6.43,7.61,9.37,91639982623.0,66747051743.0,0.0,0.0,-34.57,74.51
804,605003,众望布艺,23.98,3.23,0.75,16507.0,39212718.0,3.66,24.0,23.15,23.24,23.23,1.26,1.5,45.28,1.84,2637800000.0,2637800000.0,0.33,0.42,4.49,-31.58
805,002637,赞宇科技,12.78,3.23,0.4,322756.0,409743161.29,4.12,12.9,12.39,12.48,12.38,1.37,6.94,21.58,1.63,6011724780.0,5939771974.0,0.0,0.08,1.75,26.16
806,301308,江波龙,358.22,3.23,11.22,104265.0,3722970399.93,1.65,359.53,353.8,355.19,347.0,1.32,3.7,7.28,6.92,153915724335.0,100964984752.0,0.0,0.03,-30.43,46.9
807,688548,广钢气体,29.7,3.23,0.93,298954.0,889683822.0,4.8,30.3,28.92,29.08,28.77,0.93,2.27,76.57,6.34,39186136074.0,39186136074.0,0.13,0.07,2.8,105.11
808,002620,*ST瑞和,6.09,3.22,0.19,135843.0,83143355.75,5.08,6.2,5.9,5.9,5.9,1.94,4.3,-27.38,-23.63,2298938460.0,1924947419.0,-0.16,0.16,5.0,20.83
809,600522,中天科技,32.72,3.22,1.02,1263320.0,4104714812.0,2.78,32.85,31.97,32.1,31.7,0.83,3.7,23.39,2.9,111671712613.0,111671712613.0,0.0,0.09,-32.31,83.2
810,600769,祥龙电业,15.37,3.22,0.48,77620.0,118755004.0,3.9,15.47,14.89,14.89,14.89,0.9,2.07,310.76,43.91,5763399564.0,5763399564.0,0.07,0.07,-2.47,27.66
811,603223,恒通股份,10.62,3.21,0.33,155197.0,163516068.0,5.83,10.7,10.1,10.29,10.29,1.87,2.2,20.33,1.81,7495831690.0,7495831690.0,0.0,0.09,14.81,15.06
812,002481,双塔食品,4.5,3.21,0.14,245313.0,109454245.16,4.13,4.51,4.33,4.37,4.36,1.89,2.19,83.74,2.27,5551634250.0,5031686700.0,0.0,0.22,10.29,-11.94
813,688683,莱尔科技,29.38,3.2,0.91,12419.0,36382065.0,4.07,29.7,28.54,28.66,28.47,1.23,0.77,93.51,3.91,4733053364.0,4733053364.0,0.07,0.14,-23.49,-7.08
814,300243,瑞丰高材,15.85,3.19,0.49,143187.0,225874297.91,4.1,15.99,15.36,15.58,15.36,0.82,6.4,37.59,2.86,4431058873.0,3544834383.0,0.0,0.06,-12.48,53.29
815,600520,三佳科技,25.23,3.19,0.78,91620.0,231144010.0,4.38,25.98,24.91,25.0,24.45,0.74,5.78,347.49,10.03,3997188900.0,3997188900.0,-0.08,0.08,-6.17,2.56
816,002650,ST加加,6.15,3.19,0.19,45591.0,27823820.76,7.05,6.3,5.88,5.94,5.96,2.27,0.41,81.95,3.75,6808565518.0,6808334893.0,0.16,0.33,-16.67,-4.8
817,688227,品高股份,73.35,3.19,2.27,28233.0,203923844.0,5.19,73.98,70.29,71.0,71.08,0.76,2.5,937.15,6.55,8292604421.0,8292604421.0,0.0,0.08,-9.52,12.83
818,688556,高测股份,8.12,3.18,0.25,305520.0,244237654.0,5.21,8.22,7.81,7.82,7.87,1.43,3.68,-6.89,1.96,6745884344.0,6745884344.0,-0.12,0.0,-23.4,-28.9
819,301536,星宸科技,123.69,3.18,3.81,162932.0,1972793892.3,6.0,124.75,117.56,121.99,119.88,0.92,8.7,30.22,13.44,52161957046.0,23153934577.0,-0.01,0.06,35.94,107.5
820,688685,迈信林,38.94,3.18,1.2,30542.0,118366994.0,4.19,39.32,37.74,37.74,37.74,1.15,2.08,265.56,7.07,5718403913.0,5718403913.0,0.1,0.28,-9.57,-29.76
821,688609,九联科技,9.09,3.18,0.28,128591.0,115343757.0,3.97,9.13,8.78,8.87,8.81,0.95,2.57,67.57,4.82,4744551843.0,4545000000.0,0.11,0.0,-13.59,-10.97
822,601882,海天精工,23.35,3.18,0.72,123467.0,283641495.0,5.74,23.5,22.2,22.76,22.63,0.95,2.37,21.54,3.96,12188700000.0,12188700000.0,0.04,0.0,16.98,21.87
823,002694,*ST顾地,2.6,3.17,0.08,36641.0,9314494.4,7.54,2.65,2.46,2.51,2.52,0.77,0.51,-53.65,-23.96,1984020480.0,1868869665.0,-0.38,1.17,11.11,-30.85
824,688409,富创精密,184.77,3.17,5.67,53209.0,978629987.0,3.95,187.31,180.24,182.48,179.1,0.79,1.74,210.85,12.21,56578564158.0,56578564158.0,0.28,0.02,1.52,174.14
825,001360,南矿集团,19.2,3.17,0.59,94039.0,176891024.73,6.13,19.34,18.2,18.8,18.61,1.46,7.49,66.97,2.78,3916800000.0,2409299597.0,-0.21,-0.16,3.56,-10.07
826,300209,行云科技,35.91,3.16,1.1,691338.0,2466030828.37,7.21,36.5,33.99,35.41,34.81,1.13,9.31,1387.69,35.49,33347323285.0,26677858635.0,-0.03,0.03,37.74,558.9
827,688066,*ST航图,8.15,3.16,0.25,50359.0,40525723.0,5.44,8.29,7.86,8.02,7.9,0.79,1.91,-3.06,-1.52,2146134749.0,2146134749.0,0.0,0.12,-33.47,-74.97
828,600229,城市传媒,5.55,3.16,0.17,153710.0,84136281.0,4.65,5.6,5.35,5.37,5.38,1.55,2.33,-81.47,1.35,3666928201.0,3666928201.0,0.0,0.18,-10.34,-12.46
829,000029,深深房Ａ,22.86,3.16,0.7,54731.0,123989902.72,4.56,23.03,22.02,22.19,22.16,1.03,0.61,-1350.83,6.47,23126547600.0,20383347600.0,-0.44,-0.48,-9.68,3.96
830,600206,有研新材,46.65,3.16,1.43,573636.0,2663272461.0,3.74,46.99,45.3,45.82,45.22,0.97,6.78,107.7,9.13,39491712938.0,39491712938.0,0.0,0.06,41.58,131.05
831,600356,恒丰纸业,9.13,3.16,0.28,69630.0,63450200.0,4.18,9.25,8.88,8.91,8.85,1.65,2.33,13.43,0.98,3008668282.0,2727417481.0,0.0,-0.11,9.34,6.29
832,600498,烽火通信,38.99,3.15,1.19,601324.0,2331458996.0,3.41,39.29,38.0,38.36,37.8,0.74,4.73,137.33,3.01,52954950123.0,49580520569.0,-0.03,-0.03,-38.14,21.92
833,002645,华宏科技,18.02,3.15,0.55,194303.0,346837908.65,4.01,18.13,17.43,17.5,17.47,0.94,2.86,19.8,3.13,13571230185.0,12257447036.0,0.06,0.17,-38.56,48.68
834,000545,金浦钛业,2.29,3.15,0.07,932978.0,213247295.0,5.41,2.34,2.22,2.23,2.22,0.67,9.47,-79.22,3.53,2259847790.0,2256573090.0,0.0,0.0,-3.38,-18.79
835,300236,上海新阳,83.75,3.14,2.55,57788.0,482573627.63,3.44,84.79,82.0,82.42,81.2,1.07,2.07,61.54,3.84,26245755314.0,23341050128.0,-0.05,-0.01,-12.51,32.35
836,688291,金橙子,44.4,3.14,1.35,43068.0,191074825.0,6.39,45.8,43.05,45.3,43.05,1.47,4.19,35.63,4.45,4558401480.0,4558401480.0,0.0,-0.05,-2.97,4.18
837,600753,ST海钦,11.17,3.14,0.34,21293.0,23822781.0,4.62,11.37,10.87,10.87,10.83,1.3,0.92,61.32,29.76,2572531145.0,2572531145.0,0.45,0.63,2.01,31.57
838,002931,锋龙股份,45.05,3.14,1.37,65275.0,294337692.42,5.04,46.0,43.8,43.8,43.68,1.26,3.22,-2442.49,9.64,9843688813.0,9126042403.0,-0.11,0.38,-30.11,42.34
839,300989,蕾奥规划,15.16,3.13,0.46,42847.0,63697498.6,5.31,15.23,14.45,14.8,14.7,0.8,2.63,-32.67,3.38,3192063328.0,2469477467.0,0.13,0.2,6.69,-14.06
840,002187,广百股份,5.93,3.13,0.18,235846.0,138839123.5,3.83,5.94,5.72,5.74,5.75,1.34,3.36,96.42,1.04,4156305174.0,4156305174.0,0.0,0.0,12.52,-21.66
841,300594,ST朗进,15.82,3.13,0.48,31967.0,50992871.0,6.71,16.44,15.41,15.41,15.34,1.53,3.51,-16.32,1.99,1453437979.0,1439471688.0,0.19,0.06,4.77,-19.33
842,000564,供销大集,1.65,3.13,0.05,5426587.0,889948069.44,4.38,1.67,1.6,1.61,1.6,0.81,3.59,561.17,2.08,29795804534.0,24906551216.0,0.0,0.61,13.01,-34.0
843,600778,友好集团,5.95,3.12,0.18,149406.0,88682856.0,4.51,6.03,5.77,5.79,5.77,1.24,4.8,71.52,7.53,1853373544.0,1851728548.0,0.17,0.0,3.48,-10.79
844,000929,兰州黄河,9.95,3.11,0.3,60390.0,59673459.0,3.83,10.06,9.69,9.72,9.65,1.42,3.25,-35.79,5.44,1848371700.0,1848283623.0,0.0,0.0,4.96,12.94
845,300420,五洋自控,8.29,3.11,0.25,871206.0,709085791.34,6.22,8.3,7.8,7.96,8.04,0.72,7.8,-1418.18,3.89,9254819721.0,9253945126.0,0.0,0.12,32.22,108.29
846,300782,卓胜微,73.7,3.11,2.22,89673.0,655248172.67,3.9,74.34,71.55,72.53,71.48,1.18,1.96,-57.15,3.27,42376540868.0,33796274992.0,-0.07,-0.32,-17.89,-9.55
847,300042,朗科科技,38.61,3.1,1.16,92224.0,355927093.04,2.75,38.98,37.95,37.95,37.45,1.29,4.6,40.69,6.84,7737444000.0,7736731646.0,-0.03,0.03,-35.16,50.64
848,002772,众兴菌业,11.96,3.1,0.36,212867.0,254439386.5,5.95,12.15,11.46,11.53,11.6,0.78,5.73,11.74,1.26,4481920695.0,4444774059.0,0.0,0.17,-7.79,-15.48
849,688458,美芯晟,37.06,3.09,1.11,22544.0,82590758.0,4.76,37.41,35.7,36.6,35.95,0.87,2.41,-402.54,2.27,4133547471.0,3473692688.0,0.0,0.14,-0.72,-6.51
850,301563,云汉芯城,117.4,3.09,3.52,13422.0,156752557.15,3.11,118.24,114.7,114.8,113.88,0.94,7.01,29.95,7.58,9938018947.0,2246530710.0,0.02,-0.08,-31.4,0.26
851,000998,隆平高科,9.68,3.09,0.29,766026.0,742426697.14,5.22,9.89,9.4,9.4,9.39,0.95,5.83,-26.08,2.15,14224257230.0,12729689285.0,0.1,0.1,13.88,3.86
852,600549,厦门钨业,50.3,3.09,1.51,337232.0,1685156633.0,2.79,50.58,49.22,49.58,48.79,0.89,2.17,18.14,4.27,79855567048.0,78162778594.0,0.02,0.08,-22.38,23.71
853,600481,双良节能,4.34,3.09,0.13,391740.0,167680955.0,3.56,4.34,4.19,4.22,4.21,1.16,1.9,-5.85,2.25,8958633594.0,8958633594.0,0.23,0.23,-13.89,-33.64
854,300302,同有科技,28.02,3.09,0.84,183542.0,513591538.08,1.66,28.17,27.72,27.72,27.18,0.92,4.94,26.05,10.45,13428971620.0,10411837787.0,0.07,0.07,-35.44,54.47
855,301011,华立科技,15.75,3.08,0.47,38156.0,59608204.0,4.97,15.99,15.23,15.3,15.28,1.55,2.6,-11.17,2.94,2432699735.0,2310475797.0,-0.19,0.06,-0.63,-38.33
856,603175,超颖电子,90.71,3.08,2.71,13033.0,117622466.0,3.31,90.91,88.0,88.0,88.0,0.91,2.87,-103.67,15.7,39642929708.0,4124968310.0,0.23,0.09,8.22,33.32
857,688787,海天瑞声,96.19,3.08,2.87,21984.0,209569995.0,3.34,96.61,93.49,93.49,93.32,0.89,3.64,296.88,7.94,5802679064.0,5802679064.0,-0.01,-0.04,-37.45,-17.0
858,603708,家家悦,9.71,3.08,0.29,142250.0,137738151.0,3.61,9.77,9.43,9.45,9.42,1.73,2.23,16.65,2.54,6198268534.0,6198268534.0,0.1,0.1,1.25,-16.87
859,300285,国瓷材料,62.25,3.08,1.86,669376.0,4130856949.63,5.08,62.95,59.88,60.01,60.39,0.95,7.85,85.55,8.53,62066256613.0,53103793192.0,0.0,-0.03,10.61,128.36
860,600110,诺德股份,11.37,3.08,0.34,1418340.0,1603879387.0,5.26,11.52,10.94,11.0,11.03,0.74,8.17,95.86,3.28,19729007197.0,19729007197.0,0.09,0.26,-12.13,60.37
861,600707,彩虹股份,8.73,3.07,0.26,826811.0,720461107.0,3.66,8.85,8.54,8.55,8.47,1.15,2.3,156.69,1.45,31326642360.0,31320356760.0,-0.23,-0.11,-10.83,35.98
862,603215,比依股份,14.78,3.07,0.44,16267.0,23962620.0,4.11,14.92,14.33,14.33,14.34,1.39,0.87,-48.69,1.7,3171715253.0,2767235456.0,0.2,0.34,1.72,-32.23
863,688146,中船特气,234.01,3.07,6.97,95057.0,2211586346.0,3.26,235.4,228.0,230.5,227.04,0.9,6.56,178.05,20.62,123887647128.0,33924626736.0,0.0,-0.04,-22.46,482.11
864,300633,开立医疗,20.82,3.07,0.62,65745.0,134801794.9,8.12,21.35,19.71,20.34,20.2,1.6,2.53,321.03,2.93,8845116854.0,5415621678.0,0.14,-0.05,5.52,-20.66
865,600552,凯盛科技,17.13,3.07,0.51,363902.0,619398615.0,3.31,17.26,16.71,16.78,16.62,0.83,3.85,128.01,3.74,16181116094.0,16181116094.0,-0.06,0.0,-9.6,38.7
866,300164,通源石油,10.43,3.06,0.31,899720.0,928519973.5,4.64,10.55,10.08,10.22,10.12,0.67,15.43,-124.55,4.52,6137623500.0,6082886485.0,-0.1,0.0,13.86,88.95
867,301583,托伦斯,119.2,3.06,3.54,35432.0,420579459.98,2.56,119.97,117.01,117.79,115.66,1.02,11.49,287.18,11.76,22108464086.0,3675099662.0,0.08,0.08,427.43,427.43
868,600257,大湖股份,6.07,3.06,0.18,253512.0,153475462.0,2.72,6.11,5.95,5.98,5.89,1.34,5.27,86.52,3.58,2921109731.0,2921109731.0,-0.16,0.0,19.72,-3.34
869,605258,协和电子,30.28,3.06,0.9,26312.0,79340139.0,2.69,30.4,29.61,29.62,29.38,0.93,2.99,47.16,2.23,2664640000.0,2664640000.0,0.0,0.07,-9.45,-1.59
870,002942,新农股份,18.52,3.06,0.55,125282.0,232231595.5,4.79,18.98,18.12,18.25,17.97,0.63,9.03,14.09,2.25,2879502934.0,2569799697.0,0.27,0.38,13.55,-1.59
871,002181,粤 传 媒,9.79,3.05,0.29,910319.0,878072949.13,4.74,9.8,9.35,9.41,9.5,0.94,8.02,-166.23,2.8,11366759523.0,11107118248.0,0.1,0.2,-24.75,14.37
872,002396,星网锐捷,38.14,3.05,1.13,1015735.0,3817557429.13,6.46,38.67,36.28,36.8,37.01,0.8,13.41,38.75,3.99,28887812143.0,28887812143.0,0.03,0.1,117.32,64.82
873,301282,金禄电子,40.93,3.05,1.21,180565.0,731911332.31,4.03,41.1,39.5,40.26,39.72,0.87,10.23,77.59,4.92,8633523504.0,7227332424.0,0.02,0.54,61.78,97.54
874,000501,武商集团,7.78,3.05,0.23,268695.0,206941934.34,3.58,7.8,7.53,7.54,7.55,1.76,3.5,22.81,0.54,5982763447.0,5977326472.0,0.13,0.26,6.87,-22.36
875,601801,皖新传媒,5.4,3.05,0.16,169995.0,90597757.0,3.05,5.42,5.26,5.26,5.24,1.02,0.87,10.76,0.89,10572828680.0,10572828680.0,-0.18,0.0,5.68,-14.01
876,688667,菱电电控,91.19,3.04,2.69,6536.0,59365011.0,4.52,92.05,88.05,88.11,88.5,0.9,1.24,37.14,2.65,4805298724.0,4805298724.0,0.31,0.21,-16.06,30.98
877,301168,通灵股份,40.7,3.04,1.2,10526.0,42559555.0,4.73,40.97,39.1,39.1,39.5,1.05,1.1,793.04,2.3,4884000000.0,3879252775.0,0.49,0.67,-6.44,-12.81
878,300428,立中集团,20.66,3.04,0.61,103376.0,211498531.16,3.79,20.83,20.07,20.19,20.05,1.19,1.71,12.27,1.55,14164114885.0,12462723205.0,-0.29,-0.48,12.1,-10.02
879,301326,捷邦科技,107.15,3.03,3.15,21466.0,229779429.32,5.24,109.5,104.05,104.76,104.0,0.8,2.98,-83.19,6.46,7790847355.0,7722826928.0,-0.14,-0.14,-20.23,-1.84
880,301556,托普云农,66.91,3.03,1.97,31645.0,211860240.53,7.99,69.2,64.01,64.47,64.94,0.95,10.73,65.84,5.66,5706084800.0,1972506800.0,0.01,0.06,3.42,-31.59
881,300430,*ST益通,4.76,3.03,0.14,71651.0,33662539.2,4.33,4.8,4.6,4.63,4.62,0.85,2.76,-22.35,0.99,1299702749.0,1236906035.0,0.21,0.0,0.63,-75.23
882,603416,信捷电气,48.56,3.03,1.43,23630.0,114159338.0,4.5,49.2,47.08,47.1,47.13,1.32,1.69,24.59,2.83,7622742566.0,6776359587.0,0.04,0.06,-7.42,-10.54
883,600697,欧亚集团,11.56,3.03,0.34,56136.0,64501992.0,3.74,11.61,11.19,11.22,11.22,1.55,3.61,61.68,0.82,1839058147.0,1796146733.0,0.0,0.17,6.15,-11.69
884,002655,共达电声,38.85,3.02,1.14,304296.0,1159442241.09,6.95,39.22,36.6,38.42,37.71,1.32,8.38,514.26,16.19,14164671150.0,14113121085.0,0.03,0.13,17.02,201.4
885,600783,鲁信创投,16.02,3.02,0.47,162140.0,257623154.0,4.89,16.17,15.41,15.5,15.55,1.12,2.18,30.46,2.62,11924635890.0,11924635890.0,0.06,0.0,-24.61,-35.06
886,920186,中科仪,76.41,3.01,2.23,40667.0,306933962.13,3.48,76.76,74.18,75.26,74.18,0.76,3.47,4.65,3.36,17103545631.0,8945757523.0,-0.01,0.01,-8.71,371.38
887,002475,立讯精密,55.93,3.0,1.63,1061462.0,5910936142.84,3.43,56.4,54.54,54.6,54.3,1.16,1.45,27.59,4.65,432779447914.0,409694647805.0,0.0,0.02,-12.09,-0.85
888,002971,和远气体,39.81,3.0,1.16,154659.0,609758907.88,4.71,40.2,38.38,38.82,38.65,0.67,9.61,116.5,3.93,8384981250.0,6409590976.0,0.0,0.08,-31.34,33.46
889,688455,科捷智能,16.9,2.99,0.49,27811.0,46649526.0,5.42,17.23,16.34,16.7,16.41,0.81,1.66,25.13,2.73,2839718255.0,2839718255.0,-0.06,-0.29,-9.24,-15.88
890,603296,华勤技术,78.25,2.99,2.27,142126.0,1099936963.0,3.69,78.5,75.7,76.68,75.98,0.77,1.78,19.77,3.69,118611587254.0,62490140991.0,0.0,0.09,7.84,22.34
891,920088,科力股份,46.25,2.98,1.34,43312.0,197887568.69,5.05,46.62,44.35,45.2,44.91,0.75,13.39,146.92,5.73,4073306875.0,1496207573.0,-0.02,0.0,0.81,58.93
892,300404,博济医药,12.8,2.98,0.37,254078.0,322476063.9,3.3,12.82,12.41,12.5,12.43,0.83,8.9,66.36,4.56,4937586406.0,3654599834.0,-0.16,0.0,53.11,37.34
893,605008,长鸿高科,13.87,2.97,0.4,73171.0,101018829.0,4.23,13.99,13.42,13.6,13.47,1.86,1.13,-76.73,4.67,8959498682.0,8959498682.0,0.07,-0.14,22.42,-2.8
894,000793,ST华闻,2.08,2.97,0.06,211693.0,43805466.8,3.96,2.09,2.01,2.03,2.02,1.54,0.79,78.41,3.45,9139395210.0,5542582579.0,0.0,0.0,-14.75,-21.51
895,605376,博迁新材,137.2,2.97,3.96,120809.0,1638190684.0,4.0,138.38,133.05,133.9,133.24,1.24,4.62,132.34,19.67,35891520000.0,35891520000.0,-0.05,-0.01,-22.45,110.11
896,000796,凯撒旅业,4.5,2.97,0.13,879803.0,392216886.0,4.12,4.5,4.32,4.32,4.37,0.87,6.61,-327.87,8.15,7217050122.0,5988459726.0,0.0,0.22,2.04,-37.5
897,001259,利仁科技,46.8,2.97,1.35,10753.0,50210372.87,5.98,47.82,45.1,45.1,45.45,0.95,2.26,268.25,4.78,3443959958.0,2225082553.0,0.0,0.3,-32.07,56.57
898,605389,长龄液压,68.5,2.96,1.97,8760.0,59624303.0,4.3,69.21,66.35,66.9,66.53,0.87,0.49,89.02,6.22,12809308885.0,12134554978.0,-0.01,-0.13,-16.54,14.84
899,301178,天亿马,35.09,2.96,1.01,19296.0,67169334.8,4.75,35.28,33.66,34.08,34.08,1.0,2.81,631.11,4.18,3267028624.0,2410248656.0,-0.09,-0.09,-6.65,-0.34
900,920725,惠丰钻石,84.75,2.96,2.44,68896.0,579988963.16,11.4,88.88,79.5,83.0,82.31,1.07,15.59,589.72,12.77,7735556250.0,3744313054.0,0.07,0.17,23.81,151.41
901,002432,九安医疗,69.6,2.96,2.0,219162.0,1500079341.32,5.77,70.5,66.6,67.28,67.6,1.36,5.01,5.28,1.4,32446411272.0,30444290990.0,-0.01,-0.01,14.29,80.54
902,600250,南京商旅,10.1,2.96,0.29,223347.0,223248716.0,5.5,10.14,9.6,9.81,9.81,0.62,7.14,245.51,5.04,3159193180.0,3159193180.0,0.1,0.1,14.51,-12.25
903,300345,华民股份,7.68,2.95,0.22,253501.0,192329421.0,3.22,7.7,7.46,7.56,7.46,0.69,5.27,-17.88,12.98,4464634184.0,3692111624.0,0.0,0.26,26.32,22.49
904,002697,红旗连锁,4.89,2.95,0.14,362969.0,176046204.69,3.58,4.9,4.73,4.75,4.75,1.13,3.16,12.41,1.35,6650400000.0,5614171714.0,0.0,0.0,7.95,-16.12
905,000529,广弘控股,5.23,2.95,0.15,122180.0,63548009.66,3.54,5.26,5.08,5.08,5.08,1.78,2.14,46.92,0.96,3053223426.0,2980495292.0,-0.38,-0.38,11.04,-11.21
906,688584,上海合晶,25.81,2.95,0.74,75652.0,193680579.0,4.03,25.97,24.96,25.72,25.07,0.72,2.2,323.0,4.21,17271932035.0,8860578936.0,0.16,0.08,-5.01,18.18
907,002286,保龄宝,8.41,2.94,0.24,95972.0,80340486.0,4.04,8.45,8.12,8.12,8.17,0.79,2.6,19.41,1.37,3195609766.0,3109089267.0,0.0,0.12,-8.39,-4.65
908,002585,双星新材,9.13,2.93,0.26,350736.0,316432598.98,3.38,9.13,8.83,8.92,8.87,0.83,3.96,113.82,1.24,10420275448.0,8094583024.0,0.0,0.55,-21.16,36.07
909,002050,三花智控,36.5,2.93,1.04,560571.0,2037772326.36,4.0,36.8,35.38,35.4,35.46,1.5,1.52,37.57,4.9,153592508628.0,134723142208.0,0.0,-0.05,-18.03,-33.53
910,920119,美德乐,56.99,2.93,1.62,6234.0,35241516.97,3.65,57.18,55.16,55.41,55.37,0.82,2.26,17.6,2.85,5754426935.0,1571233506.0,0.02,0.04,11.11,92.79
911,301092,争光股份,44.37,2.92,1.26,25736.0,113926243.23,5.82,45.04,42.53,42.89,43.11,0.81,4.22,77.51,3.04,5969330551.0,2705846059.0,-0.07,-0.07,-4.66,27.13
912,002989,中天精装,23.62,2.92,0.67,61378.0,145368532.74,7.28,24.36,22.69,22.84,22.95,1.19,3.1,-68.63,3.48,4762206342.0,4672869597.0,0.0,0.13,-11.77,-23.41
913,002476,新叶股份,5.29,2.92,0.15,142985.0,74965044.59,4.28,5.32,5.1,5.16,5.14,2.09,2.34,80.63,3.33,3237480000.0,3237480000.0,0.0,0.0,-0.56,-26.93
914,300487,蓝晓科技,63.02,2.92,1.79,52838.0,329273314.6,4.95,63.55,60.52,61.26,61.23,1.27,1.72,38.15,7.01,32086054855.0,19411705566.0,-0.06,-0.06,18.57,2.34
915,688398,赛特新材,20.41,2.92,0.58,10716.0,21765318.0,4.59,20.71,19.8,19.8,19.83,0.89,0.64,1017.93,3.35,3425087924.0,3425087924.0,-0.05,0.1,-30.37,20.41
916,688252,天德钰,21.48,2.92,0.61,55738.0,119750159.0,2.92,21.71,21.1,21.1,20.87,1.13,1.36,31.83,3.5,8785778405.0,8785778405.0,0.05,0.0,9.26,1.99
917,603533,掌阅科技,24.7,2.92,0.7,477208.0,1167220809.0,4.04,24.77,23.8,24.43,24.0,0.8,10.87,-108.1,4.76,10840751825.0,10840751825.0,-0.12,0.37,23.69,11.66
918,301188,力诺药包,35.68,2.91,1.01,103199.0,368660099.23,5.34,36.55,34.7,34.7,34.67,1.09,3.86,153.19,4.88,9545706423.0,9545669423.0,-0.5,-0.81,-31.99,103.89
919,000839,国安股份,2.83,2.91,0.08,877119.0,245200183.46,5.82,2.87,2.71,2.76,2.75,1.48,2.24,-37.42,9.09,11093108576.0,11093108576.0,0.0,0.35,8.02,7.2
920,000930,中粮科技,5.3,2.91,0.15,479363.0,254242377.48,4.47,5.39,5.16,5.19,5.15,1.27,2.58,-29.06,0.95,9839144699.0,9838405725.0,0.0,0.0,7.94,-7.67
921,688507,索辰科技,151.28,2.91,4.28,39703.0,604215171.0,2.72,153.98,149.98,149.98,147.0,1.05,8.06,-85.69,4.97,13480376844.0,7448381234.0,0.0,0.2,-38.89,51.05
922,002527,新时达,11.37,2.9,0.32,75436.0,84877083.83,4.16,11.41,10.95,11.03,11.05,1.39,1.35,-334.26,6.11,7539006879.0,6352234021.0,0.0,0.18,-16.21,-35.91
923,002081,金 螳 螂,5.33,2.9,0.15,3298050.0,1717525534.39,8.49,5.38,4.94,5.04,5.18,0.92,12.43,23.01,1.03,14152875262.0,14138094549.0,-0.19,0.0,5.96,62.01
924,002843,泰嘉股份,16.67,2.9,0.47,89116.0,148087292.0,2.84,16.8,16.34,16.51,16.2,0.77,3.56,74.5,3.11,4196465159.0,4174715810.0,0.48,0.6,-21.33,-16.82
925,300898,熊猫乳品,21.29,2.9,0.6,30905.0,65273184.08,3.72,21.37,20.6,20.69,20.69,1.0,2.69,37.01,2.67,2639960000.0,2442890137.0,0.05,0.09,4.26,-19.14
926,002982,湘佳股份,13.51,2.89,0.38,77157.0,103175798.24,4.19,13.59,13.04,13.14,13.13,1.63,5.93,-113.48,1.74,2745152088.0,1757532760.0,0.07,-0.07,2.12,-0.95
927,600097,开创国际,9.61,2.89,0.27,66832.0,63756716.0,3.43,9.63,9.31,9.31,9.34,1.35,2.77,-38.2,1.05,2315400332.0,2315400332.0,0.0,0.0,10.84,-14.65
928,603398,*ST沐邦,10.69,2.89,0.3,66451.0,70997350.0,5.29,10.85,10.3,10.3,10.39,1.71,1.53,-10.51,-62.01,4635627892.0,4635627892.0,0.0,0.0,-18.52,29.26
929,301531,春光集团,47.68,2.89,1.34,16870.0,80102407.0,3.78,48.08,46.33,46.34,46.34,0.84,3.6,69.9,7.02,10476885651.0,2235412575.0,-0.04,0.04,-26.1,258.5
930,301313,凡拓数创,33.43,2.89,0.94,97887.0,333416144.02,8.99,34.9,31.98,32.1,32.49,1.81,12.44,-22.14,5.74,3421005562.0,2631325946.0,-0.12,0.18,-43.63,26.1
931,603650,彤程新材,58.81,2.89,1.65,118992.0,694197163.0,3.88,59.16,56.94,57.6,57.16,1.28,1.94,46.57,8.63,36231055293.0,36143854883.0,0.0,-0.03,-1.04,34.76
932,300680,隆盛科技,20.34,2.88,0.57,77665.0,157568904.83,3.69,20.48,19.75,19.75,19.77,1.29,3.43,35.14,2.97,5982276482.0,4604276467.0,-0.15,-0.05,-19.09,-52.5
933,002048,宁波华翔,19.26,2.88,0.54,202391.0,391898375.4,6.2,19.88,18.72,18.75,18.72,1.11,2.86,10.81,1.34,15642997462.0,13639360787.0,0.0,-0.05,-28.69,-38.27
934,300576,容大感光,28.32,2.87,0.79,99588.0,281141924.03,3.34,28.59,27.67,27.83,27.53,1.02,3.81,137.2,6.57,11432454723.0,7407112312.0,0.0,-0.11,-37.35,-19.04
935,002624,完美世界,11.48,2.87,0.32,1005386.0,1166992992.22,5.2,11.88,11.3,11.4,11.16,1.96,5.5,-94.02,3.42,22270837278.0,20982375311.0,0.0,0.09,-13.36,-28.52
936,688388,嘉元科技,27.74,2.86,0.77,293989.0,811946260.0,4.52,28.1,26.88,27.4,26.97,0.98,4.45,23.95,2.19,18305828696.0,18305828696.0,-0.07,-0.07,-30.53,-1.87
937,600487,亨通光电,64.0,2.86,1.78,1406854.0,8934349208.0,3.89,64.64,62.22,62.99,62.22,0.88,5.73,25.3,4.68,157849104448.0,157033360448.0,0.0,0.0,-33.84,161.65
938,301682,宏明电子,106.96,2.85,2.96,12494.0,132562715.95,2.47,107.28,104.71,104.8,104.0,1.2,4.86,34.09,2.63,13000919332.0,2747462374.0,0.06,0.15,-27.41,55.44
939,688157,松井股份,19.88,2.85,0.55,35280.0,69021964.0,4.45,20.0,19.14,19.47,19.33,1.17,1.88,-372.92,2.8,3731819844.0,3731819844.0,0.0,-0.15,-14.27,-34.08
940,000681,视觉中国,17.68,2.85,0.49,471562.0,821551653.11,5.12,17.87,16.99,17.21,17.19,1.13,6.97,61.25,3.38,12386209068.0,11954067560.0,-0.06,-0.23,-17.19,-25.71
941,600237,铜峰电子,8.33,2.84,0.23,225573.0,186872698.0,3.09,8.38,8.13,8.15,8.1,1.07,3.61,50.37,2.65,5251979659.0,5203049572.0,-0.12,-0.12,-14.21,-6.19
942,300508,维宏股份,40.25,2.84,1.11,23740.0,94985077.65,4.11,40.46,38.85,39.14,39.14,0.82,2.87,366.51,5.05,4415907598.0,3332208668.0,0.22,0.35,-14.69,9.55
943,300020,ST银江,3.99,2.84,0.11,243132.0,96929074.91,3.87,4.03,3.88,3.88,3.88,1.36,3.17,-2.88,3.71,3170765116.0,3059487049.0,-0.25,-0.25,13.03,14.0
944,001339,智微智能,76.7,2.84,2.12,54050.0,411506968.63,3.61,77.17,74.48,75.0,74.58,0.82,3.34,32.29,9.23,25083412078.0,12417704842.0,-0.01,0.03,2.4,95.22
945,688011,新光光电,79.98,2.83,2.2,18386.0,146168315.0,4.64,81.04,77.43,77.43,77.78,0.98,1.85,-117.46,7.67,7958010000.0,7931018590.0,0.23,0.13,33.39,25.28
946,920895,花溪科技,28.3,2.83,0.78,84364.0,240483138.76,11.16,29.87,26.8,27.8,27.52,0.79,29.36,2638.74,8.24,1599629200.0,813254270.0,0.0,-1.26,110.88,38.32
947,002335,科华数据,30.91,2.83,0.85,186571.0,572909222.77,2.13,30.95,30.31,30.66,30.06,1.14,2.83,29.43,3.47,23318825742.0,20402888978.0,0.03,0.06,-13.32,-18.55
948,600664,哈药股份,8.0,2.83,0.22,3822526.0,3043780596.0,7.07,8.16,7.61,7.68,7.78,1.07,15.18,24.55,3.3,20148079008.0,20148079008.0,-0.12,-0.25,153.16,131.88
949,300747,锐科激光,39.78,2.82,1.09,292446.0,1150579951.49,4.24,39.94,38.3,39.04,38.69,1.17,5.6,70.26,6.31,22340448000.0,20764275691.0,0.0,0.05,-17.06,47.55
950,301212,联盛化学,26.0,2.81,0.71,23164.0,60218522.0,6.64,26.68,25.0,25.0,25.29,0.99,2.47,73.79,2.07,2808000000.0,2437500000.0,0.04,-0.08,1.17,-12.93
951,300609,汇纳科技,25.6,2.81,0.7,64336.0,166302062.5,9.2,27.56,25.27,25.49,24.9,2.5,5.37,-19.83,3.58,3074928307.0,3069298253.0,0.12,0.23,-20.5,-33.63
952,603040,新坐标,50.46,2.81,1.38,18710.0,94326941.0,4.03,50.99,49.01,49.8,49.08,0.9,0.95,39.2,6.57,9958658037.0,9958292202.0,-0.08,-0.04,-16.84,-19.82
953,688056,莱伯泰科,41.33,2.81,1.13,8569.0,35271065.0,3.28,41.6,40.28,41.06,40.2,0.86,1.27,104.23,3.45,2787810172.0,2787810172.0,0.34,0.49,-31.25,23.52
954,688160,步科股份,100.22,2.8,2.73,15005.0,151338369.0,4.86,101.98,97.24,97.24,97.49,1.34,1.64,125.8,6.71,9141587945.0,9141587945.0,-0.13,-0.27,-7.22,-34.15
955,603629,利通电子,111.38,2.8,3.03,253810.0,2813850825.0,4.71,112.9,107.8,110.4,108.35,0.92,7.04,29.08,15.5,40846164640.0,40177372292.0,0.0,-0.11,2.59,492.45
956,603997,继峰股份,11.75,2.8,0.32,207828.0,242100108.0,3.94,11.8,11.35,11.44,11.43,1.12,1.63,20.48,2.72,14949112152.0,14949112152.0,-0.17,-0.09,-14.98,-14.79
957,603001,奥康国际,9.22,2.79,0.25,122322.0,111156576.0,4.46,9.26,8.86,8.97,8.97,0.49,3.05,105.18,1.57,3697035600.0,3697035600.0,-0.11,-0.11,-4.36,3.02
958,688368,晶丰明源,150.7,2.79,4.09,33953.0,506817743.0,5.15,151.99,144.44,150.6,146.61,0.62,2.74,177.44,6.11,30713698624.0,18642644147.0,-0.07,0.14,-17.44,84.03
959,920015,锦华新材,39.38,2.79,1.07,13341.0,51793399.53,3.5,39.39,38.05,38.61,38.31,0.7,3.33,41.85,3.17,5338615346.0,1575689887.0,-0.03,0.38,-21.35,-16.69
960,301280,珠城科技,41.99,2.79,1.14,12464.0,51743813.69,3.84,42.2,40.63,40.88,40.85,0.91,1.25,30.41,4.07,8040757310.0,4175210398.0,-0.02,-0.02,4.9,10.79
961,002535,林州重机,2.59,2.78,0.07,224473.0,58027712.31,2.78,2.62,2.55,2.56,2.52,1.52,3.01,-17.22,3.92,2076359162.0,1933014216.0,-0.38,0.0,4.86,-33.25
962,603969,银龙股份,8.12,2.78,0.22,173229.0,140049700.0,4.94,8.2,7.81,7.9,7.9,1.6,2.03,14.68,2.34,7076854456.0,6914616856.0,0.12,0.0,6.42,-19.12
963,002496,辉丰股份,2.22,2.78,0.06,316578.0,69644472.6,4.17,2.23,2.14,2.14,2.16,1.06,2.68,89.43,2.58,3346849083.0,2622484854.0,0.0,0.0,-5.13,20.65
964,603326,我乐家居,7.77,2.78,0.21,40082.0,30839855.0,3.17,7.79,7.55,7.58,7.56,0.63,1.26,24.79,2.15,2480004746.0,2480004746.0,0.26,0.13,11.16,-10.17
965,688558,国盛智科,32.27,2.77,0.87,11906.0,38252318.0,3.6,32.5,31.37,31.37,31.4,0.73,0.9,22.76,2.49,4259640000.0,4259640000.0,0.25,0.16,1.86,14.47
966,600429,三元股份,4.83,2.77,0.13,154039.0,73906031.0,3.19,4.85,4.7,4.7,4.7,1.02,1.03,19.55,1.48,7233202368.0,7233202368.0,-0.21,-0.21,9.77,-6.76
967,688279,峰岹科技,189.12,2.77,5.1,16212.0,304962205.0,5.04,191.5,182.23,182.23,184.02,0.85,1.73,54.64,4.16,21770374810.0,17693704090.0,0.07,-0.17,-7.11,-6.7
968,603499,翔港科技,14.11,2.77,0.38,65488.0,91639566.0,3.42,14.15,13.68,13.8,13.73,1.1,1.55,36.19,6.27,5977449580.0,5977449580.0,0.14,0.14,9.89,-2.96
969,300119,瑞普生物,18.18,2.77,0.49,84820.0,153104377.0,4.3,18.31,17.55,17.64,17.69,1.53,2.51,20.7,1.8,8449240555.0,6154472673.0,-0.11,-0.05,14.99,-1.09
970,688110,东芯股份,116.06,2.76,3.12,141161.0,1631587338.0,2.74,116.93,113.83,116.0,112.94,0.97,3.19,38.94,12.35,51342319999.0,51342319999.0,-0.03,-0.04,-7.67,-11.64
971,300427,红相股份,7.07,2.76,0.19,465593.0,331070405.0,6.25,7.29,6.86,6.95,6.88,1.82,9.26,-109.94,3.02,3595238507.0,3556244558.0,0.14,0.0,1.14,-42.29
972,600568,ST中珠,2.23,2.76,0.06,133813.0,29672657.0,4.15,2.24,2.15,2.16,2.17,2.22,0.8,-52.6,2.79,4444099389.0,3722020032.0,0.45,0.9,-12.2,-11.16
973,300665,飞鹿股份,9.35,2.75,0.25,86602.0,81549500.0,6.04,9.64,9.09,9.14,9.1,1.0,3.97,-47.72,4.9,2146205826.0,2038402373.0,0.0,-0.11,-15.23,-4.2
974,002242,九阳股份,8.59,2.75,0.23,84665.0,73043223.2,5.26,8.81,8.37,8.51,8.36,1.98,1.11,45.66,2.02,6554316030.0,6543566719.0,0.0,-0.12,-1.26,-16.52
975,002055,ST得润,6.35,2.75,0.17,115250.0,73033009.0,4.53,6.44,6.16,6.16,6.18,1.24,1.95,32.35,2.76,3838511608.0,3749611608.0,0.16,-0.16,9.67,-5.79
976,000659,珠海中富,2.99,2.75,0.08,243609.0,72037356.0,4.47,3.0,2.87,2.93,2.91,0.96,1.89,-69.75,56.35,3844250535.0,3844250535.0,0.34,0.67,-15.06,-26.35
977,688083,中望软件,53.17,2.74,1.42,31369.0,166407929.0,4.54,54.5,52.15,54.34,51.75,1.46,1.85,-261.41,3.46,9020090900.0,9020090900.0,-0.04,-0.17,-18.21,-21.53
978,300387,富邦科技,7.87,2.74,0.21,88816.0,69691631.0,4.18,7.95,7.63,7.65,7.66,0.87,3.07,20.62,1.57,2274878732.0,2274088796.0,0.25,0.38,4.24,-6.86
979,002602,世纪华通,16.16,2.73,0.43,2522784.0,4084560355.95,5.91,16.58,15.65,15.66,15.73,1.56,3.71,13.23,3.48,119110226324.0,109836758692.0,-0.19,-0.25,12.46,-4.94
980,300398,飞凯材料,33.11,2.73,0.88,238750.0,788151648.22,4.56,33.45,31.98,32.5,32.23,0.88,4.21,35.33,3.61,18873800908.0,18780498484.0,0.03,0.03,-17.45,48.21
981,600218,全柴动力,7.92,2.72,0.21,62589.0,49129367.0,2.85,7.94,7.72,7.72,7.71,0.98,1.44,39.97,1.05,3449951358.0,3449951358.0,-0.13,0.0,-1.0,-22.58
982,605208,永茂泰,15.12,2.72,0.4,86525.0,128891877.0,4.89,15.12,14.4,14.8,14.72,1.06,2.62,31.01,2.19,4988692800.0,4988692800.0,0.13,0.27,-3.57,11.83
983,002905,金逸影视,8.69,2.72,0.23,83626.0,72124796.0,4.49,8.76,8.38,8.39,8.46,0.63,2.39,-30.68,98.52,3270220800.0,3036633600.0,-0.11,0.0,15.56,-23.1
984,601689,拓普集团,47.06,2.71,1.24,231769.0,1090298516.0,4.04,47.75,45.9,45.93,45.82,1.07,1.33,39.99,3.38,81782542395.0,81782542395.0,0.0,-0.02,-22.37,-38.64
985,605303,园林股份,25.43,2.71,0.67,24723.0,62426978.0,2.18,25.49,24.95,24.95,24.76,0.59,1.53,-28.85,5.21,4100267285.0,4100267285.0,0.08,-0.08,-6.85,46.99
986,300350,华鹏飞,4.55,2.71,0.12,179422.0,81527681.0,5.19,4.63,4.4,4.46,4.43,1.7,3.89,-130.33,2.93,2557155869.0,2101322228.0,-0.44,-0.22,5.81,-27.89
987,300556,丝路视觉,17.07,2.71,0.45,73923.0,126125691.0,4.81,17.45,16.65,16.78,16.62,1.35,6.81,975.48,5.29,2075120525.0,1852206570.0,0.0,0.12,-18.01,-10.11
988,688197,首药控股-U,33.33,2.71,0.88,19407.0,64543607.0,4.1,33.7,32.37,32.37,32.45,0.57,3.03,-40.59,8.01,4956815702.0,2133282717.0,0.0,0.33,1.03,-4.06
989,605068,明新旭腾,21.72,2.7,0.57,141027.0,300413975.0,9.65,22.2,20.16,20.55,21.15,1.35,8.69,-36.85,2.33,3522951311.0,3522951311.0,-0.18,-0.23,13.48,-14.92
990,601811,新华文轩,11.8,2.7,0.31,56876.0,66260718.0,3.48,11.83,11.43,11.49,11.49,1.17,0.72,11.12,0.95,14559323800.0,9344466020.0,-0.17,0.0,-2.48,-9.23
991,002718,友邦吊顶,86.45,2.7,2.27,9068.0,78294808.0,4.93,87.99,83.84,83.84,84.18,1.13,0.94,-6230.75,12.18,11190764817.0,8317811215.0,0.0,-0.06,-14.81,140.54
992,301603,乔锋智能,128.35,2.7,3.37,18748.0,238930437.01,4.72,129.91,124.01,125.8,124.98,0.71,4.97,28.36,5.83,15499546000.0,4842966375.0,0.04,0.05,5.59,70.23
993,920726,朱老六,17.97,2.69,0.47,54689.0,99563653.33,6.0,18.77,17.72,18.17,17.5,1.14,9.78,29.75,3.9,1820540700.0,1004764786.0,0.28,0.11,3.39,-11.04
994,688449,联芸科技,62.64,2.69,1.64,73814.0,462033145.0,2.9,63.28,61.51,62.0,61.0,0.83,2.52,27.73,11.85,28814400000.0,18366307016.0,0.03,0.03,-7.9,38.8
995,688515,裕太微-U,145.74,2.69,3.82,24342.0,355249432.0,3.22,147.94,143.37,145.5,141.92,0.9,4.89,-79.38,8.11,11659200000.0,7260679356.0,-0.08,-0.03,-18.35,42.12
996,688689,银河微电,38.22,2.69,1.0,48653.0,185383780.0,3.36,38.76,37.51,37.99,37.22,0.96,3.36,57.38,3.11,5538385098.0,5538385098.0,-0.03,-0.03,-17.93,35.87
997,300688,创业黑马,29.78,2.69,0.78,62185.0,183008458.5,5.14,30.1,28.61,28.97,29.0,0.87,4.19,-235.41,14.14,4984560438.0,4418710479.0,0.1,0.1,17.06,2.02
998,301107,瑜欣电子,22.21,2.68,0.58,25656.0,57374770.47,4.25,22.83,21.91,22.1,21.63,1.29,3.16,61.07,3.33,3158012981.0,1802579813.0,-0.18,-0.09,-12.94,11.27
999,300410,正业科技,8.06,2.68,0.21,122239.0,97778342.8,2.8,8.08,7.86,7.88,7.85,0.84,3.33,68.85,10.4,2958945264.0,2958945264.0,0.12,0.12,-24.67,-1.47
1000,603800,洪田股份,57.65,2.67,1.5,48960.0,282361525.0,4.61,58.78,56.19,56.55,56.15,1.15,2.35,-126.91,15.63,11991200000.0,11991200000.0,0.02,0.03,-15.26,18.21
1001,300199,翰宇药业,23.43,2.67,0.61,389479.0,903013565.66,3.94,23.55,22.65,22.8,22.82,1.24,5.23,43.71,24.34,20694344502.0,17448765209.0,-0.09,-0.04,7.18,30.89
1002,300088,长信科技,6.91,2.67,0.18,799174.0,549472482.3,2.82,6.95,6.76,6.77,6.73,1.05,3.22,75.95,2.0,17259339031.0,17174830201.0,-0.14,-0.14,-7.37,14.98
1003,300346,南大光电,51.94,2.67,1.35,227517.0,1176195054.51,4.07,52.31,50.25,51.36,50.59,1.01,3.44,70.16,10.29,35898689542.0,34384068604.0,0.02,0.02,-12.54,21.87
1004,603324,盛剑科技,26.18,2.67,0.68,40023.0,105449656.0,6.94,27.5,25.73,25.75,25.5,1.3,2.74,-20.18,2.33,3952743318.0,3819097036.0,-0.11,0.08,-22.45,5.69
1005,001231,农心科技,22.28,2.67,0.58,19659.0,43554706.75,3.32,22.37,21.65,21.69,21.7,1.04,3.86,21.26,2.13,2220862268.0,1135454192.0,0.0,0.09,9.06,-10.13
1006,301252,同星科技,37.47,2.66,0.97,36186.0,135129813.91,3.73,37.87,36.51,36.99,36.5,1.03,2.67,61.87,4.66,6340877237.0,5084942789.0,0.03,0.11,-4.9,15.68
1007,301203,国泰环保,35.52,2.66,0.92,9605.0,33969614.0,4.83,36.26,34.59,35.0,34.6,1.59,2.19,33.41,2.1,2841600000.0,1554621600.0,0.17,0.06,-20.82,11.56
1008,300547,川环科技,27.85,2.65,0.72,85321.0,234801648.0,5.31,28.13,26.69,27.22,27.13,0.87,4.79,40.21,4.44,6040836946.0,4963527176.0,0.04,0.07,-14.49,-28.81
1009,603955,大千生态,21.73,2.65,0.56,22695.0,48819229.0,2.93,21.8,21.18,21.63,21.17,0.79,1.67,-44.14,1.69,3561444304.0,2949195600.0,0.0,0.46,-12.77,-25.09
1010,600824,益民集团,3.87,2.65,0.1,184969.0,70989603.0,3.45,3.88,3.75,3.78,3.77,1.08,1.75,-15.39,1.77,4079084773.0,4079084773.0,0.0,0.0,6.61,-14.0
1011,688234,天岳先进,100.01,2.65,2.58,65189.0,650998191.0,3.57,100.99,97.51,99.1,97.43,0.9,1.52,-413.42,6.82,48466700585.0,42975401510.0,-0.07,-0.07,-19.15,12.52
1012,300084,海默科技,11.22,2.65,0.29,111448.0,123898983.1,3.84,11.24,10.82,10.82,10.93,0.87,2.22,-85.87,4.83,6157086067.0,5634884266.0,-0.09,0.18,-12.28,12.31
1013,301122,采纳股份,46.6,2.64,1.2,70779.0,330343459.13,6.61,48.0,45.0,46.03,45.4,1.39,9.36,288.03,3.01,5696647663.0,3524802238.0,0.24,-0.28,93.36,79.09
1014,002069,獐子岛,3.89,2.64,0.1,209113.0,81303979.76,3.69,3.94,3.8,3.83,3.79,1.42,2.94,107.46,96.46,2766226435.0,2762740995.0,-0.26,0.0,18.96,4.29
1015,002664,信质集团,15.6,2.63,0.4,50061.0,78103507.3,5.26,15.96,15.16,15.2,15.2,1.58,1.24,63.12,1.79,6367920000.0,6285978473.0,0.0,0.0,-12.11,-34.73
1016,688277,天智航-U,15.21,2.63,0.39,56283.0,85359407.0,5.87,15.55,14.68,14.75,14.82,1.29,1.21,-50.6,5.95,7094626305.0,7094626305.0,-0.33,-0.07,-13.09,0.13
1017,688727,恒坤新材,46.69,2.62,1.19,22826.0,106422390.0,2.81,47.16,45.88,46.0,45.5,0.84,4.22,124.75,8.11,20978732124.0,2522578759.0,0.02,-0.02,-13.73,-2.26
1018,301126,达嘉维康,10.6,2.61,0.27,37141.0,39162454.0,2.71,10.64,10.36,10.41,10.33,1.15,2.66,150.02,1.45,2177273920.0,1478927041.0,0.19,0.38,9.05,-13.75
1019,300411,金盾股份,8.65,2.61,0.22,244932.0,211083875.6,7.71,8.98,8.33,8.45,8.43,2.01,7.92,508.29,3.64,3516398061.0,2673849075.0,0.12,0.12,-21.51,-25.37
1020,600977,中国电影,13.02,2.6,0.33,372149.0,482224420.0,2.84,13.1,12.74,12.8,12.69,1.07,1.99,-110.43,2.22,24308340000.0,24308340000.0,0.0,0.0,-5.24,-17.02
1021,002836,新宏泽,10.26,2.6,0.26,33031.0,33503775.37,3.4,10.28,9.94,10.03,10.0,0.74,1.43,47.21,6.56,2363904000.0,2363904000.0,-0.1,0.1,-4.11,-30.58
1022,603101,汇嘉时代,7.89,2.6,0.2,112903.0,88750938.0,3.12,7.93,7.69,7.73,7.69,1.07,2.4,18.91,2.53,3711456000.0,3711456000.0,0.0,0.13,14.51,-17.47
1023,002739,儒意电影,8.68,2.6,0.22,680597.0,584001058.49,3.66,8.72,8.41,8.41,8.46,1.12,3.24,-59.16,2.55,18330239185.0,18227240049.0,-0.12,-0.23,3.95,-23.32
1024,688249,晶合集成,35.98,2.59,0.91,151762.0,543061830.0,3.56,36.25,35.0,35.5,35.07,0.8,0.76,163.84,3.45,80402548580.0,72233149258.0,0.06,0.17,-11.16,8.41
1025,300952,恒辉安防,16.61,2.59,0.42,37208.0,61702177.77,3.64,16.82,16.23,16.27,16.19,1.17,2.5,94.4,2.31,4013333181.0,2467884317.0,0.0,0.06,-16.83,-42.92
1026,603256,宏和科技,123.82,2.59,3.13,256526.0,3181706092.0,6.56,126.65,118.73,120.0,120.69,1.37,2.84,147.58,37.98,112005893620.0,112005893620.0,0.0,0.2,-40.44,237.02
1027,603607,京华激光,22.58,2.59,0.57,51280.0,116231050.0,4.5,22.95,21.96,21.96,22.01,1.55,2.87,41.52,4.02,4030909344.0,4030909344.0,-0.09,-0.04,6.91,-15.75
1028,301638,南网数字,22.2,2.59,0.56,90314.0,199657864.53,4.53,22.6,21.62,21.68,21.64,1.3,3.61,174.35,6.34,70588235106.0,5555194911.0,0.5,0.59,-9.54,18.4
1029,300809,华辰装备,24.52,2.59,0.62,41895.0,102341335.52,3.64,24.6,23.73,23.73,23.9,1.01,2.78,49.58,3.33,6216781184.0,3691964238.0,-0.08,-0.04,-19.18,-35.42
1030,300418,昆仑万维,46.6,2.58,1.17,831668.0,3857065290.77,3.52,47.0,45.4,45.92,45.43,0.81,7.08,27.52,4.05,59882617719.0,54729728680.0,0.04,0.02,25.2,11.75
1031,603931,格林达,34.19,2.58,0.86,36583.0,125121687.0,3.36,34.55,33.43,33.43,33.33,1.03,1.83,55.98,3.21,6822901012.0,6822901012.0,0.09,0.0,-36.49,8.89
1032,300999,金龙鱼,27.4,2.58,0.69,188966.0,514427076.09,3.52,27.45,26.51,26.76,26.71,1.07,3.48,32.37,1.52,148551608086.0,14868530458.0,0.0,0.0,6.61,-3.89
1033,603588,高能环境,15.09,2.58,0.38,437817.0,655934017.0,3.74,15.2,14.65,14.8,14.71,0.79,2.87,11.25,2.2,22985607956.0,22985607956.0,0.0,0.13,6.19,98.03
1034,300537,广信材料,19.91,2.58,0.5,47913.0,95030291.61,3.04,20.05,19.46,19.56,19.41,0.9,3.16,138.93,4.54,4125538238.0,3021584068.0,-0.05,0.1,-23.54,-8.8
1035,301058,中粮科工,9.19,2.57,0.23,179553.0,165953644.97,5.36,9.43,8.95,8.95,8.96,1.28,3.51,27.33,2.02,4786179616.0,4707800312.0,-0.22,-0.11,8.12,-14.99
1036,002448,中原内配,11.96,2.57,0.3,148659.0,177351154.5,3.34,12.07,11.68,11.68,11.66,0.99,2.56,10.17,1.79,7037379366.0,6942893716.0,-0.08,0.0,-3.31,-6.05
1037,002929,润建股份,51.95,2.57,1.3,75808.0,392080596.48,3.49,52.36,50.59,50.88,50.65,1.04,3.5,277.69,2.28,14877328476.0,11250798980.0,0.0,0.1,-11.3,30.69
1038,603648,畅联股份,9.57,2.57,0.24,31789.0,30077770.0,2.79,9.57,9.31,9.38,9.33,1.5,0.88,24.73,1.91,3468290496.0,3468290496.0,0.1,0.1,13.12,-9.55
1039,300655,晶瑞电材,12.36,2.57,0.31,281705.0,346761535.31,3.4,12.48,12.07,12.17,12.05,0.98,2.51,141.65,5.34,13925103182.0,13861641936.0,-0.08,-0.16,-17.65,-19.48
1040,300464,星徽股份,7.97,2.57,0.2,111008.0,87713692.0,6.05,8.1,7.63,7.81,7.77,0.69,3.13,319.19,24.9,3724378314.0,2830487120.0,0.63,0.63,6.41,25.71
1041,603185,弘元绿能,15.16,2.57,0.38,141391.0,214929956.0,5.75,15.65,14.8,14.86,14.78,1.49,2.08,-7.62,0.92,10355444318.0,10293976582.0,0.07,0.07,-12.97,-50.05
1042,000338,潍柴动力,27.54,2.57,0.69,908247.0,2478843471.71,4.43,27.74,26.55,27.12,26.85,0.98,1.83,15.45,2.48,237951675902.0,136499050634.0,-0.04,-0.07,-0.33,63.64
1043,603168,莎普爱思,6.01,2.56,0.15,76825.0,45907451.0,3.41,6.04,5.84,5.86,5.86,0.82,2.06,57.65,1.64,2248500295.0,2238809170.0,0.0,0.0,11.09,-18.34
1044,001219,青岛食品,13.23,2.56,0.33,36227.0,47502122.95,2.56,13.24,12.91,12.92,12.9,1.68,1.9,19.66,2.39,2579635013.0,2516312925.0,-0.08,0.0,2.88,-5.5
1045,000702,正虹科技,6.42,2.56,0.16,579122.0,369919221.78,11.5,6.82,6.1,6.2,6.26,6.31,16.71,-53.76,6.85,2225332166.0,2225332166.0,0.63,1.9,14.44,-3.89
1046,688012,中微公司,344.0,2.56,8.58,158019.0,5417398960.0,3.62,347.93,335.78,340.0,335.42,1.16,1.68,58.31,10.97,329497767712.0,324115781072.0,-0.03,0.17,13.19,88.18
1047,300504,天邑股份,17.65,2.56,0.44,61426.0,107761115.0,4.42,17.88,17.12,17.22,17.21,0.72,2.79,43.57,2.16,4783583837.0,3886904586.0,0.06,0.23,4.19,18.54
1048,300071,福石控股,4.43,2.55,0.11,865991.0,378414527.48,3.7,4.44,4.28,4.33,4.32,0.76,9.16,735.43,25.99,4270007608.0,4188169804.0,0.23,0.45,15.97,-32.16
1049,600858,银座股份,5.22,2.55,0.13,96705.0,50155848.0,3.34,5.24,5.07,5.09,5.09,1.06,1.87,18.29,0.99,2714747595.0,2701600711.0,0.19,0.19,5.67,-16.21
1050,300331,苏大维格,48.4,2.54,1.2,126813.0,610325095.97,4.19,48.98,47.0,48.08,47.2,1.14,5.71,126.28,8.05,12567654642.0,10751131591.0,0.21,0.37,-26.57,49.57
1051,002927,泰永长征,17.77,2.54,0.44,64904.0,115134185.0,3.92,18.01,17.33,17.47,17.33,0.87,2.94,97.02,3.9,3966125039.0,3922511275.0,0.28,0.4,-11.9,-11.5
1052,688733,壹石通,28.82,2.53,0.71,38879.0,111972887.0,3.02,29.15,28.3,28.3,28.11,0.77,1.95,245.38,2.76,5757520976.0,5757520976.0,-0.03,0.38,-26.29,-0.21
1053,001326,联域股份,72.21,2.53,1.78,22278.0,160745918.0,3.95,73.28,70.5,71.84,70.43,0.71,9.28,135.72,4.29,5285772000.0,1734291327.0,0.08,0.22,13.61,53.38
1054,000061,农 产 品,6.49,2.53,0.16,328662.0,212541220.28,3.48,6.54,6.32,6.32,6.33,0.78,1.83,25.41,1.49,12882398175.0,11645094537.0,-0.15,-0.15,7.63,-36.56
1055,688433,华曙高科,110.41,2.52,2.71,70521.0,792064557.0,6.49,116.0,109.01,110.0,107.7,0.98,1.7,2719.92,21.41,45883916964.0,45883916964.0,0.0,-0.02,19.01,66.98
1056,603336,宏辉果蔬,9.37,2.52,0.23,168149.0,156989920.0,3.06,9.42,9.14,9.16,9.14,0.74,2.76,551.73,3.98,5703696515.0,5703696515.0,0.11,0.11,7.09,9.59
1057,688699,明微电子,58.62,2.52,1.44,24555.0,143763479.0,2.57,59.27,57.8,58.18,57.18,0.86,2.23,37.96,5.03,6451989197.0,6451989197.0,0.1,0.33,-0.66,37.9
1058,603718,*ST海利,3.25,2.52,0.08,47251.0,15231640.0,2.52,3.25,3.17,3.18,3.17,0.64,0.73,92.07,2.36,2109184025.0,2109184025.0,0.31,0.31,4.17,-46.72
1059,000888,峨眉山Ａ,10.56,2.52,0.26,172817.0,181430196.53,3.11,10.58,10.26,10.32,10.3,1.01,3.28,22.7,2.05,5564202357.0,5564202357.0,0.0,0.0,9.09,-18.58
1060,600738,丽尚国潮,4.48,2.52,0.11,165967.0,73672159.0,3.2,4.49,4.35,4.35,4.37,1.23,2.18,16.49,1.6,3410781857.0,3407784558.0,0.45,0.45,9.27,-11.46
1061,603739,蔚蓝生物,13.04,2.52,0.32,49235.0,63981371.0,2.99,13.08,12.7,12.75,12.72,1.01,1.95,42.78,1.84,3299496413.0,3299496413.0,0.15,0.08,3.74,-7.19
1062,688220,翱捷科技-U,93.86,2.52,2.31,69115.0,647244502.0,3.27,94.92,91.93,92.74,91.55,0.99,1.65,233.02,6.72,39261721442.0,39261721442.0,0.06,0.09,4.31,13.62
1063,300148,天舟文化,3.68,2.51,0.09,323711.0,118320891.77,3.06,3.68,3.57,3.58,3.59,0.89,3.98,57.69,2.95,3102826382.0,2995750007.0,0.0,0.27,9.52,-16.17
1064,600379,宝光股份,14.69,2.51,0.36,116047.0,168978770.0,3.63,14.8,14.28,14.28,14.33,0.63,3.51,62.68,6.0,4850660975.0,4850660975.0,0.14,0.2,23.65,26.31
1065,601858,中国科传,22.04,2.51,0.54,124304.0,271265586.0,4.47,22.32,21.36,21.47,21.5,0.9,1.57,49.02,2.98,17422620000.0,17422620000.0,-0.05,0.18,3.82,23.54
1066,600367,XD红星发,36.03,2.5,0.88,287773.0,1037038690.0,4.69,36.49,34.84,35.16,35.15,0.69,8.94,72.96,4.85,12290946399.0,11600693747.0,-0.03,-0.14,-32.02,106.71
1067,920273,一致魔芋,20.49,2.5,0.5,53277.0,108779855.37,7.7,20.94,19.4,19.98,19.99,1.02,7.77,45.99,3.31,2111246653.0,1405413280.0,-0.1,0.49,3.48,-35.95
1068,000068,华控赛格,3.28,2.5,0.08,153218.0,49843927.27,3.75,3.3,3.18,3.22,3.2,1.24,1.52,-40.94,5.88,3301882402.0,3301882402.0,0.0,-0.3,-5.2,-2.96
1069,605138,盛泰集团,6.16,2.5,0.15,44401.0,27201177.0,2.33,6.17,6.03,6.08,6.01,0.44,0.8,10.68,1.4,3422321549.0,3422321549.0,-0.16,0.16,-2.22,-10.85
1070,000679,大连友谊,6.55,2.5,0.16,61054.0,39817064.5,3.91,6.63,6.38,6.39,6.39,1.1,1.71,-37.33,18.56,2334420000.0,2334420000.0,0.0,-0.15,6.5,-8.01
1071,300686,智动力,14.81,2.49,0.36,49591.0,73090373.0,2.91,14.88,14.46,14.72,14.45,0.76,1.92,-123.66,4.94,3859844698.0,3834424814.0,0.07,0.27,-17.22,-1.66
1072,300182,捷成股份,5.35,2.49,0.13,1570469.0,833656537.69,3.83,5.38,5.18,5.22,5.22,0.61,6.5,44.36,1.67,14251467131.0,12918132433.0,0.0,0.19,-2.73,-2.9
1073,600835,上海机电,18.5,2.49,0.45,73504.0,136999932.0,5.32,18.96,18.0,18.0,18.05,1.38,0.91,23.56,1.32,18634952783.0,14920329550.0,-0.22,-0.11,-7.55,-38.02
1074,002229,鸿博股份,12.37,2.49,0.3,540130.0,664053449.77,3.23,12.42,12.03,12.08,12.07,0.93,10.95,-59.25,5.81,6100744380.0,6100442403.0,0.0,0.08,-6.99,-19.94
1075,300440,运达科技,20.15,2.49,0.49,70269.0,140748071.0,2.9,20.23,19.66,19.7,19.66,0.57,1.6,-485.82,5.34,8904621505.0,8865026050.0,0.05,-0.15,4.95,64.36
1076,300063,天龙集团,9.51,2.48,0.23,683878.0,643678956.12,4.2,9.54,9.15,9.4,9.28,1.04,10.91,71.06,4.01,7213593197.0,5959602628.0,0.0,0.21,2.92,10.97
1077,002979,雷赛智能,54.33,2.47,1.31,73362.0,398751349.06,4.0,54.98,52.86,52.95,53.02,0.92,3.29,44.34,8.39,17170349973.0,12103875528.0,-0.11,-0.17,8.1,29.91
1078,000969,安泰科技,17.43,2.47,0.42,202334.0,348276838.87,3.7,17.44,16.81,16.98,17.01,0.79,1.94,37.58,3.14,18310553090.0,18141017127.0,0.0,0.0,-28.15,-16.24
1079,603063,禾望电气,31.7,2.46,0.76,179196.0,563858061.0,4.3,32.06,30.73,30.93,30.94,0.93,3.88,47.04,2.69,14713340518.0,14652793518.0,-0.25,-0.19,-32.38,-3.76
1080,301395,仁信新材,12.49,2.46,0.3,51107.0,63392544.04,5.25,12.64,12.0,12.28,12.19,1.35,3.95,-14.22,2.11,3033201971.0,1615590093.0,0.16,-0.16,8.99,1.88
1081,688981,中芯国际,124.12,2.46,2.98,313148.0,3874036002.0,2.54,125.3,122.22,122.5,121.14,1.1,1.57,118.94,6.2,1062738304518.0,248185703582.0,-0.01,-0.06,-0.61,1.05
1082,300190,维尔利,4.17,2.46,0.1,382263.0,158455879.14,6.14,4.26,4.01,4.07,4.07,1.79,4.05,61.39,1.26,3953531339.0,3937487647.0,0.0,-0.24,3.47,-2.8
1083,001318,阳光乳业,12.06,2.46,0.29,40073.0,47947500.0,2.97,12.06,11.71,11.71,11.77,1.0,1.42,36.75,2.37,3408879600.0,3408879600.0,0.25,0.25,10.24,-21.43
1084,688051,佳华科技,25.38,2.46,0.61,16194.0,40655579.0,4.64,25.5,24.35,24.9,24.77,1.39,2.09,-17.11,3.62,1962736920.0,1962736920.0,-0.39,0.2,-7.41,-35.93
1085,600438,通威股份,11.67,2.46,0.28,342086.0,396039393.0,3.16,11.69,11.33,11.36,11.39,0.96,0.76,-5.13,1.63,52538234270.0,52538234270.0,0.0,0.0,-14.82,-43.13
1086,920128,胜业电气,18.83,2.45,0.45,16818.0,31361999.47,4.62,19.11,18.26,18.61,18.38,1.49,6.92,122.06,3.01,1528807700.0,457569000.0,0.16,0.21,-23.58,-32.27
1087,600308,华泰股份,3.35,2.45,0.08,173096.0,57628350.0,5.2,3.42,3.25,3.27,3.27,2.23,1.14,134.5,0.56,5081515090.0,5081515090.0,0.3,0.6,-0.3,-14.1
1088,300806,斯迪克,47.71,2.45,1.14,226242.0,1080981121.81,2.86,48.39,47.06,47.28,46.57,0.99,4.95,328.56,12.77,30235349665.0,21787667780.0,0.02,-0.1,-17.2,117.06
1089,000980,众泰汽车,1.67,2.45,0.04,2044036.0,342220751.0,8.59,1.74,1.6,1.62,1.63,1.83,4.05,52.38,43.16,8421054724.0,8420951351.0,0.0,0.0,-23.04,-52.69
1090,603717,天域生物,6.7,2.45,0.16,137082.0,90612713.0,4.59,6.72,6.42,6.54,6.54,1.62,4.72,-17.88,5.74,1943979808.0,1943979808.0,0.0,-0.15,5.18,-14.54
1091,301116,益客食品,10.03,2.45,0.24,69265.0,68969245.96,3.47,10.07,9.73,9.82,9.79,1.17,1.54,66.8,2.87,4503265318.0,4503242750.0,0.0,0.0,0.6,-8.23
1092,688549,中巨芯-U,22.28,2.44,0.53,501209.0,1116972956.0,2.94,22.49,21.85,22.02,21.75,1.1,8.5,1170.67,10.91,32913709280.0,13130027320.0,0.18,0.09,-10.34,144.3
1093,920002,万达轴承,53.84,2.44,1.28,10672.0,57301789.11,5.12,54.69,52.0,52.0,52.56,0.86,2.39,48.4,4.51,3429831705.0,2401110718.0,-0.04,0.02,-10.55,-31.29
1094,300401,花园生物,15.11,2.44,0.36,253077.0,378505334.51,2.92,15.14,14.71,14.76,14.75,0.95,4.72,31.2,2.48,8232179098.0,8099418876.0,0.0,0.0,8.71,0.67
1095,300755,华致酒行,11.77,2.44,0.28,59509.0,69466367.0,3.39,11.78,11.39,11.39,11.49,1.17,1.43,-33.4,1.83,4905717168.0,4903157193.0,0.09,0.26,-20.85,-33.2
1096,002364,中恒电气,38.35,2.43,0.91,360854.0,1369793709.54,4.22,38.78,37.2,38.37,37.44,1.2,6.47,196.52,8.73,21612716216.0,21405318457.0,0.03,0.05,-17.37,45.6
1097,600150,中国船舶,38.38,2.43,0.91,2319546.0,8847109788.0,3.52,38.82,37.5,37.74,37.47,1.71,3.08,14.51,1.9,288833345033.0,288833345033.0,0.0,-0.05,11.15,16.66
1098,600584,长电科技,69.0,2.43,1.64,821696.0,5642632845.0,2.72,69.49,67.66,68.59,67.36,1.16,4.59,73.09,4.27,123469605330.0,123469605330.0,0.03,0.01,0.26,88.11
1099,603983,丸美生物,34.09,2.43,0.81,63195.0,215584727.0,5.02,34.67,33.0,33.45,33.28,0.9,1.58,43.96,4.04,13670090000.0,13670090000.0,0.0,0.06,54.95,3.62
1100,688396,华润微,57.92,2.42,1.37,149929.0,869294258.0,2.48,58.72,57.32,57.5,56.55,0.94,1.13,53.25,3.28,76929962586.0,76929962586.0,0.0,-0.07,-4.66,9.68
1101,601118,海南橡胶,7.2,2.42,0.17,2523589.0,1871865095.0,9.25,7.73,7.08,7.43,7.03,1.57,5.9,-118.07,3.24,30811880138.0,30811880138.0,-0.14,0.14,24.14,23.08
1102,688719,爱科赛博,54.49,2.42,1.29,53728.0,290474845.0,6.05,55.26,52.04,53.88,53.2,1.08,5.99,-186.78,3.78,6287351427.0,4888968018.0,0.0,-0.09,-31.71,23.42
1103,000639,ST西王,1.7,2.41,0.04,562785.0,95535101.52,6.02,1.74,1.64,1.65,1.66,0.93,5.21,4.14,1.03,1835027762.0,1835024620.0,0.0,0.0,21.43,-48.64
1104,300322,硕贝德,18.27,2.41,0.43,284889.0,516014061.21,3.81,18.38,17.7,17.86,17.84,0.94,6.47,166.21,8.15,8404897055.0,8046670040.0,0.0,0.0,-35.24,-33.05
1105,688469,芯联集成-U,8.5,2.41,0.2,896667.0,756055912.0,2.29,8.53,8.34,8.37,8.3,1.01,1.52,128.0,5.34,71252840962.0,50069823538.0,0.24,0.12,16.28,27.06
1106,301446,福事特,38.05,2.4,0.89,6165.0,23399842.0,2.91,38.2,37.12,37.5,37.16,0.82,1.94,45.39,3.24,3957200000.0,1208924600.0,0.32,0.34,-12.1,19.43
1107,000610,*ST西旅,8.11,2.4,0.19,139567.0,109825491.77,6.69,8.11,7.58,7.88,7.92,0.8,5.93,-16.42,-16.99,1920025477.0,1909939824.0,0.12,1.12,24.77,-34.91
1108,002010,传化智联,4.69,2.4,0.11,306314.0,143996989.47,4.37,4.79,4.59,4.61,4.58,1.62,1.11,14.47,0.72,12963304959.0,12933919402.0,0.21,0.0,-2.29,-17.86
1109,688320,禾川科技,33.47,2.39,0.78,21860.0,73352437.0,3.82,33.94,32.69,32.94,32.69,0.68,1.45,111.34,4.07,5054427468.0,5054427468.0,-0.24,-0.15,-7.34,-10.32
1110,688126,沪硅产业,23.13,2.39,0.54,420421.0,965223711.0,3.63,23.35,22.53,22.88,22.59,0.99,1.47,-39.6,3.94,76445191080.0,66096702004.0,0.0,-0.04,-21.83,6.89
1111,688600,皖仪科技,33.89,2.39,0.79,90212.0,304559170.0,4.56,34.63,33.12,33.2,33.1,1.44,6.7,73.57,5.72,4565270726.0,4565270726.0,0.24,0.24,31.51,36.32
1112,603278,大业股份,9.43,2.39,0.22,78549.0,73921409.0,3.8,9.54,9.19,9.21,9.21,1.09,2.3,-25.18,1.7,3222791067.0,3222791067.0,-0.11,0.11,-20.29,-44.66
1113,603312,西典新能,32.75,2.38,0.76,9722.0,31827314.0,3.81,33.05,31.83,32.01,31.99,1.09,1.91,31.27,2.9,5239983625.0,1667613625.0,-0.09,0.06,-3.96,-29.43
1114,002098,浔兴股份,8.18,2.38,0.19,102533.0,83480637.0,3.75,8.24,7.94,8.0,7.99,0.75,2.86,11.97,1.86,2928440000.0,2928440000.0,0.12,0.12,15.37,-15.84
1115,301068,大地海洋,28.1,2.37,0.65,11563.0,32112633.2,4.88,28.46,27.12,27.75,27.45,0.71,1.15,63.45,4.82,3970972350.0,2819034853.0,-0.21,-0.14,8.24,6.76
1116,000915,华特达因,25.99,2.36,0.6,45354.0,117391773.71,3.07,26.08,25.3,25.41,25.39,2.05,1.94,13.63,2.33,6090275295.0,6084853131.0,-0.04,0.12,1.52,-16.27
1117,603848,好太太,13.88,2.36,0.32,23604.0,32575476.0,2.88,13.95,13.56,13.71,13.56,0.86,0.59,27.32,2.16,5585402373.0,5585402373.0,0.14,0.22,-0.79,-23.19
1118,920029,开发科技,34.27,2.36,0.79,10088.0,34260906.46,3.61,34.38,33.17,33.62,33.48,0.92,0.5,19.41,1.92,7091872628.0,6900771970.0,0.18,0.18,-6.82,-43.32
1119,300577,开润股份,20.38,2.36,0.47,25749.0,52249172.2,3.97,20.54,19.75,19.87,19.91,0.67,1.81,11.58,2.3,4887862714.0,2905581512.0,-0.29,-0.2,29.56,-3.46
1120,688828,国仪公司-U,93.15,2.36,2.15,24702.0,229474758.0,3.92,94.57,91.0,91.9,91.0,0.73,9.49,-264.94,26.29,37260931500.0,2425535924.0,-0.05,0.23,338.97,338.97
1121,301031,中熔电气,97.0,2.36,2.24,18253.0,175190490.39,4.0,97.99,94.2,95.35,94.76,0.92,1.59,28.26,8.05,14176972241.0,11145177877.0,-0.08,-0.07,-17.8,28.36
1122,600715,文投控股,1.74,2.35,0.04,441951.0,76159556.0,3.53,1.75,1.69,1.69,1.7,0.81,1.54,-178.03,6.62,7064145090.0,4980527699.0,0.58,0.58,1.75,-20.18
1123,300497,富祥股份,18.71,2.35,0.43,274255.0,510598296.03,4.21,18.85,18.08,18.2,18.28,0.92,6.01,28.48,4.31,10078121555.0,8536672947.0,0.0,-0.05,19.02,24.24
1124,688103,国力电子,71.8,2.35,1.65,16633.0,118908467.0,3.39,72.69,70.31,70.59,70.15,0.81,1.75,108.61,6.06,6843657639.0,6843657639.0,-0.17,-0.18,23.07,18.95
1125,002330,得利斯,4.36,2.35,0.1,176169.0,76219543.2,3.29,4.37,4.23,4.23,4.26,1.28,2.77,246.19,1.21,2769974664.0,2768836922.0,-0.23,0.0,11.79,-9.92
1126,920438,戈碧迦,98.52,2.35,2.26,45084.0,449935130.49,5.82,102.49,96.89,99.0,96.26,1.49,3.23,229.32,14.3,14232297720.0,13733101806.0,0.03,0.16,26.45,145.99
1127,600699,均胜电子,19.57,2.35,0.45,278568.0,542718270.0,3.82,19.78,19.05,19.1,19.12,1.11,2.0,20.53,1.83,30348579918.0,27313272918.0,0.0,0.0,-17.98,-37.24
1128,605199,ST葫芦娃,6.1,2.35,0.14,18432.0,11247202.0,5.54,6.36,6.03,6.36,5.96,1.74,0.46,-10.76,8.16,2440663387.0,2440663387.0,0.0,0.33,-4.54,-19.95
1129,688347,华虹宏力,228.73,2.34,5.23,174185.0,3968036928.0,5.18,233.33,221.76,226.99,223.5,1.11,4.27,498.28,8.41,397470159929.0,93264657500.0,0.0,0.03,4.74,112.04
1130,301390,经纬股份,36.77,2.34,0.84,21449.0,77714241.0,4.17,36.9,35.4,35.93,35.93,1.38,4.37,-47.71,2.4,2206200000.0,1803795739.0,-0.08,0.38,21.11,10.42
1131,002707,众信旅游,5.68,2.34,0.13,238402.0,134532263.47,3.24,5.7,5.52,5.54,5.55,0.88,2.76,90.86,6.01,5581821387.0,4914779222.0,0.18,0.18,3.46,-21.0
1132,002747,埃斯顿,30.58,2.34,0.7,323784.0,989584828.25,4.59,31.01,29.64,29.89,29.88,1.03,4.13,91.81,9.04,29621807901.0,23985299243.0,0.0,0.0,-5.09,29.03
1133,688268,华特气体,132.88,2.33,3.02,36969.0,489987432.0,2.83,133.77,130.1,131.65,129.86,0.53,2.9,91.38,6.38,16966389209.0,16966389209.0,0.06,0.06,-29.32,133.57
1134,002732,燕塘乳业,14.48,2.33,0.33,18218.0,26133058.0,2.61,14.48,14.11,14.16,14.15,1.12,1.16,81.18,1.51,2278428000.0,2274266231.0,0.0,0.14,4.32,-14.62
1135,002628,成都路桥,5.3,2.32,0.12,176462.0,92748920.81,2.7,5.31,5.17,5.18,5.18,0.53,2.34,-60.93,1.44,4012632200.0,4003285883.0,-0.19,0.0,7.94,28.95
1136,301042,安联锐视,32.15,2.32,0.73,36672.0,118118254.6,4.01,32.68,31.42,31.42,31.42,1.12,3.98,112.07,2.94,3111385501.0,2965870422.0,-0.03,-0.12,-57.7,-49.07
1137,300081,ST恒信,3.54,2.31,0.08,99203.0,34876007.0,5.78,3.63,3.43,3.48,3.46,0.83,1.64,-10.53,2.94,2140975776.0,2140463892.0,0.0,0.0,-9.0,-31.79
1138,688172,燕东微,45.11,2.31,1.02,147756.0,665212773.0,2.81,45.6,44.36,44.97,44.09,0.73,1.23,-74.1,3.56,64399852356.0,54075797947.0,0.13,-0.09,-30.48,55.87
1139,600734,*ST实达,1.77,2.31,0.04,288980.0,50696259.0,2.31,1.77,1.73,1.74,1.73,1.18,1.33,-67.96,18.08,3855596498.0,3854799998.0,0.57,0.0,-6.35,-61.52
1140,002547,*ST春兴,2.66,2.31,0.06,229576.0,60780732.0,4.23,2.7,2.59,2.61,2.6,0.98,2.08,-9.59,-5.68,3000632067.0,2938763920.0,0.0,0.38,-21.76,-43.04
1141,300441,鲍斯股份,7.1,2.31,0.16,54747.0,38698163.4,2.16,7.12,6.97,6.99,6.94,0.83,0.87,21.84,1.78,4575352663.0,4466035944.0,0.28,0.14,17.36,-5.21
1142,300093,金刚光伏,23.93,2.31,0.54,51327.0,120986268.0,2.99,23.94,23.24,23.55,23.39,0.77,1.84,-59.49,6.43,13232715680.0,6676470000.0,0.04,0.08,14.66,43.29
1143,600563,法拉电子,126.33,2.31,2.85,27000.0,340885857.0,2.17,127.28,124.6,124.8,123.48,0.86,1.2,24.41,4.66,28424250000.0,28424250000.0,0.0,-0.01,-11.66,23.07
1144,300756,金马游乐,31.0,2.31,0.7,57399.0,180619581.88,6.01,32.18,30.36,30.45,30.3,1.84,2.99,75.26,4.61,6839760826.0,5951875101.0,0.1,0.03,3.89,-23.53
1145,301015,百洋医药,23.45,2.31,0.53,43158.0,100737308.52,3.84,23.59,22.71,22.99,22.92,0.76,0.82,27.43,5.37,12325884606.0,12324301731.0,0.0,-0.04,15.12,1.82
1146,301191,菲菱科思,85.01,2.31,1.92,31658.0,268398649.2,2.9,85.66,83.25,83.93,83.09,0.79,4.33,118.34,4.82,8237220771.0,6210637967.0,0.06,0.14,-7.42,10.69
1147,301263,泰恩康,20.05,2.3,0.45,38804.0,76847660.42,3.78,20.1,19.36,19.65,19.6,1.28,1.07,1375.93,6.21,10237469850.0,7304280483.0,-0.15,-0.2,6.37,-16.87
1148,300988,津荣天宇,16.0,2.3,0.36,36266.0,57868274.49,3.07,16.15,15.67,15.85,15.64,0.94,2.24,23.45,2.39,3151329584.0,2593625360.0,0.06,0.06,-2.97,-0.68
1149,300568,星源材质,14.24,2.3,0.32,372412.0,529492062.06,5.32,14.49,13.75,13.92,13.92,0.74,3.08,52.2,1.96,21292134139.0,17209890043.0,-0.07,0.0,-21.63,-6.56
1150,002418,康盛股份,5.33,2.3,0.12,2220507.0,1162939509.69,7.49,5.39,5.0,5.1,5.21,0.59,19.54,363.75,4.15,6057012000.0,6057012000.0,-0.19,0.19,28.43,11.74
1151,603866,桃李面包,4.44,2.3,0.1,165916.0,73380194.0,2.76,4.46,4.34,4.36,4.34,1.29,1.04,24.45,1.41,7102753048.0,7102753048.0,0.0,-0.22,8.29,-12.25
1152,603728,鸣志电器,51.28,2.29,1.15,100656.0,515162070.0,4.17,52.24,50.15,50.38,50.13,1.13,2.4,288.71,7.23,21480294600.0,21480294600.0,-0.02,0.0,-15.49,-29.1
1153,300671,富满微,52.7,2.29,1.18,88716.0,467403855.44,2.99,53.34,51.8,52.02,51.52,1.0,4.02,64.36,6.96,11667066442.0,11635367129.0,-0.11,-0.11,7.51,65.26
1154,920718,合肥高科,10.78,2.28,0.24,20702.0,22104553.04,5.79,10.91,10.3,10.5,10.54,1.03,4.45,-872.3,1.71,977387026.0,501378544.0,0.09,0.19,4.15,-28.28
1155,603938,三孚股份,40.39,2.28,0.9,121979.0,491579094.0,3.62,40.94,39.51,40.24,39.49,0.8,3.19,64.87,5.91,15454203434.0,15454203434.0,0.0,0.07,-23.89,111.58
1156,600226,亨通股份,5.84,2.28,0.13,840040.0,488937114.0,2.98,5.88,5.71,5.72,5.71,0.94,2.82,94.79,4.66,17370386348.0,17370386348.0,-0.17,0.34,-22.13,9.57
1157,301071,力量钻石,61.38,2.28,1.37,196091.0,1187831862.93,8.43,62.06,57.0,59.89,60.01,0.96,10.48,86.69,2.93,15618158984.0,11481073574.0,-0.05,-0.05,-8.67,73.15
1158,000035,中国天楹,4.94,2.28,0.11,465530.0,229004442.0,3.73,4.99,4.81,4.82,4.83,1.46,2.01,27.63,1.09,11796881879.0,11426835638.0,0.0,0.0,-0.4,-9.85
1159,688139,海尔生物,31.5,2.27,0.7,42083.0,132618662.0,4.16,31.93,30.65,30.8,30.8,1.33,1.33,33.81,2.25,9969527043.0,9969527043.0,0.0,0.0,17.8,0.16
1160,601828,美凯龙,2.25,2.27,0.05,721765.0,160624017.0,3.18,2.26,2.19,2.2,2.2,1.08,2.0,65.43,0.44,9795797714.0,8127905038.0,0.0,0.45,-3.02,-16.67
1161,300160,秀强股份,4.5,2.27,0.1,62109.0,27715783.4,2.5,4.5,4.39,4.4,4.4,0.95,0.81,28.99,1.32,3478258314.0,3433340030.0,0.0,0.0,-2.6,-16.2
1162,605108,同庆楼,13.55,2.26,0.3,46041.0,62047701.0,2.87,13.58,13.2,13.3,13.25,1.02,1.77,1261.3,1.52,3523000000.0,3523000000.0,0.15,0.15,5.78,-29.06
1163,920578,巨能股份,17.65,2.26,0.39,10737.0,18847785.15,3.82,17.86,17.2,17.27,17.26,0.7,3.02,67.07,4.89,1349856062.0,626592985.0,0.0,-0.34,-4.95,-32.25
1164,002859,洁美科技,62.83,2.26,1.39,124192.0,775172625.75,3.55,63.38,61.2,61.4,61.44,0.87,2.9,103.45,7.55,28502324535.0,26911044016.0,-0.05,-0.16,-16.54,128.64
1165,300868,杰美特,82.42,2.26,1.82,25029.0,206117164.27,3.14,83.58,81.05,81.77,80.6,0.97,3.1,-360.69,7.18,10482066476.0,6656101147.0,0.19,0.07,-27.06,160.0
1166,002733,雄韬股份,18.62,2.25,0.41,144282.0,268009403.08,3.02,18.76,18.21,18.21,18.21,1.23,3.91,74.42,2.66,7154081680.0,6868224573.0,0.0,0.0,-46.08,-4.66
1167,002270,华明装备,19.55,2.25,0.43,137342.0,267233063.79,3.71,19.68,18.97,19.26,19.12,1.09,1.53,22.47,5.2,17521207176.0,17521207176.0,-0.05,-0.05,-2.88,-21.26
1168,300961,深水海纳,14.99,2.25,0.33,194845.0,288789847.0,7.23,15.44,14.38,14.93,14.66,2.02,12.73,-23.47,5.08,2657427200.0,2295063452.0,0.0,0.13,32.77,4.75
1169,301133,金钟股份,33.13,2.25,0.73,24401.0,80700423.76,4.44,33.61,32.17,32.17,32.4,0.97,2.2,-58.68,3.02,4024189253.0,3681934653.0,0.21,0.18,-17.95,-13.52
1170,688179,阿拉丁,19.06,2.25,0.42,57470.0,109418873.0,4.45,19.38,18.55,18.8,18.64,0.71,1.58,50.91,5.13,6914318664.0,6914318664.0,-0.05,-0.1,-7.07,54.33
1171,300329,海伦钢琴,12.27,2.25,0.27,25211.0,30761360.8,2.83,12.3,11.96,12.12,12.0,1.09,1.0,-31.42,5.4,3102945331.0,3091637998.0,0.0,-0.08,0.74,-24.21
1172,300626,华瑞股份,27.27,2.25,0.6,31322.0,85398196.0,3.07,27.52,26.7,26.87,26.67,0.74,1.74,272.46,9.24,4908600000.0,4905914587.0,-0.04,0.0,-23.18,71.62
1173,605296,神农集团,36.47,2.24,0.8,56502.0,204524261.0,3.76,36.62,35.28,35.5,35.67,1.18,1.09,-11.86,4.61,19191630638.0,18890891724.0,0.0,0.05,40.0,24.39
1174,000021,深科技,35.29,2.23,0.77,540149.0,1900677154.17,2.43,35.59,34.75,34.95,34.52,1.0,3.41,51.46,4.2,55927625949.0,55920066831.0,0.0,0.03,-4.85,40.82
1175,300553,集智股份,51.28,2.23,1.12,63927.0,331066487.87,5.1,53.27,50.71,52.58,50.16,0.99,7.51,1970.89,6.74,5693364410.0,4363374791.0,0.2,0.16,-19.6,27.12
1176,688297,中无人机,43.49,2.23,0.95,191849.0,839500227.0,7.52,45.4,42.2,42.55,42.54,1.28,2.84,267.23,5.29,29355750000.0,29355750000.0,0.0,0.07,-9.24,-9.05
1177,301043,绿岛风,49.44,2.23,1.08,13477.0,66307231.0,5.09,50.18,47.72,48.5,48.36,1.06,2.37,54.29,3.93,3361920000.0,2805608760.0,-0.26,0.14,10.46,-23.94
1178,688783,西安奕材-U,27.97,2.23,0.61,162138.0,452453782.0,2.63,28.23,27.51,27.79,27.36,0.95,6.03,-195.21,9.3,112937266000.0,7521133000.0,-0.04,0.11,-41.12,17.52
1179,300984,金沃股份,30.43,2.22,0.66,35926.0,109971996.2,4.57,31.06,29.7,29.78,29.77,1.02,2.9,104.26,3.3,5856334870.0,3774217594.0,0.0,0.1,-24.34,-49.63
1180,300184,力源信息,11.97,2.22,0.26,344183.0,411153668.17,2.05,12.04,11.8,11.85,11.71,0.94,3.28,23.07,2.94,13725297905.0,12563869477.0,0.0,0.08,-15.76,19.82
1181,002635,安洁科技,15.26,2.21,0.33,131007.0,199134697.19,3.42,15.36,14.85,15.03,14.93,0.85,3.31,30.69,1.72,10066820202.0,6035835243.0,0.0,0.13,-3.78,11.31
1182,300904,威力传动,42.0,2.21,0.91,4981.0,20911015.04,2.97,42.49,41.27,41.88,41.09,0.82,1.44,-29.25,5.42,3040095744.0,1452495744.0,0.14,0.07,-8.5,-32.92
1183,300025,华星创业,6.0,2.21,0.13,157525.0,94166476.31,3.41,6.07,5.87,5.87,5.87,0.63,3.11,-81.89,7.41,3052757532.0,3041290464.0,-0.17,-0.17,31.29,4.17
1184,605111,新洁能,55.15,2.21,1.19,97260.0,536674872.0,3.26,55.74,53.98,54.86,53.96,0.86,2.34,49.08,5.09,22905591070.0,22905591070.0,-0.02,0.05,-7.12,55.18
1185,600828,茂业商业,5.08,2.21,0.11,1130287.0,576921137.0,9.86,5.3,4.81,4.82,4.97,1.58,6.53,-23.34,1.34,8798471334.0,8795309719.0,0.0,0.0,27.32,-13.01
1186,002821,凯莱英,166.6,2.2,3.58,66947.0,1110107391.36,3.87,167.49,161.18,161.18,163.02,0.71,2.1,57.72,3.39,60086534102.0,52990700738.0,0.0,-0.02,43.98,81.82
1187,600159,大龙地产,2.79,2.2,0.06,273629.0,75885584.0,4.03,2.81,2.7,2.72,2.73,0.45,3.3,-33.87,1.61,2315709017.0,2315709017.0,0.0,0.0,6.08,0.72
1188,002965,祥鑫科技,30.63,2.2,0.66,127526.0,390794437.61,4.44,31.13,29.8,30.0,29.97,1.06,5.36,-208.63,1.94,8128600396.0,7288186310.0,-0.03,-0.07,-22.61,-24.33
1189,920526,凯华材料,20.44,2.2,0.44,16312.0,33276632.12,3.8,20.88,20.12,20.2,20.0,0.7,3.11,95.96,7.37,1690388000.0,1070391414.0,0.1,-0.05,-26.76,-12.72
1190,300021,大禹节水,4.18,2.2,0.09,259382.0,108335847.96,2.93,4.22,4.1,4.11,4.09,0.94,2.97,-1928.6,1.6,4273496020.0,3650114855.0,0.24,0.24,11.17,-8.73
1191,688261,东微半导,67.93,2.2,1.46,32140.0,218036544.0,2.68,68.46,66.68,67.57,66.47,0.99,2.63,39.19,2.75,8331297063.0,8294021291.0,0.0,-0.07,-10.35,-17.09
1192,301368,丰立智能,38.63,2.2,0.83,14728.0,56909383.15,3.7,39.0,37.6,37.65,37.8,1.05,1.24,-287.52,3.3,5452608893.0,4591573196.0,-0.03,0.1,-11.28,-38.36
1193,688721,龙图光罩,38.15,2.2,0.82,19809.0,75287197.0,2.95,38.51,37.41,37.5,37.33,0.67,3.59,150.25,4.13,5093025000.0,2104098014.0,-0.08,-0.13,-22.0,-18.01
1194,600706,曲江文旅,8.82,2.2,0.19,108326.0,94960007.0,3.48,8.85,8.55,8.76,8.63,0.74,4.26,165.1,4.79,2249627304.0,2240546232.0,0.0,0.0,14.1,-16.79
1195,301539,宏鑫科技,15.32,2.2,0.33,20304.0,31012209.0,3.14,15.47,15.0,15.06,14.99,1.57,2.6,-64.19,2.98,2267360000.0,1194554388.0,-0.07,-0.07,3.37,-26.35
1196,300534,陇神戎发,13.49,2.2,0.29,345727.0,465900297.4,4.09,13.61,13.07,13.2,13.2,0.78,11.45,149.27,5.71,4092124050.0,4074784598.0,0.15,0.07,77.03,42.6
1197,301717,超纯应材,362.22,2.19,7.76,35559.0,1282614716.35,4.85,368.98,351.8,362.01,354.46,0.97,20.41,161.64,14.6,36890713902.0,6312178293.0,0.03,0.27,448.9,448.9
1198,002343,慈文传媒,5.63,2.18,0.12,133995.0,74682713.88,3.09,5.66,5.49,5.51,5.51,0.63,2.83,-40.13,2.85,2666820010.0,2666820010.0,0.18,0.0,13.97,-21.37
1199,300120,经纬辉开,7.52,2.17,0.16,251206.0,189179451.0,3.94,7.63,7.34,7.36,7.36,0.49,4.77,-52.43,1.75,4319442346.0,3963970615.0,-0.27,-0.27,-17.54,-11.53
1200,301130,西点药业,27.79,2.17,0.59,43612.0,120048251.53,2.79,27.79,27.03,27.3,27.2,0.54,7.39,119.06,2.44,2125787296.0,1640092434.0,0.07,0.18,5.63,-2.15
1201,605588,冠石科技,46.04,2.17,0.98,8142.0,37507692.0,2.51,46.43,45.3,45.5,45.06,0.97,1.11,-36.66,3.66,3373603145.0,3365503788.0,0.0,0.02,-14.77,-8.81
1202,603406,天富龙,30.09,2.17,0.64,24381.0,72520574.0,3.67,30.1,29.02,29.5,29.45,0.57,4.15,23.76,2.55,12036300900.0,1766879655.0,0.0,0.03,8.0,-25.61
1203,300175,朗源股份,6.12,2.17,0.13,95579.0,58330648.0,3.34,6.16,5.96,5.97,5.99,1.49,2.03,-106.89,5.88,2881296000.0,2881296000.0,0.0,0.0,18.15,8.51
1204,002234,民和股份,8.52,2.16,0.18,82337.0,69785113.0,3.0,8.57,8.32,8.34,8.34,1.32,2.73,-15.61,1.78,2973141006.0,2568001604.0,-0.23,-0.47,18.66,-1.16
1205,001206,依依股份,17.03,2.16,0.36,60302.0,102384630.97,3.3,17.12,16.57,16.68,16.67,1.75,5.64,28.56,1.75,3148741550.0,1819901720.0,0.06,0.12,0.12,-41.24
1206,300334,津膜科技,8.52,2.16,0.18,148539.0,123495808.0,4.92,8.52,8.11,8.32,8.34,1.63,4.92,-169.46,4.79,2573596833.0,2573293564.0,0.12,1.07,-36.47,22.41
1207,000850,华茂股份,4.26,2.16,0.09,83246.0,35450844.0,3.12,4.3,4.17,4.19,4.17,0.85,0.88,-147.1,0.88,4020012938.0,4018774855.0,0.0,0.24,15.45,-20.67
1208,601886,江河集团,13.75,2.15,0.29,183487.0,251256957.0,4.01,14.0,13.46,13.52,13.46,0.72,1.62,17.68,2.15,15578778325.0,15578778325.0,0.29,0.44,53.63,76.06
1209,601921,XD浙版传,7.59,2.15,0.16,109736.0,82519166.0,2.42,7.6,7.42,7.43,7.43,0.98,0.49,13.06,1.18,16866666673.0,16866666673.0,0.0,0.13,3.13,1.2
1210,688663,新风光,55.55,2.15,1.17,32156.0,178130577.0,4.87,56.55,53.9,54.88,54.38,1.35,1.63,106.55,7.8,10957125511.0,10957125511.0,0.04,0.04,-5.82,100.9
1211,300693,盛弘股份,40.65,2.14,0.85,87590.0,351361674.91,3.69,40.86,39.39,40.15,39.8,0.87,3.25,27.91,5.93,12715150205.0,10960199462.0,-0.02,-0.27,-9.99,8.54
1212,301226,祥明智能,32.94,2.14,0.69,40775.0,134563694.5,6.11,34.08,32.11,32.41,32.25,1.26,3.75,247.63,3.94,3583872000.0,3583872000.0,-0.09,0.03,-2.11,-3.03
1213,603163,圣晖集成,77.83,2.14,1.63,16626.0,129055448.0,2.72,78.57,76.5,77.0,76.2,0.84,1.66,55.43,6.66,7783000000.0,7783000000.0,-0.06,-0.01,-31.29,14.54
1214,688603,天承科技,120.52,2.14,2.52,92943.0,1090330601.0,11.32,122.36,109.0,119.0,118.0,1.38,7.45,121.99,12.1,15031799632.0,15031799632.0,0.02,0.03,-21.89,61.08
1215,000912,泸天化,4.3,2.14,0.09,574671.0,247683211.94,5.46,4.45,4.22,4.25,4.21,0.43,3.66,406.96,1.06,6742400000.0,6742400000.0,-0.23,0.0,16.22,3.61
1216,300128,锦富技术,5.27,2.13,0.11,338923.0,176443959.56,4.65,5.3,5.06,5.17,5.16,0.74,2.61,-29.23,19.0,6846338221.0,6836468960.0,0.19,0.38,-9.45,-27.81
1217,002833,弘亚数控,19.15,2.13,0.4,56519.0,107697048.37,2.56,19.2,18.72,18.81,18.75,1.14,1.93,16.13,2.79,8216683970.0,5612225543.0,0.05,0.1,10.25,21.43
1218,301538,骏鼎达,41.8,2.13,0.87,15995.0,66592415.87,3.13,42.18,40.9,41.28,40.93,0.81,3.66,30.55,3.08,4587968000.0,1826975130.0,0.0,-0.05,-32.11,-26.74
1219,920510,丰光精密,21.55,2.13,0.45,59837.0,130131399.19,5.78,22.22,21.0,21.16,21.1,0.86,6.37,567.27,10.01,3965310530.0,2025542211.0,-0.05,-0.14,15.74,2.57
1220,603435,嘉德利,48.51,2.13,1.01,18642.0,89837846.0,3.09,48.77,47.3,48.0,47.5,0.72,5.22,82.01,10.11,22274217365.0,1731202662.0,0.02,-0.06,-20.36,207.8
1221,603139,康惠股份,37.34,2.13,0.78,22610.0,84085582.0,3.01,37.5,36.4,36.56,36.56,0.54,2.26,218.59,5.96,3975014764.0,3729519200.0,0.0,0.21,2.36,82.41
1222,300623,捷捷微电,29.31,2.13,0.61,175613.0,514811457.83,3.94,29.83,28.7,28.86,28.7,1.04,2.29,40.96,3.93,24388262426.0,22500061549.0,0.0,0.0,-7.39,8.48
1223,300162,雷曼光电,7.72,2.12,0.16,147901.0,113400084.0,3.31,7.76,7.51,7.52,7.56,0.93,4.32,-59.69,3.77,3238617432.0,2641286292.0,0.0,0.0,-22.41,-5.04
1224,688691,灿芯股份,62.5,2.12,1.3,24626.0,153299624.0,3.33,63.2,61.16,61.58,61.2,0.82,3.38,-61.42,6.38,7500000000.0,4560313125.0,-0.18,-0.1,-34.67,-38.71
1225,601366,利群股份,3.88,2.11,0.08,191683.0,74062653.0,3.42,3.9,3.77,3.78,3.8,1.18,2.0,-40.71,0.88,3723795518.0,3723795518.0,0.26,0.0,10.54,-18.83
1226,688138,清溢光电,34.3,2.11,0.71,60235.0,205739729.0,3.01,34.51,33.5,33.5,33.59,0.67,1.91,45.77,3.76,10797640000.0,10797640000.0,0.0,-0.17,-2.64,22.19
1227,002084,海鸥住工,7.25,2.11,0.15,1635257.0,1129774637.66,12.25,7.37,6.5,7.1,7.1,1.36,25.37,-58.61,3.69,4683906290.0,4673599705.0,0.0,-0.14,114.5,86.86
1228,300550,和仁科技,14.02,2.11,0.29,70809.0,98084626.0,4.66,14.17,13.53,13.75,13.73,0.45,2.7,-58.24,3.31,3681093177.0,3677675381.0,-0.36,-0.07,-1.89,-3.18
1229,300968,格林精密,10.67,2.11,0.22,96388.0,101918051.04,3.35,10.74,10.39,10.46,10.45,0.57,2.33,-29.23,2.52,4410764600.0,4410764600.0,0.19,0.19,2.99,-28.34
1230,605337,李子园,9.66,2.11,0.2,43393.0,41703689.0,2.11,9.66,9.46,9.49,9.46,1.17,1.12,28.79,2.31,3744375467.0,3744375467.0,0.0,0.1,6.74,-17.15
1231,300715,凯伦股份,14.5,2.11,0.3,70613.0,101914496.44,3.17,14.56,14.11,14.2,14.2,0.78,2.21,247.75,3.04,5481803735.0,4631684627.0,-0.07,0.21,-26.69,38.89
1232,603221,爱丽家居,28.16,2.1,0.58,154046.0,423736641.0,5.84,28.19,26.58,27.58,27.58,0.94,6.36,-88.65,4.41,6822323200.0,6822323200.0,0.18,0.39,125.64,115.46
1233,002922,伊戈尔,25.8,2.1,0.53,343993.0,870731478.69,5.26,26.05,24.72,25.52,25.27,1.89,9.0,48.77,2.9,10902639439.0,9858821801.0,0.0,0.16,-24.38,-14.91
1234,000755,山西高速,4.87,2.1,0.1,65153.0,31567206.25,4.4,4.97,4.76,4.76,4.77,1.4,0.44,14.56,1.31,7145800655.0,7145800655.0,0.21,0.21,8.46,1.04
1235,300910,瑞丰新材,30.11,2.1,0.62,65077.0,194782793.92,3.22,30.25,29.3,29.3,29.49,0.82,2.43,13.9,3.04,11533402960.0,8077793672.0,0.0,0.17,-6.49,-29.24
1236,301029,怡合达,25.89,2.09,0.53,72251.0,186630833.6,2.84,26.08,25.36,25.4,25.36,0.92,1.6,25.86,3.89,16460517974.0,11724618099.0,0.0,0.04,-9.63,0.47
1237,688115,思林杰,60.13,2.09,1.23,14427.0,85864606.0,3.79,60.4,58.17,58.79,58.9,0.74,1.55,303.05,4.44,5612413940.0,5612413940.0,-0.02,0.33,61.16,28.48
1238,301072,中捷精工,44.86,2.09,0.92,20373.0,90620770.0,2.98,44.99,43.68,44.0,43.94,0.99,3.0,-130.91,6.66,4712362887.0,3046988681.0,0.29,0.25,30.6,99.2
1239,002419,天虹股份,4.88,2.09,0.1,178705.0,86645164.53,2.93,4.89,4.75,4.75,4.78,1.11,1.57,24.56,1.39,5569332071.0,5569249721.0,0.0,0.0,4.95,-10.62
1240,000425,徐工机械,8.31,2.09,0.17,1684260.0,1394171505.63,3.93,8.41,8.09,8.19,8.14,0.95,1.87,12.28,1.51,97320158831.0,74774085469.0,-0.12,-0.12,-6.84,-26.98
1241,920419,路斯股份,12.2,2.09,0.25,28607.0,34663340.93,4.6,12.43,11.88,11.9,11.95,1.19,2.96,25.4,2.02,1260338080.0,1179633543.0,0.33,0.16,13.49,-22.98
1242,301165,锐捷网络,111.99,2.09,2.29,144033.0,1601536559.88,3.3,112.5,108.88,111.78,109.7,0.78,1.29,89.83,23.37,124716136292.0,124716136292.0,0.12,0.26,99.98,77.62
1243,300833,浩洋股份,41.61,2.09,0.85,12552.0,51743206.16,3.24,41.82,40.5,41.25,40.76,0.77,1.54,29.12,2.15,5263269705.0,3380957178.0,-0.1,-0.41,32.22,4.08
1244,688021,奥福科技,20.54,2.09,0.42,12020.0,24743095.0,3.33,20.8,20.13,20.52,20.12,0.89,1.57,43.33,1.78,1569537747.0,1569537747.0,0.05,-0.1,-7.1,12.55
1245,301007,德迈仕,31.44,2.08,0.64,21185.0,66626572.5,3.6,31.73,30.62,31.15,30.8,0.72,1.4,158.36,7.37,4821009600.0,4757661930.0,-0.03,0.06,-3.23,-22.27
1246,603559,中通国脉,10.79,2.08,0.22,242256.0,256366164.0,4.45,10.8,10.33,10.71,10.57,0.57,6.04,225.85,5.51,4329778603.0,4329778603.0,0.0,0.28,25.47,54.36
1247,002762,金发拉比,9.32,2.08,0.19,69848.0,65183063.48,4.6,9.5,9.08,9.18,9.13,1.22,1.97,1941.17,5.06,3299513000.0,3299513000.0,0.0,0.0,13.11,36.46
1248,603177,德创环保,10.78,2.08,0.22,69968.0,74917496.0,3.22,10.9,10.56,10.7,10.56,1.25,3.43,-32.56,7.34,2201189760.0,2201189760.0,-0.09,0.28,14.19,-3.14
1249,002176,江特电机,8.89,2.07,0.18,422858.0,371371028.76,4.25,8.97,8.6,8.73,8.71,0.83,2.49,-35.52,5.18,15133007665.0,15110871565.0,-0.11,-0.22,-20.98,-8.73
1250,002872,ST天圣,5.93,2.07,0.12,28092.0,16527296.0,2.24,5.93,5.8,5.84,5.81,0.47,1.31,-39.0,0.98,1885740000.0,1274464535.0,0.34,0.17,15.37,22.02
1251,301105,鸿铭股份,52.25,2.07,1.06,11687.0,60139093.52,5.41,52.57,49.8,51.7,51.19,1.2,5.9,-110.29,3.44,2612500000.0,1035203021.0,0.06,0.0,9.61,11.96
1252,002102,ST能特,2.47,2.07,0.05,129003.0,31440344.0,6.2,2.48,2.33,2.41,2.42,1.08,0.62,31.8,1.98,5968124273.0,5114304257.0,-0.4,0.41,10.27,-25.83
1253,301037,保立佳,13.32,2.07,0.27,18867.0,25064414.7,3.52,13.49,13.03,13.12,13.05,1.03,2.78,-31.68,3.42,1851902058.0,905581152.0,-0.22,-0.22,-4.31,-7.5
1254,688255,凯尔达,26.17,2.07,0.53,23651.0,61644289.0,3.35,26.36,25.5,25.71,25.64,0.79,2.15,50.85,2.69,2875006628.0,2875006628.0,0.42,0.38,-12.36,-28.26
1255,688018,乐鑫科技,113.81,2.07,2.31,41063.0,460955539.0,4.13,114.71,110.1,112.28,111.5,0.76,1.75,39.91,5.67,26675278435.0,26675278435.0,-0.01,-0.03,1.62,-6.0
1256,920371,欧福蛋业,7.89,2.07,0.16,69453.0,54936388.27,6.73,8.13,7.61,7.69,7.73,1.08,3.57,108.16,2.68,1620965279.0,1537047776.0,0.64,0.38,-5.28,-23.1
1257,300885,海昌新材,19.79,2.06,0.4,28219.0,55729744.82,3.25,19.93,19.3,19.72,19.39,0.96,1.69,55.87,5.37,4910924122.0,3305281767.0,0.05,-0.05,-20.49,-41.28
1258,603407,长裕集团,53.39,2.06,1.08,29313.0,155104159.0,2.87,53.5,52.0,52.37,52.31,0.87,8.16,79.11,10.16,21776458583.0,1917341253.0,0.0,-0.04,2.77,285.21
1259,000524,岭南控股,10.4,2.06,0.21,101222.0,104986049.22,3.04,10.46,10.15,10.19,10.19,0.65,1.51,61.76,3.04,6970169409.0,6968088473.0,-0.1,0.0,14.54,-12.9
1260,600138,中青旅,7.47,2.05,0.15,171285.0,127147577.0,2.73,7.48,7.28,7.34,7.32,1.31,2.37,122.17,0.85,5407084800.0,5407084800.0,0.0,0.0,0.95,-24.09
1261,300460,ST惠伦,8.94,2.05,0.18,23452.0,20833093.0,2.63,8.94,8.71,8.73,8.76,0.88,0.84,-33.04,5.84,2510390004.0,2510390004.0,0.11,0.11,3.71,16.56
1262,002289,宇顺电子,36.39,2.05,0.73,44734.0,164250243.0,6.67,37.98,35.6,35.6,35.66,1.2,1.63,18.18,20.54,10198433344.0,9986552569.0,-0.03,0.08,-9.03,24.75
1263,300915,海融科技,20.45,2.05,0.41,23136.0,47485748.4,5.04,20.99,19.98,20.0,20.04,1.15,4.02,103.9,1.73,2573413031.0,1177923845.0,0.15,-0.24,-5.59,-12.42
1264,600500,中化国际,5.5,2.04,0.11,873365.0,481338343.0,2.6,5.57,5.43,5.43,5.39,0.83,2.43,-35.12,1.94,19735684667.0,19735684667.0,0.18,0.36,-30.64,40.31
1265,600269,赣粤高速,4.0,2.04,0.08,290864.0,115253998.0,2.3,4.0,3.91,3.92,3.92,1.48,1.25,22.49,0.49,9341628056.0,9341628056.0,0.0,0.25,-0.74,-20.32
1266,688348,昱能科技,31.48,2.04,0.63,11201.0,35031472.0,2.66,31.58,30.76,31.22,30.85,0.76,0.72,-18.59,1.51,4919613654.0,4919613654.0,0.0,-0.13,-13.85,-37.53
1267,301355,南王科技,10.48,2.04,0.21,43705.0,45706934.0,2.92,10.58,10.28,10.34,10.27,1.27,3.08,-81.47,1.4,2044626285.0,1485151485.0,0.0,-0.1,0.77,-21.32
1268,603530,神马电力,50.0,2.04,1.0,64200.0,321456787.0,4.24,50.98,48.9,49.2,49.0,1.12,1.5,50.21,11.88,21570218850.0,21373238700.0,-0.04,0.06,-5.93,22.73
1269,600460,士兰微,30.96,2.04,0.62,577484.0,1782479563.0,2.54,31.21,30.44,30.76,30.34,0.65,3.47,49.93,4.17,51519664321.0,51519664321.0,0.03,0.0,-3.46,9.28
1270,603136,天目湖,9.57,2.03,0.19,42176.0,40193214.0,2.35,9.59,9.37,9.42,9.38,0.84,1.56,33.71,1.91,2585112615.0,2585112615.0,0.0,-0.1,5.05,-17.36
1271,600195,中牧股份,7.04,2.03,0.14,108615.0,75967904.0,2.61,7.05,6.87,6.92,6.9,1.32,1.06,72.11,1.26,7188883750.0,7188883750.0,0.14,0.14,5.07,-9.97
1272,603000,人民网,17.1,2.03,0.34,186143.0,314971942.0,2.86,17.16,16.68,16.8,16.76,0.92,1.68,445.12,5.24,18907317058.0,18907317058.0,0.0,-0.18,5.75,-9.62
1273,603235,天新药业,25.3,2.02,0.5,15454.0,38995557.0,3.67,25.51,24.6,24.8,24.8,1.76,0.35,17.34,2.22,11075834000.0,11075834000.0,0.04,0.12,9.95,-4.24
1274,301273,瑞晨环保,37.33,2.02,0.74,16082.0,59759918.09,2.95,37.67,36.59,36.59,36.59,0.67,2.09,-48.39,4.38,3744143304.0,2873687030.0,0.24,0.03,16.69,97.3
1275,600628,新世界,6.57,2.02,0.13,138020.0,89965669.0,2.64,6.57,6.4,6.4,6.44,1.71,2.13,44.84,1.0,4249971273.0,4249971273.0,0.15,0.31,7.35,-15.98
1276,601100,恒立液压,101.03,2.02,2.0,59320.0,597635715.0,3.07,101.77,98.73,98.9,99.03,1.64,0.44,47.16,7.56,135463144822.0,135463144822.0,0.28,0.18,-11.36,-7.61
1277,000090,天健集团,3.55,2.01,0.07,184374.0,65078900.88,3.16,3.58,3.47,3.51,3.48,0.97,0.99,-9.96,0.6,6633336291.0,6633032766.0,0.0,0.28,-0.56,-3.01
1278,300163,先锋新材,7.61,2.01,0.15,424386.0,321850124.0,5.76,7.75,7.32,7.42,7.46,0.79,9.26,-79.11,6.72,3607140000.0,3487759693.0,-0.65,-0.26,22.35,87.9
1279,600719,大连热电,7.6,2.01,0.15,99305.0,73989560.0,3.76,7.6,7.32,7.47,7.45,0.97,2.45,30.67,8.56,3074956960.0,3074956960.0,0.13,0.66,-11.83,16.56
1280,600792,云煤能源,4.06,2.01,0.08,411957.0,165976005.0,3.52,4.09,3.95,4.03,3.98,0.51,3.71,-9.06,1.97,4506289816.0,4506289816.0,-0.73,-0.25,-0.98,4.64
1281,600692,亚通股份,6.6,2.01,0.13,68139.0,44691398.0,2.78,6.64,6.46,6.46,6.47,0.93,2.67,61.15,2.35,2321642822.0,1683069412.0,0.0,0.15,2.8,-5.85
1282,688550,瑞联新材,37.0,2.01,0.73,29714.0,108996450.0,2.95,37.2,36.13,36.51,36.27,1.11,1.69,25.24,1.97,6514520292.0,6514520292.0,0.52,0.46,-11.86,-16.46
1283,920193,吉和昌,31.4,2.01,0.62,23177.0,72432976.49,3.05,31.64,30.7,31.0,30.78,0.6,9.2,30.68,4.51,3495787120.0,791280000.0,-0.06,-0.1,268.54,268.54
1284,002292,奥飞娱乐,8.65,2.0,0.17,529901.0,454700396.63,3.66,8.73,8.42,8.46,8.48,0.8,5.21,36.71,4.22,12790752379.0,8804692111.0,0.0,0.0,27.96,-2.26
1285,300366,ST创意,5.62,2.0,0.11,55020.0,30729856.0,2.72,5.64,5.49,5.52,5.51,0.73,1.09,-14.27,3.15,3414577963.0,2839068933.0,0.0,0.18,10.85,-17.47
1286,605033,美邦股份,20.38,2.0,0.4,49551.0,100951641.0,4.05,20.68,19.87,19.87,19.98,0.89,3.66,26.98,2.31,2755376000.0,2755376000.0,0.05,0.15,8.06,2.0
1287,600637,东方明珠,8.65,2.0,0.17,462631.0,398085664.0,2.36,8.72,8.52,8.65,8.48,1.08,1.38,34.43,0.98,29080433417.0,29080433417.0,0.0,-0.12,2.13,-11.01
1288,603028,赛福天,7.14,2.0,0.14,41627.0,29568236.0,3.0,7.16,6.95,6.95,7.0,0.82,1.46,-31.59,4.66,2049465600.0,2038184400.0,-0.14,0.0,-4.55,-23.39
1289,603273,天元智能,14.85,1.99,0.29,17578.0,25997242.0,2.88,14.92,14.5,14.85,14.56,0.75,3.14,103.09,3.55,3199185990.0,832467240.0,0.07,0.0,3.05,-29.15
1290,300494,盛天网络,8.7,1.99,0.17,190360.0,165911946.02,4.45,8.92,8.54,8.62,8.53,1.65,4.78,-18.0,3.22,4267437661.0,3465628192.0,0.23,0.23,-5.84,-28.57
1291,920964,润农节水,5.64,1.99,0.11,105742.0,59680841.6,5.24,5.79,5.5,5.51,5.53,0.65,7.16,-109.89,1.71,1473213120.0,833012417.0,-0.18,0.53,14.17,-15.7
1292,603166,福达股份,11.28,1.99,0.22,118906.0,135257675.0,4.88,11.56,11.02,11.06,11.06,1.09,1.86,23.2,2.66,7282939343.0,7227272543.0,0.18,0.18,-14.35,-27.23
1293,300136,信维通信,57.29,1.98,1.11,304814.0,1738389828.09,3.36,57.88,55.99,56.0,56.18,0.99,3.69,184.13,6.92,55432007271.0,47264964005.0,0.02,0.07,-40.85,-7.52
1294,688360,德马科技,14.95,1.98,0.29,28088.0,41982354.0,2.52,15.05,14.68,14.74,14.66,1.06,1.06,24.9,2.63,3942997722.0,3942997722.0,0.13,0.0,-27.6,-29.31
1295,603637,镇海股份,14.97,1.98,0.29,71442.0,104661980.0,4.16,15.01,14.4,14.8,14.68,0.77,2.99,85.27,3.43,3573127579.0,3573127579.0,0.07,0.27,-16.83,39.0
1296,002999,天禾股份,6.7,1.98,0.13,365729.0,244624359.34,2.74,6.75,6.57,6.67,6.57,0.98,10.61,38.12,1.89,2328866400.0,2309564752.0,-0.15,-0.15,11.11,-0.89
1297,300879,大叶股份,17.55,1.98,0.34,19994.0,34960440.0,3.02,17.65,17.13,17.2,17.21,0.73,0.99,91.99,2.87,3552099519.0,3528049262.0,-0.06,-0.11,-2.5,-41.21
1298,002506,协鑫集成,2.58,1.98,0.05,1816901.0,466639502.36,3.16,2.59,2.51,2.53,2.53,0.63,3.11,-17.54,21.62,15093816382.0,15078660350.0,-0.39,-0.39,-18.61,-7.86
1299,301275,汉朔科技,43.21,1.98,0.84,42643.0,183064268.4,2.67,43.42,42.29,42.41,42.37,0.98,1.42,27.2,4.33,18251904000.0,13000127458.0,-0.14,-0.14,-7.61,-18.96
1300,603583,捷昌驱动,26.74,1.98,0.52,63686.0,169265895.0,3.78,26.95,25.96,25.98,26.22,0.75,1.67,22.5,2.18,10315247937.0,10221283577.0,-0.3,-0.67,10.82,-29.18
1301,688372,伟测科技,116.77,1.98,2.27,81811.0,962928524.0,4.46,120.3,115.19,116.6,114.5,1.04,4.84,61.93,4.64,19733724808.0,19733724808.0,0.06,0.08,-19.6,7.58
1302,688303,大全能源,17.09,1.97,0.33,92765.0,158447504.0,3.28,17.26,16.71,16.84,16.76,0.9,0.44,-11.42,0.98,36443447674.0,36443447674.0,-0.06,-0.06,-18.42,-36.28
1303,301449,天溯计量,42.95,1.97,0.83,13958.0,59788455.54,2.45,43.18,42.15,42.49,42.12,0.63,6.79,38.8,3.38,3921521747.0,882342423.0,0.09,0.02,7.11,-28.27
1304,601007,金陵饭店,7.24,1.97,0.14,105178.0,75770753.0,3.24,7.28,7.05,7.05,7.1,1.28,2.7,52.74,1.79,2823600000.0,2823600000.0,0.14,0.14,9.86,-5.73
1305,002511,中顺洁柔,7.25,1.97,0.14,125115.0,90367367.92,2.25,7.27,7.11,7.14,7.11,1.31,0.99,20.6,1.68,9288254944.0,9171278514.0,0.0,0.14,4.47,-14.91
1306,600682,南京新百,5.72,1.96,0.11,127965.0,73083401.0,3.03,5.77,5.6,5.61,5.61,1.14,1.1,107.13,0.47,7694156304.0,6658424773.0,-0.17,-0.17,-1.89,-34.55
1307,601999,出版传媒,7.29,1.96,0.14,672671.0,476575318.0,9.65,7.46,6.77,6.8,7.15,2.22,12.21,62.35,1.5,4016168163.0,4016168163.0,-0.14,1.11,21.5,7.05
1308,002712,思美传媒,5.22,1.95,0.1,216464.0,111900010.0,3.32,5.26,5.09,5.13,5.12,0.84,4.0,1393.65,2.06,2841121754.0,2823499425.0,0.19,-0.19,10.13,-6.12
1309,600729,重百集团,19.9,1.95,0.38,60581.0,120092426.0,2.2,19.95,19.52,19.52,19.52,1.66,3.15,9.82,1.1,8765016232.0,3830408596.0,0.0,-0.05,3.27,-20.56
1310,002365,永安药业,14.62,1.95,0.28,249993.0,360008046.78,5.23,14.83,14.08,14.38,14.34,0.68,10.18,49.62,2.15,4308258150.0,3591294827.0,0.07,-0.07,32.79,-1.35
1311,000419,通程控股,5.24,1.95,0.1,94777.0,49268274.68,3.11,5.25,5.09,5.13,5.14,1.24,1.74,19.35,0.84,2848373112.0,2848373112.0,0.0,0.19,9.17,-16.29
1312,002307,北新路桥,3.13,1.95,0.06,333316.0,104194150.41,2.61,3.15,3.07,3.1,3.07,1.45,2.05,-10.0,1.27,5160678445.0,5099155106.0,0.0,0.0,-13.54,-38.02
1313,002627,三峡旅游,7.33,1.95,0.14,155369.0,113190597.99,3.06,7.35,7.13,7.13,7.19,0.82,2.23,32.51,1.66,5172630574.0,5117499196.0,-0.27,0.14,14.35,-0.54
1314,001201,东瑞股份,13.09,1.95,0.25,101781.0,132452945.27,2.34,13.15,12.85,12.85,12.84,1.98,4.79,-3.97,1.22,3374392573.0,2781721801.0,-0.15,-0.15,16.77,-10.16
1315,688680,海优新材,32.95,1.95,0.63,9478.0,31093297.0,2.51,33.09,32.28,32.3,32.32,0.56,0.97,-33.8,1.95,3214963066.0,3214963066.0,0.21,0.12,-23.82,-13.86
1316,603316,诚邦股份,13.58,1.95,0.26,61902.0,84411896.0,2.93,13.8,13.41,13.46,13.32,1.04,2.34,81.85,6.13,3666586420.0,3588705120.0,0.0,-0.07,-29.2,-6.34
1317,603893,瑞芯微,192.68,1.95,3.68,106246.0,2040566113.0,2.74,194.2,189.02,191.5,189.0,0.57,2.51,47.46,16.56,81531299214.0,81520894494.0,0.01,0.04,20.95,8.99
1318,603683,晶华新材,16.3,1.94,0.31,197504.0,322092388.0,5.25,16.76,15.92,15.95,15.99,0.75,6.85,49.22,2.76,4749534799.0,4701460231.0,-0.18,0.0,-45.79,-36.03
1319,002614,奥佳华,5.78,1.94,0.11,103177.0,59419166.23,3.0,5.8,5.63,5.65,5.67,0.78,2.34,-24.38,0.86,3605212599.0,2550571298.0,0.0,-0.17,17.96,-19.83
1320,002067,景兴纸业,4.2,1.94,0.08,219672.0,91740885.0,1.7,4.2,4.13,4.13,4.12,0.66,1.64,22.25,0.91,6194386183.0,5617936183.0,0.0,0.24,0.48,-25.53
1321,300540,蜀道装备,27.29,1.94,0.52,72802.0,197412288.28,2.73,27.43,26.7,27.2,26.77,0.76,3.52,91.29,5.38,6210981041.0,5641585452.0,0.0,0.11,6.56,36.79
1322,002082,ST万邦,9.45,1.94,0.18,86006.0,80892923.0,4.85,9.57,9.12,9.2,9.27,1.05,1.51,45.68,2.24,5780461570.0,5366162863.0,0.0,0.21,-20.05,-32.16
1323,300058,蓝色光标,14.24,1.93,0.27,3860217.0,5418683713.26,4.22,14.33,13.74,13.9,13.97,0.96,11.1,120.87,6.42,51124750272.0,49525727216.0,0.0,0.14,-0.77,23.72
1324,000586,汇源通信,13.72,1.93,0.26,47877.0,65280448.0,2.97,13.79,13.39,13.39,13.46,0.59,2.5,-154.71,8.41,2653996800.0,2623126800.0,0.0,0.15,-4.85,1.4
1325,002459,晶澳科技,6.86,1.93,0.13,312594.0,212625741.53,2.38,6.86,6.7,6.74,6.73,0.71,0.95,-4.26,1.18,22704663504.0,22684475444.0,0.0,0.0,-22.49,-40.09
1326,920139,华岭股份,15.38,1.92,0.29,32922.0,50642513.72,2.19,15.5,15.17,15.33,15.09,0.92,1.26,-233.08,4.01,4145023689.0,4004328633.0,0.07,0.07,-7.79,-26.41
1327,605089,味知香,21.8,1.92,0.41,16032.0,34847169.0,2.66,21.94,21.37,21.39,21.39,0.93,1.16,36.53,2.43,3008400000.0,3008400000.0,0.09,0.14,5.62,-13.15
1328,002199,东晶电子,12.3,1.91,0.23,40855.0,50549153.0,4.39,12.55,12.02,12.15,12.07,1.12,1.77,-94.64,17.84,2994341065.0,2840095744.0,0.08,0.08,-7.03,44.88
1329,002186,全 聚 德,10.15,1.91,0.19,123669.0,124498833.0,2.71,10.2,9.93,10.17,9.96,1.96,4.03,114.89,3.62,3115254118.0,3114036118.0,0.2,0.3,11.29,-13.84
1330,300619,金银河,27.73,1.91,0.52,73919.0,205633162.75,3.97,28.17,27.09,27.18,27.21,1.01,3.88,209.14,3.91,6272513660.0,5280691728.0,0.04,0.11,-4.15,-17.81
1331,301235,华康洁净,47.79,1.9,0.89,79284.0,380594425.0,4.69,48.86,46.66,46.9,46.9,0.82,7.61,249.0,2.55,6654761180.0,4980594230.0,0.17,0.15,-27.92,30.29
1332,603156,养元饮品,41.2,1.9,0.77,101607.0,419592482.0,2.18,41.68,40.8,40.86,40.43,0.81,0.81,30.4,5.92,51923435719.0,51923435719.0,0.0,0.02,-0.41,48.47
1333,300949,奥雅股份,23.6,1.9,0.44,31899.0,76233706.75,7.99,25.1,23.25,25.0,23.16,2.54,6.41,-81.2,3.72,2053200000.0,1173782391.0,-0.63,-0.13,3.55,-12.69
1334,002512,ST达华,4.28,1.9,0.08,256432.0,110191169.96,4.05,4.37,4.2,4.2,4.2,0.95,2.34,70.88,14.65,4718343185.0,4684253627.0,0.23,0.0,5.16,-31.3
1335,920575,*ST康乐,4.83,1.9,0.09,34980.0,16870350.59,2.95,4.87,4.73,4.73,4.74,0.96,1.86,-7.12,-11.14,1356940200.0,907260824.0,-0.41,-0.41,25.78,-41.6
1336,600793,宜宾纸业,15.52,1.9,0.29,45654.0,70073920.0,3.41,15.54,15.02,15.07,15.23,0.73,2.58,-31.46,13.12,2745550111.0,2745550111.0,0.06,0.19,13.12,-26.45
1337,300359,全通教育,4.3,1.9,0.08,130127.0,55418332.0,3.08,4.32,4.19,4.24,4.22,0.78,2.05,-32.78,5.54,2723333715.0,2723197297.0,0.23,0.23,10.26,-19.78
1338,001287,中电港,22.55,1.9,0.42,131107.0,294758660.2,2.39,22.75,22.22,22.34,22.13,0.89,1.73,16.7,2.95,17135747187.0,17135747187.0,0.0,-0.04,-9.62,0.04
1339,603182,嘉华股份,13.98,1.9,0.26,26722.0,37223317.0,2.7,14.05,13.68,13.72,13.72,0.92,1.62,20.3,2.1,2300409000.0,2300409000.0,0.07,0.07,11.93,-9.34
1340,688256,寒武纪,1092.38,1.9,20.38,102029.0,11026357487.0,5.13,1104.99,1050.0,1077.75,1072.0,1.15,1.62,148.63,49.35,686947541259.0,686947541259.0,0.0,0.08,-11.9,20.21
1341,000565,渝三峡Ａ,6.45,1.9,0.12,116424.0,74706625.0,2.21,6.47,6.33,6.38,6.33,0.55,2.69,56.7,2.18,2796669819.0,2796669819.0,0.16,-0.15,-0.46,-11.52
1342,301359,东南电子,18.78,1.9,0.35,19384.0,36274049.32,2.71,18.89,18.39,18.49,18.43,0.73,2.72,62.83,2.7,2256905280.0,1336141167.0,-0.48,-0.53,1.57,-0.21
1343,605133,嵘泰股份,25.23,1.9,0.47,45282.0,113592205.0,3.55,25.39,24.51,24.89,24.76,0.91,1.61,40.98,1.86,7197492085.0,7117839966.0,-0.08,0.08,-24.1,-25.97
1344,300287,飞利信,3.75,1.9,0.07,343704.0,128961738.41,4.35,3.81,3.65,3.66,3.68,1.07,2.6,-45.76,5.61,5382276780.0,4960770585.0,0.27,0.0,7.76,-23.31
1345,300080,易成新能,3.75,1.9,0.07,142606.0,53029516.05,3.26,3.77,3.65,3.67,3.68,0.98,0.76,-12.14,1.7,7025176635.0,7024227979.0,0.0,-0.27,-4.58,-22.84
1346,605305,中际联合,31.78,1.89,0.59,42916.0,135255328.0,2.5,31.79,31.01,31.27,31.19,0.98,2.02,12.82,2.23,6753885600.0,6753885600.0,0.06,0.06,-14.43,-23.01
1347,603810,丰山集团,12.43,1.89,0.23,17278.0,21463242.0,3.69,12.55,12.1,12.25,12.2,0.91,1.04,54.74,1.34,2055203285.0,2055203285.0,0.16,-0.08,-0.16,-21.58
1348,600373,中文传媒,7.56,1.89,0.14,157187.0,118151192.0,2.83,7.62,7.41,7.45,7.42,0.97,1.17,17.65,0.57,10186031916.0,10186031916.0,0.0,-0.13,-1.69,-17.29
1349,920026,卓兆点胶,20.64,1.88,0.38,22169.0,45533643.59,4.84,21.11,20.13,20.13,20.26,0.48,2.56,68.36,3.75,2371704092.0,1787880908.0,0.05,0.39,-15.76,-17.9
1350,688199,久日新材,23.26,1.88,0.43,24615.0,57172147.0,2.58,23.49,22.9,23.0,22.83,0.7,1.53,43.19,1.44,3750145858.0,3750145858.0,-0.17,-0.17,-16.75,-1.06
1351,300103,达刚控股,8.65,1.88,0.16,166460.0,141046024.0,8.6,8.73,8.0,8.3,8.49,1.18,5.25,-85.23,6.65,2747248650.0,2744996277.0,-0.23,-0.23,3.59,7.72
1352,688339,亿华通-U,17.91,1.88,0.33,28684.0,51251596.0,4.61,18.23,17.42,17.7,17.58,0.95,1.47,-20.67,2.3,4307929571.0,3506547301.0,0.0,-0.17,-9.5,-33.57
1353,002366,融发核电,5.95,1.88,0.11,365073.0,214947577.84,2.91,5.99,5.82,5.88,5.84,0.69,1.97,-273.44,2.68,12381578958.0,11009986505.0,0.34,0.51,-0.67,-20.77
1354,603661,恒林股份,31.36,1.88,0.58,18693.0,57991960.0,3.02,31.46,30.53,30.65,30.78,0.87,1.34,17.96,1.17,4361142092.0,4361142092.0,0.0,-0.25,-11.51,-2.03
1355,603711,香飘飘,11.9,1.88,0.22,42903.0,50826000.0,2.31,11.92,11.65,11.67,11.68,0.66,1.04,226.21,1.42,4913201790.0,4913201790.0,0.08,0.25,-8.88,-10.93
1356,603032,德新科技,19.57,1.87,0.36,77789.0,151572837.0,3.59,19.74,19.05,19.2,19.21,0.82,3.34,42.75,3.84,4564260218.0,4557492912.0,-0.05,0.2,-10.6,2.35
1357,603719,良品铺子,9.83,1.87,0.18,48165.0,47092316.0,2.69,9.86,9.6,9.65,9.65,1.08,1.21,120.79,2.05,3912176822.0,3912176822.0,0.31,0.1,2.08,-14.22
1358,300827,上能电气,24.49,1.87,0.45,70772.0,172690773.95,2.75,24.62,23.96,24.16,24.04,0.81,1.62,31.49,3.18,13633376770.0,10690871335.0,-0.04,0.0,-18.99,-28.18
1359,920819,颖泰生物,3.29,1.86,0.06,86029.0,28276809.91,4.02,3.34,3.21,3.25,3.23,0.74,0.71,352.82,0.85,4032882000.0,3986246250.0,0.3,0.3,15.03,-14.99
1360,300291,百纳千成,5.49,1.86,0.1,481508.0,262441885.0,4.08,5.52,5.3,5.37,5.39,0.7,5.17,-875.37,2.56,5170974184.0,5109864956.0,-0.18,-0.18,4.37,-26.7
1361,001260,坤泰股份,18.65,1.86,0.34,19433.0,36123810.0,2.95,18.72,18.18,18.36,18.31,0.87,3.37,313.44,2.65,2144750000.0,1074706250.0,0.27,0.76,4.31,-6.33
1362,603020,爱普股份,10.41,1.86,0.19,68552.0,71633841.0,3.91,10.72,10.32,10.4,10.22,1.12,1.82,32.8,1.21,3910389227.0,3910389227.0,-0.1,0.0,-19.55,3.69
1363,603899,晨光股份,23.59,1.86,0.43,58140.0,137074601.0,2.89,23.74,23.07,23.18,23.16,1.2,0.63,18.44,2.48,21603612943.0,21603612943.0,0.08,-0.08,4.47,-9.51
1364,688380,中微半导,39.05,1.85,0.71,66803.0,261249917.0,2.11,39.45,38.64,38.91,38.34,0.76,1.67,45.55,4.84,15634253250.0,15634253250.0,-0.03,-0.05,-14.89,22.61
1365,300265,通光线缆,13.75,1.85,0.25,109314.0,149502582.84,2.22,13.8,13.5,13.53,13.5,0.6,2.34,-164.0,2.78,6429518356.0,6425398513.0,-0.07,0.0,-33.06,2.77
1366,301548,崇德科技,56.29,1.85,1.02,19525.0,109251382.5,3.67,56.77,54.74,55.23,55.27,1.16,6.69,34.44,3.1,4897230000.0,1643209124.0,0.02,0.0,-22.04,2.51
1367,603808,歌力思,8.84,1.84,0.16,46036.0,40530470.0,3.23,8.88,8.6,8.64,8.68,1.3,1.27,16.0,1.22,3215401780.0,3215401780.0,0.11,0.34,-1.01,6.0
1368,300252,金信诺,12.19,1.84,0.22,348986.0,422364664.12,3.43,12.27,11.86,11.86,11.97,0.75,6.25,166.87,3.37,8340568087.0,6811181199.0,-0.25,-0.41,-26.43,-16.62
1369,600732,爱旭股份,11.07,1.84,0.2,164409.0,180251680.0,2.94,11.1,10.78,10.89,10.87,0.76,0.78,-15.53,5.25,23415204255.0,23305154341.0,0.0,0.18,-12.83,-17.39
1370,300967,晓鸣股份,18.24,1.84,0.33,80533.0,146105123.77,3.29,18.35,17.76,17.9,17.91,1.13,6.45,925.86,5.06,3421366851.0,2276292136.0,-0.33,-0.11,-3.03,-1.83
1371,300207,欣旺达,17.15,1.84,0.31,405471.0,696758737.65,1.9,17.35,17.03,17.29,16.84,1.34,2.37,26.29,1.31,31683980949.0,29393826287.0,0.0,-0.06,-15.18,-34.19
1372,300908,仲景食品,26.04,1.84,0.47,19977.0,51808317.14,2.35,26.29,25.69,25.82,25.57,1.2,1.62,17.55,2.16,3801840000.0,3202725325.0,0.08,0.19,8.23,-2.47
1373,001338,永顺泰,9.39,1.84,0.17,95825.0,89910404.62,2.28,9.44,9.23,9.26,9.22,1.0,1.91,45.75,1.3,4711252531.0,4711252531.0,0.0,-0.11,-3.99,-20.89
1374,301667,纳百川,59.9,1.84,1.08,13448.0,80470804.58,3.66,60.35,58.2,58.62,58.82,0.83,5.67,-240.35,5.32,6689009040.0,1421414421.0,-0.08,0.05,-21.4,-25.27
1375,000607,华媒控股,3.88,1.84,0.07,167396.0,64298968.0,2.89,3.89,3.78,3.81,3.81,0.99,1.89,-123.14,3.3,3948669831.0,3434041212.0,0.52,0.26,12.14,-6.51
1376,002768,国恩股份,61.28,1.84,1.11,56836.0,347538904.96,5.14,62.09,59.0,59.74,60.17,0.79,2.25,20.43,3.76,26754848000.0,15458386602.0,-0.63,0.26,29.61,72.47
1377,002582,好想你,10.52,1.84,0.19,201319.0,210660600.0,3.0,10.54,10.23,10.23,10.33,0.87,5.85,3.16,1.05,4709887013.0,3620716561.0,0.0,0.1,11.44,0.57
1378,920117,龙鑫智能,28.38,1.83,0.51,27799.0,78281901.06,4.13,28.66,27.51,28.0,27.87,0.81,13.75,19.74,2.35,2549659541.0,573673405.0,-0.18,-0.28,59.17,59.17
1379,000837,秦川机床,10.04,1.83,0.18,150487.0,150909567.84,3.96,10.21,9.82,9.87,9.86,1.11,1.49,110.71,2.07,10272384203.0,10114270769.0,-0.1,-0.1,-17.7,-22.05
1380,002769,普路通,7.77,1.83,0.14,108484.0,84050205.5,3.01,7.8,7.57,7.66,7.63,0.56,2.91,89.67,2.45,2900681280.0,2898289487.0,0.0,-0.13,2.51,-33.76
1381,600300,维维股份,3.33,1.83,0.06,416665.0,138194853.0,2.14,3.34,3.27,3.28,3.27,0.95,2.58,20.54,1.5,5385083459.0,5385083459.0,0.0,-0.3,8.47,-2.35
1382,688310,迈得医疗,15.01,1.83,0.27,11253.0,16903578.0,1.9,15.15,14.87,15.14,14.74,0.69,0.68,-75.37,3.18,2466512246.0,2466512246.0,-0.2,0.0,-8.81,-0.46
1383,300658,延江股份,10.55,1.83,0.19,86868.0,91379379.67,3.67,10.7,10.32,10.41,10.36,1.17,3.63,38.69,2.62,3510661308.0,2525973935.0,0.29,0.38,-14.51,-28.52
1384,002847,盐津铺子,46.28,1.83,0.83,35341.0,162291718.74,3.98,46.81,45.0,45.5,45.45,1.39,1.45,14.7,5.95,12504274677.0,11284857905.0,0.02,0.06,-13.04,-31.24
1385,000766,通化金马,16.77,1.82,0.3,114335.0,190878960.86,2.79,16.88,16.42,16.59,16.47,1.0,1.18,1140.67,6.99,16208116236.0,16193339334.0,-0.18,-0.06,-33.69,-39.0
1386,300433,蓝思科技,35.78,1.82,0.64,633516.0,2258192690.94,2.73,36.11,35.15,35.3,35.14,0.76,1.28,163.72,3.58,188873348329.0,177726025998.0,0.03,0.0,-12.07,19.99
1387,603065,宿迁联盛,14.61,1.81,0.26,214732.0,313649220.0,3.76,14.78,14.24,14.5,14.35,0.79,5.13,317.32,3.19,6121116227.0,6121116227.0,0.0,-0.07,7.43,80.37
1388,300258,精锻科技,9.54,1.81,0.17,63298.0,60185573.75,2.88,9.6,9.33,9.36,9.37,1.04,1.11,-101.59,1.2,5581350698.0,5436771951.0,0.0,0.0,-19.08,-33.19
1389,600207,安彩高科,4.49,1.81,0.08,111038.0,49605330.0,2.49,4.5,4.39,4.4,4.41,0.83,1.02,-7.46,2.88,4891013367.0,4891013367.0,0.0,0.45,-25.91,-12.82
1390,605167,利柏特,16.34,1.81,0.29,109365.0,177590297.0,3.43,16.45,15.9,16.15,16.05,0.77,2.14,44.48,2.93,8331890086.0,8331890086.0,-0.18,0.0,19.97,-0.24
1391,603338,浙江鼎力,58.96,1.81,1.05,33040.0,193737985.0,2.68,59.08,57.53,58.07,57.91,0.99,0.65,15.09,2.53,29854270946.0,29854270946.0,0.02,0.03,22.35,6.25
1392,001400,江顺科技,80.42,1.8,1.42,19286.0,154000845.04,2.95,80.82,78.49,79.0,79.0,0.55,5.99,60.92,5.48,6755280000.0,2590649880.0,0.0,-0.01,-26.23,45.53
1393,002705,新宝股份,11.35,1.79,0.2,42968.0,48466358.24,2.33,11.37,11.11,11.14,11.15,1.08,0.53,33.77,1.1,9214790103.0,9171973590.0,-0.09,-0.09,-2.41,-18.7
1394,300580,贝斯特,19.29,1.79,0.34,97761.0,190010304.06,3.96,19.7,18.95,18.95,18.95,1.31,2.07,33.14,2.89,9689806079.0,9116308785.0,-0.05,-0.16,-16.6,-26.23
1395,600827,百联股份,7.98,1.79,0.14,184081.0,145930286.0,2.3,8.0,7.82,7.83,7.84,1.38,1.15,7.8,0.7,14237661574.0,12803510362.0,0.13,0.0,0.76,-9.73
1396,002755,奥赛康,11.91,1.79,0.21,116900.0,138436347.8,3.68,12.05,11.62,11.62,11.7,0.7,1.26,45.82,3.43,11054389780.0,11054285270.0,-0.25,-0.08,-8.6,-26.53
1397,300844,山水比德,24.98,1.79,0.44,11958.0,29800096.54,2.16,25.1,24.57,24.75,24.54,0.78,1.33,-30.67,3.03,2328407782.0,2249196202.0,-0.08,-0.28,-0.04,-29.61
1398,603086,先达股份,6.26,1.79,0.11,150643.0,93996996.0,2.28,6.29,6.15,6.15,6.15,0.38,3.46,18.81,1.28,2721930275.0,2721930275.0,0.16,0.0,5.74,-22.91
1399,600798,宁波海运,3.43,1.78,0.06,293676.0,100493760.0,2.67,3.45,3.36,3.4,3.37,1.38,2.43,-220.23,1.06,4138412309.0,4138412309.0,0.0,0.29,3.0,-2.0
1400,300599,雄塑科技,11.42,1.78,0.2,71824.0,80194391.0,5.7,11.5,10.86,11.22,11.22,0.71,2.27,136.44,2.1,4089862495.0,3620426414.0,0.0,0.18,-16.82,41.86
1401,301479,弘景光电,48.59,1.78,0.85,13259.0,64514431.3,2.33,48.99,47.88,47.95,47.74,0.85,1.86,49.99,4.65,6051955733.0,3464511314.0,0.04,0.04,-20.82,-21.38
1402,002892,科力尔,9.19,1.77,0.16,83807.0,77192757.56,3.32,9.36,9.06,9.09,9.03,1.64,1.67,-336.53,3.83,7759266071.0,4605328963.0,0.33,0.55,-12.48,-31.42
1403,300235,方直科技,11.5,1.77,0.2,54430.0,62459820.5,3.63,11.64,11.23,11.23,11.3,1.17,2.66,250.28,4.1,2895086303.0,2355189696.0,0.0,0.0,-19.92,-29.4
1404,600360,华微电子,9.83,1.76,0.17,301796.0,296137187.0,2.07,9.92,9.72,9.76,9.66,0.75,3.14,40.05,2.66,9439702838.0,9439702838.0,0.1,0.1,-8.39,23.8
1405,920533,骏创科技,20.19,1.76,0.35,33317.0,67655278.65,5.59,20.79,19.68,19.72,19.84,0.83,4.56,62.8,6.89,2639990452.0,1476638715.0,0.05,0.05,-8.89,-36.17
1406,600012,皖通高速,16.8,1.76,0.29,73320.0,122668631.0,2.91,16.96,16.48,16.53,16.51,1.39,0.63,14.25,2.28,28704343735.0,19582080000.0,0.3,0.12,6.33,18.64
1407,688226,威腾电气,28.9,1.76,0.5,38946.0,111534900.0,3.84,29.1,28.01,28.8,28.4,0.75,2.06,161.36,2.82,5666877944.0,5455612528.0,0.0,0.14,-35.27,-22.1
1408,688400,凌云光,45.14,1.76,0.78,150862.0,665458585.0,6.83,45.47,42.44,44.02,44.36,1.55,3.17,16.36,2.74,21475338975.0,21475338975.0,-0.13,0.04,-20.28,6.71
1409,300323,华灿光电,10.98,1.76,0.19,467119.0,514174301.95,2.32,11.14,10.89,10.96,10.79,0.96,5.24,4340.18,2.7,17820526791.0,9785015175.0,0.0,0.0,-25.1,37.59
1410,000715,中兴商业,5.78,1.76,0.1,110934.0,63957818.38,2.46,5.82,5.68,5.69,5.68,1.03,2.28,33.98,1.54,3123712115.0,2810415498.0,0.0,0.0,19.67,-7.22
1411,603402,陕西旅游,74.05,1.76,1.28,36986.0,272874392.0,4.1,74.98,72.0,72.86,72.77,0.71,14.72,29.86,2.6,7444493383.0,1861123383.0,0.0,0.23,2.21,22.72
1412,688053,ST思科瑞,39.38,1.76,0.68,4368.0,17085918.0,2.51,39.49,38.52,38.8,38.7,0.54,0.44,184.85,2.46,3938000000.0,3938000000.0,0.13,0.13,12.64,7.16
1413,301658,首航新能,22.72,1.75,0.39,26726.0,60236867.62,2.78,22.73,22.11,22.3,22.33,0.76,2.74,-64.97,2.99,9369072187.0,2213306992.0,0.04,0.18,-23.11,-20.25
1414,600883,博闻科技,8.12,1.75,0.14,51207.0,41526591.0,3.63,8.19,7.9,7.98,7.98,0.69,2.17,63.42,1.94,1917034560.0,1917034560.0,0.0,-0.12,2.4,1.12
1415,300539,横河精密,18.05,1.75,0.31,50257.0,91071292.0,3.38,18.33,17.73,17.75,17.74,1.12,2.31,120.09,4.21,4839216949.0,3932882678.0,-0.17,-0.06,-18.73,-56.85
1416,002540,亚太科技,5.23,1.75,0.09,95595.0,49585319.0,2.53,5.24,5.11,5.17,5.14,1.01,1.11,40.71,1.18,6524812344.0,4488393102.0,0.19,-0.19,2.95,-25.29
1417,688333,铂力特,111.0,1.75,1.91,134521.0,1523226865.0,6.82,117.5,110.06,111.03,109.09,1.04,4.9,297.72,5.81,30449761314.0,30449761314.0,0.24,-0.08,50.08,-0.39
1418,688370,丛麟科技,23.79,1.75,0.41,3238.0,7668706.0,2.87,23.95,23.28,23.43,23.38,0.58,0.24,72.74,1.24,3261796441.0,3261796441.0,0.0,0.0,16.33,-1.53
1419,300668,杰恩股份,32.47,1.75,0.56,32169.0,104872754.12,3.35,32.99,31.92,32.46,31.91,1.04,3.23,2166.16,4.92,3908779934.0,3237059699.0,0.0,0.06,-39.85,11.27
1420,002094,青岛金王,5.85,1.74,0.1,650722.0,376329152.38,4.7,5.87,5.6,5.72,5.75,0.89,9.42,252.54,2.75,4041750662.0,4039153262.0,0.0,0.0,19.63,-23.53
1421,603275,众辰科技,36.89,1.74,0.63,7070.0,26010570.0,1.85,36.94,36.27,36.27,36.26,1.01,1.7,28.09,1.79,5483877453.0,1532261675.0,0.22,0.24,-6.18,-18.85
1422,300403,汉宇集团,9.35,1.74,0.16,56621.0,52976024.96,2.29,9.43,9.22,9.22,9.19,0.86,1.29,31.62,2.59,5638050000.0,4096803602.0,0.11,0.11,-6.87,-34.25
1423,002469,三维化学,6.43,1.74,0.11,136557.0,87908563.45,4.43,6.59,6.31,6.34,6.32,0.82,2.17,58.74,1.63,4172186711.0,4044372978.0,0.0,-0.31,-12.4,-21.1
1424,300783,三只松鼠,18.09,1.74,0.31,79877.0,144003205.95,1.8,18.14,17.82,17.86,17.78,1.09,2.85,14.59,2.34,7266506976.0,5070308616.0,0.06,0.06,4.27,-21.45
1425,600653,申华控股,1.75,1.74,0.03,191699.0,33275175.0,2.33,1.75,1.71,1.71,1.72,0.85,0.98,-91.67,5.41,3406165555.0,3406165555.0,0.0,0.57,5.42,-7.89
1426,300263,隆华科技,9.97,1.73,0.17,263019.0,262060607.58,3.06,10.08,9.78,9.87,9.8,0.68,2.7,42.45,2.46,10319012831.0,9726025586.0,0.0,-0.1,-35.43,13.55
1427,002830,名雕股份,15.26,1.73,0.26,35396.0,53721517.8,2.4,15.31,14.95,15.04,15.0,0.48,3.81,172.47,4.28,2836772960.0,1416654470.0,0.07,0.2,-8.95,10.18
1428,002052,同洲电子,8.81,1.73,0.15,73056.0,63984433.0,2.77,8.87,8.63,8.64,8.66,0.71,1.06,256.99,23.64,6628993704.0,6073500827.0,0.11,0.23,-3.19,-30.9
1429,605183,确成股份,15.85,1.73,0.27,27240.0,42855041.0,3.34,15.99,15.47,15.73,15.58,0.85,0.66,18.61,1.78,6580672819.0,6537006703.0,0.0,-0.06,7.97,-18.8
1430,002682,龙洲股份,5.28,1.73,0.09,265718.0,139771394.5,2.5,5.31,5.18,5.19,5.19,1.04,4.72,-16.14,6.15,2969306176.0,2969306176.0,0.0,0.19,10.23,-38.39
1431,002631,德尔未来,11.2,1.73,0.19,282148.0,316905915.76,4.54,11.39,10.89,11.05,11.01,0.58,3.55,-199.37,4.43,8929568267.0,8889326342.0,0.0,0.0,44.33,87.29
1432,301696,三瑞智能,94.55,1.73,1.61,12944.0,122586554.15,3.38,95.76,92.62,93.1,92.94,0.91,4.3,71.32,19.19,37820945500.0,2844381121.0,0.02,0.14,-13.76,297.1
1433,300439,美康生物,9.43,1.73,0.16,29767.0,27962146.1,2.16,9.45,9.25,9.32,9.27,0.93,1.02,29.21,1.21,3619647175.0,2756691241.0,0.11,0.11,9.4,-3.97
1434,000785,居然智家,2.35,1.73,0.04,686907.0,161262087.12,3.03,2.37,2.3,2.3,2.31,1.18,1.11,37.37,0.76,14633564713.0,14515308062.0,0.0,0.0,3.07,-19.52
1435,601636,旗滨集团,5.91,1.72,0.1,593733.0,351025872.0,3.79,5.99,5.77,5.82,5.81,0.79,2.01,-52.32,1.22,17485643532.0,17485643532.0,-0.17,0.0,-9.22,1.55
1436,603021,*ST华鹏,5.91,1.72,0.1,48408.0,28239700.0,6.02,5.97,5.62,5.8,5.81,0.59,1.51,-12.66,-7.81,1890893094.0,1890893094.0,-0.51,-0.84,-12.96,26.55
1437,603876,鼎胜新材,20.16,1.72,0.34,160011.0,320143774.0,3.08,20.19,19.58,19.83,19.82,0.65,1.72,19.52,2.44,18734027014.0,18734027014.0,0.0,0.0,-23.46,35.48
1438,688106,金宏气体,26.09,1.72,0.44,128198.0,334288432.0,3.04,26.48,25.7,26.0,25.65,0.88,2.42,103.05,3.49,13992742522.0,13842177132.0,-0.11,-0.04,-7.38,34.9
1439,300435,中泰股份,17.2,1.71,0.29,57309.0,97523074.0,2.25,17.22,16.84,16.84,16.91,0.8,1.55,25.42,1.92,6634263600.0,6344643722.0,-0.12,1.18,-10.79,-21.71
1440,603390,通达电气,11.3,1.71,0.19,392013.0,441725583.0,6.93,11.74,10.97,11.54,11.11,6.03,11.17,27.36,2.34,3973464019.0,3967135838.0,0.0,0.0,0.0,-13.14
1441,002953,日丰股份,10.68,1.71,0.18,126148.0,134344232.46,2.86,10.75,10.45,10.55,10.5,0.66,4.48,31.88,2.36,5250070641.0,3004164042.0,0.0,0.09,10.44,-6.15
1442,688216,气派科技,30.42,1.71,0.51,31522.0,95992648.0,3.68,30.8,29.7,30.45,29.91,0.92,2.97,145.98,4.6,3480179445.0,3231873153.0,0.07,-0.13,-12.81,36.54
1443,601566,九牧王,10.69,1.71,0.18,519352.0,552026437.0,6.85,10.92,10.2,10.2,10.51,1.22,9.04,77.12,1.64,6142871134.0,6142871134.0,-0.09,0.0,9.75,-15.23
1444,600731,湖南海利,5.94,1.71,0.1,62911.0,37148177.0,1.71,5.95,5.85,5.88,5.84,0.78,1.16,20.85,1.01,3289883351.0,3217595030.0,0.0,0.17,6.07,-12.26
1445,301059,金三江,12.47,1.71,0.21,25515.0,31703777.0,2.04,12.51,12.26,12.3,12.26,0.9,1.24,32.44,4.61,2882490380.0,2575610838.0,0.08,0.16,-12.8,0.56
1446,603883,老百姓,13.7,1.71,0.23,138463.0,188569672.0,2.3,13.74,13.43,13.48,13.47,1.26,1.82,11.64,1.54,10396796233.0,10396796233.0,-0.07,-0.07,15.81,-5.71
1447,300355,蒙草生态,2.98,1.71,0.05,275955.0,81792576.0,2.73,2.99,2.91,2.94,2.93,0.98,1.76,-32.86,1.15,4780641401.0,4684712874.0,0.0,0.0,0.34,-26.24
1448,002689,ST远智,2.98,1.71,0.05,45685.0,13534721.74,2.05,2.99,2.93,2.96,2.93,0.92,0.44,846.29,2.53,3109065961.0,3107876342.0,0.0,0.34,4.93,-5.7
1449,603353,和顺石油,34.51,1.71,0.58,103949.0,354083814.0,8.05,35.4,32.67,33.5,33.93,1.21,6.1,36.06,3.56,5881125180.0,5881125180.0,0.17,-0.29,-10.99,26.74
1450,688071,华依科技,33.56,1.7,0.56,18880.0,63897157.0,3.82,34.37,33.11,33.76,33.0,0.85,2.23,193.51,2.79,2845543137.0,2845543137.0,-0.5,-0.12,6.4,1.18
1451,603496,恒为科技,22.74,1.7,0.38,61160.0,138652465.0,2.68,22.9,22.3,22.36,22.36,0.83,1.91,164.97,5.18,7281558186.0,7281558186.0,-0.04,0.0,4.22,-16.58
1452,002203,海亮股份,19.16,1.7,0.32,143541.0,275614041.28,3.56,19.4,18.73,18.83,18.84,0.49,0.64,34.27,2.6,43910031050.0,43117610869.0,-0.1,-0.1,-17.84,52.79
1453,689009,九号公司-WD,40.58,1.7,0.68,116503.0,462803859.0,4.79,40.76,38.85,40.01,39.9,1.28,2.07,14.81,4.06,29860732049.0,22815349766.0,-0.12,-0.42,17.35,-25.36
1454,300718,长盛轴承,55.79,1.7,0.93,47666.0,266129237.1,3.97,56.49,54.31,54.31,54.86,0.92,2.41,65.3,9.3,16668882084.0,11041536757.0,0.0,0.02,-16.11,-34.44
1455,300784,利安科技,42.51,1.7,0.71,5742.0,24247113.0,2.27,42.56,41.61,42.03,41.8,0.81,3.39,71.8,2.99,2390660376.0,719884532.0,0.02,0.24,-8.38,-15.01
1456,603236,移远通信,63.22,1.69,1.05,125633.0,788530828.0,3.06,63.63,61.73,63.0,62.17,0.65,3.1,21.27,3.57,25627185289.0,25627185289.0,0.02,0.22,14.88,-6.22
1457,300912,凯龙高科,21.08,1.69,0.35,27737.0,58659298.36,4.49,21.5,20.57,20.57,20.73,0.61,3.23,-77.61,5.61,2400691584.0,1811809663.0,0.0,0.0,-17.33,27.76
1458,300005,探路者,10.85,1.69,0.18,365068.0,393456050.34,3.28,10.95,10.6,10.66,10.67,0.86,4.16,93.54,4.47,9588168718.0,9510560296.0,0.0,0.0,-25.79,0.28
1459,603919,金徽酒,18.04,1.69,0.3,74858.0,134755844.0,3.16,18.18,17.62,17.88,17.74,0.97,1.48,21.37,2.69,9150970346.0,9150970346.0,0.0,0.06,-3.53,-9.44
1460,603500,祥和实业,9.64,1.69,0.16,38971.0,37454865.0,2.74,9.74,9.48,9.55,9.48,0.67,1.17,22.16,3.08,3208030491.0,3206351425.0,0.1,0.21,-23.73,-18.03
1461,002012,凯恩股份,7.2,1.69,0.12,122805.0,87933866.85,4.1,7.3,7.01,7.08,7.08,1.11,2.63,141.17,2.16,3366903384.0,3366903384.0,-0.14,-0.14,2.56,11.98
1462,000158,常山北明,13.84,1.69,0.23,536190.0,737728456.28,3.45,13.98,13.51,13.72,13.61,0.8,3.37,-97.56,4.22,22124855419.0,22014508047.0,0.0,0.07,-10.3,-32.02
1463,605055,迎丰股份,9.62,1.69,0.16,35077.0,33775009.0,4.55,9.74,9.31,9.52,9.46,0.59,0.8,-180.44,4.39,4232800000.0,4232800000.0,0.1,0.0,-14.56,-0.31
1464,920402,硅烷科技,9.01,1.69,0.15,47516.0,42678671.9,2.6,9.1,8.87,8.93,8.86,0.67,1.74,-26.39,2.59,3802761204.0,2458588226.0,0.45,0.11,-18.54,-10.79
1465,301190,善水科技,18.6,1.69,0.31,51117.0,93280038.73,4.48,18.63,17.81,18.3,18.29,0.57,2.81,23.44,2.0,3992238900.0,3382484400.0,0.05,-0.11,-2.16,-11.72
1466,301207,华兰疫苗,17.42,1.69,0.29,43443.0,75276374.22,2.8,17.53,17.05,17.16,17.13,0.92,0.72,143.65,1.99,10469899050.0,10463113751.0,0.0,-0.06,3.69,-2.35
1467,300442,润泽科技,63.99,1.68,1.06,141178.0,900684619.65,1.45,64.2,63.29,63.7,62.93,0.75,0.86,43.63,7.25,105010275852.0,104702253588.0,-0.02,0.0,-12.69,21.75
1468,600859,王府井,10.3,1.68,0.17,237915.0,244302035.0,2.47,10.33,10.08,10.1,10.13,1.28,2.12,106.83,0.6,11576493667.0,11575429059.0,0.0,0.0,-1.25,-33.68
1469,002416,爱施德,9.69,1.68,0.16,163811.0,158340814.18,2.94,9.77,9.49,9.5,9.53,0.75,1.34,129.23,2.28,12008640700.0,11853602318.0,-0.1,-0.1,-12.7,-19.78
1470,001395,亚联机械,30.33,1.68,0.5,11875.0,35775890.2,2.08,30.35,29.73,29.79,29.83,0.59,2.24,10.93,2.71,3439785960.0,1607520330.0,0.0,0.07,9.22,-7.02
1471,300222,科大智能,10.26,1.68,0.17,127467.0,130162777.0,2.18,10.3,10.08,10.09,10.09,0.86,1.95,42.78,4.38,8025589861.0,6690684602.0,0.0,0.2,-12.9,-5.87
1472,601133,柏诚股份,23.67,1.68,0.39,72312.0,171220034.0,2.32,23.94,23.4,23.4,23.28,0.82,1.38,72.4,4.08,12454593944.0,12412234230.0,0.0,0.0,-19.43,54.4
1473,605056,咸亨国际,13.91,1.68,0.23,42173.0,58544425.0,2.34,13.97,13.65,13.65,13.68,1.12,1.05,44.95,3.25,5694659412.0,5611199412.0,0.07,0.07,-22.64,-13.66
1474,000960,锡业股份,33.98,1.68,0.56,245780.0,828551459.51,2.42,34.06,33.25,33.5,33.42,0.75,1.49,18.59,2.6,55911777729.0,55911777729.0,-0.03,-0.06,-9.75,23.47
1475,000620,盈新发展,3.02,1.68,0.05,1957173.0,590070869.1,2.02,3.04,2.98,2.99,2.97,0.73,4.19,102.98,4.77,17732881421.0,14108681421.0,-0.33,-0.33,2.72,12.69
1476,000863,三湘印象,4.24,1.68,0.07,143511.0,60606138.58,3.12,4.28,4.15,4.18,4.17,0.75,1.23,-124.27,1.15,5006166134.0,4938811648.0,0.0,0.24,-7.22,-31.94
1477,300035,中科电气,12.76,1.67,0.21,82466.0,104731753.24,2.23,12.79,12.51,12.66,12.55,0.75,1.41,29.76,1.77,8746044322.0,7485469210.0,0.08,0.08,-25.51,-39.35
1478,603716,塞力医疗,17.62,1.67,0.29,98921.0,170777938.0,3.69,17.63,16.99,17.33,17.33,0.8,4.38,-41.58,3.64,3978433367.0,3978433367.0,0.06,0.06,11.1,-14.26
1479,600626,申达股份,3.65,1.67,0.06,98208.0,35619489.0,2.51,3.67,3.58,3.61,3.59,0.98,0.74,64.68,1.51,4820718035.0,4820718035.0,-0.27,0.0,5.49,-24.27
1480,688075,安旭生物,29.79,1.67,0.49,5089.0,15064763.0,2.08,29.85,29.24,29.38,29.3,1.15,0.4,-177.88,0.75,3785796761.0,3785796761.0,0.17,0.13,-2.96,-21.34
1481,300586,美联新材,9.13,1.67,0.15,104393.0,95064017.11,2.9,9.19,8.93,9.1,8.98,0.68,1.95,320.24,3.5,6493407969.0,4887572879.0,0.11,0.0,-30.78,-16.16
1482,300899,上海凯鑫,31.7,1.67,0.52,8680.0,27491607.64,3.88,32.08,30.87,30.87,31.18,0.89,2.0,98.26,3.19,2021935872.0,1373495952.0,-0.25,0.54,4.9,-1.86
1483,002873,新天药业,8.55,1.66,0.14,49559.0,42264999.86,1.55,8.59,8.46,8.52,8.41,0.91,2.07,214.66,1.63,2087087541.0,2049354185.0,0.12,0.35,5.17,-13.55
1484,002660,茂硕电源,7.95,1.66,0.13,260982.0,209578174.1,8.18,8.4,7.76,7.94,7.82,0.71,7.54,-46.58,2.85,2835176851.0,2753499736.0,-0.5,-0.38,10.88,-13.68
1485,688046,药康生物,31.22,1.66,0.51,52441.0,162113378.0,2.31,31.22,30.51,30.66,30.71,0.57,1.28,57.78,5.64,12806013164.0,12806013164.0,0.06,0.29,75.2,105.8
1486,603377,ST东时,3.06,1.66,0.05,38777.0,11841653.0,2.66,3.1,3.02,3.02,3.01,1.04,0.54,-5.66,-26.59,2211864151.0,2211864151.0,0.0,0.33,-14.76,-18.62
1487,301558,三态股份,6.74,1.66,0.11,82759.0,55600290.0,2.11,6.76,6.62,6.64,6.63,1.14,3.77,299.63,3.85,5316857243.0,1479307682.0,0.3,0.3,1.2,-17.3
1488,688077,大地熊,27.6,1.66,0.45,17686.0,48677078.0,3.68,27.8,26.8,26.83,27.15,0.86,1.54,45.81,2.85,3159606710.0,3159606710.0,-0.18,-0.04,-3.09,-9.03
1489,300257,开山股份,17.79,1.66,0.29,102510.0,180652327.51,2.86,17.87,17.37,17.75,17.5,0.53,1.07,46.2,2.73,17676766970.0,16985719668.0,-0.17,-0.11,-31.55,27.53
1490,920211,新睿电子,99.21,1.66,1.62,3598.0,35640264.16,4.13,100.58,96.55,96.55,97.59,0.81,3.1,55.57,7.93,3412824000.0,1150505730.0,0.26,0.16,-18.45,293.85
1491,300371,汇中股份,10.45,1.65,0.17,28619.0,29753936.15,3.11,10.5,10.18,10.18,10.28,0.83,2.04,66.54,1.82,2102720743.0,1462954668.0,0.19,0.1,-3.33,-16.2
1492,920634,新威凌,17.83,1.65,0.29,20257.0,35578176.94,3.53,17.83,17.21,17.6,17.54,0.9,4.99,69.92,3.9,1139314998.0,723432191.0,0.73,0.45,-10.67,-26.11
1493,605300,佳禾食品,10.49,1.65,0.17,107119.0,111795479.0,2.91,10.52,10.22,10.25,10.32,0.86,2.36,83.2,1.66,4766641283.0,4766641283.0,0.0,0.29,14.77,-9.02
1494,300227,光韵达,13.57,1.65,0.22,260814.0,353072479.3,3.0,13.7,13.3,13.4,13.35,1.17,5.72,273.98,5.08,8084482076.0,6192469058.0,0.3,0.22,38.89,47.34
1495,000591,太阳能,4.31,1.65,0.07,449914.0,193126534.0,1.18,4.31,4.26,4.27,4.24,1.26,1.15,17.14,0.69,16829916322.0,16823636872.0,0.0,0.23,-14.82,-1.15
1496,603276,恒兴新材,16.6,1.65,0.27,23923.0,39594792.0,3.12,16.75,16.24,16.33,16.33,0.71,3.14,37.2,1.92,3446981650.0,1266252997.0,0.12,0.06,-5.31,0.91
1497,603180,金牌家居,15.99,1.65,0.26,9823.0,15631977.0,2.48,16.03,15.64,15.8,15.73,0.82,0.64,-9.69,0.97,2466571669.0,2466571669.0,0.25,0.25,-8.0,-21.19
1498,301278,快可电子,28.92,1.65,0.47,12147.0,34751145.0,2.67,28.96,28.2,28.47,28.45,0.92,2.25,80.87,1.81,2594359496.0,1564167351.0,0.0,0.0,-10.88,-13.39
1499,002333,罗普斯金,5.55,1.65,0.09,82062.0,45303137.0,2.93,5.6,5.44,5.45,5.46,0.76,1.23,93.24,1.94,3745832640.0,3699090057.0,-0.18,-0.18,12.58,-1.07
1500,300484,蓝海华腾,12.92,1.65,0.21,26520.0,34229929.0,2.28,12.99,12.7,12.84,12.71,1.02,1.54,77.54,3.98,2676557588.0,2219341902.0,0.23,0.0,-8.76,-31.6
1501,300878,维康药业,34.08,1.64,0.55,29291.0,100421263.82,6.38,35.2,33.06,33.61,33.53,1.08,2.03,-110.86,5.56,4934454174.0,4911744523.0,0.35,0.26,13.3,33.59
1502,301598,博科测试,51.97,1.64,0.84,6051.0,31335249.0,2.07,52.2,51.14,51.75,51.13,0.75,3.36,25.21,3.09,3060888679.0,936972223.0,0.19,0.12,-0.1,-15.47
1503,000973,佛塑科技,12.39,1.64,0.2,403567.0,489308751.54,4.18,12.39,11.88,12.19,12.19,1.0,3.99,16.82,3.21,30457553531.0,12535522731.0,0.0,0.32,-17.73,-15.66
1504,002033,丽江股份,9.29,1.64,0.15,331762.0,307105942.84,2.52,9.33,9.1,9.1,9.14,0.97,6.04,19.23,2.04,5104768705.0,5104670881.0,0.0,0.11,6.41,5.57
1505,603188,亚邦股份,4.96,1.64,0.08,157167.0,77167772.0,3.69,5.0,4.82,4.88,4.88,0.55,2.76,142.27,4.03,2828043200.0,2828043200.0,0.0,0.4,15.08,8.06
1506,002991,甘源食品,39.57,1.64,0.64,11259.0,44184705.3,1.93,39.63,38.88,38.92,38.93,0.97,2.25,23.03,2.17,3688550433.0,1975876746.0,0.0,0.0,-8.78,-29.23
1507,001373,翔腾新材,29.14,1.64,0.47,11445.0,33293195.77,2.65,29.4,28.64,28.95,28.67,0.9,2.73,-44.35,2.41,2001535916.0,1222728445.0,0.0,0.03,-12.6,-9.73
1508,603777,来伊份,14.28,1.64,0.23,78650.0,111914307.0,2.85,14.4,14.0,14.0,14.05,0.99,2.35,-25.92,3.22,4775577090.0,4775577090.0,0.21,0.21,-11.96,4.01
1509,301211,亨迪药业,11.79,1.64,0.19,76198.0,89139931.84,2.5,11.8,11.51,11.64,11.6,0.71,1.82,81.69,2.16,4923504000.0,4923461556.0,0.17,0.08,23.58,-3.04
1510,002571,德力股份,11.82,1.63,0.19,116390.0,135816192.0,6.71,11.89,11.11,11.41,11.63,2.09,3.9,-40.37,6.19,4632857274.0,3525979142.0,0.08,-0.17,1.37,0.51
1511,002825,纳尔股份,10.0,1.63,0.16,55647.0,55462367.58,2.44,10.04,9.8,9.83,9.84,0.58,2.16,37.59,2.17,3419406270.0,2578097580.0,-0.1,-0.1,7.99,-12.05
1512,000678,襄阳轴承,9.37,1.63,0.15,89453.0,83464373.0,2.71,9.42,9.17,9.25,9.22,0.67,1.95,-104.47,5.54,4306562538.0,4306562538.0,0.0,0.0,-4.19,-37.66
1513,003026,中晶科技,28.01,1.63,0.45,40910.0,114402859.16,2.18,28.18,27.58,27.7,27.56,0.83,2.83,63.28,7.7,5259369076.0,4049150249.0,0.04,0.07,-15.61,32.25
1514,600543,*ST莫高,4.39,1.62,0.07,19649.0,8581453.0,2.55,4.41,4.3,4.35,4.32,0.99,0.61,-24.67,2.09,1409716800.0,1409716800.0,0.0,0.23,4.03,-17.33
1515,001325,元创股份,40.13,1.62,0.64,6089.0,24265602.56,2.28,40.2,39.3,39.69,39.49,0.46,3.11,29.93,1.74,3146192000.0,786548000.0,-0.05,0.17,3.86,-17.36
1516,300111,向日葵,3.13,1.62,0.05,221047.0,68872357.01,2.92,3.14,3.05,3.06,3.08,0.72,1.72,-162.5,6.02,4028969535.0,4028969535.0,0.0,0.32,-0.32,-48.94
1517,603881,数据港,25.12,1.62,0.4,221647.0,552862327.0,2.95,25.27,24.54,24.66,24.72,0.87,2.57,126.07,6.4,21654756263.0,21654756263.0,0.04,0.16,-2.18,-0.83
1518,300980,祥源新材,23.84,1.62,0.38,30197.0,71995259.04,2.0,24.06,23.59,23.64,23.46,0.69,3.02,25.63,2.29,3291474320.0,2384207360.0,0.04,0.04,-8.52,-26.49
1519,688601,力芯微,61.49,1.62,0.98,47690.0,291535703.0,4.74,62.6,59.73,60.55,60.51,0.62,3.57,-1024.86,6.59,8220764123.0,8220764123.0,0.1,-0.02,15.84,44.72
1520,603128,华贸物流,5.69,1.61,0.09,123098.0,69782933.0,1.96,5.7,5.59,5.62,5.6,1.3,0.94,16.85,1.21,7448474551.0,7448474551.0,0.35,0.18,12.01,-3.23
1521,300927,江天化学,30.28,1.61,0.48,166114.0,495935136.35,5.34,30.6,29.01,29.55,29.8,0.65,11.79,36.79,4.28,4371220800.0,4266116800.0,-0.07,0.1,18.75,30.29
1522,300311,任子行,5.67,1.61,0.09,374025.0,209522920.0,4.3,5.71,5.47,5.67,5.58,1.05,6.96,-39.78,6.02,3819482951.0,3047109557.0,0.0,0.0,14.08,27.7
1523,002531,天顺风能,6.3,1.61,0.1,330249.0,206924573.5,3.06,6.33,6.14,6.18,6.2,1.22,1.85,48.78,1.29,11320335545.0,11257272174.0,0.0,-0.16,-34.24,-8.16
1524,300473,德尔股份,27.08,1.61,0.43,36516.0,98095063.12,3.23,27.22,26.36,26.77,26.65,0.6,2.38,24.59,2.4,4675697332.0,4146604636.0,0.22,-0.15,-9.04,-9.07
1525,300022,吉峰科技,8.18,1.61,0.13,123026.0,100436569.0,3.23,8.25,7.99,8.01,8.05,1.0,2.49,367.88,7.88,4042886308.0,4042768516.0,-0.12,-0.12,7.63,4.6
1526,300821,东岳硅材,15.12,1.61,0.24,303457.0,457696626.81,2.96,15.24,14.8,14.95,14.88,0.65,2.53,21.16,3.4,18144000000.0,18140836140.0,-0.2,0.07,-8.47,29.9
1527,002518,科士达,36.82,1.6,0.58,239594.0,878634424.46,5.16,37.34,35.47,36.6,36.24,1.35,4.24,36.95,4.4,21437527961.0,20808907576.0,0.0,0.0,-19.04,-23.4
1528,688215,瑞晟智能,47.75,1.6,0.75,12810.0,60744406.0,6.04,48.24,45.4,47.0,47.0,0.73,1.42,81.33,8.64,4314272713.0,4314272713.0,0.0,-0.1,7.64,-4.48
1529,603682,锦和商管,10.8,1.6,0.17,111711.0,120697855.0,4.14,10.95,10.51,10.62,10.63,0.94,2.36,111.65,7.69,5103000000.0,5103000000.0,-0.09,-0.28,28.72,69.54
1530,603305,旭升集团,11.42,1.6,0.18,172648.0,196798110.0,3.02,11.54,11.2,11.23,11.24,0.97,1.49,27.76,1.42,13198191710.0,13198191710.0,-0.09,0.0,-15.84,-28.71
1531,600592,龙溪股份,15.2,1.6,0.24,84839.0,129390609.0,3.68,15.44,14.89,15.0,14.96,1.28,2.12,57.16,2.33,6073214279.0,6073214279.0,0.0,0.07,-1.81,-44.18
1532,603578,三星新材,12.68,1.6,0.2,24930.0,31612446.0,3.45,12.84,12.41,12.48,12.48,0.83,1.38,-37.5,2.15,2967887952.0,2286927166.0,0.0,0.0,-1.25,4.97
1533,002068,黑猫股份,8.27,1.6,0.13,313460.0,259171871.15,2.46,8.35,8.15,8.2,8.14,1.55,4.26,-28.58,2.46,6081304771.0,6078498140.0,0.0,0.12,-17.96,-6.24
1534,301187,欧圣电气,14.58,1.6,0.23,20581.0,29985934.87,2.93,14.72,14.3,14.59,14.35,1.09,0.81,63.84,2.57,3716930795.0,3716930795.0,0.21,-0.07,-10.99,-45.41
1535,300563,神宇股份,23.53,1.6,0.37,42609.0,99661510.02,3.07,23.64,22.93,23.16,23.16,0.52,3.36,99.63,3.8,4285709822.0,2981954100.0,-0.17,-0.13,-11.54,-35.5
1536,603801,志邦家居,6.37,1.59,0.1,170297.0,107938128.0,3.67,6.43,6.2,6.25,6.27,0.56,3.92,-8.78,0.95,2766818947.0,2766818947.0,-0.78,-0.47,-1.09,-27.28
1537,601929,吉视传媒,2.56,1.59,0.04,1335141.0,339658232.0,3.17,2.58,2.5,2.5,2.52,0.57,3.83,-20.26,1.96,8933857710.0,8933857710.0,0.0,0.0,6.22,-25.58
1538,301230,泓博医药,30.08,1.59,0.47,85303.0,255928709.93,3.11,30.48,29.56,30.1,29.61,0.82,5.24,94.72,5.38,5442709070.0,4895457404.0,0.07,0.2,13.81,31.87
1539,301120,新特电气,15.29,1.59,0.24,79086.0,120147373.79,2.33,15.31,14.96,14.98,15.05,0.97,3.5,255.74,3.63,5705094323.0,3451876669.0,-0.07,0.07,-14.25,-11.21
1540,603855,华荣股份,17.33,1.58,0.27,29219.0,50822347.0,2.99,17.64,17.13,17.13,17.06,1.08,0.87,15.65,2.52,5849065630.0,5814778225.0,0.06,0.12,5.35,-5.61
1541,688305,科德数控,57.34,1.58,0.89,20047.0,114747200.0,1.61,57.57,56.66,57.1,56.45,0.75,1.52,109.01,3.99,7600910296.0,7581138031.0,0.1,0.17,-12.84,-6.9
1542,601038,一拖股份,14.82,1.58,0.23,131836.0,195946522.0,3.02,15.04,14.6,14.71,14.59,0.89,1.8,10.64,2.03,16652422976.0,10843872176.0,0.0,0.07,27.76,6.08
1543,002317,众生药业,25.03,1.58,0.39,158522.0,396813935.32,3.37,25.29,24.46,24.5,24.64,1.17,2.06,95.46,5.31,21273759839.0,19223598945.0,0.0,0.12,11.05,33.28
1544,300007,汉威科技,31.02,1.57,0.48,74335.0,231881452.07,3.57,31.63,30.54,30.76,30.54,1.18,2.6,74.63,3.39,10157363101.0,8881423149.0,-0.06,-0.06,-20.89,-42.07
1545,000488,ST晨鸣,1.94,1.57,0.03,105115.0,20338616.8,2.09,1.95,1.91,1.91,1.91,1.58,0.62,-3.63,36.63,5706425028.0,3296863808.0,0.0,0.0,-10.6,-11.82
1546,002261,拓维信息,25.88,1.57,0.4,313107.0,807282007.54,1.88,25.94,25.46,25.81,25.48,0.85,2.73,235.52,12.64,32606941143.0,29661209848.0,0.0,0.0,-13.18,-21.81
1547,301448,开创电气,45.32,1.57,0.7,15892.0,71493274.82,3.81,46.0,44.3,44.81,44.62,1.11,2.24,376.62,6.81,4740472000.0,3212417560.0,0.0,0.2,17.32,-9.07
1548,920181,赛英电子,70.96,1.57,1.1,4012.0,28427766.84,3.45,71.99,69.58,70.84,69.86,0.55,4.0,29.75,3.87,3065472000.0,711019200.0,0.0,-0.04,-17.7,153.43
1549,000876,新 希 望,7.82,1.56,0.12,1616265.0,1261347617.06,2.99,7.89,7.66,7.89,7.7,2.44,3.59,-11.4,1.89,38803943519.0,35190064664.0,0.0,-0.26,19.57,-15.18
1550,920808,曙光数创,64.37,1.56,0.99,36668.0,234779976.94,6.56,66.19,62.03,62.91,63.38,0.94,1.88,-87.69,18.95,12874000064.0,12536786297.0,0.14,0.45,-13.1,-9.3
1551,300286,安科瑞,20.18,1.56,0.31,40750.0,81331839.55,3.17,20.25,19.62,19.8,19.87,1.08,1.96,23.24,2.24,5060834338.0,4192865779.0,0.05,0.1,-24.05,-11.22
1552,300813,泰林生物,20.87,1.56,0.32,20496.0,42447889.0,3.11,21.0,20.36,21.0,20.55,0.88,2.41,62.08,3.2,2529427701.0,1776581144.0,0.05,0.0,3.57,-14.96
1553,603079,圣达生物,13.08,1.55,0.2,50117.0,65402004.0,2.95,13.17,12.79,12.82,12.88,0.55,2.65,60.22,1.56,2472507482.0,2472507482.0,-0.08,-0.15,0.62,-25.77
1554,300161,华中数控,26.89,1.55,0.41,22016.0,59055694.55,3.25,27.24,26.38,26.4,26.48,0.76,1.13,-29.27,3.5,5342959802.0,5256112605.0,-0.04,0.04,-10.4,-7.34
1555,002331,皖通科技,7.19,1.55,0.11,59418.0,42575925.0,2.12,7.23,7.08,7.08,7.08,0.43,1.48,-23.39,2.18,3080266095.0,2890945105.0,0.14,0.14,-12.64,-19.39
1556,300590,移为通信,11.2,1.54,0.17,81653.0,91091480.6,2.18,11.26,11.02,11.05,11.03,0.68,2.28,29.34,2.74,5177049226.0,4007523442.0,0.18,0.09,-21.35,-10.83
1557,600053,*ST九鼎,7.92,1.54,0.12,15286.0,12043784.0,2.18,7.97,7.8,7.83,7.8,0.84,0.35,-19.48,1.58,3433643136.0,3433643136.0,0.25,0.25,1.41,-60.14
1558,300596,利安隆,41.63,1.54,0.63,27102.0,112228707.64,3.34,41.9,40.53,40.9,41.0,0.94,1.18,16.08,1.92,9559066737.0,9559066737.0,0.05,0.12,8.13,-0.31
1559,600419,天润乳业,9.26,1.54,0.14,97003.0,89446666.0,2.96,9.36,9.09,9.12,9.12,0.88,3.07,26.93,1.18,2921671641.0,2921671641.0,0.0,0.11,15.32,-6.28
1560,603219,富佳股份,13.22,1.54,0.2,27965.0,36891671.0,2.53,13.33,13.0,13.03,13.02,1.01,0.5,122.12,4.64,7421708000.0,7421708000.0,-0.3,0.23,-10.8,-21.26
1561,300829,金丹科技,17.75,1.54,0.27,121555.0,214885974.73,5.89,18.2,17.17,17.6,17.48,1.24,7.23,38.83,1.65,4034133149.0,2984340000.0,0.0,0.06,10.59,7.64
1562,603258,电魂网络,13.91,1.53,0.21,41011.0,57176447.0,4.01,14.14,13.59,13.7,13.7,1.27,1.7,-28.73,1.77,3376857673.0,3357058179.0,-0.14,-0.36,4.67,-24.85
1563,600598,北大荒,13.31,1.53,0.2,492444.0,655756840.0,2.29,13.43,13.13,13.16,13.11,0.64,2.77,-22.05,3.65,23660919589.0,23660919589.0,0.0,0.15,-6.92,-7.57
1564,000572,海马汽车,3.97,1.53,0.06,367883.0,145933821.78,3.07,4.01,3.89,3.9,3.91,0.94,2.24,-33.53,4.32,6529206611.0,6519744676.0,0.0,0.0,-4.8,-51.35
1565,600130,波导股份,4.64,1.53,0.07,235240.0,108514812.0,2.41,4.68,4.57,4.64,4.57,0.64,3.14,474.22,3.83,3480000000.0,3480000000.0,0.22,0.22,2.43,10.74
1566,603230,内蒙新华,9.95,1.53,0.15,141750.0,138759004.0,5.2,10.1,9.59,9.7,9.8,1.94,4.01,76.77,1.28,3517553850.0,3517553850.0,0.4,0.71,3.65,-18.44
1567,603220,中贝通信,18.61,1.53,0.28,151943.0,281346785.0,2.62,18.74,18.26,18.42,18.33,0.91,2.83,468.44,2.62,9981626232.0,9981626232.0,-0.05,0.0,-16.73,-12.34
1568,000011,深物业A,8.63,1.53,0.13,204918.0,174603130.4,3.88,8.66,8.33,8.46,8.5,0.59,3.89,-37.72,1.55,5143299564.0,4543483936.0,-0.23,0.0,15.22,-4.0
1569,002407,多氟多,33.3,1.52,0.5,611068.0,2028985304.27,3.57,33.68,32.51,32.81,32.8,0.59,5.65,38.72,4.57,39641404548.0,35994579257.0,0.03,0.0,-16.06,-1.25
1570,002896,中大力德,63.58,1.52,0.95,64404.0,410512316.27,3.03,64.5,62.6,62.64,62.63,0.96,3.28,224.88,10.46,12494911359.0,12494911359.0,0.02,0.0,-18.65,-28.75
1571,603160,汇顶科技,52.84,1.52,0.79,62081.0,324816106.0,3.71,53.26,51.33,52.26,52.05,0.79,1.33,48.95,2.64,24622528774.0,24622528774.0,0.04,-0.11,-5.63,-32.78
1572,301288,清研环境,17.37,1.52,0.26,13500.0,23314997.08,2.75,17.44,16.97,17.21,17.11,1.11,1.73,-53.46,2.4,1876133700.0,1356764117.0,-0.17,0.12,-11.33,-3.23
1573,600610,中毅达,8.68,1.52,0.13,551399.0,479959569.0,5.38,8.89,8.43,8.54,8.55,0.61,7.78,133.87,59.77,9298663571.0,6151747799.0,0.0,0.0,6.63,-12.59
1574,300887,谱尼测试,7.35,1.52,0.11,74028.0,54156934.42,2.21,7.38,7.22,7.34,7.24,0.73,2.04,-19.87,1.47,4011140586.0,2662149567.0,0.0,0.27,-7.66,-23.44
1575,920238,长鹰硬科,68.2,1.52,1.02,14292.0,96311470.51,3.07,68.36,66.3,67.4,67.18,0.52,7.36,8.52,4.5,6495249127.0,1323553376.0,0.07,0.38,261.04,261.04
1576,300158,振东制药,5.36,1.52,0.08,157234.0,84105679.38,2.65,5.39,5.25,5.26,5.28,0.47,1.59,-28.68,1.63,5318744380.0,5315432897.0,0.0,0.19,6.14,-7.75
1577,002570,贝因美,4.69,1.52,0.07,150564.0,70331633.21,2.6,4.7,4.58,4.6,4.62,0.84,1.39,35.48,3.03,5065403232.0,5065178112.0,0.0,0.0,-1.88,-23.37
1578,002482,广田集团,1.34,1.52,0.02,378899.0,50715501.28,2.27,1.35,1.32,1.33,1.32,0.66,1.01,-55.14,11.83,5026289566.0,5016571133.0,-0.74,0.0,-5.63,-20.71
1579,002492,恒基达鑫,6.05,1.51,0.09,71313.0,43209174.0,3.86,6.17,5.94,6.06,5.96,0.76,1.79,-36.73,1.56,2450250000.0,2406900086.0,-0.49,-0.33,3.77,-30.78
1580,300932,三友联众,11.47,1.5,0.17,145756.0,166770359.78,2.65,11.58,11.28,11.37,11.3,1.12,4.57,31.17,2.88,5140229998.0,3661124406.0,0.0,0.26,35.42,36.06
1581,300307,慈星股份,7.45,1.5,0.11,147006.0,109169590.0,2.04,7.47,7.32,7.36,7.34,0.97,1.87,17.21,1.77,5964125631.0,5868020318.0,0.0,0.13,-9.15,5.67
1582,600249,两面针,5.4,1.5,0.08,84192.0,45389386.0,3.01,5.46,5.3,5.32,5.32,0.94,1.53,-317.23,1.37,2970000000.0,2970000000.0,0.19,0.19,5.68,-5.59
1583,002661,克明食品,8.1,1.5,0.12,38754.0,31265965.16,2.51,8.15,7.95,7.95,7.98,0.71,1.26,-28.25,1.2,2623155370.0,2498180948.0,0.25,0.0,3.18,-8.68
1584,601928,凤凰传媒,8.78,1.5,0.13,145027.0,126337820.0,2.66,8.83,8.6,8.63,8.65,0.94,0.57,10.23,1.12,22344222000.0,22344222000.0,0.0,0.0,-0.57,-8.92
1585,300197,节能铁汉,2.03,1.5,0.03,680145.0,137942276.22,3.0,2.05,1.99,2.01,2.0,0.58,2.29,-1.85,-3.18,6019555102.0,6019402852.0,0.0,0.0,-18.15,14.69
1586,603408,建霖家居,12.16,1.5,0.18,27429.0,33271517.0,2.5,12.21,11.91,11.98,11.98,0.63,0.61,13.22,1.6,5442487680.0,5442487680.0,0.16,0.08,18.17,-5.74
1587,002182,宝武镁业,12.18,1.5,0.18,122769.0,148972625.7,3.33,12.32,11.92,11.97,12.0,0.88,1.37,-329.16,2.3,12080021116.0,10920718728.0,0.0,-0.08,-7.73,-20.39
1588,603202,天有为,53.4,1.5,0.79,8402.0,44562706.0,1.79,53.43,52.49,52.63,52.61,1.01,1.67,14.64,1.26,8544000000.0,2681404745.0,0.0,0.11,-19.34,-40.87
1589,002031,巨轮智能,5.44,1.49,0.08,1389074.0,753464110.97,5.41,5.58,5.29,5.32,5.36,0.9,6.32,-80.55,6.29,11964712445.0,11964671645.0,0.0,0.18,-3.37,-30.79
1590,002164,宁波东力,10.89,1.49,0.16,82248.0,89757969.73,4.66,11.15,10.65,10.65,10.73,1.05,1.71,54.41,3.76,5795371473.0,5224751307.0,0.0,0.18,-17.94,-31.98
1591,688350,富淼科技,27.3,1.49,0.4,11788.0,32021388.0,3.68,27.6,26.61,26.61,26.9,0.64,0.82,202.6,2.12,3910578344.0,3910578344.0,-0.04,-0.07,-14.61,6.39
1592,688093,世华科技,21.75,1.49,0.32,21032.0,45581363.0,2.8,21.91,21.31,21.54,21.43,1.09,0.75,24.92,2.16,6098325704.0,6098325704.0,0.0,-0.14,-19.98,-40.49
1593,300530,领湃科技,21.79,1.49,0.32,53839.0,116793828.64,2.84,21.94,21.33,21.58,21.47,0.63,3.13,-109.36,42.84,3746820004.0,3746820004.0,0.0,0.41,17.28,-18.39
1594,301047,义翘神州,93.31,1.49,1.37,41040.0,380332609.76,2.58,93.77,91.4,91.52,91.94,0.81,3.43,66.61,2.17,11349924396.0,11158067746.0,0.09,-0.01,55.21,40.53
1595,002126,银轮股份,42.29,1.49,0.62,192111.0,813317674.72,3.34,42.88,41.49,41.67,41.67,1.03,2.42,39.59,4.8,35812070366.0,33626788029.0,0.0,0.0,-10.42,12.23
1596,300727,润禾材料,30.95,1.48,0.45,47304.0,147089365.12,4.03,31.54,30.31,30.33,30.5,0.78,2.92,69.05,4.12,5575220094.0,5017500321.0,0.13,0.1,0.0,-12.42
1597,301298,东利机械,13.02,1.48,0.19,13099.0,17032160.0,2.42,13.08,12.77,12.91,12.83,0.84,1.21,186.24,2.1,1911336000.0,1408822486.0,0.46,-0.08,-1.44,-16.11
1598,002513,蓝丰生化,5.48,1.48,0.08,86856.0,47902107.0,2.22,5.57,5.45,5.55,5.4,1.09,2.94,-17.21,412.75,2058254999.0,1617044987.0,-0.54,-0.36,-0.36,-18.45
1599,002678,珠江钢琴,4.8,1.48,0.07,270835.0,128843792.7,4.23,4.83,4.63,4.73,4.73,1.29,1.99,-25.86,2.2,6519937550.0,6516357350.0,-0.41,0.0,-11.93,-9.94
1600,000906,浙商中拓,6.19,1.48,0.09,143746.0,88801286.89,3.28,6.25,6.05,6.11,6.1,0.96,2.04,8.71,0.9,4392815078.0,4355912316.0,0.0,0.16,11.33,6.91
1601,603059,倍加洁,25.39,1.48,0.37,10903.0,27396476.0,3.16,25.39,24.6,25.04,25.02,1.04,1.09,26.55,2.28,2554683403.0,2550392493.0,0.32,0.4,-4.41,-14.83
1602,688511,天微电子,23.36,1.48,0.34,16063.0,37935172.0,4.26,24.09,23.11,23.53,23.02,0.87,1.2,956.42,3.82,3122715394.0,3122715394.0,0.13,0.09,-6.93,6.96
1603,002030,达安基因,5.48,1.48,0.08,133508.0,72755405.96,1.67,5.48,5.39,5.44,5.4,0.83,0.95,-31.94,1.1,7690884255.0,7690884255.0,0.0,0.18,1.86,-8.05
1604,301632,广东建科,13.71,1.48,0.2,33777.0,46034447.86,2.29,13.73,13.42,13.52,13.51,0.85,1.84,80.59,2.09,5738457600.0,2520069375.0,0.07,0.0,-21.25,-43.02
1605,002557,洽洽食品,19.23,1.48,0.28,75079.0,143760139.56,2.06,19.26,18.87,18.97,18.95,1.1,1.49,19.78,1.94,9727596573.0,9697090101.0,0.1,0.0,-5.08,-6.83
1606,688646,逸飞激光,76.7,1.48,1.12,14489.0,111084638.0,3.11,77.55,75.2,77.35,75.58,0.93,2.39,-228.98,5.08,7222272034.0,4658157516.0,0.13,-0.03,20.05,114.91
1607,002166,莱茵生物,6.87,1.48,0.1,75263.0,51486617.69,1.62,6.87,6.76,6.76,6.77,0.77,1.02,45.05,1.64,5094856750.0,5073865465.0,0.29,0.15,-8.16,-17.72
1608,603358,华达科技,47.08,1.47,0.68,106389.0,504254830.0,5.39,48.49,45.99,47.07,46.4,0.72,2.3,-132.96,6.47,22115504018.0,21740161872.0,0.0,0.0,23.08,-6.01
1609,301111,粤万年青,22.85,1.47,0.33,55795.0,127280643.82,3.33,23.05,22.3,22.3,22.52,0.66,3.49,573.1,4.9,3656000000.0,3655977721.0,0.09,0.0,-14.52,20.39
1610,300875,捷强装备,35.2,1.47,0.51,65452.0,230319672.97,4.27,35.73,34.25,34.43,34.69,0.86,7.46,-182.73,4.14,3514183235.0,3090266749.0,-0.11,-0.06,7.22,-13.06
1611,603117,万林物流,4.13,1.47,0.06,75485.0,31174511.0,2.46,4.17,4.07,4.1,4.07,0.91,1.26,-690.46,2.4,2474686674.0,2474686674.0,-0.24,0.0,4.29,-12.5
1612,603937,丽岛新材,11.77,1.47,0.17,37512.0,44097701.0,3.97,11.87,11.41,11.58,11.6,1.01,1.8,34.63,1.58,2458658734.0,2458658734.0,0.0,-0.17,-13.33,-1.83
1613,603122,合富中国,13.76,1.47,0.2,641382.0,888023403.0,9.22,14.75,13.5,14.08,13.56,3.64,16.11,-365.18,5.28,5477204230.0,5477204230.0,0.15,0.44,13.53,-43.61
1614,301100,风光股份,15.87,1.47,0.23,8606.0,13636279.8,2.11,15.96,15.63,15.63,15.64,0.77,0.97,-75.84,1.59,3193472490.0,1408097490.0,0.0,-0.06,2.85,-25.53
1615,600831,广电网络,3.45,1.47,0.05,149693.0,51118759.0,2.65,3.46,3.37,3.4,3.4,0.89,2.11,-2.51,45.02,2452767122.0,2452767122.0,-0.29,0.29,5.83,-17.86
1616,300131,英唐智控,15.86,1.47,0.23,590610.0,935622684.32,4.54,16.21,15.5,15.76,15.63,1.01,5.56,-3107.61,10.59,18001409032.0,16857337639.0,0.0,-0.19,-8.06,8.19
1617,300991,创益通,27.53,1.47,0.4,18220.0,50082556.12,3.72,27.81,26.8,27.13,27.13,0.94,1.73,-116.28,6.43,3964320000.0,2893581945.0,-0.15,0.07,-26.66,-34.73
1618,002629,仁智股份,4.87,1.46,0.07,81933.0,39876908.0,3.13,4.92,4.77,4.86,4.8,0.72,2.26,-85.56,37.7,2075097260.0,1767585931.0,0.0,0.0,-1.81,-28.59
1619,600184,光电股份,18.06,1.46,0.26,121239.0,217954371.0,3.26,18.18,17.6,17.8,17.8,0.79,2.08,331.04,3.08,10524058072.0,10524058072.0,-0.11,0.0,-27.82,-5.1
1620,000513,丽珠集团,27.16,1.46,0.39,50746.0,136884657.05,1.94,27.17,26.65,26.88,26.77,1.04,0.89,12.93,1.8,24115558764.0,15417422562.0,0.04,0.07,-10.78,-17.77
1621,603320,迪贝电气,18.02,1.46,0.26,24672.0,44473335.0,3.49,18.37,17.75,17.75,17.76,0.58,1.65,40.88,2.26,2687614578.0,2687614578.0,-0.33,-0.11,-8.39,-4.61
1622,600963,岳阳林纸,3.48,1.46,0.05,300731.0,104298879.0,3.5,3.52,3.4,3.43,3.43,1.11,1.71,-313.62,0.8,6116336132.0,6116336132.0,-0.57,-0.85,-3.33,-25.48
1623,000790,华神科技,4.16,1.46,0.06,100085.0,41497630.58,2.2,4.18,4.09,4.09,4.1,0.63,1.61,212.42,3.59,2594672554.0,2590193794.0,-0.24,-0.24,10.34,7.49
1624,301198,喜悦智行,13.21,1.46,0.19,25542.0,33853048.7,2.84,13.41,13.04,13.18,13.02,0.72,1.57,-207.19,2.48,2232490000.0,2143681548.0,-0.68,-0.23,-7.88,5.18
1625,002842,翔鹭钨业,34.64,1.46,0.5,166011.0,572538824.36,2.69,34.77,33.85,34.2,34.14,0.55,6.18,11.75,6.88,11333252698.0,9299525724.0,0.12,0.14,-12.41,141.9
1626,301179,泽宇智能,20.26,1.45,0.29,36266.0,73331069.9,3.05,20.42,19.81,20.0,19.97,0.57,1.53,69.45,3.28,8193297348.0,4811244088.0,-0.1,-0.1,1.35,29.71
1627,605555,德昌股份,12.61,1.45,0.18,45989.0,57878790.0,4.02,12.83,12.33,12.48,12.43,1.13,0.95,90.87,2.13,6104110594.0,6104110594.0,0.08,0.0,-17.31,-30.02
1628,688073,毕得医药,59.44,1.45,0.85,19518.0,115471595.0,3.04,59.79,58.01,58.06,58.59,0.59,2.15,26.15,2.62,5402082429.0,5402082429.0,0.13,0.29,28.85,-0.85
1629,603341,龙旗科技,37.85,1.45,0.54,84727.0,316824871.0,2.84,37.9,36.84,37.37,37.31,1.09,3.17,40.23,2.71,19780055875.0,10121178228.0,0.0,0.16,6.17,-9.36
1630,600191,华资实业,10.5,1.45,0.15,123866.0,131153810.0,3.96,10.77,10.36,10.4,10.35,1.63,2.55,70.4,2.97,5091786000.0,5091786000.0,-0.1,0.19,-4.2,-18.16
1631,002640,跨境通,3.5,1.45,0.05,766830.0,267156847.18,2.9,3.52,3.42,3.45,3.45,0.93,4.95,14.76,8.08,5453144655.0,5418916230.0,0.29,0.29,0.0,-22.74
1632,600615,鑫源智造,9.82,1.45,0.14,18132.0,17730796.0,2.27,9.88,9.66,9.74,9.68,0.73,0.8,-127.73,3.09,2215633670.0,2212112611.0,0.0,0.1,5.03,-12.16
1633,688237,超卓航科,58.09,1.45,0.83,19331.0,113574763.0,4.33,60.33,57.85,58.0,57.26,1.42,2.16,349.14,4.28,5209624592.0,5209624592.0,0.16,-0.02,13.86,20.0
1634,300652,雷迪克,28.09,1.44,0.4,13821.0,38883507.0,3.58,28.5,27.51,27.69,27.69,0.88,1.16,44.48,2.42,3746941167.0,3356091458.0,-0.21,0.25,-27.1,-48.7
1635,600658,电子城,4.23,1.44,0.06,145012.0,60974145.0,3.36,4.26,4.12,4.16,4.17,0.95,1.3,-12.42,0.95,4731614740.0,4731614740.0,-0.24,0.0,-2.76,-22.95
1636,920834,三维装备,9.89,1.44,0.14,20010.0,19531679.91,3.69,9.94,9.58,9.75,9.75,0.73,3.19,26.51,3.82,1186800049.0,621056782.0,0.3,0.71,0.51,-34.93
1637,603356,华菱精工,16.91,1.44,0.24,24272.0,40954614.0,2.64,17.0,16.56,16.76,16.67,0.81,1.82,-24.8,8.25,2254779400.0,2254779400.0,-0.06,-0.29,-7.8,19.17
1638,688539,高华科技,23.94,1.44,0.34,16903.0,40355219.0,2.75,24.17,23.52,23.65,23.6,0.7,0.91,-75.65,2.62,4450924800.0,4450924800.0,0.29,0.17,-23.22,-51.45
1639,688218,江苏北人,40.27,1.44,0.57,16874.0,68033566.0,3.58,40.83,39.41,40.22,39.7,0.76,1.45,148.23,5.32,4690461861.0,4690461861.0,0.02,0.07,-24.45,76.47
1640,605333,沪光股份,17.74,1.43,0.25,27989.0,49338185.0,2.8,17.76,17.27,17.6,17.49,0.56,0.6,76.77,2.46,8232076802.0,8232076802.0,0.11,0.11,-4.37,-40.13
1641,000006,深振业Ａ,7.11,1.43,0.1,110905.0,78270729.36,2.85,7.15,6.95,6.98,7.01,0.48,0.82,-50.13,1.82,9598464777.0,9598464777.0,0.14,0.14,-9.43,-28.54
1642,000936,华西股份,5.66,1.43,0.08,275132.0,155672191.97,4.66,5.8,5.54,5.55,5.58,1.26,3.11,-14.34,1.02,5014832940.0,5014122327.0,0.0,0.0,-1.39,-31.06
1643,603151,邦基科技,18.39,1.43,0.26,113276.0,209851863.0,9.82,19.45,17.67,19.45,18.13,2.17,6.61,-3283.04,2.34,3149872302.0,3149872302.0,0.49,1.04,48.07,2.91
1644,603189,*ST网达,9.96,1.43,0.14,38615.0,38887582.0,5.19,10.33,9.82,9.84,9.82,1.84,1.43,-111.37,1.87,2684701556.0,2684701556.0,0.1,-0.1,-12.71,-47.39
1645,003000,劲仔食品,9.92,1.43,0.14,74266.0,73803063.18,2.15,10.04,9.83,9.85,9.78,1.49,2.41,21.02,3.24,4472870057.0,3055958126.0,0.1,0.2,-9.24,-10.55
1646,605169,洪通燃气,12.8,1.43,0.18,41685.0,52826683.0,2.54,12.84,12.52,12.62,12.62,0.63,1.47,18.3,1.76,3620864000.0,3620864000.0,-0.16,0.0,28.0,-1.39
1647,002137,实益达,7.8,1.43,0.11,134771.0,104400403.0,3.12,7.88,7.64,7.64,7.69,0.99,3.4,70.31,2.95,4504537861.0,3092379857.0,0.26,0.26,-15.22,-8.56
1648,300255,常山药业,23.52,1.42,0.33,150085.0,348645809.1,2.89,23.53,22.86,22.94,23.19,0.81,1.64,-644.81,18.2,21616311851.0,21584207051.0,0.09,0.3,-33.35,-62.13
1649,603165,荣晟环保,15.0,1.42,0.21,86666.0,129661670.0,1.83,15.05,14.78,14.81,14.79,1.5,2.77,12.32,2.06,4690925670.0,4690925670.0,0.0,0.2,-2.15,34.17
1650,600037,歌华有线,7.16,1.42,0.1,216147.0,153802329.0,2.97,7.23,7.02,7.07,7.06,0.93,1.55,23.34,0.78,9965129649.0,9965129649.0,0.14,-0.14,8.81,-1.24
1651,601996,丰林集团,2.86,1.42,0.04,252046.0,71589588.0,2.84,2.87,2.79,2.82,2.82,0.81,2.25,-14.86,1.37,3205815230.0,3205815230.0,-0.35,0.0,5.54,27.11
1652,605077,华康股份,11.39,1.42,0.16,40618.0,45979917.0,1.78,11.39,11.19,11.28,11.23,1.09,1.36,41.08,1.16,3447796031.0,3410504032.0,0.26,0.26,-4.12,-21.34
1653,300078,思创智联,2.86,1.42,0.04,399610.0,113935080.46,3.9,2.9,2.79,2.8,2.82,0.9,3.59,-69.24,6.5,3197114578.0,3184230043.0,0.35,0.0,-10.06,-35.44
1654,300536,农尚环境,9.28,1.42,0.13,71727.0,66468219.91,3.83,9.44,9.09,9.18,9.15,0.86,2.45,-46.74,10.18,2721713874.0,2721516563.0,0.0,0.0,-3.43,28.0
1655,002356,鹏飞绿能,2.85,1.42,0.04,155801.0,44123954.0,2.85,2.86,2.78,2.79,2.81,0.96,1.19,-131.01,6.31,3737075385.0,3737054010.0,0.35,0.35,-10.66,-28.03
1656,300256,星星科技,2.88,1.41,0.04,283200.0,81449569.0,2.82,2.91,2.83,2.84,2.84,0.62,1.26,-103.46,7.26,6532972952.0,6460972952.0,0.0,0.0,3.97,-28.54
1657,603208,江山欧派,11.52,1.41,0.16,14367.0,16504845.0,2.2,11.6,11.35,11.43,11.36,0.91,0.82,-10.95,2.12,2026130077.0,2026130077.0,0.44,-0.09,-3.27,-20.82
1658,600169,ST太重,2.16,1.41,0.03,71321.0,15335368.0,1.41,2.16,2.13,2.13,2.13,0.44,0.21,69.35,1.37,7199585640.0,7199585640.0,0.0,0.47,-3.57,-5.26
1659,001238,浙江正特,25.17,1.41,0.35,3895.0,9735331.2,2.18,25.2,24.66,24.87,24.82,0.64,0.27,35.73,3.34,3905075160.0,3660296809.0,0.0,0.16,-18.07,-28.51
1660,603535,嘉诚国际,6.49,1.41,0.09,38466.0,24802819.0,2.19,6.49,6.35,6.41,6.4,0.96,0.75,58.08,1.34,3315859968.0,3315859968.0,0.15,0.0,-2.55,-39.29
1661,000553,安道麦A,5.74,1.41,0.08,78988.0,45227151.2,3.0,5.79,5.62,5.65,5.66,0.67,0.36,15.46,0.76,13373119537.0,12496393056.0,-0.17,0.0,-5.12,4.74
1662,002692,远程股份,4.31,1.41,0.06,91406.0,39059848.0,2.82,4.33,4.21,4.22,4.25,1.08,1.27,-22.45,2.8,3095209260.0,3093983819.0,0.47,0.0,3.86,-14.82
1663,301331,恩威医药,21.74,1.4,0.3,10389.0,22556452.6,2.43,21.97,21.45,21.54,21.44,0.84,1.01,69.8,2.19,2236869623.0,2230327862.0,0.0,-0.14,-4.44,-14.48
1664,002076,星光股份,2.17,1.4,0.03,193194.0,41612359.32,2.8,2.18,2.12,2.13,2.14,0.63,1.85,-75.52,8.14,2406800145.0,2262646483.0,0.0,0.0,-15.56,7.96
1665,603758,秦安股份,11.61,1.4,0.16,86229.0,99701019.0,2.97,11.69,11.35,11.4,11.45,0.46,1.99,52.04,1.92,5028477329.0,5028477329.0,-0.09,0.0,13.71,-33.24
1666,920839,万通液压,25.37,1.4,0.35,6712.0,16906345.24,2.12,25.43,24.9,25.23,25.02,0.79,1.03,24.41,4.61,2998986964.0,1654189861.0,0.16,0.24,-13.21,-39.12
1667,300127,银河磁体,24.6,1.4,0.34,28160.0,68972604.0,2.68,24.68,24.03,24.26,24.26,0.7,1.21,33.87,5.29,7949400456.0,5722578075.0,0.2,0.16,-12.95,-17.81
1668,002429,兆驰股份,7.96,1.4,0.11,402572.0,320563641.43,1.78,8.03,7.89,7.89,7.85,0.68,0.89,46.06,2.16,36034447232.0,36013669928.0,0.0,0.13,-23.09,8.59
1669,603099,长白山,39.04,1.4,0.54,62763.0,244660343.0,2.0,39.29,38.52,38.61,38.5,0.93,2.3,4191.05,7.09,10632772774.0,10632772774.0,0.03,0.05,2.82,-13.26
1670,301003,江苏博云,61.4,1.4,0.85,17504.0,107034168.74,3.93,62.26,59.88,60.6,60.55,0.59,2.33,53.19,5.16,5963986032.0,4613603921.0,-0.02,0.16,22.8,38.6
1671,600537,*ST亿晶,2.18,1.4,0.03,200125.0,43326458.0,3.72,2.2,2.12,2.14,2.15,1.12,1.69,-9.74,-12.15,2580498739.0,2580498739.0,0.0,0.0,-15.5,-47.6
1672,920090,*ST同辉,3.65,1.39,0.05,11538.0,4192296.47,5.56,3.79,3.59,3.59,3.6,0.57,0.86,-36.71,20.99,727567443.0,492431253.0,0.0,0.55,0.27,-42.52
1673,300215,电科院,6.57,1.39,0.09,98306.0,64164710.0,2.16,6.58,6.44,6.55,6.48,0.53,1.31,93.02,2.45,4921548809.0,4921548809.0,0.15,0.46,-6.01,3.3
1674,600287,苏豪时尚,5.09,1.39,0.07,39577.0,20085676.0,2.39,5.12,5.0,5.04,5.02,1.02,0.91,95.23,1.01,2223292017.0,2223292017.0,-0.2,-0.39,3.88,-6.78
1675,000528,柳    工,8.05,1.39,0.11,289514.0,231569364.85,1.39,8.06,7.95,7.98,7.94,0.96,1.42,7.72,0.87,16426631149.0,16403845149.0,0.0,0.0,-4.17,-30.3
1676,600054,黄山旅游,11.7,1.39,0.16,104846.0,122299743.0,2.51,11.77,11.48,11.57,11.54,0.84,2.04,32.75,1.75,8533739448.0,6005610000.0,0.0,-0.09,6.07,4.65
1677,600196,复星医药,22.65,1.39,0.31,177975.0,402577802.0,1.3,22.75,22.46,22.55,22.34,1.08,0.84,17.57,1.24,60485224211.0,47983771886.0,0.0,0.04,3.1,-13.22
1678,688175,高凌信息,18.32,1.38,0.25,20827.0,37925468.0,2.77,18.38,17.88,18.27,18.07,0.57,1.24,703.69,1.8,3079813672.0,3079813672.0,0.0,0.11,-27.87,-25.83
1679,300204,舒泰神,21.23,1.38,0.29,101033.0,213077660.57,2.34,21.24,20.75,21.0,20.94,0.81,2.23,-156.29,5.65,11492740444.0,9631297356.0,0.05,0.14,0.86,-22.29
1680,603199,九华旅游,34.56,1.38,0.47,20210.0,69558765.0,2.05,34.66,33.96,33.99,34.09,0.62,1.83,12.58,2.22,3825100800.0,3825100800.0,0.0,0.12,3.81,-3.97
1681,000020,深华发Ａ,12.45,1.38,0.17,47597.0,59121688.0,2.2,12.53,12.26,12.28,12.28,0.51,2.63,209.69,7.88,3525357276.0,2255509118.0,0.0,0.48,6.5,-10.24
1682,600573,惠泉啤酒,10.3,1.38,0.14,61643.0,63057873.0,2.17,10.3,10.08,10.15,10.16,1.37,2.47,26.4,1.86,2575000000.0,2575000000.0,0.0,0.1,-23.65,-12.93
1683,603709,中源家居,12.5,1.38,0.17,34265.0,42812036.0,3.16,12.64,12.25,12.33,12.33,0.78,2.11,304.64,4.0,2040438238.0,2033025638.0,-0.08,-0.24,6.38,0.08
1684,301393,昊帆生物,56.5,1.38,0.77,14911.0,83952649.85,2.85,56.98,55.39,55.46,55.73,0.66,3.39,43.13,2.54,6102000000.0,2484175050.0,0.2,0.21,13.09,12.06
1685,603618,杭电股份,36.96,1.37,0.5,942750.0,3455690741.0,5.79,37.4,35.29,36.77,36.46,0.75,13.64,32.53,8.52,25553242767.0,25553242767.0,0.03,-0.05,-4.89,358.56
1686,301078,孩子王,7.39,1.37,0.1,196268.0,144896245.22,2.47,7.43,7.25,7.25,7.29,0.85,1.56,27.23,2.13,9345193997.0,9325774444.0,0.0,-0.14,-3.27,-28.39
1687,605028,世茂能源,25.12,1.37,0.34,12634.0,31486286.0,3.47,25.28,24.42,24.8,24.78,0.93,0.79,448.07,3.14,4019200000.0,4019200000.0,0.0,0.16,11.89,-13.2
1688,601900,南方传媒,12.62,1.37,0.17,157267.0,197622380.0,3.45,12.75,12.32,12.32,12.45,0.73,1.78,11.72,1.26,11130462586.0,11130462586.0,0.0,0.0,12.98,-1.79
1689,300557,理工光科,27.34,1.37,0.37,23356.0,64172960.56,3.04,27.9,27.08,27.52,26.97,0.7,1.5,90.17,4.24,4295886109.0,4269206370.0,0.04,0.29,-6.24,1.3
1690,301033,迈普医学,54.89,1.37,0.74,6972.0,38136364.0,2.22,55.2,54.0,54.25,54.15,0.85,1.24,32.54,4.53,3682169897.0,3095068653.0,0.11,0.22,14.02,-17.83
1691,688165,埃夫特-U,15.58,1.37,0.21,46040.0,71919786.0,3.12,15.81,15.33,15.37,15.37,0.94,0.88,-71.4,6.99,8129332400.0,8129332400.0,-0.38,0.0,-20.55,-34.43
1692,688790,昂瑞微-UW,107.42,1.36,1.44,6433.0,69259355.0,2.71,108.88,106.01,106.01,105.98,0.73,5.08,34.26,3.64,10691693925.0,1361631536.0,0.06,0.01,-11.88,-27.31
1693,002238,天威视讯,6.7,1.36,0.09,62396.0,41439489.56,2.12,6.72,6.58,6.58,6.61,0.84,0.78,-59.41,2.79,5377146372.0,5377146372.0,0.3,0.0,11.67,-17.59
1694,000032,深桑达Ａ,14.18,1.36,0.19,239689.0,338175062.75,2.5,14.27,13.92,14.08,13.99,0.88,1.97,-41.34,2.38,17231242630.0,17231242630.0,-0.14,-0.07,-25.05,-26.64
1695,002269,美邦服饰,1.49,1.36,0.02,402246.0,59836012.0,2.72,1.5,1.46,1.47,1.47,0.91,1.72,-44.27,21.49,3743625000.0,3492156322.0,-0.67,-0.67,-1.32,-21.16
1696,301155,海力风电,37.61,1.35,0.5,27045.0,101442049.0,2.48,37.88,36.96,37.06,37.11,1.12,2.17,-43.75,1.45,8176093488.0,4683872149.0,-0.03,-0.03,-18.93,-53.44
1697,688050,爱博医疗,39.86,1.35,0.53,18417.0,73236003.0,2.11,40.07,39.24,39.49,39.33,0.9,0.95,21.11,2.67,7710428117.0,7710428117.0,-0.23,-0.3,-0.55,-33.94
1698,600136,ST明诚,1.5,1.35,0.02,106985.0,15988116.0,2.7,1.51,1.47,1.48,1.48,1.1,0.55,-1980.29,13.45,3061238897.0,2914634241.0,0.0,0.0,2.04,-11.24
1699,002316,亚联发展,4.5,1.35,0.06,98241.0,43953888.06,2.93,4.53,4.4,4.42,4.44,0.81,2.88,1985.81,22.88,1769040000.0,1533307500.0,-0.22,-0.22,-2.39,-4.86
1700,600796,钱江生化,5.26,1.35,0.07,49942.0,26147326.0,2.12,5.27,5.16,5.2,5.19,0.97,1.6,29.31,1.31,4558241129.0,1638373696.0,-0.19,-0.19,3.14,-12.77
1701,600984,建设机械,3.76,1.35,0.05,365301.0,136243230.0,3.77,3.79,3.65,3.7,3.71,0.68,2.91,-4.73,3.02,4726485158.0,4726485158.0,0.27,0.27,-10.69,-8.07
1702,600508,上海能源,11.37,1.34,0.15,416842.0,470399058.0,3.83,11.48,11.05,11.32,11.22,0.5,4.12,20.29,0.9,11504225124.0,11504225124.0,0.0,0.09,23.05,37.65
1703,600082,ST海泰,3.03,1.34,0.04,45828.0,13754905.0,2.34,3.03,2.96,2.97,2.99,0.84,0.72,-33.16,1.17,1957730953.0,1922036298.0,0.33,0.33,-0.66,-25.37
1704,000550,江铃汽车,17.42,1.34,0.23,45044.0,78275618.41,2.04,17.47,17.12,17.15,17.19,0.89,0.87,10.18,1.26,15037187880.0,9031628247.0,0.0,-0.06,3.32,-3.49
1705,002046,国机精工,51.61,1.34,0.68,86065.0,442766568.87,4.5,52.5,50.21,51.0,50.93,0.91,1.62,282.11,6.4,27672809975.0,27356183038.0,-0.04,-0.06,-12.51,20.08
1706,301502,华阳智能,50.55,1.34,0.67,5938.0,30054061.0,3.55,51.26,49.49,50.4,49.88,0.6,2.51,82.19,3.47,2885570925.0,1196557676.0,0.04,-0.3,-36.13,13.8
1707,920100,三协电机,33.19,1.34,0.44,34591.0,116310063.09,8.09,34.75,32.1,33.5,32.75,1.5,12.63,67.99,7.39,3429622934.0,909346026.0,-0.03,-0.33,-20.58,-36.67
1708,300909,汇创达,56.5,1.33,0.74,28507.0,160403852.95,3.73,57.17,55.09,55.59,55.76,0.68,2.21,182.46,4.86,9772973314.0,7296368868.0,0.04,0.36,20.99,17.46
1709,002357,富临运业,11.45,1.33,0.15,56635.0,64296856.0,2.39,11.45,11.18,11.31,11.3,0.84,1.81,5.67,1.78,3589449462.0,3589320650.0,0.09,0.09,21.94,7.31
1710,300931,通用电梯,15.29,1.33,0.2,73080.0,112339674.0,3.84,15.65,15.07,15.15,15.09,1.3,3.74,-106.22,6.29,3718084590.0,2988069702.0,0.13,0.0,8.83,38.12
1711,002791,坚朗五金,15.24,1.33,0.2,27207.0,41311838.37,2.59,15.34,14.95,15.19,15.04,0.63,1.28,-41.99,1.01,5393207598.0,3235925766.0,-0.07,-0.13,5.69,-28.15
1712,001257,盛龙股份,24.33,1.33,0.32,63312.0,152859238.9,1.96,24.34,23.87,24.0,24.01,0.73,4.62,31.67,5.8,44668683378.0,3331944548.0,0.0,0.21,-11.82,217.21
1713,600691,潞化科技,3.05,1.33,0.04,941168.0,283910249.0,4.65,3.06,2.92,2.96,3.01,0.55,3.96,78.95,2.26,7246744954.0,7245537154.0,0.0,0.33,15.09,10.51
1714,002605,姚记科技,17.59,1.32,0.23,59100.0,103897131.72,2.02,17.71,17.36,17.36,17.36,0.91,1.75,17.0,2.0,7348526139.0,5953026954.0,-0.06,-0.06,-5.23,-22.85
1715,603103,横店影视,16.16,1.32,0.21,64472.0,103831926.0,2.88,16.27,15.81,15.96,15.95,0.75,1.02,-83.16,8.71,10248672000.0,10248672000.0,0.06,0.06,-14.13,-2.53
1716,603527,众源新材,9.97,1.32,0.13,43626.0,43468377.0,2.24,10.04,9.82,9.88,9.84,0.74,1.38,25.29,1.5,3160202864.0,3160202864.0,0.2,-0.1,-26.31,-9.28
1717,603722,阿科力,29.88,1.32,0.39,9440.0,28134088.0,2.68,30.06,29.27,29.79,29.49,0.7,0.98,-68.73,3.31,2919877215.0,2877626895.0,0.0,0.13,-25.23,-24.3
1718,300853,申昊科技,28.3,1.32,0.37,31909.0,91087961.0,5.19,28.99,27.54,28.18,27.93,0.86,3.25,-34.69,8.57,4158659530.0,2782288379.0,-0.21,0.07,-25.7,36.58
1719,605286,同力天启,26.13,1.32,0.34,43148.0,111644065.0,4.11,26.45,25.39,25.79,25.79,0.72,2.57,112.06,2.03,4389840000.0,4389840000.0,0.0,0.0,-10.82,-35.56
1720,300695,兆丰股份,49.25,1.32,0.64,8510.0,41938431.1,2.98,49.8,48.35,48.55,48.61,0.51,0.83,175.63,1.74,5036153507.0,5036153507.0,-0.04,-0.2,-13.7,-50.71
1721,600470,六国化工,6.13,1.32,0.08,186823.0,114134564.0,2.98,6.18,6.0,6.06,6.05,0.48,3.58,-9.37,2.21,3197408000.0,3197408000.0,0.16,0.33,2.34,2.51
1722,000931,中 关 村,4.59,1.32,0.06,256326.0,117190873.48,1.99,4.6,4.51,4.54,4.53,0.42,3.41,-58.01,2.17,3456852847.0,3447225552.0,0.0,0.22,12.5,-5.36
1723,300710,万隆光电,31.57,1.32,0.41,28404.0,88941350.2,2.86,31.7,30.81,31.27,31.16,0.73,3.81,-116.0,7.32,3140908771.0,2354491010.0,0.19,0.35,-15.59,1.35
1724,601010,ST文峰,1.53,1.32,0.02,115674.0,17645148.0,2.65,1.54,1.5,1.51,1.51,0.5,0.64,125.44,0.68,2767305186.0,2767305186.0,0.0,0.66,-3.77,-43.96
1725,000812,陕西金叶,3.88,1.31,0.05,474732.0,183194673.92,8.62,4.01,3.68,3.76,3.83,2.02,6.28,65.23,1.95,2934565006.0,2933783162.0,-0.51,-0.51,10.23,-18.83
1726,600098,广州发展,6.19,1.31,0.08,234202.0,144585148.0,1.64,6.21,6.11,6.13,6.11,0.73,0.67,11.47,0.8,21701304232.0,21701304232.0,0.0,-0.16,-8.16,-1.59
1727,688386,泛亚微透,48.63,1.31,0.63,23424.0,113611896.0,3.1,49.04,47.55,47.55,48.0,0.57,2.35,77.76,3.24,4843983628.0,4843983628.0,-0.12,0.06,-41.04,-44.26
1728,603506,南都物业,11.62,1.31,0.15,41741.0,48562734.0,3.66,11.77,11.35,11.35,11.47,0.49,2.22,9.43,1.72,2181977792.0,2181977792.0,-0.17,-0.34,11.52,-9.57
1729,002167,东方锆业,15.44,1.31,0.2,305373.0,468341996.4,3.15,15.53,15.05,15.3,15.24,0.75,4.01,74.51,6.52,11960955752.0,11768317403.0,-0.06,0.06,8.73,25.02
1730,301077,星华新材,21.64,1.31,0.28,19571.0,42281835.62,2.34,21.8,21.3,21.47,21.36,0.68,2.05,27.31,3.11,3684160596.0,2068165183.0,0.23,-0.05,-7.4,-15.4
1731,002556,辉隆股份,5.42,1.31,0.07,149519.0,81047109.44,2.62,5.46,5.32,5.33,5.35,0.73,1.6,22.5,1.4,5067379418.0,5062502236.0,0.0,0.0,4.63,-8.75
1732,002105,信隆健康,6.25,1.3,0.08,60040.0,37517164.0,2.43,6.3,6.15,6.17,6.17,0.93,1.65,142.45,2.83,2289012188.0,2277949844.0,0.0,-0.16,12.82,-14.62
1733,603360,百傲化学,13.2,1.3,0.17,76094.0,100728620.0,2.92,13.38,13.0,13.02,13.03,0.76,1.08,72.36,6.64,9322152233.0,9322152233.0,-0.38,-0.3,-29.9,-59.03
1734,605499,东鹏饮料,121.98,1.3,1.57,39944.0,480008687.0,2.77,122.15,118.81,120.5,120.41,0.73,0.59,15.62,4.6,89557631834.0,82460541462.0,-0.01,0.09,-7.48,-40.14
1735,688639,华恒生物,17.93,1.3,0.23,56060.0,100962179.0,3.56,18.29,17.66,17.7,17.7,1.08,2.24,22.23,1.66,4484574375.0,4484574375.0,0.0,0.0,-15.42,-44.69
1736,301498,乖宝宠物,39.79,1.3,0.51,42233.0,167146508.44,2.37,39.95,39.02,39.02,39.28,1.08,2.23,41.79,3.4,15934814304.0,7542073220.0,0.03,0.03,-4.69,-38.69
1737,000882,华联股份,1.56,1.3,0.02,528348.0,82233083.4,2.6,1.57,1.53,1.54,1.54,0.94,1.93,-8.4,0.67,4270269037.0,4267592380.0,0.0,0.0,9.09,-24.27
1738,002264,新 华 都,7.01,1.3,0.09,227349.0,158219131.0,2.6,7.03,6.85,6.85,6.92,1.04,3.49,17.81,2.41,5045877213.0,4562864183.0,0.14,0.0,11.09,-19.7
1739,300930,屹通新材,25.7,1.3,0.33,9565.0,24548040.94,2.4,25.83,25.22,25.45,25.37,0.79,2.03,39.77,2.71,2570000000.0,1211112526.0,0.39,0.43,-21.29,-13.18
1740,300424,航新科技,14.04,1.3,0.18,64412.0,89843685.78,3.97,14.15,13.6,13.86,13.86,0.6,2.51,-106.7,4.33,3603012655.0,3600978512.0,0.07,0.07,-23.07,-23.32
1741,600773,西藏城投,10.88,1.3,0.14,193339.0,208661178.0,4.38,10.98,10.51,10.66,10.74,0.56,2.03,-75.27,2.46,10353265091.0,10353265091.0,-0.09,-0.09,-29.99,-12.19
1742,300528,幸福蓝海,14.12,1.29,0.18,276369.0,384988744.2,4.88,14.25,13.57,13.85,13.94,1.2,7.42,-57.53,15.37,5261225722.0,5261225722.0,0.0,0.28,-0.63,-32.08
1743,000923,河钢资源,16.52,1.29,0.21,123784.0,206457336.64,4.23,16.96,16.27,16.43,16.31,0.82,1.97,-41.77,1.11,10783082436.0,10372930368.0,-0.06,-0.06,19.45,-19.69
1744,002150,正泰电源,21.16,1.29,0.27,83365.0,177618194.61,5.03,21.68,20.63,20.94,20.89,1.03,2.33,55.89,3.52,7635983871.0,7585955157.0,0.0,-0.09,-14.88,5.8
1745,603444,吉比特,405.07,1.29,5.17,26209.0,1060716161.0,2.18,408.5,399.8,407.13,399.9,1.36,3.64,13.37,4.82,29181688782.0,29181688782.0,0.01,-0.03,19.63,-2.83
1746,603898,好莱客,11.76,1.29,0.15,20083.0,23589587.0,2.84,11.88,11.55,11.61,11.61,0.49,0.67,-51.41,1.18,3530698708.0,3530698708.0,0.0,0.17,-7.47,-11.38
1747,603043,广州酒家,14.1,1.29,0.18,52744.0,74297405.0,2.16,14.17,13.87,13.92,13.92,1.29,0.94,129.34,2.13,7975501017.0,7930578417.0,-0.07,-0.28,-0.49,-18.17
1748,300787,海能实业,10.23,1.29,0.13,39887.0,40768476.68,3.17,10.38,10.06,10.15,10.1,0.9,2.03,-94.32,2.32,3206419795.0,2010529183.0,0.0,0.2,12.67,-11.43
1749,603863,松炀资源,12.57,1.29,0.16,34894.0,43974096.0,2.9,12.72,12.36,12.5,12.41,0.98,1.71,-43.99,11.8,2572450500.0,2572450500.0,-0.24,-0.08,-19.06,-36.99
1750,301156,美农生物,12.59,1.29,0.16,62987.0,79105290.9,3.78,12.78,12.31,12.47,12.43,0.74,5.32,64.17,3.15,2317907218.0,1489303771.0,0.08,0.08,-0.32,-4.91
1751,300244,迪安诊断,18.01,1.29,0.23,204883.0,365541233.71,2.36,18.07,17.65,17.8,17.78,0.89,4.09,24.22,1.74,11255879642.0,9031096688.0,-0.06,0.06,-7.4,16.12
1752,002767,先锋电子,18.31,1.27,0.23,13355.0,24375323.0,2.38,18.38,17.95,18.07,18.08,0.68,1.03,102.38,3.15,2746500000.0,2385497678.0,0.16,0.05,-0.16,-19.97
1753,688353,华盛锂电,82.88,1.27,1.04,30297.0,250518148.0,3.05,83.5,81.0,81.8,81.84,0.88,1.9,29.66,3.62,13219360000.0,13219360000.0,0.01,0.05,-11.9,-27.11
1754,301336,趣睡科技,42.99,1.27,0.54,14717.0,63082420.86,3.51,43.75,42.26,42.73,42.45,1.06,3.66,101.28,2.67,2231376175.0,1726733159.0,0.02,-0.09,15.16,8.53
1755,002053,云南能投,9.55,1.27,0.12,63369.0,60461428.68,1.91,9.61,9.43,9.52,9.43,1.19,0.69,14.31,1.15,8792966381.0,8792883296.0,-0.1,0.0,-10.08,-16.15
1756,603706,东方环宇,17.59,1.27,0.22,11529.0,20166416.0,1.15,17.59,17.39,17.44,17.37,0.63,0.61,13.58,1.96,3331241939.0,3331241939.0,0.0,0.0,-12.96,-4.92
1757,920078,族兴新材,19.98,1.27,0.25,14955.0,29442365.64,3.04,20.0,19.4,19.6,19.73,0.5,3.84,50.53,2.42,2397600000.0,778976244.0,0.1,0.3,-27.84,190.41
1758,002517,恺英网络,17.63,1.26,0.22,826420.0,1459034484.67,2.81,17.9,17.41,17.5,17.41,1.25,4.4,13.19,3.59,37665494215.0,33131030695.0,0.0,0.06,19.69,-19.02
1759,600966,博汇纸业,4.83,1.26,0.06,113501.0,54579906.0,3.14,4.88,4.73,4.79,4.77,0.65,0.85,41.89,0.86,6456957911.0,6456957911.0,0.0,0.21,-10.06,-29.07
1760,002765,蓝黛科技,7.24,1.26,0.09,103500.0,74562295.45,2.1,7.26,7.11,7.12,7.15,0.54,1.74,-326.8,1.81,4721407372.0,4314376744.0,0.14,0.0,-6.82,-45.65
1761,688805,健信超导,41.91,1.26,0.52,10335.0,42966355.0,2.63,42.05,40.96,41.49,41.39,0.6,3.08,71.28,5.75,7027468800.0,1405493760.0,0.0,0.0,-12.38,0.17
1762,300121,阳谷华泰,9.66,1.26,0.12,69663.0,67085897.98,1.99,9.7,9.51,9.6,9.54,0.77,1.62,36.02,1.21,4301011860.0,4148081029.0,0.1,0.21,-24.12,-22.97
1763,002338,奥普光电,41.06,1.26,0.51,28840.0,118297978.24,2.32,41.46,40.52,40.77,40.55,0.76,1.2,81.72,5.1,9854400000.0,9854400000.0,-0.17,-0.02,-22.44,-29.6
1764,688311,盟升电子,23.28,1.26,0.29,32031.0,74171954.0,2.61,23.4,22.8,22.98,22.99,1.12,1.83,-38.53,2.32,4076490750.0,4076490750.0,0.0,0.17,-13.1,-48.95
1765,301499,维科精密,24.93,1.26,0.31,11220.0,28006775.0,3.98,25.22,24.24,24.62,24.62,0.82,0.81,70.56,2.64,3446693809.0,3446693809.0,0.08,-0.04,-21.7,-15.09
1766,002445,中南文化,3.22,1.26,0.04,671976.0,214933911.08,2.2,3.23,3.16,3.19,3.18,0.56,2.84,125.1,3.34,7652676250.0,7619338598.0,0.0,0.0,1.9,23.85
1767,688265,南模生物,38.72,1.26,0.48,10844.0,41902269.0,2.93,39.19,38.07,38.07,38.24,0.46,1.39,166.29,1.76,3018747223.0,3018747223.0,-0.08,0.05,21.34,-5.31
1768,688373,盟科药业-U,5.62,1.26,0.07,107678.0,59989621.0,2.7,5.66,5.51,5.56,5.55,0.47,1.64,-49.09,22.63,3688003496.0,3688003496.0,-0.35,-0.35,21.91,-6.95
1769,000886,海南高速,4.84,1.26,0.06,143542.0,69191757.83,2.09,4.86,4.76,4.79,4.78,0.89,1.47,36.48,1.47,4785928972.0,4732730586.0,0.21,0.21,10.76,-29.45
1770,301175,中科环保,5.67,1.25,0.07,158770.0,90041267.0,1.61,5.71,5.62,5.69,5.6,1.13,2.55,18.32,2.2,8345559600.0,3526059600.0,-0.18,0.0,7.59,-2.41
1771,688389,普门科技,11.32,1.25,0.14,16447.0,18608065.0,1.79,11.37,11.17,11.2,11.18,0.9,0.38,30.59,2.33,4850458464.0,4850458464.0,0.0,-0.09,4.52,-10.87
1772,301328,维峰电子,51.95,1.25,0.64,24411.0,127146863.65,3.8,52.85,50.9,51.09,51.31,0.92,2.12,78.56,4.19,8278009686.0,5982773177.0,0.13,-0.1,1.5,59.99
1773,002188,中天服务,5.65,1.25,0.07,85847.0,48523622.0,2.33,5.69,5.56,5.57,5.58,0.71,3.34,63.24,5.01,1848136832.0,1454100990.0,0.0,-0.35,-0.7,-7.07
1774,002494,华斯股份,4.86,1.25,0.06,99082.0,48097242.0,3.13,4.92,4.77,4.8,4.8,0.98,3.46,-127.57,1.47,1833730089.0,1393704329.0,0.0,-0.41,-3.95,-9.83
1775,000725,京东方Ａ,5.68,1.25,0.07,9175169.0,5189110528.37,1.96,5.72,5.61,5.66,5.61,0.92,2.59,20.05,1.58,210411783404.0,200885321785.0,0.18,0.18,3.09,36.87
1776,300436,广生堂,90.87,1.25,1.12,28693.0,261298563.82,3.91,93.5,89.99,92.9,89.75,1.09,2.1,-112.04,16.61,15268557968.0,12424061628.0,-0.03,-0.1,4.44,1.93
1777,301348,蓝箭电子,21.29,1.24,0.26,54666.0,116761382.6,1.85,21.52,21.13,21.18,21.03,0.94,2.83,859.33,3.45,5109600000.0,4119158989.0,-0.09,-0.05,-29.08,5.45
1778,600551,时代出版,8.15,1.24,0.1,628500.0,511750218.0,5.71,8.4,7.94,8.04,8.05,0.76,9.27,13.69,0.92,5526150198.0,5526150198.0,-0.12,-0.61,12.88,2.9
1779,002813,路畅科技,21.99,1.24,0.27,14335.0,31300257.0,1.7,22.05,21.68,21.78,21.72,0.97,1.2,-59.92,13.02,2638800000.0,2636426311.0,-0.09,0.0,5.22,-24.25
1780,002589,瑞康医药,3.26,1.24,0.04,653085.0,212394042.31,2.17,3.28,3.21,3.22,3.22,0.56,4.78,220.26,0.92,4905356135.0,4451828446.0,0.0,0.31,20.3,1.24
1781,300625,三雄极光,9.76,1.24,0.12,15257.0,14837884.29,1.76,9.77,9.6,9.69,9.64,0.92,0.94,-27.14,1.49,2726270560.0,1580844339.0,0.41,0.31,-2.01,-15.86
1782,603557,*ST起步,3.27,1.24,0.04,80179.0,26239107.0,6.19,3.33,3.13,3.23,3.23,1.04,1.29,-23.87,48.02,2038638624.0,2038638624.0,0.0,0.0,-27.01,29.25
1783,002495,佳隆股份,2.45,1.24,0.03,224556.0,55058083.0,2.89,2.47,2.4,2.41,2.42,1.1,3.24,161.41,2.08,2292282720.0,1700099607.0,-0.41,-0.41,5.6,-7.55
1784,002190,成飞集成,26.09,1.24,0.32,93850.0,242736933.72,3.69,26.35,25.4,25.9,25.77,0.51,2.62,-79.44,2.68,9359248559.0,9359248559.0,-0.04,0.04,-3.62,-29.64
1785,300990,同飞股份,97.6,1.24,1.2,110348.0,1071701737.42,5.58,99.5,94.12,96.34,96.4,0.92,13.32,65.3,7.63,16710739184.0,8086166930.0,-0.39,0.05,19.0,8.87
1786,600410,华胜天成,14.7,1.24,0.18,614586.0,893355238.0,3.86,14.74,14.18,14.55,14.52,0.65,5.61,-32.89,3.87,16118471840.0,16118471840.0,0.0,0.2,-15.71,-17.74
1787,002826,易明医药,17.93,1.24,0.22,35925.0,64207539.51,1.86,18.0,17.67,17.83,17.71,0.7,1.94,25.64,3.96,3418852058.0,3312196546.0,-0.06,0.0,16.81,-1.65
1788,300320,海达股份,8.23,1.23,0.1,38662.0,31652939.7,1.48,8.23,8.11,8.16,8.13,0.88,0.79,18.7,1.87,4948157392.0,4004212851.0,0.0,0.12,0.73,-11.51
1789,002524,光正眼科,4.11,1.23,0.05,125653.0,51176978.0,2.46,4.12,4.02,4.04,4.06,1.08,2.47,59.58,18.82,2118012769.0,2093134939.0,0.0,0.24,12.6,-0.24
1790,603385,惠达卫浴,5.75,1.23,0.07,35741.0,20593821.0,2.99,5.84,5.67,5.71,5.68,0.58,0.94,-13.64,0.63,2188823566.0,2188823566.0,-0.17,-0.35,5.12,-15.94
1791,920971,天马新材,27.07,1.23,0.33,31723.0,85986430.79,2.73,27.48,26.75,27.32,26.74,0.66,3.7,113.33,6.13,2814413814.0,2319974850.0,-0.04,0.04,-20.05,-11.25
1792,002427,尤夫股份,4.98,1.22,0.06,171508.0,85087396.32,2.03,5.0,4.9,4.94,4.92,0.48,1.74,308.71,5.04,4907455229.0,4902899570.0,0.0,0.2,12.42,-25.78
1793,920896,旺成科技,13.3,1.22,0.16,9172.0,12090155.59,4.72,13.54,12.92,13.29,13.14,0.65,2.07,24.15,3.04,1346282392.0,590544073.0,1.14,1.14,-5.34,-36.55
1794,688726,拉普拉斯,44.06,1.22,0.53,38398.0,169246985.0,3.22,44.58,43.18,43.67,43.53,0.78,1.75,28.23,4.16,17858671887.0,9689872324.0,0.0,-0.02,-27.88,23.45
1795,603135,中重科技,9.12,1.22,0.11,65388.0,59620407.0,2.0,9.18,9.0,9.02,9.01,0.79,1.04,77.23,1.94,5784424570.0,5741387290.0,0.11,0.33,-24.13,-0.98
1796,600880,博瑞传播,4.16,1.22,0.05,198105.0,82229231.0,2.19,4.18,4.09,4.14,4.11,0.94,1.81,-40.79,1.55,4548261503.0,4547005528.0,0.0,0.0,1.46,-15.79
1797,002283,天润工业,8.27,1.22,0.1,133775.0,110008603.86,3.06,8.33,8.08,8.2,8.17,0.61,1.33,17.43,1.55,9423310862.0,8345286210.0,0.12,0.0,-11.65,37.38
1798,002243,力合科创,7.47,1.22,0.09,91812.0,68247169.7,2.17,7.51,7.35,7.38,7.38,0.83,0.76,35.32,1.23,9043213516.0,8980140041.0,0.0,0.13,6.56,-24.55
1799,002378,章源钨业,23.99,1.22,0.29,134237.0,321014760.72,2.62,24.1,23.48,23.62,23.7,0.63,1.12,20.96,9.99,28822009807.0,28689591725.0,0.04,0.04,-30.5,70.63
1800,300616,尚品宅配,10.86,1.21,0.13,49062.0,53086713.0,2.8,10.96,10.66,10.94,10.73,1.05,3.16,-5.24,0.9,2438243543.0,1685483859.0,0.18,0.84,-18.22,-20.96
1801,002159,三特索道,14.21,1.21,0.17,36336.0,51516208.06,2.71,14.34,13.96,13.99,14.04,0.75,2.62,23.38,1.72,2519451828.0,1967897613.0,-0.07,0.0,2.9,-5.58
1802,301141,中科磁业,39.4,1.21,0.47,10465.0,41109426.47,2.29,39.49,38.6,38.8,38.93,0.59,2.35,296.8,3.88,4886884637.0,1753796637.0,0.03,0.05,-18.76,-24.26
1803,601727,上海电气,6.71,1.21,0.08,549628.0,366496086.0,1.36,6.72,6.63,6.7,6.63,1.14,0.44,53.75,1.88,104274216178.0,84650941958.0,0.0,0.3,-7.45,-21.98
1804,603933,睿能科技,19.23,1.21,0.23,22787.0,43856565.0,2.89,19.37,18.82,19.25,19.0,0.82,1.1,30.37,2.95,3991082177.0,3991082177.0,0.0,-0.1,-13.18,-26.04
1805,002256,兆新股份,3.34,1.21,0.04,317451.0,106255355.45,3.03,3.38,3.28,3.29,3.3,0.95,1.58,924.82,5.01,6815724658.0,6727918733.0,-0.3,0.0,-19.71,-4.3
1806,001378,德冠新材,20.11,1.21,0.24,20935.0,41960864.2,2.82,20.27,19.71,19.88,19.87,0.8,2.48,28.6,1.86,3485740305.0,1696095720.0,-0.05,-0.2,-3.32,13.04
1807,002634,*ST棒杰,4.23,1.2,0.05,43311.0,18172607.2,3.11,4.25,4.12,4.14,4.18,0.99,0.97,-3.46,-5.52,1943061130.0,1888747613.0,0.0,0.24,-10.19,-25.13
1808,301115,联检科技,29.55,1.2,0.35,38592.0,114746575.75,3.94,30.26,29.11,29.47,29.2,0.66,2.59,-86.42,2.19,5379792624.0,4408923533.0,0.17,0.0,-2.96,88.34
1809,300013,新宁物流,4.2,1.2,0.05,144385.0,60614407.0,2.89,4.25,4.13,4.15,4.15,0.91,2.59,70.63,12.27,2345107355.0,2342438204.0,0.48,0.0,3.19,6.6
1810,002578,闽发铝业,4.23,1.2,0.05,285410.0,119955492.0,4.07,4.28,4.11,4.18,4.18,0.63,3.31,-816.8,2.66,3970405674.0,3642717633.0,0.24,0.0,15.89,-5.79
1811,301584,建发致新,21.06,1.2,0.25,12079.0,25327752.64,2.07,21.14,20.71,20.8,20.81,0.79,2.25,29.98,4.07,8872336000.0,1131222842.0,-0.05,-0.05,-1.73,-27.43
1812,603092,德力佳,42.18,1.2,0.5,10660.0,44602068.0,2.59,42.3,41.22,41.77,41.68,0.92,3.08,20.49,2.96,16872004218.0,1458232366.0,0.05,0.07,-28.16,-31.82
1813,688466,金科环境,14.36,1.2,0.17,9268.0,13290064.0,2.26,14.44,14.12,14.12,14.19,0.8,0.76,67.34,1.55,1754133623.0,1754133623.0,-0.35,-0.42,-2.31,-10.14
1814,000615,*ST美谷,3.36,1.2,0.04,86731.0,29181755.9,2.41,3.4,3.32,3.32,3.32,1.93,0.94,-13.43,3.65,6005975448.0,3108902009.0,0.3,0.0,-0.3,-3.72
1815,688426,康为世纪,21.25,1.19,0.25,14433.0,30579897.0,3.9,21.57,20.75,21.23,21.0,0.8,1.29,-33.97,1.81,2390491465.0,2384835820.0,-0.42,-0.14,25.89,-10.83
1816,603779,威龙股份,8.48,1.19,0.1,102872.0,86716669.0,2.27,8.49,8.3,8.4,8.38,0.69,3.1,-117.7,5.84,2816061754.0,2816061754.0,0.12,0.0,5.6,31.68
1817,000559,万向钱潮,11.04,1.19,0.13,337440.0,372653856.02,3.85,11.18,10.76,10.9,10.91,1.15,1.02,33.08,4.43,36601557222.0,36589437731.0,-0.09,0.09,-17.8,-35.06
1818,000062,深圳华强,24.05,1.18,0.28,249800.0,601114790.04,1.81,24.2,23.77,23.98,23.77,0.6,2.39,32.13,3.65,25154119194.0,25126523166.0,0.08,0.08,-16.41,-1.92
1819,600128,苏豪弘业,8.6,1.18,0.1,37403.0,32084912.0,2.12,8.65,8.47,8.51,8.5,0.66,1.52,49.54,1.02,2164608820.0,2122200500.0,0.23,-0.12,0.0,-20.74
1820,301019,宁波色母,15.47,1.18,0.18,8285.0,12735751.2,1.9,15.47,15.18,15.31,15.29,0.61,0.57,25.97,2.88,3062380387.0,2245418799.0,0.45,0.45,-4.62,-16.42
1821,688529,豪森智能,15.46,1.18,0.18,12014.0,18580946.0,2.95,15.6,15.15,15.15,15.28,0.85,0.71,-3.06,3.92,2600000233.0,2600000233.0,-0.58,-0.32,-9.43,-16.16
1822,601279,英利汽车,3.43,1.18,0.04,106060.0,36243685.0,2.65,3.46,3.37,3.4,3.39,1.11,0.67,-33.64,1.33,5439245929.0,5439245929.0,-0.29,-0.29,0.29,-34.04
1823,605336,*ST帅电,11.99,1.18,0.14,18027.0,21463509.0,4.05,12.13,11.65,11.66,11.85,1.05,0.98,-110.58,1.22,2199115276.0,2199115276.0,0.0,0.08,-24.69,-23.82
1824,600255,鑫科材料,3.44,1.18,0.04,556743.0,190491758.0,2.65,3.45,3.36,3.39,3.4,0.56,3.08,72.9,4.14,6213145525.0,6213145525.0,0.0,0.29,-17.11,-10.65
1825,000637,茂化实华,4.28,1.18,0.05,74255.0,31831907.43,1.89,4.32,4.24,4.25,4.23,0.79,2.04,-33.91,4.69,2225066524.0,1560442225.0,-0.7,-0.7,6.2,-0.47
1826,300434,金石亚药,11.12,1.18,0.13,88230.0,97837549.0,1.64,11.17,10.99,11.0,10.99,0.69,2.57,23.4,1.71,4467391857.0,3818199184.0,-0.09,0.09,22.06,9.02
1827,688707,振华新材,10.41,1.17,0.12,57278.0,59282829.0,2.62,10.47,10.2,10.35,10.29,0.96,1.13,-15.19,1.39,5295985534.0,5295985534.0,0.29,0.58,-23.23,-24.84
1828,001358,兴欣新材,24.17,1.17,0.28,14766.0,35495874.74,4.27,24.4,23.38,23.9,23.89,0.99,2.9,39.39,2.06,2977744000.0,1232097364.0,0.0,-0.04,-1.55,-5.44
1829,600488,津药药业,5.21,1.17,0.06,234685.0,121838999.0,1.75,5.21,5.12,5.18,5.15,0.53,2.15,65.88,1.88,5688729603.0,5688729603.0,0.0,0.19,10.62,28.96
1830,300786,国林科技,14.64,1.17,0.17,58460.0,85884356.0,2.83,14.86,14.45,14.47,14.47,0.91,3.98,-144.71,2.44,2693992469.0,2147798078.0,-0.14,-0.27,-29.48,-10.13
1831,000925,众合科技,8.63,1.17,0.1,261062.0,224340834.36,1.76,8.66,8.51,8.57,8.53,0.48,3.89,-179.38,1.8,5837071875.0,5792046446.0,0.0,0.23,7.61,-3.79
1832,600202,哈空调,5.17,1.17,0.06,49397.0,25427126.0,2.54,5.21,5.08,5.13,5.11,0.9,1.29,-18.86,2.51,1981871274.0,1981871274.0,0.39,0.0,1.77,-11.93
1833,000605,渤海股份,6.05,1.17,0.07,39075.0,23666184.0,3.01,6.11,5.93,6.02,5.98,0.94,1.11,74.39,1.01,2133584530.0,2133584530.0,-0.17,0.0,-0.82,-9.7
1834,002828,贝肯能源,12.07,1.17,0.14,131458.0,159353524.0,3.6,12.34,11.91,11.99,11.93,0.73,6.54,-9.76,4.02,2425920332.0,2425920332.0,-0.25,-0.17,32.93,13.23
1835,300363,博腾股份,19.9,1.17,0.23,234190.0,455666669.49,4.83,19.9,18.95,19.32,19.67,1.18,4.69,-24.12,2.18,10814499302.0,9927242062.0,0.0,0.15,40.34,-14.04
1836,603344,星德胜,24.44,1.16,0.28,20345.0,49682774.0,2.81,24.8,24.12,24.19,24.16,0.54,3.77,34.97,2.18,4754337151.0,1320517151.0,-0.08,0.04,-14.93,-34.58
1837,300134,大富科技,8.71,1.16,0.1,95435.0,82893922.79,1.97,8.75,8.58,8.65,8.61,0.79,1.24,-29.56,1.86,6684907632.0,6684907632.0,0.11,-0.11,-9.74,-30.32
1838,002385,大北农,3.5,1.16,0.04,1942276.0,679692468.52,3.47,3.58,3.46,3.49,3.46,0.93,5.64,-11.07,2.18,14981301878.0,12053617825.0,0.29,0.29,16.28,-12.5
1839,300521,爱司凯,25.25,1.16,0.29,25343.0,64524697.31,2.8,25.8,25.1,25.43,24.96,0.56,1.72,-117.64,7.24,3780682500.0,3730182500.0,0.0,0.0,-11.84,-11.4
1840,300940,南极光,14.01,1.16,0.16,22812.0,31879317.94,1.59,14.04,13.82,13.85,13.85,0.51,1.45,225.57,2.66,3119247652.0,2206318225.0,-0.14,0.07,-12.6,-50.77
1841,688385,复旦微电,54.95,1.16,0.63,121388.0,664239269.0,2.85,55.4,53.85,54.83,54.32,0.86,2.25,26.65,6.48,45263372788.0,29639439288.0,-0.13,-0.22,3.66,-25.38
1842,002663,普邦股份,1.75,1.16,0.02,186277.0,32529135.0,2.31,1.76,1.72,1.73,1.73,0.79,1.09,-146.02,1.57,3015860579.0,2987453315.0,0.0,-0.57,3.55,-7.41
1843,300099,尤洛卡,6.09,1.16,0.07,87942.0,53165950.21,2.16,6.1,5.97,6.02,6.02,0.74,1.64,74.42,1.94,4489945403.0,3275393244.0,0.16,0.16,-20.7,-17.59
1844,603229,奥翔药业,7.88,1.16,0.09,47172.0,37006699.0,3.08,7.95,7.71,7.71,7.79,0.72,0.57,27.3,2.74,6542741503.0,6542741503.0,0.0,0.25,-6.86,-20.08
1845,301428,世纪恒通,28.82,1.16,0.33,24480.0,70320613.18,4.42,29.49,28.23,28.49,28.49,0.94,3.52,45.47,2.34,2843573343.0,2006663253.0,0.28,0.38,-24.46,-14.07
1846,002622,皓宸医疗,2.65,1.15,0.03,188442.0,49889449.0,2.67,2.68,2.61,2.62,2.62,0.84,2.24,-79.35,8.53,2226000000.0,2225934413.0,0.0,0.0,12.29,-10.77
1847,603026,石大胜华,61.31,1.15,0.7,49305.0,302688598.0,4.06,62.28,59.82,60.6,60.61,0.98,2.12,15.86,2.64,14266899168.0,14266899168.0,0.02,0.05,-29.0,-18.0
1848,920599,同力股份,18.47,1.15,0.21,33579.0,61796877.72,2.25,18.53,18.12,18.3,18.26,0.93,0.96,10.53,2.32,8542836750.0,6475108171.0,0.05,0.33,8.65,-7.79
1849,002598,ST章鼓,7.06,1.15,0.08,16896.0,11885448.0,1.15,7.07,6.99,7.0,6.98,0.73,0.59,29.04,1.73,2203094025.0,2022901969.0,0.28,-0.14,2.62,-33.33
1850,688811,有研复材,20.29,1.15,0.23,27416.0,55560216.0,1.99,20.41,20.01,20.12,20.06,0.67,2.98,281.81,6.48,10178957445.0,1869238508.0,0.05,0.1,-24.38,218.52
1851,603888,新华网,16.75,1.15,0.19,77026.0,128196869.0,1.81,16.78,16.48,16.62,16.56,0.8,1.04,42.7,3.25,12432050749.0,12432050749.0,0.06,0.12,2.89,-4.45
1852,000953,中哲精化,6.16,1.15,0.07,60612.0,37262556.0,1.81,6.19,6.08,6.09,6.09,1.06,1.66,1423.5,14.59,2255312721.0,2255312721.0,-0.16,-0.48,3.36,-14.68
1853,603928,兴业股份,11.48,1.15,0.13,75294.0,86303244.0,2.56,11.6,11.31,11.38,11.35,0.89,2.21,30.31,2.42,3911281920.0,3911281920.0,0.0,0.35,-0.35,-6.29
1854,300240,飞力达,6.18,1.15,0.07,56534.0,34790996.0,1.96,6.2,6.08,6.13,6.11,0.77,1.56,46.66,1.59,2296259031.0,2245431955.0,0.16,0.16,11.55,-17.82
1855,301066,万事利,13.15,1.15,0.15,55615.0,72777869.0,2.77,13.26,12.9,12.95,13.0,0.77,2.39,78.54,2.41,3089238910.0,3065484197.0,0.15,0.23,-3.59,-33.04
1856,002688,金河生物,5.34,1.14,0.06,125991.0,67256122.0,1.89,5.39,5.29,5.29,5.28,0.71,1.69,17.08,1.74,4471596923.0,3989199565.0,0.19,0.0,6.8,-8.72
1857,002077,大港股份,12.43,1.14,0.14,135273.0,167742602.75,1.46,12.48,12.3,12.37,12.29,0.78,2.33,66.13,2.12,7213732017.0,7213732017.0,0.08,0.08,-21.43,-16.41
1858,000663,永安林业,6.19,1.14,0.07,87230.0,53761394.0,2.94,6.23,6.05,6.18,6.12,0.65,2.85,-53.89,2.29,2084073521.0,1896004403.0,0.16,0.16,8.6,-16.12
1859,601330,绿色动力,8.01,1.14,0.09,213039.0,169256001.0,2.15,8.01,7.84,7.9,7.92,0.66,2.15,12.33,1.39,11457545195.0,7922653762.0,0.13,0.13,-3.73,23.04
1860,688836,宇树科技-W,536.35,1.14,6.05,35381.0,1888163976.0,4.26,542.66,520.08,530.3,530.3,0.85,11.76,395.87,24.66,216934448759.0,16137548622.0,0.04,0.0,255.67,255.67
1861,603789,ST星农,6.2,1.14,0.07,28708.0,17896011.0,2.94,6.31,6.13,6.13,6.13,0.82,1.1,-10.45,28.32,1644330520.0,1612000000.0,0.16,0.32,9.54,16.54
1862,920527,夜光明,15.95,1.14,0.18,18947.0,30283846.08,6.09,16.49,15.53,15.66,15.77,0.81,4.07,31.28,2.43,957681065.0,742588887.0,0.19,0.38,10.38,-10.69
1863,603729,ST龙韵,12.39,1.14,0.14,11624.0,14487822.0,2.86,12.63,12.28,12.3,12.25,0.79,1.26,117.48,4.1,1141925589.0,1141925589.0,0.0,-0.08,3.51,-23.0
1864,001388,信通电子,21.26,1.14,0.24,30257.0,63879734.68,2.09,21.29,20.85,21.02,21.02,0.51,2.42,172.26,3.21,4969865160.0,2660020841.0,-0.09,0.05,8.75,-25.87
1865,301017,漱玉平民,13.3,1.14,0.15,24820.0,32951318.0,1.52,13.34,13.14,13.15,13.15,0.61,0.96,104.64,2.7,5394574763.0,3440644830.0,0.08,0.08,-0.23,-9.59
1866,301349,信德新材,42.71,1.14,0.48,21591.0,91990655.8,2.7,42.97,41.83,42.23,42.23,0.59,2.49,43.21,2.19,6086110081.0,3701813952.0,-0.02,-0.02,-24.1,28.03
1867,601611,中国核建,10.72,1.13,0.12,198415.0,210860240.0,2.17,10.76,10.53,10.65,10.6,0.96,0.66,29.01,1.43,32308302753.0,32308302753.0,-0.09,0.19,0.47,-20.18
1868,603585,苏利股份,10.78,1.13,0.12,36343.0,39042610.0,2.53,10.85,10.58,10.62,10.66,0.46,1.34,27.52,1.07,2968335643.0,2919180999.0,0.28,0.09,0.94,-18.46
1869,000908,石药景峰,6.32,1.12,0.07,120165.0,75678909.0,3.04,6.42,6.23,6.27,6.25,1.01,1.37,947.4,5.32,11120347797.0,5560173898.0,0.0,0.0,-3.51,28.46
1870,000909,*ST数源,4.53,1.12,0.05,29405.0,13405126.0,2.9,4.62,4.49,4.49,4.48,0.63,0.67,-67.37,3.28,1982845530.0,1982828882.0,-0.22,0.0,10.49,-18.67
1871,600399,抚顺特钢,4.53,1.12,0.05,371352.0,166755865.0,3.35,4.56,4.41,4.48,4.48,1.36,1.88,-17.69,1.7,8933613000.0,8933613000.0,-0.22,-0.44,4.86,-22.43
1872,002426,胜利精密,2.7,1.12,0.03,564245.0,152733784.46,2.62,2.73,2.66,2.67,2.67,0.89,1.77,-23.34,6.02,9187089973.0,8624601252.0,-0.37,-0.37,-23.08,-29.5
1873,920161,龙辰科技,22.55,1.12,0.25,27419.0,61092476.52,2.2,22.68,22.19,22.48,22.3,0.97,3.72,35.84,2.98,3066663370.0,1662151277.0,0.0,0.18,-38.22,144.84
1874,300724,捷佳伟创,53.15,1.12,0.59,57203.0,303508086.35,2.61,53.58,52.21,52.56,52.56,0.75,1.97,24.71,1.39,18511720119.0,15433176077.0,0.02,-0.04,-24.23,-43.7
1875,920685,新芝生物,12.67,1.12,0.14,12431.0,15669344.85,2.95,12.79,12.42,12.65,12.53,0.84,2.13,39.11,2.06,1159506972.0,738838051.0,0.16,0.56,14.45,-6.22
1876,301088,戎美股份,13.58,1.12,0.15,20042.0,27228633.0,3.13,13.82,13.4,13.56,13.43,0.73,1.07,64.94,1.28,3094882000.0,2553040000.0,0.15,0.0,2.49,-18.29
1877,300046,台基股份,24.45,1.12,0.27,33129.0,80892512.78,1.9,24.59,24.13,24.42,24.18,0.77,1.4,86.08,5.1,5783192021.0,5783192021.0,0.0,0.0,-12.87,-29.23
1878,301202,朗威股份,36.34,1.11,0.4,15766.0,56942033.83,2.39,36.5,35.64,36.01,35.94,0.83,1.98,69.57,4.12,4956776000.0,2893299950.0,-0.03,-0.03,5.67,-9.6
1879,301608,博实结,44.6,1.11,0.49,11777.0,52293730.49,2.36,44.86,43.82,44.02,44.11,0.75,1.98,23.8,2.68,5913741460.0,2653983388.0,-0.29,-0.22,-8.14,-25.82
1880,688120,华海清科,246.2,1.11,2.71,82077.0,2025476546.0,5.23,252.85,240.11,245.01,243.49,1.25,1.65,108.47,15.35,122184490036.0,122184490036.0,-0.14,-0.26,33.8,130.09
1881,002453,华软科技,4.55,1.11,0.05,68898.0,31285076.0,1.78,4.58,4.5,4.5,4.5,0.86,1.07,-24.27,5.22,3696270423.0,2926111725.0,0.22,0.22,-13.17,-28.12
1882,002099,海翔药业,5.47,1.11,0.06,139571.0,75874951.25,2.77,5.51,5.36,5.38,5.41,0.52,0.86,-69.13,1.85,8854372434.0,8844132594.0,-0.18,-0.18,1.86,-12.34
1883,688173,希荻微,12.76,1.11,0.14,82934.0,106073463.0,3.72,12.99,12.52,12.75,12.62,0.69,2.02,-87.23,3.53,5299623509.0,5249938851.0,-0.08,0.0,-15.78,-13.2
1884,002327,富安娜,6.37,1.11,0.07,64005.0,40540222.0,1.59,6.37,6.27,6.3,6.3,1.27,1.3,22.86,1.52,5311738134.0,3127564061.0,0.0,0.0,-6.05,0.63
1885,600888,新疆众和,9.98,1.11,0.11,295595.0,293787605.0,2.13,10.03,9.82,9.87,9.87,0.69,1.9,14.83,1.2,15499797771.0,15499797771.0,0.1,0.0,-8.61,23.82
1886,300584,海辰药业,30.95,1.11,0.34,16583.0,51254742.8,2.58,31.15,30.36,30.5,30.61,0.55,2.02,57.91,3.46,3714000000.0,2541970575.0,0.0,0.06,-0.35,-38.25
1887,920593,鼎智科技,24.49,1.11,0.27,18727.0,45852944.44,2.23,24.72,24.18,24.47,24.22,0.82,1.15,131.33,6.34,4659121405.0,3971171199.0,-0.16,-0.29,-16.87,-32.79
1888,301002,崧盛股份,28.35,1.11,0.31,42077.0,119488539.87,2.82,28.66,27.87,28.02,28.04,0.9,4.79,50.57,3.42,3825454821.0,2488999448.0,-0.28,0.04,-32.72,-22.14
1889,603998,方盛制药,10.92,1.11,0.12,94546.0,103158139.0,2.31,11.0,10.75,10.75,10.8,0.47,2.15,12.13,2.84,4794768451.0,4794768451.0,0.0,0.09,10.64,-0.18
1890,000536,华映科技,3.64,1.11,0.04,619813.0,224774635.91,2.5,3.67,3.58,3.65,3.6,0.48,2.24,-11.19,18.66,10068359403.0,10057620358.0,0.0,0.0,4.0,-25.41
1891,300278,华昌达,3.63,1.11,0.04,129743.0,47097927.0,2.23,3.66,3.58,3.59,3.59,0.74,0.92,-133.87,3.14,5132408024.0,5116286003.0,-0.27,0.0,-15.78,-40.49
1892,300987,川网传媒,14.6,1.11,0.16,68021.0,97883728.31,3.32,14.65,14.17,14.32,14.44,0.88,3.92,1707.69,3.22,2531172800.0,2531172800.0,-0.07,0.14,7.12,-12.52
1893,603097,江苏华辰,19.21,1.11,0.21,15915.0,30465413.0,2.37,19.37,18.92,19.19,19.0,0.98,0.71,-692.22,4.16,4417068024.0,4316040713.0,0.31,-0.1,9.33,-4.81
1894,002225,濮耐股份,3.66,1.1,0.04,172955.0,62913690.0,2.21,3.68,3.6,3.62,3.62,1.05,1.77,139.51,1.04,4242815278.0,3568240334.0,0.0,0.27,-11.81,-35.22
1895,300895,铜牛信息,56.75,1.1,0.62,51522.0,288736712.8,4.19,57.01,54.66,56.1,56.13,0.79,7.55,-108.64,11.0,7990437285.0,3871934744.0,0.0,-0.02,8.07,28.54
1896,600805,悦达投资,4.59,1.1,0.05,81348.0,37335848.0,2.64,4.67,4.55,4.58,4.54,1.3,0.96,33.02,0.91,3905605727.0,3902763939.0,0.44,0.0,3.85,-15.16
1897,920665,科强股份,9.15,1.1,0.1,11338.0,10324340.46,2.43,9.24,9.02,9.18,9.05,0.62,1.77,42.24,1.64,1189408500.0,587257147.0,0.11,0.44,-15.2,-34.6
1898,002194,武汉凡谷,10.07,1.1,0.11,184652.0,184753611.26,2.51,10.09,9.84,9.9,9.96,1.01,3.59,2822.62,2.75,6880688066.0,5182496801.0,0.0,0.2,-11.43,-22.84
1899,301557,常友科技,85.84,1.1,0.93,4956.0,42321251.0,2.54,86.43,84.27,85.0,84.91,0.88,1.99,115.2,5.19,5324742671.0,2134924666.0,-0.01,0.21,2.32,-7.48
1900,920096,嘉晨智能,34.9,1.1,0.38,7854.0,27453179.7,3.62,35.45,34.2,34.63,34.52,0.59,4.85,34.82,3.62,2408100000.0,565380000.0,-0.11,-0.11,-35.33,141.86
1901,300456,赛微电子,38.68,1.1,0.42,337566.0,1305873204.07,2.17,39.09,38.26,38.86,38.26,0.65,5.65,5.24,3.13,28322004023.0,23113727557.0,0.08,0.16,1.04,-30.42
1902,920275,驱动力,7.33,1.1,0.08,37379.0,27259687.97,5.24,7.49,7.11,7.17,7.25,1.32,2.83,-1125.41,5.11,1168237808.0,966933439.0,0.27,-0.14,24.66,-15.65
1903,300132,诺斯贝尔,6.43,1.1,0.07,111926.0,72038071.82,2.67,6.5,6.33,6.36,6.36,0.93,2.2,29.48,2.2,3321615097.0,3266962656.0,0.0,0.16,-0.31,-26.18
1904,000860,顺鑫农业,11.15,1.09,0.12,176574.0,195593594.05,2.72,11.19,10.89,11.02,11.03,1.47,2.38,102.48,1.22,8270701927.0,8270701927.0,-0.09,0.0,6.7,-23.89
1905,001387,雪祺电气,12.11,1.09,0.13,24835.0,30014944.27,1.92,12.17,11.94,12.03,11.98,0.93,2.13,100.47,1.7,2216050571.0,1409719542.0,0.08,0.33,2.71,-11.09
1906,600480,凌云股份,8.32,1.09,0.09,101559.0,84515705.0,1.94,8.39,8.23,8.23,8.23,0.85,0.84,16.71,1.26,10168931394.0,10093700381.0,-0.24,-0.12,-13.78,-30.61
1907,002962,五方光电,12.96,1.09,0.14,46312.0,59928731.76,2.11,13.04,12.77,12.77,12.82,0.8,2.21,127.63,2.15,3779982962.0,2711435861.0,0.0,0.08,-25.09,-11.96
1908,603567,珍宝岛,5.58,1.09,0.06,215724.0,120470665.0,2.36,5.63,5.5,5.5,5.52,0.87,2.3,-9.68,0.87,5246512901.0,5241870369.0,-0.18,-0.36,-7.0,-37.51
1909,301678,新恒汇,44.63,1.09,0.48,17638.0,78952658.16,2.08,45.15,44.23,44.47,44.15,1.01,1.27,158.05,5.94,10691360492.0,6202274257.0,-0.04,-0.07,-28.76,-29.96
1910,688521,芯原股份,185.78,1.09,2.01,147451.0,2731089100.0,3.72,187.92,181.08,186.0,183.77,0.9,2.8,-79.81,33.4,97704539418.0,97704539418.0,-0.02,0.13,-16.74,35.64
1911,688052,纳芯微,242.61,1.09,2.61,24258.0,587163102.0,3.88,247.32,238.0,240.31,240.0,1.11,1.69,293.44,5.08,39668007975.0,34792760025.0,-0.04,-0.25,3.16,53.38
1912,002424,ST百灵,4.64,1.09,0.05,76040.0,35229659.0,1.96,4.67,4.58,4.59,4.59,1.19,0.66,107.98,2.04,6484856576.0,5344713646.0,0.0,0.22,4.04,6.67
1913,603662,柯力传感,50.8,1.09,0.55,31204.0,159118790.0,2.81,51.47,50.06,50.38,50.25,0.76,1.11,54.58,4.95,14266157294.0,14266157294.0,0.18,0.14,-20.6,-29.09
1914,002626,金达威,16.88,1.08,0.18,51624.0,87116640.0,2.04,17.05,16.71,16.86,16.7,1.07,0.85,30.27,2.5,10295720220.0,10294454220.0,-0.18,-0.18,18.04,-12.58
1915,920247,华密新材,15.01,1.08,0.16,18869.0,28329159.55,2.83,15.23,14.81,15.02,14.85,0.48,1.38,70.81,5.89,2837685515.0,2058522659.0,0.33,0.4,-11.6,-33.61
1916,603703,盛洋科技,10.32,1.08,0.11,77838.0,79889141.0,1.96,10.35,10.15,10.17,10.21,0.8,1.88,-100.16,5.31,4282615478.0,4282615478.0,0.29,0.29,-7.61,-29.22
1917,301125,腾亚精工,13.98,1.08,0.15,26711.0,37341167.39,3.04,14.08,13.66,13.83,13.83,0.5,1.52,-99.14,4.14,2898389758.0,2457403114.0,0.0,0.22,-11.52,6.55
1918,002887,绿茵生态,9.38,1.08,0.1,63651.0,60387762.63,5.6,9.74,9.22,9.28,9.28,1.15,2.93,32.62,1.25,2870165695.0,2037629725.0,0.11,0.0,-21.9,3.53
1919,002778,中晟高科,16.88,1.08,0.18,38241.0,64666472.9,4.37,17.28,16.55,16.67,16.7,0.83,3.09,-100.14,6.66,2105835704.0,2088776860.0,-0.3,0.0,-2.54,-20.15
1920,600881,亚泰集团,1.88,1.08,0.02,756003.0,141558941.0,3.23,1.89,1.83,1.85,1.86,0.64,2.34,-6.32,57.5,6076443857.0,6076443857.0,0.0,0.53,6.21,1.08
1921,688176,亚虹医药-U,13.14,1.08,0.14,132176.0,171825297.0,4.0,13.19,12.67,13.18,13.0,0.86,2.31,-15.76,5.55,7518605088.0,7518605088.0,0.0,0.08,27.57,14.16
1922,000852,石化机械,5.64,1.08,0.06,222087.0,124946032.48,2.33,5.68,5.55,5.58,5.58,0.56,2.34,-420.45,1.71,5390543567.0,5359460044.0,-0.18,-0.18,-0.53,-22.42
1923,603836,海程邦达,9.46,1.07,0.1,27193.0,25599897.0,2.14,9.48,9.28,9.36,9.36,0.76,0.97,26.49,1.56,2707540281.0,2638671481.0,0.11,0.11,13.02,-2.67
1924,002109,ST兴化,2.83,1.07,0.03,34384.0,9692386.5,2.14,2.84,2.78,2.81,2.8,0.33,0.27,-63.9,0.93,3611843678.0,3611843678.0,0.0,0.0,2.17,-20.28
1925,300995,奇德新材,27.51,1.07,0.29,35887.0,99007199.81,5.33,28.35,26.9,27.3,27.22,2.75,5.91,82.15,2.79,2533972207.0,1670675202.0,-0.25,0.11,-11.63,-33.21
1926,603267,鸿远电子,48.01,1.07,0.51,41105.0,196766852.0,1.79,48.3,47.45,47.64,47.5,0.84,1.78,25.29,2.42,11094193625.0,11094193625.0,-0.02,0.13,-22.81,-11.39
1927,300653,正海生物,15.12,1.07,0.16,13961.0,21038657.0,1.87,15.19,14.91,15.0,14.96,0.78,0.78,40.86,3.12,2721600000.0,2721600000.0,-0.4,-0.2,2.16,-23.21
1928,300110,华仁药业,2.84,1.07,0.03,138307.0,39274713.32,2.14,2.86,2.8,2.82,2.81,0.62,1.17,58.82,3.88,3357484869.0,3355247304.0,0.0,-0.35,5.97,-9.84
1929,300723,一品红,35.97,1.07,0.38,59757.0,213310596.14,3.93,36.3,34.9,34.9,35.59,0.68,1.43,16.76,8.8,16247388793.0,15078391850.0,0.0,0.11,2.57,7.21
1930,002787,华源控股,23.68,1.07,0.25,248249.0,580977054.16,4.35,23.88,22.86,23.33,23.43,1.32,10.01,52.42,4.32,7871201761.0,5874611076.0,0.0,0.17,-5.81,90.2
1931,688638,誉辰智能,33.1,1.07,0.35,5224.0,17466202.0,3.54,33.98,32.82,32.82,32.75,1.07,1.97,-12.34,2.51,1853600000.0,875859828.0,-0.21,-0.45,-0.48,-8.89
1932,301459,丰茂股份,32.2,1.07,0.34,7658.0,24658325.97,1.82,32.47,31.89,31.9,31.86,0.76,2.93,37.72,2.63,3352722604.0,840387510.0,0.09,0.12,-6.83,-27.12
1933,600605,汇通能源,28.33,1.07,0.3,44938.0,126200324.0,3.0,28.61,27.77,28.03,28.03,0.85,2.18,113.32,4.07,5843981214.0,5843981214.0,-0.04,0.18,-6.04,-5.44
1934,300086,康芝药业,6.63,1.07,0.07,86913.0,57643973.0,2.9,6.69,6.5,6.5,6.56,0.65,1.97,-46.05,3.48,3017474845.0,2921725121.0,-0.15,-0.3,6.76,-44.89
1935,920703,广厦环能,10.41,1.07,0.11,4586.0,4780585.19,2.04,10.51,10.3,10.3,10.3,0.54,0.86,35.44,1.38,1569036840.0,553973844.0,0.39,0.39,2.06,-27.76
1936,688132,邦彦技术,16.13,1.07,0.17,28737.0,45835852.0,4.14,16.27,15.61,15.92,15.96,0.63,1.89,-11.78,2.21,2455392541.0,2455392541.0,0.0,-0.43,12.96,-12.43
1937,002346,柘中股份,18.83,1.07,0.2,52674.0,98887181.05,2.58,18.98,18.5,18.68,18.63,0.76,1.19,12.97,2.58,8314865083.0,8314865083.0,-0.05,0.05,21.33,-5.04
1938,688560,明冠新材,12.35,1.06,0.13,28805.0,35360946.0,2.21,12.38,12.11,12.28,12.22,1.1,1.43,-71.77,0.97,2486078687.0,2486078687.0,-0.08,0.16,-6.16,-13.58
1939,300299,富春股份,5.74,1.06,0.06,249164.0,143039146.65,3.52,5.83,5.63,5.63,5.68,0.99,3.61,59.38,9.99,3962322488.0,3957470753.0,0.0,-0.17,11.67,-19.15
1940,688593,新相微,29.64,1.06,0.31,85752.0,252700635.0,2.49,29.78,29.05,29.51,29.33,0.54,1.87,1156.8,8.85,13620451772.0,13620451772.0,-0.1,0.17,5.97,47.17
1941,000881,中广核技,6.71,1.05,0.07,83541.0,56289085.56,2.41,6.8,6.64,6.65,6.64,1.15,0.92,-26.1,1.29,6343807219.0,6064034010.0,0.0,0.0,-1.61,-25.86
1942,600104,上汽集团,10.58,1.05,0.11,411659.0,432857721.0,1.53,10.6,10.44,10.47,10.47,1.09,0.36,11.8,0.41,121620035992.0,121620035992.0,-0.19,-0.09,-0.75,-29.28
1943,300656,民德电子,25.13,1.05,0.26,35180.0,88733918.85,2.85,25.6,24.89,25.12,24.87,0.96,2.61,-41.02,5.5,4300373059.0,3391309633.0,-0.24,0.0,-29.98,14.12
1944,603615,茶花股份,18.29,1.05,0.19,26415.0,48078101.0,1.66,18.35,18.05,18.1,18.1,0.67,1.09,257.25,3.85,4422887800.0,4422887800.0,0.16,0.22,4.81,-21.7
1945,300905,宝丽迪,35.75,1.05,0.37,26754.0,95762297.0,3.08,36.19,35.1,35.23,35.38,0.73,1.92,46.64,3.26,6399811132.0,4980977394.0,-0.06,0.06,-37.52,11.96
1946,000972,中基健康,3.86,1.05,0.04,98576.0,38127344.56,2.09,3.9,3.82,3.83,3.82,0.66,1.28,-22.58,-74.81,2977154615.0,2977154615.0,0.26,-0.26,7.22,-1.53
1947,688665,四方光电,44.3,1.05,0.46,2742.0,12126612.0,2.03,44.66,43.77,43.78,43.84,0.61,0.27,27.84,3.69,4482820706.0,4482820706.0,0.5,0.45,-18.86,-8.41
1948,603239,浙江仙通,14.4,1.05,0.15,25685.0,36927461.0,1.96,14.49,14.21,14.29,14.25,0.95,0.95,24.16,2.94,3898368000.0,3898368000.0,0.0,0.14,-17.15,-28.75
1949,600365,ST通葡,2.89,1.05,0.03,19628.0,5641636.0,2.45,2.9,2.83,2.86,2.86,0.96,0.46,-21.52,6.44,1311857700.0,1234839200.0,0.0,0.7,13.33,-11.08
1950,600067,冠城新材,2.89,1.05,0.03,159218.0,45951543.0,1.75,2.91,2.86,2.86,2.86,0.83,1.14,-47.05,0.73,4021922656.0,4021922656.0,0.0,0.0,-16.95,-29.85
1951,000815,美利云,16.35,1.05,0.17,405489.0,658876119.42,3.34,16.45,15.91,16.18,16.18,0.72,5.83,173.33,8.02,11367550622.0,11367550622.0,0.06,0.12,6.93,46.11
1952,301551,无线传媒,22.43,1.04,0.23,81916.0,182751196.0,2.43,22.55,22.01,22.08,22.2,0.79,5.3,32.21,3.83,8972224300.0,3466639940.0,0.31,0.27,4.42,-27.48
1953,002866,传艺科技,14.52,1.04,0.15,37637.0,54552652.0,1.88,14.57,14.3,14.37,14.37,0.77,2.05,97.51,2.0,4203863157.0,2668324341.0,-0.21,0.0,-16.7,-19.11
1954,603868,飞科电器,32.02,1.04,0.33,7547.0,24014113.0,2.08,32.08,31.42,31.79,31.69,0.64,0.17,19.4,4.29,13947912000.0,13947912000.0,0.03,0.16,-5.55,-25.15
1955,600281,华阳新材,4.84,1.04,0.05,93466.0,44962680.0,2.51,4.86,4.74,4.79,4.79,0.67,1.82,524.68,42.51,2489705801.0,2489705801.0,0.21,0.21,-1.22,-17.97
1956,300867,圣元环保,17.44,1.04,0.18,34359.0,59845033.26,1.33,17.52,17.29,17.31,17.26,0.72,1.79,12.06,1.16,4739163964.0,3341989216.0,0.17,0.35,-10.47,-8.07
1957,002746,仙坛股份,6.83,1.04,0.07,249730.0,170220235.68,2.96,6.9,6.7,6.75,6.76,1.2,3.52,16.29,1.27,5877479505.0,4847088630.0,0.0,0.15,23.73,16.35
1958,688007,光峰科技,10.71,1.04,0.11,41238.0,44085368.0,2.26,10.79,10.55,10.63,10.6,1.01,0.9,-26.65,2.09,4922483451.0,4922483451.0,-0.09,-0.19,-15.07,-42.33
1959,603806,福斯特,14.64,1.04,0.15,189166.0,275434992.0,1.79,14.69,14.43,14.65,14.49,0.8,0.73,22.67,2.35,38192037077.0,38192037077.0,0.21,0.14,-1.21,6.01
1960,300606,金太阳,35.93,1.04,0.37,76305.0,274229868.5,3.99,36.63,35.21,36.18,35.56,1.13,6.42,188.99,7.51,4970837388.0,4272883305.0,-0.06,0.0,-7.33,54.14
1961,603968,醋化股份,10.8,1.03,0.11,19577.0,21136568.0,2.15,10.89,10.66,10.8,10.69,0.93,0.96,-181.92,1.25,2208384000.0,2208384000.0,0.0,-0.09,-0.46,-3.31
1962,600305,恒顺醋业,6.89,1.03,0.07,79094.0,54419844.0,1.76,6.92,6.8,6.83,6.82,1.04,0.72,31.5,2.28,7611174013.0,7599393766.0,0.15,-0.14,1.92,-11.67
1963,600396,华电辽能,13.78,1.03,0.14,908895.0,1241504369.0,3.52,13.91,13.43,13.66,13.64,0.82,6.17,96.56,13.58,20293899938.0,20293899938.0,0.07,0.15,-21.26,383.51
1964,603501,豪威集团,81.08,1.03,0.83,181091.0,1462100684.0,2.42,81.74,79.8,81.0,80.25,1.41,1.5,41.8,3.14,101982275218.0,97868186830.0,-0.05,-0.05,-5.73,-35.55
1965,603639,海利尔,10.77,1.03,0.11,13753.0,14798421.0,1.69,10.81,10.63,10.65,10.66,0.52,0.4,15.17,1.06,3765711502.0,3660489679.0,-0.19,-0.19,1.51,-13.15
1966,600167,联美控股,5.86,1.03,0.06,124683.0,72516595.0,3.62,5.89,5.68,5.68,5.8,1.03,0.55,19.87,1.14,13260245113.0,13260245113.0,-0.34,0.34,1.03,-14.83
1967,301382,蜂助手,37.28,1.03,0.38,65209.0,242341188.42,2.3,37.5,36.65,37.3,36.9,0.74,2.76,68.6,5.46,10637005584.0,8811373004.0,-0.08,0.05,2.7,5.34
1968,603089,正裕工业,9.8,1.03,0.1,45225.0,44301239.0,2.78,9.92,9.65,9.68,9.7,0.46,1.88,-41.23,1.47,2702048464.0,2352326026.0,0.0,0.2,2.94,-22.04
1969,002810,山东赫达,21.76,1.02,0.22,38915.0,83810928.59,2.37,21.77,21.26,21.53,21.54,0.91,1.2,17.78,3.33,7572673947.0,7029247388.0,0.0,0.05,-4.77,48.74
1970,300351,永贵电器,14.82,1.02,0.15,64373.0,94709785.5,2.11,14.84,14.53,14.6,14.67,0.7,2.44,-180.24,2.36,5763677515.0,3903849692.0,0.47,0.41,-6.56,-17.62
1971,300824,北鼎股份,7.93,1.02,0.08,32371.0,25488726.5,2.8,7.99,7.77,7.86,7.85,0.93,1.01,27.17,3.52,2587889538.0,2529417437.0,-0.25,-0.13,-1.73,-28.62
1972,603231,索宝蛋白,16.86,1.02,0.17,22314.0,37400019.0,1.74,16.86,16.57,16.57,16.69,0.84,2.1,23.69,1.61,3228000510.0,1791644457.0,0.24,0.3,9.13,-6.07
1973,688611,杭州柯林,61.55,1.02,0.62,5400.0,33232999.0,2.2,62.26,60.92,61.8,60.93,0.5,0.35,-216.43,11.19,9441129880.0,9441129880.0,0.02,0.15,-20.51,21.04
1974,301049,超越科技,20.76,1.02,0.21,13047.0,27211765.0,3.07,21.09,20.46,20.46,20.55,1.43,3.63,-26.72,3.85,1956699214.0,746725346.0,-0.34,-0.1,3.03,-3.35
1975,002831,裕同科技,27.81,1.02,0.28,140777.0,386401040.83,4.54,28.0,26.75,27.36,27.53,1.27,1.97,31.16,3.15,35828485916.0,19862512874.0,0.29,0.29,-6.24,40.45
1976,301083,百胜智能,14.06,1.01,0.14,14566.0,20540662.0,2.23,14.21,13.9,14.02,13.92,0.8,1.68,230.98,3.01,2500805338.0,1222431473.0,0.0,-0.21,-0.57,-25.45
1977,002559,亚威股份,8.96,1.01,0.09,133645.0,119799658.0,1.58,9.01,8.87,8.92,8.87,0.78,2.61,63.4,2.39,5751098008.0,4584790202.0,-0.11,0.11,-5.19,-10.85
1978,301555,惠柏新材,34.85,1.01,0.35,12820.0,44604860.0,2.84,35.08,34.1,34.37,34.5,0.57,2.65,26.1,2.73,3215494495.0,1684901663.0,0.23,0.03,-15.78,4.94
1979,301291,明阳电气,34.08,1.01,0.34,49244.0,166700496.96,3.05,34.28,33.25,33.56,33.74,0.81,2.96,61.49,2.05,10719634914.0,5667927717.0,-0.06,0.09,-18.59,-17.2
1980,002127,南极电商,3.01,1.01,0.03,334126.0,100199818.46,2.68,3.03,2.95,2.96,2.98,0.78,1.68,71.49,1.96,7389159913.0,6004146321.0,-0.33,0.0,9.45,-9.06
1981,603617,君禾股份,7.05,1.0,0.07,56243.0,39604222.0,2.15,7.1,6.95,6.98,6.98,0.89,1.45,42.18,1.75,2748169926.0,2726420676.0,0.0,-0.14,-3.69,-5.87
1982,300648,星云股份,40.31,1.0,0.4,15830.0,63417715.0,2.18,40.48,39.61,39.93,39.91,0.79,1.17,192.74,5.88,7025283234.0,5473719771.0,-0.1,0.22,-11.45,-21.85
1983,601827,三峰环境,8.12,1.0,0.08,46210.0,37317979.0,1.24,8.12,8.02,8.06,8.04,0.87,0.28,10.28,1.11,13576098396.0,13576098396.0,0.0,0.0,7.41,-0.98
1984,300673,佩蒂股份,14.18,1.0,0.14,42431.0,60240962.8,3.77,14.5,13.97,14.06,14.04,0.81,2.64,72.09,2.08,3506797024.0,2275340865.0,0.57,-0.28,3.81,-19.8
1985,600259,中稀有色,77.76,1.0,0.77,56420.0,436558997.0,3.0,78.08,75.77,76.99,76.99,0.86,1.68,32.42,6.8,26161256362.0,26161256362.0,-0.04,0.0,-17.22,38.58
1986,002728,特一药业,9.06,1.0,0.09,102233.0,92828859.2,2.34,9.14,8.93,9.02,8.97,0.96,2.04,74.75,2.61,4650586897.0,4541858743.0,0.11,0.22,11.03,-15.33
1987,300506,名家汇,5.05,1.0,0.05,189579.0,96924456.5,2.8,5.18,5.04,5.1,5.0,0.98,2.49,-107.64,5.35,7199262673.0,3843032391.0,-0.2,-0.39,17.17,20.24
1988,002213,大为股份,28.15,1.0,0.28,80917.0,228901549.34,1.87,28.54,28.02,28.33,27.87,0.99,3.91,142.74,10.29,6767881636.0,5819108857.0,0.0,0.0,-26.29,8.35
1989,688276,百克生物,16.16,1.0,0.16,16928.0,27249346.0,1.75,16.2,15.92,16.01,16.0,0.56,0.41,-64.15,1.76,6684706784.0,6684706784.0,0.0,0.12,11.14,-14.32
1990,603066,音飞储存,9.22,0.99,0.09,38218.0,35120110.0,1.31,9.24,9.12,9.13,9.13,0.82,1.3,9.65,1.77,2712340282.0,2712340282.0,0.0,0.11,-9.96,-13.99
1991,600708,光明地产,3.07,0.99,0.03,117616.0,35791432.0,2.63,3.08,3.0,3.03,3.04,0.66,0.53,-7.51,1.19,6841914801.0,6831602757.0,0.0,0.0,6.23,-21.08
1992,002607,中公教育,2.05,0.99,0.02,1040152.0,212809039.4,1.97,2.06,2.02,2.03,2.03,0.8,1.82,86.33,15.22,12643168747.0,11726216492.0,0.0,-0.49,-0.97,-25.18
1993,600876,凯盛新能,7.12,0.99,0.07,21712.0,15412317.0,1.84,7.14,7.01,7.07,7.05,0.74,0.55,-2.74,2.03,4597205737.0,2817205737.0,0.28,0.28,-14.32,-27.79
1994,002959,小熊电器,32.74,0.99,0.32,5149.0,16756218.39,1.67,32.74,32.2,32.47,32.42,0.96,0.37,21.21,1.76,5101990231.0,4576868329.0,0.15,0.09,-4.69,-20.03
1995,301210,金杨精密,25.59,0.99,0.25,38489.0,99104447.2,3.35,26.1,25.25,25.36,25.34,0.77,6.25,38.55,2.17,4124060141.0,1575025347.0,-0.51,-0.43,-9.35,-1.16
1996,300393,中来股份,6.14,0.99,0.06,151399.0,92732378.43,2.47,6.17,6.02,6.09,6.08,0.86,1.6,-9.69,3.69,6690311978.0,5796313193.0,0.0,0.0,-24.38,-8.36
1997,605338,巴比食品,19.54,0.98,0.19,19740.0,38508097.0,1.71,19.67,19.34,19.47,19.35,0.96,0.82,17.38,2.14,4681132575.0,4681132575.0,0.0,0.1,-3.51,-35.13
1998,002208,合肥城建,10.26,0.98,0.1,198994.0,204079776.57,1.57,10.32,10.16,10.16,10.16,0.43,2.48,-21.38,1.43,8241774832.0,8239177124.0,0.1,0.0,-33.64,-17.12
1999,600545,卓郎智能,4.11,0.98,0.04,602472.0,249904689.0,4.91,4.28,4.08,4.08,4.07,1.23,3.37,-47.93,2.93,7348319232.0,7348319232.0,-0.24,-0.24,-24.45,60.55
2000,688671,碧兴物联,24.77,0.98,0.24,10860.0,26843828.0,3.83,24.99,24.05,24.48,24.53,0.89,2.02,-31.82,1.97,1944913153.0,1331935462.0,-0.28,0.36,7.6,0.0
2001,605086,龙高股份,24.76,0.98,0.24,11166.0,27812571.0,3.43,25.35,24.51,24.52,24.52,0.73,0.62,44.49,2.77,4436992000.0,4436992000.0,-0.68,0.0,-12.6,-45.56
2002,002779,中坚科技,81.51,0.98,0.79,34856.0,284027994.83,3.78,82.82,79.77,80.0,80.72,0.94,2.1,-989.07,17.27,15063048000.0,13515037386.0,0.01,-0.12,-1.09,-28.12
2003,300353,东土科技,16.53,0.98,0.16,84785.0,139963016.3,1.77,16.61,16.32,16.37,16.37,0.59,1.57,-194.19,4.58,10164179323.0,8935464189.0,-0.12,0.0,-25.74,-18.81
2004,603307,扬州金泉,25.05,0.97,0.24,8552.0,21313677.0,1.77,25.09,24.65,24.94,24.81,0.82,0.88,19.78,1.76,2472726833.0,2433607500.0,0.24,0.12,-3.43,-5.19
2005,301192,泰祥股份,19.87,0.97,0.19,12641.0,25171618.0,2.54,20.1,19.6,19.64,19.68,0.89,2.51,75.83,3.06,2011678540.0,1001161932.0,-0.05,-0.45,-7.97,-32.74
2006,603948,建业股份,19.85,0.97,0.19,9967.0,19785782.0,1.83,19.99,19.63,19.96,19.66,0.92,0.61,35.66,1.58,3225409965.0,3225409965.0,0.1,0.1,-23.18,-24.52
2007,920491,奥迪威,22.94,0.97,0.22,21819.0,50207448.52,3.39,23.28,22.51,22.53,22.72,0.79,1.88,55.73,3.05,3237824549.0,2656978381.0,-0.09,-0.13,-20.73,-22.53
2008,300068,ST南都,4.18,0.97,0.04,237560.0,99064927.94,2.66,4.22,4.11,4.15,4.14,0.74,2.78,-1.69,12.94,3755175310.0,3565541739.0,0.24,0.24,12.06,-73.1
2009,600749,西藏旅游,15.64,0.97,0.15,203824.0,317848540.0,3.68,15.8,15.23,15.5,15.49,0.98,8.98,610.08,3.34,3549740686.0,3549740686.0,0.06,0.13,-3.58,-8.43
2010,300864,南大环境,29.23,0.97,0.28,92504.0,273207387.09,8.22,30.74,28.36,30.58,28.95,1.36,5.81,27.31,3.52,4650614831.0,4650614831.0,-0.03,0.03,33.65,54.9
2011,600933,爱柯迪,13.59,0.97,0.13,66293.0,89821833.0,2.38,13.66,13.34,13.46,13.46,0.95,0.68,14.66,1.45,13997962980.0,13331968083.0,0.0,-0.15,-5.23,-31.02
2012,603829,洛凯股份,15.77,0.96,0.15,20217.0,31603839.0,2.62,15.82,15.41,15.62,15.62,0.6,1.09,51.21,1.94,2937417327.0,2937417327.0,0.19,0.32,-18.5,-28.58
2013,600959,江苏有线,3.17,0.96,0.03,317809.0,100090582.0,1.91,3.18,3.12,3.14,3.14,0.86,0.64,76.21,0.7,15852275065.0,15852275065.0,0.0,0.32,1.28,-7.31
2014,688206,概伦电子,40.0,0.96,0.38,125072.0,509222642.0,8.05,42.27,39.08,40.66,39.62,1.53,2.86,-1577.74,5.04,21240562000.0,17463153400.0,-0.27,-0.22,4.38,14.94
2015,603270,金帝股份,33.69,0.96,0.32,237487.0,808463139.0,7.4,35.27,32.8,33.6,33.37,1.47,33.58,54.52,3.23,7381703611.0,2382444511.0,-0.03,-0.38,16.57,25.2
2016,600633,浙数文化,10.57,0.96,0.1,147131.0,154995867.0,1.53,10.62,10.46,10.5,10.47,0.74,1.16,22.24,1.3,13403547169.0,13403547169.0,0.0,0.19,-1.67,-16.71
2017,300691,联合光电,14.66,0.96,0.14,26126.0,38097938.0,1.72,14.68,14.43,14.5,14.52,0.77,1.18,252.02,2.41,3944254910.0,3236020839.0,0.48,0.41,-8.72,-15.11
2018,300817,双飞集团,16.88,0.96,0.16,21896.0,36862263.0,2.33,17.04,16.65,16.79,16.72,0.52,1.74,41.68,3.5,3684874291.0,2129134797.0,0.12,0.24,-4.74,-19.92
2019,002555,三七互娱,18.85,0.96,0.18,513099.0,973061160.11,3.05,19.25,18.68,18.71,18.67,1.56,3.14,11.8,3.01,41700680287.0,30796425462.0,0.05,0.05,6.14,-17.65
2020,600512,腾达建设,2.1,0.96,0.02,224155.0,46890439.0,1.92,2.11,2.07,2.09,2.08,0.9,1.41,19.55,0.54,3333550842.0,3333550842.0,0.48,0.0,1.45,-12.86
2021,603669,灵康药业,5.27,0.96,0.05,212555.0,113183322.0,4.21,5.42,5.2,5.25,5.22,1.08,2.98,88.9,6.46,3753985240.0,3753985240.0,-0.19,-0.19,12.37,15.57
2022,000665,湖北广电,4.2,0.96,0.04,168002.0,70199889.0,1.68,4.21,4.14,4.16,4.16,0.62,1.48,-9.54,1.56,4776027879.0,4775903076.0,0.48,0.48,3.19,-27.84
2023,600051,宁波联合,6.35,0.95,0.06,47097.0,29914060.0,1.75,6.39,6.28,6.31,6.29,0.93,1.51,53.84,0.58,1974088000.0,1974088000.0,-0.16,-0.16,1.6,-15.11
2024,002666,德联集团,4.26,0.95,0.04,87793.0,37342742.0,1.9,4.29,4.21,4.24,4.22,0.72,1.75,29.93,0.94,3356877022.0,2133381699.0,0.24,0.0,-2.52,-22.69
2025,003027,同兴科技,17.02,0.95,0.16,13763.0,23396550.24,2.37,17.16,16.76,16.85,16.86,0.85,1.34,61.2,1.3,2224908864.0,1749856530.0,-0.12,-0.12,-16.81,-22.64
2026,920183,海菲曼,31.9,0.95,0.3,4880.0,15505453.2,2.5,32.15,31.36,31.58,31.6,0.37,4.34,21.45,3.49,1561568800.0,358869481.0,0.03,0.25,-5.2,70.5
2027,002643,万润股份,12.72,0.95,0.12,101604.0,129129882.4,1.67,12.8,12.59,12.66,12.6,0.81,1.13,32.83,1.64,11650248318.0,11476174418.0,-0.08,-0.08,-14.4,-14.46
2028,600771,广誉远,13.86,0.95,0.13,54446.0,75244856.0,1.75,13.92,13.68,13.79,13.73,0.89,1.11,40.07,4.07,6784347214.0,6784347214.0,0.0,0.0,-1.7,-22.91
2029,688187,时代电气,46.77,0.95,0.44,42985.0,201668443.0,1.66,47.17,46.4,46.46,46.33,1.03,0.49,18.17,1.47,62236998579.0,40638804336.0,-0.09,0.0,-10.73,-7.59
2030,001256,炜冈科技,22.57,0.94,0.21,21993.0,49548303.47,2.59,22.8,22.22,22.46,22.36,0.81,2.06,9.99,2.31,3218765434.0,2413016434.0,0.18,0.22,-2.88,2.4
2031,688161,威高骨科,22.61,0.94,0.21,15092.0,34045683.0,3.57,22.88,22.08,22.41,22.4,1.08,0.38,34.2,2.16,9044000000.0,9044000000.0,-0.13,-0.09,2.4,-18.32
2032,000672,上峰材料,15.03,0.94,0.14,182821.0,274551705.85,2.75,15.25,14.84,14.98,14.89,0.99,1.89,5.34,1.49,14570013614.0,14570013614.0,0.0,0.0,-7.56,20.05
2033,301683,慧谷新材,97.14,0.94,0.9,3943.0,38340497.67,2.11,97.8,95.77,96.28,96.24,0.79,2.76,27.7,2.6,6131127096.0,1385765241.0,-0.08,-0.11,-21.08,25.7
2034,000777,中核科技,17.15,0.94,0.16,37916.0,64678670.39,1.88,17.17,16.85,16.99,16.99,0.92,0.99,52.77,2.6,6575611720.0,6575495683.0,0.12,0.06,5.15,-33.37
2035,600129,太极集团,13.93,0.94,0.13,81956.0,114252808.0,1.88,14.03,13.77,13.85,13.8,0.83,1.49,43.71,2.14,7681255317.0,7681255317.0,-0.07,0.07,4.03,-22.83
2036,002520,日发精机,6.46,0.94,0.06,210286.0,135757872.9,2.03,6.51,6.38,6.44,6.4,0.59,2.93,48.35,15.58,4846583805.0,4634663505.0,0.16,0.0,0.78,2.54
2037,001269,欧晶科技,19.41,0.94,0.18,10704.0,20711982.0,2.24,19.5,19.07,19.32,19.23,0.82,0.56,-41.41,5.84,3734724024.0,3734724024.0,0.21,0.1,-27.84,-19.39
2038,600212,绿能慧充,6.43,0.94,0.06,91288.0,58352720.0,2.04,6.46,6.33,6.35,6.37,0.8,1.33,-88.27,7.89,4527685870.0,4402493770.0,0.31,0.31,9.17,-20.12
2039,002219,新里程,2.15,0.94,0.02,540052.0,115730739.2,2.35,2.16,2.11,2.13,2.13,0.63,1.65,404.22,3.76,7421631769.0,7035053313.0,0.0,0.0,8.04,0.94
2040,603073,彩蝶实业,17.14,0.94,0.16,12331.0,21122717.0,2.12,17.23,16.87,17.08,16.98,0.92,2.42,39.06,1.43,1988240000.0,872303415.0,0.06,-0.29,1.36,-8.29
2041,605122,四方新材,11.81,0.94,0.11,17751.0,20895913.0,2.31,11.87,11.6,11.67,11.7,0.73,1.03,138.99,1.17,2035500740.0,2035500740.0,-0.34,-0.34,-2.72,-10.19
2042,301206,三元生物,23.63,0.94,0.22,9815.0,23289396.37,2.35,23.88,23.33,23.33,23.41,0.72,0.75,47.43,1.14,4780956291.0,3078590196.0,0.08,-0.13,0.51,-8.41
2043,301296,新巨丰,6.52,0.93,0.06,37160.0,24201877.13,2.48,6.59,6.43,6.5,6.46,0.97,0.87,59.05,1.04,2787570671.0,2787507101.0,0.0,0.0,-1.36,-23.47
2044,000990,诚志股份,6.53,0.93,0.06,290073.0,189404227.67,1.55,6.57,6.47,6.5,6.47,0.61,1.7,19.16,0.62,11109701545.0,11109701545.0,0.0,0.0,1.87,15.37
2045,300268,佳沃食品,13.05,0.93,0.12,28210.0,36878861.0,2.24,13.24,12.95,13.06,12.93,0.76,2.11,-299.52,-2.21,2273310000.0,1744882875.0,-0.15,-0.15,11.73,2.27
2046,605268,王力安防,9.74,0.93,0.09,17947.0,17380924.0,1.45,9.74,9.6,9.6,9.65,0.48,0.41,30.99,2.43,4290957000.0,4290957000.0,0.1,0.1,1.14,-6.53
2047,603382,海阳科技,19.59,0.93,0.18,24361.0,47732506.0,1.96,19.8,19.42,19.52,19.41,0.93,2.11,27.46,1.98,3550714299.0,2262368507.0,0.0,0.15,-2.83,-39.05
2048,301087,可孚医疗,52.35,0.93,0.48,35418.0,185218151.77,3.82,53.17,51.19,51.87,51.87,1.09,1.83,30.53,2.23,12349207950.0,10155442985.0,0.0,-0.02,16.33,20.37
2049,000782,恒申新材,7.57,0.93,0.07,88386.0,67055347.0,2.67,7.66,7.46,7.5,7.5,0.64,1.67,-56.0,3.3,5197422023.0,3998016946.0,-0.13,0.13,1.07,52.62
2050,603290,斯达半导,86.4,0.93,0.8,32787.0,283487510.0,1.6,87.07,85.7,86.51,85.6,0.62,1.37,159.16,3.01,20690507462.0,20690507462.0,-0.01,-0.07,-20.36,-9.6
2051,601012,隆基绿能,11.88,0.93,0.11,519102.0,613953695.0,1.87,11.91,11.69,11.8,11.77,0.66,0.69,-12.22,1.87,90027461478.0,90027371832.0,0.0,-0.08,-11.74,-34.73
2052,300761,立华股份,21.65,0.93,0.2,126531.0,273265861.76,2.56,21.81,21.26,21.26,21.45,1.16,1.96,-127.39,2.0,18323203000.0,14002438652.0,-0.09,-0.14,19.68,5.61
2053,000554,泰山石油,6.57,0.92,0.06,118653.0,77723825.11,1.38,6.59,6.5,6.57,6.51,0.52,3.3,14.62,2.59,3136813111.0,2360632516.0,0.0,0.15,2.34,2.82
2054,603859,能科科技,38.2,0.92,0.35,47697.0,181476860.0,2.03,38.42,37.65,37.82,37.85,0.79,1.95,53.73,2.43,10176445200.0,9347452178.0,0.03,-0.03,-25.7,-8.96
2055,920509,同惠电子,21.86,0.92,0.2,36691.0,79571256.32,4.2,22.18,21.27,21.76,21.66,0.8,4.37,54.12,9.89,3504282515.0,1835923292.0,0.14,0.28,-30.63,-41.38
2056,001220,世盟股份,31.89,0.92,0.29,6596.0,21003431.45,1.55,32.06,31.57,31.6,31.6,0.61,2.86,25.98,1.91,2943128100.0,735782025.0,0.0,0.03,4.49,15.75
2057,300417,南华仪器,12.03,0.92,0.11,26168.0,31468400.42,2.94,12.25,11.9,11.9,11.92,0.76,2.98,736.79,3.61,1618795296.0,1055210704.0,0.5,0.33,6.55,-13.58
2058,600403,大有能源,6.59,0.92,0.06,741448.0,483156385.0,4.13,6.62,6.35,6.35,6.53,0.48,3.1,-12.25,5.11,15755453729.0,15755453729.0,0.0,0.0,-9.1,-5.59
2059,000926,福星股份,2.22,0.91,0.02,260810.0,57817188.2,3.18,2.25,2.18,2.18,2.2,0.65,1.66,-0.76,1.17,3536381798.0,3492524302.0,0.0,-0.45,2.3,-1.33
2060,300565,科信技术,10.03,0.91,0.09,49853.0,49901316.0,1.31,10.06,9.93,9.98,9.94,0.85,2.18,-50.79,4.91,2504537258.0,2288897604.0,0.2,0.2,-13.08,-20.46
2061,002326,永太科技,17.8,0.91,0.16,125506.0,222884688.12,2.04,17.86,17.5,17.68,17.64,0.62,1.55,30.07,5.57,16467271921.0,14449489375.0,-0.06,0.06,-17.67,-28.57
2062,300126,锐奇股份,6.67,0.91,0.06,33207.0,22233113.0,2.57,6.76,6.59,6.67,6.61,0.82,1.58,-35.02,2.07,2027397192.0,1405041029.0,0.0,-0.45,3.57,-22.08
2063,002395,双象股份,13.32,0.91,0.12,54301.0,72181788.49,1.74,13.4,13.17,13.24,13.2,0.66,2.02,22.0,2.23,3572543880.0,3572543880.0,0.08,0.15,1.52,-19.42
2064,300986,志特新材,12.15,0.91,0.11,204853.0,247348883.03,2.74,12.26,11.93,12.04,12.04,0.51,3.56,41.18,3.13,6995032518.0,6990101222.0,0.08,0.25,-6.83,53.22
2065,920019,铜冠矿建,15.48,0.91,0.14,16216.0,24758500.94,2.54,15.49,15.1,15.46,15.34,0.71,0.97,34.84,3.45,3254928516.0,2593452110.0,0.19,0.58,-19.16,-25.79
2066,920367,新赣江,26.63,0.91,0.24,35624.0,93354419.71,4.55,26.66,25.46,26.12,26.39,0.59,8.48,262.38,3.91,1887035088.0,1118262352.0,0.15,0.3,74.74,32.22
2067,300370,安控科技,2.22,0.91,0.02,167975.0,37278473.0,2.73,2.24,2.18,2.19,2.2,0.73,1.08,-35.56,8.49,3475135220.0,3466476962.0,0.0,0.0,-3.06,-14.94
2068,600866,星湖科技,4.42,0.91,0.04,248472.0,109729376.0,2.05,4.46,4.37,4.39,4.38,1.04,1.5,51.92,0.96,7343708963.0,7343708963.0,-0.23,0.0,1.38,-32.72
2069,002202,金风科技,17.65,0.91,0.16,508622.0,893477662.97,1.89,17.71,17.38,17.51,17.49,0.77,1.51,20.1,1.89,74549869620.0,59365864680.0,-0.06,0.0,-16.86,-12.62
2070,002551,尚荣医疗,3.34,0.91,0.03,102240.0,34054035.05,1.51,3.35,3.3,3.31,3.31,0.93,1.67,-90.26,1.15,2823951891.0,2041363655.0,-0.3,0.3,12.08,-8.49
2071,002760,凤形股份,17.99,0.9,0.16,30430.0,54720777.0,2.02,18.14,17.78,17.91,17.83,0.56,2.82,124.8,2.32,1942716821.0,1942716821.0,0.0,-0.06,0.84,-17.13
2072,600871,石化油服,2.23,0.9,0.02,1004966.0,223249368.0,1.81,2.24,2.2,2.22,2.21,0.63,0.74,41.48,4.22,42274212208.0,30209837543.0,0.0,0.0,-0.45,3.24
2073,688095,福昕软件,63.57,0.9,0.57,36845.0,231917024.0,4.03,64.24,61.7,62.72,63.0,0.81,4.03,208.04,2.23,5807724941.0,5807724941.0,0.03,0.52,-3.54,-28.55
2074,002462,嘉事堂,12.4,0.9,0.11,16419.0,20266081.0,1.38,12.41,12.24,12.28,12.29,0.65,0.56,20.85,0.82,3617168288.0,3614233196.0,0.0,0.0,-7.88,-12.98
2075,688616,西力科技,11.18,0.9,0.1,17859.0,19885761.0,2.71,11.31,11.01,11.27,11.08,0.96,1.0,25.57,2.26,2005449003.0,2005449003.0,-0.09,0.0,1.08,-6.37
2076,600252,中恒集团,2.24,0.9,0.02,339010.0,76128329.0,2.25,2.26,2.21,2.22,2.22,0.6,1.06,-73.07,1.36,7132525277.0,7132525277.0,-0.44,0.0,3.7,-18.25
2077,300077,国民技术,20.12,0.9,0.18,238066.0,479183156.18,1.3,20.25,19.99,20.22,19.94,0.67,4.17,1545.2,7.76,13643909204.0,11477865957.0,0.05,0.0,-6.29,-0.49
2078,600702,舍得酒业,35.98,0.9,0.32,61580.0,219962330.0,2.27,36.08,35.27,35.6,35.66,0.94,1.86,41.16,1.72,11948629323.0,11943592123.0,0.0,-0.14,-5.49,-35.49
2079,002723,小崧股份,7.89,0.9,0.07,49955.0,39497683.8,3.2,8.03,7.78,7.82,7.82,0.61,1.57,-22.3,3.72,2622240522.0,2507123449.0,0.0,0.13,-3.31,-6.85
2080,688411,海博思创,179.0,0.9,1.59,26712.0,472910711.0,3.09,179.99,174.51,178.49,177.41,1.07,2.01,25.83,6.31,32659415644.0,23730795404.0,0.01,0.09,-32.37,-27.95
2081,603017,中衡设计,10.04,0.9,0.09,29981.0,30043642.0,1.71,10.09,9.92,10.0,9.95,0.71,1.09,20.83,1.85,2772950542.0,2772950542.0,0.0,-0.1,-9.3,-8.14
2082,300660,江苏雷利,24.8,0.9,0.22,42833.0,106512470.22,2.93,25.12,24.4,24.56,24.58,0.76,0.74,71.63,4.09,14415682298.0,14407011647.0,-0.2,-0.04,-15.82,-40.98
2083,300993,玉马科技,10.04,0.9,0.09,17696.0,17738705.0,1.31,10.08,9.95,10.05,9.95,0.8,0.73,28.84,1.98,3093637248.0,2434773463.0,0.0,0.1,-2.24,-30.85
2084,603090,宏盛股份,42.83,0.9,0.38,106328.0,452664996.0,5.04,43.4,41.26,42.53,42.45,0.97,10.63,70.54,6.75,4283000000.0,4283000000.0,0.05,0.16,-23.87,-22.34
2085,603153,上海建科,13.39,0.9,0.12,15699.0,20951093.0,1.51,13.41,13.21,13.24,13.27,1.13,0.39,89.18,1.45,5488040209.0,5406616463.0,0.07,0.22,-1.9,-19.96
2086,002400,省广集团,6.8,0.89,0.06,709287.0,480457969.87,1.93,6.83,6.7,6.72,6.74,0.61,4.11,169.42,2.36,11854692470.0,11737919402.0,0.0,0.0,-2.86,-23.34
2087,603155,新亚强,13.59,0.89,0.12,66526.0,90433818.0,2.08,13.68,13.4,13.5,13.47,0.74,1.45,43.07,2.92,6222736787.0,6222736787.0,0.0,0.0,-11.47,17.46
2088,002753,永东股份,6.79,0.89,0.06,44982.0,30582041.0,2.08,6.85,6.71,6.71,6.73,0.86,1.52,44.08,1.09,2910733988.0,2008406651.0,-0.15,-0.15,5.43,-4.1
2089,002029,七 匹 狼,9.07,0.89,0.08,125711.0,113449734.0,2.78,9.15,8.9,8.99,8.99,0.42,1.89,-117.11,0.97,6394563481.0,6035232048.0,0.22,0.11,11.15,-17.02
2090,002227,*ST特迅,6.77,0.89,0.06,13965.0,9463774.0,1.79,6.83,6.71,6.71,6.71,0.88,0.57,-23.45,1.86,1677647771.0,1664991906.0,0.0,0.15,-4.78,-43.77
2091,600969,郴电国际,10.27,0.88,0.09,240232.0,246221545.0,4.81,10.45,9.96,10.15,10.18,0.84,6.49,36.57,1.05,3800418471.0,3800418471.0,-0.29,-0.19,9.96,1.68
2092,002458,益生股份,9.19,0.88,0.08,461990.0,422998915.76,2.63,9.24,9.0,9.11,9.11,0.79,4.78,21.38,2.97,13152664028.0,8881083443.0,-0.11,-0.11,13.88,45.18
2093,603331,百达精工,12.65,0.88,0.11,31032.0,39216806.0,2.95,12.78,12.41,12.54,12.54,0.92,1.53,12.53,2.24,2557521795.0,2557521795.0,0.0,0.0,6.84,-11.23
2094,300303,聚飞光电,6.87,0.88,0.06,274180.0,188627866.93,1.32,6.92,6.83,6.87,6.81,0.8,2.06,57.01,2.62,9733453970.0,9127803076.0,-0.15,-0.15,-20.3,2.23
2095,688129,东来技术,21.83,0.88,0.19,11110.0,24414645.0,6.28,22.85,21.49,21.49,21.64,0.85,0.92,28.7,2.48,2630052204.0,2630052204.0,-0.37,-0.27,-12.15,9.31
2096,001368,通达创智,24.09,0.88,0.21,12036.0,29053000.86,2.64,24.38,23.75,23.9,23.88,0.64,1.11,23.61,1.92,2725064751.0,2603661630.0,0.04,-0.04,3.43,-1.39
2097,600800,渤海化学,3.45,0.88,0.03,129230.0,44677228.0,2.34,3.49,3.41,3.44,3.42,0.68,1.16,-6.53,4.0,3829655995.0,3828569245.0,-0.29,0.0,-5.74,-0.29
2098,300564,筑博设计,12.61,0.88,0.11,23245.0,29369793.0,3.28,12.82,12.41,12.59,12.5,0.6,1.97,-560.99,1.69,2034184672.0,1488937099.0,0.16,0.16,2.35,-18.65
2099,301507,民生健康,12.55,0.88,0.11,25540.0,31997427.24,2.25,12.64,12.36,12.58,12.44,0.49,0.72,26.83,2.78,4474756842.0,4470427092.0,-0.16,-0.08,0.8,-17.49
2100,002837,英维克,64.47,0.88,0.56,551566.0,3553405611.47,4.82,65.71,62.63,63.01,63.91,0.72,4.87,222.81,22.97,82336676637.0,73059988796.0,0.06,0.19,-2.44,-21.46
2101,002425,凯撒文化,3.44,0.88,0.03,493528.0,169394558.0,3.23,3.47,3.36,3.36,3.41,0.66,5.36,329.75,1.33,3290927827.0,3165439575.0,0.0,0.0,20.7,-2.82
2102,301157,华塑科技,62.89,0.87,0.54,9285.0,57825747.74,2.71,63.2,61.51,62.3,62.35,1.01,4.49,123.84,3.4,3773400000.0,1299122189.0,1.03,1.11,-4.51,21.25
2103,000403,派林生物,10.44,0.87,0.09,60147.0,63031932.81,3.0,10.63,10.32,10.35,10.35,1.0,0.64,58.85,1.23,9922148710.0,9820728296.0,-0.1,-0.19,-12.12,-23.74
2104,300237,ST美晨,2.31,0.87,0.02,366948.0,86064959.4,4.8,2.39,2.28,2.29,2.29,1.11,2.54,-47.9,168.13,3330823488.0,3330792303.0,0.0,0.43,10.53,-10.47
2105,000995,皇台酒业,11.56,0.87,0.1,57659.0,66153857.82,2.44,11.58,11.3,11.4,11.46,0.8,3.25,-59.91,13.35,2050836480.0,2050836480.0,0.09,0.26,5.0,-7.59
2106,002719,ST麦趣,6.99,0.87,0.06,26216.0,18359749.93,3.46,7.1,6.86,6.9,6.93,0.52,1.62,-13.08,16.7,1217234804.0,1131297214.0,0.14,0.29,-3.05,-18.15
2107,301233,盛帮股份,33.46,0.87,0.29,11820.0,39488082.28,4.07,33.95,32.6,33.13,33.17,1.01,3.0,34.31,2.43,2401317128.0,1317525577.0,0.03,-0.06,-10.46,-10.82
2108,002047,宝鹰股份,3.46,0.87,0.03,397473.0,139305725.0,7.29,3.61,3.36,3.38,3.43,1.16,2.62,-142.28,168.23,5246220478.0,5245954124.0,0.0,0.0,-13.5,-5.98
2109,301118,恒光股份,23.29,0.87,0.2,27242.0,63176724.34,2.51,23.45,22.87,23.25,23.09,0.81,2.57,20.51,1.82,2564485190.0,2467187885.0,-0.04,-0.21,-19.33,-5.94
2110,603005,晶方科技,29.15,0.87,0.25,237933.0,693235827.0,2.94,29.45,28.6,29.26,28.9,1.04,3.65,71.62,4.11,19010805230.0,19010805230.0,-0.07,-0.03,-28.94,5.85
2111,688163,赛伦生物,34.65,0.87,0.3,6247.0,21626337.0,2.15,34.94,34.2,34.52,34.35,0.63,0.58,52.59,3.35,3749823000.0,3749823000.0,-0.26,-0.23,-23.07,61.09
2112,920136,永励精密,22.09,0.87,0.19,16757.0,36838143.5,2.79,22.33,21.72,21.91,21.9,0.53,7.98,9.77,1.47,1767200000.0,463890000.0,-0.45,0.18,14.57,14.57
2113,301076,新瀚新材,21.94,0.87,0.19,35702.0,78232764.9,2.94,22.12,21.48,21.62,21.75,0.46,2.34,68.35,4.13,5006037404.0,3342732721.0,0.05,0.0,-20.28,-42.03
2114,002654,万润科技,13.91,0.87,0.12,488394.0,679928921.59,2.61,14.1,13.74,14.02,13.79,1.04,5.78,194.88,7.42,11758158387.0,11757323787.0,0.0,0.07,-13.98,-1.0
2115,301006,迈拓股份,13.92,0.87,0.12,16348.0,22894611.44,2.54,14.13,13.78,13.78,13.8,1.36,1.9,100.09,1.49,1938777600.0,1200408600.0,-0.29,-0.29,-1.14,-14.55
2116,301320,豪江智能,13.84,0.87,0.12,12166.0,16852776.0,2.04,13.94,13.66,13.72,13.72,0.75,1.07,220.21,2.38,2519018400.0,1580654982.0,0.0,0.0,-2.54,-18.2
2117,600458,时代新材,11.61,0.87,0.1,103586.0,119459169.0,1.74,11.63,11.43,11.52,11.51,0.84,1.19,15.98,1.33,11054029144.0,10091052264.0,0.26,0.17,-25.15,-11.44
2118,300220,金运激光,11.64,0.87,0.1,19890.0,23115522.0,2.95,11.72,11.38,11.55,11.54,0.73,1.32,-183.11,29.96,1759968000.0,1757865211.0,-0.09,0.09,0.34,-18.89
2119,002161,远 望 谷,7.04,0.86,0.06,148856.0,103721920.0,2.58,7.04,6.86,7.03,6.98,0.6,2.01,-27.18,3.58,5207892096.0,5206849824.0,0.28,0.28,27.08,-3.56
2120,002485,ST雪发,5.84,0.86,0.05,12079.0,7012148.0,1.55,5.84,5.75,5.79,5.79,0.55,0.22,-61.26,3.16,3176960000.0,3176960000.0,0.34,0.52,25.59,39.05
2121,688391,钜泉科技,25.92,0.86,0.22,12412.0,31939121.0,2.68,26.1,25.41,25.96,25.7,0.94,1.07,110.19,1.62,2996194925.0,2996194925.0,0.04,0.08,-11.2,-7.53
2122,688345,博力威,53.06,0.86,0.45,15569.0,82421841.0,5.4,54.01,51.17,51.17,52.61,1.12,1.54,37.29,4.26,5405346360.0,5379548588.0,0.11,0.02,8.55,71.16
2123,000670,盈方微,7.04,0.86,0.06,234216.0,164586104.0,1.72,7.09,6.97,7.06,6.98,0.5,2.82,-181.5,183.96,5955449118.0,5846368542.0,0.14,0.14,-18.42,-4.61
2124,301113,雅艺科技,17.62,0.86,0.15,13106.0,23004251.22,2.86,17.79,17.29,17.3,17.47,0.93,1.83,241.78,3.07,2084446000.0,1262723398.0,0.0,-0.51,3.46,-3.45
2125,301707,展芯股份,73.75,0.85,0.62,30973.0,227983445.44,2.54,74.74,72.88,73.75,73.13,0.72,11.45,105.75,12.38,30325257338.0,1995126595.0,-0.01,0.01,214.5,214.5
2126,920978,开特股份,20.16,0.85,0.17,11948.0,23978138.83,2.4,20.28,19.8,19.91,19.99,0.86,1.18,25.24,4.4,3629373915.0,2034848552.0,0.1,0.15,-10.44,-45.04
2127,002038,双鹭药业,5.93,0.85,0.05,135121.0,79872671.2,1.36,5.94,5.86,5.88,5.88,0.4,1.59,-11.94,1.24,6092185500.0,5053515081.0,0.0,0.17,10.63,-19.43
2128,603838,*ST四通,11.93,0.85,0.1,50020.0,61343899.0,8.28,12.81,11.83,11.88,11.83,1.43,1.56,-74.06,4.41,3817790880.0,3817790880.0,-0.42,0.51,33.59,59.49
2129,301292,海科新源,61.82,0.85,0.52,55171.0,340665039.23,4.21,62.71,60.13,60.68,61.3,0.96,6.48,16.61,4.44,13773234996.0,5266393686.0,0.02,0.02,-9.78,-4.02
2130,688788,科思科技,30.84,0.85,0.26,27730.0,84997039.0,3.7,31.12,29.99,30.53,30.58,0.54,1.27,-19.16,4.08,6751004634.0,6751004634.0,0.36,0.49,-20.41,-36.1
2131,000525,红太阳,4.77,0.85,0.04,142125.0,67648123.0,1.69,4.79,4.71,4.74,4.73,0.49,1.28,31.05,2.37,6215017318.0,5303095224.0,0.0,-0.21,6.95,-12.64
2132,603566,普莱柯,10.69,0.85,0.09,35570.0,38026739.0,1.42,10.76,10.61,10.69,10.6,1.09,1.03,23.92,1.45,3699405698.0,3699405698.0,0.09,0.09,6.16,-11.14
2133,300664,鹏鹞环保,4.72,0.85,0.04,39759.0,18748581.0,1.28,4.74,4.68,4.71,4.68,0.57,0.55,10.96,0.81,3553500767.0,3422849062.0,0.0,0.0,-0.21,-10.27
2134,603733,仙鹤股份,18.98,0.85,0.16,92173.0,175162481.0,2.66,19.2,18.7,18.88,18.82,0.71,1.13,14.35,1.46,15511466305.0,15511466305.0,0.0,0.0,-32.84,-19.13
2135,300962,中金辐照,13.19,0.84,0.11,14094.0,18570491.0,1.68,13.25,13.03,13.19,13.08,0.63,0.53,41.97,3.33,3482185021.0,3482185021.0,0.0,0.08,0.0,-18.28
2136,688533,上声电子,20.29,0.84,0.17,6722.0,13624277.0,2.24,20.45,20.0,20.17,20.12,0.62,0.41,42.05,1.92,3347588442.0,3347588442.0,0.05,0.15,-11.82,-29.77
2137,688273,麦澜德,28.94,0.84,0.24,8355.0,24080715.0,1.6,29.03,28.57,28.81,28.7,0.67,0.84,39.39,2.17,2894000000.0,2894000000.0,-0.03,0.17,-28.19,-31.14
2138,600258,首旅酒店,12.05,0.84,0.1,197942.0,238800853.0,2.01,12.16,11.92,11.95,11.95,0.7,1.77,15.26,1.12,13455067668.0,13455067668.0,0.08,0.08,-2.03,-26.07
2139,002863,今飞凯达,4.83,0.84,0.04,91147.0,44046489.6,2.09,4.88,4.78,4.79,4.79,0.81,1.52,29.22,1.02,2895505566.0,2895505566.0,0.21,0.21,0.42,-17.58
2140,688577,浙海德曼,43.38,0.84,0.36,10110.0,43582554.0,4.37,44.0,42.12,43.88,43.02,1.02,0.65,72.33,6.61,6758240476.0,6758240476.0,-0.09,-0.46,-5.35,-37.04
2141,002876,三利谱,29.95,0.84,0.25,19145.0,57212012.26,2.76,30.32,29.5,30.0,29.7,0.54,1.29,37.06,2.14,5207853713.0,4461034830.0,0.17,0.07,1.08,25.68
2142,600386,北巴传媒,3.59,0.84,0.03,66601.0,23891140.0,2.53,3.64,3.55,3.56,3.56,0.83,0.83,-56.49,1.77,2894976000.0,2894976000.0,0.28,0.28,2.57,-18.22
2143,301010,晶雪节能,17.96,0.84,0.15,17238.0,30935570.0,1.35,18.05,17.81,17.95,17.81,1.26,1.6,143.23,2.33,1939680000.0,1939680000.0,0.0,-0.44,-2.18,-18.92
2144,002774,快意电梯,15.62,0.84,0.13,70424.0,109829964.0,3.42,15.81,15.28,15.5,15.49,0.72,2.5,149.42,4.64,5259064998.0,4401277625.0,-0.32,-0.26,43.57,73.94
2145,002005,德豪润达,2.41,0.84,0.02,110118.0,26374852.43,2.09,2.42,2.37,2.4,2.39,0.67,0.63,-460.19,13.93,4223343908.0,4222303511.0,0.42,0.42,-15.44,-2.82
2146,603798,康普顿,14.39,0.84,0.12,72426.0,104479790.0,4.2,14.69,14.09,14.34,14.27,1.66,2.82,42.56,3.04,3690310464.0,3690310464.0,0.21,0.14,-9.67,-12.31
2147,300295,*ST三六,12.1,0.83,0.1,19626.0,23640721.0,2.33,12.15,11.87,11.98,12.0,0.71,1.17,443.78,2.12,2294325939.0,2028920692.0,-0.08,-0.08,14.15,-3.43
2148,300415,伊之密,19.41,0.83,0.16,50546.0,97874421.0,2.6,19.56,19.06,19.24,19.25,1.28,1.11,14.2,2.75,9094790050.0,8820430768.0,0.0,0.0,-7.0,-23.79
2149,603096,新经典,15.84,0.83,0.13,22595.0,35773704.0,2.67,16.05,15.63,15.63,15.71,0.93,1.46,27.66,1.35,2443076444.0,2443076444.0,-0.19,-0.88,4.83,-5.83
2150,603019,中科曙光,83.38,0.83,0.69,209307.0,1735339334.0,2.03,83.56,81.88,83.0,82.69,0.71,1.43,62.79,5.29,121994594070.0,121989471203.0,0.0,0.02,1.5,-2.12
2151,003009,中天火箭,47.53,0.83,0.39,24022.0,113981165.27,1.87,47.89,47.01,47.22,47.14,0.67,1.46,231.16,3.86,7829018878.0,7827587512.0,0.06,0.11,-21.59,-39.48
2152,601126,四方股份,41.29,0.83,0.34,191629.0,791122017.0,2.86,41.97,40.8,41.77,40.95,0.99,2.32,33.44,7.13,34398926095.0,34067776166.0,-0.12,-0.1,-38.54,40.63
2153,301607,富特科技,42.38,0.83,0.35,109221.0,459532950.63,4.26,42.99,41.2,42.0,42.03,0.88,7.2,31.43,5.24,9922375535.0,6432914362.0,0.43,0.12,12.03,48.49
2154,000705,浙江震元,7.27,0.83,0.06,47996.0,34725667.0,1.11,7.27,7.19,7.19,7.21,1.0,1.7,-90.65,1.25,2429076289.0,2049887513.0,0.28,0.0,8.67,-19.67
2155,600821,金开新能,6.09,0.83,0.05,431895.0,262189987.0,1.49,6.12,6.03,6.07,6.04,0.71,2.2,74.35,1.37,11981008964.0,11981008964.0,-0.16,0.0,-7.16,19.41
2156,300721,怡达股份,21.84,0.83,0.18,37379.0,81811793.2,2.35,22.08,21.57,21.67,21.66,0.57,2.7,58.47,3.23,3600252780.0,3022565233.0,0.18,0.18,-26.22,71.56
2157,002277,友阿股份,6.07,0.83,0.05,220384.0,133575748.0,2.82,6.11,5.94,5.96,6.02,0.87,1.58,59.75,1.31,8462628896.0,8462628896.0,0.0,0.0,-5.75,-12.79
2158,301633,港迪技术,66.8,0.83,0.55,29945.0,193971151.45,6.73,67.45,62.99,66.07,66.25,1.31,11.74,-76.91,4.16,3719424000.0,1704515026.0,0.0,0.04,39.75,-3.77
2159,001282,三联锻造,16.02,0.82,0.13,14787.0,23694300.0,2.08,16.15,15.82,15.89,15.89,0.66,0.97,45.15,2.16,3559413312.0,2446689744.0,0.0,0.06,-5.32,-24.58
2160,301287,康力源,42.89,0.82,0.35,8345.0,35765873.76,3.78,43.64,42.03,42.54,42.54,0.79,4.9,123.77,2.45,2859476300.0,730474602.0,0.26,0.07,17.57,3.4
2161,600556,天下秀,4.92,0.82,0.04,435609.0,213980935.0,3.28,4.96,4.8,4.87,4.88,0.65,2.41,-64.97,2.38,8894118399.0,8894118399.0,0.0,0.0,0.82,-18.81
2162,002116,中国海诚,7.38,0.82,0.06,58159.0,42871790.6,2.46,7.48,7.3,7.43,7.32,1.97,1.05,17.25,1.48,4125072092.0,4074888874.0,0.14,0.14,1.37,-11.93
2163,920870,恒进感应,12.28,0.82,0.1,10367.0,12602446.8,2.79,12.35,12.01,12.15,12.18,0.7,1.57,76.91,3.66,1645520000.0,810515612.0,0.41,0.57,-8.9,-29.59
2164,000551,创元科技,12.24,0.82,0.1,91574.0,111724611.98,1.81,12.29,12.07,12.19,12.14,0.81,1.89,16.51,1.94,5933132483.0,5928590598.0,-0.08,-0.08,-17.46,-16.39
2165,000566,海南海药,4.92,0.82,0.04,384163.0,187806318.95,2.05,4.92,4.82,4.9,4.88,0.54,2.96,-15.05,-48.41,6383036420.0,6379545257.0,0.2,0.2,26.8,-31.19
2166,600716,凤凰股份,3.71,0.82,0.03,50043.0,18460832.0,2.72,3.73,3.63,3.7,3.68,0.8,0.53,-5.84,0.85,3472784789.0,3472784789.0,0.0,0.0,-1.07,-4.13
2167,002347,泰尔股份,6.26,0.81,0.05,152691.0,95452426.0,2.09,6.31,6.18,6.2,6.21,0.67,3.09,-79.96,2.89,3159436248.0,3088576960.0,-0.63,-0.48,-3.54,-49.43
2168,600173,卧龙新能,6.22,0.81,0.05,36101.0,22383813.0,2.11,6.24,6.11,6.16,6.17,0.68,0.52,145.99,1.22,4357148838.0,4356589038.0,0.48,0.16,-4.89,-12.76
2169,301129,瑞纳智能,23.54,0.81,0.19,22930.0,53990985.7,2.74,23.77,23.13,23.61,23.35,0.72,3.4,138.07,1.75,3198318596.0,1588302650.0,0.0,0.0,1.55,-0.3
2170,301097,天益医疗,34.87,0.81,0.28,9068.0,31344979.84,3.87,35.24,33.9,34.34,34.59,0.88,2.29,88.28,2.8,2845719534.0,1380516237.0,0.37,0.14,-2.52,-5.6
2171,301503,智迪科技,22.4,0.81,0.18,17955.0,40357457.15,5.13,23.1,21.96,22.2,22.22,0.83,3.11,432.38,2.13,2329600000.0,1291763200.0,-0.04,-0.4,-1.23,-18.46
2172,601865,福莱特,9.98,0.81,0.08,133548.0,133861735.0,2.73,10.14,9.87,9.91,9.9,0.93,0.7,-32.2,1.1,23381952620.0,18972239720.0,-0.1,0.0,-6.47,-35.7
2173,000034,神州数码,23.65,0.81,0.19,145219.0,342537094.37,1.79,23.75,23.33,23.62,23.46,0.67,1.71,24.24,2.1,24045893030.0,20082346440.0,0.0,0.04,5.91,-14.74
2174,300672,国科微,171.36,0.81,1.38,100501.0,1714609479.73,4.71,175.0,167.0,172.0,169.98,0.84,4.78,95.03,9.28,37202676175.0,36043461589.0,0.17,0.17,-36.13,59.23
2175,002247,聚力文化,2.48,0.81,0.02,182303.0,45168960.0,2.44,2.5,2.44,2.46,2.46,0.96,2.83,68.54,3.07,2110157722.0,1595776205.0,0.0,-0.4,4.2,-11.74
2176,300409,道氏技术,17.41,0.81,0.14,104760.0,182439280.18,2.43,17.64,17.22,17.25,17.27,0.8,1.5,23.47,1.69,13618954272.0,12120950917.0,-0.23,0.0,-16.22,-21.72
2177,002906,华阳集团,28.68,0.81,0.23,84142.0,238738821.4,2.46,28.78,28.08,28.47,28.45,0.75,1.6,18.76,2.11,15054678096.0,15048434230.0,0.0,-0.21,12.56,-4.65
2178,300293,蓝英装备,14.87,0.81,0.12,20163.0,29944048.0,1.42,14.93,14.72,14.85,14.75,0.64,0.6,-124.13,7.54,5032574636.0,5032574636.0,-0.13,-0.07,-14.74,-29.59
2179,002241,歌尔股份,23.6,0.81,0.19,580463.0,1369398807.17,1.92,23.79,23.34,23.6,23.41,0.78,1.85,28.6,2.21,83833599801.0,74238764284.0,-0.04,-0.04,2.56,-17.28
2180,300100,双林股份,21.16,0.81,0.17,43711.0,92844543.98,3.19,21.47,20.8,21.0,20.99,0.96,0.78,66.96,3.7,12251575250.0,11798657998.0,-0.19,-0.14,-26.73,-46.46
2181,000153,丰原药业,6.27,0.8,0.05,77139.0,48276521.04,1.45,6.3,6.21,6.24,6.22,0.64,1.67,20.44,1.35,2913578223.0,2889566631.0,-0.16,0.32,15.47,1.62
2182,920690,捷众科技,16.45,0.8,0.13,7257.0,11851211.04,2.08,16.47,16.13,16.27,16.32,0.55,1.3,21.89,2.36,1417825500.0,921673826.0,0.06,0.24,-9.71,-34.85
2183,300205,*ST天喻,5.02,0.8,0.04,10495.0,5234601.0,1.0,5.02,4.97,5.0,4.98,0.43,0.24,-15.0,5.59,2158881120.0,2158881120.0,0.6,0.4,-8.39,4.58
2184,688450,光格科技,32.96,0.8,0.26,10788.0,35826662.0,3.3,33.61,32.53,33.34,32.7,0.8,2.2,-76.56,2.34,2175360000.0,1612754949.0,-0.06,-0.09,-19.31,19.51
2185,001396,誉帆科技,32.88,0.8,0.26,5883.0,19378017.16,2.61,33.41,32.56,33.3,32.62,0.44,2.59,93.9,2.46,3514951438.0,746949427.0,0.0,-0.06,-16.86,-23.46
2186,301697,C贝特利,27.67,0.8,0.22,150394.0,420857757.9,8.82,29.33,26.91,27.45,27.45,0.62,34.19,38.26,4.41,7268909000.0,1217231911.0,0.07,-0.07,128.68,128.68
2187,300246,宝莱特,15.11,0.8,0.12,143487.0,217801707.82,3.34,15.39,14.89,15.08,14.99,1.55,6.78,-58.0,3.81,4000553926.0,3197962991.0,0.0,0.27,-4.73,86.54
2188,603590,康辰药业,30.27,0.8,0.24,12621.0,37979943.0,1.96,30.4,29.81,30.03,30.03,0.66,0.8,25.14,1.51,4813247139.0,4795024599.0,0.0,0.1,2.33,-23.17
2189,003013,地铁设计,16.46,0.8,0.13,43553.0,71525831.0,3.92,16.7,16.06,16.33,16.33,0.46,1.08,26.21,2.27,7553439369.0,6637191527.0,0.0,-0.06,12.43,18.76
2190,688356,键凯科技,80.44,0.8,0.64,29576.0,235944901.0,2.78,80.6,78.38,79.7,79.8,0.4,4.88,835.45,3.76,4878742308.0,4878742308.0,0.0,-0.01,15.38,-1.77
2191,603027,千禾味业,7.56,0.8,0.06,128561.0,96759060.0,1.47,7.56,7.45,7.47,7.5,0.63,0.97,25.05,3.02,10060383907.0,10060383907.0,0.27,0.27,-2.7,-21.66
2192,603041,美思德,11.36,0.8,0.09,24187.0,27548923.0,2.75,11.51,11.2,11.25,11.27,1.03,1.32,27.66,1.36,2080557781.0,2080557781.0,-0.26,0.09,-2.24,-4.78
2193,920035,精创电气,25.25,0.8,0.2,7761.0,19572942.47,4.95,25.96,24.72,24.99,25.05,0.57,4.93,27.47,3.0,1752855000.0,397354200.0,0.32,-0.2,-1.02,-23.97
2194,300459,汤姆猫,3.79,0.8,0.03,1158351.0,441251016.89,3.46,3.87,3.74,3.75,3.76,0.79,3.53,129.14,17.26,13324923459.0,12452958572.0,-0.26,0.0,3.55,-17.43
2195,603486,科沃斯,52.64,0.8,0.42,34974.0,183525230.0,2.2,52.87,51.72,52.22,52.22,0.66,0.61,12.22,3.03,30498591257.0,30247511670.0,-0.02,0.02,-1.72,-34.0
2196,300554,三超新材,21.37,0.8,0.17,18145.0,38869414.0,2.45,21.64,21.12,21.2,21.2,0.61,2.06,-130.94,4.99,2440701400.0,1877869602.0,-0.05,0.05,-25.33,-7.85
2197,001306,夏厦精密,55.28,0.8,0.44,5114.0,28362864.0,2.86,56.08,54.51,54.9,54.84,0.91,3.3,-32.65,2.76,3478632200.0,856840000.0,0.2,0.11,-7.94,-37.89
2198,300681,英搏尔,21.65,0.79,0.17,115660.0,249759146.0,3.31,21.94,21.23,21.44,21.48,0.94,5.01,28.17,2.12,6626098111.0,4997186426.0,0.23,0.23,-28.55,-13.4
2199,600759,ST洲际,2.55,0.79,0.02,979506.0,247446792.0,2.77,2.57,2.5,2.53,2.53,0.77,2.36,27.34,1.17,10579973664.0,10566398739.0,0.0,0.39,3.66,-18.27
2200,300481,濮阳惠成,14.02,0.79,0.11,42536.0,59730394.28,1.65,14.14,13.91,13.91,13.91,0.66,1.47,32.88,1.73,4091813241.0,4066532966.0,-0.07,-0.07,-17.29,-8.37
2201,603008,ST喜临门,8.97,0.79,0.07,46037.0,41063258.0,1.46,8.98,8.85,8.97,8.9,0.55,1.25,-45.63,0.94,3303583142.0,3303583142.0,0.22,0.45,-3.55,-56.2
2202,002758,浙农股份,8.95,0.79,0.07,114430.0,102767711.75,2.25,9.06,8.86,8.88,8.88,0.51,2.21,13.09,0.92,4643282366.0,4638317819.0,0.0,0.0,14.01,-8.3
2203,300239,东宝生物,5.13,0.79,0.04,56069.0,28783442.0,2.16,5.17,5.06,5.07,5.09,0.96,0.95,40.71,1.76,3045286836.0,3025556087.0,0.0,-0.19,6.21,-12.31
2204,301277,新天地,10.17,0.79,0.08,18748.0,19041958.38,1.59,10.21,10.05,10.05,10.09,0.58,0.48,32.81,2.6,3987437328.0,3987437328.0,0.0,0.1,9.35,-12.25
2205,000619,海螺新材,5.09,0.79,0.04,48377.0,24584917.7,1.58,5.11,5.03,5.06,5.05,0.8,1.34,-34.74,0.91,2245549350.0,1832400000.0,0.2,0.0,-1.17,-18.04
2206,300692,中赋科技,8.88,0.79,0.07,86997.0,77387521.99,2.61,9.0,8.77,8.81,8.81,0.53,1.66,51.28,1.56,4993011910.0,4665379373.0,-0.22,-0.11,11.56,5.97
2207,002323,*ST雅博,1.27,0.79,0.01,129418.0,16367228.0,0.79,1.27,1.26,1.27,1.26,0.56,0.61,-18.52,20.69,2693486030.0,2693023496.0,0.79,0.79,-14.19,-22.56
2208,603877,太平鸟,12.79,0.79,0.1,10478.0,13336347.0,2.21,12.83,12.55,12.65,12.69,0.67,0.22,29.54,1.37,6010082430.0,6002648332.0,0.08,0.0,-5.33,-10.12
2209,920081,欧伦电气,43.7,0.78,0.34,9038.0,39124570.51,1.82,43.77,42.98,43.5,43.36,0.66,5.29,9.74,1.87,3172620000.0,747270000.0,0.11,0.05,12.95,12.95
2210,000797,中国武夷,2.6,0.78,0.02,275253.0,71493099.77,3.1,2.63,2.55,2.57,2.58,0.47,1.75,-4.64,0.95,4083960964.0,4083492475.0,0.39,0.0,6.12,-33.84
2211,603767,中马传动,14.26,0.78,0.11,36182.0,51620117.0,2.9,14.45,14.04,14.19,14.15,0.75,1.17,167.76,3.2,4401085190.0,4401085190.0,-0.14,-0.28,-10.43,-40.71
2212,002789,*ST建艺,12.9,0.78,0.1,44508.0,57359855.0,4.38,13.13,12.57,12.76,12.8,1.01,2.84,-7.17,33.48,2059143331.0,2018569580.0,0.0,0.0,-5.43,23.09
2213,301290,东星医疗,28.31,0.78,0.22,10478.0,29709014.0,2.21,28.55,27.93,28.16,28.09,0.81,1.32,41.54,1.32,2835907086.0,2252868298.0,-0.07,-0.63,-1.53,13.38
2214,002375,亚厦股份,3.86,0.78,0.03,123099.0,47464646.74,1.57,3.88,3.82,3.85,3.83,0.44,0.92,16.84,0.63,5172386482.0,5137646339.0,0.0,0.0,4.32,5.18
2215,300663,科蓝软件,9.05,0.78,0.07,421710.0,375031444.29,3.79,9.06,8.72,8.95,8.98,1.13,9.16,-28.77,15.76,4329993369.0,4166511463.0,0.0,0.44,23.8,-48.7
2216,301515,港通医疗,19.34,0.78,0.15,10131.0,19616821.54,2.29,19.54,19.1,19.19,19.19,0.83,1.5,-52.69,1.6,1934000000.0,1306563017.0,0.36,0.0,-4.26,-3.59
2217,300493,润欣科技,12.85,0.78,0.1,68199.0,87493407.92,1.65,12.92,12.71,12.76,12.75,0.65,1.35,71.23,5.51,6585895454.0,6509955166.0,-0.08,-0.23,-3.24,-35.97
2218,603379,XD三美股,58.49,0.78,0.45,39870.0,232147644.0,2.34,58.75,57.39,58.39,58.04,0.61,0.65,16.68,4.37,35706918874.0,35706918874.0,-0.02,-0.07,-7.25,-0.86
2219,300194,福安药业,3.91,0.77,0.03,88200.0,34410520.25,1.55,3.93,3.87,3.88,3.88,0.51,0.91,24.28,1.06,4651775414.0,3786360651.0,0.26,0.0,8.01,-10.73
2220,600754,锦江酒店,19.74,0.77,0.15,176204.0,347777366.0,2.71,19.96,19.43,19.51,19.59,0.88,1.94,19.27,1.32,21004908840.0,17885309804.0,0.05,0.0,-1.45,-20.27
2221,002211,ST宏达,3.93,0.77,0.03,32572.0,12758284.0,1.79,3.95,3.88,3.91,3.9,0.46,0.75,416.2,35.12,1699629811.0,1699629811.0,0.0,0.0,3.15,23.2
2222,002045,国光电器,9.21,0.77,0.07,162234.0,148923483.65,1.75,9.25,9.09,9.2,9.14,0.44,2.89,-34.19,1.25,5180469646.0,5174480843.0,0.33,0.33,8.23,-34.96
2223,301024,霍普股份,33.83,0.77,0.26,13707.0,46294446.0,3.28,34.3,33.2,33.64,33.57,1.18,2.23,-51.96,6.39,2151080550.0,2082574800.0,-0.21,-0.29,-18.85,-4.35
2224,600530,ST交昂,3.93,0.77,0.03,26606.0,10388486.0,2.05,3.94,3.86,3.9,3.9,0.42,0.34,-108.98,9.82,3045435600.0,3045435600.0,0.26,0.0,-35.89,-38.98
2225,300785,值得买,36.66,0.77,0.28,92078.0,334798455.82,2.67,36.89,35.92,36.88,36.38,0.73,7.08,403.92,3.77,7290033208.0,4769584338.0,0.25,0.16,-5.64,-15.98
2226,601598,中国外运,6.56,0.77,0.05,165759.0,108655972.0,2.46,6.62,6.46,6.51,6.51,1.02,0.32,13.64,1.14,47059808049.0,33833004689.0,0.31,0.0,17.35,11.0
2227,300017,网宿科技,15.77,0.77,0.12,1254161.0,1952988955.2,2.94,15.82,15.36,15.76,15.65,0.7,5.3,56.56,3.86,39356948933.0,37319225639.0,0.06,0.13,10.82,58.97
2228,920837,华原股份,10.48,0.77,0.08,6567.0,6859561.52,3.37,10.69,10.34,10.54,10.4,0.36,0.48,15.84,2.72,1600575680.0,1433536008.0,0.38,0.38,-4.12,-26.82
2229,002449,国星光电,6.58,0.77,0.05,79927.0,52355951.51,1.53,6.6,6.5,6.53,6.53,0.7,1.29,-41.68,1.09,4069579772.0,4069579772.0,0.0,0.0,-9.99,-22.22
2230,002303,美盈森,5.25,0.77,0.04,291559.0,152246205.0,1.92,5.27,5.17,5.23,5.21,0.51,2.73,30.95,1.82,8039449346.0,5603658506.0,0.0,0.19,70.45,32.91
2231,600039,四川路桥,9.23,0.76,0.07,262885.0,242673239.0,2.07,9.3,9.11,9.11,9.16,0.66,0.3,12.98,1.59,80260301653.0,80260301653.0,0.11,0.0,18.49,-2.74
2232,600094,大名城,4.0,0.76,0.03,193705.0,77333439.0,2.52,4.03,3.93,3.97,3.97,0.95,0.91,464.74,0.9,9299800180.0,8504919800.0,0.0,-0.25,2.56,-3.85
2233,601298,青岛港,9.28,0.76,0.07,101575.0,93613994.0,1.52,9.28,9.14,9.2,9.21,1.12,0.19,10.9,1.28,60237408000.0,50038456000.0,0.76,0.43,2.65,14.0
2234,301238,瑞泰新材,15.82,0.76,0.12,48298.0,76329512.25,1.4,15.88,15.66,15.76,15.7,0.66,0.66,32.07,1.59,11601332806.0,11601332806.0,-0.25,0.06,-27.93,-21.68
2235,688722,同益中,14.65,0.76,0.11,20054.0,29534397.0,2.06,14.88,14.58,14.62,14.54,0.56,0.89,23.55,2.23,3283141180.0,3283141180.0,0.14,0.07,-14.33,-24.68
2236,603396,金辰股份,29.08,0.76,0.22,46364.0,134201726.0,2.49,29.2,28.48,29.08,28.86,0.56,3.35,60.04,1.54,4028379060.0,4028379060.0,0.07,0.07,-1.12,-12.93
2237,301559,中集环科,13.19,0.76,0.1,14199.0,18701681.15,1.76,13.25,13.02,13.21,13.09,1.23,1.58,87.54,1.76,7914000000.0,1187100000.0,-0.08,-0.23,-1.64,-15.93
2238,000862,银星能源,5.29,0.76,0.04,72117.0,38030642.36,1.33,5.3,5.23,5.25,5.25,0.65,1.15,22.24,1.1,4855980342.0,3321945896.0,0.0,0.0,-9.73,-9.42
2239,301070,开勒股份,66.45,0.76,0.5,23075.0,153419385.3,2.7,67.3,65.52,65.56,65.95,1.06,2.72,397.29,11.29,8384284627.0,5635881662.0,0.05,0.2,-4.85,50.95
2240,301318,维海德,21.35,0.76,0.16,9444.0,20166032.0,2.03,21.53,21.1,21.19,21.19,0.97,1.01,81.88,1.58,2888631195.0,1989397163.0,0.19,-0.28,2.69,-21.54
2241,003021,兆威机电,73.02,0.75,0.54,28206.0,206927328.46,3.01,74.18,72.0,72.1,72.48,0.62,1.36,130.97,3.86,19552755252.0,15189424195.0,-0.01,0.1,-24.9,-41.02
2242,603207,小方制药,25.41,0.75,0.19,71628.0,181231663.0,2.38,25.57,24.97,25.11,25.22,0.77,13.12,19.47,3.55,4110920310.0,1387460858.0,0.04,-0.08,14.93,-10.05
2243,003043,华亚智能,68.84,0.75,0.51,42694.0,296577763.76,3.07,70.6,68.5,69.73,68.33,0.69,4.54,136.92,4.73,9913655422.0,6472143635.0,0.04,0.04,-15.63,49.26
2244,688517,金冠电气,16.1,0.75,0.12,13127.0,21086449.0,2.32,16.2,15.83,15.98,15.98,0.52,0.96,60.1,2.94,2199472262.0,2199472262.0,-0.06,-0.06,-8.52,6.55
2245,600567,山鹰国际,1.35,0.75,0.01,202453.0,27244837.0,0.75,1.35,1.34,1.34,1.34,0.32,0.33,-6.14,0.57,8377368443.0,8377368443.0,0.0,0.0,-6.25,-20.12
2246,002249,大洋电机,6.71,0.75,0.05,375596.0,252151083.05,3.0,6.81,6.61,6.66,6.66,0.83,2.02,19.8,1.7,16553483797.0,12505941207.0,-0.15,-0.15,-15.6,-37.29
2247,002584,西陇科学,8.06,0.75,0.06,142243.0,114565965.0,1.63,8.1,7.97,8.0,8.0,0.61,2.96,59.84,2.13,4716844361.0,3877983064.0,0.0,0.0,1.64,-12.49
2248,000950,重药控股,5.36,0.75,0.04,134506.0,71750414.84,1.13,5.36,5.3,5.33,5.32,0.5,0.79,18.04,0.78,9180490595.0,9180490595.0,0.19,0.19,2.68,-6.94
2249,002021,中捷资源,2.69,0.75,0.02,223497.0,60182651.3,2.62,2.72,2.65,2.68,2.67,0.98,1.87,-1076.55,5.21,3215833999.0,3215727927.0,0.0,0.0,11.16,8.91
2250,600187,*ST国中,1.34,0.75,0.01,147148.0,19643606.0,1.5,1.35,1.33,1.33,1.33,0.81,0.91,372.47,0.74,2162466678.0,2162466678.0,0.0,0.75,-11.84,-46.18
2251,000981,山子高科,2.68,0.75,0.02,1292273.0,345927567.14,1.5,2.69,2.65,2.67,2.66,0.58,1.36,434.54,9.28,26793221980.0,25495794329.0,0.0,-0.37,-16.25,-35.58
2252,002162,悦心健康,4.05,0.75,0.03,66202.0,26803193.5,1.49,4.07,4.01,4.01,4.02,0.72,0.72,349.35,4.5,3724788908.0,3719202565.0,0.0,0.0,9.76,-13.09
2253,601021,春秋航空,44.22,0.75,0.33,52747.0,232800723.0,1.82,44.35,43.55,43.64,43.89,1.19,0.54,20.75,2.44,43261903965.0,43261903965.0,-0.09,-0.14,-1.82,-25.04
2254,002301,齐心集团,8.05,0.75,0.06,109390.0,88183790.76,2.25,8.12,7.94,7.99,7.99,0.65,1.52,37.96,1.89,5828263861.0,5779809220.0,0.0,0.25,9.97,5.37
2255,002748,世龙实业,12.23,0.74,0.09,32693.0,39876948.0,2.14,12.28,12.02,12.07,12.14,0.78,1.36,14.67,1.99,2935200000.0,2935200000.0,0.16,-0.08,10.98,-4.75
2256,603025,大豪科技,13.53,0.74,0.1,70854.0,95991340.0,2.16,13.72,13.43,13.45,13.43,0.97,0.64,14.2,5.47,15108339079.0,15007134679.0,-0.07,0.0,-2.24,-22.73
2257,688130,晶华微,23.15,0.74,0.17,12137.0,28148654.0,2.31,23.41,22.88,22.98,22.98,0.72,2.01,-692.95,2.26,2798628826.0,1395599926.0,0.0,0.09,-5.32,10.55
2258,603391,力聚热能,71.0,0.74,0.52,21604.0,151944816.0,5.18,71.89,68.24,70.14,70.48,0.99,9.5,98.52,2.99,6461000000.0,1615250000.0,-0.38,-0.27,27.24,10.99
2259,300823,建科智能,14.94,0.74,0.11,28491.0,42410983.62,2.49,15.02,14.65,14.72,14.83,0.85,3.28,38.23,2.06,1956881941.0,1296107255.0,-0.2,-0.13,-4.72,-2.8
2260,300039,上海凯宝,5.41,0.74,0.04,124204.0,66919902.0,1.3,5.41,5.34,5.35,5.37,0.44,1.35,27.76,1.32,5658860000.0,4959036336.0,0.0,0.0,21.3,-8.77
2261,605289,罗曼股份,103.51,0.74,0.76,26542.0,277294505.0,3.2,106.35,103.06,104.0,102.75,0.94,1.74,109.74,11.55,15796712855.0,15783606833.0,-0.02,-0.09,-3.96,121.22
2262,002860,星帅尔,17.78,0.74,0.13,77290.0,137168686.13,2.89,17.97,17.46,17.63,17.65,0.44,2.23,31.22,2.66,6261140162.0,6150784574.0,0.17,0.06,35.83,27.0
2263,920163,方大新材,10.88,0.74,0.08,6129.0,6645992.98,2.87,10.98,10.67,10.87,10.8,0.62,1.01,22.59,2.69,1399604941.0,660215101.0,0.0,0.28,5.22,-24.29
2264,300249,依米康,13.54,0.74,0.1,137949.0,186270072.82,3.05,13.67,13.26,13.5,13.44,0.59,3.69,147.84,9.57,6207083978.0,5065444241.0,0.07,0.15,-8.27,-7.45
2265,000516,国际医学,4.08,0.74,0.03,89648.0,36433892.0,0.99,4.08,4.04,4.06,4.05,0.71,0.41,-69.92,2.81,9134698752.0,8995373313.0,0.25,0.0,3.55,-4.9
2266,000028,国药一致,20.34,0.74,0.15,28885.0,58628574.42,1.39,20.4,20.12,20.19,20.19,1.32,0.55,10.27,0.66,12452587019.0,10695973728.0,-0.1,-0.15,1.55,-6.57
2267,300157,新锦动力,4.07,0.74,0.03,221863.0,90039256.43,1.98,4.09,4.01,4.09,4.04,0.41,3.02,-84.06,-20.5,3114954992.0,2985104390.0,-0.25,0.25,-2.63,-10.35
2268,002567,唐人神,4.08,0.74,0.03,774599.0,315567120.61,3.46,4.14,4.0,4.01,4.05,2.22,5.41,-2.79,1.57,5846849683.0,5841198998.0,-0.24,-0.24,18.95,-7.27
2269,600889,*ST京化,13.84,0.73,0.1,14699.0,20265098.0,2.26,13.94,13.63,13.74,13.74,0.84,0.4,86.53,5.14,8118396562.0,5070228778.0,0.14,0.14,-14.46,-18.11
2270,603297,永新光学,108.33,0.73,0.78,12074.0,131109466.0,2.99,110.22,107.0,108.22,107.55,0.53,1.09,62.79,5.84,11995283403.0,11995283403.0,0.02,0.01,-6.93,3.76
2271,300815,玉禾田,15.27,0.73,0.11,36520.0,55564043.16,1.98,15.32,15.02,15.21,15.16,0.86,0.93,9.93,1.29,6086499840.0,5988280268.0,-0.2,-0.2,-19.25,-31.92
2272,002575,群兴玩具,5.54,0.73,0.04,252481.0,139138796.0,4.18,5.62,5.39,5.43,5.5,0.83,4.32,-35.14,4.27,3415410000.0,3237163270.0,0.0,0.0,-7.2,-10.36
2273,300636,同和药业,6.88,0.73,0.05,41231.0,28404894.8,2.05,6.94,6.8,6.81,6.83,0.87,1.12,58.79,1.22,2889266286.0,2527094706.0,0.0,-0.29,1.18,-7.9
2274,603285,键邦股份,31.66,0.73,0.23,28322.0,89251460.0,3.69,32.06,30.9,31.56,31.43,0.56,4.55,36.33,2.95,5065600000.0,1972316055.0,0.03,0.13,-29.39,31.37
2275,600580,卧龙电驱,28.85,0.73,0.21,194555.0,561753612.0,2.06,29.17,28.58,28.64,28.64,0.72,1.25,64.09,4.13,45067090192.0,44937697942.0,0.03,0.03,-15.37,-41.03
2276,300791,仙乐健康,17.87,0.73,0.13,14658.0,26071997.18,1.24,17.89,17.67,17.8,17.74,0.77,0.57,18.01,1.92,5507992759.0,4601520407.0,0.06,0.11,4.63,-30.55
2277,300535,达威股份,16.47,0.73,0.12,16295.0,26832145.64,2.2,16.62,16.26,16.34,16.35,0.79,2.01,-101.66,1.85,1762617144.0,1336722428.0,0.3,0.43,8.64,-7.26
2278,300669,沪宁股份,23.35,0.73,0.17,12592.0,29502200.95,6.82,24.08,22.5,22.5,23.18,0.71,0.69,678.44,5.19,4499674032.0,4261373529.0,-0.43,-0.38,-17.08,-10.95
2279,688184,ST帕瓦,11.04,0.73,0.08,4018.0,4435861.0,1.92,11.15,10.94,10.96,10.96,0.79,0.41,19.2,1.57,1730276391.0,1083773991.0,0.18,0.18,-0.72,18.97
2280,603069,海汽集团,13.98,0.72,0.1,57587.0,80114557.0,3.1,14.19,13.76,13.92,13.88,1.28,1.82,-49.47,5.9,4417680000.0,4417680000.0,0.0,-0.14,-1.62,-48.51
2281,300002,神州泰岳,8.35,0.72,0.06,400679.0,334921128.47,2.53,8.45,8.24,8.24,8.29,1.15,2.16,21.5,2.09,16425901781.0,15456259593.0,0.0,0.12,15.81,-27.14
2282,920489,佳先股份,12.66,0.72,0.09,12637.0,15968494.89,1.91,12.78,12.54,12.65,12.57,0.52,1.46,-277.62,3.62,1727573472.0,1099211197.0,-0.16,-0.16,-20.88,-29.67
2283,688606,奥泰生物,46.05,0.72,0.33,1382.0,6342577.0,1.57,46.12,45.4,45.72,45.72,0.59,0.18,34.26,0.93,3483882956.0,3483882956.0,-0.09,-0.07,-2.42,-26.81
2284,603076,乐惠国际,21.02,0.72,0.15,11295.0,23729762.0,1.68,21.17,20.82,21.03,20.87,0.73,0.94,66.57,1.98,2537142251.0,2537142251.0,-0.1,0.0,-8.61,-9.55
2285,920261,一诺威,14.0,0.72,0.1,16477.0,22877091.33,2.73,14.08,13.7,13.86,13.9,0.91,1.03,14.7,2.5,4075858472.0,2243446758.0,0.07,0.21,-0.43,-4.31
2286,688621,阳光诺和,71.16,0.72,0.51,51025.0,363586854.0,5.62,72.97,69.0,71.85,70.65,1.22,4.56,-163.32,6.63,7969920000.0,7969920000.0,0.23,0.17,36.64,14.83
2287,002799,环球印务,6.96,0.72,0.05,44018.0,30570339.89,2.17,7.02,6.87,6.97,6.91,0.89,1.38,103.83,1.74,2227478400.0,2227449168.0,-0.14,0.0,0.43,-18.41
2288,600515,海南机场,2.83,0.71,0.02,808921.0,228156180.0,1.78,2.84,2.79,2.81,2.81,0.69,0.88,136.13,1.34,32333626174.0,25968115398.0,0.0,0.0,-5.03,-46.9
2289,603515,欧普照明,15.58,0.71,0.11,10872.0,16883453.0,1.29,15.61,15.41,15.45,15.47,0.56,0.15,22.74,1.74,11564718489.0,11494153553.0,0.13,0.13,-13.49,-10.61
2290,600216,浙江医药,12.77,0.71,0.09,124732.0,159401085.0,2.37,12.92,12.62,12.68,12.68,0.83,1.31,10.13,1.05,12280114068.0,12149243596.0,0.0,0.0,8.87,-5.96
2291,600463,空港股份,8.49,0.71,0.06,30713.0,26080094.0,2.37,8.56,8.36,8.39,8.43,0.91,1.02,-38.2,3.0,2547000000.0,2547000000.0,0.24,0.0,-5.67,-25.0
2292,603132,金徽股份,19.88,0.71,0.14,61997.0,123340287.0,3.65,20.22,19.5,19.5,19.74,0.55,0.63,23.78,6.34,19442640000.0,19442640000.0,-0.45,-0.2,20.05,40.89
2293,605099,共创草坪,29.96,0.71,0.21,14414.0,43124839.0,2.18,30.24,29.59,29.67,29.75,0.63,0.36,15.93,3.82,12063775571.0,12047705027.0,-0.13,0.03,-14.45,-14.06
2294,000955,欣龙控股,4.27,0.71,0.03,73318.0,31406315.0,2.59,4.33,4.22,4.22,4.24,0.82,1.36,-372.85,3.56,2298946650.0,2298595976.0,-0.47,-0.47,5.17,-31.35
2295,002083,孚日股份,9.97,0.71,0.07,213465.0,211757242.4,1.62,9.98,9.82,9.95,9.9,0.8,2.26,11.71,1.95,9437990950.0,9434693871.0,0.3,0.1,6.63,-14.13
2296,600847,万里股份,12.77,0.71,0.09,16707.0,21381537.0,2.92,12.94,12.57,12.65,12.68,0.74,1.09,-26.7,4.28,1957480098.0,1957480098.0,-0.31,-0.47,-16.75,9.9
2297,601112,振石股份,15.58,0.71,0.11,26540.0,41288616.0,1.1,15.62,15.45,15.57,15.47,0.72,1.45,29.16,4.13,27114907998.0,2847065830.0,0.0,0.0,-10.82,41.51
2298,300960,通业科技,16.94,0.71,0.12,13555.0,23047666.4,2.62,17.15,16.71,17.04,16.82,0.85,1.03,117.71,3.71,2458763076.0,2228955036.0,0.0,0.06,-2.08,-32.72
2299,600897,厦门空港,15.59,0.71,0.11,35148.0,54556410.0,1.61,15.61,15.36,15.47,15.48,1.46,0.84,13.0,1.58,6500001060.0,6500001060.0,0.0,0.19,-1.39,-7.31
2300,002272,川润股份,17.01,0.71,0.12,218604.0,370994074.56,2.84,17.18,16.7,17.15,16.89,0.72,5.22,-123.93,5.61,8247762873.0,7126012449.0,0.12,0.12,-18.77,4.04
2301,603610,麒盛科技,14.26,0.71,0.1,36474.0,51859408.0,2.82,14.4,14.0,14.13,14.16,0.7,1.03,86.73,1.66,5033660515.0,5033660515.0,-0.07,0.21,-17.67,-24.59
2302,920982,锦波生物,121.86,0.71,0.86,5575.0,67679918.9,2.67,123.0,119.77,121.0,121.0,0.66,1.01,24.91,6.88,14021862332.0,6758977817.0,0.06,0.21,-24.54,-47.74
2303,000514,渝 开 发,4.29,0.7,0.03,124888.0,53499807.9,2.35,4.32,4.22,4.25,4.26,0.37,1.48,-496.11,1.0,3619777440.0,3619777440.0,0.0,-0.46,1.9,-12.63
2304,603277,银都股份,11.43,0.7,0.08,19501.0,22103356.0,1.94,11.43,11.21,11.34,11.35,0.63,0.32,19.9,2.55,6991890620.0,6969397066.0,0.09,0.09,4.29,-30.64
2305,301055,张小泉,27.21,0.7,0.19,21658.0,58739197.25,2.26,27.42,26.81,27.0,27.02,0.43,1.42,61.18,6.3,4244760000.0,4154087464.0,-0.07,0.22,-14.43,40.91
2306,002022,科华生物,5.77,0.7,0.04,36740.0,21069953.0,1.4,5.77,5.69,5.73,5.73,0.73,0.71,-14.3,1.2,2968071694.0,2967649763.0,0.17,0.35,13.58,-2.86
2307,688480,赛恩斯,70.6,0.7,0.49,5399.0,38180288.0,1.67,71.29,70.12,70.2,70.11,0.57,0.57,49.41,5.48,6730028237.0,6730028237.0,0.01,0.28,-26.78,38.24
2308,002823,凯中精密,13.18,0.69,0.09,23647.0,31142613.0,1.3,13.23,13.06,13.13,13.09,0.61,1.06,20.61,2.13,4316427199.0,2939663417.0,0.0,0.0,-20.7,-16.69
2309,300230,永利股份,4.39,0.69,0.03,67696.0,29687375.72,1.61,4.41,4.34,4.34,4.36,0.79,1.07,15.56,1.12,3570007006.0,2764920771.0,-0.23,-0.23,-1.13,-4.57
2310,605266,健之佳,16.05,0.69,0.11,12862.0,20638150.0,1.0,16.11,15.95,16.08,15.94,0.69,0.83,23.11,0.98,2480413994.0,2480413994.0,0.06,0.0,-4.24,-10.83
2311,002291,遥望科技,5.82,0.69,0.04,367627.0,212814678.0,1.9,5.84,5.73,5.73,5.78,0.42,4.23,17.61,1.86,5399623454.0,5058309071.0,0.17,0.34,10.02,-8.92
2312,301408,华人健康,14.5,0.69,0.1,47471.0,68885592.0,1.67,14.61,14.37,14.4,14.4,0.65,2.07,21.34,2.74,5800145000.0,3319905935.0,0.0,-0.07,-7.94,-21.45
2313,605151,西上海,19.01,0.69,0.13,14465.0,27622428.0,2.75,19.29,18.77,18.87,18.88,1.14,1.08,37.37,1.84,2557875760.0,2557875760.0,-0.11,-0.16,-0.83,0.64
2314,603959,ST百利,4.36,0.69,0.03,47949.0,20928690.0,1.85,4.41,4.33,4.35,4.33,0.55,0.98,-8.22,-25.94,2137703605.0,2137703605.0,0.23,0.0,12.08,-24.04
2315,002221,东华能源,5.87,0.69,0.04,148256.0,86594315.27,1.89,5.9,5.79,5.84,5.83,0.72,1.01,21.48,0.94,9251869992.0,8576088708.0,-0.17,0.0,-4.08,-27.53
2316,002158,汉钟精机,27.55,0.69,0.19,126146.0,344203930.28,3.36,27.72,26.8,27.39,27.36,0.66,2.36,26.27,3.38,14731650029.0,14700325955.0,0.07,0.25,0.29,12.08
2317,600711,盛屯矿业,11.6,0.69,0.08,787879.0,899688514.0,3.13,11.64,11.28,11.34,11.52,0.77,2.55,9.94,2.01,35851093992.0,35851093992.0,0.0,0.09,-10.77,-23.23
2318,301005,超捷股份,65.94,0.69,0.45,41455.0,272522153.17,2.37,66.37,64.82,64.82,65.49,0.72,2.25,539.27,15.54,12394439465.0,12141934500.0,-0.08,-0.02,-35.0,-40.52
2319,600062,华润双鹤,16.13,0.69,0.11,50074.0,80550993.0,0.81,16.15,16.02,16.06,16.02,0.98,0.48,8.85,1.37,16752173651.0,16746575508.0,-0.06,0.12,-3.93,-9.94
2320,601098,中南传媒,10.23,0.69,0.07,120594.0,122478933.0,1.97,10.28,10.08,10.17,10.16,0.87,0.67,9.85,1.13,18373080000.0,18373080000.0,0.0,0.0,-0.29,-5.37
2321,600079,ST人福,18.86,0.69,0.13,62173.0,117387372.0,1.44,18.99,18.72,18.79,18.73,0.71,0.4,11.58,1.59,30783781700.0,29104351602.0,-0.05,0.0,12.0,6.98
2322,001328,登康口腔,30.52,0.69,0.21,21509.0,64772519.26,3.76,30.55,29.41,30.38,30.31,1.12,1.33,25.92,3.57,5254744376.0,4935599788.0,0.16,-0.1,-0.26,-20.99
2323,920717,瑞星股份,7.31,0.69,0.05,11688.0,8516001.14,4.41,7.45,7.13,7.27,7.26,0.77,2.64,-41.88,1.56,838310800.0,323686800.0,0.0,0.14,-1.62,-34.14
2324,920028,新恒泰,14.68,0.69,0.1,9905.0,14458839.07,2.74,14.77,14.37,14.59,14.58,0.41,1.52,23.43,2.08,2412804800.0,953606928.0,-0.34,-0.14,-20.22,56.17
2325,001215,千味央厨,30.86,0.69,0.21,14671.0,45330967.0,2.12,31.15,30.5,30.97,30.65,0.88,1.51,46.9,1.61,2998371364.0,2990384672.0,0.0,-0.19,-27.66,-19.84
2326,301353,普莱得,19.26,0.68,0.13,14228.0,27477778.9,2.61,19.51,19.01,19.29,19.13,1.11,3.49,32.27,1.9,2446344974.0,786325574.0,-0.52,-0.47,2.18,-4.56
2327,301069,凯盛新材,16.24,0.68,0.11,29095.0,47155808.64,1.36,16.29,16.07,16.2,16.13,0.65,0.68,39.05,3.18,7359549479.0,6930813479.0,-0.06,0.0,-28.14,-41.37
2328,603045,福达合金,50.32,0.68,0.34,84915.0,424457193.0,4.16,50.88,48.8,49.0,49.98,0.65,6.27,10.99,5.01,6815600200.0,6815600200.0,0.0,0.08,-30.94,158.05
2329,920735,德源药业,26.47,0.68,0.18,17378.0,45553090.36,2.28,26.5,25.9,26.13,26.29,0.55,1.52,13.27,2.46,3415889681.0,3021099292.0,0.0,0.0,9.93,-13.33
2330,603070,万控智造,11.89,0.68,0.08,16424.0,19469171.0,1.86,12.0,11.78,12.0,11.81,0.73,0.41,-127.24,2.24,4767890000.0,4767890000.0,0.0,0.17,-18.45,-7.69
2331,688321,微芯生物,25.35,0.68,0.17,50033.0,126912447.0,2.1,25.53,25.0,25.35,25.18,0.62,1.13,78.65,4.63,11228570625.0,11228570625.0,-0.08,-0.12,0.4,-13.07
2332,001270,铖昌科技,96.76,0.68,0.65,38624.0,372992332.65,2.23,97.7,95.56,96.23,96.11,0.87,1.89,130.7,12.61,19943677821.0,19816763051.0,0.0,0.0,-22.99,5.78
2333,600757,长江传媒,7.38,0.68,0.05,99482.0,73106599.0,1.36,7.39,7.29,7.31,7.33,0.69,0.82,9.27,0.9,8956739015.0,8955608620.0,0.14,0.0,-3.78,-12.87
2334,600293,三峡新材,2.94,0.68,0.02,192625.0,56486955.0,1.37,2.95,2.91,2.94,2.92,0.58,1.66,-21.22,2.07,3410826435.0,3410826435.0,-0.34,0.0,-13.78,-6.67
2335,600307,酒钢宏兴,1.49,0.68,0.01,264533.0,39370694.0,2.03,1.5,1.47,1.48,1.48,0.68,0.42,-21.57,1.76,9332402562.0,9332402562.0,-0.67,0.0,-5.1,-9.7
2336,600846,同济科技,11.83,0.68,0.08,32097.0,38026481.0,2.38,11.94,11.66,11.82,11.75,1.08,0.51,29.97,1.71,7390928734.0,7390928734.0,0.0,0.0,15.08,-9.14
2337,300306,远方信息,10.44,0.68,0.07,21641.0,22587590.0,2.41,10.56,10.31,10.56,10.37,0.94,1.37,43.21,1.94,2807929642.0,1645877860.0,-0.1,0.0,0.38,-22.61
2338,300978,东箭科技,8.89,0.68,0.06,19025.0,16890783.55,1.81,8.92,8.76,8.76,8.83,0.67,0.66,28.17,2.38,3757827350.0,2552223157.0,0.11,0.0,-0.34,-27.07
2339,603817,海峡环保,5.9,0.68,0.04,122672.0,72376679.0,2.56,5.97,5.82,5.86,5.86,1.23,2.15,11.66,1.01,3363495830.0,3363495830.0,0.17,0.17,0.85,-16.31
2340,300149,睿智医药,8.99,0.67,0.06,101071.0,90636739.23,2.24,9.03,8.83,8.9,8.93,0.54,2.1,-73.24,3.5,4539822405.0,4329451703.0,0.22,0.22,14.09,-5.96
2341,002258,利尔化学,14.96,0.67,0.1,309231.0,458711023.21,3.43,15.06,14.55,14.9,14.86,1.29,3.87,23.99,1.5,11974540931.0,11954250189.0,0.07,0.13,13.59,16.42
2342,605020,永和股份,33.18,0.67,0.22,83191.0,272902260.0,3.46,33.38,32.24,33.0,32.96,0.74,1.65,16.52,2.81,16948965229.0,16687017889.0,-0.06,-0.09,-1.51,25.49
2343,600721,百花医药,12.02,0.67,0.08,881052.0,1050393863.0,5.36,12.14,11.5,11.68,11.94,0.76,22.91,156.58,5.77,4622262573.0,4622262573.0,0.08,0.25,54.7,-1.48
2344,603677,奇精机械,13.61,0.67,0.09,11250.0,15258177.0,2.81,13.75,13.37,13.47,13.52,0.79,0.58,243.41,2.35,2621297773.0,2621297773.0,0.0,0.22,-6.84,-24.3
2345,300713,英可瑞,13.54,0.67,0.09,16874.0,22854173.15,2.9,13.72,13.33,13.72,13.45,0.83,1.89,-26.15,5.08,2150704567.0,1210575262.0,0.07,0.0,-1.53,-21.73
2346,301048,金鹰重工,9.18,0.66,0.06,30205.0,27632141.0,1.32,9.19,9.07,9.13,9.12,0.77,0.57,24.23,1.71,4896000612.0,4896000612.0,0.0,0.11,1.66,-18.69
2347,002114,罗平锌电,7.62,0.66,0.05,81192.0,61904836.0,3.3,7.7,7.45,7.51,7.57,0.87,2.51,-18.72,3.55,2464271935.0,2464238071.0,0.0,-0.26,1.06,-9.5
2348,600789,鲁抗医药,7.63,0.66,0.05,118843.0,90316128.0,1.45,7.65,7.54,7.6,7.58,0.42,1.18,28.86,1.52,7974798006.0,7708575243.0,-0.13,0.0,7.31,-15.13
2349,600143,金发科技,13.78,0.66,0.09,179173.0,247034410.0,1.39,13.87,13.68,13.68,13.69,0.83,0.68,26.89,1.88,36838051483.0,36307902666.0,-0.14,-0.07,-12.9,-28.75
2350,002129,TCL中环,9.2,0.66,0.06,440476.0,403832054.54,1.64,9.22,9.07,9.13,9.14,0.62,1.09,-5.8,2.02,37196555760.0,37164329430.0,0.11,0.11,-7.82,7.35
2351,300571,平治信息,29.11,0.66,0.19,38781.0,113073320.16,2.59,29.45,28.7,28.9,28.92,0.64,3.35,-213.85,3.33,4061668638.0,3366198164.0,0.0,-0.07,-25.34,5.28
2352,920037,广信科技,39.8,0.66,0.26,7016.0,27841817.29,3.01,40.29,39.1,39.55,39.54,0.66,0.9,21.1,5.59,5096313226.0,3115859614.0,0.03,0.2,-6.46,-33.14
2353,001239,永达股份,12.18,0.66,0.08,9208.0,11195593.0,1.49,12.23,12.05,12.11,12.1,0.67,0.81,420.13,2.15,2923200000.0,1388520000.0,-0.16,0.08,-12.44,-25.37
2354,603107,上海汽配,12.13,0.66,0.08,14883.0,18077064.0,2.07,12.26,12.01,12.05,12.05,0.89,0.68,32.44,1.95,4091873550.0,2646450596.0,0.0,0.0,-2.96,-16.52
2355,920855,浙江大农,15.2,0.66,0.1,44689.0,68789404.1,5.83,15.84,14.96,14.96,15.1,0.76,6.67,47.8,1.97,1135946662.0,1018961047.0,0.2,0.2,14.89,-14.75
2356,301009,可靠股份,9.24,0.65,0.06,19371.0,17836997.46,2.4,9.29,9.07,9.2,9.18,0.65,1.28,-158.81,1.93,2511986400.0,1395563659.0,0.0,-0.11,2.21,-26.43
2357,301012,扬电科技,23.28,0.65,0.15,51455.0,119534655.59,2.12,23.39,22.9,23.21,23.13,0.46,2.61,73.94,3.84,4585232571.0,4585232571.0,-0.09,0.0,-12.94,-11.85
2358,605189,富春染织,13.93,0.65,0.09,47185.0,65629686.0,1.45,13.97,13.77,13.77,13.84,0.46,1.98,9.23,1.29,3318612700.0,3318612700.0,-0.07,0.14,5.21,-10.53
2359,003023,彩虹集团,26.17,0.65,0.17,29970.0,77903089.0,3.27,26.5,25.65,26.01,26.0,0.53,2.85,58.8,1.77,2756789672.0,2750998617.0,-0.08,-0.04,15.49,17.3
2360,603757,大元泵业,72.88,0.65,0.47,154638.0,1107639565.0,7.58,74.5,69.01,70.4,72.41,1.0,8.29,215.82,6.46,13595564236.0,13595564236.0,0.04,0.32,55.39,64.92
2361,002282,博深股份,6.2,0.65,0.04,26766.0,16574372.0,1.46,6.24,6.15,6.18,6.16,0.7,0.53,20.46,0.91,3266397758.0,3159125172.0,0.16,0.0,1.14,-13.89
2362,600526,菲达环保,4.68,0.65,0.03,57896.0,26946911.0,1.29,4.69,4.63,4.67,4.65,0.75,0.66,14.23,0.89,4158057571.0,4090372135.0,0.21,0.21,4.23,-11.86
2363,300144,宋城演艺,6.17,0.65,0.04,507428.0,312203492.29,1.63,6.19,6.09,6.11,6.13,1.07,1.97,23.19,2.22,16096757504.0,15928459623.0,0.0,0.0,-2.83,-22.29
2364,300712,永福股份,20.21,0.65,0.13,10450.0,21184416.0,2.54,20.49,19.98,20.43,20.08,0.83,0.56,-72.1,3.05,3790305367.0,3774015602.0,0.0,-0.05,-3.21,-23.1
2365,000707,双环科技,4.67,0.65,0.03,57552.0,26798089.0,1.94,4.7,4.61,4.65,4.64,0.88,1.05,-18.29,1.01,2730629291.0,2571785761.0,0.0,0.0,-1.27,-22.81
2366,688488,艾迪药业,15.54,0.65,0.1,29333.0,45339606.0,2.07,15.62,15.3,15.39,15.44,0.37,0.7,142.56,7.15,6538964836.0,6538964836.0,0.0,0.19,21.12,-4.84
2367,000548,湖南投资,4.66,0.65,0.03,51986.0,24207243.0,1.51,4.68,4.61,4.64,4.63,0.88,1.04,51.37,1.13,2326345679.0,2326345679.0,0.22,-0.21,4.02,-13.86
2368,920023,*ST田野,1.54,0.65,0.01,28807.0,4401117.26,1.31,1.54,1.52,1.52,1.53,0.42,1.07,263.47,0.42,504048160.0,413965136.0,0.65,0.65,-26.32,-67.37
2369,600210,紫江企业,6.15,0.65,0.04,235173.0,144316757.0,2.62,6.22,6.06,6.13,6.11,1.44,1.55,8.57,1.39,9327927372.0,9327927372.0,0.0,-0.16,-1.6,-12.14
2370,001333,光华股份,20.19,0.65,0.13,13878.0,27889486.0,1.89,20.28,19.9,20.06,20.06,1.06,1.88,30.73,1.48,2584320000.0,1494060000.0,0.1,0.35,-2.98,-4.49
2371,603137,恒尚节能,20.24,0.65,0.13,84088.0,170154207.0,2.78,20.57,20.01,20.17,20.11,0.59,4.6,62.12,3.11,3702570680.0,3702570680.0,-0.05,0.25,72.11,47.31
2372,002106,莱宝高科,10.79,0.65,0.07,138218.0,149258186.15,2.15,10.93,10.7,10.78,10.72,0.58,1.96,40.02,1.36,7615756366.0,7606905135.0,-0.09,0.28,-10.53,-0.64
2373,301335,天元宠物,24.93,0.65,0.16,24722.0,61128899.72,4.36,25.35,24.27,24.64,24.77,0.78,2.8,79.16,1.63,3186001647.0,2203573844.0,-0.04,-0.2,15.36,-13.26
2374,001225,和泰机电,47.69,0.65,0.31,12389.0,58420431.0,4.94,48.09,45.75,47.48,47.38,1.33,1.93,119.63,2.26,3127071452.0,3065718267.0,-0.15,0.21,10.37,-16.13
2375,002374,中锐股份,3.14,0.64,0.02,113499.0,35534901.5,1.6,3.15,3.1,3.11,3.12,0.72,1.05,-12.55,6.67,3407557149.0,3407557149.0,-0.32,-0.32,-2.18,-12.78
2376,000063,中兴通讯,33.28,0.64,0.21,555771.0,1843539676.83,1.15,33.37,32.99,33.1,33.07,0.67,1.38,28.92,2.11,159196041039.0,134039234601.0,0.0,0.0,-7.4,-11.09
2377,002920,德赛西威,88.56,0.64,0.56,69049.0,609276308.0,2.61,89.3,87.0,88.18,88.0,0.82,1.16,21.23,3.29,52853431077.0,52836826077.0,0.09,0.02,1.85,-25.62
2378,605158,华达新材,7.9,0.64,0.05,50631.0,39846902.0,2.42,7.97,7.78,7.83,7.85,0.51,0.99,66.78,1.64,4040218000.0,4040218000.0,0.13,0.13,25.2,-1.13
2379,603368,柳药集团,15.78,0.64,0.1,28533.0,44797735.0,1.15,15.78,15.6,15.66,15.68,0.83,0.72,8.49,0.8,6267995182.0,6267995182.0,0.06,0.06,-1.07,-8.04
2380,600742,富维股份,7.81,0.64,0.05,31260.0,24383725.0,1.42,7.85,7.74,7.8,7.76,0.8,0.42,15.25,0.68,5803282043.0,5803282043.0,0.0,-0.26,-1.14,-19.98
2381,688186,广大特材,14.05,0.64,0.09,20455.0,28686749.0,2.01,14.1,13.82,14.0,13.96,0.86,0.73,159.63,0.86,3940875452.0,3940875452.0,0.07,0.0,-15.82,-38.05
2382,003038,鑫铂股份,11.02,0.64,0.07,28908.0,31794516.8,2.01,11.07,10.85,10.94,10.95,0.91,1.78,-25.47,0.97,2681225255.0,1785585455.0,0.09,0.0,-11.98,-30.25
2383,601136,首创证券,15.64,0.64,0.1,457638.0,728553961.0,7.01,16.5,15.41,15.45,15.54,1.0,1.67,31.82,3.09,42749340632.0,42749340632.0,0.13,0.0,11.63,-16.45
2384,000597,东北制药,4.81,0.63,0.03,74647.0,35867114.36,1.67,4.84,4.76,4.78,4.78,0.57,0.53,40.92,1.24,6863524955.0,6778269975.0,0.21,0.0,6.18,-6.96
2385,002389,航天彩虹,19.1,0.63,0.12,214559.0,408671566.85,3.9,19.4,18.66,18.85,18.98,0.8,2.18,124.8,2.34,18811896001.0,18809050197.0,-0.05,-0.1,0.63,-20.15
2386,600444,国机通用,14.35,0.63,0.09,21299.0,30600441.0,1.82,14.45,14.19,14.32,14.26,0.85,1.45,32.05,2.75,2101154724.0,2101154724.0,-0.21,-0.28,2.14,-21.02
2387,300767,震安科技,19.02,0.63,0.12,41394.0,78814739.56,3.07,19.29,18.71,18.99,18.9,0.56,1.73,535.31,3.43,5255055353.0,4562743386.0,0.05,-0.05,-0.42,-8.56
2388,603158,腾龙股份,11.19,0.63,0.07,131410.0,146600486.0,2.7,11.3,11.0,11.12,11.12,0.62,2.68,24.03,2.4,5491717956.0,5491717956.0,0.0,0.09,-11.89,6.17
2389,002968,新大正,9.66,0.63,0.06,29278.0,28170389.8,1.56,9.68,9.53,9.58,9.6,0.55,1.37,15.09,1.7,2185843384.0,2058935076.0,0.1,0.1,1.15,-20.56
2390,002818,富森美,11.1,0.63,0.07,55951.0,61647637.8,1.9,11.12,10.91,10.96,11.03,1.33,1.88,6.66,1.39,8307894234.0,3311764820.0,0.09,0.09,-1.42,2.78
2391,688526,科前生物,12.86,0.63,0.08,15479.0,19954400.0,1.64,12.99,12.78,12.88,12.78,0.75,0.33,25.9,1.49,5994406800.0,5994406800.0,-0.08,0.08,2.23,-12.04
2392,603786,科博达,39.77,0.63,0.25,14652.0,58038977.0,1.67,39.84,39.18,39.43,39.52,0.53,0.36,25.97,2.83,16061380959.0,16061380959.0,-0.03,0.03,-14.25,-48.67
2393,002263,大东南,3.17,0.63,0.02,283813.0,89750570.0,1.59,3.18,3.13,3.14,3.15,0.72,1.51,302.22,2.14,5954401517.0,5954353967.0,0.32,0.0,-15.92,-4.8
2394,600172,黄河旋风,15.89,0.63,0.1,2431383.0,3815177039.0,8.49,16.2,14.86,15.49,15.79,0.94,18.93,-51.56,67.81,22916311324.0,20407187081.0,0.0,0.19,34.32,178.28
2395,688298,东方生物,19.07,0.63,0.12,7886.0,15024576.0,1.21,19.15,18.92,19.13,18.95,0.66,0.39,-8.65,0.67,3844512000.0,3844512000.0,0.21,0.21,-1.5,-18.61
2396,300024,机器人,14.37,0.63,0.09,175869.0,252830884.15,1.61,14.48,14.25,14.29,14.28,0.98,1.12,-59.49,5.55,22497958682.0,22491560540.0,-0.07,0.0,-4.2,-21.0
2397,600493,凤竹纺织,6.42,0.63,0.04,50437.0,32321910.0,1.88,6.47,6.35,6.43,6.38,0.75,1.85,675.16,1.56,1746240000.0,1746240000.0,0.31,0.16,7.0,-12.77
2398,300267,尔康制药,3.25,0.62,0.02,180570.0,58657367.25,1.86,3.27,3.21,3.22,3.23,0.61,1.27,75.37,1.67,6703465828.0,4622728796.0,-0.31,0.0,-5.8,-4.69
2399,600261,阳光照明,3.23,0.62,0.02,58226.0,18788331.0,1.25,3.24,3.2,3.2,3.21,0.51,0.44,43.65,1.27,4312221080.0,4312221080.0,0.0,0.31,1.25,-0.31
2400,300587,天铁科技,4.88,0.62,0.03,207580.0,101464624.56,3.3,4.96,4.8,4.85,4.85,0.69,1.97,98.29,2.78,6335551729.0,5136749054.0,0.21,0.0,4.27,-20.39
2401,300342,天银机电,32.5,0.62,0.2,82932.0,269427410.36,2.54,32.87,32.05,32.29,32.3,0.81,1.97,278.22,8.78,13813641173.0,13661602110.0,-0.03,0.0,-39.12,-1.84
2402,300142,沃森生物,13.06,0.62,0.08,419709.0,545968741.67,1.31,13.06,12.89,12.89,12.98,0.41,2.66,192.72,2.99,20887491945.0,20606728248.0,0.08,0.15,14.16,21.38
2403,002597,金禾实业,21.2,0.62,0.13,55826.0,118771296.0,2.18,21.49,21.03,21.24,21.07,0.81,0.99,23.56,1.51,12048381414.0,11998697433.0,-0.05,-0.14,-4.68,3.11
2404,300057,万顺新材,6.45,0.62,0.04,155584.0,100262585.36,2.34,6.49,6.34,6.39,6.41,0.56,1.87,55.6,1.15,6473035936.0,5359795123.0,0.0,0.16,-21.72,13.56
2405,688599,天合光能,11.32,0.62,0.07,256660.0,290090448.0,1.42,11.37,11.21,11.31,11.25,0.68,1.1,-49.13,1.3,26517866206.0,26517866206.0,-0.18,-0.18,-22.73,-31.6
2406,600152,维科技术,8.13,0.62,0.05,92530.0,75130790.0,2.72,8.2,7.98,8.08,8.08,0.78,1.75,-57.69,2.64,4301415319.0,4301415319.0,-0.12,0.25,-22.57,11.37
2407,300294,博雅生物,14.56,0.62,0.09,31398.0,45597718.13,1.17,14.59,14.42,14.46,14.47,0.67,0.62,71.71,0.99,7341861625.0,7341861625.0,0.07,0.0,-13.07,-35.38
2408,603310,巍华新材,14.51,0.62,0.09,9324.0,13488273.0,0.76,14.51,14.4,14.47,14.42,0.6,0.48,35.12,1.24,5010883400.0,2815085100.0,0.0,0.07,-5.78,-12.64
2409,605567,春雪食品,9.69,0.62,0.06,39191.0,38004125.0,2.6,9.79,9.54,9.62,9.63,0.94,1.96,47.36,1.74,1938000000.0,1938000000.0,0.1,0.0,8.63,-11.1
2410,002228,合兴包装,3.24,0.62,0.02,292886.0,94658699.52,2.48,3.28,3.2,3.27,3.22,1.42,2.42,20.71,1.32,3931369438.0,3918202337.0,0.0,0.0,2.86,-27.52
2411,688105,诺唯赞,19.62,0.62,0.12,44994.0,88493899.0,2.0,19.85,19.46,19.5,19.5,0.53,0.87,462.63,2.81,10143246956.0,10143246956.0,-0.05,0.05,39.94,30.63
2412,002412,汉森制药,9.74,0.62,0.06,497073.0,481446391.13,3.0,9.79,9.5,9.55,9.68,0.57,9.98,22.99,2.09,4901168000.0,4849010300.0,0.0,0.1,63.42,59.41
2413,600560,金自天正,11.51,0.61,0.07,18513.0,21283750.0,2.27,11.6,11.34,11.34,11.44,0.9,0.83,72.45,2.58,2574159705.0,2574159705.0,0.26,0.35,-3.52,-29.26
2414,300437,清水源,11.46,0.61,0.07,43661.0,50075756.5,2.11,11.57,11.33,11.42,11.39,0.51,2.51,-798.4,2.03,2810027492.0,1991181842.0,-0.43,0.35,-4.26,-28.24
2415,600137,浪莎股份,18.05,0.61,0.11,15164.0,27436626.0,4.57,18.24,17.42,17.85,17.94,1.26,1.56,100.97,3.22,1754777463.0,1754777463.0,0.0,-0.39,-2.85,-5.15
2416,300877,金春股份,26.44,0.61,0.16,12525.0,33130891.0,2.47,26.85,26.2,26.28,26.28,0.47,1.04,50.39,1.91,3172800000.0,3172760340.0,-0.04,0.11,-2.29,-8.89
2417,002246,北化股份,21.48,0.61,0.13,113690.0,243956843.49,2.34,21.68,21.18,21.24,21.35,0.73,2.07,26.17,3.61,11793267375.0,11793267375.0,0.0,0.0,0.56,19.6
2418,301329,信音电子,19.65,0.61,0.12,22908.0,45074614.95,2.15,19.85,19.43,19.43,19.53,0.57,3.47,40.54,2.13,3344430000.0,1297686000.0,0.0,-0.1,-16.81,-15.95
2419,000919,金陵药业,6.6,0.61,0.04,66771.0,44065654.0,0.91,6.63,6.57,6.57,6.56,0.53,1.07,40.74,1.09,4104701885.0,4103338655.0,0.0,0.0,8.91,-15.92
2420,601599,浙文影业,3.32,0.61,0.02,225636.0,74507142.0,1.82,3.33,3.27,3.28,3.3,0.45,1.94,21.47,2.4,3853000944.0,3853000944.0,0.0,0.0,6.75,-16.58
2421,000690,宝新能源,4.98,0.61,0.03,482874.0,239599130.85,1.41,4.99,4.92,4.95,4.95,0.93,2.22,8.56,0.83,10835921553.0,10828851761.0,-0.2,0.0,-4.23,24.81
2422,001376,百通能源,11.64,0.61,0.07,112011.0,129897908.0,1.9,11.69,11.47,11.52,11.57,0.67,5.21,30.14,3.64,5687304000.0,2502487243.0,0.26,0.26,-2.92,-30.47
2423,300500,启迪设计,9.89,0.61,0.06,31759.0,31366238.0,2.14,9.98,9.77,9.87,9.83,0.69,1.89,21.58,1.7,1720611454.0,1657543775.0,0.1,0.2,-3.13,-28.59
2424,600283,钱江水利,8.21,0.61,0.05,26316.0,21596953.0,1.84,8.27,8.12,8.12,8.16,0.81,0.47,21.28,1.4,4604372413.0,4604372413.0,0.0,0.0,1.48,-7.75
2425,002630,*ST华西,1.69,0.6,0.01,65241.0,10981807.4,1.79,1.7,1.67,1.67,1.68,0.74,0.61,-17.47,-17.82,1995552000.0,1819350597.0,0.0,0.0,-8.15,-32.4
2426,600829,人民同泰,10.14,0.6,0.06,135504.0,137707496.0,2.68,10.3,10.03,10.1,10.08,0.78,2.34,36.3,1.9,5880070374.0,5880070374.0,0.0,0.2,20.71,-6.2
2427,603697,有友食品,9.99,0.6,0.06,45120.0,45028909.0,1.71,10.07,9.9,9.97,9.93,0.85,1.05,17.21,2.51,4272644059.0,4272644059.0,0.0,0.0,-12.75,-17.16
2428,688191,智洋创新,20.1,0.6,0.12,45095.0,90634881.0,2.5,20.35,19.85,19.99,19.98,0.73,1.37,-71.78,7.88,6592855034.0,6592855034.0,-0.25,-0.15,-36.65,-12.57
2429,001216,华瓷股份,15.06,0.6,0.09,24222.0,36385960.0,2.4,15.19,14.83,14.97,14.97,1.05,0.98,21.38,1.75,4396892570.0,3717353157.0,0.33,0.4,-1.7,-9.93
2430,002734,利民股份,16.9,0.6,0.1,122255.0,204809311.98,2.98,17.0,16.5,16.99,16.8,0.82,2.83,14.55,1.98,7970437387.0,7294131835.0,0.12,0.0,11.18,9.1
2431,001209,洪兴股份,18.54,0.6,0.11,15552.0,28853465.0,1.68,18.73,18.42,18.55,18.43,0.64,1.62,77.22,1.89,2438431229.0,1782187090.0,0.0,0.22,-1.7,-10.61
2432,300850,新强联,27.0,0.6,0.16,93964.0,254369311.23,2.2,27.36,26.77,27.0,26.84,0.44,3.05,13.59,1.53,11180317545.0,8304845706.0,0.04,0.04,-9.37,-34.27
2433,601567,三星电气,13.47,0.6,0.08,212248.0,283701451.0,1.79,13.5,13.26,13.4,13.39,1.09,1.51,17.34,1.61,18928170618.0,18928170618.0,0.07,0.15,-8.05,-41.13
2434,300683,海特生物,25.02,0.6,0.15,29370.0,73291136.0,1.93,25.14,24.66,24.87,24.87,0.83,2.4,-20.8,1.57,3274977663.0,3057434092.0,0.0,0.0,0.2,-9.77
2435,603579,荣泰健康,18.33,0.6,0.11,20460.0,37325909.0,1.65,18.37,18.07,18.12,18.22,0.67,1.02,16.42,1.34,3685289832.0,3685289832.0,0.0,0.16,-2.14,-21.36
2436,600609,金杯汽车,3.37,0.6,0.02,164210.0,55159283.0,2.39,3.39,3.31,3.36,3.35,1.18,1.26,23.66,2.58,4396362340.0,4396362340.0,-0.3,0.0,-2.03,-26.9
2437,688189,ST南新,6.75,0.6,0.04,19508.0,13160224.0,1.79,6.78,6.66,6.72,6.71,0.59,0.72,-24.78,2.36,1841598545.0,1841598545.0,0.0,-0.15,21.18,-15.31
2438,002216,三全食品,12.02,0.59,0.07,67693.0,80939407.27,1.92,12.04,11.81,11.95,11.95,0.96,1.07,14.48,2.44,10567792257.0,7578638716.0,0.08,0.0,-3.84,12.13
2439,002644,佛慈制药,8.57,0.59,0.05,37654.0,32270202.0,1.29,8.63,8.52,8.52,8.52,0.53,0.74,55.06,2.35,4376330490.0,4376330490.0,0.12,0.12,14.27,-0.58
2440,301138,华研精机,28.96,0.59,0.17,7507.0,21714812.55,1.74,29.12,28.62,28.88,28.79,0.54,1.1,39.59,2.93,3475200000.0,1985501654.0,0.07,0.07,7.7,-24.39
2441,301286,侨源股份,44.5,0.59,0.26,16078.0,71895599.0,4.57,45.39,43.37,43.37,44.24,0.85,1.0,64.49,9.23,17804450000.0,7177667461.0,0.0,-0.09,-27.81,6.36
2442,600679,上海凤凰,10.21,0.59,0.06,23939.0,24418563.0,1.38,10.28,10.14,10.18,10.15,0.71,0.7,70.73,2.46,5056954568.0,3509118364.0,0.1,0.0,8.62,-23.64
2443,605198,安德利,66.3,0.59,0.39,22039.0,146124125.0,3.1,67.24,65.2,65.88,65.91,0.97,0.81,88.18,8.03,21738974400.0,17936536800.0,-0.3,-0.3,2.79,77.65
2444,688283,坤恒顺维,27.16,0.59,0.16,7112.0,19344164.0,1.96,27.49,26.96,27.09,27.0,0.5,0.58,152.63,3.43,3308088000.0,3308088000.0,-0.04,0.11,-24.62,-32.17
2445,000809,和展能源,3.39,0.59,0.02,122805.0,41574792.0,2.37,3.41,3.33,3.35,3.37,1.0,1.49,147.11,1.05,2796042483.0,2796042483.0,-0.59,-0.59,-20.42,-6.87
2446,600612,老凤祥,34.0,0.59,0.2,14581.0,49370538.0,2.13,34.13,33.41,33.8,33.8,0.95,0.46,12.42,1.34,17786003976.0,10781727420.0,0.15,0.24,-0.18,-21.21
2447,002542,*ST中岩,1.71,0.59,0.01,117842.0,20007549.08,1.76,1.71,1.68,1.71,1.7,0.48,0.67,-9.0,-10.79,3088459622.0,3008300456.0,0.0,0.59,14.77,-48.8
2448,300514,友讯达,10.3,0.59,0.06,26818.0,27642850.63,2.25,10.39,10.16,10.2,10.24,1.0,1.67,-62.93,1.99,2060000000.0,1650660748.0,-0.1,-0.58,1.18,-21.43
2449,002313,日海智能,8.64,0.58,0.05,59769.0,51618258.4,1.98,8.73,8.56,8.59,8.59,0.54,1.6,111.78,37.58,3234816000.0,3234637152.0,0.0,0.0,6.01,-15.21
2450,002613,北玻股份,3.46,0.58,0.02,116634.0,40207503.5,2.03,3.48,3.41,3.44,3.44,0.62,1.51,276.75,1.72,3807967674.0,2676904829.0,0.29,0.29,-20.46,-6.99
2451,920260,中寰股份,8.61,0.58,0.05,8100.0,6918930.22,1.99,8.62,8.45,8.56,8.56,0.54,0.82,36.75,2.03,891565500.0,852051704.0,1.29,0.12,6.3,-20.13
2452,688121,*ST卓然,1.73,0.58,0.01,37946.0,6684415.0,3.49,1.79,1.73,1.76,1.72,0.63,1.87,-2.05,0.18,404152225.0,350613334.0,-0.57,-0.57,-73.3,-84.16
2453,601137,博威合金,20.7,0.58,0.12,110837.0,229035854.0,2.62,20.89,20.35,20.62,20.58,0.68,1.21,24.09,1.94,19005227492.0,19005227492.0,0.05,-0.05,-15.2,-2.95
2454,002522,浙江众成,5.22,0.58,0.03,125594.0,65435884.52,1.73,5.25,5.16,5.18,5.19,0.56,1.39,43.83,2.01,4728168400.0,4725194926.0,0.0,0.0,-23.8,-7.12
2455,603656,泰禾智能,17.31,0.58,0.1,9520.0,16399389.0,1.63,17.36,17.08,17.28,17.21,0.69,0.52,104.15,2.38,3166784147.0,3166784147.0,0.06,0.12,-4.99,-24.67
2456,301167,建研设计,13.84,0.58,0.08,18173.0,25233254.82,2.18,14.0,13.7,13.79,13.76,0.66,1.72,-152.68,1.66,1550080000.0,1464372257.0,-0.36,-0.22,-1.7,-14.36
2457,600335,国机汽车,5.21,0.58,0.03,107985.0,56114034.0,1.93,5.24,5.14,5.19,5.18,0.73,0.73,15.04,0.67,7749650407.0,7749650407.0,0.0,0.0,0.0,-18.97
2458,000570,苏常柴Ａ,5.23,0.58,0.03,67479.0,35284755.0,1.54,5.26,5.18,5.18,5.2,0.69,1.21,17.57,1.04,3690771812.0,2906271812.0,0.0,0.0,0.58,-5.6
2459,600299,安迪苏,8.62,0.58,0.05,327081.0,283040099.0,2.92,8.75,8.5,8.53,8.57,0.76,1.06,14.67,1.35,26547697195.0,26547697195.0,-0.12,-0.12,-14.31,-2.27
2460,002093,国脉科技,6.99,0.58,0.04,84061.0,58464314.71,1.58,7.01,6.9,6.96,6.95,0.91,0.83,-84.87,1.87,7042425000.0,7042425000.0,0.0,0.0,1.01,-38.9
2461,603211,晋拓股份,20.9,0.58,0.12,38973.0,81851626.0,2.45,21.2,20.69,20.69,20.78,0.81,1.43,155.22,4.51,5680787200.0,5680787200.0,0.14,0.0,-29.63,-6.99
2462,300496,中科创达,59.39,0.58,0.34,105704.0,624352533.2,2.71,59.98,58.38,59.05,59.05,0.88,2.86,55.83,2.59,27421375837.0,21946440151.0,-0.02,0.02,-0.65,-11.78
2463,301262,海看股份,20.89,0.58,0.12,114198.0,237906502.52,2.5,21.18,20.66,20.81,20.77,0.48,9.35,27.41,2.26,8711130000.0,2550154939.0,0.14,0.05,4.76,-14.1
2464,301581,黄山谷捷,36.69,0.58,0.21,4143.0,15253972.31,2.82,37.13,36.1,36.44,36.48,0.8,0.98,209.94,2.97,2935200000.0,1551785205.0,-0.14,-0.05,-16.82,-22.1
2465,300792,壹网壹创,26.06,0.58,0.15,129503.0,335964730.68,3.86,26.58,25.58,26.38,25.91,0.66,6.05,46.71,2.08,6193478443.0,5581665035.0,0.08,0.08,-10.63,-7.49
2466,300796,贝斯美,6.99,0.58,0.04,30567.0,21367915.5,1.58,7.04,6.93,7.03,6.95,0.6,0.85,214.42,1.47,2524388675.0,2519322218.0,0.0,0.14,-3.05,-19.38
2467,300183,东软载波,10.62,0.57,0.06,27456.0,29055422.0,1.8,10.65,10.46,10.62,10.56,0.83,0.74,-84.67,1.59,4912909035.0,3940952032.0,-0.09,0.0,-1.12,-28.39
2468,002693,双成药业,8.8,0.57,0.05,68785.0,60354978.0,1.83,8.82,8.66,8.75,8.75,0.7,1.67,133.89,8.56,3649269800.0,3616638045.0,0.11,0.23,-4.03,26.44
2469,603596,伯特利,30.13,0.57,0.17,232909.0,698011620.0,2.5,30.35,29.6,29.62,29.96,0.73,2.59,21.08,3.29,27045948278.0,27045948278.0,-0.03,-0.07,9.4,-12.39
2470,603879,永悦科技,5.27,0.57,0.03,71120.0,37612480.0,2.1,5.34,5.23,5.25,5.24,0.9,1.98,-73.81,7.97,1893745199.0,1893745199.0,-0.19,-0.38,8.66,-25.56
2471,603350,安乃达,28.42,0.57,0.16,4309.0,12262318.0,2.12,28.65,28.05,28.26,28.26,0.87,0.98,35.34,2.45,3310759480.0,1254018290.0,0.0,0.25,-5.3,-24.79
2472,000652,泰达股份,3.51,0.57,0.02,83193.0,29028395.8,1.15,3.51,3.47,3.49,3.49,0.76,0.57,46.09,0.95,5122262210.0,5118360870.0,0.0,0.29,-1.96,-15.63
2473,301587,中瑞股份,21.03,0.57,0.12,14020.0,29463107.64,2.1,21.17,20.73,20.92,20.91,0.62,1.91,54.87,1.55,3098308681.0,1544709545.0,0.19,0.05,-11.49,-10.13
2474,688486,龙迅股份,40.7,0.57,0.23,32759.0,133220380.0,2.82,41.11,39.97,41.0,40.47,1.05,1.75,46.21,5.0,7605658206.0,7605297523.0,-0.02,0.05,-19.29,-22.24
2475,600630,龙头股份,7.09,0.57,0.04,72376.0,51160588.0,1.7,7.12,7.0,7.02,7.05,0.54,1.7,48.1,3.75,3012268723.0,3012268723.0,0.14,0.28,-19.8,-21.13
2476,688258,卓易信息,94.99,0.57,0.54,29668.0,280779911.0,3.67,96.6,93.13,94.45,94.45,0.78,2.45,54.16,11.6,11507301093.0,11507301093.0,0.15,0.27,-21.82,24.22
2477,301300,远翔新材,33.42,0.57,0.19,4567.0,15265538.0,2.14,33.72,33.01,33.21,33.23,0.5,1.17,44.95,2.68,2186637180.0,1305878579.0,0.0,0.0,-3.41,-20.45
2478,000526,学大教育,37.35,0.57,0.21,39741.0,148044866.0,2.88,37.87,36.8,37.2,37.14,0.83,3.27,7.57,3.68,4551512421.0,4537035561.0,0.05,0.13,42.88,-4.77
2479,301669,高特电子,26.41,0.57,0.15,28385.0,74814724.66,2.32,26.61,26.0,26.35,26.26,0.74,3.47,158.77,7.3,12676800000.0,2162650063.0,-0.04,-0.08,-30.83,273.02
2480,002566,益盛药业,7.05,0.57,0.04,44695.0,31442733.0,1.57,7.08,6.97,7.02,7.01,0.43,1.93,43.48,1.05,2333208780.0,1636323344.0,-0.42,-0.28,3.98,-6.62
2481,301131,聚赛龙,33.52,0.57,0.19,6573.0,22072735.7,2.46,33.84,33.02,33.33,33.33,0.7,1.68,242.67,1.71,1832284754.0,1312471477.0,-0.06,-0.21,-6.55,-30.3
2482,002387,维信诺,7.06,0.57,0.04,92731.0,65462971.08,2.14,7.16,7.01,7.14,7.02,0.65,0.66,-3.25,5.6,9861380064.0,9848674182.0,0.0,0.0,-10.75,-18.1
2483,301487,盟固利,15.8,0.57,0.09,93024.0,146602942.6,2.16,15.91,15.57,15.78,15.71,0.69,2.02,121.36,3.77,7261939720.0,7261939720.0,-0.06,0.0,-25.08,-27.92
2484,688002,睿创微纳,181.48,0.57,1.03,130402.0,2335707484.0,4.98,183.28,174.3,180.54,180.45,1.0,2.8,33.54,10.64,84487954112.0,84487954112.0,0.03,0.0,40.02,80.56
2485,688325,赛微微电,108.45,0.57,0.61,7772.0,83552695.0,2.77,108.99,106.0,108.02,107.84,0.89,0.95,150.44,5.53,9377284008.0,8912570119.0,0.51,0.26,-17.68,25.72
2486,002900,哈三联,12.31,0.57,0.07,72472.0,88967354.0,1.8,12.35,12.13,12.24,12.24,0.49,3.66,-44.06,2.25,3894324511.0,2436680792.0,0.0,0.16,24.22,-1.2
2487,002079,苏州固锝,8.95,0.56,0.05,158909.0,142066958.08,1.24,8.99,8.88,8.94,8.9,0.73,1.96,52.6,2.01,8130972281.0,7259581083.0,0.0,0.11,-22.64,-6.09
2488,301367,瑞迈特,46.72,0.56,0.26,20414.0,95273373.82,1.89,47.16,46.28,46.83,46.46,0.81,2.12,23.12,1.91,5853285066.0,4489537983.0,-0.06,0.04,8.02,-23.2
2489,300019,硅宝科技,14.26,0.56,0.08,19703.0,28093176.0,1.48,14.35,14.14,14.19,14.18,0.63,0.53,30.69,2.09,5605844142.0,5257205324.0,-0.07,0.0,-17.43,-29.93
2490,000633,合金投资,5.39,0.56,0.03,58637.0,31516843.14,1.68,5.41,5.32,5.35,5.36,0.74,1.52,437.82,10.36,2075723350.0,2075723350.0,0.37,0.19,0.19,-25.24
2491,001283,豪鹏科技,50.02,0.56,0.28,39927.0,199272011.76,4.56,50.87,48.6,49.78,49.74,0.99,3.86,26.38,1.79,6486599602.0,5172012878.0,-0.02,-0.04,6.02,-6.78
2492,002646,天佑德酒,7.23,0.56,0.04,77027.0,55399295.44,2.23,7.25,7.09,7.14,7.19,0.68,1.62,164.94,1.21,3443930782.0,3441489030.0,-0.14,0.0,3.88,-16.42
2493,600377,宁沪高速,12.49,0.56,0.07,125706.0,156211488.0,1.77,12.54,12.32,12.46,12.42,1.26,0.33,12.57,1.51,62921466275.0,47489265682.0,0.0,-0.16,3.65,7.49
2494,600602,云赛智联,17.99,0.56,0.1,164290.0,293953148.0,2.35,18.05,17.63,17.77,17.89,0.61,1.53,120.77,4.94,24604445455.0,19326710790.0,0.0,0.06,5.45,-3.54
2495,301199,迈赫股份,18.0,0.56,0.1,11793.0,21268216.96,1.45,18.15,17.89,17.93,17.9,0.63,0.66,57.24,1.74,3360168000.0,3234165750.0,-0.17,0.06,-2.17,-22.48
2496,000829,天音控股,9.05,0.56,0.05,161738.0,145601638.54,2.22,9.08,8.88,8.97,9.0,0.72,1.58,292.75,3.17,9277158964.0,9268373504.0,0.22,0.0,1.91,-17.05
2497,002633,申科股份,14.73,0.55,0.08,14930.0,22055216.5,2.53,14.97,14.6,14.85,14.65,0.92,1.0,112.84,6.23,2209500000.0,2203078648.0,0.0,0.0,-11.74,-10.46
2498,300549,优德精密,14.75,0.55,0.08,17989.0,26542234.0,3.2,14.89,14.42,14.76,14.67,0.89,1.76,293.03,3.59,1966765000.0,1505307194.0,0.07,0.14,-0.41,-21.58
2499,688566,吉贝尔,25.72,0.55,0.14,10446.0,26744832.0,1.41,25.81,25.45,25.5,25.58,0.87,0.52,26.06,2.06,5172333795.0,5172333795.0,-0.04,-0.12,5.89,-13.08
2500,300166,东方国信,12.73,0.55,0.07,255647.0,324118101.98,2.05,12.79,12.53,12.74,12.66,0.72,2.74,-90.96,2.56,14496233372.0,11856711778.0,-0.08,0.16,-11.6,24.56
2501,301061,匠心家居,38.21,0.55,0.21,44118.0,167945399.08,3.95,38.74,37.24,38.03,38.0,1.14,2.34,17.67,2.49,10866833098.0,7215563256.0,0.18,0.13,-3.27,-47.33
2502,000698,ST沈化,3.65,0.55,0.02,18662.0,6817468.0,1.1,3.67,3.63,3.64,3.63,0.48,0.24,19.22,2.05,2991227542.0,2867857542.0,0.0,0.0,11.62,-0.27
2503,688063,派能科技,42.0,0.55,0.23,33749.0,141592257.0,1.34,42.23,41.67,42.0,41.77,0.69,1.38,64.99,1.11,10305088458.0,10305088458.0,-0.02,-0.1,-23.59,-25.93
2504,600392,盛和资源,21.85,0.55,0.12,265832.0,579652892.0,2.02,21.95,21.51,21.61,21.73,0.63,1.52,21.6,2.93,38299260555.0,38299260555.0,0.0,0.05,-14.31,2.92
2505,603217,元利科技,29.16,0.55,0.16,56700.0,163599227.0,4.48,29.3,28.0,29.09,29.0,1.39,2.72,20.64,1.73,6067834416.0,6067834416.0,-0.38,-0.38,24.19,15.17
2506,603268,松发股份,193.65,0.55,1.05,38783.0,748337882.0,2.98,196.0,190.26,191.01,192.6,0.56,1.66,27.33,9.86,197274535625.0,45168822221.0,0.0,0.01,30.97,132.25
2507,300738,奥飞数据,20.17,0.55,0.11,222073.0,446816923.0,1.74,20.25,19.9,20.0,20.06,0.68,2.25,50.55,5.42,19871566273.0,19865314380.0,-0.05,0.0,5.82,9.15
2508,920222,益坤电气,29.1,0.55,0.16,37174.0,106847413.17,5.63,29.64,28.01,28.1,28.94,1.11,32.15,46.39,5.28,2492330610.0,336471369.0,-0.07,-0.03,188.4,188.4
2509,920729,永顺生物,7.42,0.54,0.04,33887.0,25151502.3,5.42,7.62,7.22,7.36,7.38,1.22,4.37,158.07,3.1,2027886000.0,575102244.0,0.54,0.41,8.64,-13.22
2510,301117,ST佳缘,14.84,0.54,0.08,45436.0,67113655.33,3.86,15.04,14.47,14.62,14.76,0.44,3.92,-19.95,2.24,2683607249.0,1719287977.0,0.54,0.2,-41.39,-60.99
2511,301383,天键股份,24.06,0.54,0.13,8869.0,21233889.0,1.88,24.21,23.76,24.21,23.93,0.72,1.26,-42.97,2.03,3928588980.0,1698975487.0,-0.04,0.42,-10.59,-32.49
2512,300826,测绘股份,14.89,0.54,0.08,32195.0,47949196.31,2.23,15.08,14.75,14.87,14.81,0.64,1.45,526.88,2.28,3398196232.0,3299116057.0,0.0,0.07,0.4,12.89
2513,600071,凤凰光学,16.69,0.54,0.09,27372.0,45527538.0,2.95,16.89,16.4,16.6,16.6,0.75,0.97,355.7,9.05,4699468207.0,4699468207.0,0.0,-0.06,1.15,-22.37
2514,600694,大商股份,14.98,0.54,0.08,65160.0,97347338.0,1.54,15.03,14.8,15.0,14.9,0.84,1.72,7.37,0.64,5674328293.0,5674328293.0,-0.07,0.0,2.18,-2.66
2515,600099,林海股份,9.36,0.54,0.05,30592.0,28720308.0,2.04,9.47,9.28,9.3,9.31,0.94,1.4,75.03,3.69,2050963200.0,2050963200.0,-0.11,0.0,3.43,-10.09
2516,603507,振江股份,22.53,0.54,0.12,35797.0,80576823.0,1.92,22.7,22.27,22.47,22.41,0.77,1.51,17.96,2.06,5383182885.0,5323925380.0,0.0,0.22,-19.1,12.59
2517,000012,南  玻Ａ,3.74,0.54,0.02,146645.0,54924840.81,1.34,3.76,3.71,3.73,3.72,0.89,0.75,-13.51,0.9,11378833353.0,7327844077.0,-0.27,0.0,-6.03,-15.19
2518,301618,长联科技,31.66,0.54,0.17,6707.0,21225427.24,2.1,31.89,31.23,31.52,31.49,0.62,1.39,135.25,4.22,3998727779.0,1524473672.0,0.06,0.16,-15.89,-7.16
2519,300247,融捷健康,3.76,0.53,0.02,66845.0,25109901.0,1.34,3.78,3.73,3.76,3.74,0.6,0.83,34.19,2.57,3023191577.0,3023191577.0,0.0,0.27,-8.52,-26.71
2520,300758,七彩化学,11.45,0.53,0.06,62710.0,71824904.32,1.14,11.52,11.39,11.41,11.39,0.41,1.74,41.23,2.54,4569873986.0,4119044709.0,0.09,0.0,-6.76,-9.27
2521,002507,涪陵榨菜,11.41,0.53,0.06,94446.0,107678503.22,0.88,11.46,11.36,11.37,11.35,0.99,0.82,16.1,1.48,13166216109.0,13163927378.0,0.09,0.0,-3.22,-8.65
2522,605180,华生科技,13.23,0.53,0.07,13946.0,18422321.0,2.58,13.35,13.01,13.12,13.16,0.62,0.83,-403.39,1.98,2235870000.0,2235870000.0,-0.08,0.23,-4.2,-8.63
2523,002763,汇洁股份,7.56,0.53,0.04,38698.0,29252552.0,1.2,7.59,7.5,7.51,7.52,0.83,1.27,11.26,1.93,3099025440.0,2295642293.0,0.0,-0.13,-1.56,17.76
2524,603055,台华新材,9.43,0.53,0.05,79589.0,75287643.0,3.09,9.55,9.26,9.42,9.38,0.79,0.9,10.94,1.53,8395470572.0,8378365495.0,-0.21,-0.11,13.61,1.84
2525,300807,天迈科技,38.19,0.53,0.2,8612.0,32856310.0,1.76,38.38,37.71,38.01,37.99,0.88,1.66,-76.46,5.9,2598431828.0,1983556940.0,-0.16,0.03,-6.17,-30.8
2526,600198,大唐电信,7.58,0.53,0.04,111722.0,84508575.0,1.72,7.62,7.49,7.54,7.54,0.45,0.86,-80.96,48.18,9881314841.0,9868779514.0,-0.13,0.0,-17.52,-21.45
2527,001210,金房能源,28.29,0.53,0.15,155989.0,459404189.38,11.9,30.95,27.6,28.14,28.14,2.14,11.69,25.66,4.36,6210722834.0,3774448716.0,-0.25,-0.32,17.43,134.58
2528,002845,同兴达,13.54,0.52,0.07,52568.0,71401186.0,1.41,13.66,13.47,13.57,13.47,0.72,2.1,211.53,1.76,4435050086.0,3388176498.0,0.15,0.07,-4.24,-3.49
2529,300032,金龙机电,3.87,0.52,0.02,113914.0,44055079.0,2.08,3.9,3.82,3.88,3.85,0.65,1.42,-27.33,5.09,3108266383.0,3108266383.0,0.0,0.0,-3.25,-27.93
2530,603616,韩建河山,5.83,0.52,0.03,210175.0,124336429.0,5.0,6.1,5.81,6.09,5.8,1.43,5.47,-62.35,11.03,2257480940.0,2240428190.0,0.0,0.0,-12.59,12.33
2531,600276,恒瑞医药,46.26,0.52,0.24,394197.0,1815380899.0,1.35,46.33,45.71,46.02,46.02,0.68,0.62,34.38,4.76,307036866171.0,295092645195.0,-0.02,0.0,-4.6,-22.08
2532,300928,华安鑫创,25.05,0.52,0.13,11982.0,29956955.66,2.73,25.28,24.6,24.93,24.92,0.56,2.2,-24.44,2.03,2004000000.0,1367379651.0,0.28,-0.16,-16.19,-19.58
2533,688591,泰凌微,28.79,0.52,0.15,36150.0,103870167.0,2.58,29.04,28.3,28.75,28.64,0.78,1.84,35.22,2.76,6954625516.0,5652882787.0,-0.03,-0.03,-4.57,-31.94
2534,688565,力源科技,11.6,0.52,0.06,15541.0,18024580.0,2.95,11.76,11.42,11.42,11.54,0.79,1.04,207.13,3.5,1736868000.0,1736868000.0,0.0,0.09,13.5,3.94
2535,601958,金钼股份,21.09,0.52,0.11,180074.0,378868472.0,1.43,21.18,20.88,21.17,20.98,0.51,0.56,19.54,3.29,68049086796.0,68049086796.0,0.0,0.0,-16.04,38.93
2536,600197,伊力特,9.75,0.52,0.05,32454.0,31494875.0,1.65,9.78,9.62,9.68,9.7,0.58,0.69,28.18,1.23,4613453491.0,4613453491.0,0.1,0.1,-3.47,-27.29
2537,000878,云南铜业,17.44,0.52,0.09,340622.0,594931071.76,3.34,17.65,17.07,17.29,17.35,0.61,1.7,11.15,2.22,42295209658.0,34943146926.0,0.0,-0.06,0.98,-14.0
2538,300973,立高食品,27.22,0.52,0.14,25049.0,68202749.0,2.1,27.48,26.91,27.13,27.08,0.71,2.11,18.23,1.84,4609452384.0,3227305656.0,-0.04,0.0,8.32,-35.97
2539,300272,开能健康,5.84,0.52,0.03,44361.0,25912715.0,1.2,5.87,5.8,5.84,5.81,0.61,0.96,44.19,2.82,3570981716.0,2712516568.0,0.17,0.17,2.64,-21.4
2540,603421,鼎信通讯,5.9,0.51,0.03,66032.0,38869391.0,1.87,5.93,5.82,5.91,5.87,0.88,1.01,-9.71,1.67,3847924015.0,3847924015.0,0.17,0.17,-9.92,-17.6
2541,688314,康拓医疗,31.55,0.51,0.16,6920.0,21822951.0,3.12,31.87,30.89,31.57,31.39,0.79,0.85,31.11,3.43,2575371982.0,2575371982.0,0.29,0.06,-22.58,-3.63
2542,601222,林洋能源,5.96,0.51,0.03,244543.0,144998962.0,1.85,5.98,5.87,5.92,5.93,0.5,1.2,14.26,0.78,12165672130.0,12165672130.0,0.0,-0.17,-4.33,8.96
2543,301096,百诚医药,43.69,0.51,0.22,17845.0,78363860.85,2.78,44.46,43.25,43.77,43.47,0.74,2.15,1493.44,1.91,4772183728.0,3631277180.0,-0.16,-0.07,-19.12,-23.54
2544,603332,苏州龙杰,11.83,0.51,0.06,31349.0,37042938.0,2.04,11.93,11.69,11.77,11.77,0.83,1.45,23.43,1.96,2559387187.0,2559387187.0,0.25,0.25,5.72,-13.01
2545,688107,安路科技,29.84,0.51,0.15,52859.0,157498170.0,2.63,30.28,29.5,30.0,29.69,0.79,1.32,-80.31,13.76,11961345111.0,11961345111.0,0.27,0.1,-20.49,9.79
2546,603538,美诺华,27.46,0.51,0.14,339390.0,932918010.0,2.53,27.8,27.11,27.4,27.32,0.79,10.07,73.28,3.18,9334428042.0,9251821854.0,0.07,0.07,0.51,101.47
2547,688595,芯海科技,29.3,0.51,0.15,22635.0,66186776.0,2.57,29.65,28.9,29.45,29.15,0.78,1.57,-55.03,6.46,4221940312.0,4221940312.0,0.1,0.17,-13.52,-10.67
2548,002490,山东墨龙,7.83,0.51,0.04,434821.0,340094885.75,4.62,8.03,7.67,8.01,7.79,0.57,8.03,765.67,12.83,6448214844.0,4241683260.0,-0.13,-0.13,-11.43,20.46
2549,600052,东望时代,3.94,0.51,0.02,92978.0,36865380.0,2.3,4.0,3.91,3.92,3.92,0.8,1.1,-121.15,1.54,3326127280.0,3326127280.0,0.0,0.0,7.95,-16.35
2550,300289,利德曼,5.91,0.51,0.03,37711.0,22318221.0,1.19,5.95,5.88,5.88,5.88,0.77,0.69,-226.0,1.97,3215107888.0,3210054838.0,0.17,0.0,-4.68,-15.21
2551,688198,佰仁医疗,70.98,0.51,0.36,3461.0,24302202.0,2.75,71.33,69.39,69.98,70.62,0.64,0.25,111.4,7.8,9777362480.0,9777362480.0,0.23,0.0,-19.56,-33.17
2552,300055,万邦达,5.99,0.5,0.03,111577.0,66536254.36,2.01,6.01,5.89,6.01,5.96,0.56,1.76,66.91,1.02,5012130140.0,3790767571.0,0.17,0.17,-25.4,-26.41
2553,002218,拓日新能,4.0,0.5,0.02,174482.0,69474937.71,2.01,4.02,3.94,3.98,3.98,0.69,1.26,-48.66,1.44,5633200596.0,5550711396.0,-0.25,0.25,-6.1,-7.83
2554,600189,泉阳泉,8.0,0.5,0.04,65750.0,52353188.0,1.63,8.01,7.88,7.96,7.96,0.58,0.92,73.86,4.52,5721582496.0,5721582496.0,0.13,0.25,1.91,15.77
2555,603222,济民健康,8.09,0.5,0.04,70702.0,57067242.0,2.61,8.17,7.96,8.0,8.05,0.68,1.35,-42.98,3.9,4247983075.0,4247983075.0,0.0,0.25,-0.61,-11.39
2556,300701,森霸传感,10.05,0.5,0.05,29742.0,29800375.31,1.5,10.07,9.92,10.0,10.0,0.71,1.18,37.54,2.89,2809912936.0,2534145027.0,0.2,0.1,0.0,-21.67
2557,603173,福斯达,30.24,0.5,0.15,6081.0,18360684.0,1.76,30.44,29.91,30.25,30.09,0.64,0.38,16.0,2.42,4838400000.0,4838400000.0,-0.2,-0.03,-10.66,-28.02
2558,688718,唯赛勃,13.96,0.5,0.07,15903.0,22276433.0,2.45,14.19,13.85,14.0,13.89,0.75,0.92,54.15,2.96,2425611270.0,2425611270.0,0.29,0.36,-10.57,6.73
2559,601718,ST际华,2.03,0.5,0.01,226037.0,45813910.0,2.48,2.05,2.0,2.02,2.02,0.6,0.52,-15.34,0.74,8852971091.0,8852971091.0,0.0,-0.49,12.15,-39.4
2560,301363,美好医疗,16.11,0.5,0.08,47012.0,75604284.14,1.43,16.18,15.95,16.05,16.03,0.69,0.9,51.57,3.47,12823025664.0,8409908794.0,0.0,0.06,-8.21,-5.51
2561,600992,贵绳股份,10.03,0.5,0.05,31545.0,31559784.0,2.0,10.1,9.9,9.9,9.98,0.76,1.29,-11.6,1.78,2458252700.0,2458252700.0,-0.2,-0.2,0.0,-26.09
2562,002786,银宝山新,7.97,0.5,0.04,52882.0,42164601.5,1.77,8.02,7.88,7.91,7.93,0.74,1.08,58.27,17.77,3950027640.0,3920134163.0,-0.13,-0.13,-2.09,-7.33
2563,920169,七丰精工,22.08,0.5,0.11,30315.0,66443567.93,3.73,22.34,21.52,21.97,21.97,0.45,5.96,37.09,4.96,1784065987.0,1122582219.0,0.23,0.23,-13.68,-29.57
2564,002457,青龙管业,12.12,0.5,0.06,327924.0,396707993.5,3.81,12.33,11.87,12.1,12.06,0.8,9.83,139.32,1.6,4041860016.0,4041860016.0,0.0,0.0,-6.41,12.12
2565,001298,好上好,18.09,0.5,0.09,90196.0,163798214.49,1.78,18.32,18.0,18.16,18.0,0.5,2.21,26.92,4.48,7824178748.0,7370217814.0,-0.06,0.22,-9.78,-11.15
2566,000718,苏宁环球,2.0,0.5,0.01,191922.0,38246827.01,2.01,2.01,1.97,1.98,1.99,0.58,0.84,98.04,0.66,6069272768.0,4564186244.0,0.5,0.0,0.0,-12.66
2567,603488,展鹏科技,8.09,0.5,0.04,42843.0,34695900.0,1.86,8.15,8.0,8.15,8.05,0.55,1.47,-36.25,3.1,2362202660.0,2362202660.0,0.25,0.12,-33.09,3.72
2568,002709,天赐材料,34.0,0.5,0.17,302773.0,1028262600.84,1.86,34.13,33.5,33.83,33.83,0.73,2.01,12.11,3.45,69311099296.0,51306374646.0,0.0,0.03,-31.37,-25.89
2569,301112,信邦智能,30.54,0.49,0.15,5280.0,16166554.0,1.74,30.86,30.33,30.39,30.39,0.54,0.48,-209.44,2.96,3367541964.0,3367541964.0,0.0,0.36,1.6,-22.47
2570,688217,睿昂基因,24.58,0.49,0.12,8678.0,21408641.0,3.31,25.03,24.22,24.22,24.46,1.01,1.55,-55.63,1.65,1372937924.0,1372937924.0,-0.28,-0.2,4.64,-6.72
2571,001391,国货航,4.12,0.49,0.02,168290.0,69131694.72,1.22,4.13,4.08,4.1,4.1,0.76,1.11,27.41,1.88,50300590647.0,6259738562.0,0.24,0.24,-11.4,-29.33
2572,301023,奕帆传动,28.73,0.49,0.14,9451.0,27244276.18,1.78,29.09,28.58,28.87,28.59,0.81,1.42,51.83,3.24,2681101987.0,1917733562.0,0.17,0.17,-2.91,-20.02
2573,603159,上海亚虹,22.42,0.49,0.11,22354.0,49780047.0,2.87,22.6,21.96,22.6,22.31,0.64,1.6,-413.68,6.32,3138800000.0,3138800000.0,0.0,-0.04,-13.77,-12.8
2574,600561,江西长运,6.16,0.49,0.03,34231.0,21038352.0,1.96,6.19,6.07,6.07,6.13,0.61,1.2,149.03,1.85,1752377088.0,1752377088.0,0.16,-0.16,10.39,-4.94
2575,301137,哈焊华通,32.86,0.49,0.16,32885.0,107283841.68,2.35,33.07,32.3,32.5,32.7,0.93,1.81,161.05,4.31,5974388324.0,5974388324.0,0.27,0.34,-10.61,-29.98
2576,300717,华信新材,18.59,0.49,0.09,17802.0,33205274.0,3.24,18.8,18.2,18.41,18.5,0.64,1.75,40.74,2.58,1910587250.0,1893454706.0,0.0,-0.38,6.29,-1.33
2577,300800,力合科技,10.31,0.49,0.05,22183.0,22831813.5,1.85,10.36,10.17,10.22,10.26,0.87,0.95,58.18,1.19,2440985290.0,2415418552.0,0.0,-0.19,0.88,-10.58
2578,002802,洪汇新材,12.41,0.49,0.06,19988.0,24832370.72,2.19,12.54,12.27,12.27,12.35,0.76,1.34,39.19,3.45,2249261495.0,1857559291.0,0.24,-0.08,2.14,0.57
2579,301327,华宝新能,43.33,0.49,0.21,12910.0,56107333.26,2.27,43.86,42.88,43.31,43.12,0.96,0.9,363.95,1.24,7555944155.0,6186357340.0,0.02,-0.07,-15.65,-24.87
2580,002344,海宁皮城,4.09,0.49,0.02,68036.0,27743837.37,1.72,4.1,4.03,4.06,4.07,0.8,0.53,44.61,0.62,5245903366.0,5241130876.0,-0.24,0.0,8.78,-12.98
2581,001202,炬申股份,14.37,0.49,0.07,15372.0,22052309.12,1.4,14.43,14.23,14.3,14.3,0.76,1.32,40.77,2.83,2395351251.0,1678760233.0,0.28,0.35,-0.42,-9.39
2582,300505,川金诺,20.53,0.49,0.1,147719.0,304158675.22,3.28,20.9,20.23,20.23,20.43,0.59,6.8,22.77,1.93,5643030247.0,4461161281.0,0.05,0.1,-10.15,-6.64
2583,000802,北京文化,4.19,0.48,0.02,825586.0,343595888.82,2.64,4.21,4.1,4.12,4.17,0.58,11.54,-38.26,5.07,2999622068.0,2998129381.0,0.0,0.24,-5.84,-7.91
2584,688222,成都先导,31.59,0.48,0.15,107214.0,340046212.0,2.99,32.29,31.35,31.97,31.44,0.7,2.68,78.45,8.3,12657481200.0,12657481200.0,0.0,0.1,21.59,35.46
2585,601022,宁波远洋,8.39,0.48,0.04,58714.0,49189654.0,1.32,8.44,8.33,8.43,8.35,0.85,0.45,17.8,1.63,12199370749.0,10979433672.0,0.12,0.0,9.53,-7.9
2586,300667,必创科技,14.64,0.48,0.07,38431.0,56473099.0,1.85,14.78,14.51,14.69,14.57,0.87,2.17,213.3,2.88,2995871611.0,2595834929.0,0.0,0.07,-20.04,-17.19
2587,300770,新媒股份,35.55,0.48,0.17,26252.0,93183193.48,1.78,35.79,35.16,35.34,35.38,0.75,1.15,13.54,2.18,8099661910.0,8099661910.0,-0.11,-0.11,4.99,-14.77
2588,002752,昇兴股份,6.23,0.48,0.03,100938.0,62874602.3,1.61,6.29,6.19,6.21,6.2,0.8,1.03,12.5,1.66,6086202056.0,6077532082.0,0.0,0.0,0.48,-4.74
2589,300443,金雷股份,18.71,0.48,0.09,33879.0,63552043.18,2.04,18.97,18.59,18.77,18.62,0.76,1.4,21.01,0.94,5989718329.0,4529817667.0,-0.05,-0.11,-15.38,-33.25
2590,301089,拓新药业,22.95,0.48,0.11,10371.0,23808974.96,1.36,23.13,22.82,23.13,22.84,0.67,1.16,-51.93,1.99,2904196275.0,2057451733.0,0.0,-0.04,3.85,-18.04
2591,600389,江山股份,18.8,0.48,0.09,79359.0,148623622.0,2.62,19.0,18.51,18.66,18.71,0.6,1.84,11.59,1.88,8096220000.0,8096220000.0,0.05,0.05,-18.76,-25.34
2592,688562,航天软件,14.7,0.48,0.07,31590.0,46173968.0,2.87,14.8,14.38,14.68,14.63,0.84,0.79,-29.54,3.62,5880000000.0,5880000000.0,-0.14,0.2,-12.86,-38.44
2593,920471,美邦科技,12.58,0.48,0.06,20222.0,25226467.41,3.75,12.74,12.27,12.44,12.52,0.52,3.81,30.42,2.03,1046656000.0,667125036.0,-0.16,0.4,-0.55,-0.08
2594,688395,正弦电气,23.04,0.48,0.11,7435.0,17215076.0,1.7,23.35,22.96,23.01,22.93,0.57,0.86,39.46,2.52,1995211469.0,1995211469.0,0.0,-0.35,-4.68,-4.56
2595,301381,赛维时代,23.26,0.48,0.11,41238.0,95608725.94,2.59,23.5,22.9,23.03,23.15,0.87,1.02,28.53,3.42,9454839658.0,9446047378.0,0.22,-0.13,22.36,14.36
2596,003028,振邦智能,23.14,0.48,0.11,7451.0,17204085.18,2.08,23.28,22.8,23.03,23.03,0.6,1.05,99.76,1.93,3334940271.0,1635850945.0,-0.13,0.22,-5.44,-21.27
2597,301677,欣兴工具,53.26,0.47,0.25,14464.0,77069964.63,2.51,53.86,52.53,52.53,53.01,0.57,6.75,26.62,2.41,5326000000.0,1141895359.0,0.08,-0.13,58.61,58.61
2598,600833,第一医药,10.67,0.47,0.05,39668.0,42314251.0,1.6,10.73,10.56,10.66,10.62,0.59,1.78,45.48,2.12,2380331322.0,2380331322.0,0.09,0.0,6.06,-16.96
2599,300805,电声股份,8.6,0.47,0.04,83516.0,71749946.0,2.45,8.71,8.5,8.56,8.56,0.72,2.78,93.39,2.33,3650202507.0,2581967052.0,0.0,-0.12,7.37,-18.25
2600,003022,联泓新科,19.4,0.47,0.09,57778.0,112014559.0,1.76,19.56,19.22,19.25,19.31,0.81,0.43,30.35,3.32,25910019200.0,25887977405.0,-0.05,-0.21,-23.35,-1.72
2601,600980,北矿科技,19.37,0.47,0.09,20023.0,38803083.0,1.97,19.52,19.14,19.5,19.28,0.73,1.06,27.42,2.44,3743514499.0,3666034499.0,-0.15,-0.26,-8.02,-15.19
2602,688468,科美诊断,6.35,0.47,0.03,18905.0,12045648.0,1.27,6.4,6.32,6.34,6.32,0.7,0.47,81.97,1.79,2547035800.0,2547035800.0,-0.31,-0.31,5.13,-13.49
2603,301656,联合动力,14.82,0.47,0.07,32357.0,47848794.56,1.97,14.89,14.6,14.77,14.75,0.76,1.59,-202.28,3.78,35639001286.0,3017819082.0,-0.07,0.0,-22.69,-43.86
2604,688349,三一重能,12.9,0.47,0.06,58883.0,76049759.0,1.87,13.03,12.79,12.85,12.84,0.64,0.38,44.07,1.47,20554037690.0,20203826426.0,-0.15,0.0,-11.64,-32.71
2605,002819,东方中科,21.6,0.47,0.1,21691.0,46591325.0,1.95,21.64,21.22,21.5,21.5,0.67,0.91,-75.48,1.66,6471578160.0,5135216098.0,0.0,0.56,2.42,-20.85
2606,000014,沙河股份,10.58,0.47,0.05,45920.0,48535790.79,1.99,10.64,10.43,10.5,10.53,0.46,1.9,-90.77,1.86,2560849050.0,2560849050.0,0.09,-0.09,2.62,-21.34
2607,002148,北纬科技,6.46,0.47,0.03,69364.0,44694332.64,1.87,6.52,6.4,6.43,6.43,0.64,1.54,377.37,2.94,3609533592.0,2913631907.0,0.0,0.16,2.7,-27.42
2608,300429,强力新材,10.95,0.46,0.05,96952.0,106395307.22,2.11,11.08,10.85,10.9,10.9,0.62,2.32,-48.8,3.2,6082305122.0,4574972623.0,-0.09,-0.09,-25.76,-17.85
2609,300769,德方纳米,41.81,0.46,0.19,64017.0,267375737.4,1.75,42.0,41.27,41.65,41.62,0.7,2.54,12.86,2.16,11714661534.0,10526824550.0,0.02,0.1,-35.14,-5.0
2610,002394,联发股份,10.82,0.46,0.05,35079.0,37914144.0,2.14,10.93,10.7,10.81,10.77,0.48,1.08,90.39,0.84,3502434000.0,3499071198.0,0.0,0.09,15.6,-29.56
2611,002950,奥美医疗,8.83,0.46,0.04,29412.0,25914535.5,1.14,8.85,8.75,8.75,8.79,0.55,0.68,14.45,1.51,5591733544.0,3793591002.0,0.0,0.0,-2.0,-18.09
2612,301469,恒达新材,28.5,0.46,0.13,7818.0,22339684.52,2.15,28.79,28.18,28.45,28.37,0.68,1.71,23.68,1.82,2550180000.0,1306402523.0,0.14,-0.14,-7.26,-4.94
2613,300694,蠡湖股份,10.9,0.46,0.05,42949.0,46586969.0,2.12,10.95,10.72,10.85,10.85,1.12,1.98,43.14,1.57,2366067098.0,2363205848.0,0.0,0.0,7.5,-9.17
2614,000757,浩物股份,4.33,0.46,0.02,88608.0,38420980.0,2.09,4.37,4.28,4.32,4.31,0.9,1.66,61.67,1.43,2306660691.0,2306660691.0,0.23,0.0,11.89,-11.09
2615,002461,珠江啤酒,8.72,0.46,0.04,44270.0,38527189.45,1.27,8.75,8.64,8.64,8.68,0.9,0.2,14.33,1.71,19300224346.0,19300224346.0,0.0,0.11,-7.14,-4.18
2616,600368,五洲交通,4.36,0.46,0.02,280706.0,122289111.0,2.07,4.4,4.31,4.39,4.34,0.82,1.74,11.18,0.96,7018090821.0,7018090821.0,0.0,-0.23,19.78,15.34
2617,600278,东方创业,6.6,0.46,0.03,45882.0,30272164.0,2.13,6.65,6.51,6.54,6.57,0.62,0.53,23.05,0.67,5679423136.0,5679423136.0,0.0,-0.15,6.8,-12.35
2618,301655,绿控传动,23.89,0.46,0.11,67077.0,160369922.09,2.94,24.26,23.56,23.6,23.78,0.44,14.92,44.12,7.02,10884480734.0,1074290011.0,0.0,-0.04,181.06,181.06
2619,002591,恒大高新,6.51,0.46,0.03,79992.0,52000030.5,1.7,6.55,6.44,6.45,6.48,0.82,3.58,161.7,3.06,1954298641.0,1455066128.0,0.15,0.31,-9.46,-19.83
2620,688653,康希通信,13.53,0.45,0.06,81322.0,110753104.0,1.93,13.75,13.49,13.61,13.47,0.72,2.57,104.36,3.91,5743214400.0,4281048907.0,-0.15,-0.15,-1.31,11.36
2621,603121,华培动力,13.41,0.45,0.06,59099.0,79259769.0,3.82,13.62,13.11,13.36,13.35,0.59,1.75,-485.95,4.14,4539737118.0,4539737118.0,0.0,0.07,-8.59,-36.63
2622,002817,黄山胶囊,6.76,0.45,0.03,43132.0,29225381.77,1.93,6.83,6.7,6.73,6.73,0.89,1.49,33.54,2.08,2021903629.0,1962845734.0,0.0,-0.44,3.84,-10.46
2623,601008,连云港,4.49,0.45,0.02,99622.0,44658477.0,1.57,4.51,4.44,4.48,4.47,0.73,0.8,36.81,1.33,5570464647.0,5570464647.0,0.22,0.22,0.45,-14.64
2624,301372,科净源,31.51,0.45,0.14,9371.0,29417368.0,2.71,31.79,30.94,31.49,31.37,0.58,2.28,143.07,2.91,2160685759.0,1297280722.0,0.1,0.16,-9.32,24.25
2625,605255,天普股份,65.3,0.45,0.29,4080.0,26606879.0,1.72,65.62,64.5,65.18,65.01,0.89,0.3,-305.58,10.98,8755424000.0,8755424000.0,0.0,-0.02,-14.96,-70.05
2626,600620,天宸股份,4.45,0.45,0.02,41380.0,18381202.0,1.81,4.48,4.4,4.42,4.43,0.77,0.6,138.68,2.18,3055713153.0,3055713153.0,0.0,0.23,-1.55,-31.43
2627,002314,南山控股,2.25,0.45,0.01,197075.0,44270325.46,2.23,2.26,2.21,2.24,2.24,0.63,1.47,-4.77,0.98,6092510654.0,3011250182.0,-0.44,0.0,-3.43,-21.05
2628,300137,先河环保,11.21,0.45,0.05,120876.0,136571973.8,2.78,11.43,11.12,11.3,11.16,0.97,2.29,-141.52,3.72,6015086574.0,5917214239.0,-0.18,-0.09,-30.67,8.52
2629,600351,亚宝药业,6.69,0.45,0.03,105988.0,70779929.0,1.2,6.71,6.63,6.65,6.66,0.48,1.53,13.03,1.73,4629480308.0,4629480308.0,-0.15,0.0,12.63,12.63
2630,603187,海容冷链,11.05,0.45,0.05,29878.0,32921650.0,1.18,11.07,10.94,11.04,11.0,0.67,0.78,13.6,1.01,4269692828.0,4225098896.0,0.09,0.0,-10.74,-27.01
2631,688212,澳华内镜,31.0,0.45,0.14,22294.0,69181842.0,3.99,31.44,30.21,30.41,30.86,0.83,1.66,-24.38,3.41,4174622750.0,4174622750.0,0.0,0.06,8.35,-29.08
2632,603130,云中马,38.35,0.45,0.17,10019.0,38588256.0,4.27,39.33,37.7,38.23,38.18,1.14,0.73,65.79,3.69,5273669570.0,5273669570.0,0.08,0.26,-12.2,-32.03
2633,600503,华丽家族,2.22,0.45,0.01,217125.0,48104958.0,1.36,2.23,2.2,2.2,2.21,0.58,1.36,-111.94,1.03,3557083800.0,3557083800.0,0.0,0.0,-9.76,-17.16
2634,002134,天津普林,22.37,0.45,0.1,113239.0,254673728.48,3.14,22.75,22.05,22.27,22.27,0.95,4.59,62.48,9.78,5543684097.0,5518826195.0,-0.04,0.09,-19.96,-16.5
2635,000088,盐 田 港,4.55,0.44,0.02,235020.0,106641877.88,1.55,4.57,4.5,4.52,4.53,1.1,0.74,16.98,1.31,23657649224.0,14391289376.0,0.22,0.0,7.57,4.84
2636,603309,维力医疗,11.32,0.44,0.05,21821.0,24663790.0,1.6,11.4,11.22,11.28,11.27,0.74,0.75,16.2,1.86,3303984452.0,3303984452.0,-0.18,-0.09,-3.5,-13.52
2637,600533,栖霞建设,2.26,0.44,0.01,138583.0,31319412.0,2.67,2.29,2.23,2.25,2.25,0.43,1.32,-1.89,3.33,2373000000.0,2373000000.0,-0.44,0.0,3.2,-11.72
2638,920810,春光智能,9.2,0.44,0.04,10322.0,9499207.78,2.84,9.36,9.1,9.34,9.16,0.42,1.65,-281.77,3.87,882280000.0,574149414.0,0.44,0.33,1.1,-29.98
2639,001365,天海电子,34.2,0.44,0.15,16086.0,55150679.34,1.26,34.45,34.02,34.25,34.05,0.52,2.8,31.17,2.41,17955000000.0,1966693093.0,-0.09,0.0,-10.0,25.78
2640,301008,宏昌科技,45.3,0.44,0.2,102192.0,464436916.75,4.32,46.35,44.4,45.0,45.1,0.81,8.84,86.94,3.82,5932634500.0,5238525250.0,-0.35,-0.04,85.96,31.42
2641,301602,超研股份,16.07,0.44,0.07,24208.0,38790940.77,2.56,16.32,15.91,16.32,16.0,0.62,1.16,127.02,5.2,6883257283.0,3350585213.0,0.0,0.12,4.28,-24.87
2642,603327,福蓉科技,9.23,0.44,0.04,219664.0,203503309.0,2.83,9.44,9.18,9.21,9.19,0.53,2.1,70.78,4.0,9649589893.0,9649589893.0,0.11,0.0,-4.94,-14.14
2643,300937,药易购,25.33,0.44,0.11,21857.0,55106685.0,1.59,25.37,24.97,24.97,25.22,0.46,3.37,-127.18,2.99,2423237055.0,1643009730.0,0.0,0.24,16.84,-25.7
2644,600655,豫园股份,4.56,0.44,0.02,176546.0,80548022.0,1.76,4.6,4.52,4.53,4.54,0.99,0.45,54.92,0.59,17743910226.0,17737699005.0,0.0,-0.22,3.17,-11.11
2645,002210,飞马国际,2.28,0.44,0.01,364145.0,82896364.0,2.2,2.3,2.25,2.27,2.27,0.71,1.37,176.91,6.44,6067610725.0,6057410577.0,0.0,-0.44,-7.32,-36.67
2646,603586,金麒麟,13.94,0.43,0.06,13710.0,19142422.0,1.73,14.04,13.8,13.8,13.88,0.54,0.7,79.02,1.22,2732975753.0,2732975753.0,0.0,-0.14,-24.32,-25.17
2647,002310,东方新能,2.31,0.43,0.01,396516.0,91480663.04,1.74,2.32,2.28,2.3,2.3,0.76,0.9,2234.96,5.75,13858434090.0,10161711834.0,0.0,-0.43,-4.55,2.67
2648,603477,巨星农牧,16.26,0.43,0.07,179037.0,289640622.0,3.03,16.36,15.87,16.1,16.19,1.28,3.51,-5.07,3.42,8503648686.0,8293751419.0,0.06,0.0,15.32,-5.41
2649,600935,华塑股份,2.33,0.43,0.01,125646.0,29199764.0,1.29,2.34,2.31,2.32,2.32,0.68,0.36,-54.75,1.42,8375739670.0,8172246222.0,-0.43,-0.43,0.0,-4.9
2650,601615,明阳智能,9.35,0.43,0.04,417558.0,391434949.0,2.47,9.48,9.25,9.32,9.31,0.67,1.85,95.08,0.81,21144994201.0,21144994201.0,-0.11,0.21,-21.63,-34.62
2651,920368,连城数控,23.51,0.43,0.1,28231.0,66121268.77,2.82,23.78,23.12,23.62,23.41,0.73,1.26,144.47,1.3,5519688144.0,5249936614.0,-0.04,0.09,-27.82,-5.47
2652,300092,科新机电,11.81,0.43,0.05,21570.0,25539426.08,1.96,11.95,11.72,11.9,11.76,0.66,1.03,39.05,1.96,3235033831.0,2478431908.0,-0.17,-0.25,-8.38,-24.73
2653,000590,古汉医药,9.3,0.43,0.04,29669.0,27684389.0,2.05,9.4,9.21,9.21,9.26,1.02,1.24,-74.39,4.18,2227082783.0,2225964551.0,0.0,-0.11,0.0,-17.04
2654,002044,美年健康,4.63,0.43,0.02,432214.0,200246596.4,1.95,4.67,4.58,4.6,4.61,0.65,1.12,-49.68,2.28,18122995663.0,17937673913.0,0.0,0.0,-6.46,-12.14
2655,603399,永杉锂业,13.91,0.43,0.06,247411.0,340923442.0,2.74,13.91,13.53,13.73,13.85,0.68,4.83,18.01,4.2,7125962928.0,7125962928.0,0.07,0.14,-31.98,33.88
2656,002729,好利科技,14.02,0.43,0.06,26528.0,37221578.33,2.22,14.18,13.87,13.96,13.96,0.52,1.51,91.13,4.52,2565238278.0,2459968001.0,0.14,0.14,-19.61,-12.43
2657,300902,国安达,16.24,0.43,0.07,25652.0,41405425.44,2.84,16.44,15.98,16.3,16.17,0.74,2.03,-84.9,3.69,2952486713.0,2057183129.0,0.0,0.31,8.85,-22.04
2658,300463,迈克生物,9.28,0.43,0.04,25362.0,23465026.59,0.97,9.29,9.2,9.2,9.24,0.59,0.52,81.9,0.89,5611306271.0,4562038145.0,0.11,0.22,8.67,-17.07
2659,000404,长虹华意,7.08,0.43,0.03,39813.0,28160979.89,0.85,7.1,7.04,7.07,7.05,0.58,0.57,9.83,1.15,4927651531.0,4906333517.0,-0.14,0.0,-6.23,9.77
2660,000056,*ST皇庭,2.36,0.43,0.01,282826.0,66495769.52,5.11,2.41,2.29,2.39,2.35,0.88,3.13,-5.13,-1.05,2790766599.0,2132810371.0,0.43,0.43,37.21,17.41
2661,600812,华北制药,4.71,0.43,0.02,75657.0,35625230.0,1.49,4.74,4.67,4.7,4.69,0.57,0.44,63.29,1.46,8081090043.0,8081090043.0,-0.21,0.0,5.13,-14.36
2662,002659,凯文教育,4.65,0.43,0.02,98211.0,45673134.0,1.94,4.69,4.6,4.63,4.63,0.61,1.64,1391.98,1.3,2782003786.0,2781993979.0,0.0,-0.21,11.24,-20.65
2663,003012,东鹏控股,4.71,0.43,0.02,70307.0,33093155.68,1.71,4.75,4.67,4.69,4.69,0.69,0.62,96.41,0.74,5449381254.0,5343899839.0,0.21,0.0,0.0,-25.36
2664,688099,晶晨股份,91.2,0.42,0.38,71593.0,654793884.0,2.1,92.37,90.46,91.2,90.82,0.74,1.69,31.6,4.84,38606783544.0,38606783544.0,-0.02,-0.11,4.09,4.79
2665,002066,瑞泰科技,21.68,0.42,0.09,22341.0,48402993.48,2.13,21.85,21.39,21.64,21.59,0.76,0.97,-121.75,8.39,5092783760.0,5008080000.0,0.09,-0.05,-3.94,16.06
2666,601019,山东出版,7.15,0.42,0.03,137985.0,97915064.0,2.25,7.19,7.03,7.1,7.12,1.06,0.66,11.69,0.96,14921335000.0,14921335000.0,0.42,0.28,4.84,-14.98
2667,600746,江苏索普,7.18,0.42,0.03,117985.0,84147739.0,2.38,7.22,7.05,7.16,7.15,0.49,1.01,16.55,1.49,8385111907.0,8385111907.0,-0.14,-0.14,17.13,4.97
2668,603196,璞源材料,18.93,0.42,0.08,12273.0,23304520.0,2.33,19.21,18.77,18.85,18.85,0.68,0.52,66.98,3.91,7925753239.0,4486188178.0,-0.05,-0.05,-13.36,-25.85
2669,000156,华数传媒,7.09,0.42,0.03,107790.0,76145813.0,2.55,7.16,6.98,7.06,7.06,0.93,0.63,31.25,0.89,13137291014.0,12052119968.0,-0.14,-0.14,12.18,-4.32
2670,601888,中国中免,54.83,0.42,0.23,273895.0,1499250650.0,2.0,55.15,54.06,54.55,54.6,1.03,1.4,18.34,1.98,113925589991.0,107054234078.0,0.02,-0.13,-5.53,-41.74
2671,002233,塔牌集团,7.12,0.42,0.03,102277.0,72770834.41,2.4,7.19,7.02,7.09,7.09,1.02,0.87,19.05,0.71,8359951617.0,8356198665.0,0.0,0.0,-6.19,-16.53
2672,002337,赛象科技,4.75,0.42,0.02,61999.0,29424724.0,1.9,4.78,4.69,4.75,4.73,0.88,1.05,56.93,2.08,2795924813.0,2792133529.0,-0.21,0.0,-5.0,-27.37
2673,300043,星辉娱乐,4.75,0.42,0.02,567341.0,270587201.0,4.23,4.86,4.66,4.66,4.73,1.24,4.56,31.96,3.42,5909942405.0,5906812630.0,0.42,0.42,7.95,-15.18
2674,600388,紫金龙净,19.09,0.42,0.08,145074.0,276699500.0,2.1,19.25,18.85,19.01,19.01,1.06,1.14,24.21,2.09,26960688699.0,24245183733.0,0.0,-0.16,10.54,19.84
2675,603190,亚通精工,16.68,0.42,0.07,14138.0,23333730.0,1.69,16.68,16.4,16.62,16.61,0.55,0.84,20.39,1.3,2908258080.0,2802240000.0,1.4,1.58,-7.28,-12.44
2676,300631,久吾高科,21.45,0.42,0.09,11555.0,24818065.2,1.69,21.62,21.26,21.34,21.36,0.73,0.95,35.86,1.97,2681924045.0,2608428987.0,0.0,-0.23,-16.76,-25.1
2677,600597,光明乳业,7.09,0.42,0.03,99131.0,70259811.0,1.7,7.13,7.01,7.01,7.06,0.59,0.72,19.5,1.01,9773378980.0,9773248524.0,-0.28,-0.14,4.42,-12.36
2678,300261,雅本化学,4.93,0.41,0.02,85047.0,42115423.35,2.44,5.0,4.88,4.9,4.91,0.74,0.9,-14.9,2.79,4749115692.0,4648154311.0,0.0,-0.2,1.86,-26.75
2679,002252,上海莱士,4.94,0.41,0.02,305924.0,151116621.98,1.02,4.96,4.91,4.94,4.92,0.76,0.46,24.63,1.0,32567804052.0,32546003832.0,-0.2,0.0,-0.8,-21.46
2680,002019,亿帆医药,9.69,0.41,0.04,57358.0,55587892.0,1.66,9.77,9.61,9.68,9.65,0.65,0.68,28.74,1.33,11786819924.0,8164002375.0,-0.1,-0.31,-3.58,-18.3
2681,600622,光大嘉宝,2.47,0.41,0.01,466713.0,115113967.0,5.28,2.52,2.39,2.41,2.46,0.68,3.11,-7.6,1.99,3704222943.0,3704222943.0,0.0,0.41,7.39,-13.64
2682,600917,重庆燃气,4.92,0.41,0.02,43704.0,21389459.0,1.02,4.92,4.87,4.91,4.9,0.48,0.28,51.17,1.32,7680315619.0,7680315619.0,0.2,0.2,-2.38,-9.72
2683,000521,长虹美菱,4.93,0.41,0.02,50206.0,24609846.52,1.43,4.95,4.88,4.93,4.91,0.76,0.57,43.78,0.86,5077523915.0,4315174100.0,0.0,0.41,-13.05,-22.36
2684,003016,欣贺股份,7.36,0.41,0.03,37966.0,27782695.0,1.64,7.37,7.25,7.3,7.33,0.76,0.92,35.5,1.14,3095039064.0,3024097717.0,0.14,0.14,5.9,-24.05
2685,920030,德众汽车,4.93,0.41,0.02,13407.0,6558778.04,3.05,4.98,4.83,4.93,4.91,0.5,1.2,101.36,2.01,881679627.0,552537037.0,0.0,0.61,0.82,-28.03
2686,300113,顺网科技,17.31,0.41,0.07,174643.0,302467796.91,2.15,17.55,17.18,17.22,17.24,0.83,3.43,36.87,4.45,11669776797.0,8811141410.0,0.12,0.17,-9.75,-13.97
2687,000917,电广传媒,7.27,0.41,0.03,243658.0,177064553.45,2.35,7.34,7.17,7.17,7.24,0.38,1.72,-92.63,1.0,10305634577.0,10304929569.0,0.0,0.0,6.91,-29.07
2688,001230,劲旅环境,19.74,0.41,0.08,42591.0,84428327.76,2.7,20.05,19.52,19.75,19.66,0.47,3.87,20.44,1.85,3706707695.0,2171008714.0,0.0,-0.1,12.22,29.87
2689,600581,*ST八钢,2.44,0.41,0.01,54042.0,13142983.0,2.06,2.45,2.4,2.42,2.43,0.59,0.35,-5.47,-7.24,3740270803.0,3740270803.0,0.0,0.41,-5.06,-26.95
2690,603183,建研院,4.9,0.41,0.02,125473.0,61216321.0,2.46,4.94,4.82,4.87,4.88,0.8,2.52,-198.56,1.53,2436050930.0,2436050930.0,0.2,0.41,27.94,13.69
2691,002121,科陆电子,4.94,0.41,0.02,158868.0,78312993.74,2.44,4.98,4.86,4.88,4.92,0.72,1.13,-18.86,42.37,8262400004.0,6971606364.0,-0.2,0.0,-18.62,-35.84
2692,688826,频准激光,775.1,0.41,3.2,6864.0,538018796.0,2.85,794.0,772.0,772.0,771.9,0.61,9.01,175.49,13.49,31004000000.0,5904527326.0,-0.15,-0.27,314.76,314.76
2693,000065,北方国际,9.83,0.41,0.04,170008.0,168321669.81,2.15,10.02,9.81,9.88,9.79,0.8,1.6,17.51,1.03,11416976423.0,10469132573.0,0.0,0.1,-14.22,-20.21
2694,603813,原尚股份,27.66,0.4,0.11,6221.0,17296138.0,4.72,28.33,27.03,27.55,27.55,0.9,0.59,-35.52,6.11,2904714900.0,2904714900.0,0.0,-0.07,-23.12,-27.5
2695,600981,苏豪汇鸿,2.49,0.4,0.01,163811.0,40512975.0,2.02,2.5,2.45,2.47,2.48,1.01,0.73,-12.43,1.16,5583658648.0,5583658648.0,0.4,0.4,-9.12,-20.45
2696,600998,九州通,5.07,0.4,0.02,391241.0,198524272.0,1.58,5.1,5.02,5.06,5.05,1.07,0.78,10.65,0.95,25565324086.0,25565324086.0,0.0,0.0,5.85,3.05
2697,300269,联建光电,5.04,0.4,0.02,93511.0,47226266.75,1.99,5.09,4.99,5.02,5.02,0.73,1.78,-52.42,36.42,2756758178.0,2649252453.0,0.0,-0.2,3.49,-23.17
2698,300296,利亚德,5.06,0.4,0.02,325546.0,164591379.5,0.99,5.08,5.03,5.05,5.04,0.81,1.4,99.22,1.76,13722604743.0,11744242912.0,0.0,0.2,-21.67,-18.65
2699,300091,*ST金灵,2.49,0.4,0.01,34613.0,8587523.66,1.61,2.5,2.46,2.49,2.48,0.77,0.21,-4.11,5.44,7076692217.0,4039080028.0,0.0,0.4,-12.01,-11.39
2700,300621,维业股份,7.44,0.4,0.03,35013.0,25984528.0,2.29,7.49,7.32,7.4,7.41,0.81,1.73,-6.33,3.78,1547941848.0,1506815857.0,-0.13,0.4,4.2,-11.53
2701,688789,宏华数科,42.67,0.4,0.17,11691.0,50112100.0,2.33,43.32,42.33,42.65,42.5,0.39,0.65,34.61,2.26,7691528086.0,7691528086.0,-0.07,-0.14,-14.39,-47.31
2702,600809,山西汾酒,123.05,0.4,0.49,66516.0,813772113.0,1.89,123.79,121.47,122.0,122.56,0.81,0.55,11.66,3.94,150116597517.0,150116597517.0,0.04,0.11,9.89,-25.49
2703,300513,恒实科技,7.59,0.4,0.03,41024.0,31084909.0,1.59,7.63,7.51,7.56,7.56,0.82,1.31,-25.54,4.58,2380915866.0,2379376288.0,0.0,0.0,0.93,-20.02
2704,601956,东贝集团,5.02,0.4,0.02,46205.0,23121935.0,1.4,5.04,4.97,4.99,5.0,0.87,0.74,-31.45,1.33,3120515282.0,3120515282.0,0.4,0.4,2.24,-28.59
2705,300133,华策影视,7.7,0.39,0.03,908865.0,696534877.55,2.87,7.8,7.58,7.72,7.67,0.56,5.46,43.26,1.94,14435741821.0,12812802818.0,0.0,0.13,8.45,-7.34
2706,600486,扬农化工,56.08,0.39,0.22,41914.0,235224547.0,1.81,56.57,55.56,56.42,55.86,0.6,1.04,14.35,1.89,22662597483.0,22662597483.0,0.12,0.05,1.5,-18.35
2707,002455,百川股份,7.74,0.39,0.03,199193.0,153740005.27,2.2,7.79,7.62,7.62,7.71,0.43,3.01,39.51,2.0,5591859750.0,5114684671.0,0.13,0.13,-4.33,7.95
2708,000151,中成股份,10.25,0.39,0.04,38804.0,39616532.0,1.57,10.27,10.11,10.2,10.21,0.78,1.26,95.85,4.08,3596789432.0,3156330624.0,0.2,0.0,-26.47,-13.72
2709,600538,国发股份,5.19,0.39,0.02,118459.0,61947249.0,4.26,5.33,5.11,5.16,5.17,1.23,2.26,-120.12,4.02,2720589426.0,2720589426.0,0.0,0.0,-10.52,-15.2
2710,301517,陕西华达,38.18,0.39,0.15,13278.0,50734320.2,1.53,38.48,37.9,38.13,38.03,0.7,1.36,-76.58,4.62,5774243168.0,3724252064.0,0.0,-0.1,-27.39,-45.05
2711,920946,森萱医药,10.3,0.39,0.04,42442.0,43357481.02,2.14,10.35,10.13,10.2,10.26,0.58,0.99,24.33,3.41,4397258902.0,4395907027.0,0.0,0.1,9.93,-0.87
2712,301173,毓恬冠佳,33.43,0.39,0.13,4283.0,14298534.7,1.47,33.61,33.12,33.27,33.3,0.48,1.39,25.72,1.9,2936316428.0,1030602070.0,-0.09,0.21,0.57,-25.1
2713,002568,百润股份,18.16,0.39,0.07,88955.0,160574184.68,1.71,18.21,17.9,18.05,18.09,0.72,1.17,19.75,3.79,18915886410.0,13839890923.0,0.0,0.17,-10.81,-15.57
2714,002204,大连重工,5.19,0.39,0.02,139146.0,72149607.7,1.16,5.21,5.15,5.18,5.17,0.8,0.72,13.52,1.25,10023810466.0,10023810466.0,0.0,0.0,-7.82,-31.35
2715,688290,景业智能,63.6,0.39,0.25,9611.0,61837759.0,4.72,66.0,63.01,63.35,63.35,1.49,0.94,-259.79,5.14,6499265810.0,6499265810.0,-0.13,-0.02,2.37,7.0
2716,600265,*ST景谷,23.1,0.39,0.09,4769.0,11014840.0,1.61,23.25,22.88,23.02,23.01,0.88,0.37,-7161.92,9.08,2998380000.0,2998380000.0,-0.17,-0.17,-2.08,14.98
2717,920675,秉扬科技,7.85,0.38,0.03,11807.0,9249984.85,2.69,7.94,7.73,7.93,7.82,0.48,1.49,28.49,2.24,1351487400.0,620290280.0,0.0,-0.13,-5.88,-18.57
2718,301020,密封科技,21.05,0.38,0.08,11881.0,25136035.0,1.96,21.32,20.91,21.1,20.97,0.73,0.81,25.73,3.04,3081720000.0,3081720000.0,0.0,-0.14,-9.42,-3.97
2719,603018,华设集团,5.33,0.38,0.02,59362.0,31485617.0,1.51,5.34,5.26,5.33,5.31,0.8,0.72,20.54,0.81,4366057385.0,4366057385.0,0.19,0.19,-4.99,-14.72
2720,300804,广康生化,45.25,0.38,0.17,6692.0,30162574.96,2.09,45.5,44.56,44.99,45.08,0.67,2.43,506.31,2.46,3348500000.0,1244375000.0,-0.02,0.0,19.42,29.84
2721,600720,中交设计,5.22,0.38,0.02,71115.0,36960464.0,1.54,5.23,5.15,5.18,5.2,0.91,0.7,19.41,0.75,11977788849.0,5267239805.0,0.19,0.19,-3.69,-26.38
2722,000958,电投产融,5.27,0.38,0.02,78614.0,41351756.0,0.57,5.27,5.24,5.26,5.25,0.73,0.15,27.38,1.9,96528086502.0,28370615600.0,0.0,0.19,-17.78,-18.55
2723,688518,联赢激光,21.15,0.38,0.08,70687.0,150010652.0,1.71,21.42,21.06,21.21,21.07,0.78,2.07,36.69,2.18,7219025759.0,7219025759.0,-0.09,0.0,-16.34,-12.39
2724,002884,凌霄泵业,15.97,0.38,0.06,13746.0,21872611.28,1.13,15.99,15.81,15.99,15.91,0.66,0.5,13.44,2.52,5712189669.0,4384676472.0,0.06,0.06,-1.6,-4.31
2725,600577,精达股份,8.01,0.38,0.03,356085.0,285399197.0,2.13,8.08,7.91,7.93,7.98,0.64,1.6,27.52,2.73,17876832847.0,17876832847.0,-0.12,-0.12,-30.65,-35.25
2726,301332,德尔玛,7.88,0.38,0.03,24848.0,19559733.0,1.4,7.91,7.8,7.9,7.85,0.64,0.94,31.66,1.24,3637112500.0,2086941091.0,0.13,0.0,-7.4,-14.25
2727,001314,亿道信息,51.43,0.37,0.19,33068.0,169809530.0,2.32,51.88,50.69,51.44,51.24,0.92,2.66,18.73,3.27,7333609420.0,6382431473.0,-0.08,0.1,1.06,15.24
2728,000869,张  裕Ａ,16.37,0.37,0.06,12107.0,19768198.0,0.92,16.38,16.23,16.3,16.31,0.77,0.27,38.28,1.05,10759020895.0,7449260499.0,0.0,0.06,-6.4,-19.48
2729,300185,通裕重工,2.71,0.37,0.01,417159.0,112868272.0,1.11,2.72,2.69,2.71,2.7,0.81,1.08,70.62,1.54,10938106453.0,10423903134.0,0.0,-0.37,-2.52,-4.58
2730,600363,联创光电,16.37,0.37,0.06,264745.0,432425050.0,2.39,16.57,16.18,16.29,16.31,0.58,5.87,22.14,1.6,7381043927.0,7381043927.0,-0.12,0.0,-50.36,-74.04
2731,002391,长青股份,5.39,0.37,0.02,67443.0,36284814.35,2.23,5.46,5.34,5.34,5.37,0.71,1.45,32.45,0.84,3501303845.0,2501489896.0,0.0,0.19,2.28,-6.1
2732,688005,容百科技,24.62,0.37,0.09,69262.0,170538736.0,1.18,24.76,24.47,24.48,24.53,0.73,0.97,80.41,2.26,17593913674.0,17593913674.0,-0.04,-0.04,-21.57,-30.45
2733,603687,大胜达,16.31,0.37,0.06,186775.0,303207409.0,3.88,16.46,15.83,16.25,16.25,0.59,3.4,69.53,2.73,8971019702.0,8971019702.0,-0.37,0.0,-11.07,71.87
2734,600589,大位科技,8.17,0.37,0.03,721524.0,584765669.0,3.44,8.28,8.0,8.28,8.14,0.61,4.88,-86.78,20.71,12104426001.0,12079099001.0,0.25,0.37,-12.62,14.11
2735,300140,节能环境,5.43,0.37,0.02,96304.0,52204843.1,1.66,5.46,5.37,5.4,5.41,0.99,0.31,14.32,1.16,16827933897.0,16807293989.0,-0.18,0.0,-0.91,-19.08
2736,002480,新筑股份,5.39,0.37,0.02,55883.0,29931237.0,1.68,5.4,5.31,5.34,5.37,1.03,0.73,-20.68,5.57,4145819131.0,4136757469.0,0.0,-0.19,-3.58,-13.34
2737,000910,大亚圣象,5.41,0.37,0.02,29288.0,15811652.38,1.48,5.43,5.35,5.4,5.39,0.59,0.54,-7.64,0.47,2961420475.0,2960542026.0,0.19,0.19,-8.31,-25.58
2738,601777,千里科技,8.1,0.37,0.03,193043.0,156512098.0,1.98,8.15,7.99,7.99,8.07,0.95,0.43,233.8,3.55,36620910575.0,36620910575.0,0.0,0.0,-17.35,-23.8
2739,920751,惠同新材,16.09,0.37,0.06,5290.0,8462057.8,2.37,16.22,15.84,16.01,16.03,0.56,0.64,29.07,3.38,1396290200.0,1336550041.0,0.0,-0.06,-31.12,-22.35
2740,300613,富瀚微,72.63,0.36,0.26,130723.0,946008473.32,3.21,73.79,71.47,73.57,72.37,0.83,5.95,24.18,5.33,16915173292.0,15956092254.0,-0.14,0.22,24.47,57.96
2741,300274,阳光电源,88.75,0.36,0.32,402392.0,3548156869.46,2.48,89.2,87.01,89.0,88.43,0.62,2.53,17.5,3.67,183997513880.0,140892992318.0,0.01,-0.06,-40.34,-47.9
2742,688152,麒麟信安,36.49,0.36,0.13,40326.0,146433652.0,3.52,37.09,35.81,37.09,36.36,0.53,3.96,-765.88,3.05,3718260793.0,3718260793.0,0.3,0.36,23.07,-9.57
2743,920267,鑫汇科,16.9,0.36,0.06,10205.0,17212930.52,2.73,17.08,16.62,16.99,16.84,0.59,3.76,-120.95,3.32,802461703.0,459292111.0,0.24,0.3,9.31,-25.55
2744,603788,宁波高发,13.75,0.36,0.05,10413.0,14365012.0,1.75,13.89,13.65,13.66,13.7,0.89,0.47,16.43,1.5,3067144685.0,3067144685.0,-0.15,-0.22,-5.95,-11.52
2745,002441,众业达,8.34,0.36,0.03,33180.0,27642461.64,1.44,8.38,8.26,8.32,8.31,0.52,0.83,14.38,1.05,4541493699.0,3327362087.0,-0.12,0.12,3.22,-8.35
2746,920833,美心翼申,11.01,0.36,0.04,7912.0,8696156.3,1.64,11.1,10.92,10.93,10.97,0.61,0.91,417.44,2.18,1260689040.0,953938880.0,0.09,0.27,7.0,-5.09
2747,003003,天元股份,11.26,0.36,0.04,26874.0,30254434.0,2.23,11.35,11.1,11.17,11.22,0.82,2.28,33.79,1.54,1989867200.0,1329146029.0,0.0,0.0,2.09,-13.52
2748,601991,大唐发电,5.6,0.36,0.02,1293069.0,720413710.0,1.43,5.6,5.52,5.6,5.58,0.72,1.04,9.41,2.75,103637578822.0,69418098994.0,0.0,0.18,-30.0,64.71
2749,300082,奥克股份,8.47,0.36,0.03,75639.0,63789176.85,2.49,8.53,8.32,8.38,8.44,0.58,1.12,46.8,2.05,5760431754.0,5745142455.0,0.0,0.12,-5.15,-14.44
2750,603819,神力股份,17.08,0.35,0.06,88141.0,150211650.0,6.23,17.42,16.36,17.11,17.02,0.89,4.05,92.56,4.55,3718831594.0,3718831594.0,-0.23,0.12,46.99,41.16
2751,301189,奥尼电子,56.56,0.35,0.2,59557.0,337493503.1,4.4,57.87,55.39,56.7,56.36,0.76,3.77,275.22,4.4,9255474497.0,8933218015.0,0.19,0.28,-12.69,82.1
2752,600755,厦门国贸,5.79,0.35,0.02,165419.0,95685240.0,1.21,5.82,5.75,5.78,5.77,0.84,0.78,14.48,0.65,12345197640.0,12345197640.0,-0.17,0.17,5.66,-16.93
2753,920001,纬达光电,11.62,0.35,0.04,11658.0,13564706.5,3.28,11.88,11.5,11.59,11.58,0.44,1.29,-69.53,2.54,1785367728.0,1046410213.0,0.0,0.0,-24.25,-40.35
2754,300448,浩云科技,5.78,0.35,0.02,121627.0,70378430.03,2.78,5.86,5.7,5.73,5.76,0.84,1.9,-233.23,3.27,3910268717.0,3693518728.0,-0.17,0.0,-13.34,-25.99
2755,002554,惠博普,2.89,0.35,0.01,126042.0,36406357.0,1.74,2.91,2.86,2.88,2.88,0.45,0.95,-18.15,2.09,3854451008.0,3853727867.0,-0.34,-0.34,-8.54,-9.4
2756,300040,九洲集团,5.66,0.35,0.02,104922.0,59280800.8,1.24,5.68,5.61,5.67,5.64,0.58,2.02,77.99,1.4,3641703068.0,2945229348.0,0.0,0.0,-10.58,-5.67
2757,301456,盘古智能,23.23,0.35,0.08,9194.0,21434790.72,1.9,23.48,23.04,23.16,23.15,0.8,1.34,38.75,1.57,3533035020.0,1592459197.0,0.0,0.09,-10.48,-25.78
2758,002133,广宇集团,2.86,0.35,0.01,211553.0,60543496.0,2.81,2.89,2.81,2.83,2.85,0.45,2.75,-57.47,0.77,2214052341.0,2201828775.0,0.35,0.0,4.38,-15.63
2759,688484,南芯科技,34.77,0.35,0.12,56087.0,194411061.0,2.25,35.08,34.3,34.96,34.65,0.77,1.31,-166.45,3.71,14937563274.0,14937563274.0,0.46,0.46,-13.68,-13.96
2760,600362,江西铜业,46.02,0.35,0.16,399128.0,1827871087.0,2.25,46.19,45.16,45.86,45.86,0.68,1.92,9.23,1.82,159354807218.0,95502885578.0,0.04,0.02,8.41,-15.28
2761,000733,振华科技,40.42,0.35,0.14,71110.0,287213597.24,1.51,40.73,40.12,40.28,40.28,0.79,1.28,45.43,1.42,22399528401.0,22396078554.0,0.02,0.02,-13.6,-22.31
2762,600548,深高速,8.5,0.35,0.03,41825.0,35386658.0,2.01,8.55,8.38,8.5,8.47,0.56,0.24,11.74,0.94,21571777080.0,14572620856.0,-0.12,0.12,1.07,-0.7
2763,000856,冀东装备,8.73,0.34,0.03,37451.0,32640692.77,2.53,8.83,8.61,8.74,8.7,0.75,1.65,155.09,4.7,1981710000.0,1981710000.0,0.0,0.23,6.33,-14.58
2764,688101,三达膜,14.71,0.34,0.05,9714.0,14282469.0,1.09,14.77,14.61,14.76,14.66,0.51,0.29,13.29,1.09,4883897491.0,4883897491.0,0.07,-0.07,-13.98,-8.58
2765,600965,*ST福成,2.92,0.34,0.01,73845.0,21722784.0,3.78,3.0,2.89,2.91,2.91,0.86,0.9,65.71,1.09,2390606789.0,2390606789.0,0.34,0.0,6.18,-50.92
2766,300031,宝通科技,20.79,0.34,0.07,99649.0,208782710.22,2.41,21.29,20.79,20.81,20.72,0.78,2.78,22.67,2.12,8705743789.0,7454420446.0,0.0,-0.05,-16.24,-8.13
2767,600211,西藏药业,38.19,0.34,0.13,23348.0,89234235.0,1.71,38.7,38.05,38.25,38.06,0.76,0.72,10.12,3.47,12309370095.0,12309370095.0,0.0,0.03,4.37,-8.37
2768,002656,摩登大道,2.93,0.34,0.01,86215.0,25247333.0,1.71,2.95,2.9,2.9,2.92,0.65,1.26,-76.02,5.23,2087683143.0,2011850418.0,0.0,0.34,-8.44,3.9
2769,002960,青鸟智控,8.8,0.34,0.03,68778.0,60438195.3,1.6,8.84,8.7,8.82,8.77,1.0,0.71,33.43,1.49,9272864709.0,8522350804.0,0.0,0.11,-1.35,1.73
2770,301220,亚香股份,26.79,0.34,0.09,10691.0,28731094.8,2.77,27.36,26.62,27.04,26.7,0.93,1.37,64.38,1.75,3027454690.0,2092890014.0,0.11,0.26,-24.56,-28.75
2771,688158,优刻得-W,29.94,0.34,0.1,111683.0,334662271.0,1.94,30.23,29.65,30.2,29.84,0.75,2.72,853.85,5.6,13793510125.0,12271624806.0,0.03,0.07,-14.46,6.59
2772,920425,乐创技术,14.87,0.34,0.05,15488.0,22954188.61,1.62,14.95,14.71,14.83,14.82,0.39,1.87,19.91,5.21,1497575053.0,1232702435.0,0.13,-0.07,-14.24,1.23
2773,300423,昇辉科技,5.85,0.34,0.02,60310.0,35145307.0,2.23,5.89,5.76,5.88,5.83,0.73,1.81,-14.71,2.71,2910441047.0,1950203689.0,0.52,0.34,-1.18,-30.19
2774,600131,国网信通,14.93,0.34,0.05,103144.0,154595595.0,2.62,15.22,14.83,15.13,14.88,1.57,0.86,38.62,2.78,17870996038.0,17854863875.0,-0.07,0.07,-1.32,-6.57
2775,002611,东方精工,14.82,0.34,0.05,114016.0,169210630.16,1.83,14.96,14.69,14.71,14.77,0.73,1.14,2.35,1.95,18040177157.0,14878722768.0,-0.07,0.0,-18.62,-21.92
2776,300886,华业香料,23.48,0.34,0.08,9196.0,21664960.0,2.09,23.77,23.28,23.4,23.4,0.52,1.95,129.07,2.94,1763770640.0,1107512858.0,-0.38,-0.25,2.71,-9.2
2777,688563,航材股份,53.09,0.34,0.18,33683.0,177319790.0,3.99,53.71,51.6,52.54,52.91,1.58,2.49,51.38,2.28,23856498403.0,7195960563.0,0.06,-0.09,3.94,-8.84
2778,600111,北方稀土,38.8,0.34,0.13,225499.0,873247698.0,1.27,38.9,38.41,38.51,38.67,0.68,0.62,34.16,5.34,140264554670.0,140264554670.0,-0.03,-0.03,-21.51,-15.63
2779,300102,乾照光电,17.74,0.34,0.06,144143.0,256147183.22,2.15,17.93,17.55,17.66,17.68,0.86,1.57,90.26,3.74,16326722730.0,16244655166.0,-0.06,-0.06,-23.6,-35.51
2780,300340,科恒股份,8.96,0.34,0.03,28968.0,25971536.6,1.23,9.01,8.9,9.0,8.93,0.65,1.06,-36.7,47.29,2468611846.0,2450077737.0,0.11,0.0,-4.98,-27.27
2781,002309,中利集团,3.0,0.33,0.01,629644.0,188488873.0,1.67,3.01,2.96,2.98,2.99,0.74,2.62,39.26,4.55,9022996155.0,7218396924.0,0.0,0.0,-5.06,-11.5
2782,603869,ST智知,9.02,0.33,0.03,6139.0,5514138.0,1.56,9.05,8.91,8.96,8.99,0.8,0.13,225.36,1.17,4407370332.0,4407370332.0,0.33,0.11,4.64,-14.66
2783,002390,信邦制药,3.01,0.33,0.01,138975.0,41870647.1,1.0,3.03,3.0,3.01,3.0,0.41,0.72,29.38,0.87,5850994123.0,5802732884.0,0.0,-0.33,3.79,-4.75
2784,002617,露笑科技,6.13,0.33,0.02,417140.0,255851162.21,1.31,6.18,6.1,6.14,6.11,0.65,2.22,51.07,1.8,11703236332.0,11509821708.0,0.0,-0.16,-27.88,-24.32
2785,000819,岳阳兴长,12.3,0.33,0.04,27790.0,34077857.0,1.88,12.35,12.12,12.23,12.26,0.72,0.76,158.37,2.15,4502047304.0,4502047304.0,0.0,-0.16,-9.56,-24.21
2786,600408,安泰集团,3.06,0.33,0.01,360706.0,109746768.0,2.62,3.08,3.0,3.03,3.05,0.53,3.58,-20.78,2.72,3080808000.0,3080808000.0,0.0,0.0,6.25,-24.07
2787,688367,工大高科,30.03,0.33,0.1,10837.0,32663686.0,3.04,30.61,29.7,30.58,29.93,0.94,1.24,292.97,4.46,2631366738.0,2631366738.0,-0.03,0.74,-14.86,-2.66
2788,002174,游族网络,12.22,0.33,0.04,297447.0,363003856.32,2.96,12.38,12.02,12.2,12.18,0.94,3.04,23.69,2.57,11973290017.0,11966545493.0,-0.08,-0.08,21.23,-0.16
2789,002486,嘉麟杰,3.0,0.33,0.01,208897.0,62629848.0,2.01,3.02,2.96,2.97,2.99,0.42,2.55,70.02,2.29,2472849300.0,2461289868.0,0.0,0.0,27.66,-3.23
2790,300419,ST浩丰,9.18,0.33,0.03,42566.0,39136327.0,2.51,9.33,9.1,9.15,9.15,0.62,1.16,-73.6,10.57,3375979609.0,3375979609.0,-0.33,-0.43,32.47,45.71
2791,300384,三联虹普,12.11,0.33,0.04,19069.0,23018487.43,3.15,12.33,11.95,12.33,12.07,0.74,0.87,24.92,1.38,3863177979.0,2668824107.0,0.0,0.0,2.37,-24.64
2792,301508,中机认检,24.6,0.33,0.08,8468.0,20855174.0,1.43,24.79,24.44,24.77,24.52,0.86,1.44,33.0,2.68,5561695920.0,1447375440.0,0.0,-0.04,-1.84,-20.7
2793,002296,辉煌科技,9.09,0.33,0.03,48911.0,44357420.0,1.43,9.13,9.0,9.12,9.06,0.73,1.41,15.0,1.42,3541286018.0,3158006386.0,-0.11,0.0,-3.5,-17.89
2794,920249,利尔达,9.42,0.32,0.03,38446.0,36373952.21,3.19,9.66,9.36,9.59,9.39,0.54,3.08,41.84,4.89,3971754600.0,1174387406.0,0.11,0.0,4.43,-27.82
2795,001399,惠科股份,21.69,0.32,0.07,134936.0,291546464.42,1.67,21.78,21.42,21.65,21.62,0.79,3.13,43.25,4.67,160664385499.0,9338992395.0,0.0,0.14,114.33,114.33
2796,600007,中国国贸,19.01,0.32,0.06,25559.0,48520069.0,1.16,19.06,18.84,18.93,18.95,0.9,0.25,15.11,2.06,19148440971.0,19148440971.0,-0.16,-0.16,1.6,1.39
2797,688032,禾迈股份,71.67,0.32,0.23,7239.0,51876106.0,1.3,72.23,71.3,71.5,71.44,0.56,0.58,-27.11,1.62,8892350970.0,8892350970.0,-0.19,-0.25,-17.63,-28.89
2798,603982,泉峰汽车,6.31,0.32,0.02,43187.0,27240320.0,2.07,6.36,6.23,6.32,6.29,0.93,1.27,-6.24,1.13,2303963958.0,2142582888.0,0.16,-0.16,-0.47,-24.61
2799,603685,晨丰科技,27.86,0.32,0.09,20673.0,58137897.0,3.49,28.66,27.69,27.69,27.77,0.41,1.03,171.66,3.53,7047202824.0,5612835711.0,-0.04,0.0,-7.63,43.17
2800,001356,富岭股份,9.4,0.32,0.03,37157.0,34837696.44,2.03,9.44,9.25,9.31,9.37,0.56,1.76,65.18,2.78,5539608000.0,1989947100.0,0.21,0.21,0.97,-27.08
2801,603339,四方科技,12.58,0.32,0.04,138792.0,175141289.0,3.03,12.79,12.41,12.46,12.54,0.63,4.49,22.56,1.4,3892769982.0,3892769982.0,-0.08,-0.08,0.0,-0.79
2802,300470,中密控股,28.04,0.32,0.09,11695.0,32730502.5,1.54,28.15,27.72,27.95,27.95,0.74,0.59,21.62,1.98,5830490025.0,5533264567.0,0.04,-0.04,-7.31,-24.42
2803,601333,广深铁路,3.14,0.32,0.01,898680.0,282045782.0,1.92,3.17,3.11,3.15,3.13,0.9,1.59,9.34,0.77,22242306180.0,17748024180.0,0.0,0.32,5.72,6.44
2804,600107,*ST尔雅,6.26,0.32,0.02,9895.0,6216626.0,3.37,6.34,6.13,6.24,6.24,0.47,0.27,-90.11,5.79,2253600000.0,2253600000.0,-0.32,0.0,-1.57,-9.8
2805,300635,中达安,12.45,0.32,0.04,23017.0,28687462.0,2.01,12.58,12.33,12.41,12.41,0.65,1.91,54.09,5.41,1743174300.0,1498685333.0,-0.24,-0.16,-5.47,-22.33
2806,600730,*ST高科,9.49,0.32,0.03,56312.0,53459859.0,3.7,9.65,9.3,9.46,9.46,0.46,0.96,-301.26,3.33,5567365459.0,5567365459.0,0.0,-0.11,-29.86,-13.25
2807,600089,特变电工,18.94,0.32,0.06,478146.0,904036809.0,1.38,19.06,18.8,18.93,18.88,0.93,0.95,18.75,1.35,95699891295.0,95699891295.0,-0.05,0.0,-16.45,-13.36
2808,603004,鼎龙科技,19.05,0.32,0.06,17139.0,32821867.0,3.9,19.65,18.91,19.65,18.99,1.16,2.91,43.58,2.14,4486656000.0,1121664000.0,0.32,0.21,-5.83,-18.13
2809,688259,创耀科技,31.5,0.32,0.1,8353.0,26287278.0,1.91,31.86,31.26,31.86,31.4,0.56,0.75,149.68,2.23,3518550000.0,3518550000.0,-0.06,0.35,-12.35,-24.19
2810,301306,西测测试,98.9,0.32,0.32,25161.0,249537455.79,3.71,101.49,97.83,100.1,98.58,0.64,4.32,-72.86,9.17,8347160000.0,5762161250.0,-0.1,0.29,-26.81,-13.52
2811,301186,超达装备,34.89,0.32,0.11,12972.0,45128889.27,2.76,35.2,34.24,34.78,34.78,0.78,1.2,94.57,2.47,4003407239.0,3764047500.0,0.03,0.43,-16.03,1.63
2812,001322,箭牌家居,6.51,0.31,0.02,33961.0,21778953.67,3.7,6.52,6.28,6.49,6.49,0.93,0.43,-51.49,1.36,6286139328.0,5114333957.0,0.15,0.15,0.0,-26.27
2813,300942,易瑞生物,6.55,0.31,0.02,40155.0,26316953.77,1.53,6.61,6.51,6.58,6.53,0.68,0.99,-67.25,3.27,2653260212.0,2653260212.0,0.15,0.31,2.5,-30.24
2814,002362,汉王科技,16.22,0.31,0.05,32489.0,52522351.98,1.36,16.27,16.05,16.05,16.17,0.5,1.56,-23.0,4.59,3965054358.0,3368450740.0,0.0,0.19,-11.85,-25.05
2815,688299,长阳科技,12.92,0.31,0.04,31591.0,40946929.0,2.25,13.1,12.81,12.85,12.88,0.72,1.1,186.43,1.89,3713116190.0,3713116190.0,-0.39,-0.31,-20.49,-23.64
2816,600171,上海贝岭,22.75,0.31,0.07,73631.0,167681923.0,1.54,22.94,22.59,22.68,22.68,0.86,1.04,70.64,3.54,16128005143.0,16128005143.0,0.0,0.0,-13.17,-26.92
2817,300452,山河药辅,12.89,0.31,0.04,26528.0,34138086.75,1.17,12.93,12.78,12.86,12.85,0.57,1.34,15.71,3.01,3022141514.0,2560336665.0,0.16,0.16,6.09,-1.45
2818,002835,同为股份,12.92,0.31,0.04,21371.0,27719452.0,2.02,13.09,12.83,12.83,12.88,0.76,1.68,25.72,2.29,2835861589.0,1646703794.0,-0.08,0.0,4.03,-19.75
2819,600319,亚星化学,6.54,0.31,0.02,30331.0,19869615.0,1.84,6.6,6.48,6.53,6.52,0.64,0.78,-19.41,7.79,2535619371.0,2535619371.0,0.0,0.0,-7.5,-29.53
2820,300861,美畅股份,16.22,0.31,0.05,77070.0,125363827.73,1.55,16.37,16.12,16.16,16.17,0.89,1.83,17.6,1.67,10897251937.0,6842648516.0,0.0,0.12,-12.09,9.97
2821,920047,诺思兰德,16.24,0.31,0.05,25069.0,40726599.75,3.03,16.55,16.06,16.19,16.19,0.73,1.39,-76.33,17.94,4454176858.0,2924928374.0,0.06,0.0,1.95,-31.51
2822,002878,元隆雅图,13.11,0.31,0.04,48764.0,63909747.0,2.52,13.25,12.92,13.05,13.07,0.66,2.07,-466.94,2.72,3434711541.0,3093059631.0,0.15,0.0,-2.74,-28.05
2823,920022,世昌股份,19.65,0.31,0.06,1336.0,2617374.81,2.45,19.86,19.38,19.8,19.59,0.41,0.8,21.57,2.82,1185307650.0,326484750.0,0.46,-0.05,-11.37,-33.14
2824,003017,大洋生物,22.71,0.31,0.07,13207.0,29997172.08,1.59,22.92,22.56,22.78,22.64,0.81,1.58,19.92,1.95,2289168000.0,1895855418.0,0.13,0.22,3.09,-7.8
2825,002009,天奇股份,16.35,0.31,0.05,87260.0,143518066.0,2.52,16.62,16.21,16.3,16.3,1.24,2.46,73.0,3.19,6576512934.0,5791682066.0,0.06,0.0,-18.74,-27.56
2826,603860,中公高科,26.66,0.3,0.08,8110.0,21704381.0,1.73,26.96,26.5,26.58,26.58,0.75,1.22,342.75,2.14,1777688800.0,1777688800.0,0.0,-0.19,-0.26,-11.01
2827,300233,金城医药,13.16,0.3,0.04,53798.0,71012005.91,1.3,13.29,13.12,13.22,13.12,0.73,1.45,18.19,1.35,5051789565.0,4898697653.0,0.08,0.0,5.28,-4.91
2828,300173,ST福能,3.36,0.3,0.01,40758.0,13644799.0,1.49,3.37,3.32,3.34,3.35,0.69,0.55,-18.64,3.2,2468678345.0,2468646845.0,0.3,0.0,-7.18,-20.57
2829,600376,首开股份,3.34,0.3,0.01,411746.0,136888508.0,2.1,3.35,3.28,3.32,3.33,0.49,1.6,-2.34,6.89,8615747908.0,8615747908.0,-0.3,0.0,-1.76,-49.47
2830,603012,创力集团,10.11,0.3,0.03,504264.0,522479440.0,8.43,10.88,10.03,10.19,10.08,1.42,7.8,38.58,1.7,6536115000.0,6536115000.0,0.1,0.0,32.85,70.2
2831,301578,辰奕智能,23.62,0.3,0.07,9686.0,22859722.41,2.17,23.85,23.34,23.57,23.55,0.79,3.22,249.35,2.72,2502090409.0,711454949.0,0.0,-0.25,5.21,-8.41
2832,002677,浙江美大,6.59,0.3,0.02,38224.0,25140935.0,2.13,6.64,6.5,6.57,6.57,0.72,0.7,-198.8,2.94,4257480354.0,3597363863.0,-0.15,0.0,-3.09,-20.89
2833,920571,国航远洋,9.96,0.3,0.03,258393.0,255452998.42,5.94,10.24,9.65,10.24,9.93,0.87,8.73,22.31,4.07,5531858232.0,2948999150.0,0.0,0.1,7.56,1.22
2834,603393,新天然气,26.69,0.3,0.08,51481.0,136453248.0,1.99,26.8,26.27,26.59,26.61,0.64,1.21,14.66,1.17,11314460218.0,11314460218.0,-0.11,0.0,-1.8,0.38
2835,301575,艾芬达,26.76,0.3,0.08,6907.0,18491345.59,1.57,26.9,26.48,26.68,26.68,0.68,2.83,27.51,2.29,3247004880.0,652193382.0,-0.3,-0.15,-6.3,-26.28
2836,000157,中联重科,6.64,0.3,0.02,232669.0,154322647.18,0.76,6.65,6.6,6.61,6.62,0.49,0.33,13.66,1.0,57426273967.0,46947571290.0,-0.15,-0.15,-7.13,-19.32
2837,300883,龙利得,6.73,0.3,0.02,112637.0,75539351.0,2.83,6.78,6.59,6.7,6.71,1.34,3.41,-343.9,1.65,2328580000.0,2225439890.0,0.0,0.0,5.82,-0.3
2838,603037,凯众股份,10.35,0.29,0.03,27104.0,28080912.0,1.84,10.44,10.25,10.26,10.32,1.02,1.02,45.08,2.87,2758669925.0,2754653297.0,-0.19,0.0,-11.39,-27.42
2839,600790,轻纺城,3.43,0.29,0.01,148350.0,50989856.0,1.17,3.45,3.41,3.43,3.42,0.84,1.01,6.62,0.89,5027662883.0,5027662883.0,0.0,0.0,-8.04,-7.8
2840,300642,透景生命,17.37,0.29,0.05,205772.0,351607041.52,4.16,17.37,16.65,16.9,17.32,0.6,14.94,122.8,1.97,2818668826.0,2391945768.0,0.12,0.52,34.65,-4.77
2841,301032,新柴股份,10.27,0.29,0.03,25687.0,26448049.01,1.56,10.37,10.21,10.26,10.24,0.86,1.57,27.43,1.95,2476440018.0,1682860696.0,0.0,-0.29,-2.38,-13.7
2842,601113,华鼎股份,3.48,0.29,0.01,81851.0,28497306.0,1.44,3.5,3.45,3.48,3.47,0.95,0.74,48.93,0.98,4712449746.0,3842449746.0,0.29,0.0,-11.22,-25.64
2843,001280,中国铀业,66.1,0.29,0.19,48614.0,317995204.13,2.52,66.24,64.58,65.52,65.91,1.14,2.8,69.22,7.9,136706818170.0,11483372745.0,0.06,0.11,-9.13,8.97
2844,600115,中国东航,3.5,0.29,0.01,1342161.0,469480772.0,1.72,3.53,3.47,3.48,3.49,0.79,0.79,-17.74,7.74,77307078345.0,59587377126.0,-0.28,0.0,-10.26,-41.67
2845,603885,吉祥航空,10.28,0.29,0.03,122666.0,126103280.0,1.76,10.36,10.18,10.2,10.25,0.68,0.57,74.18,2.58,22297374155.0,22297374155.0,0.0,0.0,-9.43,-30.02
2846,300070,碧水源,3.46,0.29,0.01,221931.0,76797502.4,1.16,3.48,3.44,3.45,3.45,0.77,0.64,205.7,0.46,12539764396.0,12033008243.0,-0.29,0.0,-2.26,-11.73
2847,002107,沃华医药,6.84,0.29,0.02,191203.0,129765663.22,1.61,6.84,6.73,6.78,6.82,0.53,3.35,29.22,6.17,3948113664.0,3908351314.0,0.15,0.44,15.74,14.38
2848,301505,苏州规划,17.29,0.29,0.05,37619.0,64843724.02,3.07,17.44,16.91,17.26,17.24,1.05,4.13,-65.26,2.1,1977975844.0,1576318943.0,0.46,0.35,-6.29,-21.87
2849,600681,百川能源,3.51,0.29,0.01,177113.0,61995776.0,1.43,3.53,3.48,3.51,3.5,0.57,1.32,16.17,1.29,4706400383.0,4702728790.0,0.0,0.0,-1.4,-17.61
2850,605196,华通线缆,34.51,0.29,0.1,67384.0,232652645.0,2.47,34.9,34.05,34.5,34.41,0.71,1.33,53.95,5.15,17633649966.0,17508667135.0,-0.03,-0.23,-2.43,-0.66
2851,000799,酒鬼酒,39.49,0.28,0.11,53747.0,211108362.7,1.32,39.5,38.98,39.1,39.38,0.79,1.65,520.79,3.51,12831445420.0,12830203460.0,0.03,0.08,5.19,-27.25
2852,600996,贵广网络,7.1,0.28,0.02,111204.0,78680123.0,1.55,7.12,7.01,7.07,7.08,0.55,0.89,-8.09,6.88,8852278963.0,8852278963.0,0.14,0.0,-19.86,-29.28
2853,603072,天和磁材,31.7,0.28,0.09,10040.0,31752863.0,1.27,31.77,31.37,31.71,31.61,0.68,0.8,52.46,3.82,8377676000.0,4001491000.0,0.13,0.16,-16.62,-21.61
2854,688278,特宝生物,57.12,0.28,0.16,19567.0,111507028.0,1.97,57.49,56.37,56.88,56.96,0.62,0.48,24.46,7.51,23315783098.0,23315783098.0,-0.02,-0.05,-3.72,-31.24
2855,300396,ST迪瑞,7.18,0.28,0.02,11711.0,8398049.0,1.26,7.2,7.11,7.16,7.16,0.62,0.43,128.87,1.27,1957987156.0,1955148112.0,0.0,-0.14,3.46,-44.34
2856,000938,紫光股份,35.37,0.28,0.1,1665301.0,5837829558.11,4.03,35.7,34.28,35.46,35.27,0.84,5.82,23.34,5.66,101161025143.0,101160770479.0,0.0,-0.03,40.64,44.13
2857,600843,上工申贝,7.2,0.28,0.02,44793.0,32199809.0,1.53,7.25,7.14,7.25,7.18,0.82,0.95,-51.33,1.93,5134798656.0,3378403656.0,0.14,-0.14,-16.57,-42.58
2858,605155,西大门,14.45,0.28,0.04,14827.0,21515725.0,1.8,14.62,14.36,14.39,14.41,0.86,0.79,29.39,2.02,2753004925.0,2708339975.0,0.14,0.0,4.48,-15.0
2859,601778,晶科科技,3.59,0.28,0.01,626386.0,224924976.0,1.68,3.62,3.56,3.61,3.58,0.89,1.68,-35.65,0.81,13365729748.0,13365729748.0,-0.28,-0.28,-24.42,-2.71
2860,603636,南威软件,7.12,0.28,0.02,83825.0,59134176.0,2.25,7.15,6.99,7.08,7.1,0.7,1.44,-12.14,2.39,4132166924.0,4132166924.0,0.14,0.85,-18.44,-39.86
2861,000055,方大集团,3.58,0.28,0.01,73532.0,26312184.8,1.4,3.6,3.55,3.56,3.57,0.81,1.09,35.27,0.69,3844469733.0,2419558856.0,0.0,-0.28,-5.79,-12.68
2862,002941,新疆交建,11.01,0.27,0.03,60812.0,66802988.48,1.37,11.06,10.91,10.93,10.98,0.49,0.83,22.07,1.65,8034560404.0,8034560404.0,0.0,0.0,2.13,-29.65
2863,688201,ST信安,7.52,0.27,0.02,13700.0,10301757.0,1.73,7.59,7.46,7.59,7.5,0.59,0.43,-58.0,1.88,2384996696.0,2384996696.0,-0.13,0.0,4.01,-48.53
2864,002267,陕天然气,7.35,0.27,0.02,75822.0,55688274.2,1.5,7.38,7.27,7.34,7.33,0.7,0.68,10.11,1.19,8173754521.0,8173754521.0,0.14,0.0,5.0,0.27
2865,600241,时代万恒,7.49,0.27,0.02,30436.0,22832257.0,2.41,7.59,7.41,7.5,7.47,0.86,1.03,-88.46,2.16,2204322841.0,2204322841.0,0.0,-0.27,2.04,-10.3
2866,688055,龙腾光电,3.71,0.27,0.01,57081.0,21176397.0,1.08,3.73,3.69,3.69,3.7,0.66,0.17,-32.89,3.18,12366666914.0,12366666914.0,-0.27,0.0,-14.52,3.06
2867,603216,梦天家居,22.16,0.27,0.06,102399.0,226247246.0,4.21,22.53,21.6,21.99,22.1,0.86,4.6,78.39,2.76,4934810400.0,4934810400.0,0.14,0.09,-2.25,-52.65
2868,600288,大恒科技,11.19,0.27,0.03,161784.0,180997094.0,1.61,11.27,11.09,11.15,11.16,0.66,3.7,31.14,2.44,4887792000.0,4887792000.0,0.0,0.09,-8.5,-25.2
2869,000900,现代投资,3.67,0.27,0.01,98221.0,36026281.0,1.37,3.69,3.64,3.67,3.66,0.74,0.65,11.91,0.51,5570429986.0,5570151983.0,0.0,0.27,-0.27,-6.62
2870,300414,中光防雷,11.16,0.27,0.03,69680.0,77660676.74,1.53,11.23,11.06,11.12,11.13,0.55,2.21,151.0,3.64,3638377241.0,3522891529.0,0.09,0.18,-7.23,-25.25
2871,300374,中铁装配,11.22,0.27,0.03,19772.0,22166125.0,1.52,11.28,11.11,11.11,11.19,0.55,0.8,-28.35,3.97,2759136421.0,2758812275.0,0.27,0.36,-3.86,-28.4
2872,920608,丰安股份,14.81,0.27,0.04,12770.0,19112069.38,5.96,15.47,14.59,14.75,14.77,0.51,2.65,24.43,1.85,921774400.0,714121731.0,0.14,0.27,7.16,-19.55
2873,600035,楚天高速,3.72,0.27,0.01,134894.0,50068332.0,1.08,3.73,3.69,3.7,3.71,0.61,0.84,6.85,0.66,5989631152.0,5989631152.0,0.0,0.0,2.48,0.0
2874,002672,东江环保,3.74,0.27,0.01,51670.0,19315163.0,1.34,3.76,3.71,3.73,3.73,0.83,0.57,-7.7,1.96,4133656699.0,3385142449.0,-0.27,0.0,5.06,-19.05
2875,600425,青松建化,3.73,0.27,0.01,105155.0,39144053.0,1.61,3.75,3.69,3.73,3.72,0.6,0.66,24.08,0.93,5985544827.0,5985544827.0,0.0,0.27,5.37,-8.13
2876,002456,欧菲光,7.53,0.27,0.02,583517.0,437085705.84,1.86,7.57,7.43,7.55,7.51,0.59,1.76,-29.68,5.91,26324241576.0,24981641033.0,-0.13,0.13,-13.45,-29.1
2877,601311,骆驼股份,7.68,0.26,0.02,76827.0,58871912.0,1.04,7.69,7.61,7.66,7.66,0.4,0.65,16.12,0.91,9009762186.0,9009762186.0,0.13,0.13,0.13,-12.83
2878,601616,广电电气,3.83,0.26,0.01,90660.0,34702265.0,1.31,3.85,3.8,3.83,3.82,0.65,1.06,-57.64,1.4,3269576472.0,3269576472.0,0.0,-0.26,2.68,-0.78
2879,000573,粤宏远Ａ,3.82,0.26,0.01,103086.0,39275753.0,1.31,3.83,3.78,3.8,3.81,0.51,1.63,26.95,1.52,2438231907.0,2416378509.0,0.0,0.26,-6.6,-6.37
2880,603967,中创物流,11.69,0.26,0.03,24368.0,28592734.0,1.11,11.8,11.67,11.67,11.66,0.91,0.7,11.65,1.74,4052533840.0,4052533840.0,0.0,-0.09,-2.34,-10.63
2881,603768,常青股份,11.66,0.26,0.03,20891.0,24386146.0,1.98,11.78,11.55,11.71,11.63,0.91,0.88,74.55,1.26,2774565293.0,2774565293.0,0.17,0.09,10.84,0.52
2882,300074,华平股份,3.84,0.26,0.01,114202.0,43851259.5,2.09,3.87,3.79,3.82,3.83,0.64,2.08,-41.78,2.54,2113499904.0,2112103680.0,0.26,0.26,0.0,-16.7
2883,300543,朗科智能,7.76,0.26,0.02,46012.0,35820216.9,1.81,7.84,7.7,7.74,7.74,1.01,1.84,-47.2,1.72,2377441552.0,1941542750.0,-0.26,-0.26,-4.55,-30.03
2884,301365,矩阵股份,38.91,0.26,0.1,21679.0,84610161.7,2.78,39.68,38.6,38.88,38.81,0.81,1.76,130.82,3.99,7098304647.0,4790711650.0,0.46,0.39,22.55,65.5
2885,600375,汉马科技,3.84,0.26,0.01,122932.0,47064530.0,1.57,3.86,3.8,3.84,3.83,0.64,0.84,92.68,1.81,6155794049.0,5616713318.0,0.26,0.26,-2.54,-34.69
2886,300238,冠昊生物,11.57,0.26,0.03,24258.0,28127492.0,1.99,11.75,11.52,11.75,11.54,0.46,0.91,115.86,5.26,3067851461.0,3067601329.0,-0.09,0.0,5.28,-16.46
2887,001896,豫能控股,11.57,0.26,0.03,267667.0,309885745.2,1.39,11.66,11.5,11.58,11.54,0.75,1.75,134.83,4.89,17653289988.0,17653289988.0,0.0,0.09,-46.93,122.5
2888,002339,积成电子,7.57,0.26,0.02,66088.0,49907714.56,1.32,7.6,7.5,7.6,7.55,0.61,1.38,-25.16,2.2,3815978514.0,3624467582.0,0.0,0.0,-0.92,-13.98
2889,603279,景津装备,11.39,0.26,0.03,50435.0,57298600.0,1.06,11.41,11.29,11.4,11.36,0.54,0.88,15.31,1.44,6564888470.0,6564888470.0,0.0,0.0,-15.75,-31.26
2890,000030,富奥股份,4.06,0.25,0.01,66496.0,26970816.0,0.99,4.07,4.03,4.06,4.05,0.66,0.4,18.58,0.84,6982432031.0,6783483099.0,0.0,0.0,-3.33,-27.37
2891,002437,誉衡药业,3.95,0.25,0.01,3261275.0,1278396073.8,5.33,4.01,3.8,3.87,3.94,0.54,15.51,27.7,3.56,8807979098.0,8305571464.0,0.0,0.25,46.3,28.66
2892,300167,ST迪威迅,4.08,0.25,0.01,20851.0,8502292.0,1.97,4.12,4.04,4.04,4.07,0.56,0.59,-19.93,23.43,1698621912.0,1444666800.0,0.0,0.25,-9.93,-17.58
2893,002160,常铝股份,4.06,0.25,0.01,116452.0,47241882.04,1.73,4.08,4.01,4.04,4.05,0.86,1.13,82.4,1.11,4193091538.0,4184761725.0,-0.25,0.0,-2.64,-21.92
2894,688131,皓元医药,89.05,0.25,0.22,24250.0,216039836.0,1.93,89.83,88.12,89.2,88.83,0.69,1.14,55.46,5.9,18988495893.0,18988495893.0,0.01,-0.12,15.8,23.8
2895,001319,铭科精技,20.16,0.25,0.05,14751.0,29832043.0,2.44,20.49,20.0,20.11,20.11,0.85,1.8,26.86,2.06,2850624000.0,1653121512.0,-0.15,-0.25,-16.31,-25.66
2896,002671,龙泉股份,4.03,0.25,0.01,83563.0,33671479.0,1.74,4.06,3.99,4.0,4.02,0.75,1.52,258.82,1.37,2263211109.0,2222126174.0,-0.25,0.0,-1.95,-23.09
2897,603048,浙江黎明,23.71,0.25,0.06,17058.0,40618333.0,2.58,24.13,23.52,23.53,23.65,0.68,1.16,66.48,2.79,3482524800.0,3482524800.0,0.0,0.47,22.09,14.05
2898,002698,博实股份,11.97,0.25,0.03,76178.0,91364959.5,1.42,12.08,11.91,11.96,11.94,0.78,0.9,26.09,2.96,12240062053.0,10104335750.0,0.0,0.08,6.02,-27.72
2899,301636,泽润新能,40.29,0.25,0.1,11074.0,44295588.0,2.24,40.36,39.46,39.96,40.19,0.73,2.93,149.15,2.4,2606526216.0,1522213533.0,0.0,0.1,-12.18,-17.61
2900,301519,舜禹股份,12.09,0.25,0.03,21546.0,26150039.28,2.65,12.27,11.95,12.04,12.06,1.01,2.83,-30.67,1.45,1954262407.0,919962907.0,0.08,-0.25,-1.23,-9.23
2901,605377,华旺科技,8.18,0.25,0.02,56031.0,45989804.0,2.08,8.29,8.12,8.18,8.16,0.68,1.01,17.34,1.2,4553562792.0,4553562792.0,0.12,0.0,-0.97,-1.8
2902,000967,盈峰环境,8.07,0.25,0.02,613717.0,497024289.1,2.86,8.23,8.0,8.06,8.05,0.95,1.83,28.42,1.45,27108653785.0,27096385215.0,-0.25,-0.12,-16.98,11.93
2903,300855,图南股份,35.86,0.25,0.09,69417.0,246997844.99,2.52,36.0,35.1,35.61,35.77,0.99,2.37,28.47,6.45,14183759590.0,10505407109.0,0.0,-0.08,11.71,11.54
2904,002735,王子新材,11.94,0.25,0.03,91732.0,109045887.0,2.18,11.99,11.73,11.81,11.91,0.53,3.22,200.71,2.87,4480536975.0,3403608532.0,0.0,0.17,-35.81,-33.78
2905,001696,宗申动力,16.48,0.24,0.04,542344.0,890420518.58,4.2,16.74,16.05,16.23,16.44,0.81,6.08,22.54,3.41,18870043642.0,14692142793.0,0.0,-0.24,-27.85,-23.31
2906,300242,佳云科技,4.17,0.24,0.01,149218.0,62156149.0,1.92,4.21,4.13,4.14,4.16,0.79,2.35,-99.35,11.26,2646095284.0,2646093841.0,0.0,0.0,-11.09,-16.6
2907,300603,立昂技术,8.19,0.24,0.02,93193.0,76158340.63,2.08,8.29,8.12,8.2,8.17,0.72,2.49,-38.91,3.06,3806697512.0,3062498608.0,0.12,0.24,-2.73,-15.74
2908,300601,康泰生物,12.61,0.24,0.03,101576.0,127814701.14,1.11,12.65,12.51,12.59,12.58,0.5,1.13,139.77,1.54,14084490667.0,11354008591.0,0.0,0.08,7.32,-14.45
2909,600536,中国软件,33.58,0.24,0.08,163324.0,544869928.0,2.18,33.7,32.97,33.48,33.5,0.59,1.94,-1264.18,8.74,31356553491.0,28329964954.0,0.03,0.06,12.61,-27.47
2910,002398,垒知集团,4.25,0.24,0.01,106408.0,45225210.75,1.18,4.27,4.22,4.24,4.24,1.0,1.77,25.31,0.78,2925186201.0,2548897342.0,0.0,0.0,1.92,-23.29
2911,300016,北陆药业,8.49,0.24,0.02,161200.0,136586588.05,1.53,8.53,8.4,8.5,8.47,0.55,2.87,30.96,1.98,4938545816.0,4773030566.0,0.12,0.24,11.86,6.93
2912,300880,迦南智能,21.29,0.24,0.05,30392.0,65067944.79,1.98,21.66,21.24,21.24,21.24,0.61,1.56,60.03,3.9,4154472691.0,4154472691.0,-0.05,-0.09,-11.18,22.15
2913,600557,康缘药业,12.55,0.24,0.03,38445.0,48305419.0,1.52,12.66,12.47,12.52,12.52,0.6,0.68,24.14,1.43,7105293015.0,7105293015.0,0.0,-0.08,3.55,-11.06
2914,301236,软通动力,37.71,0.24,0.09,154331.0,577020554.14,2.68,37.91,36.9,37.54,37.62,0.91,1.78,-73.75,2.98,39036987749.0,32730671932.0,-0.08,0.0,-5.01,-20.41
2915,002259,升达林业,4.28,0.23,0.01,75513.0,32190960.6,2.58,4.31,4.2,4.29,4.27,0.55,1.0,17.99,6.84,3219964983.0,3219964983.0,-0.23,0.0,-4.89,13.23
2916,301429,森泰股份,17.54,0.23,0.04,12568.0,22159134.05,2.57,17.77,17.32,17.49,17.5,0.89,2.86,35.29,1.55,2073578800.0,771623381.0,0.06,-0.28,-2.83,-6.2
2917,688306,均普智能,8.58,0.23,0.02,58955.0,50961239.0,2.1,8.74,8.56,8.56,8.56,1.17,0.48,-206.05,6.11,10538666424.0,10538666424.0,-0.12,-0.35,0.94,-25.97
2918,002722,物产金轮,13.19,0.23,0.03,23443.0,30838346.0,1.29,13.22,13.05,13.21,13.16,0.61,1.05,17.2,0.98,2933086812.0,2932888962.0,0.15,0.0,4.77,-10.88
2919,301135,瑞德智能,17.22,0.23,0.04,12861.0,22166697.9,1.86,17.34,17.02,17.18,17.18,0.81,1.28,-371.66,1.86,2234964273.0,1735374189.0,0.0,0.06,0.06,-19.98
2920,002183,怡 亚 通,4.36,0.23,0.01,266798.0,116569568.0,1.61,4.4,4.33,4.34,4.35,0.59,1.03,206.21,1.25,11322959637.0,11322894237.0,-0.23,0.0,-18.05,-8.4
2921,300339,润和软件,35.33,0.23,0.08,132745.0,468515093.36,1.45,35.51,35.0,35.11,35.25,0.6,1.71,170.2,7.68,28137195013.0,27475664646.0,0.0,0.03,-11.36,-28.53
2922,300122,智飞生物,13.28,0.23,0.03,212041.0,280331612.76,1.43,13.3,13.11,13.13,13.25,0.44,1.5,-19.66,2.11,31789527840.0,18781986973.0,0.0,0.15,7.44,-29.62
2923,300801,泰和科技,21.9,0.23,0.05,27917.0,61288027.0,1.56,22.15,21.81,21.88,21.85,0.86,2.03,17.09,1.79,4783617000.0,3012265634.0,0.18,0.14,-16.89,-20.45
2924,600084,*ST尼雅,4.32,0.23,0.01,23755.0,10200515.0,1.86,4.33,4.25,4.3,4.31,1.0,0.21,315.42,3.81,4854499906.0,4854499906.0,0.0,0.23,1.17,-17.71
2925,603409,汇通控股,18.15,0.22,0.04,11366.0,20631170.0,1.44,18.26,18.0,18.26,18.11,0.57,2.11,22.93,2.22,3408168758.0,977885918.0,0.0,0.0,-14.02,-26.78
2926,605080,浙江自然,23.22,0.22,0.05,20474.0,47447867.0,2.85,23.56,22.9,23.17,23.17,1.0,1.46,13.68,1.42,3271912088.0,3258954864.0,-0.21,-0.13,8.96,1.57
2927,002691,*ST冀凯,4.61,0.22,0.01,21678.0,9956074.0,1.74,4.63,4.55,4.62,4.6,0.96,0.65,-13.87,2.0,1567400000.0,1548869206.0,0.0,0.0,0.22,-49.06
2928,301036,双乐股份,22.58,0.22,0.05,7333.0,16579968.81,1.55,22.77,22.42,22.48,22.53,0.81,1.05,812.13,1.39,2258000000.0,1573361033.0,-0.22,0.0,-4.52,-33.78
2929,301028,鼎熔岩,13.49,0.22,0.03,32329.0,43764530.92,2.08,13.67,13.39,13.46,13.46,0.66,1.29,19.52,2.96,5211527757.0,3380592638.0,0.0,0.3,-15.42,-6.84
2930,920149,旭杰科技,9.05,0.22,0.02,14116.0,12823344.32,3.65,9.23,8.9,9.03,9.03,0.46,2.23,25.72,5.22,692172779.0,572566377.0,-0.33,-0.66,8.0,-21.78
2931,688717,艾罗能源,45.6,0.22,0.1,42991.0,196042615.0,1.8,45.87,45.05,45.28,45.5,0.77,4.34,-103.84,1.69,7296000000.0,4516580045.0,0.26,0.09,-48.42,-25.97
2932,920476,海能技术,23.06,0.22,0.05,15636.0,35957528.98,3.91,23.64,22.74,23.64,23.01,0.91,1.95,91.07,3.86,2065847164.0,1852408255.0,0.0,0.04,20.48,12.05
2933,603214,爱婴室,13.92,0.22,0.03,25392.0,35459665.0,2.81,14.07,13.68,13.89,13.89,1.05,1.83,22.81,1.62,1928477301.0,1928477301.0,0.0,0.0,1.61,-17.68
2934,301599,理奇智能,32.17,0.22,0.07,21171.0,68335476.37,1.31,32.47,32.05,32.1,32.1,0.67,3.87,58.67,6.41,13884572000.0,1759716243.0,-0.03,-0.03,-29.59,131.27
2935,301616,浙江华业,35.76,0.22,0.08,4867.0,17343421.0,1.88,35.99,35.32,35.42,35.68,0.94,1.71,38.77,1.97,2860800000.0,1015648046.0,-0.03,0.17,-0.67,-29.44
2936,603022,新通联,9.17,0.22,0.02,22154.0,20357704.0,1.86,9.27,9.1,9.14,9.15,0.76,1.11,41.27,2.16,1834000000.0,1834000000.0,-0.11,0.11,-0.33,-9.83
2937,688229,博睿数据,66.1,0.21,0.14,7990.0,52674293.0,3.23,67.13,65.0,65.08,65.96,0.8,1.8,-41.2,8.59,2934840000.0,2934840000.0,-0.12,0.35,-21.56,5.46
2938,000100,TCL科技,4.81,0.21,0.01,2882571.0,1386874508.85,1.25,4.84,4.78,4.82,4.8,0.73,1.43,13.86,1.57,105562261686.0,96753054935.0,0.0,0.0,5.71,8.09
2939,603367,辰欣药业,14.51,0.21,0.03,31255.0,45397255.0,0.97,14.6,14.46,14.46,14.48,0.44,0.69,12.42,1.05,6569462412.0,6569462412.0,-0.07,-0.07,9.34,-15.44
2940,605287,德才股份,38.44,0.21,0.08,30030.0,114812340.0,2.74,38.75,37.7,37.88,38.36,0.41,2.15,60.85,3.38,5381600000.0,5381600000.0,0.05,0.1,-2.41,48.59
2941,000902,新洋丰,14.36,0.21,0.03,68764.0,98468056.86,1.4,14.4,14.2,14.39,14.33,0.56,0.6,9.37,1.45,18017984002.0,16410370256.0,-0.14,-0.07,17.03,-6.27
2942,300066,三川智慧,4.88,0.21,0.01,80863.0,39441587.54,1.44,4.91,4.84,4.87,4.87,0.7,0.8,101.2,1.97,5075362319.0,4908842503.0,0.21,0.0,-14.98,-21.04
2943,002865,钧达股份,38.31,0.21,0.08,58907.0,226150974.14,1.49,38.68,38.11,38.48,38.23,0.98,2.57,-23.56,3.15,11924602452.0,8766149826.0,0.03,0.05,-40.35,-29.85
2944,920000,安徽凤凰,14.53,0.21,0.03,6179.0,8910005.66,2.0,14.6,14.31,14.5,14.5,0.52,1.07,23.85,1.95,1332110400.0,836839730.0,0.21,0.21,9.5,-24.52
2945,002178,延华智能,4.7,0.21,0.01,79912.0,37594004.0,1.71,4.74,4.66,4.66,4.69,0.77,1.12,-147.17,7.85,3347119105.0,3345605385.0,0.0,0.21,-11.82,-26.45
2946,002402,和而泰,18.86,0.21,0.04,133940.0,252548862.49,1.22,18.99,18.76,18.82,18.82,0.87,1.64,36.33,2.41,17415125687.0,15436506226.0,0.05,0.11,-20.76,-51.54
2947,301622,英思特,38.45,0.21,0.08,9968.0,38394835.35,1.64,38.76,38.13,38.48,38.37,0.94,1.54,-85.18,2.93,4457580786.0,2486153776.0,0.0,-0.05,-32.66,-40.16
2948,002616,长青集团,4.88,0.21,0.01,57676.0,28098692.0,1.23,4.9,4.84,4.88,4.87,0.58,0.98,13.57,1.18,4192975876.0,2866903708.0,0.0,-0.2,-1.21,-6.33
2949,000039,中集集团,9.41,0.21,0.02,291793.0,273231887.13,2.56,9.47,9.23,9.38,9.39,0.64,1.27,34.31,1.11,50743616823.0,21656241197.0,0.0,0.0,6.93,-5.14
2950,300618,寒锐钴业,33.22,0.21,0.07,30294.0,100523356.39,1.6,33.37,32.84,33.16,33.15,0.7,1.11,52.15,1.85,10288137363.0,9052338979.0,0.0,-0.03,-10.46,-26.24
2951,600497,驰宏锌锗,9.86,0.2,0.02,799193.0,785352508.0,1.83,9.89,9.71,9.84,9.84,0.67,1.59,15.63,2.8,49698151562.0,49698151562.0,0.1,0.1,6.25,36.19
2952,000828,东莞控股,10.09,0.2,0.02,53010.0,53524106.0,1.59,10.18,10.02,10.14,10.07,0.87,0.51,9.53,1.01,10488726449.0,10488726449.0,0.4,0.2,1.92,-3.35
2953,301255,通力科技,19.84,0.2,0.04,10634.0,21147706.2,1.77,20.06,19.71,19.98,19.8,0.97,0.8,-1765.95,2.85,3022028800.0,2652149458.0,-0.1,-0.15,-15.36,-31.89
2954,920396,常辅股份,20.17,0.2,0.04,10951.0,21839719.79,2.29,20.18,19.72,20.11,20.13,0.64,2.2,54.44,4.04,1456700313.0,1002790095.0,0.15,0.35,-14.61,-37.96
2955,600350,山东高速,10.19,0.2,0.02,117234.0,118806279.0,1.57,10.22,10.06,10.18,10.17,0.89,0.24,15.61,1.68,49264276707.0,49264276707.0,0.0,-0.1,-5.47,9.22
2956,300012,华测检测,14.82,0.2,0.03,184568.0,273134456.21,2.3,14.95,14.61,14.8,14.79,0.71,1.29,22.12,3.11,24939514131.0,21221438801.0,-0.13,-0.13,6.93,11.01
2957,001277,速达股份,30.79,0.2,0.06,20503.0,63121950.0,2.02,31.1,30.48,30.92,30.73,0.44,4.48,24.98,1.48,2340040000.0,1410049264.0,0.33,0.16,0.88,-21.37
2958,600817,宇通重工,9.95,0.2,0.02,14475.0,14409978.0,1.21,10.0,9.88,9.93,9.93,0.64,0.27,25.66,2.2,5294065118.0,5268443868.0,0.0,0.1,8.86,-8.46
2959,002193,ST如意,5.1,0.2,0.01,38316.0,19427217.0,3.14,5.14,4.98,5.0,5.09,0.57,1.46,-7.1,6.49,1334749305.0,1334741655.0,-0.2,-0.2,11.35,-4.14
2960,002184,海得控制,10.04,0.2,0.02,27994.0,28205067.3,1.5,10.13,9.98,9.98,10.02,0.81,1.13,91.5,2.76,3533160035.0,2492824793.0,0.0,0.1,-4.83,-23.3
2961,603013,亚普股份,14.84,0.2,0.03,31215.0,46307302.0,1.55,14.94,14.71,14.83,14.81,0.52,0.61,12.89,1.65,7541978330.0,7541978330.0,0.0,0.07,-13.47,-38.98
2962,301082,久盛电气,10.2,0.2,0.02,58384.0,59470345.4,1.57,10.26,10.1,10.18,10.18,0.65,2.14,81.17,2.89,3000859645.0,2781620090.0,0.0,0.0,3.98,-25.6
2963,300097,智云股份,10.02,0.2,0.02,122608.0,122227862.0,3.3,10.09,9.76,9.95,10.0,0.68,4.65,-52.09,13.37,2967790423.0,2643580768.0,-0.3,-0.1,9.03,38.4
2964,600405,动力源,5.06,0.2,0.01,139526.0,70721758.0,2.38,5.11,4.99,5.11,5.05,0.57,2.28,-28.67,80.39,3100917715.0,3100917715.0,-0.39,0.0,18.78,-2.88
2965,600119,*ST长投,5.05,0.2,0.01,18370.0,9271791.0,1.39,5.07,5.0,5.05,5.04,0.59,0.5,-107.52,26.98,1844615369.0,1844615369.0,-0.39,-0.2,4.34,-35.67
2966,300890,翔丰华,25.91,0.19,0.05,26645.0,69063876.25,1.74,26.09,25.64,25.87,25.86,0.54,2.44,30.43,1.43,3098317385.0,2831926700.0,0.0,-0.19,-22.75,-12.76
2967,920089,禾昌聚合,10.44,0.19,0.02,12228.0,12774211.91,2.98,10.64,10.33,10.55,10.42,0.65,1.1,16.67,1.56,2044866096.0,1164704941.0,0.29,0.38,-11.0,-31.18
2968,600713,南京医药,5.27,0.19,0.01,58956.0,31001170.0,1.14,5.29,5.23,5.25,5.26,0.57,0.46,11.71,0.95,6894024449.0,6797318262.0,0.19,0.19,9.11,-0.38
2969,300141,和顺电气,10.4,0.19,0.02,43799.0,45440844.0,2.22,10.45,10.22,10.37,10.38,0.75,1.72,-238.27,4.31,2681583840.0,2648523852.0,0.0,0.0,0.1,-17.26
2970,603035,常熟汽饰,10.78,0.19,0.02,37773.0,40492601.0,2.04,10.81,10.59,10.71,10.76,0.76,1.03,16.94,0.74,3949221522.0,3949221522.0,0.09,0.0,-7.47,-29.59
2971,002442,龙星科技,5.24,0.19,0.01,50880.0,26681671.0,1.53,5.28,5.2,5.24,5.23,0.48,1.04,37.13,1.41,2637678115.0,2575516419.0,0.0,-0.19,1.16,-15.62
2972,300748,金力永磁,26.16,0.19,0.05,104493.0,272587337.52,1.95,26.27,25.76,26.0,26.11,0.61,0.92,39.11,4.73,36152337738.0,29610137446.0,-0.23,0.0,-13.35,-22.81
2973,000410,沈阳机床,5.33,0.19,0.01,150406.0,80301498.64,1.88,5.38,5.28,5.32,5.32,0.74,0.76,-362.93,3.37,14119559138.0,10505527715.0,0.19,0.19,2.7,-25.45
2974,002370,亚太药业,5.4,0.19,0.01,86935.0,46886452.0,1.3,5.42,5.35,5.38,5.39,0.63,1.17,-4623.24,3.6,4026604662.0,4026361662.0,0.0,0.19,3.25,-26.13
2975,600802,福建水泥,5.22,0.19,0.01,551393.0,284920811.0,11.71,5.53,4.92,5.04,5.21,5.23,12.03,-17.28,2.86,2392056648.0,2392056648.0,0.19,0.58,8.75,-20.43
2976,300856,科思股份,10.76,0.19,0.02,23844.0,25584167.2,1.58,10.81,10.64,10.73,10.74,0.56,0.52,43.76,1.93,5118394519.0,4946755303.0,0.19,0.28,-10.18,-19.76
2977,600358,国旅联合,5.26,0.19,0.01,74821.0,39496398.0,2.29,5.34,5.22,5.25,5.25,1.01,1.48,-492.22,2.84,6118197451.0,2655966832.0,-0.19,-0.19,-9.47,-13.2
2978,001217,华尔泰,10.39,0.19,0.02,19906.0,20735613.0,1.35,10.5,10.36,10.36,10.37,0.4,0.61,115.43,1.58,3448129300.0,3413933181.0,-0.19,-0.29,7.67,-24.71
2979,301195,北路智控,26.19,0.19,0.05,6763.0,17689294.0,1.34,26.35,26.0,26.14,26.14,0.66,0.77,37.86,1.43,3458909110.0,2296596595.0,0.04,0.23,-26.84,-22.81
2980,600724,宁波富达,5.15,0.19,0.01,92213.0,47066114.0,3.11,5.18,5.02,5.15,5.14,0.91,0.64,31.54,2.65,7442991516.0,7441454720.0,0.19,0.0,-22.44,-8.69
2981,000951,中国重汽,22.0,0.18,0.04,90248.0,198580774.39,1.28,22.15,21.87,21.97,21.96,0.76,0.77,13.22,1.55,25717888922.0,25717888922.0,-0.09,-0.18,3.29,34.23
2982,000788,北大医药,5.53,0.18,0.01,88286.0,49032963.71,1.45,5.6,5.52,5.53,5.52,0.58,1.48,29.6,2.17,3295810460.0,3295810460.0,0.0,-0.36,6.35,-6.9
2983,002923,润都股份,11.13,0.18,0.02,53098.0,59132219.72,1.8,11.24,11.04,11.11,11.11,1.02,2.06,45.73,3.45,3727362273.0,2872253244.0,-0.09,0.09,10.53,-8.4
2984,605399,晨光新材,11.32,0.18,0.02,27204.0,30917534.0,2.48,11.48,11.2,11.26,11.3,0.58,0.87,-45.35,1.73,3524723161.0,3521021521.0,0.0,-0.18,-14.37,-16.27
2985,603916,苏博特,11.22,0.18,0.02,116460.0,130912002.0,3.48,11.43,11.04,11.18,11.2,0.86,2.77,31.86,1.11,4716077815.0,4716077815.0,-0.09,-0.09,-21.81,20.13
2986,002587,奥拓电子,5.56,0.18,0.01,79856.0,44345099.0,1.08,5.58,5.52,5.56,5.55,0.72,1.5,133.13,2.81,3639043107.0,2961882707.0,0.0,0.0,-15.24,-16.89
2987,301161,唯万密封,28.56,0.18,0.05,27305.0,78237403.98,3.47,29.0,28.01,28.55,28.51,0.8,3.54,24.98,3.48,3427200000.0,2204762742.0,-0.1,0.0,-19.21,-24.22
2988,600366,宁波韵升,11.27,0.18,0.02,155309.0,174987948.0,1.6,11.35,11.17,11.24,11.25,0.59,1.41,22.59,1.93,12386192645.0,12386192645.0,0.0,0.0,-14.49,-17.68
2989,920961,创远信科,21.82,0.18,0.04,19705.0,42809182.96,2.75,22.01,21.41,21.96,21.78,0.81,1.76,-77.35,4.15,3116779885.0,2449893435.0,0.09,0.05,2.83,-22.98
2990,001255,博菲电气,27.13,0.18,0.05,9881.0,26703262.39,1.77,27.22,26.74,27.09,27.08,0.77,1.28,1141.1,2.56,2360532032.0,2094809960.0,0.04,0.26,-6.8,-15.19
2991,300381,溢多利,5.58,0.18,0.01,81952.0,45778614.0,1.44,5.62,5.54,5.55,5.57,0.59,1.71,-275.12,1.06,2679370144.0,2669768711.0,-0.18,0.18,-3.13,-13.76
2992,300343,联创股份,5.62,0.18,0.01,94232.0,52904446.0,1.07,5.64,5.58,5.58,5.61,0.6,0.88,105.88,3.03,6004266820.0,5988914829.0,0.0,0.18,-13.0,-6.8
2993,002196,方正电机,10.9,0.18,0.02,277741.0,302812913.55,2.02,11.01,10.79,10.9,10.88,0.76,5.67,110.86,3.76,5405004037.0,5342953498.0,0.0,0.28,-12.59,-31.32
2994,600223,福瑞达,5.69,0.18,0.01,51995.0,29491010.0,1.41,5.71,5.63,5.68,5.68,0.55,0.51,35.36,1.36,5784276330.0,5784276330.0,0.0,0.0,1.07,-22.05
2995,600874,创业环保,5.62,0.18,0.01,63047.0,35431724.0,1.07,5.65,5.59,5.63,5.61,0.76,0.51,9.03,0.85,8825749638.0,6914949638.0,0.0,0.18,-0.18,-1.92
2996,920118,太湖远大,21.98,0.18,0.04,6529.0,14289691.19,2.1,22.19,21.73,21.85,21.94,0.73,2.08,12.66,1.9,1136607780.0,688833418.0,0.32,-0.14,16.6,-1.04
2997,003015,日久光电,12.09,0.17,0.02,34343.0,41724053.0,1.66,12.27,12.07,12.16,12.07,0.95,1.39,48.87,2.99,3398096004.0,2986747658.0,0.0,0.0,-2.42,-21.49
2998,600118,中国卫星,57.72,0.17,0.1,162684.0,935909386.0,1.54,57.93,57.04,57.67,57.62,0.89,1.38,987.3,10.66,68253272872.0,68253272872.0,0.0,0.03,-25.99,-39.2
2999,002367,康力电梯,5.76,0.17,0.01,78842.0,45309364.0,2.96,5.84,5.67,5.75,5.75,0.35,0.99,23.94,1.28,4595013827.0,4578302771.0,0.0,0.17,8.27,-27.18
3000,002386,天原股份,5.87,0.17,0.01,125491.0,73246016.86,1.54,5.88,5.79,5.86,5.86,0.81,0.96,18.25,0.98,7640668319.0,7639130860.0,0.17,0.17,1.03,8.1
3001,300251,光线传媒,11.66,0.17,0.02,481776.0,560561599.74,2.32,11.79,11.52,11.6,11.64,0.59,1.75,518.13,3.6,34205641117.0,32101631161.0,0.0,-0.09,3.09,-28.16
3002,300848,美瑞新材,11.67,0.17,0.02,15008.0,17487569.95,1.63,11.73,11.54,11.63,11.65,0.5,0.59,96.59,3.25,4993448607.0,2953939715.0,0.17,0.09,-17.35,-26.0
3003,300011,鼎汉技术,6.06,0.17,0.01,26981.0,16346393.0,0.99,6.09,6.03,6.09,6.05,0.55,0.53,-124.67,2.43,3669665645.0,3088573409.0,0.0,0.17,1.0,-29.37
3004,002207,*ST准油,5.91,0.17,0.01,47617.0,28143750.0,1.53,5.95,5.86,5.89,5.9,0.51,1.83,-41.43,180.17,1548747284.0,1541398625.0,0.17,0.17,-18.71,-20.14
3005,600073,光明肉业,5.79,0.17,0.01,114206.0,66026768.0,1.73,5.83,5.73,5.75,5.78,0.61,1.22,25.45,1.16,5429453643.0,5429453643.0,0.0,0.0,15.11,-9.53
3006,002599,盛通股份,5.84,0.17,0.01,62545.0,36474542.0,2.06,5.91,5.79,5.81,5.83,0.59,1.51,-86.97,2.53,3157190356.0,2414087142.0,0.0,0.0,-0.51,-31.54
3007,000571,新大洲A,5.95,0.17,0.01,122615.0,73055409.73,1.35,6.0,5.92,5.96,5.94,0.69,1.51,-39.52,-409.87,4992817550.0,4843253293.0,0.0,-0.17,13.55,1.54
3008,300759,康龙化成,41.26,0.17,0.07,319286.0,1319789888.26,2.21,41.86,40.95,41.2,41.19,0.75,2.25,50.52,4.64,75806322491.0,58590518422.0,0.02,0.12,86.02,46.16
3009,600141,兴发集团,30.24,0.17,0.05,171910.0,517210150.0,2.02,30.33,29.72,30.08,30.19,0.56,1.43,21.75,1.46,36340613276.0,36340613276.0,-0.03,0.07,-10.13,-11.27
3010,603226,菲林格尔,34.54,0.17,0.06,41845.0,144788770.0,3.89,35.16,33.82,34.7,34.48,0.95,1.18,-165.54,14.81,12278685736.0,12278685736.0,-0.09,-0.17,-38.18,9.23
3011,002647,仁东控股,11.47,0.17,0.02,158588.0,180989461.0,2.97,11.59,11.25,11.35,11.45,0.81,1.56,125.72,19.41,12964445306.0,11645395306.0,-0.26,-0.17,-1.63,43.02
3012,002667,*ST威领,18.05,0.17,0.03,130291.0,235143599.82,1.11,18.15,17.95,18.02,18.02,1.03,5.51,-120.05,-89.25,4703676575.0,4270828550.0,0.11,0.11,0.5,37.89
3013,300707,威唐工业,12.04,0.17,0.02,20818.0,25096825.0,1.91,12.16,11.93,12.15,12.02,0.69,1.45,-34.99,1.92,2093756132.0,1728709485.0,0.25,0.08,-1.39,-26.54
3014,600735,ST新华锦,5.95,0.17,0.01,29373.0,17616643.0,2.36,6.08,5.94,6.06,5.94,1.05,0.69,215.39,2.4,2551230403.0,2531438371.0,-0.17,-0.17,-6.89,25.26
3015,300314,戴维医疗,11.55,0.17,0.02,34666.0,40036890.2,1.56,11.63,11.45,11.52,11.53,0.59,2.41,69.05,2.7,3326400000.0,1660213724.0,0.09,0.17,18.58,-7.6
3016,301418,协昌科技,35.05,0.17,0.06,8493.0,29839395.0,2.06,35.46,34.74,35.21,34.99,0.77,2.75,297.07,1.6,2570333357.0,1080708357.0,-0.34,-0.26,-22.27,-3.71
3017,300195,长荣股份,6.3,0.16,0.01,90351.0,56698168.0,1.59,6.32,6.22,6.31,6.29,0.51,2.88,-113.98,0.99,2669358863.0,1977620280.0,0.0,0.16,13.92,-21.15
3018,002600,领益智造,12.65,0.16,0.02,698053.0,885009650.52,1.43,12.76,12.58,12.68,12.63,0.63,0.97,67.26,3.27,102721876352.0,91080008463.0,-0.08,0.0,-9.71,-18.49
3019,300612,宣亚国际,12.59,0.16,0.02,54297.0,68246790.0,1.99,12.7,12.45,12.5,12.57,0.73,2.98,-34.53,5.24,2303793690.0,2291943352.0,0.16,-0.08,3.2,-29.31
3020,600315,上海家化,18.65,0.16,0.03,74230.0,138029328.0,1.83,18.72,18.38,18.6,18.62,0.82,1.1,16.45,1.77,12537014527.0,12537014527.0,0.11,0.21,0.87,-16.44
3021,600126,杭钢股份,6.29,0.16,0.01,289766.0,182232894.0,1.11,6.32,6.25,6.29,6.28,0.62,0.86,847.94,1.09,21242519332.0,21242519332.0,0.0,0.0,-6.81,-22.92
3022,301270,汉仪股份,31.41,0.16,0.05,17257.0,54532957.12,2.65,32.07,31.24,31.37,31.36,0.76,1.83,804.97,3.3,3141000000.0,2968020230.0,0.0,0.1,5.58,-15.75
3023,688793,倍轻松,18.48,0.16,0.03,11767.0,21702720.0,2.66,18.66,18.17,18.57,18.45,0.63,1.38,-16.66,8.44,1570857639.0,1570857639.0,0.43,0.11,3.47,-15.23
3024,300191,潜能恒信,36.72,0.16,0.06,102129.0,374100782.69,2.97,37.12,36.03,36.84,36.66,0.56,4.62,49.96,9.55,11750400000.0,8122280400.0,-0.05,0.08,23.26,99.24
3025,002135,东南网架,6.24,0.16,0.01,124570.0,77549453.0,2.57,6.31,6.15,6.23,6.23,0.89,1.19,121.28,1.12,6960871513.0,6513772905.0,-0.16,-0.16,-6.02,37.75
3026,000422,湖北宜化,12.46,0.16,0.02,129523.0,161421031.4,1.21,12.54,12.39,12.51,12.44,0.51,1.21,21.22,2.21,13551305512.0,13298382464.0,0.0,-0.08,-7.01,-10.74
3027,002420,毅昌科技,6.16,0.16,0.01,61097.0,37766641.12,1.79,6.23,6.12,6.18,6.15,0.64,1.51,30.18,3.03,2531396560.0,2487825032.0,0.16,0.0,9.03,-19.9
3028,603357,设计总院,6.11,0.16,0.01,29917.0,18247407.0,0.98,6.13,6.07,6.09,6.1,0.92,0.53,-57.56,0.88,3424919276.0,3424919276.0,0.33,0.0,-7.28,-23.82
3029,600449,宁夏建材,12.59,0.16,0.02,71751.0,90389974.0,2.47,12.73,12.42,12.53,12.57,0.73,1.5,52.08,0.82,6020299319.0,6020299319.0,0.08,0.08,-2.4,3.2
3030,002136,安 纳 达,12.73,0.16,0.02,43790.0,55684017.7,1.81,12.82,12.59,12.62,12.71,0.86,2.04,28.16,2.42,2737204600.0,2730021825.0,0.0,0.08,1.19,4.86
3031,301110,青木科技,37.63,0.16,0.06,45547.0,170784145.75,2.61,37.98,37.0,37.57,37.57,0.87,5.0,28.1,3.14,4874946406.0,3428789945.0,0.13,0.03,-3.36,-19.92
3032,688623,双元科技,55.9,0.16,0.09,3306.0,18416483.0,1.95,56.3,55.21,55.99,55.81,0.63,0.93,54.7,2.27,4780127340.0,1985544746.0,0.0,0.25,-11.79,-13.16
3033,300154,瑞凌股份,12.43,0.16,0.02,92724.0,114916787.0,2.74,12.54,12.2,12.45,12.41,0.49,2.94,69.47,3.26,5587971148.0,3920085470.0,0.32,0.24,42.22,28.81
3034,688006,杭可科技,20.56,0.15,0.03,68398.0,140974375.0,1.46,20.75,20.45,20.54,20.53,0.9,1.13,40.19,2.28,12411499445.0,12411499445.0,0.0,0.05,-37.56,-29.4
3035,000050,深天马Ａ,6.6,0.15,0.01,156792.0,103734503.38,1.21,6.66,6.58,6.62,6.59,0.83,0.64,-11.04,0.61,16076118953.0,16075976228.0,0.15,0.15,-12.12,-26.91
3036,002521,齐峰新材,6.59,0.15,0.01,25519.0,16855660.0,1.22,6.64,6.56,6.59,6.58,0.66,0.61,23.2,0.95,3690802320.0,2762353958.0,-0.3,-0.3,-5.99,-18.14
3037,002074,国轩高科,25.99,0.15,0.04,112592.0,292054793.43,1.43,26.14,25.77,26.05,25.95,0.7,0.65,17.01,1.56,47164711639.0,45135733363.0,0.0,0.04,-10.19,-33.38
3038,001367,海森药业,20.42,0.15,0.03,13054.0,26724653.0,1.03,20.6,20.39,20.47,20.39,0.61,1.07,23.66,2.01,3111011504.0,2483345056.0,0.05,-0.24,1.19,-6.46
3039,600215,派斯林,6.72,0.15,0.01,55263.0,37209808.0,2.53,6.82,6.65,6.79,6.71,0.58,1.21,-55.4,1.26,3070252954.0,3070252954.0,0.0,0.0,7.69,-6.01
3040,300507,苏奥传感,6.58,0.15,0.01,86979.0,57180275.32,1.83,6.64,6.52,6.61,6.57,1.1,1.12,80.83,2.45,5290335180.0,5121524234.0,0.3,0.3,-6.53,-27.93
3041,600510,黑牡丹,6.8,0.15,0.01,50402.0,34088710.0,2.21,6.84,6.69,6.79,6.79,0.76,0.49,-39.25,0.68,7017773108.0,7017773108.0,0.29,-0.15,-11.23,-18.76
3042,600032,浙江新能,6.74,0.15,0.01,88566.0,59679141.0,1.04,6.77,6.7,6.72,6.73,0.7,0.37,51.98,1.25,16207511684.0,16207511684.0,0.15,0.0,-21.81,-8.67
3043,600132,重庆啤酒,40.04,0.15,0.06,21987.0,87803957.0,1.45,40.28,39.7,40.04,39.98,0.65,0.45,12.17,12.23,19378206768.0,19378206768.0,-0.02,0.02,-18.72,-21.55
3044,600987,航民股份,6.53,0.15,0.01,55842.0,36388095.0,1.07,6.55,6.48,6.53,6.52,1.17,0.55,11.1,0.99,6665947241.0,6665947241.0,0.15,0.15,1.08,-1.66
3045,002103,广博股份,6.87,0.15,0.01,61754.0,42204062.4,1.6,6.88,6.77,6.83,6.86,0.45,1.59,36.84,2.83,3670455187.0,2666491490.0,0.44,0.29,7.18,-24.67
3046,002686,亿利达,6.55,0.15,0.01,120707.0,78790177.27,2.75,6.62,6.44,6.54,6.54,0.54,2.31,1445.97,2.3,3708866321.0,3423898582.0,0.0,0.15,11.39,0.46
3047,300779,惠城环保,56.8,0.14,0.08,71288.0,407410791.2,3.77,58.4,56.26,56.7,56.72,0.93,3.14,-376.6,7.67,16887097354.0,12903383630.0,-0.02,0.07,3.56,-38.91
3048,002468,申通快递,14.33,0.14,0.02,128079.0,182922527.53,2.38,14.45,14.11,14.31,14.31,0.81,0.87,10.6,1.87,21936395039.0,21155230412.0,0.0,0.14,1.78,7.58
3049,688080,映翰通,36.87,0.14,0.05,6843.0,25252909.0,1.49,37.19,36.64,37.11,36.82,0.73,0.93,36.48,2.28,2715701587.0,2715701587.0,0.03,0.11,-9.12,-26.83
3050,300426,华智数媒,7.17,0.14,0.01,177534.0,126195389.0,2.79,7.23,7.03,7.12,7.16,0.45,4.44,37.9,20.99,3229244748.0,2868000000.0,0.28,0.42,25.79,-7.12
3051,605500,森林包装,7.34,0.14,0.01,30354.0,22272563.0,1.23,7.39,7.3,7.3,7.33,0.57,0.73,185.63,1.19,3041696000.0,3041696000.0,-0.14,0.0,6.69,-17.34
3052,603922,ST金鸿顺,14.15,0.14,0.02,7985.0,11505631.0,5.45,14.8,14.03,14.22,14.13,0.46,0.45,107.5,2.71,2535680000.0,2535680000.0,0.0,-0.84,7.12,-31.84
3053,603843,*ST正平,7.18,0.14,0.01,85106.0,60984949.0,3.07,7.26,7.04,7.06,7.17,0.67,1.22,-16.68,-49.02,5023294842.0,5023294842.0,0.14,0.0,-17.38,25.52
3054,600539,狮头股份,14.1,0.14,0.02,119359.0,167470329.0,2.91,14.24,13.83,14.08,14.08,0.89,5.19,2443.88,10.79,3243000000.0,3243000000.0,-0.21,-0.14,-13.71,38.51
3055,920111,聚星科技,28.42,0.14,0.04,16382.0,46420608.46,1.55,28.57,28.13,28.23,28.38,0.66,2.18,12.0,4.0,4409490890.0,2139688513.0,0.0,0.14,-6.27,22.34
3056,002200,交投生态,7.05,0.14,0.01,32844.0,23206869.0,2.41,7.19,7.02,7.03,7.04,0.8,1.68,29.89,2.37,3180435346.0,1379868089.0,0.43,0.14,3.52,-6.13
3057,301090,华润材料,7.13,0.14,0.01,56304.0,40230967.3,1.83,7.24,7.11,7.24,7.12,0.58,0.38,20.75,1.63,10487754400.0,10487754400.0,0.14,0.0,2.59,1.28
3058,301121,紫建电子,36.54,0.14,0.05,11254.0,41379803.8,2.47,37.08,36.18,36.58,36.49,0.65,1.47,816.64,2.18,3611104123.0,2804835028.0,0.0,-0.08,3.07,-8.28
3059,300432,富临精工,13.88,0.14,0.02,242576.0,336512800.14,1.52,13.99,13.78,13.85,13.86,0.58,1.43,42.09,4.93,23731472159.0,23491308684.0,-0.14,0.07,-38.53,-16.39
3060,920641,格利尔,14.17,0.14,0.02,11251.0,15942644.35,1.48,14.27,14.06,14.2,14.15,0.52,2.48,46.72,3.03,1063812750.0,642160495.0,0.0,0.07,-8.11,-22.31
3061,688285,高铁电气,7.57,0.13,0.01,13699.0,10362610.0,1.19,7.61,7.52,7.61,7.56,0.6,0.36,43.88,1.66,2848514641.0,2848514641.0,-0.26,0.4,-1.94,-12.69
3062,600894,广日股份,7.44,0.13,0.01,24925.0,18538421.0,1.08,7.48,7.4,7.47,7.43,0.44,0.3,24.0,0.73,6303214344.0,6272994671.0,0.0,0.13,-6.18,-15.93
3063,000537,绿发电力,7.49,0.13,0.01,93840.0,70363371.0,1.07,7.54,7.46,7.46,7.48,0.66,0.46,26.22,0.77,15397327064.0,15397327064.0,0.0,0.13,-11.67,-7.42
3064,301512,智信精密,30.98,0.13,0.04,10722.0,33407634.4,2.23,31.5,30.81,31.19,30.94,1.02,2.2,-21.95,2.29,2313176225.0,1509384635.0,0.03,-0.29,-16.52,0.0
3065,300921,南凌科技,15.93,0.13,0.02,54968.0,87143977.22,1.89,15.99,15.69,15.69,15.91,0.82,3.4,85.47,4.96,4089954875.0,2579147781.0,0.0,0.13,-8.18,-2.69
3066,603201,常润股份,15.59,0.13,0.02,24207.0,37662587.0,1.67,15.65,15.39,15.5,15.57,0.43,1.29,16.34,1.66,2961783866.0,2936450428.0,-0.06,0.13,-13.15,-6.03
3067,600727,鲁北化工,7.73,0.13,0.01,108291.0,83556040.0,2.46,7.81,7.62,7.71,7.72,0.6,2.05,11.9,1.22,4085947634.0,4085947634.0,0.0,0.0,0.52,13.84
3068,300512,中亚股份,7.44,0.13,0.01,27009.0,20097313.0,1.62,7.51,7.39,7.5,7.43,0.56,0.83,43.52,1.85,3044726070.0,2427900192.0,0.27,0.13,-0.93,-21.68
3069,600391,航发科技,37.96,0.13,0.05,163084.0,608977773.0,4.72,38.2,36.41,37.83,37.91,1.26,4.94,1036.35,7.0,12531710771.0,12531710771.0,0.0,0.11,8.43,2.32
3070,300891,惠云钛业,7.51,0.13,0.01,34757.0,26047909.14,2.53,7.57,7.38,7.47,7.5,0.58,1.04,201.5,2.45,3004063384.0,2504392481.0,-0.13,0.0,10.93,-14.66
3071,605366,宏柏新材,7.9,0.13,0.01,108591.0,85997008.0,2.15,7.98,7.81,7.92,7.89,0.69,1.41,-100.14,2.28,6105338830.0,6105338830.0,0.0,0.13,-22.17,27.42
3072,301062,上海艾录,7.45,0.13,0.01,51964.0,38679362.52,2.69,7.56,7.36,7.39,7.44,0.76,1.89,95.46,2.4,3228026480.0,2050621753.0,0.0,0.81,19.77,-9.04
3073,920768,拾比佰,7.5,0.13,0.01,10596.0,7934230.11,1.87,7.57,7.43,7.5,7.49,0.52,0.99,15.54,1.61,1165185000.0,805421378.0,0.13,0.4,-3.23,-11.76
3074,603987,康德莱,7.58,0.13,0.01,21578.0,16308812.0,1.19,7.6,7.51,7.56,7.57,0.64,0.49,14.75,1.17,3310874870.0,3310874870.0,0.13,0.13,3.98,-10.08
3075,002051,中工国际,8.55,0.12,0.01,179573.0,154201692.27,1.99,8.68,8.51,8.56,8.54,0.9,1.46,40.25,0.91,10486430890.0,10485821959.0,0.12,0.12,-18.18,-4.58
3076,600455,博通股份,24.82,0.12,0.03,12657.0,31684739.0,1.86,25.25,24.79,24.79,24.79,0.79,2.03,23.0,4.32,1550207560.0,1550207560.0,-0.8,-0.64,1.76,-4.43
3077,300992,泰福泵业,25.97,0.12,0.03,22039.0,57348132.0,2.78,26.4,25.68,25.81,25.94,0.97,2.83,430.2,2.81,2474954452.0,2025348827.0,-0.19,-0.15,1.33,-3.56
3078,603518,锦泓集团,8.13,0.12,0.01,47776.0,38916544.0,1.6,8.21,8.08,8.15,8.12,0.75,1.39,9.62,0.74,2807711630.0,2797321490.0,0.0,0.12,-0.49,-14.51
3079,300210,森远股份,8.11,0.12,0.01,56172.0,45317017.0,2.22,8.18,8.0,8.05,8.1,0.65,1.16,-66.55,11.0,3927023819.0,3927023819.0,-0.12,-0.25,-16.91,-8.77
3080,300485,赛升药业,8.65,0.12,0.01,29826.0,25777803.0,1.39,8.7,8.58,8.65,8.64,0.49,1.09,-14.5,1.3,4166414360.0,2368927337.0,0.0,0.12,2.0,-18.01
3081,000786,北新建材,16.3,0.12,0.02,188180.0,308150008.58,1.6,16.5,16.24,16.25,16.28,0.6,1.11,10.09,1.01,27746447485.0,27538977825.0,0.0,-0.18,-22.71,-32.89
3082,920082,方正阀门,8.44,0.12,0.01,8138.0,6870753.87,3.91,8.68,8.35,8.68,8.43,0.49,1.42,40.08,3.22,1717514680.0,482973244.0,0.0,0.24,-6.12,-33.8
3083,600085,同仁堂,24.17,0.12,0.03,42843.0,103380494.0,0.99,24.25,24.01,24.1,24.14,0.85,0.31,22.82,2.43,33148436233.0,33148436233.0,0.0,-0.04,-1.15,-23.9
3084,002015,协鑫能科,17.19,0.12,0.02,1138054.0,1929708943.53,4.31,17.35,16.61,17.2,17.17,0.83,7.01,25.46,2.26,27904950115.0,27904950115.0,0.12,0.06,1.06,74.52
3085,002214,大立科技,16.67,0.12,0.02,81282.0,137339400.0,3.9,17.18,16.53,16.66,16.65,0.91,1.7,-52.8,8.09,9979706992.0,7975655696.0,-0.3,-0.3,11.21,-7.49
3086,002130,沃尔核材,17.19,0.12,0.02,289255.0,496943219.25,1.81,17.33,17.02,17.25,17.17,0.92,2.51,21.23,2.62,24064063753.0,19845887816.0,0.06,0.12,-9.67,-34.29
3087,600452,涪陵电力,9.06,0.11,0.01,176648.0,159488983.0,1.22,9.1,8.99,9.07,9.05,0.97,1.15,33.68,2.46,13921067385.0,13921067385.0,0.11,0.22,-13.55,-2.58
3088,605259,绿田机械,17.75,0.11,0.02,3975.0,7056983.0,1.41,17.85,17.6,17.83,17.73,0.58,0.23,17.3,1.67,3061520000.0,3061520000.0,0.11,0.0,-1.17,-19.61
3089,001308,康冠科技,17.79,0.11,0.02,16370.0,29144328.71,1.24,17.93,17.71,17.86,17.77,0.82,0.31,19.9,1.66,12525784067.0,9381117532.0,-0.06,0.0,-8.96,-10.6
3090,002057,中钢天源,8.89,0.11,0.01,138847.0,124015902.6,2.36,9.07,8.86,8.92,8.88,1.0,1.84,19.73,2.02,6702026146.0,6696454054.0,0.34,0.0,-23.49,-12.24
3091,300118,东方日升,9.45,0.11,0.01,178766.0,168369969.15,1.8,9.51,9.34,9.5,9.44,0.85,1.93,-6.57,1.38,10773131005.0,8755610031.0,-0.11,-0.11,-29.64,-35.54
3092,002809,红墙股份,8.73,0.11,0.01,57955.0,50797352.85,1.61,8.84,8.7,8.8,8.72,0.73,3.41,-72.32,1.16,2097471659.0,1483840736.0,0.23,0.0,5.56,-17.56
3093,603325,博隆技术,54.46,0.11,0.06,1464.0,7982770.0,0.97,54.76,54.23,54.23,54.4,0.38,0.43,22.29,1.58,4357017840.0,1861617072.0,-0.15,-0.07,-6.07,-29.06
3094,600661,昂立教育,8.81,0.11,0.01,59946.0,52916063.0,2.27,8.94,8.74,8.79,8.8,0.8,2.09,40.57,9.52,2524495192.0,2524495192.0,0.11,0.0,10.54,-14.05
3095,300637,扬帆新材,9.5,0.11,0.01,25726.0,24480160.0,1.26,9.57,9.45,9.5,9.49,0.49,1.1,167.82,3.12,2230126235.0,2228081256.0,-0.11,-0.11,-4.52,-18.1
3096,002140,东华科技,9.2,0.11,0.01,35927.0,32921556.57,1.52,9.22,9.08,9.19,9.19,0.62,0.51,13.14,1.34,6513727622.0,6503561650.0,0.0,0.11,-6.41,-16.82
3097,002101,广东鸿图,8.74,0.11,0.01,27976.0,24497107.7,1.49,8.83,8.7,8.73,8.73,0.73,0.42,72.71,0.74,5793073116.0,5787734619.0,0.0,0.0,6.33,-27.59
3098,301060,兰卫医学,10.45,0.1,0.01,87711.0,91532719.22,2.11,10.52,10.3,10.41,10.44,0.59,2.44,32.91,2.7,4185402650.0,3763738953.0,0.0,0.1,21.37,15.21
3099,301386,未来电器,20.25,0.1,0.02,7945.0,16125141.0,1.73,20.45,20.1,20.34,20.23,0.73,1.77,42.61,1.93,2835000000.0,911250000.0,0.05,-0.1,-2.97,-11.96
3100,920422,润普食品,10.14,0.1,0.01,40728.0,41854996.35,5.82,10.64,10.05,10.22,10.13,0.99,6.15,25.42,2.06,897214679.0,671498279.0,0.0,0.6,4.75,-20.66
3101,000691,亚太实业,10.06,0.1,0.01,53858.0,54004541.0,3.58,10.22,9.86,10.05,10.05,0.54,1.67,-1401.15,10.85,4878144300.0,3252096200.0,0.0,0.2,0.9,42.7
3102,002399,海普瑞,9.84,0.1,0.01,40283.0,39520837.4,1.22,9.86,9.74,9.79,9.83,0.77,0.32,26.22,1.21,14438194647.0,12272464767.0,0.0,0.1,7.78,-15.54
3103,603909,建发合诚,9.85,0.1,0.01,29182.0,28678271.0,3.35,9.99,9.66,9.8,9.84,1.32,1.12,24.67,2.19,2567630429.0,2567630429.0,-0.2,-0.1,1.44,-11.58
3104,603551,奥普科技,9.58,0.1,0.01,18405.0,17580008.0,1.15,9.6,9.49,9.52,9.57,0.69,0.48,17.18,2.87,3685269367.0,3652157946.0,-0.1,0.0,-2.74,-13.22
3105,300349,金卡智能,10.29,0.1,0.01,40106.0,41261622.0,1.17,10.36,10.24,10.32,10.28,0.76,1.08,26.19,0.96,4293124991.0,3804603279.0,0.0,0.1,-8.37,-33.09
3106,600178,东安动力,10.11,0.1,0.01,74775.0,75422283.0,2.97,10.29,9.99,10.24,10.1,0.81,1.6,-263.92,1.85,4716073988.0,4716073988.0,0.0,0.1,0.8,-20.89
3107,300841,康华生物,50.99,0.1,0.05,24195.0,124249080.54,2.06,51.93,50.88,51.08,50.94,0.8,1.99,23.47,1.83,6625992380.0,6199126281.0,-0.02,0.0,12.73,-28.94
3108,000682,东方电子,11.18,0.09,0.01,72771.0,81279503.83,1.07,11.22,11.1,11.22,11.17,0.73,0.54,18.6,2.4,14989327938.0,14987908212.0,0.0,0.09,-8.73,-5.33
3109,300462,ST华铭,11.63,0.09,0.01,7180.0,8352701.0,1.64,11.72,11.53,11.62,11.62,1.05,0.52,-23.49,1.55,2107611139.0,1605335908.0,0.26,0.26,8.49,-1.44
3110,600710,苏美达,10.71,0.09,0.01,97421.0,104426196.0,2.15,10.82,10.59,10.74,10.7,1.15,0.75,10.09,1.66,13995286438.0,13995286438.0,0.19,0.09,0.37,2.98
3111,000970,中科三环,11.75,0.09,0.01,178731.0,210137667.86,1.62,11.84,11.65,11.7,11.74,0.67,1.47,145.13,2.18,14284777833.0,14284777833.0,-0.09,0.09,-14.98,-13.22
3112,300457,赢合科技,21.56,0.09,0.02,114186.0,248043448.25,4.13,22.15,21.26,21.53,21.54,1.16,1.77,19.83,1.95,13907641674.0,13877141497.0,0.0,-0.05,-6.59,-22.36
3113,300869,康泰医学,11.23,0.09,0.01,15300.0,17177023.0,1.07,11.29,11.17,11.25,11.22,0.53,0.58,-45.79,2.73,4512259493.0,2961743107.0,0.27,0.18,2.74,-25.13
3114,002144,宏达高科,11.18,0.09,0.01,21897.0,24549574.0,0.9,11.27,11.17,11.19,11.17,0.76,1.59,42.0,0.92,1976205063.0,1539029867.0,-0.09,-0.09,0.99,-11.55
3115,301080,百普赛斯,81.78,0.09,0.07,60198.0,493844616.44,3.86,83.73,80.58,82.42,81.71,0.43,4.75,69.71,5.14,13712793363.0,10372758974.0,-0.07,0.0,120.08,53.15
3116,603212,赛伍技术,11.16,0.09,0.01,56552.0,63285331.0,1.52,11.27,11.1,11.15,11.15,0.8,1.29,-613.03,2.04,4882395498.0,4882395498.0,-0.18,-0.36,-32.28,-21.9
3117,688128,中国电研,22.09,0.09,0.02,16002.0,35394837.0,1.68,22.3,21.93,22.1,22.07,0.86,0.4,16.94,2.56,8935405000.0,8935405000.0,-0.27,-0.23,-10.17,-22.57
3118,000400,许继电气,21.94,0.09,0.02,144999.0,318698988.27,2.28,22.25,21.75,22.07,21.92,1.17,1.43,26.87,1.81,22348572143.0,22270539461.0,0.0,0.0,-0.18,-13.93
3119,605186,健麾信息,25.64,0.08,0.02,17751.0,45402327.0,3.08,25.93,25.14,25.75,25.62,0.93,1.31,245.51,3.14,3487040000.0,3487040000.0,0.04,0.08,-25.18,30.48
3120,605009,豪悦护理,24.96,0.08,0.02,7893.0,19745780.0,1.36,25.16,24.82,25.1,24.94,0.63,0.37,17.44,1.59,5365338027.0,5365338027.0,0.0,0.04,10.49,-16.94
3121,603726,朗迪集团,24.32,0.08,0.02,26587.0,64714134.0,2.26,24.66,24.11,24.3,24.3,0.82,1.44,13.65,2.94,4512802176.0,4489819776.0,0.0,0.25,-1.74,2.83
3122,600160,巨化股份,37.95,0.08,0.03,167132.0,632646285.0,2.0,38.27,37.51,38.0,37.92,0.63,0.62,19.33,4.64,102455363774.0,102455363774.0,0.0,-0.03,-10.47,0.24
3123,002007,华兰生物,13.05,0.08,0.01,80046.0,104571852.82,1.38,13.16,12.98,13.04,13.04,0.95,0.51,31.07,2.17,23825267367.0,20534736855.0,0.0,0.08,1.01,-10.8
3124,600861,北京人力,13.05,0.08,0.01,16718.0,21847944.0,1.46,13.16,12.97,13.09,13.04,0.51,0.3,9.01,1.04,7387770970.0,7387770970.0,0.08,0.08,-4.54,-24.61
3125,920195,三祥科技,13.25,0.08,0.01,5388.0,7116370.39,1.81,13.35,13.11,13.3,13.24,0.59,0.76,20.18,1.55,1298897500.0,937556551.0,0.23,0.23,-1.05,-39.11
3126,688755,汉邦科技,26.45,0.08,0.02,8243.0,21962136.0,2.61,26.95,26.26,26.89,26.43,1.07,1.03,34.08,2.35,3025880000.0,2112486356.0,0.19,0.15,6.35,-12.88
3127,300383,光环新网,12.18,0.08,0.01,268170.0,326365058.08,1.15,12.24,12.1,12.13,12.17,0.78,1.49,179.88,1.84,21894680876.0,21864448338.0,0.08,0.0,0.33,-2.48
3128,002549,凯美特气,13.83,0.07,0.01,114992.0,159201233.29,1.37,13.95,13.76,13.82,13.82,0.67,1.66,219.34,4.68,9616661471.0,9575332245.0,-0.07,0.07,-20.29,-34.67
3129,603505,金石资源,15.34,0.07,0.01,59145.0,90643111.0,1.5,15.42,15.19,15.34,15.33,0.75,0.7,71.95,6.85,12911199591.0,12911199591.0,-0.07,0.07,-18.06,-17.66
3130,000921,海信家电,27.9,0.07,0.02,111824.0,309558614.18,2.98,28.03,27.2,27.74,27.88,1.41,1.21,11.65,2.21,38637626671.0,25772985496.0,0.07,0.07,1.68,18.47
3131,301303,真兰仪表,13.79,0.07,0.01,13368.0,18450165.06,1.09,13.88,13.73,13.74,13.78,0.52,0.42,23.88,1.63,5637352000.0,4337534152.0,0.0,0.0,-11.2,-7.2
3132,688580,伟思医疗,44.33,0.07,0.03,9754.0,42899861.0,2.35,44.63,43.59,43.96,44.3,0.76,1.02,21.2,2.51,4245541197.0,4245541197.0,0.0,0.09,-9.93,-6.32
3133,300982,苏文电能,14.9,0.07,0.01,12627.0,18805590.84,1.75,14.99,14.73,14.93,14.89,0.62,0.65,-250.72,1.08,3083780675.0,2889067475.0,0.0,0.07,-15.34,-26.2
3134,601633,长城汽车,14.95,0.07,0.01,114257.0,169759729.0,1.47,15.0,14.78,14.94,14.94,1.0,0.18,26.02,1.47,128248122239.0,92887830689.0,0.07,0.07,-13.33,-32.9
3135,300447,全信股份,14.28,0.07,0.01,27293.0,38912045.4,1.54,14.34,14.12,14.34,14.27,0.65,1.35,85.14,2.22,4459792155.0,2876746198.0,0.07,0.14,-8.99,-20.75
3136,300519,新光药业,14.34,0.07,0.01,18725.0,26878497.0,1.67,14.49,14.25,14.36,14.33,0.43,1.64,28.89,2.77,2294400000.0,1636194000.0,0.0,0.0,9.97,-1.78
3137,600779,水井坊,27.21,0.07,0.02,15751.0,42661163.0,1.43,27.27,26.88,27.05,27.19,0.61,0.32,-1065.89,2.73,13264962018.0,13264962018.0,-0.04,0.04,-5.46,-28.79
3138,301213,观想科技,40.11,0.07,0.03,8925.0,35642419.57,2.05,40.47,39.65,40.08,40.08,0.52,1.23,-1308.82,5.7,4492319920.0,2903782221.0,0.02,0.02,-16.35,-18.56
3139,603109,神驰机电,17.38,0.06,0.01,8881.0,15479905.0,1.67,17.56,17.27,17.27,17.37,0.51,0.43,27.87,1.86,3629784497.0,3629784497.0,0.0,0.06,-5.7,-31.95
3140,003020,立方制药,17.72,0.06,0.01,26786.0,47464746.8,1.69,17.9,17.6,17.71,17.71,0.62,1.59,22.92,2.2,4044033911.0,2986675079.0,0.11,0.17,14.18,-16.89
3141,603038,华立股份,16.13,0.06,0.01,51904.0,83408115.0,2.42,16.29,15.9,16.12,16.12,0.5,1.93,28.5,3.04,4333761720.0,4333761720.0,-0.25,0.06,3.86,0.5
3142,002862,实丰文化,16.05,0.06,0.01,191688.0,300785502.14,6.92,16.39,15.28,15.86,16.04,1.54,14.91,440.86,9.32,2720314500.0,2063655441.0,0.06,0.12,8.08,-17.82
3143,002943,宇晶股份,31.02,0.06,0.02,104087.0,327435464.76,4.55,32.18,30.77,31.29,31.0,0.76,5.51,-57.21,10.19,8277252348.0,5858195864.0,0.06,0.16,-37.82,1.64
3144,002487,大金重工,33.24,0.06,0.02,116659.0,389674762.83,1.69,33.65,33.09,33.4,33.22,0.63,1.85,20.48,1.7,24600453621.0,20971789642.0,0.09,0.06,-44.18,-35.88
3145,603833,欧派家居,31.32,0.06,0.02,26070.0,81158457.0,1.85,31.45,30.87,31.28,31.3,0.58,0.43,21.47,1.05,18971376123.0,18971376123.0,0.06,-0.16,-9.01,-36.89
3146,300685,艾德生物,17.14,0.06,0.01,46985.0,80706649.0,0.93,17.27,17.11,17.24,17.13,0.82,1.21,20.12,3.53,6686402597.0,6677518832.0,0.0,0.0,0.94,-14.39
3147,300651,金陵体育,17.78,0.06,0.01,89502.0,158700366.21,2.81,17.93,17.43,17.72,17.77,0.95,8.66,-77.52,2.36,2510708253.0,1838567837.0,0.06,-0.17,-14.44,-11.89
3148,001317,三羊马,53.87,0.06,0.03,37320.0,200647229.28,2.97,54.5,52.9,53.84,53.84,0.87,4.36,1011.38,4.53,4609429538.0,4606020591.0,-0.04,0.0,12.94,-2.25
3149,300834,星辉环材,41.63,0.05,0.02,15749.0,65491486.47,2.16,42.03,41.13,41.79,41.61,0.6,0.82,82.01,2.79,8064245255.0,7992887314.0,-0.05,-0.07,-7.45,80.37
3150,300638,广和通,19.09,0.05,0.01,118401.0,225014350.92,3.51,19.45,18.78,19.12,19.08,0.76,2.23,138.84,2.83,17166984962.0,10125177267.0,-0.16,-0.1,-3.05,-35.09
3151,603908,牧高笛,19.5,0.05,0.01,9982.0,19471582.0,2.05,19.66,19.26,19.3,19.49,0.96,1.07,27.23,3.65,1815976266.0,1815976266.0,-0.41,-0.31,-0.66,-16.49
3152,002287,奇正藏药,19.91,0.05,0.01,10023.0,19989884.0,0.95,20.04,19.85,19.93,19.9,0.72,0.18,15.34,2.23,11390873422.0,11368406818.0,-0.05,0.0,-0.85,-14.37
3153,003008,开普检测,19.71,0.05,0.01,13174.0,25965634.9,1.88,19.9,19.53,19.71,19.7,1.17,1.64,31.32,2.03,2049840000.0,1581137402.0,-0.15,-0.15,6.43,-5.01
3154,688038,中科通达,18.54,0.05,0.01,16089.0,29616354.0,3.83,18.73,18.02,18.53,18.53,0.86,1.38,547.32,3.62,2157562836.0,2157562836.0,-0.05,0.6,-11.8,4.92
3155,300753,爱朋医疗,21.85,0.05,0.01,28161.0,61331911.56,1.69,21.95,21.58,21.68,21.84,0.56,3.18,-139.31,4.19,2754148800.0,1935176998.0,0.05,0.14,6.59,-21.26
3156,300676,华大基因,36.88,0.05,0.02,45487.0,167648520.49,1.0,37.05,36.68,36.77,36.86,0.63,1.09,162.72,1.81,15427533726.0,15343405836.0,-0.03,0.03,7.8,-18.69
3157,300740,水羊股份,22.6,0.04,0.01,174576.0,393511250.68,1.81,22.76,22.35,22.59,22.59,0.63,4.27,57.07,3.41,9941793765.0,9242879002.0,0.22,0.22,7.11,-4.8
3158,002981,朝阳科技,24.25,0.04,0.01,14894.0,36134800.8,1.32,24.38,24.06,24.33,24.24,0.83,1.23,223.43,3.17,3311548839.0,2948432637.0,0.08,0.12,-11.17,-14.61
3159,300572,安车检测,23.73,0.04,0.01,42714.0,101528900.0,3.08,24.17,23.44,23.89,23.72,0.62,2.36,-71.36,3.36,5433904509.0,4303190844.0,0.0,0.21,-11.29,-16.53
3160,301163,宏德股份,23.14,0.04,0.01,10788.0,24940532.5,1.86,23.31,22.88,23.07,23.13,0.95,1.97,188.34,1.66,1888224000.0,1266351286.0,0.43,-0.04,-6.09,-13.24
3161,301001,凯淳股份,25.81,0.04,0.01,24755.0,63985126.12,2.67,26.21,25.52,26.07,25.8,1.31,5.05,596.31,2.68,2064800000.0,1265766277.0,-0.23,0.19,4.62,-12.63
3162,002816,*ST和科,23.01,0.04,0.01,11134.0,25743420.0,2.57,23.39,22.8,22.81,23.0,0.53,1.11,-62.91,10.27,2301000000.0,2301000000.0,0.0,0.13,-12.28,2.4
3163,603205,健尔康,22.48,0.04,0.01,6748.0,15134095.0,2.14,22.76,22.28,22.48,22.47,0.51,1.63,34.75,2.33,3506880000.0,929323200.0,0.04,0.13,0.9,-20.68
3164,688576,西山科技,39.44,0.03,0.01,3131.0,12417471.0,1.57,39.98,39.36,39.48,39.43,0.57,0.97,-52.39,1.59,2667847374.0,1274643060.0,0.0,0.2,-12.8,-6.12
3165,688076,ST诺泰,28.77,0.03,0.01,21449.0,62316611.0,1.84,29.25,28.72,28.76,28.76,1.07,0.68,21.19,2.94,9114795198.0,9114795198.0,0.0,-0.07,5.54,-22.97
3166,002756,永兴材料,42.94,0.02,0.01,84867.0,364552912.16,2.24,43.42,42.46,42.7,42.93,0.97,2.16,12.07,1.72,23149020128.0,16906957369.0,-0.28,0.0,-34.43,-20.27
3167,301391,卡莱特,45.86,0.02,0.01,16271.0,74650652.0,3.03,46.6,45.21,45.96,45.85,0.84,1.75,173.77,2.08,4357379232.0,4257448458.0,0.0,-0.04,-27.09,-45.89
3168,002489,浙江永强,2.8,0.0,0.0,116809.0,32712815.4,1.43,2.82,2.78,2.79,2.8,0.68,0.61,-755.09,1.43,6073245676.0,5356520268.0,0.0,0.0,-14.63,-25.73
3169,002431,ST棕榈,1.39,0.0,0.0,105098.0,14570519.82,2.16,1.4,1.37,1.38,1.39,0.63,0.58,-4.76,15.39,2505342623.0,2505342623.0,0.0,0.0,-8.55,-41.84
3170,603815,交建股份,5.42,0.0,0.0,43688.0,23721228.0,1.29,5.47,5.4,5.41,5.42,0.65,0.71,26.96,2.12,3354569354.0,3354569354.0,0.0,0.0,-10.71,-27.15
3171,002397,梦洁股份,3.9,0.0,0.0,241089.0,93521367.0,3.08,3.93,3.81,3.9,3.9,1.11,3.72,42.87,2.33,2916347628.0,2528167898.0,0.52,0.0,-8.02,-3.23
3172,600029,南方航空,5.03,0.0,0.0,453877.0,227879883.0,0.8,5.04,5.0,5.01,5.03,0.89,0.34,-12.33,3.03,91148481575.0,67789175116.0,0.2,0.0,-4.55,-37.2
3173,002421,达实智能,3.38,0.0,0.0,996416.0,335727681.96,2.37,3.4,3.32,3.38,3.38,0.51,4.89,-196.93,2.64,7167565940.0,6882353130.0,0.0,0.3,-23.18,18.6
3174,600020,中原高速,3.9,0.0,0.0,95261.0,37101767.0,1.03,3.91,3.87,3.9,3.9,0.6,0.42,6.38,0.74,8764750145.0,8764750145.0,-0.26,-0.26,1.56,-5.8
3175,300737,科顺股份,4.85,0.0,0.0,177413.0,86192902.27,2.06,4.91,4.81,4.85,4.85,0.66,2.0,39.96,1.37,5384743137.0,4302809566.0,0.0,0.0,-25.04,-10.85
3176,002451,摩恩电气,7.75,0.0,0.0,120342.0,92360820.87,3.1,7.8,7.56,7.75,7.75,0.49,2.74,296.41,4.42,3415192500.0,3403404750.0,0.39,0.52,0.13,-23.42
3177,002501,*ST利源,1.27,0.0,0.0,146698.0,18612761.85,1.57,1.28,1.26,1.26,1.27,0.79,0.41,-67.61,32.22,4508500000.0,4502521610.0,0.0,-0.78,-14.77,-49.0
3178,300027,ST华谊,1.8,0.0,0.0,226786.0,40806384.24,2.22,1.82,1.78,1.79,1.8,0.93,0.88,-68.63,-85.28,4994110654.0,4619352652.0,0.0,0.0,0.0,-17.05
3179,002120,韵达股份,6.87,0.0,0.0,292430.0,200501118.0,1.31,6.9,6.81,6.87,6.87,0.84,1.04,9.97,0.94,19917513110.0,19339942502.0,0.0,0.0,6.68,5.05
3180,688148,芳源股份,6.07,0.0,0.0,107304.0,65354203.0,1.65,6.14,6.04,6.1,6.07,0.83,2.1,34.32,8.39,3096750432.0,3096750432.0,0.33,0.17,-32.71,-30.79
3181,002302,西部建设,4.78,0.0,0.0,50909.0,24349929.0,1.26,4.81,4.75,4.79,4.78,0.76,0.4,-14.5,0.78,6034053573.0,6034053573.0,0.0,0.0,-0.21,-21.9
3182,002239,奥特佳,2.55,0.0,0.0,352946.0,90075282.1,1.57,2.57,2.53,2.55,2.55,0.74,1.08,43.08,1.42,8959412031.0,8328687845.0,0.0,0.39,3.66,-14.14
3183,603599,广信股份,10.77,0.0,0.0,199274.0,216634795.0,3.34,11.08,10.72,10.82,10.77,0.73,2.19,13.73,0.96,9803600846.0,9803600846.0,-0.09,-0.09,-0.28,-4.35
3184,688171,纬德信息,24.76,0.0,0.0,14901.0,36812002.0,2.54,25.0,24.37,24.58,24.76,0.79,1.28,-185.9,3.55,2893224818.0,2893224818.0,0.41,0.32,-23.77,-25.91
3185,002253,川大智胜,10.44,0.0,0.0,52920.0,55218344.0,2.3,10.59,10.35,10.52,10.44,1.0,2.52,-39.9,2.82,2355536432.0,2191867644.0,0.1,0.19,-6.79,-7.28
3186,600063,皖维高新,5.57,0.0,0.0,239883.0,133598423.0,1.62,5.61,5.52,5.57,5.57,0.79,1.16,18.39,1.34,11524922921.0,11524922921.0,0.0,-0.18,-24.83,-5.11
3187,002434,万里扬,5.82,0.0,0.0,86302.0,50328635.0,1.55,5.87,5.78,5.8,5.82,0.72,0.66,54.3,1.3,7639332000.0,7632004911.0,-0.17,0.0,-16.38,-38.61
3188,002662,峰璟股份,3.3,0.0,0.0,86935.0,28711713.0,1.52,3.33,3.28,3.29,3.3,0.78,0.58,91.89,1.12,4950000000.0,4949937630.0,0.3,0.0,1.23,-16.88
3189,600033,福建高速,3.64,0.0,0.0,319499.0,115627692.0,2.2,3.66,3.58,3.61,3.64,1.05,1.16,9.82,0.8,9989616000.0,9989616000.0,-0.27,0.0,4.3,-10.34
3190,301030,*ST仕净,7.52,0.0,0.0,119287.0,87231770.44,7.05,7.65,7.12,7.47,7.52,1.25,5.9,-1.1,-1.31,1521922642.0,1519834939.0,0.4,0.0,-40.88,-36.43
3191,603291,联合水务,8.91,0.0,0.0,22354.0,19952402.0,2.02,9.0,8.82,8.94,8.91,0.64,0.53,65.68,2.15,3770895582.0,3770895582.0,0.0,-0.22,-2.09,-5.61
3192,002775,文科股份,3.57,0.0,0.0,75242.0,26952638.0,3.08,3.62,3.51,3.62,3.57,0.78,1.27,-48.99,91.42,2348189363.0,2117902943.0,0.0,0.28,-7.03,-16.59
3193,600113,浙江东日,29.71,0.0,0.0,59671.0,178993492.0,4.11,30.8,29.58,29.71,29.71,1.49,1.45,137.79,4.91,12223619764.0,12223619764.0,0.0,0.1,-17.13,-52.87
3194,002212,天融信,6.65,0.0,0.0,635480.0,414943511.59,3.16,6.66,6.45,6.58,6.65,0.74,5.45,-14.37,0.85,7843368295.0,7759547067.0,0.45,0.61,4.72,-26.68
3195,603181,皇马科技,12.75,0.0,0.0,34380.0,44005603.0,1.41,12.9,12.72,12.8,12.75,0.86,0.58,16.17,2.08,7505925000.0,7505925000.0,-0.08,0.0,-17.15,-9.38
3196,002822,ST中装,3.1,0.0,0.0,45205.0,14019912.69,1.94,3.12,3.06,3.07,3.1,0.77,0.42,-137.27,5.67,6045000000.0,3313734128.0,0.32,0.32,18.32,-20.92
3197,002919,名臣健康,18.13,0.0,0.0,36914.0,67175452.2,2.87,18.5,17.98,18.18,18.13,1.01,1.4,-476.04,6.11,4825046877.0,4790094485.0,-0.11,-0.06,-9.35,-20.97
3198,603077,和邦生物,2.3,0.0,0.0,1188393.0,273827175.0,2.17,2.33,2.28,2.31,2.3,0.52,1.35,26.72,1.07,20312927774.0,20312927774.0,-0.43,0.0,-4.96,1.77
3199,002930,宏川智慧,9.49,0.0,0.0,63644.0,60412743.46,1.48,9.54,9.4,9.49,9.49,0.52,1.47,91.38,2.21,4346469500.0,4113137019.0,0.0,0.0,-3.85,-14.73
3200,603088,宁波精达,10.23,0.0,0.0,65076.0,66402361.0,1.76,10.28,10.1,10.23,10.23,0.61,1.49,51.43,4.65,5139428892.0,4479428923.0,-0.1,0.1,6.01,0.69
3201,603167,渤海轮渡,8.15,0.0,0.0,18881.0,15384884.0,0.49,8.17,8.13,8.14,8.15,0.55,0.4,34.91,1.15,3823527699.0,3823527699.0,-0.12,-0.12,-4.9,-8.73
3202,002205,国统股份,11.06,0.0,0.0,35468.0,39241668.5,2.44,11.15,10.88,11.04,11.06,1.01,1.91,-10.22,10.81,2055426102.0,2055426102.0,-0.09,0.0,-5.55,-19.74
3203,603060,国检集团,5.57,0.0,0.0,40881.0,22753706.0,1.8,5.64,5.54,5.62,5.57,0.75,0.51,-108.54,2.27,4478079786.0,4478079786.0,0.0,0.0,-26.13,-7.32
3204,002157,正邦科技,3.22,0.0,0.0,2548920.0,823180365.31,2.8,3.26,3.17,3.19,3.22,1.19,3.27,-20.22,2.94,29785523537.0,25077021939.0,-0.31,0.0,4.21,-0.62
3205,002806,华锋股份,14.73,0.0,0.0,37835.0,55851022.16,2.24,14.9,14.57,14.77,14.73,0.63,2.27,-74.88,2.82,3129818454.0,2456252615.0,0.0,0.14,-13.91,18.22
3206,603178,圣龙股份,17.5,0.0,0.0,75256.0,131997947.0,1.37,17.67,17.43,17.45,17.5,0.46,3.18,147.5,3.65,4137207918.0,4137207918.0,0.0,0.06,7.69,-7.26
3207,002381,双箭股份,5.6,0.0,0.0,37416.0,20942888.64,2.14,5.63,5.51,5.61,5.6,0.88,1.16,66.29,1.09,2304836352.0,1803348400.0,0.0,-0.18,-0.36,-13.71
3208,002369,卓翼科技,6.18,0.0,0.0,110069.0,68169884.34,1.78,6.26,6.15,6.2,6.18,0.52,1.94,-26.68,24.66,3503789810.0,3503789810.0,0.16,0.0,4.57,-28.39
3209,002312,川发龙蟒,8.49,0.0,0.0,173958.0,148212632.31,1.53,8.59,8.46,8.48,8.49,0.62,0.92,35.48,1.66,16026651482.0,16000561890.0,0.0,0.0,-4.39,-21.68
3210,601669,中国电建,4.63,0.0,0.0,627547.0,290982359.0,0.86,4.66,4.62,4.65,4.63,0.94,0.48,10.44,0.54,79757117716.0,60521164686.0,0.0,0.0,-1.7,-9.04
3211,300030,阳普医疗,6.82,0.0,0.0,49385.0,33704342.0,1.61,6.87,6.76,6.81,6.82,0.79,1.81,34.21,3.24,2108657488.0,1856592143.0,0.0,0.0,5.57,-7.34
3212,002146,荣盛发展,1.2,0.0,0.0,956615.0,114776084.0,3.33,1.22,1.18,1.2,1.2,0.62,2.45,-2.54,1.02,5217796621.0,4692817621.0,0.84,0.0,-4.0,-26.83
3213,688432,有研硅,45.22,0.0,0.0,,,0.0,,,,45.22,,0.0,212.83,12.39,56538650019.0,56538650019.0,0.0,0.0,115.85,265.86
3214,688358,祥生医疗,28.23,0.0,0.0,5961.0,16774907.0,1.59,28.38,27.93,28.23,28.23,0.59,0.53,22.95,2.31,3165306055.0,3161071555.0,0.32,0.39,-6.59,-3.39
3215,600165,宁科生物,3.14,0.0,0.0,109035.0,34277860.0,1.91,3.17,3.11,3.12,3.14,0.76,1.49,-19.15,4.72,5073875054.0,2301348848.0,0.32,0.32,10.95,-24.34
3216,002217,ST合力泰,1.45,0.0,0.0,545144.0,79113405.0,1.38,1.46,1.44,1.45,1.45,0.76,0.75,2171.17,5.8,10845128446.0,10555045213.0,0.0,0.0,-37.23,-52.46
3217,600166,福田汽车,2.9,0.0,0.0,857761.0,248785130.0,1.72,2.92,2.87,2.88,2.9,0.7,1.08,12.68,1.45,22960461064.0,22960461064.0,0.0,-0.34,-6.45,-0.68
3218,603007,顺景科技,5.14,0.0,0.0,194661.0,100550115.0,1.75,5.22,5.13,5.18,5.14,0.41,2.8,51.02,15.72,4546052959.0,3572757609.0,0.0,0.0,-3.93,-14.9
3219,300920,润阳科技,34.83,0.0,0.0,17121.0,60163875.8,2.81,35.6,34.62,35.6,34.83,0.75,1.98,732.57,3.85,4527900000.0,3007359883.0,-0.17,-0.11,-9.95,-1.5
3220,003035,南网能源,5.64,0.0,0.0,264666.0,148640538.71,2.13,5.68,5.56,5.64,5.64,0.66,0.7,47.16,3.01,21363636359.0,21363636359.0,0.18,0.18,-7.84,23.68
3221,603915,国茂股份,13.49,0.0,0.0,46164.0,62472009.0,1.56,13.64,13.43,13.6,13.49,0.55,0.7,32.59,2.36,9009734655.0,8857972155.0,-0.07,0.0,-10.66,-26.32
3222,002562,兄弟科技,4.97,0.0,0.0,170278.0,84268492.72,1.41,4.98,4.91,4.93,4.97,0.65,2.09,28.97,1.56,5679824927.0,4043481249.0,0.0,0.2,2.9,-21.86
3223,603856,东宏股份,11.73,0.0,0.0,21219.0,24813710.0,1.28,11.77,11.62,11.73,11.73,0.66,0.75,16.06,1.2,3308517584.0,3308517584.0,-0.09,-0.17,-6.53,-4.17
3224,002596,海南瑞泽,3.4,0.0,0.0,152041.0,51906898.0,2.06,3.44,3.37,3.44,3.4,0.73,1.33,-34.2,8.17,3901773761.0,3898339867.0,0.0,-0.29,-6.85,-36.92
3225,603797,联泰环保,4.79,0.0,0.0,64955.0,31141225.0,1.46,4.83,4.76,4.79,4.79,0.72,1.13,16.83,0.82,2761938860.0,2761938860.0,0.0,0.21,14.32,2.57
3226,002724,海洋王,6.86,0.0,0.0,135870.0,93122671.2,2.77,6.95,6.76,6.88,6.86,0.62,2.4,93.15,1.95,5292476239.0,3886041063.0,0.15,0.0,32.69,2.69
3227,603511,爱慕股份,12.69,0.0,0.0,10772.0,13633096.0,1.18,12.73,12.58,12.69,12.69,0.6,0.27,19.96,1.18,5150545019.0,5099949989.0,-0.08,0.16,0.95,-16.07
3228,002415,海康威视,34.87,0.0,0.0,427223.0,1483707867.1,2.12,35.18,34.44,34.89,34.87,0.97,0.47,20.24,4.03,319579070949.0,315437287668.0,-0.2,-0.2,17.45,22.18
3229,603966,法兰泰克,7.39,0.0,0.0,53532.0,39479250.0,1.62,7.42,7.3,7.39,7.39,0.53,1.03,15.71,1.85,3845718281.0,3840561244.0,-0.14,-0.14,-18.34,-17.34
3230,000557,西部创业,3.73,0.0,0.0,58102.0,21690090.48,1.07,3.75,3.71,3.74,3.73,0.74,0.4,36.61,0.85,5439737762.0,5438027419.0,0.0,-0.27,-4.11,-24.8
3231,000541,佛山照明,4.96,0.0,0.0,44795.0,22232818.61,1.61,5.01,4.93,4.96,4.96,0.74,0.36,91.32,1.12,7617460021.0,6103377747.0,-0.2,-0.2,4.86,-16.78
3232,000058,深 赛 格,7.23,0.0,0.0,110389.0,79422799.88,2.35,7.28,7.11,7.23,7.23,1.06,1.12,85.11,4.37,8901580859.0,7119664987.0,-0.14,0.0,5.09,-22.92
3233,300735,光弘科技,19.27,0.0,0.0,96733.0,187242276.56,2.39,19.67,19.21,19.6,19.27,0.63,1.27,140.82,2.83,15591655319.0,14655583061.0,-0.1,-0.1,2.17,-21.7
3234,600418,江淮汽车,20.62,0.0,0.0,806753.0,1691392696.0,6.89,21.97,20.55,21.1,20.62,1.59,3.58,-31.03,3.74,46481154381.0,46481154381.0,-0.05,0.0,-34.56,-58.34
3235,600448,华纺股份,3.03,0.0,0.0,105999.0,32225933.0,1.98,3.07,3.01,3.02,3.03,0.78,1.68,-21.68,2.13,1908353576.0,1908353576.0,0.0,-0.33,4.48,-3.81
3236,600439,ST瑞贝卡,1.94,0.0,0.0,73012.0,14186165.0,1.55,1.96,1.93,1.94,1.94,0.6,0.64,244.16,0.88,2196051754.0,2196051754.0,-0.51,0.0,-14.54,-29.96
3237,000609,*ST中迪,9.64,0.0,0.0,39841.0,38280624.0,2.7,9.72,9.46,9.55,9.64,0.72,1.37,-13.67,-19.13,2884919632.0,2802473532.0,0.31,0.42,-16.25,8.31
3238,301229,纽泰格,12.31,0.0,0.0,21230.0,26209276.9,2.11,12.44,12.18,12.32,12.31,0.78,1.64,-62.34,1.81,2237717967.0,1591444691.0,0.08,-0.08,-11.76,-45.75
3239,000531,穗恒运Ａ,5.62,0.0,0.0,31963.0,17928880.0,0.71,5.63,5.59,5.63,5.62,0.53,0.35,12.04,0.85,5852675486.0,5112769643.0,0.0,0.18,-16.12,-11.64
3240,000401,金隅冀东,3.6,0.0,0.0,70344.0,25302312.41,1.39,3.62,3.57,3.6,3.6,0.62,0.27,-4.99,0.37,9562129157.0,9472876877.0,0.0,0.0,-6.49,-16.47
3241,000159,国际实业,5.7,0.0,0.0,58078.0,33073390.25,1.75,5.75,5.65,5.75,5.7,0.6,1.21,89.78,1.33,2739910160.0,2739810410.0,-0.35,-0.35,-3.72,-1.04
3242,600518,康美药业,1.38,0.0,0.0,999830.0,138549046.0,2.17,1.4,1.37,1.38,1.38,0.72,0.72,264.8,2.61,19083877432.0,19074846019.0,-0.72,0.0,-1.43,-27.75
3243,000885,城发环境,12.16,0.0,0.0,24629.0,29951930.4,0.9,12.23,12.12,12.17,12.16,0.67,0.38,6.84,0.8,7807671581.0,7807671581.0,0.08,0.08,-5.59,-8.78
3244,000868,安凯客车,3.56,0.0,0.0,67610.0,24098110.0,1.69,3.59,3.53,3.55,3.56,0.89,0.72,888.57,4.16,3344672457.0,3344669787.0,0.0,-0.28,-7.05,-28.51
3245,000877,天山股份,3.73,0.0,0.0,115288.0,43045557.0,2.14,3.78,3.7,3.75,3.73,0.88,0.16,-4.15,0.37,26522134019.0,26522128424.0,-0.27,-0.27,-9.25,-29.89
3246,000935,四川双马,21.66,0.0,0.0,31259.0,68516375.16,2.68,22.24,21.66,21.7,21.66,0.79,0.41,-305.52,2.13,16536117613.0,16536117613.0,-0.18,-0.09,-16.63,-12.8
3247,000897,津滨发展,1.88,0.0,0.0,236783.0,44657307.4,1.6,1.9,1.87,1.88,1.88,0.65,1.46,-226.06,1.01,3040471800.0,3040414272.0,0.0,0.0,0.53,-17.54
3248,920059,双英集团,13.64,0.0,0.0,29911.0,40527424.79,2.49,13.72,13.38,13.56,13.64,0.54,9.26,29.0,1.79,2074456314.0,440821967.0,-0.07,-0.07,22.55,22.55
3249,600221,海航控股,1.3,0.0,0.0,1107576.0,143694325.0,1.54,1.31,1.29,1.3,1.3,0.64,0.26,103.97,10.23,56180322296.0,55699169413.0,0.0,0.0,-15.03,-28.18
3250,300006,莱美药业,5.37,0.0,0.0,189731.0,102157118.0,2.23,5.45,5.33,5.37,5.37,0.59,1.8,-121.07,3.28,5670243171.0,5669758222.0,0.0,0.19,7.19,4.47
3251,600168,武汉控股,4.45,0.0,0.0,40820.0,18155980.0,1.12,4.47,4.42,4.45,4.45,0.72,0.41,21.83,0.81,4420619182.0,4420619182.0,0.23,0.0,0.45,-12.06
3252,600201,生物股份,12.3,0.0,0.0,90954.0,112190423.0,1.38,12.41,12.24,12.35,12.3,0.78,0.83,64.98,2.5,13529112260.0,13529112260.0,-0.16,-0.16,0.49,-18.16
3253,601866,中远海发,2.44,0.0,0.0,603714.0,147173593.0,1.23,2.45,2.42,2.44,2.44,0.86,0.62,16.02,1.03,32042218397.0,23693443637.0,0.0,0.0,2.52,-2.79
3254,300072,海新能科,3.62,0.0,0.0,205598.0,74101969.37,1.93,3.64,3.57,3.63,3.62,0.5,0.88,-39.19,1.65,8505987493.0,8439536876.0,0.0,0.0,-1.09,-21.3
3255,300048,合康新能,5.09,0.0,0.0,63793.0,32476298.4,1.38,5.13,5.06,5.09,5.09,0.65,0.56,-44.01,3.23,5763648047.0,5748146137.0,0.0,0.0,-4.5,-14.45
3256,601588,北辰实业,1.77,0.0,0.0,266983.0,47060722.0,2.26,1.78,1.74,1.76,1.77,0.62,1.0,-3.39,1.02,5959625400.0,4708200000.0,0.0,0.0,-6.84,1.72
3257,300129,泰胜风能,7.37,0.0,0.0,79168.0,58326194.84,1.49,7.43,7.32,7.38,7.37,0.62,1.1,199.81,1.43,8172248416.0,5296894071.0,-0.14,0.14,-20.24,-29.13
3258,600157,永泰能源,1.55,0.0,0.0,2183714.0,337720503.0,1.29,1.56,1.54,1.55,1.55,0.56,1.0,186.71,0.72,33817534425.0,33817534425.0,0.0,0.65,-8.82,-1.27
3259,002095,生 意 宝,14.83,0.0,0.0,25442.0,37774119.8,2.02,15.03,14.73,14.97,14.83,0.86,1.01,614.8,4.33,3747837600.0,3732835794.0,0.14,0.0,9.77,-17.57
3260,002090,金智科技,9.3,0.0,0.0,53454.0,49626726.4,1.4,9.35,9.22,9.29,9.3,0.74,1.34,51.94,2.38,3725366760.0,3703154733.0,-0.11,0.22,0.32,-20.92
3261,003037,三和管桩,5.82,0.0,0.0,31111.0,18111541.0,1.55,5.88,5.79,5.86,5.82,0.57,0.52,116.09,1.27,3486614626.0,3486614626.0,0.0,0.0,-7.03,-27.7
3262,601908,京运通,2.97,0.0,0.0,178604.0,53102541.0,1.35,2.99,2.95,2.97,2.97,0.7,0.74,-9.23,1.0,7171370497.0,7171370497.0,0.0,-0.34,-11.61,-24.04
3263,601107,四川成渝,5.79,0.0,0.0,90543.0,52166197.0,1.9,5.82,5.71,5.77,5.79,0.88,0.42,9.84,1.05,17706167400.0,12522264600.0,0.17,0.0,2.66,0.17
3264,600248,陕建股份,2.9,0.0,0.0,150035.0,43600063.0,1.03,2.92,2.89,2.91,2.9,0.78,0.4,23.86,0.39,10770394929.0,10746643929.0,0.0,-0.34,-3.33,-17.38
3265,600243,*ST海华,3.64,0.0,0.0,41943.0,15171303.0,2.75,3.67,3.57,3.64,3.64,0.9,0.96,-55.94,2.93,1597414000.0,1597414000.0,0.0,0.0,-9.45,-31.32
3266,300213,佳讯飞鸿,6.5,0.0,0.0,88239.0,57292835.0,2.0,6.58,6.45,6.5,6.5,0.86,1.6,395.27,1.88,3863370290.0,3591840642.0,0.15,0.15,-4.83,-31.72
3267,600235,民丰特纸,5.88,0.0,0.0,32014.0,18795571.0,1.36,5.9,5.82,5.87,5.88,0.67,0.91,152.64,1.37,2065644000.0,2065644000.0,0.0,0.17,4.07,-13.4
3268,600239,ST云城,1.44,0.0,0.0,81268.0,11692687.0,2.08,1.45,1.42,1.43,1.44,0.6,0.51,16.97,2.1,2312189149.0,2312189149.0,-0.69,-0.69,1.41,-38.72
3269,300135,宝利国际,3.51,0.0,0.0,98561.0,34659147.0,1.42,3.54,3.49,3.5,3.51,0.46,1.07,124.58,3.72,3234816000.0,3234816000.0,0.0,0.0,4.78,-11.14
3270,300187,永清环保,4.74,0.0,0.0,53618.0,25443541.0,1.27,4.77,4.71,4.75,4.74,0.78,0.83,17.54,2.59,3060249062.0,3044871919.0,-0.21,0.0,-6.51,-2.07
3271,300203,聚光科技,12.57,0.0,0.0,41893.0,52614722.92,2.07,12.68,12.42,12.57,12.57,0.73,0.93,-32.76,2.19,5640631632.0,5635992359.0,0.0,-0.08,0.24,-20.74
3272,300159,新研股份,3.06,0.0,0.0,271512.0,83540098.0,2.29,3.11,3.04,3.07,3.06,0.57,1.47,191.89,3.63,10068688355.0,5633812521.0,0.0,-0.33,-26.62,-3.77
3273,300152,*ST动力,1.73,0.0,0.0,108425.0,18620237.78,2.89,1.74,1.69,1.73,1.73,0.79,1.52,-104.15,5.88,1233144000.0,1233128300.0,0.0,-0.57,-2.81,-19.16
3274,600956,新天绿能,7.15,0.0,0.0,55312.0,39468022.0,1.26,7.18,7.09,7.16,7.15,0.87,0.24,12.56,1.37,32176912432.0,16788834041.0,0.0,-0.14,-12.27,1.42
3275,600955,维远股份,12.69,0.0,0.0,20537.0,26031484.0,1.18,12.75,12.6,12.69,12.69,0.75,0.37,-155.79,0.92,6979500000.0,6979500000.0,0.0,0.0,-18.97,-21.42
3276,300292,吴通控股,4.28,0.0,0.0,246843.0,105786272.0,1.4,4.31,4.25,4.28,4.28,0.62,2.21,38.13,3.82,5742754089.0,4784998433.0,0.0,0.0,-22.04,-5.1
3277,300275,梅安森,9.09,0.0,0.0,31399.0,28580544.0,1.43,9.18,9.05,9.1,9.09,0.72,1.16,53.69,2.92,2799766068.0,2467584608.0,0.0,0.11,-0.33,-31.55
3278,300254,仟源医药,8.7,0.0,0.0,58229.0,50747776.0,2.07,8.78,8.6,8.71,8.7,0.69,2.56,261.06,4.9,2237714498.0,1977839530.0,0.23,0.23,-7.74,-14.03
3279,601005,重庆钢铁,1.2,0.0,0.0,313683.0,37758252.0,0.83,1.21,1.2,1.2,1.2,0.46,0.38,-32.23,0.78,11531207429.0,9976363880.0,0.0,0.0,-4.0,-17.81
3280,300245,ST天玑,6.07,0.0,0.0,25545.0,15495499.0,1.32,6.11,6.03,6.07,6.07,0.39,0.87,-19.47,1.64,1851653312.0,1782477067.0,0.33,0.33,5.38,-49.79
3281,601065,江盐集团,6.88,0.0,0.0,31563.0,21715053.0,0.87,6.91,6.85,6.87,6.88,0.63,0.49,50.32,0.99,4422299424.0,4422299424.0,-0.15,0.15,-5.49,-15.89
3282,601121,宝地矿业,7.24,0.0,0.0,103595.0,74984492.0,2.49,7.3,7.12,7.25,7.24,0.79,1.29,18.82,1.6,7125917496.0,5792000000.0,0.0,0.0,13.84,-0.96
3283,301103,何氏眼科,16.41,0.0,0.0,12121.0,19926162.73,1.58,16.57,16.31,16.4,16.41,0.73,1.0,31.22,1.36,2593214389.0,1996007639.0,-0.06,-0.06,-0.3,-15.72
3284,600884,杉杉股份,11.55,0.0,0.0,202456.0,233755538.0,1.04,11.6,11.48,11.55,11.55,0.72,1.1,15.77,1.13,25937133430.0,21195517566.0,0.0,0.0,-15.2,-14.51
3285,600886,国投电力,14.25,0.0,0.0,319472.0,454201773.0,1.75,14.36,14.11,14.25,14.25,1.21,0.43,16.13,1.72,114064043234.0,106222062107.0,-0.07,0.0,5.4,13.01
3286,300317,珈伟新能,4.12,0.0,0.0,234321.0,96433805.28,1.94,4.14,4.06,4.1,4.12,0.61,2.83,-179.0,2.42,3420376229.0,3415123229.0,0.0,0.0,-12.71,7.29
3287,300318,博晖创新,5.08,0.0,0.0,54624.0,27716048.0,1.38,5.11,5.04,5.08,5.08,0.62,0.68,-132.95,3.26,4149854515.0,4056580579.0,0.0,0.0,9.48,-18.98
3288,600905,三峡能源,3.68,0.0,0.0,412594.0,151757607.0,0.54,3.69,3.67,3.68,3.68,0.56,0.14,43.16,1.18,105202552523.0,105202552523.0,0.0,0.0,-11.11,-9.14
3289,600925,苏能股份,4.2,0.0,0.0,87981.0,36770628.0,1.19,4.21,4.16,4.2,4.2,0.47,0.55,271.83,1.88,28933333334.0,6745404061.0,0.0,0.24,-4.76,-7.08
3290,300425,中建环能,4.09,0.0,0.0,53184.0,21832244.0,1.22,4.13,4.08,4.12,4.09,0.74,0.78,195.6,1.18,2790299649.0,2784219978.0,0.25,0.0,-0.97,-17.37
3291,300416,苏试试验,14.18,0.0,0.0,83605.0,118951553.47,1.13,14.32,14.16,14.19,14.18,0.87,1.66,27.85,2.55,7211207889.0,7162673478.0,-0.21,-0.14,-21.0,-19.84
3292,301361,众智科技,26.91,0.0,0.0,8065.0,21796798.0,2.04,27.42,26.87,27.42,26.91,0.88,1.43,37.8,2.5,3130601760.0,1516001760.0,0.11,0.11,-16.19,-17.15
3293,688739,成大生物,20.44,0.0,0.0,10980.0,22440935.0,0.64,20.51,20.38,20.45,20.44,0.68,0.27,127.89,0.91,8512238000.0,8413826574.0,0.0,-0.1,2.46,-20.34
3294,300376,易事特,4.37,0.0,0.0,116710.0,51194200.32,1.37,4.42,4.36,4.37,4.37,0.5,0.5,-34.61,1.61,10174410880.0,10170748492.0,0.0,0.0,-29.29,-32.67
3295,600854,春兰股份,4.75,0.0,0.0,54101.0,25667790.0,1.47,4.77,4.7,4.75,4.75,0.77,1.04,12.55,1.0,2467428056.0,2467428056.0,0.21,0.0,6.5,-2.46
3296,601111,中国国航,5.86,0.0,0.0,455181.0,266067056.0,1.37,5.88,5.8,5.83,5.86,0.7,0.39,-26.27,2.01,120086407636.0,68199321518.0,0.0,-0.17,-6.54,-37.46
3297,300172,中电环保,4.69,0.0,0.0,75929.0,35532070.2,1.49,4.72,4.65,4.71,4.69,0.74,1.45,24.75,1.65,3173769900.0,2455273095.0,0.0,0.0,3.3,-12.34
3298,688620,安凯微,15.37,0.0,0.0,113348.0,174676962.0,2.8,15.63,15.2,15.29,15.37,0.77,2.89,74.81,4.59,6025040000.0,6025040000.0,-0.13,0.0,31.37,27.66
3299,002023,海特高新,9.71,0.0,0.0,75250.0,73310623.33,1.65,9.82,9.66,9.76,9.71,0.62,1.02,70.19,1.92,7193752882.0,7128696329.0,-0.21,-0.21,-14.82,-28.29
3300,002024,ST易购,1.18,0.0,0.0,103354.0,12200844.42,1.69,1.19,1.17,1.18,1.18,0.49,0.11,42.94,0.89,10932425789.0,10846945655.0,-0.84,0.0,-4.07,-30.59
3301,002027,分众传媒,4.88,0.0,0.0,1824308.0,885614741.93,2.25,4.91,4.8,4.89,4.88,1.21,1.26,11.27,5.31,70477934663.0,70477934663.0,-0.2,-0.2,-6.33,-31.56
3302,688570,天玛智控,14.77,0.0,0.0,5955.0,8777538.0,1.08,14.82,14.66,14.76,14.77,0.66,0.32,480.06,1.5,6395410000.0,2779714000.0,0.0,0.0,-6.22,-19.38
3303,688597,煜邦电力,6.47,0.0,0.0,53497.0,34538794.0,2.94,6.54,6.35,6.53,6.47,0.91,1.59,-24.56,2.86,2174309986.0,2174309986.0,0.15,0.0,-18.62,-21.19
3304,002061,浙江交科,3.47,0.0,0.0,134849.0,46866429.47,1.44,3.5,3.45,3.47,3.47,0.84,0.52,10.39,0.57,9171737391.0,9019008513.0,0.0,0.29,-4.14,-10.34
3305,002073,软控股份,5.85,0.0,0.0,104131.0,60916276.0,1.2,5.88,5.81,5.88,5.85,0.71,1.03,22.03,0.93,5993382640.0,5932703515.0,-0.17,0.17,7.34,-28.04
3306,600478,科力远,4.76,0.0,0.0,157713.0,75247349.0,1.26,4.8,4.74,4.76,4.76,0.77,0.93,71.35,2.64,8063054040.0,8063054040.0,-0.21,-0.21,-14.54,-30.91
3307,600499,科达制造,14.59,0.0,0.0,178726.0,260264780.0,1.92,14.68,14.4,14.5,14.59,0.55,0.93,10.89,2.11,27981524745.0,27981524745.0,-0.07,0.0,-5.01,7.52
3308,920271,邦德股份,9.55,0.0,0.0,9028.0,8518884.37,2.3,9.58,9.36,9.47,9.55,0.53,1.56,33.59,1.99,1249359650.0,552853616.0,1.6,1.7,-16.67,-40.94
3309,000680,山推股份,10.6,0.0,0.0,180818.0,193307227.91,2.36,10.81,10.56,10.6,10.6,1.1,1.38,11.67,2.38,15901511687.0,13934447798.0,0.09,0.09,1.15,-10.7
3310,920191,瑞尔竞达,9.08,0.0,0.0,7070.0,6417079.84,1.21,9.15,9.04,9.1,9.08,0.35,1.77,17.3,1.55,1610750232.0,362428200.0,0.22,0.22,-16.85,17.77
3311,600611,大众交通,5.01,0.0,0.0,2057795.0,1042262510.0,4.99,5.24,4.99,5.04,5.01,1.22,13.16,-35.19,1.25,11844255549.0,7832214984.0,-0.4,-0.2,20.43,-7.9
3312,600638,新黄浦,5.06,0.0,0.0,101055.0,51167106.0,1.78,5.12,5.03,5.09,5.06,0.59,1.5,8.04,0.72,3407387737.0,3407387737.0,0.0,0.2,-3.25,-21.43
3313,600807,济高发展,2.69,0.0,0.0,113534.0,30539321.0,2.23,2.72,2.66,2.69,2.69,0.69,1.44,-21.3,8.72,2379667426.0,2118443834.0,0.0,-0.37,3.46,-12.66
3314,300846,首都在线,19.27,0.0,0.0,172690.0,331751991.06,1.71,19.4,19.07,19.34,19.27,0.72,4.15,-151.05,12.67,9722966220.0,8013969426.0,0.16,0.26,-9.4,-15.59
3315,600868,梅雁吉祥,2.81,0.0,0.0,206753.0,58049826.0,1.42,2.83,2.79,2.8,2.81,0.54,1.09,-1174.45,2.74,5333797788.0,5333797788.0,0.0,0.0,-7.26,-15.87
3316,600775,南京熊猫,9.88,0.0,0.0,96563.0,95198764.0,1.42,9.92,9.78,9.86,9.88,0.68,1.44,-173.5,2.92,9028724667.0,6637764667.0,-0.1,0.1,-2.95,-19.08
3317,300477,ST合纵,2.61,0.0,0.0,107482.0,28079225.0,2.3,2.64,2.58,2.6,2.61,0.62,1.08,-11.87,1147.71,2797968773.0,2598348185.0,0.0,0.0,8.75,-0.38
3318,600794,保税科技,3.27,0.0,0.0,104987.0,34359242.0,1.53,3.3,3.25,3.26,3.27,0.88,0.87,41.0,1.57,3924497553.0,3924497553.0,0.0,-0.3,5.14,-15.72
3319,300449,汉邦高科,7.05,0.0,0.0,62538.0,44107554.0,1.84,7.13,7.0,7.05,7.05,0.74,1.62,-77.6,10.15,2721553722.0,2721553722.0,-0.14,-0.28,-8.44,-7.48
3320,600303,曙光股份,3.0,0.0,0.0,132165.0,39755756.0,2.33,3.04,2.97,2.97,3.0,0.64,1.95,-8.07,2.33,2050812633.0,2032536633.0,0.0,0.0,-1.32,-7.98
3321,300822,贝仕达克,12.16,0.0,0.0,64562.0,77639234.0,4.61,12.38,11.82,12.25,12.16,0.72,2.23,124.71,3.08,3788280192.0,3514021570.0,0.58,0.66,-6.61,-24.14
3322,300501,海顺新材,9.98,0.0,0.0,28318.0,28478851.78,2.71,10.2,9.93,10.04,9.98,0.59,1.02,-87.6,2.17,2776263306.0,2766683734.0,-0.5,-0.4,-23.76,-2.73
3323,600748,上实发展,3.86,0.0,0.0,106804.0,41114041.0,2.07,3.88,3.8,3.84,3.86,0.55,0.58,-13.82,0.7,7120012763.0,7120012763.0,0.26,0.0,-4.69,-28.78
3324,600743,华远控股,2.13,0.0,0.0,239260.0,50882823.0,1.88,2.15,2.11,2.13,2.13,0.39,1.02,-118.34,9.21,4997194862.0,4997194862.0,0.0,0.0,-5.33,6.5
3325,600725,云维股份,3.28,0.0,0.0,94632.0,30976576.0,1.52,3.3,3.25,3.28,3.28,0.57,0.77,-1058.79,15.77,4042501600.0,4042501600.0,0.0,0.0,-13.0,-21.53
3326,600704,物产中大,4.95,0.0,0.0,348722.0,172722079.0,1.01,4.98,4.93,4.96,4.95,0.89,0.67,6.45,0.61,25597340456.0,25597340456.0,0.2,0.0,6.45,-7.48
3327,000736,中交发展,4.71,0.0,0.0,234098.0,110158069.0,2.76,4.77,4.64,4.65,4.71,0.44,3.13,96.03,2.87,3518833469.0,3518833469.0,0.0,0.0,10.3,-12.29
3328,301160,翔楼新材,44.22,0.0,0.0,38202.0,168929420.41,3.08,44.96,43.6,44.2,44.22,0.85,3.45,40.3,3.89,7372221981.0,4898567474.0,-0.67,0.05,3.17,-9.94
3329,300509,新美星,9.09,0.0,0.0,36139.0,32833325.0,1.76,9.17,9.01,9.12,9.09,0.63,1.46,24.38,3.77,2694276000.0,2246171024.0,0.22,0.11,0.44,-28.31
3330,000791,甘肃能源,7.22,0.0,0.0,117208.0,84627301.94,1.39,7.28,7.18,7.25,7.22,0.75,0.61,13.95,1.54,23420522937.0,13975265105.0,-0.14,-0.14,-13.22,16.08
3331,000818,航锦科技,12.24,0.0,0.0,84692.0,103746121.0,1.23,12.35,12.2,12.27,12.24,0.69,1.29,81.01,3.69,8078400477.0,8056508013.0,0.08,0.25,-1.21,-36.58
3332,920175,东方碳素,8.04,0.0,0.0,13787.0,11000701.57,3.36,8.13,7.86,8.05,8.04,0.66,1.74,-11.65,1.54,956760000.0,637510574.0,0.5,0.37,-17.37,-28.98
3333,300490,华自科技,11.03,0.0,0.0,106416.0,117304366.0,1.27,11.1,10.96,11.01,11.03,0.74,2.71,20.0,1.95,4397337534.0,4332853794.0,0.0,0.27,-21.44,-8.01
3334,600322,津投城开,2.74,0.0,0.0,161989.0,44202808.0,1.82,2.75,2.7,2.73,2.74,0.56,1.47,4693.24,39.72,3029618000.0,3029618000.0,0.37,0.37,2.24,17.6
3335,300451,创业慧康,3.52,0.0,0.0,174793.0,61512852.53,1.99,3.56,3.49,3.52,3.52,0.72,1.14,-13.83,1.43,5452918916.0,5389624807.0,0.0,0.28,-0.85,-27.27
3336,600777,新潮能源,4.04,0.0,0.0,148395.0,59743691.0,1.73,4.07,4.0,4.05,4.04,0.59,0.23,41.68,1.22,27474003133.0,25719255660.0,0.25,0.25,-24.34,5.21
3337,600787,中储股份,4.59,0.0,0.0,129135.0,59271112.0,1.09,4.61,4.56,4.59,4.59,0.76,0.6,26.57,0.72,9960665281.0,9960665281.0,-0.22,0.0,2.91,-16.7
3338,000008,神州高铁,2.49,0.0,0.0,146487.0,36474601.44,1.2,2.51,2.48,2.5,2.49,0.48,0.54,-63.35,3.17,6763780431.0,6763579410.0,0.0,-0.4,1.63,-12.63
3339,600433,冠豪高新,3.36,0.0,0.0,197763.0,66724739.0,1.49,3.4,3.35,3.36,3.36,0.76,1.13,13.82,1.32,5880938223.0,5880938223.0,0.0,0.0,-4.82,2.44
3340,600468,百利电气,6.3,0.0,0.0,224237.0,140367703.0,2.06,6.33,6.2,6.31,6.3,0.6,2.06,82.16,3.37,6852732522.0,6852732522.0,0.16,0.32,10.14,-11.02
3341,600469,风神股份,5.21,0.0,0.0,76783.0,40025201.0,1.15,5.25,5.19,5.23,5.21,0.57,0.91,21.8,1.0,4637081371.0,4408906190.0,0.0,0.0,-8.27,-23.83
3342,000727,冠捷科技,2.26,0.0,0.0,529323.0,119577503.9,1.33,2.27,2.24,2.26,2.26,0.67,1.17,-12.81,6.13,10236821375.0,10236821375.0,0.0,0.0,-11.37,-11.02
3343,600527,江南高纤,2.26,0.0,0.0,279301.0,63131060.0,1.77,2.28,2.24,2.25,2.26,0.79,1.61,104.52,1.92,3913779639.0,3913779639.0,-0.44,0.0,-1.31,6.6
3344,300774,倍杰特,10.89,0.0,0.0,71947.0,78916496.0,4.59,11.16,10.66,11.02,10.89,0.99,3.53,-117.2,3.06,4451436257.0,2222403714.0,0.18,0.09,-17.75,-42.62
3345,600645,中源协和,18.62,0.0,0.0,48041.0,89665084.0,1.4,18.77,18.51,18.6,18.62,0.66,1.03,71.36,2.33,8713208332.0,8709880472.0,0.0,-0.11,-0.53,-26.11
3346,000655,金岭矿业,7.21,0.0,0.0,54449.0,39177988.0,1.11,7.24,7.16,7.21,7.21,0.7,0.91,18.09,1.21,4292403058.0,4292403058.0,-0.14,0.0,2.41,-23.05
3347,600566,济川药业,25.74,0.0,0.0,55762.0,143328548.0,1.52,25.9,25.51,25.72,25.74,0.79,0.61,15.12,1.72,23718164673.0,23646828837.0,-0.12,-0.16,1.46,4.8
3348,000631,顺发恒能,2.96,0.0,0.0,96102.0,28478595.0,1.35,2.98,2.94,2.97,2.96,0.97,0.42,301.49,1.23,6808000252.0,6808000252.0,0.0,0.0,-11.38,-8.64
3349,301246,宏源药业,18.23,0.0,0.0,51736.0,94110326.14,1.26,18.29,18.06,18.23,18.23,0.64,2.99,23.34,1.58,7292123964.0,3152737673.0,0.0,0.16,-33.1,-26.93
3350,920370,新安洁,3.04,0.0,0.0,26441.0,8130804.29,5.26,3.19,3.03,3.05,3.04,0.45,1.01,-30.21,1.64,912861363.0,797654048.0,-0.98,0.0,15.59,-26.57
3351,920433,大唐药业,4.96,0.0,0.0,15237.0,7550170.02,1.81,5.0,4.91,4.96,4.96,0.42,0.9,-79.35,3.41,1269361618.0,839809324.0,0.0,-0.2,6.21,-15.5
3352,300640,德艺文创,6.79,0.0,0.0,93614.0,63693674.0,2.36,6.9,6.74,6.78,6.79,0.82,4.11,-124.54,2.66,2111645369.0,1546398090.0,0.0,0.15,13.17,-12.05
3353,600340,*ST华幸,1.08,0.0,0.0,224026.0,24109237.0,0.93,1.08,1.07,1.08,1.08,0.51,0.58,-0.45,-0.19,4204823467.0,4204823467.0,0.93,0.0,-18.8,-50.68
3354,000712,锦龙股份,12.35,0.0,0.0,1236389.0,1520597140.22,4.78,12.62,12.03,12.1,12.35,0.62,13.8,388.3,4.13,11065600000.0,11062316444.0,0.65,0.49,41.47,2.75
3355,301085,亚康股份,67.0,-0.01,-0.01,60515.0,399661139.24,2.45,67.0,65.36,66.11,67.01,0.89,10.13,58.59,5.96,5813970225.0,4001516375.0,0.16,0.34,13.54,27.04
3356,300763,锦浪科技,58.29,-0.02,-0.01,51337.0,298861472.79,1.96,58.8,57.66,58.35,58.3,0.63,1.6,27.33,2.47,23123163506.0,18745759959.0,0.0,0.05,-35.75,-18.14
3357,920007,酉立智能,34.54,-0.03,-0.01,964.0,3339700.45,2.55,35.23,34.35,34.44,34.55,0.43,0.82,36.63,2.37,1538150823.0,404333875.0,-0.29,0.03,-14.29,-49.75
3358,688363,华熙生物,35.17,-0.03,-0.01,17911.0,62981692.0,1.59,35.46,34.9,35.17,35.18,0.82,0.37,55.44,2.39,16940623771.0,16940623771.0,-0.03,-0.06,-4.97,-19.13
3359,688366,昊海生科,30.19,-0.03,-0.01,2909.0,8766167.0,1.46,30.36,29.92,30.36,30.2,0.6,0.15,30.67,1.3,6908443967.0,5858425502.0,0.0,-0.03,-2.61,-30.29
3360,605128,上海沿浦,25.46,-0.04,-0.01,33624.0,85466143.0,2.71,25.79,25.1,25.59,25.47,0.56,1.07,43.08,3.66,7994102477.0,7994102477.0,0.08,0.04,7.25,3.5
3361,300923,研奥股份,24.9,-0.04,-0.01,8420.0,20985558.49,1.73,25.13,24.7,25.04,24.91,0.66,1.09,105.96,1.75,1957140000.0,1922983425.0,-0.08,0.2,6.41,-0.72
3362,002801,微光股份,27.97,-0.04,-0.01,10397.0,29004640.86,1.61,28.1,27.65,27.82,27.98,0.84,0.9,16.28,3.24,6422807040.0,3239001519.0,-0.14,-0.11,-7.81,-19.88
3363,301345,涛涛车业,228.92,-0.04,-0.09,7744.0,177448785.76,2.49,232.0,226.29,228.8,229.01,0.75,2.21,23.09,6.32,24963513333.0,8018866379.0,0.36,0.2,10.36,-8.37
3364,688816,易思维,48.26,-0.04,-0.02,2849.0,13778541.0,1.53,48.65,47.91,47.91,48.28,0.5,1.39,-65.04,2.7,4826000000.0,991068229.0,-0.02,0.0,-22.56,-13.37
3365,301388,欣灵电气,25.45,-0.04,-0.01,15872.0,40388231.0,1.81,25.64,25.18,25.58,25.46,0.71,2.18,89.52,2.68,2607291420.0,1849262203.0,0.08,-0.27,-2.49,-15.67
3366,920199,倍益康,26.23,-0.04,-0.01,7537.0,19688381.95,2.44,26.5,25.86,26.5,26.24,0.52,1.99,-327.7,3.41,1786506939.0,994818784.0,0.27,0.27,11.1,-24.17
3367,600600,青岛啤酒,51.47,-0.04,-0.02,32865.0,168523876.0,1.28,51.74,51.08,51.48,51.49,0.85,0.46,8.96,2.24,70215122878.0,36498712286.0,-0.04,0.02,-11.58,-12.54
3368,000628,高新发展,53.38,-0.04,-0.02,125176.0,665856259.36,2.53,53.97,52.62,53.4,53.4,0.77,6.51,193.72,8.47,18804706400.0,10261695667.0,0.13,-0.09,-3.65,19.98
3369,920953,国子软件,23.79,-0.04,-0.01,20522.0,48339354.58,3.99,24.17,23.22,23.53,23.8,0.7,3.43,116.76,4.96,3047879402.0,1424682064.0,0.3,0.3,-4.03,-33.21
3370,002353,杰瑞股份,125.36,-0.05,-0.06,215829.0,2714855242.85,3.28,127.7,123.58,127.5,125.42,1.44,3.12,53.66,5.55,128350567225.0,86632593492.0,0.02,0.06,-13.49,78.75
3371,605318,法狮龙,77.46,-0.05,-0.04,9137.0,70610957.0,3.48,79.0,76.3,77.56,77.5,0.81,0.73,-370.2,15.53,9738970509.0,9738970509.0,-0.13,-0.08,-40.42,18.86
3372,603281,江瀚新材,18.89,-0.05,-0.01,16147.0,30572913.0,1.22,19.07,18.84,19.0,18.9,0.7,0.31,27.51,1.97,9797049775.0,9797049775.0,0.05,-0.05,-21.88,-1.97
3373,603508,思维列控,21.34,-0.05,-0.01,17747.0,37910837.0,0.7,21.46,21.31,21.4,21.35,0.64,0.47,12.81,1.97,8136395205.0,8136395205.0,0.0,0.0,-2.07,-21.83
3374,300624,万兴科技,55.36,-0.05,-0.03,111334.0,614561323.05,2.56,55.96,54.54,55.0,55.39,0.56,6.5,-77.58,11.13,10703098897.0,9479470838.0,0.09,-0.05,5.85,-21.64
3375,002995,天地在线,18.21,-0.05,-0.01,72175.0,131353197.95,2.58,18.49,18.02,18.22,18.22,0.63,5.93,-1110.79,4.04,3231446081.0,2216041275.0,0.11,0.05,-15.69,10.23
3376,688523,航天环宇,41.01,-0.05,-0.02,27908.0,115112032.0,2.75,41.73,40.6,41.19,41.03,0.98,0.69,2099.17,9.91,16686148800.0,16686148800.0,-0.05,0.0,-23.13,-26.72
3377,301065,本立科技,19.65,-0.05,-0.01,15379.0,30255080.75,1.48,19.81,19.52,19.63,19.66,1.01,1.78,23.27,1.49,2083293000.0,1695549375.0,0.0,-0.1,2.34,-6.7
3378,920493,并行科技,118.42,-0.06,-0.07,12292.0,145498003.36,2.19,119.92,117.32,119.92,118.49,0.64,2.75,85.56,13.1,7174115111.0,5285905843.0,0.02,0.1,-8.25,-10.66
3379,002915,中欣氟材,18.05,-0.06,-0.01,96708.0,174204611.51,1.61,18.17,17.88,18.0,18.06,0.57,3.21,683.79,4.03,6051683607.0,5432947404.0,0.11,0.17,-16.59,-26.33
3380,002049,紫光国微,62.04,-0.06,-0.04,90113.0,559588794.83,1.21,62.53,61.78,62.39,62.08,0.82,1.07,32.79,3.7,52314217259.0,52307156363.0,0.02,-0.06,-12.87,-20.97
3381,001312,福恩股份,17.54,-0.06,-0.01,11197.0,19629401.51,1.48,17.62,17.36,17.53,17.55,0.62,1.96,20.4,1.74,4092666678.0,1002591118.0,-0.06,-0.06,-8.79,-3.52
3382,688113,联测科技,36.06,-0.06,-0.02,4675.0,16835384.0,1.88,36.24,35.56,35.94,36.08,0.7,0.73,20.14,2.25,2322175978.0,2322175978.0,-0.39,-0.25,-4.04,-8.36
3383,001335,信凯科技,32.73,-0.06,-0.02,5214.0,17019053.44,2.29,32.89,32.14,32.64,32.75,0.66,2.04,27.86,3.04,3068095799.0,836056102.0,-0.09,-0.06,-34.24,-33.44
3384,920168,通宝光电,16.06,-0.06,-0.01,4030.0,6468278.35,1.31,16.19,15.98,16.09,16.07,0.55,1.43,35.56,1.53,1207284804.0,452482695.0,-0.19,-0.19,-9.88,2.49
3385,603896,寿仙谷,14.86,-0.07,-0.01,8765.0,13009874.0,0.94,14.93,14.79,14.87,14.87,0.4,0.44,39.95,1.33,2945904919.0,2945904919.0,0.07,0.2,-4.8,-23.32
3386,301588,美新科技,28.17,-0.07,-0.02,24492.0,69142186.0,2.8,28.6,27.81,28.19,28.19,0.7,3.34,68.31,3.49,3348504630.0,2066528185.0,0.04,-0.04,-23.93,55.46
3387,688045,必易微,55.24,-0.07,-0.04,16879.0,93690608.0,2.68,56.38,54.9,55.88,55.28,0.8,2.39,51.85,2.67,3898672872.0,3898672872.0,-0.02,-0.09,-18.3,42.96
3388,301056,森赫股份,14.79,-0.07,-0.01,50245.0,74398491.52,3.58,15.05,14.52,14.72,14.8,0.59,2.85,70.3,5.18,3945774805.0,2602978326.0,0.0,0.41,22.03,-10.9
3389,688501,青达环保,13.65,-0.07,-0.01,18867.0,25657499.0,2.42,13.79,13.46,13.79,13.66,0.7,1.08,22.72,2.08,2373958860.0,2373958860.0,-0.22,0.29,-12.72,-26.93
3390,600768,富邦新材,15.0,-0.07,-0.01,28099.0,42410351.0,2.4,15.28,14.92,15.02,15.01,0.8,2.1,17.14,4.17,2006208000.0,2006208000.0,0.0,-0.13,-1.57,7.53
3391,002715,登云股份,14.02,-0.07,-0.01,18706.0,26249093.0,2.14,14.15,13.85,14.01,14.03,0.51,1.36,234.22,4.19,1934760000.0,1934760000.0,-0.28,-0.14,-3.58,-19.24
3392,688559,海目星,53.45,-0.07,-0.04,102382.0,552782805.0,2.49,54.7,53.37,54.13,53.49,0.9,4.13,127.54,5.35,13242720902.0,13242720902.0,-0.02,0.0,-11.81,11.22
3393,600619,海立股份,13.71,-0.07,-0.01,107944.0,148256256.0,2.19,13.85,13.55,13.63,13.72,0.77,1.37,44.96,2.37,14715551806.0,10819586481.0,0.0,0.07,-7.8,-34.93
3394,002393,力生制药,13.97,-0.07,-0.01,12908.0,18047967.63,0.93,14.07,13.94,13.98,13.98,0.54,0.43,27.49,0.96,4306854174.0,4194037679.0,0.0,0.07,-2.1,-19.48
3395,688272,富吉瑞,28.25,-0.07,-0.02,21217.0,59911548.0,4.42,28.9,27.65,28.5,28.27,1.18,2.79,-40.88,5.57,2147000000.0,2147000000.0,0.14,0.18,-18.54,-13.5
3396,001248,华润新能,12.07,-0.08,-0.01,209280.0,252697214.82,0.58,12.12,12.05,12.1,12.08,0.69,1.97,24.27,1.18,160791867220.0,12823213757.0,0.0,0.0,19.39,19.39
3397,000155,川能动力,12.01,-0.08,-0.01,248164.0,297443343.07,1.66,12.08,11.88,12.0,12.02,0.7,1.34,15.7,1.98,22172481787.0,22172481787.0,0.0,0.08,-10.1,3.09
3398,003007,直真科技,39.17,-0.08,-0.03,14378.0,56291873.0,1.43,39.41,38.85,39.0,39.2,0.77,1.98,-91.68,3.09,4683730893.0,2843258525.0,-0.2,-0.2,-0.05,5.13
3399,920027,交大铁发,12.06,-0.08,-0.01,7624.0,9197562.41,2.15,12.2,11.94,12.15,12.07,0.61,1.06,41.42,2.69,1241752473.0,868910036.0,0.42,0.67,1.77,-26.15
3400,601698,中国卫通,23.98,-0.08,-0.02,146920.0,350933824.0,1.67,24.1,23.7,24.0,24.0,0.92,0.35,447.96,6.38,101300762180.0,101300762180.0,-0.04,0.08,-29.07,-32.83
3401,002125,湘潭电化,12.28,-0.08,-0.01,95712.0,117673887.84,1.14,12.37,12.23,12.32,12.29,0.57,1.52,17.19,2.23,7730541224.0,7730541224.0,0.0,-0.08,-32.0,-12.6
3402,001369,双欣材料,12.49,-0.08,-0.01,42176.0,52609760.24,1.36,12.55,12.38,12.52,12.5,0.44,2.03,26.21,2.04,14326030000.0,2591093378.0,0.08,0.08,-18.21,-23.66
3403,920200,振宏股份,26.23,-0.08,-0.02,7688.0,20087173.24,1.64,26.46,26.03,26.3,26.25,0.55,1.73,28.03,2.23,2663918800.0,1163798870.0,0.58,0.61,-34.75,27.45
3404,600009,上海机场,23.85,-0.08,-0.02,91177.0,217796295.0,1.21,24.03,23.74,23.88,23.87,1.01,0.37,24.4,1.38,59346266004.0,59153219334.0,0.04,-0.17,-0.71,-26.62
3405,002322,理工能科,12.75,-0.08,-0.01,60943.0,77281900.96,1.33,12.77,12.6,12.71,12.76,0.58,1.73,19.35,1.72,4660481618.0,4480106845.0,-0.08,-0.08,19.72,9.07
3406,002275,桂林三金,12.35,-0.08,-0.01,15827.0,19495573.26,0.73,12.36,12.27,12.36,12.36,0.76,0.28,13.92,2.22,7256472210.0,6974678617.0,0.32,0.32,-3.21,-10.51
3407,920701,豪声电子,12.47,-0.08,-0.01,12896.0,15931768.37,3.21,12.57,12.17,12.36,12.48,0.42,1.29,638.18,2.14,1710884000.0,1249584283.0,-0.64,0.16,3.92,-30.3
3408,300851,交大思诺,24.0,-0.08,-0.02,11875.0,28598081.0,1.87,24.29,23.84,23.99,24.02,1.17,2.1,55.64,1.61,2086401600.0,1359924648.0,0.0,-0.21,-2.68,-8.08
3409,301662,宏工科技,62.65,-0.08,-0.05,23106.0,145086446.77,2.12,63.29,61.96,62.06,62.7,0.47,5.18,38.74,4.79,7267400000.0,2793689928.0,0.0,0.05,-30.38,-24.1
3410,601155,新城控股,12.15,-0.08,-0.01,236439.0,287654606.0,3.37,12.38,11.97,12.2,12.16,0.75,1.05,16.14,0.44,27405817700.0,27405817700.0,0.0,0.08,2.45,-12.9
3411,300966,共同药业,23.58,-0.08,-0.02,15822.0,37306011.0,2.37,23.78,23.22,23.5,23.6,0.61,2.06,-41.39,3.89,2718328645.0,1807800055.0,0.0,-0.17,-11.12,20.0
3412,600182,S佳通,13.02,-0.08,-0.01,12562.0,16365888.0,0.77,13.09,12.99,13.08,13.03,0.6,0.74,31.34,4.1,4426800000.0,2213400000.0,-0.08,0.08,-4.55,-10.82
3413,920454,同心传动,11.75,-0.09,-0.01,11199.0,13084812.12,3.32,11.91,11.52,11.72,11.76,1.02,2.27,43.58,3.79,1234925000.0,578458375.0,0.77,0.77,-4.86,-28.57
3414,600406,国电南瑞,22.69,-0.09,-0.02,250569.0,567217766.0,0.92,22.77,22.56,22.77,22.71,0.8,0.31,29.65,3.5,182240547180.0,181705517116.0,0.0,0.04,-0.35,3.09
3415,300994,久祺股份,11.38,-0.09,-0.01,15825.0,18032592.0,2.02,11.46,11.23,11.34,11.39,0.64,1.34,56.04,2.4,2652541440.0,1347530381.0,-0.26,-0.26,-4.61,-25.28
3416,603125,常青科技,22.78,-0.09,-0.02,30918.0,70610838.0,1.97,23.05,22.6,22.85,22.8,0.97,0.76,32.96,3.58,9222172623.0,9222172623.0,0.04,0.18,-5.91,35.27
3417,002170,芭田股份,11.72,-0.09,-0.01,185465.0,216730096.8,1.62,11.79,11.6,11.79,11.73,0.75,2.35,9.44,2.97,11389856156.0,9262423941.0,0.0,0.0,3.26,0.95
3418,301170,锡南科技,22.9,-0.09,-0.02,9081.0,20985449.18,2.14,23.35,22.86,22.91,22.92,0.99,2.39,34.89,1.28,2290000000.0,870285303.0,-0.04,-0.13,-4.3,-17.33
3419,300605,恒锋信息,10.53,-0.09,-0.01,50672.0,53372180.0,2.28,10.67,10.43,10.51,10.54,0.69,4.01,-22.73,4.22,1738967636.0,1330812464.0,0.0,0.1,0.77,-32.72
3420,300963,中洲特材,11.62,-0.09,-0.01,44878.0,52014708.0,1.72,11.7,11.5,11.63,11.63,0.72,1.32,68.22,4.72,5329396800.0,3957709031.0,0.17,-0.09,-15.49,-44.0
3421,300614,百川畅银,10.75,-0.09,-0.01,21105.0,22683889.0,1.86,10.85,10.65,10.78,10.76,0.97,1.32,-15.8,2.49,1724737826.0,1724737826.0,0.28,-0.09,-9.89,-15.22
3422,688818,电科蓝天,43.87,-0.09,-0.04,39292.0,172286498.0,1.98,44.35,43.48,44.35,43.91,0.83,2.77,530.52,13.84,76198851054.0,6230462104.0,-0.05,0.07,-33.65,366.7
3423,600640,国脉文化,11.2,-0.09,-0.01,62846.0,70460564.0,1.87,11.33,11.12,11.17,11.21,0.58,0.79,281.01,2.26,8865375008.0,8865375008.0,-0.09,-0.09,5.86,-10.69
3424,603468,津富士达,23.35,-0.09,-0.02,17079.0,39862843.0,0.51,23.43,23.31,23.37,23.37,0.58,4.27,25.53,2.69,9625376695.0,933733203.0,0.13,0.09,33.73,33.73
3425,920230,欧康医药,10.85,-0.09,-0.01,6968.0,7517680.69,2.21,10.95,10.71,10.86,10.86,0.36,1.47,101.67,2.65,1090149443.0,512638066.0,0.09,0.0,3.73,-8.98
3426,002864,盘龙药业,21.46,-0.09,-0.02,15856.0,34056042.5,1.82,21.71,21.32,21.35,21.48,0.64,1.61,34.61,1.7,2933601915.0,2115885783.0,0.0,0.0,3.62,-8.8
3427,688499,利元亨,32.64,-0.09,-0.03,33157.0,108657143.0,2.05,33.15,32.48,32.68,32.67,1.14,1.97,70.7,2.33,5507298566.0,5507298566.0,0.09,-0.09,-20.49,-43.45
3428,002846,英联股份,11.02,-0.09,-0.01,53622.0,59084627.2,1.54,11.1,10.93,11.04,11.03,0.62,1.98,71.53,3.23,4628329869.0,2990737647.0,0.0,0.0,-7.55,-31.64
3429,603787,新日股份,10.31,-0.1,-0.01,16281.0,16844924.0,1.65,10.45,10.28,10.35,10.32,0.69,0.71,35.56,1.56,2372782475.0,2372782475.0,0.0,-0.19,4.04,-26.15
3430,300888,稳健医疗,29.57,-0.1,-0.03,20676.0,61102185.32,1.05,29.69,29.38,29.53,29.6,0.68,0.36,16.79,1.51,17238450341.0,17161273351.0,-0.03,0.0,7.53,-20.19
3431,688575,亚辉龙,10.1,-0.1,-0.01,68563.0,69117740.0,1.48,10.15,10.0,10.11,10.11,0.48,1.2,41.14,2.1,5771021830.0,5771021830.0,0.1,0.1,6.43,-28.77
3432,688716,中研股份,26.98,-0.11,-0.03,11210.0,30515383.0,3.3,27.69,26.8,27.69,27.01,0.65,1.6,-126.62,2.86,3282926400.0,1886635047.0,-0.04,-0.18,-16.86,-35.99
3433,601360,三六零,8.97,-0.11,-0.01,865752.0,773753742.0,1.89,9.06,8.89,8.97,8.98,0.57,1.24,145.55,2.22,62786034175.0,62786034175.0,0.11,0.0,-2.07,-18.97
3434,605136,丽人丽妆,8.69,-0.11,-0.01,86205.0,74828442.0,1.95,8.76,8.59,8.63,8.7,0.75,2.15,77.25,1.44,3479984365.0,3479984365.0,-0.11,0.0,5.21,-20.49
3435,301265,华新科技,18.64,-0.11,-0.02,95614.0,179030469.45,3.43,19.07,18.43,18.96,18.66,0.92,3.92,67.57,2.67,5647420112.0,4546913208.0,-0.21,-0.11,-28.39,34.97
3436,300486,东杰智能,18.39,-0.11,-0.02,63522.0,116482698.0,2.01,18.52,18.15,18.48,18.41,0.65,1.33,351.98,5.15,8774768933.0,8772131642.0,0.05,-0.05,-21.71,-6.17
3437,000037,深南电A,9.32,-0.11,-0.01,57616.0,53523983.56,1.93,9.4,9.22,9.35,9.33,0.57,1.7,141.62,3.35,5617747395.0,3158623958.0,0.0,0.22,-16.93,12.97
3438,600056,中国医药,9.05,-0.11,-0.01,64621.0,58501498.0,0.66,9.08,9.02,9.06,9.06,0.64,0.43,27.17,1.13,13537711719.0,13532930876.0,0.0,-0.11,-0.22,-11.71
3439,300985,致远新能,36.21,-0.11,-0.04,18430.0,67325720.0,2.81,37.16,36.14,36.49,36.25,0.63,0.99,-129.97,7.98,6753616901.0,6753616901.0,0.0,-0.3,15.72,97.33
3440,603809,豪能股份,8.85,-0.11,-0.01,52476.0,46694840.0,1.47,8.96,8.83,8.83,8.86,0.82,0.57,21.68,2.19,8144555942.0,8144555942.0,0.0,-0.23,-15.71,-37.68
3441,688109,品茗科技,70.77,-0.11,-0.08,4883.0,34358360.0,2.54,71.31,69.51,70.67,70.85,0.61,0.62,1534.94,7.23,5579669571.0,5579669571.0,-0.16,0.1,-9.63,-44.21
3442,300965,恒宇信通,43.43,-0.11,-0.05,6582.0,28703897.0,1.98,44.05,43.19,43.88,43.48,0.87,1.2,-82.09,2.17,2605800000.0,2388378563.0,0.18,0.16,-9.88,-38.12
3443,300971,博亚精工,17.86,-0.11,-0.02,19035.0,34117222.6,1.73,18.05,17.74,17.96,17.88,0.85,2.06,31.4,1.98,2100336000.0,1647634240.0,-0.11,0.0,-10.07,-26.23
3444,002139,拓邦股份,9.32,-0.11,-0.01,85800.0,80112256.71,1.29,9.39,9.27,9.31,9.33,0.92,0.8,45.11,1.66,11620502088.0,9982557374.0,-0.11,-0.11,-2.41,-32.02
3445,688049,炬芯科技,41.84,-0.12,-0.05,58250.0,243181189.0,2.94,42.46,41.23,42.2,41.89,0.72,3.31,33.84,3.49,7364507934.0,7364507934.0,-0.02,0.17,3.54,-20.06
3446,688571,杭华股份,8.43,-0.12,-0.01,45436.0,38336378.0,2.13,8.54,8.36,8.45,8.44,0.81,1.07,36.01,2.15,3575759001.0,3575759001.0,0.0,-0.12,6.44,15.48
3447,000795,英洛华,8.46,-0.12,-0.01,80237.0,67994021.01,0.94,8.51,8.43,8.46,8.47,0.62,0.72,36.63,3.58,9443481040.0,9443466768.0,0.0,0.12,-9.23,-14.11
3448,603282,亚光股份,16.66,-0.12,-0.02,14993.0,25009169.0,2.34,16.87,16.48,16.59,16.68,0.57,1.12,43.02,1.69,2229441200.0,2229441200.0,0.0,0.0,12.34,-15.04
3449,301370,国科恒泰,8.68,-0.12,-0.01,25850.0,22489017.0,1.38,8.77,8.65,8.67,8.69,0.81,0.55,190.76,1.66,4084808000.0,4084808000.0,0.0,0.0,-1.81,-24.91
3450,002299,圣农发展,17.25,-0.12,-0.02,128135.0,219943134.9,2.03,17.33,16.98,17.18,17.27,1.0,1.05,21.33,1.87,21437788055.0,21020845446.0,-0.17,-0.12,5.18,5.57
3451,600851,海欣股份,8.49,-0.12,-0.01,69267.0,59191365.0,2.12,8.66,8.48,8.48,8.5,0.79,0.94,39.62,2.04,10247911315.0,6267369874.0,0.0,-0.12,16.78,25.22
3452,300597,吉大通信,7.96,-0.13,-0.01,37149.0,29634683.0,1.51,8.04,7.92,8.03,7.97,0.84,1.37,-79.9,2.34,2169657439.0,2161555814.0,-0.25,-0.13,-0.13,-13.85
3453,600668,尖峰集团,7.47,-0.13,-0.01,24446.0,18287499.0,1.34,7.55,7.45,7.55,7.48,0.47,0.59,-172.32,0.57,3084367437.0,3084367437.0,-0.13,0.13,0.95,-33.3
3454,300105,龙源技术,7.45,-0.13,-0.01,100202.0,74678089.0,1.47,7.5,7.39,7.46,7.46,0.52,1.94,206.12,2.15,3842817429.0,3840412569.0,0.0,0.0,9.72,6.28
3455,301267,华厦眼科,15.11,-0.13,-0.02,26089.0,39506750.0,0.93,15.23,15.09,15.21,15.13,0.59,0.4,21.74,2.34,12692400000.0,9797994627.0,-0.07,-0.07,-7.87,-15.16
3456,002091,江苏国泰,7.7,-0.13,-0.01,98861.0,76543736.54,1.69,7.81,7.68,7.72,7.71,0.94,0.62,13.37,0.8,12533503552.0,12338264947.0,0.0,-0.13,2.39,-11.8
3457,002088,鲁阳节能,7.98,-0.13,-0.01,11461.0,9149688.0,1.63,8.06,7.93,7.97,7.99,0.47,0.23,357.08,1.71,4065332684.0,4037597771.0,0.0,0.0,-7.75,-21.53
3458,300466,赛摩智能,7.4,-0.13,-0.01,62446.0,46285034.6,2.7,7.53,7.33,7.36,7.41,1.18,1.36,159.52,5.66,3962921319.0,3408002112.0,0.0,0.0,-3.01,-26.37
3459,688777,中控技术,89.6,-0.13,-0.12,116403.0,1051216738.0,4.28,92.5,88.66,89.74,89.72,0.79,1.48,228.55,7.19,70890581619.0,70533040704.0,-0.2,-0.16,-15.54,82.63
3460,002609,捷顺科技,7.85,-0.13,-0.01,49039.0,38441146.0,1.78,7.93,7.79,7.92,7.86,0.78,1.07,58.96,2.12,5050994902.0,3607652101.0,0.13,0.13,5.94,-14.77
3461,688117,圣诺生物,23.56,-0.13,-0.03,28803.0,68156078.0,1.48,23.83,23.48,23.48,23.59,0.58,1.31,19.2,4.54,5191219094.0,5191219094.0,0.0,-0.08,-0.04,-11.96
3462,300438,鹏辉能源,54.75,-0.13,-0.07,140544.0,772598281.49,2.68,55.78,54.31,55.36,54.82,0.96,3.48,16.88,4.39,27558048960.0,22127992031.0,0.05,0.0,-27.17,2.99
3463,002255,海陆重工,7.88,-0.13,-0.01,58294.0,45960959.15,1.39,7.94,7.83,7.9,7.89,0.75,0.91,20.33,1.41,6547342713.0,5027004575.0,0.0,0.0,-14.25,-37.36
3464,002349,精华制药,7.65,-0.13,-0.01,360281.0,272333502.13,2.09,7.66,7.5,7.6,7.66,0.45,4.43,23.35,2.25,6358131556.0,6228483946.0,0.26,0.79,18.24,6.69
3465,605005,合兴股份,15.96,-0.13,-0.02,8987.0,14347031.0,1.44,16.1,15.87,16.1,15.98,0.77,0.22,39.69,3.08,6399960000.0,6399960000.0,0.06,0.06,0.06,-15.91
3466,300766,每日互动,22.6,-0.13,-0.03,149870.0,337420888.98,2.52,22.88,22.31,22.68,22.63,0.69,4.19,-411.76,5.68,8921344508.0,8088721659.0,0.09,0.09,-2.67,-31.03
3467,002097,山河智能,7.47,-0.13,-0.01,156418.0,116519273.23,1.47,7.51,7.4,7.48,7.48,0.76,1.46,317.58,1.74,8027390962.0,8015314071.0,0.0,-0.13,-9.12,-39.71
3468,603630,拉芳家化,14.59,-0.14,-0.02,50935.0,74129808.0,2.05,14.75,14.45,14.61,14.61,0.68,2.26,44.19,1.73,3285734822.0,3285734822.0,0.07,0.07,10.28,-24.64
3469,600839,四川长虹,6.94,-0.14,-0.01,468665.0,325031724.0,1.73,7.0,6.88,6.95,6.95,0.67,1.02,9.73,1.96,32036734901.0,32027812899.0,-0.14,-0.14,3.43,-23.23
3470,300014,亿纬锂能,50.97,-0.14,-0.07,206948.0,1057813807.28,1.43,51.56,50.83,51.34,51.04,0.85,0.98,16.78,2.21,110772944777.0,107698697790.0,0.02,0.04,-11.62,-22.22
3471,920266,生物谷,7.38,-0.14,-0.01,15768.0,11606158.77,1.76,7.45,7.32,7.44,7.39,0.54,1.33,-103.62,1.04,915120052.0,874459573.0,0.27,0.14,3.8,-18.63
3472,002363,隆基机械,6.9,-0.14,-0.01,37739.0,26027942.4,1.3,6.95,6.86,6.9,6.91,0.58,0.91,33.91,1.32,2871092077.0,2868731352.0,-0.29,0.0,2.22,-31.14
3473,000625,长安汽车,7.11,-0.14,-0.01,327521.0,232915284.36,0.84,7.15,7.09,7.1,7.12,0.86,0.4,43.11,0.93,70480758446.0,58778521557.0,0.0,0.14,-4.18,-39.44
3474,300746,汉嘉数智,14.13,-0.14,-0.02,35031.0,49705335.0,3.11,14.45,14.01,14.25,14.15,0.69,1.57,98.87,3.83,3189682575.0,3158697209.0,0.28,0.0,32.68,11.52
3475,300228,富瑞特装,6.91,-0.14,-0.01,75361.0,52066268.2,1.59,6.97,6.86,6.96,6.92,0.46,1.34,32.34,1.66,4128210544.0,3872241921.0,0.14,0.0,-10.03,-29.27
3476,920239,长虹能源,21.87,-0.14,-0.03,11504.0,25084634.04,2.88,22.18,21.55,21.81,21.9,0.85,0.64,19.71,3.59,3981962841.0,3933975163.0,-0.09,0.05,-17.6,-31.87
3477,002714,牧原股份,43.91,-0.14,-0.06,450249.0,1971522143.2,1.46,44.05,43.41,43.84,43.97,0.93,1.37,-20.85,3.2,253492260683.0,144046725141.0,0.0,0.0,25.96,-12.46
3478,000737,北方铜业,14.33,-0.14,-0.02,455376.0,650998083.8,2.16,14.44,14.13,14.28,14.35,0.6,2.39,9.78,3.45,27294586514.0,27292095243.0,0.07,0.21,2.8,-6.03
3479,600671,天目药业,21.85,-0.14,-0.03,22030.0,48250595.0,3.06,22.2,21.53,21.71,21.88,0.33,1.81,211.11,34.87,2660868637.0,2660686146.0,0.05,0.0,32.67,26.23
3480,300107,建新股份,6.97,-0.14,-0.01,85994.0,59932498.0,2.58,7.08,6.9,6.98,6.98,0.54,2.47,40.97,2.58,3922592408.0,2423797071.0,-0.14,0.14,14.45,2.2
3481,000009,中国宝安,7.06,-0.14,-0.01,121593.0,86003977.39,1.27,7.12,7.03,7.06,7.07,0.69,0.47,-306.21,1.88,18209250593.0,18186704483.0,-0.28,0.0,0.43,-28.11
3482,002949,华阳国际,14.05,-0.14,-0.02,189393.0,265179349.83,6.68,14.58,13.64,14.32,14.07,1.12,12.47,39.34,1.89,2755034798.0,2134555186.0,-0.07,-0.43,24.67,-8.47
3483,600158,中体产业,7.36,-0.14,-0.01,247145.0,181632559.0,1.63,7.42,7.3,7.37,7.37,0.7,2.58,-551.28,2.94,7062016173.0,7062016173.0,0.0,0.41,-12.49,-15.69
3484,000089,深圳机场,6.63,-0.15,-0.01,201373.0,133517689.44,1.66,6.69,6.58,6.62,6.64,1.4,0.98,9.23,1.13,13596601845.0,13596601845.0,0.0,0.0,4.25,-2.93
3485,002812,恩捷股份,48.2,-0.15,-0.07,126198.0,608155156.36,2.09,48.52,47.51,48.27,48.27,0.77,1.53,28.83,1.82,47299552568.0,39649843838.0,-0.08,-0.06,-28.63,-14.9
3486,603589,口子窖,19.37,-0.15,-0.03,37092.0,71767455.0,1.24,19.5,19.26,19.4,19.4,0.78,0.62,15.88,1.11,11585574173.0,11585574173.0,0.05,0.0,-1.92,-34.45
3487,920278,鹿得医疗,6.58,-0.15,-0.01,12045.0,7858647.23,3.34,6.67,6.45,6.59,6.59,0.63,1.22,162.18,2.96,1148210000.0,649086074.0,0.92,1.08,5.45,-26.15
3488,920204,沪江材料,13.69,-0.15,-0.02,4709.0,6413180.52,2.33,13.79,13.47,13.67,13.71,0.4,0.94,40.43,2.58,1290799941.0,684373272.0,0.15,0.44,-7.31,-22.52
3489,002230,科大讯飞,39.44,-0.15,-0.06,187978.0,739687399.35,0.89,39.55,39.2,39.49,39.5,0.8,0.86,-232.38,4.15,94738028929.0,86372296114.0,-0.03,0.0,-2.11,-21.42
3490,002592,ST八菱,6.7,-0.15,-0.01,16790.0,11268179.0,1.04,6.75,6.68,6.75,6.71,0.42,0.64,16.49,1.92,1903276752.0,1761336046.0,-0.15,0.0,0.6,-18.79
3491,301075,多瑞医药,61.05,-0.15,-0.09,8916.0,54563832.1,2.57,62.07,60.5,61.0,61.14,0.63,1.58,211.81,7.4,4884000000.0,3455430000.0,0.05,0.07,-7.5,2.31
3492,601226,华电科工,6.47,-0.15,-0.01,63302.0,40925186.0,1.39,6.52,6.43,6.5,6.48,0.75,0.54,49.22,1.7,7519587339.0,7519587339.0,0.0,0.0,-6.64,-16.94
3493,603198,迎驾贡酒,40.99,-0.15,-0.06,40941.0,166682077.0,1.73,41.09,40.38,41.05,41.05,0.71,0.51,14.11,3.09,32792000000.0,32792000000.0,0.15,0.02,23.91,7.7
3494,688702,盛科通信-U,324.3,-0.15,-0.5,79244.0,2562045922.0,4.38,329.66,315.44,325.0,324.8,1.23,3.9,-3784.63,59.08,132963000000.0,65830235227.0,0.02,0.09,28.21,128.88
3495,000756,新华制药,13.16,-0.15,-0.02,33484.0,44064181.72,1.06,13.26,13.12,13.14,13.18,0.51,0.67,30.74,1.74,9168354005.0,6565167509.0,0.0,0.0,7.96,-13.76
3496,600336,澳柯玛,6.61,-0.15,-0.01,85536.0,56301009.0,4.53,6.76,6.46,6.62,6.62,0.63,1.07,-61.27,2.56,5274877623.0,5274877623.0,-0.3,-0.3,-7.42,-19.59
3497,603516,淳中科技,93.03,-0.15,-0.14,36395.0,340959735.0,1.74,94.5,92.88,93.98,93.17,0.73,1.79,71.87,10.43,18910047995.0,18910047995.0,0.01,-0.05,-16.32,-58.36
3498,688589,力合微,19.72,-0.15,-0.03,22183.0,43949987.0,1.87,20.04,19.67,19.82,19.75,0.66,1.53,74.3,2.99,2865878375.0,2865878375.0,0.0,0.15,2.34,-12.94
3499,920879,基康技术,13.38,-0.15,-0.02,7215.0,9617594.38,1.79,13.49,13.25,13.47,13.4,0.38,0.48,41.37,4.3,2687624731.0,2003973725.0,0.07,0.22,-17.2,-24.11
3500,600256,广汇能源,6.7,-0.15,-0.01,1460290.0,977744502.0,4.02,6.85,6.58,6.7,6.71,0.89,2.28,16.75,1.71,42826419859.0,42826419859.0,-0.45,-0.3,2.45,37.86
3501,000630,铜陵有色,6.38,-0.16,-0.01,1483278.0,942556275.64,1.88,6.4,6.28,6.37,6.39,0.58,1.33,14.29,2.25,85552428234.0,71092350725.0,0.0,0.0,-10.14,7.05
3502,002928,华夏航空,6.42,-0.16,-0.01,191998.0,122923866.1,1.87,6.46,6.34,6.38,6.43,0.82,1.5,94.25,2.11,8206310751.0,8206269824.0,0.0,0.16,-8.29,-41.9
3503,003025,思进智能,12.18,-0.16,-0.02,24716.0,30202160.3,1.89,12.35,12.12,12.21,12.2,0.7,1.09,25.23,2.73,3458554336.0,2757746015.0,0.33,0.5,-25.05,-14.04
3504,002675,东诚药业,12.72,-0.16,-0.02,54299.0,69248755.5,1.73,12.88,12.66,12.74,12.74,1.1,0.73,55.95,2.38,10488857368.0,9455844404.0,-0.08,-0.08,1.84,-6.88
3505,603369,今世缘,30.85,-0.16,-0.05,109939.0,337055181.0,2.43,31.04,30.29,30.71,30.9,0.76,0.88,9.24,2.24,38463781141.0,38463781141.0,0.0,0.0,23.1,-8.13
3506,603638,艾迪精密,18.46,-0.16,-0.03,62513.0,115900755.0,1.95,18.76,18.4,18.45,18.49,0.66,0.71,26.59,3.44,16257612145.0,16257612145.0,0.0,-0.05,-20.29,-1.96
3507,603170,宝立食品,12.85,-0.16,-0.02,24816.0,31943749.0,1.79,12.98,12.75,12.87,12.87,0.86,0.62,20.0,3.59,5140128500.0,5140128500.0,0.23,0.23,5.59,-8.08
3508,603335,迪生力,6.41,-0.16,-0.01,83681.0,53864813.0,2.18,6.51,6.37,6.5,6.42,0.87,1.95,-33.24,10.61,2744406886.0,2744406886.0,-0.16,-0.16,-20.37,13.85
3509,600803,新奥股份,19.23,-0.16,-0.03,149581.0,289220163.0,2.49,19.65,19.17,19.28,19.26,1.17,0.49,14.25,2.54,59520409608.0,59069304576.0,-0.57,-0.36,10.71,-2.88
3510,600744,华银电力,6.2,-0.16,-0.01,327005.0,202683690.0,1.13,6.24,6.17,6.21,6.21,0.66,1.61,121.84,10.37,12592970499.0,12592970499.0,-0.16,0.16,-14.72,5.44
3511,605001,威奥股份,6.32,-0.16,-0.01,107711.0,68799777.0,3.0,6.48,6.29,6.31,6.33,0.89,2.74,-30.79,0.94,2483039520.0,2483039520.0,0.0,-0.47,4.12,-16.07
3512,301330,熵基科技,25.66,-0.16,-0.04,29369.0,75433820.71,1.36,25.86,25.51,25.71,25.7,0.61,1.43,37.9,1.76,6039120773.0,5251796789.0,0.0,-0.12,-2.36,-21.22
3513,603111,康尼机电,6.26,-0.16,-0.01,46300.0,29050332.0,1.75,6.34,6.23,6.34,6.27,0.66,0.55,15.88,1.36,5396312007.0,5243345927.0,0.16,0.0,5.21,-4.57
3514,000601,韶能股份,6.16,-0.16,-0.01,168209.0,103805238.55,1.3,6.22,6.14,6.2,6.17,0.7,1.6,19.46,1.56,6554763163.0,6456511748.0,0.0,0.0,-7.92,32.47
3515,002889,东方嘉盛,12.14,-0.16,-0.02,21217.0,25775195.4,1.48,12.25,12.07,12.15,12.16,0.83,0.84,11.53,1.72,4584883110.0,3050594486.0,0.17,0.08,5.75,-20.81
3516,002169,智光电气,12.5,-0.16,-0.02,145148.0,181406530.0,1.68,12.58,12.37,12.45,12.52,0.53,1.91,111.6,3.49,9783801175.0,9511549588.0,0.0,0.08,-16.33,8.79
3517,002173,创新医疗,18.37,-0.16,-0.03,163662.0,298379749.76,2.28,18.42,18.0,18.41,18.4,0.67,3.89,-76.72,4.91,8106393546.0,7731290619.0,0.0,0.27,6.18,-14.6
3518,001234,泰慕士,23.23,-0.17,-0.04,9676.0,22455051.0,1.8,23.39,22.97,23.39,23.27,0.74,1.06,54.17,2.73,2522536408.0,2126509045.0,-0.04,0.04,3.84,-13.42
3519,001380,华纬科技,17.92,-0.17,-0.03,21473.0,38516054.95,1.56,18.1,17.82,18.01,17.95,1.13,0.92,20.79,2.4,4853707407.0,4170563981.0,0.06,0.11,9.27,-21.33
3520,600841,动力新科,5.79,-0.17,-0.01,78930.0,45864535.0,1.21,5.84,5.77,5.81,5.8,0.78,0.76,50.54,1.24,8035488129.0,6039111762.0,-0.17,0.0,-14.73,-4.93
3521,300998,宁波方正,30.1,-0.17,-0.05,44421.0,134335434.0,3.48,30.74,29.69,30.02,30.15,0.89,4.13,1527.12,3.28,4128793823.0,3241185458.0,0.2,0.33,11.28,38.65
3522,002404,嘉欣丝绸,5.86,-0.17,-0.01,70073.0,41204424.88,1.36,5.92,5.84,5.85,5.87,0.82,1.54,16.03,1.68,3281902030.0,2670912383.0,0.17,0.0,-7.28,-12.67
3523,000421,南京公用,5.81,-0.17,-0.01,72033.0,41869764.0,1.2,5.85,5.78,5.8,5.82,0.66,1.25,20.24,1.2,3337355415.0,3336148608.0,-0.17,0.0,5.44,-15.18
3524,601678,滨化股份,6.0,-0.17,-0.01,737490.0,439955223.0,2.66,6.05,5.89,6.01,6.01,0.58,3.61,21.03,1.22,14453773656.0,12260017656.0,0.0,0.0,2.21,42.86
3525,000596,古井贡酒,101.0,-0.17,-0.17,47288.0,474395917.44,2.16,101.35,99.16,100.8,101.17,0.78,1.16,12.33,2.14,53388600000.0,41268600000.0,0.27,0.3,20.02,-21.22
3526,000726,鲁  泰Ａ,5.9,-0.17,-0.01,37547.0,22191351.0,0.85,5.94,5.89,5.91,5.91,0.71,0.64,9.5,0.49,4823401081.0,3477085203.0,0.0,-0.17,1.9,-15.35
3527,300405,科隆股份,5.85,-0.17,-0.01,71867.0,42148539.47,1.71,5.91,5.81,5.81,5.86,0.95,3.28,118.97,4.07,1663580125.0,1280116650.0,0.0,0.0,-1.85,-8.31
3528,001207,联科科技,17.51,-0.17,-0.03,24733.0,43076404.2,2.11,17.64,17.27,17.64,17.54,0.45,0.85,16.69,2.2,5307941897.0,5123812831.0,0.11,0.34,0.23,-1.41
3529,600745,*ST闻泰,18.1,-0.17,-0.03,252752.0,457497346.0,1.93,18.25,17.9,18.0,18.13,0.57,1.98,-28.38,0.97,23057033407.0,23057033407.0,0.06,0.06,4.26,-51.45
3530,300279,和晶科技,5.8,-0.17,-0.01,78402.0,45604609.0,1.38,5.86,5.78,5.83,5.81,0.74,1.61,87.65,2.7,2836777042.0,2826560122.0,0.0,0.0,-13.43,-19.67
3531,301219,腾远钴业,43.19,-0.18,-0.08,40809.0,176293558.34,1.29,43.46,42.9,43.14,43.27,0.7,1.49,9.38,1.67,16534485877.0,11801241863.0,0.02,0.07,-24.04,-16.62
3532,000928,中钢国际,5.42,-0.18,-0.01,145990.0,79355819.66,1.47,5.47,5.39,5.44,5.43,0.7,1.02,9.76,0.92,7775773846.0,7775678725.0,0.0,0.0,-4.91,-15.31
3533,301152,天力锂能,22.27,-0.18,-0.04,59742.0,133395604.03,2.78,22.63,22.01,22.04,22.31,0.51,8.4,81.12,2.18,2644339956.0,1583035268.0,0.0,0.23,-11.8,-27.13
3534,002727,一心堂,11.24,-0.18,-0.02,46170.0,52069411.0,1.6,11.37,11.19,11.26,11.26,0.76,1.16,12.81,0.88,6582190365.0,4467428853.0,0.0,0.0,0.63,-11.22
3535,002685,华东重机,5.42,-0.18,-0.01,148553.0,80481353.62,1.29,5.46,5.39,5.45,5.43,0.68,1.47,44.0,3.3,5461683274.0,5461134093.0,0.0,0.0,-18.25,-27.64
3536,002956,西麦食品,16.74,-0.18,-0.03,27899.0,46551812.54,2.09,16.88,16.53,16.85,16.77,0.9,0.89,17.65,3.18,5232013997.0,5231430223.0,0.06,-0.06,-23.87,-15.03
3537,600820,隧道股份,5.44,-0.18,-0.01,217567.0,118866364.0,1.28,5.5,5.43,5.44,5.45,1.09,0.69,15.32,0.54,17103882751.0,17103882751.0,0.0,0.0,0.93,-14.6
3538,603015,弘讯科技,10.9,-0.18,-0.02,29751.0,32472408.0,2.47,11.08,10.81,10.92,10.92,0.65,0.74,87.71,3.18,4405987100.0,4405987100.0,0.0,0.0,-17.86,-12.59
3539,920189,康美特,22.1,-0.18,-0.04,65222.0,144803282.98,4.02,22.7,21.81,22.03,22.14,1.04,7.69,31.61,4.0,3125161000.0,1875569540.0,-0.09,-0.05,171.5,171.5
3540,000920,沃顿科技,11.31,-0.18,-0.02,51266.0,58111502.0,1.94,11.42,11.2,11.29,11.33,0.88,1.08,20.15,2.64,5345344845.0,5345081887.0,-0.09,-0.09,-20.58,-7.97
3541,300335,迪森股份,5.62,-0.18,-0.01,69257.0,38860738.0,1.6,5.65,5.56,5.63,5.63,0.56,1.8,28.55,1.41,2680809621.0,2158982370.0,-0.18,-0.18,4.66,-0.71
3542,920069,普昂医疗,33.22,-0.18,-0.06,2589.0,8582204.14,1.17,33.39,33.0,33.28,33.28,0.54,1.75,16.54,2.21,1757996686.0,490208970.0,-0.33,-0.24,-7.7,85.9
3543,002236,大华股份,16.28,-0.18,-0.03,231438.0,376990703.22,1.23,16.42,16.22,16.41,16.31,0.88,0.97,11.17,1.36,53223586565.0,38927751304.0,0.0,0.0,2.07,-12.33
3544,603611,诺力股份,16.3,-0.18,-0.03,11511.0,18735116.0,1.35,16.38,16.16,16.3,16.33,0.6,0.45,14.8,1.36,4198892893.0,4198892893.0,0.0,0.0,-7.49,-30.99
3545,600726,华电能源,5.34,-0.19,-0.01,509806.0,272478847.0,1.87,5.4,5.3,5.38,5.35,0.76,0.68,35.68,8.02,42225175361.0,39918295351.0,0.0,0.0,-33.99,123.43
3546,605069,正和生态,10.66,-0.19,-0.02,27481.0,29332885.0,1.87,10.77,10.57,10.71,10.68,0.67,1.3,-16.26,3.58,2256698313.0,2256698313.0,0.09,-0.09,-2.2,-27.48
3547,300644,南京聚隆,20.57,-0.19,-0.04,14603.0,30195930.0,1.99,20.85,20.44,20.56,20.61,0.77,1.66,45.88,2.13,2276677438.0,1814543179.0,-0.05,-0.1,-17.69,-43.89
3548,002676,顺威股份,5.2,-0.19,-0.01,65340.0,34090520.4,1.15,5.25,5.19,5.21,5.21,0.69,0.91,28.21,2.73,3744000000.0,3743868617.0,-0.19,0.0,-7.64,-36.82
3549,301293,三博脑科,51.81,-0.19,-0.1,31815.0,164955285.55,1.43,52.26,51.52,51.69,51.91,0.67,1.85,162.94,4.49,10672185796.0,8921993689.0,0.02,0.02,-2.45,-12.16
3550,688528,秦川物联,10.28,-0.19,-0.02,17389.0,17950933.0,3.59,10.57,10.2,10.2,10.3,0.88,1.04,-20.24,3.98,1727040000.0,1727040000.0,-0.39,-0.29,-3.29,-4.55
3551,603334,丰倍生物,31.05,-0.19,-0.06,8824.0,27400801.0,1.29,31.28,30.88,31.0,31.11,0.69,2.77,27.36,2.58,4455675000.0,987908628.0,0.0,-0.06,-24.54,-25.09
3552,603051,鹿山新材,21.14,-0.19,-0.04,28810.0,61053934.0,1.42,21.36,21.06,21.15,21.18,0.77,1.78,38.63,1.98,3442287421.0,3416919421.0,0.33,0.14,3.22,-0.24
3553,300611,美力科技,26.05,-0.19,-0.05,32719.0,85569045.37,1.95,26.44,25.93,26.12,26.1,0.57,2.21,23.6,4.26,5498495414.0,3863292629.0,-0.04,0.08,-1.36,-3.91
3554,301606,绿联科技,57.29,-0.19,-0.11,73043.0,420167924.45,4.76,59.23,56.5,57.96,57.4,1.03,4.43,27.58,6.66,23770182786.0,9452781080.0,0.0,0.21,-8.0,-1.46
3555,920640,富士达,26.34,-0.19,-0.05,26949.0,70611554.95,2.35,26.52,25.9,26.16,26.39,0.78,1.49,61.87,5.26,4944755520.0,4757486180.0,0.11,-0.11,-22.07,-29.7
3556,605050,福然德,10.46,-0.19,-0.02,13365.0,13978988.0,1.43,10.55,10.4,10.43,10.48,0.54,0.27,16.09,1.15,5154993233.0,5154993233.0,0.1,0.1,3.98,-19.97
3557,002759,ST天际,15.93,-0.19,-0.03,125680.0,200107291.22,2.82,16.1,15.65,15.82,15.96,0.65,2.51,17.68,2.27,7987024898.0,7981686611.0,0.0,0.0,-40.14,-65.69
3558,301468,博盈特焊,31.89,-0.19,-0.06,27687.0,88537790.95,2.85,32.43,31.52,31.9,31.95,0.63,2.84,2124.16,2.37,5394130996.0,3109383043.0,0.03,0.06,-36.93,-20.39
3559,603351,威尔药业,25.64,-0.19,-0.05,7070.0,18150625.0,2.1,25.95,25.41,25.69,25.69,0.67,0.52,22.61,1.94,3472659344.0,3472659344.0,-0.04,-0.12,0.2,0.87
3560,001379,腾达科技,16.09,-0.19,-0.03,11127.0,17965332.47,1.55,16.24,15.99,16.15,16.12,0.59,1.65,61.22,2.14,3218000000.0,1082831658.0,-0.06,-0.25,-6.62,-31.42
3561,002466,天齐锂业,45.26,-0.2,-0.09,247235.0,1115796001.41,2.38,45.51,44.43,44.8,45.35,0.54,1.68,9.14,1.6,77535141714.0,66797487598.0,0.02,0.07,-27.58,-18.27
3562,002454,松芝股份,5.1,-0.2,-0.01,86160.0,43975418.28,1.96,5.15,5.05,5.13,5.11,0.98,0.98,18.0,1.12,4483275768.0,4474504564.0,0.2,0.2,-3.77,-16.26
3563,002576,通达动力,14.63,-0.2,-0.03,16589.0,24361376.0,1.71,14.82,14.57,14.71,14.66,0.64,1.02,28.87,1.85,2415413000.0,2370463364.0,0.0,0.0,-8.28,-15.53
3564,603878,武进不锈,5.11,-0.2,-0.01,78269.0,40061021.0,2.93,5.17,5.02,5.14,5.12,0.66,1.39,-29.18,1.13,2867476428.0,2867476428.0,0.0,-0.2,-18.76,-44.52
3565,600120,浙江东方,4.91,-0.2,-0.01,316079.0,155805006.0,1.83,4.99,4.9,4.96,4.92,0.88,0.93,9.56,1.0,16769523126.0,16769523126.0,0.0,0.0,9.84,-19.38
3566,002800,天顺股份,15.07,-0.2,-0.03,24159.0,36592599.4,1.52,15.26,15.03,15.21,15.1,0.61,1.65,-150.61,4.73,2294453720.0,2205838096.0,0.0,-0.2,0.87,-4.38
3567,603108,润达医疗,9.85,-0.2,-0.02,106739.0,105031551.0,1.62,9.95,9.79,9.87,9.87,0.75,1.77,-33.89,1.61,5955347666.0,5955347666.0,0.0,0.0,-5.74,-34.11
3568,001965,招商公路,9.78,-0.2,-0.02,164183.0,159814134.01,1.73,9.82,9.65,9.77,9.8,1.33,0.24,12.76,0.97,66456029022.0,66456029022.0,0.2,0.1,4.38,0.72
3569,600733,北汽蓝谷,4.92,-0.2,-0.01,485977.0,239951480.0,1.62,4.99,4.91,4.91,4.93,0.69,0.8,-8.08,6.32,31326397493.0,29741133243.0,-0.2,0.0,-15.03,-38.73
3570,300288,朗玛信息,10.05,-0.2,-0.02,33282.0,33495892.0,1.39,10.15,10.01,10.14,10.07,0.85,1.29,-340.39,3.16,3396311090.0,2591258493.0,-0.1,0.1,3.72,-25.28
3571,300838,浙江力诺,14.66,-0.2,-0.03,27053.0,39520590.39,1.63,14.76,14.52,14.64,14.69,0.69,2.66,116.55,2.11,2022757480.0,1492496118.0,0.55,0.41,0.96,-3.87
3572,002179,中航光电,34.15,-0.2,-0.07,153386.0,522795452.1,1.46,34.39,33.89,34.25,34.22,1.01,0.73,32.05,2.96,71723411043.0,71592836708.0,-0.06,-0.09,-5.17,-2.12
3573,605007,五洲特纸,14.78,-0.2,-0.03,69072.0,101489196.0,3.71,14.97,14.42,14.79,14.81,1.17,1.46,15.29,1.93,7031289444.0,7014249582.0,0.27,0.48,12.14,10.71
3574,603333,福华尚纬,9.9,-0.2,-0.02,117206.0,115332973.0,2.62,9.94,9.68,9.9,9.92,0.68,1.89,348.55,2.53,7377098424.0,6153123101.0,0.1,0.1,16.33,18.56
3575,601026,道生天合,14.75,-0.2,-0.03,22585.0,33328728.0,1.15,14.85,14.68,14.72,14.78,0.49,2.03,54.4,3.82,9726150000.0,1638513928.0,-0.2,-0.07,-1.73,-25.43
3576,002467,二六三,4.77,-0.21,-0.01,207825.0,99114145.9,1.46,4.82,4.75,4.75,4.78,0.54,1.52,-170.4,4.24,6560523834.0,6526320602.0,0.0,0.0,-7.38,-21.67
3577,603376,大明电子,27.88,-0.21,-0.06,24890.0,69256826.0,1.93,28.16,27.62,27.95,27.94,0.48,7.78,170.85,6.51,11152027880.0,892182304.0,0.14,0.18,4.26,-24.16
3578,000810,创维数字,9.73,-0.21,-0.02,106541.0,103809770.28,1.44,9.82,9.68,9.8,9.75,0.69,0.95,34.52,1.7,11191402984.0,10879679043.0,0.1,0.1,-2.8,-16.84
3579,688569,铁科轨道,18.81,-0.21,-0.04,8428.0,15905611.0,1.8,19.1,18.76,18.96,18.85,0.54,0.4,22.36,1.33,3962640627.0,3962640627.0,0.05,0.16,4.73,-13.32
3580,603293,埃泰克,38.36,-0.21,-0.08,18749.0,71738569.0,1.98,38.59,37.83,37.94,38.44,0.53,5.34,36.77,2.33,6869917641.0,1346302162.0,-0.05,0.03,-4.32,14.54
3581,601608,中信重工,4.79,-0.21,-0.01,254223.0,121773319.0,1.25,4.82,4.76,4.81,4.8,0.92,0.56,52.42,2.38,21936060963.0,21936060963.0,0.21,0.0,-7.88,-26.98
3582,688701,卓锦股份,9.33,-0.21,-0.02,24257.0,22738299.0,3.42,9.58,9.26,9.26,9.35,0.9,1.81,-20.89,11.37,1252807881.0,1252807881.0,-0.21,-0.43,10.02,14.48
3583,603887,城地香江,9.63,-0.21,-0.02,218762.0,210426773.0,1.87,9.7,9.52,9.63,9.65,0.61,3.63,-449.2,1.65,5797543324.0,5797543324.0,0.0,0.0,-9.32,-28.77
3584,000875,电投绿能,4.85,-0.21,-0.01,239192.0,116012621.2,1.23,4.89,4.83,4.85,4.86,0.76,0.72,21.75,1.0,17592262536.0,16210833355.0,0.21,0.0,-19.57,-13.7
3585,600635,大众公用,4.71,-0.21,-0.01,244755.0,115158233.0,1.27,4.74,4.68,4.7,4.72,0.7,1.01,27.86,1.56,13905967319.0,11392508789.0,0.0,-0.21,-0.42,-27.43
3586,000651,格力电器,38.9,-0.21,-0.08,314117.0,1224479114.43,1.28,39.28,38.78,38.98,38.98,0.88,0.57,8.21,1.59,217894683325.0,214451537350.0,-0.03,-0.13,6.49,4.51
3587,600558,大西洋,4.79,-0.21,-0.01,66067.0,31654780.0,1.67,4.83,4.75,4.79,4.8,0.59,0.74,20.02,1.77,4299527140.0,4299527140.0,-0.21,-0.42,-9.62,-19.9
3588,603218,日月股份,9.22,-0.22,-0.02,43248.0,39959196.0,0.76,9.28,9.21,9.26,9.24,0.59,0.42,29.27,0.9,9495184730.0,9486794530.0,-0.11,0.0,-10.75,-28.36
3589,002035,华帝股份,4.61,-0.22,-0.01,71297.0,32904446.0,1.08,4.65,4.6,4.62,4.62,0.49,0.91,11.28,1.02,3907683179.0,3605193645.0,0.0,0.0,-6.49,-23.17
3590,603210,泰鸿万立,13.53,-0.22,-0.03,17235.0,23326021.0,1.33,13.63,13.45,13.51,13.56,0.62,0.74,21.36,2.36,4605612000.0,3148126575.0,0.15,0.07,-7.46,-30.04
3591,601368,绿城水务,4.52,-0.22,-0.01,39199.0,17731045.0,1.32,4.55,4.49,4.53,4.53,0.95,0.44,36.71,0.83,3991038308.0,3991038308.0,0.0,0.0,2.49,-8.32
3592,601609,金田股份,13.31,-0.22,-0.03,491794.0,649525146.0,3.52,13.48,13.01,13.34,13.34,0.9,2.84,26.01,2.26,23008174349.0,23008174349.0,0.0,0.15,6.06,24.86
3593,301314,科瑞思,46.26,-0.22,-0.1,8952.0,41610740.38,5.11,47.2,44.83,46.75,46.36,0.86,5.22,361.01,2.45,2555865000.0,793333372.0,0.04,0.57,-5.67,10.72
3594,601968,宝钢包装,4.63,-0.22,-0.01,72890.0,33801050.0,1.94,4.68,4.59,4.64,4.64,0.78,0.57,20.51,1.3,5906858900.0,5906858900.0,0.0,0.0,4.04,-12.81
3595,000581,威孚高科,18.05,-0.22,-0.04,55621.0,100488067.0,0.94,18.13,17.96,18.1,18.09,0.8,0.7,10.43,0.9,17450481759.0,14329733434.0,0.0,-0.06,5.87,-9.39
3596,002701,奥瑞金,4.54,-0.22,-0.01,203176.0,92379763.05,1.54,4.58,4.51,4.55,4.55,0.54,0.79,7.61,1.15,11621312529.0,11610402750.0,0.0,0.0,-1.3,-22.13
3597,002548,金新农,4.57,-0.22,-0.01,747845.0,341345449.94,4.37,4.69,4.49,4.55,4.58,2.31,9.3,-4.87,4.47,3784753617.0,3676434718.0,-0.22,-0.44,14.25,-24.84
3598,300310,宜通世纪,4.45,-0.22,-0.01,174111.0,77502691.14,1.79,4.49,4.41,4.43,4.46,0.79,2.16,-165.58,2.12,3923380463.0,3589333741.0,0.0,-0.22,-3.47,-24.7
3599,920116,星图测控,45.4,-0.22,-0.1,13990.0,63150470.26,2.11,45.68,44.72,45.26,45.5,0.56,0.63,184.38,17.09,10155299000.0,10155299000.0,0.02,0.15,-31.02,-24.67
3600,000989,九芝堂,8.91,-0.22,-0.02,93131.0,82746671.0,0.9,8.93,8.85,8.89,8.93,0.54,1.27,15.24,2.07,7626443327.0,6542169754.0,0.11,0.22,11.65,5.69
3601,601218,吉鑫科技,4.49,-0.22,-0.01,109534.0,49354718.0,1.33,4.54,4.48,4.51,4.5,0.68,1.13,18.25,1.43,4350960469.0,4350960469.0,0.0,-0.22,-6.07,-10.74
3602,301038,深水规院,17.84,-0.22,-0.04,30916.0,55226560.27,1.96,18.05,17.7,17.8,17.88,0.78,1.39,354.52,4.34,3979747200.0,3979747200.0,0.11,0.06,-4.7,-23.66
3603,002004,华邦健康,4.44,-0.22,-0.01,144799.0,64556475.99,1.12,4.48,4.43,4.44,4.45,0.59,0.77,13.76,0.87,8790841208.0,8370942585.0,-0.45,-0.22,1.6,-1.99
3604,000739,普洛药业,22.3,-0.22,-0.05,149247.0,333103233.59,2.42,22.62,22.08,22.21,22.35,0.97,1.29,24.73,3.93,25833291745.0,25822947823.0,-0.09,0.13,38.77,39.03
3605,603686,福龙马,13.69,-0.22,-0.03,314122.0,425834298.0,3.64,13.85,13.35,13.73,13.72,1.9,7.56,28.28,1.63,5687242231.0,5687242231.0,0.59,0.59,-4.4,-53.72
3606,603197,保隆科技,30.2,-0.23,-0.07,22198.0,67160737.0,1.78,30.46,29.92,30.1,30.27,0.56,1.05,12.25,1.95,6463573935.0,6376794235.0,-0.03,-0.03,6.19,-17.93
3607,300749,顶固集创,25.56,-0.23,-0.06,42813.0,109800822.0,3.9,26.33,25.33,25.97,25.62,1.28,2.72,24.84,7.75,5244129864.0,4023031536.0,0.0,0.27,20.57,111.76
3608,000762,西藏矿业,22.13,-0.23,-0.05,93502.0,205888614.83,2.25,22.18,21.68,22.01,22.18,0.72,1.8,95.94,3.86,11525729781.0,11525317676.0,0.05,0.14,-27.92,-15.76
3609,002921,联诚精密,21.85,-0.23,-0.05,42645.0,93868390.14,3.15,22.49,21.8,22.33,21.9,0.51,3.31,407.7,2.48,3254997275.0,2813321441.0,-0.14,0.0,-5.82,28.38
3610,000593,德龙汇能,21.92,-0.23,-0.05,106564.0,233671721.35,3.96,22.49,21.62,21.98,21.97,0.76,2.97,140.56,8.76,7861191717.0,7857947776.0,0.09,0.09,6.36,95.71
3611,300341,麦克奥迪,12.9,-0.23,-0.03,24965.0,32291787.0,2.01,13.12,12.86,12.93,12.93,0.7,0.48,30.19,3.34,6674593334.0,6653934307.0,0.0,-0.15,-8.51,-20.71
3612,600662,外服控股,4.27,-0.23,-0.01,96175.0,41153929.0,0.93,4.3,4.26,4.28,4.28,0.88,0.42,12.24,1.86,9750302054.0,9721773911.0,0.0,0.0,3.39,-12.32
3613,002304,洋河股份,39.5,-0.23,-0.09,42122.0,165816027.78,1.39,39.74,39.19,39.55,39.59,0.76,0.28,11.44,1.26,59504580423.0,59503193973.0,0.03,0.0,-4.89,-33.36
3614,601369,陕鼓动力,8.53,-0.23,-0.02,77524.0,66437117.0,1.4,8.64,8.52,8.57,8.55,0.86,0.45,22.19,1.64,14701237417.0,14553982321.0,0.0,-0.12,-4.48,-13.49
3615,603666,亿嘉和,25.62,-0.23,-0.06,35640.0,91016401.0,3.66,26.04,25.1,25.71,25.68,0.76,1.73,-20.74,2.57,5265689360.0,5265689360.0,0.27,0.27,-2.44,-13.74
3616,002749,国光股份,8.74,-0.23,-0.02,23284.0,20371925.72,1.37,8.82,8.7,8.75,8.76,0.53,0.43,13.25,2.76,4863561330.0,4757329680.0,0.0,0.11,1.51,-18.24
3617,002145,钛能化学,4.27,-0.23,-0.01,278318.0,119102171.73,0.93,4.3,4.26,4.27,4.28,0.8,0.73,19.36,1.24,16254490221.0,16253645082.0,0.0,0.0,0.47,-12.14
3618,002853,皮阿诺,21.87,-0.23,-0.05,10619.0,23302080.0,2.37,22.22,21.7,22.1,21.92,0.58,0.83,-480.35,4.5,4000371783.0,2814774282.0,0.09,0.18,-5.0,4.34
3619,300150,世纪瑞尔,4.28,-0.23,-0.01,49946.0,21372059.96,1.4,4.3,4.24,4.3,4.29,0.72,1.08,-118.2,1.59,2504253907.0,1984478633.0,0.23,0.23,3.38,-19.09
3620,600422,昆药集团,8.47,-0.24,-0.02,35090.0,29778396.0,0.82,8.52,8.45,8.49,8.49,0.78,0.46,-8.81,1.36,6411584662.0,6411584662.0,0.0,-0.12,1.19,-31.58
3621,600161,天坛生物,12.25,-0.24,-0.03,61197.0,75073372.0,0.98,12.33,12.21,12.29,12.28,0.77,0.31,40.52,2.03,24222800214.0,24222800214.0,0.0,0.0,-4.45,-24.8
3622,600420,国药现代,8.47,-0.24,-0.02,48491.0,41117779.0,0.82,8.52,8.45,8.5,8.49,0.75,0.36,20.61,0.82,11359732701.0,11359732701.0,0.0,0.0,-2.76,-14.44
3623,688096,京源环保,8.17,-0.24,-0.02,77459.0,63480077.0,5.74,8.39,7.92,8.23,8.19,0.73,3.31,547.57,2.3,1909784878.0,1909784878.0,0.0,0.0,-36.12,3.42
3624,002354,天娱数科,8.43,-0.24,-0.02,5113614.0,4321883754.0,3.2,8.62,8.35,8.37,8.45,1.06,31.43,171.26,8.08,13948158463.0,13715557557.0,0.12,0.36,12.1,32.34
3625,300958,建工修复,12.46,-0.24,-0.03,32885.0,41008498.0,1.84,12.6,12.37,12.6,12.49,1.27,3.61,484.78,1.59,1952937774.0,1134475860.0,-0.08,-0.24,5.86,0.4
3626,603799,华友钴业,37.98,-0.24,-0.09,279085.0,1056229039.0,1.55,38.11,37.52,37.83,38.07,0.67,1.48,10.25,1.41,71916175096.0,71691321342.0,0.0,0.08,-24.37,-43.95
3627,300051,琏升科技,8.2,-0.24,-0.02,79530.0,65401473.0,2.07,8.3,8.13,8.26,8.22,0.68,2.16,-34.63,29.14,3050545058.0,3016343678.0,0.0,0.0,-14.41,27.13
3628,001237,惠康科技,50.93,-0.24,-0.12,9914.0,50462427.3,1.55,51.3,50.51,51.3,51.05,0.84,2.84,20.69,2.22,7555538330.0,1775217506.0,0.0,0.06,-15.96,-4.37
3629,920017,星昊医药,16.44,-0.24,-0.04,10562.0,17358096.9,1.4,16.61,16.38,16.61,16.48,0.51,0.86,19.13,1.25,2036792979.0,2015049435.0,-0.12,-0.12,4.98,-6.64
3630,600586,金晶科技,4.12,-0.24,-0.01,91620.0,37855432.0,1.21,4.16,4.11,4.14,4.13,0.66,0.65,-9.31,1.2,5839431324.0,5839431324.0,-0.24,-0.24,-9.85,-26.82
3631,002132,恒星科技,4.18,-0.24,-0.01,395918.0,165667165.0,1.43,4.22,4.16,4.2,4.19,0.63,2.83,34.83,1.63,5858456838.0,5848599198.0,0.0,0.0,-18.68,19.43
3632,002100,天康生物,8.39,-0.24,-0.02,398741.0,335438036.02,2.97,8.53,8.28,8.41,8.41,0.94,2.92,-12.97,1.81,11454460211.0,11454460211.0,0.0,-0.36,32.75,15.09
3633,600222,太龙药业,8.48,-0.24,-0.02,127547.0,108332955.0,3.41,8.69,8.4,8.55,8.5,0.66,2.28,197.1,2.94,4743399792.0,4743399792.0,0.12,0.59,7.34,29.07
3634,688573,信宇人,16.51,-0.24,-0.04,16308.0,26937954.0,1.99,16.7,16.37,16.55,16.55,0.93,3.06,-9.97,5.37,1613924946.0,878599875.0,0.43,0.36,-9.14,-27.56
3635,688459,哈铁科技,8.06,-0.25,-0.02,6147.0,4958672.0,1.11,8.12,8.03,8.07,8.08,0.48,0.13,-591.97,1.14,3868800000.0,3868800000.0,0.0,0.12,1.26,-15.42
3636,603602,纵横通信,11.81,-0.25,-0.03,20457.0,24168691.0,1.86,11.95,11.73,11.85,11.84,0.74,0.89,91.42,2.99,2728789004.0,2728789004.0,0.25,0.17,-7.15,-18.89
3637,300450,先导智能,31.49,-0.25,-0.08,195130.0,614830547.51,1.55,31.67,31.18,31.24,31.57,0.67,1.25,27.57,2.93,52721232957.0,49105944120.0,-0.06,0.0,-23.03,-36.64
3638,600004,白云机场,7.87,-0.25,-0.02,101509.0,80044287.0,1.14,7.93,7.84,7.86,7.89,0.84,0.43,23.78,0.98,20282914986.0,18626072887.0,0.0,0.0,-1.38,-14.27
3639,002641,公元股份,3.92,-0.25,-0.01,72330.0,28331437.2,1.02,3.94,3.9,3.93,3.93,0.84,0.64,157.13,0.88,4818047974.0,4445113510.0,0.26,0.0,-8.62,-8.84
3640,688425,铁建重工,4.04,-0.25,-0.01,117893.0,47717879.0,0.74,4.06,4.03,4.05,4.05,0.75,0.22,21.35,1.16,21547327880.0,21547327880.0,0.0,0.0,-3.81,-19.04
3641,688709,成都华微,24.22,-0.25,-0.06,31693.0,76953423.0,2.18,24.55,24.02,24.4,24.28,0.81,1.43,-63.45,5.45,15424434970.0,5370694199.0,0.12,0.12,-31.1,-47.28
3642,920180,爱得科技,11.88,-0.25,-0.03,4198.0,4953340.5,2.85,12.04,11.7,11.95,11.91,0.51,1.17,27.62,1.82,1403301786.0,427317351.0,0.42,0.42,-8.55,61.19
3643,688692,达梦数据,212.8,-0.25,-0.53,11377.0,240751182.0,2.44,215.0,209.8,213.5,213.33,0.91,1.53,54.51,6.22,24097472000.0,15782249862.0,-0.05,-0.14,-20.67,-18.24
3644,002783,凯龙股份,8.03,-0.25,-0.02,70377.0,56306111.0,2.36,8.09,7.9,8.01,8.05,0.84,1.53,26.02,1.49,4009519099.0,3702766186.0,0.0,0.25,6.78,-15.21
3645,000966,长源电力,4.01,-0.25,-0.01,218415.0,87529904.17,1.0,4.03,3.99,4.02,4.02,0.75,0.63,40.36,1.03,13958950414.0,13958950414.0,0.0,0.0,-15.04,-6.09
3646,002588,史丹利,8.06,-0.25,-0.02,187346.0,152197984.08,2.23,8.21,8.03,8.08,8.08,0.96,2.18,8.53,1.19,9284249359.0,6920610754.0,0.0,-0.12,-7.99,-16.99
3647,600960,渤海汽车,4.03,-0.25,-0.01,76189.0,30741367.0,1.98,4.07,3.99,4.01,4.04,0.94,0.8,-1056.62,1.18,6529542907.0,3830577538.0,0.0,0.0,-1.71,-27.78
3648,301201,诚达药业,35.27,-0.25,-0.09,44221.0,158546875.97,5.29,36.97,35.1,35.3,35.36,0.95,4.07,1186.4,2.6,5456756572.0,3828357602.0,0.03,-0.14,6.94,-12.91
3649,605566,福莱蒽特,28.27,-0.25,-0.07,37431.0,105824335.0,3.74,28.88,27.82,28.27,28.34,0.44,2.81,46.99,1.83,3769521800.0,3769521800.0,-0.04,-0.04,-37.87,-9.94
3650,601568,北元化工,3.8,-0.26,-0.01,158970.0,60630235.0,1.05,3.83,3.79,3.81,3.81,0.95,0.4,103.52,1.34,15094444451.0,15094444451.0,0.0,-0.26,-2.56,3.54
3651,002014,永新股份,11.51,-0.26,-0.03,47148.0,54435516.8,1.82,11.62,11.41,11.57,11.54,1.33,0.77,19.15,3.03,7049781378.0,7027173746.0,0.0,-0.09,6.77,-1.2
3652,002042,华孚时尚,3.91,-0.26,-0.01,206814.0,80740730.32,2.81,3.97,3.86,3.9,3.92,0.52,1.22,18.74,1.09,6649664098.0,6649664098.0,0.0,0.0,7.71,-7.78
3653,300793,佳禾智能,11.55,-0.26,-0.03,35034.0,40448764.0,1.9,11.7,11.48,11.69,11.58,0.59,0.94,1164.72,1.57,4395315840.0,4297620165.0,0.17,0.09,-5.33,-29.18
3654,300771,智莱科技,11.68,-0.26,-0.03,33554.0,39266608.5,1.45,11.79,11.62,11.71,11.71,0.9,1.77,24.7,1.41,2803200000.0,2208422549.0,-0.17,-0.17,4.75,-23.66
3655,600267,海正药业,11.61,-0.26,-0.03,147995.0,171949900.0,0.86,11.67,11.57,11.6,11.64,0.67,1.25,10.76,1.52,13702959035.0,13702959035.0,-0.09,-0.09,18.47,19.81
3656,300730,科创信息,11.54,-0.26,-0.03,32022.0,37034758.32,1.9,11.72,11.5,11.6,11.57,0.77,1.55,-38.07,20.73,2782743448.0,2385956970.0,0.0,0.09,-13.23,-13.75
3657,603227,雪峰科技,7.68,-0.26,-0.02,50444.0,38884274.0,1.56,7.79,7.67,7.78,7.7,0.78,0.47,16.23,1.56,8230599852.0,8230599852.0,-0.13,-0.13,-4.12,-6.0
3658,300876,蒙泰高新,15.47,-0.26,-0.04,22452.0,34766838.12,1.68,15.64,15.38,15.51,15.51,0.44,1.98,-70.43,2.32,2352020960.0,1754341378.0,-0.06,0.19,-10.63,-38.66
3659,603014,威高血净,31.26,-0.26,-0.08,8880.0,27788425.0,1.28,31.46,31.06,31.32,31.34,0.72,0.88,28.42,1.83,13058992103.0,3172417411.0,0.1,0.1,-14.43,-20.4
3660,301272,英华特,34.71,-0.26,-0.09,5551.0,19330776.14,2.1,35.14,34.41,35.05,34.8,0.82,1.4,224.11,2.01,2026941474.0,1377512271.0,0.35,0.09,-5.22,-14.74
3661,300849,锦盛新材,23.0,-0.26,-0.06,21528.0,49288552.5,2.43,23.23,22.67,23.23,23.06,0.54,1.49,-142.74,6.47,3450000000.0,3333562500.0,0.04,0.17,2.09,47.15
3662,002168,ST惠程,3.77,-0.26,-0.01,32706.0,12368773.0,2.65,3.82,3.72,3.8,3.78,0.86,0.42,-66.09,-464.83,2956295897.0,2956295897.0,-0.26,0.0,0.0,-10.24
3663,603693,江苏新能,11.2,-0.27,-0.03,31451.0,35183685.0,0.98,11.25,11.14,11.23,11.23,0.76,0.35,37.8,1.41,9984529856.0,9984529856.0,-0.09,0.0,-22.49,-4.36
3664,001212,中旗新材,33.42,-0.27,-0.09,21208.0,71074997.85,1.49,33.8,33.3,33.66,33.51,0.61,1.17,-1551.85,3.51,6716070634.0,6036535926.0,0.0,0.06,-29.95,-34.08
3665,300705,九典制药,11.03,-0.27,-0.03,31774.0,35041577.84,1.63,11.13,10.95,11.06,11.06,0.57,0.86,17.28,2.16,5518211870.0,4080508307.0,0.09,0.0,4.55,-24.35
3666,000731,四川美丰,7.46,-0.27,-0.02,197559.0,145969148.44,3.88,7.53,7.24,7.36,7.48,0.53,3.6,-38.3,1.08,4094241214.0,4094241214.0,-0.13,-0.13,26.23,14.07
3667,002191,劲嘉股份,3.63,-0.27,-0.01,91031.0,33062687.0,1.37,3.66,3.61,3.66,3.64,1.15,0.65,53.17,0.82,5132743167.0,5091857396.0,0.0,0.28,-4.72,-13.37
3668,920395,朗鸿科技,7.34,-0.27,-0.02,9501.0,6971876.01,4.89,7.6,7.24,7.34,7.36,0.6,0.9,50.21,5.04,1119979067.0,771346096.0,0.55,0.69,-9.38,-34.64
3669,920011,晨光电机,18.59,-0.27,-0.05,7886.0,14603533.39,2.58,18.88,18.4,18.57,18.64,0.61,4.24,26.16,1.78,1536773340.0,345774019.0,0.0,0.43,-19.59,19.94
3670,002350,北京科锐,14.54,-0.27,-0.04,92538.0,133159109.26,3.98,14.78,14.2,14.58,14.58,0.8,1.74,-189.33,4.4,7885497844.0,7714218388.0,0.0,0.41,1.47,79.28
3671,301325,曼恩斯特,29.69,-0.27,-0.08,10808.0,32214533.0,1.81,30.06,29.52,29.76,29.77,0.74,0.75,-25.01,1.64,4272173075.0,4272173075.0,0.13,0.0,-16.88,-41.27
3672,600593,大连圣亚,41.25,-0.27,-0.11,44404.0,183176600.0,1.64,41.6,40.92,41.15,41.36,0.92,3.45,165.93,25.52,5380856250.0,5313000000.0,0.0,-0.02,-0.36,-0.41
3673,000544,中原环保,7.36,-0.27,-0.02,32960.0,24297870.5,1.76,7.45,7.32,7.39,7.38,1.07,0.34,5.5,0.76,7173677832.0,7173677832.0,0.14,0.14,-3.03,-8.57
3674,600594,益佰制药,3.72,-0.27,-0.01,250776.0,93755238.0,2.68,3.78,3.68,3.7,3.73,0.42,3.2,-18.16,1.38,2917945308.0,2917945308.0,0.0,0.27,13.07,-6.53
3675,603858,步长制药,14.81,-0.27,-0.04,32923.0,48835292.0,1.08,14.95,14.79,14.91,14.85,0.66,0.31,15.54,1.55,15618158626.0,15618158626.0,0.0,0.0,-1.53,-4.2
3676,002918,蒙娜丽莎,10.91,-0.27,-0.03,113644.0,124767480.76,2.19,11.14,10.9,10.98,10.94,0.34,5.31,45.21,1.37,4460225251.0,2336976157.0,0.0,-0.09,-5.7,-22.9
3677,600135,乐凯胶片,7.45,-0.27,-0.02,46417.0,34749404.0,1.47,7.56,7.45,7.49,7.47,0.99,0.84,-63.6,1.75,4122137888.0,4122137888.0,-0.27,-0.53,-18.04,-27.81
3678,001336,楚环科技,18.54,-0.27,-0.05,21796.0,40435978.69,2.31,18.75,18.32,18.56,18.59,0.92,3.39,56.72,2.35,1937162097.0,1192097212.0,0.05,0.05,-0.7,-0.96
3679,000676,智度股份,7.08,-0.28,-0.02,450980.0,318134743.63,2.11,7.12,6.97,7.06,7.1,0.58,3.58,31.11,2.07,8919307642.0,8913920591.0,0.14,0.14,27.11,-17.96
3680,600016,民生银行,3.6,-0.28,-0.01,2684168.0,966087449.0,1.66,3.63,3.57,3.62,3.61,0.82,0.76,4.03,0.27,157616706607.0,127663643567.0,0.28,0.0,0.56,-4.76
3681,300926,博俊科技,17.64,-0.28,-0.05,30598.0,54233966.1,2.26,17.9,17.5,17.71,17.69,0.91,1.03,13.46,2.08,7661516144.0,5256598584.0,0.0,0.06,-8.13,-45.82
3682,300610,晨化股份,10.54,-0.28,-0.03,31424.0,33194609.0,1.42,10.63,10.48,10.6,10.57,0.62,1.9,20.1,1.89,2235399931.0,1745188199.0,-0.09,-0.19,0.86,-8.03
3683,600361,创新新材,3.62,-0.28,-0.01,300757.0,108859484.0,1.38,3.64,3.59,3.63,3.63,0.61,0.81,17.06,1.21,13512239745.0,13512239745.0,0.0,0.0,-10.4,-12.77
3684,601966,玲珑轮胎,10.72,-0.28,-0.03,71765.0,76892661.0,1.21,10.79,10.66,10.78,10.75,0.7,0.49,77.33,0.7,15688748762.0,15688748762.0,-0.09,0.0,-9.38,-26.02
3685,300893,松原安全,14.32,-0.28,-0.04,17523.0,25134789.2,1.88,14.47,14.2,14.25,14.36,0.56,0.7,27.27,3.18,6773378129.0,3593196438.0,0.0,-0.14,-28.83,-39.22
3686,600585,海螺水泥,17.83,-0.28,-0.05,237953.0,425303861.0,1.34,17.99,17.75,17.87,17.88,0.88,0.6,18.62,0.49,94089980585.0,70918112585.0,-0.11,-0.11,-1.49,-16.09
3687,000509,华塑控股,3.52,-0.28,-0.01,153292.0,53932796.0,1.7,3.55,3.49,3.55,3.53,0.75,1.43,-106.94,35.72,3777410743.0,3777399324.0,0.28,0.28,-12.66,1.44
3688,002215,诺 普 信,10.59,-0.28,-0.03,257501.0,275116782.35,3.11,10.89,10.56,10.6,10.62,0.79,3.19,6.96,2.32,10635100798.0,8557376305.0,-0.09,-0.19,10.54,2.92
3689,001213,中铁特货,3.53,-0.28,-0.01,45824.0,16168349.0,0.85,3.55,3.52,3.54,3.54,0.62,0.1,38.85,0.82,15688888887.0,15688888887.0,0.0,0.0,-1.12,-12.19
3690,920005,鼎佳精密,24.68,-0.28,-0.07,4295.0,10607912.66,2.34,25.09,24.51,24.65,24.75,0.46,1.12,35.4,3.27,2048440000.0,945533324.0,-0.08,-0.04,-15.39,-38.97
3691,002319,乐通股份,10.59,-0.28,-0.03,76428.0,80873042.5,2.35,10.74,10.49,10.64,10.62,1.03,3.65,165.6,12.29,2218313881.0,2218313881.0,0.0,0.19,-7.83,-12.04
3692,603127,昭衍新药,42.82,-0.28,-0.12,173841.0,745893808.0,2.07,43.39,42.5,42.95,42.94,0.59,2.77,21.46,3.58,32087090780.0,26878829693.0,0.02,0.05,32.16,22.73
3693,002320,海峡股份,7.07,-0.28,-0.02,703109.0,501864568.44,3.53,7.29,7.04,7.1,7.09,1.03,3.14,58.48,3.9,15814418671.0,15814418671.0,0.28,0.14,2.02,-41.71
3694,605378,野马电池,14.36,-0.28,-0.04,13013.0,18722630.0,1.53,14.54,14.32,14.39,14.4,0.97,0.5,-175.49,3.12,3752934304.0,3752934304.0,0.14,0.0,-8.71,-35.69
3695,920873,中设咨询,7.22,-0.28,-0.02,18552.0,13335319.63,2.21,7.28,7.12,7.19,7.24,0.45,1.55,-22.27,4.75,1107454154.0,865002172.0,0.14,0.14,-6.36,-6.72
3696,300725,药石科技,42.61,-0.28,-0.12,101955.0,433813587.04,2.01,42.98,42.12,42.68,42.73,0.73,5.03,50.09,2.19,9962530800.0,8637914199.0,0.07,0.16,33.36,11.6
3697,600528,中铁工业,6.94,-0.29,-0.02,57912.0,40280191.0,0.72,6.98,6.93,6.95,6.96,0.67,0.26,12.54,0.6,15417568021.0,15417568021.0,0.0,0.0,-1.28,-14.22
3698,600579,中化装备,6.95,-0.29,-0.02,27117.0,18895611.0,1.15,7.01,6.93,6.98,6.97,0.75,0.55,-26.15,2.28,3430525275.0,3430525275.0,0.14,0.0,5.14,-16.27
3699,300492,华图山鼎,24.31,-0.29,-0.07,34513.0,84323884.36,2.99,24.76,24.03,24.27,24.38,0.69,1.25,102.82,32.67,6692687912.0,6692687912.0,0.0,0.08,-8.37,-54.14
3700,601200,上海环境,6.94,-0.29,-0.02,51807.0,36061537.0,0.86,6.99,6.93,6.97,6.96,0.88,0.38,15.25,0.79,9342837942.0,9342837942.0,-0.14,-0.29,-2.25,-12.37
3701,601018,宁波港,3.46,-0.29,-0.01,415182.0,143669160.0,1.15,3.48,3.44,3.46,3.47,0.84,0.21,13.23,0.82,67312183861.0,67312183861.0,0.0,-0.29,2.37,-2.26
3702,002149,西部材料,33.9,-0.29,-0.1,107465.0,364675030.94,1.47,34.15,33.65,33.9,34.0,0.71,2.2,184.75,2.5,16550463889.0,16547916304.0,-0.03,0.06,-43.22,-25.35
3703,301185,鸥玛软件,17.41,-0.29,-0.05,12803.0,22389111.0,1.55,17.66,17.39,17.4,17.46,0.52,0.91,42.92,2.46,2671000416.0,2445589020.0,0.06,0.0,5.84,-7.88
3704,600666,奥瑞德,3.49,-0.29,-0.01,465534.0,162641357.0,1.43,3.52,3.47,3.5,3.5,0.55,1.81,-602.44,8.62,9602097705.0,8975741420.0,0.0,-0.29,-19.59,3.87
3705,600011,华能国际,6.84,-0.29,-0.02,571765.0,390071357.0,1.46,6.88,6.78,6.86,6.86,0.93,0.52,8.15,1.66,107374958576.0,75224335846.0,0.15,0.15,-10.59,-3.12
3706,002977,*ST天箭,20.88,-0.29,-0.06,7335.0,15277332.98,1.24,20.98,20.72,20.89,20.94,0.65,1.1,-631.08,2.97,2508105600.0,1392834393.0,0.0,0.24,-8.42,-40.87
3707,301256,华融化学,10.3,-0.29,-0.03,61619.0,63275110.0,2.03,10.39,10.18,10.3,10.33,0.48,1.28,79.82,2.89,4944000000.0,4944000000.0,0.1,0.29,-12.41,-23.65
3708,688317,之江生物,16.88,-0.3,-0.05,8446.0,14305612.0,1.54,17.06,16.8,16.85,16.93,0.63,0.44,-39.48,0.98,3204561859.0,3204561859.0,0.06,0.06,-1.4,-16.31
3709,002550,千红制药,6.54,-0.3,-0.02,67951.0,44517678.92,0.91,6.59,6.53,6.57,6.56,0.57,0.71,27.38,3.06,8369892000.0,6236945432.0,-0.15,0.0,10.1,-15.18
3710,601515,衢州东峰,3.31,-0.3,-0.01,97572.0,32375799.0,1.51,3.34,3.29,3.33,3.32,0.81,0.51,-54.63,1.32,6369997921.0,6369997921.0,0.0,0.0,-11.5,-23.02
3711,688393,安必平,20.22,-0.3,-0.06,14108.0,28455793.0,3.11,20.58,19.95,20.2,20.28,0.8,1.51,1236.73,1.66,1891938874.0,1891938874.0,0.2,0.25,1.2,-14.29
3712,300889,爱克股份,26.9,-0.3,-0.08,82937.0,223481388.82,4.45,27.45,26.25,27.0,26.98,0.61,5.57,-106.29,4.2,5924108452.0,4005059735.0,0.0,-0.15,9.39,29.95
3713,688330,宏力达,36.67,-0.3,-0.11,17280.0,63284347.0,2.47,37.16,36.25,36.9,36.78,0.45,1.23,8.83,1.11,5133800000.0,5133800000.0,-0.22,-0.22,-4.06,2.8
3714,000767,晋控电力,3.37,-0.3,-0.01,439805.0,148347721.42,0.89,3.39,3.36,3.37,3.38,0.67,1.51,43.32,1.71,10369295278.0,9814270489.0,-0.3,0.0,-27.53,20.36
3715,300471,厚普股份,9.88,-0.3,-0.03,40553.0,39943244.6,2.42,9.97,9.73,9.94,9.91,0.64,1.08,27.97,2.81,4645168262.0,3702668172.0,-0.1,-0.1,7.98,-21.59
3716,300797,钢研纳克,13.14,-0.3,-0.04,32245.0,42461728.5,1.44,13.26,13.07,13.11,13.18,0.73,0.84,32.69,3.72,5029048679.0,5015464206.0,0.0,0.23,-3.88,-21.88
3717,600339,中油工程,3.35,-0.3,-0.01,419220.0,140227386.0,2.08,3.38,3.31,3.36,3.36,0.75,0.75,25.59,0.69,18703544028.0,18703544028.0,-0.3,0.0,1.52,0.3
3718,600496,精工钢构,3.33,-0.3,-0.01,240251.0,79890757.0,1.5,3.35,3.3,3.35,3.34,0.7,1.21,9.01,0.73,6627118245.0,6627118245.0,0.0,0.0,-8.01,-15.27
3719,600853,龙建股份,3.37,-0.3,-0.01,71603.0,24168287.0,1.18,3.4,3.36,3.39,3.38,0.76,0.71,23.18,0.94,3416165916.0,3416165916.0,-0.3,0.0,1.2,-21.45
3720,002351,漫步者,10.11,-0.3,-0.03,63460.0,64299410.6,1.08,10.18,10.07,10.14,10.14,0.9,1.2,21.29,3.0,8988871770.0,5332434576.0,0.0,0.1,-1.65,-14.76
3721,601016,节能风电,3.33,-0.3,-0.01,523336.0,174171109.0,1.2,3.35,3.31,3.34,3.34,0.64,0.87,29.9,1.22,21793153615.0,20107406652.0,0.0,0.0,-14.62,12.88
3722,300026,红日药业,3.29,-0.3,-0.01,296009.0,97514515.88,0.91,3.31,3.28,3.29,3.3,0.57,0.99,63.28,1.15,9883669414.0,9874360648.0,-0.3,0.0,7.52,-6.27
3723,002060,广东建工,3.17,-0.31,-0.01,119370.0,37893546.0,0.94,3.19,3.16,3.17,3.18,0.89,0.76,32.82,0.84,11901426577.0,4954151002.0,0.0,0.0,-2.76,-8.38
3724,605116,奥锐特,19.58,-0.31,-0.06,18024.0,35395695.0,1.27,19.76,19.51,19.51,19.64,0.88,0.44,25.05,2.99,7953067722.0,7953067722.0,-0.05,0.05,-1.81,-20.76
3725,300881,盛德鑫泰,31.65,-0.31,-0.1,8479.0,26949306.2,2.3,32.12,31.39,31.77,31.75,0.85,1.48,28.89,2.77,3481500000.0,1816907813.0,0.13,-0.19,-21.83,-6.53
3726,688016,心脉医疗,86.81,-0.31,-0.27,10471.0,91132006.0,0.9,87.5,86.72,87.4,87.08,0.69,0.85,16.6,2.51,10700384377.0,10700384377.0,-0.05,-0.22,-6.61,-4.27
3727,920405,海希通讯,16.0,-0.31,-0.05,4779.0,7612584.71,3.18,16.12,15.61,16.0,16.05,0.59,0.45,43.09,2.55,2183524528.0,1700648624.0,0.31,0.57,23.08,-37.45
3728,002577,雷柏科技,19.24,-0.31,-0.06,26504.0,50928339.0,1.5,19.37,19.08,19.19,19.3,0.5,0.94,181.03,4.6,5400437120.0,5400148520.0,0.21,0.16,5.25,8.03
3729,000668,荣丰控股,21.68,-0.32,-0.07,16921.0,36662371.0,4.32,22.29,21.35,22.29,21.75,0.53,1.15,-65.97,4.33,3183532175.0,3183532175.0,0.0,-0.09,5.96,124.43
3730,002687,乔治白,6.16,-0.32,-0.02,96163.0,59527783.3,2.1,6.27,6.14,6.22,6.18,0.69,2.32,133.5,2.04,3109441665.0,2547878028.0,0.16,-0.16,45.28,29.96
3731,600337,ST美克,3.16,-0.32,-0.01,104410.0,33005606.0,4.1,3.22,3.09,3.16,3.17,0.77,0.73,-4.53,50.12,4540914113.0,4540914113.0,-0.32,0.32,8.97,8.22
3732,300515,三德科技,15.78,-0.32,-0.05,28793.0,45513301.09,1.71,15.98,15.71,15.83,15.83,0.79,1.42,18.53,3.46,3246806010.0,3188787290.0,0.13,0.06,7.2,-18.11
3733,601228,广州港,3.11,-0.32,-0.01,184682.0,57415177.0,1.28,3.13,3.09,3.11,3.12,0.73,0.24,21.1,1.09,23463492502.0,23463492502.0,0.0,0.0,4.36,-3.12
3734,300276,三丰智能,6.3,-0.32,-0.02,176703.0,111977694.28,2.06,6.41,6.28,6.32,6.32,1.05,1.55,282.11,4.96,8826570837.0,7186500531.0,-0.16,0.0,-15.66,-35.05
3735,600587,新华医疗,12.63,-0.32,-0.04,33714.0,42672428.0,0.79,12.71,12.61,12.71,12.67,0.73,0.56,13.43,0.97,7661920654.0,7661920654.0,0.0,0.0,-0.08,-11.68
3736,300529,健帆生物,15.51,-0.32,-0.05,32841.0,51052625.0,0.9,15.63,15.49,15.58,15.56,0.66,0.64,16.21,3.71,12386367815.0,7947356183.0,0.06,0.06,-7.35,-19.09
3737,600875,东方电气,24.99,-0.32,-0.08,261631.0,650697033.0,2.07,25.18,24.66,25.09,25.07,0.71,1.16,15.93,1.87,86424424547.0,56561531209.0,0.04,0.12,-16.06,5.22
3738,002294,信立泰,31.32,-0.32,-0.1,67803.0,211368103.4,1.05,31.35,31.02,31.23,31.42,0.75,0.61,45.1,4.08,34916053876.0,34908198852.0,0.03,0.03,0.06,-36.08
3739,301668,昊创瑞通,34.69,-0.32,-0.11,9810.0,33923175.43,1.98,35.0,34.31,34.89,34.8,0.55,4.03,60.62,3.68,3815900000.0,843958197.0,-0.06,0.0,-1.67,-26.98
3740,600872,中炬高新,18.45,-0.32,-0.06,86283.0,159183432.0,2.76,18.78,18.27,18.5,18.51,0.92,1.12,17.25,2.56,14285715850.0,14224727678.0,-0.05,-0.11,6.16,7.83
3741,603956,威派格,6.07,-0.33,-0.02,142226.0,85797730.0,3.12,6.12,5.93,6.1,6.09,0.84,2.5,-13.29,1.95,3459331156.0,3459331156.0,0.0,0.33,32.24,-6.04
3742,688088,虹软科技,30.08,-0.33,-0.1,43602.0,131608102.0,2.09,30.59,29.96,30.18,30.18,0.86,1.09,78.22,4.4,12067205632.0,12067205632.0,-0.17,-0.1,-15.36,-39.11
3743,603601,再升科技,9.04,-0.33,-0.03,393947.0,354912450.0,1.87,9.09,8.92,9.05,9.07,0.64,3.45,115.15,3.79,10326762378.0,10326762378.0,-0.11,0.22,-33.09,-27.45
3744,301063,海锅股份,18.16,-0.33,-0.06,13648.0,24829473.0,1.59,18.32,18.03,18.2,18.22,0.97,1.41,208.26,1.19,1895190748.0,1755115022.0,0.17,-0.16,-3.56,-25.14
3745,688567,孚能科技,8.99,-0.33,-0.03,77338.0,69784154.0,1.22,9.09,8.98,9.02,9.02,0.61,0.63,-13.84,1.24,10986713926.0,10986713926.0,-0.11,-0.22,-17.67,-42.56
3746,000629,钒钛股份,2.99,-0.33,-0.01,627193.0,187273764.0,1.33,3.01,2.97,3.0,3.0,0.76,0.68,62.73,2.21,27779934057.0,27778428846.0,0.34,0.34,-3.86,-3.55
3747,688262,国芯科技,27.44,-0.33,-0.09,76153.0,210782283.0,2.07,28.0,27.43,27.87,27.53,1.07,2.27,-56.31,4.81,9219837613.0,9219837613.0,0.0,-0.04,-17.67,-9.59
3748,300732,设研院,5.98,-0.33,-0.02,40424.0,24264532.0,1.33,6.04,5.96,6.01,6.0,0.64,1.09,-25.33,0.8,2215949231.0,2214086401.0,-0.17,-0.17,-5.83,-20.27
3749,300617,安靠智电,38.15,-0.34,-0.13,29759.0,113984067.0,1.78,38.74,38.06,38.36,38.28,0.88,2.14,41.36,2.07,6321747382.0,5297994421.0,0.0,0.05,-30.19,19.59
3750,300073,当升科技,38.53,-0.34,-0.13,88607.0,341335819.36,1.22,38.75,38.28,38.5,38.66,0.93,1.75,20.15,1.39,20971635028.0,19494999518.0,0.0,0.1,-22.77,-33.01
3751,000710,贝瑞基因,8.72,-0.34,-0.03,93274.0,81128244.3,1.49,8.76,8.63,8.69,8.75,0.59,2.78,-35.07,2.17,3082707175.0,2925798562.0,0.11,0.23,8.19,-22.76
3752,001205,盛航股份,14.6,-0.34,-0.05,31326.0,45728701.63,1.37,14.7,14.5,14.58,14.65,0.94,1.88,18.91,1.26,2744851684.0,2430671203.0,-0.14,-0.14,5.04,-13.86
3753,603248,锡华科技,17.68,-0.34,-0.06,18805.0,33390410.0,1.69,17.9,17.6,17.74,17.74,0.82,2.63,68.33,3.55,8132800000.0,1264207534.0,0.0,-0.06,-25.15,-18.94
3754,001285,瑞立科密,44.25,-0.34,-0.15,9989.0,44305083.17,1.64,44.75,44.02,44.46,44.4,0.73,2.41,21.53,2.06,7988462191.0,1836232073.0,0.05,0.02,0.82,-23.38
3755,603977,国泰集团,11.76,-0.34,-0.04,61606.0,72520820.0,2.29,11.89,11.62,11.85,11.8,0.76,0.99,37.28,2.13,7305803897.0,7305803897.0,0.0,-0.08,-6.81,-14.6
3756,600461,洪城环境,8.89,-0.34,-0.03,106057.0,94370653.0,0.78,8.94,8.87,8.93,8.92,1.0,0.83,9.82,1.14,11416154059.0,11416154059.0,0.0,-0.11,-1.33,1.02
3757,600398,海澜之家,5.88,-0.34,-0.02,484728.0,287557419.0,1.86,5.98,5.87,5.92,5.9,1.22,1.01,9.49,1.58,28240289340.0,28240289340.0,0.0,-0.17,-1.34,4.26
3758,600559,老白干酒,11.65,-0.34,-0.04,94276.0,109490626.0,1.45,11.72,11.55,11.64,11.69,0.68,1.03,20.37,1.96,10656807723.0,10656807723.0,0.0,-0.09,-4.12,-26.45
3759,601800,中国交建,5.95,-0.34,-0.02,257229.0,153122538.0,1.01,5.99,5.93,5.97,5.97,1.08,0.22,6.63,0.33,96472028360.0,69751094820.0,0.0,-0.17,-4.49,-26.09
3760,301333,诺思格,55.98,-0.34,-0.19,34913.0,195719930.16,4.2,57.36,55.0,55.61,56.17,1.1,3.62,60.8,2.71,5406618711.0,5399745375.0,0.5,0.74,22.25,-5.74
3761,601188,龙江交通,2.94,-0.34,-0.01,105919.0,31100386.0,1.36,2.96,2.92,2.95,2.95,0.73,0.81,18.02,0.84,3838081550.0,3838081550.0,0.0,0.34,-1.67,-15.76
3762,688251,井松智能,20.0,-0.35,-0.07,14158.0,28629729.0,3.04,20.5,19.89,20.03,20.07,0.77,1.42,-21.0,2.48,2012049300.0,1998065800.0,0.3,0.0,-15.43,-31.86
3763,600017,日照港,2.84,-0.35,-0.01,291575.0,82967524.0,1.05,2.86,2.83,2.85,2.85,0.72,0.95,13.13,0.62,8734857042.0,8734857042.0,0.0,0.0,5.58,-4.05
3764,603939,益丰药房,22.82,-0.35,-0.08,73931.0,169617554.0,2.4,23.35,22.8,22.9,22.9,0.7,0.61,14.35,2.33,27666796531.0,27666796531.0,-0.09,-0.17,6.89,7.04
3765,301091,深城交,20.03,-0.35,-0.07,80760.0,162562330.0,3.33,20.48,19.81,20.26,20.1,1.06,1.53,137.0,4.36,10561418400.0,10561418400.0,0.0,0.0,9.99,-25.07
3766,301149,隆华新材,8.51,-0.35,-0.03,78165.0,66600981.44,1.76,8.62,8.47,8.6,8.54,0.69,2.3,17.63,2.16,4757090196.0,2894342593.0,0.0,0.0,-5.23,4.8
3767,920976,视声智能,20.19,-0.35,-0.07,9396.0,19028552.16,2.62,20.53,20.0,20.26,20.26,0.48,2.13,19.01,5.37,1432549146.0,890774724.0,0.0,-0.05,6.83,-23.41
3768,002565,顺灏股份,8.56,-0.35,-0.03,261105.0,223672631.69,1.98,8.68,8.51,8.68,8.59,0.67,2.46,142.96,4.89,9073505172.0,9073216272.0,0.23,0.23,-38.24,-53.3
3769,300956,英力股份,11.34,-0.35,-0.04,33500.0,38134801.33,1.93,11.47,11.25,11.43,11.38,0.71,1.59,-38.31,1.85,2442949664.0,2386530159.0,-0.18,-0.18,-4.63,-31.44
3770,688750,金天钛业,14.44,-0.35,-0.05,17504.0,25288343.0,1.52,14.55,14.33,14.4,14.49,0.57,0.75,101.75,2.69,6678500000.0,3363340627.0,0.07,-0.07,-21.39,-27.62
3771,603213,镇洋发展,13.8,-0.36,-0.05,11438.0,15779429.0,0.94,13.88,13.75,13.87,13.85,0.46,0.26,1116.17,3.4,6139532163.0,6139532163.0,0.07,0.0,-6.44,7.14
3772,301491,汉桑科技,38.7,-0.36,-0.14,6339.0,24545343.93,2.39,39.45,38.52,38.81,38.84,0.72,1.66,46.69,2.3,4992300000.0,1480307508.0,0.16,0.23,-11.7,-30.78
3773,300641,正丹股份,13.97,-0.36,-0.05,31657.0,44293692.35,1.14,14.08,13.92,14.03,14.02,0.57,0.6,15.5,2.31,7341860996.0,7341810704.0,-0.07,0.0,-14.71,-18.54
3774,600008,首创环保,2.79,-0.36,-0.01,650557.0,181591186.0,1.07,2.81,2.78,2.8,2.8,0.76,0.89,12.2,0.98,20480247989.0,20480247989.0,0.36,0.36,-9.42,-3.13
3775,600596,新安股份,10.98,-0.36,-0.04,350323.0,385368206.0,1.72,11.12,10.93,11.06,11.02,0.65,2.6,29.15,1.18,14818575598.0,14818575598.0,0.0,0.09,-23.54,-3.43
3776,002377,国创高新,2.74,-0.36,-0.01,183949.0,50563809.0,1.45,2.77,2.73,2.74,2.75,0.72,2.11,66.1,6.28,2510731051.0,2390507304.0,-0.72,0.0,-2.14,-4.2
3777,300232,洲明科技,5.55,-0.36,-0.02,101068.0,56158325.0,1.44,5.6,5.52,5.59,5.57,0.67,1.14,93.88,1.31,6051192589.0,4930923907.0,0.18,0.0,-5.45,-21.5
3778,000913,钱江摩托,11.16,-0.36,-0.04,32613.0,36498092.26,1.25,11.27,11.13,11.27,11.2,0.75,0.63,29.04,1.13,5874746760.0,5804345853.0,0.0,0.0,-1.76,-24.7
3779,600177,雅戈尔,8.19,-0.36,-0.03,249239.0,203892674.0,1.7,8.26,8.12,8.21,8.22,0.74,0.55,8.92,0.9,37865989177.0,36883189431.0,-0.12,-0.24,9.05,11.89
3780,603871,嘉友国际,13.94,-0.36,-0.05,106857.0,148427256.0,2.14,14.07,13.77,13.89,13.99,0.99,0.78,13.04,3.05,19070040693.0,19070040693.0,-0.36,0.14,14.36,1.38
3781,301585,蓝宇股份,27.86,-0.36,-0.1,8695.0,24422566.1,3.29,28.69,27.77,28.34,27.96,0.74,1.28,62.43,2.92,2897440000.0,1897597144.0,-0.11,-0.07,11.75,-9.28
3782,300454,深信服,134.6,-0.36,-0.48,110795.0,1480007444.12,3.16,135.59,131.32,131.4,135.08,0.62,3.85,125.61,5.25,58087848803.0,38764993555.0,-0.01,0.06,37.68,16.99
3783,600939,重庆建工,2.69,-0.37,-0.01,95843.0,25801405.0,2.22,2.72,2.66,2.72,2.7,0.64,0.5,-10.4,0.75,5117657599.0,5117657599.0,-0.37,0.0,-0.37,-15.14
3784,601919,中远海控,16.0,-0.37,-0.06,853226.0,1373990052.0,2.24,16.26,15.9,16.11,16.06,0.84,0.68,9.1,1.05,244289967440.0,200904591440.0,0.0,-0.12,13.23,8.55
3785,920950,迅安科技,13.61,-0.37,-0.05,1510.0,2055663.34,3.51,13.92,13.44,13.62,13.66,0.42,0.42,23.34,3.18,997885200.0,486150561.0,0.89,0.89,0.37,-23.06
3786,600125,铁龙物流,5.41,-0.37,-0.02,85544.0,46250137.0,1.29,5.45,5.38,5.44,5.43,0.76,0.66,9.17,0.89,7062873338.0,7062873338.0,0.0,-0.18,-0.92,-15.07
3787,002358,森源电气,5.36,-0.37,-0.02,89375.0,47825153.0,1.86,5.41,5.31,5.38,5.38,0.68,0.96,48.36,1.5,4983497397.0,4983490563.0,0.0,0.19,-8.22,-0.74
3788,002300,太阳电缆,8.0,-0.37,-0.03,741548.0,593197179.41,3.11,8.14,7.89,7.95,8.03,1.31,10.27,154.87,3.04,5778669600.0,5778334480.0,0.13,0.25,7.96,-12.38
3789,002526,山东矿机,2.72,-0.37,-0.01,157093.0,42779562.14,1.47,2.74,2.7,2.73,2.73,0.77,0.89,385.97,1.5,4849199234.0,4817757671.0,-0.37,0.0,-6.85,-24.23
3790,002408,齐翔腾达,5.42,-0.37,-0.02,308418.0,170425324.68,5.88,5.73,5.41,5.57,5.44,1.15,1.12,66.19,1.38,15411979846.0,14914492095.0,-0.18,-0.37,11.07,11.07
3791,920072,科莱瑞迪,24.5,-0.37,-0.09,6968.0,17030871.48,1.95,24.78,24.3,24.78,24.59,0.58,4.82,26.64,2.54,1876700000.0,354392500.0,0.49,0.49,56.85,56.85
3792,000650,仁和药业,5.36,-0.37,-0.02,124286.0,66675443.75,0.74,5.39,5.35,5.36,5.38,0.7,0.93,12.85,1.15,7503668934.0,7136228070.0,0.0,0.19,4.08,-2.55
3793,300181,佐力药业,13.4,-0.37,-0.05,74877.0,100516500.99,0.74,13.49,13.39,13.44,13.45,0.61,1.24,12.53,2.83,9398590289.0,8073478815.0,-0.07,-0.07,0.98,-15.24
3794,688162,巨一科技,24.15,-0.37,-0.09,7209.0,17547559.0,2.81,24.78,24.1,24.39,24.24,0.62,0.53,37.71,1.37,3310983716.0,3310983716.0,0.04,-0.12,-3.71,-21.08
3795,600268,国电南自,10.54,-0.38,-0.04,80336.0,84804807.0,1.8,10.67,10.48,10.63,10.58,0.79,0.79,27.61,2.86,10704283944.0,10703322043.0,0.09,0.09,-13.32,2.53
3796,603600,永艺股份,10.36,-0.38,-0.04,49495.0,51287901.0,2.5,10.52,10.26,10.35,10.4,0.73,1.5,12.51,1.54,3423287641.0,3423287641.0,0.0,-0.1,5.39,-10.46
3797,600343,航天动力,18.17,-0.38,-0.07,104610.0,189755394.0,1.43,18.28,18.02,18.25,18.24,0.84,1.64,-101.91,9.35,11596209343.0,11596209343.0,0.06,0.06,-27.55,-62.9
3798,603389,亚振家居,44.0,-0.38,-0.17,18605.0,82493764.0,4.05,45.39,43.6,44.01,44.17,0.75,0.71,-354.79,58.09,11561088000.0,11561088000.0,0.23,0.18,-25.93,-2.57
3799,920185,贝特瑞,21.25,-0.38,-0.08,37877.0,80093938.33,2.44,21.44,20.92,21.22,21.33,0.8,0.34,31.61,1.9,24186545958.0,23788518986.0,0.09,0.28,-20.05,-33.72
3800,603259,药明康德,153.25,-0.38,-0.58,237831.0,3649463414.0,1.94,155.36,152.38,152.93,153.83,0.68,0.96,20.86,5.63,462281666859.0,379030197700.0,0.01,0.06,54.49,73.07
3801,600284,浦东建设,5.2,-0.38,-0.02,91733.0,47844945.0,1.15,5.25,5.19,5.2,5.22,0.52,0.95,19.17,0.63,5045331200.0,5045331200.0,0.19,0.19,-1.89,-37.58
3802,300352,ST信源,2.64,-0.38,-0.01,178398.0,46779002.0,3.02,2.67,2.59,2.66,2.65,0.54,1.39,-17.05,4.05,3827535590.0,3376302323.0,0.0,0.38,0.76,-56.93
3803,002917,金奥博,10.54,-0.38,-0.04,21078.0,22298171.0,1.32,10.64,10.5,10.57,10.58,0.59,0.81,20.72,2.03,3663853636.0,2746162545.0,0.0,-0.38,-10.83,-20.33
3804,300390,天华新能,57.72,-0.38,-0.22,210101.0,1212301906.76,2.83,58.27,56.63,57.9,57.94,0.79,2.95,10.46,3.49,47950935483.0,41067283839.0,0.02,0.0,-39.94,5.69
3805,300687,赛意信息,28.74,-0.38,-0.11,132065.0,379432998.71,2.05,29.02,28.43,28.85,28.85,0.61,3.93,104.76,4.31,11737749671.0,9652732481.0,0.03,0.14,26.55,25.12
3806,002572,索菲亚,7.94,-0.38,-0.03,83917.0,66975332.86,1.38,8.03,7.92,7.96,7.97,0.62,1.15,61.75,1.14,7646594482.0,5790221212.0,0.0,0.13,-7.13,-38.02
3807,002946,新乳业,15.52,-0.39,-0.06,51446.0,80120141.0,1.73,15.72,15.45,15.55,15.58,0.82,0.6,14.37,3.78,13357799974.0,13203093308.0,-0.13,-0.26,-6.51,-14.16
3808,601618,中国中冶,2.54,-0.39,-0.01,654059.0,166582865.0,1.18,2.56,2.53,2.55,2.55,0.74,0.37,11.3,0.51,52556712692.0,45345652692.0,-0.39,-0.39,-5.22,-14.48
3809,300218,安利股份,12.93,-0.39,-0.05,18667.0,24213556.0,1.54,13.07,12.87,13.0,12.98,0.85,0.86,42.11,1.89,2805641910.0,2796453774.0,-0.15,-0.08,0.78,-19.14
3810,300188,国投智能,10.33,-0.39,-0.04,66172.0,68664480.98,1.83,10.49,10.3,10.38,10.37,0.73,0.77,-17.42,3.74,8878400612.0,8837403735.0,-0.19,-0.19,-0.29,-29.3
3811,603257,中国瑞林,71.38,-0.39,-0.28,35652.0,254449672.0,4.54,73.43,70.18,72.42,71.66,1.67,14.32,45.17,3.36,8565600000.0,1777362000.0,0.61,0.0,4.57,21.39
3812,603689,皖天然气,7.72,-0.39,-0.03,28999.0,22398628.0,1.16,7.77,7.68,7.74,7.75,0.56,0.55,9.87,1.09,4059279023.0,4041018290.0,-0.26,-0.13,-0.52,-1.15
3813,600983,惠而浦,7.58,-0.39,-0.03,7079.0,5369157.0,1.18,7.64,7.55,7.64,7.61,0.46,0.09,16.38,2.2,5809607620.0,5809607620.0,0.13,0.13,-5.6,-14.74
3814,301522,上大股份,23.07,-0.39,-0.09,25515.0,59051207.03,1.51,23.35,23.0,23.2,23.16,0.94,0.92,69.79,4.4,8578964008.0,6385353058.0,0.0,0.0,-15.96,-41.0
3815,002997,瑞鹄模具,28.4,-0.39,-0.11,20566.0,58564284.0,1.37,28.76,28.37,28.52,28.51,0.77,0.98,12.34,2.27,5944725630.0,5944725630.0,0.0,0.0,-2.84,-23.14
3816,300069,金利华电,25.34,-0.39,-0.1,47844.0,121340632.0,1.34,25.54,25.2,25.24,25.44,0.77,4.09,174.77,10.65,2964780000.0,2964780000.0,-0.08,0.24,-27.48,46.9
3817,300598,诚迈科技,33.26,-0.39,-0.13,71762.0,238606279.92,1.86,33.52,32.9,33.22,33.39,0.51,3.31,-164.53,5.03,7216812706.0,7215285540.0,-0.03,0.03,7.78,-27.65
3818,688041,海光信息,242.71,-0.39,-0.96,235448.0,5648127324.0,5.29,246.94,234.06,246.0,243.67,1.65,1.01,156.84,22.23,564140098067.0,564140098067.0,0.01,0.1,-13.27,8.27
3819,601868,中国能建,2.47,-0.4,-0.01,1092070.0,270287114.0,0.81,2.49,2.47,2.48,2.48,0.58,0.34,23.98,0.92,109273252610.0,80098957261.0,-0.4,0.0,-5.73,6.47
3820,600477,杭萧钢构,2.47,-0.4,-0.01,221573.0,54965741.0,1.61,2.5,2.46,2.47,2.48,0.39,0.94,35.68,1.16,5826652037.0,5826652037.0,-0.4,0.0,-3.89,-16.27
3821,002465,海格通信,9.96,-0.4,-0.04,337893.0,336989487.0,1.3,10.05,9.92,9.99,10.0,0.92,1.36,-68.22,2.23,24719066122.0,24679755606.0,-0.1,-0.1,-27.19,-36.52
3822,300858,科拓生物,14.77,-0.4,-0.06,30966.0,45863215.0,1.82,14.97,14.7,14.83,14.83,0.99,1.58,77.54,2.17,3891822893.0,2891082045.0,0.07,0.2,-3.84,-11.4
3823,603659,璞泰来,22.36,-0.4,-0.09,161807.0,361677210.0,1.43,22.54,22.22,22.47,22.45,0.82,0.75,16.51,2.24,47943958153.0,47943958153.0,0.0,0.13,-21.1,-17.52
3824,920693,阿为特,25.01,-0.4,-0.1,7104.0,17667486.8,2.87,25.22,24.5,25.1,25.11,0.47,1.94,374.22,5.13,1818227000.0,915616100.0,0.24,0.56,-4.51,-36.35
3825,002590,万安科技,9.99,-0.4,-0.04,54802.0,54911701.0,2.39,10.16,9.92,10.0,10.03,0.63,1.11,29.58,1.67,5185334245.0,4938562414.0,0.0,0.0,-8.85,-33.04
3826,688092,爱科科技,22.69,-0.4,-0.09,5561.0,12621151.0,1.67,22.84,22.46,22.64,22.78,0.66,0.67,128.48,2.88,1875640261.0,1875640261.0,0.31,0.58,-0.83,-9.13
3827,920098,科隆新材,19.7,-0.4,-0.08,21987.0,42691125.28,4.65,20.01,19.09,20.01,19.78,0.6,3.97,33.39,1.7,1602011269.0,1090900581.0,0.05,0.05,-10.09,-35.6
3828,600517,国网英大,5.03,-0.4,-0.02,258029.0,129733066.0,1.78,5.08,4.99,5.08,5.05,1.0,0.45,11.99,1.2,28763731792.0,28763731792.0,0.2,0.0,4.79,-15.03
3829,000927,中国铁物,2.49,-0.4,-0.01,269706.0,67205082.68,1.2,2.51,2.48,2.49,2.5,0.68,0.45,27.95,1.54,15065380566.0,15065372947.0,0.4,0.4,0.81,-3.11
3830,002414,高德红外,12.49,-0.4,-0.05,432508.0,539286408.56,1.75,12.6,12.38,12.55,12.54,0.68,1.27,19.74,6.35,53341493989.0,42448669263.0,0.08,0.08,-4.07,-14.86
3831,301260,格力博,12.11,-0.41,-0.05,20078.0,24331351.4,2.06,12.27,12.02,12.27,12.16,0.6,0.98,-17.75,1.45,5856504796.0,2488673482.0,0.17,0.17,-20.22,-28.97
3832,600027,华电国际,4.82,-0.41,-0.02,840042.0,403473391.0,2.07,4.86,4.76,4.83,4.84,0.88,0.91,9.01,1.12,55968751567.0,44419564716.0,0.21,0.0,-3.21,0.0
3833,000533,顺钠股份,12.0,-0.41,-0.05,664143.0,793779611.82,4.48,12.27,11.73,12.07,12.05,0.97,9.7,80.01,8.12,8289792000.0,8218828800.0,0.08,0.08,12.25,44.06
3834,601059,信达证券,17.05,-0.41,-0.07,79799.0,135816741.0,1.52,17.16,16.9,17.07,17.12,0.71,0.25,25.19,2.59,55293150000.0,55293150000.0,-0.06,-0.06,12.91,-3.51
3835,601033,永兴股份,14.57,-0.41,-0.06,33353.0,48649531.0,1.57,14.75,14.52,14.65,14.63,0.71,1.39,12.55,1.22,13113000000.0,3496800000.0,-0.14,-0.14,5.12,0.48
3836,300053,航宇微,12.07,-0.41,-0.05,90237.0,109122849.27,1.49,12.2,12.02,12.14,12.12,0.82,1.36,-104.54,6.04,8411273079.0,7992950777.0,-0.08,0.08,-28.33,-36.54
3837,002871,伟隆股份,19.59,-0.41,-0.08,60419.0,116639113.4,4.93,19.83,18.86,19.7,19.67,0.82,4.04,50.1,4.43,4933816824.0,2927010916.0,0.0,0.0,-2.05,10.99
3838,300146,汤臣倍健,9.83,-0.41,-0.04,107971.0,105940525.96,1.32,9.9,9.77,9.82,9.87,1.17,0.96,13.79,1.53,16629185215.0,11017647418.0,0.2,0.2,-0.61,-14.97
3839,603665,康隆达,22.13,-0.41,-0.09,29869.0,65792237.0,3.06,22.32,21.64,22.22,22.22,0.68,1.86,41.36,5.45,3544511356.0,3544511356.0,0.32,0.09,-14.98,-30.32
3840,601168,西部矿业,38.63,-0.41,-0.16,270094.0,1038591217.0,1.78,38.77,38.08,38.73,38.79,0.51,1.13,11.04,4.11,92055290000.0,92055290000.0,0.08,0.03,25.79,40.27
3841,601009,南京银行,11.93,-0.42,-0.05,672905.0,798516075.0,2.42,12.03,11.74,11.97,11.98,1.13,0.54,5.4,0.76,147497357233.0,147497357233.0,-0.17,-0.25,2.76,6.42
3842,002793,罗欣药业,4.75,-0.42,-0.02,148549.0,70621031.0,1.26,4.79,4.73,4.74,4.77,0.53,1.37,51.73,4.59,5166045309.0,5158156072.0,-0.21,0.0,13.37,-1.04
3843,603373,安邦护卫,40.53,-0.42,-0.17,11357.0,46252713.0,1.87,41.16,40.4,40.95,40.7,0.83,1.79,47.31,3.25,6101290347.0,2577795180.0,-0.25,-0.05,23.08,50.89
3844,002131,利欧股份,4.79,-0.42,-0.02,4315309.0,2052892227.51,3.33,4.81,4.65,4.76,4.81,0.63,7.37,117.25,2.45,32436819987.0,28044477410.0,0.21,0.21,-9.45,-14.62
3845,300206,理邦仪器,11.74,-0.42,-0.05,34956.0,41141649.0,1.36,11.85,11.69,11.8,11.79,0.62,1.03,16.86,3.08,6805247682.0,3972576093.0,0.0,0.09,-13.04,-5.93
3846,601607,上海医药,16.55,-0.42,-0.07,83163.0,137221652.0,1.5,16.68,16.43,16.6,16.62,0.81,0.3,8.76,0.78,61373387939.0,46161384208.0,-0.06,-0.12,3.5,-4.83
3847,920992,中科美菱,11.9,-0.42,-0.05,5199.0,6170167.32,2.43,12.04,11.75,11.91,11.95,0.5,1.06,58.57,1.84,1151098115.0,583305668.0,0.0,0.0,-6.08,-31.21
3848,002883,*ST中设,9.42,-0.42,-0.04,9194.0,8661985.4,1.69,9.48,9.32,9.45,9.46,1.12,0.6,-90.4,3.2,1471000504.0,1450529073.0,0.0,0.11,7.9,-13.89
3849,002037,保利联合,7.16,-0.42,-0.03,63762.0,45548140.0,2.5,7.24,7.06,7.19,7.19,1.11,1.32,-11.91,3.55,3464606333.0,3464606333.0,0.14,0.14,3.02,-24.63
3850,002285,世联行,2.36,-0.42,-0.01,988620.0,234030459.94,4.64,2.42,2.31,2.31,2.37,0.69,5.0,-69.15,2.18,4703076530.0,4670462139.0,0.43,0.0,-1.67,-17.19
3851,920504,博迅生物,18.96,-0.42,-0.08,5321.0,10103379.88,3.68,19.33,18.63,19.04,19.04,0.79,3.11,59.48,4.01,821595576.0,324062519.0,-0.11,0.05,7.36,-21.1
3852,300760,迈瑞医疗,169.2,-0.42,-0.71,79391.0,1342921937.01,1.85,170.5,167.36,170.0,169.91,0.68,0.66,21.37,5.26,205036463725.0,204844034934.0,0.03,-0.15,12.02,-10.42
3853,603517,ST绝味,11.95,-0.42,-0.05,34172.0,40947119.0,1.08,12.06,11.93,12.04,12.0,0.69,0.56,26.86,1.19,7241723135.0,7241723135.0,-0.17,-0.17,-0.58,-6.35
3854,002180,奔图科技,16.7,-0.42,-0.07,88044.0,146648840.72,2.39,16.91,16.51,16.83,16.77,1.18,0.64,136.01,2.59,23745378014.0,22984922990.0,0.12,0.12,19.71,-17.41
3855,300569,天能重工,4.65,-0.43,-0.02,62392.0,29049937.2,1.07,4.69,4.64,4.67,4.67,0.84,0.61,46.77,0.91,4755676681.0,4741362926.0,0.0,-0.21,-4.52,-18.71
3856,300388,节能国祯,6.94,-0.43,-0.03,35223.0,24480662.0,1.0,6.99,6.92,6.97,6.97,0.71,0.52,11.67,0.97,4726433083.0,4726433083.0,0.14,0.0,-1.84,-12.59
3857,601877,正泰电器,25.76,-0.43,-0.11,166035.0,428727117.0,2.13,26.22,25.67,25.88,25.87,0.82,0.77,8.84,1.2,55357440822.0,55357440822.0,-0.16,-0.12,-5.26,-5.64
3858,600179,安通控股,4.6,-0.43,-0.02,334661.0,154725191.0,1.95,4.68,4.59,4.63,4.62,0.85,0.87,14.83,1.56,19465024103.0,17766481077.0,0.0,0.0,0.88,-16.67
3859,603839,安正时尚,6.92,-0.43,-0.03,54823.0,37886399.0,3.02,7.04,6.83,6.95,6.95,0.44,1.42,17.89,1.55,2678152104.0,2678152104.0,0.29,0.29,5.33,-15.3
3860,000899,赣能股份,9.35,-0.43,-0.04,70391.0,65715268.37,1.28,9.41,9.29,9.39,9.39,0.94,0.72,18.18,1.5,9122587056.0,9122587056.0,0.11,0.11,-26.38,0.21
3861,603191,望变电气,15.73,-0.44,-0.07,174488.0,272004011.0,2.47,15.74,15.35,15.64,15.8,0.88,5.29,144.07,2.02,5496971446.0,5190343771.0,0.19,0.32,-0.13,6.57
3862,600170,上海建工,2.27,-0.44,-0.01,972134.0,220600404.0,1.32,2.29,2.26,2.28,2.28,0.67,1.09,24.69,0.64,20171083219.0,20171083219.0,0.0,0.44,-5.02,-13.36
3863,600332,白云山,20.15,-0.44,-0.09,67121.0,135234549.0,1.04,20.31,20.1,20.24,20.24,0.93,0.48,7.82,0.85,32759687622.0,28328702622.0,-0.05,0.0,-5.13,-20.32
3864,601068,中铝国际,4.53,-0.44,-0.02,67580.0,30664266.0,1.54,4.58,4.51,4.55,4.55,0.64,0.26,63.18,4.36,13530738391.0,11594945722.0,0.0,-0.22,-10.47,-14.37
3865,601890,亚星锚链,9.11,-0.44,-0.04,389152.0,354153788.0,4.04,9.35,8.98,9.15,9.15,1.14,4.06,28.6,2.24,8740134000.0,8740134000.0,0.11,0.22,5.68,-10.95
3866,600312,平高电气,20.29,-0.44,-0.09,244627.0,494567071.0,3.88,20.71,19.92,20.39,20.38,1.5,1.8,16.85,2.32,27531933360.0,27531933360.0,0.0,0.05,10.57,17.9
3867,688602,康鹏科技,6.77,-0.44,-0.03,23248.0,15782980.0,1.76,6.86,6.74,6.86,6.8,0.55,0.45,-43.1,1.31,3516168750.0,3516168750.0,0.15,0.0,-7.26,-22.0
3868,002036,联创电子,6.84,-0.44,-0.03,405051.0,275593854.91,2.04,6.87,6.73,6.78,6.87,0.86,3.84,-10.1,10.75,7233970703.0,7219399581.0,0.0,0.0,-12.98,-37.93
3869,300076,*ST宁视,4.52,-0.44,-0.02,69855.0,31615306.0,2.42,4.58,4.47,4.52,4.54,1.22,1.65,-39.24,2.33,1916480000.0,1916480000.0,0.0,0.22,8.39,-45.54
3870,300474,景嘉微,49.97,-0.44,-0.22,54683.0,273653727.08,1.93,50.73,49.76,50.56,50.19,1.19,1.35,-120.97,3.85,26115282573.0,20311789809.0,-0.02,0.0,-1.88,-30.47
3871,002209,达 意 隆,13.4,-0.45,-0.06,57580.0,77222028.44,1.71,13.54,13.31,13.53,13.46,0.82,3.65,11.49,2.9,2740702670.0,2115173759.0,0.22,0.07,17.54,-16.46
3872,003002,壶化股份,17.6,-0.45,-0.08,131419.0,230237899.09,5.6,18.0,17.01,17.42,17.68,2.63,7.18,35.55,2.0,4273303126.0,3220023400.0,0.11,-0.23,-16.03,-45.29
3873,000567,海德股份,6.69,-0.45,-0.03,284543.0,191293819.38,3.13,6.85,6.64,6.74,6.72,0.54,1.46,4.86,1.88,13076221517.0,13037234933.0,0.0,0.0,18.2,4.21
3874,600273,嘉化能源,6.69,-0.45,-0.03,119569.0,80132457.0,1.04,6.75,6.68,6.73,6.72,0.76,0.91,20.04,0.88,8772658026.0,8772658026.0,-0.15,0.0,-4.02,-21.2
3875,600279,重庆港,4.39,-0.45,-0.02,53288.0,23445427.0,1.36,4.44,4.38,4.42,4.41,0.87,0.45,105.62,0.77,5210342982.0,5210342982.0,0.23,0.0,-0.68,-19.3
3876,603633,徕木股份,6.62,-0.45,-0.03,46863.0,31052748.0,1.95,6.7,6.57,6.65,6.65,0.79,1.1,-23.13,1.65,2825487615.0,2825487615.0,0.15,0.3,-11.85,-34.65
3877,300781,因赛集团,28.89,-0.45,-0.13,67538.0,194768637.13,3.17,29.42,28.5,29.01,29.02,0.82,5.58,130.32,8.52,4743025573.0,3499641690.0,-0.17,-0.28,3.03,-16.94
3878,002334,英威腾,6.71,-0.45,-0.03,128224.0,86081244.76,1.19,6.76,6.68,6.68,6.74,1.09,1.74,209.27,1.8,5502593206.0,4931931151.0,0.15,0.15,-17.26,-25.11
3879,300098,高新兴,4.47,-0.45,-0.02,294936.0,132123511.09,1.56,4.52,4.45,4.46,4.49,0.7,1.91,118.32,2.92,7767886769.0,6891594013.0,0.0,0.0,-9.88,-26.72
3880,920177,恒道科技,24.19,-0.45,-0.11,2623.0,6311380.2,2.18,24.44,23.91,24.44,24.3,0.49,1.42,19.36,1.86,1265620800.0,448204560.0,0.0,0.5,-12.36,10.96
3881,603053,成都燃气,8.83,-0.45,-0.04,15744.0,13883149.0,1.13,8.89,8.79,8.89,8.87,0.62,0.18,15.64,1.61,7848898700.0,7848898700.0,0.11,0.0,1.15,-5.05
3882,600310,广西能源,4.46,-0.45,-0.02,266601.0,119044271.0,1.34,4.49,4.43,4.48,4.48,0.67,1.82,26.32,2.31,6537069820.0,6537069820.0,0.0,0.0,-3.67,17.99
3883,300328,宜安科技,15.6,-0.45,-0.07,379885.0,596126068.6,5.04,16.19,15.4,15.51,15.67,0.59,5.52,-101.74,10.41,10770608160.0,10731046076.0,-0.06,0.0,-13.62,-8.61
3884,301289,国缆检测,44.17,-0.45,-0.2,6770.0,29939190.2,1.58,44.5,43.8,44.36,44.37,0.69,0.87,33.79,3.35,3445260000.0,3423214753.0,0.02,0.11,-7.94,-24.24
3885,688420,美腾科技,22.12,-0.45,-0.1,6869.0,15255693.0,1.98,22.48,22.04,22.24,22.22,1.0,0.78,-52.16,1.39,1956071600.0,1956071600.0,-0.32,-0.45,-2.04,-7.33
3886,300056,中创环保,8.62,-0.46,-0.04,80177.0,68937298.48,2.08,8.68,8.5,8.68,8.66,0.95,2.08,-41.83,73.4,3322927619.0,3320033454.0,0.23,0.35,4.23,4.87
3887,002332,仙琚制药,8.64,-0.46,-0.04,105496.0,91457148.0,1.04,8.72,8.63,8.68,8.68,0.43,1.07,17.47,1.43,8546730042.0,8516570610.0,0.0,-0.12,0.35,-1.93
3888,603520,司太立,8.74,-0.46,-0.04,50667.0,44516735.0,1.59,8.86,8.72,8.78,8.78,0.88,1.16,47.98,1.56,3831702360.0,3831702360.0,0.0,0.0,-6.72,-4.48
3889,600285,羚锐制药,19.52,-0.46,-0.09,48745.0,95248744.0,1.07,19.67,19.46,19.67,19.61,0.81,0.86,11.18,3.43,11070094287.0,11057894287.0,-0.05,-0.05,-6.29,-0.46
3890,600415,小商品城,13.06,-0.46,-0.06,532190.0,687898177.0,2.82,13.1,12.73,13.0,13.12,0.9,0.97,18.09,3.24,71615283492.0,71615283492.0,-0.08,-0.08,20.93,-15.47
3891,688408,中信博,23.75,-0.46,-0.11,35877.0,85499595.0,1.76,24.08,23.66,23.86,23.86,0.61,1.64,-12.76,1.34,5202814793.0,5202814793.0,-0.17,-0.08,-21.72,-43.6
3892,002108,沧州明珠,4.32,-0.46,-0.02,163648.0,70682213.72,1.61,4.36,4.29,4.34,4.34,0.73,0.99,27.07,1.4,7121944250.0,7119352250.0,-0.23,-0.23,-7.89,-8.47
3893,300397,天和防务,10.91,-0.46,-0.05,122441.0,133227596.1,2.55,11.03,10.75,11.0,10.96,0.75,3.0,-203.65,4.01,5647416888.0,4453056312.0,0.09,0.09,-17.91,-26.38
3894,002978,安宁股份,25.96,-0.46,-0.12,19827.0,51455859.0,1.15,26.18,25.88,26.18,26.08,0.97,0.54,17.98,1.36,12252859310.0,9586497326.0,0.0,0.12,-2.44,-20.73
3895,600572,康恩贝,4.37,-0.46,-0.02,340951.0,149359982.0,1.59,4.41,4.34,4.35,4.39,0.74,1.35,14.68,1.57,11093384975.0,11063923078.0,-0.23,-0.23,9.8,1.39
3896,601838,成都银行,19.4,-0.46,-0.09,233501.0,452401939.0,1.44,19.55,19.27,19.47,19.49,1.24,0.55,5.95,0.89,82225645906.0,82225645906.0,-0.26,-0.41,1.31,27.63
3897,301166,优宁维,28.43,-0.46,-0.13,12329.0,35172519.3,1.72,28.86,28.37,28.86,28.56,0.77,2.19,-103.84,1.27,2449769545.0,1604033905.0,0.11,-0.07,4.52,-2.27
3898,688612,威迈斯,38.6,-0.46,-0.18,50041.0,194575502.0,3.51,39.56,38.2,39.5,38.78,0.98,1.95,28.21,4.5,16180483409.0,9908595335.0,-0.16,-0.16,23.92,19.47
3899,001289,龙源电力,15.12,-0.46,-0.07,37685.0,56912161.95,1.25,15.24,15.05,15.22,15.19,0.96,0.07,26.41,1.64,126400420400.0,76234044560.0,0.13,0.0,-13.94,0.93
3900,688238,和元生物,6.46,-0.46,-0.03,95250.0,61696564.0,1.85,6.54,6.42,6.49,6.49,0.58,1.47,-20.67,3.21,4192777082.0,4182417826.0,0.16,0.0,20.75,-3.0
3901,603528,多伦科技,6.33,-0.47,-0.03,73870.0,46779912.0,1.73,6.39,6.28,6.37,6.36,0.89,1.05,-61.62,2.4,4468537729.0,4468537729.0,0.0,0.0,-11.22,-34.54
3902,300375,鹏翎股份,4.2,-0.47,-0.02,79972.0,33738870.0,1.42,4.25,4.19,4.2,4.22,0.69,1.5,93.07,1.54,3209404036.0,2237038982.0,-0.24,-0.24,-2.78,-20.15
3903,603825,ST华扬,8.39,-0.47,-0.04,21690.0,18302610.0,2.49,8.56,8.35,8.49,8.43,0.81,0.86,-8.63,-31.4,2125493671.0,2125493671.0,0.12,0.0,20.55,-7.4
3904,002583,海能达,8.45,-0.47,-0.04,154085.0,130631602.92,2.24,8.6,8.41,8.49,8.49,0.69,1.2,180.36,7.37,15367333769.0,10842513497.0,0.0,0.24,-11.52,-25.35
3905,002460,赣锋锂业,48.86,-0.47,-0.23,235110.0,1145929829.21,1.98,49.06,48.09,48.21,49.09,0.67,1.94,12.03,2.13,102444488579.0,59187502190.0,0.02,0.1,-31.19,-22.12
3906,002893,京能热力,10.54,-0.47,-0.05,133223.0,140178444.54,1.51,10.62,10.46,10.51,10.59,0.52,6.57,11.16,2.1,2778765600.0,2137286634.0,0.0,0.0,5.19,-5.05
3907,603071,物产环能,12.63,-0.47,-0.06,20623.0,26001031.0,1.26,12.72,12.56,12.69,12.69,0.64,0.37,9.74,1.19,7046964602.0,7046964602.0,0.32,0.4,2.52,-0.94
3908,300690,双一科技,23.44,-0.47,-0.11,38059.0,89429923.87,1.7,23.74,23.34,23.48,23.55,0.49,3.41,14.44,2.33,3875778661.0,2615441248.0,-0.04,-0.09,-1.22,-28.45
3909,920206,彩客科技,44.49,-0.47,-0.21,19173.0,85407938.69,8.1,45.9,42.28,44.3,44.7,0.57,6.97,18.52,3.61,3183091639.0,1224591832.0,0.0,0.14,-27.3,46.93
3910,003039,顺控发展,12.79,-0.47,-0.06,117951.0,151154415.91,1.48,12.93,12.74,12.86,12.85,0.63,1.91,31.0,2.73,7898064557.0,7898064557.0,0.0,-0.08,5.7,-18.54
3911,600289,ST信通,4.25,-0.47,-0.02,10920.0,4651619.0,1.41,4.3,4.24,4.28,4.27,0.39,0.19,-11.72,3.18,2681971293.0,2405171407.0,-0.23,0.0,-22.02,-35.99
3912,600961,株冶集团,25.25,-0.47,-0.12,261714.0,659324621.0,2.21,25.43,24.87,25.16,25.37,0.78,3.48,6.95,4.62,27090035751.0,18983263050.0,-0.04,0.16,-0.63,56.83
3913,920101,志高机械,16.93,-0.47,-0.08,2633.0,4459678.76,2.18,17.19,16.82,17.19,17.01,0.57,0.26,21.88,1.95,2112990010.0,1729193225.0,0.18,0.47,-18.13,-40.3
3914,002032,苏 泊 尔,39.83,-0.47,-0.19,18372.0,73294586.48,1.0,40.1,39.7,40.1,40.02,0.8,0.23,18.36,6.31,31860261118.0,31847292629.0,0.1,0.08,-6.35,-3.93
3915,002560,通达股份,6.19,-0.48,-0.03,168348.0,104510286.8,1.61,6.26,6.16,6.26,6.22,0.81,2.66,87.19,1.7,4551331668.0,3920411616.0,-0.16,0.0,-24.7,-13.31
3916,601766,中国中车,6.22,-0.48,-0.03,961442.0,596677060.0,1.6,6.27,6.17,6.23,6.25,0.75,0.4,11.17,1.01,178506934627.0,151318903859.0,-0.16,-0.16,10.28,-7.16
3917,601808,中海油服,12.44,-0.48,-0.06,105604.0,131452473.0,1.92,12.58,12.34,12.51,12.5,0.72,0.36,14.78,1.25,59358604480.0,36828221920.0,0.0,-0.08,-0.56,-9.59
3918,300009,安科生物,8.28,-0.48,-0.04,219653.0,180602353.87,2.04,8.31,8.14,8.25,8.32,0.78,1.78,20.81,3.25,13833401862.0,10191682906.0,0.0,-0.12,6.02,-11.16
3919,600155,华创云信,6.2,-0.48,-0.03,304921.0,190082704.0,2.09,6.31,6.18,6.25,6.23,0.93,1.4,28.36,0.67,13535770399.0,13535770399.0,-0.16,0.0,15.24,-6.34
3920,603209,兴通股份,14.48,-0.48,-0.07,58630.0,84228428.0,3.44,14.69,14.19,14.64,14.55,1.44,1.82,11.04,1.37,4706000000.0,4655198325.0,0.0,0.07,12.16,-3.14
3921,300101,振芯科技,14.43,-0.48,-0.07,56818.0,82227346.06,1.59,14.6,14.37,14.5,14.5,0.88,1.0,-428.14,4.64,8194879251.0,8161454176.0,0.0,0.14,-12.23,-49.24
3922,601096,宏盛华源,4.17,-0.48,-0.02,135406.0,56454378.0,1.43,4.2,4.14,4.19,4.19,0.89,0.82,30.38,2.33,11155396717.0,6851212176.0,0.0,0.24,-9.35,0.97
3923,300217,东方电热,4.18,-0.48,-0.02,146349.0,61354045.1,1.67,4.22,4.15,4.2,4.2,0.76,1.18,75.21,1.46,6177943609.0,5189111306.0,-0.24,0.0,-8.33,-18.99
3924,688622,*ST禾信,99.52,-0.48,-0.48,6434.0,63455875.0,6.28,101.47,95.19,101.2,100.0,0.7,0.91,-180.39,24.67,7012728650.0,7012728650.0,-0.16,-0.44,-17.07,-1.59
3925,600643,爱建集团,4.15,-0.48,-0.02,151789.0,63294320.0,1.44,4.2,4.14,4.18,4.17,0.86,0.95,123.94,0.67,6611658729.0,6599959621.0,0.0,-0.24,2.47,-24.95
3926,002305,*ST南置,2.09,-0.48,-0.01,112429.0,23559753.0,1.43,2.11,2.08,2.09,2.1,0.66,0.65,104.5,14.39,3624510959.0,3624510959.0,-0.48,-0.48,-1.88,-6.28
3927,000848,承德露露,8.38,-0.48,-0.04,104985.0,87849693.12,2.14,8.47,8.29,8.42,8.42,0.54,1.04,14.35,2.65,8547600620.0,8468945940.0,-0.36,-0.24,6.21,4.75
3928,688399,硕世生物,26.8,-0.48,-0.13,12344.0,33166636.0,2.27,27.21,26.6,27.2,26.93,0.96,0.99,85.02,1.13,3326687940.0,3326687940.0,-0.37,-0.04,-23.58,-42.09
3929,002996,顺博合金,6.17,-0.48,-0.03,58004.0,35812916.0,1.45,6.22,6.13,6.19,6.2,0.67,1.27,10.6,1.25,4130425278.0,2828189119.0,0.0,0.0,-3.59,-17.18
3930,003001,中岩大地,16.18,-0.49,-0.08,36859.0,59757959.18,2.09,16.45,16.11,16.27,16.26,0.85,3.22,-70.94,2.44,2824225375.0,1850199212.0,0.0,0.25,2.28,-19.3
3931,920478,峆一药业,10.22,-0.49,-0.05,15150.0,15389621.06,3.89,10.45,10.05,10.35,10.27,0.45,2.26,-222.47,2.23,1126164080.0,684782832.0,0.1,0.0,10.49,-22.28
3932,601158,重庆水务,4.1,-0.49,-0.02,65894.0,26989688.0,1.21,4.13,4.08,4.12,4.12,1.0,0.14,19.88,1.15,19680123488.0,19680123488.0,0.0,0.24,-0.24,-6.18
3933,300983,尤安设计,38.3,-0.49,-0.19,7951.0,30250145.0,2.75,38.68,37.62,38.43,38.49,0.9,0.52,-222.37,2.41,6618240000.0,5852632115.0,0.13,0.92,8.07,42.91
3934,301397,溯联股份,24.4,-0.49,-0.12,27424.0,66654785.9,2.49,24.64,24.03,24.53,24.52,0.64,2.97,70.47,2.51,4932884365.0,2255996330.0,0.0,0.12,3.92,-7.68
3935,688796,百奥赛图,119.3,-0.49,-0.59,14898.0,176303912.0,2.96,120.55,117.0,119.04,119.89,0.49,3.86,110.57,22.02,53314981506.0,4605874511.0,0.08,0.17,33.89,126.81
3936,603960,克来机电,16.26,-0.49,-0.08,52028.0,84522611.0,2.88,16.49,16.02,16.26,16.34,0.71,1.98,-274.82,3.83,4263337854.0,4263337854.0,-0.18,-0.06,-17.13,-18.0
3937,301528,多浦乐,58.49,-0.49,-0.29,15854.0,94010642.61,4.1,60.53,58.12,58.99,58.78,1.47,3.43,123.21,3.31,5249769950.0,2705532917.0,0.19,0.5,-4.46,24.93
3938,600867,通化东宝,7.98,-0.5,-0.04,109671.0,87728495.0,0.75,8.03,7.97,8.02,8.02,0.74,0.56,26.43,2.29,15629171775.0,15629171775.0,-0.13,-0.25,5.7,1.4
3939,601177,杭齿前进,13.91,-0.5,-0.07,53524.0,74726627.0,1.43,14.08,13.88,13.98,13.98,0.55,1.33,17.86,1.89,5671294785.0,5597613515.0,-0.07,-0.07,3.73,-19.5
3940,600459,贵研铂业,19.96,-0.5,-0.1,106164.0,212111601.0,2.04,20.21,19.8,20.01,20.06,0.58,1.4,23.5,1.82,16430617930.0,15163736910.0,-0.15,-0.1,-19.32,8.71
3941,300608,思特奇,10.04,-0.5,-0.05,74638.0,74735711.21,1.98,10.11,9.91,10.01,10.09,1.08,2.45,-17.05,2.42,3494212284.0,3055835222.0,0.0,0.1,-13.45,-9.3
3942,688100,威胜信息,25.84,-0.5,-0.13,22162.0,57314106.0,2.58,26.34,25.67,26.34,25.97,0.73,0.45,31.39,3.53,12705144922.0,12705144922.0,-0.23,-0.08,-15.56,-33.74
3943,300520,科大国创,23.92,-0.5,-0.12,59669.0,142579821.0,2.33,24.25,23.69,24.11,24.04,0.88,2.11,-32.45,4.25,6985381951.0,6750682307.0,-0.04,0.0,-16.8,-31.44
3944,300762,上海瀚讯,27.8,-0.5,-0.14,103412.0,288598695.7,2.08,28.33,27.75,27.99,27.94,0.73,1.65,-86.38,6.13,18079861411.0,17457448462.0,-0.07,-0.07,-24.17,-33.3
3945,300711,广哈通信,18.04,-0.5,-0.09,44116.0,79950665.26,2.76,18.49,17.99,18.38,18.13,0.66,1.78,216.14,3.37,5059022721.0,4481619544.0,-0.11,0.0,0.5,-21.63
3946,688579,地纬智能,8.03,-0.5,-0.04,21330.0,17183128.0,2.23,8.18,8.0,8.12,8.07,0.7,0.53,-58.54,2.33,3212080300.0,3212080300.0,-0.5,0.0,-5.53,-25.16
3947,300250,初灵信息,16.02,-0.5,-0.08,55906.0,89402820.88,2.98,16.38,15.9,16.19,16.1,0.54,3.55,920.73,6.15,3424266654.0,2524620348.0,0.19,0.31,4.09,-33.33
3948,688119,中钢洛耐,3.91,-0.51,-0.02,82323.0,32254235.0,1.53,3.95,3.89,3.94,3.93,0.91,0.73,-25.68,1.61,4398750000.0,4398750000.0,0.0,0.0,-12.33,-30.05
3949,920018,宏远股份,15.53,-0.51,-0.08,10987.0,17103903.82,2.5,15.87,15.48,15.85,15.61,0.51,1.68,21.88,2.66,2570656564.0,1016721348.0,0.0,0.19,-7.12,-25.19
3950,300639,凯普生物,5.87,-0.51,-0.03,71912.0,42246805.16,1.69,5.94,5.84,5.88,5.9,0.67,1.14,60.7,1.0,3794958956.0,3699286597.0,0.34,0.17,10.34,9.11
3951,601500,通用股份,3.94,-0.51,-0.02,116627.0,46118573.0,1.26,3.98,3.93,3.96,3.96,0.71,0.74,22.58,1.04,6237022896.0,6237022896.0,-0.25,-0.25,-1.75,-18.26
3952,603901,永创智能,9.83,-0.51,-0.05,84005.0,83050127.0,2.63,10.05,9.79,9.89,9.88,0.51,1.48,19.34,1.59,5668868569.0,5592278615.0,0.0,0.1,-8.73,-30.38
3953,688253,英诺特,56.8,-0.51,-0.29,9845.0,55916589.0,3.14,57.97,56.18,56.18,57.09,0.56,0.72,125.03,3.84,7780709149.0,7780709149.0,-0.14,-0.04,-0.98,90.99
3954,600873,梅花生物,7.78,-0.51,-0.04,220376.0,171271751.0,1.66,7.85,7.72,7.82,7.82,0.68,0.79,16.48,1.39,21817000037.0,21817000037.0,-0.26,-0.13,-8.69,-19.79
3955,002935,天奥电子,15.7,-0.51,-0.08,30629.0,48157967.4,1.2,15.83,15.64,15.78,15.78,0.72,0.74,358.16,4.12,6622843757.0,6516926863.0,0.06,0.0,-29.12,-29.6
3956,003032,传智教育,9.67,-0.51,-0.05,642881.0,618196115.01,5.66,9.88,9.33,9.5,9.72,0.9,22.6,56.54,3.24,3891667325.0,2750937149.0,0.0,0.1,54.72,51.81
3957,600979,广安爱众,3.94,-0.51,-0.02,141747.0,55838876.0,1.26,3.96,3.91,3.96,3.96,0.71,1.14,30.38,1.17,4930511863.0,4892244637.0,-0.25,0.0,-16.7,-10.25
3958,300241,瑞丰光电,5.83,-0.51,-0.03,119921.0,70088970.01,1.19,5.89,5.82,5.86,5.86,0.74,2.0,38.88,1.78,4178070940.0,3500684668.0,0.0,0.0,-5.2,4.86
3959,000036,华联控股,3.93,-0.51,-0.02,193789.0,76107894.58,1.52,3.97,3.91,3.95,3.95,0.65,1.38,99.58,1.07,5517007589.0,5513716238.0,0.26,0.0,-23.54,-40.45
3960,600930,华电新能,3.89,-0.51,-0.02,703432.0,273835438.0,1.02,3.92,3.88,3.9,3.91,0.84,0.65,21.13,1.46,162268571427.0,41791030246.0,0.0,-0.26,-32.7,-37.56
3961,002875,安奈儿,13.55,-0.51,-0.07,56562.0,77036913.35,1.84,13.75,13.5,13.74,13.62,0.58,2.66,-351.88,4.81,2878163901.0,2878163901.0,0.07,0.07,-17.88,-18.18
3962,300498,温氏股份,15.28,-0.52,-0.08,528234.0,808043253.61,1.89,15.44,15.15,15.36,15.36,0.81,0.89,-11.64,2.9,101672039780.0,90853045926.0,0.0,-0.26,20.03,-8.39
3963,920807,奔朗新材,9.6,-0.52,-0.05,37810.0,36328522.65,4.25,9.8,9.39,9.73,9.65,0.89,3.06,-171.28,1.91,1746048000.0,1186088851.0,0.0,0.0,-14.59,-33.61
3964,301232,飞沃科技,98.58,-0.52,-0.52,26504.0,262159652.4,3.16,100.88,97.75,100.88,99.1,0.75,4.23,871.23,7.42,10379137748.0,6170450570.0,0.06,0.13,-15.74,-18.11
3965,002510,天汽模,5.69,-0.52,-0.03,114264.0,65022992.0,1.4,5.73,5.65,5.68,5.72,0.5,1.13,301.29,2.28,5776139249.0,5775897890.0,0.18,0.18,-9.54,-22.37
3966,300226,上海钢联,17.1,-0.52,-0.09,71267.0,121784150.0,2.62,17.39,16.94,17.39,17.19,0.77,1.94,26.23,2.85,6540163573.0,6287616460.0,0.0,-0.12,1.06,-18.14
3967,603317,天味食品,13.48,-0.52,-0.07,80585.0,108513673.0,2.58,13.69,13.34,13.55,13.55,0.82,0.76,18.8,3.37,14316799483.0,14316799483.0,0.0,0.07,-2.46,12.61
3968,603345,安井食品,76.23,-0.52,-0.4,52723.0,402950405.0,2.09,77.5,75.9,76.62,76.63,0.77,1.8,15.45,1.6,25406615286.0,22357819305.0,-0.09,-0.1,-14.11,-2.08
3969,000728,国元证券,7.72,-0.52,-0.04,315282.0,244016076.33,1.42,7.81,7.7,7.76,7.76,0.84,0.72,9.89,0.87,33688365319.0,33688365319.0,-0.13,0.0,12.37,-6.42
3970,300948,冠中生态,20.91,-0.52,-0.11,20906.0,43753504.9,2.71,21.3,20.73,21.3,21.02,0.65,1.35,-334.09,3.46,3437198241.0,3244315264.0,0.34,0.43,-17.84,-3.6
3971,002439,启明星辰,13.43,-0.52,-0.07,104795.0,140536309.02,1.26,13.5,13.33,13.46,13.5,0.61,1.44,264.23,1.5,16269104753.0,9784542455.0,0.0,-0.07,6.25,-4.89
3972,600456,宝钛股份,26.61,-0.52,-0.14,41682.0,110765045.0,1.57,26.82,26.4,26.75,26.75,1.1,0.87,43.64,1.77,12713660313.0,12713660313.0,0.0,-0.08,-10.7,-32.03
3973,600826,兰生股份,7.67,-0.52,-0.04,28654.0,22016944.0,1.17,7.72,7.63,7.68,7.71,0.57,0.4,159.83,1.32,5554487967.0,5554487967.0,-0.26,-0.13,-21.25,-25.53
3974,688159,有方科技,34.62,-0.52,-0.18,29860.0,103716639.0,2.64,35.32,34.4,34.62,34.8,0.73,3.22,21.54,3.25,3213107126.0,3213107126.0,0.0,0.06,-20.03,-28.38
3975,603606,东方电缆,33.89,-0.53,-0.18,117209.0,397564104.0,1.91,34.3,33.65,34.3,34.07,1.01,1.42,24.75,3.31,27952759658.0,27952759658.0,0.0,0.03,-18.53,-31.34
3976,002151,北斗星通,28.33,-0.53,-0.15,69547.0,197622641.78,1.47,28.68,28.26,28.62,28.48,0.83,1.57,188.04,3.15,15380666165.0,12546556423.0,-0.18,0.04,-16.08,-37.64
3977,600301,华锡有色,44.73,-0.53,-0.24,58994.0,264614882.0,2.47,45.31,44.2,44.95,44.97,0.72,2.14,26.5,5.56,28294743336.0,12315765011.0,-0.18,-0.22,-29.0,17.8
3978,600986,浙文互联,7.52,-0.53,-0.04,569285.0,428495282.0,2.38,7.65,7.47,7.53,7.56,0.7,3.83,-41.94,2.22,11185052946.0,11185052946.0,0.0,0.0,-3.22,-3.84
3979,600233,圆通速递,16.89,-0.53,-0.09,220294.0,370135318.0,2.36,17.06,16.66,16.98,16.98,1.01,0.64,9.11,1.56,57831637638.0,57831637638.0,0.12,0.24,-1.63,4.45
3980,301158,德石股份,15.13,-0.53,-0.08,67067.0,101618657.82,2.63,15.36,14.96,15.2,15.21,0.52,3.53,46.66,2.11,2950579416.0,2877034014.0,-0.26,-0.13,1.68,-11.52
3981,920020,泰凯英,15.0,-0.53,-0.08,3468.0,5194561.07,2.12,15.19,14.87,15.19,15.08,0.43,0.62,16.65,2.85,3374175000.0,834013515.0,0.0,0.2,-0.07,-11.45
3982,300675,建科院,13.24,-0.53,-0.07,18561.0,24570014.0,1.88,13.36,13.11,13.28,13.31,0.67,1.27,-48.81,3.95,1941867108.0,1941867108.0,0.15,0.08,-1.63,-15.24
3983,920258,聚仁新材,11.34,-0.53,-0.06,19830.0,22452749.79,1.67,11.47,11.28,11.45,11.4,0.58,5.51,22.98,4.27,4536000000.0,408240000.0,0.0,0.18,153.13,153.13
3984,603100,川仪股份,18.81,-0.53,-0.1,34011.0,64238910.0,1.96,19.07,18.7,18.97,18.91,0.74,0.66,17.01,1.99,9652787441.0,9622051712.0,-0.05,-0.11,2.96,-16.36
3985,920719,宁新新材,7.46,-0.53,-0.04,10299.0,7678778.55,2.67,7.57,7.37,7.55,7.5,0.55,1.39,-3.45,10.46,694476764.0,554596259.0,0.0,0.0,-28.06,-42.17
3986,002877,智能自控,7.56,-0.53,-0.04,42139.0,31765054.79,1.71,7.61,7.48,7.57,7.6,0.85,1.75,100.13,2.2,2690178334.0,1818290769.0,0.53,0.27,-3.32,-17.47
3987,002569,*ST步森,11.16,-0.53,-0.06,11330.0,12607454.0,2.41,11.3,11.03,11.23,11.22,0.76,0.81,-60.35,52.57,1607151600.0,1562511600.0,0.09,-0.09,-32.12,-10.36
3988,920694,中裕科技,16.71,-0.54,-0.09,6607.0,11083648.0,1.55,16.94,16.68,16.8,16.8,0.41,1.06,12.35,2.35,2197523444.0,1043819944.0,-0.54,0.0,9.43,-13.19
3989,603387,基蛋生物,9.22,-0.54,-0.05,52226.0,48152670.0,2.37,9.39,9.17,9.22,9.27,0.71,1.03,12.69,1.59,4675955427.0,4675955427.0,-0.11,-0.11,15.39,12.17
3990,688712,北芯生命,31.07,-0.54,-0.17,11501.0,35771442.0,1.38,31.34,30.91,31.19,31.24,0.68,2.52,69.68,7.11,12956190000.0,1416792000.0,0.0,-0.1,-16.03,77.34
3991,301109,军信股份,12.9,-0.54,-0.07,37120.0,47850502.41,1.23,13.0,12.84,12.94,12.97,0.79,0.59,11.9,1.37,10179400862.0,8053325623.0,0.0,0.0,-2.57,-10.17
3992,301518,长华化学,24.14,-0.54,-0.13,13091.0,31801225.81,2.55,24.64,24.02,24.29,24.27,0.58,2.23,-42.76,2.18,3511634092.0,1417972471.0,0.04,0.08,-18.83,-31.61
3993,002612,朗姿股份,16.69,-0.54,-0.09,73778.0,123209977.55,2.32,16.9,16.51,16.7,16.78,0.5,2.82,33.18,2.63,7384413309.0,4362085499.0,0.18,0.24,38.51,-13.25
3994,300772,运达股份,9.21,-0.54,-0.05,127053.0,117217952.34,0.97,9.28,9.19,9.26,9.26,0.69,1.82,-14.55,1.14,7246867363.0,6428263379.0,0.0,0.11,-26.26,-51.53
3995,300697,电工合金,14.6,-0.54,-0.08,68492.0,99769930.0,1.91,14.68,14.4,14.66,14.68,0.51,2.07,26.91,4.86,6316544000.0,4836104000.0,-0.07,0.14,-11.78,-12.15
3996,002868,绿康生化,25.69,-0.54,-0.14,116837.0,298884135.92,7.63,26.87,24.9,25.7,25.83,1.88,10.88,272.87,56.27,3992632853.0,2759959447.0,-1.98,-1.98,-2.28,-23.79
3997,603776,永安行,20.11,-0.54,-0.11,21663.0,43372289.0,2.77,20.36,19.8,20.31,20.22,1.02,0.77,-183.88,1.65,5646095103.0,5646095103.0,0.0,0.2,-0.45,12.47
3998,002908,德生科技,7.35,-0.54,-0.04,56502.0,41571322.62,1.76,7.44,7.31,7.35,7.39,0.95,1.74,-60.24,3.0,3171025847.0,2390573653.0,0.0,0.0,3.81,-29.87
3999,002608,江苏国信,7.34,-0.54,-0.04,177989.0,130413080.0,1.76,7.39,7.26,7.32,7.38,1.02,0.47,7.62,0.74,27731105027.0,27731105027.0,0.0,0.0,-14.95,1.1
4000,600651,飞乐音响,5.52,-0.54,-0.03,114124.0,63280901.0,1.44,5.59,5.51,5.53,5.55,0.74,0.46,3890.18,5.5,13838794643.0,13838794643.0,-0.18,0.18,-10.39,-24.28
4001,300595,欧普康视,10.98,-0.54,-0.06,59572.0,65432648.92,1.72,11.1,10.91,11.08,11.04,0.75,0.89,21.17,1.95,9820035556.0,7340072465.0,0.0,0.09,-2.92,-24.59
4002,600031,三一重工,19.89,-0.55,-0.11,436136.0,866928170.0,1.7,20.1,19.76,19.99,20.0,0.54,0.51,16.07,1.99,182888638252.0,168555617836.0,0.1,0.0,6.19,-5.06
4003,603811,诚意药业,7.17,-0.55,-0.04,39437.0,28332658.0,1.25,7.25,7.16,7.21,7.21,0.81,0.86,17.32,2.31,3285480764.0,3285480764.0,0.0,0.0,-1.92,-1.65
4004,603676,卫信康,9.03,-0.55,-0.05,12005.0,10832705.0,1.32,9.11,8.99,9.03,9.08,0.64,0.28,13.75,2.55,3929508345.0,3929508345.0,0.11,0.0,2.73,-12.67
4005,600018,上港集团,5.4,-0.55,-0.03,598876.0,324406788.0,1.66,5.47,5.38,5.41,5.43,0.66,0.26,7.38,0.86,125711786722.0,125702929501.0,0.19,0.0,10.2,3.25
4006,000697,炼石航空,9.12,-0.55,-0.05,75699.0,68446565.0,2.51,9.17,8.94,9.08,9.17,0.65,1.16,-125.3,3.91,12732325296.0,5956339014.0,0.0,0.0,-14.85,5.43
4007,601658,邮储银行,5.39,-0.55,-0.03,2669703.0,1434723829.0,2.58,5.46,5.32,5.43,5.42,0.73,0.37,6.28,0.62,647312338322.0,390924845261.0,0.19,0.0,5.69,3.06
4008,688626,翔宇医疗,39.86,-0.55,-0.22,17626.0,70266863.0,1.87,40.3,39.55,40.0,40.08,1.09,1.1,80.41,3.04,6377600000.0,6377600000.0,0.13,0.1,-16.45,-33.92
4009,600578,京能电力,5.38,-0.55,-0.03,411498.0,221332959.0,1.48,5.43,5.35,5.42,5.41,0.86,0.61,9.05,1.44,36017061061.0,36017061061.0,-0.19,0.0,-26.5,9.13
4010,603237,五芳斋,16.14,-0.55,-0.09,38672.0,62601880.0,2.16,16.4,16.05,16.15,16.23,0.61,2.04,7.91,1.77,3163629258.0,3063483786.0,-0.06,0.06,5.15,-0.31
4011,688269,凯立新材,26.85,-0.56,-0.15,15246.0,41133027.0,2.07,27.31,26.75,27.01,27.0,0.95,1.17,32.82,3.29,3509402400.0,3509402400.0,0.22,0.11,-19.85,-32.38
4012,688196,卓越新能,35.38,-0.56,-0.2,15121.0,53432585.0,3.68,36.18,34.87,35.5,35.58,0.62,1.19,139.92,1.45,4500010327.0,4500010327.0,0.11,0.0,-10.13,-39.42
4013,002861,瀛通通讯,15.86,-0.56,-0.09,40080.0,63963607.0,2.82,16.23,15.78,16.02,15.95,0.77,2.82,-25.97,2.95,2954463637.0,2252186660.0,-0.25,-0.25,-10.85,-10.85
4014,603238,诺邦股份,12.37,-0.56,-0.07,20678.0,25597079.0,1.61,12.47,12.27,12.43,12.44,0.68,1.16,20.76,1.5,2195786330.0,2195786330.0,0.24,-0.08,-2.06,-28.58
4015,605228,神通科技,10.65,-0.56,-0.06,31752.0,33976882.0,1.31,10.77,10.63,10.72,10.71,0.6,0.67,27.61,2.23,5108329147.0,5081491147.0,-0.19,-0.09,-21.11,-28.14
4016,002401,中远海科,12.37,-0.56,-0.07,29782.0,36894717.36,1.77,12.52,12.3,12.4,12.44,1.0,0.8,142.48,2.77,4597538603.0,4594199259.0,0.24,0.24,-2.6,-22.2
4017,000859,国风新材,8.9,-0.56,-0.05,206876.0,184582801.13,1.23,8.99,8.88,8.95,8.95,0.58,2.31,-125.35,2.97,7974188812.0,7973694862.0,0.0,0.11,-17.29,-12.06
4018,300871,回盛生物,23.04,-0.56,-0.13,43004.0,99702819.0,2.93,23.66,22.98,23.3,23.17,0.88,2.13,11.3,2.06,4649111585.0,4649111585.0,0.04,0.13,4.63,12.23
4019,301215,中汽股份,5.33,-0.56,-0.03,76376.0,40935530.44,1.49,5.4,5.32,5.4,5.36,1.03,0.58,26.94,2.37,7056387000.0,7048392000.0,0.0,0.0,2.5,-21.5
4020,002410,广联达,8.81,-0.56,-0.05,246834.0,219056786.0,2.03,8.98,8.8,8.85,8.86,0.98,1.55,36.32,2.48,14553629653.0,13991150287.0,-0.11,0.0,-1.56,-28.66
4021,688387,信科移动-U,12.43,-0.56,-0.07,396259.0,493461615.0,4.0,12.76,12.26,12.6,12.5,1.0,1.96,-620.86,7.14,42495062500.0,25068540596.0,0.08,0.08,-21.68,-3.64
4022,600976,健民集团,27.89,-0.57,-0.16,12045.0,33665913.0,0.89,28.08,27.83,27.93,28.05,0.46,0.79,12.07,1.59,4278286954.0,4275497954.0,0.22,0.14,5.44,-14.63
4023,600231,凌钢股份,1.74,-0.57,-0.01,165626.0,28637620.0,2.86,1.76,1.71,1.75,1.75,1.06,0.58,-3.09,1.53,4997390283.0,4935307083.0,0.58,0.58,-7.94,-18.69
4024,600505,西昌电力,10.54,-0.57,-0.06,36377.0,38363047.0,1.51,10.65,10.49,10.65,10.6,0.73,1.0,292.43,3.13,3842541450.0,3842541450.0,0.19,0.09,-27.96,-19.23
4025,688613,奥精医疗,15.7,-0.57,-0.09,24865.0,39100918.0,2.03,15.9,15.58,15.8,15.79,0.49,1.81,390.45,1.5,2151034769.0,2151034769.0,0.0,0.0,-1.88,-22.58
4026,601127,赛力斯,49.24,-0.57,-0.28,138038.0,681411416.0,2.04,50.12,49.11,49.5,49.52,0.76,0.89,-24.98,2.29,85775345635.0,76676695022.0,0.14,0.16,-28.29,-59.02
4027,601686,友发集团,5.21,-0.57,-0.03,34007.0,17693571.0,1.34,5.25,5.18,5.24,5.24,0.62,0.23,13.84,1.12,7707399568.0,7707399568.0,0.19,0.0,1.17,-13.02
4028,605368,蓝天燃气,6.94,-0.57,-0.04,39540.0,27390649.0,1.43,6.99,6.89,6.95,6.98,0.62,0.55,15.61,1.46,4959573250.0,4959573250.0,0.0,0.14,-1.56,-10.1
4029,300645,正元智慧,13.85,-0.57,-0.08,26786.0,37226693.0,1.51,14.03,13.82,13.9,13.93,0.6,1.92,-58.27,1.87,1968175233.0,1929588149.0,-0.29,-0.22,3.98,-25.98
4030,920523,德瑞锂电,15.43,-0.58,-0.09,6557.0,10093625.64,2.84,15.68,15.24,15.53,15.52,0.51,0.81,16.13,2.15,1563080124.0,1241921739.0,0.33,0.65,-15.59,-39.96
4031,600516,方大炭素,5.18,-0.58,-0.03,280027.0,145142927.0,0.96,5.21,5.16,5.19,5.21,0.56,0.7,61.0,1.26,20854526506.0,20854526506.0,0.0,0.0,-8.96,-8.8
4032,920304,迪尔化工,10.25,-0.58,-0.06,42413.0,43867058.03,4.36,10.61,10.16,10.21,10.31,0.44,3.13,52.67,3.29,1737764500.0,1388155942.0,-0.58,-0.39,-0.58,-24.07
4033,300284,苏交科,5.17,-0.58,-0.03,110463.0,57314418.0,1.54,5.24,5.16,5.21,5.2,0.98,0.92,41.01,0.79,6528819592.0,6195116477.0,0.0,-0.19,-11.93,-33.63
4034,301258,富士莱,25.7,-0.58,-0.15,5969.0,15419032.0,2.21,26.19,25.62,26.19,25.85,0.72,0.65,-80.59,1.29,2355919000.0,2342195200.0,0.0,-0.43,2.68,-20.41
4035,300659,中孚信息,10.27,-0.58,-0.06,28607.0,29453054.4,2.03,10.42,10.21,10.32,10.33,0.67,1.57,-11.16,2.37,2674229722.0,1872857843.0,0.0,0.0,-1.72,-33.14
4036,920158,长江能科,8.6,-0.58,-0.05,21703.0,18633835.64,3.58,8.8,8.49,8.8,8.65,0.43,4.06,617.81,3.34,1716663200.0,459198376.0,-0.23,-0.23,-13.39,-19.85
4037,603288,海天味业,34.2,-0.58,-0.2,133605.0,456083683.0,2.12,34.63,33.9,34.39,34.4,0.88,0.24,23.88,5.12,200105740505.0,190145866025.0,-0.15,-0.09,-1.53,-4.79
4038,300896,爱美客,92.96,-0.58,-0.54,19359.0,179779246.49,1.63,93.89,92.37,93.49,93.5,0.85,0.88,23.7,3.7,28128957991.0,20545303594.0,0.03,0.04,-0.33,-33.57
4039,000010,*ST美丽,1.71,-0.58,-0.01,190487.0,32750469.0,3.49,1.76,1.7,1.7,1.72,0.78,2.08,-57.78,7.86,1965905419.0,1569133090.0,0.59,0.59,-22.62,-51.56
4040,002673,西部证券,6.9,-0.58,-0.04,315265.0,218288286.25,1.59,7.0,6.89,6.91,6.94,0.89,0.71,14.9,1.02,30840113765.0,30840113765.0,-0.14,0.0,6.81,-11.54
4041,600302,ST标准,6.89,-0.58,-0.04,74479.0,51262169.0,5.05,7.07,6.72,6.88,6.93,1.93,2.15,-29.61,5.1,2384007550.0,2384007550.0,0.44,0.73,-36.09,-34.32
4042,300979,华利集团,32.67,-0.58,-0.19,21991.0,71685429.7,2.56,33.15,32.31,32.86,32.86,1.01,0.19,20.01,2.47,38125890000.0,38125890000.0,0.4,-0.09,-2.83,-33.48
4043,600848,上海临港,8.6,-0.58,-0.05,68472.0,58973277.0,1.62,8.7,8.56,8.61,8.65,0.8,0.29,19.38,1.3,21693388234.0,20587645548.0,0.0,-0.12,8.04,-25.22
4044,601238,广汽集团,5.14,-0.58,-0.03,200533.0,103268280.0,1.35,5.19,5.12,5.17,5.17,0.52,0.27,-5.87,0.52,52412918726.0,37952205638.0,-0.19,0.0,-12.59,-37.01
4045,301052,果麦文化,25.43,-0.59,-0.15,50515.0,128133776.71,3.28,25.84,25.0,25.5,25.58,0.54,6.3,-30.92,3.86,2516535991.0,2040497961.0,-0.04,-0.04,-0.86,-33.38
4046,002955,鸿合科技,38.7,-0.59,-0.23,68228.0,262634878.1,5.55,39.77,37.61,39.58,38.93,0.88,3.32,404.25,2.86,9157964594.0,7958907169.0,0.08,0.03,19.7,27.85
4047,000411,英特集团,10.16,-0.59,-0.06,35664.0,36205680.35,1.27,10.23,10.1,10.19,10.22,0.81,0.63,14.7,1.04,5738867323.0,5727557110.0,0.1,0.0,11.16,-18.06
4048,002737,葵花药业,11.76,-0.59,-0.07,40854.0,48032974.96,1.44,11.88,11.71,11.88,11.83,0.42,0.7,43.21,1.75,6867840000.0,6867730632.0,0.0,0.09,-3.92,-19.29
4049,300951,博硕科技,80.4,-0.59,-0.48,54283.0,437176514.9,4.77,82.32,78.46,81.0,80.88,1.08,3.59,-214.44,6.29,13619807999.0,12171789527.0,0.0,0.16,87.15,138.22
4050,600525,长园集团,5.07,-0.59,-0.03,186593.0,94739207.0,1.57,5.13,5.05,5.08,5.1,0.9,1.41,91.0,2.36,6686215371.0,6686215371.0,0.0,0.0,1.6,43.63
4051,600021,上海电力,13.39,-0.59,-0.08,170999.0,229066060.0,1.19,13.52,13.36,13.46,13.47,0.65,0.61,18.87,1.89,37784917029.0,37784917029.0,-0.07,0.0,-20.44,-31.86
4052,000507,珠海港,5.04,-0.59,-0.03,74598.0,37595502.44,1.18,5.08,5.02,5.06,5.07,0.86,0.83,14.26,0.54,4635463871.0,4547866453.0,0.2,0.0,5.44,-2.33
4053,000807,云铝股份,26.79,-0.59,-0.16,381525.0,1019311630.99,1.45,26.94,26.55,26.82,26.95,0.56,1.1,6.05,2.43,92906578880.0,92905584864.0,0.04,0.07,-4.66,-17.47
4054,688581,安杰思,50.76,-0.59,-0.3,3314.0,16852509.0,1.1,51.26,50.7,50.98,51.06,1.01,0.8,17.35,1.61,4098395699.0,2090209391.0,0.0,-0.04,-6.16,-11.86
4055,600860,京城股份,8.44,-0.59,-0.05,41909.0,35384285.0,2.36,8.56,8.36,8.52,8.49,0.8,0.94,-36.89,5.82,4620781739.0,3747704251.0,0.12,-0.12,-4.63,-32.7
4056,603906,龙蟠科技,18.59,-0.59,-0.11,148798.0,276327316.0,2.78,18.9,18.38,18.65,18.7,0.83,2.64,17.49,2.84,14706770333.0,10466104991.0,-0.05,-0.05,-23.56,-7.1
4057,000498,山东路桥,4.94,-0.6,-0.03,77934.0,38623957.99,1.01,4.98,4.93,4.98,4.97,0.8,0.54,5.25,0.43,7669063599.0,7159778028.0,0.0,-0.2,1.23,-15.41
4058,300003,乐普医疗,11.67,-0.6,-0.07,138443.0,161412489.01,1.45,11.78,11.61,11.76,11.74,1.06,0.88,21.54,1.31,21512766436.0,18425903670.0,-0.09,0.0,0.69,-25.43
4059,603993,洛阳钼业,18.37,-0.6,-0.11,1159848.0,2131701602.0,1.52,18.55,18.27,18.35,18.48,0.7,0.66,12.17,4.48,393013477933.0,320755670773.0,-0.05,0.05,-3.87,-6.8
4060,603698,航天工程,21.53,-0.6,-0.13,74211.0,160166977.0,1.52,21.79,21.46,21.66,21.66,0.87,1.38,68.48,3.28,11539864700.0,11539864700.0,0.0,0.19,-30.39,-44.34
4061,002376,新北洋,6.64,-0.6,-0.04,84126.0,55920342.44,1.35,6.7,6.61,6.67,6.68,0.68,1.07,50.62,1.46,5382135272.0,5228764645.0,0.0,-0.15,8.5,-11.7
4062,002278,神开股份,8.29,-0.6,-0.05,164954.0,135969168.95,2.64,8.34,8.12,8.33,8.34,0.56,4.6,114.62,2.29,3221642507.0,2974627018.0,0.12,0.24,-3.49,-34.41
4063,688439,振华风光,38.4,-0.6,-0.23,14718.0,56657877.0,1.48,38.84,38.27,38.7,38.63,0.84,0.74,-432.74,1.54,7680000000.0,7680000000.0,0.13,0.08,-11.76,-40.4
4064,600075,新疆天业,4.93,-0.6,-0.03,295979.0,145615110.0,2.82,5.0,4.86,5.0,4.96,0.89,1.73,189.43,0.94,8419440901.0,8419440901.0,0.0,0.0,3.79,-0.4
4065,603861,白云电器,11.62,-0.6,-0.07,48022.0,55876441.0,1.63,11.75,11.56,11.69,11.69,0.78,0.91,36.4,1.59,6280934837.0,6142174874.0,0.17,0.17,-24.15,-3.89
4066,601577,长沙银行,9.99,-0.6,-0.06,272225.0,270220864.0,2.59,10.08,9.82,10.03,10.05,0.97,0.68,4.42,0.53,40175322002.0,40166629414.0,0.1,0.0,4.61,5.49
4067,600736,苏州高新,6.68,-0.6,-0.04,147968.0,98972023.0,1.04,6.73,6.66,6.71,6.72,0.48,1.29,6.3,0.98,7690636619.0,7690636619.0,0.0,0.0,-15.66,-0.89
4068,603755,日辰股份,24.97,-0.6,-0.15,18673.0,46501326.0,3.5,25.44,24.56,25.44,25.12,0.84,1.89,41.87,3.2,2462383615.0,2462383615.0,-0.04,0.0,-6.55,-31.34
4069,603680,今创集团,9.96,-0.6,-0.06,30411.0,30319084.0,1.8,10.1,9.92,10.1,10.02,0.65,0.39,9.01,1.3,7805838919.0,7805838919.0,0.1,0.0,-9.37,-34.73
4070,688098,申联生物,8.3,-0.6,-0.05,27757.0,23271470.0,2.75,8.52,8.29,8.35,8.35,1.1,0.68,-89.01,2.46,3408345200.0,3408345200.0,0.0,-0.12,-0.48,-6.53
4071,600761,安徽合力,16.28,-0.61,-0.1,75890.0,123912567.0,1.22,16.47,16.27,16.36,16.38,0.78,0.85,10.79,1.31,14500478149.0,14500478149.0,0.0,0.0,-1.99,-20.16
4072,002725,跃岭股份,11.38,-0.61,-0.07,30226.0,34569785.0,2.1,11.56,11.32,11.46,11.45,0.88,1.21,-122.26,3.03,2913280000.0,2833203856.0,-0.09,0.09,-12.12,-32.58
4073,301022,海泰科,23.0,-0.61,-0.14,19175.0,44404150.19,3.54,23.72,22.9,23.48,23.14,1.34,2.86,-61.31,1.65,2288134898.0,1540684578.0,-0.09,-0.17,-7.78,-29.86
4074,000049,德赛电池,22.99,-0.61,-0.14,52841.0,121690910.79,1.38,23.21,22.89,23.19,23.13,1.06,1.37,21.54,1.29,8842839897.0,8840456477.0,-0.04,0.0,0.48,-13.73
4075,600575,淮河能源,3.27,-0.61,-0.02,282068.0,92455496.0,1.52,3.31,3.26,3.3,3.29,0.64,0.73,22.11,1.11,23435410396.0,12708073683.0,0.0,0.0,-18.05,1.87
4076,300360,炬华科技,11.39,-0.61,-0.07,39815.0,45476159.0,1.22,11.52,11.38,11.48,11.46,0.87,0.8,16.58,1.4,5856591365.0,5700950011.0,-0.09,-0.18,-9.24,-33.35
4077,002355,兴民智通,4.92,-0.61,-0.03,116653.0,57339641.0,1.82,4.95,4.86,4.93,4.95,0.77,1.89,-7.68,4.11,3288926520.0,3041379918.0,0.2,0.2,3.14,-18.81
4078,603619,中曼石油,22.64,-0.61,-0.14,187437.0,422827785.0,3.16,22.99,22.27,22.98,22.78,0.52,4.05,52.87,2.4,10467342757.0,10467342757.0,0.0,-0.13,-8.86,-1.18
4079,600810,神马股份,6.51,-0.61,-0.04,64326.0,41709411.0,1.98,6.57,6.44,6.56,6.55,0.74,0.6,56.37,0.99,7099669342.0,7035702082.0,0.15,0.0,1.56,-27.59
4080,002474,榕基软件,6.52,-0.61,-0.04,132235.0,86295662.68,1.68,6.6,6.49,6.55,6.56,0.56,2.46,-84.98,3.12,4056744000.0,3502709817.0,0.15,0.31,-7.65,-33.87
4081,600023,浙能电力,4.85,-0.61,-0.03,464999.0,225788952.0,1.23,4.9,4.84,4.89,4.88,1.12,0.35,21.64,0.88,65032353833.0,65032353833.0,0.0,0.0,-18.9,3.85
4082,603260,合盛硅业,32.69,-0.61,-0.2,63118.0,206850143.0,1.43,33.1,32.63,32.8,32.89,0.93,0.53,59.55,1.3,38646344901.0,38646344901.0,-0.03,0.0,-24.61,-37.97
4083,688336,三生国健,41.9,-0.62,-0.26,30526.0,127845878.0,1.85,42.38,41.6,42.38,42.16,0.65,0.34,50.56,4.42,37551845475.0,37551845475.0,0.0,0.05,7.77,2.77
4084,601139,深圳燃气,6.41,-0.62,-0.04,142010.0,91027021.0,1.55,6.47,6.37,6.45,6.45,0.71,0.49,11.85,1.11,18439931957.0,18439931957.0,0.0,0.0,4.91,-0.47
4085,301237,和顺科技,36.66,-0.62,-0.23,25855.0,94890106.6,4.77,37.63,35.87,37.03,36.89,1.42,3.2,261.85,3.53,4079177740.0,2962880740.0,0.0,0.16,-16.43,-11.96
4086,300389,艾比森,12.77,-0.62,-0.08,32006.0,40952135.0,1.79,12.95,12.72,12.94,12.85,0.8,1.17,16.29,2.64,4713411048.0,3505595767.0,-0.08,0.16,-3.33,-21.32
4087,920802,保丽洁,11.31,-0.62,-0.07,7208.0,8119538.89,4.22,11.56,11.08,11.38,11.38,0.82,1.99,45.05,2.11,927513760.0,409621531.0,-0.09,0.27,-1.99,-26.03
4088,002092,中泰化学,4.82,-0.62,-0.03,407679.0,196263956.0,2.06,4.88,4.78,4.85,4.85,0.47,1.58,82.94,0.57,12415064472.0,12414574639.0,0.21,0.42,8.8,-3.21
4089,002573,清新环境,3.23,-0.62,-0.02,87342.0,28317937.25,1.23,3.26,3.22,3.25,3.25,0.59,0.62,49.45,0.83,4571312665.0,4562991504.0,-0.31,-0.31,-0.92,-13.64
4090,000963,华东医药,27.2,-0.62,-0.17,112066.0,304397324.26,1.21,27.41,27.08,27.38,27.37,0.79,0.64,12.82,1.87,47701642266.0,47681956266.0,0.0,0.04,-6.56,-30.02
4091,600217,中再资环,3.23,-0.62,-0.02,102732.0,33077240.0,1.23,3.25,3.21,3.23,3.25,0.74,0.62,-87.22,1.88,5354221364.0,5354221364.0,0.62,0.31,2.54,-20.83
4092,002533,金杯电工,11.19,-0.62,-0.07,53447.0,59732752.0,1.42,11.27,11.11,11.26,11.26,0.69,0.83,12.96,1.84,8212800484.0,7230351170.0,-0.18,0.0,0.36,-6.98
4093,603075,热威股份,19.03,-0.63,-0.12,13661.0,26094562.0,1.46,19.3,19.02,19.15,19.15,0.78,3.22,23.43,3.74,7657689108.0,806889108.0,0.05,-0.05,-15.87,-9.98
4094,002016,世荣兆业,4.72,-0.63,-0.03,99555.0,47143061.75,1.47,4.77,4.7,4.76,4.75,0.81,1.23,35.39,0.77,3818931383.0,3818931383.0,0.0,0.0,3.28,-18.06
4095,301257,普蕊斯,38.16,-0.63,-0.24,28225.0,107881995.0,2.14,38.74,37.92,38.59,38.4,0.61,3.75,581.58,2.38,3014822023.0,2873684020.0,0.18,0.21,-6.63,-26.56
4096,000801,四川九洲,12.6,-0.63,-0.08,129053.0,163520940.36,1.81,12.78,12.55,12.67,12.68,0.5,1.27,78.85,4.39,12805691963.0,12800843660.0,0.4,-0.32,2.02,-25.62
4097,920107,恒兴股份,20.52,-0.63,-0.13,10937.0,22454003.02,1.6,20.77,20.44,20.65,20.65,0.46,5.79,13.74,1.66,1721217600.0,387273960.0,0.0,-0.15,28.09,28.09
4098,601399,国机重装,3.18,-0.63,-0.02,481213.0,152897826.0,1.88,3.22,3.16,3.2,3.2,0.79,0.67,43.93,1.53,22939107730.0,22939107730.0,0.0,0.32,-13.82,-33.47
4099,688275,万润新能,71.13,-0.63,-0.45,26959.0,192331441.0,2.54,72.37,70.55,72.37,71.58,0.56,2.17,7.45,1.6,8970806273.0,8824472302.0,-0.01,-0.04,-43.21,-5.66
4100,600272,开开实业,17.46,-0.63,-0.11,395393.0,694867805.0,3.76,17.88,17.22,17.8,17.57,0.93,24.71,103.17,5.77,4585902960.0,2793600000.0,-0.11,-0.63,57.3,28.19
4101,000560,我爱我家,3.13,-0.63,-0.02,7824898.0,2487272764.6,11.75,3.37,3.0,3.11,3.15,1.25,33.4,45.63,0.79,7372717664.0,7332613812.0,-0.32,0.0,34.33,7.19
4102,603116,红蜻蜓,6.33,-0.63,-0.04,43532.0,27649137.0,2.2,6.44,6.3,6.42,6.37,0.96,0.76,203.72,1.52,3647351064.0,3647351064.0,0.32,0.32,-8.13,7.11
4103,000027,深圳能源,6.28,-0.63,-0.04,178608.0,112204218.4,1.42,6.34,6.25,6.32,6.32,0.77,0.38,7.85,0.89,29876408672.0,29876408672.0,0.0,0.0,-10.8,-1.26
4104,600511,国药股份,26.88,-0.63,-0.17,38178.0,102705816.0,1.37,27.13,26.76,27.0,27.05,1.11,0.69,11.53,1.08,20281040586.0,14873951877.0,-0.04,-0.11,-0.63,-3.83
4105,688213,思特威-W,92.38,-0.63,-0.59,51315.0,476304939.0,1.85,93.81,92.09,93.55,92.97,1.1,1.59,35.17,6.89,37165099875.0,29885805393.0,0.0,-0.03,5.98,-1.94
4106,601728,中国电信,6.34,-0.63,-0.04,794375.0,504089658.0,1.72,6.41,6.3,6.38,6.38,0.97,0.1,14.81,1.27,580155259352.0,492172479952.0,-0.16,-0.31,4.79,2.09
4107,600995,南网储能,12.4,-0.64,-0.08,86848.0,107867901.0,1.52,12.53,12.34,12.49,12.48,0.95,0.27,17.82,1.69,39630471982.0,39630471982.0,-0.08,-0.08,-7.46,-0.4
4108,300270,中威电子,10.94,-0.64,-0.07,64596.0,70984030.0,1.82,11.11,10.91,10.93,11.01,0.57,2.13,180.1,5.94,3312697946.0,3312697946.0,0.0,0.09,-4.37,-0.18
4109,600101,明星电力,7.81,-0.64,-0.05,61178.0,47810292.0,1.27,7.89,7.79,7.87,7.86,0.86,1.12,40.3,1.38,4278805899.0,4278805899.0,0.0,0.0,-13.99,-14.55
4110,601163,三角轮胎,12.36,-0.64,-0.08,25098.0,31055603.0,0.8,12.45,12.35,12.44,12.44,0.74,0.31,14.54,0.71,9888000000.0,9888000000.0,-0.08,-0.08,-1.98,-11.02
4111,003011,海象新材,20.24,-0.64,-0.13,27194.0,55235979.3,2.6,20.62,20.09,20.37,20.37,1.22,3.48,27.83,1.5,2078162240.0,1580512373.0,-0.64,-0.25,5.2,-6.9
4112,301039,中集车辆,7.8,-0.64,-0.05,120726.0,94132982.66,2.55,7.9,7.7,7.84,7.85,1.06,0.83,21.89,1.04,14618170476.0,11286267525.0,-0.13,-0.26,5.41,-11.36
4113,600624,ST复华,4.69,-0.64,-0.03,51128.0,23946857.0,2.75,4.75,4.62,4.7,4.72,0.8,0.75,-58.68,7.84,3186137158.0,3186137158.0,0.21,0.0,16.38,-11.34
4114,600648,外高桥,9.27,-0.64,-0.06,19987.0,18510991.0,1.5,9.36,9.22,9.34,9.33,0.83,0.18,57.43,0.81,12606386261.0,10547134306.0,0.32,0.22,8.68,-4.83
4115,600751,海航科技,3.09,-0.64,-0.02,205143.0,63698410.0,1.61,3.13,3.08,3.13,3.11,0.83,0.8,99.77,1.19,8958953749.0,7951154171.0,-0.32,-0.32,-1.28,-18.9
4116,600970,中材国际,7.75,-0.64,-0.05,107374.0,83409205.0,1.54,7.85,7.73,7.8,7.8,0.66,0.41,10.88,0.9,20319050161.0,20319050161.0,-0.13,-0.13,-7.74,-21.8
4117,000546,金圆股份,4.6,-0.65,-0.03,85050.0,39276229.0,1.73,4.66,4.58,4.62,4.63,0.83,1.22,-7.59,0.98,3577182005.0,3204843948.0,0.0,0.0,-12.05,-27.9
4118,002274,华昌化工,6.08,-0.65,-0.04,462920.0,279089727.8,2.78,6.09,5.92,5.98,6.12,0.53,4.94,23.52,1.1,5790377048.0,5702122710.0,0.33,0.0,15.59,9.55
4119,920262,太湖雪,15.37,-0.65,-0.1,17476.0,26713755.72,4.33,15.75,15.08,15.4,15.47,0.85,4.53,23.56,3.36,1274742028.0,592613390.0,0.46,0.79,13.85,-24.1
4120,688806,泰诺麦博-U,22.89,-0.65,-0.15,35294.0,81253784.0,3.34,23.48,22.71,23.0,23.04,0.7,6.92,-26.44,11.23,10541902289.0,1167977357.0,0.0,0.13,58.3,58.3
4121,603303,得邦照明,24.61,-0.65,-0.16,22439.0,55399863.0,3.67,25.1,24.19,24.65,24.77,0.87,0.47,76.82,3.78,11737605991.0,11737605991.0,-0.16,-0.12,-24.74,95.47
4122,600370,*ST三房,1.52,-0.65,-0.01,131187.0,19883960.0,1.96,1.53,1.5,1.51,1.53,0.74,0.33,620.06,1.25,6114447439.0,6114447439.0,0.66,0.66,4.11,-32.74
4123,688819,天能股份,21.32,-0.65,-0.14,15219.0,32509183.0,1.21,21.52,21.26,21.5,21.46,0.81,0.16,36.84,1.23,20725172000.0,20725172000.0,0.14,0.05,-13.05,-34.74
4124,600106,重庆路桥,4.6,-0.65,-0.03,102839.0,47262791.0,1.73,4.63,4.55,4.6,4.63,0.57,0.77,39.73,1.16,6113515285.0,6113515285.0,0.22,0.0,-7.44,-26.16
4125,300155,安居宝,4.56,-0.65,-0.03,91228.0,41643589.46,2.18,4.62,4.52,4.56,4.59,0.6,2.76,-43.23,2.18,2559198513.0,1508173670.0,0.22,0.22,4.35,-30.59
4126,002593,日上集团,4.56,-0.65,-0.03,86318.0,39458128.0,1.09,4.6,4.55,4.59,4.59,0.93,1.54,21.22,1.48,3665592612.0,2555899740.0,-0.22,0.0,2.93,-22.18
4127,002558,巨人网络,27.49,-0.65,-0.18,705173.0,1948711835.16,3.87,28.26,27.19,27.68,27.67,0.95,3.71,12.18,3.11,52246448583.0,52246242408.0,0.33,0.29,17.28,-36.22
4128,002879,长缆科技,16.73,-0.65,-0.11,76078.0,127113430.29,1.78,16.84,16.54,16.64,16.84,0.75,5.55,92.61,1.74,3230690817.0,2294335821.0,-0.06,0.0,15.78,-7.47
4129,920108,宏海科技,9.24,-0.65,-0.06,7399.0,6858320.49,3.66,9.5,9.16,9.5,9.3,0.76,1.01,37.76,3.33,1591128000.0,674221086.0,0.0,0.0,-6.67,-31.25
4130,601186,中国铁建,6.07,-0.65,-0.04,304257.0,184849688.0,0.98,6.12,6.06,6.11,6.11,1.06,0.26,4.74,0.3,82427816905.0,69824700185.0,0.0,-0.16,-0.65,-17.64
4131,920809,安达科技,7.5,-0.66,-0.05,59864.0,44881837.71,2.65,7.63,7.43,7.52,7.55,0.64,1.3,16.78,2.64,4492875000.0,3443303610.0,-0.13,-0.27,-8.31,6.84
4132,301197,工大科雅,26.92,-0.66,-0.18,33517.0,91330978.0,4.21,27.92,26.78,27.11,27.1,0.94,3.08,-61.57,2.5,3244936800.0,2927529810.0,0.15,0.07,-5.91,29.49
4133,300176,鸿特科技,4.5,-0.66,-0.03,142597.0,64555496.38,1.99,4.57,4.48,4.53,4.53,0.85,2.68,-70.57,1.68,2391542636.0,2391542636.0,0.0,0.22,-6.25,-21.19
4134,601106,中国一重,3.01,-0.66,-0.02,546677.0,164961406.0,1.98,3.06,3.0,3.05,3.03,1.1,0.8,-3806.15,3.99,20641926610.0,20641926610.0,-0.66,-0.33,-14.25,-24.56
4135,300211,*ST亿通,7.5,-0.66,-0.05,17288.0,12935212.76,1.19,7.53,7.44,7.5,7.55,0.79,0.58,-64.28,5.24,2279472923.0,2238613680.0,0.13,0.13,-2.22,-11.45
4136,300044,*ST赛为,6.06,-0.66,-0.04,249492.0,150803529.4,3.93,6.17,5.93,6.11,6.1,0.84,3.49,-128.48,-4.02,4629047522.0,4335423057.0,0.0,0.0,9.19,51.88
4137,001266,宏英智能,33.3,-0.66,-0.22,22871.0,76748764.61,2.45,33.93,33.11,33.27,33.52,0.81,3.93,40.45,3.58,3451600345.0,1936316645.0,-0.18,-0.18,-25.75,-14.79
4138,603912,佳力图,9.09,-0.66,-0.06,227044.0,206802260.0,3.72,9.3,8.96,9.15,9.15,0.79,4.19,-36.13,2.94,4929745976.0,4929745976.0,0.11,0.0,12.22,6.07
4139,600973,宝胜股份,6.03,-0.66,-0.04,114520.0,69042391.0,1.48,6.08,5.99,6.07,6.07,0.68,0.84,31.44,2.31,8269338475.0,8269338475.0,0.17,0.33,-5.63,-17.4
4140,603456,九洲药业,14.97,-0.66,-0.1,138194.0,206756344.0,1.19,15.06,14.88,15.01,15.07,0.84,1.57,17.04,1.5,13199199119.0,13199199119.0,0.07,0.13,17.14,-15.9
4141,002653,海思科,68.73,-0.66,-0.46,52672.0,360375166.81,3.47,69.6,67.2,69.0,69.19,0.97,0.98,46.06,14.4,78413540150.0,36907089568.0,0.04,0.13,38.04,36.02
4142,300482,万孚生物,16.63,-0.66,-0.11,35481.0,59240484.28,1.37,16.83,16.6,16.76,16.74,0.73,0.83,31.77,1.46,7785387034.0,7138655780.0,0.0,0.0,-15.8,-14.85
4143,000922,佳电股份,12.02,-0.66,-0.08,73094.0,87928026.27,1.9,12.16,11.93,12.11,12.1,0.76,1.04,27.05,2.12,10024465852.0,8473249020.0,0.08,0.08,-3.53,5.62
4144,920924,广脉科技,15.05,-0.66,-0.1,10774.0,16239380.46,2.31,15.3,14.95,15.16,15.15,0.45,1.65,106.33,4.97,1614812325.0,983850722.0,0.13,0.2,-9.23,-28.02
4145,301035,润丰股份,56.1,-0.67,-0.38,17906.0,100712562.8,2.41,57.13,55.77,56.22,56.48,0.91,0.49,20.37,2.73,20448745423.0,20406432559.0,-0.23,-0.41,8.78,10.17
4146,603569,长久物流,5.95,-0.67,-0.04,38675.0,23003541.0,1.34,6.0,5.92,6.0,5.99,1.06,0.64,241.03,1.47,3590868143.0,3590868143.0,0.34,0.34,1.02,-18.6
4147,601975,招商南油,4.45,-0.67,-0.03,1831108.0,821500925.0,3.35,4.57,4.42,4.52,4.48,0.88,3.91,12.82,1.71,20827533817.0,20827533817.0,-0.45,-0.45,6.97,48.83
4148,603381,永臻股份,14.91,-0.67,-0.1,31728.0,47400936.0,2.33,15.08,14.73,15.08,15.01,0.92,2.23,44.68,1.06,3537491821.0,2119272898.0,0.07,-0.13,-12.76,-24.92
4149,688687,凯因科技,17.73,-0.67,-0.12,15443.0,27526831.0,2.02,18.06,17.7,17.84,17.85,0.77,0.9,56.66,1.78,3030844602.0,3030844602.0,0.0,-0.11,8.51,-28.13
4150,002040,南 京 港,8.92,-0.67,-0.06,114187.0,102062571.0,1.89,9.07,8.9,8.99,8.98,0.53,2.35,21.34,1.23,4335792969.0,4335792969.0,0.0,0.11,7.99,-8.32
4151,600877,电科芯片,11.94,-0.67,-0.08,102603.0,123167325.0,1.58,12.13,11.94,12.1,12.02,1.08,0.87,-561.66,5.67,14137670334.0,14137670334.0,0.0,-0.08,-10.63,-31.97
4152,301613,新铝时代,35.85,-0.67,-0.24,7704.0,27768308.86,1.61,36.38,35.8,36.09,36.09,1.0,0.92,34.71,3.21,5156708705.0,3007859705.0,-0.06,-0.17,-7.36,-29.71
4153,603988,中电电机,19.22,-0.67,-0.13,42484.0,81829210.0,1.86,19.41,19.05,19.3,19.35,0.73,1.81,480.76,6.89,4520544000.0,4520544000.0,0.05,0.0,-0.21,-20.77
4154,000883,湖北能源,4.48,-0.67,-0.03,392115.0,175796601.29,2.22,4.54,4.44,4.53,4.51,1.27,0.61,14.48,0.85,31715656582.0,29028208066.0,0.22,0.22,-7.25,2.05
4155,300900,广联航空,23.55,-0.67,-0.16,92294.0,217846200.19,1.86,23.88,23.44,23.49,23.71,0.61,3.59,219.22,3.97,7717813866.0,6046049409.0,0.0,-0.17,-28.51,-39.72
4156,300018,中元股份,11.86,-0.67,-0.08,87185.0,103187041.9,3.02,12.04,11.68,12.01,11.94,0.68,2.4,50.27,4.05,5796106957.0,4308619863.0,0.0,0.0,3.04,8.81
4157,601083,锦江航运,13.14,-0.68,-0.09,116403.0,153037717.0,3.33,13.4,12.96,13.26,13.23,0.69,6.0,11.32,1.84,17004736800.0,2550736800.0,-0.15,-0.08,25.86,24.55
4158,301283,聚胶股份,24.84,-0.68,-0.17,8451.0,21075721.74,1.84,25.16,24.7,24.99,25.01,0.81,0.93,20.24,1.83,2886973259.0,2269412258.0,-0.04,0.0,-5.3,-22.45
4159,605123,派克新材,80.92,-0.68,-0.55,15433.0,124588853.0,1.5,81.3,80.08,81.05,81.47,0.72,1.27,24.65,2.07,9805148581.0,9805148581.0,0.02,0.11,-17.85,-21.91
4160,603329,上海雅仕,10.25,-0.68,-0.07,27442.0,28275573.0,1.65,10.4,10.23,10.4,10.32,0.81,1.33,11.24,1.67,2563024544.0,2115426293.0,0.1,0.0,3.33,-6.39
4161,603315,福鞍股份,11.63,-0.68,-0.08,46252.0,53849805.0,1.96,11.78,11.55,11.71,11.71,0.38,1.44,53.92,2.16,3725859650.0,3725859650.0,0.0,-0.09,-28.25,-24.92
4162,688682,霍莱沃,30.53,-0.68,-0.21,10170.0,31264774.0,2.7,31.19,30.36,30.99,30.74,0.83,1.0,355.21,5.22,3109141464.0,3109141464.0,0.0,0.03,-25.81,-42.08
4163,688067,爱威科技,23.31,-0.68,-0.16,8962.0,21057467.0,1.92,23.74,23.29,23.35,23.47,0.9,1.32,44.82,3.02,1585080000.0,1585080000.0,-0.26,-0.13,5.14,-4.7
4164,603057,紫燕食品,20.55,-0.68,-0.14,26576.0,54239507.0,3.67,20.76,20.0,20.72,20.69,1.07,0.65,63.67,4.04,8530613250.0,8466600000.0,0.0,0.1,-19.03,1.93
4165,301600,慧翰股份,83.8,-0.68,-0.57,8952.0,74919913.89,2.68,85.17,82.91,84.45,84.37,0.94,2.78,83.41,7.13,8759069300.0,2703262300.0,0.0,0.08,-6.89,-35.19
4166,601011,宝泰隆,2.88,-0.69,-0.02,399448.0,114786895.0,2.07,2.9,2.84,2.88,2.9,0.41,2.09,-23.42,1.03,5517113872.0,5517113872.0,0.0,0.0,-1.37,-15.29
4167,603172,万丰股份,18.74,-0.69,-0.13,14935.0,28136592.0,2.17,19.1,18.69,18.76,18.87,0.38,1.12,37.81,2.23,2499541200.0,2499541200.0,0.0,0.11,-1.26,5.7
4168,688122,西部超导,49.14,-0.69,-0.34,58049.0,285834104.0,1.88,49.86,48.93,49.6,49.48,0.94,0.89,46.23,4.42,31924513383.0,31924513383.0,-0.04,-0.02,-9.02,-33.76
4169,002235,安妮股份,8.68,-0.69,-0.06,249285.0,215414313.96,5.15,8.9,8.45,8.51,8.74,1.01,4.5,1759.5,6.87,5030687425.0,4805059661.0,-0.12,-0.12,-9.39,-16.05
4170,300124,汇川技术,58.9,-0.69,-0.41,164600.0,974063394.27,1.65,59.78,58.8,59.28,59.31,0.94,0.68,28.4,4.33,159589667859.0,142079332565.0,-0.03,-0.02,-12.3,-21.29
4171,000831,中国稀土,55.82,-0.69,-0.39,211837.0,1183827308.34,2.22,56.63,55.38,56.2,56.21,0.83,2.0,125.0,11.7,59237345447.0,59237345447.0,0.05,-0.02,-0.34,20.28
4172,600717,天津港,4.33,-0.69,-0.03,158649.0,68844459.0,1.15,4.37,4.32,4.36,4.36,0.73,0.55,9.25,0.61,12531024495.0,12531024495.0,0.0,-0.23,2.85,-0.92
4173,600685,中船防务,27.25,-0.69,-0.19,184027.0,500663007.0,2.33,27.59,26.95,27.33,27.44,1.13,2.24,23.02,2.03,38518048801.0,22384108682.0,0.0,-0.04,5.38,-3.78
4174,601789,宁波建工,4.3,-0.69,-0.03,212594.0,91304206.0,1.62,4.35,4.28,4.33,4.33,0.63,1.96,13.07,1.05,6554885071.0,4673233937.0,0.23,0.23,-2.27,-12.96
4175,688289,圣湘生物,15.87,-0.69,-0.11,33964.0,54141271.0,2.57,16.26,15.85,16.05,15.98,0.64,0.59,46.54,1.3,9124262949.0,9124262949.0,-0.19,-0.13,12.55,-14.91
4176,300169,天晟新材,5.72,-0.69,-0.04,74192.0,42466730.0,1.56,5.78,5.69,5.75,5.76,0.4,2.46,231.63,21.66,1941907625.0,1725928673.0,-0.17,0.0,8.95,-8.48
4177,002603,以岭药业,15.76,-0.69,-0.11,111120.0,175412496.76,1.2,15.89,15.7,15.87,15.87,0.86,0.81,17.38,2.41,26330316726.0,21690058729.0,-0.06,-0.06,3.62,-4.89
4178,600208,衢州发展,2.89,-0.69,-0.02,512404.0,148716120.0,1.03,2.92,2.89,2.91,2.91,0.56,0.6,72.69,0.59,24590838912.0,24588051614.0,-0.34,0.0,-2.69,-25.32
4179,601512,中新集团,8.53,-0.7,-0.06,34409.0,29486861.0,2.44,8.68,8.47,8.57,8.59,0.61,0.23,12.52,0.82,12785531700.0,12785531700.0,0.0,-0.12,5.7,-2.96
4180,688633,星球石墨,22.77,-0.7,-0.16,24152.0,54972126.0,2.18,23.06,22.56,23.06,22.93,0.47,1.42,15.5,1.62,3880022345.0,3880022345.0,0.0,0.0,-21.7,-1.34
4181,688266,泽璟制药-U,117.16,-0.7,-0.83,23841.0,278054038.0,2.95,118.08,114.6,117.99,117.99,0.68,0.9,24.23,18.03,31013211072.0,31013211072.0,-0.03,-0.02,26.14,26.39
4182,688246,嘉和美康,17.14,-0.7,-0.12,20785.0,35776765.0,3.77,17.74,17.09,17.35,17.26,0.84,1.51,-14.74,1.93,2358217150.0,2358217150.0,0.0,-0.06,-28.16,-26.28
4183,000895,双汇发展,24.0,-0.7,-0.17,110805.0,265390687.05,1.32,24.16,23.84,24.15,24.17,0.67,0.32,18.03,3.98,83151869112.0,83141092008.0,-0.04,-0.08,-0.7,-6.51
4184,920093,信胜科技,19.8,-0.7,-0.14,25263.0,49915040.24,3.16,20.2,19.57,19.83,19.94,0.59,10.02,11.38,2.3,2791800000.0,498960000.0,0.0,0.0,37.98,37.98
4185,000519,中兵红箭,15.69,-0.7,-0.11,811127.0,1258047935.09,3.1,15.83,15.34,15.7,15.8,0.99,5.82,293.69,2.1,21849250428.0,21849250428.0,0.0,0.13,-17.77,-13.74
4186,002529,海源复材,7.01,-0.71,-0.05,39624.0,27937890.0,2.12,7.15,7.0,7.05,7.06,0.98,1.52,-18.75,31.96,1822600000.0,1822600000.0,0.14,0.14,-5.14,1.01
4187,601179,中国西电,12.51,-0.71,-0.09,566924.0,709416959.0,1.75,12.67,12.45,12.64,12.6,0.85,1.11,46.6,2.74,64124788224.0,64124788224.0,-0.08,0.0,-6.78,38.23
4188,300629,新劲刚,18.13,-0.71,-0.13,45469.0,82890688.13,1.64,18.41,18.11,18.27,18.26,0.71,2.1,76.34,2.58,4558306677.0,3932832791.0,-0.11,-0.17,-13.05,-23.44
4189,000407,胜利股份,4.21,-0.71,-0.03,93305.0,39400648.0,1.18,4.25,4.2,4.22,4.24,0.55,1.07,18.42,1.19,3705156402.0,3687043113.0,-0.24,-0.24,4.21,-15.12
4190,300358,楚天科技,8.39,-0.71,-0.06,136537.0,114628471.45,1.66,8.48,8.34,8.47,8.45,0.55,1.94,20.65,1.08,5999626746.0,5913806963.0,0.0,-0.12,6.88,-13.68
4191,603068,博通集成,39.42,-0.71,-0.28,86111.0,338312511.0,3.35,40.08,38.75,40.01,39.7,0.66,5.67,59.24,3.35,5983456115.0,5983456115.0,0.2,0.33,22.88,5.09
4192,300882,万胜智能,14.07,-0.71,-0.1,19390.0,27453181.6,2.61,14.4,14.03,14.4,14.17,1.06,0.73,37.26,3.18,4026850715.0,3747221312.0,0.0,0.14,-7.19,-24.35
4193,603918,金桥信息,11.26,-0.71,-0.08,79492.0,89530968.0,1.68,11.39,11.2,11.35,11.34,0.57,2.18,-52.52,4.24,4111110743.0,4111110743.0,0.18,0.27,6.63,-28.23
4194,600050,中国联通,4.22,-0.71,-0.03,1068706.0,452219288.0,1.65,4.28,4.21,4.26,4.25,0.92,0.34,15.94,0.77,131935874880.0,130779526621.0,-0.24,-0.47,-2.31,-16.6
4195,688592,司南导航,23.73,-0.71,-0.17,8878.0,21246989.0,3.31,24.33,23.54,24.0,23.9,0.99,1.6,-219.0,2.89,2756163825.0,1313111225.0,0.0,-0.17,-11.42,-16.5
4196,300337,银邦股份,9.8,-0.71,-0.07,122057.0,119934878.52,1.93,9.96,9.77,9.81,9.87,0.67,1.72,45.49,4.47,8055097035.0,6971843588.0,0.0,0.1,-17.92,-36.77
4197,002197,证通电子,7.02,-0.71,-0.05,182149.0,127929588.42,2.12,7.1,6.95,7.02,7.07,0.91,3.41,377.03,2.42,4312827755.0,3748680084.0,-0.14,0.0,15.27,-30.63
4198,920566,梓橦宫,9.73,-0.71,-0.07,12895.0,12548836.96,1.43,9.82,9.68,9.82,9.8,0.57,1.15,19.07,1.66,1405614092.0,1093132039.0,0.0,0.21,1.14,-10.9
4199,601992,金隅集团,1.4,-0.71,-0.01,227484.0,31995801.0,1.42,1.42,1.4,1.41,1.41,0.38,0.27,-3.44,0.4,14948879588.0,11667821570.0,0.0,0.0,-4.76,-13.58
4200,002240,盛新锂能,29.26,-0.71,-0.21,207454.0,606538205.27,1.87,29.5,28.95,29.45,29.47,0.75,2.27,13.23,2.37,26781498695.0,26708563756.0,0.0,0.17,-42.72,-15.02
4201,002065,东华软件,6.92,-0.72,-0.05,291624.0,201956785.93,1.58,7.0,6.89,6.97,6.97,0.77,0.99,49.81,1.77,22181938035.0,20384516503.0,0.0,0.0,-0.43,-23.96
4202,300422,博世科,4.15,-0.72,-0.03,85389.0,35708077.16,1.67,4.22,4.15,4.19,4.18,0.85,1.65,-30.56,3.84,2215603614.0,2144485044.0,-0.72,-0.48,-15.48,-9.59
4203,688615,合合信息,94.88,-0.72,-0.69,32964.0,312527016.0,3.04,96.28,93.37,95.0,95.57,0.75,2.44,37.69,6.26,18596480000.0,12840901889.0,-0.05,0.08,-18.49,-41.21
4204,301552,科力装备,24.82,-0.72,-0.18,14277.0,35643660.96,1.72,25.21,24.78,25.01,25.0,0.52,4.61,29.81,2.7,3071723200.0,767930800.0,-0.36,-0.36,-1.43,-11.58
4205,301050,雷电微力,28.85,-0.72,-0.21,22000.0,63697835.9,1.48,29.25,28.82,29.06,29.06,0.97,0.89,-39.04,2.35,7142659689.0,7109728020.0,-0.03,-0.03,-16.08,-44.68
4206,000858,五 粮 液,71.46,-0.72,-0.52,262191.0,1870556656.43,1.61,72.09,70.93,71.81,71.98,0.91,0.68,15.84,2.34,277379708037.0,277372946921.0,-0.04,-0.06,-7.6,-30.86
4207,002311,海大集团,44.3,-0.72,-0.32,143117.0,628557225.42,3.27,44.47,43.01,44.15,44.62,1.35,0.86,22.78,3.09,73381416024.0,73310765631.0,0.27,0.16,-0.56,-18.39
4208,301295,美硕科技,37.45,-0.72,-0.27,14036.0,52944803.42,3.26,38.4,37.17,37.76,37.72,0.77,4.77,42.52,3.85,3774960000.0,1101030000.0,-0.08,-0.11,-17.64,26.56
4209,001258,立新能源,12.2,-0.73,-0.09,1096715.0,1313159765.84,7.4,12.49,11.58,12.08,12.29,0.78,11.75,77.97,3.69,11386666675.0,11386523630.0,-0.08,-0.25,56.81,72.32
4210,300327,中颖电子,24.61,-0.73,-0.18,68866.0,170573707.79,2.18,25.09,24.55,24.8,24.79,0.67,2.03,59.17,4.57,8401119933.0,8338120917.0,0.0,0.12,-3.98,-11.89
4211,600333,长春燃气,6.77,-0.73,-0.05,78250.0,53088686.0,1.61,6.86,6.75,6.85,6.82,0.61,1.28,-94.61,2.17,4123137731.0,4123137731.0,0.0,-0.15,23.54,22.42
4212,001332,锡装股份,27.09,-0.73,-0.2,13331.0,36229920.6,2.27,27.55,26.93,27.18,27.29,0.84,1.98,21.44,1.6,4190443740.0,1820580768.0,0.04,0.22,-40.17,-31.9
4213,688697,纽威数控,14.97,-0.73,-0.11,82145.0,122219275.0,4.05,15.16,14.55,15.08,15.08,0.73,1.28,26.66,5.26,9584792978.0,9584792978.0,0.0,-0.33,3.24,40.43
4214,300041,回天新材,10.88,-0.73,-0.08,128975.0,140031911.61,2.1,10.98,10.75,10.92,10.96,0.61,2.37,18.24,2.0,6086662831.0,5923337722.0,0.09,0.09,-15.4,-0.46
4215,301665,泰禾股份,23.13,-0.73,-0.17,18501.0,43003362.76,1.85,23.52,23.09,23.32,23.3,0.67,1.78,21.6,2.91,10408500000.0,2409452100.0,-0.04,-0.13,3.26,-16.92
4216,603400,华之杰,53.21,-0.73,-0.39,48891.0,259499976.0,5.88,55.0,51.85,53.44,53.6,0.93,13.49,78.05,5.81,6908258291.0,1927802291.0,0.06,0.51,17.62,34.17
4217,002413,雷科防务,8.06,-0.74,-0.06,251320.0,202759727.6,1.35,8.14,8.03,8.09,8.12,0.69,1.94,-293.42,3.23,10633886244.0,10441169806.0,0.0,0.12,-22.13,-35.78
4218,002773,康弘药业,20.15,-0.74,-0.15,32790.0,66174524.9,1.08,20.32,20.1,20.24,20.3,0.71,0.48,16.44,2.01,18564726033.0,13839814494.0,-0.05,0.0,-1.03,-31.16
4219,300897,山科智能,16.0,-0.74,-0.12,13974.0,22412681.6,2.61,16.33,15.91,16.2,16.12,0.67,1.16,198.32,3.22,3133539744.0,1927714768.0,-0.19,0.13,1.65,-12.95
4220,688223,晶科能源,4.03,-0.74,-0.03,677189.0,273503463.0,1.48,4.07,4.01,4.06,4.06,0.93,0.66,-6.73,1.78,41385731412.0,41385731412.0,0.25,0.0,-21.9,-28.55
4221,600901,江苏金租,6.69,-0.74,-0.05,311833.0,208201984.0,1.93,6.76,6.63,6.74,6.74,0.89,0.54,11.34,1.5,38747586423.0,38738126763.0,0.15,0.15,2.76,12.44
4222,300045,华力创通,12.01,-0.74,-0.09,104374.0,125758093.49,1.57,12.16,11.97,12.16,12.1,0.99,1.99,-110.49,5.33,7958729584.0,6287690491.0,-0.17,-0.25,-34.12,-58.46
4223,002115,三维通信,10.67,-0.74,-0.08,338402.0,359930560.76,2.14,10.81,10.58,10.76,10.75,0.75,4.53,85.23,4.14,8589748332.0,7962660429.0,0.0,0.19,-7.3,-16.25
4224,002586,围海股份,4.0,-0.74,-0.03,74934.0,30074953.0,2.48,4.06,3.96,3.99,4.03,0.56,0.69,307.39,1.44,4576894856.0,4350072012.0,0.0,0.0,2.56,-10.91
4225,601002,晋亿实业,5.36,-0.74,-0.04,105137.0,56195093.0,2.22,5.42,5.3,5.41,5.4,0.61,1.1,12.42,1.16,5154447859.0,5115802259.0,0.0,0.0,10.52,5.93
4226,002939,长城证券,8.07,-0.74,-0.06,196398.0,158913951.01,1.23,8.16,8.06,8.13,8.13,0.83,0.55,11.68,1.01,32557825535.0,29073463222.0,0.0,0.0,-0.12,-19.94
4227,688192,迪哲医药-U,56.64,-0.75,-0.43,39000.0,222183759.0,2.82,57.85,56.24,56.72,57.07,0.65,0.85,-62.62,23.32,26346993291.0,26123166171.0,0.0,0.07,46.17,-1.67
4228,920156,海昌智能,36.96,-0.75,-0.28,10160.0,37583724.05,3.06,37.88,36.74,37.87,37.24,0.91,4.68,14.89,3.09,3848275200.0,802327680.0,-0.35,0.05,-27.95,76.59
4229,300165,天瑞仪器,5.29,-0.75,-0.04,96825.0,51421798.0,2.06,5.38,5.27,5.34,5.33,0.75,2.3,67.14,2.46,2621257025.0,2224491573.0,0.19,0.19,-6.21,9.98
4230,002544,普天科技,15.84,-0.75,-0.12,73152.0,116025841.96,1.63,16.04,15.78,15.94,15.96,0.93,1.08,-216.28,2.9,10779656818.0,10778621499.0,-0.25,0.06,-20.72,-54.05
4231,001218,丽臣实业,23.78,-0.75,-0.18,10601.0,25362211.64,1.54,24.1,23.73,24.05,23.96,0.64,0.89,10.31,1.29,3192661423.0,2847382957.0,0.0,-0.17,-4.34,7.02
4232,600535,天士力,14.62,-0.75,-0.11,110479.0,161883433.0,1.83,14.87,14.6,14.75,14.73,0.93,0.74,12.23,1.67,21841549073.0,21841549073.0,-0.07,-0.07,1.46,-2.34
4233,002153,石基信息,7.98,-0.75,-0.06,222039.0,177595476.46,2.11,8.1,7.93,8.01,8.04,0.91,1.39,423.79,3.32,21778966851.0,12766115156.0,0.0,0.13,1.53,-26.25
4234,600006,东风股份,5.32,-0.75,-0.04,106593.0,56854866.0,1.49,5.38,5.3,5.37,5.36,1.05,0.53,42.81,1.34,10640000000.0,10640000000.0,-0.37,-0.19,-7.96,-25.91
4235,688116,天奈科技,34.6,-0.75,-0.26,62406.0,218086134.0,4.07,35.75,34.33,35.0,34.86,0.76,1.7,47.07,3.33,12682008965.0,12682008965.0,-0.2,-0.23,-10.41,-26.49
4236,600048,保利发展,5.21,-0.76,-0.04,1649755.0,860024102.0,2.29,5.29,5.17,5.22,5.25,0.51,1.38,15.92,0.32,62366010208.0,62366010208.0,0.19,0.0,0.58,-14.17
4237,300622,博士眼镜,15.72,-0.76,-0.12,70611.0,110917924.72,2.46,15.98,15.59,15.75,15.84,0.48,3.2,30.19,5.72,5014614353.0,3470924957.0,0.13,0.19,4.04,-28.51
4238,002392,北京利尔,7.81,-0.76,-0.06,126600.0,98577867.3,3.3,7.93,7.67,7.85,7.87,0.93,1.09,12.1,1.51,9297733453.0,9040434619.0,-0.13,-0.13,3.31,4.83
4239,688270,ST臻镭,56.29,-0.76,-0.43,42687.0,240286256.0,2.19,56.99,55.75,56.66,56.72,0.99,1.43,112.71,7.23,16859679254.0,16859679254.0,0.02,-0.05,-27.74,-35.48
4240,920123,芭薇股份,11.71,-0.76,-0.09,16918.0,19785485.33,3.73,12.0,11.56,11.69,11.8,0.61,2.6,30.04,3.13,1306133400.0,760973132.0,-0.09,0.09,9.85,-20.99
4241,002615,哈尔斯,6.49,-0.76,-0.05,65385.0,42552467.0,1.68,6.58,6.47,6.56,6.54,0.81,2.16,37.17,1.52,3633178076.0,1961388051.0,0.15,0.0,-18.26,-15.38
4242,000048,京基智农,22.14,-0.76,-0.17,133321.0,294516781.63,3.41,22.46,21.7,22.22,22.31,1.0,2.52,-12.0,3.37,11738688885.0,11718762885.0,0.0,-0.23,17.08,25.8
4243,605018,长华集团,11.72,-0.76,-0.09,23199.0,27483569.0,2.88,12.04,11.7,11.81,11.81,0.61,0.49,154.81,1.99,5509171094.0,5509171094.0,0.09,-0.09,-24.39,2.54
4244,002175,*ST东智,2.58,-0.77,-0.02,121155.0,31335348.0,1.92,2.62,2.57,2.6,2.6,0.72,0.95,529.64,4.23,3294094276.0,3294094276.0,-0.39,0.0,17.27,-41.76
4245,002340,格林美,6.41,-0.77,-0.05,539034.0,345131033.97,1.24,6.44,6.36,6.42,6.46,0.76,1.06,15.19,1.51,32706125427.0,32537043864.0,0.0,0.0,-11.83,-22.49
4246,600663,陆家嘴,9.02,-0.77,-0.07,175137.0,158558351.0,2.31,9.14,8.93,9.1,9.09,1.09,0.45,20.49,1.78,45417086185.0,35488447465.0,0.22,-0.11,36.87,14.9
4247,300573,兴齐眼药,37.3,-0.77,-0.29,40125.0,150080166.75,1.6,37.86,37.26,37.66,37.59,0.87,1.48,15.38,6.12,13238432970.0,10145511450.0,0.0,0.0,-0.35,-21.95
4248,600057,厦门象屿,6.47,-0.77,-0.05,174293.0,113642144.0,2.91,6.65,6.46,6.56,6.52,0.84,0.83,8.62,1.21,18368430537.0,13538540761.0,-0.15,0.0,6.77,-22.98
4249,002574,明牌珠宝,5.15,-0.77,-0.04,111466.0,57469726.4,2.7,5.24,5.1,5.18,5.19,0.52,2.11,-71.99,1.01,2719200000.0,2719200000.0,-0.39,-0.19,8.42,-8.36
4250,000402,金 融 街,2.58,-0.77,-0.02,383712.0,98821566.62,1.92,2.6,2.55,2.58,2.6,0.41,1.28,-44.55,0.4,7711439160.0,7710761304.0,0.39,0.39,-6.52,-6.18
4251,920057,百甲科技,5.09,-0.78,-0.04,15110.0,7640811.01,3.9,5.19,4.99,5.12,5.13,0.58,1.3,-185.82,1.29,922630182.0,593149636.0,0.2,0.59,-1.93,-21.33
4252,000752,*ST西发,8.88,-0.78,-0.07,32820.0,29247739.0,3.02,9.08,8.81,8.98,8.95,1.27,1.24,52.81,3.68,2342175400.0,2342175400.0,0.23,-0.11,-3.48,-19.2
4253,000568,泸州老窖,79.3,-0.78,-0.62,76964.0,609938971.3,2.05,80.3,78.66,79.6,79.92,0.65,0.52,13.45,2.98,116721786016.0,116655068864.0,-0.04,-0.03,-1.59,-28.2
4254,603577,汇金通,10.2,-0.78,-0.08,30033.0,30636122.0,2.72,10.38,10.1,10.26,10.28,0.68,0.89,46.61,1.75,3459218820.0,3459218820.0,0.29,0.0,10.27,-2.49
4255,920522,纳科诺尔,18.97,-0.78,-0.15,55931.0,106029337.2,3.71,19.36,18.65,18.99,19.12,0.99,3.07,128.02,3.86,4162985622.0,3452999453.0,0.11,0.21,-34.47,-56.45
4256,600328,中盐化工,6.34,-0.78,-0.05,88055.0,55952140.0,1.41,6.4,6.31,6.36,6.39,0.47,0.6,-17.07,0.79,9296402439.0,9296402439.0,0.0,0.0,-5.93,-22.78
4257,688557,兰剑智能,20.3,-0.78,-0.16,10924.0,22314891.0,2.0,20.67,20.26,20.52,20.46,0.61,0.74,34.31,2.46,3010947318.0,3010947318.0,0.15,0.2,4.05,-18.77
4258,688365,光云科技,15.27,-0.78,-0.12,127343.0,195045593.0,2.73,15.58,15.16,15.28,15.39,0.73,2.99,279.6,6.73,6509458745.0,6509458745.0,0.07,0.2,-13.29,-9.48
4259,920062,科润智控,7.54,-0.79,-0.06,12550.0,9497935.68,2.63,7.69,7.49,7.68,7.6,0.47,0.94,156.11,1.91,1422845329.0,1001794409.0,0.0,0.0,-21.54,-21.29
4260,300634,彩讯股份,20.14,-0.79,-0.16,93825.0,188817534.73,2.46,20.45,19.95,20.4,20.3,0.77,2.16,66.11,3.0,9087387526.0,8746268290.0,0.0,0.05,-4.14,-19.73
4261,002580,圣阳股份,22.48,-0.79,-0.18,893880.0,2023548661.13,5.6,23.28,22.01,22.32,22.66,1.11,19.76,46.2,4.18,10202974963.0,10168576224.0,0.0,-0.27,8.44,81.29
4262,603126,中材节能,6.3,-0.79,-0.05,52286.0,32999000.0,1.42,6.35,6.26,6.32,6.35,0.5,0.86,430.77,1.89,3846150000.0,3846150000.0,-0.16,-0.16,-16.45,-6.11
4263,000685,中山公用,11.34,-0.79,-0.09,119368.0,135362856.2,1.66,11.48,11.29,11.45,11.43,0.75,0.96,5.67,0.86,16644071014.0,14136239200.0,0.09,0.09,9.46,0.62
4264,603271,永杰新材,40.71,-0.8,-0.33,13055.0,52971608.0,2.31,41.18,40.23,41.18,41.04,0.71,1.38,7.85,2.38,8066075850.0,3850188797.0,0.0,0.1,-9.23,0.2
4265,920124,南特科技,12.35,-0.8,-0.1,7363.0,9105147.72,2.09,12.55,12.29,12.55,12.45,0.65,0.96,26.92,1.72,1836856440.0,945780401.0,0.08,0.32,-16.61,-31.62
4266,601003,柳钢股份,3.74,-0.8,-0.03,203751.0,76272567.0,1.86,3.78,3.71,3.74,3.77,0.65,0.77,64.71,1.07,9851989424.0,9851989424.0,-0.53,0.0,2.47,-24.14
4267,300750,宁德时代,348.2,-0.8,-2.8,246788.0,8581370372.78,1.79,351.8,345.5,351.05,351.0,1.0,0.58,18.61,4.32,1611041456762.0,1483400424782.0,0.01,0.06,-11.5,-2.99
4268,300825,阿尔特,12.42,-0.8,-0.1,268712.0,336714720.72,3.27,12.75,12.34,12.42,12.52,0.9,5.55,117.4,2.99,6146415574.0,6017339718.0,0.0,0.0,-18.56,28.31
4269,688058,宝兰德,24.85,-0.8,-0.2,13484.0,33579341.0,3.87,25.5,24.53,25.1,25.05,0.97,1.78,-16.04,3.18,1884538118.0,1884538118.0,-0.2,-0.04,5.43,-8.74
4270,000656,金科股份,1.24,-0.8,-0.01,1274032.0,157806797.41,1.6,1.25,1.23,1.24,1.25,0.64,1.68,353.71,3.15,13130027224.0,9407999824.0,0.81,0.0,-9.49,-13.89
4271,000042,中洲控股,8.69,-0.8,-0.07,48163.0,41910024.51,1.71,8.78,8.63,8.73,8.76,0.64,0.73,2.92,1.74,5777382598.0,5771395953.0,0.0,0.0,-2.91,14.04
4272,600199,金种子酒,7.47,-0.8,-0.06,239066.0,177778453.0,2.26,7.56,7.39,7.43,7.53,0.8,3.63,-37.89,2.59,4913742275.0,4913742275.0,0.27,0.4,9.85,-22.83
4273,002111,威海广泰,9.96,-0.8,-0.08,85015.0,84749564.96,1.39,10.06,9.92,10.05,10.04,0.69,1.74,16.68,1.73,5298830078.0,4867965906.0,-0.1,-0.1,6.52,-3.11
4274,600816,建元信托,2.48,-0.8,-0.02,746790.0,185586302.0,1.6,2.51,2.47,2.5,2.5,0.9,1.37,11.39,1.61,24414231670.0,13563462039.0,0.4,0.4,-6.77,-12.37
4275,002912,中新赛克,19.84,-0.8,-0.16,21114.0,41959642.0,1.95,20.13,19.74,19.99,20.0,0.77,1.3,-13.11,2.23,3387719680.0,3218501066.0,0.05,0.0,2.96,-33.29
4276,600088,中视传媒,12.4,-0.8,-0.1,105431.0,130424195.0,3.6,12.68,12.23,12.4,12.5,0.78,2.65,-91.08,4.05,4931559360.0,4931559360.0,-0.08,-0.08,-12.68,-23.27
4277,300532,今天国际,7.34,-0.81,-0.06,67626.0,49583712.67,1.49,7.41,7.3,7.41,7.4,0.5,1.12,17.62,2.54,4665599802.0,4437628283.0,0.14,0.14,8.9,-11.25
4278,000751,锌业股份,4.91,-0.81,-0.04,327571.0,160163022.8,1.62,4.93,4.85,4.91,4.95,0.51,2.03,61.36,2.16,7932746221.0,7932743644.0,0.0,0.0,-3.54,20.34
4279,600509,天富能源,7.39,-0.81,-0.06,124253.0,92268367.0,1.48,7.48,7.37,7.46,7.45,0.8,0.9,16.85,1.28,10156796838.0,10156796838.0,0.0,-0.14,-8.2,-9.66
4280,300768,迪普科技,14.76,-0.81,-0.12,43026.0,63655078.0,1.55,14.92,14.69,14.86,14.88,0.83,1.02,65.62,2.69,9502916616.0,6209045422.0,-0.07,0.07,5.05,-20.0
4281,300516,久之洋,35.6,-0.81,-0.29,57287.0,204183096.33,2.79,36.4,35.4,36.06,35.89,0.64,2.27,325.7,6.87,8971200000.0,8971200000.0,0.0,-0.03,-1.58,-38.19
4282,002075,沙钢股份,3.67,-0.81,-0.03,215433.0,79372728.21,1.62,3.72,3.66,3.69,3.7,0.86,0.98,29.37,1.21,8051339383.0,8051326446.0,0.0,-0.27,3.38,-35.95
4283,002508,老板电器,15.92,-0.81,-0.13,56438.0,89964086.86,2.24,16.21,15.85,16.06,16.05,0.79,0.6,13.01,1.3,15044287223.0,14863004129.0,-0.06,-0.25,-2.39,-15.54
4284,300575,中旗股份,6.1,-0.81,-0.05,86351.0,52588666.8,1.3,6.14,6.06,6.13,6.15,0.75,2.49,29.56,1.45,2919371245.0,2112562468.0,0.16,0.16,8.16,4.63
4285,300729,乐歌股份,10.83,-0.82,-0.09,22681.0,24605812.0,1.47,10.96,10.8,10.87,10.92,0.64,0.69,86.51,1.04,3699673176.0,3553154756.0,-0.18,0.0,2.85,-18.63
4286,002054,德美化工,7.23,-0.82,-0.06,90135.0,65277955.91,1.65,7.32,7.2,7.27,7.29,0.88,2.34,17.96,1.32,3485694718.0,2779036087.0,0.14,0.14,-3.08,-1.09
4287,300818,耐普矿机,18.23,-0.82,-0.15,19648.0,36061497.8,2.56,18.59,18.12,18.39,18.38,0.74,1.38,-170.06,2.26,3999801806.0,2591070115.0,-0.16,0.11,-16.22,-37.27
4288,920553,凯腾精工,7.27,-0.82,-0.06,9145.0,6647069.95,3.68,7.49,7.22,7.49,7.33,0.48,0.97,71.67,2.94,1044629644.0,681950609.0,0.0,-0.14,0.14,-26.42
4289,000582,北部湾港,12.08,-0.82,-0.1,855507.0,1045106090.07,6.08,12.62,11.88,12.36,12.18,1.77,3.97,27.25,1.48,30406380518.0,26054726534.0,0.0,0.17,7.57,29.89
4290,600758,辽宁能源,3.64,-0.82,-0.03,405482.0,147739126.0,2.18,3.69,3.61,3.66,3.67,0.37,3.07,-5.23,0.96,4812143314.0,4807505954.0,0.0,0.0,-10.57,0.0
4291,920167,同享科技,14.6,-0.82,-0.12,13752.0,20121180.65,2.99,14.89,14.45,14.82,14.72,0.7,2.1,16.86,2.39,1606386900.0,954311655.0,0.07,0.07,-15.7,-14.52
4292,600604,市北高新,4.82,-0.82,-0.04,189205.0,90897043.0,2.26,4.86,4.75,4.84,4.86,0.47,1.34,-63.48,1.5,9029329155.0,6783932155.0,0.21,0.21,14.22,-13.0
4293,000968,蓝焰控股,7.23,-0.82,-0.06,177717.0,128384639.3,2.33,7.33,7.16,7.28,7.29,0.55,1.84,17.7,1.09,6995044232.0,6995044232.0,0.0,0.0,1.83,10.21
4294,002479,富春环保,6.0,-0.83,-0.05,165640.0,98957423.0,2.48,6.05,5.9,6.03,6.05,0.83,1.92,8.09,1.18,5190000000.0,5178437064.0,0.17,0.0,25.79,25.0
4295,300527,ST应急,8.4,-0.83,-0.07,74616.0,62852984.79,1.53,8.52,8.39,8.5,8.47,0.63,0.73,292.89,2.91,8540871125.0,8540871125.0,-0.12,0.0,15.38,4.22
4296,920221,易实精密,13.15,-0.83,-0.11,10290.0,13518375.07,2.79,13.39,13.02,13.39,13.26,0.62,1.66,27.74,3.59,1560247500.0,814391440.0,0.15,0.23,-5.46,-23.23
4297,920166,海圣医疗,20.35,-0.83,-0.17,2438.0,4959953.04,2.68,20.73,20.18,20.46,20.52,0.48,1.03,24.99,2.39,1532235301.0,483611787.0,-0.49,0.05,-8.08,61.0
4298,601216,君正集团,4.78,-0.83,-0.04,621798.0,298519196.0,2.9,4.89,4.75,4.82,4.82,0.9,0.74,12.1,1.47,40333723124.0,40333723124.0,0.0,-0.21,-2.05,7.66
4299,301371,敷尔佳,21.5,-0.83,-0.18,33507.0,72124925.55,1.89,21.79,21.38,21.73,21.68,0.82,4.3,21.84,2.02,11182236000.0,1676468950.0,0.23,0.14,-20.84,-6.07
4300,920781,瑞奇智造,5.98,-0.83,-0.05,16134.0,9652929.92,2.65,6.08,5.92,6.03,6.03,0.53,1.34,-27.41,2.69,924310983.0,719790402.0,0.0,0.0,-3.24,-33.26
4301,920682,球冠电缆,6.0,-0.83,-0.05,21077.0,12601428.63,1.98,6.06,5.94,6.06,6.05,0.48,0.93,35.95,2.07,2336256000.0,1354840716.0,0.33,0.5,-7.98,-19.79
4302,688758,赛分科技,26.18,-0.83,-0.22,73091.0,190047865.0,3.75,26.59,25.6,26.28,26.4,0.78,2.45,49.27,7.86,10903029719.0,7806448533.0,0.04,-0.04,32.36,48.24
4303,300670,大烨智能,7.16,-0.83,-0.06,124009.0,88489577.0,4.85,7.35,7.0,7.16,7.22,0.76,5.52,160.82,5.15,2269150630.0,1608810658.0,0.28,-0.14,14.38,0.7
4304,601006,大秦铁路,4.79,-0.83,-0.04,1103427.0,529696358.0,1.45,4.84,4.77,4.84,4.83,1.04,0.56,11.18,0.58,95143256407.0,95143256407.0,0.0,0.0,-2.64,-4.58
4305,002192,融捷股份,64.89,-0.83,-0.54,107039.0,694860016.0,2.22,65.5,64.05,65.38,65.43,0.68,4.13,8.41,3.71,16849026123.0,16814143724.0,0.02,0.06,-27.51,25.93
4306,603392,万泰生物,27.44,-0.83,-0.23,54791.0,150079571.0,2.1,27.82,27.24,27.8,27.67,0.61,0.43,-135.19,2.96,34694938542.0,34694938542.0,0.0,-0.07,-7.05,-38.94
4307,600879,航天电子,14.26,-0.83,-0.12,465885.0,665400730.0,1.81,14.46,14.2,14.39,14.38,0.7,1.41,579.56,2.26,47048008503.0,47048008503.0,0.0,0.14,-28.66,-33.05
4308,603102,百合股份,38.38,-0.83,-0.32,16750.0,64875938.0,2.14,39.19,38.36,38.72,38.7,0.68,2.62,19.79,1.47,2456320000.0,2456320000.0,0.0,-0.21,11.73,-9.14
4309,688015,交控科技,16.7,-0.83,-0.14,13112.0,21863619.0,2.85,16.99,16.51,16.99,16.84,0.7,0.69,29.14,1.19,3150968391.0,3150968391.0,0.0,0.18,-0.77,-25.31
4310,920931,无锡鼎邦,10.81,-0.83,-0.09,6548.0,7140081.77,3.21,11.12,10.77,11.0,10.9,0.41,2.28,143.39,2.59,1015383300.0,311066398.0,-0.46,-0.64,5.36,-24.09
4311,300065,海兰信,15.49,-0.83,-0.13,224465.0,348630322.68,1.54,15.69,15.45,15.62,15.62,0.96,3.42,545.18,6.32,11176641588.0,10171736017.0,0.0,0.0,-16.5,-14.75
4312,000096,广聚能源,8.22,-0.84,-0.07,34515.0,28334323.25,1.09,8.26,8.17,8.2,8.29,0.5,0.68,31.63,1.57,4340160000.0,4199170560.0,0.0,0.0,4.85,-19.41
4313,600262,北方股份,15.35,-0.84,-0.13,41019.0,63110433.0,2.07,15.6,15.28,15.52,15.48,0.57,1.72,13.33,1.96,3653300000.0,3653300000.0,-0.07,0.0,2.06,-16.21
4314,600582,天地科技,4.7,-0.84,-0.04,188700.0,89100945.0,1.27,4.76,4.7,4.73,4.74,0.73,0.46,13.24,0.77,19451367792.0,19451367792.0,0.0,-0.21,-11.15,-15.01
4315,300365,恒华科技,4.75,-0.84,-0.04,74193.0,35282664.85,1.67,4.8,4.72,4.75,4.79,0.8,1.45,-45.76,1.82,2849313478.0,2430691931.0,0.21,-0.21,-0.84,-24.84
4316,301223,中荣股份,17.64,-0.84,-0.15,10799.0,19080252.37,2.59,17.93,17.47,17.93,17.79,0.7,0.56,21.24,1.14,3406770158.0,3406770158.0,0.0,-0.11,9.16,-2.11
4317,300324,旋极信息,3.55,-0.84,-0.03,249330.0,88554000.52,2.51,3.61,3.52,3.58,3.58,0.81,1.46,-21.78,2.59,6132946612.0,6070440885.0,0.28,0.28,-8.27,-40.64
4318,601377,兴业证券,5.91,-0.84,-0.05,799125.0,472141395.0,2.18,5.99,5.86,5.97,5.96,1.11,0.93,11.99,0.92,51038684908.0,51038684908.0,0.0,0.0,0.17,-19.26
4319,002497,雅化集团,17.73,-0.84,-0.15,237344.0,420852045.72,1.9,17.86,17.52,17.75,17.88,0.61,2.24,8.4,1.68,20434933480.0,18786488414.0,-0.06,-0.17,-22.2,-28.19
4320,920080,奥美森,22.34,-0.84,-0.19,5406.0,12020506.2,2.49,22.66,22.1,22.28,22.53,0.43,2.35,23.83,3.31,1854220000.0,513277160.0,0.04,0.63,-2.23,-17.5
4321,300170,汉得信息,16.47,-0.84,-0.14,455229.0,751171162.23,2.29,16.71,16.33,16.62,16.61,0.64,4.58,90.8,2.95,17135712640.0,16375699533.0,-0.06,0.12,-4.74,-12.9
4322,920339,恒太照明,10.61,-0.84,-0.09,8369.0,8896855.86,1.87,10.76,10.56,10.69,10.7,0.72,0.56,285.94,4.0,2329840149.0,1597467234.0,-0.75,-0.56,-7.74,8.27
4323,300059,东方财富,18.99,-0.84,-0.16,1587147.0,3017840890.31,1.62,19.23,18.92,19.15,19.15,0.76,1.19,18.63,3.05,300463575626.0,254321024795.0,0.0,0.05,5.5,-17.72
4324,600383,金地集团,2.37,-0.84,-0.02,928789.0,220638907.0,2.51,2.41,2.35,2.38,2.39,0.63,2.06,-1.94,0.25,10699563066.0,10699563066.0,0.0,0.42,-5.58,-22.55
4325,688296,和达科技,23.67,-0.84,-0.2,33675.0,80548764.0,4.94,24.74,23.56,24.74,23.87,0.59,3.14,-52.2,4.54,2541996097.0,2541996097.0,0.04,0.0,78.91,78.64
4326,002382,蓝帆医疗,5.9,-0.84,-0.05,91078.0,53965132.47,1.68,5.98,5.88,5.94,5.95,0.76,0.91,31.07,0.83,5944785283.0,5886974139.0,0.0,0.0,2.79,5.36
4327,301513,尚水智能,44.42,-0.85,-0.38,5897.0,26364594.56,1.72,45.13,44.36,45.13,44.8,0.84,2.93,99.49,3.41,4442000000.0,895018091.0,0.02,0.05,-26.58,69.61
4328,603489,八方股份,27.9,-0.85,-0.24,16636.0,46450404.0,2.2,28.22,27.6,28.14,28.14,0.66,0.71,30.51,2.34,6545841614.0,6545841614.0,0.07,0.07,-11.06,-8.31
4329,688219,会通股份,10.47,-0.85,-0.09,52120.0,54695501.0,1.7,10.61,10.43,10.6,10.56,1.01,0.95,26.79,1.91,5744191698.0,5744191698.0,0.1,0.1,-8.48,-14.67
4330,002117,东港股份,8.21,-0.85,-0.07,69944.0,57340801.1,1.81,8.28,8.13,8.21,8.28,0.64,1.34,21.81,3.13,4299749041.0,4298383923.0,0.0,0.0,-8.98,-39.23
4331,301079,邵阳液压,29.31,-0.85,-0.25,46790.0,137346932.51,2.6,29.79,29.02,29.53,29.56,1.02,6.08,185.6,6.59,3178896184.0,2254918306.0,0.0,-0.2,-11.56,-7.22
4332,600123,兰花科创,6.99,-0.85,-0.06,189139.0,132652172.0,2.41,7.12,6.95,7.01,7.05,0.65,1.28,61.95,0.67,10297947747.0,10297947747.0,0.14,0.0,0.0,18.27
4333,000599,青岛双星,4.69,-0.85,-0.04,92131.0,43407516.28,1.48,4.75,4.68,4.73,4.73,1.18,1.13,40.08,1.85,11458200528.0,3830520505.0,-0.21,-0.21,-2.49,-29.15
4334,600718,东软集团,8.05,-0.86,-0.07,86260.0,69567622.0,2.96,8.25,8.01,8.1,8.12,0.91,0.72,-16.67,1.11,9631332759.0,9631332759.0,-0.12,0.0,2.68,-20.06
4335,600436,片仔癀,122.68,-0.86,-1.07,20120.0,247414053.0,1.99,124.91,122.45,124.4,123.75,0.79,0.33,33.86,5.07,74014955323.0,74014955323.0,0.01,0.02,3.97,-26.63
4336,688676,金盘科技,67.91,-0.86,-0.59,124533.0,845472311.0,2.93,69.23,67.22,69.0,68.5,0.89,2.71,51.58,6.12,31224039281.0,31224039281.0,0.01,0.07,-15.64,-24.26
4337,002254,泰和新材,12.62,-0.86,-0.11,128609.0,163069901.4,1.65,12.8,12.59,12.71,12.73,0.74,1.51,97.25,1.51,10746285669.0,10734230099.0,-0.24,0.0,-30.12,26.2
4338,300378,鼎捷数智,39.4,-0.86,-0.34,234085.0,919749449.21,2.57,39.9,38.88,39.39,39.74,0.7,8.69,28.39,4.32,10699253683.0,10618818583.0,0.03,0.13,11.74,-12.72
4339,920061,西磁科技,18.45,-0.86,-0.16,7851.0,14573272.63,3.01,18.9,18.34,18.55,18.61,0.52,1.99,198.8,4.71,1306075500.0,726273180.0,0.05,-0.11,-16.44,-34.41
4340,605066,天正电气,6.94,-0.86,-0.06,48916.0,34061596.0,1.71,7.05,6.93,7.0,7.0,0.76,0.97,51.48,2.06,3486885888.0,3486885888.0,0.0,0.0,8.27,-3.61
4341,300253,卫宁健康,6.95,-0.86,-0.06,378276.0,263295340.97,2.28,7.07,6.91,7.05,7.01,0.73,2.04,-43.36,2.84,15298860416.0,12889618515.0,0.0,0.14,-3.2,-21.2
4342,600675,中华企业,2.3,-0.86,-0.02,355650.0,81905662.0,1.29,2.32,2.29,2.32,2.32,0.67,0.59,-23.25,0.99,13906111261.0,13906111261.0,0.0,0.44,-4.17,-14.81
4343,920689,克莱特,20.77,-0.86,-0.18,5049.0,10459006.38,2.53,21.03,20.5,20.95,20.95,0.48,1.33,26.78,3.16,1524518000.0,787818915.0,0.05,-0.24,-10.9,-31.36
4344,300192,科德教育,18.5,-0.86,-0.16,159784.0,293842258.67,3.7,18.84,18.15,18.77,18.66,0.56,3.51,228.08,8.59,8524812210.0,8425635930.0,-0.27,-0.11,60.59,22.6
4345,300555,ST路通,12.63,-0.86,-0.11,7837.0,9975556.0,1.73,12.85,12.63,12.74,12.74,0.89,0.4,-58.66,6.35,2526000000.0,2501211895.0,-0.24,-0.16,7.86,-13.85
4346,600100,同方股份,6.81,-0.87,-0.06,166423.0,113675016.0,1.89,6.9,6.77,6.89,6.87,0.82,0.5,-110.58,1.46,22815527426.0,22815527426.0,-0.15,0.0,-3.68,-23.31
4347,600066,宇通客车,28.43,-0.87,-0.25,156182.0,441996273.0,3.28,28.74,27.8,28.55,28.68,0.88,0.71,16.85,4.85,62942292110.0,62942292110.0,-0.04,0.04,-1.46,-7.39
4348,300193,佳士科技,8.02,-0.87,-0.07,35831.0,28898367.0,1.61,8.13,8.0,8.07,8.09,0.63,0.86,21.79,1.64,3819523436.0,3353612499.0,0.0,-0.12,6.93,-7.28
4349,601901,方正证券,6.86,-0.87,-0.06,390983.0,268868880.0,1.59,6.96,6.85,6.93,6.92,0.89,0.47,9.55,1.08,56472215570.0,56472215570.0,-0.15,-0.15,3.78,-11.14
4350,688681,科汇股份,15.93,-0.87,-0.14,17856.0,28573481.0,2.68,16.23,15.8,16.07,16.07,0.86,1.71,60.13,2.73,1667393100.0,1667393100.0,0.0,0.06,3.51,-8.4
4351,600271,航天信息,6.82,-0.87,-0.06,106133.0,72266710.0,1.89,6.9,6.77,6.88,6.88,0.98,0.57,-16.76,0.98,12636673231.0,12636673231.0,0.15,0.15,-3.67,-41.66
4352,300229,拓尔思,13.67,-0.87,-0.12,262480.0,359094095.66,3.19,13.99,13.55,13.83,13.79,0.78,3.01,-35.38,3.25,11942398140.0,11934323285.0,0.0,-0.07,-9.77,-31.31
4353,000031,大悦城,2.28,-0.87,-0.02,400869.0,91532050.52,2.17,2.31,2.26,2.3,2.3,0.59,0.94,-6.76,0.99,9772794413.0,9772774718.0,0.0,0.0,-8.8,-19.15
4354,920003,中诚咨询,15.98,-0.87,-0.14,6265.0,10015821.69,2.11,16.2,15.86,16.1,16.12,0.49,3.22,14.81,2.42,1447788000.0,311073392.0,0.5,0.44,-15.23,-29.73
4355,920580,科创新材,11.39,-0.87,-0.1,9538.0,10835609.45,3.22,11.62,11.25,11.5,11.49,0.57,1.74,32.31,2.79,979540000.0,623751413.0,0.09,0.53,-8.15,-22.88
4356,688334,西高院,18.24,-0.87,-0.16,13799.0,25215246.0,1.58,18.49,18.2,18.4,18.4,1.06,0.44,20.75,1.99,5774409460.0,5694000299.0,0.0,0.11,-1.08,-4.8
4357,600117,西宁特钢,2.27,-0.87,-0.02,103551.0,23517868.0,1.75,2.29,2.25,2.29,2.29,0.72,0.32,-11.87,2.14,7389110725.0,7389110725.0,-0.44,0.0,0.0,-20.07
4358,688357,建龙微纳,26.3,-0.87,-0.23,6580.0,17353672.0,3.05,26.89,26.08,26.89,26.53,0.88,0.66,34.93,1.51,2631574713.0,2631574713.0,0.19,0.08,-6.9,-19.69
4359,600938,中国海油,33.12,-0.87,-0.29,445314.0,1469411246.0,3.35,33.65,32.53,33.44,33.41,1.08,1.49,9.17,1.84,1574192075950.0,99028800000.0,0.0,-0.03,0.73,11.52
4360,920375,派诺科技,6.87,-0.87,-0.06,18771.0,12962662.25,3.03,7.04,6.83,7.0,6.93,0.41,1.93,-16.78,1.39,1045032729.0,666491236.0,0.0,0.0,-17.43,-26.13
4361,300510,金冠股份,3.43,-0.87,-0.03,162101.0,55658818.42,2.02,3.47,3.4,3.45,3.46,0.79,1.97,-19.39,1.51,2828689101.0,2828689101.0,-0.29,0.0,-0.29,-16.95
4362,000538,云南白药,50.57,-0.88,-0.45,96083.0,484716790.72,1.78,51.01,50.1,51.01,51.02,1.2,0.54,12.19,2.2,90230159834.0,90223575114.0,0.0,-0.06,-0.06,-8.35
4363,300743,天地数码,14.65,-0.88,-0.13,20781.0,30598233.0,1.56,14.84,14.61,14.79,14.78,0.8,1.63,16.45,3.65,2215143332.0,1866569626.0,-0.07,-0.07,-5.97,-32.43
4364,601388,怡球资源,3.37,-0.88,-0.03,237547.0,80011497.0,1.47,3.39,3.34,3.39,3.4,0.59,1.08,16.45,1.57,7418120216.0,7418120216.0,0.3,0.3,3.69,12.71
4365,600698,湖南天雁,7.84,-0.88,-0.07,742364.0,586683223.0,7.08,8.26,7.7,8.22,7.91,1.21,8.94,2043.01,11.31,8378119819.0,6510741649.0,0.13,-0.25,13.46,-13.27
4366,003018,金富科技,55.01,-0.88,-0.49,230308.0,1262892459.93,5.46,56.05,53.02,55.52,55.5,0.85,8.09,89.78,10.11,17270388510.0,15650980531.0,0.24,0.24,13.1,282.81
4367,300458,全志科技,31.55,-0.88,-0.28,432209.0,1367766756.23,2.8,32.22,31.33,32.1,31.83,0.84,5.31,31.98,9.0,31349258361.0,25686478721.0,0.03,0.0,3.99,-9.5
4368,600298,安琪酵母,41.61,-0.88,-0.37,58598.0,244037587.0,2.53,42.29,41.23,41.83,41.98,0.85,0.68,20.49,2.9,36109810070.0,35666031098.0,0.0,-0.19,13.38,-3.66
4369,300412,迦南科技,4.52,-0.88,-0.04,80429.0,36477179.6,1.54,4.58,4.51,4.56,4.56,0.95,1.72,-539.1,2.2,2249859999.0,2114734640.0,0.0,0.0,6.1,-14.56
4370,000717,中南股份,2.25,-0.88,-0.02,151903.0,34137015.0,2.2,2.28,2.23,2.28,2.27,0.73,0.63,-103.63,0.81,5453652578.0,5453318453.0,0.0,0.45,3.69,-13.13
4371,601990,南京证券,6.79,-0.88,-0.06,207168.0,141318400.0,1.46,6.88,6.78,6.86,6.85,0.83,0.49,18.78,1.28,29873472728.0,28733411392.0,0.0,0.0,3.66,-13.39
4372,603365,水星家纺,16.75,-0.89,-0.15,16701.0,28038568.0,1.6,16.99,16.72,16.9,16.9,0.93,0.64,14.64,1.42,4396813025.0,4373989475.0,0.12,0.06,-5.95,-16.46
4373,300541,先进数通,10.05,-0.89,-0.09,58188.0,58418917.4,1.97,10.17,9.97,10.16,10.14,0.86,1.5,-145.26,2.56,4321947145.0,3899856391.0,0.1,0.2,-1.28,-32.96
4374,300789,唐源电气,16.64,-0.89,-0.15,22403.0,37474088.96,2.26,16.96,16.58,16.83,16.79,0.58,1.61,-35.72,2.4,2393648308.0,2322598387.0,0.18,0.18,-11.63,-27.24
4375,600676,久事动娱,6.67,-0.89,-0.06,64190.0,42816647.0,1.78,6.75,6.63,6.72,6.73,0.65,0.62,154.91,1.4,6860047936.0,6860047936.0,-0.15,-0.15,2.3,13.44
4376,000561,烽火电子,7.79,-0.89,-0.07,59933.0,46677361.29,2.04,7.89,7.73,7.89,7.86,0.75,0.77,-26.85,2.37,6730702074.0,6046966934.0,-0.13,-0.13,-2.01,-36.25
4377,600617,国新能源,3.33,-0.89,-0.03,234352.0,78132955.0,3.27,3.4,3.29,3.39,3.36,0.72,1.32,29.76,2.02,6424208614.0,5912557154.0,0.0,0.0,6.39,6.05
4378,603131,上海沪工,14.42,-0.89,-0.13,40462.0,58570752.0,1.72,14.62,14.37,14.52,14.55,0.93,1.2,349.07,2.95,4858202112.0,4858202112.0,-0.07,0.0,-22.72,-52.33
4379,603352,至信股份,25.72,-0.89,-0.23,7189.0,18519396.0,2.24,26.08,25.5,26.03,25.95,0.61,1.59,53.96,1.97,5829866675.0,1165973350.0,0.04,-0.12,-7.95,18.14
4380,002925,盈趣科技,23.12,-0.9,-0.21,112025.0,258825524.47,3.56,23.63,22.8,23.5,23.33,0.88,1.53,26.39,3.41,17840988505.0,16902312806.0,-0.09,-0.09,10.57,38.36
4381,603985,恒润股份,17.6,-0.9,-0.16,88592.0,157046602.0,2.7,18.03,17.55,17.84,17.76,0.73,2.01,56.76,2.34,7759100853.0,7759100853.0,0.0,-0.06,-25.39,15.94
4382,603299,苏盐井神,8.85,-0.9,-0.08,39527.0,35056409.0,1.23,8.94,8.83,8.93,8.93,0.88,0.42,24.17,1.05,8449625451.0,8358119991.0,0.0,0.0,-10.61,-12.98
4383,000661,长春高新,73.08,-0.9,-0.66,38303.0,280148125.04,1.7,74.1,72.85,73.6,73.74,0.61,0.96,31.36,1.33,29812074619.0,29204502261.0,-0.08,-0.03,9.89,-20.9
4384,688230,芯导科技,59.21,-0.9,-0.54,15362.0,91165069.0,3.72,60.8,58.58,59.92,59.75,0.93,1.31,46.11,3.03,6963096000.0,6963096000.0,0.56,0.63,-6.59,-17.82
4385,600010,包钢股份,2.19,-0.9,-0.02,3216715.0,705684728.0,1.81,2.22,2.18,2.21,2.21,0.98,1.03,177.26,1.89,99045012156.0,68586884033.0,-0.45,0.0,-8.37,-7.98
4386,000520,凤凰航运,4.4,-0.9,-0.04,659956.0,293720720.92,4.73,4.6,4.39,4.45,4.44,0.88,6.52,74.49,9.96,4453167202.0,4453167202.0,-0.9,-0.68,6.02,-9.09
4387,000045,深纺织Ａ,10.86,-0.91,-0.1,44558.0,48576594.86,1.37,10.98,10.83,10.9,10.96,0.67,0.97,54.17,1.83,5500827280.0,4963257280.0,-0.37,-0.09,1.88,-10.76
4388,601390,中国中铁,4.35,-0.91,-0.04,945782.0,411391694.0,1.59,4.4,4.33,4.39,4.39,1.06,0.47,6.16,0.33,106711199931.0,88409053431.0,0.23,0.23,-2.9,-18.23
4389,300138,晨光生物,11.92,-0.91,-0.11,57317.0,68337142.0,1.83,12.08,11.86,12.05,12.03,0.7,1.44,16.13,1.69,5758553109.0,4747894441.0,0.25,0.25,19.2,-1.57
4390,603598,引力传媒,18.6,-0.91,-0.17,300881.0,556427855.0,3.41,18.75,18.11,18.65,18.77,1.02,11.16,143.23,21.69,5022271560.0,5016691560.0,-0.05,-0.11,-1.59,9.48
4391,002422,科伦药业,41.54,-0.91,-0.38,110177.0,457974558.0,1.98,41.98,41.15,41.93,41.92,0.58,0.85,29.3,2.68,66081051380.0,53942041829.0,0.05,0.07,11.34,43.84
4392,603176,汇通集团,5.44,-0.91,-0.05,40275.0,22019357.0,2.91,5.59,5.43,5.44,5.49,0.72,0.87,-20.31,2.44,2563391675.0,2512284507.0,0.0,-0.37,12.86,3.62
4393,600185,珠免集团,5.43,-0.91,-0.05,1049509.0,572952609.0,6.02,5.6,5.27,5.28,5.48,1.49,5.57,146.76,181.69,10235581467.0,10235581467.0,-0.18,0.0,8.17,-20.26
4394,600064,南京高科,7.6,-0.91,-0.07,138516.0,105667619.0,1.83,7.72,7.58,7.66,7.67,0.81,0.8,5.24,0.66,13150581294.0,13150581294.0,0.0,0.0,6.0,-9.09
4395,600232,金鹰股份,6.56,-0.91,-0.06,54421.0,35820617.0,1.81,6.65,6.53,6.65,6.62,0.85,1.49,60.9,2.47,2392553649.0,2392553649.0,0.0,0.0,-7.74,-17.07
4396,001393,维通利,41.47,-0.91,-0.38,19247.0,79914763.65,1.62,41.93,41.25,41.85,41.85,0.65,4.01,38.06,2.79,10339853361.0,1992226306.0,0.0,0.05,-24.34,36.5
4397,688728,格科微,14.17,-0.91,-0.13,253907.0,362007176.0,3.22,14.51,14.05,14.42,14.3,1.33,0.98,2518.27,4.66,36850313071.0,36824877921.0,0.28,0.43,6.62,-5.15
4398,600993,马应龙,22.85,-0.91,-0.21,35609.0,81708113.0,1.65,23.18,22.8,23.06,23.06,1.28,0.83,13.58,2.22,9849581409.0,9832765523.0,-0.09,-0.09,-1.21,-16.3
4399,000060,中金岭南,6.45,-0.92,-0.06,758914.0,489331835.84,1.23,6.5,6.42,6.47,6.51,0.69,1.71,12.54,1.41,28645562354.0,28645102792.0,0.0,0.16,-14.11,11.21
4400,000999,华润三九,24.67,-0.92,-0.23,87941.0,216993930.94,1.85,24.96,24.5,24.9,24.9,0.99,0.53,12.29,1.8,41056254557.0,41015375207.0,0.04,0.08,-0.72,-11.48
4401,301501,恒鑫生活,27.91,-0.92,-0.26,6038.0,16856228.75,1.38,28.17,27.78,28.17,28.17,0.54,1.39,33.26,1.98,4127889000.0,1214085000.0,-0.14,-0.14,3.06,-35.56
4402,688375,国博电子,72.5,-0.92,-0.67,22957.0,167469799.0,3.46,74.58,72.05,73.49,73.17,0.76,0.39,220.14,6.85,43211080250.0,43211080250.0,-0.12,-0.03,-22.92,-21.77
4403,600784,鲁银投资,7.51,-0.92,-0.07,155758.0,117079237.0,3.17,7.64,7.4,7.48,7.58,0.96,2.31,23.54,1.51,5074148600.0,5074148600.0,-0.53,0.0,7.13,8.37
4404,920974,凯大催化,6.49,-0.92,-0.06,12002.0,7777392.59,2.6,6.58,6.41,6.53,6.55,0.59,0.96,28.3,1.61,1063062000.0,814327681.0,-0.15,0.0,-4.98,-17.74
4405,000589,贵州轮胎,4.31,-0.92,-0.04,238934.0,103174857.25,1.38,4.36,4.3,4.36,4.35,0.8,1.55,9.34,0.73,6699421348.0,6655117134.0,0.0,0.0,-2.93,-15.32
4406,920146,华阳变速,5.41,-0.92,-0.05,28553.0,15478247.5,5.49,5.61,5.31,5.5,5.46,0.77,2.63,-16.71,4.2,730298297.0,587488898.0,0.37,0.93,-4.25,-37.31
4407,300947,德必集团,15.1,-0.92,-0.14,38037.0,57455043.37,1.9,15.29,15.0,15.15,15.24,0.44,2.52,312.01,1.92,2282179210.0,2281316214.0,0.13,0.13,4.43,-25.02
4408,002348,高乐股份,10.74,-0.92,-0.1,104874.0,113299668.0,2.31,10.95,10.7,10.91,10.84,0.82,1.16,-183.67,17.59,10666315008.0,9703944409.0,0.19,0.09,-5.79,86.78
4409,688137,近岸蛋白,61.57,-0.93,-0.58,40174.0,248571867.0,3.75,63.32,60.99,61.0,62.15,0.74,5.75,-73.7,2.15,4304817581.0,4304817581.0,0.0,-0.24,67.54,53.73
4410,600887,伊利股份,26.61,-0.93,-0.25,674145.0,1796711297.0,2.2,27.02,26.43,26.83,26.86,1.0,1.07,14.61,3.13,168317847349.0,167481469876.0,-0.08,-0.15,3.5,-3.94
4411,002223,鱼跃医疗,25.55,-0.93,-0.24,59158.0,151451453.0,1.63,25.9,25.48,25.8,25.79,0.92,0.63,15.2,1.98,25613285536.0,24075594300.0,0.0,0.0,-0.04,-31.34
4412,920662,方盛股份,21.26,-0.93,-0.2,26099.0,55138075.44,3.31,21.42,20.71,21.05,21.46,0.54,9.66,293.71,4.13,1861313043.0,574149303.0,0.24,0.19,14.61,-26.44
4413,002530,金财互联,7.46,-0.93,-0.07,122765.0,91377440.42,1.59,7.51,7.39,7.5,7.53,0.86,1.74,66.86,4.29,5812818386.0,5271695230.0,0.0,0.0,-3.24,-30.6
4414,001221,悍高集团,39.28,-0.93,-0.37,24574.0,96251826.92,2.27,39.77,38.87,39.51,39.65,0.44,3.2,26.88,5.32,15712392800.0,3019436081.0,0.0,0.05,-12.05,-31.71
4415,002777,久远银海,12.82,-0.93,-0.12,48513.0,62266699.0,1.55,12.96,12.76,12.9,12.94,0.88,1.2,97.55,3.13,5233521907.0,5185837315.0,-0.08,0.08,-3.32,-28.14
4416,300678,中科信息,22.33,-0.93,-0.21,38756.0,86958942.37,1.82,22.73,22.32,22.57,22.54,0.72,1.32,589.04,7.84,6618305923.0,6536810935.0,-0.04,-0.13,-2.19,-27.26
4417,601166,兴业银行,18.05,-0.93,-0.17,1018104.0,1846708297.0,1.81,18.34,18.01,18.24,18.22,0.9,0.48,4.64,0.46,381989614210.0,381989614210.0,-0.06,-0.06,-3.01,-9.7
4418,301358,湖南裕能,55.3,-0.93,-0.52,117704.0,650922396.71,1.68,55.8,54.86,55.7,55.82,0.79,1.54,8.06,2.29,46879560687.0,42267425498.0,-0.04,-0.02,-23.89,-14.0
4419,001227,兰州银行,2.14,-0.93,-0.02,560486.0,120081857.28,1.85,2.17,2.13,2.16,2.16,0.74,1.33,7.03,0.39,12188791940.0,9024014980.0,0.47,0.0,0.94,-4.46
4420,920187,通领科技,17.92,-0.94,-0.17,4672.0,8373414.23,1.66,18.13,17.83,18.12,18.09,0.58,1.41,25.27,1.3,1621401600.0,594859149.0,0.0,0.0,-11.68,-10.76
4421,002690,美亚光电,15.89,-0.94,-0.15,36237.0,57694663.0,1.93,16.12,15.81,16.11,16.04,0.83,0.85,22.26,5.45,14018617221.0,6785543597.0,0.0,-0.06,10.12,-20.03
4422,920651,天罡股份,25.38,-0.94,-0.24,3085.0,7835306.79,1.76,25.67,25.22,25.5,25.62,0.34,0.74,34.7,2.97,1548180000.0,1052441927.0,-0.35,-0.39,19.66,-40.42
4423,000803,山高环能,7.38,-0.94,-0.07,68610.0,50993973.4,1.88,7.51,7.37,7.5,7.45,0.81,1.48,26.43,2.28,3441265609.0,3430878075.0,-0.14,-0.14,-1.07,3.22
4424,920091,大鹏工业,29.64,-0.94,-0.28,4890.0,14526269.07,4.51,30.59,29.24,29.92,29.92,0.56,3.37,-117.31,4.06,1821828528.0,429785928.0,0.0,0.2,-32.67,-62.8
4425,000821,ST京机,7.37,-0.94,-0.07,42520.0,31429835.49,1.08,7.44,7.36,7.44,7.44,0.62,0.71,35.21,1.1,4590587114.0,4411503042.0,0.0,-0.14,-18.11,-45.16
4426,600750,华润江中,23.22,-0.94,-0.22,41683.0,96940253.0,2.09,23.64,23.15,23.45,23.44,1.27,0.66,15.02,4.05,14758360071.0,14601323211.0,0.04,-0.13,-1.94,4.17
4427,603262,技源集团,19.04,-0.94,-0.18,34599.0,66145637.0,2.65,19.37,18.86,19.34,19.22,0.57,3.32,52.1,4.82,7616190400.0,1986781560.0,-0.05,-0.16,-28.21,-32.96
4428,688509,正元地信,4.2,-0.94,-0.04,58030.0,24484812.0,1.65,4.26,4.19,4.26,4.24,1.11,1.51,-21.17,3.06,3234000000.0,1616127240.0,0.0,-0.24,-14.63,-23.5
4429,002195,岩山科技,6.31,-0.94,-0.06,808630.0,512326415.08,1.88,6.41,6.29,6.34,6.37,0.83,1.44,300.43,3.61,35755885043.0,35435908987.0,-0.16,0.0,-8.28,-11.0
4430,301589,诺瓦星云,142.64,-0.94,-1.36,4280.0,61187642.72,1.22,143.97,142.21,143.81,144.0,0.82,1.24,19.87,3.23,13186782720.0,4916081894.0,0.01,0.01,-2.13,-12.86
4431,301592,六九一二,105.5,-0.94,-1.0,9013.0,95435307.32,1.75,106.96,105.1,106.4,106.5,0.58,3.86,-196.23,7.96,7385000000.0,2464313732.0,0.0,-0.09,-7.32,-13.61
4432,300708,聚灿光电,8.46,-0.94,-0.08,195786.0,164950531.95,3.63,8.64,8.33,8.64,8.54,0.73,2.71,51.79,2.7,7980548146.0,6103308908.0,-0.12,-0.12,4.83,-4.41
4433,688329,艾隆科技,22.2,-0.94,-0.21,11833.0,26495939.0,3.7,22.8,21.97,21.97,22.41,0.83,1.53,-61.31,2.22,1713840000.0,1713840000.0,-0.13,-0.4,0.27,5.51
4434,605277,新亚电子,16.8,-0.94,-0.16,135248.0,226617795.0,2.95,16.98,16.48,16.6,16.96,0.64,3.5,25.33,3.71,6531595039.0,6488094682.0,0.12,0.54,0.54,-7.49
4435,000692,惠天热电,4.23,-0.94,-0.04,133385.0,56717463.0,2.34,4.31,4.21,4.26,4.27,0.53,2.5,-11.78,57.84,2253883488.0,2253883488.0,0.0,0.0,-5.79,22.97
4436,920132,泰鹏智能,9.36,-0.95,-0.09,7037.0,6604474.35,4.76,9.68,9.23,9.37,9.45,0.63,1.92,34.16,3.79,1007802432.0,342203406.0,0.32,-0.53,7.34,-24.58
4437,300326,ST凯利,6.26,-0.95,-0.06,54445.0,34106376.8,1.11,6.3,6.23,6.29,6.32,0.85,0.76,16.76,1.54,4488499389.0,4486652345.0,-0.16,-0.48,5.56,12.19
4438,920288,华大海天,18.72,-0.95,-0.18,30038.0,56373000.5,3.65,19.2,18.51,18.9,18.9,0.37,16.8,19.35,1.74,1364313600.0,334713600.0,-0.11,-0.32,48.93,48.93
4439,301301,川宁生物,8.31,-0.95,-0.08,82182.0,68388686.92,1.31,8.4,8.29,8.31,8.39,0.72,1.33,33.42,2.32,18550354830.0,5145167513.0,0.0,-0.12,-3.93,-16.65
4440,002206,海 利 得,5.22,-0.95,-0.05,97138.0,50899358.0,1.71,5.3,5.21,5.27,5.27,0.97,0.92,10.26,1.51,6065782088.0,5517388547.0,0.0,0.0,-1.14,-7.61
4441,600674,川投能源,15.61,-0.95,-0.15,225021.0,350795070.0,2.03,15.8,15.48,15.76,15.76,0.84,0.46,16.33,1.7,76092612585.0,76092612585.0,0.0,-0.06,3.38,16.49
4442,002738,中矿资源,47.93,-0.95,-0.46,165525.0,794015491.47,2.52,48.38,47.16,47.79,48.39,0.7,2.33,15.73,2.64,34959417155.0,34078961604.0,0.0,0.06,-21.66,-38.59
4443,300338,*ST开元,3.12,-0.95,-0.03,37732.0,11839775.0,2.22,3.17,3.1,3.15,3.15,0.72,1.08,-17.65,-8.49,1256189039.0,1091810435.0,0.0,0.32,1.96,-17.89
4444,688776,国光电气,46.79,-0.95,-0.45,13935.0,65236214.0,2.33,47.32,46.22,47.2,47.24,1.26,1.29,-34.93,3.03,5071260175.0,5071260175.0,0.0,0.11,-22.02,-53.55
4445,002405,四维图新,6.27,-0.95,-0.06,338168.0,212789739.9,1.74,6.37,6.26,6.32,6.33,0.89,1.44,-15.2,1.79,14860751554.0,14770630254.0,0.0,0.0,-15.27,-30.41
4446,000789,万年青,4.13,-0.96,-0.04,36364.0,15083729.31,1.44,4.19,4.13,4.17,4.17,0.93,0.46,-34.09,0.52,3293345488.0,3293345488.0,0.0,-0.24,-3.05,-18.86
4447,600763,通策医疗,35.17,-0.96,-0.34,56413.0,198859919.0,1.75,35.69,35.07,35.44,35.51,0.82,1.27,17.05,3.78,15631515867.0,15631515867.0,0.03,-0.03,1.77,-12.53
4448,000598,兴蓉环境,7.15,-0.97,-0.07,218343.0,156168997.88,2.08,7.25,7.1,7.23,7.22,1.06,0.73,10.45,1.06,21335662355.0,21332800389.0,0.0,0.0,5.3,3.17
4449,301560,众捷汽车,24.55,-0.97,-0.24,27946.0,68813369.14,2.62,24.94,24.29,24.65,24.79,0.85,4.78,2298.01,3.09,2985280000.0,1434505600.0,0.04,0.0,-17.56,-27.75
4450,601717,中创智领,14.33,-0.97,-0.14,128102.0,184533050.0,1.94,14.6,14.32,14.47,14.47,0.51,0.83,7.98,1.08,25584780997.0,22099234911.0,-0.07,-0.07,-13.31,-38.5
4451,002901,大博医疗,40.82,-0.97,-0.4,10128.0,41467414.0,1.65,41.35,40.67,41.01,41.22,0.48,0.35,23.92,4.81,16900276235.0,11772986943.0,-0.02,-0.02,-1.78,-12.74
4452,600320,振华重工,4.09,-0.97,-0.04,348512.0,142787427.0,1.94,4.15,4.07,4.15,4.13,0.96,1.05,21.39,1.36,21499337513.0,13538742127.0,0.0,0.0,-5.98,-19.49
4453,600958,东方证券,9.18,-0.97,-0.09,483808.0,445366764.0,1.94,9.34,9.16,9.27,9.27,0.83,0.65,8.63,0.96,77999203781.0,68569852692.0,0.0,0.0,1.55,-14.21
4454,601528,瑞丰银行,5.13,-0.97,-0.05,128992.0,66419780.0,1.54,5.2,5.12,5.17,5.18,0.75,0.7,5.6,0.5,10065887956.0,9520104645.0,0.0,0.0,6.21,-6.56
4455,002226,江南化工,5.11,-0.97,-0.05,120161.0,61645428.4,1.36,5.17,5.1,5.14,5.16,0.52,0.45,26.6,1.41,13535995789.0,13535971951.0,-0.2,0.0,5.14,-10.66
4456,603050,科林电气,18.32,-0.97,-0.18,29967.0,54727953.0,3.03,18.64,18.08,18.55,18.5,1.1,0.74,31.96,3.86,7388807616.0,7388807616.0,0.0,0.05,-11.63,2.81
4457,000539,粤电力Ａ,5.08,-0.97,-0.05,363311.0,184940791.62,1.36,5.13,5.06,5.13,5.13,0.86,1.42,-24.43,1.17,26671442649.0,12981365447.0,0.0,0.2,-30.6,15.45
4458,002058,紫竹高科,16.38,-0.97,-0.16,25118.0,41377262.0,2.12,16.65,16.3,16.54,16.54,0.88,1.75,70.78,32.44,2349683678.0,2348332328.0,-0.43,-0.18,-27.2,-29.94
4459,688327,云从科技-UW,10.21,-0.97,-0.1,164901.0,169088289.0,2.42,10.42,10.17,10.36,10.31,0.83,1.98,-67.4,14.69,10618148109.0,8524000738.0,-0.1,-0.1,-22.65,-28.95
4460,688061,灿瑞科技,50.9,-0.97,-0.5,46634.0,236957328.0,6.15,52.16,49.0,51.05,51.4,1.11,4.06,-121.53,2.6,5847870002.0,5847870002.0,0.2,0.2,25.71,57.0
4461,601688,华泰证券,19.37,-0.97,-0.19,460167.0,895219976.0,1.53,19.67,19.37,19.6,19.56,0.88,0.63,7.48,0.98,174850351535.0,141531904513.0,-0.05,-0.05,-1.02,-16.47
4462,002171,楚江新材,10.2,-0.97,-0.1,435195.0,442503068.65,1.84,10.29,10.1,10.29,10.3,0.72,2.69,27.26,1.85,16553966294.0,16475462994.0,0.1,0.2,-24.94,-22.61
4463,688211,中科微至,30.35,-0.98,-0.3,4870.0,14851438.0,1.66,30.82,30.31,30.6,30.65,0.7,0.37,152.98,1.12,3978668362.0,3978668362.0,0.13,0.07,-4.83,-1.46
4464,000905,厦门港务,9.13,-0.98,-0.09,233834.0,213895100.98,3.47,9.35,9.03,9.27,9.22,1.63,3.15,20.22,1.54,14081271246.0,6772707926.0,0.33,0.33,6.91,-29.17
4465,920519,万德股份,11.1,-0.98,-0.11,11302.0,12517488.41,3.03,11.28,10.94,11.28,11.21,0.78,1.42,18.24,1.85,990764954.0,880976908.0,-0.09,0.45,6.22,-6.57
4466,688228,开普云,81.2,-0.98,-0.8,17288.0,140340067.0,2.76,82.53,80.27,81.61,82.0,0.7,2.56,-144.75,4.53,5485121712.0,5485121712.0,0.0,0.02,-1.24,-58.28
4467,688232,新点软件,18.14,-0.98,-0.18,21747.0,39640967.0,2.18,18.52,18.12,18.3,18.32,0.92,0.68,-46.23,1.12,5840753027.0,5840753027.0,-0.06,-0.11,-2.63,-26.62
4468,002284,亚太股份,10.15,-0.98,-0.1,250592.0,254250335.26,2.15,10.29,10.07,10.25,10.25,0.56,3.42,13.99,2.11,7501868532.0,7431711732.0,0.2,0.3,-3.7,-31.56
4469,920208,青矩技术,13.13,-0.98,-0.13,43387.0,56376100.61,3.85,13.38,12.87,13.26,13.26,1.05,2.69,16.38,2.34,2445363040.0,2117305736.0,0.54,0.54,-14.85,-23.13
4470,002154,报 喜 鸟,4.06,-0.98,-0.04,217349.0,88275987.0,1.95,4.11,4.03,4.08,4.1,0.77,1.84,10.17,1.27,5924894940.0,4791316192.0,0.0,0.0,3.05,10.33
4471,301378,通达海,25.3,-0.98,-0.25,17506.0,44473624.6,2.19,25.75,25.19,25.5,25.55,0.71,3.8,-19.04,2.09,2443980000.0,1164294134.0,0.12,-0.08,-5.39,-10.92
4472,688133,泰坦科技,20.9,-0.99,-0.21,43768.0,90985239.0,4.26,21.41,20.51,21.32,21.11,0.74,2.66,-40.26,1.27,3436732819.0,3436732819.0,0.05,0.05,12.37,-5.6
4473,920856,浩淼科技,11.98,-0.99,-0.12,14156.0,17038676.44,4.46,12.36,11.82,12.15,12.1,0.46,2.67,201.15,2.47,1139617003.0,635659243.0,-0.17,0.17,22.75,-27.79
4474,001226,拓山重工,46.95,-0.99,-0.47,9419.0,44374931.0,4.87,48.17,45.86,47.41,47.42,1.07,2.65,97.79,4.67,3505601565.0,1666790730.0,0.04,0.09,-6.46,6.22
4475,600815,厦工股份,4.02,-0.99,-0.04,833147.0,330805114.0,5.67,4.07,3.84,4.06,4.06,0.72,4.7,-69.64,5.06,7131859810.0,7131859810.0,0.0,0.25,32.67,16.52
4476,000800,一汽解放,6.02,-0.99,-0.06,150859.0,91059357.35,1.32,6.09,6.01,6.07,6.08,1.01,0.31,48.34,1.13,29626111470.0,29622222899.0,-0.17,0.0,-4.75,-10.68
4477,920076,国亮新材,13.0,-0.99,-0.13,6346.0,8247616.61,2.13,13.2,12.92,13.1,13.13,0.51,1.72,16.66,1.53,1522147731.0,478815155.0,0.0,0.08,-1.37,74.03
4478,603085,天成自控,10.03,-0.99,-0.1,46771.0,47109099.0,2.47,10.25,10.0,10.24,10.13,0.81,1.18,39.36,4.0,3982913000.0,3982913000.0,0.0,0.2,-14.57,-15.36
4479,920925,锦好医疗,12.01,-0.99,-0.12,10699.0,12857629.27,1.9,12.18,11.95,12.01,12.13,0.65,1.93,-99.05,3.25,1183953522.0,664093587.0,0.0,0.0,0.25,-62.23
4480,000503,国新健康,6.96,-1.0,-0.07,111217.0,77800458.9,2.56,7.12,6.94,7.07,7.03,0.67,1.14,-33.32,6.1,6815597205.0,6815184672.0,0.29,0.29,0.0,-21.62
4481,000889,中嘉博创,3.95,-1.0,-0.04,257879.0,102446589.03,2.26,4.03,3.94,4.0,3.99,0.81,2.96,14.75,18.57,3698349908.0,3435707831.0,-0.25,0.25,13.18,9.72
4482,300168,万达信息,4.93,-1.0,-0.05,160006.0,79007675.35,2.41,5.02,4.9,5.02,4.98,0.89,1.11,-23.68,7.74,7102298880.0,7096441704.0,0.0,0.2,3.35,-23.68
4483,000429,粤高速Ａ,12.91,-1.0,-0.13,110180.0,141830332.73,2.22,13.04,12.75,12.85,13.04,1.26,0.85,15.88,2.55,26992307087.0,16825989086.0,0.0,-0.08,3.95,15.47
4484,300369,绿盟科技,7.89,-1.0,-0.08,530496.0,418059002.54,4.52,8.08,7.72,7.89,7.97,0.93,6.57,-24.79,2.52,6395806688.0,6375561272.0,0.25,0.25,35.1,5.48
4485,603206,嘉环科技,13.89,-1.0,-0.14,25368.0,35338951.0,2.21,14.14,13.83,14.02,14.03,1.0,0.83,67.75,1.86,4239227833.0,4239227833.0,0.0,0.07,-24.1,-19.38
4486,301101,明月镜片,29.66,-1.0,-0.3,16030.0,47692538.9,2.0,30.18,29.58,30.08,29.96,0.58,0.83,26.91,3.37,5976848886.0,5757099221.0,0.2,0.07,-0.24,-27.53
4487,603707,健友股份,7.81,-1.01,-0.08,118733.0,92668898.0,1.9,7.91,7.76,7.9,7.89,0.69,0.73,33.64,1.82,12618234466.0,12618234466.0,0.26,0.26,0.77,-12.54
4488,688004,博汇科技,21.58,-1.01,-0.22,18550.0,40315102.0,3.62,22.26,21.47,21.83,21.8,0.96,2.32,-41.67,3.08,1728299040.0,1728299040.0,0.37,0.14,8.28,-6.7
4489,000099,中信海直,13.73,-1.01,-0.14,58467.0,80522623.89,1.8,13.96,13.71,13.88,13.87,0.81,0.75,42.5,1.92,10651323981.0,10651323981.0,-0.07,0.0,-21.14,-33.51
4490,920792,东和新材,9.82,-1.01,-0.1,11262.0,10926096.49,4.23,10.01,9.59,9.92,9.92,1.26,1.11,22.07,1.53,1625602800.0,997970639.0,0.82,1.97,-6.3,-17.76
4491,601916,浙商银行,2.94,-1.01,-0.03,1555334.0,456798779.0,2.02,2.98,2.92,2.97,2.97,0.83,0.72,5.16,0.44,80746029731.0,63340641731.0,0.34,0.0,-0.34,1.03
4492,688155,先惠技术,50.2,-1.01,-0.51,24075.0,120614455.0,2.64,50.97,49.63,50.5,50.71,0.88,1.89,15.14,2.67,6393464119.0,6393464119.0,-0.08,-0.18,-36.71,-15.98
4493,688009,中国通号,4.91,-1.01,-0.05,251948.0,124076822.0,1.41,4.97,4.9,4.96,4.96,1.12,0.29,17.64,1.15,51996011290.0,42329198380.0,0.2,0.0,3.37,-7.36
4494,300145,南方泵业,4.89,-1.01,-0.05,1000842.0,487060225.33,3.64,4.98,4.8,4.97,4.94,0.71,5.24,25.1,3.15,9389983556.0,9344361079.0,0.2,0.2,4.71,4.71
4495,920570,坤博精工,25.44,-1.01,-0.26,8005.0,20223198.65,2.72,25.7,25.0,25.56,25.7,1.15,3.14,65.34,3.59,1276320246.0,648483815.0,0.2,0.24,-3.64,-24.64
4496,600982,宁波能源,4.83,-1.02,-0.05,146671.0,70938962.0,1.64,4.89,4.81,4.87,4.88,0.98,1.31,17.02,1.21,5398140753.0,5398140753.0,0.0,0.0,-12.34,15.83
4497,600058,五矿发展,9.68,-1.02,-0.1,46883.0,45553900.0,2.04,9.81,9.61,9.8,9.78,0.78,0.44,887.49,2.16,10376095682.0,10376095682.0,-0.21,-0.21,-6.02,-15.75
4498,301259,艾布鲁,21.42,-1.02,-0.22,32272.0,69584170.66,2.5,21.91,21.37,21.64,21.64,0.65,2.22,-59.12,5.87,4845204000.0,3107172284.0,0.0,0.09,-5.39,-5.85
4499,300406,九强生物,11.66,-1.02,-0.12,35543.0,41564851.0,1.36,11.8,11.64,11.8,11.78,0.77,0.84,16.25,2.04,6834397834.0,4947141797.0,0.0,0.0,2.37,-4.66
4500,002967,广电计量,17.49,-1.02,-0.18,41030.0,72047980.5,1.81,17.77,17.45,17.77,17.67,0.94,0.68,45.92,2.26,11186973948.0,10606267173.0,0.06,0.11,0.29,-19.84
4501,600078,澄星股份,10.66,-1.02,-0.11,142986.0,152617643.0,1.76,10.79,10.6,10.67,10.77,0.64,2.16,30.8,4.01,7245206098.0,7063026698.0,0.09,0.09,-17.04,11.16
4502,603300,海南华铁,4.85,-1.02,-0.05,333464.0,161995140.0,2.04,4.93,4.83,4.9,4.9,0.85,1.67,20.38,1.42,9696062852.0,9696062852.0,0.0,0.21,-4.72,-38.22
4503,600219,南山铝业,4.87,-1.02,-0.05,1120001.0,547809122.0,2.44,4.97,4.85,4.92,4.92,0.76,0.98,12.44,1.12,55925626592.0,55925626592.0,0.0,0.0,2.96,-7.06
4504,002594,比亚迪,86.51,-1.02,-0.89,219265.0,1897313756.31,1.3,87.34,86.2,86.89,87.4,0.65,0.63,32.0,3.29,788728761348.0,301666315140.0,0.01,-0.06,-5.18,-11.14
4505,600850,电科数字,14.44,-1.03,-0.15,75448.0,109423846.0,2.47,14.76,14.4,14.6,14.59,1.0,0.92,86.29,2.44,11786483781.0,11786483781.0,0.0,0.0,-5.5,-41.23
4506,300455,航天智装,17.35,-1.03,-0.18,46660.0,81297742.21,2.22,17.69,17.3,17.5,17.53,1.08,0.66,2433.92,7.46,12453273690.0,12261500982.0,0.0,0.17,-26.73,-42.24
4507,300467,迅游科技,34.7,-1.03,-0.36,30124.0,105457761.0,3.39,35.8,34.61,34.9,35.06,0.75,1.8,356.98,10.82,7051209926.0,5799070940.0,0.03,0.17,5.79,20.91
4508,301617,博苑新材,48.88,-1.03,-0.51,20361.0,99844269.75,5.22,50.58,48.0,49.42,49.39,1.56,2.95,43.51,4.76,8492020160.0,3370373760.0,0.21,0.14,-7.65,-17.95
4509,920770,艾能聚,10.57,-1.03,-0.11,22612.0,23871934.83,4.4,10.85,10.38,10.79,10.68,0.63,2.76,33.69,2.23,1375497090.0,865617466.0,0.76,0.67,-17.81,-37.49
4510,601199,江南水务,5.79,-1.03,-0.06,74120.0,43109386.0,2.56,5.93,5.78,5.83,5.85,0.73,0.79,18.29,1.16,5414867591.0,5414867591.0,0.0,0.17,5.46,5.66
4511,002039,黔源电力,19.2,-1.03,-0.2,50654.0,97132837.78,1.86,19.44,19.08,19.39,19.4,1.07,1.18,17.63,1.82,8209116019.0,8209116019.0,-0.05,0.0,-8.96,7.99
4512,300271,华宇软件,5.78,-1.03,-0.06,97481.0,56430644.0,2.23,5.88,5.75,5.83,5.84,0.56,1.21,-41.27,1.33,4692554690.0,4648515604.0,0.17,0.17,9.06,-20.39
4513,601798,蓝科高新,7.71,-1.03,-0.08,46910.0,36295652.0,1.93,7.85,7.7,7.77,7.79,0.87,1.32,25.77,2.05,2733412407.0,2733412407.0,-0.13,0.0,5.33,-13.08
4514,600908,无锡银行,5.75,-1.03,-0.06,220229.0,126503667.0,2.41,5.84,5.7,5.81,5.81,0.92,1.1,4.45,0.53,12619419746.0,11496047824.0,0.17,0.17,5.31,-0.86
4515,600590,泰豪科技,8.61,-1.03,-0.09,176237.0,151763841.0,2.64,8.78,8.55,8.7,8.7,0.85,2.09,41.7,2.33,7343208548.0,7263133593.0,-0.12,0.0,-26.91,-8.31
4516,920050,爱伦医疗,28.8,-1.03,-0.3,2130.0,6141648.3,2.58,29.27,28.52,29.01,29.1,0.62,1.18,15.55,1.86,1949164819.0,521356349.0,-0.03,0.63,2.42,92.26
4517,920245,威博液压,14.35,-1.03,-0.15,9515.0,13544780.09,3.03,14.5,14.06,14.34,14.5,0.49,1.79,29.54,2.8,991200420.0,763338879.0,0.84,1.41,-3.88,-28.18
4518,600603,广汇物流,4.79,-1.03,-0.05,122955.0,59234007.0,2.07,4.87,4.77,4.83,4.84,0.83,1.07,215.86,0.76,5526701765.0,5526701765.0,-0.42,-0.42,3.23,-22.99
4519,600845,宝信软件,17.23,-1.03,-0.18,109114.0,188837158.0,2.01,17.55,17.2,17.45,17.41,0.98,0.51,34.84,4.44,49241688281.0,36769753056.0,0.0,-0.12,-3.9,-15.87
4520,300201,海伦哲,13.29,-1.04,-0.14,231984.0,310263185.69,3.43,13.65,13.19,13.34,13.43,1.1,2.31,52.58,7.1,13410189537.0,13339403781.0,-0.15,0.0,-26.33,95.44
4521,688068,热景生物,93.32,-1.04,-0.98,13407.0,125335484.0,3.29,95.6,92.5,95.6,94.3,0.78,1.45,-34.31,3.55,8655814105.0,8655814105.0,-0.14,-0.21,13.92,-42.4
4522,600639,浦东金桥,9.48,-1.04,-0.1,36441.0,34712407.0,1.67,9.63,9.47,9.57,9.58,0.69,0.43,43.34,0.72,10640474226.0,8060243944.0,0.0,-0.11,0.64,-4.05
4523,688710,益诺思,78.87,-1.04,-0.83,22927.0,181108284.0,2.57,80.14,78.09,79.06,79.7,0.59,2.48,141.92,4.7,11119062235.0,7292021204.0,0.08,0.22,45.36,78.64
4524,300906,日月明,29.43,-1.04,-0.31,11568.0,34136952.79,2.62,29.98,29.2,29.79,29.74,0.93,1.6,59.81,2.53,2354400000.0,2126406526.0,0.38,0.51,6.21,-15.89
4525,300036,超图软件,10.49,-1.04,-0.11,78808.0,82936203.05,2.26,10.71,10.47,10.66,10.6,0.8,1.77,-20.11,2.08,5169121812.0,4668602330.0,0.1,0.19,-13.66,-42.14
4526,920832,齐鲁华信,6.63,-1.04,-0.07,11277.0,7573188.71,4.18,6.88,6.6,6.88,6.7,0.86,0.91,-29.56,1.29,920004425.0,821228749.0,-0.6,0.0,1.69,-7.66
4527,601518,吉林高速,2.85,-1.04,-0.03,135756.0,38613527.0,1.74,2.88,2.83,2.88,2.88,0.79,0.72,12.08,0.95,5388076532.0,5388076532.0,0.35,0.35,-0.35,5.95
4528,300200,高盟新材,8.58,-1.04,-0.09,75070.0,64504816.76,2.08,8.68,8.5,8.65,8.67,0.66,1.76,35.34,2.27,3697750107.0,3649754351.0,0.0,0.0,-6.64,-25.84
4529,002519,银河电子,5.66,-1.05,-0.06,282518.0,159386072.89,2.27,5.74,5.61,5.73,5.72,0.6,2.51,585.87,2.87,6375598883.0,6358694789.0,0.18,0.35,-10.16,-12.65
4530,601969,海南矿业,9.42,-1.05,-0.1,115236.0,108995753.0,1.47,9.55,9.41,9.52,9.52,0.65,0.58,18.17,2.63,18694078086.0,18580729723.0,-0.11,-0.11,0.53,-20.17
4531,600519,贵州茅台,1316.01,-1.05,-13.99,25250.0,3336029501.0,1.57,1333.6,1312.66,1324.0,1330.0,0.91,0.2,18.48,6.55,1645119887732.0,1645119887732.0,-0.08,-0.05,4.12,-2.46
4532,920429,康比特,11.36,-1.05,-0.12,26049.0,29830256.42,4.18,11.73,11.25,11.47,11.48,0.63,2.3,29.69,1.69,1414047360.0,1289364442.0,0.0,0.0,9.86,-25.02
4533,002926,华西证券,8.49,-1.05,-0.09,167891.0,143067093.0,1.98,8.64,8.47,8.62,8.58,0.89,0.64,11.47,0.9,22286250000.0,22286250000.0,0.0,0.12,7.33,-6.81
4534,000901,航天科技,14.1,-1.05,-0.15,116560.0,165225615.26,1.61,14.32,14.09,14.25,14.25,0.88,1.46,160.5,2.66,11254639825.0,11254525615.0,-0.14,-0.07,-22.87,-50.46
4535,000720,新能泰山,3.78,-1.05,-0.04,186211.0,70443599.0,1.57,3.82,3.76,3.8,3.82,0.76,1.48,-62.61,2.55,4749689338.0,4749689338.0,0.0,-0.26,-8.7,15.6
4536,301601,惠通科技,16.0,-1.05,-0.17,22333.0,35870136.0,2.29,16.27,15.9,16.2,16.17,1.01,3.03,-77.67,1.7,2247680000.0,1178880000.0,0.0,0.13,-9.55,-42.2
4537,600423,*ST柳化,2.83,-1.05,-0.03,31019.0,8801164.0,1.75,2.87,2.82,2.86,2.86,1.02,0.39,79.68,4.18,2260306924.0,2260306924.0,-0.35,-0.35,14.11,-23.92
4538,002085,万丰奥威,10.34,-1.05,-0.11,194462.0,201501742.0,3.25,10.46,10.12,10.12,10.45,0.9,0.92,26.25,3.2,21954896357.0,21954896357.0,-0.1,0.0,-23.63,-35.21
4539,600919,江苏银行,12.15,-1.06,-0.13,1084180.0,1316621699.0,2.28,12.33,12.05,12.28,12.28,1.24,0.59,5.1,0.82,222968592225.0,222968592225.0,-0.08,-0.16,4.2,23.48
4540,603917,合力科技,13.08,-1.06,-0.14,30328.0,39715250.0,1.74,13.21,12.98,13.14,13.22,0.75,1.49,-436.43,1.61,2666227200.0,2666227200.0,-0.15,0.08,12.95,-10.66
4541,603759,海天股份,7.45,-1.06,-0.08,30842.0,23063811.0,1.46,7.55,7.44,7.53,7.53,0.71,0.67,50.85,1.19,3440112000.0,3440112000.0,-0.27,-0.13,-0.53,-28.57
4542,603280,南方路机,27.16,-1.06,-0.29,20942.0,56861630.0,2.11,27.45,26.87,27.36,27.45,0.81,1.93,45.81,2.14,2944325076.0,2944325076.0,0.15,0.15,-1.38,-26.83
4543,002858,力盛体育,12.15,-1.06,-0.13,85852.0,104152226.0,3.18,12.27,11.88,12.05,12.28,1.78,5.82,70.8,2.66,2268143265.0,1790809313.0,-0.16,-0.25,1.93,-19.0
4544,601339,百隆东方,7.44,-1.06,-0.08,102363.0,76426957.0,3.19,7.64,7.4,7.52,7.52,0.84,0.68,9.97,1.25,11156793360.0,11156793360.0,-0.13,-0.27,7.83,38.81
4545,002142,宁波银行,34.13,-1.07,-0.37,308570.0,1048771410.25,2.12,34.45,33.72,34.4,34.5,1.16,0.47,6.8,0.93,225380553731.0,225236984555.0,0.06,0.09,7.33,25.52
4546,600776,东方通信,12.95,-1.07,-0.14,182578.0,236263544.0,2.67,13.18,12.83,13.09,13.09,0.8,1.91,25.35,4.04,16265200829.0,12380200829.0,0.0,0.0,-13.95,-21.28
4547,000576,甘化科工,8.32,-1.07,-0.09,162866.0,136027191.84,1.78,8.45,8.3,8.43,8.41,0.42,3.75,50.99,2.15,3630999540.0,3609342972.0,0.0,0.12,14.92,-20.99
4548,600061,国投资本,6.46,-1.07,-0.07,371008.0,240165535.0,1.84,6.56,6.44,6.56,6.53,0.95,0.58,9.39,0.77,41305871614.0,41305871614.0,0.16,0.16,2.38,-13.87
4549,300109,新开源,13.81,-1.07,-0.15,115178.0,159589163.98,3.37,14.15,13.68,13.94,13.96,0.6,2.21,39.43,2.38,7966388624.0,7193324738.0,0.07,0.0,-4.23,-0.72
4550,300446,航天智造,12.96,-1.07,-0.14,59955.0,78215707.64,1.76,13.17,12.94,13.02,13.1,0.96,0.72,22.55,1.86,10956515039.0,10838615923.0,-0.08,0.08,-18.18,-48.2
4551,600133,东湖高新,8.34,-1.07,-0.09,120873.0,101181148.0,1.3,8.45,8.34,8.39,8.43,0.8,1.13,-275.49,1.0,8892440558.0,8892440558.0,-0.24,-0.24,6.65,-6.4
4552,000600,建投能源,7.38,-1.07,-0.08,153059.0,113386953.97,1.34,7.47,7.37,7.46,7.46,0.7,1.4,9.66,1.07,15013692334.0,8044575465.0,0.0,-0.14,-28.14,-10.11
4553,603681,永冠新材,18.43,-1.07,-0.2,80566.0,148510684.0,4.19,18.93,18.15,18.82,18.63,1.5,3.39,23.76,1.26,4381581927.0,4381581927.0,-0.05,-0.05,-25.69,-2.38
4554,605319,无锡振华,25.95,-1.07,-0.28,40734.0,106077884.0,3.58,26.59,25.65,26.2,26.23,0.8,1.17,22.13,3.16,9085041024.0,9034542324.0,0.0,-0.08,0.54,24.82
4555,300525,博思软件,8.25,-1.08,-0.09,116499.0,96352430.91,2.52,8.41,8.2,8.31,8.34,0.85,1.89,-64.7,2.56,6200993519.0,5077007636.0,0.0,0.12,-10.13,-41.24
4556,920237,力佳科技,11.93,-1.08,-0.13,7745.0,9264130.97,3.98,12.25,11.77,12.1,12.06,0.52,0.83,97.02,2.19,1133732714.0,1112257736.0,0.08,0.51,-23.43,-43.57
4557,301535,浙江华远,14.63,-1.08,-0.16,33595.0,49221775.14,3.11,14.9,14.44,14.79,14.79,1.19,1.98,70.5,5.26,6222052946.0,2484117206.0,0.21,0.14,-1.08,-32.89
4558,000826,*ST启环,1.84,-1.08,-0.02,109396.0,20154882.74,1.61,1.86,1.83,1.85,1.86,1.06,0.77,-3.57,-0.98,2622649976.0,2622282227.0,0.0,-0.54,-12.8,-17.12
4559,000543,皖能电力,7.32,-1.08,-0.08,151763.0,111580312.36,1.49,7.43,7.32,7.4,7.4,0.72,0.67,10.06,0.93,16593439583.0,16593439583.0,-0.14,0.0,-11.81,-3.3
4560,688315,诺禾致源,13.8,-1.08,-0.15,45121.0,62237131.0,2.37,14.0,13.67,13.95,13.95,0.79,1.08,45.5,2.14,5743560000.0,5743560000.0,0.0,0.22,12.01,4.23
4561,300453,三鑫医疗,9.07,-1.09,-0.1,62134.0,56552201.7,1.85,9.22,9.05,9.19,9.17,0.76,1.7,17.92,3.17,4735304374.0,3318971776.0,0.11,0.11,-3.1,6.46
4562,920469,富恒新材,6.34,-1.09,-0.07,34690.0,21940272.27,3.74,6.49,6.25,6.49,6.41,0.42,3.35,-18.54,3.21,893597640.0,655861347.0,0.79,0.96,-7.98,-48.16
4563,000409,云鼎科技,9.1,-1.09,-0.1,60778.0,55323917.74,2.17,9.21,9.01,9.17,9.2,0.55,1.03,83.02,3.71,6166736986.0,5373312799.0,0.0,0.0,1.68,-18.31
4564,920627,力王股份,14.47,-1.09,-0.16,13457.0,19562920.29,4.17,14.96,14.35,14.96,14.63,0.72,2.87,162.08,2.96,1366691500.0,677449225.0,0.0,0.42,-16.84,-31.87
4565,920639,晨光电缆,6.35,-1.09,-0.07,19159.0,12150528.93,2.96,6.47,6.28,6.47,6.42,0.99,1.61,41.43,1.51,1280160000.0,754085576.0,0.32,0.16,-6.34,-19.42
4566,002625,光启技术,28.08,-1.09,-0.31,175038.0,491122465.14,1.76,28.39,27.89,28.2,28.39,0.94,0.81,94.88,6.16,60500827165.0,60500389117.0,-0.07,0.07,-27.37,-42.38
4567,605507,国邦医药,15.41,-1.09,-0.17,34115.0,52546649.0,2.44,15.66,15.28,15.59,15.58,0.79,0.44,17.66,1.44,12056058189.0,12056058189.0,-0.13,-0.19,-4.76,-10.87
4568,920914,远航精密,17.2,-1.09,-0.19,7085.0,12242481.93,2.65,17.58,17.12,17.35,17.39,0.53,0.71,27.42,1.72,1714547600.0,1713193100.0,0.06,0.06,-19.44,-34.48
4569,603081,大丰实业,9.94,-1.09,-0.11,24114.0,24089113.0,1.29,10.07,9.94,10.05,10.05,0.9,0.57,39.38,1.3,4199641541.0,4199641541.0,-0.3,-0.1,3.11,-28.85
4570,000069,华侨城Ａ,1.82,-1.09,-0.02,642230.0,117599384.55,2.72,1.86,1.81,1.84,1.84,0.93,0.93,-2.1,0.46,14628719656.0,12555455241.0,0.0,0.0,-2.15,-26.61
4571,300075,数字政通,10.87,-1.09,-0.12,88130.0,96027239.68,2.37,11.09,10.83,11.01,10.99,0.74,1.68,-589.36,2.14,6751684817.0,5703253458.0,-0.09,0.0,-7.65,-29.14
4572,301299,卓创资讯,45.38,-1.09,-0.5,13353.0,60682854.4,1.72,45.99,45.2,45.69,45.88,0.82,2.91,37.75,4.82,2752869696.0,2081111280.0,0.29,0.29,-5.99,-14.99
4573,301177,迪阿股份,24.2,-1.1,-0.27,33728.0,80991836.59,1.88,24.26,23.8,24.02,24.47,0.6,0.84,137.24,1.59,9686644110.0,9680242000.0,0.12,0.21,-10.57,-14.7
4574,688247,宣泰医药,9.01,-1.1,-0.1,32863.0,29729005.0,2.09,9.16,8.97,9.1,9.11,0.72,0.72,68.76,3.1,4084593400.0,4084593400.0,0.22,0.22,13.48,-7.02
4575,000820,神雾节能,3.61,-1.1,-0.04,114625.0,41829052.72,2.74,3.71,3.61,3.69,3.65,0.75,3.86,-147.94,29.5,2334064196.0,1072050426.0,-0.55,0.0,13.88,6.49
4576,301380,挖金客,32.45,-1.1,-0.36,31689.0,102881331.62,3.17,33.0,31.96,32.81,32.81,0.75,3.85,60.52,4.38,3290184451.0,2672297835.0,0.19,0.06,10.52,-13.7
4577,688355,明志科技,17.09,-1.1,-0.19,10172.0,17488937.0,1.91,17.38,17.05,17.38,17.28,0.8,0.82,64.67,2.0,2118409270.0,2118409270.0,0.0,0.12,-2.34,-1.21
4578,603323,苏农银行,4.48,-1.1,-0.05,425817.0,191427679.0,2.21,4.56,4.46,4.54,4.53,0.77,1.92,4.1,0.5,9947372203.0,9947372203.0,-0.22,-0.44,3.23,0.0
4579,300264,佳创视讯,6.29,-1.1,-0.07,106527.0,67432577.6,2.52,6.43,6.27,6.37,6.36,0.86,2.88,-118.85,2094.81,2710093788.0,2330083885.0,0.0,-0.16,-30.88,-6.26
4580,688410,山外山,9.89,-1.1,-0.11,92532.0,91624094.0,3.0,10.03,9.73,10.0,10.0,0.62,2.07,23.45,2.44,4425190204.0,4425190204.0,0.2,0.2,-2.66,-6.26
4581,600055,万东医疗,10.76,-1.1,-0.12,47949.0,51939740.0,3.13,11.09,10.75,11.09,10.88,1.22,0.68,-41.26,1.74,7564936984.0,7564936984.0,-0.09,-0.09,-7.0,-30.94
4582,300472,ST新元,7.13,-1.11,-0.08,24232.0,17352398.6,2.22,7.25,7.09,7.16,7.21,0.46,0.94,-31.64,159.07,1962593968.0,1830613782.0,-0.28,-0.14,-13.89,-7.4
4583,300719,安达维尔,12.5,-1.11,-0.14,39205.0,49035334.0,3.4,12.8,12.37,12.8,12.64,0.86,2.18,-64.09,3.18,3177839375.0,2245251650.0,0.0,0.0,-10.78,-30.98
4584,001390,古麒绒材,17.0,-1.11,-0.19,17329.0,29666539.52,1.69,17.27,16.98,17.19,17.19,0.82,1.46,18.28,2.03,3400000000.0,2019247250.0,0.0,0.06,-2.91,-30.13
4585,002936,郑州银行,1.78,-1.11,-0.02,736042.0,131286463.56,2.22,1.81,1.77,1.8,1.8,0.73,1.05,4.83,0.34,16183922617.0,12512396007.0,0.0,0.56,0.0,-7.77
4586,600331,宏达股份,12.51,-1.11,-0.14,252172.0,315799076.0,2.69,12.78,12.44,12.68,12.65,0.75,1.24,-658.25,10.57,33046416000.0,25420320000.0,-0.08,0.0,-5.08,-2.19
4587,600015,华夏银行,6.25,-1.11,-0.07,1148350.0,719152877.0,2.06,6.35,6.22,6.33,6.32,0.67,0.75,5.31,0.31,99468302925.0,96170149894.0,0.0,-0.16,-6.3,-3.1
4588,002523,天桥起重,3.57,-1.11,-0.04,177155.0,63378207.28,3.05,3.66,3.55,3.64,3.61,0.75,1.26,38.29,1.99,5057407656.0,5039207378.0,0.28,0.0,8.84,-16.39
4589,300407,凯发电气,11.6,-1.11,-0.13,49566.0,57613587.0,2.3,11.8,11.53,11.73,11.73,1.11,1.94,130.89,1.85,4018694859.0,2966960722.0,-0.09,-0.17,-0.26,3.2
4590,300832,新产业,50.93,-1.11,-0.57,41619.0,213374726.74,2.29,51.98,50.8,51.35,51.5,0.76,0.61,23.06,4.46,40016657720.0,34789890228.0,-0.02,-0.08,16.87,-7.48
4591,300677,英科医疗,53.65,-1.11,-0.6,75103.0,404901870.61,1.9,54.48,53.45,53.9,54.25,0.74,1.61,20.98,1.86,35127512560.0,24980112074.0,0.04,0.02,19.28,38.63
4592,002383,合众思壮,7.1,-1.11,-0.08,64155.0,45640409.0,1.81,7.21,7.08,7.2,7.18,0.55,0.87,-74.2,3.61,5256558166.0,5256558166.0,-0.14,0.0,-3.01,-43.61
4593,920077,吉林碳谷,14.12,-1.12,-0.16,46808.0,65882041.18,2.38,14.27,13.93,14.27,14.28,0.93,1.55,39.42,3.09,8277706724.0,4262990465.0,0.0,0.21,-17.86,-16.55
4594,000530,冰山冷热,5.28,-1.12,-0.06,186098.0,98295584.72,1.87,5.35,5.25,5.26,5.34,0.59,3.1,47.22,1.41,4452162037.0,3168616308.0,0.19,0.38,-3.47,-27.37
4595,688522,纳睿雷达,18.52,-1.12,-0.21,36324.0,67826874.0,2.24,18.93,18.51,18.8,18.73,1.14,2.11,63.4,3.33,7853267582.0,3188856681.0,-0.22,0.0,-6.09,-34.99
4596,601326,秦港股份,3.54,-1.12,-0.04,206679.0,73211064.0,1.96,3.59,3.52,3.58,3.58,0.69,0.43,9.73,0.95,19779438480.0,16841758860.0,-0.28,0.0,5.36,4.73
4597,920670,数字人,13.21,-1.12,-0.15,12053.0,15908348.26,2.77,13.47,13.1,13.36,13.36,0.4,1.81,-87.88,5.96,1402669504.0,880229962.0,-0.23,-0.15,-3.93,-21.28
4598,605118,力鼎光电,34.39,-1.12,-0.39,81760.0,282605375.0,4.74,35.61,33.96,34.78,34.78,0.73,2.0,40.0,8.82,14141821410.0,14060987715.0,0.2,0.12,6.67,15.36
4599,688282,理工导航,54.64,-1.12,-0.62,7365.0,40576493.0,2.62,56.0,54.55,55.01,55.26,0.93,0.83,-87.15,3.68,4868708128.0,4868708128.0,-0.05,-0.11,-22.17,-13.95
4600,301081,严牌股份,15.74,-1.13,-0.18,67380.0,105485334.82,5.03,15.94,15.14,15.94,15.92,1.08,3.0,393.99,3.3,3678650254.0,3533354786.0,0.32,0.19,-2.42,56.15
4601,920579,机科股份,14.86,-1.13,-0.17,7702.0,11397412.75,2.33,15.0,14.65,14.97,15.03,0.79,1.73,-35.89,4.24,1924072800.0,662375881.0,0.41,0.75,-16.89,-43.09
4602,002472,双环传动,37.62,-1.13,-0.43,525458.0,2004118656.42,4.81,38.95,37.12,38.22,38.05,2.07,6.94,27.25,3.08,31976913173.0,28477130968.0,-0.11,-0.08,-7.61,-20.18
4603,605090,九丰能源,33.12,-1.13,-0.38,69749.0,231363781.0,2.72,33.8,32.89,33.8,33.5,0.84,0.99,12.31,1.9,23402079236.0,23378471300.0,-0.09,-0.12,-10.56,-22.71
4604,920556,雅达股份,6.98,-1.13,-0.08,17770.0,12408392.14,2.55,7.08,6.9,7.04,7.06,0.61,1.53,45.36,2.15,1121274752.0,812331674.0,0.0,0.29,-13.4,-30.06
4605,002606,大连电瓷,12.99,-1.14,-0.15,163568.0,213033111.07,3.42,13.35,12.9,13.32,13.14,0.96,3.88,18.43,2.81,5703561128.0,5473232983.0,0.0,0.0,-0.54,49.31
4606,000701,厦门信达,5.21,-1.14,-0.06,162637.0,84850338.0,1.71,5.27,5.18,5.2,5.27,1.16,2.44,4.12,-15.07,3481911282.0,3478959948.0,-0.19,0.0,3.58,-20.7
4607,688472,阿特斯,8.68,-1.14,-0.1,326182.0,283766550.0,1.94,8.83,8.66,8.78,8.78,0.72,0.9,52.77,1.39,31622456172.0,31622456172.0,0.0,0.0,-21.8,-41.39
4608,600030,中信证券,27.67,-1.14,-0.32,968006.0,2688456520.0,1.79,28.13,27.63,28.05,27.99,0.82,0.79,9.26,1.46,432323612106.0,336925165451.0,0.0,-0.04,5.25,-1.21
4609,601860,紫金银行,2.61,-1.14,-0.03,510482.0,133427481.0,1.52,2.64,2.6,2.63,2.64,0.76,1.44,5.07,0.46,9555482163.0,9269905578.0,0.0,0.0,-2.61,-1.88
4610,300775,三角防务,21.59,-1.14,-0.25,97379.0,210584085.22,2.2,21.98,21.5,21.9,21.84,0.65,1.83,144.52,2.01,11821677150.0,11478181028.0,0.14,0.23,-6.09,-28.75
4611,688390,固德威,60.52,-1.14,-0.7,85392.0,515424513.0,2.79,61.42,59.71,61.34,61.22,0.95,3.51,25.68,4.81,14713811888.0,14713811888.0,0.08,0.13,-45.21,-2.59
4612,301567,贝隆精密,36.49,-1.14,-0.42,14062.0,51574538.0,3.33,37.6,36.37,36.96,36.91,0.77,6.62,319.89,3.62,2627280000.0,775042127.0,-0.22,0.0,-5.34,-22.36
4613,002096,易普力,9.53,-1.14,-0.11,39669.0,37917463.2,1.76,9.67,9.5,9.6,9.64,0.66,0.32,18.05,1.46,11821400538.0,11813577275.0,-0.1,-0.1,6.6,-27.03
4614,601668,中国建筑,4.35,-1.14,-0.05,2206267.0,962295610.0,1.59,4.41,4.34,4.39,4.4,0.8,0.53,3.91,0.36,179743698431.0,179743698431.0,0.23,0.23,-3.33,-10.49
4615,300919,中伟新材,38.95,-1.14,-0.45,83531.0,325325110.63,2.06,39.48,38.67,39.3,39.4,0.8,0.91,15.61,1.73,40681958957.0,35632783248.0,0.05,0.13,-18.16,-15.25
4616,002293,罗莱生活,11.21,-1.15,-0.13,40898.0,45771094.3,2.38,11.38,11.11,11.34,11.34,0.81,0.49,18.83,2.43,9387869216.0,9309719340.0,0.09,0.0,13.0,17.14
4617,688768,容知日新,42.8,-1.15,-0.5,4900.0,21109965.0,3.76,43.95,42.32,43.95,43.3,0.54,0.56,-47.57,3.63,3765916916.0,3734879897.0,0.33,0.0,-20.04,-0.79
4618,002276,万马股份,10.28,-1.15,-0.12,100974.0,104061870.62,1.15,10.37,10.25,10.35,10.4,0.78,1.0,24.83,1.67,10393855585.0,10355229513.0,-0.1,0.0,-4.73,-39.03
4619,688695,中创股份,19.8,-1.15,-0.23,18647.0,37230998.0,3.49,20.45,19.75,19.83,20.03,1.36,3.49,-42.17,2.24,1684017284.0,1057230464.0,0.05,-0.15,-2.08,-27.82
4620,002651,利君股份,8.58,-1.15,-0.1,154129.0,132237723.12,1.84,8.68,8.52,8.68,8.68,0.45,2.73,141.11,3.24,8867086800.0,4851678040.0,0.35,0.12,6.06,-26.23
4621,600618,氯碱化工,10.34,-1.15,-0.12,56076.0,58114220.0,1.82,10.5,10.31,10.5,10.46,0.7,0.75,16.03,1.27,11957175752.0,7753345352.0,0.0,-0.1,-0.29,-11.17
4622,301565,中仑新材,18.96,-1.15,-0.22,61866.0,117165458.25,2.45,19.25,18.78,19.18,19.18,1.17,4.83,55.76,3.08,7584189600.0,2427069600.0,-0.16,-0.16,-28.8,-21.46
4623,600797,浙大网新,6.88,-1.15,-0.08,149245.0,102656895.0,1.72,6.96,6.84,6.95,6.96,0.83,1.45,-59.43,2.19,7069381426.0,7069381426.0,0.0,0.29,-4.58,-30.36
4624,300095,华伍股份,8.58,-1.15,-0.1,65350.0,56353227.0,2.19,8.74,8.55,8.74,8.68,0.62,2.06,21.29,2.26,3384167899.0,2725610556.0,0.0,0.12,-2.17,-29.21
4625,688309,恒誉科技,78.77,-1.15,-0.92,10322.0,81863536.0,2.7,80.3,78.15,80.3,79.69,0.47,1.3,38.57,7.45,6254437959.0,6254437959.0,0.24,0.25,36.35,228.76
4626,001979,招商蛇口,6.89,-1.15,-0.08,872550.0,602926416.23,2.73,7.02,6.83,6.94,6.97,0.43,0.98,58.82,0.64,62120461658.0,61112327221.0,0.15,0.15,-15.04,-19.79
4627,000729,燕京啤酒,11.14,-1.15,-0.13,222801.0,248448086.04,2.48,11.32,11.04,11.26,11.27,1.22,0.89,11.22,1.86,31398528259.0,27957018270.0,-0.09,-0.09,-3.3,1.0
4628,300047,天源迪科,9.38,-1.16,-0.11,139930.0,131418724.74,1.79,9.49,9.32,9.45,9.49,0.93,2.41,90.91,1.81,5982045023.0,5445801182.0,0.0,-0.11,-2.7,-25.2
4629,002766,索菱股份,4.27,-1.16,-0.05,442314.0,189240567.77,3.47,4.38,4.23,4.23,4.32,1.36,5.15,-44.66,3.53,3671541668.0,3664427784.0,0.23,0.0,6.48,-29.42
4630,600808,马钢股份,2.55,-1.16,-0.03,501480.0,128691465.0,1.94,2.6,2.55,2.58,2.58,0.81,0.84,-140.47,0.82,19636737024.0,15217765524.0,0.0,0.0,-9.89,-39.57
4631,920046,亿能电力,20.46,-1.16,-0.24,27313.0,55458863.3,3.72,20.85,20.08,20.85,20.7,0.74,4.88,100.47,8.15,2069529000.0,1144267177.0,0.1,0.29,-19.64,53.03
4632,601878,浙商证券,9.36,-1.16,-0.11,218240.0,205137775.0,1.58,9.5,9.35,9.5,9.47,0.87,0.48,13.17,1.14,42447740765.0,42447740765.0,-0.11,0.0,1.74,-12.03
4633,600266,城建发展,4.25,-1.16,-0.05,264520.0,112683067.0,1.63,4.3,4.23,4.27,4.3,0.62,1.27,-64.39,0.49,8821909905.0,8821909905.0,0.0,0.24,-2.97,-15.34
4634,600149,廊坊发展,5.11,-1.16,-0.06,74005.0,37892093.0,1.35,5.16,5.09,5.16,5.17,0.87,1.95,311.5,7.75,1942617600.0,1942617600.0,-0.2,0.0,-0.2,2.4
4635,600230,沧州大化,14.45,-1.16,-0.17,77626.0,112036460.0,2.87,14.7,14.28,14.67,14.62,0.56,1.88,29.69,1.46,5981736667.0,5981736667.0,-0.21,0.28,-1.1,-5.18
4636,920010,凯添燃气,9.41,-1.16,-0.11,51844.0,48845523.61,5.04,9.75,9.27,9.7,9.52,0.45,2.98,56.9,3.15,2206645000.0,1639446457.0,0.0,-0.11,-8.28,-14.06
4637,920009,丹娜生物,36.55,-1.16,-0.43,3008.0,10952067.19,2.68,37.08,36.09,37.07,36.98,0.77,2.98,30.87,4.07,2834306300.0,368424000.0,0.27,0.14,5.88,-32.13
4638,300682,朗新科技,9.3,-1.17,-0.11,148794.0,138434767.3,2.13,9.45,9.25,9.37,9.41,1.12,1.44,-27.78,1.57,10027593135.0,9615582638.0,-0.21,-0.11,-16.89,-38.08
4639,002406,远东传动,6.76,-1.17,-0.08,115824.0,78284915.0,1.75,6.83,6.71,6.81,6.84,0.72,2.06,24.55,1.25,4936321554.0,3800278062.0,0.15,0.15,-1.89,-11.52
4640,300483,首华燃气,25.28,-1.17,-0.3,128120.0,322352779.6,4.81,25.85,24.62,25.67,25.58,0.76,3.33,26.07,2.5,9735523667.0,9720962387.0,-0.08,0.2,28.59,78.28
4641,301268,铭利达,12.68,-1.17,-0.15,33315.0,42625507.73,3.12,13.05,12.65,13.05,12.83,1.1,0.92,-31.33,3.62,5082761694.0,4596949430.0,0.0,0.0,-20.05,-30.44
4642,002736,国信证券,10.14,-1.17,-0.12,237879.0,242487747.29,2.14,10.33,10.11,10.28,10.26,0.96,0.25,9.06,1.07,103851274628.0,97470033883.0,-0.1,-0.1,2.22,-19.97
4643,600507,方大特钢,4.21,-1.17,-0.05,194934.0,82368027.0,1.64,4.27,4.2,4.27,4.26,0.85,0.84,23.37,0.98,9738521017.0,9738521017.0,-0.24,0.0,-1.86,-26.01
4644,688062,迈威生物-U,27.1,-1.17,-0.32,53734.0,145865718.0,1.9,27.5,26.98,27.32,27.42,0.85,2.33,-11.6,13.86,12106388420.0,6239504000.0,-0.11,0.07,-5.01,-29.56
4645,600550,保变电气,10.97,-1.17,-0.13,197585.0,217384879.0,2.34,11.2,10.94,11.2,11.1,0.98,1.07,75.57,20.6,20201567426.0,20201567426.0,-0.09,0.0,-9.56,3.98
4646,600642,申能股份,8.47,-1.17,-0.1,172169.0,146222970.0,1.98,8.6,8.43,8.59,8.57,0.81,0.35,12.32,1.13,41452852315.0,41450597431.0,0.0,0.0,-7.63,15.71
4647,000552,甘肃能化,2.53,-1.17,-0.03,638262.0,161723570.85,1.95,2.56,2.51,2.56,2.56,0.65,1.71,38.88,0.82,13540096443.0,9426308261.0,-0.39,0.0,-4.89,9.52
4648,300552,万集科技,21.81,-1.18,-0.26,58010.0,126127029.9,1.68,21.97,21.6,21.6,22.07,0.67,4.2,-72.33,2.69,4648433173.0,3008858004.0,0.28,0.41,-16.56,-28.16
4649,600309,万华化学,76.74,-1.18,-0.92,251211.0,1922126073.0,2.41,77.66,75.79,77.66,77.66,0.64,0.8,11.94,2.16,240232392579.0,240232392579.0,0.0,0.08,7.07,1.74
4650,600571,信雅达,10.9,-1.18,-0.13,70767.0,77100233.0,3.63,11.19,10.79,11.14,11.03,1.01,1.55,-32.76,4.38,5082869568.0,4989493563.0,-0.18,-0.09,4.61,-31.19
4651,000708,中信特钢,13.43,-1.18,-0.16,125317.0,168960496.0,3.16,13.76,13.33,13.6,13.59,0.86,0.25,11.34,1.55,67783340374.0,67783038199.0,0.0,0.0,-4.55,-15.64
4652,688636,智明达,20.17,-1.18,-0.24,49550.0,100318829.0,2.01,20.49,20.08,20.41,20.41,0.8,2.85,32.68,2.45,3507692169.0,3507692169.0,-0.4,-0.05,-45.03,-52.81
4653,002807,江阴银行,4.17,-1.18,-0.05,444443.0,185532606.98,1.9,4.23,4.15,4.22,4.22,0.75,1.64,6.52,0.56,11290408719.0,11273621546.0,0.0,0.0,2.21,2.96
4654,300402,宝色股份,15.01,-1.18,-0.18,22627.0,34168029.0,2.44,15.34,14.97,15.34,15.19,0.82,0.93,65.81,2.45,3704325360.0,3656713640.0,-0.07,-0.13,-8.08,-29.99
4655,300479,神思电子,15.07,-1.18,-0.18,39339.0,59442742.71,2.16,15.35,15.02,15.25,15.25,0.87,2.0,-47.72,5.58,2969405836.0,2967710461.0,0.2,0.07,5.9,-21.18
4656,688302,海创药业-U,31.01,-1.18,-0.37,16068.0,49781478.0,3.03,31.66,30.71,31.31,31.38,0.87,1.62,-27.31,3.05,3070473694.0,3070473694.0,0.03,0.26,-9.51,-36.93
4657,603950,长源东谷,64.37,-1.18,-0.77,71550.0,462902830.0,7.63,67.78,62.81,66.3,65.14,0.77,2.21,62.58,6.65,20864299596.0,20847434656.0,0.08,0.08,8.11,123.35
4658,601555,东吴证券,8.37,-1.18,-0.1,351356.0,295579956.0,1.65,8.5,8.36,8.48,8.47,0.54,0.71,8.59,0.99,41588042746.0,41588042746.0,-0.24,-0.12,11.75,-5.32
4659,688382,益方生物-U,19.26,-1.18,-0.23,73471.0,141530215.0,2.87,19.59,19.03,19.49,19.49,0.84,1.27,-40.72,7.91,11162941997.0,11162941997.0,-0.1,-0.36,7.0,-29.3
4660,605299,舒华体育,13.29,-1.19,-0.16,221509.0,295941838.0,4.76,13.79,13.15,13.7,13.45,0.95,5.43,58.35,4.45,5417792203.0,5417792203.0,-0.15,0.0,-12.62,17.71
4661,000965,天保基建,3.33,-1.19,-0.04,305477.0,101699539.03,2.37,3.37,3.29,3.32,3.37,0.35,2.75,34.29,0.67,3695736880.0,3695736880.0,0.0,0.0,-2.06,-14.83
4662,300332,天壕能源,4.97,-1.19,-0.06,153793.0,76614286.73,1.99,5.05,4.95,5.02,5.03,0.54,1.89,29.26,1.09,4213117532.0,4038064316.0,-0.2,-0.2,8.04,-4.79
4663,300581,晨曦航空,10.84,-1.19,-0.13,202559.0,219125887.23,3.01,11.03,10.7,10.95,10.97,0.81,3.68,-89.62,6.68,5963187479.0,5963187479.0,0.09,0.09,-17.63,-34.26
4664,601619,嘉泽新能,4.11,-1.2,-0.05,241349.0,99577714.0,3.37,4.23,4.09,4.2,4.16,0.81,0.95,26.09,1.5,12376593048.0,10411652810.0,-0.24,0.0,-13.11,-7.01
4665,920496,许昌智能,6.56,-1.2,-0.08,19955.0,13225253.89,4.37,6.79,6.5,6.79,6.64,0.74,1.38,324.29,1.93,1086172000.0,951189714.0,0.0,0.0,-9.52,-34.33
4666,603976,正川股份,35.39,-1.2,-0.43,129281.0,438523549.0,10.66,36.06,32.24,36.06,35.82,1.51,7.53,247.16,3.91,6073438181.0,6073438181.0,-0.03,-0.14,30.16,85.87
4667,601198,东兴证券,14.0,-1.2,-0.17,212463.0,298113097.0,1.55,14.17,13.95,14.16,14.17,0.94,0.66,22.08,1.49,45254237280.0,45254237280.0,0.0,0.07,11.91,1.52
4668,002563,森马服饰,5.77,-1.2,-0.07,141302.0,81865492.56,2.57,5.89,5.74,5.85,5.84,0.79,0.64,16.22,1.41,15544900223.0,12771848627.0,0.17,0.17,7.45,12.7
4669,688331,荣昌生物,122.75,-1.2,-1.49,42129.0,516155439.0,2.08,124.0,121.41,123.49,124.24,0.67,1.18,7.43,8.33,69289611038.0,43686263951.0,0.02,-0.01,7.77,57.8
4670,600495,晋西车轴,4.11,-1.2,-0.05,80988.0,33302482.0,2.16,4.18,4.09,4.17,4.16,0.84,0.67,125.55,1.51,4965664541.0,4965664541.0,0.24,0.24,8.73,-13.66
4671,920806,云星宇,10.72,-1.2,-0.13,26167.0,28007877.95,3.5,10.95,10.57,10.75,10.85,0.62,0.87,69.45,2.1,3223897070.0,3223897070.0,0.19,0.0,0.37,-21.64
4672,688443,智翔金泰-U,22.97,-1.2,-0.28,24097.0,55586325.0,1.38,23.28,22.96,23.26,23.25,0.69,1.68,-13.32,6.57,8422639600.0,3293668300.0,-0.13,-0.13,2.96,-15.68
4673,301399,英特科技,20.55,-1.2,-0.25,73066.0,150129534.22,2.45,20.78,20.27,20.6,20.8,0.54,13.36,-444.53,2.93,3802161000.0,1123747692.0,-0.05,0.2,19.27,5.87
4674,688177,百奥泰,17.27,-1.2,-0.21,19387.0,33640938.0,2.23,17.62,17.23,17.5,17.48,0.61,0.47,-14.19,57.7,7151161600.0,7151161600.0,-0.12,0.06,-0.35,-25.37
4675,000722,湖南发展,13.16,-1.2,-0.16,138198.0,182541935.73,3.45,13.55,13.09,13.36,13.32,1.26,2.98,22.75,1.84,8419627793.0,6108322991.0,0.0,0.08,-12.67,12.0
4676,001914,招商积余,9.07,-1.2,-0.11,86754.0,79161458.58,2.07,9.23,9.04,9.15,9.18,0.63,0.82,9.6,0.87,9557239112.0,9557235711.0,0.22,0.11,-3.41,-12.96
4677,920190,雷神科技,26.28,-1.2,-0.32,47589.0,125749954.05,3.16,26.89,26.05,26.6,26.6,0.66,4.79,64.88,3.07,2628000026.0,2613363380.0,0.08,0.31,10.51,-5.77
4678,000719,中原传媒,12.32,-1.2,-0.15,65436.0,80732923.06,1.84,12.48,12.25,12.47,12.47,1.09,0.98,12.47,1.04,12605870188.0,8219257730.0,0.0,-0.16,5.48,10.99
4679,002543,万和电气,7.36,-1.21,-0.09,97942.0,72075431.82,2.15,7.47,7.31,7.38,7.45,0.57,1.48,44.53,1.18,5472896000.0,4866256839.0,0.14,0.41,7.76,-26.18
4680,300996,普联软件,13.85,-1.21,-0.17,223085.0,308047973.07,3.92,14.15,13.6,14.08,14.02,0.65,6.7,-617.69,4.27,5481702608.0,4614020910.0,0.22,0.22,28.24,17.87
4681,300551,古鳌科技,12.21,-1.21,-0.15,198192.0,238783407.8,4.94,12.32,11.71,11.99,12.36,0.94,6.05,6.55,6.47,4152167264.0,3996640545.0,0.0,0.08,13.16,-26.62
4682,601881,中国银河,12.28,-1.21,-0.15,233819.0,287974476.0,1.85,12.48,12.25,12.45,12.43,0.83,0.32,8.61,1.14,134274459704.0,88949168410.0,0.08,0.0,0.82,-20.77
4683,920378,泰德股份,7.36,-1.21,-0.09,4757.0,3509878.31,3.76,7.58,7.3,7.58,7.45,0.49,0.43,69.05,2.95,1144671360.0,807640797.0,0.55,0.41,-4.91,-25.35
4684,002471,中超控股,5.72,-1.21,-0.07,586382.0,335703159.15,2.94,5.83,5.66,5.76,5.79,0.97,4.36,-308.34,4.34,7829307200.0,7687980517.0,0.0,0.18,-20.56,-28.68
4685,600864,哈投股份,5.71,-1.21,-0.07,297033.0,169889894.0,1.9,5.79,5.68,5.78,5.78,0.71,1.43,14.7,0.9,11880057669.0,11880057669.0,0.18,0.18,10.44,-13.22
4686,688239,航宇科技,54.02,-1.21,-0.66,58076.0,312268419.0,2.74,54.61,53.11,54.61,54.68,0.62,3.04,44.03,4.6,10313112265.0,10313112265.0,-0.02,-0.07,-2.7,-19.99
4687,300591,万里马,7.37,-1.21,-0.09,134909.0,100088762.0,2.55,7.54,7.35,7.47,7.46,0.69,3.85,-1372.21,17.73,2989815736.0,2583182988.0,0.0,-0.27,4.1,-25.71
4688,002700,万憬能源,6.51,-1.21,-0.08,40874.0,26740519.0,1.82,6.61,6.49,6.59,6.59,0.77,1.0,38.9,1.89,2692719484.0,2664960284.0,-0.15,-0.15,-24.04,-2.69
4689,002681,奋达科技,4.9,-1.21,-0.06,401227.0,197867294.58,2.02,4.99,4.89,4.95,4.96,0.52,2.55,1202.58,4.1,8793795937.0,7703040713.0,0.2,0.2,2.08,-26.32
4690,600741,华域汽车,15.39,-1.22,-0.19,166996.0,257474108.0,1.93,15.65,15.35,15.59,15.58,1.22,0.53,9.17,0.77,48520422114.0,48520422114.0,0.07,0.0,-1.66,-19.0
4691,002446,盛路通信,8.07,-1.22,-0.1,181880.0,147489289.83,2.2,8.22,8.04,8.16,8.17,1.12,2.15,101.35,3.03,7387404893.0,6841562779.0,0.0,0.12,-23.14,-23.07
4692,002869,金溢科技,16.2,-1.22,-0.2,31895.0,51771911.0,2.2,16.42,16.06,16.06,16.4,0.95,2.01,-36.73,1.43,2866022854.0,2566975520.0,0.0,0.0,-11.18,-30.35
4693,601816,京沪高铁,4.84,-1.22,-0.06,1505775.0,732003933.0,2.04,4.93,4.83,4.91,4.9,1.22,0.31,17.49,1.16,236800288151.0,236800288151.0,-0.21,-0.21,-1.22,-4.16
4694,600926,杭州银行,17.04,-1.22,-0.21,458972.0,781689110.0,2.61,17.35,16.9,17.27,17.25,0.98,0.63,4.82,0.86,123523003418.0,123523003418.0,-0.12,-0.12,3.52,13.6
4695,688027,国盾量子,365.93,-1.23,-4.57,12898.0,473316996.0,3.07,374.66,363.3,370.0,370.5,1.25,1.6,-812.07,11.69,37639926096.0,29411393214.0,0.0,-0.06,-23.61,-27.36
4696,600654,中安科,3.22,-1.23,-0.04,699245.0,223732549.0,2.15,3.25,3.18,3.22,3.26,0.41,3.02,94.59,4.87,9162219108.0,7462130470.0,0.0,0.63,12.2,-14.59
4697,600649,城投控股,4.01,-1.23,-0.05,281010.0,113133085.0,2.71,4.09,3.98,4.08,4.06,0.62,1.13,-96.45,0.48,9992121080.0,9992121080.0,0.25,0.25,9.86,-9.07
4698,601788,光大证券,14.47,-1.23,-0.18,215036.0,312207569.0,2.12,14.75,14.44,14.7,14.65,0.98,0.55,14.97,1.1,66718097136.0,56529932200.0,0.0,0.07,2.48,-16.74
4699,601456,国联民生,8.82,-1.23,-0.11,245696.0,217806749.0,1.9,8.98,8.81,8.96,8.93,1.17,0.56,17.7,0.95,50102828549.0,38604977862.0,0.0,0.0,-5.67,-12.76
4700,601089,福元医药,16.08,-1.23,-0.2,21275.0,34376607.0,1.6,16.33,16.07,16.28,16.28,0.83,0.44,20.73,2.07,7718400000.0,7718400000.0,-0.06,0.0,-3.02,-31.6
4701,688271,联影医疗,107.24,-1.23,-1.34,37584.0,405692559.0,2.04,109.22,107.01,108.34,108.58,0.86,0.46,49.27,4.03,88382702633.0,88382702633.0,0.01,-0.06,-5.8,-14.43
4702,920016,中草香料,14.3,-1.24,-0.18,10541.0,15123199.39,4.42,14.8,14.16,14.63,14.48,0.53,3.08,42.74,2.8,1100841585.0,489592217.0,0.63,0.7,0.21,-25.79
4703,603882,金域医学,26.37,-1.24,-0.33,82705.0,217338552.0,3.03,26.86,26.05,26.71,26.7,1.16,1.8,32.12,1.93,12216120712.0,12133748795.0,0.08,0.08,4.31,-4.04
4704,002642,荣联科技,7.18,-1.24,-0.09,95936.0,69027288.0,1.65,7.27,7.15,7.23,7.27,1.0,1.45,445.41,3.99,4750146647.0,4750146647.0,0.0,0.14,3.91,-13.18
4705,300008,天海防务,6.38,-1.24,-0.08,498960.0,318888107.08,1.86,6.47,6.35,6.44,6.46,0.86,3.0,30.19,4.32,11024825869.0,10620164403.0,0.0,0.16,-3.19,-18.83
4706,600292,电投水电,11.9,-1.24,-0.15,103880.0,123983295.0,2.07,12.12,11.87,12.08,12.05,1.14,2.36,23.83,2.54,56693802262.0,5227474638.0,-0.08,0.0,-17.99,-8.39
4707,002792,通宇通讯,30.06,-1.25,-0.38,211209.0,635142636.29,2.4,30.49,29.76,30.05,30.44,1.21,6.25,-352.57,5.62,15746511062.0,10155528386.0,0.0,0.1,-18.73,-29.57
4708,301590,优优绿能,74.06,-1.25,-0.94,16269.0,122117040.87,3.35,76.51,74.0,75.0,75.0,1.86,6.68,-56.65,2.32,4360236509.0,1805034756.0,0.0,-0.05,-32.71,-41.25
4709,300062,中能电气,6.31,-1.25,-0.08,167619.0,105581847.07,2.66,6.42,6.25,6.35,6.39,0.6,3.65,-383.5,2.59,3974904805.0,2894512158.0,0.16,0.32,2.44,-24.25
4710,300304,云意电气,11.82,-1.25,-0.15,207869.0,244802691.11,4.01,12.06,11.58,11.82,11.97,0.88,2.44,30.97,2.98,10379658747.0,10077069300.0,0.08,0.0,-23.1,1.98
4711,002983,芯瑞达,21.31,-1.25,-0.27,22575.0,48343151.66,2.32,21.75,21.25,21.58,21.58,0.66,1.75,46.65,3.51,4740889614.0,2756133794.0,0.05,0.05,-9.51,-5.5
4712,002279,久其软件,7.05,-1.26,-0.09,350656.0,247883908.77,1.82,7.14,7.01,7.13,7.14,0.56,4.4,-122.03,4.13,6078558441.0,5612423030.0,0.14,0.14,2.77,-11.76
4713,300583,赛托生物,13.37,-1.26,-0.17,55326.0,73965767.6,2.07,13.58,13.3,13.48,13.54,0.49,2.97,41.95,1.44,2536317425.0,2488811141.0,-0.15,-0.07,10.5,-2.34
4714,600689,上海三毛,12.5,-1.26,-0.16,71251.0,89245083.0,7.11,13.2,12.3,12.66,12.66,0.84,4.68,97.55,5.24,2512391788.0,1902551788.0,0.24,0.16,12.92,-6.86
4715,002632,道明光学,9.41,-1.26,-0.12,428460.0,401920330.46,5.67,9.7,9.16,9.46,9.53,1.06,7.46,33.45,2.71,5877477437.0,5406172139.0,-0.11,-0.21,-2.59,-23.37
4716,600109,国金证券,8.63,-1.26,-0.11,286903.0,248898704.0,2.06,8.8,8.62,8.79,8.74,0.94,0.78,12.1,0.88,31786558896.0,31786558896.0,-0.12,-0.12,2.62,-6.4
4717,920779,武汉蓝电,24.39,-1.26,-0.31,10209.0,24962316.62,3.4,25.12,24.28,25.12,24.7,0.59,5.1,44.16,4.26,1952700473.0,488287849.0,0.08,0.0,-6.8,-26.4
4718,002973,侨银股份,12.49,-1.26,-0.16,55673.0,69109504.0,3.87,12.67,12.18,12.58,12.65,0.86,1.75,58.58,2.01,5104234593.0,3967486944.0,0.16,0.16,-1.5,-7.96
4719,002063,远光软件,5.5,-1.26,-0.07,267843.0,148031083.02,1.97,5.6,5.49,5.57,5.57,1.09,1.51,69.62,2.64,10535100494.0,9730100287.0,-0.18,-0.18,4.36,-8.94
4720,603266,天龙股份,16.4,-1.26,-0.21,24178.0,39916276.0,2.05,16.71,16.37,16.6,16.61,0.65,1.22,36.01,2.0,3261742700.0,3261742700.0,-0.55,-0.3,-3.87,-27.56
4721,920541,铁大科技,10.13,-1.27,-0.13,8394.0,8513002.24,3.02,10.33,10.02,10.28,10.26,0.8,0.93,21.54,2.93,1384771000.0,912294469.0,0.0,-0.2,-4.34,-22.14
4722,600116,三峡水利,6.2,-1.27,-0.08,147654.0,91894091.0,1.75,6.29,6.18,6.27,6.28,1.32,0.77,15.68,1.03,11855286005.0,11855286005.0,0.0,0.0,0.0,-3.43
4723,600416,湘电股份,8.54,-1.27,-0.11,99558.0,85171064.0,2.08,8.68,8.5,8.68,8.65,0.79,0.67,554.44,1.3,12603181559.0,12603181559.0,-0.12,0.0,-12.5,-45.88
4724,600968,海油发展,3.9,-1.27,-0.05,426395.0,167444804.0,2.28,3.97,3.88,3.96,3.95,0.86,0.42,10.61,1.33,39643906376.0,39643906376.0,-0.26,-0.26,4.28,5.69
4725,301208,中亦科技,31.05,-1.27,-0.4,13848.0,43044487.82,2.23,31.57,30.87,31.52,31.45,0.66,2.05,80.94,2.38,3726001863.0,2093417703.0,0.19,0.16,9.68,-21.49
4726,300399,天利科技,20.22,-1.27,-0.26,102832.0,211506794.77,4.93,21.14,20.13,20.84,20.48,0.74,5.2,154.81,7.88,3995472000.0,3995082260.0,0.15,0.25,10.92,-20.08
4727,688114,华大智造,57.22,-1.28,-0.74,54715.0,314772302.0,2.83,58.54,56.9,58.04,57.96,0.8,1.32,-75.66,3.39,23833054389.0,23782784845.0,0.19,0.09,10.25,-5.83
4728,603660,苏州科达,10.05,-1.28,-0.13,183198.0,185001223.0,2.75,10.25,9.97,10.25,10.18,1.28,3.21,-9.97,9.73,5743501595.0,5743501595.0,0.0,0.2,-9.7,-8.88
4729,300219,鸿利智汇,6.94,-1.28,-0.09,120366.0,83725104.74,1.56,7.01,6.9,6.97,7.03,0.85,1.7,59.14,1.91,4913127932.0,4904143304.0,0.0,0.14,-12.37,-2.39
4730,301276,嘉曼服饰,18.44,-1.28,-0.24,18390.0,34106437.35,2.62,18.87,18.38,18.68,18.68,0.73,2.54,19.22,1.13,2389824000.0,1332614710.0,0.22,0.11,-29.43,-37.45
4731,300290,ST荣科,5.41,-1.28,-0.07,146006.0,79084473.5,4.01,5.5,5.28,5.35,5.48,0.78,2.28,-11.38,5.75,3460953198.0,3460180245.0,-0.18,0.0,-44.46,-80.34
4732,300125,聆达股份,9.22,-1.28,-0.12,75649.0,69997053.0,2.89,9.41,9.14,9.4,9.34,1.14,2.1,120.84,5.7,6139136880.0,3326206822.0,0.55,0.44,1.99,20.84
4733,301153,中科江南,18.3,-1.29,-0.24,65913.0,120222987.34,4.75,18.88,18.0,18.43,18.54,1.28,1.99,-217.4,3.59,6508660716.0,6071067968.0,0.05,0.05,2.75,-25.49
4734,300231,银信科技,8.39,-1.29,-0.11,96687.0,81404354.39,2.12,8.55,8.37,8.5,8.5,0.87,2.17,109.17,2.35,3731423563.0,3731232145.0,0.12,0.12,0.0,-19.17
4735,002538,ST司特,6.86,-1.29,-0.09,83294.0,57141068.0,2.59,6.98,6.8,6.93,6.95,0.93,0.98,26.52,1.12,5855392534.0,5851603242.0,-0.15,0.0,14.14,8.89
4736,001279,强邦新材,26.0,-1.29,-0.34,10556.0,27440471.0,2.89,26.38,25.62,26.35,26.34,0.74,2.64,176.26,4.14,4160000000.0,1040000000.0,-0.08,0.23,-0.76,-23.8
4737,002532,天山铝业,12.96,-1.29,-0.17,427295.0,552942771.33,1.98,13.09,12.83,13.08,13.13,0.65,1.04,7.18,1.95,59988436898.0,53224872578.0,0.08,0.08,-1.29,-16.6
4738,603348,文灿股份,14.52,-1.29,-0.19,21336.0,31075456.0,1.63,14.71,14.47,14.66,14.71,0.6,0.68,-10.57,1.19,4566208828.0,4566208828.0,0.07,0.21,-2.68,-24.61
4739,002867,周大生,10.74,-1.29,-0.14,103808.0,111762619.85,1.65,10.88,10.7,10.87,10.88,0.8,0.96,12.96,1.87,11657989611.0,11589982975.0,0.0,0.09,-7.41,-6.85
4740,300698,万马科技,26.82,-1.29,-0.35,26909.0,72371098.0,2.8,27.4,26.64,27.0,27.17,0.92,2.24,102.58,6.53,3593880000.0,3223360761.0,-0.19,-0.19,-14.04,-36.34
4741,688292,浩瀚深度,18.34,-1.29,-0.24,29587.0,54444266.0,4.04,18.88,18.13,18.51,18.58,0.77,1.87,-30.38,3.04,2904156441.0,2904156441.0,0.11,0.11,-7.84,-36.63
4742,000761,本钢板材,2.3,-1.29,-0.03,159270.0,36697762.24,2.58,2.34,2.28,2.32,2.33,0.82,0.43,-2.48,1.85,9449297235.0,8529297235.0,0.0,-0.43,-4.56,-31.34
4743,300354,东华测试,27.57,-1.29,-0.36,24476.0,68134287.21,3.72,28.51,27.47,27.98,27.93,1.76,2.93,48.99,4.38,3813487942.0,2300345711.0,-0.11,0.07,-12.56,-39.14
4744,300316,晶盛机电,41.25,-1.29,-0.54,71526.0,297198703.86,3.11,42.42,41.12,42.42,41.79,0.74,0.58,116.3,3.15,54018269126.0,50801661611.0,0.0,-0.05,-12.38,12.7
4745,300702,天宇股份,21.34,-1.3,-0.28,20525.0,43723644.77,2.04,21.61,21.17,21.5,21.62,1.15,0.97,35.73,2.08,7425832573.0,4505857048.0,-0.51,-0.28,9.6,-9.38
4746,688030,山石网科,16.75,-1.3,-0.22,32089.0,54221282.0,2.06,17.09,16.74,16.98,16.97,1.0,1.78,-71.47,4.35,3018991391.0,3018991391.0,-0.06,-0.06,5.95,-7.82
4747,000750,国海证券,3.79,-1.3,-0.05,612326.0,232822241.0,1.82,3.85,3.78,3.83,3.84,1.15,1.06,21.97,1.06,24203601268.0,21967613073.0,-0.26,0.0,6.76,-9.98
4748,301609,山大电力,31.84,-1.3,-0.42,19137.0,61276196.0,2.05,32.49,31.83,32.23,32.26,1.24,1.95,55.1,4.1,5186099200.0,3125594614.0,0.0,-0.03,-15.09,-22.42
4749,002001,新 和 成,26.51,-1.3,-0.35,208012.0,551419396.24,2.16,26.94,26.36,26.87,26.86,0.96,0.68,10.16,2.34,81476408737.0,80506971121.0,0.04,0.08,-11.9,8.69
4750,920363,莱赛激光,10.66,-1.3,-0.14,19675.0,21012836.97,3.7,10.96,10.56,10.8,10.8,0.72,2.79,326.47,4.02,1322074520.0,751662195.0,0.19,0.28,-7.94,-27.73
4751,603194,中力股份,33.84,-1.31,-0.45,10601.0,36093327.0,1.98,34.49,33.81,34.3,34.29,0.95,0.67,15.84,2.42,13569840000.0,5347630736.0,-0.03,-0.09,-12.35,-13.03
4752,300015,爱尔眼科,8.28,-1.31,-0.11,484327.0,402292158.95,1.55,8.41,8.28,8.37,8.39,0.91,0.61,28.37,3.34,77000395998.0,65891348310.0,-0.12,0.0,-0.96,-23.33
4753,601818,光大银行,3.01,-1.31,-0.04,2033474.0,614344825.0,1.97,3.06,3.0,3.06,3.05,0.79,0.44,4.75,0.35,177847508694.0,139684514839.0,-0.33,0.0,-4.75,-9.34
4754,920220,朗信电气,42.9,-1.31,-0.57,10083.0,43005148.03,3.73,43.9,42.28,43.6,43.47,0.61,4.86,31.9,2.46,2840248640.0,889567407.0,0.28,0.61,-23.09,51.64
4755,920906,舜宇精工,16.58,-1.31,-0.22,8049.0,13361395.44,2.68,16.9,16.45,16.8,16.8,0.67,2.41,-196.69,1.9,1077202600.0,553037887.0,0.0,0.12,-16.09,-43.04
4756,920126,永大股份,10.58,-1.31,-0.14,20457.0,21656562.8,2.8,10.79,10.49,10.75,10.72,0.45,4.58,15.05,1.69,1968726400.0,472587440.0,0.09,0.19,35.82,35.82
4757,600329,达仁堂,35.49,-1.31,-0.47,27355.0,97631136.0,2.03,36.17,35.44,35.97,35.96,1.45,0.48,21.19,4.6,27330648694.0,20126001244.0,0.0,0.0,-1.31,-13.08
4758,600372,中航机载,11.3,-1.31,-0.15,263256.0,297737333.0,2.36,11.5,11.23,11.43,11.45,0.9,0.54,45.05,1.43,54679531919.0,54679531919.0,0.0,0.0,1.44,-15.48
4759,920110,雷特科技,26.84,-1.32,-0.36,2924.0,7872402.51,3.57,27.47,26.5,27.11,27.2,0.83,1.8,36.01,2.88,1046760000.0,435854760.0,0.68,-0.07,3.23,-23.86
4760,002423,中粮资本,9.7,-1.32,-0.13,182963.0,178117210.45,1.93,9.86,9.67,9.75,9.83,0.65,0.79,12.18,0.97,22349824078.0,22349824078.0,0.21,0.0,10.98,-16.02
4761,000723,美锦能源,3.73,-1.32,-0.05,690319.0,256468402.83,2.38,3.77,3.68,3.75,3.78,0.55,1.57,-13.71,1.36,16425063437.0,16394006637.0,0.0,0.27,-7.9,-20.64
4762,300357,我武生物,21.67,-1.32,-0.29,101978.0,221961086.58,2.05,22.04,21.59,21.99,21.96,1.24,2.1,26.58,4.12,11346065280.0,10518925822.0,-0.09,-0.14,2.17,-22.88
4763,600927,永安期货,12.71,-1.32,-0.17,74946.0,95553909.0,2.1,12.95,12.68,12.9,12.88,0.8,0.52,30.43,1.39,18435151578.0,18435151578.0,0.0,0.08,2.83,-20.31
4764,688343,云天励飞-U,56.24,-1.32,-0.75,81588.0,461504736.0,3.04,57.56,55.83,57.45,56.99,0.85,2.27,-40.12,5.67,20224094091.0,20224094091.0,0.04,0.07,-8.04,-26.08
4765,000688,国城矿业,27.58,-1.32,-0.37,153891.0,425175879.95,2.72,28.04,27.28,27.8,27.95,0.69,1.3,18.02,9.66,32684167331.0,32684048186.0,0.04,0.04,-41.21,-0.33
4766,920252,天宏锂电,15.65,-1.32,-0.21,13166.0,20605297.44,1.95,15.86,15.55,15.8,15.86,0.63,1.93,1152.19,6.2,1606482907.0,1067818890.0,0.13,0.06,-28.86,-48.09
4767,600072,中船科技,8.95,-1.32,-0.12,210799.0,189858302.0,2.87,9.18,8.92,9.07,9.07,1.28,1.95,-12.89,1.84,13430814896.0,9695868978.0,0.0,0.0,-8.11,-22.98
4768,002123,梦网科技,8.13,-1.33,-0.11,149230.0,121717641.75,2.31,8.28,8.09,8.2,8.24,0.77,2.07,-33.61,4.46,6548085657.0,5857925640.0,-0.12,0.0,8.11,-33.14
4769,601825,沪农商行,8.89,-1.33,-0.12,225538.0,200976626.0,2.66,9.07,8.83,9.02,9.01,1.07,0.24,6.06,0.64,85739111116.0,83853139861.0,-0.11,0.0,2.3,-2.31
4770,603298,杭叉集团,25.3,-1.33,-0.34,41901.0,106417429.0,2.15,25.8,25.25,25.65,25.64,0.95,0.32,13.64,2.72,33138244840.0,33138244840.0,-0.08,-0.08,2.64,-3.32
4771,601995,中金公司,33.45,-1.33,-0.45,198271.0,665310070.0,2.06,34.07,33.37,34.05,33.9,0.99,0.68,9.85,1.55,161471742235.0,97792494618.0,0.0,0.0,2.64,-3.8
4772,001382,新亚电缆,17.0,-1.33,-0.23,33150.0,56182843.99,3.37,17.32,16.74,17.21,17.23,0.87,5.26,78.69,4.3,7004000000.0,1071000000.0,0.06,0.06,-17.4,-16.79
4773,301239,普瑞眼科,33.33,-1.33,-0.45,13731.0,45811220.0,1.84,33.77,33.15,33.6,33.78,0.48,0.97,28.3,2.39,4986802870.0,4734328120.0,0.09,-0.15,0.3,1.34
4774,603284,林平发展,40.93,-1.33,-0.55,13035.0,53724532.0,2.1,41.74,40.87,41.55,41.48,1.0,6.91,13.26,1.38,3086727764.0,771681941.0,0.02,0.02,6.45,9.85
4775,002958,青农商行,2.97,-1.33,-0.04,768486.0,229126896.36,1.99,3.02,2.96,3.0,3.01,0.82,1.41,3.76,0.43,16500445778.0,16156143006.0,0.34,0.34,4.58,-0.34
4776,300212,*ST易录,8.18,-1.33,-0.11,90215.0,74113493.53,2.77,8.34,8.11,8.33,8.29,0.82,1.28,-9.45,-2.6,5888720012.0,5757490783.0,0.0,0.0,-15.93,-53.12
4777,920592,华信永道,27.33,-1.34,-0.37,71558.0,193285644.18,6.46,27.97,26.18,27.0,27.7,0.7,14.23,-35.14,7.17,2208127350.0,1374308482.0,0.44,0.51,15.71,-30.58
4778,002268,电科网安,14.03,-1.34,-0.19,75361.0,105953890.78,2.32,14.28,13.95,14.15,14.22,0.85,0.89,-34.69,2.17,11864274244.0,11856883591.0,0.0,-0.14,7.26,-31.63
4779,601600,中国铝业,9.54,-1.34,-0.13,1245161.0,1188403967.0,1.65,9.64,9.48,9.63,9.67,0.76,0.94,6.89,1.94,163658426460.0,125959862694.0,-0.21,-0.1,-10.42,-20.96
4780,002488,金固股份,8.1,-1.34,-0.11,139097.0,113470035.2,2.07,8.27,8.1,8.21,8.21,0.79,1.51,91.07,2.32,8063056427.0,7452680392.0,-0.12,0.0,-16.84,-7.74
4781,601857,中国石油,11.02,-1.34,-0.15,1322650.0,1462336605.0,3.49,11.28,10.89,11.2,11.17,1.13,0.08,9.7,1.27,2016891175554.0,1784381297554.0,-0.09,-0.09,8.79,8.46
4782,000703,恒逸石化,17.69,-1.34,-0.24,703970.0,1256459375.76,4.63,18.4,17.57,17.99,17.93,0.68,1.85,5.73,2.06,67603434380.0,67264277278.0,0.11,0.28,36.29,65.02
4783,920130,立方控股,18.34,-1.34,-0.25,35849.0,65236851.99,4.09,18.55,17.79,18.07,18.59,0.7,6.26,-56.7,3.68,1691740948.0,1050792482.0,0.05,-0.22,19.32,-36.67
4784,603529,爱玛科技,21.4,-1.34,-0.29,37832.0,81384981.0,2.4,21.88,21.36,21.73,21.69,0.84,0.44,13.9,1.89,18494909083.0,18206390709.0,0.0,-0.05,2.49,-26.61
4785,300001,特锐德,33.92,-1.34,-0.46,96022.0,326325030.46,2.3,34.49,33.7,34.38,34.38,0.85,0.93,41.87,4.05,35796716025.0,34977413532.0,-0.03,-0.15,-5.12,33.12
4786,000778,新兴铸管,3.66,-1.35,-0.05,619654.0,227839622.16,2.16,3.73,3.65,3.72,3.71,1.27,1.59,19.52,0.55,14505247163.0,14250031721.0,0.0,0.0,-8.96,-10.95
4787,688185,康希诺,68.0,-1.35,-0.93,61526.0,418767251.0,2.03,68.93,67.53,68.1,68.93,0.54,5.38,-11652.4,3.37,16798978468.0,7777357268.0,0.07,0.16,32.27,8.19
4788,603033,三维股份,7.32,-1.35,-0.1,45814.0,33897719.0,2.43,7.49,7.31,7.45,7.42,0.81,0.45,-20.33,3.07,7548117215.0,7411727052.0,-0.14,-0.27,-22.38,-32.28
4789,002932,*ST明德,15.3,-1.35,-0.21,8760.0,13498315.12,1.61,15.55,15.3,15.47,15.51,1.06,0.56,-81.34,0.66,3557570642.0,2388253424.0,-0.33,-0.39,3.73,-20.23
4790,601117,中国化学,7.32,-1.35,-0.1,819931.0,600879844.0,1.62,7.42,7.3,7.4,7.42,1.07,1.35,7.1,0.64,44692704046.0,44564653090.0,0.14,0.0,-1.08,0.0
4791,300917,特发服务,28.57,-1.35,-0.39,120535.0,345090713.49,4.07,29.19,28.01,28.51,28.96,0.5,7.13,37.69,3.99,4828330000.0,4828330000.0,0.07,-0.1,9.3,-26.37
4792,920475,三友科技,12.43,-1.35,-0.17,8475.0,10571753.2,3.25,12.75,12.34,12.5,12.6,0.82,1.51,116.5,3.54,1256175800.0,698523862.0,0.32,0.24,-5.4,-27.73
4793,688538,和辉光电-U,2.2,-1.35,-0.03,670732.0,148424454.0,1.79,2.24,2.2,2.23,2.23,1.09,1.17,-16.92,4.24,30380762775.0,12654918595.0,0.0,0.0,-4.35,-17.29
4794,920344,三元基因,20.52,-1.35,-0.28,23258.0,47704703.03,3.32,21.0,20.31,20.96,20.8,0.63,2.05,714.53,3.98,2499541200.0,2333701823.0,0.44,0.1,10.98,-12.49
4795,600502,安徽建工,4.4,-1.35,-0.06,322890.0,142520027.0,2.02,4.48,4.39,4.47,4.46,0.95,1.88,6.69,0.63,7552749327.0,7552749327.0,0.0,0.0,-2.44,-0.45
4796,601328,交通银行,7.32,-1.35,-0.1,1656708.0,1219302125.0,2.29,7.46,7.29,7.42,7.42,0.79,0.64,6.76,0.55,646822900512.0,190850257645.0,-0.14,-0.14,5.02,3.39
4797,601229,上海银行,9.48,-1.35,-0.13,600089.0,569743513.0,2.29,9.65,9.43,9.62,9.61,0.93,0.42,5.06,0.52,134701687227.0,134701687227.0,0.0,-0.11,1.28,-4.05
4798,001286,陕西能源,9.45,-1.36,-0.13,241434.0,228827406.35,2.3,9.62,9.4,9.58,9.58,1.13,1.79,13.15,1.34,35437500000.0,12757500000.0,0.11,0.0,-20.05,6.18
4799,920957,汉维科技,10.16,-1.36,-0.14,10967.0,11171182.03,4.08,10.47,10.05,10.28,10.3,0.36,2.57,45.02,2.77,1090181553.0,433880097.0,-0.1,0.0,4.74,-18.26
4800,300837,浙矿股份,23.29,-1.36,-0.32,24090.0,56298223.24,2.84,23.77,23.1,23.61,23.61,1.38,3.19,65.99,1.68,2329157487.0,1760590362.0,0.22,0.17,-13.03,-30.93
4801,601015,陕西黑猫,3.62,-1.36,-0.05,560989.0,202161925.0,2.45,3.65,3.56,3.6,3.67,0.52,2.75,-10.09,1.55,7393841453.0,7393841453.0,0.0,0.0,5.85,0.0
4802,600060,海信视像,28.21,-1.36,-0.39,105157.0,297504327.0,2.41,28.71,28.02,28.59,28.6,1.12,0.81,15.4,1.66,36813267285.0,36677759619.0,-0.18,0.0,5.3,20.87
4803,301586,佳力奇,30.43,-1.36,-0.42,12246.0,37413366.0,3.34,31.31,30.28,30.84,30.85,0.74,2.31,-76.82,1.99,2524944556.0,1610083860.0,0.0,-0.03,-14.06,-39.21
4804,603927,中科软,13.82,-1.36,-0.19,82445.0,114372008.0,2.14,14.09,13.79,14.04,14.01,0.99,0.99,63.56,3.74,11484972800.0,11484972800.0,0.0,-0.07,-5.73,-26.65
4805,300602,飞荣达,42.22,-1.36,-0.58,349135.0,1452884254.28,5.28,42.84,40.58,42.79,42.8,1.09,8.7,49.01,5.65,24759650101.0,16937790088.0,-0.05,-0.07,1.42,27.55
4806,920753,天纺标,16.0,-1.36,-0.22,8299.0,13352055.54,4.99,16.69,15.88,16.55,16.22,0.56,2.54,49.82,3.32,1302469888.0,523354400.0,0.5,0.5,3.43,-27.57
4807,600703,三安光电,13.05,-1.36,-0.18,1291696.0,1682271002.0,3.63,13.33,12.85,13.17,13.23,0.86,2.59,-332.5,1.88,65106694387.0,65106694387.0,0.0,0.0,-6.25,-7.64
4808,601880,辽港股份,1.45,-1.36,-0.02,488393.0,71079753.0,1.36,1.47,1.45,1.46,1.47,0.63,0.27,19.31,0.84,34179062459.0,26698924260.0,0.0,0.0,-4.61,-7.64
4809,603080,新疆火炬,20.29,-1.36,-0.28,14117.0,28701638.0,2.53,20.72,20.2,20.7,20.57,0.51,1.0,13.67,1.78,2871035000.0,2871035000.0,0.15,0.2,-2.17,-12.16
4810,920225,利通科技,17.36,-1.36,-0.24,47091.0,81740310.86,4.03,17.73,17.02,17.66,17.6,0.56,5.69,23.55,2.88,2203312000.0,1437098193.0,0.0,-0.17,-18.65,-45.67
4811,603565,中谷物流,12.23,-1.37,-0.17,227804.0,278864845.0,2.9,12.5,12.14,12.38,12.4,0.99,1.08,11.86,2.34,25683771750.0,25683771750.0,0.16,0.33,23.29,24.8
4812,300795,米奥会展,13.65,-1.37,-0.19,233246.0,316459120.32,4.62,13.99,13.35,13.95,13.84,0.75,13.39,-138.18,7.1,4079901326.0,2377725659.0,-0.07,0.22,45.21,1.71
4813,000517,荣安地产,2.16,-1.37,-0.03,324777.0,70143234.48,3.65,2.2,2.12,2.18,2.19,0.8,1.3,-21.95,1.52,6877272568.0,5382690659.0,0.47,0.47,13.68,19.34
4814,603383,顶点软件,28.85,-1.37,-0.4,48232.0,139108894.0,3.73,29.55,28.46,29.42,29.25,1.34,2.35,41.1,4.09,5925107957.0,5925107957.0,-0.07,-0.03,0.56,-18.76
4815,301315,威士顿,40.46,-1.37,-0.56,18071.0,73282607.14,2.56,41.33,40.28,40.75,41.02,0.69,2.24,158.82,3.53,3560480000.0,3269168000.0,0.1,0.05,1.28,-28.87
4816,300298,三诺生物,15.79,-1.37,-0.22,39334.0,62524173.76,1.87,16.09,15.79,15.92,16.01,1.2,0.88,19.86,2.97,8792596650.0,7073936722.0,-0.06,-0.06,6.69,-7.71
4817,600684,珠江股份,3.61,-1.37,-0.05,223594.0,81475196.0,2.46,3.69,3.6,3.67,3.66,0.7,2.62,145.39,3.12,3992928162.0,3080993210.0,-0.28,-0.28,5.25,-17.2
4818,603701,德宏股份,20.12,-1.37,-0.28,49780.0,100170313.0,2.5,20.35,19.84,20.2,20.4,0.94,1.9,214.64,6.53,5258601448.0,5258601448.0,-0.05,-0.2,-11.4,0.0
4819,603979,金诚信,78.45,-1.37,-1.09,72595.0,568760662.0,3.53,79.99,77.18,78.83,79.54,0.86,1.16,15.16,4.01,48936527901.0,48936527901.0,-0.01,-0.03,11.91,3.92
4820,300662,科锐国际,22.14,-1.38,-0.31,117513.0,257279946.45,5.39,22.58,21.37,22.5,22.45,1.72,5.98,14.38,1.81,4357292788.0,4347612649.0,-0.23,-0.36,15.31,-11.79
4821,920079,乔路铭,13.56,-1.38,-0.19,37822.0,51277433.64,2.55,13.85,13.5,13.85,13.75,0.85,5.21,13.09,2.19,5645169024.0,984470455.0,0.0,0.15,-5.57,-5.57
4822,688505,复旦张江,7.84,-1.38,-0.11,50965.0,40027441.0,1.64,7.94,7.81,7.92,7.95,0.76,0.72,110.13,3.78,8126725264.0,5570885264.0,0.0,0.0,15.46,-5.54
4823,601187,厦门银行,7.1,-1.39,-0.1,262522.0,187292778.0,2.36,7.25,7.08,7.21,7.2,1.13,1.0,7.54,0.68,18737808005.0,18696998653.0,0.0,-0.14,-9.9,-1.8
4824,920508,殷图网联,15.57,-1.39,-0.22,5394.0,8427045.8,5.19,16.2,15.38,15.75,15.79,0.73,1.69,-680.99,4.88,934200000.0,496775252.0,0.26,0.78,0.0,-29.86
4825,002638,勤上股份,4.25,-1.39,-0.06,371364.0,159859414.0,3.71,4.38,4.22,4.3,4.31,0.7,2.75,-75.72,3.26,6105525983.0,5748890038.0,0.0,0.0,5.46,37.54
4826,600688,上海石化,2.84,-1.39,-0.04,667673.0,190530570.0,2.08,2.89,2.83,2.88,2.88,0.86,0.91,49.83,1.28,29941033700.0,20813830340.0,0.0,0.0,-2.41,2.16
4827,002945,华林证券,14.92,-1.39,-0.21,309116.0,472274396.86,6.81,15.9,14.87,15.34,15.13,0.89,1.14,78.12,5.47,40284000000.0,40284000000.0,-0.07,0.0,8.27,-2.29
4828,002911,佛燃能源,11.35,-1.39,-0.16,52488.0,59644343.08,1.74,11.51,11.31,11.49,11.51,0.87,0.41,22.33,3.33,14734295671.0,14380881311.0,-0.09,-0.18,8.61,-2.16
4829,000792,盐湖股份,26.28,-1.39,-0.37,502293.0,1322290279.17,1.88,26.61,26.11,26.47,26.65,0.87,0.95,11.27,2.91,139062526377.0,139061095563.0,0.0,0.04,-17.1,-6.68
4830,300558,贝达药业,48.3,-1.39,-0.68,65034.0,314880667.93,1.92,49.05,48.11,49.0,48.98,0.69,1.54,33.84,3.04,20446920386.0,20391263185.0,0.0,-0.04,-10.32,3.78
4831,603087,甘李药业,69.12,-1.4,-0.98,46680.0,323833893.0,1.21,69.85,69.0,69.85,70.1,0.63,0.83,33.86,3.52,41294511521.0,38805114493.0,0.0,0.0,24.27,3.06
4832,920663,明阳科技,13.38,-1.4,-0.19,5750.0,7706808.6,3.83,13.73,13.21,13.57,13.57,0.54,0.9,21.04,4.76,1786932584.0,857343838.0,0.68,0.6,-5.11,-24.79
4833,601128,常熟银行,6.33,-1.4,-0.09,513228.0,325795878.0,2.18,6.44,6.3,6.43,6.42,0.72,1.41,5.3,0.7,23092974615.0,23092974615.0,0.0,0.16,-2.16,0.64
4834,601099,太平洋,3.53,-1.4,-0.05,1133837.0,402713111.0,2.23,3.61,3.53,3.58,3.58,0.71,1.66,83.65,2.39,24061596786.0,24061596786.0,-0.28,0.0,8.28,-14.11
4835,601666,平煤股份,9.17,-1.4,-0.13,345034.0,314535514.0,3.76,9.31,8.96,9.29,9.3,0.77,1.4,35.74,1.03,22644078050.0,22644078050.0,0.11,0.22,0.55,17.41
4836,002342,巨力索具,7.74,-1.4,-0.11,272605.0,212145034.0,2.04,7.9,7.74,7.89,7.85,0.67,2.86,977.66,3.04,7430400000.0,7389300600.0,0.0,-0.26,-23.89,-15.78
4837,601236,红塔证券,7.01,-1.41,-0.1,182029.0,128494634.0,2.11,7.15,7.0,7.11,7.11,0.6,0.39,32.25,1.35,32899568279.0,32899568279.0,-0.14,-0.14,3.09,-12.7
4838,688631,莱斯信息,39.83,-1.41,-0.57,9878.0,39603283.0,2.08,40.64,39.8,40.58,40.4,0.66,0.6,-85.38,3.52,6511010100.0,6511010100.0,0.0,0.03,-22.05,-41.35
4839,001233,海安集团,43.38,-1.41,-0.62,9204.0,40139217.32,2.09,44.3,43.38,44.2,44.0,0.93,2.44,21.95,1.66,8067523229.0,1635995449.0,-0.09,-0.12,-15.55,-24.77
4840,600895,张江高科,29.4,-1.41,-0.42,159513.0,468924508.0,2.01,29.81,29.21,29.75,29.82,0.88,1.03,69.11,3.38,45531472770.0,45531472770.0,0.07,0.17,-13.91,-32.83
4841,301159,三维天地,32.17,-1.41,-0.46,17373.0,55992180.1,1.99,32.65,32.0,32.48,32.63,0.69,3.28,-34.29,3.96,2488349500.0,1705491778.0,0.03,0.06,-0.12,-12.51
4842,600529,山东药玻,18.83,-1.41,-0.27,79362.0,150133638.0,2.09,19.15,18.75,19.1,19.1,1.43,1.2,16.85,1.46,12495853748.0,12495853748.0,0.0,0.0,3.69,-4.66
4843,600338,西藏珠峰,13.29,-1.41,-0.19,278408.0,369979320.0,1.78,13.4,13.16,13.35,13.48,0.68,3.05,17.11,2.56,12149853133.0,12149853133.0,-0.37,0.08,-25.55,-11.52
4844,000825,太钢不锈,3.47,-1.42,-0.05,306730.0,106932942.48,2.27,3.54,3.46,3.51,3.52,1.08,0.54,72.95,0.6,19765979852.0,19765979852.0,0.0,0.29,-7.47,-28.89
4845,603949,雪龙集团,14.62,-1.42,-0.21,26436.0,38860366.0,2.43,14.88,14.52,14.83,14.83,0.74,1.26,32.0,2.84,3080970642.0,3073201106.0,-0.07,-0.14,-0.07,-21.19
4846,601997,贵阳银行,5.54,-1.42,-0.08,616777.0,342560871.0,2.14,5.64,5.52,5.63,5.62,0.96,1.69,4.29,0.31,20255337341.0,20255337341.0,0.18,0.18,-4.65,-0.54
4847,300722,新余国科,22.15,-1.42,-0.32,34010.0,75405399.84,2.4,22.55,22.01,22.4,22.47,0.54,1.23,172.98,9.56,6130156032.0,6130156032.0,-0.05,0.0,-11.36,-37.32
4848,002373,千方科技,7.64,-1.42,-0.11,127778.0,98006102.95,2.06,7.79,7.63,7.72,7.75,0.61,0.93,-289.41,1.06,12072637963.0,10524819123.0,-0.13,0.0,3.24,-34.81
4849,688111,金山办公,239.53,-1.42,-3.46,48570.0,1163919471.0,2.39,243.57,237.76,242.0,242.99,0.81,1.05,22.07,7.37,111145138086.0,111145138086.0,0.01,-0.03,12.06,-21.68
4850,300301,ST长方,3.48,-1.42,-0.05,69386.0,24173945.0,2.83,3.56,3.46,3.53,3.53,0.61,0.88,-33.4,56.42,2887943316.0,2748770982.0,0.0,0.29,10.13,46.84
4851,003029,吉大正元,17.35,-1.42,-0.25,27021.0,46950987.0,1.88,17.6,17.27,17.46,17.6,0.89,1.54,-47.85,3.35,3359310938.0,3046365709.0,0.06,0.0,-3.07,-33.73
4852,688779,五矿新能,7.63,-1.42,-0.11,157168.0,120988806.0,2.33,7.8,7.62,7.75,7.74,0.91,0.81,19.49,2.01,14719948478.0,14719948478.0,-0.26,-0.13,-11.48,2.42
4853,605117,德业股份,85.19,-1.42,-1.23,84678.0,721988824.0,2.2,86.7,84.8,86.43,86.42,0.6,0.67,19.96,9.44,108470899714.0,108470899714.0,-0.18,-0.07,-17.92,41.3
4854,000709,河钢股份,2.07,-1.43,-0.03,746530.0,155355448.99,1.43,2.1,2.07,2.09,2.1,0.9,0.72,16.78,0.41,21397840660.0,21394303664.0,0.0,0.0,-0.48,-8.81
4855,600990,四创电子,18.62,-1.43,-0.27,29604.0,55350436.0,1.69,18.91,18.59,18.85,18.89,0.84,1.1,-18.74,3.41,5009016400.0,5009016400.0,0.05,0.0,-1.48,-41.17
4856,603658,安图生物,32.51,-1.43,-0.47,20978.0,68537669.0,2.43,33.3,32.5,33.3,32.98,0.71,0.37,18.68,2.14,18577019208.0,18577019208.0,-0.03,-0.12,4.0,-4.69
4857,920427,华维设计,8.95,-1.43,-0.13,9599.0,8584701.77,3.96,9.18,8.82,9.1,9.08,0.38,1.89,526.24,2.95,922700250.0,455125749.0,0.11,0.11,-22.84,-27.41
4858,300445,康斯特,17.94,-1.43,-0.26,39520.0,71051009.2,3.74,18.45,17.77,18.45,18.2,1.65,2.83,25.4,2.86,3810994433.0,2503607210.0,-0.11,-0.06,-21.18,-30.89
4859,601899,紫金矿业,32.87,-1.44,-0.48,1495597.0,4930784380.0,1.83,33.22,32.61,32.7,33.35,0.72,0.73,11.16,4.52,874036789625.0,677180940512.0,0.0,-0.09,16.19,-2.38
4860,301040,中环海陆,28.08,-1.44,-0.41,20294.0,57420963.0,2.81,28.77,27.97,28.29,28.49,0.71,2.15,-30.6,4.12,2808030944.0,2649746624.0,0.0,0.14,-8.15,-1.09
4861,002984,森麒麟,13.56,-1.45,-0.2,84761.0,115573199.2,2.4,13.88,13.55,13.79,13.76,0.94,1.19,16.72,1.04,14052049971.0,9680757763.0,0.0,0.0,-9.66,-35.8
4862,002271,东方雨虹,10.84,-1.45,-0.16,466948.0,506290139.16,2.09,10.99,10.76,10.95,11.0,0.62,2.39,21.11,1.26,25893506547.0,21145293011.0,0.0,0.09,-11.94,-20.24
4863,002541,鸿路钢构,20.35,-1.45,-0.3,87668.0,179998425.84,3.05,20.85,20.22,20.74,20.65,0.72,1.72,16.36,1.4,14336142339.0,10391518261.0,0.15,0.1,20.34,25.93
4864,600801,华新建材,24.44,-1.45,-0.36,121260.0,299956898.0,3.15,25.18,24.4,24.6,24.8,0.98,0.9,14.83,1.53,50810653662.0,32791090542.0,0.04,-0.37,29.86,0.45
4865,002352,顺丰控股,31.75,-1.46,-0.47,229297.0,728463281.3,2.14,32.3,31.61,32.15,32.22,0.88,0.48,15.19,1.63,167173531477.0,152371909473.0,-0.06,-0.03,-7.6,-16.23
4866,600882,妙可蓝多,20.86,-1.46,-0.31,56822.0,119361615.0,2.83,21.43,20.83,21.17,21.17,1.01,1.12,35.07,2.24,10606343076.0,10606343076.0,0.05,0.05,6.92,-17.02
4867,002703,浙江世宝,16.86,-1.46,-0.25,694952.0,1169998534.58,5.55,17.54,16.59,17.4,17.11,0.85,11.86,66.86,6.52,13869581994.0,9880770528.0,0.0,0.12,9.62,-17.92
4868,300847,中船汉光,14.17,-1.46,-0.21,41807.0,59221541.58,1.95,14.36,14.08,14.24,14.38,1.08,1.41,37.88,2.77,4194461700.0,4194461700.0,0.21,0.07,0.07,-16.75
4869,600326,西藏天路,7.44,-1.46,-0.11,262081.0,195196176.0,1.85,7.55,7.41,7.54,7.55,0.74,1.92,-59.0,2.63,10136735307.0,10136735307.0,-0.13,0.0,3.77,-32.55
4870,600369,西南证券,4.06,-1.46,-0.06,390644.0,159750559.0,1.94,4.14,4.06,4.13,4.12,0.99,0.59,22.31,1.03,26979143043.0,26979143043.0,-0.25,-0.25,3.84,-7.73
4871,300957,贝泰妮,33.12,-1.46,-0.49,61140.0,203531758.83,2.05,33.8,33.11,33.5,33.61,0.81,1.44,24.04,2.28,14029632000.0,14029632000.0,0.0,-0.03,-2.73,-14.99
4872,001300,三柏硕,12.17,-1.46,-0.18,64846.0,79615592.0,3.0,12.51,12.14,12.28,12.35,1.18,2.66,-72.08,3.13,2966752873.0,2966752873.0,-0.08,0.08,-19.93,-21.23
4873,000898,鞍钢股份,2.03,-1.46,-0.03,406990.0,82818042.06,1.94,2.06,2.02,2.06,2.06,0.94,0.51,-4.65,0.46,19019519154.0,16153741256.0,0.0,0.0,0.5,-19.76
4874,600936,北投科技,5.37,-1.47,-0.08,867302.0,471332319.0,6.61,5.6,5.24,5.59,5.45,1.2,5.19,85.7,8.78,8973410903.0,8973410903.0,0.0,-0.37,10.95,27.25
4875,002933,新兴装备,27.52,-1.47,-0.41,14895.0,41212239.0,1.75,27.93,27.44,27.8,27.93,0.75,1.27,98.9,2.07,3229472000.0,3216930476.0,0.15,0.04,-3.54,-23.94
4876,002832,比音勒芬,26.21,-1.47,-0.39,90299.0,237964293.63,2.29,26.74,26.13,26.65,26.6,0.92,2.33,15.25,2.76,14958232672.0,10141629726.0,-0.08,0.0,22.65,83.8
4877,688280,精进电动-W,5.34,-1.48,-0.08,68373.0,36851516.0,2.4,5.47,5.34,5.39,5.42,0.68,1.31,-8.8,5.64,3151783702.0,2779705734.0,0.0,-0.19,-12.46,-38.62
4878,000333,美的集团,86.27,-1.48,-1.3,228905.0,1977895652.81,1.99,87.7,85.96,87.54,87.57,1.27,0.33,12.44,3.11,658160659823.0,593980655200.0,0.03,-0.19,8.5,15.91
4879,600728,佳都科技,4.67,-1.48,-0.07,212138.0,99712226.0,2.11,4.77,4.67,4.75,4.74,0.92,0.99,161.94,1.26,9959238549.0,9959238549.0,0.0,0.0,1.97,-29.99
4880,600863,华能蒙电,4.65,-1.48,-0.07,872322.0,407684146.0,3.18,4.77,4.62,4.75,4.72,0.96,1.24,12.22,1.83,36433631454.0,32844461515.0,-0.21,0.0,-12.26,9.15
4881,300523,辰安科技,20.65,-1.48,-0.31,29038.0,59972374.04,2.53,21.0,20.47,20.97,20.96,0.58,1.25,-40.75,5.17,4803967225.0,4803818545.0,0.0,-0.1,4.29,-13.71
4882,002500,山西证券,5.34,-1.48,-0.08,287030.0,154061247.5,2.21,5.45,5.33,5.42,5.42,1.11,0.8,15.9,1.03,19169380061.0,19169380061.0,0.0,0.0,5.33,-9.64
4883,301180,万祥科技,11.95,-1.48,-0.18,72539.0,86652433.0,4.78,12.35,11.77,12.12,12.13,1.15,4.42,-105.83,3.71,4780119500.0,1961449124.0,0.0,0.08,-14.34,-28.44
4884,002112,三变科技,15.29,-1.48,-0.23,117239.0,179782886.17,3.67,15.8,15.23,15.7,15.52,0.81,4.47,84.89,5.17,4497267302.0,4007203200.0,0.07,0.13,-8.61,15.4
4885,300347,泰格医药,49.26,-1.48,-0.74,80305.0,395369520.05,3.02,50.02,48.51,50.01,50.0,0.57,1.42,-51.33,2.18,42414143223.0,27892058085.0,0.0,-0.04,24.08,-12.94
4886,600022,山东钢铁,1.32,-1.49,-0.02,563470.0,74695397.0,1.49,1.34,1.32,1.33,1.34,0.73,0.53,-238.59,0.74,14122481411.0,14122481411.0,-0.75,0.0,-0.75,-12.58
4887,600036,招商银行,41.07,-1.49,-0.62,738683.0,3048586986.0,1.75,41.76,41.03,41.65,41.69,0.81,0.36,6.77,0.9,1035779058833.0,847230747699.0,-0.15,-0.24,7.12,2.47
4888,002028,思源电气,145.0,-1.49,-2.2,121689.0,1757829558.94,3.34,147.0,142.08,147.0,147.2,0.77,1.99,38.76,6.9,113473125890.0,88562398345.0,0.07,-0.01,-15.99,-5.78
4889,600096,云天化,30.34,-1.49,-0.46,247754.0,753303049.0,2.11,30.88,30.23,30.8,30.8,0.6,1.36,9.42,2.18,55309538779.0,55309538779.0,-0.03,0.03,2.5,-5.81
4890,002078,太阳纸业,14.56,-1.49,-0.22,182875.0,267519509.53,2.03,14.85,14.55,14.77,14.78,0.85,0.66,10.65,1.3,41556935333.0,40426971137.0,-0.14,-0.07,7.37,-6.37
4891,688033,*ST天宜,6.61,-1.49,-0.1,38521.0,25548518.0,3.43,6.8,6.57,6.8,6.71,0.64,0.69,-11.43,2.98,3716132720.0,3716132720.0,0.0,0.0,0.0,-14.16
4892,600606,绿地控股,1.32,-1.49,-0.02,1210433.0,160404879.0,2.99,1.35,1.31,1.34,1.34,0.72,0.86,-30.74,0.48,18551568174.0,18551568174.0,0.0,-0.75,-4.35,-20.48
4893,920414,欧普泰,8.55,-1.5,-0.13,19245.0,16379787.26,4.61,8.76,8.36,8.69,8.68,0.76,3.43,-24.38,2.59,681846862.0,479463369.0,0.23,0.59,-10.56,-24.0
4894,600323,瀚蓝环境,29.54,-1.5,-0.45,68252.0,201382869.0,2.97,30.11,29.22,30.07,29.99,1.34,0.84,9.98,1.59,24085354693.0,24085354693.0,-0.2,-0.17,-0.47,6.26
4895,600521,华海药业,15.75,-1.5,-0.24,193064.0,304368444.0,2.06,15.96,15.63,15.96,15.99,0.92,1.29,15.29,2.47,23581722087.0,23581722087.0,-0.06,0.0,9.76,-6.64
4896,000933,神火股份,26.95,-1.5,-0.41,294811.0,793544398.61,1.9,27.24,26.72,27.15,27.36,0.79,1.31,6.34,2.19,60610668553.0,60571996920.0,-0.07,-0.04,-1.32,1.01
4897,600192,长城电工,7.16,-1.51,-0.11,63237.0,45238884.0,2.61,7.29,7.1,7.26,7.27,0.57,1.43,-11.62,4.68,3162915680.0,3162915680.0,0.14,-0.14,4.83,-29.39
4898,600623,华谊集团,8.47,-1.51,-0.13,144308.0,122887766.0,2.44,8.65,8.44,8.56,8.6,0.93,0.77,18.3,0.8,17952087195.0,15890014189.0,0.0,-0.12,-0.94,11.45
4899,920299,灿能电力,15.02,-1.51,-0.23,8819.0,13301736.77,2.69,15.37,14.96,15.25,15.25,0.5,1.94,107.91,4.82,1353441326.0,682129770.0,-0.07,0.13,-22.9,-24.67
4900,603169,兰石重装,6.51,-1.51,-0.1,96591.0,63016511.0,2.42,6.64,6.48,6.56,6.61,0.9,0.74,-20.95,3.4,8503959605.0,8503959605.0,-0.15,0.0,-11.67,-38.93
4901,300377,赢时胜,14.96,-1.51,-0.23,290672.0,437206535.26,2.83,15.33,14.9,15.28,15.19,0.67,4.15,-71.67,4.65,11235006077.0,10487645647.0,0.0,0.0,0.54,-33.66
4902,600869,远东股份,20.88,-1.51,-0.32,2415529.0,4983835560.0,5.19,21.11,20.01,20.98,21.2,0.86,10.88,112.81,10.6,46340085336.0,46340085336.0,0.05,-0.1,-35.6,159.7
4903,603712,七一二,11.72,-1.51,-0.18,85225.0,100019130.0,2.61,11.97,11.66,11.94,11.9,0.81,1.1,-40.82,2.39,9047840000.0,9047840000.0,0.09,0.0,-15.01,-43.57
4904,601156,东航物流,18.96,-1.51,-0.29,124072.0,235490421.0,4.05,19.42,18.64,19.29,19.25,1.31,1.31,10.61,1.51,30100053342.0,17909531742.0,-0.11,-0.11,18.5,6.94
4905,688335,复洁科技,19.5,-1.52,-0.3,16607.0,32805664.0,3.54,20.16,19.46,19.86,19.8,0.82,1.12,-283.84,2.59,2886674544.0,2886674544.0,0.0,-0.2,-31.72,-27.13
4906,600650,锦江在线,10.98,-1.52,-0.17,96206.0,106174164.0,3.5,11.3,10.91,11.06,11.15,0.9,2.46,52.76,1.39,6056678975.0,4288349624.0,0.0,-0.09,7.96,-27.24
4907,600446,金证股份,11.01,-1.52,-0.17,154857.0,170877612.0,2.77,11.26,10.95,11.15,11.18,0.97,1.65,411.35,2.89,10363354944.0,10363354944.0,-0.09,0.0,-4.51,-30.84
4908,002797,第一创业,6.46,-1.52,-0.1,527862.0,343899697.96,2.29,6.6,6.45,6.54,6.56,0.74,1.26,19.73,1.6,27147504000.0,27147504000.0,-0.15,-0.15,2.38,-5.0
4909,002848,高斯贝尔,13.59,-1.52,-0.21,61098.0,82633871.0,4.35,13.9,13.3,13.81,13.8,1.08,3.69,-216.68,32.34,2271568500.0,2248069501.0,0.52,0.15,7.18,51.34
4910,600163,中闽能源,5.18,-1.52,-0.08,134255.0,69875090.0,2.47,5.3,5.17,5.26,5.26,0.72,0.71,14.2,1.37,9857520021.0,9857520021.0,-0.19,-0.19,-16.45,-3.9
4911,002536,飞龙股份,57.37,-1.53,-0.89,763438.0,4364577768.45,5.24,58.35,55.3,57.68,58.26,1.11,14.0,217.78,9.9,32975466395.0,31285161521.0,0.03,0.09,39.59,95.14
4912,000738,航发控制,19.28,-1.53,-0.3,157606.0,303307599.39,2.76,19.58,19.04,19.44,19.58,0.98,1.2,58.45,2.01,25356747539.0,25356747539.0,-0.1,-0.05,-0.67,-9.19
4913,600644,乐山电力,9.01,-1.53,-0.14,157993.0,142994578.0,2.51,9.23,9.0,9.14,9.15,0.94,2.73,377.66,2.52,5210670570.0,5210670570.0,-0.11,-0.11,-8.9,-7.49
4914,600153,建发股份,8.34,-1.53,-0.13,237169.0,198946004.0,2.83,8.53,8.29,8.47,8.47,0.53,0.82,12.23,0.58,24182151515.0,24182151515.0,-0.12,0.0,-7.74,-2.46
4915,600483,福能股份,10.95,-1.53,-0.17,109724.0,120497763.0,3.24,11.19,10.83,11.1,11.12,0.86,0.39,11.46,1.1,30442605369.0,30442605369.0,-0.09,-0.09,-2.75,20.07
4916,000166,申万宏源,4.52,-1.53,-0.07,947009.0,429262791.93,1.96,4.6,4.51,4.59,4.59,1.32,0.42,9.88,0.98,113180549411.0,101860493068.0,0.22,0.0,1.35,-13.08
4917,000415,渤海租赁,4.49,-1.54,-0.07,681689.0,306254840.0,2.85,4.58,4.45,4.54,4.56,0.94,1.26,4.33,0.89,27768500556.0,24214183335.0,0.0,0.22,8.98,10.86
4918,605298,必得科技,47.95,-1.54,-0.75,7217.0,34917372.0,2.77,49.3,47.95,48.7,48.7,0.93,0.39,212.24,8.54,9007407500.0,8930735450.0,-0.04,-0.08,-19.24,20.57
4919,301151,冠龙节能,21.79,-1.54,-0.34,79635.0,172706610.1,4.02,22.24,21.35,22.24,22.13,0.61,4.72,138.84,1.82,3682599339.0,3677727814.0,-0.37,-0.23,11.51,17.15
4920,601579,会稽山,23.7,-1.54,-0.37,423046.0,1018704138.0,10.3,25.68,23.2,24.49,24.07,1.97,8.82,44.16,3.03,11363282793.0,11363282793.0,0.0,0.34,50.96,18.62
4921,000002,万  科Ａ,3.19,-1.54,-0.05,1401216.0,448696886.25,2.16,3.24,3.17,3.21,3.24,0.61,1.44,-1.27,0.37,38058963212.0,30991210961.0,0.0,-0.31,0.95,-31.4
4922,603992,松霖科技,20.42,-1.54,-0.32,51194.0,105187645.0,3.28,20.96,20.28,20.74,20.74,1.22,1.16,29.24,2.6,9046913964.0,9046913964.0,-0.24,-0.24,-38.48,-49.78
4923,603010,万盛股份,11.42,-1.55,-0.18,60230.0,69519193.0,3.1,11.76,11.4,11.64,11.6,1.0,1.06,1542.43,2.59,6681045946.0,6518288106.0,0.0,-0.35,-13.68,8.66
4924,002780,三夫户外,13.99,-1.55,-0.22,67655.0,95124746.3,2.04,14.22,13.93,14.22,14.21,1.17,5.1,21.74,2.78,2313410365.0,1855008261.0,0.07,0.0,1.6,-2.24
4925,300052,中青宝,11.47,-1.55,-0.18,197420.0,229333117.45,3.95,11.89,11.43,11.5,11.65,0.98,7.54,-50.85,9.12,3003519404.0,3003400689.0,0.09,0.09,-3.21,-8.68
4926,002805,丰元股份,17.18,-1.55,-0.27,100748.0,173738998.33,2.41,17.53,17.11,17.42,17.45,1.29,3.61,16.49,4.8,4811473887.0,4790060048.0,0.0,0.17,-19.11,-3.1
4927,603556,海兴电力,24.81,-1.55,-0.39,45530.0,113481181.0,2.78,25.49,24.79,25.35,25.2,0.84,0.94,18.64,1.77,12064214058.0,12064214058.0,0.04,0.04,7.87,-30.33
4928,002790,瑞尔特,6.35,-1.55,-0.1,38262.0,24442250.72,2.17,6.48,6.34,6.45,6.45,0.46,1.47,-125.45,1.3,2653489105.0,1655429125.0,-0.47,-0.31,4.44,-24.22
4929,300935,盈建科,29.17,-1.55,-0.46,26083.0,76486066.6,4.86,30.2,28.76,29.8,29.63,1.38,4.33,-29.45,3.21,2316992936.0,1758182516.0,-0.61,0.03,-3.03,-3.86
4930,600203,福日电子,10.83,-1.55,-0.17,302723.0,329524759.0,2.64,11.01,10.72,10.83,11.0,0.65,5.11,38.52,3.73,6422060928.0,6422060928.0,-0.18,-0.37,-2.61,-18.82
4931,300143,盈康生命,7.58,-1.56,-0.12,68208.0,51957605.86,1.69,7.7,7.57,7.66,7.7,0.88,0.82,54.71,3.09,7374822635.0,6308473639.0,-0.13,0.0,8.44,-0.13
4932,688288,鸿泉技术,18.9,-1.56,-0.3,13537.0,25788422.0,2.55,19.28,18.79,19.15,19.2,0.61,1.36,-75.97,2.56,1886479006.0,1886479006.0,0.05,0.0,-4.55,-29.24
4933,600739,辽宁成大,10.75,-1.56,-0.17,143218.0,154745671.0,1.74,10.94,10.75,10.91,10.92,0.99,0.94,5.05,0.55,16364896226.0,16364896226.0,-0.09,-0.09,5.7,-2.54
4934,603193,润本股份,21.5,-1.56,-0.34,33632.0,72174813.0,2.84,21.84,21.22,21.84,21.84,1.04,3.25,19.32,3.72,8698756251.0,2221730751.0,-0.05,-0.19,-0.46,-10.3
4935,920198,微创光电,8.14,-1.57,-0.13,20538.0,16681144.7,4.11,8.37,8.03,8.33,8.27,0.54,2.91,169.68,3.02,1313501918.0,573593264.0,0.62,0.99,0.0,-18.76
4936,601696,中银证券,11.93,-1.57,-0.19,458347.0,550854756.0,2.64,12.23,11.91,12.15,12.12,0.97,1.65,22.21,1.69,33141540000.0,33141540000.0,-0.08,-0.08,3.56,-20.31
4937,300248,新开普,8.76,-1.57,-0.14,92273.0,80828204.44,4.49,9.08,8.68,9.08,8.9,0.84,2.27,-35.57,1.98,4172811923.0,3568309937.0,0.34,0.34,6.05,-28.95
4938,688369,致远互联,20.05,-1.57,-0.32,29419.0,59253746.0,3.09,20.57,19.94,20.41,20.37,0.74,2.55,-10.25,3.15,2310122324.0,2310122324.0,0.25,0.25,-8.57,-21.16
4939,920926,鸿智科技,10.63,-1.57,-0.17,6671.0,7112684.03,3.24,10.9,10.55,10.77,10.8,0.51,0.83,474.73,3.69,939285264.0,852338689.0,-0.37,-0.37,-6.01,-37.06
4940,920300,辰光医疗,9.99,-1.58,-0.16,11626.0,11661877.18,3.65,10.32,9.95,10.32,10.15,0.63,1.75,-33.21,5.54,857612789.0,664651243.0,-0.2,-0.2,-7.33,-35.0
4941,920218,新天力,15.62,-1.58,-0.25,8557.0,13362610.55,3.97,16.11,15.48,15.93,15.87,0.57,4.06,38.19,1.7,1463144769.0,329210697.0,0.13,0.26,-23.84,28.14
4942,600780,通宝能源,6.23,-1.58,-0.1,107427.0,67289192.0,2.37,6.36,6.21,6.33,6.33,0.41,0.94,9.12,0.83,7142710718.0,7142710718.0,0.0,0.0,-3.56,13.27
4943,920505,九菱科技,28.05,-1.58,-0.45,8753.0,24522459.67,5.37,28.73,27.2,28.73,28.5,0.75,2.43,126.55,5.38,1817232293.0,1010106474.0,0.18,0.54,-20.76,-35.19
4944,300578,会畅科技,16.24,-1.58,-0.26,41348.0,67133168.0,3.7,16.68,16.07,16.5,16.5,0.51,2.09,-52.77,2.84,3219900578.0,3219029708.0,0.19,-0.06,-13.43,-21.17
4945,603301,振德医疗,79.94,-1.59,-1.29,11874.0,95325587.0,2.41,81.65,79.69,81.2,81.23,0.87,0.45,73.36,3.72,21094265427.0,21094265427.0,0.25,0.03,-6.28,13.87
4946,603568,伟明环保,14.2,-1.59,-0.23,90164.0,128675254.0,2.98,14.54,14.11,14.46,14.43,0.69,0.44,15.65,1.99,29088095336.0,29088095336.0,0.0,0.14,-12.35,-31.23
4947,002695,煌上煌,10.5,-1.59,-0.17,84966.0,90164461.26,2.62,10.74,10.46,10.66,10.67,1.02,1.66,34.06,2.1,5875650911.0,5370262632.0,0.29,0.1,-10.94,-9.79
4948,301093,华兰股份,61.41,-1.59,-0.99,66561.0,412406574.02,5.03,63.44,60.3,62.81,62.4,1.12,3.27,852.93,5.99,13088397616.0,12495953484.0,0.0,0.13,-33.9,56.38
4949,688193,仁度生物,47.08,-1.59,-0.76,6177.0,29341702.0,3.3,48.66,47.08,47.64,47.84,1.2,1.54,98.51,2.13,1886489480.0,1886489480.0,-0.21,-0.15,-9.64,-0.68
4950,600918,中泰证券,5.58,-1.59,-0.09,411552.0,230918021.0,2.29,5.7,5.57,5.68,5.67,0.95,0.9,12.61,0.98,44184342758.0,25460558272.0,0.0,0.0,5.48,-13.49
4951,600546,山煤国际,12.96,-1.59,-0.21,246001.0,320270569.0,3.87,13.31,12.8,13.23,13.17,0.79,1.24,12.73,1.48,25692631574.0,25692631574.0,0.0,-0.08,0.31,33.06
4952,300034,钢研高纳,16.08,-1.59,-0.26,83118.0,134062142.1,1.84,16.31,16.01,16.25,16.34,0.78,1.08,62.29,3.32,12815141933.0,12334260110.0,0.0,-0.06,-8.64,-17.71
4953,688338,赛科希德,30.08,-1.6,-0.49,12785.0,38450811.0,2.39,30.6,29.87,30.57,30.57,0.66,1.2,37.54,1.87,3192763392.0,3192763392.0,0.1,0.13,19.94,17.36
4954,600941,中国移动,98.7,-1.6,-1.6,97086.0,957869661.0,2.38,100.39,98.0,100.18,100.3,1.0,1.08,13.56,1.51,2140895546450.0,89103188473.0,-0.09,-0.08,3.76,-0.15
4955,300281,金明精机,6.75,-1.6,-0.11,98040.0,66777384.0,4.23,7.0,6.71,6.82,6.86,1.17,2.47,182.96,2.28,2827734165.0,2681949906.0,-0.44,0.0,-5.46,-17.18
4956,000686,东北证券,7.98,-1.6,-0.13,201705.0,162087815.35,1.97,8.14,7.98,8.11,8.11,0.99,0.86,12.22,0.91,18676814262.0,18676814262.0,-0.13,0.0,1.92,-12.98
4957,001236,弘业期货,8.02,-1.6,-0.13,100771.0,81209282.37,2.21,8.18,8.0,8.16,8.15,0.68,1.33,165.56,4.31,8082377780.0,6079783780.0,0.0,-0.12,5.67,-24.34
4958,688590,新致软件,12.32,-1.6,-0.2,62261.0,77008333.0,3.83,12.76,12.28,12.47,12.52,0.9,2.21,-185.88,2.17,3854498586.0,3468291707.0,0.0,0.0,-10.2,-33.98
4959,603062,麦加芯彩,37.57,-1.6,-0.61,2853.0,10800454.0,2.28,38.26,37.39,38.18,38.18,0.65,0.77,53.59,2.0,4057560000.0,1392836367.0,0.03,-0.13,-11.43,-18.77
4960,605369,拱东医疗,16.64,-1.6,-0.27,19339.0,32518811.0,4.14,17.32,16.62,17.0,16.91,0.9,0.88,33.44,2.15,3657522403.0,3657522403.0,0.0,-0.12,2.78,-10.1
4961,000001,平安银行,11.7,-1.6,-0.19,1087276.0,1275606340.01,1.93,11.88,11.65,11.87,11.89,1.04,0.56,4.42,0.48,227049242917.0,227046514395.0,0.17,0.09,4.09,5.88
4962,300950,德固特,18.95,-1.61,-0.31,45479.0,86106807.5,3.53,19.28,18.6,19.08,19.26,0.69,4.66,131.83,3.57,2911553800.0,1850216886.0,0.0,0.11,10.5,-16.37
4963,002372,伟星新材,8.53,-1.61,-0.14,80519.0,68846608.14,2.19,8.68,8.49,8.62,8.67,0.59,0.55,17.41,2.88,13580084038.0,12540022170.0,-0.23,-0.12,-9.26,-15.38
4964,603466,风语筑,12.19,-1.61,-0.2,662064.0,799230137.0,2.82,12.25,11.9,12.16,12.39,0.69,11.13,38.69,3.42,7250959317.0,7250959317.0,0.0,0.16,6.46,30.51
4965,603889,新澳股份,6.13,-1.61,-0.1,93213.0,57348588.0,2.57,6.27,6.11,6.24,6.23,0.69,0.99,8.94,1.55,5818624664.0,5775301992.0,0.16,0.0,1.16,4.79
4966,603106,恒银科技,7.95,-1.61,-0.13,201363.0,160916050.0,2.85,8.17,7.94,8.13,8.08,0.75,3.87,270.25,3.14,4138134000.0,4138134000.0,0.0,-0.13,11.34,-25.49
4967,002840,华统股份,9.1,-1.62,-0.15,296969.0,271080670.0,2.81,9.25,8.99,9.13,9.25,0.91,3.73,-7.66,2.17,7299714176.0,7247956762.0,0.11,-0.11,10.17,-5.41
4968,688448,磁谷科技,67.88,-1.62,-1.12,22438.0,150318607.0,5.93,68.56,64.47,68.56,69.0,0.59,2.3,2737.45,6.45,6619585647.0,6619585647.0,0.64,0.62,30.31,88.98
4969,920765,美之高,12.18,-1.62,-0.2,10032.0,12264854.61,3.15,12.5,12.11,12.5,12.38,0.34,1.9,280.84,3.57,1058686538.0,643190527.0,-0.33,-0.08,-4.4,-40.96
4970,688236,春立医疗,13.97,-1.62,-0.23,20259.0,28504977.0,3.1,14.41,13.97,14.41,14.2,0.78,0.7,22.33,1.76,5358451945.0,4029339160.0,-0.07,-0.07,-6.3,-37.97
4971,300198,*ST纳川,2.43,-1.62,-0.04,88271.0,21535484.0,2.02,2.47,2.42,2.47,2.47,1.12,0.86,-15.16,5.77,2506662952.0,2489503031.0,0.0,0.0,0.0,-5.08
4972,601918,新集能源,10.31,-1.62,-0.17,332070.0,344208240.0,3.05,10.58,10.26,10.4,10.48,0.73,1.28,10.97,1.47,26708485958.0,26708485958.0,0.0,0.0,4.88,60.09
4973,688029,南微医学,76.55,-1.62,-1.26,14557.0,111580932.0,2.42,77.97,76.09,77.71,77.81,0.92,0.77,23.7,3.43,14379720154.0,14379720154.0,0.07,-0.03,5.27,-4.99
4974,600834,申通地铁,7.84,-1.63,-0.13,43877.0,34522132.0,4.39,8.02,7.67,7.93,7.97,1.19,0.92,58.14,2.13,3742674135.0,3742674135.0,0.0,-0.25,8.59,-7.11
4975,600892,大晟文化,4.83,-1.63,-0.08,1355330.0,658696586.0,7.33,5.07,4.71,4.73,4.91,1.41,24.23,-34.78,-198.64,2702212028.0,2701513359.0,0.21,0.21,34.92,31.97
4976,603195,公牛集团,38.66,-1.63,-0.64,36566.0,141770449.0,1.53,39.2,38.6,39.0,39.3,0.88,0.2,16.21,4.59,69721222708.0,69594315304.0,-0.15,-0.03,-3.3,-0.69
4977,600569,安阳钢铁,1.8,-1.64,-0.03,169591.0,30654374.0,2.19,1.83,1.79,1.82,1.83,0.82,0.59,-2.19,5.36,5170358495.0,5170358495.0,-0.55,-0.55,-3.74,-20.0
4978,601965,中国汽研,13.82,-1.64,-0.23,66844.0,92651592.0,2.49,14.1,13.75,14.05,14.05,0.95,0.67,16.22,1.73,13856600708.0,13797967147.0,0.0,0.07,-0.07,-15.53
4979,002295,精艺股份,9.57,-1.64,-0.16,100087.0,95836765.48,2.16,9.71,9.5,9.62,9.73,0.58,4.0,303.34,1.85,2398395120.0,2396585672.0,0.21,0.42,-2.55,-28.15
4980,301339,通行宝,10.8,-1.64,-0.18,43600.0,47371149.96,2.37,11.06,10.8,10.94,10.98,0.68,0.76,30.26,2.23,6266347920.0,6190967614.0,-0.09,-0.18,-1.64,-25.21
4981,000563,陕国投Ａ,2.99,-1.64,-0.05,523310.0,157659121.97,2.3,3.06,2.99,3.05,3.04,1.21,1.02,10.5,0.81,15290771370.0,15290771370.0,0.0,-0.33,1.7,-11.8
4982,920014,特瑞斯,8.95,-1.65,-0.15,13504.0,12114102.87,2.75,9.14,8.89,9.11,9.1,0.54,2.01,331.53,1.4,1090617850.0,600073317.0,0.0,-0.22,0.56,-21.97
4983,920679,前进科技,16.08,-1.65,-0.27,4184.0,6746288.71,4.28,16.56,15.86,16.48,16.35,0.95,1.13,56.79,1.81,898068000.0,596652420.0,0.0,0.06,3.54,-18.25
4984,600238,ST椰岛,4.74,-1.66,-0.08,38157.0,18107315.0,1.87,4.81,4.72,4.78,4.82,1.27,0.86,-140.92,30.53,2124468000.0,2110587289.0,-0.21,0.42,-3.46,-25.12
4985,002706,良信股份,9.5,-1.66,-0.16,342653.0,324556966.26,4.35,9.77,9.35,9.66,9.66,1.03,3.74,34.64,2.53,10669687690.0,8692401105.0,0.11,0.11,-16.15,-10.21
4986,920033,康普化学,14.2,-1.66,-0.24,6099.0,8733488.47,3.05,14.62,14.18,14.45,14.44,0.61,0.74,24.62,2.19,1691720550.0,1176218021.0,-0.35,0.0,-11.97,-20.36
4987,600588,用友网络,10.02,-1.67,-0.17,756471.0,757378567.0,3.83,10.29,9.9,10.15,10.19,1.01,2.21,-18.44,5.09,34238314038.0,34238314038.0,-0.1,-0.2,0.2,-24.43
4988,688153,唯捷创芯,25.31,-1.67,-0.43,38810.0,99009462.0,3.42,26.14,25.26,26.14,25.74,0.84,0.93,-57.01,2.51,10891222232.0,10583762073.0,0.08,-0.04,-13.74,-32.61
4989,920346,威贸电子,15.85,-1.67,-0.27,7805.0,12363670.45,2.85,16.16,15.7,16.0,16.12,0.48,1.74,29.17,2.69,1278351683.0,711320548.0,0.7,0.57,-8.17,-35.78
4990,600513,联环药业,15.31,-1.67,-0.26,82016.0,125915417.0,2.89,15.67,15.22,15.41,15.57,1.12,2.87,207.68,3.46,4370335494.0,4370335494.0,0.0,-0.07,-3.28,-16.06
4991,300061,旗天科技,6.46,-1.67,-0.11,458306.0,295415263.58,4.26,6.63,6.35,6.53,6.57,1.28,7.51,-99.35,9.86,4257099153.0,3939922004.0,0.31,0.47,-16.43,-38.59
4992,002658,雪迪龙,7.67,-1.67,-0.13,70461.0,54247513.98,2.31,7.83,7.65,7.79,7.8,1.02,1.96,43.64,1.87,4876286287.0,2750904935.0,0.0,0.13,-7.03,-13.14
4993,300925,法本信息,14.71,-1.67,-0.25,73897.0,109142615.37,2.07,14.98,14.67,14.88,14.96,1.04,2.11,77.25,2.8,6306308581.0,5141323682.0,-0.07,0.0,-18.28,-30.58
4994,920436,大地电气,12.3,-1.68,-0.21,41875.0,51739321.27,5.44,12.73,12.05,12.23,12.51,1.44,4.68,60.32,2.9,1170684972.0,1099422474.0,0.74,0.99,1.82,-29.07
4995,688091,上海谊众,39.88,-1.68,-0.68,22092.0,88540977.0,3.08,41.0,39.75,40.23,40.56,0.69,1.07,97.43,5.53,8243341163.0,8218193274.0,0.05,0.03,-4.73,-15.15
4996,920885,星辰科技,12.84,-1.68,-0.22,20555.0,26341804.36,3.75,13.13,12.64,13.04,13.06,0.51,2.34,99.49,5.29,2193327516.0,1129411870.0,0.71,1.02,-12.89,-45.13
4997,920576,天力复合,39.74,-1.68,-0.68,14836.0,58766482.01,2.89,40.27,39.1,39.9,40.42,0.64,1.38,682.2,9.88,4329673000.0,4286759920.0,0.0,-0.35,-36.8,-43.65
4998,600795,国电电力,5.28,-1.68,-0.09,1145429.0,606388649.0,2.61,5.39,5.25,5.37,5.37,0.9,0.64,15.62,1.56,94172068753.0,94172068753.0,0.38,0.0,8.42,7.76
4999,600282,南钢股份,4.66,-1.69,-0.08,391275.0,183466291.0,1.9,4.75,4.66,4.74,4.74,1.17,0.63,10.87,1.03,28729324111.0,28729324111.0,-0.21,-0.21,-3.72,-8.98
5000,601998,中信银行,8.74,-1.69,-0.15,760422.0,666940153.0,2.81,8.93,8.68,8.9,8.89,1.23,0.19,6.47,0.65,486338718187.0,356268613768.0,-0.23,-0.23,13.8,16.38
5001,920174,五新智能,33.7,-1.69,-0.58,16876.0,56743232.43,2.42,34.1,33.27,34.1,34.28,0.49,3.02,13.0,2.58,7309694827.0,1884021416.0,-0.15,-0.03,-6.47,-29.85
5002,002306,ST云网,2.33,-1.69,-0.04,311347.0,75332585.0,8.44,2.5,2.3,2.4,2.37,1.87,3.83,-53.02,35.21,2026546625.0,1893564305.0,0.87,0.43,4.48,17.09
5003,600081,东风科技,10.44,-1.69,-0.18,25878.0,27075164.0,2.35,10.61,10.36,10.6,10.62,1.12,0.47,32.31,1.24,5773593215.0,5773593215.0,0.0,0.0,3.47,-11.68
5004,601066,中信建投,24.85,-1.7,-0.43,175174.0,437059165.0,2.53,25.42,24.78,25.27,25.28,0.99,0.27,12.62,2.2,192753865705.0,161417425220.0,-0.12,0.0,-1.74,-5.98
5005,002315,焦点科技,26.01,-1.7,-0.45,118271.0,309642837.01,3.85,26.85,25.83,26.71,26.46,1.52,4.48,20.65,4.2,10746881299.0,6868190430.0,-0.04,-0.08,5.35,-24.96
5006,920160,北矿检测,19.61,-1.7,-0.34,4247.0,8362408.79,2.81,20.11,19.55,19.9,19.95,0.82,1.67,23.31,4.02,2221420800.0,499819680.0,0.2,0.2,-4.25,-23.31
5007,301216,万凯新材,20.25,-1.7,-0.35,304610.0,616986119.67,4.51,20.8,19.87,20.74,20.6,0.65,5.59,10.45,1.79,11749138270.0,11028368214.0,0.05,0.55,-16.87,21.18
5008,603612,索通发展,16.68,-1.71,-0.29,94792.0,158785068.0,2.59,17.05,16.61,16.98,16.97,0.78,1.9,10.23,1.37,8308382376.0,8308382376.0,-0.12,0.06,-15.89,-28.66
5009,000975,山金国际,25.8,-1.71,-0.45,319013.0,825898848.51,2.86,26.23,25.48,25.73,26.25,0.62,1.26,14.8,4.49,71531207849.0,65098942279.0,0.12,0.08,22.22,8.18
5010,600756,浪潮软件,14.35,-1.71,-0.25,80303.0,115313158.0,3.15,14.68,14.22,14.5,14.6,0.79,2.48,-17.62,2.3,5017172606.0,4650817106.0,0.0,0.14,8.71,-22.1
5011,002649,博彦科技,9.77,-1.71,-0.17,154640.0,151219554.84,2.82,9.99,9.71,9.95,9.94,0.84,2.64,41.07,1.4,5778315378.0,5717079460.0,0.1,0.1,13.08,-25.19
5012,002668,TCL智家,9.11,-1.73,-0.16,137288.0,125617473.0,2.48,9.31,9.08,9.28,9.27,0.9,1.27,9.65,2.58,9876255109.0,9876255109.0,0.0,0.0,-5.5,-10.51
5013,000623,吉林敖东,18.17,-1.73,-0.32,135027.0,247111755.75,2.06,18.55,18.17,18.5,18.49,0.97,1.13,5.3,0.68,21729419182.0,21640893688.0,-0.11,-0.11,6.26,-5.56
5014,605060,联德股份,40.27,-1.73,-0.71,33187.0,134635006.0,2.88,41.23,40.05,40.77,40.98,0.92,1.39,34.79,3.73,9688237140.0,9619858680.0,0.1,0.0,-15.75,10.0
5015,920932,科达自控,11.35,-1.73,-0.2,15483.0,17653263.85,3.81,11.67,11.23,11.53,11.55,0.82,1.78,-15.02,2.1,1195726473.0,988153984.0,-0.18,0.18,-22.26,-47.31
5016,920374,云里物里,15.87,-1.73,-0.28,8313.0,13274011.73,3.72,16.41,15.81,16.08,16.15,0.48,2.38,101.03,5.22,1358375193.0,554257973.0,-0.38,0.13,-0.75,-31.12
5017,301302,华如科技,22.11,-1.73,-0.39,48844.0,108205622.6,2.49,22.55,21.99,22.38,22.5,0.82,3.51,-27.45,2.42,3446175150.0,3073068900.0,-0.05,0.05,-31.55,-3.32
5018,920942,恒立钻具,18.68,-1.74,-0.33,12069.0,22561933.99,4.05,19.2,18.43,19.2,19.01,0.45,2.91,82.93,2.3,1142554728.0,773632462.0,0.43,0.32,-6.69,-38.89
5019,002379,宏桥控股,18.61,-1.74,-0.33,326368.0,605881738.82,2.43,18.84,18.38,18.77,18.94,0.61,2.87,7.75,4.19,242509109739.0,21147915543.0,0.0,0.0,5.92,-21.38
5020,000753,漳州发展,5.09,-1.74,-0.09,453422.0,230584393.85,2.51,5.16,5.03,5.12,5.18,1.73,4.57,58.38,1.84,5046638651.0,5046638651.0,0.0,0.2,0.39,-35.24
5021,920720,吉冈精密,9.59,-1.74,-0.17,14654.0,14103801.1,2.77,9.81,9.54,9.65,9.76,0.62,1.98,61.89,4.79,2540307951.0,709824689.0,0.0,0.0,-10.54,-31.25
5022,920066,科拜尔,18.1,-1.74,-0.32,3922.0,7172096.36,4.13,18.78,18.02,18.42,18.42,0.35,1.97,29.0,2.74,1137645201.0,359707201.0,-0.44,-0.49,-19.81,-26.39
5023,601319,中国人保,7.85,-1.75,-0.14,1328788.0,1053400405.0,3.75,8.13,7.83,7.98,7.99,0.84,0.37,4.72,1.02,347158326077.0,278657389177.0,0.13,0.13,14.1,-10.9
5024,002360,ST同德,5.62,-1.75,-0.1,42812.0,24081403.0,1.57,5.69,5.6,5.69,5.72,1.19,1.39,-23.29,2.55,2257971274.0,1733771708.0,0.0,0.36,2.55,16.12
5025,002829,星网宇达,20.81,-1.75,-0.37,58342.0,121886030.18,3.35,21.38,20.67,20.97,21.18,0.71,3.87,19.43,2.56,4324513489.0,3135520904.0,0.05,0.05,6.34,-33.77
5026,688799,华纳药厂,49.14,-1.76,-0.88,25048.0,122131278.0,4.62,50.2,47.89,49.95,50.02,0.87,1.87,50.83,3.09,6566922180.0,6566922180.0,-0.02,0.08,3.3,3.41
5027,688108,赛诺医疗,16.21,-1.76,-0.29,77730.0,126305538.0,2.97,16.65,16.16,16.53,16.5,0.97,1.86,67.31,6.79,6775001920.0,6775001920.0,0.0,0.0,-20.27,-15.75
5028,920799,艾融软件,36.22,-1.76,-0.65,87879.0,317827189.76,6.05,37.73,35.5,35.98,36.87,0.94,7.32,505.65,19.34,7575246388.0,4348932539.0,0.11,0.47,26.03,-23.91
5029,000776,广发证券,21.81,-1.76,-0.39,491302.0,1076195707.35,3.11,22.42,21.73,22.37,22.2,0.67,0.83,7.32,1.24,170659880595.0,128767315473.0,0.09,0.09,11.39,1.35
5030,920121,江天科技,28.81,-1.77,-0.52,2588.0,7505391.38,3.75,29.8,28.7,29.6,29.33,0.84,2.17,16.42,2.36,1903424352.0,343567144.0,0.03,-0.21,-7.36,-36.79
5031,603816,顾家家居,23.32,-1.77,-0.42,66258.0,154751971.0,3.54,23.95,23.11,23.64,23.74,0.67,0.81,11.66,1.76,21588093840.0,19026329669.0,-0.13,-0.17,-9.44,-20.57
5032,000768,中航西飞,23.28,-1.77,-0.42,387896.0,898836007.76,3.04,23.63,22.91,23.48,23.7,0.81,1.4,66.09,2.89,64732603943.0,64634918130.0,-0.04,0.13,2.51,-7.73
5033,600690,海尔智家,21.61,-1.77,-0.39,365231.0,789249313.0,3.0,22.1,21.44,21.99,22.0,1.04,0.59,9.74,1.68,201039735224.0,133517102449.0,0.0,0.0,6.66,-14.31
5034,002601,龙佰集团,15.57,-1.77,-0.28,167895.0,263542611.45,2.21,15.91,15.56,15.91,15.85,1.01,0.85,22.0,1.63,37122742232.0,30825174787.0,-0.06,0.0,1.5,-20.48
5035,300085,银之杰,31.63,-1.77,-0.57,413442.0,1317117768.43,3.7,32.65,31.46,32.45,32.2,0.71,6.93,-492.47,52.86,22351040122.0,18873846680.0,0.19,-0.03,18.69,-21.1
5036,300465,高伟达,12.15,-1.78,-0.22,175001.0,212846907.4,2.51,12.39,12.08,12.27,12.37,0.92,3.94,293.37,7.78,5391554688.0,5391554688.0,0.08,0.16,-25.41,-39.64
5037,003019,宸展光电,26.99,-1.78,-0.49,40239.0,109450398.35,3.2,27.83,26.95,27.83,27.48,0.76,2.33,25.78,2.81,4775944169.0,4667330337.0,-0.07,0.0,-11.25,-18.16
5038,300649,杭州园林,28.16,-1.78,-0.51,60247.0,170340133.64,7.78,29.78,27.55,28.82,28.67,0.99,5.92,-87.83,8.81,3728851709.0,2866594847.0,0.11,0.04,13.78,96.79
5039,920284,灵鸽科技,17.07,-1.78,-0.31,18917.0,32468759.23,3.51,17.6,16.99,17.4,17.38,0.59,2.82,-309.62,5.71,1788690960.0,1144726166.0,0.06,0.12,-34.97,-54.17
5040,000758,中色股份,6.07,-1.78,-0.11,264128.0,160760841.3,1.46,6.14,6.05,6.13,6.18,0.83,1.33,9.98,1.85,12077758627.0,12033035261.0,-0.16,0.0,-12.16,-7.89
5041,001323,慕思股份,18.75,-1.78,-0.34,10416.0,19572623.8,2.1,19.07,18.67,18.99,19.09,0.49,0.33,21.98,1.93,8157764325.0,5835900731.0,0.11,-0.05,-0.11,-24.91
5042,300079,数码视讯,4.96,-1.78,-0.09,372822.0,185267939.49,2.97,5.08,4.93,5.02,5.05,0.47,2.89,155.86,1.73,7073099188.0,6409223494.0,-0.2,0.0,6.44,-7.64
5043,000547,航天发展,14.35,-1.78,-0.26,566093.0,813177516.25,3.7,14.79,14.25,14.78,14.61,1.07,3.56,-51.3,6.27,22938019660.0,22803887240.0,0.07,0.07,-30.51,-56.53
5044,300067,安诺其,5.48,-1.79,-0.1,356868.0,196433584.73,3.05,5.63,5.46,5.62,5.58,0.61,3.81,152.13,2.53,6325972666.0,5137410572.0,0.18,0.0,4.58,9.6
5045,600523,贵航股份,12.04,-1.79,-0.22,49032.0,59266390.0,2.94,12.33,11.97,12.17,12.26,1.05,1.21,23.58,1.49,4867908293.0,4864697225.0,0.0,-0.08,6.17,-22.67
5046,600390,五矿资本,4.94,-1.79,-0.09,432764.0,215252285.0,2.19,5.05,4.94,5.04,5.03,1.07,0.96,10.33,0.52,22220443367.0,22220443367.0,-0.2,-0.2,6.47,-10.83
5047,000518,四环生物,3.83,-1.79,-0.07,484950.0,187888780.56,4.62,3.99,3.81,3.9,3.9,1.04,4.71,-76.32,12.77,3943200330.0,3943121704.0,0.26,0.26,21.97,58.92
5048,600782,新钢股份,2.75,-1.79,-0.05,335084.0,92807762.0,1.79,2.8,2.75,2.8,2.8,0.9,1.07,-7.22,0.35,8756060910.0,8650543410.0,-0.36,0.0,3.77,-26.67
5049,603721,中广天择,20.68,-1.8,-0.38,174799.0,359332456.0,4.7,21.0,20.01,20.24,21.06,0.95,13.45,-104.96,5.66,2688400000.0,2688400000.0,0.05,0.05,11.54,7.99
5050,000555,神州信息,10.9,-1.8,-0.2,143798.0,157018682.05,2.34,11.1,10.84,11.07,11.1,0.85,1.47,-18.8,1.94,10635941363.0,10626594068.0,0.0,0.09,-1.62,-34.1
5051,300380,安硕信息,29.98,-1.8,-0.55,32045.0,96528732.0,3.11,30.83,29.88,30.36,30.53,0.58,2.52,161.84,4.91,4890345125.0,3810683899.0,0.0,-0.03,-0.37,-27.36
5052,688225,亚信安全,13.12,-1.8,-0.24,97259.0,128096800.0,4.04,13.55,13.01,13.36,13.36,1.09,2.43,-10.28,3.6,5248131200.0,5248131200.0,0.0,0.31,-0.61,-32.37
5053,605016,百龙创园,21.85,-1.8,-0.4,38030.0,83592987.0,2.2,22.29,21.8,22.2,22.25,0.43,0.91,21.78,4.36,9177269192.0,9177269192.0,0.0,-0.09,-13.4,1.91
5054,600740,山西焦化,3.81,-1.8,-0.07,274403.0,104778188.0,2.32,3.87,3.78,3.86,3.88,0.5,1.07,-334.22,0.64,9761681597.0,9761681597.0,0.0,0.0,0.26,1.87
5055,920985,海泰新能,4.88,-1.81,-0.09,27540.0,13436101.51,3.02,4.98,4.83,4.97,4.97,0.72,1.26,-5.29,2.91,1510243856.0,1070271152.0,-0.2,0.41,-7.05,-32.13
5056,301309,万得凯,32.01,-1.81,-0.59,13850.0,44582389.0,2.48,32.61,31.8,32.6,32.6,0.63,2.29,23.09,1.92,3218106144.0,1940090889.0,0.09,0.25,-0.93,15.48
5057,600997,开滦股份,5.41,-1.81,-0.1,104073.0,56453845.0,3.45,5.54,5.35,5.49,5.51,0.59,0.66,-31.09,0.64,8589997194.0,8589997194.0,0.0,-0.18,-0.55,-5.58
5058,601061,中信金属,11.33,-1.82,-0.21,116329.0,132469464.0,2.51,11.58,11.29,11.49,11.54,0.73,0.24,10.39,2.24,55517000000.0,55517000000.0,0.09,0.0,0.71,-20.1
5059,000532,华金资本,11.33,-1.82,-0.21,52943.0,60084780.32,2.43,11.54,11.26,11.5,11.54,1.01,1.54,37.44,2.37,3905545492.0,3892418622.0,0.0,0.09,-1.05,-29.28
5060,600765,中航重机,13.46,-1.82,-0.25,178393.0,240656652.0,2.04,13.71,13.43,13.71,13.71,0.71,1.15,23.55,1.42,20896571299.0,20896571299.0,0.0,0.07,-3.99,-29.71
5061,002232,启明信息,14.53,-1.82,-0.27,40774.0,59500061.0,2.7,14.9,14.5,14.75,14.8,0.93,1.0,192.59,4.18,5936209051.0,5936209051.0,-0.07,-0.14,-2.68,-22.63
5062,688210,统联精密,32.34,-1.82,-0.6,39264.0,128598044.0,3.19,33.35,32.3,32.45,32.94,0.61,2.41,-45.7,4.24,5260440829.0,5260440829.0,0.0,-0.03,-23.8,-41.54
5063,600909,华安证券,8.1,-1.82,-0.15,1268306.0,1036946234.0,3.88,8.4,8.08,8.28,8.25,0.97,2.52,9.71,1.49,40696095152.0,40696095152.0,-0.12,0.0,12.03,21.62
5064,601162,天风证券,3.76,-1.83,-0.07,1874212.0,708989318.0,2.61,3.85,3.75,3.83,3.83,0.89,2.18,92.95,1.38,37878184480.0,32328368982.0,0.0,0.0,18.99,-9.62
5065,003816,中国广核,4.29,-1.83,-0.08,1339725.0,576361205.58,2.75,4.39,4.27,4.37,4.37,0.99,0.34,17.74,1.75,216639955097.0,168748003847.0,-0.23,0.0,0.23,16.89
5066,300884,狄耐克,12.88,-1.83,-0.24,68980.0,89052777.8,3.35,13.18,12.74,13.13,13.12,1.04,3.6,54.56,2.54,3269753122.0,2465648771.0,-0.16,-0.23,24.56,-12.38
5067,603990,麦迪科技,20.35,-1.83,-0.38,180821.0,368250069.0,9.6,21.9,19.91,21.88,20.73,0.99,5.92,468.23,7.38,6211744521.0,6211744521.0,0.1,0.69,-7.67,34.15
5068,301027,华蓝集团,20.91,-1.83,-0.39,116503.0,247216998.92,5.4,21.85,20.7,21.31,21.3,2.18,9.21,-82.75,3.46,3073770000.0,2644501877.0,0.0,0.14,12.42,13.58
5069,002761,浙江建投,7.51,-1.83,-0.14,193841.0,146310945.68,2.48,7.67,7.48,7.51,7.65,0.79,1.79,19.95,1.17,9949787954.0,8124236209.0,-0.27,0.0,3.3,-11.85
5070,002841,视源股份,47.95,-1.84,-0.9,90681.0,435606499.52,3.5,49.33,47.62,48.8,48.85,0.9,1.74,11.02,2.4,33525994833.0,24998514136.0,-0.02,0.15,41.24,23.23
5071,601628,中国人寿,38.45,-1.84,-0.72,442127.0,1712104052.0,3.06,39.47,38.27,39.18,39.17,1.14,0.21,4.04,1.64,1086777907250.0,800664728500.0,0.03,0.1,9.26,-14.33
5072,688582,芯动联科,39.96,-1.84,-0.75,47669.0,192630380.0,3.05,41.12,39.88,40.72,40.71,1.12,1.19,220.05,6.34,16053492678.0,16053492678.0,0.15,0.0,-22.78,-39.42
5073,920086,科马材料,20.79,-1.84,-0.39,9126.0,19108611.63,3.59,21.51,20.75,21.46,21.18,0.91,3.33,17.92,2.02,1739707200.0,569065959.0,-0.57,-0.05,-20.68,86.29
5074,603036,如通股份,13.89,-1.84,-0.26,78986.0,109692419.0,3.11,14.15,13.71,14.09,14.15,0.88,3.83,26.82,2.08,2861423687.0,2861423687.0,0.0,0.07,-4.6,-34.33
5075,600025,华能水电,9.58,-1.84,-0.18,399117.0,382781107.0,2.87,9.78,9.5,9.76,9.76,1.28,0.21,20.39,2.55,178485882982.0,178485882982.0,-0.1,0.0,-0.83,7.88
5076,688520,神州细胞,33.89,-1.85,-0.64,19846.0,67656109.0,2.49,34.66,33.8,34.55,34.53,0.91,0.45,-21.79,-107.58,15939677347.0,15092427347.0,-0.03,-0.03,-1.91,-21.75
5077,301356,天振股份,19.58,-1.85,-0.37,23745.0,46950659.8,3.21,20.14,19.5,19.93,19.95,1.18,1.88,35.3,1.44,4229280000.0,2470456375.0,0.05,0.15,-13.86,-6.81
5078,603269,海鸥股份,26.9,-1.86,-0.51,517232.0,1393748942.0,5.58,27.84,26.31,27.39,27.41,0.69,11.97,147.72,11.49,11619333681.0,11619333681.0,-0.37,-0.37,66.25,191.44
5079,600038,中直股份,27.43,-1.86,-0.52,57999.0,159878488.0,2.15,28.0,27.4,27.95,27.95,0.93,0.87,59.97,1.28,22489670833.0,18348893112.0,-0.04,-0.07,-3.86,-23.57
5080,001203,大中矿业,25.81,-1.86,-0.49,113745.0,295290521.76,2.05,26.27,25.73,26.14,26.3,0.75,0.87,61.43,5.5,39568806027.0,33706792034.0,-0.15,-0.04,-39.85,-15.24
5081,001316,润贝航科,29.62,-1.86,-0.56,78451.0,231055894.38,3.61,30.0,28.91,30.0,30.18,1.57,5.22,21.34,3.67,4773606237.0,4453900160.0,0.17,0.17,-21.12,7.55
5082,688151,华强科技,16.33,-1.86,-0.31,24976.0,40927312.0,3.31,16.81,16.26,16.6,16.64,0.57,0.72,295.22,1.33,5625685000.0,5625685000.0,-0.24,-0.12,-0.12,-20.57
5083,301057,汇隆新材,21.66,-1.86,-0.41,25677.0,56030546.98,3.9,22.36,21.5,22.18,22.07,0.93,3.11,40.01,3.25,2533558027.0,1788284538.0,-0.09,0.32,-18.88,-39.7
5084,605011,杭州热电,16.83,-1.87,-0.32,40022.0,67663384.0,2.8,17.29,16.81,17.04,17.15,1.1,1.0,35.2,2.71,6733683000.0,6733683000.0,0.0,0.06,-4.54,-17.26
5085,688202,美迪西,91.5,-1.87,-1.74,43038.0,394831595.0,2.9,93.48,90.78,93.0,93.24,0.76,3.2,119.11,6.14,12293224836.0,12293224836.0,-0.04,-0.01,71.44,62.23
5086,301086,鸿富瀚,154.49,-1.87,-2.94,80058.0,1223769787.34,6.02,157.75,148.27,154.61,157.43,1.1,11.48,132.99,9.86,19444760258.0,10777355725.0,0.04,-0.05,-5.37,94.13
5087,601985,中国核电,8.91,-1.87,-0.17,1095697.0,980656258.0,2.75,9.13,8.88,9.09,9.08,0.9,0.58,25.17,1.55,183260898479.0,168250068165.0,0.0,0.0,-1.87,5.19
5088,600019,宝钢股份,5.75,-1.88,-0.11,1381191.0,799127113.0,2.22,5.87,5.74,5.86,5.86,1.57,0.64,13.7,0.61,125246987307.0,123131050557.0,-0.17,-0.17,-1.54,-20.91
5089,002947,恒铭达,66.75,-1.88,-1.28,131967.0,882919688.24,4.19,68.54,65.69,68.05,68.03,0.95,6.65,33.66,5.27,17072576478.0,13236775179.0,0.06,0.09,-20.42,29.51
5090,688737,中自科技,17.19,-1.88,-0.33,15940.0,27646298.0,4.11,17.87,17.15,17.87,17.52,1.1,1.33,-15.7,1.2,2055313910.0,2055313910.0,0.0,-0.12,-33.37,-23.4
5091,600985,淮北矿业,16.72,-1.88,-0.32,315142.0,526412305.0,3.93,17.15,16.48,16.95,17.04,0.81,1.17,18.17,1.07,45031285614.0,45031285614.0,-0.12,-0.06,0.6,53.96
5092,920351,华光源海,14.09,-1.88,-0.27,25377.0,35778333.17,6.75,14.78,13.81,14.66,14.36,0.84,6.37,41.28,2.75,1240419336.0,561350391.0,0.36,0.36,8.38,-39.08
5093,300333,兆日科技,12.02,-1.88,-0.23,385548.0,462556246.19,3.59,12.22,11.78,12.03,12.25,0.79,11.52,43.4,6.57,4038720000.0,4024056405.0,0.08,-0.08,24.82,4.52
5094,688039,当虹科技,33.41,-1.88,-0.64,22807.0,76494875.0,3.73,34.48,33.21,34.05,34.05,0.84,2.06,-57.63,3.59,3695193576.0,3695193576.0,0.09,0.24,-20.74,-25.34
5095,600595,中孚实业,6.24,-1.89,-0.12,881867.0,550064868.0,2.2,6.34,6.2,6.33,6.36,0.86,2.2,6.65,1.37,25009327911.0,25009327911.0,0.0,0.16,-9.57,-18.75
5096,920407,驰诚股份,11.41,-1.89,-0.22,6554.0,7543456.15,3.61,11.77,11.35,11.75,11.63,0.47,1.45,53.28,4.58,1266500872.0,515608361.0,-0.26,0.0,1.42,-40.63
5097,688118,普元信息,20.6,-1.9,-0.4,32161.0,66318017.0,3.71,21.2,20.42,21.0,21.0,1.04,3.45,-21.34,2.4,1922324288.0,1922324288.0,0.05,0.1,-4.59,-18.32
5098,300798,锦鸡股份,8.73,-1.91,-0.17,419700.0,365049653.03,5.06,8.91,8.46,8.86,8.9,0.63,10.35,-345.76,2.28,4305218610.0,3541792306.0,0.11,0.58,19.92,22.78
5099,600348,华阳股份,8.72,-1.91,-0.17,240305.0,210897883.0,2.59,8.93,8.7,8.92,8.89,0.59,0.67,14.82,1.14,31457400000.0,31457400000.0,0.0,-0.23,-1.13,8.73
5100,600844,金煤科技,3.59,-1.91,-0.07,577611.0,208316227.0,3.28,3.69,3.57,3.67,3.66,0.53,7.02,89.38,46.07,3649322022.0,2953602976.0,-0.28,0.0,26.86,24.65
5101,920055,隆源股份,26.66,-1.91,-0.52,3393.0,9079078.75,2.24,27.19,26.58,27.19,27.18,0.58,2.22,14.29,1.49,1812880000.0,407898000.0,0.04,-0.45,-8.07,10.39
5102,603337,杰克科技,37.23,-1.92,-0.73,32134.0,120483681.0,2.71,38.21,37.18,38.21,37.96,1.26,0.69,18.03,3.28,17735928628.0,17387519119.0,0.0,0.03,-3.17,-13.22
5103,600501,航天晨光,14.78,-1.92,-0.29,57139.0,84686206.0,2.39,15.08,14.72,15.08,15.07,0.95,1.34,-79.83,4.16,6323241676.0,6323241676.0,0.07,0.14,-16.54,-50.95
5104,600855,航天长峰,12.77,-1.92,-0.25,59942.0,76863746.0,2.53,13.06,12.73,13.0,13.02,0.69,1.28,-57.32,4.33,5983290637.0,5971759327.0,-0.08,-0.16,-14.3,-39.31
5105,920242,建邦科技,14.27,-1.92,-0.28,3984.0,5713525.11,3.23,14.67,14.2,14.52,14.55,0.48,0.76,16.67,1.96,1344429499.0,752500838.0,-0.35,-0.35,-13.72,-30.56
5106,301311,昆船智能,13.77,-1.92,-0.27,51127.0,70399274.0,2.99,14.08,13.66,14.04,14.04,1.91,2.13,-30.27,1.96,3304800000.0,3304800000.0,0.22,0.36,-5.03,-26.44
5107,002648,卫星化学,27.01,-1.92,-0.53,353353.0,960032895.36,2.83,27.73,26.95,27.55,27.54,0.77,1.05,7.31,2.39,90987120087.0,90928691920.0,-0.04,0.04,11.8,57.22
5108,002890,弘宇股份,15.29,-1.92,-0.3,35697.0,53969705.04,4.11,15.53,14.89,15.53,15.59,0.94,2.21,146.19,4.3,2597391196.0,2468978896.0,1.53,1.8,0.59,4.94
5109,300171,东富龙,13.76,-1.92,-0.27,96376.0,133362077.04,2.21,14.03,13.72,14.0,14.03,0.65,1.7,48.93,1.33,10537793830.0,7823079468.0,0.0,0.07,23.85,-11.91
5110,000932,华菱钢铁,3.57,-1.92,-0.07,981103.0,352574411.62,2.2,3.64,3.56,3.63,3.64,1.06,1.43,54.29,0.45,24463814701.0,24463814701.0,0.0,0.28,-2.99,-34.62
5111,688568,中科星图,30.69,-1.92,-0.6,78667.0,243611476.0,3.07,31.52,30.56,31.19,31.29,0.97,0.97,-38.91,7.17,24799941809.0,24799941809.0,-0.16,-0.1,-32.1,-47.97
5112,600665,天地源,3.58,-1.92,-0.07,122735.0,44078954.0,1.92,3.63,3.56,3.6,3.65,0.64,1.42,-2.91,2.97,3093558625.0,3093558625.0,-0.28,-0.28,-10.28,9.15
5113,601375,中原证券,4.06,-1.93,-0.08,518671.0,212124189.0,2.66,4.16,4.05,4.15,4.14,1.29,1.5,22.48,1.29,18850111882.0,13996929982.0,0.0,0.25,4.64,-5.14
5114,000632,ST三木,4.06,-1.93,-0.08,139402.0,56573204.0,3.14,4.13,4.0,4.12,4.14,0.67,2.99,-1.11,-2.59,1890009454.0,1889855320.0,-0.49,-0.49,7.41,-28.14
5115,002907,华森制药,14.21,-1.93,-0.28,87300.0,124767134.75,2.83,14.54,14.13,14.5,14.49,0.64,2.57,47.11,3.44,5934043622.0,4817838701.0,0.14,0.57,19.31,-3.6
5116,920270,天铭科技,12.19,-1.93,-0.24,8502.0,10409574.18,3.78,12.59,12.12,12.4,12.43,0.54,1.05,79.09,3.11,1275269040.0,990828397.0,0.0,0.16,-13.36,-52.4
5117,603958,哈森股份,20.31,-1.93,-0.4,164096.0,330071824.0,5.65,20.97,19.8,20.71,20.71,0.58,7.48,88.63,6.77,4455201600.0,4455201600.0,0.3,-0.25,6.39,52.71
5118,002757,南兴股份,17.74,-1.93,-0.35,254506.0,449991308.23,2.43,17.95,17.51,17.93,18.09,0.87,8.96,33.19,2.64,5241387897.0,5041772680.0,0.11,0.11,-10.04,-7.94
5119,688798,艾为电子,62.35,-1.93,-1.23,43158.0,270898545.0,4.22,64.63,61.95,63.97,63.58,0.8,3.18,76.61,3.46,14535590033.0,8463610592.0,0.0,0.02,-3.18,-17.61
5120,920176,维琪科技,68.24,-1.93,-1.34,28849.0,201913709.98,8.11,73.61,67.97,68.03,69.58,0.92,36.3,47.76,4.98,4014559200.0,542303280.0,0.0,-0.01,207.94,207.94
5121,301357,北方长龙,99.53,-1.94,-1.97,55881.0,558020693.32,4.14,102.2,98.0,98.22,101.5,0.75,8.99,-176.71,8.45,9475256000.0,6188526575.0,0.0,-0.01,10.33,-29.36
5122,300831,ST派瑞,14.65,-1.94,-0.29,74234.0,109788290.0,4.15,15.2,14.58,15.0,14.94,1.86,4.02,101.23,4.84,4688000000.0,2702694116.0,0.0,-0.07,-13.42,33.42
5123,605166,聚合顺,8.6,-1.94,-0.17,71283.0,61662793.0,3.76,8.86,8.53,8.66,8.77,1.16,2.26,21.48,1.36,2706712194.0,2706712194.0,-0.46,-0.58,-10.14,-16.59
5124,002244,滨江集团,8.56,-1.95,-0.17,361554.0,309171107.0,2.98,8.73,8.47,8.68,8.73,0.66,1.31,8.59,0.87,26633959698.0,23604622350.0,-0.12,-0.12,-7.86,-14.23
5125,600616,金枫酒业,4.53,-1.95,-0.09,303294.0,138350204.0,3.03,4.66,4.52,4.57,4.62,2.15,4.53,-262.98,1.6,3030592424.0,3030592424.0,-0.22,-0.22,7.6,-14.69
5126,600583,海油工程,6.03,-1.95,-0.12,227152.0,137694514.0,2.44,6.15,6.0,6.13,6.15,0.52,0.51,12.22,0.92,26660769444.0,26660769444.0,-0.17,-0.33,13.77,13.99
5127,603200,上海洗霸,40.3,-1.95,-0.8,74256.0,299629333.0,2.21,41.0,40.09,40.79,41.1,0.63,4.23,-536.91,6.51,7071848151.0,7071848151.0,0.05,0.35,-13.46,-43.33
5128,920021,流金科技,9.01,-1.96,-0.18,521427.0,464002448.94,6.96,9.24,8.6,8.94,9.19,0.72,21.06,212.63,4.32,2784089847.0,2230467604.0,0.11,-0.11,8.42,34.28
5129,603095,越剑智能,14.98,-1.96,-0.3,82022.0,123806763.0,4.58,15.58,14.88,15.25,15.28,0.76,3.18,64.74,1.64,3868872616.0,3868872616.0,0.07,0.27,-14.64,-16.03
5130,600928,西安银行,3.51,-1.96,-0.07,253333.0,89487128.0,2.23,3.59,3.51,3.58,3.58,0.7,0.57,5.26,0.43,15600000002.0,15525972772.0,-0.28,0.0,0.29,-2.5
5131,002368,太极股份,13.92,-1.97,-0.28,96720.0,135334870.17,3.38,14.37,13.89,14.2,14.2,1.02,1.56,-12.29,2.33,8675379501.0,8652345868.0,-0.22,0.0,-12.56,-43.16
5132,300733,西菱动力,13.46,-1.97,-0.27,36058.0,48831292.38,2.4,13.77,13.44,13.7,13.73,0.93,1.23,41.31,3.0,5338267469.0,3935972460.0,0.07,-0.07,-5.41,-7.04
5133,002110,三钢闽光,2.98,-1.97,-0.06,217358.0,65361809.16,2.3,3.04,2.97,3.03,3.04,0.96,0.89,-18.88,0.38,7238647156.0,7238647156.0,0.0,-0.33,-1.32,-31.96
5134,601398,工商银行,7.97,-1.97,-0.16,3415493.0,2743356399.0,3.08,8.2,7.95,8.15,8.13,1.0,0.13,8.18,0.72,2840557868999.0,2148809333936.0,-0.13,-0.13,2.44,2.71
5135,300972,万辰集团,180.71,-1.97,-3.64,16716.0,301135798.42,4.4,186.0,177.88,185.99,184.35,0.79,0.92,14.74,13.23,35660149073.0,32657506590.0,-0.14,0.02,-5.68,-9.75
5136,600316,洪都航空,31.75,-1.98,-0.64,137224.0,436103807.0,2.69,32.31,31.44,32.11,32.39,0.72,1.91,941.25,4.23,22768385756.0,22768385756.0,-0.06,0.03,14.83,-9.0
5137,600916,中国黄金,7.91,-1.98,-0.16,295270.0,234461256.0,1.98,8.06,7.9,8.0,8.07,0.46,1.76,23.78,1.9,13288800000.0,13288800000.0,-0.13,0.0,4.22,-1.13
5138,603580,艾艾精工,67.26,-1.98,-1.36,79389.0,535798253.0,5.74,70.0,66.06,69.75,68.62,0.75,6.08,775.2,19.64,8789079432.0,8789079432.0,-0.15,0.31,192.18,315.19
5139,601988,中国银行,6.44,-1.98,-0.13,2887773.0,1871318928.0,3.04,6.62,6.42,6.59,6.57,0.9,0.14,8.39,0.75,2075047932082.0,1357329915608.0,0.31,0.16,4.38,14.8
5140,920547,无锡晶海,19.3,-1.98,-0.39,6858.0,13290150.43,2.95,19.71,19.13,19.67,19.69,1.02,1.82,18.19,2.04,1499378400.0,728862570.0,0.1,0.0,-2.67,-17.7
5141,688658,悦康药业,13.27,-1.99,-0.27,111020.0,147285124.0,2.14,13.45,13.16,13.4,13.54,0.62,2.47,-28.46,1.86,5971500000.0,5971500000.0,0.15,0.15,-1.85,-41.31
5142,002657,中科金财,16.22,-1.99,-0.33,115943.0,188627522.11,2.24,16.52,16.15,16.27,16.55,0.99,3.45,-19.21,3.45,5503671782.0,5451987077.0,0.0,0.0,-24.73,-45.68
5143,600570,恒生电子,21.59,-2.0,-0.44,311952.0,675717085.0,3.81,22.3,21.46,22.3,22.03,1.35,1.65,78.42,4.21,40883859068.0,40883859068.0,0.0,0.09,-0.55,-27.91
5144,000695,滨海能源,14.2,-2.0,-0.29,54133.0,77193275.0,3.17,14.6,14.14,14.47,14.49,0.55,2.44,-58.25,9.47,3290880374.0,3149718174.0,0.07,0.07,9.4,11.72
5145,601069,西部黄金,29.4,-2.0,-0.6,151223.0,448778664.0,2.3,30.06,29.37,29.59,30.0,0.56,1.7,24.5,5.21,26783374216.0,26083340224.0,0.0,-0.07,13.25,10.86
5146,002717,*ST岭南,0.98,-2.0,-0.02,430860.0,42176826.0,3.0,0.99,0.96,0.97,1.0,1.39,2.41,-3.14,-1.09,1783828887.0,1753163029.0,0.0,1.03,-21.6,-39.51
5147,600819,耀皮玻璃,5.86,-2.01,-0.12,104282.0,61541645.0,3.18,6.04,5.85,6.04,5.98,0.99,1.32,84.26,1.48,5723796448.0,4625046436.0,0.0,0.0,-8.29,-27.39
5148,300582,英飞特,11.24,-2.01,-0.23,119141.0,132984695.28,5.06,11.38,10.8,10.99,11.47,0.62,5.26,77.87,3.74,3355550125.0,2543759705.0,-0.09,0.0,-20.0,-29.62
5149,600028,中国石化,5.37,-2.01,-0.11,2427155.0,1309239572.0,2.74,5.49,5.34,5.48,5.48,1.12,0.26,12.67,0.77,649370011372.0,508820792764.0,-0.19,-0.19,11.18,-11.53
5150,600900,长江电力,27.85,-2.01,-0.57,1597660.0,4468951082.0,2.43,28.47,27.78,28.4,28.42,1.63,0.65,23.09,3.15,681439863391.0,681439863391.0,0.0,-0.07,1.31,6.34
5151,300177,中海达,6.32,-2.02,-0.13,100616.0,63634570.95,2.79,6.4,6.22,6.38,6.45,1.18,1.66,-54.76,3.77,4703148497.0,3831836546.0,0.0,0.0,-7.47,-38.82
5152,920455,汇隆活塞,6.78,-2.02,-0.14,12141.0,8298669.6,5.35,7.1,6.73,6.89,6.92,0.58,1.25,29.23,3.53,1203111000.0,659771577.0,0.0,0.0,1.04,-17.92
5153,603105,芯能科技,7.77,-2.02,-0.16,141488.0,110141504.0,3.4,8.0,7.73,7.98,7.93,0.65,2.83,80.49,1.88,3885088384.0,3885088384.0,0.13,0.13,0.91,-13.57
5154,603233,大参林,18.41,-2.02,-0.38,56016.0,104025970.0,2.71,18.92,18.41,18.81,18.79,0.71,0.49,11.31,2.78,20966311713.0,20966311713.0,-0.05,-0.11,10.31,7.47
5155,000957,中通客车,10.18,-2.02,-0.21,144814.0,148110850.49,2.21,10.39,10.16,10.32,10.39,0.9,2.44,10.67,1.79,6035762068.0,6035762068.0,-0.1,0.0,-2.77,-10.47
5156,920188,悦龙科技,22.73,-2.03,-0.47,10459.0,23799932.51,3.45,23.34,22.54,23.06,23.2,0.53,5.28,17.11,2.37,1886435391.0,449914870.0,-0.04,0.0,-6.35,67.87
5157,002857,三晖电气,18.76,-2.04,-0.39,20657.0,39009801.0,2.87,19.24,18.69,19.15,19.15,1.18,1.61,-27.49,5.43,2450693840.0,2412257414.0,-0.11,-0.05,7.69,-9.55
5158,601677,明泰铝业,16.31,-2.04,-0.34,195201.0,320523639.0,1.86,16.62,16.31,16.62,16.65,0.98,1.57,7.21,1.0,20278070126.0,20278070126.0,-0.12,-0.06,-3.95,11.87
5159,600621,华鑫股份,13.47,-2.04,-0.28,134609.0,182600498.0,3.49,13.9,13.42,13.9,13.75,1.08,1.27,17.76,1.56,14290313463.0,14290313463.0,0.15,0.07,9.78,-10.79
5160,688475,萤石网络,28.7,-2.05,-0.6,52705.0,151577591.0,3.69,29.48,28.4,29.23,29.3,1.16,0.67,27.59,3.84,22601250000.0,22601250000.0,-0.21,-0.21,7.94,-3.4
5161,002795,永和智控,7.18,-2.05,-0.15,242847.0,178165207.6,7.37,7.68,7.14,7.4,7.33,1.98,5.6,25.01,7.2,3171315726.0,3115964531.0,-0.14,0.14,-1.78,13.97
5162,920274,宏裕包材,17.21,-2.05,-0.36,24175.0,42168841.0,5.12,17.93,17.03,17.42,17.57,0.89,2.97,41.78,2.82,1399746678.0,1399746678.0,0.17,0.29,-4.65,-39.85
5163,002948,青岛银行,6.22,-2.05,-0.13,525113.0,327051475.11,3.46,6.38,6.16,6.36,6.35,1.29,1.49,5.0,0.83,36202606383.0,21908051382.0,-0.16,-0.16,7.06,44.65
5164,002961,瑞达期货,19.93,-2.06,-0.42,79136.0,158844523.65,2.56,20.43,19.91,20.38,20.35,0.85,1.66,11.59,2.26,9505283320.0,9505238477.0,0.1,0.0,2.15,-25.75
5165,920012,创达新材,49.87,-2.06,-1.05,13527.0,66150285.66,21.6,51.73,40.73,40.73,50.92,1.23,7.01,33.47,2.9,2459457741.0,962366824.0,0.14,0.06,-16.61,154.7
5166,688552,航天南湖,31.27,-2.07,-0.66,44673.0,140470512.0,3.32,32.17,31.11,31.75,31.93,0.62,1.32,1355.0,4.08,10545744960.0,10545744960.0,0.0,0.1,8.09,-13.83
5167,300444,双杰电气,9.48,-2.07,-0.2,349165.0,331122076.79,3.93,9.77,9.39,9.68,9.68,1.08,5.56,16.29,3.75,7627798453.0,5948147307.0,0.21,0.21,-23.61,-0.94
5168,600435,北方导航,11.35,-2.07,-0.24,266388.0,303062944.0,2.59,11.57,11.27,11.51,11.59,0.65,1.76,-179.88,6.05,17165260451.0,17165260451.0,-0.09,0.0,-7.72,-26.3
5169,600489,中金黄金,25.07,-2.07,-0.53,517889.0,1304185145.0,1.95,25.43,24.93,25.05,25.6,0.53,1.07,13.95,3.74,121522125979.0,121522125979.0,0.04,0.08,19.1,9.48
5170,688708,佳驰科技,39.75,-2.07,-0.84,15187.0,60672936.0,3.15,40.83,39.55,40.59,40.59,0.86,1.06,119.0,4.69,15918984600.0,5674072013.0,-0.05,-0.1,-23.76,-35.63
5171,000987,越秀资本,7.53,-2.08,-0.16,372776.0,282586957.01,2.86,7.73,7.51,7.71,7.69,1.13,0.74,6.72,1.11,37779007439.0,37744483300.0,-0.13,0.0,2.31,-5.99
5172,002952,亚世光电,21.22,-2.08,-0.45,111195.0,238306405.0,3.14,21.88,21.2,21.57,21.67,0.77,8.29,119.84,3.96,3487294800.0,2845065813.0,-0.33,-0.38,-8.61,8.32
5173,920656,海昇药业,15.1,-2.08,-0.32,6374.0,9670865.97,3.5,15.55,15.01,15.42,15.42,0.84,0.78,16.06,2.12,1510000000.0,1232591286.0,-0.53,0.07,8.48,-11.49
5174,002262,恩华药业,22.09,-2.08,-0.47,78267.0,173976305.08,3.01,22.68,22.0,22.48,22.56,0.92,0.89,15.11,2.67,22376538734.0,19522618577.0,-0.18,0.0,13.63,-6.91
5175,002034,旺能环境,14.52,-2.09,-0.31,99270.0,144565473.6,3.3,14.95,14.46,14.95,14.83,1.27,1.93,9.07,0.84,7502501468.0,7471228466.0,0.0,0.0,-17.12,-8.68
5176,000612,焦作万方,10.8,-2.09,-0.23,323323.0,351350013.16,2.27,11.02,10.77,11.01,11.03,0.89,2.71,5.23,1.59,12875753455.0,12875753455.0,-0.09,0.0,-5.51,0.93
5177,300854,中兰环保,16.89,-2.09,-0.36,77602.0,131264047.42,2.61,17.2,16.75,17.09,17.25,0.94,6.81,161.11,2.63,2361502374.0,1925143228.0,-0.71,-0.06,-46.3,40.4
5178,601225,陕西煤业,25.69,-2.1,-0.55,504806.0,1293877788.0,3.73,26.24,25.26,26.05,26.24,1.26,0.52,11.05,2.46,249064550000.0,249064550000.0,0.0,0.0,-1.53,25.87
5179,000408,藏格矿业,74.03,-2.1,-1.59,93592.0,697481179.01,2.55,75.79,73.86,75.79,75.62,0.92,0.6,15.96,7.43,116146759239.0,116145537744.0,-0.03,0.0,-5.66,-9.62
5180,301053,远信工业,32.6,-2.1,-0.7,24763.0,80326917.3,2.31,32.97,32.2,32.81,33.3,0.5,2.01,84.64,4.54,4299461334.0,4017090794.0,-0.12,-0.18,-25.57,29.67
5181,002882,金龙羽,23.79,-2.1,-0.51,145337.0,345274609.33,2.96,24.18,23.46,24.0,24.3,0.75,5.88,134.14,4.88,10298691000.0,5875893004.0,0.04,0.04,9.33,-20.86
5182,688651,盛邦安全,23.31,-2.1,-0.5,13141.0,30814471.0,2.6,23.88,23.26,23.64,23.81,0.67,2.79,-29.49,2.69,2389110898.0,1095990769.0,0.09,0.04,-3.2,-28.03
5183,300922,天秦装备,19.05,-2.11,-0.41,112258.0,214353275.02,2.16,19.35,18.93,19.11,19.46,0.57,8.89,170.66,3.1,3064237839.0,2404607376.0,0.0,0.11,-19.21,-15.97
5184,301221,光庭信息,27.71,-2.12,-0.6,20220.0,56418965.43,2.58,28.42,27.69,28.34,28.31,1.0,2.26,-61.85,1.79,3641101759.0,2475633457.0,-0.14,-0.04,-6.16,-30.66
5185,002670,国盛证券,12.46,-2.12,-0.27,452411.0,568014532.11,3.3,12.82,12.4,12.6,12.73,0.65,2.79,55.91,2.09,24111154776.0,20226948900.0,0.08,-0.08,8.44,-26.01
5186,600000,浦发银行,9.23,-2.12,-0.2,867113.0,806326225.0,2.86,9.46,9.19,9.43,9.43,1.0,0.26,4.97,0.41,307412887509.0,307412887509.0,0.0,-0.11,-0.22,-23.21
5187,000890,法尔胜,8.33,-2.12,-0.18,381463.0,319921951.09,3.41,8.61,8.32,8.51,8.51,0.43,9.09,-64.23,2280.99,3494468053.0,3494360413.0,0.0,-0.24,-13.41,64.3
5188,002177,御银股份,6.0,-2.12,-0.13,420773.0,253193554.14,2.94,6.13,5.95,6.06,6.13,1.02,6.16,188.21,2.66,4567147764.0,4098960918.0,0.0,0.0,-1.48,-36.24
5189,603558,健盛集团,11.98,-2.12,-0.26,30551.0,36951341.0,3.51,12.39,11.96,12.37,12.24,0.97,0.89,11.75,1.92,4104803827.0,4104803827.0,0.0,-0.33,2.13,12.91
5190,300579,数字认证,23.49,-2.13,-0.51,56223.0,132242708.54,4.17,24.3,23.3,23.92,24.0,0.92,2.14,-65.16,8.42,6342300000.0,6173172446.0,0.13,0.09,9.26,-30.11
5191,920227,美登科技,50.59,-2.13,-1.1,5711.0,29087403.9,4.43,52.39,50.1,51.38,51.69,0.61,3.22,47.52,4.93,1970050485.0,896364598.0,0.14,-0.04,-11.07,-14.11
5192,603363,傲农生物,3.21,-2.13,-0.07,1149575.0,371331713.0,3.96,3.31,3.18,3.26,3.28,1.5,5.36,-23.09,2.96,8766708461.0,6890552834.0,0.0,0.0,8.81,-30.37
5193,601169,北京银行,5.48,-2.14,-0.12,2287860.0,1258173776.0,2.5,5.6,5.46,5.6,5.6,0.64,1.08,3.64,0.41,115863553811.0,115863553811.0,0.0,-0.18,9.82,5.38
5194,920892,广咨国际,11.43,-2.14,-0.25,19651.0,22535460.13,3.68,11.77,11.34,11.59,11.68,0.46,1.3,19.84,5.04,1947115965.0,1724244589.0,0.0,0.09,-4.75,-24.35
5195,002478,常宝股份,6.86,-2.14,-0.15,246374.0,171013040.69,3.71,7.1,6.84,6.99,7.01,0.58,3.41,23.0,1.04,6179517004.0,4958887260.0,-0.15,-0.29,0.59,-17.05
5196,688180,君实生物-U,32.77,-2.15,-0.72,84773.0,279471911.0,3.08,33.65,32.62,33.62,33.49,0.76,1.11,776.54,5.66,33644627073.0,25114736984.0,0.0,-0.06,6.78,-4.07
5197,300810,中科海讯,25.09,-2.15,-0.55,19795.0,49772431.0,2.3,25.61,25.02,25.44,25.64,0.67,1.74,-32.97,4.04,2961874500.0,2860351579.0,0.28,0.16,-2.9,-34.42
5198,605599,菜百股份,14.58,-2.15,-0.32,53676.0,78353276.0,3.02,14.9,14.45,14.76,14.9,0.54,0.69,12.98,2.56,11340000324.0,11340000324.0,-0.14,0.0,-4.58,-6.48
5199,920065,千岸科技,36.25,-2.16,-0.8,30193.0,109636647.69,4.86,37.7,35.9,37.08,37.05,0.9,19.17,14.66,2.79,3271562500.0,570937500.0,0.14,0.14,49.18,49.18
5200,000783,长江证券,9.06,-2.16,-0.2,1153083.0,1049293750.12,3.13,9.31,9.02,9.26,9.26,0.83,2.09,7.85,1.36,50102460909.0,50102460909.0,0.0,0.0,22.43,15.41
5201,601288,农业银行,6.81,-2.16,-0.15,3627602.0,2490748812.0,3.3,7.02,6.79,7.0,6.96,1.08,0.11,8.14,0.83,2383384460675.0,2174053075391.0,-0.15,0.0,0.15,-9.8
5202,688489,三未信安,24.0,-2.16,-0.53,15065.0,36314874.0,2.77,24.59,23.91,24.45,24.53,0.93,0.9,-162.0,2.29,4069885080.0,4038658728.0,-0.21,0.13,5.36,-22.83
5203,688778,厦钨新能,45.13,-2.17,-1.0,45465.0,206941348.0,2.8,46.37,45.08,46.19,46.13,0.63,0.9,23.19,2.39,22776708576.0,22776708576.0,0.07,0.07,-21.1,-41.44
5204,688326,经纬恒润-W,60.28,-2.17,-1.34,13440.0,81580481.0,2.74,61.9,60.21,61.32,61.62,0.81,1.2,-9.46,1.94,7229520250.0,6728665846.0,0.0,-0.12,-18.14,-48.58
5205,002895,川恒股份,32.87,-2.17,-0.73,50105.0,166196624.87,2.59,33.7,32.83,33.44,33.6,0.91,0.84,17.78,2.76,19914893749.0,19700591210.0,-0.15,-0.09,6.44,-5.71
5206,601211,国泰海通,17.48,-2.18,-0.39,918755.0,1618829236.0,2.91,17.98,17.46,17.88,17.87,1.42,0.68,7.58,0.93,307316892931.0,235090687940.0,-0.11,-0.06,0.87,-13.47
5207,301162,国能日新,36.62,-2.19,-0.82,21536.0,79543575.95,3.85,37.99,36.55,37.61,37.44,1.39,1.78,48.76,4.3,6837912309.0,4439003746.0,0.0,0.11,-7.97,1.36
5208,688316,青云科技-U,46.53,-2.19,-1.04,17968.0,83827853.0,3.7,47.94,46.18,47.5,47.57,0.89,3.75,-32.29,71.48,2228699942.0,2228699942.0,0.0,-0.09,-16.22,-22.67
5209,002163,海南发展,8.91,-2.2,-0.2,392937.0,350436614.5,2.85,9.07,8.81,9.02,9.11,1.41,4.89,-56.23,14.16,7528574595.0,7159620476.0,0.34,0.22,-3.47,-62.63
5210,688235,百济神州,265.03,-2.2,-5.97,28658.0,760107736.0,2.27,269.64,263.5,268.06,271.0,0.89,2.49,62.49,11.54,408751841520.0,30493095558.0,0.0,-0.03,22.49,-1.33
5211,600962,国投中鲁,25.22,-2.21,-0.57,44569.0,112738796.0,3.88,26.0,25.0,25.8,25.79,0.82,1.7,1815.58,7.03,6612936200.0,6612936200.0,0.04,0.08,-3.78,15.0
5212,600862,中航高科,18.16,-2.21,-0.41,152416.0,278400745.0,2.37,18.6,18.16,18.57,18.57,0.85,1.09,28.81,3.24,25297771783.0,25297771783.0,-0.06,-0.11,-2.63,-22.43
5213,000603,盛达资源,35.36,-2.21,-0.8,353228.0,1258802098.68,3.51,36.17,34.9,36.06,36.16,0.68,5.3,31.27,6.5,24397316075.0,23575090454.0,0.0,0.11,21.22,14.66
5214,920418,苏轴股份,18.6,-2.21,-0.42,20909.0,38938326.5,4.89,19.12,18.19,19.02,19.02,1.18,1.33,26.79,3.28,3022306560.0,2918685067.0,0.11,0.22,-15.45,-37.29
5215,002189,中光学,19.4,-2.22,-0.44,36080.0,70215885.89,2.67,19.84,19.31,19.78,19.84,0.67,1.38,-35.08,12.39,5067265896.0,5067169866.0,0.0,-0.05,-4.48,-15.98
5216,920445,龙竹科技,7.48,-2.22,-0.17,39695.0,29633141.07,3.53,7.64,7.37,7.42,7.65,1.07,3.68,70.93,3.78,1108199587.0,807900820.0,0.54,0.4,3.17,-35.79
5217,920876,慧为智能,17.6,-2.22,-0.4,28995.0,51776075.43,5.72,18.34,17.31,18.1,18.0,0.59,7.39,871.93,4.44,1129579598.0,690769182.0,-1.23,-0.85,-8.33,-30.35
5218,601665,齐鲁银行,7.05,-2.22,-0.16,842781.0,595506628.0,3.33,7.23,6.99,7.19,7.21,1.05,1.37,6.84,0.83,43384589801.0,43384589801.0,-0.14,-0.14,11.55,28.42
5219,002152,广电运通,9.63,-2.23,-0.22,271793.0,262472382.92,2.54,9.84,9.59,9.8,9.85,1.25,1.1,28.25,1.93,23914977308.0,23902875431.0,0.0,0.1,-2.03,-28.35
5220,002639,雪人集团,14.0,-2.23,-0.32,1021529.0,1426270963.03,4.12,14.23,13.64,13.9,14.32,1.14,15.48,881.61,4.19,10911955992.0,9241470784.0,0.0,-0.07,-3.18,-24.73
5221,920871,派特尔,11.4,-2.23,-0.26,13159.0,15074312.67,4.37,11.79,11.28,11.69,11.66,0.68,2.8,42.91,3.73,967372547.0,536201383.0,-0.09,-0.26,-8.73,-24.0
5222,300699,光威复材,24.02,-2.24,-0.55,109263.0,263721997.63,2.4,24.57,23.98,24.5,24.57,1.09,1.33,50.22,3.65,19969075040.0,19777594782.0,0.0,0.0,-13.13,-38.35
5223,603978,深圳新星,21.41,-2.24,-0.49,175167.0,374794190.0,5.48,22.31,21.11,21.86,21.9,0.67,8.3,112.9,2.72,4519528942.0,4519528942.0,0.23,0.19,-16.82,-24.19
5224,688221,前沿生物-U,17.03,-2.24,-0.39,160847.0,273041111.0,3.44,17.3,16.7,17.3,17.42,0.82,4.29,21.42,6.17,6379074461.0,6379074461.0,0.06,0.18,-7.24,-5.65
5225,920106,林泰新材,37.45,-2.24,-0.86,7322.0,27490231.67,4.23,38.67,37.05,38.66,38.31,0.62,1.68,23.21,3.54,2119426575.0,1635137331.0,0.19,0.21,-16.61,-52.05
5226,002297,博云新材,20.84,-2.25,-0.48,1020744.0,2130924042.56,4.03,21.36,20.5,21.23,21.32,1.01,17.81,35.08,5.2,11943504428.0,11943504428.0,0.24,0.29,-7.13,74.1
5227,300777,中简科技,22.12,-2.25,-0.51,66456.0,147888473.53,2.87,22.75,22.1,22.5,22.63,1.16,1.54,-98.27,2.2,9726330718.0,9531668171.0,-0.09,-0.09,-22.71,-45.48
5228,688578,艾力斯,108.06,-2.25,-2.49,34825.0,379574015.0,2.65,110.99,108.06,110.61,110.55,0.81,0.77,15.78,5.94,48627000000.0,48627000000.0,-0.03,-0.1,31.06,4.96
5229,002361,神剑股份,10.36,-2.26,-0.24,738466.0,766044733.75,2.36,10.55,10.3,10.49,10.6,0.66,8.74,-157.88,4.55,9852722279.0,8749258114.0,0.1,0.19,-34.18,-27.75
5230,603232,格尔软件,15.58,-2.26,-0.36,65327.0,102091794.0,2.63,15.92,15.5,15.8,15.94,0.79,2.82,-29.64,2.86,3623060370.0,3603653922.0,-0.06,0.13,-2.81,-32.11
5231,688065,凯赛生物,40.48,-2.27,-0.94,45463.0,186074422.0,3.19,41.8,40.48,41.42,41.42,1.2,0.78,39.17,1.64,29197810861.0,23615143019.0,-0.02,-0.15,-9.58,-17.97
5232,002839,张家港行,4.31,-2.27,-0.1,395942.0,171794494.33,2.72,4.42,4.3,4.42,4.41,1.1,1.62,5.16,0.55,10535126838.0,10525377170.0,0.23,0.0,0.23,-3.15
5233,920642,通易航天,10.35,-2.27,-0.24,26814.0,27766045.43,3.59,10.62,10.24,10.54,10.59,0.48,2.68,-1255.23,4.83,1072987377.0,1034553687.0,0.19,0.29,-24.56,-38.58
5234,300277,汽轮科技,12.86,-2.28,-0.3,364007.0,465925442.56,4.94,13.26,12.61,13.22,13.16,1.51,4.76,38.33,2.01,19503400859.0,9843664958.0,0.08,0.16,-4.24,-1.3
5235,603605,珀莱雅,61.6,-2.28,-1.44,51667.0,321408615.0,3.2,63.62,61.6,63.04,63.04,0.96,1.3,10.44,3.66,24392127760.0,24392127760.0,-0.19,-0.23,-6.68,-8.46
5236,600325,华发股份,2.57,-2.28,-0.06,813422.0,211056762.0,3.42,2.65,2.56,2.6,2.63,0.73,2.96,-0.97,1.2,7073030938.0,7073030938.0,0.0,0.0,-2.28,-39.1
5237,603261,立航科技,56.4,-2.29,-1.32,18248.0,103502230.0,4.66,58.57,55.88,57.47,57.72,0.58,2.35,-95.74,8.92,4371283241.0,4371283241.0,0.11,0.05,58.96,133.54
5238,300033,同花顺,216.91,-2.29,-5.09,127348.0,2775674642.26,3.32,222.98,215.61,222.01,222.0,0.95,2.9,85.72,21.28,163255142400.0,95095499868.0,-0.02,-0.06,4.56,-4.23
5239,920099,瑞华技术,17.88,-2.3,-0.42,8814.0,15746917.39,3.06,18.26,17.7,18.24,18.3,0.8,1.5,-40.38,1.91,1682150346.0,1053730014.0,0.39,0.79,-25.34,-34.36
5240,600764,中国海防,18.28,-2.3,-0.43,71933.0,132278257.0,2.67,18.76,18.26,18.62,18.71,1.01,1.01,117.35,1.57,12990305176.0,12990305176.0,-0.11,-0.05,-4.99,-32.97
5241,920112,巴兰仕,15.68,-2.31,-0.37,8503.0,13359326.69,4.67,16.16,15.41,16.06,16.05,1.1,2.44,15.4,1.96,1862627200.0,546444158.0,0.06,0.45,-11.46,-41.71
5242,920207,众诚科技,22.64,-2.33,-0.54,25431.0,57668730.81,5.0,23.5,22.34,23.15,23.18,0.69,4.52,148.69,7.17,2087294800.0,1274959556.0,0.0,0.49,-3.25,1.75
5243,600967,内蒙一机,13.34,-2.34,-0.32,1043063.0,1400858517.0,3.81,13.76,13.24,13.66,13.66,1.05,6.13,66.02,1.89,22701940858.0,22701940858.0,-0.07,-0.15,12.29,-20.12
5244,688295,中复神鹰,38.02,-2.34,-0.91,51670.0,196747200.0,2.72,38.83,37.77,38.4,38.93,1.26,0.57,243.85,7.19,34218000000.0,34218000000.0,0.03,0.0,-24.71,15.99
5245,000025,特  力Ａ,15.04,-2.34,-0.36,92331.0,139218141.94,1.62,15.23,14.98,15.17,15.4,0.54,2.35,38.28,3.39,6483117133.0,5907385933.0,0.07,0.0,-0.46,-13.31
5246,601519,大智慧,8.74,-2.35,-0.21,376626.0,332772726.0,2.91,9.0,8.74,8.97,8.95,0.94,1.89,-310.09,13.47,17385258400.0,17385258400.0,-0.23,-0.23,0.23,-32.09
5247,000830,鲁西化工,12.44,-2.35,-0.3,307805.0,385581887.56,2.98,12.79,12.41,12.66,12.74,0.72,1.62,12.15,1.21,23689728497.0,23687977032.0,-0.08,0.08,-1.82,-24.01
5248,002545,东方铁塔,17.43,-2.35,-0.42,188528.0,330979415.54,2.69,17.86,17.38,17.75,17.85,0.86,1.67,11.11,2.09,21684002107.0,19698753430.0,0.0,-0.11,-10.43,-3.97
5249,688023,安恒信息,42.06,-2.35,-1.01,36696.0,154911663.0,4.55,43.69,41.73,42.62,43.07,0.91,3.59,-12.19,2.0,4297486515.0,4297486515.0,0.05,0.24,12.37,-18.19
5250,000420,吉林化纤,3.73,-2.36,-0.09,803733.0,301294079.47,3.14,3.84,3.72,3.83,3.82,1.25,3.27,143.1,2.06,9171578919.0,9168691153.0,-0.27,-0.27,-11.82,-17.66
5251,688648,中邮科技,32.64,-2.36,-0.79,25368.0,82702630.0,4.25,33.62,32.2,33.62,33.43,0.95,3.65,-94.91,2.09,4439040000.0,2269424079.0,-0.06,0.06,-10.45,-46.68
5252,002201,九鼎新材,9.05,-2.37,-0.22,459415.0,416152511.05,3.67,9.3,8.96,9.23,9.27,0.95,7.63,69.46,4.93,5897307981.0,5448311951.0,-0.11,0.0,-17.12,-20.61
5253,600531,豫光金铅,12.77,-2.37,-0.31,320917.0,411572709.0,1.76,12.98,12.75,12.91,13.08,0.66,2.65,14.17,2.18,15442284653.0,15442284653.0,0.0,-0.08,-0.85,10.66
5254,688561,奇安信-U,27.15,-2.37,-0.66,67856.0,185774368.0,3.27,28.0,27.09,27.68,27.81,0.64,0.99,-22.52,2.63,18523161484.0,18523161484.0,0.04,0.11,12.61,-23.69
5255,600903,贵州燃气,6.59,-2.37,-0.16,569292.0,377201905.0,3.56,6.8,6.56,6.76,6.75,0.74,4.89,58.27,2.46,7670662798.0,7670662798.0,0.0,0.15,-24.86,-0.15
5256,688244,永信至诚,14.86,-2.37,-0.36,24155.0,36064464.0,3.48,15.29,14.76,15.18,15.22,1.02,1.6,-20.98,2.44,2243288172.0,2243288172.0,0.0,0.27,-6.13,-39.2
5257,002430,杭氧股份,26.64,-2.38,-0.65,213394.0,572176899.57,4.07,27.6,26.49,27.56,27.29,0.72,2.18,23.14,2.58,26063501769.0,26052261021.0,0.08,0.15,2.3,-9.91
5258,688586,江航装备,11.09,-2.38,-0.27,69227.0,76863227.0,3.35,11.35,10.97,11.31,11.36,1.49,0.87,149.14,3.53,8775951240.0,8775951240.0,-0.18,-0.09,-8.5,-14.76
5259,600760,中航沈飞,47.11,-2.38,-1.15,174839.0,826700974.0,2.63,48.15,46.88,48.15,48.26,0.82,0.62,141.16,5.71,133553525494.0,133300225389.0,0.0,-0.02,5.6,-15.5
5260,300627,华测导航,27.83,-2.39,-0.68,97769.0,273519893.78,3.33,28.72,27.77,28.46,28.51,1.35,1.49,33.16,5.03,22096203523.0,18287979552.0,-0.22,-0.07,-9.94,-19.24
5261,688608,恒玄科技,101.07,-2.39,-2.48,46341.0,469809031.0,3.23,104.0,100.66,103.6,103.55,1.29,1.96,69.97,3.4,23942072770.0,23942072770.0,0.0,-0.01,-2.48,-37.26
5262,002966,苏州银行,8.98,-2.39,-0.22,538583.0,486127326.88,2.61,9.18,8.94,9.13,9.2,1.26,1.23,5.9,0.76,40146544859.0,39473947412.0,-0.33,-0.22,10.86,10.32
5263,605598,上海港湾,25.6,-2.4,-0.63,29793.0,76524384.0,3.01,26.29,25.5,26.19,26.23,1.15,1.24,-101.1,3.85,6166237414.0,6166237414.0,0.04,0.0,-29.98,-63.11
5264,600906,财达证券,6.5,-2.4,-0.16,388055.0,254512018.0,3.0,6.69,6.49,6.67,6.66,1.05,1.83,13.76,1.65,21092500000.0,13807527175.0,-0.15,0.0,-5.93,-1.37
5265,600352,浙江龙盛,12.22,-2.4,-0.3,531697.0,653144486.0,3.43,12.58,12.15,12.42,12.52,0.76,1.63,19.8,1.24,39755715329.0,39755715329.0,0.0,-0.08,10.99,19.69
5266,603727,博迈科,17.73,-2.42,-0.44,32864.0,58266870.0,3.85,18.18,17.48,18.17,18.17,0.89,1.17,-35.45,1.62,4994882781.0,4994882781.0,-0.23,0.17,26.55,28.66
5267,688759,必贝特-U,22.6,-2.42,-0.56,33434.0,76317904.0,3.76,23.32,22.45,23.32,23.16,1.12,4.64,-52.22,6.38,10170828448.0,1627200000.0,-0.09,0.0,-25.39,-22.23
5268,603039,泛微网络,38.64,-2.42,-0.96,158312.0,615516107.0,4.85,40.28,38.36,39.67,39.6,0.77,5.15,51.79,4.43,11887176601.0,11887176601.0,0.03,0.0,-18.84,-13.27
5269,000959,首钢股份,3.63,-2.42,-0.09,273761.0,99937579.83,2.96,3.73,3.62,3.71,3.72,0.86,0.37,25.61,0.56,28150531553.0,27049334877.0,-0.27,-0.27,12.38,-25.31
5270,603366,日出东方,7.64,-2.43,-0.19,275182.0,209980712.0,3.32,7.82,7.56,7.79,7.83,0.65,3.38,84.75,1.44,6211687492.0,6211687492.0,0.26,0.39,10.25,-20.17
5271,688351,微电生理,17.97,-2.44,-0.45,40615.0,73333348.0,3.64,18.58,17.91,18.38,18.42,0.53,0.86,105.48,4.66,8456682000.0,8456682000.0,0.0,0.0,-24.4,-22.31
5272,001872,招商港口,23.19,-2.44,-0.58,42153.0,98067551.48,3.79,23.88,22.98,23.85,23.77,0.96,0.18,10.35,0.88,57561018729.0,53389243707.0,0.04,0.09,18.26,25.15
5273,000997,新 大 陆,21.07,-2.45,-0.53,301378.0,639675123.27,2.78,21.65,21.05,21.37,21.6,0.97,2.99,15.47,2.78,21345973069.0,21226747758.0,0.05,-0.14,19.78,-24.94
5274,301509,金凯生科,28.64,-2.45,-0.72,40132.0,115877432.82,3.03,29.41,28.52,29.3,29.36,1.07,7.07,56.98,1.62,3449592600.0,1625060178.0,-0.14,0.03,6.99,-12.9
5275,600426,华鲁恒升,20.32,-2.45,-0.51,437224.0,891852190.0,3.5,20.93,20.2,20.92,20.83,0.88,1.59,11.87,1.6,55878842065.0,55871445544.0,0.05,0.15,-5.93,-15.26
5276,002595,豪迈科技,41.36,-2.45,-1.04,66222.0,274775636.54,3.75,42.68,41.09,42.4,42.4,0.83,0.57,21.16,3.88,47977600000.0,47651613839.0,0.12,0.07,-14.05,-28.18
5277,600476,*ST湘邮,9.96,-2.45,-0.25,19557.0,19642736.0,3.13,10.28,9.96,10.28,10.21,1.07,1.21,231.48,-3.64,1604257200.0,1604257200.0,-0.3,-0.3,-2.16,-37.79
5278,002266,浙富控股,4.75,-2.46,-0.12,750700.0,358795070.21,2.67,4.87,4.74,4.87,4.87,1.03,1.55,9.14,1.9,24791539160.0,23002279838.0,-0.21,0.0,-0.84,15.85
5279,601939,建设银行,10.71,-2.46,-0.27,1366324.0,1472395287.0,3.46,11.04,10.66,11.0,10.98,1.22,1.42,8.26,0.78,2801740085426.0,102748072960.0,0.0,0.0,2.0,17.95
5280,601963,重庆银行,11.06,-2.47,-0.28,126828.0,141580117.0,2.73,11.37,11.06,11.34,11.34,0.87,0.62,5.7,0.67,40101207649.0,22496777879.0,-0.27,-0.27,-5.06,6.55
5281,920122,中纺标,24.51,-2.47,-0.62,10760.0,26640015.81,4.93,25.55,24.31,25.2,25.13,0.45,2.88,91.65,6.58,2260854067.0,916064632.0,0.16,0.53,18.29,-26.66
5282,301228,实朴检测,58.12,-2.47,-1.47,29771.0,174638360.18,4.43,60.14,57.5,59.81,59.59,0.69,2.49,-6818.62,10.23,7108985287.0,6951262428.0,0.03,0.05,-23.78,50.53
5283,688775,影石创新,106.19,-2.47,-2.69,30235.0,322783633.0,3.61,109.48,105.55,109.44,108.88,0.87,1.17,700.2,8.24,42582190000.0,27541250550.0,0.06,0.08,-32.04,-54.75
5284,920145,恒合股份,10.63,-2.48,-0.27,6043.0,6471142.9,4.86,11.03,10.5,11.02,10.9,0.67,1.24,-40.62,2.97,749946500.0,519086818.0,0.0,-0.09,-9.61,-57.98
5285,603016,新宏泰,32.18,-2.48,-0.82,56576.0,182761653.0,4.27,33.26,31.85,33.18,33.0,0.65,3.82,93.19,5.85,4767788800.0,4767788800.0,0.31,0.34,-9.99,8.06
5286,002683,广东宏大,30.17,-2.49,-0.77,87693.0,266147417.51,3.36,31.17,30.13,30.76,30.94,1.0,1.27,22.03,3.31,22925732351.0,20894570167.0,-0.1,-0.07,-0.23,-36.28
5287,920039,国义招标,8.24,-2.49,-0.21,15179.0,12581013.48,2.72,8.44,8.21,8.38,8.45,0.41,0.99,45.16,2.37,1267476800.0,1267475976.0,-0.12,0.12,5.37,-26.03
5288,603171,税友股份,43.7,-2.5,-1.12,86662.0,380319882.0,5.15,45.44,43.13,44.78,44.82,0.65,2.14,94.45,6.94,17757276500.0,17737393000.0,-0.07,-0.05,-3.36,-20.44
5289,300929,华骐环保,15.94,-2.51,-0.41,38294.0,61390592.35,3.67,16.45,15.85,16.45,16.35,0.57,3.05,-208.48,2.75,2106199319.0,1998243995.0,0.06,-0.06,43.86,48.28
5290,603699,纽威股份,44.47,-2.52,-1.15,52544.0,235446884.0,3.95,46.0,44.2,45.67,45.62,0.98,0.69,23.51,7.48,34476830519.0,33866993975.0,0.0,-0.04,-12.68,-12.7
5291,002546,新联电子,7.73,-2.52,-0.2,212075.0,164976188.4,3.4,7.98,7.71,7.93,7.93,1.77,2.65,7.12,1.55,6447199512.0,6193487578.0,0.0,0.0,16.24,12.52
5292,601336,新华保险,60.68,-2.52,-1.57,258541.0,1582782580.0,3.63,62.81,60.55,62.8,62.25,0.99,1.24,4.15,1.53,189294087688.0,126544459151.0,0.02,0.07,2.15,-10.29
5293,000993,闽东电力,10.46,-2.52,-0.27,160114.0,167351213.93,3.08,10.68,10.35,10.59,10.73,1.09,3.5,81.42,1.9,4790172219.0,4790172219.0,0.1,0.1,-10.14,-11.36
5294,003041,真爱美家,38.5,-2.53,-1.0,17760.0,68673137.0,2.3,39.31,38.4,39.25,39.5,0.95,1.3,157.46,3.73,5544000000.0,5267442488.0,0.05,0.18,-14.82,-29.14
5295,600999,招商证券,18.07,-2.54,-0.47,727622.0,1324180959.0,3.07,18.64,18.07,18.56,18.54,1.17,0.98,7.4,1.26,157146239384.0,134115635265.0,-0.06,-0.11,4.81,11.61
5296,000779,甘咨询,10.33,-2.55,-0.27,628599.0,658022797.53,4.53,10.73,10.25,10.47,10.6,0.75,13.52,23.01,1.2,4801688239.0,4801174218.0,0.0,0.68,35.03,26.44
5297,603023,威帝股份,4.2,-2.55,-0.11,150097.0,63345704.0,3.02,4.3,4.17,4.27,4.31,1.73,2.69,-152.92,3.06,2344093109.0,2344093109.0,0.0,0.24,5.26,-16.5
5298,600885,宏发股份,34.81,-2.55,-0.91,181046.0,641760379.0,3.61,36.04,34.75,35.72,35.72,1.01,1.17,23.3,4.08,53871758036.0,53871758036.0,-0.06,-0.06,10.4,15.84
5299,002298,中电鑫龙,8.4,-2.55,-0.22,350955.0,294422056.19,2.9,8.55,8.3,8.54,8.62,0.84,5.27,71.19,3.33,6216931568.0,5588730101.0,0.12,0.12,4.48,-19.54
5300,688543,国科军工,41.79,-2.56,-1.1,89839.0,376968606.0,3.38,43.0,41.55,43.0,42.89,0.74,3.58,88.67,4.53,10473009995.0,10473009995.0,0.1,0.14,0.6,-18.01
5301,300696,爱乐达,21.27,-2.57,-0.56,65649.0,140207884.69,3.62,21.85,21.06,21.75,21.83,0.99,2.4,-238.98,3.31,6258675868.0,5825478691.0,0.05,-0.05,-34.49,-33.2
5302,002498,汉缆股份,6.44,-2.57,-0.17,749180.0,483799807.55,2.72,6.58,6.4,6.57,6.61,0.75,2.25,34.11,2.43,21424566240.0,21424566240.0,0.16,0.0,-10.93,69.92
5303,600971,恒源煤电,8.71,-2.57,-0.23,169814.0,149023110.0,3.02,8.95,8.68,8.81,8.94,0.58,1.42,32.41,0.89,10452042540.0,10452042540.0,-0.11,-0.11,9.7,45.41
5304,688209,英集芯,33.61,-2.58,-0.89,384600.0,1309823049.0,9.51,36.05,32.77,34.8,34.5,1.16,8.87,70.19,6.29,14579481887.0,14579481887.0,0.09,0.45,58.69,69.06
5305,002986,宇新股份,13.17,-2.59,-0.35,63310.0,84110263.86,4.29,13.66,13.08,13.64,13.52,1.03,2.1,22.98,1.26,5006198733.0,3975199111.0,-0.3,0.0,13.93,22.4
5306,601606,长城军工,33.91,-2.59,-0.9,424653.0,1447956845.0,3.25,34.94,33.81,34.82,34.81,0.8,5.86,-127.31,11.48,24558585044.0,24558585044.0,-0.09,0.03,5.94,-29.53
5307,603093,南华期货,13.14,-2.59,-0.35,169064.0,224841083.0,4.97,13.78,13.11,13.42,13.49,0.62,1.92,17.56,2.34,13641219256.0,11589992329.0,0.08,0.15,-0.3,-2.16
5308,688013,天臣医疗,23.95,-2.6,-0.64,16636.0,40328513.0,3.33,24.75,23.93,24.71,24.59,1.49,2.05,70.73,3.93,1943676620.0,1943676620.0,-0.13,-0.17,-10.57,-49.36
5309,301688,C格林,40.12,-2.6,-1.07,73759.0,297667093.26,4.1,41.5,39.81,40.9,41.19,0.48,28.39,27.15,3.3,5349333360.0,1042516314.0,0.05,0.05,52.37,52.37
5310,000711,京蓝科技,5.61,-2.6,-0.15,1454216.0,802024993.2,6.6,5.73,5.35,5.7,5.76,0.97,6.17,111.65,22.69,16569119421.0,13222853365.0,0.0,-0.18,2.0,228.07
5311,600395,盘江股份,5.22,-2.61,-0.14,372332.0,194147053.0,3.36,5.33,5.15,5.32,5.36,0.55,1.73,88.36,1.06,11205381947.0,11205381947.0,0.0,0.0,-5.09,13.48
5312,002539,云图控股,13.05,-2.61,-0.35,155941.0,205258974.0,4.85,13.65,13.0,13.35,13.4,0.87,1.75,11.13,1.6,15760795094.0,11611806806.0,0.0,0.08,9.39,12.31
5313,601001,晋控煤业,16.38,-2.62,-0.44,190747.0,313207172.0,4.04,16.88,16.2,16.67,16.82,0.65,1.14,18.95,1.43,27415206000.0,27415206000.0,0.12,0.06,-19.15,30.0
5314,000426,兴业银锡,37.43,-2.63,-1.01,403601.0,1519687246.28,2.89,38.3,37.19,38.0,38.44,0.67,2.27,14.68,5.86,66462045711.0,66444817618.0,0.0,-0.03,1.96,5.47
5315,300654,世纪天鸿,9.95,-2.64,-0.27,128395.0,128423355.2,3.72,10.3,9.92,10.1,10.22,1.09,3.64,-11779.99,4.37,3642942277.0,3508850426.0,0.0,-0.1,4.85,0.91
5316,688169,石头科技,128.5,-2.65,-3.5,67461.0,864510635.0,3.85,130.68,125.6,130.0,132.0,0.96,2.6,16.91,2.29,33354459216.0,33354459216.0,0.0,0.12,26.64,-15.2
5317,600893,航发动力,38.98,-2.65,-1.06,352255.0,1375862005.0,3.52,40.11,38.7,40.1,40.04,1.05,1.32,355.3,2.59,103904863397.0,103886563067.0,-0.03,-0.1,0.59,-2.45
5318,600988,赤峰黄金,44.48,-2.65,-1.21,412459.0,1851247125.0,2.95,45.6,44.25,44.5,45.69,0.68,2.48,24.4,5.9,84530289197.0,74010778093.0,0.23,0.02,46.46,43.86
5319,000423,东阿阿胶,47.26,-2.66,-1.29,73510.0,349758817.9,3.58,48.89,47.15,48.4,48.55,1.61,1.15,17.57,3.25,30238215702.0,30184975847.0,-0.04,-0.02,-3.83,2.05
5320,600428,中远海特,11.35,-2.66,-0.31,304770.0,349327933.0,3.69,11.75,11.32,11.65,11.66,0.57,1.25,11.36,1.83,31143496483.0,27753991367.0,0.0,0.0,47.98,67.4
5321,920152,昆工科技,13.19,-2.66,-0.36,12389.0,16434932.22,5.83,13.82,13.03,13.66,13.55,0.86,1.51,-13.43,9.8,1452267803.0,1082924496.0,0.0,0.08,-35.18,-40.59
5322,601872,招商轮船,18.69,-2.66,-0.51,1238189.0,2367461871.0,7.92,20.05,18.53,19.7,19.2,1.19,1.53,10.84,3.22,150913124602.0,150913124602.0,0.54,0.65,21.76,114.09
5323,688553,汇宇制药-W,11.66,-2.67,-0.32,110842.0,129464776.0,3.67,11.99,11.55,11.97,11.98,1.22,2.18,63.3,1.96,7298004016.0,5916419862.0,-0.09,0.0,6.58,-2.1
5324,601123,C马矿,17.07,-2.68,-0.47,277230.0,473606158.0,3.31,17.47,16.89,17.21,17.54,0.49,28.93,25.16,4.27,21074811665.0,1635788364.0,0.35,0.41,156.69,156.69
5325,603129,春风动力,288.6,-2.68,-7.94,11120.0,324691112.0,3.13,297.49,288.2,294.0,296.54,1.15,0.72,20.8,5.53,44295125402.0,44295125402.0,0.0,0.08,28.17,5.14
5326,300872,天阳科技,15.61,-2.68,-0.43,139406.0,218904384.9,3.62,16.13,15.55,16.1,16.04,1.16,3.3,63.48,2.13,7619570106.0,6587836678.0,0.13,0.13,-11.61,-24.08
5327,000948,南天信息,14.1,-2.69,-0.39,87537.0,123952654.67,3.17,14.51,14.05,14.44,14.49,0.79,2.25,209.5,2.01,5497431713.0,5486219210.0,0.0,0.0,12.35,-21.32
5328,603778,国晟科技,10.5,-2.69,-0.29,722966.0,763711545.0,4.63,10.93,10.43,10.77,10.79,0.78,11.25,-40.13,29.66,6930442260.0,6749999991.0,0.0,-0.1,-42.43,-40.34
5329,300866,安克创新,132.24,-2.7,-3.67,49768.0,662232582.62,3.71,136.54,131.5,135.5,135.91,0.8,1.61,22.84,6.68,77764314120.0,40899857921.0,0.0,0.16,14.94,17.35
5330,601020,华钰矿业,22.0,-2.7,-0.61,207974.0,460307204.0,2.74,22.55,21.93,22.55,22.61,0.67,2.54,73.76,4.09,18039223356.0,18039223356.0,-0.05,0.09,2.33,-17.85
5331,300531,优博讯,16.6,-2.7,-0.46,129463.0,215648521.0,3.11,17.06,16.53,16.97,17.06,1.14,4.15,28.1,3.58,5329910819.0,5172698411.0,0.24,0.3,11.48,-7.57
5332,920038,森合高科,34.54,-2.7,-0.96,22371.0,77597228.81,3.38,35.5,34.3,35.31,35.5,0.87,6.55,14.18,2.52,3609609643.0,1180096438.0,0.26,0.17,18.86,18.86
5333,002493,荣盛石化,13.99,-2.71,-0.39,412039.0,582572027.65,4.73,14.65,13.97,14.38,14.38,0.78,0.44,13.67,2.93,139752297133.0,130977157071.0,0.0,0.0,23.37,20.5
5334,688428,诺诚健华,30.85,-2.71,-0.86,95449.0,296343061.0,4.29,32.0,30.64,31.8,31.71,0.75,3.5,110.77,7.1,54576951012.0,8416582362.0,0.1,0.33,31.56,50.34
5335,300368,汇金股份,9.67,-2.72,-0.27,585613.0,571428063.0,4.83,10.04,9.56,9.92,9.94,0.75,11.07,-111.05,148.43,5114883403.0,5114883403.0,-0.1,0.0,10.77,-36.21
5336,600629,华建集团,17.87,-2.72,-0.5,604969.0,1091111504.0,7.02,18.79,17.5,18.43,18.37,1.75,5.26,868.16,3.91,20547013170.0,20547013170.0,-0.11,-0.11,34.97,-1.05
5337,601108,财通证券,8.51,-2.74,-0.24,737216.0,632478373.0,3.31,8.79,8.5,8.77,8.75,1.12,1.59,10.4,1.01,39518474105.0,39518474105.0,0.0,0.0,11.39,-1.85
5338,920263,中航泰达,7.1,-2.74,-0.2,11660.0,8359365.26,3.15,7.31,7.08,7.31,7.3,0.92,1.14,-14.79,1.95,1002824562.0,727782994.0,0.0,-0.7,-9.55,-43.06
5339,601077,渝农商行,6.73,-2.75,-0.19,781968.0,528486963.0,3.76,6.94,6.68,6.91,6.92,1.15,0.88,4.68,0.55,76432610000.0,59481371413.0,-0.15,-0.15,-2.18,9.61
5340,003010,若羽臣,30.73,-2.75,-0.87,79516.0,245330111.21,4.02,31.79,30.52,31.64,31.6,0.76,3.52,28.54,12.02,9558857697.0,6949349222.0,0.0,-0.03,23.71,-11.36
5341,600506,统一股份,17.95,-2.76,-0.51,393302.0,715277252.0,7.75,19.18,17.75,19.0,18.46,1.82,15.76,32.3,8.85,4480761821.0,4480761821.0,-0.39,-0.44,9.85,-10.83
5342,600660,福耀玻璃,55.75,-2.76,-1.58,132297.0,741341694.0,3.77,57.67,55.51,57.2,57.33,1.42,0.66,18.32,3.81,145493201909.0,111666488009.0,-0.05,-0.07,6.49,-12.3
5343,000059,华锦股份,5.59,-2.78,-0.16,529116.0,297207674.59,3.3,5.76,5.57,5.75,5.75,0.41,3.31,12.24,0.89,8940883782.0,8940718597.0,0.0,0.36,30.61,4.49
5344,920706,铁拓机械,15.36,-2.78,-0.44,28333.0,43571755.66,3.54,15.76,15.2,15.27,15.8,1.14,5.94,50.0,2.31,1453136563.0,732239923.0,0.26,0.72,-15.14,-38.19
5345,603318,水发燃气,9.08,-2.78,-0.26,438213.0,397699274.0,3.64,9.34,9.0,9.3,9.34,0.59,9.55,62.44,2.63,5036432819.0,4168363990.0,0.0,0.0,-0.87,35.52
5346,000949,新乡化纤,7.57,-2.82,-0.22,539654.0,410959864.98,2.57,7.75,7.55,7.69,7.79,0.77,3.26,18.2,1.79,12542732410.0,12539716718.0,0.0,-0.13,14.52,38.14
5347,920415,恒拓开源,9.65,-2.82,-0.28,24040.0,23473819.49,4.73,10.09,9.62,9.92,9.93,0.53,2.24,107.0,2.43,1355935850.0,1034239271.0,0.1,-0.41,-7.12,-31.37
5348,600686,金龙汽车,11.04,-2.82,-0.32,217229.0,242347134.0,5.11,11.6,11.02,11.21,11.36,1.31,3.03,14.33,2.19,7916203484.0,7916203484.0,0.0,0.0,-13.55,-37.06
5349,920943,优机股份,15.41,-2.84,-0.45,18789.0,29173457.53,4.73,16.08,15.33,15.92,15.86,0.69,3.63,197.61,2.44,1564444435.0,798358707.0,0.06,0.13,3.42,-41.3
5350,301026,浩通科技,20.17,-2.84,-0.59,48942.0,99230192.2,2.5,20.65,20.13,20.55,20.76,0.8,3.06,15.32,2.58,4469340829.0,3227861576.0,0.05,0.1,-8.82,1.05
5351,603766,隆鑫通用,14.35,-2.84,-0.42,137652.0,199772836.0,4.06,14.95,14.35,14.77,14.77,1.22,0.67,14.86,3.22,29468325548.0,29468325548.0,-0.14,-0.14,13.35,-6.88
5352,688085,三友医疗,13.31,-2.85,-0.39,31514.0,42296271.0,4.38,13.84,13.24,13.7,13.7,1.4,0.9,87.96,2.28,4882224436.0,4666693277.0,0.0,-0.52,6.91,-18.64
5353,920165,珈凯生物,36.4,-2.86,-1.07,12053.0,44096993.07,2.94,37.35,36.25,37.3,37.47,0.65,12.55,23.38,2.95,1757186304.0,349623492.0,-0.25,-0.25,88.99,88.99
5354,920008,成电光信,21.37,-2.86,-0.63,13214.0,28418404.86,5.18,22.28,21.14,22.28,22.0,0.58,3.88,-295.15,4.28,1362337500.0,728047969.0,0.52,0.75,-6.35,-28.72
5355,600830,香溢融通,9.51,-2.86,-0.28,625026.0,590154043.0,5.92,9.83,9.25,9.7,9.79,1.18,13.76,40.65,1.89,4320609324.0,4320609324.0,0.0,0.11,14.3,-0.42
5356,603519,立霸股份,15.15,-2.88,-0.45,61122.0,93406506.0,3.08,15.58,15.1,15.55,15.6,0.7,2.29,20.45,3.8,4034866761.0,4034866761.0,0.0,-0.07,19.76,37.23
5357,605098,XD行动教,54.37,-2.88,-1.61,17098.0,93275636.0,4.23,56.0,53.63,56.0,55.98,1.65,1.43,18.88,7.2,6483682307.0,6483682307.0,0.0,-0.64,-0.86,37.44
5358,688772,珠海冠宇,15.15,-2.88,-0.45,253751.0,390640613.0,3.85,15.69,15.09,15.52,15.6,1.16,2.23,-42.43,2.54,17244936304.0,17244936304.0,-0.26,0.13,-19.63,-28.64
5359,300628,亿联网络,40.87,-2.88,-1.21,104770.0,430075517.05,3.8,42.24,40.64,42.1,42.08,1.04,1.44,16.99,5.62,51778954068.0,29666335427.0,0.07,0.02,19.85,18.98
5360,002438,江苏神通,14.11,-2.89,-0.42,135218.0,191793239.36,4.96,14.75,14.03,14.58,14.53,1.76,2.88,23.79,1.9,7161353575.0,6615906211.0,-0.14,-0.07,-6.06,-10.13
5361,601601,中国太保,33.22,-2.89,-0.99,485413.0,1626648498.0,4.0,34.47,33.1,34.4,34.21,0.87,0.71,5.19,1.0,319587743135.0,227392277135.0,-0.09,-0.09,4.76,-18.5
5362,300589,江龙船艇,14.11,-2.89,-0.42,329169.0,467084970.38,3.1,14.5,14.05,14.45,14.53,1.16,14.79,-170.25,7.88,5328895424.0,3140007779.0,0.07,0.0,8.71,-21.83
5363,000937,冀中能源,4.71,-2.89,-0.14,390739.0,185122935.36,4.74,4.89,4.66,4.86,4.85,0.76,1.03,34.68,0.96,18307306230.0,17788414719.0,0.0,0.0,-5.42,-1.88
5364,600026,中远海能,19.75,-2.9,-0.59,684962.0,1374276472.0,6.74,21.05,19.68,20.97,20.34,0.89,1.79,11.89,2.25,108056480016.0,75602841131.0,-0.05,-0.1,15.36,74.78
5365,688319,欧林生物,27.4,-2.94,-0.83,88258.0,241995054.0,6.27,28.47,26.7,28.18,28.23,1.55,2.18,-168.96,12.78,11108214820.0,11108214820.0,0.0,-0.04,-22.2,8.04
5366,600059,古越龙山,8.92,-2.94,-0.27,638328.0,581817160.0,6.09,9.46,8.9,9.37,9.19,2.64,7.0,44.4,1.39,8130958324.0,8130958324.0,0.0,0.11,13.34,-2.73
5367,688231,隆达股份,33.0,-2.94,-1.0,41708.0,138620863.0,2.94,33.92,32.92,33.92,34.0,0.62,1.31,49.14,3.7,10546116537.0,10546116537.0,-0.15,-0.15,1.01,64.75
5368,603308,应流股份,42.53,-2.94,-1.29,249610.0,1069692519.0,6.66,45.0,42.08,44.7,43.82,0.88,3.43,70.01,4.63,30980294660.0,30980294660.0,0.02,0.05,-29.1,2.26
5369,600151,航天机电,9.55,-2.95,-0.29,241327.0,232075879.0,3.15,9.83,9.52,9.77,9.84,1.45,1.68,-509.95,3.1,13697109341.0,13697109341.0,-0.1,-0.1,-18.1,-45.58
5370,300941,创识科技,15.78,-2.95,-0.48,79211.0,125717191.99,4.12,16.38,15.71,16.36,16.26,1.15,6.25,-528.7,2.54,3230955000.0,2000399229.0,0.25,-0.06,4.71,-32.97
5371,300491,通合科技,32.29,-2.95,-0.98,191427.0,637512035.24,10.19,35.08,31.69,33.67,33.27,1.53,12.15,2667.02,4.74,5736859325.0,5088909392.0,0.03,0.03,12.47,28.9
5372,688081,兴图新科,26.6,-2.96,-0.81,17096.0,46008656.0,4.78,27.91,26.6,27.39,27.41,0.86,1.66,-43.33,7.52,2740864000.0,2740864000.0,-0.23,-0.37,-44.28,-26.27
5373,301500,飞南资源,24.18,-2.97,-0.74,123973.0,302628345.74,2.49,24.76,24.14,24.58,24.92,0.57,8.61,10.46,2.51,13566981306.0,3483145152.0,0.0,0.08,-14.1,54.6
5374,600490,鹏欣资源,7.49,-2.98,-0.23,401973.0,303631050.0,2.33,7.64,7.46,7.61,7.72,0.61,2.02,36.89,2.61,16574524222.0,14924734181.0,-0.13,-0.13,5.94,-2.73
5375,300348,长亮科技,10.11,-2.98,-0.31,267593.0,272291403.16,4.03,10.49,10.07,10.41,10.42,1.2,3.66,-91.97,3.89,8213104325.0,7384871469.0,-0.1,0.0,7.44,-34.65
5376,601000,唐山港,4.55,-2.99,-0.14,503858.0,231412284.0,3.62,4.71,4.54,4.68,4.69,1.04,0.85,13.37,1.26,26962975194.0,26962975194.0,-0.22,-0.22,7.57,25.0
5377,000617,中油资本,7.12,-3.0,-0.22,1316108.0,944482810.09,3.27,7.34,7.1,7.3,7.34,1.07,1.04,13.39,0.84,90011603042.0,90011603042.0,0.14,0.0,-1.11,-25.05
5378,600318,新力金融,7.12,-3.0,-0.22,415513.0,299439934.0,4.63,7.45,7.11,7.39,7.34,1.08,8.1,59.55,3.29,3650620740.0,3650620740.0,-0.14,-0.14,12.13,-20.54
5379,002155,湖南黄金,25.97,-3.02,-0.81,508283.0,1327461178.23,1.98,26.45,25.92,26.21,26.78,0.55,3.25,21.2,4.72,40582054677.0,40578096874.0,-0.04,-0.04,7.18,24.92
5380,000669,ST金鸿,4.18,-3.02,-0.13,63174.0,26710514.0,3.25,4.31,4.17,4.31,4.31,1.4,0.93,112.2,38.46,2844108771.0,2844108771.0,-0.24,-0.24,2.96,41.69
5381,300542,新晨科技,13.17,-3.02,-0.41,125790.0,165877028.0,4.05,13.55,13.0,13.52,13.58,0.81,4.99,-205.01,7.27,3932033870.0,3318201742.0,0.08,0.15,8.22,-35.72
5382,002265,建设工业,20.8,-3.03,-0.65,255724.0,536123562.34,3.92,21.6,20.76,21.45,21.45,0.95,2.48,159.37,5.46,21487240466.0,21487240466.0,-0.14,-0.24,5.05,-22.21
5383,002537,海联金汇,6.4,-3.03,-0.2,809441.0,520909028.17,3.48,6.6,6.37,6.56,6.6,1.61,6.92,28.75,1.68,7513707168.0,7491277408.0,0.0,0.0,7.38,-29.36
5384,300049,福瑞医科,41.02,-3.03,-1.28,54730.0,226390588.65,3.05,42.29,41.0,42.2,42.3,0.97,2.34,84.68,5.51,10828914922.0,9581870701.0,0.0,0.0,-3.48,-41.62
5385,601699,潞安环能,16.0,-3.03,-0.5,324820.0,523386449.0,4.55,16.6,15.85,16.47,16.5,0.78,1.09,13.46,1.02,47862547200.0,47862547200.0,-0.06,-0.12,-10.46,37.81
5386,920392,佳合科技,14.73,-3.03,-0.46,24330.0,35612132.3,6.52,15.31,14.32,15.28,15.19,1.73,6.75,80.19,3.35,1129329951.0,530867727.0,0.27,-0.27,-18.17,-57.9
5387,000595,新能股份,5.43,-3.04,-0.17,229866.0,126205403.0,2.86,5.59,5.43,5.56,5.6,0.76,2.02,107.19,12.06,6182904067.0,6182904067.0,0.0,-0.18,-14.49,-2.86
5388,300147,*ST香雪,6.36,-3.05,-0.2,116813.0,74642233.0,3.81,6.57,6.32,6.56,6.56,1.08,1.78,-7.82,-6.69,4205734726.0,4182489798.0,0.0,0.0,-32.91,-30.11
5389,600382,广东明珠,6.36,-3.05,-0.2,116860.0,74674908.0,3.05,6.53,6.33,6.49,6.56,1.01,1.8,20.07,1.35,4123296890.0,4123296890.0,0.16,0.32,-21.96,-5.64
5390,601702,华峰铝业,15.27,-3.05,-0.48,84778.0,130688424.0,3.17,15.73,15.23,15.73,15.75,1.07,0.85,13.68,2.28,15247562262.0,15247562262.0,0.0,0.13,-12.24,-24.29
5391,002237,恒邦股份,14.5,-3.07,-0.46,241968.0,354507550.58,2.61,14.89,14.5,14.88,14.96,0.71,2.03,15.42,1.51,20734570916.0,17289162116.0,-0.07,-0.07,11.45,9.1
5392,300588,熙菱信息,24.56,-3.08,-0.78,70898.0,175599821.0,10.77,25.41,22.68,25.17,25.34,0.8,4.01,-65.46,19.57,4702528497.0,4342749057.0,0.16,0.12,33.41,-9.04
5393,001301,尚太科技,54.01,-3.1,-1.73,58105.0,315293628.87,3.73,55.73,53.65,55.31,55.74,1.14,2.23,24.63,2.74,19692964278.0,14049350872.0,0.17,0.2,-14.81,-11.17
5394,300561,汇金科技,16.22,-3.11,-0.52,211147.0,345854723.7,4.66,16.93,16.15,16.6,16.74,0.86,8.76,-555.81,9.09,5321911355.0,3909953850.0,0.0,0.0,23.25,10.49
5395,302132,中航成飞,61.33,-3.11,-1.97,101954.0,627965639.88,3.32,63.1,61.0,63.1,63.3,0.72,1.74,115.56,7.84,163879364090.0,35943642374.0,-0.02,-0.02,-3.3,-21.98
5396,300386,飞天诚信,12.16,-3.11,-0.39,183069.0,222869420.63,3.19,12.41,12.01,12.41,12.55,0.84,7.12,-41.89,3.63,5083415040.0,3127645060.0,0.08,0.25,20.16,-32.63
5397,300130,新国都,19.59,-3.12,-0.63,165334.0,325451316.2,3.51,20.22,19.51,20.21,20.22,0.99,3.8,20.51,2.54,11113513452.0,8512720271.0,0.0,0.0,-4.06,-27.92
5398,300562,乐心医疗,17.25,-3.14,-0.56,335897.0,588670703.1,17.29,19.54,16.46,19.08,17.81,1.86,20.08,31.45,3.36,3776442243.0,2885559007.0,0.06,0.06,47.81,30.68
5399,600234,科新发展,21.49,-3.15,-0.7,67270.0,143807473.0,11.63,22.98,20.4,22.19,22.19,1.94,2.56,8027.95,12.48,5641575710.0,5641575710.0,-0.05,-0.05,-11.89,67.24
5400,002380,科远智慧,28.25,-3.15,-0.92,59534.0,169036128.6,4.11,29.32,28.12,29.13,29.17,1.15,4.19,20.92,2.74,6779764084.0,4017262718.0,0.04,0.14,-23.73,4.63
5401,603378,*ST亚士,7.06,-3.16,-0.23,183875.0,130885423.0,7.82,7.45,6.88,7.14,7.29,1.86,4.29,-6.77,-10.35,3025892293.0,3025892293.0,-0.14,-0.42,33.46,3.67
5402,300214,日科化学,11.28,-3.18,-0.37,296974.0,333872222.33,3.43,11.42,11.02,11.3,11.65,0.71,6.39,86.61,2.16,5244101486.0,5244101486.0,0.0,0.0,57.32,68.86
5403,300674,宇信科技,17.61,-3.19,-0.58,317488.0,562676582.71,4.23,18.29,17.52,18.22,18.19,1.06,4.51,20.04,2.64,12398444827.0,12383731407.0,-0.11,-0.28,9.65,-26.5
5404,601088,中国神华,46.09,-3.19,-1.52,475177.0,2189300176.0,5.34,47.76,45.22,47.5,47.61,1.6,0.29,17.41,2.22,999666027071.0,760071939346.0,0.04,0.0,2.17,16.77
5405,002345,潮宏基,9.36,-3.21,-0.31,270182.0,254479787.0,3.31,9.65,9.33,9.53,9.67,1.11,3.12,9.85,2.14,8316478938.0,8117162960.0,0.0,0.11,-4.1,-22.96
5406,688318,财富趋势,86.0,-3.23,-2.87,93801.0,814393447.0,6.08,90.5,85.1,88.77,88.87,0.87,2.62,167.37,8.05,30836784360.0,30836784360.0,0.09,0.08,20.48,-8.74
5407,601318,中国平安,56.36,-3.23,-1.88,1117289.0,6354283611.0,3.9,58.45,56.18,58.24,58.24,1.36,1.05,5.51,1.01,1020546702838.0,600801268078.0,-0.04,0.05,4.35,-15.44
5408,001208,华菱线缆,14.37,-3.23,-0.48,156187.0,225349788.0,3.37,14.8,14.3,14.8,14.85,1.01,4.9,79.99,3.13,9173095708.0,4580202651.0,0.0,0.07,-11.51,-40.08
5409,600236,桂冠电力,9.56,-3.24,-0.32,181702.0,174743196.0,3.85,9.87,9.49,9.87,9.88,1.14,0.23,21.42,4.17,75355531787.0,75355531787.0,-0.1,-0.1,-1.04,25.96
5410,300305,裕兴股份,6.26,-3.25,-0.21,133439.0,83836435.0,3.4,6.43,6.21,6.43,6.47,1.33,4.15,-13.5,1.24,2350006329.0,2012439115.0,-0.79,-0.32,-12.69,5.21
5411,920036,觅睿科技,32.45,-3.25,-1.09,15197.0,49821519.41,5.96,34.01,32.01,33.2,33.54,0.79,11.64,42.28,2.94,1765988286.0,423838439.0,0.03,0.43,-19.76,52.2
5412,688506,百利天恒,253.0,-3.25,-8.5,13586.0,344467961.0,4.76,263.57,251.13,260.15,261.5,0.95,0.33,-31.9,22.66,104457075701.0,104457075701.0,0.28,0.3,9.05,-21.7
5413,920857,泓禧科技,20.7,-3.27,-0.7,6093.0,12837050.56,3.27,21.4,20.7,21.31,21.4,0.39,0.82,-21.2,4.8,1531948046.0,1531948046.0,-0.86,-0.86,28.65,-41.51
5414,603058,永吉股份,9.77,-3.27,-0.33,190068.0,187896894.0,4.16,10.16,9.74,10.01,10.1,0.6,4.58,24.73,3.6,4051556140.0,4051263040.0,0.21,0.0,-2.1,4.27
5415,000683,博源化工,6.16,-3.3,-0.21,1045813.0,649634409.12,3.14,6.34,6.14,6.3,6.37,1.03,3.13,13.73,1.86,22895682410.0,20565565162.0,-0.16,0.0,-8.06,-13.73
5416,603737,三棵树,23.77,-3.3,-0.81,101579.0,243342527.0,5.09,24.85,23.6,24.49,24.58,0.98,1.15,34.95,6.69,21045505609.0,21045505609.0,0.04,0.08,-11.96,-38.26
5417,600409,三友化工,6.93,-3.35,-0.24,297698.0,207777687.0,4.32,7.15,6.84,7.15,7.17,1.0,1.44,42.61,1.02,14305941675.0,14305941675.0,-0.14,-0.14,12.87,12.5
5418,002318,久立特材,19.11,-3.39,-0.67,181239.0,348529940.68,5.46,19.88,18.8,19.67,19.78,1.94,1.9,23.78,2.33,18673732459.0,18231419642.0,-0.05,-0.16,-17.24,-31.63
5419,688617,惠泰医疗,242.87,-3.4,-8.54,12825.0,314105345.0,3.93,251.88,242.0,250.86,251.41,0.86,0.91,31.99,11.13,34373187575.0,34373187575.0,-0.28,-0.21,18.47,0.24
5420,603818,曲美家居,3.68,-3.41,-0.13,360597.0,133257249.0,7.87,3.85,3.55,3.8,3.81,1.43,5.25,-17.22,1.32,2526481386.0,2526481386.0,0.0,0.0,22.26,1.94
5421,688281,华秦科技,49.73,-3.44,-1.77,35865.0,179005366.0,5.32,51.8,49.06,51.3,51.5,1.07,0.94,55.42,3.95,18976915535.0,18976915535.0,0.0,-0.02,-5.08,-5.22
5422,920790,联迪信息,26.39,-3.44,-0.94,42615.0,113579780.75,5.85,27.8,26.2,27.15,27.33,0.6,7.84,-158.96,7.02,2083939658.0,1434427342.0,0.04,-0.42,48.26,-19.79
5423,002940,昂利康,25.95,-3.46,-0.93,221885.0,579544345.29,4.91,27.17,25.85,26.66,26.88,1.5,12.02,47.65,3.16,5234846427.0,4792169762.0,0.0,-0.04,-6.18,-22.24
5424,920184,国源科技,12.54,-3.46,-0.45,46648.0,58787504.47,6.85,13.2,12.31,12.91,12.99,0.83,5.22,108.59,2.65,1651861822.0,1120672864.0,0.24,0.0,7.0,-28.01
5425,603162,海通发展,14.13,-3.48,-0.51,1089491.0,1550127475.0,11.89,15.47,13.73,15.13,14.64,2.01,25.79,18.56,3.99,19428490361.0,5969023139.0,0.14,0.14,44.18,75.09
5426,920006,晟楠科技,19.69,-3.48,-0.71,59348.0,117276438.15,5.54,20.49,19.36,20.14,20.4,0.81,12.42,1594.73,5.74,1777754968.0,941125135.0,0.46,0.92,4.24,-26.45
5427,688036,传音控股,54.8,-3.49,-1.98,121419.0,669453761.0,4.05,56.98,54.68,56.52,56.78,1.13,1.05,17.79,3.12,63084913066.0,63084913066.0,-0.07,-0.04,3.65,-14.99
5428,603790,雅运股份,23.19,-3.5,-0.84,32643.0,77110718.0,4.66,24.22,23.1,23.98,24.03,1.14,1.71,35.12,3.4,4437638400.0,4437638400.0,0.04,0.04,-7.68,19.78
5429,605088,冠盛股份,21.97,-3.51,-0.8,178070.0,395369357.0,5.8,23.19,21.87,22.57,22.77,1.94,8.85,17.72,1.54,4453891384.0,4420229829.0,-0.09,-0.23,-34.42,-37.25
5430,002987,京北方,11.83,-3.51,-0.43,202535.0,241030798.54,2.85,12.17,11.82,12.09,12.26,0.97,2.0,62.28,4.25,12308607327.0,11994736689.0,-0.17,-0.08,3.05,-33.43
5431,600678,ST金顶,6.04,-3.51,-0.22,151954.0,93309710.0,6.07,6.36,5.98,6.27,6.26,1.39,4.35,85.47,7.85,2107899600.0,2107899600.0,-0.17,-0.33,0.67,-55.88
5432,600121,郑州煤电,4.94,-3.52,-0.18,2313675.0,1127843578.0,5.86,5.0,4.7,4.81,5.12,0.97,18.99,-8.88,10.01,6018955468.0,6018955468.0,-0.4,-0.2,9.53,18.47
5433,601101,昊华能源,13.37,-3.54,-0.49,350904.0,469210470.0,4.98,13.79,13.1,13.67,13.86,0.8,2.44,12.93,1.55,19252772271.0,19252772271.0,0.0,0.0,6.53,93.49
5434,300803,指南针,84.95,-3.56,-3.14,249033.0,2136350195.94,4.64,88.65,84.56,88.11,88.09,1.08,4.07,209.16,16.38,52371720024.0,51976138031.0,0.07,-0.04,-1.45,-35.05
5435,002514,*ST宝馨,2.44,-3.56,-0.09,634149.0,158805177.7,11.86,2.63,2.33,2.35,2.53,1.05,11.45,-21.49,-21.48,1756883604.0,1351833266.0,-1.21,-2.01,-22.29,-58.5
5436,300139,晓程科技,50.1,-3.58,-1.86,283319.0,1430531307.86,3.33,51.41,49.68,49.73,51.96,0.64,12.13,123.21,11.64,13727400000.0,11706327173.0,0.0,0.04,18.86,65.57
5437,002128,电投能源,28.2,-3.59,-1.05,157755.0,448595986.6,4.14,29.22,28.01,29.08,29.25,1.08,0.7,8.33,1.67,88166653318.0,63212372503.0,0.04,0.18,1.62,5.98
5438,300300,海峡创新,8.8,-3.61,-0.33,1329138.0,1193047078.83,7.01,9.39,8.75,9.04,9.13,1.99,19.93,-93.55,23.62,5868254146.0,5867924480.0,0.11,0.34,-0.23,-41.45
5439,688070,纵横股份,34.75,-3.61,-1.3,19048.0,66972172.0,6.93,37.11,34.61,37.11,36.05,1.26,2.15,-60.8,5.18,3072612375.0,3072612375.0,0.23,0.0,-11.8,-37.27
5440,002811,郑中设计,14.38,-3.62,-0.54,213874.0,313512786.5,6.57,15.29,14.31,15.18,14.92,1.08,7.56,20.56,2.96,4428608672.0,4070450096.0,0.07,0.07,15.97,-2.44
5441,600188,兖矿能源,20.78,-3.62,-0.78,554900.0,1159350724.0,4.64,21.58,20.58,21.48,21.56,1.05,0.93,14.59,2.71,208565784976.0,123876894976.0,0.05,0.14,-8.17,61.96
5442,000983,山西焦煤,6.62,-3.64,-0.25,1134741.0,753779369.35,4.22,6.85,6.56,6.83,6.87,1.13,2.0,15.19,1.01,37582409011.0,37582215376.0,0.15,0.15,-10.18,4.58
5443,603995,甬金股份,23.83,-3.64,-0.9,68793.0,166293297.0,5.54,25.1,23.73,25.04,24.73,1.59,1.89,12.03,1.46,8664815410.0,8664815410.0,0.0,-0.13,21.4,35.55
5444,688168,安博通,36.18,-3.65,-1.37,61489.0,220897097.0,7.64,37.9,35.03,37.37,37.55,1.48,5.69,-85.8,4.05,3909574801.0,3909574801.0,0.17,0.53,-34.4,-32.61
5445,603980,吉华集团,7.65,-3.65,-0.29,764247.0,576454056.0,7.18,7.93,7.36,7.85,7.94,0.89,11.29,56.08,1.34,5177775204.0,5177775204.0,0.0,1.46,35.4,56.44
5446,603091,众鑫股份,50.0,-3.66,-1.9,8212.0,41681902.0,3.93,51.91,49.87,51.68,51.9,1.31,1.87,18.44,3.14,7156715500.0,2200913350.0,0.0,-0.6,7.18,-10.54
5447,688087,英科再生,36.75,-3.67,-1.4,12796.0,47830606.0,4.19,38.25,36.65,38.15,38.15,0.74,0.69,23.1,2.4,7098060008.0,6844521758.0,0.0,-0.05,-7.94,19.71
5448,600228,返利科技,9.92,-3.69,-0.38,433964.0,431598191.0,9.32,10.47,9.51,10.21,10.3,0.96,10.43,-72.96,11.24,4133390476.0,4127088796.0,-0.1,0.1,32.62,76.83
5449,002104,恒宝股份,13.53,-3.7,-0.52,1686426.0,2302222623.29,5.98,14.18,13.34,13.63,14.05,1.33,27.75,-104.64,4.56,9583977584.0,8221120870.0,0.0,0.0,19.42,-37.3
5450,001337,四川黄金,51.23,-3.7,-1.97,140379.0,727144545.25,3.97,52.99,50.88,52.03,53.2,0.82,3.34,24.87,10.45,21516600000.0,21516600000.0,0.06,0.06,21.74,87.24
5451,002250,联化科技,14.84,-3.7,-0.57,196463.0,293418271.0,4.61,15.47,14.76,15.43,15.41,1.2,2.19,18.14,1.93,13354118540.0,13287287179.0,0.0,0.07,4.88,12.59
5452,600381,*ST春天,4.15,-3.71,-0.16,91163.0,37657373.0,6.5,4.32,4.04,4.29,4.31,1.08,1.55,-33.75,2.54,2436302075.0,2436302075.0,1.47,1.22,-22.43,-6.32
5453,603613,国联股份,19.91,-3.72,-0.77,272445.0,547627372.0,3.82,20.7,19.91,20.5,20.68,1.62,3.78,10.46,1.47,14345907857.0,14345907857.0,-0.2,-0.15,0.71,-28.89
5454,002969,嘉美包装,12.64,-3.73,-0.49,648521.0,819093011.14,7.01,13.3,12.38,13.24,13.13,1.69,5.93,98.65,4.26,13884985774.0,13812154524.0,0.16,0.16,-22.88,-0.16
5455,603822,ST嘉澳,64.0,-3.73,-2.48,9021.0,59299798.0,5.63,67.58,63.84,66.45,66.48,0.77,1.18,36.61,10.9,4916856704.0,4885279104.0,-0.08,0.0,-17.75,-33.59
5456,688377,迪威尔,18.29,-3.74,-0.71,27053.0,49782787.0,5.16,19.1,18.12,18.96,19.0,0.97,1.16,64.74,2.27,4272018473.0,4272018473.0,-1.14,0.49,-32.66,-39.88
5457,603113,金能科技,5.39,-3.75,-0.21,301804.0,163459904.0,3.57,5.55,5.35,5.55,5.6,0.61,3.56,-3.88,0.61,4573364420.0,4573364420.0,0.19,0.0,11.59,-11.06
5458,603890,春秋电子,18.87,-3.77,-0.74,493231.0,929697486.0,6.37,19.55,18.3,19.4,19.61,0.85,9.79,66.02,2.53,9510786977.0,9510786977.0,-0.05,0.0,-16.65,18.46
5459,603138,海量数据,14.75,-3.78,-0.58,319518.0,467991815.0,4.5,15.05,14.36,14.36,15.33,2.17,11.08,-22.83,5.68,4330757973.0,4253057038.0,0.14,0.0,-9.01,3.73
5460,603429,*ST集友,8.85,-3.8,-0.35,30452.0,27123676.0,3.26,9.1,8.8,9.1,9.2,0.82,0.58,-131.3,3.72,4641696365.0,4641696365.0,-0.23,-0.23,-4.43,-10.7
5461,603272,*ST联翔,17.66,-3.81,-0.7,45206.0,79482425.0,7.03,18.54,17.25,18.36,18.36,0.73,4.36,-79.76,3.43,1830052820.0,1830052820.0,-0.11,-0.17,-48.77,-12.18
5462,002072,凯瑞德,8.56,-3.82,-0.34,252157.0,218833793.93,5.96,9.04,8.51,9.04,8.9,1.06,6.86,-192.3,13.84,3147340800.0,3146072208.0,-0.23,-0.12,0.71,18.23
5463,000977,浪潮信息,74.74,-3.83,-2.98,1479965.0,10940537182.22,4.5,75.8,72.3,75.5,77.72,1.25,10.09,18.59,4.47,109753945195.0,109637276727.0,0.0,-0.05,29.17,12.29
5464,002064,华峰化学,10.79,-3.83,-0.43,568496.0,620075907.69,4.72,11.25,10.72,11.18,11.22,1.07,1.15,13.5,1.86,53545848649.0,53431978272.0,0.19,-0.28,4.25,-1.01
5465,600547,山东黄金,36.45,-3.83,-1.45,623142.0,2296222586.0,3.35,37.65,36.38,37.04,37.9,0.48,1.72,23.71,5.14,168031931186.0,131746459998.0,0.03,0.0,32.5,-5.15
5466,605365,立达信,15.23,-3.85,-0.61,180542.0,278084410.0,5.18,15.96,15.14,15.73,15.84,1.18,3.6,54.77,2.05,7645656101.0,7645656101.0,0.2,0.33,-3.85,-41.98
5467,300180,华峰超纤,4.68,-3.9,-0.19,627325.0,296159748.81,3.9,4.86,4.67,4.79,4.87,1.0,3.65,121.88,1.75,8241761525.0,8040648723.0,0.0,0.0,5.17,-32.47
5468,000635,英 力 特,7.39,-3.9,-0.3,372910.0,280300915.87,6.37,7.85,7.36,7.57,7.69,1.36,10.17,-5.9,2.96,2912647474.0,2710798440.0,-0.14,-0.14,7.41,-16.87
5469,688588,凌志软件,9.34,-3.91,-0.38,80103.0,75815604.0,5.14,9.83,9.33,9.73,9.72,1.4,2.05,-74.47,3.23,3642693428.0,3642693428.0,-0.21,-0.11,-4.3,-33.85
5470,300830,金现代,9.59,-3.91,-0.39,505491.0,482175876.44,3.91,9.75,9.36,9.75,9.98,1.74,15.0,-92.35,3.33,4331234764.0,3231204463.0,-0.1,-0.21,8.61,-5.8
5471,300600,国瑞科技,10.57,-3.91,-0.43,114928.0,121846861.2,3.27,10.86,10.5,10.86,11.0,1.2,3.91,-72.88,2.63,3110058454.0,3110058454.0,0.0,0.19,-0.94,-29.06
5472,000506,招金黄金,19.83,-3.92,-0.81,470362.0,943652583.18,3.25,20.43,19.76,20.0,20.64,0.6,5.06,40.61,20.43,18422422201.0,18416259037.0,0.05,-0.05,44.43,51.84
5473,688084,晶品特装,45.84,-3.92,-1.87,17626.0,81838444.0,4.36,47.82,45.74,47.56,47.71,0.79,2.33,-102.32,2.28,3468211585.0,3468211585.0,-0.13,0.15,-10.97,-44.64
5474,605162,新中港,10.26,-3.93,-0.42,251791.0,258810805.0,4.59,10.59,10.1,10.5,10.68,0.63,5.69,55.75,2.75,4543603151.0,4543603151.0,0.1,0.2,13.75,22.43
5475,301004,嘉益股份,33.56,-3.95,-1.38,9151.0,31013455.0,4.24,34.95,33.47,34.93,34.94,1.26,0.67,14.37,2.59,4893258153.0,4567763505.0,0.06,0.0,-7.04,-35.52
5476,920058,华洋赛车,29.58,-3.96,-1.22,5026.0,15115149.71,7.01,31.44,29.28,30.77,30.8,0.85,1.82,53.31,4.81,1658139734.0,816241997.0,-0.34,-0.34,30.42,-14.06
5477,688500,慧辰股份,33.71,-3.96,-1.39,18471.0,63008758.0,4.19,35.07,33.6,34.75,35.1,0.65,2.47,-21.4,3.6,2560538719.0,2525466835.0,0.15,0.15,-33.6,-45.42
5478,002803,吉宏股份,19.98,-3.99,-0.83,140027.0,281506595.84,4.23,20.74,19.86,20.6,20.81,1.02,4.71,29.0,3.3,9149177424.0,5945332236.0,0.05,0.05,-6.59,23.49
5479,600562,国睿科技,28.1,-4.0,-1.17,199681.0,563195839.0,6.59,29.58,27.65,29.4,29.27,1.3,1.61,59.55,5.17,34896205304.0,34896205304.0,0.0,0.07,31.37,-0.04
5480,603900,莱绅通灵,6.68,-4.02,-0.28,320625.0,216902222.0,4.89,6.99,6.65,6.87,6.96,0.71,9.36,59.95,1.17,2290597651.0,2289395251.0,0.0,0.15,4.21,-21.04
5481,002328,新朋股份,9.56,-4.02,-0.4,1139633.0,1090458696.94,5.42,9.95,9.41,9.84,9.96,0.88,19.97,10.71,2.11,7378121200.0,5455757166.0,0.1,0.31,23.51,47.3
5482,600989,宝丰能源,23.41,-4.06,-0.99,724887.0,1716784148.0,4.84,24.49,23.31,24.39,24.4,0.92,0.99,8.82,3.29,171673957600.0,171673957600.0,0.04,0.09,3.22,24.59
5483,002444,巨星科技,29.3,-4.09,-1.25,178401.0,526772737.34,4.48,30.6,29.23,30.54,30.55,2.33,1.56,13.41,1.82,34998210733.0,33611743405.0,-0.34,-0.37,-3.01,-12.85
5484,300945,曼卡龙,12.62,-4.1,-0.54,190431.0,242574342.0,5.17,13.25,12.57,13.0,13.16,0.71,7.98,20.5,1.91,3307343958.0,3012441918.0,0.16,0.16,5.08,-21.37
5485,601212,白银有色,7.0,-4.11,-0.3,3190719.0,2257902915.0,3.7,7.2,6.93,7.08,7.3,0.72,4.31,323.15,3.36,51833421577.0,51833421577.0,-0.14,0.0,21.53,19.66
5486,001278,一彬科技,16.1,-4.11,-0.69,89910.0,145190426.47,3.63,16.49,15.88,16.44,16.79,1.1,10.53,-9.75,1.8,1992107740.0,1374108854.0,0.0,-0.25,-4.62,-16.75
5487,688510,航亚科技,25.08,-4.13,-1.08,65524.0,164452914.0,6.84,26.5,24.71,26.5,26.16,1.14,2.52,63.53,5.36,6518859009.0,6518859009.0,-0.16,-0.12,-2.79,-6.07
5488,600346,恒力石化,18.23,-4.15,-0.79,300509.0,554842964.0,5.15,19.09,18.11,19.0,19.02,0.76,0.43,8.9,1.78,128322789099.0,128322789099.0,0.0,0.0,4.41,-18.03
5489,601233,桐昆股份,24.92,-4.15,-1.08,541965.0,1360513676.0,4.85,25.96,24.7,25.81,26.0,1.0,2.28,7.02,1.39,59284717131.0,59176831722.0,-0.04,0.0,12.35,45.82
5490,002017,东信和平,16.35,-4.16,-0.71,540473.0,888089524.21,3.63,16.82,16.2,16.63,17.06,0.93,9.32,55.13,5.21,9490061712.0,9485818560.0,-0.12,-0.18,0.74,-26.22
5491,603049,中策橡胶,48.08,-4.17,-2.09,46015.0,224400017.0,4.44,50.26,48.03,50.26,50.17,1.85,0.91,8.61,1.67,42045267552.0,24279450997.0,0.06,0.06,3.82,-11.81
5492,688659,元琛科技,9.86,-4.18,-0.43,27899.0,27865982.0,4.37,10.29,9.84,10.09,10.29,1.14,1.74,-41.5,3.18,1577600000.0,1577600000.0,0.0,-0.2,2.39,4.34
5493,000534,万泽股份,23.87,-4.21,-1.05,215283.0,519170246.82,4.86,24.99,23.78,24.92,24.92,1.2,4.27,48.5,6.5,12162923077.0,12043179819.0,0.04,-0.13,-21.53,8.5
5494,300546,雄帝科技,17.99,-4.26,-0.8,145173.0,263809654.0,3.83,18.67,17.95,18.5,18.79,1.01,10.52,-118.37,3.0,3375817941.0,2482005156.0,0.0,-0.11,11.26,-31.2
5495,300773,拉卡拉,16.18,-4.26,-0.72,910950.0,1486799508.81,4.44,16.87,16.12,16.73,16.9,1.23,8.86,13.15,3.98,17593014253.0,16642921595.0,0.06,-0.12,3.25,-18.53
5496,601898,中煤能源,14.53,-4.28,-0.65,560448.0,819066811.0,5.86,15.2,14.31,15.1,15.18,1.08,0.61,11.82,1.16,192648379202.0,132978565812.0,0.07,0.07,-8.96,18.9
5497,301136,招标股份,12.3,-4.28,-0.55,195806.0,242785126.84,4.2,12.81,12.27,12.59,12.85,2.13,7.12,206.05,2.33,3385019286.0,3382182599.0,0.16,0.0,-1.91,-39.29
5498,301439,泓淋电力,14.38,-4.32,-0.65,125424.0,180782005.33,3.46,14.81,14.29,14.78,15.03,0.99,6.84,27.3,1.88,5595284013.0,2635069197.0,-0.21,-0.21,-15.81,-2.24
5499,605179,一鸣食品,27.43,-4.36,-1.25,249572.0,685709402.0,4.71,28.0,26.65,26.8,28.68,1.24,6.22,140.98,9.49,10999430000.0,10999430000.0,0.0,-0.11,95.23,31.43
5500,920171,志晟信息,17.13,-4.46,-0.8,40123.0,69089017.02,4.46,17.7,16.9,17.25,17.93,0.99,5.93,800.36,7.84,1716995316.0,1158535817.0,0.18,0.23,-8.79,-26.79
5501,688069,德林海,36.65,-4.61,-1.77,29783.0,111127528.0,8.36,39.22,36.01,38.5,38.42,1.3,1.9,-505.49,4.6,5740600769.0,5740600769.0,0.03,-0.24,0.22,131.52
5502,002716,湖南白银,10.7,-4.63,-0.52,1800222.0,1946273479.9,2.94,11.0,10.67,10.95,11.22,0.65,7.75,89.83,7.43,30207048512.0,24850489712.0,0.0,-0.09,18.76,54.62
5503,000301,东方盛虹,13.94,-4.65,-0.68,426861.0,600483103.18,5.54,14.69,13.88,14.63,14.62,0.83,0.65,10.24,2.43,92160580632.0,92120719941.0,0.14,-0.07,17.34,28.01
5504,600148,长春一东,16.36,-4.72,-0.81,65858.0,107550492.0,9.03,17.0,15.45,16.7,17.17,1.94,4.65,97.98,4.79,2315209122.0,2315209122.0,0.25,0.25,-0.97,-16.23
5505,600657,信达地产,3.33,-4.86,-0.17,2026704.0,668017205.0,6.57,3.43,3.2,3.31,3.5,1.55,7.11,-3.6,0.65,9496755721.0,9496755721.0,0.3,0.91,21.09,-3.48
5506,688619,罗普特,14.55,-4.9,-0.75,47263.0,69382158.0,6.8,15.38,14.34,15.11,15.3,0.93,2.55,-32.39,4.17,2698123511.0,2698123511.0,-0.07,-0.34,-5.27,6.99
5507,300647,超频三,7.69,-4.94,-0.4,658646.0,511681025.6,6.43,8.15,7.63,8.09,8.09,0.72,14.42,101.5,8.0,3516798675.0,3511578080.0,0.26,0.0,29.03,11.61
5508,300981,中红医疗,15.68,-4.97,-0.82,158962.0,249735111.17,6.0,16.49,15.5,16.31,16.5,0.87,4.04,21.19,1.28,6724602557.0,6162198903.0,0.19,0.06,42.29,28.42
5509,688781,视涯科技-UW,40.33,-5.08,-2.16,34708.0,139432233.0,8.26,42.51,39.0,42.01,42.49,1.3,8.5,-375.36,9.94,40330000000.0,1646879462.0,0.05,0.67,-13.82,77.82
5510,920212,智新电子,11.7,-5.11,-0.63,66073.0,77313338.78,7.46,12.39,11.47,12.2,12.33,0.96,12.8,252.38,2.92,1241370000.0,603746477.0,0.86,1.04,9.86,-13.27
5511,920138,杰理科技,34.36,-5.21,-1.89,64742.0,226384198.07,6.46,36.57,34.23,36.46,36.25,1.47,18.7,23.9,2.85,14876333800.0,1189328691.0,0.15,0.17,82.18,82.18
5512,301218,华是科技,46.21,-5.29,-2.58,139197.0,648440416.12,6.01,48.68,45.75,48.43,48.79,0.69,19.41,-180.42,5.81,5269788400.0,3313403070.0,0.0,0.11,21.22,95.47
5513,600095,湘财股份,9.63,-5.31,-0.54,1184652.0,1145184828.0,5.7,10.1,9.52,9.87,10.17,1.05,4.14,26.01,2.15,27533977965.0,27533977965.0,0.0,0.0,22.52,-12.93
5514,000838,*ST发展,2.64,-5.38,-0.15,449036.0,118372300.0,5.02,2.72,2.58,2.71,2.79,1.45,4.26,-28.93,-11.61,2905220129.0,2781941857.0,0.0,-0.38,58.08,-14.56
5515,002721,金一文化,2.98,-5.4,-0.17,2699506.0,810851258.0,3.81,3.07,2.95,3.0,3.15,1.16,10.15,106.12,3.68,7924948273.0,7924948273.0,-0.67,-0.67,23.14,-5.4
5516,603110,东方材料,24.49,-5.44,-1.41,160774.0,395472762.0,8.34,26.15,23.99,25.96,25.9,1.15,7.99,225.03,7.01,4928042667.0,4928042667.0,0.08,0.2,15.9,52.49
5517,002440,闰土股份,12.57,-5.49,-0.73,541603.0,690469161.69,6.77,13.35,12.45,13.2,13.3,0.91,5.72,11.27,1.36,14128678806.0,11895682388.0,0.08,0.16,41.71,72.9
5518,920223,荣亿精密,16.16,-5.5,-0.94,118256.0,193108359.09,7.72,17.24,15.92,16.9,17.1,0.65,14.48,-113.19,10.98,2541725600.0,1319872040.0,-0.12,0.06,11.14,-27.82
5519,300469,信息发展,52.82,-5.51,-3.08,62021.0,325883254.46,3.92,53.21,51.02,52.0,55.9,1.23,2.5,-98.5,65.92,13111974684.0,13105450093.0,0.0,0.32,0.86,-14.53
5520,002003,伟星股份,11.55,-5.56,-0.68,406805.0,473821661.12,5.89,12.19,11.47,12.1,12.23,3.15,3.93,16.62,3.03,13731675492.0,11958180939.0,0.26,0.26,27.62,13.24
5521,000017,深中华A,8.99,-5.57,-0.53,915191.0,824176772.6,3.36,9.18,8.86,9.0,9.52,0.99,20.76,292.72,15.72,6195772548.0,3962989339.0,0.0,0.22,74.9,14.23
5522,603225,新凤鸣,18.81,-5.67,-1.13,202281.0,386095180.0,6.87,20.07,18.7,19.88,19.94,1.29,1.21,10.96,1.45,31553658002.0,31385344241.0,-0.11,-0.05,-5.76,-2.34
5523,301376,致欧科技,22.45,-5.67,-1.35,94169.0,213036578.44,8.07,24.0,22.08,23.8,23.8,1.39,4.86,18.37,2.56,9035428489.0,4347282521.0,0.09,0.18,39.7,25.63
5524,000893,亚钾国际,45.58,-5.85,-2.83,229119.0,1062739905.01,7.25,48.8,45.29,48.14,48.41,1.46,2.82,15.6,2.88,42118253103.0,36971684808.0,0.02,0.11,-5.73,-4.76
5525,002888,惠威科技,20.71,-5.86,-1.29,89702.0,185311529.09,8.86,21.98,20.03,21.54,22.0,1.49,11.97,197.66,8.26,3057695063.0,1551655744.0,0.05,0.05,5.56,6.42
5526,603370,华新精科,30.21,-5.92,-1.9,30770.0,93870024.0,7.91,32.54,30.0,30.5,32.11,5.07,3.64,39.5,2.71,5285239500.0,2551346368.0,0.0,0.03,-30.31,-35.74
5527,920075,柏星龙,20.05,-5.96,-1.27,87974.0,183710521.39,18.71,23.5,19.51,23.0,21.32,2.49,25.04,107.34,3.38,1299540750.0,704330455.0,0.35,0.8,15.3,-23.44
5528,002849,威星智能,17.33,-6.27,-1.16,155904.0,276427491.3,6.98,18.55,17.26,18.41,18.49,1.52,7.13,39.99,2.75,3823587497.0,3789920957.0,-0.35,-0.17,6.45,9.27
5529,601058,赛轮轮胎,14.35,-6.58,-1.01,981500.0,1431884790.0,7.03,15.32,14.24,15.2,15.36,1.87,2.99,10.92,2.13,47184238717.0,47184238717.0,0.0,0.14,15.63,-10.31
5530,002020,京新药业,11.84,-6.62,-0.84,406999.0,483650326.38,8.91,12.69,11.56,12.66,12.68,5.43,5.62,14.5,1.7,10194585018.0,8571785086.0,0.0,0.08,-4.59,-36.51
5531,920092,汉鑫科技,27.89,-6.66,-1.99,38305.0,108398647.97,4.55,29.15,27.79,28.7,29.88,0.95,11.62,-58.09,5.1,1731402833.0,919161220.0,0.0,0.11,-7.4,-25.51
5532,300468,四方精创,25.66,-6.69,-1.84,1176997.0,3047118279.47,5.24,26.79,25.35,26.04,27.5,1.66,22.21,187.33,8.28,13616460397.0,13599833101.0,-0.04,0.0,11.47,-33.81
5533,601700,风范股份,7.16,-6.77,-0.52,1381353.0,991250110.0,6.64,7.46,6.95,7.46,7.68,0.82,12.13,44.74,3.69,8153502268.0,8153502268.0,0.0,0.0,49.48,26.5
5534,300385,ST雪浪,13.34,-6.78,-0.97,114730.0,157592607.0,8.74,14.42,13.17,14.35,14.31,1.48,3.81,-24.78,-76.12,4444166733.0,4018441990.0,-0.07,-0.37,-7.87,114.47
5535,300894,火星人,10.24,-6.82,-0.75,158200.0,164045593.5,7.83,10.85,9.99,10.8,10.99,2.12,5.38,-15.93,4.63,4147243121.0,3011371121.0,0.0,-0.1,-14.02,-13.15
5536,002043,兔 宝 宝,11.82,-7.15,-0.91,225333.0,270914142.0,8.01,12.77,11.75,12.62,12.73,1.86,2.8,19.83,3.07,9807697954.0,9528167861.0,0.0,0.08,-3.59,-15.45
5537,920071,金钛股份,26.01,-7.24,-2.03,185372.0,473347668.86,13.34,28.0,24.26,27.21,28.04,0.69,58.85,25.6,3.32,6632550000.0,819315000.0,0.04,-0.04,167.59,167.59
5538,688660,电气风电,7.81,-7.24,-0.61,470634.0,370537782.0,6.18,8.28,7.76,8.2,8.42,2.43,3.53,-9.61,2.88,10413333854.0,10413333854.0,0.13,0.13,-17.53,-54.09
5539,001299,美能能源,10.85,-7.26,-0.85,286000.0,309767295.82,7.01,11.35,10.53,10.86,11.7,1.69,10.13,42.68,3.04,3409234779.0,3063363806.0,0.09,-0.37,-3.47,-1.18
5540,000007,全新好,11.5,-7.41,-0.92,206592.0,243648980.5,9.18,12.5,11.36,12.33,12.42,2.48,5.96,-718.1,22.32,3984152506.0,3984152506.0,-0.35,-0.26,-18.32,0.52
5541,600295,鄂尔多斯,13.62,-7.41,-1.09,240939.0,329924780.0,5.78,14.29,13.44,14.2,14.71,1.8,1.22,13.46,1.78,38119332579.0,26907348579.0,-0.22,-0.07,4.77,16.81
5542,605177,东亚药业,20.05,-8.74,-1.92,172096.0,354210508.0,13.15,22.81,19.92,21.76,21.97,1.89,15.14,-9.71,1.45,2299853576.0,2278729878.0,-0.4,-0.45,-2.43,12.64
5543,300123,ST亚光,4.74,-8.85,-0.46,658508.0,327373953.33,10.58,5.27,4.72,5.16,5.2,1.71,6.62,-12.76,31.76,4843493743.0,4711695957.0,0.0,-0.21,10.49,-41.48
5544,688802,沐曦股份-U,570.08,-9.67,-61.02,27055.0,1542153535.0,13.95,635.0,546.99,635.0,631.1,3.11,14.6,186.21,16.44,228089008000.0,10562781438.0,0.01,0.38,-17.96,-1.73
5545,002674,兴业科技,20.93,-10.02,-2.33,15314.0,32052202.0,0.0,20.93,20.93,20.93,23.26,0.14,0.52,72.45,2.54,6185881258.0,6123357236.0,0.0,0.0,30.81,40.09
5546,600076,康欣新材,2.85,-10.09,-0.32,59050.0,16829250.0,0.0,2.85,2.85,2.85,3.17,0.41,0.44,-14.14,1.1,3831948596.0,3831948596.0,0.0,0.0,-17.87,-15.43
5547,300911,亿田智能,27.88,-10.47,-3.26,257252.0,731107761.04,12.56,31.3,27.39,31.2,31.14,0.96,15.01,-47.24,4.8,5111673850.0,4777139835.0,0.9,0.9,26.9,-16.28
5548,300840,酷特智能,18.18,-10.49,-2.13,261831.0,485929855.95,10.78,20.19,18.0,20.12,20.31,2.37,14.75,80.51,3.42,4363200000.0,3227228790.0,0.0,0.11,-10.27,-10.66
5549,688795,摩尔线程-U,415.49,-20.0,-103.86,82421.0,3467342041.0,18.95,513.89,415.48,498.0,519.35,12.64,14.72,-8444.63,16.04,195292023881.0,23267440000.0,0.0,0.0,-31.95,-29.33
5550,920289,华汇智能,28.24,-24.69,-9.26,85409.0,248571227.9,9.49,31.76,28.2,30.0,37.5,0.61,59.11,16.73,3.22,1920322259.0,408068480.0,0.0,-0.21,59.46,59.46
5551,920680,广道退,,,,,,,,,,0.86,,0.0,,,,,,,0.0,0.0
5552,920305,云创退,,,,,,,,,,0.4,,0.0,,,,,,,-88.8,-96.04
5553,920298,腾信精密,,,,,,,,,,35.78,,0.0,,,,,,,0.0,0.0
5554,920268,百迈科,,,,,,,,,,17.1,,0.0,,,,,,,0.0,0.0
5555,920201,百瑞吉,,,,,,,,,,16.77,,0.0,,,,,,,0.0,0.0
5556,833994,翰博高新,,,,,,,,,,32.9,,0.0,,,,,,,0.0,0.0
5557,833874,泰祥股份,,,,,,,,,,20.13,,0.0,,,,,,,2.55,2.55
5558,832317,观典防务,,,,,,,,,,21.88,,0.0,,,,,,,0.0,0.0
5559,810014,莱特定转,,,,,,,,,,100.0,,0.0,,,,200000000.0,,,0.0,-0.83
5560,810013,万通定转,,,,,,,,,,100.0,,0.0,,,,150000000.0,,,,
5561,810011,优机定转,,,,,,,,,,99.8,,0.0,,,,119760000.0,,,-0.2,-0.7
5562,688837,信诺维,,,,,,,,,,27.6,,0.0,-30.45,19.08,10216572299.0,,,,0.0,0.0
5563,688801,燧原科技,,,,,,,,,,142.18,,0.0,-48.38,23.14,61187408687.0,2545068209.0,,,0.0,0.0
5564,688555,退市泽达,,,,,,,,,,1.12,,0.0,,,,,,,0.0,0.0
5565,688287,退市观典,,,,,,,,,,0.37,,0.0,,,,,,,0.0,-93.97
5566,688086,退市紫晶,,,,,,,,,,0.64,,0.0,,,,,,,0.0,0.0
5567,605081,退市太和,,,,,,,,,,0.4,,0.0,,,,,,,8.11,-96.27
5568,603996,退市中新,,,,,,,,,,0.39,,0.0,,,,,,,0.0,0.0
5569,603963,*ST大药,,,,,,,,,,1.18,,0.0,,,,,,,0.0,0.0
5570,603603,退市博天,,,,,,,,,,0.39,,0.0,,,,,,,0.0,0.0
5571,603555,ST贵人,,,,,,,,,,0.67,,0.0,,,,,,,0.0,0.0
5572,603388,*ST元成,,,,,,,,,,0.58,,0.0,,,,,,,0.0,0.0
5573,603157,退市拉夏,,,,,,,,,,0.59,,0.0,,,,,,,0.0,0.0
5574,603133,退市碳元,,,,,,,,,,0.29,,0.0,,,,,,,0.0,0.0
5575,603056,德邦股份,,,,,,,,,,18.85,,0.0,,,,,,,0.0,37.89
5576,603003,退市龙宇,,,,,,,,,,2.44,,0.0,,,,,,,0.0,0.0
5577,601989,中国重工,,,,,,,,,,5.1,,0.0,,,,,,,0.0,0.0
5578,601558,退市锐电,,,,,,,,,,0.25,,0.0,,,,,,,0.0,0.0
5579,601299,中国北车,,,,,,,,,,29.98,,0.0,,,,,,,0.0,0.0
5580,601268,*ST二重,,,,,,,,,,2.35,,0.0,,,,,,,0.0,0.0
5581,601258,*ST庞大,,,,,,,,,,0.4,,0.0,,,,,,,0.0,0.0
5582,601091,沈鼓集团,,,,,,,,,,4.39,,0.0,21.98,2.18,12287620229.0,,,,0.0,0.0
5583,601028,玉龙股份,,,,,,,,,,12.83,,0.0,,,,,,,0.0,0.0
5584,600991,广汽长丰,,,,,,,,,,17.82,,0.0,,,,,,,0.0,0.0
5585,600978,*ST宜生,,,,,,,,,,0.52,,0.0,,,,,,,0.0,0.0
5586,600929,雪天盐业,,,,,,,,,,6.04,,0.0,62.55,1.29,9906284066.0,9906284066.0,,,18.2,7.09
5587,600899,*ST信联,,,,,,,,,,1.13,,0.0,,,,,,,0.0,0.0
5588,600898,*ST美讯,,,,,,,,,,0.74,,0.0,,,,,,,0.0,0.0
5589,600896,退市海医,,,,,,,,,,1.12,,0.0,,,,,,,0.0,0.0
5590,600891,退市秋林,,,,,,,,,,0.38,,0.0,,,,,,,0.0,0.0
5591,600890,退市中房,,,,,,,,,,0.36,,0.0,,,,,,,0.0,0.0
5592,600878,*ST北科,,,,,,,,,,2.64,,0.0,,,,,,,0.0,0.0
5593,600870,退市厦华,,,,,,,,,,0.6,,0.0,,,,,,,0.0,0.0
5594,600856,退市中天,,,,,,,,,,0.27,,0.0,,,,,,,0.0,0.0
5595,600852,*ST中川,,,,,,,,,,0.72,,0.0,,,,,,,0.0,0.0
5596,600849,上药转换,,,,,,,,,,14.73,,0.0,,,,,,,0.0,0.0
5597,600842,中西药业,,,,,,,,,,13.96,,0.0,,,,,,,0.0,0.0
5598,600840,新湖创业,,,,,,,,,,23.8,,0.0,,,,,,,0.0,0.0
5599,600837,海通证券,,,,,,,,,,10.41,,0.0,,,,,,,0.0,0.0
5600,600836,*ST易连,,,,,,,,,,0.45,,0.0,,,,,,,0.0,0.0
5601,600832,东方明珠,,,,,,,,,,23.18,,0.0,,,,,,,0.0,0.0
5602,600825,新华传媒,,,,,,,,,,5.31,,0.0,84.67,2.21,5548354484.0,5548354484.0,,,9.26,-13.94
5603,600823,*ST世茂,,,,,,,,,,0.43,,0.0,,,,,,,0.0,0.0
5604,600813,ST鞍一工,,,,,,,,,,3.83,,0.0,,,,,,,0.0,0.0
5605,600811,*ST东方,,,,,,,,,,0.36,,0.0,,,,,,,0.0,0.0
5606,600806,退市昆机,,,,,,,,,,1.47,,0.0,,,,,,,0.0,0.0
5607,600804,退市鹏博,,,,,,,,,,0.14,,0.0,,,,,,,0.0,0.0
5608,600799,*ST龙科,,,,,,,,,,0.54,,0.0,,,,,,,0.0,0.0
5609,600788,*ST达曼,,,,,,,,,,0.91,,0.0,,,,,,,0.0,0.0
5610,600786,东方锅炉,,,,,,,,,,82.2,,0.0,,,,,,,0.0,0.0
5611,600781,退市辅仁,,,,,,,,,,0.77,,0.0,,,,,,,0.0,0.0
5612,600772,S*ST龙昌,,,,,,,,,,1.3,,0.0,,,,,,,0.0,0.0
5613,600767,退市运盛,,,,,,,,,,0.42,,0.0,,,,,,,0.0,0.0
5614,600766,退市园城,,,,,,,,,,0.42,,0.0,,,,,,,0.0,0.0
5615,600762,S*ST金荔,,,,,,,,,,0.77,,0.0,,,,,,,0.0,0.0
5616,600752,*ST哈慈,,,,,,,,,,0.84,,0.0,,,,,,,0.0,0.0
5617,600747,退市大控,,,,,,,,,,0.26,,0.0,,,,,,,0.0,0.0
5618,600723,首商股份,,,,,,,,,,8.93,,0.0,,,,,,,0.0,0.0
5619,600709,ST生态,,,,,,,,,,3.02,,0.0,,,,,,,0.0,0.0
5620,600705,中航产融,,,,,,,,,,3.47,,0.0,,,,,,,0.0,0.0
5621,600701,退市工新,,,,,,,,,,0.45,,0.0,,,,,,,0.0,0.0
5622,600700,*ST数码,,,,,,,,,,0.64,,0.0,,,,,,,0.0,0.0
5623,600696,退市岩石,,,,,,,,,,0.74,,0.0,,,,,,,23.33,-74.48
5624,600695,退市绿庭,,,,,,,,,,0.51,,0.0,,,,,,,0.0,0.0
5625,600687,退市刚泰,,,,,,,,,,0.3,,0.0,,,,,,,0.0,0.0
5626,600680,*ST上普,,,,,,,,,,7.69,,0.0,,,,,,,0.0,0.0
5627,600677,*ST航通,,,,,,,,,,3.01,,0.0,,,,,,,0.0,0.0
5628,600672,*ST华圣,,,,,,,,,,0.7,,0.0,,,,,,,0.0,0.0
5629,600670,*ST斯达,,,,,,,,,,2.87,,0.0,,,,,,,0.0,0.0
5630,600669,*ST鞍成,,,,,,,,,,2.19,,0.0,,,,,,,0.0,0.0
5631,600659,*ST花雕,,,,,,,,,,1.41,,0.0,,,,,,,0.0,0.0
5632,600656,退市博元,,,,,,,,,,4.49,,0.0,,,,,,,0.0,0.0
5633,600652,退市游久,,,,,,,,,,1.19,,0.0,,,,,,,0.0,0.0
5634,600647,退市同达,,,,,,,,,,1.52,,0.0,,,,,,,0.0,0.0
5635,600646,ST国嘉,,,,,,,,,,5.82,,0.0,,,,,,,0.0,0.0
5636,600636,退市国化,,,,,,,,,,1.71,,0.0,,,,,,,4.27,-80.32
5637,600634,退市富控,,,,,,,,,,0.28,,0.0,,,,,,,0.0,0.0
5638,600632,华联商厦,,,,,,,,,,9.53,,0.0,,,,,,,0.0,0.0
5639,600631,百联股份,,,,,,,,,,15.68,,0.0,,,,,,,0.0,0.0
5640,600627,上电股份,,,,,,,,,,28.73,,0.0,,,,,,,0.0,0.0
5641,600625,PT水仙,,,,,,,,,,4.8,,0.0,,,,,,,0.0,0.0
5642,600614,退市鹏起,,,,,,,,,,0.26,,0.0,,,,,,,0.0,0.0
5643,600608,退市沪科,,,,,,,,,,0.17,,0.0,,,,,,,-5.56,-94.97
5644,600607,上实医药,,,,,,,,,,23.52,,0.0,,,,,,,0.0,0.0
5645,600599,退市熊猫,,,,,,,,,,0.43,,0.0,,,,,,,4.88,-95.67
5646,600591,*ST上航,,,,,,,,,,7.27,,0.0,,,,,,,0.0,0.0
5647,600565,ST迪马,,,,,,,,,,0.85,,0.0,,,,,,,0.0,0.0
5648,600555,退市海创,,,,,,,,,,0.26,,0.0,,,,,,,0.0,0.0
5649,600553,太行水泥,,,,,,,,,,14.98,,0.0,,,,,,,0.0,0.0
5650,600532,退市未来,,,,,,,,,,0.72,,0.0,,,,,,,0.0,0.0
5651,600485,*ST信威,,,,,,,,,,1.39,,0.0,,,,,,,0.0,0.0
5652,600472,包头铝业,,,,,,,,,,51.82,,0.0,,,,,,,0.0,0.0
5653,600466,*ST蓝光,,,,,,,,,,0.4,,0.0,,,,,,,0.0,0.0
5654,600462,退市九有,,,,,,,,,,0.21,,0.0,,,,,,,0.0,0.0
5655,600432,退市吉恩,,,,,,,,,,1.38,,0.0,,,,,,,0.0,0.0
5656,600421,退市华嵘,,,,,,,,,,0.24,,0.0,,,,,,,-7.69,-96.56
5657,600401,退市海润,,,,,,,,,,0.15,,0.0,,,,,,,0.0,0.0
5658,600393,ST粤泰,,,,,,,,,,0.37,,0.0,,,,,,,0.0,0.0
5659,600387,退市海越,,,,,,,,,,0.94,,0.0,,,,,,,0.0,0.0
5660,600385,退市金泰,,,,,,,,,,1.2,,0.0,,,,,,,0.0,0.0
5661,600357,承德钒钛,,,,,,,,,,7.4,,0.0,,,,,,,0.0,0.0
5662,600355,*ST精伦,,,,,,,,,,0.58,,0.0,,,,,,,0.0,-74.11
5663,600321,正源股份,,,,,,,,,,0.5,,0.0,,,,,,,0.0,0.0
5664,600317,营口港,,,,,,,,,,2.6,,0.0,,,,,,,0.0,0.0
5665,600311,*ST荣华,,,,,,,,,,0.61,,0.0,,,,,,,0.0,0.0
5666,600306,退市商城,,,,,,,,,,0.29,,0.0,,,,,,,0.0,0.0
5667,600297,广汇汽车,,,,,,,,,,0.78,,0.0,,,,,,,0.0,0.0
5668,600296,S兰铝,,,,,,,,,,14.61,,0.0,,,,,,,0.0,0.0
5669,600291,退市西水,,,,,,,,,,0.89,,0.0,,,,,,,0.0,0.0
5670,600290,*ST华仪,,,,,,,,,,0.37,,0.0,,,,,,,0.0,0.0
5671,600286,S*ST国瓷,,,,,,,,,,0.67,,0.0,,,,,,,0.0,0.0
5672,600277,ST亿利,,,,,,,,,,0.38,,0.0,,,,,,,0.0,0.0
5673,600275,退市昌鱼,,,,,,,,,,0.41,,0.0,,,,,,,0.0,0.0
5674,600270,外运发展,,,,,,,,,,20.99,,0.0,,,,,,,0.0,0.0
5675,600263,路桥建设,,,,,,,,,,16.43,,0.0,,,,,,,0.0,0.0
5676,600260,*ST凯乐,,,,,,,,,,0.47,,0.0,,,,,,,0.0,0.0
5677,600253,天方药业,,,,,,,,,,6.26,,0.0,,,,,,,0.0,0.0
5678,600247,*ST成城,,,,,,,,,,0.65,,0.0,,,,,,,0.0,0.0
5679,600242,退市中昌,,,,,,,,,,0.25,,0.0,,,,,,,0.0,0.0
5680,600240,退市华业,,,,,,,,,,0.41,,0.0,,,,,,,0.0,0.0
5681,600225,退市卓朗,,,,,,,,,,0.29,,0.0,,,,,,,0.0,0.0
5682,600220,ST阳光,,,,,,,,,,0.37,,0.0,,,,,,,0.0,0.0
5683,600213,*ST亚星,,,,,,,,,,6.36,,0.0,,,,,,,0.0,0.0
5684,600209,退市罗顿,,,,,,,,,,1.18,,0.0,,,,,,,0.0,0.0
5685,600205,S山东铝,,,,,,,,,,25.41,,0.0,,,,,,,0.0,0.0
5686,600200,退市苏吴,,,,,,,,,,0.29,,0.0,,,,,,,0.0,0.0
5687,600193,退市创兴,,,,,,,,,,0.16,,0.0,,,,,,,0.0,-95.82
5688,600190,退市锦港,,,,,,,,,,0.63,,0.0,,,,,,,0.0,0.0
5689,600181,S*ST云大,,,,,,,,,,1.02,,0.0,,,,,,,0.0,0.0
5690,600175,退市美都,,,,,,,,,,0.21,,0.0,,,,,,,0.0,0.0
5691,600146,退市环球,,,,,,,,,,0.22,,0.0,,,,,,,0.0,0.0
5692,600145,退市新亿,,,,,,,,,,0.34,,0.0,,,,,,,0.0,0.0
5693,600139,*ST西源,,,,,,,,,,0.74,,0.0,,,,,,,0.0,0.0
5694,600122,*ST宏图,,,,,,,,,,0.38,,0.0,,,,,,,0.0,0.0
5695,600112,*ST天成,,,,,,,,,,0.73,,0.0,,,,,,,0.0,0.0
5696,600102,莱钢股份,,,,,,,,,,7.13,,0.0,,,,,,,0.0,0.0
5697,600093,退市易见,,,,,,,,,,0.5,,0.0,,,,,,,0.0,0.0
5698,600092,S*ST精密,,,,,,,,,,0.96,,0.0,,,,,,,0.0,0.0
5699,600091,退市明科,,,,,,,,,,0.76,,0.0,,,,,,,0.0,0.0
5700,600090,退市济堂,,,,,,,,,,0.27,,0.0,,,,,,,0.0,0.0
5701,600087,退市长油,,,,,,,,,,0.83,,0.0,,,,,,,0.0,0.0
5702,600086,退市金钰,,,,,,,,,,0.16,,0.0,,,,,,,0.0,0.0
5703,600083,*ST博信,,,,,,,,,,0.92,,0.0,,,,,,,0.0,0.0
5704,600077,*ST宋都,,,,,,,,,,0.41,,0.0,,,,,,,0.0,0.0
5705,600074,退市保千,,,,,,,,,,0.17,,0.0,,,,,,,0.0,0.0
5706,600070,*ST富润,,,,,,,,,,0.42,,0.0,,,,,,,0.0,0.0
5707,600069,退市银鸽,,,,,,,,,,0.28,,0.0,,,,,,,0.0,0.0
5708,600068,葛洲坝,,,,,,,,,,9.93,,0.0,,,,,,,0.0,0.0
5709,600065,*ST联谊,,,,,,,,,,1.7,,0.0,,,,,,,0.0,0.0
5710,600005,武钢股份,,,,,,,,,,3.71,,0.0,,,,,,,0.0,0.0
5711,600003,ST东北高,,,,,,,,,,3.87,,0.0,,,,,,,0.0,0.0
5712,600002,齐鲁石化,,,,,,,,,,10.09,,0.0,,,,,,,0.0,0.0
5713,600001,邯郸钢铁,,,,,,,,,,5.29,,0.0,,,,,,,0.0,0.0
5714,301699,洛轴股份,,,,,,,,,,15.88,,0.0,20.12,2.48,11497120000.0,1110511410.0,,,0.0,0.0
5715,301689,电科思仪,,,,,,,,,,16.0,,0.0,44.51,5.4,14846462912.0,920983232.0,,,0.0,0.0
5716,301686,中塑股份,,,,,,,,,,,,0.0,,,,,,,,
5717,301139,*ST元道,,,,,,,,,,3.31,,0.0,-3.66,0.21,402432448.0,252076850.0,,,-29.72,-81.97
5718,300799,左江退,,,,,,,,,,1.08,,0.0,,,,,,,0.0,0.0
5719,300742,越博退,,,,,,,,,,0.18,,0.0,,,,,,,0.0,0.0
5720,300630,普利退,,,,,,,,,,0.89,,0.0,,,,,,,0.0,0.0
5721,300526,中潜退,,,,,,,,,,0.56,,0.0,,,,,,,0.0,0.0
5722,300495,*ST美尚,,,,,,,,,,0.13,,0.0,,,,,,,0.0,0.0
5723,300431,暴风退,,,,,,,,,,0.28,,0.0,,,,,,,0.0,0.0
5724,300392,腾信退,,,,,,,,,,0.21,,0.0,,,,,,,0.0,0.0
5725,300391,长药退,,,,,,,,,,0.19,,0.0,,,,,,,0.0,-78.16
5726,300379,东通退,,,,,,,,,,1.72,,0.0,,,,,,,0.0,38.71
5727,300372,欣泰退,,,,,,,,,,1.48,,0.0,,,,,,,0.0,0.0
5728,300367,网力退,,,,,,,,,,0.29,,0.0,,,,,,,0.0,0.0
5729,300362,天翔退,,,,,,,,,,1.34,,0.0,,,,,,,0.0,0.0
5730,300356,光一退,,,,,,,,,,1.69,,0.0,,,,,,,0.0,0.0
5731,300344,立方退,,,,,,,,,,0.25,,0.0,,,,,,,0.0,-75.49
5732,300336,新文退,,,,,,,,,,0.25,,0.0,,,,,,,0.0,0.0
5733,300330,计通退,,,,,,,,,,2.45,,0.0,,,,,,,0.0,0.0
5734,300325,德威退,,,,,,,,,,0.25,,0.0,,,,,,,0.0,0.0
5735,300312,邦讯退,,,,,,,,,,0.3,,0.0,,,,,,,0.0,0.0
5736,300309,吉艾退,,,,,,,,,,0.23,,0.0,,,,,,,0.0,0.0
5737,300297,蓝盾退,,,,,,,,,,0.23,,0.0,,,,,,,0.0,0.0
5738,300282,三盛退,,,,,,,,,,0.13,,0.0,,,,,,,0.0,0.0
5739,300280,紫天退,,,,,,,,,,0.33,,0.0,,,,,,,0.0,0.0
5740,300273,和佳退,,,,,,,,,,0.38,,0.0,,,,,,,0.0,0.0
5741,300262,*ST巴安,,,,,,,,,,0.68,,0.0,,,,,,,0.0,0.0
5742,300216,千山退,,,,,,,,,,0.19,,0.0,,,,,,,0.0,0.0
5743,300208,中程退,,,,,,,,,,0.28,,0.0,,,,,,,0.0,0.0
5744,300202,聚龙退,,,,,,,,,,0.5,,0.0,,,,,,,0.0,0.0
5745,300186,大华农,,,,,,,,,,45.72,,0.0,,,,,,,0.0,0.0
5746,300178,腾邦退,,,,,,,,,,0.2,,0.0,,,,,,,0.0,0.0
5747,300156,神雾退,,,,,,,,,,0.12,,0.0,,,,,,,0.0,0.0
5748,300117,*ST嘉寓,,,,,,,,,,0.43,,0.0,,,,,,,0.0,0.0
5749,300116,*ST保力,,,,,,,,,,0.11,,0.0,,,,,,,0.0,0.0
5750,300108,*ST吉药,,,,,,,,,,0.21,,0.0,,,,,,,0.0,0.0
5751,300104,乐视退,,,,,,,,,,0.18,,0.0,,,,,,,0.0,0.0
5752,300090,盛运退,,,,,,,,,,0.12,,0.0,,,,,,,0.0,0.0
5753,300089,文化退,,,,,,,,,,0.19,,0.0,,,,,,,0.0,0.0
5754,300064,金刚退,,,,,,,,,,1.32,,0.0,,,,,,,0.0,0.0
5755,300038,数知退,,,,,,,,,,0.3,,0.0,,,,,,,0.0,0.0
5756,300029,天龙退,,,,,,,,,,0.12,,0.0,,,,,,,-95.67,-97.33
5757,300028,金亚退,,,,,,,,,,0.3,,0.0,,,,,,,0.0,0.0
5758,300023,宝德退,,,,,,,,,,1.09,,0.0,,,,,,,0.0,0.0
5759,002998,优彩资源,,,,,,,,,,8.6,,0.0,18.47,1.82,3051440502.0,2326258161.0,,,19.44,19.78
5760,002898,赛隆退,,,,,,,,,,0.37,,0.0,,,,,,,-95.54,-97.28
5761,002870,香山股份,,,,,,,,,,53.0,,0.0,-329.14,3.61,8096192391.0,6875827482.0,,,32.5,35.24
5762,002808,恒久退,,,,,,,,,,0.22,,0.0,,,,,,,-92.23,-95.62
5763,002781,奇信退,,,,,,,,,,0.42,,0.0,,,,,,,0.0,0.0
5764,002776,*ST柏龙,,,,,,,,,,0.4,,0.0,,,,,,,0.0,0.0
5765,002770,科迪退,,,,,,,,,,0.6,,0.0,,,,,,,0.0,0.0
5766,002751,易尚退,,,,,,,,,,0.86,,0.0,,,,,,,0.0,0.0
5767,002750,龙津退,,,,,,,,,,0.59,,0.0,,,,,,,0.0,0.0
5768,002743,富煌钢构,,,,,,,,,,4.89,,0.0,-2.76,1.08,2128462857.0,2125052082.0,,,9.64,-10.11
5769,002740,*ST爱迪,,,,,,,,,,0.38,,0.0,,,,,,,0.0,0.0
5770,002731,*ST萃华,,,,,,,,,,0.77,,0.0,0.85,0.11,197240120.0,176835428.0,,,-82.3,-93.87
5771,002711,欧浦退,,,,,,,,,,0.32,,0.0,,,,,,,0.0,0.0
5772,002699,*ST美盛,,,,,,,,,,0.41,,0.0,,,,,,,0.0,0.0
5773,002684,猛狮退,,,,,,,,,,0.69,,0.0,,,,,,,0.0,0.0
5774,002680,长生退,,,,,,,,,,0.77,,0.0,,,,,,,0.0,0.0
5775,002665,ST航高,,,,,,,,,,0.37,,0.0,,,,,,,0.0,0.0
5776,002621,*ST美吉,,,,,,,,,,0.37,,0.0,,,,,,,0.0,0.0
5777,002619,*ST艾格,,,,,,,,,,0.56,,0.0,,,,,,,0.0,0.0
5778,002618,丹邦退,,,,,,,,,,1.26,,0.0,,,,,,,0.0,0.0
5779,002610,ST爱康,,,,,,,,,,0.37,,0.0,,,,,,,0.0,0.0
5780,002604,龙力退,,,,,,,,,,0.25,,0.0,,,,,,,0.0,0.0
5781,002509,天茂退,,,,,,,,,,0.15,,0.0,,,,,,,0.0,0.0
5782,002505,鹏都农牧,,,,,,,,,,0.36,,0.0,,,,,,,0.0,0.0
5783,002504,*ST弘高,,,,,,,,,,0.38,,0.0,,,,,,,0.0,0.0
5784,002503,*ST搜特,,,,,,,,,,0.42,,0.0,,,,,,,0.0,0.0
5785,002502,ST鼎龙,,,,,,,,,,0.64,,0.0,,,,,,,0.0,0.0
5786,002499,科林退,,,,,,,,,,0.86,,0.0,,,,,,,0.0,0.0
5787,002477,雏鹰退,,,,,,,,,,0.17,,0.0,,,,,,,0.0,0.0
5788,002473,圣莱退,,,,,,,,,,0.79,,0.0,,,,,,,0.0,0.0
5789,002464,众应退,,,,,,,,,,0.26,,0.0,,,,,,,0.0,0.0
5790,002450,康得退,,,,,,,,,,0.2,,0.0,,,,,,,0.0,0.0
5791,002447,晨鑫退,,,,,,,,,,0.19,,0.0,,,,,,,0.0,0.0
5792,002435,ST长康,,,,,,,,,,0.37,,0.0,,,,,,,0.0,0.0
5793,002433,太安退,,,,,,,,,,0.27,,0.0,,,,,,,0.0,0.0
5794,002417,深南退,,,,,,,,,,0.45,,0.0,,,,,,,0.0,0.0
5795,002411,必康退,,,,,,,,,,0.62,,0.0,,,,,,,0.0,0.0
5796,002359,北讯退,,,,,,,,,,0.35,,0.0,,,,,,,0.0,0.0
5797,002341,ST新纶,,,,,,,,,,0.61,,0.0,,,,,,,0.0,0.0
5798,002336,人乐退,,,,,,,,,,0.36,,0.0,,,,,,,0.0,0.0
5799,002325,*ST洪涛,,,,,,,,,,0.38,,0.0,,,,,,,0.0,0.0
5800,002308,*ST威创,,,,,,,,,,0.37,,0.0,,,,,,,0.0,0.0
5801,002288,*ST超华,,,,,,,,,,0.37,,0.0,,,,,,,0.0,0.0
5802,002280,ST联络,,,,,,,,,,0.37,,0.0,,,,,,,0.0,0.0
5803,002260,德奥退,,,,,,,,,,0.53,,0.0,,,,,,,0.0,0.0
5804,002231,*ST奥维,,,,,,,,,,0.6,,0.0,,,,,,,0.0,-57.14
5805,002220,天宝退,,,,,,,,,,0.26,,0.0,,,,,,,0.0,0.0
5806,002147,新光退,,,,,,,,,,0.37,,0.0,,,,,,,0.0,0.0
5807,002143,印纪退,,,,,,,,,,0.25,,0.0,,,,,,,0.0,0.0
5808,002118,*ST紫鑫,,,,,,,,,,0.37,,0.0,,,,,,,0.0,0.0
5809,002113,*ST天润,,,,,,,,,,0.41,,0.0,,,,,,,0.0,0.0
5810,002089,新海退,,,,,,,,,,0.24,,0.0,,,,,,,0.0,0.0
5811,002087,新纺退,,,,,,,,,,0.16,,0.0,,,,,,,0.0,0.0
5812,002071,长城退,,,,,,,,,,0.31,,0.0,,,,,,,0.0,0.0
5813,002070,众和退,,,,,,,,,,0.71,,0.0,,,,,,,0.0,0.0
5814,002018,华信退,,,,,,,,,,0.26,,0.0,,,,,,,0.0,0.0
5815,002013,中航机电,,,,,,,,,,10.78,,0.0,,,,,,,0.0,0.0
5816,002002,ST鸿达,,,,,,,,,,0.58,,0.0,,,,,,,0.0,0.0
5817,000996,中期退,,,,,,,,,,0.38,,0.0,,,,,,,0.0,0.0
5818,000982,中银绒业,,,,,,,,,,0.18,,0.0,,,,,,,0.0,0.0
5819,000979,中弘退,,,,,,,,,,0.22,,0.0,,,,,,,0.0,0.0
5820,000976,*ST华铁,,,,,,,,,,0.41,,0.0,,,,,,,0.0,0.0
5821,000971,*ST高升,,,,,,,,,,0.55,,0.0,,,,,,,0.0,0.0
5822,000961,ST中南,,,,,,,,,,0.56,,0.0,,,,,,,0.0,0.0
5823,000956,中原油气,,,,,,,,,,11.91,,0.0,,,,,,,0.0,0.0
5824,000939,凯迪退,,,,,,,,,,0.15,,0.0,,,,,,,0.0,0.0
5825,000918,*ST嘉凯,,,,,,,,,,0.49,,0.0,,,,,,,0.0,0.0
5826,000916,华北高速,,,,,,,,,,8.82,,0.0,,,,,,,0.0,0.0
5827,000866,扬子石化,,,,,,,,,,13.84,,0.0,,,,,,,0.0,0.0
5828,000861,海印股份,,,,,,,,,,0.62,,0.0,,,,,,,0.0,0.0
5829,000851,*ST高鸿,,,,,,,,,,0.38,,0.0,,,,,,,0.0,0.0
5830,000836,ST富通,,,,,,,,,,0.37,,0.0,,,,,,,0.0,0.0
5831,000835,长动退,,,,,,,,,,0.35,,0.0,,,,,,,0.0,0.0
5832,000832,*ST龙涤,,,,,,,,,,1.45,,0.0,,,,,,,0.0,0.0
5833,000827,*ST长兴,,,,,,,,,,1.16,,0.0,,,,,,,0.0,0.0
5834,000817,辽河油田,,,,,,,,,,8.75,,0.0,,,,,,,0.0,0.0
5835,000806,银河退,,,,,,,,,,0.43,,0.0,,,,,,,0.0,0.0
5836,000805,*ST炎黄,,,,,,,,,,1.88,,0.0,,,,,,,0.0,0.0
5837,000787,*ST创智,,,,,,,,,,4.68,,0.0,,,,,,,0.0,0.0
5838,000780,ST平能,,,,,,,,,,10.95,,0.0,,,,,,,0.0,0.0
5839,000769,*ST大菲,,,,,,,,,,0.9,,0.0,,,,,,,0.0,0.0
5840,000765,*ST华信,,,,,,,,,,2.36,,0.0,,,,,,,0.0,0.0
5841,000763,锦州石化,,,,,,,,,,4.22,,0.0,,,,,,,0.0,0.0
5842,000760,斯太退,,,,,,,,,,0.26,,0.0,,,,,,,0.0,0.0
5843,000748,长城信息,,,,,,,,,,20.31,,0.0,,,,,,,0.0,0.0
5844,000732,ST泰禾,,,,,,,,,,0.43,,0.0,,,,,,,0.0,0.0
5845,000730,*ST环保,,,,,,,,,,2.6,,0.0,,,,,,,0.0,0.0
5846,000699,S*ST佳纸,,,,,,,,,,0.81,,0.0,,,,,,,0.0,0.0
5847,000693,华泽退,,,,,,,,,,0.37,,0.0,,,,,,,0.0,0.0
5848,000689,ST宏业,,,,,,,,,,4.88,,0.0,,,,,,,0.0,0.0
5849,000687,华讯退,,,,,,,,,,0.29,,0.0,,,,,,,0.0,0.0
5850,000675,ST银山,,,,,,,,,,7.94,,0.0,,,,,,,0.0,0.0
5851,000673,当代退,,,,,,,,,,0.25,,0.0,,,,,,,0.0,0.0
5852,000671,ST阳光城,,,,,,,,,,0.37,,0.0,,,,,,,0.0,0.0
5853,000667,ST美置,,,,,,,,,,0.58,,0.0,,,,,,,0.0,0.0
5854,000666,经纬纺机,,,,,,,,,,8.97,,0.0,,,,,,,0.0,0.0
5855,000662,天夏退,,,,,,,,,,0.25,,0.0,,,,,,,0.0,0.0
5856,000660,*ST南华,,,,,,,,,,2.38,,0.0,,,,,,,0.0,0.0
5857,000658,ST海洋,,,,,,,,,,4.24,,0.0,,,,,,,0.0,0.0
5858,000653,ST九州,,,,,,,,,,2.51,,0.0,,,,,,,0.0,0.0
5859,000638,*ST万方,,,,,,,,,,0.89,,0.0,,,,,,,0.0,-80.98
5860,000627,*ST天茂,,,,,,,,,,1.58,,0.0,,,,,,,0.0,0.0
5861,000622,恒立退,,,,,,,,,,0.15,,0.0,,,,,,,0.0,0.0
5862,000621,*ST比特,,,,,,,,,,2.66,,0.0,,,,,,,0.0,0.0
5863,000618,吉林化工,,,,,,,,,,5.24,,0.0,,,,,,,0.0,0.0
5864,000616,*ST海投,,,,,,,,,,0.85,,0.0,,,,,,,0.0,0.0
5865,000613,东海A退,,,,,,,,,,0.58,,0.0,,,,,,,0.0,0.0
5866,000611,天首退,,,,,,,,,,1.39,,0.0,,,,,,,0.0,0.0
5867,000606,顺利退,,,,,,,,,,0.28,,0.0,,,,,,,0.0,0.0
5868,000602,金马集团,,,,,,,,,,13.41,,0.0,,,,,,,0.0,0.0
5869,000594,国恒退,,,,,,,,,,1.29,,0.0,,,,,,,0.0,0.0
5870,000588,PT粤金曼,,,,,,,,,,4.37,,0.0,,,,,,,0.0,0.0
5871,000587,*ST金洲,,,,,,,,,,0.72,,0.0,,,,,,,0.0,0.0
5872,000585,东电退,,,,,,,,,,0.35,,0.0,,,,,,,0.0,0.0
5873,000584,工智退,,,,,,,,,,0.29,,0.0,,,,,,,0.0,0.0
5874,000583,S*ST托普,,,,,,,,,,0.76,,0.0,,,,,,,0.0,0.0
5875,000578,盐湖集团,,,,,,,,,,24.44,,0.0,,,,,,,0.0,0.0
5876,000569,长城股份,,,,,,,,,,7.05,,0.0,,,,,,,0.0,0.0
5877,000562,宏源证券,,,,,,,,,,30.5,,0.0,,,,,,,0.0,0.0
5878,000556,PT南洋,,,,,,,,,,1.5,,0.0,,,,,,,0.0,0.0
5879,000549,S湘火炬,,,,,,,,,,8.9,,0.0,,,,,,,0.0,0.0
5880,000542,TCL通讯,,,,,,,,,,27.34,,0.0,,,,,,,0.0,0.0
5881,000540,*ST中天,,,,,,,,,,0.4,,0.0,,,,,,,0.0,0.0
5882,000535,*ST猴王,,,,,,,,,,0.5,,0.0,,,,,,,0.0,0.0
5883,000527,美的电器,,,,,,,,,,14.02,,0.0,,,,,,,0.0,0.0
5884,000522,白云山A,,,,,,,,,,23.27,,0.0,,,,,,,0.0,0.0
5885,000515,攀渝钛业,,,,,,,,,,15.29,,0.0,,,,,,,0.0,0.0
5886,000511,烯碳退,,,,,,,,,,0.61,,0.0,,,,,,,0.0,0.0
5887,000508,琼民源A,,,,,,,,,,,,0.0,,,,,,,,
5888,000502,绿景退,,,,,,,,,,0.59,,0.0,,,,,,,0.0,0.0
5889,000418,小天鹅A,,,,,,,,,,57.39,,0.0,,,,,,,0.0,0.0
5890,000416,*ST民控,,,,,,,,,,0.45,,0.0,,,,,,,0.0,0.0
5891,000413,ST旭电,,,,,,,,,,0.37,,0.0,,,,,,,0.0,0.0
5892,000412,ST五环,,,,,,,,,,2.89,,0.0,,,,,,,0.0,0.0
5893,000406,石油大明,,,,,,,,,,10.12,,0.0,,,,,,,0.0,0.0
5894,000405,ST鑫光,,,,,,,,,,2.86,,0.0,,,,,,,0.0,0.0
5895,000150,*ST宜康,,,,,,,,,,0.51,,0.0,,,,,,,0.0,0.0
5896,000047,ST中侨,,,,,,,,,,8.03,,0.0,,,,,,,0.0,0.0
5897,000046,*ST泛海,,,,,,,,,,0.38,,0.0,,,,,,,0.0,0.0
5898,000040,*ST旭蓝,,,,,,,,,,0.49,,0.0,,,,,,,0.0,0.0
5899,000038,大通退,,,,,,,,,,0.52,,0.0,,,,,,,0.0,0.0
5900,000033,新都退,,,,,,,,,,1.7,,0.0,,,,,,,0.0,0.0
5901,000024,招商地产,,,,,,,,,,40.5,,0.0,,,,,,,0.0,0.0
5902,000023,*ST深天,,,,,,,,,,1.72,,0.0,,,,,,,0.0,0.0
5903,000018,神城A退,,,,,,,,,,0.27,,0.0,,,,,,,0.0,0.0
5904,000016,*ST康佳A,,,,,,,,,,2.46,,0.0,-17.14,-0.53,5923545704.0,3927620748.0,,,-13.38,-50.5
5905,000015,PT中浩A,,,,,,,,,,6.85,,0.0,,,,,,,0.0,0.0
5906,000013,*ST石化A,,,,,,,,,,2.47,,0.0,,,,,,,0.0,0.0
5907,000005,ST星源,,,,,,,,,,0.83,,0.0,,,,,,,0.0,0.0
5908,000004,国华退,,,,,,,,,,0.51,,0.0,,,,,,,-81.52,-95.4
5909,000003,PT金田A,,,,,,,,,,2.71,,0.0,,,,,,,0.0,0.0
