序号,代码,名称,最新价,涨跌幅,涨跌额,成交量,成交额,振幅,最高,最低,今开,昨收,量比,换手率,市盈率-动态,市净率,总市值,流通市值,涨速,5分钟涨跌,60日涨跌幅,年初至今涨跌幅
1,301655,N绿控,32.49,282.24,23.99,355160.0,1325174224.27,139.29,43.79,31.95,40.0,8.5,,78.98,63.08,9.96,14802711555.0,1461016428.0,0.0,0.06,282.24,282.24
2,920344,三元基因,24.76,29.97,5.71,55575.0,134015324.25,10.24,24.76,22.81,23.0,19.05,2.68,4.89,705.57,4.81,3016015600.0,2815909217.0,0.0,0.0,27.43,5.59
3,688276,百克生物,18.71,20.01,3.12,64896.0,121420828.0,0.0,18.71,18.71,18.71,15.59,3.02,1.57,-556.94,2.01,7739533659.0,7739533659.0,0.0,0.0,17.01,-0.8
4,301166,优宁维,34.06,20.01,5.68,55744.0,184690587.2,13.0,34.06,30.37,30.49,28.38,2.51,9.88,-86.36,1.51,2934898020.0,1921681140.0,0.0,0.0,21.21,17.08
5,300710,万隆光电,32.27,20.01,5.38,66026.0,201260048.26,20.04,32.27,26.88,27.16,26.89,3.17,8.85,-88.13,7.41,3210551981.0,2406697020.0,0.0,0.0,-17.32,3.6
6,300006,莱美药业,5.94,20.0,0.99,560066.0,332679162.42,0.0,5.94,5.94,5.94,4.95,2.19,5.3,-104.45,3.6,6272112558.0,6271576134.0,0.0,0.0,2.77,15.56
7,688433,华曙高科,103.25,20.0,17.21,109614.0,1071039365.0,18.31,103.25,87.5,88.0,86.04,1.7,2.64,2543.53,20.02,42908381728.0,42908381728.0,0.0,0.0,3.39,56.16
8,300363,博腾股份,24.48,20.0,4.08,545417.0,1283285641.58,14.07,24.48,21.61,22.4,20.4,1.5,11.01,119.36,2.51,13303464468.0,12131168676.0,0.0,0.0,65.85,5.75
9,688114,华大智造,69.11,20.0,11.52,69097.0,467601061.0,8.87,69.11,64.0,64.0,57.59,0.54,1.66,-68.42,4.06,28785431472.0,28724716195.0,0.0,0.0,31.66,13.74
10,688137,近岸蛋白,67.49,20.0,11.25,23113.0,155992742.0,0.0,67.49,67.49,67.49,56.24,0.3,3.31,-111.24,2.33,4718728903.0,4718728903.0,0.0,0.0,51.73,68.51
11,688185,康希诺,64.43,20.0,10.74,32995.0,212586914.0,0.0,64.43,64.43,64.43,53.69,1.31,2.88,-98.44,3.23,15917032098.0,7369046011.0,0.0,0.0,6.69,2.51
12,300142,沃森生物,15.12,20.0,2.52,670884.0,1014376471.92,0.0,15.12,15.12,15.12,12.6,0.97,4.25,54.62,3.35,24182149940.0,23846327392.0,0.0,0.0,15.16,40.52
13,300765,石药创新,51.78,20.0,8.63,645222.0,3228159926.11,14.11,51.78,45.69,49.96,43.15,2.28,4.59,28.83,18.48,72729822640.0,72729822640.0,0.0,0.0,89.74,43.55
14,300841,康华生物,60.31,20.0,10.05,84650.0,506960588.49,4.6,60.31,58.0,59.78,50.26,1.57,6.96,27.76,2.17,7837097479.0,7332208394.0,0.0,0.0,28.57,-15.96
15,688356,键凯科技,89.45,20.0,14.91,5802.0,51894775.0,0.0,89.45,89.45,89.45,74.54,0.31,0.96,60.51,4.11,5425205115.0,5425205115.0,0.0,0.0,16.38,9.23
16,688426,康为世纪,22.87,19.99,3.81,21298.0,47767775.0,14.59,22.87,20.09,20.5,19.06,1.44,1.9,-41.9,1.92,2572731285.0,2566644480.0,0.0,0.0,19.99,-4.03
17,300009,安科生物,10.15,19.98,1.69,2007285.0,1966375312.99,9.93,10.15,9.31,9.4,8.46,4.85,16.32,25.3,3.92,16957612186.0,12487009405.0,0.0,0.0,26.56,8.91
18,688105,诺唯赞,25.52,19.98,4.25,127543.0,323206291.0,2.91,25.52,24.9,25.0,21.27,0.68,2.47,788.77,3.66,13193458833.0,13193458833.0,0.0,0.0,69.23,69.91
19,300601,康泰生物,14.47,19.98,2.41,1022693.0,1447691315.49,7.96,14.47,13.51,13.51,12.06,5.85,11.36,121.19,1.77,16161980963.0,13028747368.0,0.0,0.0,12.78,-1.83
20,688658,悦康药业,15.49,19.98,2.58,132671.0,205507689.0,0.0,15.49,15.49,15.49,12.91,0.93,2.95,-52.64,2.12,6970500000.0,6970500000.0,0.0,0.0,-16.94,-31.49
21,300122,智飞生物,14.48,19.97,2.41,616556.0,892674491.08,0.17,14.48,14.46,14.47,12.07,2.17,4.36,-22.32,2.24,34662075537.0,20479154471.0,0.0,0.0,5.08,-23.26
22,300109,新开源,15.98,19.97,2.66,868611.0,1362583744.04,9.01,15.98,14.78,14.98,13.32,11.33,16.78,35.59,2.56,9218167285.0,8269738481.0,0.0,0.0,11.9,14.88
23,688238,和元生物,8.04,19.11,1.29,985484.0,782429258.0,8.59,8.1,7.52,7.6,6.75,3.29,15.22,-24.58,3.85,5218255068.0,5205362124.0,-0.62,-0.62,35.58,20.72
24,688143,长盈通,149.5,18.41,23.24,280104.0,4030186627.0,20.24,151.51,125.96,129.29,126.26,1.34,22.89,815.97,14.27,19252729899.0,18294976687.0,0.32,0.2,0.36,198.05
25,300570,太辰光,213.4,18.38,33.13,393069.0,7949703268.32,19.71,216.2,180.66,184.12,180.27,1.62,20.45,137.45,29.05,48468873418.0,41013943093.0,0.01,-0.35,32.58,86.29
26,301047,义翘神州,131.51,17.55,19.63,210248.0,2622872390.35,19.81,134.26,112.1,119.0,111.88,1.45,17.58,124.4,3.08,15996447940.0,15726047468.0,0.18,0.0,102.79,98.06
27,301122,采纳股份,39.0,17.47,5.8,112005.0,426237223.13,19.79,39.84,33.27,33.95,33.2,2.79,14.81,90.92,2.58,4767580662.0,2949985662.0,0.08,0.31,38.89,49.88
28,300112,万讯自控,9.91,16.73,1.42,416854.0,393795183.36,18.26,9.97,8.42,8.52,8.49,2.25,17.54,-973.07,2.89,2853625190.0,2354551060.0,-0.2,-0.3,35.2,15.1
29,688617,惠泰医疗,266.22,16.51,37.73,48877.0,1277040627.0,11.57,271.0,244.57,251.31,228.49,3.17,3.45,35.06,12.2,37677893508.0,37677893508.0,0.46,-0.49,21.7,9.88
30,300676,华大基因,43.78,16.44,6.18,477085.0,2096420694.75,10.82,45.12,41.05,42.15,37.6,4.67,11.47,-480.91,2.17,18313921544.0,18214053891.0,-0.05,0.3,19.19,-3.48
31,301093,华兰股份,82.96,16.17,11.55,126943.0,1016860636.01,16.8,84.5,72.5,78.52,71.41,2.61,6.24,7250.64,8.05,17681378704.0,16881034050.0,0.0,0.11,-14.39,111.26
32,301207,华兰疫苗,20.25,15.78,2.76,291102.0,573308905.47,9.49,20.36,18.7,18.88,17.49,5.77,4.85,81.43,2.31,12170806875.0,12163125038.0,0.0,0.15,16.65,13.51
33,688536,思瑞浦,309.94,15.31,41.14,95244.0,2891050680.0,10.79,315.0,286.0,286.0,268.8,2.59,7.02,69.53,6.46,42795115201.0,42043044551.0,-0.02,-0.05,-2.16,94.04
34,688315,诺禾致源,17.1,15.0,2.23,290043.0,504498182.0,11.03,17.84,16.2,16.4,14.87,2.55,6.97,60.42,2.68,7117020000.0,7117020000.0,0.0,0.41,13.77,29.15
35,688670,金迪克,17.43,13.77,2.11,74962.0,132880710.0,14.23,18.38,16.2,16.2,15.32,5.91,6.08,-23.98,1.99,2147376000.0,2147376000.0,0.0,0.06,0.64,-13.84
36,301205,联特科技,299.5,13.45,35.5,103354.0,2973645155.94,13.58,302.5,266.66,271.08,264.0,1.19,12.34,3197.85,24.12,38960307750.0,25081690395.0,-0.1,-0.15,22.85,77.95
37,688266,泽璟制药-U,138.34,12.89,15.8,142758.0,1873797581.0,16.96,143.68,122.9,127.65,122.54,2.08,5.39,28.61,21.28,36619730451.0,36619730451.0,-0.04,0.98,37.27,49.23
38,920009,丹娜生物,39.73,12.81,4.51,16722.0,66678805.84,18.34,42.66,36.2,36.2,35.22,3.87,16.59,42.04,4.61,3080902580.0,400478400.0,-0.2,-0.33,5.25,-26.22
39,300976,达瑞电子,60.0,12.74,6.78,94023.0,547302749.88,14.51,61.51,53.79,54.28,53.22,1.88,7.81,34.55,3.05,11227916700.0,7222540980.0,-0.02,0.05,-8.16,41.01
40,301080,百普赛斯,96.66,12.72,10.91,331231.0,3137719681.82,15.77,102.79,89.27,92.0,85.75,1.52,26.11,87.6,6.21,16207857746.0,12260098831.0,0.13,-0.24,134.67,81.01
41,301081,严牌股份,13.47,12.72,1.52,82398.0,107276671.57,14.81,13.65,11.88,12.01,11.95,2.12,3.67,266.2,2.8,3148120643.0,3023779477.0,0.3,0.52,-32.35,33.63
42,301529,福赛科技,99.15,12.66,11.14,63891.0,607074316.28,18.13,101.96,86.0,89.01,88.01,1.41,10.05,95.51,8.39,11741718184.0,6302635727.0,0.0,0.01,-21.2,22.48
43,300545,联得装备,32.21,12.31,3.53,234962.0,734746108.26,14.44,32.7,28.56,29.15,28.68,3.0,19.65,54.95,2.77,5973710921.0,3850993296.0,0.66,0.47,-7.07,5.3
44,301196,唯科科技,90.34,12.2,9.82,96130.0,840500366.69,12.68,91.52,81.31,81.97,80.52,1.2,8.92,51.98,4.54,14835040543.0,9738263177.0,0.31,0.48,-12.85,48.15
45,688628,优利德,82.34,12.18,8.94,86531.0,689385401.0,14.06,83.6,73.28,74.16,73.4,1.79,7.74,32.87,6.94,9202943196.0,9202943196.0,0.26,0.41,-9.71,165.27
46,300171,东富龙,14.9,11.95,1.59,538797.0,805475105.22,13.0,15.88,14.15,14.8,13.31,2.44,9.58,103.68,1.45,11410837796.0,8383594590.0,0.0,0.07,26.38,-4.61
47,920946,森萱医药,11.2,11.78,1.18,295182.0,362430793.7,19.16,13.02,11.1,12.98,10.02,2.85,6.92,25.41,3.84,4781485408.0,4780015408.0,0.81,-0.36,20.69,7.8
48,688289,圣湘生物,17.45,11.5,1.8,296123.0,508740184.0,14.12,18.31,16.1,16.5,15.65,2.96,5.11,50.82,1.44,10110320705.0,10110320705.0,-0.23,-0.29,6.53,-6.43
49,301335,天元宠物,24.17,11.43,2.48,63347.0,148592648.5,11.25,24.32,21.88,22.12,21.69,1.79,7.17,58.09,1.6,3088875243.0,2136433359.0,-0.04,0.12,6.43,-15.9
50,301550,斯菱智驱,84.03,11.4,8.6,154724.0,1247742692.14,17.19,86.86,73.89,77.09,75.43,1.18,7.54,179.56,15.67,28179355463.0,17247083638.0,0.0,-0.26,-32.57,-11.96
51,688653,康希通信,14.73,11.17,1.48,273857.0,396818802.0,12.75,15.14,13.45,13.87,13.25,2.29,8.66,320.65,4.34,6252590400.0,4660742824.0,0.27,0.2,-5.46,21.23
52,920045,蘅东光,382.05,11.06,38.05,18153.0,673708760.41,14.21,395.58,346.69,353.0,344.0,1.2,6.44,108.25,32.52,36409428802.0,10765614645.0,0.01,0.77,-2.93,73.4
53,301419,阿莱德,40.2,11.05,4.0,113619.0,445109687.49,18.54,42.5,35.79,37.2,36.2,0.93,11.46,121.82,6.52,6030000000.0,3986161650.0,-0.2,-0.07,2.34,50.11
54,688619,罗普特,15.41,11.02,1.53,74857.0,113063794.0,12.18,15.7,14.01,14.14,13.88,2.51,4.04,-71.43,4.35,2857600227.0,2857600227.0,0.06,-0.26,-14.39,13.31
55,300813,泰林生物,21.71,10.65,2.09,79073.0,171054735.36,13.97,22.77,20.03,20.2,19.62,2.51,10.4,135.9,3.28,2631235044.0,1651068795.0,-0.09,0.23,-2.16,-11.53
56,688286,敏芯股份,51.28,10.45,4.85,152894.0,773414300.0,17.85,54.72,46.43,49.0,46.43,1.81,19.52,-97.4,3.88,4015917357.0,4015917357.0,0.0,-0.12,2.5,-8.95
57,300149,睿智医药,11.35,10.41,1.07,780376.0,872881100.85,15.37,12.0,10.42,10.98,10.28,1.66,16.2,-78.92,4.4,5731588909.0,5465992973.0,0.09,0.44,34.16,18.72
58,688052,纳芯微,245.3,10.35,23.0,50657.0,1235926158.0,12.89,252.88,224.22,225.0,222.3,1.4,3.53,-280.58,5.24,40107837089.0,35178533589.0,0.0,0.2,-6.73,55.08
59,300486,东杰智能,21.83,10.25,2.03,212838.0,461217310.96,11.57,22.29,20.0,20.05,19.8,2.25,4.46,293.2,6.15,10416161273.0,10413030654.0,0.0,-0.05,5.2,11.38
60,301360,荣旗科技,55.79,10.24,5.18,67534.0,384306700.07,19.26,60.73,50.98,51.9,50.61,3.77,19.83,-1766.5,3.27,3893336392.0,1899901001.0,0.02,-0.04,-12.9,2.8
61,688202,美迪西,110.0,10.15,10.14,136713.0,1469866228.0,11.59,113.6,102.03,105.0,99.86,1.41,10.18,236.61,7.55,14778740240.0,14778740240.0,0.01,0.01,80.98,95.04
62,600327,大东方,4.24,10.13,0.39,519620.0,215283196.0,9.87,4.24,3.86,3.88,3.85,1.55,5.87,51.71,1.33,3751465156.0,3751465156.0,0.0,0.0,18.44,-14.34
63,688222,成都先导,38.7,10.1,3.55,325933.0,1261506841.0,11.07,40.57,36.68,38.0,35.15,1.31,8.13,93.41,10.44,15506316000.0,15506316000.0,-0.1,-0.03,22.78,65.95
64,002038,双鹭药业,6.44,10.09,0.59,170068.0,109523779.12,0.0,6.44,6.44,6.44,5.85,0.49,2.0,-19.21,1.3,6616134000.0,5486308875.0,0.0,0.0,10.46,-12.5
65,300843,胜蓝股份,145.38,10.08,13.31,123858.0,1758914969.84,11.21,147.26,132.45,132.45,132.07,1.29,7.72,165.0,14.76,23799849704.0,23333417019.0,0.08,0.05,55.79,182.51
66,002726,ST龙大,2.95,10.07,0.27,1409080.0,401246067.7,12.69,2.95,2.61,2.66,2.68,1.27,10.36,-1010.36,3.48,4015347085.0,4012931035.0,0.0,0.0,78.79,-28.22
67,688210,统联精密,31.4,10.06,2.87,65372.0,198416568.0,10.66,31.58,28.54,28.68,28.53,1.4,4.02,-64.11,3.99,5107539951.0,5107539951.0,-0.06,0.29,-34.85,-43.24
68,920206,彩客科技,43.56,10.06,3.98,46210.0,192021134.54,17.46,44.44,37.53,38.0,39.58,2.5,16.79,18.13,3.53,3116553648.0,1198993487.0,-0.05,0.53,43.86,43.86
69,000017,深中华A,6.46,10.05,0.59,104706.0,66504399.65,9.37,6.46,5.91,5.91,5.87,1.69,2.38,182.0,11.41,4452134667.0,2847709803.0,0.0,0.0,19.63,-17.92
70,603801,志邦家居,7.23,10.05,0.66,206581.0,147231727.0,6.85,7.23,6.78,6.86,6.57,3.11,4.76,-8.32,1.05,3140361222.0,3140361222.0,0.0,0.0,0.7,-17.47
71,600649,城投控股,4.16,10.05,0.38,1300660.0,530918507.0,10.85,4.16,3.75,3.76,3.78,5.88,5.22,356.63,0.49,10365891195.0,10365891195.0,0.0,0.0,9.47,-5.67
72,002399,海普瑞,11.28,10.05,1.03,87847.0,98805009.72,2.54,11.28,11.02,11.02,10.25,1.08,0.7,22.06,1.38,16551101181.0,14068435221.0,0.0,0.0,15.57,-3.18
73,600613,神奇制药,8.56,10.03,0.78,601592.0,514941963.0,0.77,8.56,8.5,8.56,7.78,0.97,12.55,88.71,2.0,4571653136.0,4102979012.0,0.0,0.0,67.84,42.67
74,600539,狮头股份,15.36,10.03,1.4,287189.0,432387996.0,11.53,15.36,13.75,13.96,13.96,2.17,12.49,1678.23,11.76,3532800000.0,3532800000.0,0.0,0.0,-5.54,50.88
75,002313,日海智能,8.78,10.03,0.8,209608.0,179593968.0,10.9,8.78,7.91,8.0,7.98,2.45,5.6,113.6,38.19,3287232000.0,3287050254.0,0.0,0.0,-6.7,-13.84
76,001210,金房能源,29.76,10.02,2.71,49669.0,145946380.5,5.95,29.76,28.15,28.15,27.05,0.41,3.72,12.31,4.55,6533443321.0,3970575956.0,0.0,0.0,46.89,146.77
77,002667,*ST威领,17.46,10.02,1.59,6482.0,11317572.0,0.0,17.46,17.46,17.46,15.87,0.04,0.27,-116.13,-86.33,4549927590.0,4131228060.0,0.0,0.0,-15.37,33.38
78,603988,中电电机,21.2,10.02,1.93,64458.0,135831445.0,7.27,21.2,19.8,19.8,19.27,0.53,2.74,276.94,7.6,4986240000.0,4986240000.0,0.0,0.0,0.19,-12.61
79,300936,中英科技,88.14,10.02,8.03,56889.0,502152439.24,14.16,92.44,81.1,82.0,80.11,1.49,12.0,-1499.04,6.58,6628128000.0,4179704568.0,0.12,-0.38,-5.73,126.0
80,600683,京投发展,10.65,10.02,0.97,770123.0,795905652.0,8.68,10.65,9.81,9.87,9.68,1.25,10.4,-12.59,-5.39,7889281408.0,7889281408.0,0.0,0.0,-34.82,149.41
81,603637,镇海股份,14.06,10.02,1.28,111592.0,153321761.0,10.56,14.06,12.71,13.0,12.78,1.73,4.68,-445.61,3.29,3355923431.0,3355923431.0,0.0,0.0,-29.28,30.55
82,001360,南矿集团,18.11,10.02,1.65,60084.0,106572249.0,7.96,18.11,16.8,16.8,16.46,0.96,4.79,71.36,2.66,3694440000.0,2272521651.0,0.0,0.0,-21.33,-15.18
83,001333,光华股份,22.19,10.01,2.02,50976.0,110018983.97,9.37,22.19,20.3,20.52,20.17,2.75,3.98,28.89,1.64,2840320000.0,2840320000.0,0.0,0.0,-5.93,4.97
84,603958,哈森股份,18.68,10.01,1.7,168792.0,299677169.0,14.96,18.68,16.14,16.98,16.98,1.98,7.69,59.51,6.29,4097644800.0,4097644800.0,0.0,0.0,-16.04,40.45
85,000007,全新好,12.09,10.01,1.1,181150.0,214508936.77,10.56,12.09,10.93,11.16,10.99,1.67,5.23,-482.4,23.39,4188556852.0,4188556852.0,0.0,0.0,0.92,5.68
86,603036,如通股份,15.49,10.01,1.41,186741.0,284477844.0,8.59,15.49,14.28,14.33,14.08,3.09,9.06,36.08,2.34,3191033327.0,3191033327.0,0.0,0.0,14.4,-26.76
87,603882,金域医学,30.76,10.01,2.8,108929.0,331003648.0,6.65,30.76,28.9,29.29,27.96,1.12,2.37,83.25,2.24,14249824539.0,14153739589.0,0.0,0.0,17.09,11.94
88,600211,西藏药业,41.86,10.01,3.81,145084.0,596200862.0,5.1,41.86,39.92,40.25,38.05,2.55,4.5,11.1,3.45,13492281545.0,13492281545.0,0.0,0.0,7.8,0.43
89,002903,宇环数控,30.67,10.01,2.79,215997.0,638273892.65,11.37,30.67,27.5,27.88,27.88,1.46,20.08,-138.04,6.13,4774138205.0,3299047656.0,0.0,0.0,-27.06,33.35
90,001277,速达股份,36.27,10.01,3.3,61775.0,222483222.37,6.58,36.27,34.1,36.27,32.97,5.01,13.56,47.97,1.78,2756520000.0,1652079966.0,0.0,0.0,10.75,-7.38
91,002552,宝鼎科技,57.04,10.01,5.19,385100.0,2128262365.92,13.54,57.04,50.02,53.28,51.85,0.9,10.45,83.77,14.13,22130683280.0,21019427605.0,0.0,0.0,12.88,245.49
92,605116,奥锐特,22.0,10.0,2.0,81562.0,175428024.0,8.9,22.0,20.22,21.13,20.0,1.9,2.01,34.95,3.49,8936031148.0,8936031148.0,0.0,0.0,11.11,-10.97
93,603016,新宏泰,30.68,10.0,2.79,52275.0,157191578.0,10.61,30.68,27.72,28.28,27.89,2.13,3.53,88.85,5.58,4545548800.0,4545548800.0,0.0,0.0,-32.39,3.02
94,605080,浙江自然,22.34,10.0,2.03,101702.0,222597846.0,10.49,22.34,20.21,20.29,20.31,7.14,7.25,10.97,1.4,3147911975.0,3135445808.0,0.0,0.0,-14.67,-2.27
95,603392,万泰生物,30.81,10.0,2.8,68274.0,208890650.0,3.25,30.81,29.9,29.9,28.01,1.08,0.54,-151.8,3.32,38955942291.0,38955942291.0,0.0,0.0,-9.94,-31.44
96,002880,卫光生物,21.89,10.0,1.99,27096.0,58704782.84,8.24,21.89,20.25,20.25,19.9,1.7,1.19,55.93,2.06,4964652000.0,4964652000.0,0.0,0.0,-12.79,-13.48
97,003010,若羽臣,29.16,10.0,2.65,155313.0,437117570.2,10.6,29.16,26.35,26.57,26.51,1.51,6.87,31.35,12.97,9070494320.0,6594306027.0,0.0,0.0,14.04,-15.89
98,603578,三星新材,13.75,10.0,1.25,56800.0,75630301.0,10.08,13.75,12.49,12.78,12.5,1.49,3.15,-266.65,2.27,3218332755.0,2479909190.0,0.0,0.0,-18.83,13.82
99,603580,艾艾精工,74.79,10.0,6.8,132228.0,957283141.0,11.16,74.79,67.2,67.9,67.99,1.17,10.12,861.99,21.84,9773048628.0,9773048628.0,0.0,0.0,214.91,361.67
100,603177,德创环保,11.0,10.0,1.0,68945.0,73558904.0,9.5,11.0,10.05,10.16,10.0,0.53,3.38,-48.54,6.96,2246112000.0,2246112000.0,0.0,0.0,4.66,-1.17
101,600250,南京商旅,9.24,10.0,0.84,276332.0,248528336.0,9.52,9.24,8.44,8.61,8.4,5.7,8.83,156.59,4.63,2890192573.0,2890192573.0,0.0,0.0,0.22,-19.72
102,603590,康辰药业,34.33,10.0,3.12,25813.0,88614847.0,0.42,34.33,34.2,34.33,31.21,1.0,1.63,28.9,1.72,5458829675.0,5431811965.0,0.0,0.0,-2.8,-12.87
103,603285,键邦股份,37.51,10.0,3.41,47433.0,175136820.0,9.41,37.51,34.3,34.5,34.1,0.59,7.61,47.21,3.57,6001600000.0,2336752218.0,0.0,0.0,-23.4,55.64
104,601877,正泰电器,26.28,10.0,2.39,396295.0,1034728761.0,4.98,26.28,25.09,25.09,23.89,2.35,1.84,9.02,1.23,56474904689.0,56474904689.0,0.0,0.0,-10.09,-3.74
105,002579,中京电子,15.29,10.0,1.39,332540.0,495325958.77,10.0,15.29,13.9,14.3,13.9,0.47,5.7,416.69,3.9,9366938700.0,8920367859.0,0.0,0.0,-7.56,25.53
106,002581,*ST未名,5.72,10.0,0.52,279703.0,155381821.84,10.96,5.72,5.15,5.28,5.2,1.21,6.98,-17.4,2.09,3773687552.0,2292525441.0,0.0,0.0,35.87,-23.73
107,603666,亿嘉和,26.07,10.0,2.37,64290.0,160637436.0,9.54,26.07,23.81,23.93,23.7,1.66,3.13,-26.39,2.53,5358178049.0,5358178049.0,0.0,1.44,-16.68,-12.22
108,002437,誉衡药业,4.73,10.0,0.43,4821303.0,2222111536.99,7.91,4.73,4.39,4.62,4.3,0.67,22.96,27.78,4.42,10547276236.0,9933727715.0,0.0,0.0,59.26,54.07
109,002940,昂利康,28.41,9.99,2.58,185417.0,520697281.57,4.41,28.41,27.27,28.07,25.83,2.09,10.01,81.16,3.55,5731097764.0,5263657295.0,0.0,0.0,-22.65,-14.86
110,000590,古汉医药,9.69,9.99,0.88,34823.0,33544631.39,7.95,9.69,8.99,9.04,8.81,1.21,1.45,-85.14,4.29,2320476577.0,2319384127.0,0.0,0.0,-3.77,-13.56
111,603626,科森科技,16.95,9.99,1.54,493995.0,814107502.0,11.03,16.95,15.25,15.57,15.41,1.36,8.9,6.1,4.13,9405210746.0,9405210746.0,0.0,0.0,-33.45,-19.05
112,002491,通鼎互联,19.27,9.99,1.75,2247407.0,4235345286.45,11.93,19.27,17.18,17.91,17.52,0.92,19.1,58.51,8.87,23701994015.0,22670553699.0,0.0,0.0,-9.27,221.17
113,002811,郑中设计,13.32,9.99,1.21,165756.0,214846231.2,9.25,13.32,12.2,12.49,12.11,1.1,5.87,28.7,2.89,4102160467.0,3764058281.0,0.0,0.0,12.12,-9.63
114,603376,大明电子,28.4,9.99,2.58,42703.0,119941809.0,10.07,28.4,25.8,25.8,25.82,2.03,13.34,209.9,6.71,11360028400.0,908822720.0,0.0,0.0,-4.25,-22.74
115,002412,汉森制药,9.26,9.98,0.84,43481.0,40263424.52,0.0,9.26,9.26,9.26,8.42,0.14,0.87,30.33,2.05,4659632000.0,4610044700.0,0.0,0.0,47.22,51.55
116,000520,凤凰航运,4.41,9.98,0.4,313070.0,135718201.44,5.49,4.41,4.19,4.19,4.01,1.12,3.09,74.66,9.98,4463288037.0,4463288037.0,0.0,0.0,20.49,-8.88
117,000931,中 关 村,4.63,9.98,0.42,116099.0,53753739.77,0.0,4.63,4.63,4.63,4.21,0.85,1.55,-53.63,2.17,3486977927.0,3477266733.0,0.0,0.0,11.3,-4.54
118,603716,塞力医疗,17.3,9.98,1.57,206504.0,350012616.0,6.99,17.3,16.2,16.49,15.73,1.25,9.15,-55.74,3.54,3906180321.0,3906180321.0,0.0,0.0,-1.65,-15.82
119,002365,永安药业,15.76,9.98,1.43,731154.0,1141291962.65,5.3,15.76,15.0,15.61,14.33,2.32,29.81,150.07,2.36,4644196200.0,3865746240.0,0.0,0.0,34.82,6.34
120,603519,立霸股份,16.53,9.98,1.5,204182.0,333642629.0,6.92,16.53,15.49,15.93,15.03,2.48,7.67,22.31,4.14,4402399179.0,4402399179.0,0.0,0.0,41.89,49.73
121,000710,贝瑞基因,9.37,9.98,0.85,153198.0,142630809.0,4.34,9.37,9.0,9.1,8.52,0.79,4.65,-41.96,2.28,3312496127.0,3087695379.0,0.0,0.0,6.84,-17.01
122,600127,金健米业,8.6,9.97,0.78,2785813.0,2357097467.0,6.39,8.6,8.1,8.14,7.82,7.71,43.41,7883.66,8.22,5519335675.0,5519335675.0,0.0,0.0,44.54,27.98
123,000523,红棉股份,3.53,9.97,0.32,1989244.0,646299417.24,16.51,3.53,3.0,3.09,3.21,3.48,15.01,34.12,3.31,6479203667.0,4677815344.0,0.0,0.0,13.5,-6.37
124,601700,风范股份,7.5,9.97,0.68,825474.0,612844900.0,8.8,7.5,6.9,6.9,6.82,0.39,7.25,75.18,3.97,8540679750.0,8540679750.0,0.0,0.0,40.45,32.51
125,002743,富煌钢构,4.42,9.95,0.4,465683.0,200992733.6,10.45,4.42,4.0,4.05,4.02,4.67,10.72,-10.67,0.83,1923886673.0,1920803723.0,0.0,0.0,-7.53,-18.75
126,002030,达安基因,5.97,9.94,0.54,359430.0,213092196.32,4.6,5.97,5.72,5.73,5.43,1.31,2.56,-21.34,1.19,8378572811.0,8378572811.0,0.0,0.0,-11.56,0.17
127,603828,*ST利达,4.98,9.93,0.45,54677.0,26448083.0,11.04,4.98,4.48,4.5,4.53,1.83,0.92,243.54,5.8,2967881587.0,2967779333.0,0.0,0.0,-15.45,-40.57
128,601118,海南橡胶,6.2,9.93,0.56,1955071.0,1162765611.0,12.59,6.2,5.49,5.55,5.64,2.12,4.57,-50.04,2.77,26532452341.0,26532452341.0,0.0,0.0,-0.64,5.98
129,688710,益诺思,100.1,9.92,9.03,51451.0,507745935.0,12.2,103.69,92.58,95.0,91.07,1.54,5.67,288.98,6.04,14112059462.0,9078465796.0,0.84,0.43,64.31,126.73
130,002172,澳洋健康,4.44,9.9,0.4,2016839.0,829644047.7,16.58,4.44,3.77,4.04,4.04,1.53,26.36,70.35,16.99,3399851678.0,3397224841.0,0.0,0.0,33.73,11.84
131,300725,药石科技,54.38,9.84,4.87,458693.0,2492887553.53,13.01,57.35,50.91,52.0,49.51,1.37,22.63,63.93,2.8,12714443204.0,11023932742.0,0.15,-0.02,50.55,42.06
132,688057,金达莱,19.16,9.8,1.71,102489.0,196132423.0,16.91,20.35,17.4,17.9,17.45,2.18,3.71,98.02,1.69,5288160000.0,5288160000.0,0.1,0.26,30.43,59.4
133,301183,东田微,225.38,9.74,20.0,82322.0,1792201320.31,13.53,229.8,202.02,209.48,205.38,1.35,14.02,103.77,17.44,18047607763.0,13229710890.0,0.0,0.12,-9.8,45.49
134,301230,泓博医药,37.53,9.74,3.33,351989.0,1327299441.13,14.09,40.3,35.48,36.04,34.2,1.5,21.63,71.39,6.77,6790720459.0,6107929400.0,0.16,0.11,37.02,64.53
135,600491,ST龙元,1.71,9.62,0.15,1529395.0,245083624.0,14.1,1.72,1.5,1.56,1.56,1.01,10.0,-5.07,0.38,2615886103.0,2615886103.0,0.0,0.59,37.9,-35.23
136,688520,神州细胞,40.94,9.52,3.56,97759.0,404363587.0,12.36,43.55,38.93,39.0,37.38,2.79,2.2,-27.4,271.88,19255544131.0,18232044131.0,0.0,0.2,4.15,-5.47
137,688136,科兴制药,21.58,9.49,1.87,115513.0,250989067.0,10.55,22.48,20.4,20.68,19.71,2.51,5.72,-60.75,2.58,4358836300.0,4358836300.0,0.05,-0.09,2.42,-31.32
138,300661,圣邦股份,116.58,9.48,10.09,202035.0,2344349908.54,10.7,120.0,108.61,108.61,106.49,1.11,3.36,161.54,14.95,79923209086.0,70160015769.0,0.27,-0.04,-2.35,70.34
139,600381,*ST春天,4.91,9.35,0.42,139918.0,66687115.0,11.58,4.94,4.42,4.45,4.49,2.57,2.38,-44.28,2.94,2882468238.0,2882468238.0,0.2,0.0,-9.58,10.84
140,688096,京源环保,9.07,9.28,0.77,80093.0,68958695.0,10.6,9.09,8.21,8.38,8.3,1.36,3.43,-113.89,2.56,2120165097.0,2120165097.0,0.0,1.0,-26.97,14.81
141,300867,圣元环保,17.8,9.2,1.5,139045.0,239698099.03,8.77,17.8,16.37,16.37,16.3,2.08,7.26,10.76,1.21,4836990743.0,3410975232.0,0.11,0.28,-11.44,-6.17
142,301201,诚达药业,38.77,9.18,3.26,209432.0,787000231.53,10.08,39.11,35.53,36.06,35.51,1.66,19.29,214.16,2.9,5998254956.0,4208262666.0,0.0,-0.13,16.46,-4.27
143,688373,盟科药业-U,5.66,9.06,0.47,284789.0,160197533.0,10.4,5.82,5.28,5.35,5.19,1.9,4.34,-43.28,20.41,3714252631.0,3714252631.0,0.18,0.18,19.16,-6.29
144,688806,泰诺麦博-U,27.95,8.97,2.3,123154.0,347891859.0,11.77,29.77,26.75,26.75,25.65,1.71,24.14,-33.39,14.25,12872266011.0,1426167197.0,0.0,-0.18,93.29,93.29
145,688333,铂力特,106.68,8.95,8.76,184994.0,1946004619.0,15.82,112.99,97.5,99.88,97.92,1.58,6.74,436.11,5.88,29264689522.0,29264689522.0,0.08,0.06,4.87,-4.26
146,688205,德科立,166.99,8.94,13.7,152437.0,2515483695.0,14.61,175.99,153.6,155.56,153.29,1.1,9.57,135.32,10.84,26591068121.0,26591068121.0,0.2,0.22,-30.19,21.46
147,688788,科思科技,30.46,8.94,2.5,67200.0,200907969.0,13.66,31.63,27.81,29.05,27.96,2.16,3.07,-18.92,4.03,6667821049.0,6667821049.0,-0.26,-0.33,-9.02,-36.88
148,688195,腾景科技,176.28,8.9,14.4,153341.0,2687345352.0,14.06,184.89,162.13,165.2,161.88,1.05,8.47,552.91,32.03,31922545200.0,31922545200.0,-0.25,-0.53,-24.41,45.7
149,300558,贝达药业,55.7,8.85,4.53,378363.0,2047184037.37,8.01,55.98,51.88,53.88,51.17,1.63,8.97,24.99,3.45,23579574855.0,23504870961.0,-0.02,-0.04,11.8,19.68
150,688758,赛分科技,29.3,8.84,2.38,176287.0,506551450.0,9.47,29.8,27.25,28.99,26.92,1.47,5.91,85.96,8.99,12202397661.0,8736781590.0,-0.24,-0.24,50.18,65.91
151,000517,荣安地产,2.47,8.81,0.2,765484.0,183489149.28,10.57,2.48,2.24,2.26,2.27,2.2,3.07,-69.1,1.69,7864288538.0,6155206448.0,0.0,0.41,35.71,36.46
152,688062,迈威生物-U,34.1,8.67,2.72,158193.0,532652868.0,9.05,34.95,32.11,33.5,31.38,1.47,6.87,-15.74,142.62,15233499820.0,7851184000.0,0.12,0.06,6.2,-11.36
153,920026,卓兆点胶,20.44,8.67,1.63,49522.0,100778660.1,18.29,22.22,18.78,18.99,18.81,2.84,5.72,67.7,3.71,2348722463.0,1770556480.0,0.25,0.29,-6.88,-18.7
154,603838,*ST四通,10.65,8.67,0.85,63518.0,65987747.0,11.84,10.78,9.62,9.62,9.8,2.33,1.98,-71.32,3.88,3408170400.0,3408170400.0,0.38,0.28,9.79,42.38
155,300901,中胤时尚,18.57,8.66,1.48,65104.0,115681324.7,10.24,18.63,16.88,17.01,17.09,1.01,2.71,726.59,4.59,4456800000.0,4456800000.0,0.32,0.7,13.51,13.72
156,600547,山东黄金,35.4,8.59,2.8,1755510.0,6193506561.0,5.71,35.86,34.0,34.23,32.6,2.02,4.86,28.22,5.31,163191505185.0,127951294484.0,0.06,0.11,19.11,-8.12
157,000926,福星股份,2.28,8.57,0.18,1167099.0,264529668.1,10.48,2.31,2.09,2.11,2.1,4.29,7.42,-6.82,0.69,3631959685.0,3586916851.0,-0.44,-0.44,0.0,1.33
158,001225,和泰机电,46.57,8.55,3.67,37993.0,176495576.5,9.74,47.19,43.01,43.01,42.9,3.15,18.06,113.9,2.22,3053632156.0,979775659.0,0.0,0.15,-17.81,-18.1
159,300319,麦捷科技,18.45,8.53,1.45,1562914.0,2844007847.87,9.76,19.08,17.42,17.69,17.0,0.93,18.36,54.24,3.31,16376004578.0,15705935559.0,0.54,0.49,27.51,59.33
160,688180,君实生物-U,40.45,8.45,3.15,435009.0,1752795802.0,8.04,41.42,38.42,39.69,37.3,1.71,5.68,-504.88,7.04,41529605282.0,31000644217.0,-0.25,-0.47,17.76,18.41
161,688197,首药控股-U,38.96,8.43,3.03,62180.0,243373980.0,9.1,40.64,37.37,37.68,35.93,2.74,9.71,-95.99,8.71,5794105603.0,2493630203.0,0.0,-0.05,2.53,12.15
162,603123,翠微股份,9.23,8.33,0.71,652837.0,602508903.0,9.15,9.37,8.59,8.63,8.52,3.01,10.01,-60.68,4.53,7372339418.0,6020507009.0,0.0,-0.11,-10.39,-45.09
163,688313,仕佳光子,164.0,8.32,12.59,316403.0,5071166883.0,13.29,166.8,146.68,154.0,151.41,1.26,7.0,117.74,43.17,74125757792.0,74125757792.0,0.12,0.1,6.01,85.35
164,301190,善水科技,20.85,8.31,1.6,176328.0,354513658.59,10.39,20.9,18.9,19.0,19.25,2.38,12.32,29.47,2.29,4475171025.0,2983718400.0,0.0,0.72,-10.17,-1.04
165,688265,南模生物,44.85,8.25,3.42,53994.0,241335442.0,10.31,46.78,42.51,43.1,41.43,1.12,6.93,1278.7,2.05,3496663558.0,3496663558.0,0.02,0.16,23.93,9.68
166,301212,联盛化学,24.03,8.24,1.83,52769.0,122724305.44,12.61,24.3,21.5,22.53,22.2,3.0,5.63,106.52,1.94,2595240000.0,2252812500.0,0.04,0.13,-24.2,-19.52
167,301266,宇邦新材,23.3,8.22,1.77,80301.0,183238080.32,10.08,23.83,21.66,21.71,21.53,2.42,5.92,26.08,1.86,3331305035.0,3160234524.0,-0.34,-0.38,-11.1,-16.22
168,300358,楚天科技,9.25,8.19,0.7,726242.0,680374787.23,6.67,9.54,8.97,8.97,8.55,3.03,10.3,24.39,1.2,6614606365.0,6519989799.0,-0.11,-0.11,8.31,-4.84
169,300487,蓝晓科技,69.96,8.16,5.28,148679.0,1045831393.8,9.03,72.34,66.5,66.5,64.68,2.68,4.83,42.35,7.78,35619135111.0,21549038693.0,0.23,0.07,17.19,13.61
170,300697,电工合金,15.16,8.13,1.14,208700.0,310158643.55,7.99,15.4,14.28,14.28,14.02,2.01,6.3,26.28,5.28,6558822400.0,5021598400.0,-0.07,-0.26,-8.73,-8.78
171,300991,创益通,29.41,8.09,2.2,39991.0,114621883.72,11.14,30.1,27.07,27.79,27.21,1.85,4.34,-164.67,6.75,4235040000.0,2709896220.0,-0.57,-0.78,-31.27,-30.28
172,688098,申联生物,8.72,8.05,0.65,113359.0,98850218.0,7.43,8.9,8.3,8.3,8.07,2.13,2.76,-517.17,2.58,3580815680.0,3580815680.0,0.11,0.0,9.27,-1.8
173,600129,太极集团,16.63,7.99,1.23,550273.0,904743912.0,9.35,16.94,15.5,15.66,15.4,1.23,9.98,34.94,2.57,9170084417.0,9170084417.0,-0.06,0.0,17.03,-7.87
174,601238,广汽集团,5.41,7.98,0.4,709325.0,373289042.0,9.38,5.48,5.01,5.01,5.01,3.6,0.96,-21.01,0.53,55166126519.0,39945803989.0,0.0,-0.18,-12.6,-33.7
175,300903,科翔股份,78.82,7.96,5.81,341525.0,2667231374.13,10.86,81.3,73.37,77.0,73.01,1.16,9.72,-164.98,18.79,34317168896.0,27695751422.0,0.14,0.5,6.05,308.61
176,002943,宇晶股份,35.33,7.94,2.6,133758.0,456245224.9,9.56,35.63,32.5,33.38,32.73,1.16,7.08,-120.9,10.87,9427315456.0,6672148933.0,0.0,0.66,-43.4,15.76
177,600988,赤峰黄金,46.1,7.91,3.38,1026165.0,4749695728.0,5.71,46.99,44.55,45.0,42.72,1.78,6.17,22.16,6.4,87608955306.0,76706314526.0,-0.02,0.22,28.99,49.09
178,603400,华之杰,50.78,7.88,3.71,88034.0,433334000.0,11.37,51.78,46.43,46.95,47.07,1.8,24.3,74.49,5.54,6592771209.0,1839763209.0,0.02,0.02,-8.69,28.04
179,301257,普蕊斯,52.21,7.87,3.81,76469.0,398045574.06,9.15,54.1,49.67,52.48,48.4,1.3,10.15,85.76,3.23,4124839042.0,3932400239.0,0.0,-0.1,17.22,0.48
180,600869,远东股份,16.6,7.79,1.2,1839844.0,2970077910.0,10.84,16.9,15.23,15.62,15.4,1.27,8.29,95.32,8.61,36841255584.0,36841255584.0,0.0,-0.12,-21.55,106.47
181,603113,金能科技,5.55,7.77,0.4,791678.0,420812276.0,13.01,5.57,4.9,5.11,5.15,5.38,9.33,-1.99,0.65,4709122919.0,4709122919.0,0.0,0.0,9.25,-8.42
182,301326,捷邦科技,108.28,7.73,7.77,27354.0,293390670.79,10.9,111.0,100.04,100.51,100.51,1.23,3.8,-131.82,6.38,7873009348.0,7804271580.0,0.01,-0.16,-34.57,-0.81
183,300836,佰奥智能,49.3,7.69,3.52,37155.0,180566456.5,10.14,50.46,45.82,46.49,45.78,1.29,5.86,161.88,7.34,4569400573.0,3128088057.0,-0.3,-0.22,-34.3,-9.87
184,002860,星帅尔,17.82,7.67,1.27,263185.0,463574407.24,9.43,18.14,16.58,16.96,16.55,2.03,7.61,31.29,2.66,6275225967.0,6164622110.0,0.0,0.06,30.07,27.29
185,300401,花园生物,15.58,7.67,1.11,389399.0,595076501.51,8.64,15.84,14.59,14.76,14.47,0.96,7.26,32.17,2.56,8488242908.0,8351353149.0,0.45,-0.13,25.75,3.8
186,300318,博晖创新,5.34,7.66,0.38,376059.0,204320594.49,15.73,5.9,5.12,5.12,4.96,4.17,4.75,-149.7,3.41,4362248643.0,4231518245.0,0.0,0.56,7.88,-14.83
187,300328,宜安科技,15.19,7.65,1.08,567963.0,852020158.99,10.99,15.65,14.1,14.35,14.11,1.8,8.27,-136.71,10.2,10487534484.0,10436175955.0,0.2,0.0,-20.09,-11.01
188,000610,*ST西旅,6.2,7.64,0.44,46583.0,28051363.8,8.68,6.25,5.75,5.76,5.76,2.32,1.98,-13.78,-18.08,1467836986.0,1460109573.0,0.0,1.14,-14.13,-50.24
189,688319,欧林生物,29.4,7.61,2.08,152478.0,453561407.0,8.38,30.89,28.6,29.29,27.32,1.58,3.76,-181.29,13.71,11919033420.0,11919033420.0,0.1,0.27,-22.92,15.93
190,301033,迈普医学,60.32,7.6,4.26,24971.0,147064541.43,7.51,60.49,56.28,57.18,56.06,1.42,4.43,48.83,5.23,4046429007.0,3401248700.0,0.05,0.07,19.35,-9.7
191,688686,奥普特,123.67,7.54,8.67,30956.0,375404635.0,9.21,126.6,116.01,118.0,115.0,2.25,2.53,44.33,4.74,15116858720.0,15116858720.0,-0.39,-0.27,-19.43,0.06
192,688307,中润光学,51.26,7.49,3.57,69966.0,347810361.0,8.64,51.27,47.15,48.14,47.69,1.14,5.63,106.9,7.22,6370777336.0,6370777336.0,0.0,0.55,-35.59,67.63
193,300620,光库科技,310.96,7.49,21.66,123776.0,3752732653.04,8.99,312.51,286.5,296.6,289.3,0.92,5.0,261.08,34.32,77485182273.0,76911615620.0,0.03,-0.06,19.67,111.75
194,300244,迪安诊断,20.87,7.47,1.45,539633.0,1124466610.4,7.42,21.48,20.04,20.39,19.42,1.89,10.76,50.65,2.07,13043320829.0,10465450603.0,-0.1,-0.1,20.85,34.56
195,688766,普冉股份,480.36,7.42,33.16,177791.0,8093737821.0,11.0,480.36,431.19,450.0,447.2,1.09,11.96,43.2,21.37,71431238719.0,71431238719.0,0.08,1.02,15.61,277.97
196,300685,艾德生物,19.71,7.41,1.36,246768.0,489369753.9,7.19,20.53,19.21,19.25,18.35,2.04,6.33,22.57,4.08,7688972881.0,7678456197.0,0.05,0.1,-4.51,-1.55
197,603886,元祖股份,12.36,7.38,0.85,192577.0,230526879.0,10.77,12.44,11.2,11.4,11.51,2.22,8.02,-10.56,2.22,2966400000.0,2966400000.0,0.0,-0.08,17.16,-7.55
198,301021,英诺激光,77.33,7.37,5.31,115834.0,879225522.58,13.48,80.59,70.88,73.85,72.02,1.02,7.59,256.5,11.47,11821432538.0,11808303605.0,0.14,0.1,-14.44,59.28
199,605177,东亚药业,20.77,7.34,1.42,115147.0,238062693.0,10.13,21.29,19.33,19.56,19.35,2.74,10.13,-16.92,1.43,2382741981.0,2360558562.0,0.0,0.1,2.26,16.69
200,300981,中红医疗,15.4,7.32,1.05,219363.0,335945626.78,9.9,15.94,14.52,14.68,14.35,1.32,5.58,334.9,1.29,6604520369.0,6052159637.0,-0.45,-0.06,16.58,26.13
201,603199,九华旅游,34.0,7.32,2.32,63158.0,213301679.0,4.73,34.47,32.97,32.97,31.68,5.18,5.71,12.38,2.19,3763120000.0,3763120000.0,0.18,0.15,2.97,-5.53
202,000503,国新健康,7.2,7.3,0.49,460464.0,331367432.82,8.94,7.38,6.78,6.9,6.71,2.93,4.7,-36.24,7.35,7050617798.0,7050191040.0,-0.14,-0.55,5.26,-18.92
203,688302,海创药业-U,38.08,7.24,2.57,35682.0,135534512.0,5.01,38.7,36.92,37.25,35.51,2.06,3.6,-31.55,3.65,3770513972.0,3770513972.0,0.0,0.05,-6.74,-22.55
204,000426,兴业银锡,38.56,7.23,2.6,950801.0,3702467075.46,4.2,39.56,38.05,38.28,35.96,1.54,5.36,12.8,6.44,68468514096.0,68451922692.0,0.03,0.1,-6.27,8.31
205,688739,成大生物,21.54,7.22,1.45,102056.0,221323313.0,5.97,22.3,21.1,21.7,20.09,4.98,2.48,-1175.54,0.96,8970333000.0,8866625461.0,0.14,0.14,0.89,-16.06
206,300347,泰格医药,55.52,7.22,3.74,493755.0,2769717163.79,9.21,57.97,53.2,53.79,51.78,2.15,8.72,243.68,2.3,47804166296.0,31450686781.0,0.02,0.11,40.27,-1.87
207,301160,翔楼新材,44.65,7.2,3.0,59421.0,260507245.47,6.91,44.87,41.99,42.54,41.65,0.9,5.36,39.0,4.02,7443910255.0,4946201667.0,-0.09,-0.16,13.3,-9.06
208,003040,楚天龙,11.63,7.19,0.78,305042.0,353739895.09,9.49,11.94,10.91,11.02,10.85,2.02,6.68,-109.19,3.74,5363011354.0,5313168501.0,0.0,-0.26,-12.95,-43.73
209,300560,中富通,17.92,7.18,1.2,200784.0,357514659.5,9.15,18.51,16.98,17.4,16.72,1.47,10.74,127.33,4.63,4117005706.0,3350408947.0,0.34,0.17,-3.24,10.89
210,002632,道明光学,8.69,7.15,0.58,239728.0,202048836.0,7.15,8.7,8.12,8.27,8.11,1.74,4.17,33.1,2.56,5427766092.0,4991759863.0,0.12,0.93,-14.97,-29.23
211,603061,金海通,353.76,7.14,23.59,48566.0,1670031767.0,11.51,356.99,319.0,331.0,330.17,1.21,5.58,93.26,18.26,30777120000.0,30777120000.0,0.05,0.06,19.92,266.32
212,688091,上海谊众,42.48,7.14,2.83,85366.0,365272616.0,5.83,43.81,41.5,43.0,39.65,2.08,4.14,120.83,6.06,8780770627.0,8753983206.0,0.0,-0.14,-30.95,-9.62
213,300548,长芯博创,204.0,7.13,13.58,188709.0,3798118729.98,10.59,208.99,188.83,195.01,190.42,1.03,6.41,115.59,29.4,60140179812.0,60018545220.0,-0.1,-0.33,-11.56,43.96
214,300649,杭州园林,25.87,7.12,1.72,85640.0,221877607.0,10.43,26.91,24.39,24.75,24.15,1.54,8.07,-90.98,7.87,3425617675.0,2745168249.0,0.08,0.0,24.98,80.78
215,002693,双成药业,9.98,7.08,0.66,562640.0,567094273.0,6.97,10.25,9.6,9.72,9.32,3.33,13.69,300.05,9.95,4138603705.0,4101596328.0,0.0,-0.1,-7.08,43.39
216,300485,赛升药业,10.3,7.07,0.68,224001.0,232636505.0,8.94,10.86,10.0,10.0,9.62,2.15,8.18,265.97,1.48,4961163920.0,2820316975.0,0.1,0.0,18.8,-2.37
217,300927,江天化学,25.94,7.06,1.71,180874.0,444263390.34,11.8,25.96,23.1,23.86,24.23,3.67,12.84,72.64,3.85,3744698400.0,3653628170.0,0.08,0.89,5.96,11.62
218,920765,美之高,14.59,7.04,0.96,27538.0,39671472.88,9.61,14.96,13.65,13.65,13.63,1.09,5.21,60.88,4.23,1268163923.0,770455647.0,-0.41,0.62,9.45,-29.28
219,301486,致尚科技,175.0,7.03,11.5,58388.0,997131248.18,9.11,176.0,161.11,166.13,163.5,0.78,8.01,-927.96,8.81,22538019875.0,12758221350.0,0.11,-0.22,-37.12,41.07
220,688217,睿昂基因,25.26,7.03,1.66,16719.0,41753766.0,6.31,25.5,24.01,24.01,23.6,1.65,2.99,-70.78,1.68,1410919933.0,1410919933.0,0.0,0.24,-2.85,-4.14
221,688807,优迅股份,310.0,6.99,20.26,31082.0,955190774.0,10.01,320.0,291.0,300.0,289.74,0.82,19.43,233.31,14.02,24800000000.0,4960000000.0,0.45,0.21,-35.64,65.83
222,300357,我武生物,25.95,6.97,1.69,339783.0,895122592.84,8.86,27.15,25.0,25.0,24.26,2.29,7.02,28.49,5.11,13587004800.0,12557573620.0,-0.04,0.23,16.11,-7.65
223,603083,剑桥科技,179.09,6.95,11.64,244744.0,4304100633.0,10.99,183.5,165.1,172.0,167.45,0.74,8.88,139.34,8.84,65949959301.0,49355121721.0,0.04,-0.27,-4.99,33.55
224,688003,天准科技,87.16,6.93,5.65,110853.0,963180796.0,7.5,89.99,83.88,84.0,81.51,1.36,5.69,86.19,8.53,16977226663.0,16977226663.0,-0.01,0.55,-16.51,49.25
225,002821,凯莱英,182.4,6.92,11.81,249672.0,4571346473.93,6.81,187.65,176.03,180.12,170.59,1.96,7.87,54.04,3.75,65785016928.0,57828799699.0,0.06,0.16,50.92,99.06
226,688772,珠海冠宇,14.87,6.9,0.96,272248.0,394376888.0,6.97,14.88,13.91,13.98,13.91,1.36,2.39,-49.95,2.45,16926218009.0,16926218009.0,0.0,0.81,-10.69,-29.96
227,002755,奥赛康,14.0,6.87,0.9,333957.0,467689689.27,7.63,14.41,13.41,13.41,13.1,3.37,3.6,38.46,4.07,12994244914.0,12994106314.0,-0.28,-0.28,-11.22,-13.63
228,300081,ST恒信,3.11,6.87,0.2,173538.0,53311413.28,8.59,3.19,2.94,2.98,2.91,1.91,2.87,-11.01,2.39,1880913747.0,1880558974.0,0.0,0.0,-19.43,-40.08
229,002522,浙江众成,5.14,6.86,0.33,505241.0,255691395.12,8.11,5.24,4.85,4.89,4.81,2.02,5.58,76.15,2.01,4655706049.0,4651802178.0,0.0,0.19,-22.36,-8.54
230,603216,梦天家居,21.14,6.82,1.35,49526.0,102652544.0,7.58,21.33,19.83,20.05,19.79,1.33,2.22,139.14,2.67,4707666600.0,4707666600.0,0.24,0.0,-14.48,-54.83
231,688221,前沿生物-U,22.07,6.82,1.41,289116.0,637964062.0,9.24,22.8,20.89,21.57,20.66,1.58,7.72,9.09,7.46,8266950872.0,8266950872.0,-0.05,-0.05,3.18,22.27
232,603303,得邦照明,23.56,6.8,1.5,29689.0,68622736.0,8.2,23.66,21.85,22.22,22.06,1.47,0.62,63.38,3.65,11236814187.0,11236814187.0,0.0,0.34,-8.61,87.13
233,600315,上海家化,18.4,6.79,1.17,249601.0,461903040.0,2.96,18.75,18.24,18.34,17.23,3.94,3.71,16.23,1.75,12368958032.0,12368958032.0,-0.05,-0.16,3.37,-17.56
234,300238,冠昊生物,12.43,6.79,0.79,155351.0,195406372.84,5.93,12.93,12.24,12.79,11.64,1.75,5.86,81.08,5.68,3295885363.0,3295616639.0,0.0,0.0,3.24,-10.25
235,688068,热景生物,111.18,6.76,7.04,62205.0,710296287.0,11.37,119.8,107.96,109.62,104.14,1.3,6.71,-37.88,4.24,10312402617.0,10312402617.0,-0.13,-0.2,29.49,-31.37
236,600692,亚通股份,6.49,6.74,0.41,144106.0,92234941.0,9.38,6.64,6.07,6.12,6.08,2.76,5.65,326.1,2.35,2282948775.0,1655018255.0,0.15,0.15,-5.53,-7.42
237,688618,三旺通信,31.26,6.73,1.97,49183.0,157582207.0,14.24,33.69,29.52,29.52,29.29,1.46,4.47,-1006.93,4.26,3440095728.0,3440095728.0,-0.45,-0.6,-16.24,17.96
238,688635,长进光子,336.47,6.72,21.2,35784.0,1191943126.0,12.43,348.48,309.28,323.0,315.27,0.78,20.15,396.21,21.06,31517144900.0,5974535275.0,-0.01,-0.04,-49.02,721.06
239,301046,能辉科技,21.94,6.71,1.38,56004.0,121378496.99,6.66,22.18,20.81,21.2,20.56,1.74,4.3,-191.6,3.34,3698810408.0,2856478958.0,-0.05,-0.23,-20.31,-6.24
240,603108,润达医疗,10.34,6.71,0.65,334625.0,342460057.0,5.88,10.48,9.91,9.91,9.69,1.69,5.53,-29.18,1.69,6251603540.0,6251603540.0,-0.1,0.0,-21.31,-30.84
241,001368,通达创智,24.35,6.7,1.53,41250.0,99383241.11,6.35,24.65,23.2,23.2,22.82,2.47,3.82,21.34,1.97,2754475993.0,2631762586.0,-0.04,-0.16,-4.51,-0.33
242,301060,兰卫医学,12.16,6.67,0.76,516106.0,638546302.06,13.95,13.19,11.6,11.86,11.4,0.92,14.33,32.98,3.22,4870286720.0,4379623509.0,0.25,-0.16,24.21,34.07
243,002319,乐通股份,11.2,6.67,0.7,161547.0,177719857.9,6.95,11.3,10.57,10.59,10.5,1.86,7.71,111.25,13.13,2346092112.0,2346092112.0,0.0,-0.44,-4.27,-6.98
244,000626,远大控股,8.34,6.65,0.52,253860.0,208140423.86,10.1,8.6,7.81,7.81,7.82,2.03,5.03,9.82,1.8,4225268046.0,4205968510.0,0.0,0.36,11.35,5.17
245,688037,芯源微,367.59,6.64,22.9,81407.0,2957540627.0,10.07,379.0,344.3,353.0,344.69,1.43,4.03,5284.25,26.5,74167346265.0,74167346265.0,0.0,0.17,41.13,147.59
246,601089,福元医药,18.14,6.64,1.13,186479.0,341336607.0,8.41,18.71,17.28,17.35,17.01,3.55,3.88,23.38,2.33,8707200000.0,8707200000.0,0.0,0.28,-0.22,-22.84
247,300072,海新能科,3.86,6.63,0.24,670737.0,252790650.55,10.22,3.94,3.57,3.63,3.62,1.49,2.88,-47.47,1.73,9069920366.0,8999054502.0,-0.26,-0.26,-0.77,-16.09
248,688513,苑东生物,48.1,6.56,2.96,52129.0,252544469.0,9.97,50.61,46.11,47.13,45.14,1.79,2.95,41.76,2.93,8491201514.0,8491201514.0,-0.1,-0.15,-5.37,-21.24
249,603001,奥康国际,8.13,6.55,0.5,208214.0,168854044.0,10.35,8.39,7.6,7.72,7.63,1.73,5.19,92.75,1.38,3259967400.0,3259967400.0,0.12,0.25,-23.01,-9.16
250,688690,纳微科技,45.37,6.5,2.77,196106.0,887275877.0,7.89,46.8,43.44,43.95,42.6,1.9,4.86,67.22,9.15,18321075888.0,18321075888.0,-0.44,-0.37,9.67,76.47
251,301393,昊帆生物,68.9,6.49,4.2,56454.0,393236940.95,9.74,72.3,66.0,67.01,64.7,2.23,12.84,55.62,3.15,7441200000.0,3029374530.0,0.15,-0.14,22.99,36.65
252,002104,恒宝股份,10.01,6.49,0.61,588287.0,578656152.45,6.6,10.1,9.48,9.59,9.4,1.64,9.81,-84.94,3.36,7090585042.0,6003012836.0,0.0,-0.3,-19.47,-53.61
253,300628,亿联网络,42.4,6.48,2.58,284261.0,1192422170.9,6.28,42.5,40.0,40.17,39.82,2.31,3.92,17.62,5.83,53717339185.0,30776917595.0,0.0,0.02,16.13,23.44
254,300864,南大环境,20.96,6.45,1.27,39346.0,82337127.77,7.21,21.4,19.98,19.98,19.69,2.56,2.47,18.11,2.6,3334823361.0,3334823361.0,0.05,0.19,-6.26,11.08
255,002345,潮宏基,10.17,6.38,0.61,414633.0,425868379.18,5.23,10.48,9.98,10.14,9.56,1.66,4.78,8.57,2.43,9036174230.0,8819722642.0,-0.2,0.0,13.0,-16.3
256,000603,盛达资源,33.28,6.36,1.99,951984.0,3209920206.1,6.1,34.42,32.51,33.32,31.29,1.67,14.28,29.43,6.11,22962179835.0,22188320428.0,0.03,-0.03,3.61,7.91
257,688127,蓝特光学,69.8,6.35,4.17,94699.0,645004009.0,7.62,70.5,65.5,66.57,65.63,1.28,2.33,54.67,12.8,28331659460.0,28331659460.0,-0.03,-0.26,-21.63,82.77
258,603567,珍宝岛,6.21,6.34,0.37,826596.0,513662727.0,8.9,6.42,5.9,6.03,5.84,1.18,8.8,-8.11,0.96,5838861132.0,5833694443.0,0.16,0.0,-16.64,-30.46
259,002387,维信诺,7.24,6.31,0.43,405864.0,296372145.96,9.54,7.49,6.84,6.84,6.81,3.47,2.91,-4.04,3.88,10112803351.0,10099538223.0,0.0,0.0,-14.92,-16.01
260,688073,毕得医药,74.91,6.29,4.43,75890.0,568674781.0,7.86,78.04,72.5,73.0,70.48,1.02,8.35,36.35,3.4,6808041635.0,6808041635.0,-0.01,-0.19,42.06,24.95
261,603334,丰倍生物,34.29,6.29,2.03,44725.0,152690761.0,10.82,35.49,32.0,32.56,32.26,1.96,14.06,30.09,2.91,4920615000.0,1090994746.0,0.0,-0.32,-21.19,-17.27
262,002586,ST围海,4.4,6.28,0.26,116472.0,50115410.0,7.49,4.45,4.14,4.15,4.14,1.12,1.07,-334.72,1.57,5034584342.0,4785079213.0,0.0,0.0,0.0,-2.0
263,300906,日月明,30.74,6.26,1.81,30231.0,91461242.9,9.26,31.13,28.45,28.89,28.93,2.75,4.18,40.83,2.66,2459200000.0,2221057989.0,0.03,0.13,-3.82,-12.15
264,000639,ST西王,1.87,6.25,0.11,1121652.0,205035822.54,13.07,1.94,1.71,1.76,1.76,1.66,10.39,-54.31,1.22,2018530538.0,2018528064.0,0.0,0.54,17.61,-43.5
265,920351,华光源海,12.92,6.25,0.76,46636.0,59487384.71,16.53,13.64,11.63,12.0,12.16,2.4,11.71,40.46,2.61,1137417872.0,514737193.0,0.23,0.47,-4.86,-44.14
266,300331,苏大维格,49.0,6.22,2.87,151487.0,738588709.41,7.96,50.17,46.5,46.99,46.13,1.19,6.82,105.93,8.26,12723452014.0,10884410082.0,-0.12,-0.16,-8.53,51.42
267,002214,大立科技,14.35,6.22,0.84,188946.0,272599581.66,11.1,14.86,13.36,13.47,13.51,2.36,3.95,-31.45,6.83,8590809558.0,6865278971.0,0.21,-0.28,-12.87,-20.37
268,300291,百纳千成,5.13,6.21,0.3,530949.0,272312706.91,10.77,5.35,4.83,4.86,4.83,1.95,5.71,90.26,2.37,4831893910.0,4770206906.0,0.0,0.2,-23.55,-31.51
269,300736,百邦科技,28.96,6.2,1.69,69181.0,197162335.58,8.73,29.38,27.0,27.28,27.27,0.88,5.55,-196.9,56.3,3704978023.0,3611528824.0,-0.1,0.1,-18.12,86.72
270,688800,瑞可达,61.05,6.16,3.54,153002.0,929747929.0,8.47,62.18,57.31,58.3,57.51,0.96,5.31,74.72,7.53,17606027693.0,17606027693.0,0.0,-0.62,-32.24,3.21
271,600737,中粮糖业,15.85,6.16,0.92,1455635.0,2223820999.0,14.27,16.4,14.27,14.85,14.93,1.71,6.81,39.24,3.11,33900744414.0,33900744414.0,-0.13,-0.69,24.41,-6.05
272,688393,安必平,20.72,6.15,1.2,27874.0,57714564.0,7.17,21.18,19.78,19.78,19.52,1.44,2.98,-264.19,1.65,1938722723.0,1938722723.0,-0.1,0.05,-6.16,-12.17
273,605086,龙高股份,24.24,6.13,1.4,28631.0,68743734.0,6.92,24.42,22.84,22.84,22.84,2.67,1.6,57.58,2.72,4343808000.0,4343808000.0,0.0,-0.08,-26.19,-46.7
274,300294,博雅生物,15.8,6.11,0.91,209791.0,336256052.37,8.13,16.38,15.17,15.17,14.89,2.62,4.16,65.91,1.07,7967130060.0,7967130060.0,-0.13,-0.06,3.13,-29.87
275,688678,福立旺,19.7,6.09,1.13,204256.0,399624662.0,7.16,19.9,18.57,18.78,18.57,1.18,5.07,43.61,3.44,7941198070.0,7941198070.0,0.1,0.15,-16.77,14.53
276,300468,四方精创,21.1,6.08,1.21,404750.0,854718950.63,6.89,21.77,20.4,20.4,19.89,2.19,7.64,263.92,6.91,11196699703.0,11178934389.0,-0.09,-0.09,-15.3,-45.58
277,301301,川宁生物,9.45,6.06,0.54,337221.0,314902214.73,4.94,9.49,9.05,9.05,8.91,1.66,5.44,47.63,2.7,21095168850.0,5858830911.0,0.11,0.21,5.23,-5.22
278,688139,海尔生物,30.04,6.04,1.71,106575.0,323218966.0,5.12,30.95,29.5,29.5,28.33,3.67,3.37,32.25,2.15,9507447377.0,9507447377.0,0.0,0.0,-10.83,-4.48
279,002857,三晖电气,18.6,6.04,1.06,53479.0,98784995.0,9.06,18.99,17.4,17.88,17.54,0.98,4.16,-27.26,5.39,2429792400.0,2391683790.0,0.22,-0.27,-6.91,-10.32
280,688167,炬光科技,283.0,6.03,16.1,125084.0,3471032961.0,11.6,288.08,257.13,270.5,266.9,0.87,9.61,-273.91,16.2,36829328793.0,36829328793.0,0.4,0.53,-9.41,134.39
281,000887,中鼎股份,22.15,6.03,1.26,690628.0,1516655311.29,7.61,22.62,21.03,21.38,20.89,0.63,5.25,22.64,2.02,29160247896.0,29113308967.0,0.05,0.0,13.42,-3.95
282,300615,欣天科技,16.53,6.03,0.94,283453.0,458960653.6,10.9,16.8,15.1,15.58,15.59,0.91,18.52,-23.71,6.91,3190111476.0,2530532457.0,0.12,0.06,33.2,24.94
283,300192,科德教育,15.0,6.01,0.85,244819.0,364232470.1,6.01,15.15,14.3,14.4,14.15,1.21,5.38,70.56,6.92,6912009900.0,6831596700.0,0.0,0.0,21.56,-0.6
284,603429,*ST集友,8.3,6.0,0.47,42082.0,34575794.0,7.92,8.48,7.86,7.94,7.83,1.68,0.8,-245.78,3.45,4353229360.0,4353229360.0,0.12,0.36,-6.11,-16.25
285,600055,万东医疗,11.54,5.97,0.65,113846.0,130656200.0,6.89,11.68,10.93,10.97,10.89,1.91,1.62,-127.3,1.83,8113324609.0,8113324609.0,0.0,-0.26,-9.91,-25.93
286,603306,华懋科技,74.28,5.95,4.17,157315.0,1153199161.0,6.42,75.16,70.66,71.98,70.11,1.08,4.77,523.13,7.68,24474940373.0,24474940373.0,0.0,-0.13,-35.05,18.04
287,300418,昆仑万维,45.05,5.95,2.53,1226255.0,5605253702.59,7.13,47.69,44.66,45.2,42.52,2.03,10.44,26.6,3.91,57890813911.0,52909319250.0,0.13,0.04,-1.64,8.03
288,000506,招金黄金,19.45,5.94,1.09,1315644.0,2593229503.85,5.99,20.2,19.1,19.6,18.36,1.28,14.17,39.84,20.03,18069395451.0,18063350391.0,0.0,-0.15,30.71,48.93
289,300139,晓程科技,49.45,5.93,2.77,615972.0,3098917809.83,7.09,52.19,48.88,50.77,46.68,1.42,26.36,121.61,11.49,13549300000.0,11554448676.0,0.04,-0.32,6.14,63.42
290,603221,爱丽家居,28.6,5.93,1.6,310178.0,822283946.0,18.56,29.31,24.3,24.3,27.0,1.35,12.8,-116.82,4.43,6928922000.0,6928922000.0,-0.21,0.88,121.71,118.82
291,300004,南风股份,8.78,5.91,0.49,566378.0,485953940.95,16.89,9.36,7.96,8.3,8.29,1.16,11.8,-202.03,2.38,4214343790.0,4214343790.0,-0.11,-0.23,-43.46,-28.33
292,600165,ST宁科,3.23,5.9,0.18,408668.0,130580026.0,12.79,3.36,2.97,2.97,3.05,3.21,5.58,-20.29,4.56,5219304593.0,2367311077.0,-0.31,-0.31,8.75,-22.17
293,300667,必创科技,14.93,5.89,0.83,125065.0,187191790.5,4.61,15.2,14.55,14.9,14.1,2.62,7.05,217.52,2.94,3055216062.0,2647255156.0,-0.07,0.07,-14.2,-15.55
294,300596,利安隆,45.0,5.88,2.5,78150.0,351561495.69,6.59,46.0,43.2,43.22,42.5,1.41,3.4,17.38,2.07,10332885015.0,10332885015.0,0.0,-0.09,-0.04,7.76
295,301030,*ST仕净,8.47,5.88,0.47,53182.0,43780844.0,6.63,8.49,7.96,8.04,8.0,0.76,2.63,-3.65,-4.31,1714186805.0,1711835364.0,0.0,0.24,-35.83,-28.4
296,300026,红日药业,3.61,5.87,0.2,1638207.0,590630183.91,5.87,3.69,3.49,3.49,3.41,1.12,5.46,41.26,1.27,10844998962.0,10834784784.0,0.0,0.0,12.81,2.85
297,600881,亚泰集团,1.99,5.85,0.11,3819825.0,760311055.0,10.11,2.07,1.88,1.95,1.88,0.84,11.82,-7.16,14.96,6431980466.0,6431980466.0,0.0,0.0,36.3,6.99
298,603538,美诺华,31.68,5.85,1.75,850792.0,2652886561.0,8.92,32.67,30.0,31.28,29.93,1.07,25.25,84.54,3.67,10768924996.0,10673624048.0,0.0,0.89,-4.23,132.43
299,300234,开尔新材,9.42,5.84,0.52,130891.0,121717285.06,7.64,9.56,8.88,8.98,8.9,0.76,3.81,-1955.51,4.22,4739871668.0,3240357954.0,0.11,0.11,8.03,71.27
300,688133,泰坦科技,24.11,5.84,1.33,56555.0,135997450.0,7.33,24.71,23.04,23.04,22.78,0.89,3.44,-30.6,1.46,3964575515.0,3964575515.0,-0.17,0.04,-4.59,8.9
301,600252,中恒集团,2.36,5.83,0.13,1096000.0,256579904.0,4.93,2.39,2.28,2.29,2.23,1.4,3.44,-56.03,1.43,7514624845.0,7514624845.0,0.43,0.43,8.26,-13.87
302,688293,奥浦迈,63.9,5.83,3.52,65439.0,418431487.0,7.11,66.2,61.91,63.0,60.38,1.17,5.59,57.91,2.97,9086209316.0,7486888102.0,-0.19,-0.16,43.08,30.94
303,688090,瑞松科技,72.8,5.81,4.0,86364.0,614532276.0,9.3,73.59,67.19,68.95,68.8,1.13,5.44,140.35,12.65,11554995452.0,11554995452.0,0.08,-0.57,5.97,113.11
304,688163,赛伦生物,34.98,5.81,1.92,21046.0,74224485.0,8.29,36.3,33.56,33.9,33.06,1.62,1.94,1668.59,3.49,3785535600.0,3785535600.0,0.03,0.17,-3.48,62.62
305,301509,金凯生科,32.69,5.79,1.79,82735.0,275398431.48,6.96,34.13,31.98,31.98,30.9,1.36,14.58,59.14,1.86,3937401610.0,1854860936.0,-0.03,-0.06,13.43,-0.58
306,002622,皓宸医疗,2.56,5.79,0.14,306907.0,77973375.0,4.55,2.58,2.47,2.48,2.42,0.92,3.65,-64.46,8.04,2150400000.0,2150336640.0,0.0,0.0,-0.39,-13.8
307,688687,凯因科技,18.69,5.77,1.02,80723.0,151599005.0,5.38,19.18,18.23,18.23,17.67,1.68,4.72,130.21,1.91,3194951247.0,3194951247.0,0.21,0.05,9.68,-24.24
308,002637,赞宇科技,12.1,5.77,0.66,435841.0,523525207.83,7.87,12.34,11.44,11.62,11.44,2.07,9.37,14.06,1.53,5691852100.0,5626193459.0,0.25,0.08,15.24,19.45
309,688298,东方生物,20.06,5.75,1.09,45847.0,93082059.0,7.91,20.69,19.19,19.19,18.97,3.08,2.27,-10.77,0.69,4044096000.0,4044096000.0,0.0,-0.2,-6.44,-14.38
310,002989,中天精装,25.0,5.75,1.36,98151.0,240713490.79,9.26,25.28,23.09,23.64,23.64,1.08,4.96,-140.6,3.62,5040430450.0,4945874200.0,-0.24,0.48,-18.51,-18.94
311,688177,百奥泰,21.75,5.74,1.18,80875.0,176028229.0,7.15,22.35,20.88,21.58,20.57,1.09,1.95,-14.83,40.18,9006240000.0,9006240000.0,0.14,-0.23,13.52,-6.01
312,002427,尤夫股份,4.61,5.73,0.25,514928.0,238125393.9,11.01,4.8,4.32,4.38,4.36,3.85,5.23,-56.63,4.8,4542845102.0,4538627915.0,0.0,0.22,-1.28,-31.3
313,920729,永顺生物,7.4,5.71,0.4,27696.0,20213920.61,4.71,7.4,7.07,7.07,7.0,1.61,3.57,99.47,3.13,2022420000.0,573552103.0,0.27,0.54,4.67,-13.45
314,600114,东睦股份,29.8,5.67,1.6,220939.0,651504899.0,6.63,30.27,28.4,28.75,28.2,1.35,3.58,37.37,5.58,18815227615.0,18368227615.0,0.03,0.0,-22.94,-1.49
315,688683,莱尔科技,30.01,5.67,1.61,27167.0,81409636.0,6.62,30.55,28.67,28.68,28.4,1.17,1.69,95.51,4.0,4834544978.0,4834544978.0,-0.3,0.03,-29.65,-5.09
316,603395,红四方,30.64,5.66,1.64,284165.0,811465751.0,17.41,31.18,26.13,27.2,29.0,5.51,43.72,95.84,5.65,7966400000.0,1991600000.0,0.0,0.59,26.51,5.04
317,688351,微电生理,20.55,5.66,1.1,60405.0,123375471.0,5.81,20.78,19.65,19.73,19.45,1.81,1.28,83.13,5.38,9670830000.0,9670830000.0,0.15,0.2,-20.53,-11.15
318,603122,合富中国,12.53,5.65,0.67,314292.0,392712619.0,5.82,12.81,12.12,12.12,11.86,1.11,7.9,-150.5,4.78,4987599491.0,4987599491.0,0.0,0.08,-0.71,-48.65
319,301285,鸿日达,87.68,5.64,4.68,34449.0,300829312.55,9.28,90.2,82.5,84.11,83.0,1.36,1.67,-261.77,19.2,18120825600.0,18120825600.0,0.0,0.01,-23.09,29.36
320,002589,瑞康医药,3.38,5.63,0.18,2450318.0,836346747.25,7.81,3.52,3.27,3.33,3.2,0.94,17.94,122.59,0.96,5085921392.0,4615699432.0,0.3,0.3,20.71,4.97
321,001211,双枪科技,23.87,5.62,1.27,52534.0,125294248.48,7.48,24.38,22.69,22.87,22.6,1.01,5.63,109.6,2.76,2387000000.0,2228028712.0,0.13,0.13,-24.87,25.37
322,688383,新益昌,128.0,5.62,6.81,28136.0,356103410.0,8.66,130.5,120.01,125.0,121.19,1.32,2.77,152.48,10.36,13010752000.0,13010752000.0,0.0,0.38,-14.91,63.54
323,688557,兰剑智能,22.23,5.61,1.18,23265.0,50880791.0,5.32,22.29,21.17,21.18,21.05,0.72,1.57,256.98,2.76,3297209797.0,3297209797.0,-0.22,0.0,-0.4,-11.04
324,002099,海翔药业,5.48,5.59,0.29,383668.0,209457003.92,5.2,5.56,5.29,5.29,5.19,2.49,2.37,83.85,1.8,8870559586.0,8860301026.0,-0.54,-0.54,2.43,-12.18
325,603630,拉芳家化,14.97,5.57,0.79,96957.0,144312342.0,6.21,15.15,14.27,14.28,14.18,1.51,4.31,39.27,1.79,3371312563.0,3371312563.0,0.13,0.2,5.94,-22.68
326,000421,南京公用,5.88,5.57,0.31,423059.0,252161038.7,9.69,6.13,5.59,5.78,5.57,6.12,7.37,11.66,1.21,3377564516.0,3376862226.0,0.34,0.86,2.44,-14.16
327,603456,九洲药业,17.26,5.57,0.91,560024.0,969137904.0,5.57,17.68,16.77,16.97,16.35,1.17,6.35,19.64,1.71,15218315083.0,15218315083.0,-0.06,0.06,36.77,-3.03
328,002385,大北农,3.41,5.57,0.18,2817518.0,917536098.76,10.84,3.47,3.12,3.26,3.23,1.72,7.9,-20.86,1.97,14596068401.0,12158738867.0,0.0,0.59,2.71,-14.75
329,603707,健友股份,8.53,5.57,0.45,346088.0,293379521.0,3.71,8.59,8.29,8.39,8.08,3.12,2.14,38.71,2.03,13781503201.0,13781503201.0,0.0,0.12,6.36,-4.48
330,603912,佳力图,8.36,5.56,0.44,378871.0,315263382.0,8.96,8.68,7.97,8.08,7.92,0.88,6.99,-55.97,2.63,4533847784.0,4533847784.0,0.12,0.0,-12.83,-2.45
331,603127,昭衍新药,52.57,5.56,2.77,704388.0,3690407093.0,10.6,54.78,49.5,52.0,49.8,1.53,11.22,41.32,4.65,39393235925.0,32999067655.0,0.02,-0.02,43.16,50.67
332,688626,翔宇医疗,45.58,5.56,2.4,40322.0,183986730.0,6.51,46.99,44.18,44.18,43.18,1.83,2.52,72.0,3.51,7292800000.0,7292800000.0,0.04,-0.04,-16.0,-24.44
333,688613,奥精医疗,15.79,5.55,0.83,40821.0,64172018.0,6.08,15.99,15.08,15.08,14.96,1.46,2.98,383.31,1.51,2163365541.0,2163365541.0,-0.38,-0.25,-9.98,-22.14
334,688553,汇宇制药-W,12.55,5.55,0.66,212226.0,266757748.0,5.63,12.84,12.17,12.5,11.89,1.66,4.18,89.8,2.13,7855055780.0,6368016233.0,0.16,0.4,1.87,5.37
335,300869,康泰医学,11.79,5.55,0.62,95522.0,113322824.11,6.0,12.06,11.39,11.39,11.17,2.4,3.62,-143.7,2.8,4737269761.0,3109434660.0,0.0,0.08,1.99,-21.4
336,688025,杰普特,408.9,5.54,21.48,44948.0,1820672349.0,8.73,417.3,383.48,398.0,387.42,1.01,4.73,99.47,16.75,38865709065.0,38865709065.0,-0.01,0.21,-2.9,190.66
337,688765,禾元生物-U,38.81,5.52,2.03,61242.0,239378947.0,4.98,39.78,37.95,37.95,36.78,1.46,8.51,-96.23,4.84,13874575000.0,2793188533.0,0.03,-0.05,-27.25,-43.84
338,002668,TCL智家,9.37,5.52,0.49,348898.0,322948088.48,6.53,9.49,8.91,8.96,8.88,0.74,3.22,9.93,2.65,10158124080.0,10158124080.0,-0.11,0.0,0.43,-7.96
339,300887,谱尼测试,7.28,5.51,0.38,202535.0,146553189.97,5.65,7.37,6.98,7.03,6.9,1.45,5.59,-14.29,1.44,3972939247.0,2636795762.0,0.14,0.14,-13.54,-24.17
340,300366,ST创意,5.19,5.49,0.27,77348.0,39360088.0,5.28,5.2,4.94,4.94,4.92,1.28,1.46,-14.8,2.74,3153320219.0,2753307923.0,0.0,0.19,-2.99,-23.79
341,300623,捷捷微电,29.43,5.48,1.53,526413.0,1562343479.3,6.77,30.45,28.56,29.44,27.9,1.89,6.86,41.13,3.94,24488112016.0,22592180532.0,-0.03,-0.07,-18.3,8.92
342,001324,长青科技,18.9,5.47,0.98,61994.0,117950847.36,7.87,19.49,18.08,18.08,17.92,2.21,4.49,52.54,2.28,2608200000.0,2608200000.0,-0.37,-0.37,0.0,5.18
343,688291,金橙子,43.01,5.47,2.23,19476.0,83127927.0,9.15,44.4,40.67,40.9,40.78,1.11,1.9,20.83,4.4,4415694767.0,4415694767.0,-0.37,-0.35,-18.57,0.92
344,301043,绿岛风,43.88,5.46,2.27,11743.0,50762196.27,19.54,44.37,36.24,36.24,41.61,1.11,2.07,39.39,3.54,2983840000.0,2490091270.0,0.23,0.18,-5.67,-32.49
345,688458,美芯晟,33.67,5.45,1.74,22857.0,76832421.0,8.36,34.5,31.83,32.45,31.93,1.31,2.44,-174.07,2.06,3755438298.0,3155942602.0,0.03,0.03,-20.94,-15.06
346,002022,科华生物,5.8,5.45,0.3,213304.0,125284337.04,8.0,6.05,5.61,5.61,5.5,2.7,4.15,-15.39,1.18,2983503609.0,2983079484.0,0.17,0.52,6.62,-2.36
347,920090,*ST同辉,3.88,5.43,0.2,31444.0,12029496.81,5.43,3.88,3.68,3.75,3.68,0.83,2.11,-31.31,20.15,773414158.0,577859237.0,0.52,0.52,-3.0,-38.9
348,603881,数据港,30.2,5.41,1.55,1175739.0,3456563840.0,9.04,30.58,27.99,28.37,28.65,1.35,13.64,145.35,7.79,26033982450.0,26033982450.0,0.03,0.37,-0.03,19.23
349,688176,亚虹医药-U,12.86,5.41,0.66,175308.0,224665652.0,5.41,13.07,12.41,12.5,12.2,1.1,3.06,-16.37,5.02,7358391280.0,7358391280.0,-0.08,0.0,10.58,11.73
350,688261,东微半导,73.68,5.41,3.78,90823.0,670573678.0,7.74,76.62,71.21,72.0,69.9,1.26,7.44,42.5,2.99,9036507693.0,8996076678.0,-0.01,-0.07,-21.11,-10.07
351,002306,ST云网,1.95,5.41,0.1,85879.0,16476726.0,4.86,1.95,1.86,1.86,1.85,1.22,1.06,-58.0,24.46,1696036875.0,1584742659.0,0.52,0.52,-7.58,-2.01
352,688608,恒玄科技,110.77,5.38,5.66,69786.0,759497113.0,6.59,110.85,103.92,104.32,105.11,1.72,2.95,76.68,3.73,26239867426.0,26239867426.0,-0.04,-0.05,-14.57,-31.24
353,920066,科拜尔,17.45,5.37,0.89,10625.0,18575425.13,9.0,18.3,16.81,16.81,16.56,3.22,5.35,27.96,2.64,1096790539.0,346789539.0,0.06,0.75,-22.99,-29.04
354,605136,丽人丽妆,8.26,5.36,0.42,121982.0,99592295.0,6.38,8.38,7.88,7.88,7.84,1.23,3.05,73.43,1.36,3307787210.0,3307787210.0,-0.12,0.0,-13.33,-24.57
355,920230,欧康医药,11.22,5.35,0.57,47185.0,53749545.27,9.01,12.03,11.07,11.12,10.65,1.63,9.99,127.83,2.77,1127325046.0,530119733.0,0.18,0.63,7.88,-5.87
356,000703,恒逸石化,20.1,5.35,1.02,1745986.0,3496241963.04,9.75,20.7,18.84,19.32,19.08,1.88,4.59,6.51,2.43,76813399155.0,76428036930.0,0.35,0.45,53.55,87.5
357,300083,创世纪,13.41,5.34,0.68,859104.0,1135603106.16,8.72,13.73,12.62,12.93,12.73,1.01,5.76,77.36,4.2,22325807318.0,20009358890.0,-0.45,-0.07,26.87,45.6
358,688192,迪哲医药-U,62.15,5.34,3.15,113097.0,694057569.0,5.15,62.32,59.28,61.49,59.0,1.28,2.45,-75.64,23.32,28910057080.0,28664455818.0,0.03,-0.08,14.2,7.9
359,920857,泓禧科技,21.49,5.34,1.09,17197.0,36425228.48,9.17,21.94,20.07,20.4,20.4,0.82,2.32,-21.7,4.67,1590413696.0,1590413696.0,0.0,-0.09,40.18,-39.28
360,301337,亚华电子,26.68,5.33,1.35,24507.0,64629163.82,6.32,26.82,25.22,25.22,25.33,1.94,2.4,-79.17,2.56,2780056000.0,2719593784.0,-0.04,-0.11,-2.02,-3.02
361,001359,平安电工,93.63,5.32,4.73,54940.0,505877000.26,6.61,94.88,89.0,90.0,88.9,1.11,9.11,90.67,10.94,22579259694.0,5645025919.0,0.07,-0.07,23.04,72.4
362,002019,亿帆医药,10.71,5.31,0.54,366362.0,390046391.88,5.6,10.92,10.35,10.35,10.17,1.86,4.35,30.49,1.48,13027537810.0,9023371047.0,-0.09,0.09,7.1,-9.7
363,300165,天瑞仪器,5.16,5.31,0.26,191641.0,98423138.0,5.51,5.23,4.96,5.01,4.9,1.32,4.56,50.85,2.42,2556840501.0,2169958944.0,-0.19,-0.19,-20.37,7.28
364,688799,华纳药厂,45.24,5.31,2.28,47671.0,217347306.0,6.22,46.64,43.97,43.97,42.96,1.41,3.57,56.24,2.91,6045737880.0,6045737880.0,0.0,-0.11,-13.5,-4.8
365,300683,海特生物,30.38,5.3,1.53,118741.0,362469332.0,5.27,31.27,29.75,30.3,28.85,1.28,9.73,-43.14,1.86,3976571599.0,3708305566.0,0.03,0.03,7.08,9.56
366,300078,思创智联,3.19,5.28,0.16,418465.0,132163060.07,5.61,3.2,3.03,3.08,3.03,1.78,3.76,-98.1,7.07,3566012414.0,3551641202.0,0.0,0.0,-5.9,-27.99
367,600487,亨通光电,62.02,5.28,3.11,1951341.0,11843644349.0,7.28,62.37,58.08,59.8,58.91,0.74,7.95,34.6,4.82,152965647779.0,152175140859.0,0.0,0.32,-9.35,153.56
368,688580,伟思医疗,50.44,5.28,2.53,27182.0,137803056.0,6.32,51.54,48.51,48.51,47.91,2.0,2.84,19.61,2.92,4830703767.0,4830703767.0,-0.04,-0.1,-6.04,6.59
369,002603,以岭药业,17.38,5.27,0.87,560459.0,966638576.75,4.36,17.47,16.75,16.78,16.51,1.91,4.07,17.76,2.75,29036859435.0,23924160642.0,0.0,0.0,9.17,4.89
370,688410,山外山,11.41,5.26,0.57,108242.0,123513173.0,8.39,11.79,10.88,10.88,10.84,0.85,2.42,23.43,2.88,5105300327.0,5105300327.0,0.0,0.09,-10.16,8.15
371,601011,宝泰隆,3.2,5.26,0.16,3001921.0,980955751.0,7.24,3.34,3.12,3.25,3.04,6.33,15.67,-28.23,1.13,6130126525.0,6130126525.0,0.0,0.0,16.36,-5.88
372,300463,迈克生物,9.64,5.24,0.48,183000.0,177059076.0,4.37,9.82,9.42,9.42,9.16,1.42,3.72,85.08,0.92,5828986255.0,4739013762.0,0.0,-0.1,2.01,-13.85
373,300546,雄帝科技,16.69,5.23,0.83,91659.0,152936327.97,9.14,17.3,15.85,16.0,15.86,1.98,6.79,-35.68,2.8,3131873343.0,2251998140.0,-0.06,0.12,-7.28,-36.18
374,002351,漫步者,10.08,5.22,0.5,160847.0,160383469.06,5.43,10.14,9.62,9.7,9.58,2.28,3.05,21.22,2.99,8962198560.0,5316611328.0,-0.3,-0.2,-9.76,-15.01
375,600251,冠农股份,10.51,5.21,0.52,268030.0,274886045.0,8.61,10.68,9.82,9.9,9.99,1.59,3.45,7.01,2.04,8166202557.0,8166202557.0,0.0,0.19,6.27,14.61
376,920083,金戈新材,44.2,5.19,2.18,78835.0,339660571.9,13.9,45.74,39.9,40.9,42.02,0.97,20.73,70.32,6.19,3945710751.0,1680626412.0,0.05,0.34,358.03,358.03
377,000510,新金路,16.26,5.17,0.8,521009.0,853134204.13,9.06,16.98,15.58,15.94,15.46,1.17,8.59,-51.9,10.23,10545318757.0,9863484974.0,0.0,0.06,-9.67,40.41
378,688768,容知日新,42.92,5.17,2.11,9643.0,41049522.0,8.7,43.85,40.3,40.8,40.81,1.43,1.11,-41.36,3.58,3776475562.0,3745351523.0,-0.19,0.05,-20.5,-0.51
379,603517,ST绝味,11.25,5.14,0.55,46794.0,51479224.0,4.77,11.26,10.75,10.75,10.7,1.47,0.77,23.89,1.13,6817521780.0,6817521780.0,0.09,0.18,-16.73,-11.83
380,300642,透景生命,13.94,5.13,0.68,63710.0,89257000.79,5.73,14.31,13.55,13.55,13.26,1.86,4.63,-101.7,1.61,2262075040.0,1919615660.0,0.29,0.29,-2.04,-23.78
381,301227,森鹰窗业,28.88,5.13,1.41,48403.0,139247899.4,6.63,29.44,27.62,27.9,27.47,1.84,6.55,-44.97,2.37,3796534101.0,2134475661.0,0.24,-0.28,33.39,-23.74
382,002165,红 宝 丽,7.79,5.13,0.38,1782801.0,1324202503.23,12.55,7.98,7.05,7.25,7.41,1.88,24.5,-59.63,2.9,5727752030.0,5667880887.0,-0.13,0.0,10.5,3.45
383,600196,复星医药,24.84,5.12,1.21,898075.0,2242833408.0,4.91,25.56,24.4,24.9,23.63,3.03,4.24,19.04,1.38,66333464433.0,52623262413.0,-0.08,-0.12,8.33,-4.83
384,300204,舒泰神,24.08,5.11,1.17,454465.0,1099859506.76,6.85,24.99,23.42,23.88,22.91,1.19,10.02,-386.5,6.4,13035571828.0,10924241184.0,0.0,-0.08,0.67,-11.86
385,688382,益方生物-U,21.41,5.11,1.04,281795.0,599402811.0,7.17,21.88,20.42,21.0,20.37,1.39,4.86,-69.92,8.27,12409064806.0,12409064806.0,-0.65,-0.93,9.18,-21.4
386,600657,信达地产,2.68,5.1,0.13,465404.0,123856133.0,10.2,2.79,2.53,2.55,2.55,2.11,1.63,-4.04,0.49,7643034635.0,7643034635.0,1.13,0.75,-2.55,-22.32
387,300812,易天股份,19.4,5.09,0.94,82490.0,159585598.6,6.72,19.9,18.66,18.81,18.46,1.29,4.64,228.97,4.9,3804492096.0,3452029714.0,0.0,0.0,-37.16,-4.86
388,920425,乐创技术,15.49,5.09,0.75,35078.0,53701903.53,8.41,15.8,14.56,14.92,14.74,1.88,4.23,18.41,5.55,1560015977.0,1284099577.0,0.13,-0.13,-10.93,5.45
389,002290,禾盛新材,65.59,5.08,3.17,83444.0,538395904.77,6.58,66.77,62.66,63.4,62.42,1.07,3.37,59.74,15.47,16273687725.0,16222165993.0,0.17,-0.17,-30.67,44.19
390,688669,聚石化学,76.71,5.07,3.7,35222.0,269445353.0,4.79,78.24,74.74,74.74,73.01,0.66,2.9,-38.94,8.57,9307480051.0,9307480051.0,0.14,-0.12,92.69,230.08
391,002987,京北方,10.98,5.07,0.53,188336.0,203912014.42,5.93,11.14,10.52,10.54,10.45,1.56,1.86,113.51,4.05,11424218804.0,11132900156.0,-0.09,-0.09,-8.27,-38.21
392,688358,祥生医疗,29.89,5.06,1.44,14515.0,43117212.0,5.13,30.16,28.7,28.7,28.45,1.37,1.3,18.2,2.47,3351434573.0,3346951073.0,0.03,0.2,-11.88,2.29
393,300433,蓝思科技,37.98,5.06,1.83,1387413.0,5213690767.74,5.5,38.35,36.36,36.8,36.15,1.09,2.79,-335.04,3.83,200486578243.0,188749206342.0,-0.03,0.03,-4.64,27.36
394,300759,康龙化成,50.9,5.06,2.45,1034234.0,5313706175.33,9.23,53.57,49.1,52.0,48.45,1.27,7.28,69.71,5.81,93517736665.0,72279626459.0,0.34,0.18,102.71,80.3
395,300267,尔康制药,3.33,5.05,0.16,627603.0,210067098.24,7.26,3.48,3.25,3.25,3.17,1.84,4.41,130.99,1.71,6868474217.0,4736519043.0,0.0,0.0,-15.7,-2.35
396,603565,中谷物流,12.06,5.05,0.58,453100.0,540488765.0,7.4,12.15,11.3,11.3,11.48,2.17,2.16,12.01,2.42,25326761022.0,25326761022.0,0.17,0.17,17.32,23.06
397,300635,中达安,12.28,5.05,0.59,50916.0,61871133.51,9.67,12.68,11.55,11.7,11.69,1.56,4.23,288.25,5.59,1719371920.0,1478686708.0,0.24,0.08,-10.89,-23.39
398,688611,杭州柯林,64.92,5.05,3.12,12359.0,79332509.0,6.47,66.0,62.0,62.22,61.8,0.81,0.81,-828.17,11.54,9958052832.0,9958052832.0,0.0,-0.14,-24.43,27.67
399,688273,麦澜德,31.24,5.01,1.49,14887.0,46724972.0,5.58,32.02,30.36,30.75,29.75,1.44,1.49,34.07,2.36,3124000000.0,3124000000.0,0.35,0.0,-24.7,-25.67
400,688575,亚辉龙,9.86,5.01,0.47,205754.0,203615113.0,6.82,10.14,9.5,9.5,9.39,1.14,3.6,78.46,2.09,5633888638.0,5633888638.0,-0.1,0.0,-6.45,-30.47
401,688366,昊海生科,32.68,5.01,1.56,15516.0,50737254.0,5.46,33.2,31.5,31.5,31.12,1.64,0.8,25.42,1.41,7478236133.0,6341614621.0,-0.09,0.0,-1.33,-24.54
402,603193,润本股份,21.36,5.01,1.02,42787.0,90316970.0,4.82,21.46,20.48,20.64,20.34,1.74,4.14,41.05,3.99,8642113187.0,2207263667.0,0.05,-0.09,-2.86,-10.89
403,688796,百奥赛图,138.18,5.0,6.58,45420.0,644500078.0,7.24,146.98,137.45,140.0,131.6,1.1,11.76,148.39,27.06,61752423676.0,5334784074.0,-0.17,-0.37,22.78,162.7
404,301012,扬电科技,25.2,5.0,1.2,111109.0,279554388.06,7.83,25.95,24.07,24.45,24.0,1.04,5.64,60.37,4.19,4963396082.0,4963396082.0,-0.28,-0.4,-28.51,-4.58
405,301528,多浦乐,55.54,4.99,2.64,19642.0,109712444.15,6.28,57.2,53.88,54.0,52.9,1.23,4.25,116.99,3.14,4984992700.0,2569076735.0,0.07,0.07,18.62,18.62
406,300050,世纪鼎利,6.95,4.98,0.33,312483.0,215278913.04,3.93,6.98,6.72,6.75,6.62,1.23,5.74,296.02,9.18,3786684690.0,3784376116.0,-0.14,0.14,3.12,25.68
407,000963,华东医药,29.92,4.98,1.42,663023.0,1992542486.92,4.49,30.67,29.39,29.72,28.5,2.3,3.78,13.09,2.12,52471806492.0,52450151892.0,0.03,0.13,3.85,-23.03
408,600538,国发股份,5.28,4.97,0.25,144281.0,75446608.0,5.57,5.33,5.05,5.05,5.03,1.2,2.75,-91.65,4.07,2767767277.0,2767767277.0,-0.38,-0.38,-19.76,-13.73
409,000838,*ST发展,2.75,4.96,0.13,441835.0,119221698.52,8.02,2.76,2.55,2.62,2.62,0.62,4.19,-52.5,-14.11,3026270968.0,2897856101.0,0.36,0.36,52.78,-11.0
410,300345,华民股份,8.47,4.96,0.4,838094.0,680588985.0,8.92,8.5,7.78,8.01,8.07,0.89,17.44,-20.32,12.15,4923886919.0,4069410026.0,-0.24,0.24,36.61,35.09
411,000952,广济药业,6.56,4.96,0.31,118625.0,78154580.2,7.84,6.8,6.31,6.31,6.25,1.6,3.45,-17.83,3.62,2256639600.0,2256604150.0,-0.15,-0.15,-4.79,-6.69
412,600238,ST椰岛,4.88,4.95,0.23,78925.0,37958116.0,5.38,4.92,4.67,4.68,4.65,1.8,1.77,592.93,28.05,2187216000.0,2172925310.0,0.41,0.21,-4.87,-22.91
413,002707,众信旅游,5.3,4.95,0.25,325203.0,170417469.44,5.15,5.31,5.05,5.05,5.05,2.4,3.76,131.61,5.79,5208389675.0,4584435881.0,0.0,0.19,-7.02,-26.29
414,300740,水羊股份,20.81,4.94,0.98,411391.0,861576462.63,13.06,22.5,19.91,20.17,19.83,1.3,10.06,65.93,3.25,9154368507.0,8510810267.0,-0.05,-0.1,-17.26,-12.34
415,300760,迈瑞医疗,158.07,4.94,7.44,163235.0,2568635096.02,5.58,159.69,151.28,152.0,150.63,2.31,1.35,20.56,5.01,191549136058.0,191369365260.0,0.01,-0.09,3.69,-16.32
416,300048,合康新能,5.11,4.93,0.24,190590.0,96197108.19,3.9,5.13,4.94,4.98,4.87,1.51,1.69,-124.98,3.15,5786294994.0,5775483512.0,-0.2,0.0,-12.8,-14.12
417,300003,乐普医疗,12.8,4.92,0.6,559669.0,718534393.14,4.59,13.01,12.45,12.48,12.2,1.6,3.54,23.9,1.46,23595836365.0,20210074291.0,0.08,0.08,3.14,-18.21
418,000766,通化金马,16.86,4.92,0.79,316814.0,530861841.23,7.84,17.3,16.04,16.38,16.07,1.97,3.28,1146.79,7.03,16295100760.0,16286889502.0,0.06,0.0,-26.85,-38.67
419,688108,赛诺医疗,18.58,4.91,0.87,183058.0,342846504.0,6.32,19.16,18.04,18.2,17.71,1.23,4.38,79.36,7.83,7765548160.0,7765548160.0,-0.05,-0.05,0.49,-3.43
420,301103,何氏眼科,17.32,4.91,0.81,37576.0,64843197.3,5.27,17.48,16.61,16.61,16.51,1.39,3.09,20.93,1.44,2737018478.0,2106694229.0,0.12,0.06,1.64,-11.04
421,301108,洁雅股份,37.15,4.91,1.74,18617.0,69205412.8,5.82,37.82,35.76,35.76,35.41,1.27,2.87,101.8,2.22,4181464762.0,2408561367.0,0.0,-0.24,59.1,12.2
422,605488,福莱新材,29.25,4.91,1.37,85658.0,247868141.0,10.33,30.28,27.4,27.72,27.88,1.18,3.1,116.46,3.96,8774658331.0,8072359279.0,-0.07,-0.41,-22.06,-14.47
423,300957,贝泰妮,32.35,4.9,1.51,113753.0,365890720.65,5.38,32.86,31.2,31.23,30.84,1.72,2.7,51.93,2.24,13703460000.0,13628824733.0,0.06,0.03,-13.01,-16.97
424,601069,西部黄金,30.9,4.89,1.44,425563.0,1328087698.0,5.67,32.07,30.4,31.01,29.46,1.67,4.8,13.47,5.5,28149872901.0,27414122889.0,0.03,0.1,8.65,16.52
425,301617,博苑新材,49.01,4.88,2.28,23682.0,114289853.97,8.09,49.98,46.2,48.12,46.73,1.3,3.43,43.63,4.73,8514605320.0,3379337520.0,0.0,-0.14,-5.55,-17.86
426,688076,ST诺泰,28.2,4.87,1.31,123081.0,357205291.0,10.6,30.35,27.5,27.6,26.89,7.02,3.88,17.25,2.97,8934210100.0,8934210100.0,0.18,-1.05,-4.02,-24.5
427,002043,兔 宝 宝,13.6,4.86,0.63,280689.0,376455933.03,6.55,13.63,12.78,12.99,12.97,1.93,3.48,22.81,3.43,11284660928.0,10963035779.0,-0.22,-0.15,7.51,-3.55
428,301267,华厦眼科,16.6,4.86,0.77,80304.0,132683268.85,5.75,16.86,15.95,15.99,15.83,1.7,1.24,20.31,2.63,13944000000.0,10764176758.0,0.18,-0.06,-3.71,-6.79
429,300849,锦盛新材,20.52,4.85,0.95,37640.0,77151810.3,8.18,21.29,19.69,19.96,19.57,0.92,3.41,-123.46,5.71,3078000000.0,2262737589.0,-0.05,0.34,0.98,31.29
430,002422,科伦药业,47.15,4.85,2.18,425223.0,2002625660.4,4.47,47.94,45.93,46.3,44.97,1.28,3.27,41.33,3.14,75005333957.0,61229571878.0,0.02,0.19,32.15,63.26
431,688198,佰仁医疗,81.5,4.84,3.76,13780.0,111793000.0,5.67,82.3,77.89,77.89,77.74,1.65,1.0,67.83,8.92,11226472840.0,11226472840.0,-0.04,0.41,-6.8,-23.27
432,688468,科美诊断,6.5,4.84,0.3,49634.0,32081150.0,4.35,6.56,6.29,6.29,6.2,1.75,1.24,72.74,1.84,2607202000.0,2607202000.0,0.15,0.15,-2.26,-11.44
433,002791,坚朗五金,15.15,4.84,0.7,63255.0,94638404.6,5.61,15.34,14.53,14.62,14.45,1.75,2.91,-27.81,1.0,5361357947.0,3298223811.0,0.2,0.26,-2.63,-28.57
434,300639,凯普生物,6.29,4.83,0.29,336343.0,212252029.41,4.5,6.42,6.15,6.3,6.0,1.28,5.34,65.04,1.07,4066489239.0,3963971498.0,0.0,-0.16,5.89,16.91
435,300016,北陆药业,8.7,4.82,0.4,340840.0,298808753.46,4.1,8.94,8.6,8.6,8.3,1.5,6.06,28.13,2.06,5060700660.0,4890825173.0,0.23,0.12,4.69,9.57
436,600503,华丽家族,2.18,4.81,0.1,443991.0,96042900.0,6.73,2.22,2.08,2.09,2.08,1.86,2.77,-169.14,1.01,3492992200.0,3492992200.0,0.0,-0.46,-20.15,-18.66
437,301177,迪阿股份,22.94,4.8,1.05,35223.0,82842896.92,11.42,24.82,22.32,22.33,21.89,4.61,0.88,61.07,1.51,9182298177.0,9176229400.0,-0.04,0.04,-11.22,-19.14
438,920810,春光智能,9.18,4.79,0.42,44866.0,40620595.23,9.25,9.4,8.59,8.76,8.76,3.3,7.19,-144.99,3.86,880362000.0,572901263.0,-0.11,0.33,-0.11,-30.14
439,688236,春立医疗,15.09,4.79,0.69,36354.0,54690549.0,5.56,15.26,14.46,14.46,14.4,1.46,1.26,23.45,1.94,5788048665.0,4352378520.0,0.07,0.27,-8.16,-32.99
440,603189,*ST网达,9.2,4.78,0.42,47757.0,44058946.0,7.52,9.49,8.83,8.85,8.78,1.4,1.77,-102.87,1.73,2479844811.0,2479844811.0,0.11,-0.11,-24.96,-51.4
441,603229,奥翔药业,8.35,4.77,0.38,147346.0,123381942.0,5.02,8.53,8.13,8.15,7.97,1.54,1.77,17.93,3.0,6932981161.0,6932981161.0,-0.12,-0.24,-15.14,-15.31
442,603919,金徽酒,16.71,4.76,0.76,132022.0,220130657.0,5.02,16.99,16.19,16.19,15.95,1.41,2.6,19.8,2.49,8476314550.0,8476314550.0,0.0,-0.24,-22.39,-16.11
443,300406,九强生物,12.14,4.75,0.55,104250.0,125944012.97,3.54,12.19,11.78,11.78,11.59,1.73,2.46,16.84,2.13,7115745257.0,5150797720.0,0.0,0.17,2.79,-1.86
444,600415,小商品城,12.58,4.75,0.57,1027405.0,1277945429.0,4.41,12.59,12.06,12.09,12.01,1.13,1.87,17.41,3.27,68983175063.0,68983175063.0,0.0,0.08,-0.71,-18.58
445,603297,永新光学,107.26,4.75,4.86,15905.0,169819401.0,6.36,108.91,102.4,102.4,102.4,1.1,1.44,64.36,5.93,11876803266.0,11876803266.0,0.14,-0.02,-22.66,2.74
446,002237,恒邦股份,15.0,4.75,0.68,509459.0,768726059.2,5.03,15.48,14.76,14.9,14.32,2.01,4.27,29.4,1.61,21449556120.0,17885340120.0,-0.07,0.0,10.05,12.87
447,603168,莎普爱思,5.75,4.74,0.26,97049.0,55356558.0,4.55,5.79,5.54,5.54,5.49,1.64,2.61,-20.6,1.62,2151227404.0,2141955529.0,0.0,0.0,-1.71,-21.88
448,301557,常友科技,86.96,4.73,3.93,23620.0,203948020.26,8.24,89.5,82.66,84.15,83.03,2.82,9.5,-265.21,5.41,5394217412.0,2162780160.0,0.0,0.21,8.13,-6.27
449,000949,新乡化纤,6.64,4.73,0.3,590133.0,387161188.58,4.57,6.66,6.37,6.39,6.34,1.35,3.56,23.71,1.62,11001815482.0,10999170279.0,0.0,0.0,-6.08,21.17
450,603818,曲美家居,3.77,4.72,0.17,339778.0,126278571.0,9.17,3.84,3.51,3.51,3.6,1.81,4.95,521.8,1.25,2588270333.0,2588270333.0,-0.26,-0.26,18.18,4.43
451,300233,金城医药,14.42,4.72,0.65,189026.0,272007897.77,3.7,14.59,14.08,14.14,13.77,1.09,5.11,23.94,1.51,5535471545.0,5332734650.0,0.14,0.56,8.34,4.19
452,003004,声迅股份,71.41,4.72,3.22,17589.0,125043907.08,4.58,72.15,69.03,69.31,68.19,1.05,2.56,-433.66,9.26,5845897100.0,4908924705.0,0.01,0.08,30.05,218.79
453,300684,中石科技,90.67,4.71,4.08,303653.0,2733368145.06,8.06,92.98,86.0,88.55,86.59,1.23,14.84,104.8,13.51,27156501249.0,18548831299.0,0.15,0.62,45.68,87.03
454,300482,万孚生物,17.77,4.71,0.8,129827.0,231592876.4,4.42,18.09,17.34,17.34,16.97,2.07,3.02,24.64,1.57,8317938669.0,7642280052.0,-0.06,0.0,-1.28,-9.01
455,300111,向日葵,3.12,4.7,0.14,890208.0,282020342.1,11.41,3.39,3.05,3.05,2.98,2.35,6.92,-192.53,5.93,4016097428.0,4016097428.0,0.0,0.0,-7.96,-49.1
456,600658,电子城,4.01,4.7,0.18,144526.0,57216129.0,5.74,4.04,3.82,3.85,3.83,1.28,1.29,-9.57,1.11,4485526030.0,4485526030.0,0.0,0.0,-14.68,-26.96
457,301040,中环海陆,26.94,4.7,1.21,27421.0,73416894.0,6.41,27.28,25.63,26.28,25.73,1.1,2.91,-26.04,3.84,2694029688.0,2542171440.0,0.0,0.04,-12.7,-5.11
458,300942,易瑞生物,6.91,4.7,0.31,119153.0,82991420.01,8.03,7.29,6.76,6.76,6.6,1.83,2.94,-68.21,3.4,2799088254.0,2799088254.0,0.0,0.14,0.29,-26.41
459,600489,中金黄金,26.37,4.68,1.18,1357587.0,3640047982.0,5.56,27.4,26.0,26.4,25.19,1.7,2.8,13.42,4.18,127823632313.0,127823632313.0,-0.04,0.04,14.55,15.15
460,300049,福瑞医科,42.98,4.68,1.92,104596.0,448016993.37,6.23,43.66,41.1,41.51,41.06,1.03,4.48,89.22,5.84,11346337478.0,10039707527.0,-0.28,-0.35,-7.03,-38.83
461,300289,利德曼,6.04,4.68,0.27,128881.0,78522487.0,5.72,6.2,5.87,5.87,5.77,1.9,2.37,-206.79,2.01,3285829381.0,3280665181.0,0.0,0.0,0.0,-13.34
462,300789,唐源电气,17.7,4.67,0.79,61379.0,109353229.38,7.16,18.23,17.02,17.2,16.91,1.75,4.4,44.56,2.44,2546128309.0,2470552371.0,0.28,0.34,-21.65,-22.61
463,301126,达嘉维康,10.33,4.66,0.46,68812.0,71315694.64,5.07,10.55,10.05,10.05,9.87,1.36,4.99,88.93,1.41,2121815056.0,1424179219.0,0.0,0.1,-1.62,-15.95
464,600330,天通股份,27.89,4.65,1.24,1391037.0,3855686827.0,8.59,28.49,26.2,27.26,26.65,0.89,11.28,-205.52,4.44,34400485862.0,34400485862.0,0.07,0.11,-10.64,112.41
465,002393,力生制药,15.1,4.64,0.67,96237.0,145431442.46,6.79,15.58,14.6,14.6,14.43,3.24,3.21,22.43,1.05,4655225342.0,4533283389.0,0.07,-0.4,2.65,-12.97
466,300030,阳普医疗,7.01,4.63,0.31,115187.0,80509925.84,4.78,7.15,6.83,6.83,6.7,1.31,4.23,35.17,3.33,2167403078.0,1908315385.0,0.0,0.14,-0.28,-4.76
467,301090,华润材料,6.78,4.63,0.3,138289.0,92447129.04,4.78,6.8,6.49,6.53,6.48,2.0,0.94,119.28,1.51,9972927747.0,9972927747.0,0.15,0.3,-6.09,-3.69
468,300245,ST天玑,5.65,4.63,0.25,52999.0,29459119.0,4.26,5.67,5.44,5.45,5.4,1.07,1.8,-24.21,1.43,1723532325.0,1659142574.0,0.0,0.18,-10.46,-53.27
469,603336,宏辉果蔬,9.26,4.63,0.41,259273.0,235279562.0,8.47,9.4,8.65,8.85,8.85,0.87,4.26,468.34,3.93,5636737431.0,5636737431.0,-0.11,-0.22,-16.5,8.3
470,300039,上海凯宝,5.89,4.62,0.26,672740.0,398391071.45,7.46,6.11,5.69,5.85,5.63,0.86,7.34,23.74,1.35,6160940000.0,5400695471.0,0.17,0.17,12.4,-0.67
471,301003,江苏博云,56.4,4.6,2.48,27549.0,154195457.36,7.29,57.58,53.65,54.2,53.92,1.14,3.67,48.86,4.74,5478319417.0,4237903276.0,0.11,0.14,6.07,27.31
472,002542,*ST中岩,1.82,4.6,0.08,405145.0,71902586.0,5.75,1.82,1.72,1.74,1.74,1.69,2.3,-9.58,-11.49,3287132463.0,3201816860.0,0.55,0.55,18.95,-45.51
473,920575,*ST康乐,5.92,4.59,0.26,159679.0,99117485.77,12.54,6.6,5.89,6.3,5.66,1.55,8.5,-8.2,-22.96,1663164800.0,1112004986.0,-0.17,-0.67,55.38,-28.42
474,300110,华仁药业,2.96,4.59,0.13,456213.0,135613138.0,4.59,3.02,2.89,2.89,2.83,1.16,3.86,54.82,4.1,3499350427.0,3496285717.0,0.68,0.0,6.86,-6.03
475,300709,精研科技,40.21,4.58,1.76,159925.0,641794737.73,8.37,41.42,38.2,39.0,38.45,1.33,10.67,-37.74,3.48,7504946434.0,6025230336.0,0.07,-0.47,-14.14,-14.65
476,600739,辽宁成大,10.96,4.58,0.48,379598.0,415405962.0,4.29,11.12,10.67,10.68,10.48,2.87,2.49,7.57,0.57,16684582571.0,16684582571.0,-0.09,0.0,1.86,-0.63
477,920419,路斯股份,11.2,4.58,0.49,18407.0,20344295.97,6.07,11.26,10.61,10.7,10.71,1.32,1.9,27.91,1.9,1157031680.0,1082942269.0,0.0,0.45,2.85,-29.29
478,688639,华恒生物,17.35,4.58,0.76,95717.0,166610809.0,6.75,17.81,16.69,16.69,16.59,1.54,3.83,25.77,1.64,4339507274.0,4339507274.0,0.06,0.06,-28.54,-46.48
479,600458,时代新材,11.66,4.57,0.51,277571.0,323525186.0,2.69,11.79,11.49,11.59,11.15,1.59,3.19,16.05,1.34,11101634782.0,10134510715.0,-0.09,0.09,-3.16,-11.06
480,603718,*ST海利,2.98,4.56,0.13,110567.0,32678547.0,5.61,3.02,2.86,2.86,2.85,1.27,1.7,76.31,2.18,1933959506.0,1933959506.0,0.34,0.34,-9.42,-51.15
481,600119,*ST长投,4.59,4.56,0.2,26722.0,12053926.0,4.33,4.59,4.4,4.4,4.39,1.08,0.73,-154.71,22.59,1676590998.0,1676590998.0,0.0,0.22,-18.18,-41.53
482,688067,爱威科技,23.14,4.56,1.01,11983.0,27489280.0,4.34,23.21,22.25,22.25,22.13,1.42,1.76,52.97,3.05,1573520000.0,1573520000.0,0.0,0.22,-8.03,-5.4
483,300211,*ST亿通,7.57,4.56,0.33,53004.0,38758762.26,7.04,7.57,7.06,7.24,7.24,1.44,1.78,-64.88,5.29,2300748003.0,2259507408.0,0.53,1.07,-12.69,-10.63
484,002122,ST汇洲,2.75,4.56,0.12,288260.0,78186616.0,5.32,2.76,2.62,2.62,2.63,1.63,1.45,100.86,2.52,5504126581.0,5466229898.0,0.0,0.36,-0.36,-8.33
485,600851,海欣股份,8.96,4.55,0.39,367098.0,333952166.0,7.82,9.43,8.76,9.43,8.57,3.07,4.97,93.43,2.41,10815227960.0,6614326746.0,0.11,0.22,15.32,32.15
486,600149,廊坊发展,5.05,4.55,0.22,192875.0,96897757.0,7.87,5.2,4.82,4.86,4.83,3.15,5.07,61.96,7.52,1919808000.0,1919808000.0,-0.59,-0.79,-11.25,1.2
487,601899,紫金矿业,34.25,4.55,1.49,4115787.0,14178910927.0,3.69,35.08,33.87,34.0,32.76,1.88,2.0,11.34,5.04,910731975804.0,705611415045.0,0.03,0.06,9.64,0.47
488,300491,通合科技,29.85,4.55,1.3,115993.0,347074723.0,8.09,30.93,28.62,29.1,28.55,0.96,7.36,-4288.42,4.39,5303352458.0,4704364985.0,-0.1,-0.1,-7.81,19.16
489,605167,利柏特,15.4,4.55,0.67,177978.0,270765620.0,6.79,15.5,14.5,14.6,14.73,2.05,3.49,58.6,2.83,7852576948.0,7852576948.0,0.0,0.0,-11.6,-5.98
490,300583,赛托生物,13.14,4.53,0.57,38275.0,50451489.4,4.38,13.35,12.8,12.8,12.57,1.36,2.06,172.31,1.41,2492685936.0,2445996888.0,-0.45,-0.3,0.31,-4.02
491,300521,爱司凯,23.36,4.52,1.01,44216.0,103494715.4,8.14,24.15,22.33,22.5,22.35,1.25,2.99,-170.77,6.56,3497692800.0,3453892800.0,0.3,0.47,-6.45,-18.04
492,300093,金刚光伏,23.82,4.52,1.03,129912.0,305636993.0,6.54,24.07,22.58,23.01,22.79,0.91,5.62,-50.5,6.61,12862800000.0,5501890124.0,0.0,-0.04,6.82,42.63
493,002343,慈文传媒,5.09,4.52,0.22,222828.0,114330348.4,9.86,5.36,4.88,4.97,4.87,2.59,4.7,-45.9,2.52,2411032656.0,2411032656.0,0.0,0.2,-5.21,-28.91
494,000973,佛塑科技,14.4,4.5,0.62,819281.0,1187560901.2,7.26,14.83,13.83,13.9,13.78,1.25,8.1,15.9,3.88,35398609430.0,14569130534.0,0.0,0.07,-4.13,-1.97
495,301073,君亭酒店,18.34,4.5,0.79,58156.0,105348977.0,4.62,18.41,17.6,17.75,17.55,1.33,3.27,132.68,4.03,3566232184.0,3260682465.0,0.22,0.33,-21.19,-29.62
496,300909,汇创达,55.75,4.5,2.4,62503.0,346312619.26,7.87,57.5,53.3,54.5,53.35,1.22,4.84,229.24,4.84,9643243579.0,7199514414.0,-0.18,0.16,12.17,15.9
497,605218,伟时电子,14.7,4.48,0.63,41959.0,61429282.0,6.97,14.98,14.0,14.07,14.07,1.75,1.97,-34.85,2.02,3569376399.0,3128651862.0,-0.07,-0.14,-16.71,-20.24
498,603208,江山欧派,11.43,4.48,0.49,31033.0,35207814.0,4.66,11.59,11.08,11.09,10.94,1.46,1.76,-10.86,2.1,2010300936.0,2010300936.0,0.0,-0.26,-9.64,-21.44
499,603327,福蓉科技,8.86,4.48,0.38,299012.0,262401043.0,7.31,9.04,8.42,8.58,8.48,1.31,2.86,47.97,3.88,9262769930.0,9262769930.0,0.11,-0.11,-12.71,-17.58
500,603618,杭电股份,27.74,4.48,1.19,677790.0,1866838708.0,8.36,28.4,26.18,26.96,26.55,0.69,9.8,59.31,7.09,19178759588.0,19178759588.0,-0.18,-0.18,-22.51,244.17
501,688712,北芯生命,33.95,4.46,1.45,30430.0,103060892.0,4.28,34.39,33.0,34.31,32.5,1.11,6.67,77.43,8.02,14157150000.0,1548120000.0,0.0,-0.09,-23.78,93.78
502,000078,ST海王,1.64,4.46,0.07,813746.0,133715888.47,5.1,1.68,1.6,1.6,1.57,1.15,3.1,74.44,3.48,4315042141.0,4305353755.0,-0.61,0.0,7.89,-52.6
503,600936,北投科技,4.93,4.45,0.21,866162.0,418130786.0,5.93,4.94,4.66,4.76,4.72,0.88,5.18,78.68,8.06,8238159358.0,8238159358.0,0.0,0.0,-8.53,16.82
504,002221,东华能源,5.64,4.44,0.24,412345.0,232557018.4,8.52,5.85,5.39,5.39,5.4,2.16,2.82,13.82,0.89,8889360606.0,8239418822.0,-0.53,-0.53,-16.32,-30.37
505,300451,创业慧康,3.53,4.44,0.15,344317.0,121345200.03,5.92,3.59,3.39,3.43,3.38,1.58,2.26,-17.2,1.39,5468410163.0,5389229008.0,-0.28,0.0,-9.02,-27.07
506,301577,美信科技,56.42,4.44,2.4,15472.0,86696461.0,5.28,56.97,54.12,54.7,54.02,1.19,8.21,-49.24,3.45,2540564390.0,1063017965.0,0.09,0.23,-19.8,-0.07
507,002647,仁东控股,12.52,4.42,0.53,454105.0,558603226.33,6.42,12.6,11.83,11.99,11.99,1.53,4.47,75.23,22.74,14151251546.0,12711451546.0,0.08,0.4,8.77,56.11
508,688161,威高骨科,22.71,4.41,0.96,21098.0,47948148.0,4.51,22.98,22.0,22.0,21.75,1.78,0.53,51.35,2.22,9084000000.0,9084000000.0,0.0,0.0,-15.39,-17.96
509,300870,欧陆通,214.15,4.41,9.05,68895.0,1424457817.4,6.41,214.58,201.43,206.51,205.1,0.84,4.51,-651.62,12.69,32688614519.0,32685016799.0,0.06,0.88,-28.05,35.85
510,301258,富士莱,27.01,4.41,1.14,17445.0,47055880.9,3.94,27.27,26.25,26.25,25.87,1.53,1.96,-223.65,1.34,2476006700.0,2405645650.0,-0.11,0.07,0.45,-16.35
511,600682,南京新百,5.92,4.41,0.25,255750.0,151446616.0,3.53,5.99,5.79,5.79,5.67,1.33,2.2,64.81,0.48,7963182748.0,6891236828.0,0.0,0.0,6.47,-32.27
512,300082,奥克股份,7.83,4.4,0.33,131348.0,102903695.55,6.27,7.98,7.51,7.55,7.5,2.55,1.94,644.32,1.94,5325168906.0,5311257055.0,-0.13,0.0,-21.93,-20.91
513,688247,宣泰医药,10.21,4.4,0.43,155970.0,160599989.0,7.16,10.6,9.9,10.17,9.78,0.87,3.44,69.86,3.55,4628601400.0,4628601400.0,0.1,-0.2,20.12,5.37
514,300550,和仁科技,11.88,4.39,0.5,38310.0,45266957.0,6.15,12.1,11.4,11.53,11.38,0.98,1.46,-49.35,2.8,3119214475.0,3116318369.0,0.08,-0.08,-21.27,-17.96
515,300253,卫宁健康,7.37,4.39,0.31,895736.0,664279785.44,6.23,7.6,7.16,7.2,7.06,1.39,4.83,289.07,2.95,16223395866.0,13668559490.0,-0.14,-0.14,-8.33,-16.44
516,688157,松井股份,19.31,4.38,0.81,23772.0,45493763.0,4.7,19.45,18.58,18.64,18.5,1.03,1.27,-132.52,2.7,3624820986.0,3624820986.0,0.0,0.16,-24.57,-35.97
517,300826,测绘股份,15.02,4.38,0.63,115885.0,174497770.91,8.55,15.83,14.6,14.69,14.39,1.9,5.28,122.78,2.29,3427864836.0,3297555506.0,0.0,0.2,18.74,13.87
518,688317,之江生物,18.15,4.37,0.76,69952.0,129444201.0,5.64,18.98,18.0,18.09,17.39,1.7,3.68,-33.77,1.04,3445663373.0,3445663373.0,0.11,0.33,-21.53,-10.01
519,301096,百诚医药,50.9,4.37,2.13,35820.0,182730979.04,5.21,51.98,49.44,49.92,48.77,1.02,4.31,108.48,2.22,5559719656.0,4229279269.0,-0.02,-0.06,-21.21,-10.92
520,603402,陕西旅游,63.33,4.37,2.65,23145.0,145519182.0,6.2,64.64,60.88,60.88,60.68,1.56,9.21,25.54,2.22,6366776042.0,1591694042.0,-0.39,-0.42,-9.63,4.96
521,300951,博硕科技,70.7,4.37,2.96,61217.0,431778978.17,7.13,72.67,67.84,69.01,67.74,0.92,4.04,-151.58,5.43,11976622208.0,10703581040.0,-0.27,-0.08,79.58,109.48
522,688078,龙软科技,23.69,4.36,0.99,11702.0,27488002.0,5.51,23.92,22.67,22.71,22.7,1.72,1.61,-58.03,2.61,1726835170.0,1726835170.0,-0.46,-0.08,-2.59,-13.85
523,001322,箭牌家居,6.22,4.36,0.26,58313.0,35922177.0,4.53,6.26,5.99,6.03,5.96,1.78,0.74,-23.37,1.3,6006111616.0,4886506485.0,0.32,-0.16,-6.89,-29.56
524,300439,美康生物,9.59,4.35,0.4,70193.0,67524975.82,5.55,9.83,9.32,9.32,9.19,1.59,2.4,27.25,1.24,3681062186.0,2803464369.0,0.1,-0.1,6.56,-2.34
525,300640,德艺文创,6.71,4.35,0.28,105816.0,70651974.0,6.53,6.84,6.42,6.59,6.43,1.05,4.79,402.73,2.59,2086765895.0,1481226662.0,0.0,0.0,-3.73,-13.08
526,301248,杰创智能,61.89,4.35,2.58,57207.0,348366641.54,8.45,63.19,58.18,60.08,59.31,0.78,5.09,-167.18,6.31,9512802450.0,6952023243.0,-0.1,0.15,-19.71,92.32
527,920270,天铭科技,12.74,4.34,0.53,19921.0,24492293.26,8.44,12.81,11.78,12.18,12.21,1.96,2.45,55.7,3.27,1332807840.0,1035533534.0,0.16,0.16,-16.51,-50.25
528,688648,中邮科技,32.08,4.33,1.33,31136.0,99860725.0,8.91,33.25,30.51,30.98,30.75,0.77,4.48,-35.91,2.06,4362880000.0,2230487882.0,-0.12,-0.37,-23.62,-47.8
529,688781,视涯科技-UW,39.28,4.33,1.63,23771.0,92632900.0,6.4,39.88,37.47,38.42,37.65,1.13,5.82,-215.74,9.68,39280000000.0,1604002610.0,0.0,0.08,-28.12,73.19
530,301075,多瑞医药,54.42,4.33,2.26,14421.0,78597406.26,6.1,55.98,52.8,52.8,52.16,1.53,1.8,-77.92,7.06,4353600000.0,4353600000.0,-0.04,0.07,-28.62,-8.8
531,300853,申昊科技,27.2,4.33,1.13,70314.0,191178008.0,8.44,28.1,25.9,26.37,26.07,1.25,7.15,-30.85,7.8,3997015520.0,2674142894.0,-0.15,-0.22,-26.47,31.27
532,603387,基蛋生物,9.65,4.32,0.4,196122.0,188536574.0,4.86,9.72,9.27,9.27,9.25,1.8,3.87,16.03,1.78,4894031439.0,4894031439.0,0.1,0.1,10.79,17.4
533,688428,诺诚健华,31.9,4.32,1.32,141822.0,451727725.0,4.74,32.47,31.02,31.5,30.58,1.06,5.2,133.33,7.65,56434513364.0,8703046267.0,0.0,0.03,29.15,55.46
534,603151,邦基科技,15.73,4.31,0.65,60354.0,92966509.0,7.96,15.97,14.77,15.02,15.08,0.85,3.52,166.63,1.98,2694262714.0,2694262714.0,-0.06,-0.38,15.58,-11.98
535,603355,莱克电气,27.56,4.31,1.14,27239.0,75226408.0,5.34,27.96,26.55,26.55,26.42,1.46,0.48,227.61,2.8,15802818068.0,15802818068.0,0.0,0.07,1.81,-13.14
536,920478,峆一药业,11.89,4.3,0.49,66487.0,79746140.08,9.04,12.63,11.6,12.5,11.4,0.88,9.92,101.68,2.58,1310185020.0,796679831.0,1.45,1.97,25.82,-9.58
537,301333,诺思格,61.16,4.3,2.52,41685.0,257374067.9,7.06,63.8,59.66,61.84,58.64,0.99,4.32,64.7,2.98,5906909617.0,5899400270.0,0.26,0.16,21.71,2.98
538,688050,爱博医疗,42.2,4.3,1.74,57888.0,244452778.0,5.81,42.88,40.53,40.85,40.46,1.17,2.99,22.86,2.91,8163072417.0,8163072417.0,0.09,0.05,-1.36,-30.06
539,002541,鸿路钢构,20.65,4.29,0.85,188010.0,383244495.12,6.21,20.95,19.72,19.87,19.8,2.34,3.79,24.13,1.47,14248894209.0,10246118425.0,-0.05,-0.15,13.71,27.78
540,688103,国力电子,74.04,4.27,3.03,32802.0,245780108.0,6.66,77.23,72.5,73.0,71.01,1.16,3.44,262.37,6.39,7057164507.0,7057164507.0,0.08,0.39,15.02,22.66
541,002224,三 力 士,3.67,4.26,0.15,186639.0,67950156.98,5.11,3.71,3.53,3.57,3.52,2.01,2.31,-62.2,1.03,3310766909.0,2959415954.0,-0.27,0.0,0.0,-16.21
542,300669,沪宁股份,23.49,4.26,0.96,16710.0,38892773.0,4.62,23.58,22.54,23.01,22.53,0.75,0.92,541.74,5.23,4526652806.0,4286923520.0,0.0,0.09,-26.75,-10.41
543,688606,奥泰生物,49.3,4.25,2.01,6912.0,34188616.0,5.43,50.17,47.6,47.6,47.29,1.43,0.91,48.08,0.98,3729759603.0,3729759603.0,0.08,-0.16,4.47,-21.65
544,600403,大有能源,7.11,4.25,0.29,1849921.0,1275280615.0,13.93,7.43,6.48,6.5,6.82,1.76,7.74,-11.51,5.09,16998676178.0,16998676178.0,-0.14,-0.42,41.92,1.86
545,300692,中赋科技,9.56,4.25,0.39,317884.0,305334605.15,8.62,10.0,9.21,9.44,9.17,0.92,6.2,75.02,1.7,5375359669.0,4905064312.0,0.0,-0.21,16.16,14.08
546,000031,大悦城,2.21,4.25,0.09,508390.0,110876471.84,5.19,2.23,2.12,2.13,2.12,1.36,1.19,-10.71,0.93,9472752479.0,9472733389.0,0.45,0.45,-11.6,-21.63
547,920166,海圣医疗,21.9,4.24,0.89,7259.0,15875115.91,4.81,22.05,21.04,21.04,21.01,0.92,3.05,34.06,2.65,1648941184.0,520447083.0,0.09,-0.14,-6.85,73.26
548,600216,浙江医药,14.52,4.24,0.59,835122.0,1190721234.0,4.59,14.53,13.89,14.15,13.93,1.28,8.78,12.16,1.27,13962980130.0,13814175177.0,-0.07,0.0,15.97,6.92
549,603903,中持股份,14.55,4.23,0.59,130410.0,190860643.0,8.38,15.07,13.9,14.03,13.96,0.89,5.11,53.85,2.6,3714898434.0,3714898434.0,0.14,0.14,27.74,0.0
550,300790,宇瞳光学,19.71,4.23,0.8,266121.0,518092543.95,5.76,20.0,18.91,19.51,18.91,0.63,5.82,45.2,3.83,10256413328.0,9006346057.0,0.1,0.05,-19.94,-7.59
551,688029,南微医学,75.62,4.23,3.07,37999.0,287476205.0,5.84,77.27,73.03,73.5,72.55,1.43,2.02,24.25,3.5,14205022052.0,14205022052.0,-0.25,-0.17,-5.73,-6.14
552,002929,润建股份,55.21,4.21,2.23,139525.0,754892316.9,6.29,55.98,52.65,54.0,52.98,0.65,6.44,313.66,2.5,15810920215.0,11956816394.0,-0.02,-0.45,-28.99,38.89
553,300504,天邑股份,14.91,4.19,0.6,61379.0,90638531.0,6.08,15.11,14.24,14.51,14.31,0.6,2.81,44.14,1.93,4040976488.0,3254130327.0,-0.27,0.0,-18.79,0.13
554,688808,联讯仪器,2314.01,4.19,92.99,11366.0,2641278531.0,12.75,2450.0,2166.88,2280.0,2221.02,1.25,5.89,499.51,80.99,237571694105.0,44651470177.0,0.01,0.13,30.94,2726.1
555,001226,拓山重工,46.24,4.19,1.86,10356.0,48037198.0,8.0,47.94,44.39,44.39,44.38,1.24,3.05,82.1,4.65,3452588208.0,1568756736.0,-0.24,-0.02,-3.2,4.62
556,300239,东宝生物,5.22,4.19,0.21,217291.0,114033156.44,4.59,5.33,5.1,5.1,5.01,2.75,3.68,39.34,1.81,3098712921.0,3078636018.0,-0.19,0.0,5.03,-10.77
557,603713,密尔克卫,67.4,4.19,2.71,28976.0,193152491.0,5.22,68.13,64.75,65.2,64.69,0.67,1.66,15.39,2.05,11730871731.0,11730871731.0,0.19,0.33,23.22,23.06
558,600720,中交设计,5.23,4.18,0.21,181041.0,94261283.0,2.99,5.27,5.12,5.12,5.02,2.55,1.79,41.99,0.76,12000734805.0,5277330302.0,0.0,0.0,-10.45,-26.23
559,002107,沃华医药,6.48,4.18,0.26,150391.0,96891134.0,3.38,6.53,6.32,6.32,6.22,1.17,2.63,27.68,5.85,3740318208.0,3702648614.0,0.0,0.15,2.86,8.36
560,300203,聚光科技,13.23,4.17,0.53,123597.0,162516812.64,5.35,13.38,12.7,12.7,12.7,1.19,2.76,-20.42,2.29,5936798448.0,5931684061.0,0.0,-0.08,-2.43,-16.58
561,603085,天成自控,10.0,4.17,0.4,52421.0,51741020.0,4.48,10.03,9.6,9.6,9.6,1.16,1.32,39.53,4.1,3971000000.0,3971000000.0,-0.1,0.2,-29.08,-15.61
562,002644,佛慈制药,8.52,4.16,0.34,184039.0,156491168.0,3.67,8.63,8.33,8.42,8.18,0.83,3.6,54.74,2.34,4350797640.0,4350797640.0,-0.12,-0.12,13.75,-1.16
563,688075,安旭生物,30.29,4.16,1.21,12269.0,37147304.0,4.81,30.77,29.37,29.38,29.08,1.9,0.97,-92.89,0.76,3849338163.0,3849338163.0,0.0,-0.07,-13.36,-20.02
564,300907,康平科技,51.08,4.16,2.04,55308.0,276569176.53,8.81,52.49,48.17,50.03,49.04,0.93,5.76,89.17,6.27,4903680000.0,4903680000.0,-0.12,-0.18,24.28,73.68
565,300757,罗博特科,503.11,4.16,20.1,74034.0,3748814508.03,5.04,516.77,492.42,505.11,483.01,1.08,4.55,-543.08,51.87,84325316725.0,81788981239.0,0.05,0.03,-20.52,115.65
566,600622,光大嘉宝,2.26,4.15,0.09,327103.0,73487267.0,7.37,2.32,2.16,2.17,2.17,1.74,2.18,-7.59,1.7,3389289009.0,3389289009.0,-0.44,-0.44,-5.44,-20.98
567,600844,金煤科技,3.52,4.14,0.14,532477.0,186867984.0,5.92,3.59,3.39,3.44,3.38,1.48,6.47,87.64,45.17,3578165325.0,2896011832.0,0.0,-0.28,16.56,22.22
568,688399,硕世生物,29.65,4.14,1.18,26539.0,79477308.0,5.87,30.6,28.93,28.93,28.47,1.32,2.14,43.56,1.25,3680458859.0,3680458859.0,-0.07,-0.24,-21.62,-35.93
569,000661,长春高新,84.3,4.13,3.34,135902.0,1143228448.34,3.4,85.16,82.41,83.4,80.96,1.85,3.4,31.18,1.55,34389133695.0,33687508082.0,0.01,0.08,11.2,-8.76
570,300753,爱朋医疗,23.18,4.13,0.92,100650.0,235364718.06,5.08,23.93,22.8,22.91,22.26,0.86,11.45,-166.36,4.41,2921792640.0,2037383754.0,-0.17,0.13,-0.3,-16.47
571,002234,民和股份,7.83,4.12,0.31,85353.0,65977614.0,4.79,7.87,7.51,7.61,7.52,1.52,2.83,-10.12,1.61,2732358460.0,2360029643.0,-0.13,-0.25,3.98,-9.16
572,300134,大富科技,8.11,4.11,0.32,146421.0,118080629.04,5.52,8.22,7.79,7.88,7.79,0.96,1.91,-29.33,1.7,6224408829.0,6224408829.0,0.25,-0.12,-22.91,-35.12
573,000975,山金国际,27.9,4.1,1.1,876340.0,2479718844.98,5.34,29.0,27.57,28.3,26.8,1.78,3.47,16.01,4.86,77353515464.0,70397693394.0,0.25,0.18,16.83,16.98
574,688389,普门科技,11.42,4.1,0.45,36143.0,41030635.0,3.74,11.45,11.04,11.04,10.97,1.68,0.84,37.66,2.41,4893307037.0,4893307037.0,0.18,0.26,-2.64,-10.08
575,688125,安达智能,122.62,4.1,4.83,13031.0,158973950.0,5.84,125.88,119.0,120.53,117.79,1.01,1.59,-80.82,5.61,10107009415.0,10079798811.0,-0.56,-0.22,-32.02,-9.2
576,300888,稳健医疗,29.93,4.1,1.18,56966.0,169029148.95,3.86,30.05,28.94,28.94,28.75,1.91,0.98,17.34,1.51,17448319875.0,17370203293.0,0.03,0.0,1.94,-20.27
577,603042,华脉科技,13.74,4.09,0.54,93667.0,127957878.0,5.61,13.92,13.18,13.36,13.2,1.18,4.49,-327.24,3.45,2868455722.0,2868455722.0,0.0,0.15,-6.72,5.37
578,002888,惠威科技,17.59,4.08,0.69,19476.0,34105524.0,4.85,17.77,16.95,17.09,16.9,0.96,2.6,-282.08,7.2,2597047617.0,1317895922.0,0.0,0.06,-8.43,-9.61
579,300348,长亮科技,9.19,4.08,0.36,204778.0,187899086.6,4.42,9.32,8.93,8.94,8.83,1.38,2.8,-48.62,3.53,7465719955.0,6712855470.0,0.0,0.0,-12.97,-40.59
580,605180,华生科技,12.53,4.07,0.49,83035.0,102418790.0,8.64,12.73,11.69,11.7,12.04,1.19,4.91,145.25,1.86,2117570000.0,2117570000.0,0.0,-0.24,-14.12,-13.47
581,002716,湖南白银,9.47,4.07,0.37,2555912.0,2456526010.34,7.36,9.95,9.28,9.6,9.1,1.27,11.01,42.97,6.58,26734649478.0,21993844633.0,0.0,0.0,-1.87,36.85
582,000628,高新发展,41.23,4.06,1.61,148677.0,606556910.38,7.93,42.45,39.31,39.88,39.62,1.2,7.73,2028.64,6.71,14524504400.0,7925996860.0,0.02,0.02,-25.0,-7.33
583,001221,悍高集团,43.59,4.06,1.7,58123.0,251215647.34,6.56,44.41,41.66,41.89,41.89,1.68,7.56,29.82,5.91,17436435900.0,3350743859.0,0.09,0.21,-16.11,-24.51
584,300288,朗玛信息,9.99,4.06,0.39,65479.0,65076331.58,6.15,10.09,9.5,9.66,9.6,1.11,2.55,-202.54,3.14,3376034606.0,2563128216.0,0.2,-0.1,-4.03,-25.72
585,300298,三诺生物,16.4,4.06,0.64,85593.0,140620956.14,3.87,16.6,15.99,15.99,15.76,1.44,1.91,20.63,3.09,9132272645.0,7347217368.0,-0.06,-0.06,3.93,-4.15
586,688583,思看科技,84.4,4.06,3.29,22095.0,186363775.0,5.25,86.14,81.88,82.49,81.11,0.54,5.12,358.81,8.91,10445344000.0,3639734724.0,0.24,0.32,2.93,27.07
587,603858,步长制药,16.19,4.05,0.63,146341.0,236662722.0,4.43,16.46,15.77,15.77,15.56,1.82,1.39,13.32,1.7,17073463076.0,17073463076.0,-0.06,-0.25,8.8,4.72
588,603009,北特科技,45.0,4.05,1.75,124575.0,551375799.0,9.25,46.39,42.39,43.5,43.25,0.98,3.6,143.38,7.76,15587541675.0,15587541675.0,0.29,0.07,-18.9,-6.29
589,920118,太湖远大,20.8,4.05,0.81,5820.0,11894141.65,4.2,20.85,20.01,20.29,19.99,0.87,1.86,23.83,1.88,1075588800.0,651853280.0,0.1,0.19,6.56,-6.35
590,300323,华灿光电,12.1,4.04,0.47,567669.0,681386474.43,6.45,12.34,11.59,11.77,11.63,1.04,4.78,96.89,2.96,19638285444.0,14371097473.0,0.0,0.0,-28.49,51.63
591,002184,海得控制,10.07,4.03,0.39,73947.0,73654845.88,4.65,10.15,9.7,9.77,9.68,1.47,3.08,289.46,2.79,3543717286.0,2420529938.0,0.1,0.1,-19.44,-23.07
592,002848,高斯贝尔,13.2,4.02,0.51,86188.0,113759395.82,6.07,13.48,12.71,12.82,12.69,1.79,5.21,-210.46,31.42,2206380000.0,2183555365.0,0.08,0.08,-23.74,46.99
593,300584,海辰药业,34.5,4.01,1.33,69512.0,243969684.88,5.58,35.97,34.12,34.51,33.17,1.58,8.47,59.61,3.91,4140000000.0,2832793137.0,-0.06,0.17,0.09,-31.17
594,688598,金博股份,34.79,4.01,1.34,214173.0,744801900.0,10.07,36.55,33.18,34.45,33.45,0.78,10.52,-22.97,1.87,7221468706.0,7082395681.0,0.2,0.12,6.03,18.49
595,301105,鸿铭股份,47.29,4.0,1.82,8085.0,38246339.88,6.33,48.36,45.48,45.78,45.47,1.66,4.08,-151.6,3.08,2364500000.0,936933030.0,0.3,0.25,-11.36,1.33
596,688505,复旦张江,8.85,4.0,0.34,259029.0,230844241.0,5.17,9.1,8.66,8.88,8.51,1.04,3.65,124.32,4.26,9173663085.0,6288563085.0,0.34,0.45,19.92,6.63
597,301159,三维天地,32.57,3.99,1.25,29258.0,95308356.23,5.97,33.51,31.64,31.73,31.32,1.04,5.52,-41.02,3.88,2519289500.0,1726697768.0,0.0,-0.18,-7.68,-11.42
598,002635,安洁科技,15.62,3.99,0.6,252960.0,392213770.6,6.99,16.0,14.95,15.15,15.02,1.21,6.4,73.83,1.8,10304307441.0,6178227163.0,0.0,0.13,-13.32,13.93
599,000803,山高环能,7.31,3.98,0.28,123055.0,89533783.0,5.55,7.47,7.08,7.15,7.03,1.31,2.68,19.48,2.29,3408624878.0,3361048672.0,-0.14,0.0,-10.09,2.24
600,688701,卓锦股份,8.36,3.98,0.32,23550.0,19553243.0,5.22,8.46,8.04,8.11,8.04,1.12,1.75,-28.7,8.64,1122558830.0,1122558830.0,0.0,-0.24,-17.23,2.58
601,002382,蓝帆医疗,6.01,3.98,0.23,193535.0,116075304.58,3.63,6.05,5.84,5.85,5.78,1.41,1.94,1572.32,0.88,6055620263.0,5996731284.0,-0.17,-0.17,-11.49,7.32
602,688361,中科飞测,355.59,3.97,13.59,105555.0,3742014804.0,8.55,367.0,337.77,348.84,342.0,0.89,3.0,-460.5,24.4,125186053691.0,125186053691.0,0.0,0.28,51.51,132.43
603,300551,古鳌科技,9.96,3.97,0.38,82157.0,81012108.0,6.05,10.08,9.5,9.59,9.58,0.99,2.42,-24.56,11.05,3387025876.0,3377165666.0,0.0,0.0,-19.16,-40.14
604,001317,三羊马,53.78,3.96,2.05,89072.0,482013327.93,10.63,56.9,51.4,52.2,51.73,1.6,10.42,-3858.08,4.53,4601728616.0,4597190929.0,0.0,-0.28,0.84,-2.41
605,002390,信邦制药,3.16,3.95,0.12,389941.0,122692365.0,3.62,3.19,3.08,3.08,3.04,1.08,2.02,31.56,0.91,6142571903.0,6091818482.0,0.32,0.32,5.33,0.0
606,688331,荣昌生物,133.38,3.95,5.07,132596.0,1791875163.0,6.12,139.5,131.65,133.33,128.31,1.72,3.73,57.38,19.17,75290006683.0,47469441025.0,-0.09,0.11,18.36,71.46
607,688235,百济神州,298.88,3.94,11.32,82042.0,2455632375.0,3.93,304.99,293.68,298.42,287.56,1.41,7.13,70.47,13.01,460958194897.0,34387716109.0,0.02,0.03,24.86,11.27
608,002986,宇新股份,13.45,3.94,0.51,56864.0,75567124.08,4.79,13.51,12.89,12.94,12.94,1.1,1.88,-21.41,1.35,5112632722.0,4059713595.0,0.15,0.15,9.44,25.0
609,688329,艾隆科技,20.56,3.94,0.78,12980.0,26506262.0,4.1,20.68,19.87,19.87,19.78,1.09,1.68,-17.17,2.16,1587232000.0,1587232000.0,0.0,-0.19,-16.08,-2.28
610,688484,南芯科技,36.43,3.94,1.38,115769.0,428053312.0,8.27,38.05,35.15,35.63,35.05,1.07,2.69,-174.39,3.89,15650717000.0,15650717000.0,-0.14,-0.14,-19.76,-9.85
611,688793,倍轻松,20.63,3.93,0.78,23672.0,49066278.0,8.31,21.4,19.75,20.07,19.85,0.71,2.78,-37.67,7.87,1753614345.0,1753614345.0,-0.1,-0.1,5.42,-5.37
612,688112,鼎阳科技,70.5,3.92,2.66,77465.0,545043356.0,11.03,73.5,66.02,69.3,67.84,1.57,4.85,61.29,7.08,11251580252.0,11251580252.0,-0.16,0.17,1.29,91.63
613,688679,通源环境,39.49,3.92,1.49,65021.0,256316580.0,9.84,40.88,37.14,38.51,38.0,0.89,4.94,2428.98,4.74,5200425266.0,5200425266.0,-0.28,0.15,-40.17,48.46
614,603648,畅联股份,9.28,3.92,0.35,35334.0,32526749.0,4.59,9.31,8.9,8.9,8.93,1.52,0.97,25.27,1.89,3363190784.0,3363190784.0,-0.11,-0.11,6.79,-12.29
615,600789,鲁抗医药,7.69,3.92,0.29,498309.0,382527774.0,3.51,7.75,7.49,7.49,7.4,1.4,4.93,37.73,1.57,8037509393.0,7769193135.0,0.13,0.0,-3.15,-14.46
616,688466,金科环境,14.08,3.91,0.53,16952.0,23789736.0,4.43,14.22,13.62,13.62,13.55,1.86,1.39,185.2,1.54,1719930460.0,1719930460.0,0.0,-0.35,-15.79,-11.89
617,688085,三友医疗,13.57,3.91,0.51,49195.0,66746311.0,4.21,13.76,13.21,13.33,13.06,1.34,1.4,176.36,2.35,4977594710.0,4757853326.0,-0.22,-0.22,-5.76,-17.05
618,301367,瑞迈特,44.35,3.91,1.67,22185.0,98246982.03,4.57,44.99,43.04,43.04,42.68,0.99,2.26,36.15,1.84,5556361144.0,4350701205.0,-0.02,0.09,-3.71,-27.09
619,688607,康众医疗,43.13,3.9,1.62,16590.0,72366848.0,7.03,44.6,41.68,42.11,41.51,0.81,2.09,-58.64,4.53,3801004935.0,3421460935.0,0.16,0.33,-26.02,0.77
620,002905,金逸影视,7.72,3.9,0.29,57297.0,43729136.68,5.11,7.73,7.35,7.45,7.43,0.9,1.64,-33.57,44.54,2905190400.0,2697676800.0,0.0,0.13,-8.2,-31.68
621,300811,铂科新材,76.93,3.9,2.89,131134.0,1009284157.02,4.98,78.69,75.0,76.0,74.04,0.87,3.92,88.61,10.18,31374348437.0,25751654210.0,-0.22,-0.09,-10.94,51.47
622,920547,无锡晶海,18.91,3.9,0.71,9440.0,17980103.88,2.47,19.25,18.8,18.92,18.2,1.51,2.5,18.57,2.06,1469080080.0,714134259.0,0.21,0.0,-4.49,-19.36
623,002876,三利谱,30.15,3.89,1.13,67495.0,203325589.34,5.13,30.69,29.2,29.29,29.02,1.35,4.53,39.34,2.18,5242630700.0,4490589783.0,0.0,-0.1,3.82,26.52
624,920087,秋乐种业,16.83,3.89,0.63,311042.0,485161780.62,22.84,17.82,14.12,14.75,16.2,1.58,18.96,-87.41,5.25,2780316000.0,2760896284.0,0.06,0.84,49.07,5.98
625,300819,聚杰微纤,46.02,3.88,1.72,46010.0,213081787.0,7.02,47.47,44.36,45.0,44.3,1.12,3.41,165.12,7.97,6866414100.0,6201758745.0,0.07,-0.04,-34.63,33.62
626,603391,力聚热能,70.5,3.88,2.63,31829.0,223303477.0,6.91,72.2,67.51,68.93,67.87,1.26,13.99,97.82,2.97,6415500000.0,1603875000.0,0.73,0.27,0.11,10.21
627,000813,德展健康,3.48,3.88,0.13,1002840.0,358581469.67,7.16,3.69,3.45,3.51,3.35,2.63,4.78,-53.0,1.59,7297927279.0,7296726679.0,-0.29,0.0,4.82,-9.38
628,300913,兆龙互连,35.34,3.88,1.32,88251.0,311129397.58,4.5,36.08,34.55,34.66,34.02,1.01,3.09,62.38,4.67,12113884781.0,10102091669.0,-0.06,-0.11,-30.76,-32.65
629,300621,维业股份,7.24,3.87,0.27,45262.0,32582621.5,4.3,7.29,6.99,7.03,6.97,1.13,2.23,-8.25,2.81,1506330508.0,1466310054.0,-0.41,-0.28,-8.01,-13.91
630,301503,智迪科技,22.33,3.86,0.83,13696.0,30432123.06,5.16,22.59,21.48,21.73,21.5,1.53,2.37,127.44,2.17,2322320000.0,1287726440.0,-0.18,0.04,-8.56,-18.71
631,300412,迦南科技,4.58,3.85,0.17,158293.0,72568258.0,4.08,4.65,4.47,4.49,4.41,1.42,3.38,-61.79,2.25,2279725397.0,2142806339.0,-0.22,-0.22,0.44,-13.42
632,002314,南山控股,2.16,3.85,0.08,287595.0,61498592.83,4.81,2.18,2.08,2.08,2.08,1.37,2.15,-10.22,0.87,5848810228.0,2890779924.0,0.0,0.47,-1.82,-24.21
633,300671,富满微,60.08,3.84,2.22,165995.0,1008560156.05,10.27,63.56,57.62,58.36,57.86,1.25,7.52,73.37,7.94,13300898517.0,13264760096.0,0.0,-0.17,22.61,88.4
634,300595,欧普康视,11.37,3.84,0.42,173650.0,198522540.4,5.57,11.66,11.05,11.09,10.95,1.59,2.6,17.39,2.06,10168834633.0,7600785421.0,-0.18,-0.09,-5.88,-21.91
635,301180,万祥科技,11.63,3.84,0.43,38301.0,44035005.0,4.38,11.66,11.17,11.22,11.2,1.23,2.33,-1128.97,3.55,4652116300.0,1908924963.0,0.69,0.43,-25.78,-30.36
636,688767,博拓生物,40.6,3.84,1.5,21915.0,88954380.0,3.94,41.34,39.8,39.98,39.1,0.79,1.47,-148.49,2.69,6062933360.0,6062933360.0,0.32,0.3,4.48,9.49
637,002443,金洲管道,9.47,3.84,0.35,283663.0,265510650.67,5.59,9.6,9.09,9.19,9.12,1.09,5.45,30.87,1.41,4929471374.0,4929471374.0,0.0,-0.11,-19.61,16.48
638,301366,一博科技,56.76,3.84,2.1,129079.0,735184735.12,5.76,58.15,55.0,56.0,54.66,0.83,11.03,93.16,5.39,11893274769.0,6640713394.0,0.04,0.11,20.05,61.39
639,002016,世荣兆业,4.61,3.83,0.17,112857.0,51651895.82,4.95,4.67,4.45,4.46,4.44,1.23,1.39,45.26,0.76,3729930864.0,3729930864.0,-0.22,-0.22,-0.65,-19.97
640,002007,华兰生物,13.54,3.83,0.5,427737.0,587748365.34,3.6,13.97,13.5,13.57,13.04,3.62,2.72,26.83,2.29,24719855950.0,21305772951.0,-0.07,-0.07,4.15,-7.45
641,688368,晶丰明源,129.41,3.82,4.76,36043.0,460929349.0,5.98,131.45,124.0,126.25,124.65,0.97,2.91,179.37,5.4,26374649894.0,16008922223.0,0.0,0.01,-23.53,58.03
642,300835,龙磁科技,157.26,3.82,5.79,31825.0,502801592.24,5.9,162.75,153.81,155.01,151.47,0.87,3.81,169.94,15.01,18752868140.0,13143071021.0,-0.46,0.04,-8.19,140.5
643,002678,珠江钢琴,4.89,3.82,0.18,345812.0,165604940.3,8.92,5.06,4.64,4.72,4.71,2.63,2.55,-36.54,2.18,6642186379.0,6638539051.0,0.2,0.41,-14.21,-8.26
644,002008,大族激光,91.56,3.81,3.36,457040.0,4127640399.2,5.61,92.08,87.13,89.31,88.2,0.92,4.78,36.65,4.39,94270488036.0,87597959096.0,0.03,-0.02,-30.27,123.37
645,603068,博通集成,41.4,3.81,1.52,92372.0,373260244.0,6.34,41.84,39.31,40.59,39.88,0.79,6.09,96.78,3.58,6283995007.0,6283995007.0,0.0,1.57,11.14,10.37
646,300622,博士眼镜,14.73,3.81,0.54,75228.0,110126480.38,4.37,14.92,14.3,14.35,14.19,1.04,3.45,29.44,5.31,4698808488.0,3212342616.0,-0.2,-0.14,-14.86,-33.02
647,000863,三湘印象,4.09,3.81,0.15,167526.0,68214576.99,4.82,4.15,3.96,4.0,3.94,0.93,1.44,-237.78,1.11,4829061200.0,4757552491.0,-0.24,-0.49,-22.54,-34.35
648,603822,ST嘉澳,57.76,3.79,2.11,11563.0,64978152.0,10.19,59.32,53.65,54.45,55.65,1.69,1.51,33.04,9.84,4437463175.0,4437463175.0,0.05,0.24,-19.88,-40.06
649,301363,美好医疗,17.0,3.79,0.62,195401.0,331063516.54,5.07,17.33,16.5,16.78,16.38,1.07,3.74,54.42,3.66,13531436144.0,8874515797.0,0.0,-0.41,-8.75,-0.29
650,000571,新大洲A,6.02,3.79,0.22,375878.0,228622437.46,7.41,6.24,5.81,5.81,5.8,1.06,4.62,-38.23,335.02,5051556580.0,4900232743.0,0.0,0.0,7.5,2.73
651,603458,勘设股份,9.86,3.79,0.36,180510.0,177001429.0,6.63,10.07,9.44,9.56,9.5,1.02,5.9,-47.3,1.17,3018387708.0,3018387708.0,-0.2,-0.2,-22.55,-1.6
652,000997,新 大 陆,18.13,3.78,0.66,224500.0,405865273.35,4.29,18.3,17.55,17.6,17.47,1.5,2.23,16.33,2.52,18367465199.0,18264875978.0,0.11,-0.06,-21.72,-35.41
653,688321,微芯生物,29.95,3.78,1.09,281358.0,865601488.0,7.55,31.88,29.7,30.3,28.86,2.0,6.9,92.93,5.47,13266091546.0,12213854122.0,-0.07,-0.4,9.15,2.71
654,300254,仟源医药,9.06,3.78,0.33,159311.0,145175785.04,6.3,9.45,8.9,8.9,8.73,0.9,7.01,174.31,5.21,2330309581.0,2059681166.0,0.11,0.11,-21.15,-10.47
655,600733,北汽蓝谷,5.21,3.78,0.19,956689.0,493178654.0,4.78,5.26,5.02,5.05,5.02,1.2,1.58,-9.53,5.51,33172872142.0,31494167519.0,0.0,0.0,-18.21,-35.12
656,300086,康芝药业,6.89,3.77,0.25,239254.0,165540575.0,3.92,7.04,6.78,6.85,6.64,1.09,5.43,-66.72,3.53,3135807192.0,3036247457.0,0.0,0.15,4.71,-42.73
657,300461,田中精机,30.84,3.77,1.12,56281.0,172377487.0,7.17,31.57,29.44,30.2,29.72,0.8,3.89,-63.21,8.96,4858493261.0,4462895166.0,0.13,0.06,-39.03,61.64
658,301328,维峰电子,59.43,3.77,2.16,28626.0,169734492.8,6.2,60.82,57.27,58.41,57.27,1.06,2.49,127.45,4.83,9469915605.0,6844200264.0,-0.03,-0.15,-1.59,82.3
659,600603,广汇物流,4.68,3.77,0.17,137609.0,63716657.0,4.21,4.71,4.52,4.59,4.51,0.77,1.19,91.75,0.73,5399783771.0,5399783771.0,-0.43,-0.64,-9.3,-24.76
660,301372,科净源,30.33,3.76,1.1,14919.0,44924239.0,5.78,30.82,29.13,29.52,29.23,1.06,3.62,90.61,2.81,2079771472.0,1248699597.0,-0.2,0.33,-14.49,19.6
661,600638,新黄浦,4.97,3.76,0.18,139984.0,69068285.0,5.43,5.04,4.78,4.79,4.79,1.46,2.08,6.05,0.72,3346782026.0,3346782026.0,0.0,0.0,-9.14,-22.83
662,301049,超越科技,20.14,3.76,0.73,7488.0,14936639.8,3.19,20.17,19.55,19.55,19.41,0.73,1.75,-26.73,3.6,1898262147.0,862522870.0,0.0,0.25,-8.83,-6.24
663,688363,华熙生物,37.02,3.76,1.34,55355.0,205958718.0,4.9,37.89,36.14,36.14,35.68,1.67,1.15,68.95,2.53,17831728519.0,17831728519.0,-0.24,-0.19,1.96,-14.88
664,603380,易德龙,33.72,3.75,1.22,24846.0,83442224.0,4.74,34.38,32.84,33.0,32.5,0.83,1.55,44.31,3.57,5410077264.0,5410077264.0,-0.03,-0.09,-11.15,-9.84
665,603823,百合花,86.39,3.75,3.12,256964.0,2184560662.0,10.68,89.89,81.0,85.5,83.27,1.21,6.17,209.43,14.68,35970005949.0,35970005949.0,0.72,0.44,224.53,479.02
666,688209,英集芯,21.88,3.75,0.79,87407.0,189966607.0,5.12,22.09,21.01,21.26,21.09,0.98,2.02,52.58,4.3,9491194992.0,9491194992.0,-0.05,0.05,-13.35,10.06
667,002976,瑞玛精密,22.75,3.74,0.82,47608.0,107497290.9,7.02,23.35,21.81,22.23,21.93,1.01,3.91,-80.16,3.08,4427397816.0,2769344942.0,0.0,0.09,-15.74,5.52
668,688455,科捷智能,15.24,3.74,0.55,21330.0,32290147.0,6.06,15.53,14.64,14.7,14.69,1.35,1.27,-14.59,2.78,2560787350.0,2560787350.0,0.53,0.26,-30.51,-24.14
669,002166,莱茵生物,6.94,3.74,0.25,176836.0,122038462.84,2.99,6.96,6.76,6.76,6.69,1.39,2.39,30.26,1.65,5146769410.0,5125782850.0,0.0,0.14,-17.77,-16.89
670,600052,东望时代,3.88,3.74,0.14,111262.0,42844205.0,3.48,3.9,3.77,3.78,3.74,0.95,1.32,-42.0,1.52,3275475595.0,3275475595.0,0.26,0.0,-11.82,-17.62
671,300899,上海凯鑫,29.15,3.74,1.05,6393.0,18494384.8,4.16,29.26,28.09,28.09,28.1,1.08,1.56,-41.25,3.04,1859288034.0,1193286324.0,-0.14,-0.03,-14.89,-9.75
672,603657,春光科技,27.26,3.73,0.98,49297.0,131323444.0,7.95,27.47,25.38,26.52,26.28,1.1,3.65,-26.02,4.22,3685280763.0,3685280763.0,-0.33,-0.37,-7.37,-8.52
673,300227,光韵达,11.67,3.73,0.42,155018.0,179239863.0,3.73,11.72,11.3,11.5,11.25,0.63,3.4,-60.62,4.35,6952535433.0,5325665522.0,-0.09,-0.09,13.3,26.71
674,301098,金埔园林,8.62,3.73,0.31,93632.0,80712917.7,6.86,8.86,8.29,8.32,8.31,1.3,4.85,-29.12,1.43,1995113835.0,1663545535.0,-0.23,-0.12,-16.07,0.47
675,920685,新芝生物,12.55,3.72,0.45,28851.0,36719879.95,4.21,12.99,12.48,12.5,12.1,1.08,4.95,41.27,2.07,1148525060.0,731840374.0,0.0,-0.08,15.67,-7.11
676,600557,康缘药业,12.82,3.72,0.46,153214.0,196851741.0,3.32,13.0,12.59,12.6,12.36,1.38,2.71,22.89,1.48,7258155893.0,7258155893.0,0.0,0.0,-0.54,-9.14
677,600536,中国软件,35.95,3.72,1.29,672842.0,2408385574.0,8.11,36.97,34.16,34.16,34.66,1.92,7.98,-113.85,9.55,33569627695.0,30329429425.0,0.0,0.08,-2.76,-22.35
678,300535,达威股份,16.45,3.72,0.59,32293.0,52645363.0,4.6,16.59,15.86,16.2,15.86,0.61,3.98,-54.56,1.86,1760476746.0,1335099207.0,0.12,0.18,-1.67,-7.38
679,002055,ST得润,5.87,3.71,0.21,157241.0,90722071.0,7.07,5.95,5.55,5.65,5.66,1.65,2.65,35.12,2.62,3548356400.0,3486721400.0,0.0,0.17,-21.94,-12.91
680,000850,华茂股份,4.19,3.71,0.15,147397.0,61697269.0,5.45,4.27,4.05,4.08,4.04,1.82,1.56,-5.01,0.9,3953956388.0,3952742771.0,-0.24,0.0,6.89,-21.97
681,688172,燕东微,55.55,3.7,1.98,134876.0,748763118.0,6.07,57.07,53.82,54.5,53.57,0.96,1.13,-76.54,4.37,79304185288.0,66590790866.0,-0.18,-0.14,-14.74,91.95
682,002425,凯撒文化,3.08,3.7,0.11,390837.0,119479883.0,4.71,3.13,2.99,3.01,2.97,0.59,4.25,62.14,1.19,2946528403.0,2834172643.0,0.33,0.0,-2.84,-12.99
683,601869,长飞光纤,358.0,3.7,12.76,121902.0,4329116987.0,6.93,364.76,340.82,349.66,345.24,0.87,3.0,149.65,21.19,296390028664.0,145469116412.0,0.01,0.04,-2.21,207.67
684,000935,四川双马,23.26,3.7,0.83,53127.0,121687214.29,4.5,23.45,22.44,22.55,22.43,1.18,0.7,75.51,2.27,17757622146.0,17757622146.0,0.04,0.0,-27.58,-6.36
685,603867,新化股份,28.86,3.7,1.03,80043.0,228959837.0,4.13,29.08,27.93,28.09,27.83,1.47,3.71,19.31,2.06,6276667403.0,6224719403.0,-0.03,0.03,-27.3,15.44
686,002861,瀛通通讯,15.98,3.7,0.57,56674.0,90888422.66,6.1,16.4,15.46,15.55,15.41,1.29,3.77,-27.48,2.88,2976817713.0,2399687037.0,0.0,0.0,-12.39,-10.17
687,688805,健信超导,39.75,3.7,1.42,13544.0,53820926.0,4.51,40.33,38.6,38.99,38.33,1.07,4.04,71.94,5.57,6665280000.0,1333056000.0,-0.05,-0.03,-31.45,-5.0
688,300529,健帆生物,16.28,3.69,0.58,149066.0,242196854.78,3.76,16.43,15.84,15.84,15.7,1.53,2.91,17.02,3.89,13001293877.0,8341905781.0,-0.18,0.0,-7.66,-15.08
689,688312,燕麦科技,49.15,3.69,1.75,64843.0,317482226.0,6.69,50.18,47.01,47.67,47.4,1.02,4.42,730.21,4.91,7211041070.0,7211041070.0,0.02,-0.06,-44.21,50.63
690,688578,艾力斯,120.78,3.69,4.3,142315.0,1705333963.0,5.87,122.86,116.02,119.5,116.48,1.49,3.16,17.64,6.42,54351000000.0,54351000000.0,0.0,-0.01,34.96,16.64
691,300943,春晖智控,31.0,3.68,1.1,146786.0,453576320.34,10.1,32.4,29.38,30.17,29.9,0.81,11.0,166.24,6.35,6318420000.0,4136192205.0,-0.29,-0.32,-21.76,50.12
692,600605,汇通能源,24.49,3.68,0.87,30469.0,74262657.0,5.8,24.98,23.61,23.68,23.62,1.08,1.48,97.96,3.52,5051856686.0,5051856686.0,0.25,-0.08,-23.54,-18.26
693,600572,康恩贝,4.51,3.68,0.16,1293242.0,581041434.0,4.37,4.59,4.4,4.4,4.35,0.64,5.11,14.42,1.66,11448779460.0,11418373703.0,0.0,0.0,11.63,4.64
694,688246,嘉和美康,17.8,3.67,0.63,36002.0,64798364.0,6.58,18.38,17.25,17.25,17.17,1.28,2.62,-42.77,1.9,2449023644.0,2449023644.0,-0.06,-0.06,-27.94,-23.44
695,688021,奥福科技,21.17,3.67,0.75,14733.0,30715340.0,3.92,21.22,20.42,20.67,20.42,1.36,1.93,37.01,1.85,1617678389.0,1617678389.0,0.33,0.19,-14.05,16.0
696,600763,通策医疗,36.54,3.66,1.29,181361.0,662557956.0,4.31,36.99,35.47,35.47,35.25,1.33,4.05,17.83,3.95,16343944335.0,16343944335.0,-0.05,-0.11,-2.04,-9.13
697,300633,开立医疗,20.7,3.66,0.73,64582.0,133859121.68,5.01,21.02,20.02,20.15,19.97,1.6,2.48,-189.37,2.76,8794136354.0,5384407721.0,0.0,0.0,-1.33,-21.11
698,002044,美年健康,4.81,3.66,0.17,1160543.0,560577045.47,3.02,4.9,4.76,4.79,4.64,0.9,3.0,-18.46,2.4,18827561370.0,18635034886.0,0.0,0.42,-12.23,-8.73
699,603676,卫信康,9.62,3.66,0.34,56548.0,54454949.0,4.96,9.81,9.35,9.35,9.28,2.3,1.3,15.31,2.85,4186253630.0,4186253630.0,-0.1,0.0,6.65,-6.96
700,600735,ST新华锦,5.95,3.66,0.21,44817.0,26436081.0,4.36,6.02,5.77,5.77,5.74,0.87,1.05,170.44,2.39,2551230403.0,2531438371.0,-0.17,-0.17,-15.36,25.26
701,688314,康拓医疗,32.65,3.65,1.15,9714.0,31683588.0,6.13,33.09,31.16,32.1,31.5,1.29,1.19,50.63,3.73,2665163081.0,2665163081.0,0.0,0.09,-12.42,-0.27
702,688509,正元地信,4.26,3.65,0.15,73107.0,30781948.0,4.14,4.28,4.11,4.12,4.11,1.43,1.9,-25.22,2.98,3280200000.0,1639214772.0,0.0,-0.23,-9.55,-22.4
703,300206,理邦仪器,12.21,3.65,0.43,64380.0,78511989.21,3.48,12.35,11.94,11.94,11.78,1.32,1.9,16.84,3.34,7077689455.0,4131614489.0,0.16,0.16,-12.72,-2.16
704,600383,金地集团,2.27,3.65,0.08,1446197.0,327549149.0,8.22,2.35,2.17,2.18,2.19,1.85,3.2,-3.77,0.23,10248104708.0,10248104708.0,-0.44,-0.44,-13.69,-25.82
705,300131,英唐智控,16.47,3.65,0.58,678962.0,1126297119.56,6.54,17.12,16.08,16.26,15.89,0.89,6.51,1147.13,10.83,18693770918.0,17166145989.0,-0.54,-0.06,-8.19,12.35
706,600337,ST美克,3.12,3.65,0.11,202320.0,62295107.0,4.65,3.12,2.98,3.03,3.01,1.43,1.41,-5.3,11.43,4483434187.0,4483434187.0,0.0,0.0,1.63,6.85
707,688656,浩欧博,95.41,3.65,3.36,8687.0,82865886.0,6.87,97.82,91.5,94.05,92.05,1.24,1.37,181.69,7.29,6060311630.0,6060311630.0,-0.28,-0.19,-15.76,-37.88
708,920566,梓橦宫,10.22,3.65,0.36,48090.0,49247388.85,3.45,10.36,10.02,10.14,9.86,1.23,4.28,15.26,1.78,1476400414.0,1148181853.0,-0.1,-0.1,5.58,-6.41
709,002768,国恩股份,65.5,3.64,2.3,119136.0,770842781.5,7.26,66.82,62.23,64.2,63.2,1.26,4.72,27.86,4.23,28597300000.0,16522916489.0,-0.17,0.61,51.69,84.35
710,600449,宁夏建材,11.96,3.64,0.42,134955.0,160594118.0,5.11,12.22,11.63,11.65,11.54,0.64,2.82,-315.91,0.78,5719045262.0,5719045262.0,0.0,0.08,-17.91,-1.97
711,002142,宁波银行,34.18,3.64,1.2,564038.0,1915581093.38,2.82,34.24,33.31,33.5,32.98,2.34,0.85,6.81,0.93,225710733271.0,225566953768.0,0.0,0.0,14.78,25.71
712,002073,软控股份,5.7,3.64,0.2,216939.0,122853567.47,3.64,5.72,5.52,5.52,5.5,1.88,2.14,48.05,0.92,5838985112.0,5779861862.0,0.0,0.18,0.18,-29.89
713,688162,巨一科技,23.07,3.64,0.81,10214.0,23375655.0,3.82,23.13,22.28,22.76,22.26,0.99,0.75,38.11,1.32,3162914879.0,3162914879.0,-0.17,-0.22,-33.21,-24.61
714,603375,盛景微,38.77,3.64,1.36,20240.0,78656732.0,6.04,39.68,37.42,38.5,37.41,1.55,3.17,395.6,2.54,3902846680.0,2472786617.0,0.08,0.0,-24.01,6.51
715,002350,北京科锐,14.55,3.63,0.51,97575.0,139814581.69,4.34,14.6,13.99,14.18,14.04,0.91,1.84,-82.58,4.45,7890921157.0,7719523903.0,0.14,0.14,-6.67,79.41
716,002890,弘宇股份,14.56,3.63,0.51,20680.0,29981066.0,5.05,14.75,14.04,14.32,14.05,1.37,1.28,111.78,4.11,2473382330.0,2351100898.0,0.0,0.0,-5.88,-0.07
717,688166,博瑞医药,38.85,3.63,1.36,219223.0,858355304.0,5.55,40.08,38.0,39.0,37.49,1.11,5.03,455.43,5.83,16930635400.0,16930635400.0,-0.05,-0.13,-28.99,-20.78
718,002286,保龄宝,8.3,3.62,0.29,114003.0,92585452.0,4.87,8.31,7.92,7.99,8.01,1.22,3.08,14.57,1.4,3153812254.0,3068423414.0,0.0,0.24,-7.78,-5.9
719,688378,奥来德,47.25,3.62,1.65,155900.0,745046529.0,9.43,49.8,45.5,46.5,45.6,1.45,6.47,35.13,5.88,12352338999.0,11385386980.0,0.43,-0.04,-2.52,74.35
720,600287,苏豪时尚,4.86,3.62,0.17,39148.0,18816562.0,2.99,4.86,4.72,4.74,4.69,1.43,0.9,88.35,0.93,2122828920.0,2122828920.0,0.41,0.41,-5.08,-10.99
721,600266,城建发展,4.31,3.61,0.15,699575.0,301778282.0,7.69,4.46,4.14,4.16,4.16,1.14,3.37,13.64,0.49,8946454515.0,8946454515.0,0.0,0.23,-7.11,-14.14
722,688013,天臣医疗,26.4,3.61,0.92,14959.0,39673626.0,5.53,26.9,25.49,26.24,25.48,1.3,1.84,55.26,4.18,2142507840.0,2142507840.0,0.0,0.0,-9.31,-44.17
723,600526,菲达环保,4.59,3.61,0.16,168768.0,77352586.0,3.61,4.68,4.52,4.55,4.43,2.27,1.93,13.95,0.87,4078094926.0,4007102773.0,0.0,0.0,-4.77,-13.56
724,002746,仙坛股份,6.32,3.61,0.22,222681.0,139006304.32,3.93,6.33,6.09,6.17,6.1,1.32,3.14,20.51,1.21,5438604755.0,4485153755.0,0.0,0.32,8.03,7.67
725,002064,华峰化学,11.81,3.6,0.41,646526.0,754780641.63,5.44,11.98,11.36,11.42,11.4,1.54,1.31,14.78,2.04,58607643424.0,58483008655.0,0.25,0.25,13.78,8.35
726,300310,宜通世纪,4.32,3.6,0.15,230031.0,98893868.92,4.32,4.36,4.18,4.21,4.17,1.06,3.33,-188.47,2.02,3808764854.0,2986729822.0,0.0,0.0,-27.64,-26.9
727,300865,大宏立,29.32,3.6,1.02,109316.0,325006109.85,11.59,31.28,28.0,28.3,28.3,2.52,19.02,66.06,3.23,2805337600.0,1685379277.0,-0.03,-0.2,3.31,7.79
728,000911,*ST广糖,5.18,3.6,0.18,194101.0,98360339.95,10.6,5.3,4.77,4.92,5.0,1.69,4.85,-64.69,-25.19,2073656657.0,2073656657.0,0.0,-0.19,-5.82,-29.14
729,001228,永泰运,27.16,3.59,0.94,11755.0,31601552.0,4.81,27.49,26.23,26.45,26.22,1.02,1.47,20.41,1.66,2820962780.0,2169122780.0,-0.26,-0.37,-10.01,4.66
730,688101,三达膜,15.57,3.59,0.54,47208.0,73132771.0,4.72,15.79,15.08,15.09,15.03,1.96,1.42,13.12,1.15,5169427868.0,5169427868.0,0.0,0.0,-13.02,-3.23
731,001373,翔腾新材,28.35,3.58,0.98,14026.0,39477705.0,4.06,28.56,27.45,27.51,27.37,1.04,3.34,-51.43,2.31,1947273275.0,1189579665.0,0.07,0.39,-26.46,-12.17
732,000514,渝 开 发,4.05,3.58,0.14,140362.0,56440570.4,4.09,4.08,3.92,3.94,3.91,1.67,1.66,26.46,0.93,3417272408.0,3417272408.0,-0.25,-0.25,-5.81,-17.52
733,603613,国联股份,18.59,3.57,0.64,105768.0,194378598.0,4.29,18.77,18.0,18.0,17.95,1.24,1.47,12.22,1.43,13394797944.0,13394797944.0,-0.16,-0.11,-24.12,-33.61
734,300931,通用电梯,15.65,3.57,0.54,99978.0,154953204.0,6.42,15.85,14.88,15.07,15.11,0.66,5.11,-74.94,6.33,3805626150.0,3059596957.0,-0.32,-0.76,-0.45,41.37
735,301668,昊创瑞通,35.67,3.57,1.23,19126.0,67563188.79,5.49,36.19,34.3,34.7,34.44,0.84,7.86,122.19,3.88,3923700000.0,867800199.0,-0.03,0.03,-9.81,-24.92
736,002177,御银股份,5.51,3.57,0.19,355290.0,196120047.36,6.2,5.68,5.35,5.4,5.32,1.59,5.2,172.84,2.44,4194164030.0,3764212443.0,0.0,0.0,-24.31,-41.45
737,002640,跨境通,3.2,3.56,0.11,906330.0,289055343.2,5.83,3.26,3.08,3.14,3.09,1.09,5.85,7.93,7.74,4985732256.0,4954438416.0,-0.31,-0.31,-9.09,-29.36
738,688582,芯动联科,42.61,3.55,1.46,59762.0,250410461.0,4.01,42.66,41.01,41.51,41.15,0.81,1.49,234.64,6.76,17118101176.0,17118101176.0,-0.02,0.14,-18.48,-35.4
739,688638,誉辰智能,33.53,3.55,1.15,4844.0,16225839.0,5.22,33.88,32.19,32.84,32.38,0.89,1.83,-10.26,2.46,1877680000.0,887238068.0,-0.18,-0.06,-10.87,-7.71
740,601061,中信金属,11.96,3.55,0.41,299366.0,361888262.0,5.28,12.38,11.77,12.0,11.55,1.76,0.61,10.64,2.47,58604000000.0,58604000000.0,-0.58,-0.5,-12.38,-15.66
741,300723,一品红,38.34,3.54,1.31,183043.0,705705845.46,4.32,39.36,37.76,38.2,37.03,1.13,4.37,7.28,8.95,17317900648.0,16071696982.0,-0.03,0.0,-7.73,14.28
742,603477,巨星农牧,14.36,3.53,0.49,185856.0,263423267.0,4.47,14.42,13.8,13.83,13.87,0.95,3.64,-5.27,2.74,7509987401.0,7324616875.0,0.07,0.0,-10.59,-16.46
743,688175,高凌信息,19.65,3.53,0.67,21353.0,41514079.0,4.79,19.74,18.83,19.21,18.98,0.86,1.27,209.18,1.92,3303402765.0,3303402765.0,0.2,0.41,-26.49,-20.45
744,600620,天宸股份,4.41,3.52,0.15,83462.0,36459120.0,3.05,4.41,4.28,4.28,4.26,1.85,1.22,-79.15,2.13,3028246068.0,3028246068.0,0.46,0.23,-9.45,-32.15
745,688671,碧兴物联,24.43,3.52,0.83,9619.0,23372287.0,4.36,24.68,23.65,23.65,23.6,0.74,1.79,-27.97,1.92,1918216727.0,1313652940.0,-0.04,-0.08,-5.24,-1.37
746,002562,兄弟科技,5.01,3.51,0.17,443221.0,221609216.64,3.72,5.1,4.92,5.05,4.84,0.83,5.45,40.64,1.61,5725537804.0,4075731673.0,-0.2,0.0,-0.6,-21.23
747,300518,新迅达,22.98,3.51,0.78,81591.0,188868054.64,6.4,23.82,22.4,22.99,22.2,1.0,4.09,-83.6,6.93,4582478016.0,4581580073.0,0.0,0.44,-27.19,31.31
748,300454,深信服,118.58,3.51,4.02,130932.0,1534508143.86,4.63,119.42,114.12,116.0,114.56,0.84,4.55,-198.34,4.73,51174272742.0,34151388388.0,-0.01,0.06,8.59,3.07
749,688697,纽威数控,14.44,3.51,0.49,113169.0,164710720.0,5.09,14.87,14.16,14.3,13.95,1.18,1.77,34.68,5.41,9245451610.0,9245451610.0,0.0,-0.28,-5.74,35.46
750,688332,中科蓝讯,91.41,3.51,3.1,51778.0,468612035.0,4.74,92.21,88.02,90.0,88.31,0.91,2.9,17.01,2.86,16315344564.0,16315344564.0,0.02,0.07,-6.09,4.62
751,301009,可靠股份,9.15,3.51,0.31,34590.0,31468503.52,2.6,9.17,8.94,8.94,8.84,1.36,2.29,330.83,1.9,2487519000.0,1381970506.0,0.0,0.11,-5.77,-27.15
752,600153,建发股份,9.15,3.51,0.31,316048.0,286164964.0,5.2,9.26,8.8,8.8,8.84,2.18,1.09,9.46,0.64,26530777742.0,26530777742.0,-0.22,-0.22,3.86,7.02
753,002215,诺 普 信,9.43,3.51,0.32,416645.0,386282315.68,6.48,9.54,8.95,9.05,9.11,1.69,5.16,6.19,2.07,9470160578.0,7620024415.0,0.11,0.32,6.19,-8.36
754,002194,武汉凡谷,10.03,3.51,0.34,247875.0,244122920.91,4.33,10.07,9.65,9.79,9.69,0.51,4.85,-1167.29,2.77,6853356634.0,5124114866.0,0.1,0.7,-10.61,-23.14
755,003007,直真科技,37.16,3.51,1.26,21518.0,79638436.0,6.02,37.97,35.81,36.17,35.9,1.04,2.96,-47.09,2.93,4443386265.0,2697357334.0,0.03,0.08,-14.87,-0.27
756,300868,杰美特,87.82,3.5,2.97,26550.0,232409929.32,4.35,89.48,85.79,86.91,84.85,0.89,3.29,-346.41,7.61,11168831326.0,7092196102.0,-0.95,-0.2,-22.96,177.03
757,600161,天坛生物,12.7,3.5,0.43,371758.0,476749949.0,4.24,12.95,12.43,12.45,12.27,2.8,1.88,49.88,2.13,25112617364.0,25112617364.0,-0.08,-0.16,-2.98,-22.04
758,002045,国光电器,8.28,3.5,0.28,182550.0,150127411.7,5.25,8.4,7.98,8.04,8.0,1.14,3.25,-45.23,1.1,4657360333.0,4651082023.0,0.0,0.0,-11.44,-41.53
759,000650,仁和药业,5.62,3.5,0.19,417764.0,232917562.54,2.95,5.64,5.48,5.48,5.43,1.69,3.14,14.01,1.26,7867652875.0,7482388387.0,-0.18,0.0,8.49,2.18
760,300191,潜能恒信,33.2,3.49,1.12,169826.0,560908139.7,7.82,34.24,31.73,32.0,32.08,1.12,7.68,45.17,8.64,10624000000.0,7343674000.0,0.3,0.33,2.0,80.14
761,301448,开创电气,41.79,3.49,1.41,13849.0,57579934.0,5.27,42.44,40.31,40.31,40.38,0.53,1.95,-876.94,6.32,4371234000.0,2962200570.0,-0.1,1.06,17.35,-16.15
762,920471,美邦科技,12.16,3.49,0.41,34203.0,41193990.13,6.38,12.29,11.54,11.54,11.75,1.93,6.45,45.99,2.01,1011712000.0,644852181.0,0.16,0.33,1.42,-3.42
763,600587,新华医疗,12.79,3.48,0.43,101144.0,128661166.0,4.21,12.85,12.33,12.33,12.36,1.23,1.67,15.64,1.0,7758983782.0,7758983782.0,-0.16,0.0,-3.69,-10.56
764,688528,秦川物联,9.8,3.48,0.33,18368.0,17841446.0,3.7,9.83,9.48,9.53,9.47,1.08,1.09,-17.49,3.7,1646400000.0,1646400000.0,0.0,0.2,-18.27,-9.01
765,688051,佳华科技,25.0,3.48,0.84,17630.0,43570968.0,6.66,25.48,23.87,24.1,24.16,1.59,2.28,-23.81,3.34,1933350000.0,1933350000.0,-0.4,-1.07,-26.36,-36.88
766,300306,远方信息,10.11,3.48,0.34,29582.0,29693319.0,3.48,10.17,9.83,9.88,9.77,1.09,1.88,65.77,1.9,2719173246.0,1593361174.0,-0.1,0.1,-9.73,-25.06
767,688579,地纬智能,8.03,3.48,0.27,53311.0,42515874.0,3.74,8.06,7.77,7.83,7.76,1.5,1.33,-40.35,2.35,3212080300.0,3212080300.0,0.25,0.0,-12.72,-25.16
768,688443,智翔金泰-U,26.78,3.48,0.9,65878.0,178364317.0,5.18,27.7,26.36,26.96,25.88,1.52,4.59,-16.43,6.84,9819690400.0,3839984200.0,0.04,-0.33,-9.98,-1.69
769,688336,三生国健,48.61,3.47,1.63,185599.0,911376448.0,6.02,50.38,47.55,48.58,46.98,1.51,2.07,61.15,5.22,43565518104.0,43565518104.0,-0.08,0.02,14.62,19.23
770,000897,津滨发展,1.79,3.47,0.06,360596.0,63956401.07,4.05,1.8,1.73,1.74,1.73,1.28,2.23,-451.39,0.96,2894917299.0,2894860735.0,0.56,0.56,-6.28,-21.49
771,300299,富春股份,5.36,3.47,0.18,177818.0,94835426.47,4.05,5.4,5.19,5.24,5.18,1.08,2.58,55.45,9.33,3700008456.0,3695477916.0,-0.19,-0.19,-5.63,-24.51
772,000705,浙江震元,7.17,3.46,0.24,94683.0,67776919.36,3.32,7.25,7.02,7.04,6.93,1.09,3.36,-27.46,1.23,2395663961.0,2021691746.0,-0.14,-0.14,3.02,-20.77
773,603098,森特股份,10.18,3.46,0.34,38691.0,39017742.0,3.05,10.2,9.9,9.96,9.84,0.69,0.72,63.82,1.96,5492313376.0,5484983776.0,0.0,0.0,-19.46,-26.29
774,000888,峨眉山Ａ,9.86,3.46,0.33,140810.0,137716027.95,3.36,9.88,9.56,9.56,9.53,2.38,2.67,21.93,1.96,5195363186.0,5195363186.0,0.0,0.2,-2.95,-23.98
775,300384,三联虹普,12.84,3.46,0.43,66316.0,84271483.69,4.35,12.99,12.45,12.56,12.41,1.58,3.01,22.59,1.47,4096053283.0,2826257199.0,0.39,0.63,0.39,-20.1
776,002485,ST雪发,5.98,3.46,0.2,24774.0,14592025.9,3.63,5.98,5.77,5.81,5.78,0.98,0.46,-51.86,3.21,3253120000.0,3253120000.0,0.67,0.5,31.72,42.38
777,600162,香江控股,4.19,3.46,0.14,1844752.0,771424230.0,10.12,4.4,3.99,4.2,4.05,0.7,5.64,-155.55,2.4,13694755731.0,13694755731.0,0.0,0.0,81.39,126.49
778,688022,ST瀚川,8.38,3.46,0.28,21586.0,18022021.0,4.2,8.48,8.14,8.19,8.1,1.14,1.23,-273.17,2.23,1473860355.0,1473860355.0,0.36,0.12,-6.37,-45.23
779,300120,经纬辉开,9.0,3.45,0.3,540404.0,477050636.05,7.47,9.06,8.41,8.87,8.7,0.62,10.25,415.13,2.06,5169545361.0,4747023018.0,0.0,0.22,26.05,5.88
780,002537,海联金汇,5.69,3.45,0.19,183373.0,103335572.65,4.0,5.7,5.48,5.52,5.5,1.04,1.57,32.13,1.52,6680155279.0,6661383969.0,0.18,0.18,-12.46,-37.2
781,300751,迈为股份,196.04,3.45,6.54,113438.0,2235631418.17,7.68,202.74,188.18,189.0,189.5,1.2,5.88,115.82,6.91,54675899462.0,37806148346.0,0.01,0.01,-27.16,-4.6
782,920080,奥美森,22.16,3.45,0.74,3913.0,8645006.32,5.23,22.49,21.37,21.37,21.42,1.39,1.7,20.78,3.39,1839280000.0,509141534.0,-0.05,-0.05,0.27,-18.17
783,301225,恒勃股份,56.9,3.45,1.9,34037.0,190066285.65,9.27,58.6,53.5,55.41,55.0,1.02,7.74,77.07,5.22,8198845099.0,2502916119.0,0.0,0.32,-24.1,-51.99
784,300396,ST迪瑞,7.2,3.45,0.24,41799.0,30278942.0,3.3,7.33,7.1,7.1,6.96,1.55,1.54,129.23,1.27,1963441159.0,1960594207.0,0.14,0.56,-6.98,-44.19
785,301006,迈拓股份,13.8,3.45,0.46,15454.0,21156080.96,3.6,13.85,13.37,13.47,13.34,1.32,1.84,143.46,1.49,1922064000.0,1156728420.0,0.29,0.36,-11.76,-15.29
786,920068,天工股份,15.58,3.45,0.52,21681.0,33523310.16,4.98,15.76,15.01,15.06,15.06,2.49,1.25,25662.38,8.0,10214248234.0,2705973958.0,0.13,0.13,-11.43,-19.69
787,002980,华盛昌,97.99,3.44,3.26,100896.0,985104573.82,8.45,101.0,93.0,97.99,94.73,0.83,9.96,259.88,16.35,18462415840.0,9925095394.0,0.0,0.21,-16.76,365.07
788,300453,三鑫医疗,10.22,3.44,0.34,259007.0,264948189.68,4.86,10.46,9.98,9.98,9.88,1.23,7.2,19.51,3.75,5335701291.0,3677766287.0,0.2,0.29,10.37,19.95
789,300773,拉卡拉,14.79,3.43,0.49,384811.0,568419570.17,4.69,15.07,14.4,14.58,14.3,1.29,3.74,12.02,3.47,16081624277.0,15213152682.0,0.0,-0.07,-17.79,-26.27
790,920180,爱得科技,12.38,3.43,0.41,6972.0,8599278.97,3.76,12.5,12.05,12.08,11.97,1.1,1.95,30.15,1.93,1462363309.0,441588088.0,-0.08,-0.08,-7.34,67.98
791,688260,昀冢科技,107.56,3.42,3.56,69554.0,745171917.0,9.73,111.0,100.88,106.0,104.0,0.83,5.8,-70.71,92.51,12907200000.0,12907200000.0,-0.26,0.03,26.88,273.47
792,000691,亚太实业,10.28,3.42,0.34,67382.0,68857345.1,5.53,10.37,9.82,9.96,9.94,0.6,2.08,346.46,10.96,4984823400.0,3323215600.0,0.1,-0.39,24.61,45.82
793,688288,鸿泉技术,18.47,3.42,0.61,14775.0,27270437.0,4.93,18.78,17.9,17.9,17.86,1.37,1.48,-60.09,2.49,1843559113.0,1843559113.0,0.11,-0.32,-14.65,-30.85
794,300151,昌红科技,16.04,3.42,0.53,163442.0,262272033.11,5.67,16.48,15.6,15.78,15.51,1.06,4.43,125.95,5.56,8541452364.0,5913912503.0,-0.12,0.19,-30.86,6.93
795,603282,亚光股份,15.42,3.42,0.51,11584.0,17759443.0,3.29,15.5,15.01,15.2,14.91,1.0,0.87,-158.27,1.6,2063504400.0,2063504400.0,0.52,0.19,-5.51,-21.37
796,002852,道道全,8.49,3.41,0.28,237260.0,193241105.97,6.94,8.49,7.92,8.1,8.21,2.17,8.3,86.6,1.33,2920290909.0,2426601154.0,0.12,0.47,5.47,-18.6
797,300741,华宝股份,13.64,3.41,0.45,28055.0,38009895.25,3.64,13.68,13.2,13.29,13.19,1.39,0.46,47.07,1.24,8400603200.0,8400557506.0,0.15,0.22,-5.93,-26.27
798,301387,光大同创,56.2,3.4,1.85,22950.0,128796747.55,4.77,57.21,54.62,56.0,54.35,0.94,5.38,-955.64,3.67,6030367005.0,2398762232.0,0.36,-0.04,-45.05,1.63
799,300411,金盾股份,7.6,3.4,0.25,102600.0,77276909.8,3.67,7.65,7.38,7.43,7.35,0.64,3.32,258.85,3.2,3089552053.0,2349277800.0,0.0,-0.13,-5.71,-34.43
800,002551,尚荣医疗,3.35,3.4,0.11,216843.0,72446998.0,4.32,3.41,3.27,3.27,3.24,0.83,3.55,-392.03,1.14,2832406836.0,2047460809.0,-0.3,0.0,8.77,-8.22
801,603897,长城科技,29.87,3.39,0.98,166855.0,495220548.0,8.24,30.88,28.5,28.89,28.89,0.66,8.08,21.75,2.59,6166233791.0,6166233791.0,0.0,-0.27,-38.67,14.88
802,301119,正强股份,21.44,3.38,0.7,12760.0,27082626.6,3.04,21.49,20.86,20.86,20.74,0.62,1.08,30.59,2.96,3121664000.0,2524645760.0,0.37,0.8,-16.18,-42.9
803,300700,岱勒新材,19.28,3.38,0.63,94230.0,182907763.69,6.06,19.94,18.81,18.81,18.65,0.89,2.65,776.6,9.92,7654715707.0,6852288547.0,-0.05,-0.1,-1.98,56.11
804,000615,*ST美谷,3.37,3.37,0.11,67497.0,22445028.0,3.68,3.38,3.26,3.26,3.26,1.06,0.73,-6.97,3.68,6023850375.0,3118154693.0,0.3,0.0,-9.16,-3.44
805,688576,西山科技,42.38,3.37,1.38,4715.0,19975177.0,6.59,43.2,40.5,41.5,41.0,1.29,1.46,98.3,1.67,2866718350.0,1369659556.0,-0.09,0.17,-15.16,0.88
806,603059,倍加洁,25.76,3.37,0.84,15478.0,39745364.0,4.09,25.95,24.93,25.3,24.92,1.06,1.54,33.06,2.37,2591911952.0,2587558512.0,-0.31,-0.19,-7.6,-13.59
807,000856,冀东装备,8.28,3.37,0.27,61717.0,50646024.0,5.62,8.35,7.9,8.09,8.01,1.65,2.72,-34.14,4.59,1879560000.0,1879560000.0,0.0,-0.12,-11.25,-18.98
808,688211,中科微至,31.07,3.36,1.01,7249.0,22471080.0,3.23,31.29,30.32,30.45,30.06,1.05,0.55,344.7,1.17,4073055222.0,4073055222.0,0.1,-0.13,-13.26,0.88
809,300252,金信诺,11.39,3.36,0.37,237935.0,270729184.1,4.08,11.54,11.09,11.22,11.02,0.95,4.26,92.22,3.15,7793196925.0,6364213288.0,0.0,-0.09,-22.52,-22.09
810,688193,仁度生物,48.54,3.36,1.58,6591.0,32250812.0,5.75,50.32,47.62,47.62,46.96,1.49,1.64,97.34,2.21,1944991490.0,1944991490.0,-0.02,-0.27,-3.44,2.41
811,301024,霍普股份,31.73,3.36,1.03,8569.0,27204078.6,3.81,32.12,30.95,31.18,30.7,1.13,1.39,-26.34,5.97,2017552050.0,1953298800.0,-0.03,-0.13,-30.0,-10.29
812,920047,诺思兰德,17.51,3.36,0.57,74588.0,133997492.1,6.38,18.58,17.5,17.7,16.94,1.5,4.14,-101.03,18.08,4802502265.0,3153663537.0,0.0,-0.57,-40.3,-26.15
813,300436,广生堂,96.51,3.36,3.14,80789.0,791887876.19,4.52,99.97,95.75,98.0,93.37,1.24,5.91,-148.23,61.09,15370858170.0,13195037228.0,-0.02,0.11,-17.35,8.26
814,002950,奥美医疗,9.57,3.35,0.31,100839.0,96341424.0,3.02,9.66,9.38,9.41,9.26,1.46,2.35,13.91,1.68,6060349945.0,4111513690.0,-0.1,0.0,-4.97,-11.22
815,002957,科瑞技术,40.72,3.35,1.32,203902.0,819492705.83,7.34,41.29,38.4,39.8,39.4,0.79,4.87,61.59,5.34,17101686016.0,17048595117.0,0.0,-0.07,-27.39,90.28
816,000929,兰州黄河,8.94,3.35,0.29,18435.0,16328205.0,3.24,8.95,8.67,8.7,8.65,0.77,0.99,-24.9,4.76,1660748040.0,1660642754.0,0.22,0.0,-13.71,1.48
817,603385,惠达卫浴,5.55,3.35,0.18,39655.0,21802176.0,3.54,5.57,5.38,5.4,5.37,1.41,1.04,-17.33,0.6,2112690572.0,2112690572.0,0.0,-0.18,-3.48,-18.86
818,301198,喜悦智行,12.33,3.35,0.4,26992.0,33356148.56,4.11,12.53,12.04,12.2,11.93,1.01,1.66,-4352.75,2.3,2083770000.0,2000877629.0,-0.16,-0.32,-31.08,-1.83
819,688610,埃科光电,166.84,3.34,5.39,22091.0,366264030.0,7.48,169.8,157.72,164.77,161.45,0.98,5.4,82.02,6.91,11345120000.0,6829189645.0,-0.13,-0.09,-8.33,169.92
820,301603,乔锋智能,120.76,3.34,3.9,22269.0,265680773.51,4.91,122.2,116.46,119.0,116.86,1.14,5.9,34.43,5.89,14582977600.0,4556576700.0,-0.35,-0.03,-2.86,60.16
821,300510,金冠股份,3.41,3.33,0.11,157442.0,53191945.17,3.03,3.41,3.31,3.32,3.3,0.87,1.91,-23.0,1.47,2812195287.0,2812195287.0,0.59,0.59,-9.55,-17.43
822,000006,深振业Ａ,7.14,3.33,0.23,233571.0,166100874.83,5.64,7.32,6.93,7.02,6.91,0.78,1.73,320.13,1.8,9638964628.0,9638891800.0,0.0,0.14,-27.51,-28.24
823,605166,聚合顺,8.37,3.33,0.27,56461.0,46985009.0,2.47,8.4,8.2,8.23,8.1,0.98,1.79,20.91,1.32,2634323379.0,2634323379.0,0.0,-0.12,-19.67,-18.82
824,600533,栖霞建设,2.17,3.33,0.07,140573.0,30388807.0,4.29,2.2,2.11,2.12,2.1,1.2,1.34,-10.3,1.72,2278500000.0,2278500000.0,-0.46,-0.46,-2.25,-15.23
825,301113,雅艺科技,16.74,3.33,0.54,11679.0,19437207.22,3.46,16.84,16.28,16.4,16.2,1.07,1.63,-190.17,2.95,1980342000.0,1199658892.0,0.42,0.24,-10.82,-8.27
826,688573,信宇人,16.17,3.32,0.52,17796.0,28556509.0,4.41,16.29,15.6,15.7,15.65,1.09,3.34,-11.12,4.57,1580688454.0,860506358.0,-0.12,0.12,-26.7,-29.05
827,603755,日辰股份,23.63,3.32,0.76,8616.0,20319093.0,3.5,23.83,23.03,23.09,22.87,1.16,0.87,32.02,3.07,2330241282.0,2330241282.0,0.0,0.13,-9.5,-35.03
828,603839,安正时尚,7.18,3.31,0.23,30746.0,21834573.0,4.46,7.21,6.9,6.9,6.95,0.89,0.79,22.86,1.65,2778776316.0,2778776316.0,0.42,0.14,3.16,-12.12
829,603909,建发合诚,9.68,3.31,0.31,29589.0,28357211.0,3.31,9.71,9.4,9.63,9.37,1.81,1.14,24.24,2.15,2523315995.0,2523315995.0,0.52,0.52,-7.55,-13.11
830,300523,辰安科技,19.95,3.31,0.64,22712.0,45055898.0,3.83,20.12,19.38,19.58,19.31,1.27,0.98,-39.04,4.8,4641120878.0,4640977238.0,-0.1,-0.1,-9.28,-16.63
831,688239,航宇科技,44.88,3.31,1.44,74556.0,332623286.0,6.28,45.5,42.77,44.26,43.44,1.51,3.91,37.98,4.18,8568168798.0,8568168798.0,0.34,0.54,-31.11,-33.53
832,001367,海森药业,19.97,3.31,0.64,25216.0,50361525.39,3.16,20.2,19.59,19.59,19.33,1.51,2.07,26.31,2.02,3042453464.0,2429091729.0,-0.1,0.0,-5.45,-8.52
833,600223,福瑞达,5.61,3.31,0.18,89681.0,50114645.0,3.13,5.63,5.46,5.48,5.43,1.14,0.88,44.7,1.36,5702950828.0,5702950828.0,0.0,-0.18,-6.5,-23.15
834,300213,佳讯飞鸿,6.26,3.3,0.2,116280.0,72181653.42,3.63,6.28,6.06,6.11,6.06,0.75,2.1,380.67,1.81,3720722772.0,3459218834.0,-0.16,-0.16,-18.49,-34.24
835,688120,华海清科,280.5,3.3,8.96,94649.0,2636388520.0,4.4,283.5,271.55,275.0,271.54,0.85,1.91,140.72,18.25,139206943359.0,139206943359.0,-0.12,-0.28,39.36,162.15
836,300691,联合光电,14.1,3.3,0.45,37580.0,52873393.0,4.25,14.22,13.64,13.81,13.65,0.98,1.7,-245.45,2.31,3793587601.0,3112407492.0,0.21,0.21,-19.8,-18.36
837,002062,宏润建设,7.83,3.3,0.25,176585.0,138102213.2,5.15,7.98,7.59,7.67,7.58,0.68,1.57,32.84,2.0,9687831061.0,8806408517.0,0.0,-0.13,-4.98,-14.43
838,301011,华立科技,15.07,3.29,0.48,22713.0,34081135.67,3.15,15.15,14.69,14.85,14.59,1.18,1.55,-55.51,2.51,2327668889.0,2210721921.0,0.0,0.07,-10.14,-40.99
839,600380,健康元,10.37,3.29,0.33,302527.0,314102337.0,3.49,10.5,10.15,10.15,10.04,1.8,1.65,11.43,1.25,18971431613.0,18971431613.0,0.0,-0.1,5.28,-8.47
840,300998,宁波方正,26.4,3.29,0.84,42751.0,111558271.0,5.44,26.75,25.36,25.86,25.56,1.28,3.97,365.82,2.87,3621267672.0,2842767312.0,-0.15,-0.04,-9.22,21.6
841,688326,经纬恒润-W,64.34,3.29,2.05,11866.0,75552960.0,4.66,64.9,62.0,63.53,62.29,0.95,1.06,-10.87,1.97,7716445469.0,7181857341.0,-0.22,0.05,-27.74,-45.11
842,300476,胜宏科技,253.45,3.29,8.07,295251.0,7524917059.85,6.47,261.88,246.01,250.0,245.38,0.75,3.41,48.33,15.9,249086810855.0,219283658810.0,0.03,0.0,-33.18,-11.25
843,301558,三态股份,6.61,3.28,0.21,55750.0,36570250.6,3.13,6.62,6.42,6.46,6.4,1.2,2.54,91.51,3.77,5214306584.0,1450775042.0,0.0,0.0,-7.29,-18.9
844,002017,东信和平,13.21,3.28,0.42,114801.0,151228234.25,5.39,13.5,12.81,12.87,12.79,1.2,1.98,38.79,4.3,7667505518.0,7662934501.0,-0.08,-0.15,-20.8,-40.39
845,300194,福安药业,4.09,3.28,0.13,374639.0,153739554.08,4.55,4.2,4.02,4.02,3.96,1.2,3.87,22.15,1.11,4865923642.0,3960527843.0,0.0,0.0,7.92,-6.62
846,300986,志特新材,12.27,3.28,0.39,340965.0,414610312.33,6.73,12.5,11.7,12.12,11.88,0.56,5.93,45.87,3.23,7064119259.0,7059139259.0,0.0,0.0,-12.17,54.73
847,688636,智明达,19.91,3.27,0.63,95923.0,193596833.0,4.25,20.6,19.78,19.78,19.28,1.5,5.52,32.26,2.41,3462476504.0,3462476504.0,-0.05,0.0,-50.21,-53.42
848,600833,第一医药,11.04,3.27,0.35,136895.0,152452193.0,5.8,11.47,10.85,10.9,10.69,0.6,6.14,26.47,2.12,2462873271.0,2462873271.0,0.0,-0.27,5.04,-14.09
849,301197,工大科雅,24.42,3.26,0.77,21325.0,51612458.25,3.89,24.55,23.63,23.86,23.65,1.02,1.96,-103.48,2.24,2943586800.0,2655656685.0,-0.04,0.25,-20.01,17.46
850,300272,开能健康,6.02,3.26,0.19,136909.0,82803437.46,3.43,6.14,5.94,5.96,5.83,0.72,2.95,172.23,2.98,3681046221.0,2796121530.0,0.0,0.17,-3.68,-18.98
851,688381,帝奥微,33.31,3.25,1.05,118452.0,401789753.0,10.69,35.47,32.02,33.0,32.26,1.23,4.79,-83.61,3.31,8244225000.0,8244225000.0,-0.3,-0.12,-25.66,46.61
852,301206,三元生物,24.78,3.25,0.78,24295.0,59663379.5,2.63,24.8,24.17,24.3,24.0,1.4,1.86,48.04,1.2,5013630846.0,3228229938.0,0.08,0.0,0.12,-3.95
853,301259,艾布鲁,23.54,3.25,0.74,50408.0,117367294.35,5.22,23.82,22.63,23.05,22.8,0.87,3.47,137.96,6.08,5324748000.0,3414698182.0,-0.04,0.3,0.04,3.47
854,688113,联测科技,35.92,3.25,1.13,7059.0,25253526.0,4.31,36.18,34.68,35.0,34.79,1.36,1.1,20.36,2.31,2313160319.0,2313160319.0,-0.42,-0.33,-14.6,-8.72
855,300837,浙矿股份,23.25,3.24,0.73,14147.0,32800267.0,3.55,23.44,22.64,22.87,22.52,0.99,1.87,48.6,1.65,2325157217.0,1757566592.0,0.56,0.56,-24.27,-31.05
856,002210,飞马国际,2.23,3.24,0.07,465055.0,102525065.0,2.78,2.23,2.17,2.17,2.16,0.85,1.75,127.87,6.33,5934549086.0,5921247303.0,0.0,0.0,-13.9,-38.06
857,001330,博纳影业,4.8,3.23,0.15,567263.0,271054541.5,5.59,4.91,4.65,4.74,4.65,0.94,4.88,-37.26,1.74,6597691123.0,5581667146.0,-0.21,0.21,-48.44,-36.84
858,600073,光明肉业,5.43,3.23,0.17,149232.0,79702623.0,3.99,5.43,5.22,5.25,5.26,0.69,1.59,25.66,1.09,5091871033.0,5091871033.0,0.56,0.74,3.23,-15.16
859,301161,唯万密封,28.41,3.23,0.89,30010.0,85516646.14,4.25,29.08,27.91,28.59,27.52,0.71,3.89,29.12,3.63,3409200000.0,2193183106.0,-0.04,-0.04,-12.4,-24.62
860,002482,广田集团,1.28,3.23,0.04,452731.0,57504569.4,3.23,1.29,1.25,1.25,1.24,0.83,1.21,-47.38,10.79,4801231825.0,4791948545.0,0.0,-0.78,-13.51,-24.26
861,000572,海马汽车,3.84,3.23,0.12,320560.0,121935153.55,3.49,3.86,3.73,3.74,3.72,0.98,1.95,-49.65,4.01,6315403876.0,6306251777.0,-0.26,-0.26,-16.16,-52.94
862,301228,实朴检测,57.49,3.23,1.8,22609.0,128949770.69,5.37,58.29,55.3,56.31,55.69,0.54,1.89,-396.89,11.51,6898800000.0,6866622502.0,0.02,-0.05,-8.6,48.9
863,600645,中源协和,21.08,3.23,0.66,253391.0,537171307.0,7.69,22.09,20.52,21.26,20.42,0.74,5.42,101.72,2.65,9864362601.0,9860595078.0,-0.14,-0.14,4.46,-16.35
864,920017,星昊医药,17.29,3.22,0.54,49359.0,86465894.99,3.28,17.76,17.21,17.21,16.75,1.07,4.03,20.12,1.31,2142101619.0,2119233865.0,-0.23,-0.12,11.62,-1.82
865,603987,康德莱,7.7,3.22,0.24,60289.0,46191976.0,3.49,7.72,7.46,7.46,7.46,1.45,1.38,15.55,1.21,3363289776.0,3363289776.0,0.13,0.0,4.9,-8.66
866,000965,天保基建,3.21,3.22,0.1,174264.0,55441893.8,3.54,3.22,3.11,3.13,3.11,1.25,1.57,13.93,0.65,3562557173.0,3562557173.0,0.31,0.31,-0.31,-17.9
867,300488,恒锋工具,31.12,3.22,0.97,43910.0,137863902.1,5.04,32.12,30.6,30.64,30.15,1.06,2.71,35.85,2.77,5950791203.0,5049327022.0,0.06,0.06,-6.91,-4.07
868,000796,凯撒旅业,3.85,3.22,0.12,331678.0,126594247.19,3.49,3.86,3.73,3.76,3.73,1.34,2.49,550.79,6.8,6174587327.0,5123433450.0,0.0,0.0,-17.74,-46.53
869,688515,裕太微-U,149.83,3.22,4.68,29864.0,447405229.0,6.34,153.2,144.0,148.0,145.15,0.8,5.99,-69.27,8.17,11986400000.0,7464440702.0,-0.09,-0.11,-24.71,46.1
870,688398,赛特新材,21.22,3.21,0.66,13855.0,29073922.0,3.7,21.27,20.51,20.7,20.56,0.78,0.83,2336.03,3.49,3561017430.0,3561017430.0,0.33,0.19,-35.09,25.19
871,002479,富春环保,5.79,3.21,0.18,364888.0,213032012.0,4.1,5.98,5.75,5.75,5.61,2.5,4.23,7.81,1.14,5008350000.0,4997191767.0,0.17,0.35,11.78,20.63
872,300261,雅本化学,5.15,3.21,0.16,190801.0,98614754.91,3.81,5.23,5.04,5.04,4.99,1.07,2.02,-21.54,2.72,4961043776.0,4855577018.0,0.19,0.0,1.18,-23.48
873,605003,众望布艺,22.19,3.21,0.69,21013.0,46684380.0,4.09,22.65,21.77,21.77,21.5,1.53,1.91,41.9,1.7,2440900000.0,2440900000.0,0.27,0.18,-7.93,-36.69
874,002825,纳尔股份,9.03,3.2,0.28,33113.0,29772541.6,3.43,9.12,8.82,8.91,8.75,0.72,1.29,33.94,1.96,3087723862.0,2317342839.0,0.22,0.22,-13.84,-20.58
875,301007,德迈仕,26.83,3.19,0.83,26356.0,69940966.08,3.96,26.98,25.95,26.32,26.0,0.67,1.74,135.14,6.29,4114112200.0,4060053104.0,-0.04,-0.19,-27.99,-33.67
876,300183,东软载波,10.35,3.19,0.32,40765.0,42052239.0,3.39,10.4,10.06,10.13,10.03,0.93,1.1,-52.99,1.55,4788004568.0,3840150274.0,0.0,0.0,-19.52,-30.21
877,688616,西力科技,10.99,3.19,0.34,17595.0,19207331.0,3.38,11.05,10.69,10.7,10.65,1.01,0.98,26.42,2.3,1971367132.0,1971367132.0,0.73,0.27,-11.94,-7.96
878,688310,迈得医疗,15.19,3.19,0.47,15300.0,23246973.0,4.08,15.45,14.85,14.85,14.72,1.26,0.93,-32.78,3.21,2496090674.0,2496090674.0,0.0,0.0,-15.8,0.73
879,688131,皓元医药,100.09,3.19,3.09,86253.0,873894919.0,5.45,104.44,99.15,102.61,97.0,1.23,4.04,78.65,6.87,21342600268.0,21342600268.0,0.0,-0.33,28.3,39.15
880,000566,海南海药,5.18,3.19,0.16,1395932.0,731082847.24,6.57,5.45,5.12,5.24,5.02,0.99,10.76,-21.98,1511.06,6720351353.0,6717090579.0,-0.19,0.0,27.27,-27.55
881,000790,华神科技,4.2,3.19,0.13,205697.0,86499518.6,3.19,4.27,4.14,4.2,4.07,1.14,3.3,270.93,3.65,2619621329.0,2614981379.0,0.0,0.24,4.74,8.53
882,001283,豪鹏科技,43.45,3.18,1.34,26276.0,112982085.9,4.44,43.86,41.99,42.66,42.11,0.83,2.54,35.16,1.6,5634601214.0,4492682118.0,-0.07,-0.11,-28.43,-19.03
883,300920,润阳科技,33.7,3.18,1.04,25123.0,84741746.77,5.39,34.42,32.66,33.02,32.66,1.09,2.91,347.54,3.75,4381000000.0,2909958773.0,-0.03,-0.12,-6.13,-4.69
884,002827,高争民爆,57.78,3.18,1.78,168196.0,957597820.5,6.93,57.9,54.02,56.93,56.0,0.91,6.09,246.65,15.02,16007717880.0,15947214998.0,0.61,0.43,95.14,53.71
885,002105,信隆健康,5.86,3.17,0.18,59844.0,34843957.6,3.17,5.89,5.71,5.76,5.68,0.88,1.64,-276.01,2.69,2146177827.0,2135799914.0,0.0,0.34,-1.68,-19.95
886,603520,司太立,9.1,3.17,0.28,112810.0,102879489.0,3.51,9.26,8.95,8.95,8.82,1.2,2.57,47.6,1.62,3989529917.0,3989529917.0,0.11,0.11,-14.07,-0.55
887,300945,曼卡龙,12.36,3.17,0.38,141206.0,176651411.88,5.09,12.84,12.23,12.57,11.98,1.22,5.92,14.17,1.9,3239205334.0,2950378931.0,-0.16,0.0,-3.51,-22.99
888,603900,莱绅通灵,6.19,3.17,0.19,89240.0,55330294.0,3.33,6.28,6.08,6.08,6.0,1.43,2.6,9.92,1.06,2122574770.0,2121460570.0,-0.16,0.16,-8.02,-26.83
889,301312,智立方,69.63,3.17,2.14,50268.0,348055257.27,5.97,71.0,66.97,68.96,67.49,0.74,5.93,203.62,9.79,11734076009.0,5902804568.0,-0.31,-0.24,-27.85,96.25
890,600867,通化东宝,8.5,3.16,0.26,545336.0,465555402.0,3.4,8.63,8.35,8.35,8.24,1.41,2.78,32.82,2.5,16647614047.0,16647614047.0,0.0,-0.12,6.52,8.01
891,002627,三峡旅游,6.53,3.16,0.2,72942.0,47323420.4,3.0,6.55,6.36,6.37,6.33,1.15,1.04,81.19,1.51,4608086991.0,4558972680.0,0.0,0.15,-11.88,-11.4
892,603176,汇通集团,4.89,3.16,0.15,33257.0,16122468.0,3.59,4.92,4.75,4.77,4.74,0.9,0.72,-9.58,2.19,2323911512.0,2258282822.0,0.0,-0.2,-6.32,-6.86
893,605168,三人行,47.01,3.16,1.44,75167.0,357996325.0,6.25,48.8,45.95,45.95,45.57,1.17,3.57,225.27,3.84,9910506512.0,9910506512.0,0.0,0.0,-15.45,24.17
894,603605,珀莱雅,57.39,3.15,1.75,61286.0,351276759.0,3.92,58.19,56.01,56.01,55.64,1.39,1.55,15.49,3.86,22725065452.0,22725065452.0,-0.09,-0.05,-0.85,-14.71
895,301628,强达电路,91.06,3.15,2.78,27003.0,243450721.94,7.45,92.38,85.8,89.88,88.28,0.8,9.69,75.83,5.93,6863720348.0,2538370348.0,0.07,0.45,-30.55,3.18
896,920190,雷神科技,24.9,3.15,0.76,46086.0,113803723.86,5.14,25.23,23.99,24.31,24.14,0.59,4.63,61.48,2.91,2490000025.0,2476131970.0,-0.44,-0.72,17.45,-10.72
897,688151,华强科技,16.39,3.15,0.5,27706.0,45145431.0,2.89,16.48,16.02,16.1,15.89,0.77,0.8,220.3,1.34,5646355000.0,5646355000.0,0.18,0.12,-7.51,-20.28
898,688339,亿华通-U,17.05,3.15,0.52,28697.0,48733614.0,2.96,17.18,16.69,16.69,16.53,1.01,1.47,-20.09,2.13,4101071981.0,3338170379.0,0.0,0.0,-25.05,-36.76
899,688080,映翰通,36.8,3.14,1.12,9309.0,34101019.0,4.48,37.2,35.6,35.9,35.68,0.91,1.26,72.92,2.32,2710545658.0,2710545658.0,-0.38,-0.33,-15.77,-26.97
900,603533,掌阅科技,21.33,3.14,0.65,167333.0,357454531.0,6.48,22.05,20.71,20.72,20.68,0.95,3.81,-69.39,4.08,9361669491.0,9361669491.0,0.05,0.23,-17.49,-3.57
901,003042,中农联合,14.46,3.14,0.44,176059.0,248356641.69,11.13,15.15,13.59,13.83,14.02,2.97,14.28,257.81,1.68,2060260800.0,1782932388.0,-0.21,0.0,-2.43,-9.96
902,001223,欧克科技,40.79,3.14,1.24,25291.0,104848709.96,6.57,42.7,40.1,40.14,39.55,1.08,3.62,43.31,2.79,5330959312.0,2848561492.0,0.02,0.07,-5.38,18.06
903,002577,雷柏科技,18.41,3.14,0.56,56524.0,103852302.0,6.89,18.79,17.56,17.74,17.85,0.93,2.01,173.22,4.4,5167466080.0,5167189930.0,0.0,-0.05,1.1,3.37
904,301395,仁信新材,12.16,3.14,0.37,47614.0,57525126.36,3.82,12.25,11.8,11.98,11.79,0.91,3.74,-7.35,2.05,2953061326.0,1548325966.0,-0.16,-0.41,0.41,-0.82
905,688517,金冠电气,16.1,3.14,0.49,24378.0,39060977.0,3.72,16.23,15.65,15.83,15.61,0.46,1.78,38.49,2.96,2199472262.0,2199472262.0,0.19,-0.06,-25.5,6.55
906,000586,汇源通信,12.51,3.13,0.38,39035.0,48553002.28,4.04,12.59,12.1,12.37,12.13,0.67,2.04,-109.11,7.6,2419934400.0,2391786900.0,0.08,0.16,-26.71,-7.54
907,688370,丛麟科技,23.42,3.13,0.71,4015.0,9383728.0,3.17,23.6,22.88,22.88,22.71,0.71,0.29,74.7,1.22,3211066526.0,3211066526.0,-0.09,-0.04,0.73,-3.06
908,301087,可孚医疗,50.09,3.13,1.52,17798.0,89441427.36,4.74,51.39,49.09,49.09,48.57,1.01,0.92,27.6,2.63,11816080730.0,9717022714.0,-0.26,-0.04,3.32,15.18
909,920058,华洋赛车,29.7,3.13,0.9,12017.0,35170589.37,6.32,29.98,28.16,28.49,28.8,0.72,4.35,54.27,4.95,1664866467.0,819553324.0,0.64,1.09,0.81,-13.71
910,002626,金达威,16.48,3.13,0.5,102060.0,167665605.0,3.75,16.66,16.06,16.18,15.98,0.96,1.67,38.3,2.42,10051745807.0,10050509807.0,-0.06,0.0,10.75,-14.66
911,301010,晶雪节能,17.48,3.13,0.53,11131.0,19337890.0,3.3,17.55,16.99,16.99,16.95,0.84,1.03,216.29,2.28,1887840000.0,1887840000.0,0.23,0.34,-14.9,-21.08
912,688813,泰金新能,113.53,3.13,3.45,35282.0,400117603.0,9.36,118.45,108.15,112.6,110.08,0.6,11.73,83.76,10.62,18164800000.0,3414639085.0,0.0,0.03,-31.76,340.38
913,688737,中自科技,17.85,3.12,0.54,12356.0,22066103.0,3.99,18.09,17.4,17.45,17.31,1.16,1.03,154.96,1.2,2134226486.0,2134226486.0,0.11,0.0,-37.59,-20.45
914,300279,和晶科技,5.62,3.12,0.17,105168.0,59039879.0,3.3,5.68,5.5,5.55,5.45,1.25,2.16,66.81,2.63,2748739134.0,2736626415.0,-0.18,0.0,-23.54,-22.16
915,301222,浙江恒威,24.46,3.12,0.74,15479.0,37888712.6,4.01,24.84,23.89,23.96,23.72,0.96,1.45,33.28,2.42,3432673350.0,2607439620.0,0.0,0.25,-22.47,22.24
916,688189,ST南新,6.62,3.12,0.2,55899.0,37275517.0,4.67,6.79,6.49,6.57,6.42,0.86,2.05,-34.09,2.35,1806130721.0,1806130721.0,-0.15,-0.45,-24.17,-16.94
917,600722,金牛化工,13.24,3.12,0.4,1473427.0,1863223914.0,12.85,13.5,11.85,12.26,12.84,1.11,21.66,172.59,7.14,9007432510.0,9007432510.0,-0.08,0.38,26.22,122.9
918,603333,福华尚纬,8.95,3.11,0.27,168572.0,147713243.0,5.18,9.0,8.55,8.8,8.68,1.02,2.71,2538.41,2.72,5562671895.0,5562671895.0,0.11,0.11,5.29,7.19
919,002902,铭普光磁,24.89,3.11,0.75,115994.0,287494691.49,5.51,25.36,24.03,24.59,24.14,0.82,6.53,-63.97,9.64,5849375553.0,4421261625.0,-0.2,-0.16,-26.16,9.7
920,300859,西域旅游,26.55,3.11,0.8,28311.0,74993049.05,4.19,26.88,25.8,25.99,25.75,1.15,1.83,559.28,5.56,4115250000.0,4115250000.0,0.0,-0.04,-8.26,-27.6
921,000677,ST海龙,1.66,3.11,0.05,222421.0,36547167.05,4.35,1.68,1.61,1.62,1.61,0.8,2.57,71.37,2.79,1434203394.0,1434203394.0,0.0,-0.6,-14.43,-62.19
922,002663,普邦股份,1.66,3.11,0.05,245423.0,40412968.0,2.48,1.66,1.62,1.63,1.61,0.87,1.44,-120.07,1.48,2860759177.0,2833812859.0,0.61,0.0,-13.99,-12.17
923,002780,三夫户外,13.27,3.11,0.4,40474.0,53370667.3,2.72,13.31,12.96,13.08,12.87,1.28,3.1,17.89,2.7,2194349932.0,1733748842.0,0.0,0.0,-5.55,-7.27
924,603309,维力医疗,11.96,3.1,0.36,71043.0,84665036.0,3.36,12.02,11.63,11.63,11.6,1.19,2.43,17.11,1.96,3490782159.0,3490782159.0,0.0,0.08,-3.39,-8.63
925,301097,天益医疗,35.92,3.1,1.08,11586.0,42066932.9,6.11,37.19,35.06,35.46,34.84,1.64,2.96,78.85,2.7,2931409397.0,1406886183.0,-0.08,-0.03,-10.51,-2.76
926,603937,丽岛新材,11.68,3.09,0.35,62353.0,72332888.0,4.94,11.91,11.35,11.51,11.33,1.54,2.98,23.55,1.58,2439858455.0,2439858455.0,0.26,0.26,-19.67,-2.59
927,301028,鼎熔岩,12.68,3.09,0.38,44323.0,56269308.57,3.66,12.88,12.43,12.43,12.3,0.88,1.77,21.01,2.91,4898604297.0,3177606719.0,0.08,0.16,-37.93,-12.43
928,600331,宏达股份,12.69,3.09,0.38,435386.0,553568476.0,3.98,12.91,12.42,12.53,12.31,0.88,2.14,-248.65,10.76,33521904000.0,25786080000.0,-0.08,-0.16,-15.74,-0.78
929,000557,西部创业,3.67,3.09,0.11,92579.0,33561055.94,2.81,3.67,3.57,3.58,3.56,1.42,0.64,25.72,0.84,5352235277.0,5350552447.0,0.0,0.27,-12.41,-26.01
930,300778,新城市,10.35,3.09,0.31,27628.0,28581903.11,3.69,10.48,10.11,10.15,10.04,0.88,1.36,-30.96,1.75,2107877295.0,2107314493.0,0.0,-0.1,-20.14,-25.43
931,603258,电魂网络,12.72,3.08,0.38,26775.0,33877044.0,4.21,12.84,12.32,12.44,12.34,0.91,1.11,-34.21,1.58,3087967620.0,3069861972.0,-0.16,0.0,-8.23,-31.28
932,000403,派林生物,11.04,3.08,0.33,189490.0,210256409.42,3.83,11.28,10.87,10.87,10.71,1.2,2.01,114.2,1.29,10492387141.0,10385150024.0,0.0,0.0,-10.61,-19.36
933,600498,烽火通信,38.5,3.08,1.15,697183.0,2677416769.0,5.6,39.27,37.18,37.96,37.35,0.72,5.48,340.49,3.0,52289448057.0,48957426056.0,0.0,0.05,-23.23,20.39
934,300256,星星科技,2.68,3.08,0.08,232237.0,61920859.0,3.85,2.69,2.59,2.59,2.6,1.28,1.04,-82.11,6.7,6079294274.0,6012294274.0,-0.37,0.0,-17.79,-33.5
935,300350,华鹏飞,4.37,3.07,0.13,116259.0,50243765.6,3.3,4.38,4.24,4.26,4.24,1.23,2.47,-89.63,2.8,2455993659.0,2060740872.0,0.23,0.23,-5.41,-30.74
936,600749,西藏旅游,13.75,3.07,0.41,61855.0,84816280.0,3.37,13.85,13.4,13.4,13.34,1.31,2.73,-39.01,3.0,3120775859.0,3120775859.0,-0.07,-0.15,-7.09,-19.5
937,600774,汉商集团,7.39,3.07,0.22,45726.0,33834264.0,3.35,7.48,7.24,7.24,7.17,1.12,1.55,-99.83,1.47,2180289451.0,2179164508.0,-0.14,-0.14,-2.12,-19.15
938,301370,国科恒泰,9.06,3.07,0.27,51196.0,46546572.88,3.53,9.21,8.9,8.94,8.79,0.95,1.09,856.82,1.74,4263636000.0,4263636000.0,-0.11,-0.22,1.0,-21.63
939,002826,易明医药,17.78,3.07,0.53,59293.0,106184647.46,3.36,18.18,17.6,17.6,17.25,1.13,3.21,43.14,4.19,3390250395.0,3284487150.0,0.06,0.11,-2.09,-2.47
940,002198,ST嘉应,3.37,3.06,0.1,56909.0,19170440.0,2.75,3.4,3.31,3.31,3.27,1.11,1.12,34.33,2.34,1710308188.0,1710208267.0,0.0,-0.3,-10.61,-52.06
941,002653,海思科,69.28,3.06,2.06,79967.0,559573085.32,5.1,71.79,68.36,69.24,67.22,1.2,1.49,35.63,13.68,79041031014.0,37188543294.0,-0.22,0.04,36.3,35.71
942,002029,七 匹 狼,8.75,3.06,0.26,253847.0,222330013.16,6.83,9.05,8.47,8.62,8.49,1.13,3.81,30.95,0.92,6168955949.0,5822302141.0,0.11,0.0,1.86,-19.95
943,300032,金龙机电,3.71,3.06,0.11,153609.0,56869695.0,3.89,3.75,3.61,3.63,3.6,1.02,1.91,-36.99,4.6,2979759246.0,2979759246.0,0.0,-0.27,-17.56,-30.91
944,300132,诺斯贝尔,6.4,3.06,0.19,191247.0,122377326.0,4.03,6.53,6.28,6.33,6.21,1.35,3.76,37.7,2.24,3306117670.0,3251720218.0,0.16,0.0,-20.4,-26.52
945,003043,华亚智能,73.77,3.06,2.19,59844.0,436864840.17,7.4,74.8,69.5,73.22,71.58,1.0,6.37,340.44,5.2,10623625225.0,6935648401.0,0.0,-0.04,25.31,59.95
946,301314,科瑞思,42.71,3.06,1.27,6296.0,26925074.5,4.27,43.45,41.68,42.78,41.44,0.69,3.45,577.17,2.27,2359727500.0,779771931.0,-0.35,0.02,-10.05,2.23
947,688338,赛科希德,30.76,3.05,0.91,18207.0,56357009.0,3.99,31.38,30.19,30.19,29.85,0.99,1.72,42.25,1.94,3264940224.0,3264940224.0,0.07,0.16,17.99,20.02
948,920957,汉维科技,9.46,3.05,0.28,8668.0,8133060.49,3.16,9.48,9.19,9.19,9.18,1.09,2.03,56.96,2.63,1015070620.0,403986784.0,0.21,0.42,-4.06,-23.89
949,600724,宁波富达,5.07,3.05,0.15,77644.0,39224696.0,3.66,5.12,4.94,4.97,4.92,1.07,0.54,30.51,2.66,7327372230.0,7325859306.0,0.4,-0.2,-26.73,-10.11
950,300977,深圳瑞捷,16.22,3.05,0.48,17276.0,27891838.93,2.92,16.36,15.9,16.23,15.74,1.28,1.82,-178.3,1.82,2469117512.0,1537689786.0,0.62,0.12,-18.98,-4.81
951,002357,富临运业,10.86,3.04,0.32,128669.0,139273398.4,3.7,10.97,10.58,10.75,10.54,0.66,4.1,12.99,1.92,3404490931.0,3404368756.0,0.09,-0.09,-1.0,1.78
952,301318,维海德,20.66,3.04,0.61,11483.0,23568272.25,3.44,20.75,20.06,20.65,20.05,1.25,1.23,178.35,1.53,2795274964.0,1925123489.0,0.24,0.39,-10.13,-24.07
953,002779,中坚科技,74.15,3.03,2.18,35552.0,262402874.3,7.28,75.75,70.51,72.88,71.97,0.94,2.14,119.57,15.08,13702920000.0,12294688040.0,-0.01,-0.36,0.94,-34.61
954,000977,浪潮信息,75.08,3.03,2.21,668857.0,4986704087.14,4.3,75.63,72.5,73.51,72.87,0.65,4.56,45.57,4.96,110253227257.0,110129731844.0,-0.03,0.01,16.37,12.8
955,000989,九芝堂,9.52,3.03,0.28,418673.0,396809108.36,4.65,9.67,9.24,9.47,9.24,1.02,5.7,16.29,2.22,8148567954.0,6990062409.0,0.32,0.21,17.39,12.93
956,688695,中创股份,19.4,3.03,0.57,13392.0,25970570.0,4.35,19.65,18.83,18.83,18.83,1.19,2.51,-39.91,2.17,1649996733.0,1035872273.0,0.52,0.36,-14.73,-29.27
957,000820,神雾节能,3.4,3.03,0.1,175018.0,59036623.0,3.64,3.42,3.3,3.36,3.3,0.51,5.89,-548.77,25.56,2198287609.0,1009687382.0,0.0,0.0,-8.6,0.29
958,301001,凯淳股份,23.84,3.03,0.7,10748.0,25541666.68,3.46,24.0,23.2,23.26,23.14,0.97,2.14,1077.4,2.48,1907200000.0,1199152000.0,0.0,0.08,-12.26,-19.3
959,688501,青达环保,13.27,3.03,0.39,23550.0,31069946.0,4.27,13.35,12.8,12.89,12.88,1.04,1.35,20.41,2.07,2307870628.0,2307870628.0,0.0,0.23,-13.66,-28.96
960,002727,一心堂,11.9,3.03,0.35,99427.0,118077765.35,2.51,11.96,11.67,11.67,11.55,0.72,2.53,9.91,0.95,6968689088.0,4675693355.0,0.0,0.08,4.94,-6.0
961,300844,山水比德,23.47,3.03,0.69,10182.0,23699712.0,4.35,23.6,22.61,22.88,22.78,1.07,1.13,-13.97,2.86,2187659354.0,2108800154.0,0.13,0.13,-13.07,-33.87
962,300950,德固特,16.67,3.03,0.49,16448.0,27237275.0,3.4,16.8,16.25,16.47,16.18,1.11,1.68,118.22,3.21,2561245480.0,1634468912.0,-0.06,-0.06,-13.63,-26.43
963,300659,中孚信息,10.24,3.02,0.3,42653.0,43536399.0,3.92,10.33,9.94,9.96,9.94,1.02,2.25,-8.38,2.28,2666417951.0,1937805384.0,0.1,-0.1,-9.14,-33.33
964,600571,信雅达,10.22,3.02,0.3,78186.0,79399994.0,4.03,10.33,9.93,9.95,9.92,0.99,1.71,-14.63,4.2,4765773118.0,4678222405.0,0.0,-0.2,-10.82,-35.48
965,300822,贝仕达克,11.58,3.02,0.34,37036.0,42676998.29,4.0,11.63,11.18,11.28,11.24,0.96,1.28,40.88,2.9,3607589196.0,3346411988.0,0.0,-0.09,-18.74,-27.76
966,301101,明月镜片,29.64,3.02,0.87,19943.0,58720790.23,3.44,29.7,28.71,28.79,28.77,1.23,1.03,26.6,3.48,5972818644.0,5753217159.0,0.1,-0.07,-12.93,-27.58
967,002247,聚力文化,2.39,3.02,0.07,223434.0,52858475.0,3.45,2.39,2.31,2.33,2.32,1.2,3.47,592.81,3.02,2033579417.0,1538062206.0,0.0,0.42,-7.36,-14.95
968,688016,心脉医疗,93.52,3.02,2.74,26461.0,247985993.0,3.8,94.73,91.28,91.32,90.78,1.8,2.15,18.61,2.81,11527473182.0,11527473182.0,0.13,0.14,-8.99,3.13
969,300755,华致酒行,11.27,3.02,0.33,37729.0,42360643.72,2.83,11.34,11.03,11.15,10.94,0.83,0.91,22.14,1.67,4697317968.0,4694866743.0,0.18,-0.09,-29.69,-36.04
970,002638,勤上股份,3.75,3.02,0.11,355466.0,132392579.47,3.57,3.77,3.64,3.71,3.64,1.11,2.63,-57.64,2.85,5387228809.0,5072550034.0,-0.27,0.27,-17.04,21.36
971,600325,华发股份,2.39,3.02,0.07,1113516.0,267138845.0,8.62,2.51,2.31,2.32,2.32,1.47,4.05,-1.74,0.77,6577643557.0,6577643557.0,-0.42,-0.42,-13.09,-43.36
972,688244,永信至诚,15.07,3.01,0.44,19551.0,29653369.0,4.37,15.39,14.75,14.75,14.63,1.1,1.3,-24.23,2.4,2274990091.0,2274990091.0,0.13,0.07,-13.69,-38.34
973,300679,电连技术,50.45,3.0,1.47,322651.0,1629644799.92,7.13,52.49,49.0,49.96,48.98,1.0,8.98,61.49,4.37,21432169000.0,18133815855.0,0.1,0.18,-4.11,4.15
974,300197,节能铁汉,2.06,3.0,0.06,1284360.0,261608151.9,5.0,2.07,1.97,2.0,2.0,0.6,4.33,-12.59,-16.97,6108514045.0,6108359545.0,-0.48,0.0,28.75,16.38
975,301303,真兰仪表,14.08,3.0,0.41,43941.0,62295018.6,6.44,14.56,13.68,13.68,13.67,1.09,4.3,26.71,1.7,5755904000.0,1437732032.0,0.07,0.0,1.66,-5.25
976,300143,盈康生命,7.9,3.0,0.23,180644.0,143697811.59,3.0,8.08,7.85,7.88,7.67,0.65,2.17,57.02,3.22,7686160793.0,6574794426.0,-0.13,-0.13,1.02,4.08
977,002058,威尔泰,16.16,3.0,0.47,21778.0,35057768.0,3.82,16.34,15.74,15.98,15.69,0.81,1.52,77.15,36.59,2318125045.0,2312625781.0,0.0,0.06,-39.84,-30.88
978,301332,德尔玛,7.89,3.0,0.23,35176.0,27546177.0,2.61,7.9,7.7,7.7,7.66,0.76,1.33,41.81,1.25,3641728125.0,2089589494.0,0.0,0.0,-6.85,-14.15
979,000558,天府文旅,3.44,2.99,0.1,211217.0,71881453.5,3.59,3.45,3.33,3.34,3.34,1.09,1.64,269.52,4.22,4434930385.0,4433075052.0,0.0,0.0,-7.03,-33.2
980,300593,新雷能,29.3,2.99,0.85,259139.0,771843093.84,5.69,30.52,28.9,29.04,28.45,0.88,5.76,-92.26,6.93,15895205142.0,13192720579.0,-0.41,-0.27,-24.23,-1.55
981,688048,长光华芯,301.89,2.99,8.77,94680.0,2844603412.0,8.44,310.49,285.74,299.0,293.12,0.83,5.37,2969.95,17.66,53217151992.0,53217151992.0,0.0,0.06,-16.22,140.84
982,002287,奇正藏药,20.67,2.99,0.6,40049.0,82942182.53,4.14,20.95,20.12,20.12,20.07,1.39,0.7,31.06,2.46,11825683256.0,11801441253.0,0.0,0.05,-0.05,-11.1
983,600198,大唐电信,7.58,2.99,0.22,303769.0,227848803.0,5.03,7.69,7.32,7.41,7.36,0.64,2.33,-37.76,51.35,9881314841.0,9868779514.0,-0.26,0.13,-7.79,-21.45
984,603703,盛洋科技,9.66,2.99,0.28,206449.0,197364316.0,8.0,9.96,9.21,9.52,9.38,0.95,4.97,164.03,4.85,4008727279.0,4008727279.0,0.0,-0.1,-26.87,-33.74
985,603709,中源家居,11.7,2.99,0.34,72611.0,83906933.0,3.52,11.7,11.3,11.36,11.36,1.01,4.46,234.32,3.83,1909850190.0,1902911997.0,0.09,0.26,-7.87,-6.33
986,603030,全筑股份,2.07,2.99,0.06,273806.0,56490620.0,3.98,2.09,2.01,2.01,2.01,1.03,2.08,303.24,3.9,2726052386.0,2726052386.0,-0.48,-0.48,-19.46,-30.07
987,600353,旭光电子,34.8,2.99,1.01,1058794.0,3679069458.0,13.76,37.17,32.52,33.1,33.79,1.56,12.77,216.07,15.38,28842628333.0,28842628333.0,0.29,-0.03,40.95,116.82
988,300896,爱美客,97.12,2.99,2.82,50538.0,492219027.66,3.02,98.77,95.92,95.99,94.3,1.14,2.47,24.63,3.85,29387740964.0,19856312781.0,-0.01,-0.03,-4.97,-31.08
989,301037,保立佳,13.1,2.99,0.38,16323.0,21235764.0,4.09,13.19,12.67,12.72,12.72,0.88,2.4,-17.51,3.34,1821315087.0,890770984.0,-0.46,-0.38,-17.09,-9.03
990,002968,新大正,9.34,2.98,0.27,47530.0,44098374.8,4.19,9.4,9.02,9.15,9.07,1.65,2.23,15.5,1.7,2113434493.0,1989527018.0,-0.64,0.0,-6.97,-23.19
991,688565,力源科技,11.06,2.98,0.32,16972.0,18692953.0,4.56,11.21,10.72,10.8,10.74,1.12,1.13,741.17,3.36,1656013800.0,1656013800.0,-0.18,-0.18,-1.25,-0.9
992,603117,万林物流,3.8,2.98,0.11,90652.0,34304406.0,3.79,3.84,3.7,3.71,3.69,1.34,1.51,-93.69,2.22,2276951420.0,2276951420.0,-0.26,0.0,-21.65,-19.49
993,001206,依依股份,16.95,2.98,0.49,69042.0,117877497.54,6.01,17.59,16.6,16.6,16.46,1.57,6.46,28.3,1.73,3133950046.0,1811352563.0,0.12,0.18,0.3,-41.93
994,001301,尚太科技,64.18,2.97,1.85,209492.0,1340368656.91,6.96,65.45,61.11,62.0,62.33,2.87,8.05,29.27,3.25,23401065791.0,16692511121.0,-0.16,0.05,-3.23,5.56
995,001279,强邦新材,25.31,2.97,0.73,7484.0,18817405.85,3.42,25.37,24.53,24.53,24.58,1.31,1.87,156.54,4.06,4049600000.0,1012400000.0,0.04,0.04,-15.8,-25.82
996,301151,冠龙节能,16.28,2.97,0.47,28615.0,46465449.0,4.24,16.49,15.82,16.01,15.81,0.87,1.69,-105.84,1.35,2751386748.0,2748777145.0,0.12,0.06,3.63,-12.47
997,000797,中国武夷,2.43,2.97,0.07,301153.0,72607262.58,3.81,2.45,2.36,2.38,2.36,1.35,1.92,-9.91,0.82,3816932747.0,3816352728.0,0.41,0.41,-2.41,-38.17
998,002494,华斯股份,4.85,2.97,0.14,68579.0,32939943.0,2.97,4.85,4.71,4.78,4.71,0.88,2.39,54.79,1.45,1829956982.0,1390836624.0,0.62,0.21,-11.5,-10.02
999,600518,康美药业,1.39,2.96,0.04,1809075.0,251003390.0,3.7,1.41,1.36,1.36,1.35,0.83,1.31,-290.12,2.64,19222166399.0,19213069541.0,0.72,0.72,-9.15,-27.23
1000,000513,丽珠集团,30.6,2.96,0.88,130972.0,401972324.53,2.42,30.96,30.24,30.24,29.72,2.08,2.31,11.77,2.05,27169959433.0,17385077696.0,-0.16,-0.1,4.97,-7.36
1001,000951,中国重汽,21.93,2.96,0.63,121892.0,266999252.01,5.12,22.33,21.24,21.31,21.3,1.72,1.04,14.1,1.6,25636059275.0,25636059275.0,0.0,0.18,6.87,33.8
1002,300292,吴通控股,4.19,2.95,0.12,415176.0,172721247.78,3.19,4.21,4.08,4.15,4.07,0.71,3.72,34.02,3.83,5621995241.0,4675808766.0,0.0,-0.24,-21.09,-7.1
1003,301469,恒达新材,28.57,2.95,0.82,11321.0,32504370.2,4.79,29.24,27.91,27.91,27.75,1.29,2.46,23.74,1.82,2556443600.0,1315896630.0,0.25,0.0,-17.02,-4.7
1004,300018,中元股份,11.5,2.95,0.33,99400.0,113360339.55,4.3,11.66,11.18,11.31,11.17,0.73,2.74,48.74,3.92,5620171164.0,4177835449.0,-0.26,-0.43,-17.33,5.5
1005,301138,华研精机,26.91,2.95,0.77,7650.0,20577924.0,3.21,27.16,26.32,26.56,26.14,0.97,1.12,77.32,2.81,3229200000.0,1844953367.0,-0.07,-0.15,-9.42,-29.74
1006,603052,可川科技,55.87,2.95,1.6,47119.0,262342468.0,7.89,57.28,53.0,54.27,54.27,0.57,2.51,-226.47,9.86,10497821145.0,10497821145.0,0.07,-0.02,-39.19,77.08
1007,300701,森霸传感,9.77,2.95,0.28,37016.0,36063351.75,3.69,9.84,9.49,9.58,9.49,1.21,1.47,84.3,2.89,2731626805.0,2463541981.0,-0.1,-0.1,-15.7,-23.85
1008,920038,森合高科,36.24,2.95,1.04,40370.0,148978388.67,5.63,37.88,35.9,37.0,35.2,1.03,11.82,15.49,2.77,3787268484.0,1238178775.0,-0.03,-0.08,24.71,24.71
1009,301305,朗坤科技,24.39,2.95,0.7,61247.0,150278262.25,4.39,25.03,23.99,23.99,23.69,0.76,4.93,15.39,1.5,5901424010.0,3032934402.0,0.16,0.08,-18.15,9.52
1010,920982,锦波生物,123.75,2.95,3.55,17271.0,219058850.99,4.35,128.98,123.75,124.5,120.2,1.5,3.11,25.35,7.2,14239335825.0,6863806868.0,-0.04,-0.1,-20.6,-46.93
1011,688092,爱科科技,22.73,2.94,0.65,6972.0,15783448.0,4.08,22.91,22.01,22.12,22.08,1.09,0.84,79.64,2.88,1878946810.0,1878946810.0,0.09,0.09,-15.03,-8.97
1012,002264,新 华 都,6.65,2.94,0.19,194625.0,128433336.95,3.1,6.68,6.48,6.57,6.46,0.86,2.99,14.29,2.38,4786745145.0,4328537349.0,-0.15,-0.15,0.45,-23.83
1013,603005,晶方科技,32.9,2.94,0.94,386304.0,1263190718.0,6.23,33.69,31.7,32.35,31.96,0.99,5.92,81.97,4.6,21456449127.0,21456449127.0,-0.06,-0.12,-23.51,19.46
1014,002276,万马股份,10.16,2.94,0.29,218692.0,222723545.48,3.24,10.26,9.94,10.05,9.87,1.57,2.17,24.54,1.65,10272526531.0,10234351347.0,0.0,0.0,-17.26,-39.74
1015,301223,中荣股份,16.78,2.94,0.48,8689.0,14504844.0,2.58,16.78,16.36,16.5,16.3,1.07,0.45,18.95,1.1,3240680457.0,3240680457.0,0.18,0.06,-0.24,-6.88
1016,301505,苏州规划,16.51,2.93,0.47,15806.0,25933228.92,2.31,16.55,16.18,16.18,16.04,0.87,1.73,199.41,1.97,1888743851.0,1505206811.0,0.43,0.0,-18.75,-25.4
1017,600423,*ST柳化,2.81,2.93,0.08,24770.0,6919270.0,2.56,2.82,2.75,2.77,2.73,0.45,0.31,79.12,4.15,2244333023.0,2244333023.0,0.0,0.0,2.93,-24.46
1018,603378,*ST亚士,5.63,2.93,0.16,98514.0,54850903.0,5.67,5.7,5.39,5.52,5.47,1.22,2.3,-6.18,-14.51,2412999094.0,2412999094.0,0.0,0.18,8.9,-17.33
1019,301633,港迪技术,54.96,2.92,1.56,7580.0,41292069.0,2.87,55.11,53.58,53.58,53.4,0.82,2.97,-63.98,3.39,3060172800.0,1402064884.0,-0.22,-0.27,2.59,-20.83
1020,301083,百胜智能,14.08,2.92,0.4,13064.0,18364427.6,3.58,14.22,13.73,13.97,13.68,0.7,1.53,139.72,3.02,2504362671.0,1205387631.0,-0.14,0.0,-9.16,-25.34
1021,603215,比依股份,14.44,2.92,0.41,16238.0,23309019.0,2.71,14.44,14.06,14.12,14.03,1.65,0.87,-46.92,1.87,3098752926.0,2703577807.0,0.28,0.14,-10.37,-33.79
1022,688132,邦彦技术,13.38,2.92,0.38,9346.0,12449175.0,3.15,13.46,13.05,13.1,13.0,0.95,0.61,-11.74,1.72,2036773230.0,2036773230.0,0.53,0.15,-16.48,-27.36
1023,300181,佐力药业,14.84,2.91,0.42,386737.0,573859891.94,3.61,15.08,14.56,14.59,14.42,1.11,6.41,13.04,3.27,10408588051.0,8947198038.0,0.13,0.13,6.99,-6.14
1024,001256,炜冈科技,23.35,2.91,0.66,56222.0,130509717.0,5.46,23.97,22.73,22.92,22.69,1.33,5.26,22.14,2.62,3330003229.0,2496408229.0,0.17,0.34,0.09,5.94
1025,002817,黄山胶囊,6.72,2.91,0.19,51216.0,34267829.66,2.6,6.75,6.58,6.58,6.53,1.11,1.77,28.94,2.09,2009939702.0,1949064062.0,0.3,0.15,-4.27,-10.99
1026,003037,三和管桩,5.66,2.91,0.16,32387.0,18190859.0,2.55,5.66,5.52,5.58,5.5,1.15,0.54,38.68,1.23,3390762677.0,3390762677.0,0.0,0.0,-19.37,-29.69
1027,000756,新华制药,14.5,2.91,0.41,291192.0,421776838.14,3.55,14.65,14.15,14.39,14.09,1.75,5.84,30.1,1.92,10101909808.0,7234040010.0,0.0,0.14,9.77,-4.98
1028,002828,贝肯能源,12.05,2.9,0.34,138244.0,164813159.0,5.04,12.12,11.53,11.68,11.71,0.7,6.88,-9.74,4.01,2421900580.0,2421900580.0,0.0,0.08,26.44,13.04
1029,688631,莱斯信息,40.16,2.9,1.13,11634.0,46462717.0,3.66,40.49,39.06,39.06,39.03,1.04,0.71,-128.64,3.5,6564955200.0,6564955200.0,0.02,0.17,-20.66,-40.86
1030,300774,倍杰特,11.0,2.9,0.31,79436.0,87739102.79,5.05,11.25,10.71,10.71,10.69,1.11,3.89,-37.58,3.11,4496400260.0,2244852236.0,0.36,0.46,-23.66,-42.04
1031,300326,ST凯利,6.03,2.9,0.17,58189.0,34815005.0,3.07,6.05,5.87,5.88,5.86,0.97,0.81,16.36,1.52,4323586472.0,4321807291.0,-0.17,0.17,-9.32,8.06
1032,301307,美利信,51.96,2.89,1.46,69386.0,359548906.42,5.21,53.0,50.37,52.25,50.5,0.83,6.38,-51.1,4.48,10942776000.0,5652278426.0,0.0,0.19,-6.51,50.26
1033,301136,招标股份,11.39,2.89,0.32,41987.0,47454049.66,3.52,11.45,11.06,11.18,11.07,0.82,1.53,145.42,2.17,3134582900.0,3131080475.0,0.09,0.0,-14.81,-43.78
1034,600716,凤凰股份,3.56,2.89,0.1,55410.0,19598559.0,3.76,3.59,3.46,3.46,3.46,1.18,0.59,-29.61,0.75,3332375700.0,3332375700.0,-0.56,0.0,-4.04,-8.01
1035,002277,友阿股份,5.69,2.89,0.16,136822.0,77388144.52,3.44,5.74,5.55,5.59,5.53,0.86,0.98,46.78,1.24,7932843232.0,7932843232.0,0.0,-0.35,-23.42,-18.25
1036,600668,尖峰集团,7.48,2.89,0.21,59321.0,44223958.0,3.16,7.52,7.29,7.36,7.27,0.82,1.44,-42.15,0.57,3088496443.0,3088496443.0,-0.13,0.0,-5.44,-33.21
1037,002614,奥佳华,5.0,2.88,0.14,75712.0,37536380.74,3.29,5.02,4.86,4.87,4.86,1.2,1.72,-11.79,0.73,3118696020.0,2206329305.0,0.0,-0.2,-2.15,-30.65
1038,688213,思特威-W,97.3,2.88,2.72,67255.0,658591550.0,5.89,100.15,94.58,95.08,94.58,0.89,2.08,41.34,7.67,39144449208.0,31477472015.0,0.01,-0.01,-10.13,3.28
1039,301519,舜禹股份,12.14,2.88,0.34,19157.0,23130182.0,3.22,12.2,11.82,11.9,11.8,0.87,2.52,-32.6,1.44,1962344551.0,923767551.0,0.25,0.08,-12.97,-8.86
1040,600303,曙光股份,2.86,2.88,0.08,166506.0,47153558.0,3.24,2.87,2.78,2.79,2.78,0.67,2.46,-8.11,2.08,1955108043.0,1937684923.0,0.0,0.35,-16.62,-12.27
1041,601279,英利汽车,3.22,2.88,0.09,92344.0,29517206.0,3.19,3.24,3.14,3.14,3.13,1.02,0.58,-46.66,1.23,5106230872.0,5106230872.0,0.0,0.0,-10.31,-38.08
1042,000829,天音控股,8.21,2.88,0.23,182772.0,149149477.08,3.63,8.29,8.0,8.04,7.98,0.84,1.78,-82.9,2.9,8416074596.0,8408104582.0,0.0,0.0,-4.42,-24.75
1043,000402,金 融 街,2.5,2.88,0.07,503468.0,125005125.32,4.12,2.52,2.42,2.43,2.43,1.13,1.68,5.41,0.38,7472324768.0,7471634868.0,-0.4,0.0,-13.19,-9.09
1044,000683,博源化工,6.08,2.88,0.17,1007218.0,613914910.18,5.58,6.24,5.91,5.95,5.91,1.47,3.02,13.55,1.83,22598335885.0,20298479900.0,0.0,0.0,-13.88,-14.85
1045,002227,*ST特迅,6.79,2.88,0.19,15845.0,10624148.0,3.48,6.83,6.6,6.6,6.6,0.73,0.64,-26.8,1.83,1682603894.0,1669910641.0,0.3,-0.15,-16.38,-43.6
1046,000545,金浦钛业,2.51,2.87,0.07,277780.0,69355946.0,2.87,2.52,2.45,2.45,2.44,1.02,2.82,-21.8,3.97,2476951071.0,2473361771.0,0.4,0.4,0.8,-10.99
1047,003038,鑫铂股份,10.75,2.87,0.3,54459.0,58259786.0,4.11,10.89,10.46,10.58,10.45,1.45,3.36,-82.37,0.93,2615532803.0,1741836991.0,0.19,0.0,-15.22,-31.96
1048,002835,同为股份,12.56,2.87,0.35,29075.0,36436868.0,4.18,12.68,12.17,12.22,12.21,0.83,2.28,24.83,2.27,2756843773.0,1598726277.0,0.0,0.0,-4.99,-21.99
1049,002679,福建金森,9.33,2.87,0.26,39412.0,36417012.0,2.43,9.33,9.11,9.12,9.07,1.06,1.67,-25.53,2.98,2199603480.0,2199603480.0,0.21,0.21,-1.69,-20.46
1050,688592,司南导航,24.72,2.87,0.69,11853.0,29307029.0,4.95,25.22,24.03,24.05,24.03,0.94,2.14,-99.27,3.04,2871149168.0,1367893362.0,0.04,0.2,-11.33,-13.02
1051,920072,科莱瑞迪,26.13,2.87,0.73,18357.0,48696145.9,5.51,27.2,25.8,25.96,25.4,1.17,12.69,34.03,2.78,2001558000.0,377970450.0,-0.34,-0.5,67.29,67.29
1052,002574,明牌珠宝,4.66,2.87,0.13,64876.0,30199777.42,3.53,4.7,4.54,4.54,4.53,1.16,1.23,49.96,0.91,2460480000.0,2460480000.0,-0.43,-0.21,-7.36,-17.08
1053,002535,林州重机,2.51,2.87,0.07,119150.0,29674557.0,3.28,2.52,2.44,2.48,2.44,0.98,1.6,95.51,3.38,2012224516.0,1873209260.0,0.0,0.4,-7.72,-35.31
1054,603588,高能环境,13.66,2.86,0.38,587504.0,806430363.0,3.24,13.94,13.51,13.67,13.28,1.02,3.86,10.18,2.0,20807382683.0,20807382683.0,0.0,0.07,8.41,79.27
1055,688036,传音控股,58.89,2.86,1.64,221056.0,1281514952.0,4.38,59.0,56.49,56.77,57.25,1.33,1.92,19.11,3.2,67793257855.0,67793257855.0,0.0,0.03,-4.32,-9.76
1056,002252,上海莱士,5.03,2.86,0.14,848972.0,427336507.74,2.66,5.08,4.95,4.95,4.89,1.81,1.29,26.25,1.03,33161144612.0,33138947222.0,-0.2,-0.2,-2.33,-20.03
1057,000516,国际医学,4.31,2.86,0.12,321386.0,137977821.0,1.91,4.32,4.24,4.24,4.19,1.21,1.46,-49.9,2.95,9649645005.0,9502788686.0,0.0,0.0,0.94,0.47
1058,605277,新亚电子,14.77,2.86,0.41,43914.0,64658731.0,2.51,14.88,14.52,14.52,14.36,0.73,1.14,32.28,3.42,5742360639.0,5704116574.0,0.0,0.0,-18.49,-18.67
1059,603998,方盛制药,10.43,2.86,0.29,226344.0,236487618.0,2.96,10.56,10.26,10.34,10.14,0.67,5.15,12.95,2.75,4579618585.0,4579618585.0,0.0,0.29,4.72,-4.66
1060,600960,渤海汽车,3.96,2.86,0.11,81886.0,32191630.0,3.12,3.97,3.85,3.86,3.85,0.85,0.86,-139.3,1.07,3764041451.0,3764041451.0,0.25,0.25,-13.35,-29.03
1061,300133,华策影视,6.84,2.86,0.19,482049.0,327977045.23,3.01,6.88,6.68,6.7,6.65,0.86,2.9,39.45,1.74,12823718902.0,11382396496.0,-0.15,0.0,-21.29,-17.69
1062,600609,金杯汽车,3.24,2.86,0.09,211797.0,68380078.0,1.9,3.25,3.19,3.24,3.15,1.2,1.62,20.38,2.54,4226769728.0,4226769728.0,0.0,0.31,-9.5,-29.72
1063,300324,旋极信息,3.6,2.86,0.1,275918.0,99286747.0,3.43,3.64,3.52,3.54,3.5,0.95,1.61,-51.02,2.51,6219326142.0,6155967053.0,-0.28,-0.28,-21.57,-39.8
1064,301065,本立科技,19.43,2.86,0.54,17258.0,33469162.0,3.81,19.6,18.88,18.98,18.89,0.99,2.0,48.63,1.52,2059968600.0,1676566125.0,0.0,0.0,-7.7,-7.74
1065,002840,华统股份,8.3,2.85,0.23,215490.0,177918074.68,3.35,8.36,8.09,8.14,8.07,0.75,2.71,-6.92,1.85,6657981062.0,6612008740.0,-0.12,-0.24,-11.42,-13.72
1066,300501,海顺新材,10.1,2.85,0.28,34560.0,34919536.08,3.46,10.25,9.91,9.91,9.82,1.2,1.25,-64.85,2.19,2809645230.0,2799950472.0,0.2,0.2,-27.96,-1.56
1067,688408,中信博,25.66,2.85,0.71,38441.0,97550536.0,3.69,25.9,24.98,25.45,24.95,1.23,1.75,-28.98,1.39,5621230635.0,5621230635.0,0.12,0.0,-32.19,-39.06
1068,688699,明微电子,61.7,2.85,1.71,43687.0,269693124.0,8.08,63.66,58.81,60.27,59.99,0.78,3.97,39.96,5.29,6790988288.0,6790988288.0,0.0,-0.03,-5.79,45.14
1069,300512,中亚股份,7.21,2.85,0.2,29426.0,21131043.5,3.42,7.25,7.01,7.06,7.01,0.89,0.91,33.76,1.81,2950601474.0,2335370919.0,-0.14,-0.14,-12.39,-24.11
1070,002631,德尔未来,8.67,2.85,0.24,251210.0,218099857.45,4.86,8.88,8.47,8.5,8.43,0.83,3.17,-123.04,3.42,6912442578.0,6880272292.0,-0.12,0.0,20.08,44.98
1071,300393,中来股份,6.15,2.84,0.17,196847.0,121287975.6,5.18,6.3,5.99,6.0,5.98,1.17,2.06,-6.67,3.78,6701208252.0,5878816058.0,0.0,-0.16,-37.44,-8.21
1072,603806,福斯特,15.59,2.84,0.43,403977.0,636375650.0,4.35,16.16,15.5,15.84,15.16,1.86,1.55,24.14,2.5,40670345494.0,40670345494.0,0.0,0.0,-15.04,12.89
1073,920433,大唐药业,5.07,2.84,0.14,47338.0,24060639.22,4.26,5.18,4.97,4.97,4.93,0.81,2.8,135.75,3.42,1297512783.0,858434128.0,-0.2,1.0,8.57,-13.63
1074,002429,兆驰股份,8.32,2.84,0.23,542672.0,449747030.91,3.09,8.38,8.13,8.19,8.09,0.71,1.2,44.92,2.28,37664145850.0,37642428870.0,-0.12,-0.12,-32.08,13.51
1075,600318,新力金融,6.51,2.84,0.18,89362.0,57660636.0,2.69,6.52,6.35,6.35,6.33,0.94,1.74,54.45,3.01,3337856884.0,3337856884.0,0.0,-0.15,-4.82,-27.34
1076,300240,飞力达,6.15,2.84,0.17,117887.0,72224312.0,3.34,6.22,6.02,6.13,5.98,1.17,3.24,46.44,1.58,2285112143.0,2234531800.0,0.16,0.33,1.32,-18.22
1077,301163,宏德股份,23.54,2.84,0.65,9868.0,23099497.0,3.1,23.65,22.94,23.01,22.89,0.91,1.8,142.12,1.69,1920864000.0,1288241542.0,0.04,-0.04,-13.65,-11.74
1078,000014,沙河股份,10.13,2.84,0.28,53252.0,53624281.6,5.18,10.27,9.76,9.93,9.85,0.95,2.2,-72.21,1.78,2451928249.0,2451928249.0,0.2,0.2,-5.33,-24.68
1079,002524,光正眼科,4.0,2.83,0.11,115258.0,46066417.0,4.11,4.04,3.88,3.89,3.89,0.85,2.26,-134.36,22.39,2061326296.0,2037114296.0,0.0,0.0,3.63,-2.91
1080,002041,登海种业,10.18,2.83,0.28,781005.0,761130604.2,10.3,10.34,9.32,9.6,9.9,1.88,8.88,66.38,2.42,8958400000.0,8958400000.0,-0.1,-0.1,14.64,6.71
1081,688337,普源精电,45.03,2.83,1.24,49654.0,222495694.0,6.14,45.7,43.01,44.78,43.79,1.02,2.67,106.34,3.17,9847008064.0,8371840799.0,0.0,-0.2,-28.8,23.4
1082,600107,*ST尔雅,5.81,2.83,0.16,12818.0,7418148.0,2.3,5.83,5.7,5.7,5.65,0.92,0.36,139.93,5.16,2091600000.0,2091600000.0,0.17,1.04,-8.93,-16.28
1083,600159,大龙地产,2.54,2.83,0.07,144411.0,36176551.0,4.45,2.55,2.44,2.48,2.47,0.97,1.74,-33.51,1.45,2108208209.0,2108208209.0,0.0,0.0,-6.62,-8.3
1084,002462,嘉事堂,12.34,2.83,0.34,39831.0,49037440.0,2.33,12.4,12.12,12.12,12.0,0.95,1.37,23.63,0.82,3599665861.0,3596744970.0,-0.08,0.08,-11.29,-14.07
1085,300989,蕾奥规划,13.43,2.83,0.37,46503.0,62323489.88,4.67,13.64,13.03,13.16,13.06,0.76,2.85,-23.9,2.93,2827797526.0,2187670342.0,0.15,-0.22,-7.95,-23.87
1086,300879,大叶股份,16.72,2.83,0.46,24841.0,41255516.29,2.71,16.77,16.33,16.4,16.26,0.91,1.24,36.12,2.74,3384108488.0,3361195651.0,-0.06,-0.12,-17.23,-43.99
1087,688533,上声电子,21.05,2.83,0.58,10144.0,21306210.0,2.98,21.18,20.57,20.67,20.47,1.24,0.61,35.7,2.02,3472978644.0,3472978644.0,-0.09,-0.19,-17.32,-27.14
1088,000070,特发信息,14.6,2.82,0.4,389614.0,567029349.23,5.07,14.84,14.12,14.47,14.2,0.65,4.55,-332.42,12.67,12678537055.0,12508214799.0,0.07,0.07,-15.17,24.36
1089,600847,万里股份,12.74,2.82,0.35,15719.0,19975110.0,4.36,12.95,12.41,12.41,12.39,0.9,1.03,-33.89,4.08,1952881476.0,1952881476.0,-0.31,0.08,-15.24,9.64
1090,600610,中毅达,8.02,2.82,0.22,959058.0,753397600.0,10.64,8.35,7.52,7.8,7.8,4.62,13.53,116.12,61.79,8591622332.0,5683988174.0,-0.5,-0.5,-3.26,-19.23
1091,002819,东方中科,21.85,2.82,0.6,75608.0,164749179.1,8.52,22.47,20.66,21.49,21.25,1.66,3.18,-45.66,1.67,6546480685.0,5194651469.0,0.05,0.0,-9.86,-19.93
1092,002020,京新药业,13.85,2.82,0.38,237414.0,330717209.6,3.04,14.09,13.68,13.69,13.47,1.19,3.28,18.05,2.05,11925253589.0,10026961440.0,-0.22,-0.22,5.48,-25.74
1093,002183,怡 亚 通,4.38,2.82,0.12,449860.0,196409588.24,3.05,4.41,4.28,4.3,4.26,0.98,1.73,169.12,1.26,11374899819.0,11374834119.0,0.0,0.0,-32.41,-7.98
1094,000990,诚志股份,6.57,2.82,0.18,520929.0,341875190.44,4.23,6.67,6.4,6.41,6.39,0.95,3.06,19.27,0.62,11177754847.0,11177754847.0,0.0,0.31,-5.06,16.08
1095,605298,必得科技,46.37,2.82,1.27,6670.0,30816904.0,3.68,46.8,45.14,45.77,45.1,0.84,0.36,281.87,8.43,8710604500.0,8636458870.0,-0.04,-0.17,-13.81,16.6
1096,603022,新通联,8.75,2.82,0.24,26568.0,23118929.0,2.35,8.78,8.58,8.58,8.51,1.19,1.33,35.38,2.1,1750000000.0,1750000000.0,0.23,-0.11,-14.55,-13.96
1097,002683,广东宏大,29.85,2.82,0.82,86015.0,253939673.0,3.2,29.98,29.05,29.34,29.03,0.81,1.29,54.8,3.39,22682569131.0,19896789642.0,-0.03,-0.13,-11.76,-36.96
1098,301229,纽泰格,12.06,2.81,0.33,32690.0,39198696.0,2.98,12.1,11.75,11.9,11.73,0.87,2.53,-56.47,1.77,2192272842.0,1559124518.0,0.25,0.33,-20.45,-46.85
1099,603979,金诚信,74.9,2.81,2.05,73469.0,552195094.0,5.24,77.5,73.68,75.16,72.85,0.81,1.18,19.42,4.23,46722064242.0,46722064242.0,0.15,0.09,3.64,-0.78
1100,920656,海昇药业,14.66,2.81,0.4,11096.0,16260783.55,2.66,14.83,14.45,14.45,14.26,1.67,3.43,18.24,2.14,1466000000.0,474636279.0,0.69,0.34,7.16,-14.07
1101,002715,登云股份,14.27,2.81,0.39,38759.0,55283206.6,4.76,14.6,13.94,14.03,13.88,0.78,2.81,74.38,4.23,1969260000.0,1969260000.0,-0.07,-0.14,-11.64,-17.8
1102,688526,科前生物,13.55,2.81,0.37,36176.0,49499303.0,4.7,13.95,13.33,13.33,13.18,2.07,0.78,19.93,1.57,6316035159.0,6316035159.0,-0.07,0.0,2.96,-7.32
1103,300791,仙乐健康,17.18,2.81,0.47,37340.0,64386342.6,4.01,17.54,16.87,16.98,16.71,0.84,1.45,26.53,1.92,5295317045.0,4422410041.0,0.41,0.35,-0.92,-33.23
1104,301502,华阳智能,51.3,2.81,1.4,8675.0,44420221.0,3.91,52.0,50.05,50.98,49.9,1.39,3.68,79.55,3.56,2928383550.0,1210013100.0,0.0,-0.19,-42.18,15.49
1105,688529,豪森智能,15.75,2.81,0.43,10999.0,17235978.0,3.72,15.86,15.29,15.41,15.32,0.81,0.65,-7.03,2.67,2648771260.0,2648771260.0,0.13,0.25,-20.37,-14.59
1106,002292,奥飞娱乐,8.09,2.8,0.22,366939.0,295369037.52,5.21,8.26,7.85,7.93,7.87,0.96,3.6,54.66,4.02,11962680549.0,8234677361.0,0.0,-0.12,6.87,-8.59
1107,002923,润都股份,11.76,2.8,0.32,89854.0,106244858.0,3.58,11.99,11.58,11.72,11.44,1.03,3.48,63.1,3.74,3938345043.0,3035077636.0,0.09,0.0,9.4,-3.21
1108,002315,焦点科技,25.37,2.8,0.69,82314.0,208356762.03,3.93,25.66,24.69,24.69,24.68,1.06,3.13,26.71,3.94,10462756178.0,6670109584.0,-0.04,0.0,-7.07,-26.8
1109,920003,中诚咨询,16.89,2.8,0.46,4476.0,7505442.54,3.41,17.01,16.45,16.45,16.43,1.38,2.3,9.11,2.59,1530234000.0,328787834.0,0.06,0.06,-13.38,-25.73
1110,300079,数码视讯,4.41,2.8,0.12,193566.0,84817216.27,2.8,4.42,4.3,4.31,4.29,0.96,1.51,152.79,1.54,6288783753.0,5651325283.0,0.0,0.0,-16.48,-17.88
1111,301680,固德电材,93.27,2.8,2.54,7931.0,73164808.5,3.25,93.68,90.73,91.5,90.73,0.55,4.72,39.33,4.14,7722756000.0,1567167310.0,0.0,0.04,-22.92,62.07
1112,300472,*ST新元,6.62,2.8,0.18,20457.0,13470611.0,6.21,6.8,6.4,6.49,6.44,0.8,0.83,-22.38,79.24,1822212071.0,1628158071.0,0.0,-0.3,-20.62,-14.03
1113,603348,文灿股份,14.34,2.8,0.39,25089.0,35888778.0,2.94,14.41,14.0,14.0,13.95,1.22,0.8,-14.13,1.16,4509602933.0,4509602933.0,0.07,-0.21,-11.32,-25.55
1114,603960,克来机电,15.86,2.79,0.43,44131.0,69764359.0,3.89,16.05,15.45,15.45,15.43,0.93,1.68,367.88,3.7,4158458694.0,4158458694.0,0.0,-0.13,-27.74,-20.02
1115,000908,石药景峰,7.0,2.79,0.19,320583.0,224306012.95,5.43,7.16,6.79,6.99,6.81,1.03,3.64,838.98,5.9,12316840914.0,6158419057.0,0.0,0.0,-2.64,42.28
1116,301290,东星医疗,29.5,2.79,0.8,20851.0,61477253.2,3.94,29.96,28.83,29.15,28.7,0.85,2.62,41.23,1.38,2955113353.0,2347566753.0,0.0,0.14,2.43,18.14
1117,601718,ST际华,1.84,2.79,0.05,259310.0,47400392.0,3.91,1.86,1.79,1.79,1.79,0.81,0.59,-16.51,0.66,8024367886.0,8024367886.0,0.0,-0.54,-9.8,-45.07
1118,000717,中南股份,2.22,2.78,0.06,162456.0,35878920.49,3.24,2.23,2.16,2.16,2.16,1.21,0.67,-23.33,0.8,5380937210.0,5380305342.0,0.45,0.0,1.83,-14.29
1119,000010,*ST美丽,1.48,2.78,0.04,192122.0,28089443.0,4.17,1.5,1.44,1.45,1.44,1.18,2.09,15.71,5.78,1701485392.0,1358080101.0,-0.67,0.0,-22.51,-58.07
1120,000632,ST三木,3.7,2.78,0.1,105707.0,39285360.68,6.94,3.85,3.6,3.64,3.6,1.06,2.27,-7.43,27.46,1722422409.0,1722281942.0,0.0,0.54,-1.07,-34.51
1121,300281,金明精机,6.28,2.78,0.17,44784.0,27913546.0,2.95,6.29,6.11,6.18,6.11,0.71,1.13,134.61,2.12,2630840082.0,2495206727.0,0.48,0.16,-16.04,-22.94
1122,300266,兴源环境,1.85,2.78,0.05,159132.0,29260570.0,2.78,1.86,1.81,1.82,1.8,0.69,1.02,-22.56,94.11,2874543531.0,2873126061.0,0.54,0.0,-8.42,-28.02
1123,002949,华阳国际,10.74,2.78,0.29,26586.0,28411859.0,3.54,10.82,10.45,10.5,10.45,0.89,1.75,117.86,1.47,2105983896.0,1631681331.0,-0.28,-0.46,-13.53,-30.03
1124,688655,迅捷兴,42.94,2.78,1.16,128086.0,543864224.0,9.0,44.05,40.29,42.0,41.78,1.17,9.6,-267.62,8.78,5727766600.0,5727766600.0,0.07,-0.21,-15.19,150.67
1125,002566,益盛药业,7.02,2.78,0.19,111580.0,77885254.0,2.49,7.02,6.85,6.85,6.83,1.3,4.81,35.98,1.05,2323280232.0,1627169085.0,0.14,0.14,-1.27,-7.02
1126,002721,金一文化,2.59,2.78,0.07,1229063.0,321518123.4,5.16,2.69,2.56,2.64,2.52,0.8,4.62,50.89,3.2,6887790613.0,6887790613.0,0.0,-0.38,-5.47,-17.78
1127,600939,重庆建工,2.59,2.78,0.07,132751.0,34103485.0,3.57,2.61,2.52,2.52,2.52,1.47,0.7,-32.8,0.7,4927410105.0,4927410105.0,-0.38,0.0,-4.78,-18.3
1128,301283,聚胶股份,26.31,2.77,0.71,9878.0,26034835.1,2.97,26.65,25.89,25.9,25.6,0.83,1.08,19.23,1.92,3057820710.0,2403713225.0,0.0,0.11,-6.27,-17.86
1129,301131,聚赛龙,34.13,2.77,0.92,8631.0,29315157.67,2.56,34.28,33.43,33.43,33.21,1.07,2.2,50.37,1.7,1865628838.0,1336355952.0,-0.12,-0.06,-11.35,-29.03
1130,600807,济高发展,2.6,2.77,0.07,134775.0,34922048.0,3.16,2.62,2.54,2.54,2.53,1.06,1.71,-25.15,7.78,2300050301.0,2046248006.0,-0.38,0.0,-8.45,-15.58
1131,300563,神宇股份,23.09,2.76,0.62,26266.0,60480861.0,3.07,23.32,22.63,22.64,22.47,0.96,2.07,77.91,3.77,4205569052.0,2926192952.0,0.17,0.22,-21.52,-36.71
1132,002855,捷荣技术,10.04,2.76,0.27,24265.0,24170137.48,4.2,10.08,9.67,9.8,9.77,0.93,0.99,-33.55,11.94,2474053607.0,2472121409.0,-0.1,-0.1,-17.97,-38.71
1133,920476,海能技术,25.65,2.76,0.69,29117.0,74185199.28,5.41,25.95,24.6,25.58,24.96,1.46,3.62,101.3,4.29,2297874231.0,2060462781.0,-0.04,0.12,56.98,24.64
1134,300881,盛德鑫泰,33.1,2.76,0.89,14220.0,47046411.42,3.97,33.49,32.21,32.21,32.21,0.88,2.48,20.74,2.94,3641000000.0,1900146875.0,-0.15,-0.09,-37.43,-2.24
1135,688269,凯立新材,31.29,2.76,0.84,11659.0,36446710.0,2.73,31.6,30.77,30.77,30.45,0.95,0.89,21.15,3.85,4089728160.0,4089728160.0,0.0,-0.06,-19.48,-21.2
1136,301192,泰祥股份,20.07,2.76,0.54,10350.0,20699663.5,2.97,20.28,19.7,19.7,19.53,0.95,2.1,52.93,3.13,2031926940.0,987659753.0,0.0,0.15,-15.24,-32.06
1137,920394,民士达,44.7,2.76,1.2,13618.0,59680703.46,6.87,45.5,42.51,43.16,43.5,0.91,0.94,53.45,8.03,6537375000.0,6489224696.0,0.0,-0.27,0.68,9.77
1138,300413,芒果超媒,15.25,2.76,0.41,140600.0,212846812.19,2.49,15.29,14.92,14.92,14.84,0.88,1.38,35.77,1.24,28528492429.0,15580924360.0,-0.07,-0.07,-12.76,-36.88
1139,300804,广康生化,43.16,2.76,1.16,6588.0,28272988.08,3.5,43.48,42.01,43.36,42.0,0.58,2.4,-1387.52,2.36,3193840000.0,1186900000.0,-0.02,0.07,9.63,23.85
1140,301320,豪江智能,13.07,2.75,0.35,17273.0,22571119.05,3.14,13.21,12.81,12.9,12.72,0.99,1.51,287.81,2.28,2378870700.0,1492713917.0,0.0,0.08,-11.87,-22.75
1141,002059,云南旅游,4.49,2.75,0.12,95608.0,42481348.0,2.97,4.5,4.37,4.39,4.37,1.49,0.97,-33.96,4.3,4545832310.0,4413876800.0,0.22,0.22,0.0,-16.54
1142,002173,创新医疗,19.06,2.75,0.51,413727.0,794202737.26,4.31,19.6,18.8,19.5,18.55,0.73,9.83,-79.6,5.1,8410879749.0,8021687491.0,0.0,-0.1,-9.19,-11.39
1143,002175,*ST东智,2.62,2.75,0.07,165073.0,42785741.2,3.14,2.63,2.55,2.55,2.55,0.77,1.29,-396.44,4.32,3345165505.0,3345165505.0,0.38,0.0,-1.5,-40.86
1144,688089,ST嘉必优,7.46,2.75,0.2,19117.0,14083543.0,2.62,7.47,7.28,7.3,7.26,0.74,1.15,-7.12,0.78,1241045622.0,1241045622.0,0.0,0.0,-43.05,-67.96
1145,600983,惠而浦,7.84,2.75,0.21,25883.0,20183185.0,3.41,7.87,7.61,7.61,7.63,1.14,0.34,15.78,2.35,6008881760.0,6008881760.0,0.13,0.13,-2.37,-11.81
1146,600883,博闻科技,7.84,2.75,0.21,67418.0,52627570.0,3.01,7.88,7.65,7.65,7.63,1.08,2.86,45.13,1.9,1850929920.0,1850929920.0,-0.13,-0.13,-8.3,-2.37
1147,301388,欣灵电气,24.04,2.74,0.64,8898.0,21302594.52,3.16,24.18,23.44,23.44,23.4,1.04,1.22,124.26,2.55,2462840304.0,1747300185.0,0.0,0.33,-17.36,-20.34
1148,600838,上海九百,7.51,2.74,0.2,85169.0,63327375.0,3.15,7.51,7.28,7.31,7.31,1.07,2.12,76.31,1.97,3010623677.0,3010623677.0,0.27,0.13,-8.86,-30.4
1149,600790,轻纺城,3.38,2.74,0.09,110774.0,37052877.0,2.13,3.38,3.31,3.32,3.29,1.15,0.76,3.55,0.86,4954373337.0,4954373337.0,0.3,0.6,-15.08,-9.14
1150,300332,天壕能源,4.88,2.74,0.13,243581.0,118350914.0,3.58,4.91,4.74,4.75,4.75,1.44,3.0,38.78,1.07,4136721544.0,3964838306.0,0.0,0.41,-3.17,-6.51
1151,000785,居然智家,2.25,2.74,0.06,620172.0,138541633.73,3.65,2.27,2.19,2.19,2.19,1.23,1.07,56.4,0.73,14010859832.0,13060084235.0,-0.44,-0.44,-4.26,-22.95
1152,920748,路桥信息,23.99,2.74,0.64,12283.0,29464159.61,5.14,24.5,23.3,23.75,23.35,0.99,3.33,-75.92,8.89,1840992600.0,883696456.0,0.04,0.38,-12.51,-48.45
1153,603602,纵横通信,11.62,2.74,0.31,31648.0,36505065.0,3.63,11.66,11.25,11.33,11.31,0.76,1.37,135.15,3.01,2684888080.0,2684888080.0,0.17,0.26,-14.05,-20.19
1154,603116,红蜻蜓,6.37,2.74,0.17,59512.0,37805535.0,4.03,6.46,6.21,6.21,6.2,1.01,1.03,99.43,1.53,3670399096.0,3670399096.0,0.0,0.0,-10.78,7.78
1155,300489,光智科技,228.63,2.74,6.1,140325.0,3184832368.5,10.09,238.0,215.55,226.91,222.53,0.98,10.12,517.06,41.76,31815655816.0,31699202211.0,0.06,0.03,95.95,350.06
1156,600386,北巴传媒,3.38,2.74,0.09,60262.0,20216580.0,2.74,3.39,3.3,3.3,3.29,0.79,0.75,-72.83,1.62,2725632000.0,2725632000.0,-0.29,0.0,-9.38,-23.01
1157,301381,赛维时代,23.37,2.73,0.62,50277.0,118028531.7,4.84,23.85,22.75,22.75,22.75,0.95,1.24,55.81,3.47,9499553001.0,9490719141.0,0.0,0.04,21.78,14.9
1158,301568,思泰克,69.65,2.73,1.85,30039.0,210339147.18,6.34,72.1,67.8,68.87,67.8,0.85,6.31,68.02,7.14,7191947560.0,3315295424.0,0.1,-0.1,-8.33,45.32
1159,600771,广誉远,13.92,2.73,0.37,128541.0,179053348.0,3.99,14.1,13.56,13.56,13.55,1.17,2.63,25.52,4.01,6813716683.0,6813716683.0,0.14,0.14,-8.12,-22.58
1160,000504,南华生物,8.66,2.73,0.23,75305.0,65722398.0,2.73,8.85,8.62,8.62,8.43,0.98,2.29,64.37,10.32,2858000029.0,2850199967.0,0.0,0.23,-8.84,-3.24
1161,300549,优德精密,14.29,2.73,0.38,14359.0,20359732.0,3.09,14.37,13.94,13.94,13.91,0.96,1.42,691.76,3.5,1905428600.0,1444063804.0,0.14,0.28,-12.44,-24.03
1162,002873,新天药业,8.65,2.73,0.23,129901.0,113053055.21,4.04,8.89,8.55,8.75,8.42,1.38,5.42,151.03,1.69,2111497922.0,2073323240.0,0.0,0.0,-1.37,-12.54
1163,301252,同星科技,32.91,2.72,0.87,24091.0,79428510.99,3.87,33.5,32.26,32.26,32.04,0.83,1.78,63.12,4.18,5569209230.0,4466118686.0,-0.03,0.0,-6.77,1.61
1164,603195,公牛集团,40.07,2.72,1.06,38129.0,151293966.0,2.72,40.16,39.1,39.32,39.01,0.87,0.21,17.07,5.02,72264081581.0,72132545635.0,-0.12,-0.07,-3.42,2.93
1165,600834,申通地铁,7.56,2.72,0.2,54127.0,40746535.0,4.48,7.68,7.35,7.36,7.36,2.91,1.13,221.0,2.08,3609007202.0,3609007202.0,0.0,0.0,-1.56,-10.43
1166,688301,奕瑞科技,98.95,2.72,2.62,83645.0,843823636.0,8.14,104.29,96.45,98.16,96.33,1.05,2.67,38.22,3.96,31011859635.0,31011859635.0,0.0,0.05,-27.49,38.35
1167,600706,曲江文旅,7.94,2.72,0.21,56283.0,44337180.0,3.23,7.97,7.72,7.73,7.73,1.05,2.22,-35.1,4.51,2025174693.0,2016999669.0,0.0,0.13,-4.34,-25.09
1168,688759,必贝特-U,27.18,2.72,0.72,67662.0,186586941.0,6.08,28.4,26.79,27.91,26.46,1.2,9.4,-57.99,7.52,12231996337.0,1956960000.0,-0.18,-0.29,-25.88,-6.47
1169,603031,安孚科技,39.29,2.72,1.04,157446.0,612112947.0,8.08,39.97,36.88,38.25,38.25,1.04,5.01,37.38,5.1,14688407376.0,12352397598.0,-0.1,-0.25,-25.53,29.29
1170,920123,芭薇股份,10.6,2.71,0.28,10255.0,10900567.83,3.68,10.79,10.41,10.42,10.32,1.16,1.58,29.57,2.92,1182324000.0,688839898.0,-0.28,-0.28,-3.37,-28.48
1171,002369,卓翼科技,5.68,2.71,0.15,179353.0,101176451.77,3.44,5.72,5.53,5.58,5.53,0.71,3.17,-38.89,17.22,3220311670.0,3216035920.0,-0.18,0.0,-15.35,-34.18
1172,002410,广联达,9.11,2.71,0.24,251432.0,227511697.35,2.59,9.12,8.89,8.95,8.87,1.06,1.6,110.01,2.64,15049212956.0,14303778806.0,0.0,0.22,-6.85,-26.23
1173,600038,中直股份,26.51,2.71,0.7,68921.0,181778847.0,3.84,26.74,25.75,25.75,25.81,1.23,1.03,143.55,1.25,21735369077.0,17733472709.0,-0.11,0.04,-4.37,-26.14
1174,002368,太极股份,14.02,2.71,0.37,100089.0,139431587.27,4.18,14.16,13.59,13.73,13.65,0.88,1.61,-18.26,2.2,8737702630.0,8695454790.0,-0.14,0.07,-10.81,-42.75
1175,002737,葵花药业,13.62,2.71,0.36,72896.0,99320007.45,3.39,13.74,13.29,13.29,13.26,1.16,1.25,18.03,2.08,7954080000.0,7954075914.0,-0.15,-0.15,8.01,-6.52
1176,300051,琏升科技,8.33,2.71,0.22,212421.0,177055816.0,5.18,8.58,8.16,8.24,8.11,0.59,5.78,-37.27,32.43,3098907358.0,3060571865.0,-0.48,-0.48,-28.8,29.15
1177,300960,通业科技,16.31,2.71,0.43,10144.0,16470954.0,3.02,16.39,15.91,16.05,15.88,0.85,0.77,-49.22,3.69,2367321474.0,2146060014.0,0.12,0.12,-14.25,-35.23
1178,300748,金力永磁,27.24,2.71,0.72,312613.0,864053677.79,4.6,28.13,26.91,26.92,26.52,1.53,2.77,48.82,5.11,37644865442.0,30782063317.0,0.04,0.0,-17.7,-19.62
1179,300851,交大思诺,24.26,2.71,0.64,9430.0,22769430.0,2.79,24.35,23.69,23.69,23.62,1.01,1.91,159.26,1.65,2109004284.0,1196972849.0,-0.12,0.0,-22.29,-7.09
1180,688789,宏华数科,47.89,2.7,1.26,17491.0,83637293.0,3.41,48.38,46.79,46.94,46.63,1.05,0.97,51.93,2.46,8632464964.0,8632464964.0,0.06,0.19,-11.92,-40.86
1181,603209,兴通股份,14.07,2.7,0.37,103571.0,144342064.0,3.43,14.09,13.62,13.7,13.7,2.51,3.22,10.73,1.33,4572750000.0,4523386770.0,0.07,0.0,4.61,-5.89
1182,300381,溢多利,6.46,2.7,0.17,101456.0,65617066.56,2.54,6.53,6.37,6.37,6.29,0.99,2.12,47.04,1.22,3101923142.0,3090807504.0,0.0,-0.15,-0.77,-0.15
1183,603017,中衡设计,9.5,2.7,0.25,58312.0,55243808.0,3.35,9.59,9.28,9.28,9.25,1.32,2.11,31.31,1.81,2623807784.0,2623807784.0,0.0,-0.11,-22.58,-13.08
1184,688512,慧智微-U,14.45,2.7,0.38,125430.0,181894490.0,5.69,14.83,14.03,14.3,14.07,0.81,3.86,-25.71,4.28,6833355119.0,4690040777.0,-0.14,0.28,-3.73,29.48
1185,600604,市北高新,4.56,2.7,0.12,277673.0,125936301.0,6.08,4.68,4.41,4.41,4.44,0.58,1.97,-27.93,1.42,8542269906.0,6417993906.0,0.0,-0.22,1.79,-17.69
1186,301390,经纬股份,31.16,2.7,0.82,6417.0,19785353.0,3.99,31.22,30.01,30.34,30.34,0.67,1.31,-108.22,2.0,1869600000.0,1528590569.0,-0.19,0.19,-9.18,-6.43
1187,000718,苏宁环球,1.9,2.7,0.05,221381.0,41935054.3,4.32,1.93,1.85,1.85,1.85,0.94,0.97,289.82,0.63,5765809130.0,4335476567.0,0.0,0.0,-2.06,-17.03
1188,600561,江西长运,5.72,2.69,0.15,46940.0,26650447.0,3.23,5.75,5.57,5.61,5.57,1.34,1.65,-14.52,1.79,1627207296.0,1627207296.0,-0.17,-0.17,-8.77,-11.73
1189,301110,青木科技,35.07,2.69,0.92,20271.0,70731795.16,3.54,35.29,34.08,34.83,34.15,0.54,2.22,26.97,3.02,4543299773.0,3195526531.0,-0.03,0.09,-16.22,-25.37
1190,600490,鹏欣资源,7.25,2.69,0.19,860762.0,635838411.0,4.67,7.53,7.2,7.35,7.06,1.77,4.32,36.37,2.55,16043431323.0,14446505049.0,-0.14,0.0,-5.6,-5.84
1191,601929,吉视传媒,2.29,2.69,0.06,698411.0,158962427.0,3.59,2.31,2.23,2.26,2.23,0.91,2.0,-19.97,1.71,7991614905.0,7991614905.0,0.0,0.0,-22.64,-33.43
1192,603367,辰欣药业,14.91,2.69,0.39,160049.0,239518270.0,3.03,15.17,14.73,14.85,14.52,1.02,3.54,12.91,1.08,6750564063.0,6750564063.0,0.0,0.13,8.91,-13.11
1193,301239,普瑞眼科,35.17,2.69,0.92,29755.0,105048212.92,4.32,35.83,34.35,34.35,34.25,0.87,2.09,18.62,2.49,5262101918.0,4995689168.0,-0.37,-0.09,-9.43,6.93
1194,300988,津荣天宇,14.51,2.69,0.38,29061.0,42094363.92,3.54,14.65,14.15,14.38,14.13,0.86,1.79,23.42,2.23,2857862016.0,2352093998.0,0.07,-0.14,-22.41,-9.93
1195,000889,中嘉博创,3.82,2.69,0.1,309555.0,117658265.8,4.03,3.86,3.71,3.75,3.72,0.48,3.56,-203.33,51.5,3576632063.0,3322808458.0,0.0,0.0,-2.3,6.11
1196,688680,海优新材,34.0,2.69,0.89,10991.0,37286474.0,3.68,34.34,33.12,33.56,33.11,0.94,1.13,-21.78,2.03,3317412572.0,3317412572.0,-0.03,0.09,-24.14,-11.11
1197,600857,宁波中百,20.25,2.69,0.53,71874.0,146300116.0,4.72,20.78,19.85,20.1,19.72,0.69,3.2,59.62,5.2,4542478360.0,4542478360.0,-0.25,-0.05,35.09,48.13
1198,600452,涪陵电力,9.19,2.68,0.24,350748.0,319017400.0,3.69,9.25,8.92,8.98,8.95,1.32,2.28,27.51,2.5,14120817800.0,14120817800.0,0.11,0.11,-31.32,-1.18
1199,600675,中华企业,2.3,2.68,0.06,571640.0,131196212.0,5.36,2.35,2.23,2.23,2.24,1.72,0.95,-37.52,0.97,13906111261.0,13906111261.0,0.44,0.0,-1.71,-14.81
1200,600985,淮北矿业,17.6,2.68,0.46,391281.0,682842929.0,6.94,17.96,16.77,16.88,17.14,1.28,1.45,24.14,1.15,47401353278.0,47401353278.0,0.34,0.57,23.68,62.06
1201,688681,科汇股份,16.86,2.68,0.44,10852.0,18206302.0,2.62,16.88,16.45,16.45,16.42,0.74,1.04,172.63,2.94,1764736200.0,1764736200.0,0.0,0.0,-6.54,-3.05
1202,300565,科信技术,9.57,2.68,0.25,76539.0,73198947.0,3.54,9.69,9.36,9.45,9.32,1.08,3.35,-39.39,4.58,2389673137.0,2183923238.0,-0.1,-0.1,-29.79,-24.11
1203,301135,瑞德智能,16.83,2.68,0.44,20909.0,35048946.31,4.88,17.05,16.25,16.4,16.39,1.34,2.07,-150.69,1.82,2184346615.0,1699561595.0,0.18,0.12,-11.14,-21.79
1204,301153,中科江南,16.85,2.68,0.44,30494.0,51282555.9,2.99,16.99,16.5,16.53,16.41,0.81,0.92,-59.77,3.27,5992947162.0,5590027064.0,-0.3,-0.18,-11.96,-31.39
1205,000652,泰达股份,3.45,2.68,0.09,139347.0,47833932.0,2.98,3.46,3.36,3.36,3.36,1.09,0.96,121.17,0.93,5034702172.0,5030867522.0,0.29,0.0,-7.01,-17.07
1206,600241,时代万恒,7.29,2.68,0.19,36235.0,26235094.0,3.1,7.33,7.11,7.11,7.1,1.06,1.23,-45.55,2.1,2145462418.0,2145462418.0,0.0,0.28,-10.55,-12.69
1207,002688,金河生物,5.36,2.68,0.14,141350.0,75922536.0,3.64,5.5,5.31,5.43,5.22,1.46,1.89,16.55,1.87,4124543573.0,4006404987.0,0.37,0.19,0.94,-8.38
1208,301121,紫建电子,34.45,2.68,0.9,7809.0,26903717.4,3.28,34.85,33.75,34.48,33.55,0.58,1.02,-195.43,2.06,3404557664.0,2644405219.0,-0.26,-0.17,-11.14,-13.53
1209,300653,正海生物,15.77,2.67,0.41,66258.0,105048723.79,6.38,16.43,15.45,15.66,15.36,2.19,3.68,48.11,3.32,2838600000.0,2838600000.0,0.0,0.25,-1.56,-19.91
1210,300180,华峰超纤,4.23,2.67,0.11,215956.0,91098647.18,3.64,4.28,4.13,4.16,4.12,1.02,1.26,-964.25,1.59,7449284456.0,7244590471.0,0.24,0.0,-18.5,-38.96
1211,300828,锐新科技,16.92,2.67,0.44,77362.0,130263890.0,5.28,17.15,16.28,16.68,16.48,0.42,9.17,109.57,3.61,2815860240.0,1427528810.0,0.0,0.06,-13.5,0.89
1212,301281,科源制药,44.16,2.67,1.15,25550.0,112795822.0,5.21,44.9,42.66,43.45,43.01,0.96,3.6,39.75,3.45,4782086400.0,3133240320.0,0.14,0.11,10.62,50.97
1213,688173,希荻微,13.48,2.67,0.35,90764.0,123345026.0,5.18,13.89,13.21,13.36,13.13,1.04,2.21,-183.17,3.92,5597576686.0,5545088505.0,-0.07,-0.3,-25.93,-8.3
1214,300579,数字认证,21.16,2.67,0.55,36830.0,77619159.98,3.88,21.35,20.55,20.81,20.61,1.2,1.41,-135.85,7.22,5713200000.0,5511614584.0,-0.52,-0.56,-11.35,-37.04
1215,600708,光明地产,3.08,2.67,0.08,187625.0,57751024.0,6.33,3.17,2.98,3.01,3.0,1.07,0.84,-7.33,1.15,6864201168.0,6853855535.0,0.33,0.0,-4.35,-20.82
1216,300598,诚迈科技,36.5,2.67,0.95,309944.0,1112262243.88,9.65,37.31,33.88,34.15,35.55,2.0,14.29,-58.01,5.61,7919833547.0,7917615588.0,-0.25,0.44,8.28,-20.6
1217,301365,矩阵股份,38.46,2.67,1.0,27850.0,106462449.35,3.82,38.9,37.47,38.18,37.46,0.47,2.26,-112.8,4.09,7016211686.0,4735306311.0,0.03,-0.18,9.11,63.59
1218,300664,鹏鹞环保,4.63,2.66,0.12,87459.0,40316760.5,2.44,4.64,4.53,4.55,4.51,1.25,1.21,11.98,0.8,3485743337.0,3357582872.0,-0.22,-0.22,-6.65,-12.81
1219,688620,安凯微,15.42,2.66,0.4,132281.0,203694472.0,5.79,15.8,14.93,15.28,15.02,1.05,3.37,-76.98,4.74,6044640000.0,6044640000.0,-0.13,0.19,16.91,28.07
1220,300341,麦克奥迪,12.73,2.66,0.33,35895.0,45587118.18,3.63,12.88,12.43,12.56,12.4,1.02,0.7,38.87,3.4,6586633577.0,6560641463.0,0.08,0.16,-14.79,-21.76
1221,603896,寿仙谷,15.41,2.66,0.4,21951.0,33818988.0,3.46,15.57,15.05,15.05,15.01,1.1,1.11,26.4,1.38,3054939085.0,3054939085.0,0.13,0.0,-0.96,-20.49
1222,301399,英特科技,17.06,2.65,0.44,18753.0,32040275.42,2.95,17.24,16.75,16.86,16.62,0.56,3.43,-369.04,2.43,3156441200.0,932901977.0,-0.06,-0.18,-11.38,-12.11
1223,002146,荣盛发展,1.16,2.65,0.03,1290450.0,148516304.0,5.31,1.18,1.12,1.13,1.13,0.71,3.3,-1.91,0.99,5043870067.0,4537364767.0,-0.85,-0.85,-5.69,-29.27
1224,688026,洁特生物,16.67,2.65,0.43,52673.0,88642141.0,6.47,17.37,16.32,16.32,16.24,0.74,3.75,-138.51,2.18,2339874998.0,2339127815.0,-0.06,-0.54,15.2,3.93
1225,002294,信立泰,34.53,2.65,0.89,394325.0,1378741693.59,4.19,35.5,34.09,34.29,33.64,1.44,3.54,42.72,4.51,38494614954.0,38485954864.0,0.03,-0.03,3.01,-29.53
1226,300597,吉大通信,7.76,2.65,0.2,51635.0,39936954.25,3.84,7.83,7.54,7.56,7.56,1.37,1.9,-100.6,2.26,2115143433.0,2105848567.0,0.0,-0.26,-13.97,-16.02
1227,603658,安图生物,34.9,2.65,0.9,93048.0,324598548.0,4.38,35.49,34.0,34.2,34.0,1.53,1.63,21.09,2.37,19942724403.0,19942724403.0,0.14,0.06,10.03,2.32
1228,301322,绿通科技,40.1,2.64,1.03,43269.0,173992281.23,6.42,41.41,38.9,39.48,39.07,0.85,4.5,-509.13,2.01,5720500708.0,3858128468.0,0.25,0.35,-24.98,46.19
1229,002489,浙江永强,2.72,2.64,0.07,219434.0,59458246.12,2.26,2.73,2.67,2.68,2.65,0.88,1.15,-733.52,1.39,5899724371.0,5203476832.0,0.0,0.0,-25.68,-27.85
1230,002796,世嘉科技,29.89,2.64,0.77,105648.0,312193926.09,4.64,30.23,28.88,29.45,29.12,1.26,4.64,-92.67,9.07,7543248076.0,6806063683.0,-0.99,-0.99,-39.93,7.79
1231,300949,奥雅股份,22.54,2.64,0.58,9887.0,22249274.07,3.28,22.76,22.04,22.18,21.96,1.02,1.99,-170.23,3.48,1960980000.0,1121061634.0,0.18,-0.13,-9.22,-16.61
1232,920694,中裕科技,15.14,2.64,0.39,5278.0,7891114.69,3.66,15.17,14.63,14.74,14.75,0.89,0.84,14.87,2.26,1991053557.0,945747095.0,0.26,0.66,-0.07,-21.35
1233,688119,中钢洛耐,3.89,2.64,0.1,95016.0,36853186.0,2.9,3.92,3.81,3.86,3.79,1.02,0.84,383.95,1.55,4376250000.0,4376250000.0,-0.26,0.26,-15.43,-30.41
1234,603381,永臻股份,15.14,2.64,0.39,32575.0,48937965.0,3.25,15.24,14.76,14.76,14.75,1.02,2.29,36.86,1.07,3592060776.0,2151964566.0,-0.13,-0.07,-28.65,-23.77
1235,300952,恒辉安防,16.3,2.64,0.42,39411.0,64128568.38,2.64,16.48,16.06,16.1,15.88,1.03,2.65,150.36,2.35,3938430515.0,2421825068.0,0.12,0.0,-39.0,-43.99
1236,002344,海宁皮城,3.9,2.63,0.1,95856.0,37080067.0,3.16,3.92,3.8,3.82,3.8,0.64,0.75,33.57,0.6,5002206144.0,4996953359.0,0.0,-0.26,-0.26,-17.02
1237,688777,中控技术,91.7,2.63,2.35,151896.0,1408884472.0,5.23,95.17,90.5,91.0,89.35,0.96,1.93,242.87,7.39,72552079626.0,72186158846.0,0.11,0.26,10.2,86.91
1238,002133,广宇集团,2.73,2.63,0.07,189378.0,50855632.0,4.14,2.73,2.62,2.66,2.66,1.52,2.46,-126.92,0.73,2113413598.0,2101745649.0,0.0,0.0,-5.54,-19.47
1239,000430,张家界,6.63,2.63,0.17,69995.0,46045872.0,2.17,6.64,6.5,6.52,6.46,0.82,1.89,8.7,2.95,5367882516.0,2456789502.0,0.0,0.0,-12.19,-14.56
1240,000953,中哲精化,6.24,2.63,0.16,64992.0,40386658.0,2.63,6.28,6.12,6.16,6.08,0.84,1.78,598.93,14.8,2284602497.0,2284602497.0,0.16,0.16,-8.91,-13.57
1241,301063,海锅股份,18.03,2.62,0.46,10073.0,18026348.0,2.68,18.08,17.61,17.7,17.57,0.88,1.04,71.69,1.2,1881623854.0,1742550873.0,0.11,0.22,-12.13,-25.68
1242,002199,东晶电子,12.14,2.62,0.31,59426.0,71800705.14,3.38,12.31,11.91,12.21,11.83,0.8,2.57,-411.38,16.32,2955390287.0,2803515609.0,-0.08,0.08,-21.58,42.99
1243,688662,富信科技,94.66,2.62,2.42,123560.0,1167600839.0,9.36,98.13,89.5,94.0,92.24,0.78,10.77,245.87,15.11,10858036261.0,10858036261.0,0.0,0.86,26.72,141.97
1244,300232,洲明科技,5.09,2.62,0.13,148058.0,75164623.05,3.23,5.13,4.97,4.98,4.96,1.05,1.67,-16.72,1.23,5549652302.0,4522464532.0,0.0,0.0,-17.77,-28.01
1245,000599,青岛双星,4.7,2.62,0.12,109499.0,51105885.0,2.18,4.71,4.61,4.65,4.58,0.8,1.34,40.16,1.86,11482631659.0,3838687926.0,0.21,0.21,-8.91,-29.0
1246,600643,爱建集团,3.92,2.62,0.1,158536.0,61940556.0,3.4,3.96,3.83,3.83,3.82,1.28,1.0,197.76,0.64,6245229450.0,6234178727.0,0.0,-0.25,-8.84,-29.11
1247,688718,唯赛勃,14.11,2.62,0.36,18339.0,25837036.0,4.07,14.31,13.75,13.75,13.75,0.96,1.06,61.57,3.04,2451674429.0,2451674429.0,-0.63,-0.56,-14.9,7.87
1248,688280,精进电动-W,5.49,2.62,0.14,78692.0,43136467.0,2.99,5.54,5.38,5.43,5.35,0.71,1.51,-8.86,5.02,3240316952.0,2857787356.0,-0.18,-0.18,-5.67,-36.9
1249,301203,国泰环保,34.08,2.62,0.87,5953.0,20263145.0,3.82,34.53,33.26,34.29,33.21,0.75,1.36,36.65,1.95,2726400000.0,1494152400.0,0.65,0.24,-25.65,7.04
1250,000761,本钢板材,2.35,2.62,0.06,165216.0,38423812.0,3.49,2.36,2.28,2.3,2.29,1.31,0.45,-2.25,1.63,9654716740.0,8714716740.0,0.43,-0.42,-6.37,-29.85
1251,300198,*ST纳川,2.36,2.61,0.06,122041.0,28622169.8,4.35,2.38,2.28,2.3,2.3,0.85,1.19,-14.72,5.6,2434454554.0,2417788952.0,0.0,0.43,7.27,-7.81
1252,000042,中洲控股,9.05,2.61,0.23,73731.0,66426839.0,2.95,9.14,8.88,8.9,8.82,1.32,1.11,-22.71,2.65,6016721808.0,6010127417.0,0.0,-0.11,-8.22,18.77
1253,300940,南极光,13.74,2.61,0.35,38340.0,52343026.1,2.76,13.79,13.42,13.46,13.39,0.97,2.43,122.45,2.61,3059133671.0,2163767258.0,0.0,0.15,-26.41,-51.72
1254,002947,恒铭达,57.42,2.61,1.46,54013.0,310791831.78,4.65,58.56,55.96,57.57,55.96,0.83,2.72,24.25,4.72,14686252305.0,11386601210.0,-0.26,-0.36,-39.99,11.41
1255,600217,中再资环,3.14,2.61,0.08,131845.0,41128981.0,2.94,3.15,3.06,3.06,3.06,1.3,0.8,-50.23,1.83,5205032533.0,5205032533.0,0.32,0.0,-6.82,-23.04
1256,301171,易点天下,36.51,2.61,0.93,575677.0,2098340305.73,6.13,37.51,35.33,36.31,35.58,0.69,11.47,-88.85,6.12,22582201418.0,18323808973.0,-0.03,-0.14,-3.9,17.24
1257,301091,深城交,18.48,2.61,0.47,84699.0,159099665.9,6.61,19.24,18.05,18.1,18.01,1.37,1.61,126.4,4.02,9744134400.0,9744134400.0,-0.05,-0.05,-1.23,-30.86
1258,000532,华金资本,11.04,2.6,0.28,80370.0,88944625.18,3.25,11.18,10.83,10.84,10.76,1.81,2.34,-176.51,2.4,3805580074.0,3792789196.0,0.0,-0.09,-13.41,-31.09
1259,605005,合兴股份,15.76,2.6,0.4,13241.0,20757451.0,2.99,15.85,15.39,15.52,15.36,0.98,0.33,35.44,3.09,6319760000.0,6319760000.0,0.06,0.06,-6.25,-16.97
1260,002997,瑞鹄模具,27.19,2.6,0.69,26159.0,70821162.39,2.11,27.24,26.68,26.69,26.5,0.79,1.25,11.81,2.15,5691446827.0,5691446827.0,0.0,0.0,-12.68,-26.71
1261,002222,福晶科技,63.59,2.6,1.61,227929.0,1444479444.75,4.44,64.63,61.88,62.99,61.98,0.78,4.87,114.59,16.79,29903197500.0,29769767493.0,-0.22,-0.24,-36.51,13.07
1262,603192,汇得科技,20.13,2.6,0.51,12017.0,24166361.0,3.36,20.38,19.72,20.01,19.62,0.72,0.86,55.51,1.56,3363933379.0,2806252181.0,0.05,0.05,-0.45,-22.55
1263,600775,南京熊猫,9.46,2.6,0.24,138648.0,131139642.0,2.6,9.55,9.31,9.35,9.22,0.73,2.06,-162.07,2.79,8644912484.0,6355592484.0,0.11,0.11,-14.93,-22.52
1264,605088,冠盛股份,20.9,2.6,0.53,31599.0,65908689.0,2.55,21.05,20.53,20.53,20.37,0.96,1.57,13.62,1.49,4236974508.0,4204952364.0,0.05,0.14,-36.65,-40.3
1265,001238,浙江正特,25.3,2.6,0.64,4395.0,10994629.66,2.96,25.32,24.59,24.66,24.66,0.77,0.3,23.07,3.4,3925244400.0,3671886911.0,0.0,0.28,-15.47,-28.15
1266,688330,宏力达,33.1,2.6,0.84,12125.0,40045615.0,3.32,33.48,32.41,32.41,32.26,1.08,0.87,81.65,1.07,4634000000.0,4634000000.0,-0.06,-0.21,-14.23,-7.2
1267,301515,港通医疗,19.71,2.6,0.5,10216.0,20133549.0,3.28,19.93,19.3,19.3,19.21,0.67,1.51,-743.35,1.61,1971000000.0,1331559311.0,-0.35,-0.4,-9.3,-1.74
1268,000869,张  裕Ａ,17.35,2.6,0.44,14266.0,24605949.42,2.07,17.38,17.03,17.17,16.91,1.6,0.31,19.2,1.1,11403116221.0,7896198318.0,0.06,0.06,-2.91,-14.66
1269,301022,海泰科,22.95,2.59,0.58,9532.0,21821476.18,2.5,23.13,22.57,22.6,22.37,0.87,1.42,-106.31,1.66,2283160692.0,1541917277.0,0.0,0.13,-20.17,-30.01
1270,301178,天亿马,36.05,2.59,0.91,16693.0,59909372.58,3.64,36.48,35.2,35.99,35.14,0.77,2.43,922.97,4.32,3356408717.0,2476188809.0,-0.03,0.11,-0.85,2.39
1271,002893,京能热力,9.89,2.59,0.25,73892.0,72776602.0,3.11,9.96,9.66,9.66,9.64,1.19,3.64,3.43,1.89,2607399600.0,2005480532.0,0.1,0.1,-15.4,-10.9
1272,300854,中兰环保,18.21,2.59,0.46,69280.0,126114647.4,6.7,18.73,17.54,18.0,17.75,0.96,6.08,173.7,2.83,2546060286.0,2075598471.0,0.0,0.11,-40.12,51.37
1273,920799,艾融软件,32.07,2.59,0.81,50044.0,160368251.49,5.6,32.65,30.9,31.26,31.26,1.29,4.17,418.56,17.28,6707292978.0,3850642366.0,0.03,0.22,9.68,-32.63
1274,601212,白银有色,5.54,2.59,0.14,2231772.0,1262755911.0,7.22,5.84,5.45,5.66,5.4,1.49,3.01,68.38,2.58,41022450791.0,41022450791.0,0.0,0.18,-12.89,-5.3
1275,600689,上海三毛,10.72,2.58,0.27,20535.0,21821751.0,2.3,10.72,10.48,10.5,10.45,0.92,1.35,135.53,4.58,2154627197.0,1631628413.0,0.09,0.0,-10.82,-20.12
1276,603006,联明股份,11.15,2.58,0.28,22119.0,24598916.0,3.86,11.29,10.87,11.0,10.87,1.06,0.87,32.12,2.22,2834934888.0,2834934888.0,0.0,0.09,-12.27,-12.89
1277,600477,杭萧钢构,2.39,2.58,0.06,323684.0,77076502.0,2.58,2.4,2.34,2.35,2.33,0.93,1.37,34.52,1.13,5637934562.0,5637934562.0,0.0,-0.42,-12.13,-18.98
1278,920504,博迅生物,17.9,2.58,0.45,9425.0,17041342.72,5.21,18.6,17.69,17.69,17.45,1.06,5.51,129.66,3.89,775662490.0,305945100.0,0.0,0.28,-1.27,-25.51
1279,603041,美思德,11.12,2.58,0.28,16891.0,18783255.0,3.51,11.22,10.84,10.84,10.84,0.85,0.92,35.74,1.35,2036602335.0,2036602335.0,-0.18,-0.18,-12.65,-6.79
1280,301408,华人健康,16.31,2.58,0.41,180325.0,296885475.17,5.28,16.84,16.0,16.32,15.9,0.76,7.88,20.56,3.05,6524163100.0,3734327863.0,0.0,0.0,-2.8,-11.65
1281,603908,牧高笛,19.11,2.58,0.48,9673.0,18395084.0,3.49,19.3,18.65,18.9,18.63,1.01,1.04,21.73,3.66,1779656741.0,1779656741.0,-0.21,-0.36,-9.56,-18.16
1282,301349,信德新材,43.98,2.57,1.1,41754.0,183121503.03,3.92,44.63,42.95,43.41,42.88,0.93,3.71,50.04,2.29,6267083150.0,4948460761.0,-0.14,0.16,-25.83,31.83
1283,301234,五洲医疗,92.48,2.57,2.32,25073.0,231686870.56,5.3,94.87,90.09,93.74,90.16,0.69,6.24,195.28,8.32,6288640000.0,3714978290.0,0.0,0.2,154.7,118.63
1284,001300,三柏硕,11.19,2.57,0.28,37423.0,41791432.0,3.48,11.3,10.92,11.09,10.91,0.78,1.54,-106.0,2.83,2727852478.0,2727852478.0,-0.18,-0.18,-30.15,-27.57
1285,603172,万丰股份,17.56,2.57,0.44,13558.0,23781449.0,3.56,17.75,17.14,17.37,17.12,0.9,1.02,41.96,2.12,2342152800.0,2342152800.0,0.0,-0.11,-12.24,-0.96
1286,600080,ST金花,4.79,2.57,0.12,22389.0,10682266.0,3.0,4.83,4.69,4.7,4.67,0.99,0.6,114.38,1.12,1787964665.0,1787964665.0,-0.21,-0.21,-8.94,-36.47
1287,688171,纬德信息,27.57,2.57,0.69,12278.0,33783922.0,6.29,28.18,26.49,26.49,26.88,0.7,1.05,-5404.98,3.92,3221575453.0,3221575453.0,0.04,-0.47,-36.11,-17.5
1288,603729,ST龙韵,11.16,2.57,0.28,9587.0,10632527.0,3.31,11.22,10.86,10.86,10.88,0.86,1.04,106.84,3.72,1028562516.0,1028562516.0,0.09,0.09,-14.15,-30.64
1289,600067,冠城新材,2.79,2.57,0.07,155125.0,43157693.0,2.94,2.81,2.73,2.75,2.72,0.92,1.11,-47.15,0.7,3882755782.0,3882755782.0,0.0,-0.36,-7.62,-32.28
1290,600861,北京人力,13.16,2.57,0.33,36720.0,48158343.0,3.66,13.3,12.83,12.85,12.83,1.35,0.65,7.09,1.07,7450043369.0,7450043369.0,0.0,0.0,0.08,-23.97
1291,300235,方直科技,10.78,2.57,0.27,65628.0,71632503.23,5.9,11.3,10.68,10.7,10.51,0.96,3.23,326.64,3.86,2713828725.0,2189771487.0,-0.09,-0.28,-18.33,-33.82
1292,002275,桂林三金,13.62,2.56,0.34,37429.0,50776425.0,1.81,13.63,13.39,13.39,13.28,1.52,0.67,16.09,2.54,8002684332.0,7587742669.0,0.0,0.07,3.73,-1.3
1293,000617,中油资本,6.8,2.56,0.17,687326.0,464715565.64,2.11,6.82,6.68,6.69,6.63,1.2,0.54,13.66,0.81,85966137737.0,85966137737.0,-0.15,0.0,-11.57,-28.42
1294,601199,江南水务,6.4,2.56,0.16,134927.0,85382047.0,3.37,6.41,6.2,6.2,6.24,0.65,1.44,17.35,1.3,5985345869.0,5985345869.0,0.0,0.16,7.93,16.79
1295,600522,中天科技,32.84,2.56,0.82,1927782.0,6318202489.0,5.47,33.43,31.68,32.44,32.02,0.62,5.65,30.49,3.02,112081266572.0,112081266572.0,0.0,0.15,-15.34,83.87
1296,600056,中国医药,9.6,2.56,0.24,247001.0,236821888.0,2.35,9.65,9.43,9.43,9.36,1.25,1.65,19.7,1.21,14360445581.0,14355374189.0,0.1,0.0,-2.54,-6.34
1297,688218,江苏北人,40.08,2.56,1.0,62385.0,250393198.0,8.42,41.49,38.2,39.0,39.08,1.32,5.36,307.51,5.47,4668331547.0,4668331547.0,0.2,-0.3,-5.47,75.64
1298,002449,国星光电,6.43,2.55,0.16,71104.0,45458453.8,2.39,6.43,6.28,6.38,6.27,0.83,1.15,-29.61,1.06,3976808197.0,3976808197.0,0.0,0.16,-25.32,-24.0
1299,300220,金运激光,10.85,2.55,0.27,19594.0,21165675.4,3.31,10.93,10.58,10.69,10.58,0.84,1.3,-153.94,27.06,1640520000.0,1638559926.0,0.0,0.09,-17.05,-24.39
1300,688335,复洁科技,20.09,2.55,0.5,24507.0,49454727.0,4.8,20.49,19.55,19.58,19.59,0.97,1.66,-47.77,2.7,2974014953.0,2974014953.0,-0.74,-0.69,-30.19,-24.93
1301,688253,英诺特,57.16,2.55,1.42,26008.0,151021871.0,6.66,59.76,56.05,57.88,55.74,0.91,1.9,48.18,3.85,7830023503.0,7830023503.0,-0.07,-0.1,-6.31,92.2
1302,600293,三峡新材,2.82,2.55,0.07,225376.0,63095292.0,2.91,2.83,2.75,2.77,2.75,0.88,1.94,-32.76,1.92,3271609030.0,3271609030.0,0.0,-0.35,-12.42,-10.48
1303,002251,步步高,3.64,2.54,0.09,962410.0,347801797.97,3.38,3.67,3.55,3.59,3.55,0.8,4.33,21.01,1.15,9786866868.0,8089798513.0,-0.27,0.0,-20.35,-31.45
1304,300625,三雄极光,9.7,2.54,0.24,15535.0,15011333.0,3.07,9.75,9.46,9.59,9.46,1.06,0.96,-26.28,1.46,2709510700.0,1571126033.0,0.0,0.21,-16.95,-16.38
1305,603669,灵康药业,6.05,2.54,0.15,315802.0,194700418.0,7.63,6.45,6.0,6.0,5.9,1.58,4.43,102.06,7.42,4309603548.0,4309603548.0,-0.49,-0.49,46.49,32.68
1306,300519,新光药业,14.91,2.54,0.37,83706.0,124928303.84,4.95,15.32,14.6,14.83,14.54,1.22,7.34,22.62,2.92,2385600000.0,1701231000.0,0.0,0.07,6.65,2.12
1307,603922,ST金鸿顺,13.33,2.54,0.33,19107.0,24968662.0,6.77,13.51,12.63,12.99,13.0,0.9,1.07,68.27,2.57,2388736000.0,2388736000.0,0.08,-0.15,-16.48,-35.79
1308,300645,正元智慧,12.94,2.54,0.32,23441.0,30149493.0,2.54,12.97,12.65,12.65,12.62,0.75,1.68,-38.9,1.75,1838858304.0,1802806545.0,0.0,0.08,-9.0,-30.84
1309,600195,中牧股份,6.85,2.54,0.17,94539.0,64417752.0,3.44,6.87,6.64,6.64,6.68,1.3,0.93,72.33,1.24,6994865581.0,6994865581.0,0.0,0.0,5.87,-12.4
1310,300921,南凌科技,15.33,2.54,0.38,55125.0,84505214.76,3.28,15.52,15.03,15.25,14.95,0.63,3.41,82.73,4.84,3935907611.0,2481695686.0,-0.07,0.0,-22.26,-6.35
1311,300404,博济医药,15.74,2.54,0.39,906681.0,1430174646.28,10.62,16.48,14.85,15.9,15.35,1.11,31.76,92.21,5.71,6071688284.0,4494015733.0,0.0,0.06,52.52,68.88
1312,002672,东江环保,3.65,2.53,0.09,51147.0,18511429.0,2.25,3.65,3.57,3.6,3.56,0.75,0.57,-6.71,1.81,4034183677.0,3303681802.0,0.27,0.55,-2.93,-21.0
1313,600866,星湖科技,4.46,2.53,0.11,319420.0,140616600.0,3.22,4.46,4.32,4.34,4.35,1.53,1.92,52.39,0.97,7410167867.0,7410167867.0,0.22,0.45,-5.71,-32.12
1314,001296,长江材料,19.48,2.53,0.48,18659.0,36315748.0,2.84,19.64,19.1,19.1,19.0,0.79,2.3,26.61,1.6,2914034355.0,1577543989.0,0.0,-0.05,-4.28,-25.28
1315,603300,海南华铁,4.86,2.53,0.12,361240.0,174980510.0,2.95,4.88,4.74,4.74,4.74,0.76,1.81,22.31,1.45,9716054735.0,9716054735.0,0.0,0.0,-15.48,-38.09
1316,300556,丝路视觉,16.2,2.53,0.4,35111.0,56834000.0,3.23,16.36,15.85,15.89,15.8,0.96,3.24,41.98,4.9,1969358670.0,1757805883.0,0.06,0.0,-18.63,-14.69
1317,920735,德源药业,24.72,2.53,0.61,30885.0,77690309.05,3.32,25.52,24.72,25.3,24.11,1.04,2.71,14.37,2.43,3190056400.0,2821366623.0,-0.52,-0.68,-2.83,-19.06
1318,688215,瑞晟智能,44.17,2.53,1.09,15371.0,68985425.0,6.29,46.0,43.29,43.29,43.08,1.04,1.7,112.12,8.28,3990815198.0,3990815198.0,0.09,-0.2,-13.43,-11.64
1319,000980,众泰汽车,1.62,2.53,0.04,836917.0,134904244.16,3.16,1.63,1.58,1.6,1.58,0.95,1.66,-24.9,249.82,8168927337.0,8168851528.0,0.0,0.0,-40.22,-54.11
1320,603165,荣晟环保,13.8,2.53,0.34,41524.0,57122408.0,4.01,14.04,13.5,13.57,13.46,1.26,1.33,14.23,1.84,4315651616.0,4315651616.0,-0.07,-0.07,-12.33,23.43
1321,002714,牧原股份,39.82,2.52,0.98,509422.0,2008250038.99,2.91,39.9,38.77,38.83,38.84,1.07,1.55,-47.31,2.74,229880706454.0,130629482922.0,-0.03,-0.03,5.46,-20.61
1322,688420,美腾科技,22.34,2.52,0.55,6796.0,15105925.0,3.4,22.49,21.75,21.75,21.79,1.35,0.77,127.6,1.38,1975526200.0,1975526200.0,0.59,0.18,-13.31,-6.41
1323,688348,昱能科技,32.1,2.52,0.79,10442.0,33342591.0,3.1,32.2,31.23,31.62,31.31,0.86,0.67,-20.35,1.5,5016505664.0,5016505664.0,0.0,-0.03,-26.85,-36.3
1324,301170,锡南科技,23.15,2.52,0.57,6774.0,15603866.0,2.61,23.24,22.65,22.69,22.58,0.94,1.78,24.49,1.3,2315000000.0,879786234.0,0.3,0.35,-11.54,-16.43
1325,300823,建科智能,15.07,2.52,0.37,23141.0,34778760.64,4.08,15.26,14.66,14.7,14.7,0.95,2.73,34.24,2.1,1973909696.0,1277776650.0,-0.07,-0.13,-12.33,-1.95
1326,603829,洛凯股份,15.03,2.52,0.37,32040.0,48020244.0,3.34,15.15,14.66,14.76,14.66,0.99,1.72,216.32,1.91,2799580370.0,2799580370.0,-0.07,0.0,-38.7,-31.93
1327,301004,嘉益股份,34.66,2.51,0.85,8452.0,29191987.71,3.08,34.94,33.9,33.9,33.81,1.21,0.62,20.57,2.81,5053645041.0,4717481618.0,0.03,-0.12,-10.74,-33.41
1328,000573,粤宏远Ａ,3.67,2.51,0.09,120040.0,43666418.06,2.51,3.67,3.58,3.59,3.58,0.8,1.9,14.03,1.46,2342489817.0,2322980886.0,0.27,0.0,-17.71,-10.05
1329,300824,北鼎股份,7.75,2.51,0.19,43723.0,33677257.0,3.17,7.78,7.54,7.54,7.56,0.97,1.37,26.55,3.44,2529148036.0,2472003170.0,0.26,0.0,-8.93,-30.8
1330,300417,南华仪器,11.02,2.51,0.27,24213.0,26626979.0,3.35,11.12,10.76,10.82,10.75,0.98,2.9,-125.47,3.34,1482886464.0,921166208.0,0.0,0.0,-19.44,-20.83
1331,301386,未来电器,20.41,2.51,0.5,7979.0,16186173.2,2.61,20.46,19.94,20.09,19.91,0.59,1.77,47.37,1.97,2857400000.0,918450000.0,-0.05,0.25,-12.63,-11.26
1332,600292,电投水电,12.23,2.51,0.3,116830.0,143491271.0,4.86,12.53,11.95,12.0,11.93,1.24,2.66,37.06,2.71,58265983333.0,5372438220.0,0.08,0.25,-16.18,-5.85
1333,600515,海南机场,2.86,2.51,0.07,802438.0,227885343.0,2.87,2.87,2.79,2.79,2.79,1.24,0.87,72.64,1.35,32676385462.0,26243395773.0,0.35,0.0,-9.49,-46.34
1334,688007,光峰科技,10.66,2.5,0.26,39620.0,42127719.0,2.69,10.76,10.48,10.48,10.4,0.71,0.86,-32.86,2.03,4899502669.0,4899502669.0,-0.28,-0.19,-28.17,-42.6
1335,002311,海大集团,46.4,2.5,1.13,74107.0,340846801.75,3.09,46.5,45.1,45.76,45.27,1.03,0.45,21.65,3.25,76821343963.0,76747344454.0,-0.02,-0.02,2.36,-14.52
1336,000978,桂林旅游,6.14,2.5,0.15,80502.0,49127777.0,2.5,6.15,6.0,6.03,5.99,1.21,1.72,-60.73,2.68,2874318200.0,2874258335.0,0.0,0.0,-6.69,-15.19
1337,002630,*ST华西,1.64,2.5,0.04,123526.0,20101741.4,5.63,1.68,1.59,1.61,1.6,1.29,1.15,-26.35,-25.43,1936512000.0,1765523657.0,0.0,0.0,-4.09,-34.4
1338,603665,康隆达,20.91,2.5,0.51,20382.0,42176076.0,3.82,21.08,20.3,20.7,20.4,1.06,1.27,52.39,5.25,3349106753.0,3349106753.0,-0.19,0.53,-28.27,-34.16
1339,301088,戎美股份,12.71,2.5,0.31,15185.0,19325246.96,4.52,12.92,12.36,12.55,12.4,0.98,0.81,52.85,1.2,2896609000.0,2389480000.0,-0.08,-0.08,-15.94,-23.53
1340,603488,展鹏科技,8.21,2.5,0.2,82866.0,67828759.0,3.37,8.32,8.05,8.09,8.01,0.73,2.84,-32.12,3.1,2397241512.0,2397241512.0,-0.12,-0.24,-27.73,5.26
1341,600405,动力源,4.51,2.5,0.11,93320.0,42163890.0,4.09,4.59,4.41,4.41,4.4,0.68,1.52,-25.55,71.65,2763861442.0,2763861442.0,-0.22,-0.22,-0.88,-13.44
1342,002423,中粮资本,9.05,2.49,0.22,168825.0,151732451.98,3.06,9.09,8.82,8.82,8.83,1.45,0.73,19.31,0.89,20852155454.0,20852155454.0,-0.11,0.0,1.69,-21.65
1343,300449,汉邦高科,7.01,2.49,0.17,76648.0,53484179.0,2.78,7.05,6.86,6.96,6.84,0.73,1.99,-91.25,9.73,2706112283.0,2706112283.0,-0.14,0.14,-12.81,-8.01
1344,603028,赛福天,7.0,2.49,0.17,31835.0,22202854.0,4.1,7.05,6.77,6.77,6.83,0.98,1.12,-103.7,4.33,2009280000.0,1989330000.0,-0.28,-0.43,-16.57,-24.89
1345,600676,久事动娱,6.59,2.49,0.16,59236.0,38682259.0,2.18,6.59,6.45,6.45,6.43,0.81,0.58,-27.46,1.42,6777768501.0,6777768501.0,0.15,0.15,0.92,12.07
1346,301665,泰禾股份,23.9,2.49,0.58,30373.0,71525880.05,3.69,23.97,23.11,23.65,23.32,0.85,2.92,20.06,3.02,10755000000.0,2489663000.0,0.0,0.13,2.05,-14.15
1347,603035,常熟汽饰,11.1,2.49,0.27,41224.0,45518813.0,2.4,11.12,10.86,10.86,10.83,1.24,1.13,14.2,0.76,4066452588.0,4066452588.0,0.18,0.09,-7.65,-27.5
1348,000509,华塑控股,3.29,2.49,0.08,152402.0,49915346.0,2.49,3.31,3.23,3.27,3.21,0.65,1.42,-351.98,29.2,3530591291.0,3530580618.0,0.3,0.0,-36.85,-5.19
1349,300614,百川畅银,10.71,2.49,0.26,21798.0,23239462.0,3.06,10.79,10.47,10.61,10.45,0.82,1.36,-21.16,2.38,1718320197.0,1718320197.0,-0.19,-0.28,-11.71,-15.54
1350,002567,唐人神,3.7,2.49,0.09,226383.0,82891882.4,3.6,3.71,3.58,3.6,3.61,1.03,1.58,-2.12,1.28,5302290154.0,5297165758.0,-0.27,0.0,-0.27,-15.91
1351,002513,蓝丰生化,5.36,2.49,0.13,62931.0,33356668.0,3.06,5.36,5.2,5.25,5.23,1.03,2.18,-33.91,50.22,2013183722.0,1549261379.0,0.37,0.37,-9.15,-20.24
1352,300247,融捷健康,3.72,2.48,0.09,127190.0,47283892.0,3.03,3.75,3.64,3.64,3.63,0.53,1.58,31.5,2.59,2991029964.0,2991029964.0,-0.27,0.0,-15.45,-27.49
1353,002682,龙洲股份,4.55,2.48,0.11,419936.0,191177786.63,6.98,4.75,4.44,4.51,4.44,0.43,7.47,-13.89,4.86,2558777103.0,2558777103.0,0.22,-0.22,-11.99,-46.91
1354,001201,东瑞股份,12.0,2.48,0.29,35119.0,41830970.0,2.99,12.05,11.7,11.7,11.71,1.16,1.74,-4.1,1.02,3093408012.0,2417280420.0,0.0,0.0,0.67,-17.64
1355,600265,*ST景谷,22.7,2.48,0.55,8962.0,20284326.0,2.89,22.88,22.24,22.25,22.15,0.67,0.69,-702.54,13.92,2946460000.0,2946460000.0,-0.09,-0.09,2.34,12.99
1356,002691,*ST冀凯,4.15,2.47,0.1,20786.0,8506709.0,2.47,4.15,4.05,4.05,4.05,0.86,0.62,-13.63,1.73,1411000000.0,1394314635.0,0.0,0.24,-19.1,-54.14
1357,002576,通达动力,14.1,2.47,0.34,32452.0,45778280.0,3.05,14.24,13.82,13.9,13.76,1.01,2.0,27.83,1.78,2327910000.0,2284588751.0,-0.14,-0.21,-26.06,-18.59
1358,603070,万控智造,11.61,2.47,0.28,17518.0,20220490.0,2.56,11.63,11.34,11.46,11.33,0.78,0.44,-60.91,2.19,4655610000.0,4655610000.0,0.09,0.26,-29.51,-9.86
1359,002004,华邦健康,4.56,2.47,0.11,347703.0,158234923.83,3.15,4.63,4.49,4.51,4.45,1.06,1.84,14.14,0.89,9028431511.0,8597184276.0,0.0,0.0,7.04,0.66
1360,300146,汤臣倍健,9.94,2.47,0.24,127182.0,125990387.22,2.58,9.97,9.72,9.78,9.7,0.91,1.13,13.94,1.55,16815269688.0,11140937470.0,-0.1,0.0,2.37,-14.01
1361,601963,重庆银行,11.25,2.46,0.27,198129.0,219131346.0,4.37,11.28,10.8,10.87,10.98,2.1,0.97,5.8,0.6,40790001094.0,22883144411.0,-0.09,0.0,1.63,8.38
1362,300365,恒华科技,4.58,2.46,0.11,128026.0,58656169.0,3.36,4.63,4.48,4.54,4.47,1.25,2.5,-44.12,1.76,2747338048.0,2343698746.0,-0.22,-0.22,-19.22,-27.53
1363,605055,迎丰股份,9.57,2.46,0.23,25602.0,24254420.0,2.78,9.58,9.32,9.36,9.34,0.78,0.58,-57.56,4.4,4210800000.0,4210800000.0,0.1,0.1,-35.16,-0.83
1364,600802,福建水泥,4.59,2.46,0.11,53106.0,24206353.0,2.68,4.6,4.48,4.5,4.48,0.97,1.16,-12.46,2.3,2103360156.0,2103360156.0,0.44,0.22,-9.47,-30.03
1365,603136,天目湖,9.16,2.46,0.22,44436.0,40540082.0,2.68,9.19,8.95,9.02,8.94,1.67,1.64,59.16,1.86,2474360664.0,2474360664.0,0.11,0.0,-2.24,-20.9
1366,002858,力盛体育,11.68,2.46,0.28,26698.0,30980418.0,2.72,11.71,11.4,11.49,11.4,0.93,1.81,90.37,2.59,2180404389.0,1721776984.0,-0.09,-0.09,-13.55,-22.13
1367,300416,苏试试验,15.02,2.46,0.36,145694.0,217424332.84,3.21,15.09,14.62,14.72,14.66,0.91,2.88,29.5,2.71,7638388046.0,7586978536.0,-0.27,-0.27,-20.36,-15.09
1368,603439,三力制药,12.92,2.46,0.31,104812.0,135613685.0,3.65,13.12,12.66,12.86,12.61,0.5,2.6,29.37,3.55,5217615591.0,5217615591.0,0.16,0.08,-8.82,11.0
1369,688061,灿瑞科技,37.48,2.46,0.9,19748.0,74645507.0,7.68,39.16,36.35,36.69,36.58,1.08,1.72,-51.27,1.89,4306054375.0,4306054375.0,0.19,0.13,-5.45,15.61
1370,301418,协昌科技,37.47,2.46,0.9,15104.0,56871897.0,4.98,38.66,36.84,37.31,36.57,1.02,5.13,80.93,1.71,2747800025.0,1102979435.0,0.08,0.08,-8.72,2.94
1371,301062,上海艾录,6.69,2.45,0.16,66716.0,44583752.0,2.6,6.75,6.58,6.67,6.53,0.75,2.42,85.72,2.15,2898724450.0,1841430809.0,0.15,-0.15,-5.77,-18.32
1372,600448,华纺股份,2.93,2.45,0.07,95054.0,27592489.0,2.8,2.94,2.86,2.87,2.86,0.9,1.51,-16.39,2.02,1845371610.0,1845371610.0,0.0,0.0,-3.62,-6.98
1373,002095,生 意 宝,14.23,2.45,0.34,18889.0,26758224.79,2.3,14.27,13.95,13.97,13.89,0.87,0.75,785.03,4.16,3596205600.0,3581810745.0,0.14,0.21,0.0,-20.9
1374,688060,云涌科技,34.65,2.45,0.83,3279.0,11321027.0,3.4,34.92,33.77,34.05,33.82,0.9,0.54,-52.16,2.35,2085608725.0,2085608725.0,0.41,0.2,-15.01,-18.14
1375,002984,森麒麟,14.21,2.45,0.34,106117.0,150293173.59,2.74,14.25,13.87,13.96,13.87,1.07,1.49,17.55,1.09,14725636437.0,10144805886.0,0.0,0.14,-9.95,-32.72
1376,300355,蒙草生态,2.93,2.45,0.07,213712.0,62321188.76,2.8,2.95,2.87,2.88,2.86,0.74,1.56,-94.02,1.11,4700429297.0,4003232026.0,0.0,0.34,-6.98,-27.48
1377,600808,马钢股份,2.51,2.45,0.06,662033.0,165028160.0,3.27,2.52,2.44,2.45,2.45,1.25,1.11,114.06,0.8,19328709777.0,14979055477.0,0.0,0.0,-17.7,-40.52
1378,301132,满坤科技,36.5,2.44,0.87,52434.0,191818085.94,3.48,37.18,35.94,36.18,35.63,0.95,5.53,74.56,3.05,5405148089.0,3457807097.0,0.22,0.14,-5.9,11.01
1379,300886,华业香料,24.8,2.44,0.59,17443.0,43467923.0,4.67,25.35,24.22,24.22,24.21,0.65,3.69,106.31,3.12,1862926400.0,1171783880.0,0.0,0.08,-1.12,-4.1
1380,300632,光莆股份,18.49,2.44,0.44,119379.0,220903757.3,4.27,18.92,18.15,18.65,18.05,0.82,5.4,1671.39,3.31,5642808154.0,4089905867.0,-0.05,0.11,-40.79,35.36
1381,688001,华兴源创,53.32,2.44,1.27,103594.0,553261353.0,6.09,54.67,51.5,53.0,52.05,0.9,2.2,2152.95,6.16,25143878805.0,25143878805.0,-0.15,-0.15,-31.01,76.97
1382,000656,金科股份,1.26,2.44,0.03,1466858.0,183449959.35,4.07,1.28,1.23,1.23,1.23,0.88,1.93,-78.96,3.24,13341801856.0,9560059749.0,0.0,0.0,-10.64,-12.5
1383,300138,晨光生物,11.34,2.44,0.27,67735.0,76191852.03,2.98,11.38,11.05,11.17,11.07,0.96,1.7,14.16,1.65,5478355055.0,4516872731.0,0.0,0.0,10.42,-6.36
1384,002787,华源控股,21.4,2.44,0.51,136733.0,293910963.81,6.03,22.14,20.88,21.3,20.89,0.94,5.51,47.37,3.9,7113332672.0,5308981293.0,-0.05,0.14,-11.28,71.89
1385,301220,亚香股份,27.71,2.44,0.66,9475.0,26164137.2,2.88,27.84,27.06,27.37,27.05,0.85,1.21,49.62,1.81,3131421033.0,2161852788.0,0.07,-0.32,-26.34,-26.3
1386,002305,*ST南置,2.11,2.43,0.05,177003.0,36903813.0,2.91,2.11,2.05,2.05,2.06,1.1,1.02,57.93,14.62,3659195275.0,3658957912.0,0.0,0.0,-10.21,-5.38
1387,300275,梅安森,8.85,2.43,0.21,43813.0,38532808.98,2.55,8.87,8.65,8.81,8.64,0.6,1.61,61.4,2.89,2725844852.0,2402433859.0,0.0,0.0,-11.41,-33.36
1388,688055,龙腾光电,3.8,2.43,0.09,105903.0,40182736.0,3.77,3.85,3.71,3.71,3.71,0.71,0.32,-45.44,3.16,12666666920.0,12666666920.0,0.26,0.26,-32.62,5.56
1389,300121,阳谷华泰,9.69,2.43,0.23,119381.0,116085609.95,2.54,9.84,9.6,9.63,9.46,1.01,2.78,17.96,1.21,4314369040.0,4160963268.0,0.1,0.1,-16.47,-22.73
1390,300516,久之洋,31.6,2.43,0.75,49593.0,156080709.74,5.35,32.29,30.64,31.36,30.85,0.75,1.97,-131.63,6.23,7963200000.0,7963200000.0,-0.03,0.03,-8.33,-45.14
1391,688581,安杰思,53.36,2.42,1.26,8076.0,43202485.0,3.61,54.1,52.22,52.91,52.1,0.99,1.96,18.24,1.69,4308321404.0,2197272914.0,0.0,-0.04,-6.42,-7.35
1392,301023,奕帆传动,29.24,2.42,0.69,11456.0,33362122.0,2.87,29.56,28.74,29.32,28.55,0.74,2.21,51.97,3.36,2728695514.0,1513600325.0,-0.1,-0.2,-18.76,-18.6
1393,002773,康弘药业,22.45,2.42,0.53,186370.0,426924720.97,5.75,23.5,22.24,23.5,21.92,2.39,2.71,16.82,2.31,20683776647.0,15418060787.0,0.04,0.09,9.35,-23.3
1394,301059,金三江,11.42,2.42,0.27,18252.0,20816751.0,3.32,11.53,11.16,11.3,11.15,0.94,0.88,29.09,4.33,2639778680.0,2358739035.0,0.18,-0.09,-18.25,-7.9
1395,002094,青岛金王,4.65,2.42,0.11,149323.0,69069015.0,2.42,4.66,4.55,4.55,4.54,1.14,2.16,103.15,2.18,3212673603.0,3210609003.0,-0.21,0.0,-11.93,-39.22
1396,002295,精艺股份,8.9,2.42,0.21,25989.0,23131395.0,2.19,8.98,8.79,8.86,8.69,0.87,1.04,77.4,1.72,2230482400.0,2228800300.0,0.23,0.23,-13.34,-33.18
1397,603869,ST智知,8.9,2.42,0.21,8863.0,7806096.0,3.22,8.92,8.64,8.64,8.69,0.96,0.18,295.47,1.16,4348735693.0,4348735693.0,0.34,0.56,-13.76,-15.8
1398,605266,健之佳,16.9,2.42,0.4,17250.0,29098446.0,3.15,17.02,16.5,16.5,16.5,0.96,1.12,18.16,1.04,2611775483.0,2611775483.0,0.12,0.12,0.78,-6.11
1399,003011,海象新材,20.71,2.42,0.49,20427.0,42222725.0,3.17,20.9,20.26,20.52,20.22,0.79,2.66,46.92,1.57,2126419960.0,1591462125.0,-0.05,0.15,-5.39,-4.74
1400,002580,圣阳股份,19.92,2.42,0.47,639065.0,1239668082.09,9.15,20.38,18.6,19.34,19.45,0.68,14.13,37.09,3.78,9041070341.0,9010588896.0,0.0,0.15,-13.35,60.65
1401,688595,芯海科技,27.97,2.42,0.66,27105.0,75842783.0,3.92,28.41,27.34,27.86,27.31,0.57,1.88,-25.84,6.23,4030295922.0,4030295922.0,0.07,0.29,-21.67,-14.73
1402,002349,精华制药,7.2,2.42,0.17,223475.0,160931469.23,2.7,7.29,7.1,7.16,7.03,1.11,2.74,22.71,2.17,5984123818.0,5862102538.0,0.0,0.0,3.75,0.42
1403,603159,上海亚虹,21.19,2.42,0.5,30471.0,64978988.0,6.19,21.78,20.5,20.77,20.69,1.19,2.18,-164.4,5.98,2966600000.0,2966600000.0,-0.09,-0.09,-20.64,-17.58
1404,920212,智新电子,9.75,2.42,0.23,8227.0,7959714.6,2.63,9.76,9.51,9.54,9.52,1.38,1.59,210.32,2.44,1034475000.0,503122064.0,0.21,0.31,-6.43,-27.72
1405,001379,腾达科技,16.51,2.42,0.39,19290.0,31685286.0,2.85,16.57,16.11,16.2,16.12,0.73,2.87,44.05,2.22,3302000000.0,1111084614.0,-0.06,0.0,-14.41,-29.62
1406,920505,九菱科技,27.65,2.41,0.65,11271.0,31397674.17,5.85,28.7,27.12,27.88,27.0,0.66,3.13,110.67,5.37,1791318107.0,995702104.0,0.07,0.07,-13.7,-36.11
1407,603158,腾龙股份,9.79,2.41,0.23,137767.0,134905086.0,3.66,9.95,9.6,9.67,9.56,0.48,2.81,22.62,2.14,4804639749.0,4804639749.0,0.1,0.2,-35.55,-7.12
1408,001258,立新能源,12.31,2.41,0.29,1184017.0,1446472238.53,9.48,12.73,11.59,11.83,12.02,0.84,12.69,78.67,3.72,11489333342.0,11489189007.0,0.16,0.0,20.33,73.87
1409,688400,凌云光,47.11,2.41,1.11,92739.0,435803557.0,5.65,48.2,45.6,46.6,46.0,0.74,2.03,28.05,3.96,22412565776.0,21552635759.0,-0.08,0.02,-27.39,11.37
1410,300507,苏奥传感,6.37,2.41,0.15,70405.0,44784463.0,3.05,6.42,6.23,6.26,6.22,0.94,0.9,78.25,2.37,5121494696.0,4958071333.0,0.0,-0.16,-21.84,-30.23
1411,001378,德冠新材,20.08,2.4,0.47,51399.0,103113222.22,3.42,20.33,19.66,19.79,19.61,0.94,6.09,28.56,1.86,3480540294.0,1693565493.0,0.15,0.15,-0.1,12.87
1412,002571,德力股份,10.65,2.4,0.25,46077.0,48958184.0,2.6,10.74,10.47,10.49,10.4,0.79,1.54,-57.76,5.25,4174274955.0,3176960902.0,0.0,0.0,-12.92,-9.44
1413,600606,绿地控股,1.28,2.4,0.03,1334166.0,169797238.0,4.8,1.3,1.24,1.24,1.25,1.34,0.95,22.03,0.47,17989399442.0,17989399442.0,0.0,-0.78,-7.91,-22.89
1414,300377,赢时胜,13.68,2.4,0.32,216292.0,296929048.22,2.99,13.91,13.51,13.63,13.36,0.8,3.09,-65.54,4.25,10273722134.0,9590306982.0,0.07,0.0,-2.08,-39.33
1415,600105,永鼎股份,38.85,2.4,0.91,1268362.0,4899196881.0,6.56,39.65,37.16,38.5,37.94,0.73,8.68,56.41,15.61,56798498058.0,56798498058.0,0.03,0.15,-19.88,54.84
1416,603610,麒盛科技,15.36,2.4,0.36,49729.0,76899414.0,5.4,15.85,15.04,15.16,15.0,0.89,1.41,40.2,1.77,5421951299.0,5421951299.0,-0.07,-0.07,-16.61,-18.77
1417,601789,宁波建工,4.26,2.4,0.1,348842.0,147611857.0,2.16,4.26,4.17,4.19,4.16,0.31,3.21,8.77,1.05,6493909396.0,4629761993.0,0.0,0.24,-13.94,-13.77
1418,688184,ST帕瓦,11.1,2.4,0.26,5536.0,6103094.0,2.77,11.2,10.9,10.96,10.84,1.05,0.56,19.3,1.58,1739680067.0,1089664067.0,0.45,0.45,-14.55,19.61
1419,603238,诺邦股份,12.4,2.39,0.29,21192.0,26201630.0,2.39,12.48,12.19,12.27,12.11,0.97,1.19,17.73,1.53,2201111600.0,2201111600.0,0.24,0.08,-5.85,-28.41
1420,601966,玲珑轮胎,11.14,2.39,0.26,94962.0,105084662.0,2.67,11.17,10.88,10.93,10.88,1.28,0.65,241.27,0.72,16303419889.0,16303419889.0,0.09,0.09,-7.63,-23.12
1421,002833,弘亚数控,18.4,2.39,0.43,33277.0,60794596.81,2.67,18.46,17.98,18.07,17.97,1.01,1.14,13.6,2.57,7894881726.0,5392425587.0,0.05,0.05,-1.92,16.68
1422,002712,思美传媒,4.71,2.39,0.11,105792.0,49662452.39,3.26,4.75,4.6,4.64,4.6,0.81,1.96,196.39,1.85,2563540893.0,2547640286.0,0.0,-0.21,-8.54,-15.29
1423,603051,鹿山新材,20.96,2.39,0.49,37020.0,76971371.0,2.59,21.03,20.5,20.8,20.47,1.12,2.29,42.68,1.99,3412977500.0,3387825500.0,0.0,0.53,-10.69,-1.09
1424,300876,蒙泰高新,15.43,2.39,0.36,24541.0,38216862.9,5.31,15.92,15.12,15.23,15.07,1.34,2.16,-68.65,2.3,2345939458.0,1749805266.0,-0.39,-0.13,-19.38,-38.82
1425,600229,城市传媒,5.16,2.38,0.12,31981.0,16384653.0,2.78,5.18,5.04,5.1,5.04,0.97,0.48,31.84,1.23,3409252165.0,3409252165.0,0.0,0.19,-7.86,-18.61
1426,600345,长江通信,46.0,2.38,1.07,59335.0,272097026.0,3.69,46.46,44.8,45.5,44.93,0.79,2.8,211.26,4.02,15162158072.0,9731727662.0,-0.61,-0.58,-5.99,33.14
1427,688170,德龙激光,53.01,2.38,1.23,40713.0,216279628.0,6.37,54.5,51.2,52.6,51.78,0.79,3.94,-53.65,4.45,5479113600.0,5479113600.0,-0.04,-0.13,-40.43,68.5
1428,300144,宋城演艺,6.03,2.38,0.14,351343.0,211089753.52,2.89,6.06,5.89,5.9,5.89,1.44,1.36,18.6,2.19,15731515032.0,15567035904.0,-0.17,-0.33,-6.8,-24.06
1429,603259,药明康德,167.9,2.38,3.9,859114.0,14589305368.0,4.65,173.6,165.97,171.0,164.0,1.41,3.47,22.61,6.01,500972826325.0,415263753303.0,-0.01,0.15,66.16,88.52
1430,600918,中泰证券,5.6,2.38,0.13,451968.0,251017206.0,2.93,5.63,5.47,5.48,5.47,1.41,0.99,23.64,1.0,44342709578.0,25551814753.0,0.0,0.0,0.9,-13.18
1431,603768,常青股份,11.19,2.38,0.26,17406.0,19387386.0,2.1,11.23,11.0,11.0,10.93,0.77,0.73,96.0,1.22,2662726040.0,2662726040.0,0.0,0.09,5.67,-3.53
1432,300883,龙利得,6.44,2.38,0.15,131358.0,84563765.17,4.45,6.54,6.26,6.35,6.29,1.02,3.97,-329.09,1.58,2228240000.0,2129544263.0,0.47,0.16,-5.71,-4.59
1433,603444,吉比特,393.91,2.37,9.12,24289.0,954675959.0,3.26,397.33,384.79,385.0,384.79,1.09,3.37,13.0,4.69,28377710095.0,28377710095.0,0.0,0.0,15.31,-5.51
1434,000782,恒申新材,7.78,2.37,0.18,226631.0,176818689.47,3.82,7.88,7.59,7.69,7.6,1.31,4.29,-57.55,3.39,5341604140.0,4108926267.0,0.0,0.0,0.26,56.85
1435,301511,德福科技,88.41,2.37,2.05,348096.0,3121586944.62,8.13,93.48,86.46,89.37,86.36,0.95,8.73,94.63,13.61,55726768020.0,35244417253.0,0.22,0.32,-16.04,147.72
1436,002877,智能自控,7.35,2.37,0.17,43450.0,31867823.0,3.34,7.39,7.15,7.2,7.18,1.17,1.81,107.63,2.17,2615451158.0,1767782692.0,0.0,-0.14,-10.15,-19.76
1437,001239,永达股份,12.08,2.37,0.28,20958.0,25307782.0,2.46,12.17,11.88,11.97,11.8,1.22,1.84,281.92,2.14,2899200000.0,1377120000.0,0.08,0.08,-12.27,-25.98
1438,000411,英特集团,9.95,2.37,0.23,43834.0,43646255.4,1.85,10.03,9.85,9.88,9.72,0.78,0.78,17.53,1.08,5620249003.0,5609172563.0,0.0,0.0,-15.1,-19.76
1439,601588,北辰实业,1.73,2.37,0.04,301048.0,51708906.0,4.14,1.75,1.68,1.69,1.69,1.01,1.13,-9.65,0.89,5824944600.0,4601800000.0,0.58,0.0,-7.49,-0.57
1440,601999,XD出版传,6.05,2.37,0.14,65261.0,39351996.0,3.05,6.09,5.91,5.97,5.91,0.3,1.18,125.54,1.26,3333033935.0,3333033935.0,0.0,0.0,1.68,-11.16
1441,605287,德才股份,39.27,2.37,0.91,28401.0,111703854.0,3.52,39.85,38.5,38.57,38.36,0.78,2.03,40.66,3.49,5497800000.0,5497800000.0,-0.03,-0.1,-15.95,51.8
1442,600748,上实发展,3.88,2.37,0.09,199328.0,77516315.0,6.33,4.03,3.79,3.79,3.79,1.8,1.08,-15.31,0.69,7156904021.0,7156904021.0,0.0,0.26,-16.56,-28.41
1443,300329,海伦钢琴,12.09,2.37,0.28,21916.0,26361635.0,3.98,12.2,11.73,11.85,11.81,0.88,0.87,-37.07,5.03,3057425350.0,3048377811.0,0.0,0.17,-4.8,-25.32
1444,920405,海希通讯,18.57,2.37,0.43,4275.0,7913178.11,3.31,18.76,18.16,18.44,18.14,0.33,0.4,685.46,3.04,2534253155.0,1973815309.0,0.05,0.27,34.37,-27.4
1445,688391,钜泉科技,25.49,2.37,0.59,12631.0,32168687.0,3.49,25.79,24.92,25.02,24.9,0.93,1.09,188.87,1.6,2946489531.0,2946489531.0,0.28,0.35,-23.5,-9.06
1446,002719,ST麦趣,6.05,2.37,0.14,19813.0,11874025.0,2.71,6.06,5.9,5.9,5.91,0.73,1.22,-19.98,9.66,1053543715.0,979327385.0,-0.17,-0.17,-18.02,-29.16
1447,000663,永安林业,5.65,2.36,0.13,58495.0,33007529.04,2.36,5.68,5.55,5.57,5.52,0.9,1.91,-38.24,2.09,1902264199.0,1730601757.0,-0.18,-0.18,-7.38,-23.44
1448,002401,中远海科,12.13,2.36,0.28,34476.0,41651871.79,2.45,12.16,11.87,11.98,11.85,1.12,0.93,154.41,2.73,4508338177.0,4504469799.0,0.0,0.0,-7.9,-23.71
1449,300500,启迪设计,9.53,2.36,0.22,26700.0,25296793.0,3.22,9.58,9.28,9.31,9.31,1.11,1.59,18.36,1.66,1657980502.0,1597208511.0,-0.1,-0.21,-14.45,-31.19
1450,003012,东鹏控股,4.77,2.36,0.11,66705.0,31620325.11,2.36,4.78,4.67,4.68,4.66,0.94,0.59,-27.6,0.76,5518800124.0,5411981435.0,0.0,0.0,-5.36,-24.41
1451,300872,天阳科技,14.75,2.36,0.34,95817.0,141489589.48,3.96,14.99,14.42,14.67,14.41,0.81,2.27,238.7,1.94,7199785974.0,6225114972.0,-0.07,-0.07,-21.83,-28.26
1452,300717,华信新材,18.22,2.36,0.42,18922.0,34311185.0,3.31,18.3,17.71,17.89,17.8,0.87,1.86,37.74,2.56,1872560500.0,1855768948.0,0.16,0.22,-5.55,-3.29
1453,002777,久远银海,12.6,2.36,0.29,74259.0,93196242.5,2.84,12.68,12.33,12.38,12.31,0.9,1.84,109.58,3.1,5143711079.0,5096844787.0,0.0,0.08,-11.39,-29.37
1454,920033,康普化学,14.36,2.35,0.33,4386.0,6253030.06,1.92,14.39,14.12,14.12,14.03,0.62,0.53,16.44,2.24,1710782190.0,1189471182.0,0.56,0.49,-11.41,-19.46
1455,603150,万朗磁塑,52.31,2.35,1.2,12845.0,67223396.0,5.38,53.77,51.02,51.49,51.11,0.92,1.5,41.61,2.59,4471615730.0,4471615730.0,0.21,0.29,-26.39,38.39
1456,301559,中集环科,13.09,2.35,0.3,13594.0,17777397.68,2.97,13.16,12.78,12.78,12.79,0.91,1.51,86.27,1.76,7854000000.0,1178100000.0,-0.08,-0.23,-11.37,-16.57
1457,600360,华微电子,10.89,2.35,0.25,743249.0,791709949.0,7.89,11.12,10.28,10.8,10.64,1.23,7.74,45.15,2.99,10457615861.0,10457615861.0,0.0,0.0,-2.24,37.15
1458,688115,思林杰,69.68,2.35,1.6,23984.0,167226039.0,6.21,72.4,68.17,69.13,68.08,0.67,2.57,308.52,5.12,6503791840.0,6503791840.0,-0.31,-0.33,70.91,48.89
1459,300793,佳禾智能,10.88,2.35,0.25,58403.0,63337816.0,3.01,10.97,10.65,10.68,10.63,1.16,1.57,-119.42,1.48,4140349467.0,4048320987.0,0.0,0.09,-23.38,-33.29
1460,300370,安控科技,2.18,2.35,0.05,175433.0,38054815.0,2.35,2.19,2.14,2.15,2.13,0.89,1.12,-32.83,7.9,3412520171.0,3404004783.0,0.0,0.46,-7.63,-16.48
1461,603335,迪生力,6.53,2.35,0.15,102430.0,66779841.0,5.17,6.68,6.35,6.4,6.38,1.04,2.39,-35.27,9.9,2795784238.0,2795784238.0,-0.31,-0.31,-10.79,15.99
1462,600375,汉马科技,3.94,2.34,0.09,148945.0,58215859.0,3.12,3.96,3.84,3.84,3.85,0.84,1.02,58.17,1.86,6316101186.0,5762981894.0,0.0,0.0,-8.37,-32.99
1463,001298,好上好,17.49,2.34,0.4,68381.0,119786812.39,3.51,17.72,17.12,17.35,17.09,1.0,1.68,32.03,4.55,7564670332.0,7125766146.0,-0.06,-0.11,-21.99,-14.1
1464,002961,瑞达期货,18.35,2.34,0.42,54388.0,99164740.22,2.23,18.38,17.98,17.98,17.93,1.19,1.14,10.75,2.19,8751728496.0,8751687208.0,-0.16,0.05,-17.23,-31.63
1465,300459,汤姆猫,3.5,2.34,0.08,941032.0,327773782.45,3.51,3.54,3.42,3.44,3.42,1.04,2.86,100.05,16.72,12305338287.0,11505170467.0,0.0,-0.28,-11.17,-23.75
1466,300249,依米康,12.67,2.34,0.29,125871.0,157031403.96,4.2,12.8,12.28,12.6,12.38,0.51,3.36,154.73,9.32,5808253619.0,4739968873.0,0.16,-0.47,-21.01,-13.4
1467,920111,聚星科技,31.9,2.34,0.73,34829.0,110856453.7,5.17,32.43,30.82,31.01,31.17,1.18,4.63,13.5,4.9,4949428550.0,2401691188.0,-0.03,-0.28,9.36,37.32
1468,002014,永新股份,10.95,2.34,0.25,44151.0,48274419.22,2.52,11.05,10.78,10.78,10.7,1.22,0.72,18.22,2.69,6706785933.0,6685278238.0,-0.09,0.0,-0.82,-6.01
1469,300915,海融科技,20.57,2.34,0.47,10080.0,20630138.7,1.99,20.63,20.23,20.24,20.1,0.84,1.75,35.26,1.74,2588513743.0,1183583154.0,0.44,0.0,-13.28,-11.91
1470,600187,*ST国中,1.32,2.33,0.03,149634.0,19612504.0,2.33,1.33,1.3,1.3,1.29,0.69,0.93,30.41,0.72,2130191056.0,2130191056.0,0.76,0.76,7.32,-46.99
1471,001202,炬申股份,13.62,2.33,0.31,18688.0,25392056.5,3.01,13.72,13.32,13.4,13.31,0.87,1.6,64.46,2.64,2270332918.0,1591142267.0,-0.07,0.0,-13.85,-14.12
1472,920701,豪声电子,13.63,2.33,0.31,18162.0,24824931.4,5.78,13.98,13.21,13.41,13.32,0.94,1.81,170.16,2.34,1870036000.0,1365824681.0,0.44,0.52,10.99,-23.81
1473,603073,彩蝶实业,16.71,2.33,0.38,11550.0,19207669.0,3.49,16.78,16.21,16.34,16.33,0.73,2.27,36.61,1.41,1938360000.0,850419490.0,0.0,-0.06,-8.74,-10.59
1474,300542,新晨科技,11.85,2.33,0.27,39945.0,47305495.14,3.45,11.97,11.57,11.89,11.58,0.94,1.61,-50.93,6.63,3537934803.0,2933846510.0,-0.08,0.0,-12.16,-42.17
1475,002800,天顺股份,13.61,2.33,0.31,34450.0,46786398.04,3.23,13.74,13.31,13.59,13.3,0.9,2.33,293.13,4.19,2072164242.0,2012141406.0,0.15,0.22,-21.1,-13.64
1476,301167,建研设计,14.07,2.33,0.32,17721.0,24861251.67,2.98,14.16,13.75,13.75,13.75,1.03,1.68,38.08,1.66,1575840000.0,1487403282.0,-0.5,-0.21,-9.63,-12.93
1477,920110,雷特科技,26.38,2.33,0.6,1039.0,2720990.58,2.33,26.44,25.84,25.84,25.78,0.93,0.64,35.4,2.83,1028820000.0,428384820.0,0.0,0.84,-0.04,-25.16
1478,000555,神州信息,10.16,2.32,0.23,180444.0,183347497.65,3.63,10.29,9.93,10.03,9.93,0.85,1.85,-26.8,1.75,9913868280.0,9902256924.0,-0.49,-0.49,-22.62,-38.57
1479,603217,元利科技,26.48,2.32,0.6,43209.0,116484891.0,6.41,27.8,26.14,26.32,25.88,0.92,2.08,22.69,1.62,5510159648.0,5510159648.0,0.04,-0.11,-5.93,4.58
1480,603365,水星家纺,17.66,2.32,0.4,20711.0,36252648.0,3.36,17.78,17.2,17.26,17.26,1.52,0.79,11.02,1.53,4635684658.0,4611621142.0,0.0,0.11,0.17,-11.92
1481,000902,新洋丰,13.69,2.32,0.31,178283.0,242800117.79,2.39,13.75,13.43,13.6,13.38,1.14,1.56,8.94,1.39,17177312047.0,15644705348.0,0.0,-0.07,3.63,-11.22
1482,301193,家联科技,18.11,2.32,0.41,19954.0,35859310.83,3.5,18.22,17.6,17.95,17.7,0.67,1.08,-11.06,2.1,4362364526.0,3335525317.0,-0.11,0.11,-20.47,-16.04
1483,603351,威尔药业,27.4,2.32,0.62,17571.0,47914054.0,3.06,27.76,26.94,27.3,26.78,0.88,1.3,24.65,2.12,3711032217.0,3711032217.0,0.33,-0.69,9.03,7.79
1484,300995,奇德新材,25.99,2.32,0.59,12331.0,31974881.01,3.15,26.35,25.55,25.57,25.4,1.16,2.03,87.15,2.66,2393963565.0,1578365995.0,0.15,-0.08,-25.76,-36.9
1485,002830,名雕股份,13.65,2.32,0.31,28669.0,39013315.0,3.0,13.75,13.35,13.36,13.34,0.87,3.09,188.36,3.86,2537480400.0,1267190925.0,0.07,0.0,-9.72,-1.44
1486,300572,安车检测,18.95,2.32,0.43,53262.0,100835613.18,4.43,19.23,18.41,18.67,18.52,1.17,2.94,-209.52,2.7,4339337987.0,3435216338.0,-0.05,0.0,-37.04,-33.35
1487,301499,维科精密,24.65,2.32,0.56,15465.0,38212853.47,2.86,25.06,24.37,24.45,24.09,1.02,1.12,65.4,2.63,3407982447.0,3407982447.0,-0.04,-0.12,-27.73,-16.04
1488,688360,德马科技,15.48,2.31,0.35,35589.0,55110688.0,3.64,15.71,15.16,15.16,15.13,0.68,1.35,27.54,2.8,4082782925.0,4082782925.0,0.19,0.32,-35.53,-26.81
1489,000036,华联控股,3.99,2.31,0.09,250236.0,99556395.75,3.85,4.05,3.9,3.93,3.9,0.84,1.78,53.78,1.09,5601236713.0,5597895112.0,-0.25,0.25,-24.14,-39.55
1490,002550,千红制药,7.1,2.31,0.16,420713.0,299957347.94,2.88,7.22,7.02,7.08,6.94,0.72,4.41,29.73,3.32,9086580000.0,6770995805.0,0.0,0.14,14.15,-7.91
1491,300147,*ST香雪,7.09,2.31,0.16,89832.0,64160259.5,2.89,7.23,7.03,7.14,6.93,0.98,1.37,-10.52,-9.94,4688468429.0,4660731016.0,-0.28,-0.14,-27.95,-22.09
1492,002339,积成电子,7.1,2.31,0.16,82532.0,58327980.4,2.74,7.12,6.93,6.97,6.94,0.73,1.72,-12.19,2.06,3579055145.0,3398915401.0,0.0,0.14,-18.86,-19.32
1493,300385,ST雪浪,12.03,2.3,0.27,47927.0,56535835.0,4.68,12.05,11.5,11.65,11.76,0.61,1.65,-27.08,-701.82,4007745562.0,3496671475.0,0.0,0.17,-10.09,93.41
1494,600262,北方股份,14.65,2.3,0.33,44455.0,64981300.0,3.35,14.85,14.37,14.5,14.32,0.73,1.87,11.59,1.93,3486700000.0,3486700000.0,0.0,0.0,-7.16,-20.03
1495,001337,四川黄金,48.57,2.3,1.09,262476.0,1306661054.23,6.49,51.15,48.07,49.48,47.48,1.58,6.25,19.21,10.78,20399400000.0,20399400000.0,0.0,0.0,-7.4,77.52
1496,001278,一彬科技,15.99,2.3,0.36,18021.0,28796042.0,4.54,16.15,15.44,15.74,15.63,0.96,2.11,-11.6,1.68,1978497066.0,1364120907.0,-0.06,0.0,-15.49,-17.32
1497,002913,奥士康,58.79,2.3,1.32,53822.0,315610000.0,4.33,59.49,57.0,58.45,57.47,0.81,1.76,267.3,4.3,18657624030.0,17956754342.0,0.0,0.1,8.27,38.52
1498,688357,建龙微纳,27.15,2.3,0.61,3717.0,10070263.0,2.79,27.3,26.56,26.81,26.54,0.78,0.37,41.31,1.57,2716625606.0,2716625606.0,0.18,0.26,-15.74,-17.1
1499,300956,英力股份,11.1,2.3,0.25,35077.0,38791810.26,3.96,11.17,10.74,11.06,10.85,0.41,1.67,-105.21,1.78,2391247026.0,2336021596.0,0.0,0.0,-21.0,-32.89
1500,600628,新世界,6.24,2.3,0.14,68125.0,42286207.0,1.97,6.25,6.13,6.13,6.1,0.91,1.05,45.02,0.96,4036502396.0,4036502396.0,0.0,0.0,-0.95,-20.2
1501,002476,新叶股份,4.9,2.3,0.11,118027.0,57906319.0,4.38,5.03,4.82,4.87,4.79,0.74,1.93,61.61,3.11,2998800000.0,2998800000.0,0.0,0.0,-8.41,-32.32
1502,300399,天利科技,16.93,2.3,0.38,26759.0,45318176.6,2.96,17.1,16.61,16.72,16.55,0.87,1.35,447.56,6.75,3345368000.0,3345041674.0,-0.06,-0.12,-20.22,-33.08
1503,600742,富维股份,7.57,2.3,0.17,50437.0,38004879.0,2.43,7.6,7.42,7.44,7.4,1.19,0.68,17.15,0.67,5624948152.0,5624948152.0,-0.26,0.0,-6.2,-22.44
1504,002250,联化科技,16.11,2.29,0.36,229146.0,370509860.13,5.78,16.58,15.67,16.05,15.75,1.42,2.56,35.57,2.18,14496957526.0,14418059429.0,-0.31,-0.37,10.49,22.23
1505,600351,亚宝药业,7.15,2.29,0.16,328055.0,234663513.0,2.29,7.22,7.06,7.08,6.99,0.95,4.74,13.93,1.75,4947800329.0,4947800329.0,0.14,0.14,17.99,16.45
1506,300815,玉禾田,16.06,2.29,0.36,46824.0,74975535.44,2.23,16.13,15.78,15.81,15.7,0.79,1.2,9.74,1.4,6401387520.0,6269507939.0,0.0,-0.06,-22.45,-28.4
1507,002862,实丰文化,13.47,2.28,0.3,23431.0,31459228.8,2.96,13.55,13.16,13.29,13.17,0.7,1.82,85.43,7.52,2283030300.0,1731938763.0,-0.07,-0.15,-19.53,-31.03
1508,000910,大亚圣象,5.38,2.28,0.12,51944.0,27942376.73,3.99,5.48,5.27,5.27,5.26,1.26,0.95,-7.61,0.46,2944998550.0,2943833780.0,0.0,-0.19,-15.54,-26.0
1509,000058,深 赛 格,6.73,2.28,0.15,65858.0,44088916.44,3.04,6.75,6.55,6.72,6.58,1.0,0.67,83.84,4.13,8285980523.0,6627295852.0,0.0,0.0,-5.74,-28.25
1510,301070,开勒股份,63.82,2.28,1.42,28318.0,181408175.86,5.54,65.5,62.04,64.97,62.4,0.85,3.34,-284.41,11.1,8052446124.0,5412821183.0,-0.05,0.02,-8.27,44.98
1511,301260,格力博,13.48,2.28,0.3,18976.0,25576098.15,2.43,13.58,13.26,13.36,13.18,0.95,0.92,12.01,1.51,6515631790.0,2767904612.0,0.0,-0.22,-17.8,-20.94
1512,300657,弘信电子,35.37,2.28,0.79,214548.0,750800376.46,3.79,35.7,34.39,35.24,34.58,0.75,4.58,112.43,12.0,17052784099.0,16570983403.0,-0.2,-0.25,-19.12,27.87
1513,000002,万  科Ａ,3.14,2.28,0.07,1423714.0,445542656.9,4.56,3.2,3.06,3.07,3.07,1.18,1.47,-1.57,0.34,37462427739.0,30511178616.0,0.0,0.0,-5.71,-32.47
1514,603808,歌力思,8.54,2.28,0.19,24117.0,20493017.0,1.68,8.55,8.41,8.41,8.35,0.9,0.66,18.94,1.22,3106281810.0,3106281810.0,0.23,0.23,-3.94,2.4
1515,301299,卓创资讯,43.97,2.28,0.98,11758.0,51541232.45,3.72,44.5,42.9,43.34,42.99,1.05,2.56,36.58,4.58,2667335401.0,2016449162.0,-0.07,-0.18,-16.87,-17.94
1516,300071,福石控股,4.04,2.28,0.09,514116.0,208125648.2,4.05,4.12,3.96,4.02,3.95,0.65,5.44,-1471.66,24.19,3894092717.0,3819217499.0,0.0,0.25,-3.81,-38.13
1517,000548,湖南投资,4.49,2.28,0.1,58829.0,26337761.94,2.51,4.52,4.41,4.43,4.39,1.28,1.18,36.28,1.09,2241478991.0,2241478991.0,-0.22,0.0,-8.18,-17.01
1518,000428,华天酒店,4.03,2.28,0.09,357370.0,143275682.9,4.82,4.07,3.88,3.99,3.94,0.64,3.51,-16.43,3.22,4106271780.0,4106271780.0,-0.25,-0.49,11.63,22.12
1519,300076,*ST宁视,4.5,2.27,0.1,35750.0,15955866.55,3.86,4.55,4.38,4.39,4.4,0.56,0.84,-53.72,2.27,1908000000.0,1908000000.0,-0.22,-0.22,-7.22,-45.78
1520,002396,星网锐捷,30.15,2.27,0.67,718050.0,2172498814.62,7.67,31.66,29.4,29.97,29.48,0.65,9.48,30.76,3.17,22930714316.0,22836065446.0,0.03,0.07,28.03,30.29
1521,688010,福光股份,26.18,2.27,0.58,33701.0,88107336.0,4.26,26.63,25.54,25.98,25.6,0.83,2.1,-58.18,2.45,4203502112.0,4203502112.0,0.11,-0.04,-40.73,-15.87
1522,920119,美德乐,49.09,2.27,1.09,1882.0,9165302.86,2.9,49.25,47.86,47.86,48.0,0.72,0.68,17.37,2.57,4956743609.0,1353427843.0,0.27,0.02,-14.94,66.07
1523,600099,林海股份,9.0,2.27,0.2,25668.0,23046226.0,2.16,9.05,8.86,8.86,8.8,0.86,1.17,118.46,3.64,1972080000.0,1972080000.0,0.11,0.0,-9.18,-13.54
1524,605108,同庆楼,12.61,2.27,0.28,21012.0,26296235.0,2.43,12.63,12.33,12.47,12.33,0.96,0.81,48.89,1.42,3278600000.0,3278600000.0,0.16,0.16,-5.47,-33.98
1525,688416,恒烁股份,74.45,2.27,1.65,51833.0,381689320.0,4.96,75.38,71.77,74.0,72.8,0.86,4.8,41.28,6.02,8031717668.0,8031717668.0,0.0,-0.03,-24.58,75.14
1526,001328,登康口腔,29.3,2.27,0.65,18068.0,53280787.1,4.89,30.19,28.79,28.96,28.65,1.13,1.12,24.35,3.54,5044692340.0,4738305170.0,0.07,-0.03,1.07,-24.15
1527,000536,华映科技,3.16,2.27,0.07,326455.0,102785338.48,3.24,3.19,3.09,3.12,3.09,0.79,1.18,-9.71,16.2,8740663657.0,8731340751.0,0.0,0.0,-28.67,-35.25
1528,300971,博亚精工,18.94,2.27,0.42,17561.0,33139902.0,3.13,19.1,18.52,18.52,18.52,0.99,1.9,45.61,2.11,2227344000.0,1747268032.0,0.53,0.21,-14.18,-21.77
1529,002649,博彦科技,9.46,2.27,0.21,173779.0,163303275.4,2.81,9.51,9.25,9.28,9.25,0.49,3.24,120.33,1.36,5594970673.0,5074013524.0,-0.11,-0.11,-1.36,-27.57
1530,603421,鼎信通讯,5.85,2.27,0.13,75967.0,44223843.0,3.32,5.89,5.7,5.76,5.72,0.77,1.16,-10.18,1.59,3815314489.0,3815314489.0,0.17,0.0,-21.37,-18.3
1531,002662,峰璟股份,3.16,2.27,0.07,116752.0,36831989.22,2.27,3.18,3.11,3.11,3.09,1.15,0.78,56.88,1.08,4740000000.0,4739940276.0,0.0,0.0,-10.23,-20.4
1532,300315,掌趣科技,4.06,2.27,0.09,523151.0,212069236.84,2.77,4.09,3.98,4.0,3.97,0.84,2.06,50.81,2.35,10992900672.0,10318408666.0,0.25,0.25,-10.96,-17.81
1533,300259,新天科技,4.05,2.27,0.09,272022.0,110291460.27,3.28,4.11,3.98,4.03,3.96,0.65,2.36,60.19,1.56,4678175392.0,4677088838.0,0.0,-0.25,-42.06,-6.47
1534,002661,克明食品,8.13,2.26,0.18,84830.0,68591353.46,6.16,8.3,7.81,7.81,7.95,2.23,2.75,19.39,1.17,2632870760.0,2507433470.0,0.37,0.12,5.86,-8.34
1535,300359,全通教育,4.08,2.26,0.09,142036.0,57706019.0,3.76,4.13,3.98,4.03,3.99,0.64,2.24,-31.78,5.04,2584000362.0,2583870924.0,-0.24,0.0,-2.39,-23.88
1536,002356,鹏飞绿能,2.71,2.26,0.06,143717.0,38770825.4,3.02,2.73,2.65,2.67,2.65,0.69,1.1,-118.44,5.93,3553499752.0,3553479427.0,0.0,0.0,-6.87,-31.57
1537,301288,清研环境,17.18,2.26,0.38,14676.0,25221058.0,5.89,17.48,16.49,16.97,16.8,0.88,1.88,-43.43,2.37,1855611800.0,1341923289.0,-0.69,-0.52,-3.37,-4.29
1538,601007,金陵饭店,6.78,2.26,0.15,54940.0,37029167.0,2.11,6.78,6.64,6.68,6.63,1.01,1.41,79.38,1.69,2644200000.0,2644200000.0,0.15,0.15,0.74,-11.72
1539,002082,ST万邦,9.97,2.26,0.22,91898.0,92056950.0,2.36,10.15,9.92,9.99,9.75,0.68,1.62,14.81,2.34,6098539878.0,5661441290.0,0.0,0.0,-35.18,-28.43
1540,300055,万邦达,5.89,2.26,0.13,115288.0,67449330.56,2.6,5.91,5.76,5.87,5.76,0.89,1.82,34.24,1.01,4928455179.0,3727482636.0,0.0,-0.17,-30.21,-27.64
1541,688292,浩瀚深度,17.21,2.26,0.38,21480.0,36892666.0,4.52,17.45,16.69,16.95,16.83,0.77,1.36,-24.42,2.82,2725219867.0,2725219867.0,-0.23,-0.17,-28.65,-40.53
1542,600540,新赛股份,4.07,2.26,0.09,470211.0,189863145.0,4.52,4.1,3.92,4.04,3.98,1.08,8.09,14.15,6.15,2366204227.0,2366204227.0,0.0,-0.25,-12.47,-10.94
1543,002162,悦心健康,4.07,2.26,0.09,109733.0,44334832.19,2.26,4.08,3.99,4.02,3.98,0.5,1.19,351.08,4.52,3743182928.0,3737568997.0,0.0,0.0,5.44,-12.66
1544,002992,宝明科技,34.52,2.25,0.76,12349.0,42418193.0,2.73,34.68,33.76,34.0,33.76,0.83,0.79,-111.25,8.48,6243585280.0,5393235721.0,0.0,0.09,-23.76,-27.49
1545,301276,嘉曼服饰,20.9,2.25,0.46,26385.0,53725389.22,4.4,20.9,20.0,20.58,20.44,0.95,3.65,13.47,1.29,2708640000.0,1510392986.0,1.65,1.51,-11.81,-29.1
1546,300513,恒实科技,7.28,2.25,0.16,44654.0,32438193.0,2.67,7.33,7.14,7.14,7.12,0.88,1.42,-21.53,4.23,2283671608.0,2282194911.0,0.0,0.0,-12.81,-23.29
1547,603569,长久物流,5.91,2.25,0.13,37106.0,21853008.0,2.08,5.93,5.81,5.81,5.78,1.28,0.61,938.38,1.46,3566727853.0,3566727853.0,0.17,0.0,2.96,-19.15
1548,605378,野马电池,14.11,2.25,0.31,15305.0,21570605.0,2.83,14.22,13.83,13.9,13.8,0.88,0.59,-125.58,3.06,3687597704.0,3687597704.0,-0.07,0.0,-16.26,-36.81
1549,603489,八方股份,27.29,2.25,0.6,19740.0,53888671.0,2.88,27.57,26.8,26.97,26.69,0.94,0.84,35.77,2.34,6402724647.0,6402724647.0,0.0,0.11,-21.87,-10.32
1550,300670,大烨智能,6.35,2.25,0.14,93996.0,59471202.5,4.67,6.46,6.17,6.32,6.21,1.11,4.18,-51.89,4.75,2012445042.0,1426808335.0,0.47,0.47,-5.93,-10.69
1551,300107,建新股份,6.39,2.24,0.14,75209.0,48060305.0,3.52,6.47,6.25,6.38,6.25,0.77,2.16,37.56,2.37,3596178693.0,2222103771.0,-0.16,-0.31,-5.47,-6.3
1552,300126,锐奇股份,6.39,2.24,0.14,45165.0,28664212.38,4.0,6.43,6.18,6.29,6.25,1.13,2.14,-26.35,1.95,1942289064.0,1346054804.0,-0.16,0.16,-11.25,-25.35
1553,603205,健尔康,21.94,2.24,0.48,9257.0,20337313.0,3.22,22.15,21.46,21.46,21.46,1.27,2.24,31.14,2.31,3422640000.0,906999600.0,-0.14,-0.09,-10.63,-22.58
1554,301331,恩威医药,22.81,2.24,0.5,31030.0,71131385.97,4.26,23.47,22.52,22.58,22.31,1.62,3.02,46.92,2.31,2346963942.0,2341154760.0,0.18,0.0,-15.95,-10.27
1555,600202,哈空调,5.01,2.24,0.11,52929.0,26305756.0,2.24,5.02,4.91,4.91,4.9,1.06,1.38,-15.72,2.37,1920536767.0,1920536767.0,-0.2,0.0,-8.91,-14.65
1556,301330,熵基科技,24.16,2.24,0.53,19017.0,46013418.96,3.3,24.49,23.71,23.96,23.63,0.95,0.93,112.41,1.69,5686093448.0,4944793859.0,0.0,-0.04,-12.62,-25.82
1557,300875,捷强装备,32.37,2.24,0.71,30536.0,98997979.11,3.79,32.87,31.67,32.0,31.66,0.72,3.48,-107.03,3.8,3231650890.0,2841816326.0,0.12,0.15,-4.26,-20.05
1558,605258,协和电子,26.97,2.24,0.59,12885.0,34832550.0,3.41,27.45,26.55,26.58,26.38,0.96,1.46,116.07,2.02,2373360000.0,2373360000.0,-0.04,-0.19,-27.11,-12.35
1559,600584,长电科技,79.48,2.24,1.74,1234670.0,9878325829.0,5.54,82.13,77.82,79.8,77.74,0.81,6.9,122.49,4.98,142222670024.0,142222670024.0,0.03,0.16,-7.65,116.68
1560,002003,伟星股份,10.52,2.24,0.23,119595.0,124581339.95,2.53,10.52,10.26,10.29,10.29,0.9,1.17,33.59,2.98,12507119150.0,10752501131.0,0.1,0.48,17.94,3.14
1561,301278,快可电子,27.43,2.24,0.6,10435.0,28568672.38,2.87,27.65,26.88,27.0,26.83,0.96,2.03,109.02,1.73,2460694362.0,1409955873.0,-0.04,0.0,-23.93,-17.85
1562,605056,咸亨国际,14.15,2.24,0.31,50176.0,71176891.0,3.4,14.38,13.91,13.91,13.84,0.78,1.24,55.7,3.39,5792913780.0,5708013780.0,-0.07,-0.28,-37.08,-12.17
1563,688135,利扬芯片,25.7,2.23,0.56,104858.0,268164895.0,4.57,26.11,24.96,25.6,25.14,0.89,4.5,438.1,3.78,5990771284.0,5990771284.0,0.47,0.35,-33.07,-7.42
1564,600728,佳都科技,4.58,2.23,0.1,243378.0,111163530.0,2.68,4.61,4.49,4.51,4.48,0.93,1.14,198.11,1.24,9767304615.0,9767304615.0,0.0,0.22,-8.4,-31.33
1565,600754,锦江酒店,19.24,2.23,0.42,105245.0,201108828.0,2.44,19.28,18.82,18.87,18.82,1.11,1.16,37.39,1.31,20472869609.0,17432287772.0,-0.1,0.0,-5.03,-22.29
1566,301508,中机认检,23.84,2.23,0.52,10986.0,26078998.75,2.36,23.86,23.31,23.31,23.32,1.05,1.87,43.16,2.67,5389871168.0,1402659776.0,0.04,0.08,-10.34,-23.15
1567,300168,万达信息,5.04,2.23,0.11,189505.0,95373557.0,3.04,5.09,4.94,4.97,4.93,0.99,1.32,-45.77,7.06,7260768023.0,7253480027.0,0.4,0.2,-6.32,-21.98
1568,300708,聚灿光电,7.81,2.23,0.17,106886.0,83089842.24,2.36,7.86,7.68,7.79,7.64,0.44,1.48,47.81,2.49,7367385463.0,5634378555.0,-0.13,-0.13,-22.21,-11.75
1569,603843,*ST正平,6.89,2.23,0.15,120016.0,81993407.0,5.64,6.96,6.58,6.72,6.74,1.02,1.72,-46.15,187.12,4820404103.0,4820404103.0,0.0,0.0,-13.55,20.45
1570,688395,正弦电气,22.58,2.22,0.49,14062.0,31753067.0,3.8,22.85,22.01,22.01,22.09,0.85,1.62,40.78,2.51,1955376518.0,1955376518.0,0.0,0.0,-19.93,-6.46
1571,000877,天山股份,3.69,2.22,0.08,128628.0,47213225.15,3.05,3.71,3.6,3.61,3.61,1.28,0.18,-4.39,0.35,26237714351.0,26237708816.0,-0.27,-0.27,-15.37,-30.64
1572,688191,智洋创新,21.67,2.22,0.47,67943.0,146851432.0,6.42,22.2,20.84,21.36,21.2,0.69,2.07,-158.96,8.16,7107819332.0,7107819332.0,-0.14,-0.18,-42.94,-5.74
1573,002875,安奈儿,13.34,2.22,0.29,32203.0,42798754.14,2.91,13.43,13.05,13.21,13.05,0.8,1.52,47.18,4.59,2833557671.0,2833557671.0,0.23,0.23,-39.0,-19.44
1574,002706,良信股份,10.12,2.22,0.22,471925.0,477416567.56,3.84,10.29,9.91,10.0,9.9,0.6,5.16,36.9,2.69,11366025202.0,9259694651.0,-0.1,0.0,-31.71,-4.35
1575,600927,永安期货,12.91,2.22,0.28,46771.0,60185180.0,2.06,12.96,12.7,12.73,12.63,1.1,0.32,24.13,1.42,18725240509.0,18725240509.0,-0.15,-0.08,-7.39,-19.06
1576,000702,正虹科技,5.53,2.22,0.12,60451.0,33139543.0,2.77,5.55,5.4,5.44,5.41,0.92,1.74,-38.11,5.78,1916835962.0,1916835962.0,0.18,0.18,-13.05,-17.22
1577,300856,科思股份,11.03,2.22,0.24,78059.0,86167296.87,2.69,11.15,10.86,10.9,10.79,0.69,1.7,32.16,1.95,5246830070.0,5070883922.0,-0.27,-0.45,-13.83,-17.75
1578,300268,佳沃食品,11.95,2.22,0.26,50553.0,59998841.07,5.39,12.12,11.49,11.62,11.69,0.79,3.78,-66.4,-2.02,2081690000.0,1597804625.0,-0.08,0.0,-9.06,-6.35
1579,300707,威唐工业,11.98,2.22,0.26,39214.0,46933026.0,2.65,12.1,11.79,11.8,11.72,1.08,2.73,-45.03,1.88,2083322132.0,1720094654.0,0.0,-0.08,-8.27,-26.91
1580,603877,太平鸟,12.88,2.22,0.28,17089.0,21695566.0,3.33,12.88,12.46,12.6,12.6,0.75,0.36,29.75,1.38,6052373863.0,6044887453.0,0.31,0.39,3.54,-9.49
1581,003039,顺控发展,11.96,2.22,0.26,31989.0,38097576.33,2.39,11.99,11.71,11.71,11.7,1.15,0.52,28.34,2.61,7385524011.0,7385524011.0,0.08,0.0,-6.12,-23.82
1582,301616,浙江华业,34.53,2.22,0.75,4416.0,15198245.24,2.52,34.7,33.85,33.9,33.78,0.74,1.55,46.82,1.93,2762400000.0,980713843.0,0.06,-0.09,-13.02,-31.87
1583,600365,ST通葡,2.77,2.21,0.06,29151.0,8065942.0,3.69,2.82,2.72,2.72,2.71,1.6,0.68,-27.29,5.71,1257386100.0,1183565600.0,0.0,0.0,1.47,-14.77
1584,603860,中公高科,26.33,2.21,0.57,8227.0,21545073.0,1.75,26.38,25.93,26.03,25.76,1.08,1.23,643.45,2.12,1755684400.0,1755684400.0,0.19,0.27,-8.61,-12.12
1585,600062,华润双鹤,16.21,2.21,0.35,116137.0,187958564.0,1.95,16.29,15.98,15.98,15.86,1.09,1.12,8.68,1.44,16835422503.0,16829633539.0,0.12,0.06,-1.58,-9.49
1586,001306,夏厦精密,53.3,2.21,1.15,6878.0,36781105.0,3.05,54.1,52.51,53.2,52.15,1.06,4.44,-38.03,2.61,3354035750.0,826150000.0,-0.34,-0.6,-21.04,-40.11
1587,600826,兰生股份,7.87,2.21,0.17,40564.0,31878212.0,2.99,7.92,7.69,7.7,7.7,1.1,0.56,-107.58,1.37,5699324680.0,5699324680.0,0.13,0.0,-5.97,-23.59
1588,002692,远程股份,4.17,2.21,0.09,98105.0,40622689.0,2.7,4.18,4.07,4.12,4.08,0.8,1.37,-20.35,2.65,2994668820.0,2992950884.0,0.48,0.48,-11.28,-17.59
1589,920873,中设咨询,6.94,2.21,0.15,16335.0,11298786.21,2.8,7.0,6.81,6.82,6.79,1.15,1.36,-27.02,4.29,1064505794.0,831456381.0,-0.29,-0.29,-12.26,-10.34
1590,300402,宝色股份,14.35,2.21,0.31,26301.0,37754936.36,2.85,14.48,14.08,14.08,14.04,1.15,1.08,55.02,2.36,3541443632.0,3495925432.0,-0.07,0.0,-10.26,-33.07
1591,600778,友好集团,5.56,2.21,0.12,54417.0,30135001.0,2.76,5.6,5.45,5.5,5.44,1.01,1.75,20.49,6.85,1731891917.0,1730354744.0,-0.54,-0.54,-10.61,-16.64
1592,301157,华塑科技,61.69,2.2,1.33,5907.0,36340527.0,3.58,62.5,60.34,60.65,60.36,0.69,2.86,94.65,3.36,3701400000.0,1274379990.0,-0.1,0.47,-13.16,18.93
1593,600525,ST长园,5.57,2.2,0.12,169696.0,94004188.0,3.49,5.64,5.45,5.5,5.45,0.81,1.29,166.94,2.61,7345605447.0,7345605447.0,0.0,0.18,5.69,57.79
1594,603075,热威股份,19.01,2.2,0.41,23015.0,43748862.0,3.01,19.24,18.68,18.82,18.6,1.0,5.43,23.4,3.74,7649641090.0,806041090.0,0.0,-0.16,-28.32,-10.08
1595,300173,ST福能,3.25,2.2,0.07,55364.0,17904702.0,2.83,3.28,3.19,3.2,3.18,1.23,0.75,-23.36,2.94,2387858519.0,2387858519.0,0.0,0.0,-10.22,-23.17
1596,301510,固高科技,26.45,2.2,0.57,68992.0,182392922.52,3.28,26.87,26.02,26.28,25.88,0.73,1.82,121.21,7.43,10696879376.0,10051879198.0,-0.11,-0.19,-27.3,-29.28
1597,002159,三特索道,13.48,2.2,0.29,22905.0,30723087.0,2.12,13.5,13.22,13.28,13.19,0.89,1.65,28.9,1.67,2390021861.0,1866610149.0,0.22,0.22,-9.53,-10.43
1598,688828,国仪公司-U,81.16,2.19,1.74,50356.0,396812205.0,10.54,83.48,75.11,81.0,79.42,0.56,19.34,-230.84,22.91,32464811600.0,2113327918.0,0.07,-0.42,282.47,282.47
1599,002633,申科股份,14.47,2.19,0.31,13663.0,19665643.66,2.61,14.55,14.18,14.27,14.16,0.78,0.91,110.85,6.12,2170500000.0,2164191992.0,0.21,0.21,-20.14,-12.04
1600,301185,鸥玛软件,16.35,2.19,0.35,15353.0,25092722.0,2.38,16.47,16.09,16.14,16.0,0.78,1.11,163.87,2.37,2508377760.0,2267211549.0,-0.18,0.0,2.25,-13.49
1601,600531,豫光金铅,13.09,2.19,0.28,600571.0,804121341.0,5.7,13.69,12.96,13.33,12.81,1.28,4.97,14.4,2.31,15829248717.0,15829248717.0,-0.08,0.08,-1.87,13.43
1602,002732,燕塘乳业,13.99,2.19,0.3,15629.0,21711365.0,2.48,14.04,13.7,13.7,13.69,1.04,1.0,11117.77,1.47,2201326500.0,2190360732.0,0.21,0.07,-4.77,-17.51
1603,002238,天威视讯,6.06,2.19,0.13,38607.0,23219462.82,2.36,6.07,5.93,5.93,5.93,0.54,0.48,-56.45,2.49,4863508510.0,4863508510.0,0.0,0.17,-12.05,-25.46
1604,300161,华中数控,27.55,2.19,0.59,56155.0,154394183.0,2.49,27.85,27.18,27.5,26.96,0.49,2.88,-17.31,3.56,5474099760.0,5372093048.0,-0.51,-0.4,-20.03,-5.07
1605,688719,爱科赛博,49.05,2.19,1.05,33302.0,161962535.0,5.83,49.68,46.88,48.53,48.0,0.6,3.71,-80.54,3.36,5659654753.0,4400878717.0,-0.65,0.0,-31.59,11.1
1606,002419,天虹股份,4.67,2.19,0.1,128960.0,59741036.33,2.41,4.67,4.56,4.59,4.57,1.0,1.13,9.0,1.31,5329668191.0,5329589385.0,0.0,0.43,-3.71,-14.47
1607,000157,中联重科,7.02,2.18,0.15,419752.0,292422627.73,2.18,7.03,6.88,6.88,6.87,1.02,0.59,17.17,1.07,60712717357.0,49629080592.0,0.14,0.14,-0.43,-14.7
1608,600697,欧亚集团,10.76,2.18,0.23,23549.0,25235881.0,2.47,10.81,10.55,10.58,10.53,0.88,1.52,119.01,0.77,1711787687.0,1671845921.0,-0.28,-0.09,-4.78,-17.8
1609,603915,国茂股份,13.15,2.18,0.28,42207.0,55397824.0,2.33,13.27,12.97,12.98,12.87,0.72,0.64,39.91,2.3,8782654612.0,8634717112.0,-0.08,-0.08,-22.96,-28.18
1610,688570,天玛智控,15.5,2.18,0.33,14509.0,22229055.0,4.02,15.51,14.9,14.9,15.17,1.17,0.77,136.17,1.57,6711500000.0,2917100000.0,0.26,0.39,-6.63,-15.39
1611,002981,朝阳科技,23.47,2.18,0.5,25638.0,59916897.0,3.53,23.72,22.91,22.99,22.97,1.22,2.11,216.24,3.07,3205033041.0,2853596453.0,0.17,-0.04,-9.14,-17.36
1612,002689,ST远智,2.81,2.18,0.06,63870.0,17865744.9,1.82,2.81,2.76,2.77,2.75,1.25,0.61,-23.57,2.46,2931703137.0,2930581382.0,0.0,0.36,-9.35,-11.08
1613,002909,集泰股份,5.19,2.17,0.11,55434.0,28651183.0,2.17,5.21,5.1,5.1,5.08,0.85,1.46,-40.07,2.38,2024100000.0,1974259454.0,0.19,0.19,-13.93,-23.79
1614,600138,中青旅,7.05,2.17,0.15,88273.0,61942000.0,2.46,7.07,6.9,6.9,6.9,1.37,1.22,-34.57,0.81,5103072000.0,5103072000.0,0.0,-0.14,-8.56,-28.35
1615,002103,广博股份,6.58,2.17,0.14,57880.0,37906040.0,2.48,6.61,6.45,6.46,6.44,0.82,1.49,43.21,2.8,3515516031.0,2553932169.0,-0.15,0.0,-6.8,-27.85
1616,002042,华孚时尚,3.77,2.17,0.08,176322.0,65996583.25,2.17,3.78,3.7,3.76,3.69,0.7,1.04,63.3,1.09,6411568708.0,6411568708.0,-0.26,0.0,-13.13,-11.08
1617,000919,金陵药业,7.05,2.17,0.15,418625.0,294974836.14,4.35,7.19,6.89,7.1,6.9,1.58,6.73,39.14,1.17,4384567922.0,4383455432.0,0.14,0.86,15.2,-10.19
1618,600719,大连热电,7.05,2.17,0.15,160596.0,114411261.0,6.81,7.38,6.91,6.91,6.9,1.28,3.97,28.45,7.94,2852427180.0,2852427180.0,0.0,0.14,-30.54,8.13
1619,600853,龙建股份,3.3,2.17,0.07,83068.0,27239048.0,2.48,3.31,3.23,3.24,3.23,0.97,0.82,22.59,0.79,3345206981.0,3345206981.0,0.0,0.0,-6.25,-23.08
1620,300739,明阳电路,22.56,2.17,0.48,92607.0,210325791.88,4.12,23.16,22.25,22.45,22.08,0.91,3.06,143.95,3.07,8425148342.0,6835130822.0,-0.13,0.0,-37.19,23.21
1621,688155,先惠技术,58.98,2.17,1.25,16678.0,98298126.0,2.11,59.39,58.17,58.88,57.73,0.84,1.31,12.23,3.13,7511683540.0,7511683540.0,0.2,0.22,-33.17,-1.29
1622,601515,衢州东峰,3.31,2.16,0.07,145747.0,48077156.0,3.09,3.34,3.24,3.25,3.24,0.96,0.76,-150.5,1.3,6369997921.0,6369997921.0,0.0,0.0,-19.66,-23.02
1623,688566,吉贝尔,26.96,2.16,0.57,44518.0,121118427.0,3.41,27.59,26.69,26.99,26.39,1.44,2.21,32.28,2.21,5421699810.0,5421699810.0,0.11,0.22,8.97,-8.89
1624,002144,宏达高科,10.9,2.16,0.23,30715.0,33352421.0,2.81,10.96,10.66,10.74,10.67,1.09,2.23,39.93,0.9,1926711555.0,1500404358.0,0.0,0.09,-11.09,-13.77
1625,001209,洪兴股份,17.52,2.16,0.37,18288.0,31930781.0,2.68,17.64,17.18,17.33,17.15,0.65,1.9,25.62,1.78,2304278054.0,1683578023.0,0.06,0.0,-17.4,-15.53
1626,301325,曼恩斯特,29.76,2.16,0.63,14369.0,42812311.2,3.6,30.14,29.09,29.38,29.13,1.0,1.0,-26.14,1.62,4282245562.0,4282245562.0,0.0,0.13,-35.26,-41.13
1627,301051,信濠光电,20.34,2.16,0.43,118302.0,241112139.74,8.29,21.28,19.63,20.1,19.91,0.6,5.24,-26.45,2.96,5781865445.0,4593526939.0,0.0,0.15,13.06,45.29
1628,301050,雷电微力,30.78,2.16,0.65,32255.0,99185142.14,2.89,31.05,30.18,30.35,30.13,1.05,1.53,-34.96,2.49,7620487530.0,6490611565.0,0.0,-0.1,-24.22,-40.98
1629,300845,捷安高科,12.27,2.16,0.26,73276.0,89232421.13,5.0,12.5,11.9,12.09,12.01,0.98,5.1,-45.28,3.23,2523216297.0,1764203876.0,0.08,-0.08,-15.15,10.84
1630,002446,盛路通信,8.52,2.16,0.18,208514.0,177761668.5,2.76,8.63,8.4,8.5,8.34,0.63,2.46,77.97,3.06,7799341968.0,7223062562.0,-0.12,-0.23,-13.59,-18.78
1631,001212,中旗新材,33.69,2.15,0.71,24618.0,82610088.73,2.61,33.86,33.0,33.5,32.98,0.73,1.42,448.84,3.53,6770329733.0,5856963512.0,0.18,0.0,-37.67,-33.55
1632,002536,飞龙股份,42.7,2.15,0.9,372034.0,1565898890.72,4.98,43.1,41.02,42.55,41.8,0.83,6.83,106.09,7.35,24543357418.0,23245925903.0,0.09,0.35,5.02,45.24
1633,300675,建科院,12.82,2.15,0.27,18302.0,23371489.0,2.39,12.88,12.58,12.68,12.55,1.04,1.25,-23.97,3.82,1880267094.0,1880267094.0,-0.23,-0.31,-11.28,-17.93
1634,002918,蒙娜丽莎,9.99,2.15,0.21,103886.0,103758313.68,3.48,10.14,9.8,9.82,9.78,0.7,4.85,-56.33,1.28,4084110931.0,2139907590.0,-0.2,-0.2,-26.11,-29.4
1635,301036,双乐股份,22.29,2.15,0.47,7815.0,17326375.0,2.8,22.38,21.77,21.99,21.82,1.07,1.11,-103.92,1.38,2229000000.0,1569976869.0,0.09,0.13,-10.45,-34.63
1636,688328,深科达,75.97,2.15,1.6,64350.0,491280325.0,7.36,79.33,73.86,77.4,74.37,0.82,6.81,58.39,8.18,7175844731.0,7175844731.0,0.22,0.36,10.99,161.78
1637,002786,银宝山新,7.6,2.15,0.16,55748.0,42227417.0,2.28,7.63,7.46,7.47,7.44,0.95,1.13,65.53,18.9,3766651200.0,3755251200.0,-0.13,-0.13,-18.8,-11.63
1638,300703,创源股份,13.31,2.15,0.28,30055.0,39809909.0,2.76,13.36,13.0,13.12,13.03,0.85,1.81,-31.34,3.16,2401015390.0,2213086416.0,0.08,-0.08,-15.44,-45.36
1639,002116,中国海诚,7.12,2.15,0.15,28689.0,20344512.12,2.44,7.15,6.98,6.98,6.97,0.95,0.52,24.17,1.47,3979744349.0,3931329104.0,-0.28,0.0,-1.52,-15.04
1640,301539,宏鑫科技,14.73,2.15,0.31,12254.0,18030350.5,2.7,14.86,14.47,14.6,14.42,1.01,1.63,-37.05,2.88,2180040000.0,1105659548.0,0.0,0.0,-7.07,-29.18
1641,301329,信音电子,19.45,2.15,0.41,29355.0,56993396.33,2.57,19.6,19.11,19.16,19.04,0.81,4.45,40.13,2.11,3310390000.0,1284478000.0,0.15,0.15,-23.33,-16.81
1642,300509,新美星,8.58,2.14,0.18,36932.0,31663992.96,3.33,8.65,8.37,8.46,8.4,0.94,1.49,25.17,3.99,2543112000.0,2120148227.0,0.0,-0.12,-12.45,-32.33
1643,603788,宁波高发,13.86,2.14,0.29,10087.0,13928385.0,1.62,13.87,13.65,13.65,13.57,0.94,0.45,16.47,1.55,3091681842.0,3091681842.0,0.0,0.0,-11.04,-10.81
1644,301293,三博脑科,53.05,2.14,1.11,89835.0,480711373.28,3.12,54.33,52.71,52.91,51.94,0.75,4.36,181.71,4.64,10927609660.0,10927609660.0,-0.09,-0.19,-12.67,-10.05
1645,920371,欧福蛋业,8.12,2.14,0.17,75327.0,58648456.87,8.68,8.27,7.58,7.7,7.95,1.6,3.87,24.52,2.72,1668217752.0,1581853984.0,0.0,1.12,-1.81,-20.86
1646,001222,源飞宠物,14.77,2.14,0.31,37399.0,54960100.06,2.49,14.84,14.48,14.66,14.46,0.61,3.31,31.05,1.98,2819445300.0,1668990577.0,0.0,0.07,-9.77,-37.57
1647,600455,博通股份,24.3,2.14,0.51,15085.0,36531968.0,3.28,24.44,23.66,23.75,23.79,1.18,2.42,22.52,4.23,1517729400.0,1517729400.0,-0.04,0.33,-11.57,-6.43
1648,301017,漱玉平民,13.36,2.14,0.28,72577.0,97459722.0,3.13,13.65,13.24,13.33,13.08,0.56,2.81,130.79,2.68,5418911190.0,3456166536.0,-0.07,0.0,0.3,-9.18
1649,603014,威高血净,33.4,2.14,0.7,17762.0,59394407.0,2.14,33.69,32.99,32.99,32.7,1.18,1.75,29.49,1.96,13952985804.0,3389595059.0,0.15,0.15,-2.68,-14.95
1650,000623,吉林敖东,18.16,2.14,0.38,155531.0,282131818.14,2.08,18.25,17.88,17.9,17.78,1.32,1.31,6.27,0.7,21717460228.0,21632080933.0,0.06,0.11,6.76,-5.61
1651,301512,智信精密,31.02,2.14,0.65,11540.0,35932952.4,2.54,31.44,30.67,31.43,30.37,1.17,2.37,-22.42,2.24,2316162895.0,1511333485.0,-0.16,-0.16,-20.22,0.13
1652,688015,交控科技,15.74,2.14,0.33,11104.0,17487817.0,2.79,15.84,15.41,15.41,15.41,1.04,0.59,45.48,1.14,2969834879.0,2969834879.0,-0.25,-0.19,-13.52,-29.61
1653,002127,南极电商,2.86,2.14,0.06,358847.0,102445859.47,3.21,2.89,2.8,2.83,2.8,0.83,1.8,67.93,1.86,7020929353.0,5704936371.0,0.0,0.0,-4.35,-13.6
1654,600332,白云山,21.51,2.14,0.45,137315.0,293593762.0,2.04,21.55,21.12,21.15,21.06,1.63,0.98,4.9,0.9,34970763313.0,30240714313.0,-0.05,0.0,1.94,-14.95
1655,002269,美邦服饰,1.44,2.13,0.03,349864.0,50111817.29,2.84,1.45,1.41,1.42,1.41,0.87,1.49,582.1,16.9,3618000000.0,3374969868.0,0.0,-0.69,-5.26,-23.81
1656,002495,佳隆股份,2.4,2.13,0.05,175125.0,41809994.0,2.13,2.41,2.36,2.37,2.35,0.88,2.52,228.89,2.04,2245501440.0,1665403697.0,0.0,0.0,-1.23,-9.43
1657,603099,长白山,39.34,2.13,0.82,57963.0,227630308.0,2.83,39.64,38.55,38.55,38.52,0.99,2.13,4223.29,7.14,10714479532.0,10714479532.0,0.0,0.05,2.23,-12.6
1658,300517,海波重科,10.09,2.13,0.21,29472.0,29666381.4,3.44,10.19,9.85,10.19,9.88,0.82,2.33,144.55,1.97,2022212071.0,1273689457.0,-0.1,0.2,-15.14,-7.94
1659,600106,重庆路桥,4.32,2.13,0.09,105440.0,45287215.0,2.13,4.33,4.24,4.26,4.23,1.07,0.79,54.07,1.09,5741388268.0,5741388268.0,0.0,0.23,-20.0,-30.66
1660,300335,迪森股份,5.27,2.13,0.11,90046.0,47284778.0,2.33,5.3,5.18,5.2,5.16,0.65,2.34,39.11,1.33,2513855285.0,2024519717.0,0.0,0.0,-10.68,-6.89
1661,688200,华峰测控,415.6,2.13,8.67,35362.0,1482456580.0,5.79,430.56,406.99,410.36,406.93,0.86,1.76,221.46,20.66,83451760596.0,83451760596.0,0.02,-0.06,50.66,225.35
1662,300958,建工修复,12.0,2.13,0.25,35477.0,42398951.0,2.72,12.07,11.75,11.76,11.75,1.39,3.9,-22.36,1.56,1880838948.0,1092593124.0,-0.25,-0.25,-7.76,-3.3
1663,600562,国睿科技,26.07,2.12,0.54,65377.0,169089838.0,2.66,26.19,25.51,25.59,25.53,0.65,0.53,104.86,4.96,32375233889.0,32375233889.0,-0.04,-0.04,7.86,-7.26
1664,600593,大连圣亚,40.06,2.12,0.83,40270.0,161415444.0,3.85,40.77,39.26,39.26,39.23,0.86,3.13,83.19,24.99,5225626700.0,5159728000.0,0.07,0.1,9.33,-3.28
1665,600966,博汇纸业,4.82,2.12,0.1,92522.0,44678847.0,3.18,4.89,4.74,4.75,4.72,0.97,0.69,29.09,0.87,6443589468.0,6443589468.0,0.0,0.0,-20.85,-29.22
1666,300255,常山药业,25.55,2.12,0.53,467688.0,1218685959.05,6.47,26.92,25.3,25.65,25.02,0.94,5.1,999.91,19.4,23482005433.0,23445277308.0,-0.04,-0.08,-34.49,-58.86
1667,003003,天元股份,11.07,2.12,0.23,25964.0,28632201.0,2.68,11.12,10.83,10.87,10.84,0.95,2.2,30.99,1.53,1956290400.0,1304005318.0,0.0,0.09,-7.67,-14.98
1668,688285,高铁电气,7.69,2.12,0.16,18576.0,14211475.0,1.86,7.7,7.56,7.58,7.53,0.88,0.49,58.95,1.7,2893669431.0,2893669431.0,0.0,-0.13,-6.79,-11.3
1669,600015,华夏银行,6.73,2.12,0.14,969709.0,643928225.0,2.73,6.73,6.55,6.57,6.59,1.62,0.63,5.37,0.34,107107468590.0,103556017406.0,0.0,0.15,5.82,4.34
1670,002793,罗欣药业,5.31,2.12,0.11,440582.0,234585150.09,5.0,5.45,5.19,5.36,5.2,0.99,4.06,59.78,5.25,5775094861.0,5766307517.0,-0.19,-0.19,24.36,10.63
1671,600176,中国巨石,41.42,2.12,0.86,1874055.0,7715502910.0,4.44,42.19,40.39,41.27,40.56,0.72,4.72,28.26,5.0,165809923274.0,164503134700.0,0.19,0.1,4.78,144.94
1672,301125,腾亚精工,12.04,2.12,0.25,47087.0,56769490.0,4.24,12.2,11.7,11.88,11.79,1.33,2.68,-30.05,3.6,2496181165.0,2116390092.0,-0.41,-0.25,-24.61,-8.23
1673,600319,亚星化学,6.25,2.12,0.13,37188.0,23159242.0,2.94,6.3,6.12,6.18,6.12,1.15,0.96,-11.41,7.18,2423183650.0,2423183650.0,-0.16,0.0,-15.31,-32.65
1674,002138,顺络电子,48.41,2.11,1.0,268684.0,1299824622.65,4.7,49.6,47.37,48.25,47.41,0.67,3.51,43.65,5.95,39033871517.0,37098751187.0,0.14,0.14,-0.39,39.35
1675,301048,金鹰重工,9.19,2.11,0.19,44890.0,41104374.0,2.44,9.21,8.99,8.99,9.0,1.55,0.84,25.99,1.75,4901333946.0,4901333946.0,0.0,-0.11,-5.16,-18.6
1676,002187,广百股份,5.33,2.11,0.11,80121.0,42373399.0,2.49,5.35,5.22,5.23,5.22,0.95,1.14,38.69,0.93,3735768394.0,3735768394.0,0.19,0.19,-5.33,-29.59
1677,603197,保隆科技,30.45,2.11,0.63,21864.0,66232482.0,2.35,30.56,29.86,29.92,29.82,0.84,1.04,22.78,2.05,6517080342.0,6429582267.0,0.0,0.07,-7.33,-17.26
1678,300880,迦南智能,19.39,2.11,0.4,19375.0,37701752.42,3.9,19.77,19.03,19.35,18.99,0.67,0.99,75.77,3.63,3783711859.0,3783711859.0,0.05,0.1,-9.69,11.24
1679,600736,苏州高新,6.76,2.11,0.14,195072.0,131313090.0,2.27,6.81,6.66,6.66,6.62,0.69,1.69,9.04,1.05,7782740051.0,7782740051.0,0.3,0.0,-5.98,0.3
1680,600496,精工钢构,3.38,2.11,0.07,428899.0,144384306.0,4.53,3.43,3.28,3.3,3.31,1.22,2.16,11.11,0.75,6726624525.0,6726624525.0,0.0,0.3,-12.89,-13.99
1681,000882,华联股份,1.45,2.11,0.03,453417.0,65467348.0,2.82,1.46,1.42,1.43,1.42,0.69,1.66,-26.47,0.61,3969160323.0,3966237404.0,0.0,0.0,-1.36,-29.61
1682,300713,英可瑞,13.08,2.11,0.27,16026.0,20863700.0,2.65,13.15,12.81,12.93,12.81,0.8,1.79,-27.02,4.67,2077637795.0,1169447889.0,0.0,0.0,-22.6,-24.39
1683,300148,天舟文化,3.38,2.11,0.07,161262.0,54219683.0,2.11,3.39,3.32,3.34,3.31,0.74,1.98,70.77,2.76,2849878579.0,2751708348.0,-0.29,0.0,-6.37,-23.01
1684,000011,深物业A,8.21,2.11,0.17,101589.0,83184857.0,5.35,8.4,7.97,8.18,8.04,1.0,1.93,-44.91,1.46,4892988345.0,4322364208.0,0.12,0.12,14.03,-8.68
1685,000960,锡业股份,36.95,2.1,0.76,457151.0,1703504436.61,3.15,37.8,36.66,37.69,36.19,0.95,2.78,20.22,2.83,60798710626.0,60798710626.0,-0.11,0.0,-5.45,34.27
1686,301086,鸿富瀚,119.97,2.1,2.47,29591.0,354470397.55,4.11,122.09,117.26,119.74,117.5,0.9,4.24,97.22,7.8,15099928074.0,8369210734.0,0.02,0.2,-26.69,50.75
1687,920970,大禹生物,6.31,2.1,0.13,44089.0,27494429.8,3.07,6.33,6.14,6.18,6.18,0.8,6.29,-10.04,2.84,699153048.0,442149903.0,0.16,0.48,4.82,-17.95
1688,601633,长城汽车,15.55,2.1,0.32,143417.0,221508791.0,2.17,15.56,15.23,15.23,15.23,1.36,0.23,35.27,1.54,133395203291.0,96615769605.0,0.13,0.19,-7.99,-30.21
1689,003028,振邦智能,22.39,2.1,0.46,8771.0,19697681.91,3.01,22.66,22.0,22.13,21.93,1.12,1.24,141.57,1.87,3226850159.0,1582830712.0,-0.09,-0.18,-23.82,-23.82
1690,688506,百利天恒,295.86,2.1,6.08,21187.0,632726190.0,4.34,305.63,293.04,299.98,289.78,1.16,0.51,-39.43,21.64,122152847498.0,122152847498.0,-0.18,0.1,25.52,-8.43
1691,920069,普昂医疗,33.64,2.09,0.69,4777.0,16074782.32,2.85,33.95,33.01,33.01,32.95,1.11,3.24,18.81,2.33,1780223014.0,496406675.0,0.12,0.15,-9.06,88.25
1692,603386,骏亚科技,13.68,2.09,0.28,69333.0,95756946.0,5.6,14.14,13.39,13.52,13.4,1.0,2.12,-54.57,3.41,4464092621.0,4464092621.0,0.0,0.0,-13.42,-10.76
1693,000631,顺发恒能,2.93,2.09,0.06,115744.0,33738580.08,2.79,2.94,2.86,2.86,2.87,0.79,0.5,238.1,1.23,6739000249.0,6739000249.0,-0.34,-0.34,-14.58,-9.57
1694,600051,宁波联合,6.36,2.09,0.13,40330.0,25518444.0,2.73,6.39,6.22,6.22,6.23,0.8,1.3,91.69,0.58,1977196800.0,1977196800.0,0.16,0.16,-4.5,-14.97
1695,603266,天龙股份,15.6,2.09,0.32,15043.0,23396650.0,2.62,15.68,15.28,15.28,15.28,0.99,0.76,26.02,1.94,3102633300.0,3102633300.0,0.0,0.19,-18.67,-31.1
1696,002453,华软科技,4.39,2.09,0.09,113521.0,49607865.9,2.79,4.43,4.31,4.38,4.3,0.98,1.88,-23.28,4.78,3566291683.0,2645635058.0,0.23,0.23,-27.44,-30.65
1697,002591,恒大高新,6.35,2.09,0.13,60199.0,38027613.32,2.57,6.38,6.22,6.35,6.22,0.82,2.69,76.65,2.98,1906266723.0,1419304134.0,0.47,0.16,-19.62,-21.8
1698,300792,壹网壹创,23.45,2.09,0.48,42149.0,98714140.32,3.48,23.76,22.96,23.36,22.97,0.69,1.98,44.39,1.89,5573179950.0,5000787563.0,-0.13,-0.09,-25.81,-16.76
1699,601968,宝钢包装,4.42,2.08,0.09,62812.0,27677377.0,2.31,4.44,4.34,4.35,4.33,1.3,0.49,21.56,1.25,5638945213.0,5638945213.0,0.23,0.0,-4.54,-16.76
1700,002605,姚记科技,17.67,2.08,0.36,57659.0,101824884.3,3.0,17.84,17.32,17.32,17.31,0.99,1.7,13.19,2.0,7378413431.0,5976567462.0,-0.11,-0.06,-1.89,-22.5
1701,002717,*ST岭南,0.98,2.08,0.02,359375.0,34999415.7,3.13,0.99,0.96,0.96,0.96,0.86,2.09,-3.34,-1.2,1783828887.0,1684182887.0,0.0,1.03,8.89,-39.51
1702,300388,节能国祯,6.87,2.08,0.14,55393.0,37886062.0,2.23,6.89,6.74,6.74,6.73,0.59,0.81,12.99,0.98,4678760127.0,4678760127.0,0.29,0.29,-7.29,-13.48
1703,600370,*ST三房,1.47,2.08,0.03,138536.0,20177442.0,2.08,1.47,1.44,1.45,1.44,0.73,0.34,45.15,1.2,5913314300.0,5913314300.0,0.0,0.68,13.95,-34.96
1704,001268,联合精密,20.12,2.08,0.41,20282.0,40625651.4,3.7,20.33,19.6,19.93,19.71,0.53,2.15,-432.52,3.07,3032137660.0,1898072854.0,-0.1,-0.1,-32.98,-20.25
1705,603803,瑞斯康达,10.29,2.08,0.21,163780.0,167318168.0,3.97,10.4,10.0,10.21,10.08,0.54,3.85,159.75,2.85,4372051802.0,4372051802.0,0.0,0.0,-22.98,-7.21
1706,600805,悦达投资,4.42,2.08,0.09,51093.0,22496261.0,1.85,4.43,4.35,4.35,4.33,1.06,0.6,63.75,0.88,3760953663.0,3758217127.0,0.0,0.0,-5.56,-18.3
1707,920802,保丽洁,10.33,2.08,0.21,8597.0,8872905.09,3.06,10.47,10.16,10.29,10.12,0.38,2.37,44.96,1.94,847145636.0,374128242.0,0.1,0.58,-13.41,-32.44
1708,601965,中国汽研,14.2,2.08,0.29,70612.0,99610503.0,3.02,14.28,13.86,13.96,13.91,1.24,0.71,16.59,1.77,14237607095.0,14177361323.0,-0.21,-0.14,-8.27,-13.2
1709,002213,大为股份,29.4,2.08,0.6,134471.0,402236922.9,8.78,31.33,28.8,29.08,28.8,1.2,6.51,113.09,10.98,7068409240.0,6077506231.0,-0.17,-0.1,-17.83,13.16
1710,601155,新城控股,11.31,2.08,0.23,376737.0,428294001.0,5.96,11.67,11.01,11.03,11.08,1.34,1.67,20.46,0.41,25511094501.0,25511094501.0,0.0,0.09,-11.22,-18.92
1711,301601,惠通科技,16.26,2.07,0.33,13431.0,21738953.04,2.89,16.39,15.93,15.93,15.93,0.94,1.59,-324.64,1.74,2284204800.0,1373644800.0,0.18,0.25,-15.18,-41.26
1712,002174,游族网络,12.3,2.07,0.25,267970.0,329830337.62,3.57,12.5,12.07,12.19,12.05,0.46,2.74,29.04,2.66,12051674894.0,12044886217.0,-0.49,-0.4,5.85,0.49
1713,000922,佳电股份,11.83,2.07,0.24,68769.0,80909911.08,2.59,11.95,11.65,11.93,11.59,0.85,0.98,30.66,2.14,9866009237.0,8339312471.0,0.0,0.0,-12.89,3.95
1714,688129,东来技术,21.23,2.07,0.43,8866.0,18726973.0,2.88,21.45,20.85,21.1,20.8,0.82,0.74,27.98,2.55,2557764924.0,2557764924.0,-0.14,0.0,-31.23,6.31
1715,300923,研奥股份,24.68,2.07,0.5,10299.0,25551185.0,3.39,25.17,24.35,24.88,24.18,0.54,1.35,289.61,1.75,1939848000.0,1883741105.0,-0.08,-0.08,3.05,-1.59
1716,605369,拱东医疗,17.71,2.07,0.36,20538.0,36557862.0,3.86,18.01,17.34,17.34,17.35,1.37,0.93,30.42,2.31,3892711644.0,3892711644.0,-0.06,-0.06,-2.69,-4.32
1717,920245,威博液压,13.29,2.07,0.27,12440.0,16667122.1,8.37,13.99,12.9,13.19,13.02,1.65,2.34,26.6,2.66,917982828.0,706952872.0,0.38,0.0,-10.81,-33.48
1718,300070,碧水源,3.45,2.07,0.07,330745.0,113542622.41,2.96,3.47,3.37,3.38,3.38,1.23,0.96,51.67,0.46,12503522302.0,11849949155.0,0.0,0.0,-1.99,-11.99
1719,603276,恒兴新材,16.38,2.06,0.33,25372.0,41238153.0,1.93,16.38,16.07,16.07,16.05,0.93,3.36,32.8,1.93,3401298761.0,1236320402.0,0.06,0.12,-1.27,-0.43
1720,600858,银座股份,4.95,2.06,0.1,56276.0,27673018.0,2.27,4.96,4.85,4.89,4.85,0.8,1.09,9.07,0.94,2574329616.0,2561862744.0,0.41,0.0,-3.7,-20.55
1721,600576,祥源文旅,5.44,2.06,0.11,59816.0,32343252.0,2.81,5.47,5.32,5.35,5.33,0.76,0.91,79.27,2.22,5736743514.0,3592522052.0,0.0,0.0,-7.95,-12.82
1722,600859,王府井,9.9,2.06,0.2,123602.0,121836174.0,2.89,9.97,9.69,9.69,9.7,0.87,1.1,53.87,0.57,11126921098.0,11125897834.0,-0.1,-0.2,-9.92,-36.25
1723,300375,鹏翎股份,3.97,2.06,0.08,91603.0,36231571.0,2.57,3.99,3.89,3.92,3.89,0.91,1.72,200.35,1.47,3033650957.0,2114631235.0,0.0,0.25,-9.77,-24.52
1724,001326,联域股份,61.0,2.06,1.23,15536.0,96259320.36,7.33,64.65,60.27,62.04,59.77,0.86,6.47,73.54,3.64,4465200000.0,1465057069.0,0.08,0.35,-10.45,29.57
1725,002790,瑞尔特,5.95,2.06,0.12,49415.0,29279964.0,2.4,5.97,5.83,5.85,5.83,1.11,1.9,697.48,1.21,2486340185.0,1551150125.0,0.17,0.34,-7.32,-29.0
1726,603214,爱婴室,13.89,2.06,0.28,18598.0,25743395.0,1.98,13.93,13.66,13.73,13.61,1.04,1.34,56.19,1.67,1924321100.0,1924321100.0,0.0,-0.07,-6.78,-17.86
1727,301169,零点有数,51.59,2.06,1.04,12248.0,62969297.0,3.8,52.3,50.38,51.56,50.55,0.77,1.7,-56.22,8.57,3716571252.0,3714946167.0,0.08,0.1,-40.53,2.97
1728,002454,松芝股份,4.95,2.06,0.1,76131.0,37489098.2,2.06,4.96,4.86,4.88,4.85,0.77,0.87,15.24,1.1,4351414716.0,4342902013.0,-0.2,0.0,-17.22,-18.72
1729,002869,金溢科技,15.87,2.06,0.32,19630.0,31102982.0,2.57,15.95,15.55,15.73,15.55,0.86,1.25,-27.83,1.39,2807640907.0,2499798027.0,-0.19,-0.25,-12.47,-31.77
1730,600166,福田汽车,2.97,2.06,0.06,1247461.0,366841067.0,2.75,2.97,2.89,2.9,2.91,1.08,1.58,11.72,1.46,23514679090.0,23514679090.0,0.34,0.34,-1.0,1.71
1731,301057,汇隆新材,21.44,2.05,0.43,26744.0,58378540.8,5.62,22.39,21.21,21.26,21.01,1.61,3.3,38.41,3.29,2507824751.0,1737010655.0,-0.19,-0.09,-29.26,-40.31
1732,301319,唯特偶,112.62,2.05,2.26,134869.0,1524375926.26,8.1,116.95,108.01,112.51,110.36,0.82,9.81,197.26,17.03,20548338311.0,15486793682.0,-0.01,0.07,12.42,197.23
1733,002594,比亚迪,90.48,2.05,1.82,358074.0,3237942077.64,2.38,91.0,88.89,89.05,88.66,1.62,1.03,50.49,3.61,824924035681.0,315468789480.0,0.0,-0.01,-4.62,-7.07
1734,600126,杭钢股份,6.97,2.05,0.14,727297.0,501769390.0,4.39,7.01,6.71,6.83,6.83,0.56,2.15,612.51,1.21,23539007909.0,23539007909.0,0.14,0.43,-10.98,-14.58
1735,300816,艾可蓝,50.78,2.05,1.02,17043.0,86419459.0,3.86,51.78,49.86,50.56,49.76,0.83,2.92,51.13,4.28,4062400000.0,2963791661.0,0.24,0.32,-46.37,5.66
1736,300564,筑博设计,12.43,2.05,0.25,25406.0,31572597.04,3.61,12.65,12.21,12.25,12.18,1.05,2.24,-90.66,1.67,2005147936.0,1406973453.0,0.16,0.08,-14.51,-19.81
1737,600208,衢州发展,2.98,2.05,0.06,840829.0,248830713.0,2.74,3.0,2.92,2.92,2.92,0.89,0.99,20.16,0.61,25356643584.0,25353769484.0,0.34,0.0,1.02,-23.0
1738,300236,上海新阳,95.77,2.05,1.92,100551.0,954989148.79,3.96,96.85,93.13,95.01,93.85,0.98,3.61,72.36,6.44,30012608793.0,26676743269.0,-0.23,-0.24,-2.21,51.34
1739,300452,山河药辅,13.96,2.05,0.28,213068.0,292029553.82,5.26,14.02,13.3,13.68,13.68,2.19,10.73,17.39,3.43,3273009739.0,2772870431.0,0.0,0.07,15.56,6.73
1740,300195,长荣股份,5.48,2.05,0.11,71346.0,38930132.0,2.61,5.51,5.37,5.42,5.37,0.92,2.27,-17.49,0.87,2321918503.0,1719980370.0,0.0,0.0,-9.27,-31.41
1741,301038,深水规院,15.95,2.05,0.32,16510.0,26275449.0,2.37,16.1,15.73,15.94,15.63,0.74,0.74,-25.8,4.05,3558126000.0,3558126000.0,-0.06,-0.19,-12.79,-31.75
1742,300395,菲利华,89.02,2.05,1.79,163843.0,1455274015.69,3.82,90.7,87.37,88.92,87.23,0.67,3.2,81.41,9.79,46800224840.0,45626622014.0,0.08,0.13,-36.14,-11.25
1743,002282,博深股份,5.96,2.05,0.12,36572.0,21737136.0,2.57,5.98,5.83,5.86,5.84,0.95,0.72,21.81,0.88,3139956554.0,3009827940.0,0.0,0.0,-4.18,-17.22
1744,001236,弘业期货,7.47,2.05,0.15,76370.0,56877700.0,2.46,7.51,7.33,7.38,7.32,0.94,1.01,150.45,4.03,7528100002.0,5662841002.0,0.0,-0.13,-10.43,-29.53
1745,301055,张小泉,29.34,2.05,0.59,28002.0,82480575.6,4.35,30.06,28.81,29.0,28.75,0.91,1.83,39.24,7.0,4577040000.0,4479269614.0,0.0,0.14,-17.4,51.94
1746,000868,安凯客车,3.48,2.05,0.07,168174.0,58307171.0,2.05,3.49,3.42,3.42,3.41,1.33,1.79,868.6,4.07,3269511278.0,3269508668.0,0.0,0.0,-11.22,-30.12
1747,000408,藏格矿业,77.1,2.04,1.54,156351.0,1217469299.27,3.9,79.29,76.34,77.4,75.56,1.0,1.0,16.62,7.03,120963327533.0,120962055383.0,-0.06,-0.04,-4.57,-7.0
1748,300652,雷迪克,28.56,2.04,0.57,14251.0,40670544.1,3.0,28.93,28.09,28.25,27.99,0.85,1.19,35.57,2.48,3809634736.0,3419143995.0,-0.31,-0.07,-41.6,-47.85
1749,603286,日盈电子,41.1,2.04,0.82,27896.0,113630414.0,4.82,41.69,39.75,40.96,40.28,0.62,2.39,-217.71,5.92,4849539878.0,4803941483.0,-0.02,0.12,-36.38,-40.57
1750,688787,海天瑞声,105.82,2.04,2.12,23765.0,252490808.0,6.25,109.36,102.88,105.85,103.7,1.04,3.94,189.92,8.57,6383610548.0,6383610548.0,0.13,-0.22,-25.19,-8.69
1751,300013,新宁物流,4.01,2.04,0.08,132916.0,53432836.0,4.33,4.1,3.93,3.93,3.93,0.87,2.38,94.18,12.46,2239019165.0,2236470762.0,0.0,-0.25,-11.09,1.78
1752,300425,中建环能,4.01,2.04,0.08,73774.0,29452461.14,2.54,4.03,3.93,3.94,3.93,0.9,1.08,5485.47,1.16,2735721661.0,2729760908.0,0.0,0.0,-6.96,-18.99
1753,300698,万马科技,25.0,2.04,0.5,19899.0,49712732.0,2.94,25.27,24.55,24.76,24.5,0.64,1.68,138.16,6.26,3350000000.0,2963648575.0,0.0,-0.16,-32.03,-40.66
1754,605289,罗曼股份,107.21,2.04,2.14,42821.0,462777442.0,7.85,112.3,104.05,107.46,105.07,1.0,2.81,87.91,12.26,16361371705.0,16347797204.0,0.19,-0.02,-10.02,129.13
1755,920016,中草香料,13.01,2.04,0.26,5770.0,7492885.64,3.29,13.17,12.75,12.75,12.75,0.85,1.69,39.83,2.6,1001534896.0,445426206.0,-0.38,-0.08,-7.86,-32.49
1756,000090,天健集团,3.5,2.04,0.07,151409.0,52613887.14,2.92,3.52,3.42,3.44,3.43,1.05,0.81,-70.13,0.59,6539909019.0,6539510019.0,0.57,0.29,11.46,-4.37
1757,301133,金钟股份,27.55,2.04,0.55,22829.0,62923415.52,3.85,28.04,27.0,27.32,27.0,0.77,2.05,124.68,2.44,3346405491.0,3061795946.0,0.04,0.22,-37.14,-28.09
1758,002381,双箭股份,5.5,2.04,0.11,49155.0,26911185.0,2.23,5.51,5.39,5.46,5.39,1.24,1.53,32.94,1.05,2263678560.0,1771145750.0,0.0,0.18,-3.68,-15.25
1759,001336,楚环科技,18.57,2.03,0.37,10701.0,19810205.7,2.53,18.68,18.22,18.31,18.2,0.77,1.66,45.8,2.4,1940296664.0,1194026172.0,0.11,0.0,-12.57,-0.8
1760,688225,亚信安全,12.07,2.03,0.24,34998.0,42042028.0,2.7,12.13,11.81,11.88,11.83,0.62,0.87,-6.48,3.11,4828120700.0,4828120700.0,0.08,0.17,-23.02,-37.78
1761,000679,大连友谊,6.03,2.03,0.12,45954.0,27562167.0,3.05,6.06,5.88,5.93,5.91,0.7,1.29,-42.79,14.86,2149092000.0,2149092000.0,0.0,0.33,-6.07,-15.31
1762,002086,东方海洋,2.01,2.03,0.04,757623.0,151295767.12,4.06,2.02,1.94,1.96,1.97,0.51,4.79,-87.35,3.11,3937482465.0,3178383125.0,0.0,0.0,5.79,-12.99
1763,002795,永和智控,7.03,2.03,0.14,105724.0,73758126.0,2.61,7.06,6.88,7.02,6.89,0.5,2.43,11.41,6.96,3105062612.0,3054035497.0,-0.14,0.0,-14.16,11.59
1764,301041,金百泽,25.18,2.03,0.5,35636.0,90507364.0,3.44,25.84,24.99,24.99,24.68,0.85,4.51,-3752.54,3.98,2686202400.0,1988496428.0,0.0,0.12,-24.34,-7.26
1765,603284,林平发展,42.77,2.03,0.85,26574.0,114755913.0,3.27,43.79,42.42,42.58,41.92,0.71,14.09,13.85,1.44,3225490996.0,806372749.0,0.02,0.0,5.22,14.79
1766,603020,爱普股份,10.05,2.03,0.2,34940.0,35033819.0,2.54,10.13,9.88,9.92,9.85,0.53,0.93,28.14,1.15,3775159629.0,3775159629.0,0.3,0.2,2.03,0.1
1767,301191,菲菱科思,90.7,2.02,1.8,35052.0,316638318.6,4.57,92.44,88.38,91.49,88.9,0.51,4.8,114.58,5.2,8788565156.0,6626336474.0,0.22,0.13,-21.03,18.1
1768,688551,科威尔,38.98,2.02,0.77,28620.0,111676336.0,4.32,39.88,38.23,38.87,38.21,0.69,2.63,145.58,3.27,4248609859.0,4248609859.0,0.08,0.1,-29.44,38.33
1769,603982,泉峰汽车,6.07,2.02,0.12,36329.0,21954010.0,2.35,6.1,5.96,5.97,5.95,0.92,1.07,-5.23,1.04,2216333000.0,2061090036.0,0.0,-0.16,-12.66,-27.48
1770,603153,上海建科,13.15,2.02,0.26,13277.0,17385994.0,2.25,13.18,12.89,12.89,12.89,0.66,0.33,87.58,1.42,5389673544.0,5309709222.0,0.08,0.08,-6.21,-21.4
1771,601500,通用股份,4.05,2.02,0.08,128358.0,51585077.0,2.27,4.06,3.97,3.97,3.97,1.15,0.81,12.67,1.04,6411152977.0,6411152977.0,0.0,0.25,-4.71,-15.98
1772,601696,中银证券,11.64,2.02,0.23,298411.0,346433939.0,2.72,11.73,11.42,11.5,11.41,0.9,1.07,22.36,1.67,32335920000.0,32335920000.0,0.0,0.0,0.26,-22.24
1773,002189,中光学,18.18,2.02,0.36,18602.0,33676888.84,3.03,18.3,17.76,17.76,17.82,0.66,0.71,-18.95,11.37,4748602783.0,4747887364.0,-0.05,0.0,-18.48,-21.26
1774,300221,银禧科技,13.11,2.02,0.26,159890.0,210191391.22,4.51,13.44,12.86,12.95,12.85,0.86,3.46,33.26,4.22,6210923920.0,6057052886.0,0.0,-0.08,-6.62,28.28
1775,002265,建设工业,18.67,2.02,0.37,104462.0,194837702.0,3.22,18.93,18.34,18.52,18.3,0.49,1.01,139.81,5.05,19286864399.0,19286864399.0,-0.05,-0.05,-9.98,-30.18
1776,000886,海南高速,4.55,2.02,0.09,147945.0,66913709.0,2.47,4.57,4.46,4.46,4.46,1.17,1.51,-47.88,1.42,4499168765.0,4449115798.0,0.0,0.0,-4.81,-33.67
1777,000823,超声电子,14.69,2.01,0.29,361499.0,532494874.32,3.96,14.96,14.39,14.67,14.4,0.68,6.08,66.22,1.59,8739887643.0,8739553533.0,0.0,0.07,-9.66,9.96
1778,603739,蔚蓝生物,12.68,2.01,0.25,132163.0,165980612.0,4.34,12.73,12.19,12.33,12.43,1.48,5.22,44.89,1.81,3208406021.0,3208406021.0,-0.08,0.16,-0.94,-9.75
1779,601020,华钰矿业,21.27,2.01,0.42,317945.0,691453438.0,5.56,22.28,21.12,21.71,20.85,1.29,3.88,142.69,4.12,17440649126.0,17440649126.0,0.0,0.05,-16.95,-20.58
1780,301189,奥尼电子,51.34,2.01,1.01,35091.0,179571835.34,4.05,52.02,49.98,51.2,50.33,0.68,2.22,128.34,4.04,8401274058.0,8108705161.0,0.14,-0.06,-27.25,65.29
1781,301199,迈赫股份,17.8,2.01,0.35,14130.0,25167751.6,2.92,18.04,17.53,17.7,17.45,0.73,0.79,43.73,1.73,3322832800.0,3198230575.0,0.0,0.06,-14.13,-23.34
1782,301280,珠城科技,42.2,2.01,0.83,12191.0,51405288.76,3.26,42.8,41.45,41.87,41.37,0.71,1.23,35.82,4.15,8080970671.0,4196091421.0,-0.05,0.14,-4.13,11.35
1783,601599,浙文影业,3.04,2.01,0.06,162551.0,49180432.0,2.35,3.06,2.99,3.0,2.98,0.97,1.4,49.31,2.3,3528049057.0,3528049057.0,0.0,-0.33,-6.17,-23.62
1784,300368,汇金股份,7.63,2.01,0.15,200061.0,150975978.78,4.14,7.7,7.39,7.57,7.48,0.58,3.78,-108.63,83.73,4035838714.0,4035838714.0,0.0,0.0,-24.98,-49.67
1785,601106,中国一重,3.04,2.01,0.06,419458.0,127169417.0,2.68,3.06,2.98,2.99,2.98,0.87,0.61,2684.17,4.04,20847660098.0,20847660098.0,0.0,0.0,-19.36,-23.81
1786,002845,同兴达,13.22,2.01,0.26,63527.0,83595252.62,1.85,13.27,13.03,13.07,12.96,0.78,2.54,-25.43,1.78,4330233540.0,3308098120.0,0.08,0.23,-16.91,-5.77
1787,688201,ST信安,7.12,2.01,0.14,15082.0,10646345.0,2.58,7.16,6.98,7.01,6.98,0.89,0.48,-39.36,1.75,2258135170.0,2258135170.0,-0.14,0.0,-13.17,-51.27
1788,002802,洪汇新材,11.65,2.01,0.23,24204.0,28110877.32,3.33,11.75,11.37,11.48,11.42,1.1,1.62,41.29,3.32,2111514619.0,1743809362.0,0.09,0.09,-10.73,-5.59
1789,300947,德必集团,14.23,2.01,0.28,57754.0,81708342.0,6.31,14.58,13.7,13.72,13.95,1.85,3.82,294.03,1.81,2150689414.0,2149876141.0,-0.42,-0.42,-7.6,-29.34
1790,603091,众鑫股份,49.54,2.0,0.97,9740.0,48412049.0,3.31,50.3,48.69,48.84,48.57,1.0,2.21,18.9,3.25,7090873717.0,2180664947.0,-0.54,-0.72,-6.16,-11.36
1791,600463,空港股份,8.15,2.0,0.16,33928.0,27602804.0,3.63,8.21,7.92,7.99,7.99,1.21,1.13,94.42,2.75,2445000000.0,2445000000.0,-0.12,-0.61,-16.24,-28.0
1792,601226,华电科工,6.11,2.0,0.12,85505.0,52107323.0,2.5,6.14,5.99,5.99,5.99,1.05,0.74,-34.0,1.65,7101186807.0,7101186807.0,-0.16,0.0,-23.43,-21.57
1793,301298,东利机械,12.76,2.0,0.25,12481.0,15873527.6,2.88,12.88,12.52,12.54,12.51,0.85,1.15,108.01,2.06,1873168000.0,1380418168.0,0.0,0.0,-11.94,-17.78
1794,601127,赛力斯,51.49,2.0,1.01,207740.0,1062417517.0,2.32,51.65,50.48,50.48,50.48,0.94,1.33,-26.12,2.39,89694812078.0,80180402654.0,-0.02,0.0,-38.57,-57.15
1795,002657,中科金财,14.8,2.0,0.29,61984.0,91356615.62,2.69,14.93,14.54,14.66,14.51,0.69,1.84,-17.53,3.15,5021846016.0,4974686112.0,0.07,0.07,-19.3,-50.44
1796,002816,*ST和科,25.0,2.0,0.49,14212.0,35375089.0,2.73,25.23,24.56,24.8,24.51,0.92,1.42,-152.22,10.49,2500000000.0,2500000000.0,0.2,0.28,-1.57,11.26
1797,603307,扬州金泉,25.44,2.0,0.5,6523.0,16594973.0,3.13,25.78,25.0,25.08,24.94,0.96,0.67,18.87,1.82,2511224376.0,2471496000.0,0.04,-0.31,-4.68,-3.71
1798,600512,腾达建设,2.04,2.0,0.04,179288.0,36199435.0,2.5,2.04,1.99,1.99,2.0,0.89,1.13,20.36,0.52,3238306533.0,3238306533.0,0.49,0.49,-5.12,-15.35
1799,002899,英派斯,19.39,2.0,0.38,21100.0,40846761.0,3.16,19.6,19.0,19.6,19.01,0.78,1.43,47.75,1.63,2865783365.0,2865783365.0,0.15,-0.15,-29.52,-28.95
1800,603291,联合水务,9.2,2.0,0.18,52721.0,48724735.0,3.88,9.35,9.0,9.0,9.02,1.67,1.25,65.41,2.24,3893629557.0,3893629557.0,0.11,0.11,-10.33,-2.54
1801,300187,永清环保,4.6,2.0,0.09,75705.0,34762959.0,2.22,4.65,4.55,4.57,4.51,0.54,1.18,17.02,2.51,2969861959.0,2954938993.0,0.22,0.22,-18.58,-4.96
1802,601026,道生天合,16.33,2.0,0.32,99989.0,164397208.0,4.12,16.76,16.1,16.14,16.01,0.66,9.0,60.23,4.23,10768002000.0,1814029318.0,0.0,0.12,-9.83,-17.44
1803,002093,国脉科技,6.63,2.0,0.13,92551.0,61177232.8,2.62,6.67,6.5,6.55,6.5,0.73,0.92,-89.17,1.77,6679725000.0,6679725000.0,-0.15,-0.15,-10.89,-42.05
1804,605365,立达信,13.79,2.0,0.27,33365.0,45918645.0,2.74,13.9,13.53,13.62,13.52,0.98,0.66,87.06,1.87,6922757560.0,6922757560.0,0.0,0.22,-20.2,-47.47
1805,000701,厦门信达,5.11,2.0,0.1,227190.0,116501036.0,4.39,5.28,5.06,5.18,5.01,2.25,3.4,4.04,-14.78,3415079972.0,3412185284.0,0.0,0.2,-11.13,-22.22
1806,300422,博世科,4.08,2.0,0.08,114059.0,46425745.7,2.0,4.1,4.02,4.05,4.0,0.54,2.21,-30.04,3.77,2178231987.0,2108313007.0,0.25,0.25,-24.44,-11.11
1807,000045,深纺织Ａ,10.24,1.99,0.2,59843.0,60939718.0,2.09,10.25,10.04,10.1,10.04,1.07,1.31,58.39,1.74,5186783734.0,4679903734.0,0.2,0.1,-12.1,-15.86
1808,002486,嘉麟杰,2.56,1.99,0.05,217385.0,55376341.0,3.19,2.58,2.5,2.52,2.51,0.56,2.65,346.34,1.98,2110164736.0,2100321280.0,-0.39,0.0,3.23,-17.42
1809,002337,赛象科技,4.62,1.99,0.09,63901.0,29435775.0,2.43,4.65,4.54,4.59,4.53,0.9,1.09,91.21,2.06,2719404765.0,2716543978.0,0.0,-0.22,-12.5,-29.36
1810,300743,天地数码,14.87,1.99,0.29,16304.0,24234983.5,3.09,14.97,14.52,14.6,14.58,0.86,1.28,14.26,3.87,2248408283.0,1894600024.0,0.07,-0.07,-11.86,-31.41
1811,300712,永福股份,20.47,1.99,0.4,16254.0,33366670.58,3.29,20.74,20.08,20.08,20.07,1.1,0.87,382.34,3.02,3839067336.0,3822559305.0,0.05,0.24,-10.77,-22.11
1812,603639,海利尔,10.76,1.99,0.21,25783.0,27570806.0,2.09,10.76,10.54,10.55,10.55,1.63,0.76,12.49,1.1,3762215019.0,3657090895.0,0.09,0.09,0.19,-13.23
1813,300295,*ST三六,11.79,1.99,0.23,30956.0,36183990.0,4.07,11.92,11.45,11.67,11.56,0.64,1.85,432.41,2.06,2235545688.0,1976940079.0,0.08,-0.76,1.38,-5.91
1814,300405,科隆股份,5.65,1.99,0.11,59695.0,33637819.5,3.97,5.72,5.5,5.58,5.54,0.95,2.73,328.5,4.13,1606705591.0,1236351978.0,0.53,0.0,-16.54,-11.44
1815,688156,路德科技,19.49,1.99,0.38,23151.0,44991581.0,3.14,19.75,19.15,19.34,19.11,0.83,2.3,109.95,2.54,1962918920.0,1962918920.0,-0.31,0.0,-25.41,21.74
1816,920222,益坤电气,25.8,1.98,0.5,16835.0,42624351.62,5.61,25.94,24.52,25.17,25.3,0.63,14.56,51.27,4.84,2209695180.0,298314822.0,0.04,0.27,155.7,155.7
1817,001391,国货航,4.13,1.98,0.08,205337.0,84426056.57,2.22,4.15,4.06,4.07,4.05,0.98,1.35,26.7,1.92,50422679459.0,6274932103.0,-0.24,0.0,-19.02,-29.16
1818,600955,维远股份,12.85,1.98,0.25,43324.0,55226692.0,2.62,12.92,12.59,12.65,12.6,1.06,0.79,24.77,0.92,7067500000.0,7067500000.0,-0.16,-0.08,-21.17,-20.43
1819,600422,昆药集团,8.81,1.97,0.17,139090.0,122555087.0,2.78,8.88,8.64,8.64,8.64,0.87,1.84,-11.76,1.31,6668956419.0,6668956419.0,-0.23,-0.11,5.38,-28.84
1820,300922,天秦装备,17.09,1.97,0.33,31756.0,54477611.24,4.0,17.45,16.78,16.94,16.76,0.61,2.52,2820.95,2.82,2748967174.0,2156945682.0,0.0,0.06,-22.6,-24.61
1821,002643,万润股份,13.98,1.97,0.27,157363.0,219621317.21,4.38,14.2,13.6,13.89,13.71,0.69,1.74,36.45,1.82,12804282350.0,12612965281.0,-0.21,-0.14,-15.02,-5.99
1822,600420,国药现代,8.8,1.97,0.17,214685.0,190878905.0,2.67,9.0,8.77,8.87,8.63,2.02,1.6,21.32,0.86,11802319690.0,11802319690.0,0.0,0.0,-0.79,-11.11
1823,600586,金晶科技,4.14,1.97,0.08,114659.0,47173536.0,2.22,4.15,4.06,4.06,4.06,0.82,0.81,-9.4,1.16,5867778078.0,5867778078.0,0.0,0.0,-22.47,-26.47
1824,300125,聆达股份,8.29,1.97,0.16,65490.0,54480268.08,2.83,8.42,8.19,8.26,8.13,0.72,1.82,-170.3,5.28,5519896392.0,2991117818.0,-0.24,-0.12,-24.08,8.65
1825,601038,一拖股份,12.93,1.97,0.25,64124.0,82461249.0,2.37,12.96,12.66,12.75,12.68,0.98,0.88,6.46,1.82,14528733406.0,9460949206.0,0.15,0.0,0.78,-7.44
1826,002228,合兴包装,3.11,1.97,0.06,164410.0,50829567.0,1.97,3.12,3.06,3.06,3.05,0.86,1.36,23.18,1.28,3773629306.0,3760990515.0,-0.32,-0.32,-6.89,-30.43
1827,301584,建发致新,23.3,1.97,0.45,44274.0,103943588.74,3.94,23.92,23.02,23.2,22.85,0.62,8.24,33.17,4.52,9816022260.0,1251542841.0,-0.04,-0.09,2.6,-19.71
1828,600180,*ST瑞茂,1.55,1.97,0.03,144358.0,22006190.0,3.95,1.55,1.49,1.5,1.52,0.69,1.33,-1.39,0.39,1684272569.0,1684272569.0,0.0,1.31,21.09,-55.71
1829,300514,友讯达,9.83,1.97,0.19,22524.0,22139446.08,2.8,9.93,9.66,9.69,9.64,1.02,1.41,-15.25,1.97,1966000000.0,1575339335.0,-0.3,-0.1,-12.0,-25.02
1830,300796,贝斯美,6.73,1.97,0.13,38307.0,25731859.0,2.58,6.79,6.62,6.62,6.6,1.08,1.06,204.99,1.42,2430491529.0,2430491529.0,0.0,0.15,-10.27,-22.38
1831,002375,亚厦股份,3.65,1.96,0.07,135671.0,49277866.72,2.51,3.67,3.58,3.6,3.58,0.94,1.02,18.62,0.6,4890987218.0,4858137083.0,0.0,0.27,-8.06,-0.54
1832,688058,宝兰德,22.88,1.96,0.44,8321.0,19044426.0,3.16,23.18,22.47,22.49,22.44,0.91,1.1,-12.57,2.82,1735140127.0,1735140127.0,0.0,0.18,-13.27,-15.98
1833,300599,雄塑科技,11.95,1.96,0.23,71345.0,85199550.0,3.41,12.1,11.7,11.92,11.72,0.84,3.79,33.17,2.23,4279672226.0,2247010984.0,-0.17,-0.08,-5.53,48.45
1834,603968,醋化股份,10.42,1.96,0.2,19372.0,20128572.0,2.64,10.48,10.21,10.21,10.22,0.97,0.95,-29.39,1.22,2130681600.0,2130681600.0,-0.19,-0.1,-18.91,-6.71
1835,000607,华媒控股,3.64,1.96,0.07,102905.0,37226539.2,2.24,3.65,3.57,3.61,3.57,0.86,1.16,-33.98,3.12,3704422212.0,3221521736.0,0.55,0.0,0.83,-12.29
1836,603790,雅运股份,24.47,1.96,0.47,76073.0,183295798.0,6.79,24.83,23.2,23.48,24.0,1.03,3.98,31.97,3.66,4682579200.0,4682579200.0,-0.16,-0.12,-13.1,26.39
1837,301578,辰奕智能,22.92,1.96,0.44,10079.0,23114744.74,2.4,23.2,22.66,22.98,22.48,0.78,3.35,-138.39,2.67,2427938703.0,690370340.0,-0.09,0.0,-8.47,-11.13
1838,002075,沙钢股份,3.65,1.96,0.07,249853.0,91118995.0,2.51,3.69,3.6,3.6,3.58,0.8,1.14,38.97,1.22,8007462874.0,8007450008.0,0.0,0.0,-8.29,-36.3
1839,601998,中信银行,8.32,1.96,0.16,864406.0,711320979.0,3.92,8.35,8.03,8.05,8.16,1.6,0.21,5.76,0.63,462967750036.0,339148154068.0,0.12,0.12,14.13,10.79
1840,300860,锋尚文化,27.05,1.96,0.52,13153.0,35606221.32,2.68,27.31,26.6,26.9,26.53,0.62,1.2,262.68,1.65,5097592057.0,2959727388.0,-0.48,-0.41,6.08,1.73
1841,002778,中晟高科,15.63,1.96,0.3,17935.0,28032332.8,3.0,15.85,15.39,15.51,15.33,0.98,1.45,-86.26,6.08,1949894079.0,1929191206.0,0.19,0.19,-20.94,-26.06
1842,600278,东方创业,6.23,1.96,0.12,33507.0,20811682.0,2.45,6.25,6.1,6.11,6.11,0.93,0.39,37.63,0.71,5361031233.0,5361031233.0,0.16,0.0,-5.32,-17.26
1843,002496,辉丰股份,2.09,1.95,0.04,217266.0,45125679.0,2.93,2.11,2.05,2.08,2.05,0.89,1.84,1362.6,2.83,3150862425.0,2468809365.0,0.48,0.0,-20.53,13.59
1844,301456,盘古智能,22.96,1.95,0.44,9095.0,20920248.0,2.93,23.24,22.58,22.58,22.52,0.89,1.33,49.26,1.57,3491970902.0,1573950200.0,-0.26,-0.17,-21.37,-26.65
1845,002490,山东墨龙,7.85,1.95,0.15,521935.0,411651179.99,4.94,8.08,7.7,7.83,7.7,0.85,9.63,289.43,12.83,6464685380.0,4252517700.0,0.0,0.13,1.55,20.77
1846,300969,恒帅股份,72.18,1.95,1.38,20206.0,145223880.32,4.17,73.5,70.55,72.4,70.8,0.89,2.58,73.75,6.81,11846171206.0,5649911082.0,0.01,-0.12,-36.58,-18.08
1847,000709,河钢股份,2.09,1.95,0.04,844005.0,175418341.61,2.44,2.1,2.05,2.05,2.05,1.32,0.82,16.72,0.42,21604583082.0,21601011912.0,0.48,-0.48,-3.24,-7.93
1848,002386,天原股份,5.76,1.95,0.11,116249.0,66880193.4,2.12,5.79,5.67,5.69,5.65,0.97,0.89,24.48,0.98,7497487140.0,7496090133.0,-0.17,0.0,0.0,6.08
1849,603018,华设集团,5.24,1.95,0.1,62701.0,32702641.0,2.14,5.25,5.14,5.15,5.14,0.93,0.77,15.76,0.8,4292334089.0,4292334089.0,0.19,0.0,-9.03,-16.16
1850,603871,嘉友国际,12.53,1.95,0.24,109300.0,136479847.0,3.82,12.7,12.23,12.29,12.29,1.28,0.8,13.08,2.85,17141148485.0,17141148485.0,0.08,0.0,3.47,-8.87
1851,300573,兴齐眼药,40.88,1.95,0.78,96296.0,396955901.09,2.84,41.7,40.56,40.77,40.1,1.22,3.54,17.57,7.48,14509038601.0,11119262951.0,-0.17,0.0,1.72,-14.46
1852,300218,安利股份,12.56,1.95,0.24,17150.0,21474110.0,1.7,12.59,12.38,12.38,12.32,0.7,0.79,121.59,1.8,2725356720.0,2716431509.0,0.32,0.08,-6.69,-21.45
1853,300752,隆利科技,10.96,1.95,0.21,141755.0,158003358.3,8.0,11.66,10.8,11.2,10.75,1.07,6.35,56.76,2.81,3538649479.0,2445964791.0,-0.36,-0.36,-26.98,-15.43
1854,000950,重药控股,5.77,1.94,0.11,745108.0,433012444.42,3.36,5.9,5.71,5.87,5.66,0.95,4.35,14.47,0.85,9882729614.0,9882729614.0,-0.17,-0.17,-1.03,0.17
1855,300993,玉马科技,9.99,1.94,0.19,23994.0,23866447.56,2.14,10.02,9.81,9.86,9.8,1.08,0.99,27.62,2.0,3078230688.0,2416134887.0,0.0,0.1,-8.77,-31.2
1856,300674,宇信科技,15.24,1.94,0.29,92783.0,140798086.77,2.41,15.34,14.98,15.1,14.95,0.7,1.32,58.82,2.43,10729829594.0,10713901661.0,-0.07,0.13,-11.55,-36.39
1857,688046,药康生物,36.7,1.94,0.7,306251.0,1129857924.0,9.78,38.8,35.28,37.55,36.0,1.4,7.47,67.92,6.63,15053833540.0,15053833540.0,0.08,-0.38,80.43,141.92
1858,300096,ST易联众,9.48,1.94,0.18,37398.0,35372034.0,3.01,9.57,9.29,9.31,9.3,0.7,0.87,-36.61,12.23,4076400000.0,4076400000.0,0.0,0.0,5.45,27.59
1859,002362,汉王科技,15.74,1.94,0.3,23610.0,37127560.69,2.78,15.89,15.46,15.64,15.44,0.83,1.14,-22.76,4.24,3847716128.0,3267528490.0,0.13,0.0,-8.54,-27.26
1860,001282,三联锻造,15.8,1.94,0.3,15037.0,23790249.0,2.39,15.98,15.61,15.77,15.5,0.71,0.98,32.06,2.15,3510532480.0,2413089760.0,-0.19,-0.25,-15.69,-25.61
1861,301429,森泰股份,17.34,1.94,0.33,12717.0,22015918.73,2.47,17.45,17.03,17.03,17.01,1.06,2.89,32.28,1.53,2049934800.0,763324331.0,0.0,-0.34,-16.35,-7.27
1862,601933,永辉超市,3.16,1.94,0.06,1042446.0,326581072.0,2.58,3.17,3.09,3.12,3.1,0.69,1.17,24.58,13.18,28203117441.0,28203117441.0,-0.32,-0.32,-15.73,-32.62
1863,688486,龙迅股份,44.21,1.94,0.84,31431.0,139119248.0,5.0,45.17,43.0,43.69,43.37,0.59,1.68,54.24,5.61,8261576150.0,8261184361.0,0.0,0.11,-22.97,-15.53
1864,000065,北方国际,8.93,1.94,0.17,125426.0,112071302.42,2.63,9.02,8.79,8.79,8.76,0.87,1.18,23.47,0.94,10371678480.0,9510615857.0,-0.22,-0.33,-27.75,-27.52
1865,300441,鲍斯股份,6.85,1.93,0.13,63414.0,43061727.56,2.08,6.87,6.73,6.75,6.72,0.6,1.01,54.78,1.78,4414248696.0,4287648318.0,0.0,-0.29,11.02,-8.54
1866,600537,*ST亿晶,2.11,1.93,0.04,157166.0,32942064.0,2.42,2.12,2.07,2.09,2.07,0.86,1.33,-9.54,-17.18,2497638688.0,2497638688.0,-0.47,-0.47,-30.59,-49.28
1867,301032,新柴股份,10.06,1.93,0.19,28066.0,28128941.0,2.53,10.13,9.88,9.9,9.87,0.96,1.76,29.96,1.95,2425802004.0,1608320117.0,0.1,0.1,-13.28,-15.46
1868,603321,梅轮电梯,6.35,1.93,0.12,34830.0,22034777.0,2.09,6.38,6.25,6.28,6.23,1.04,1.01,84.16,1.55,2215448128.0,2187984378.0,-0.31,-0.31,-3.79,-20.53
1869,000561,烽火电子,7.39,1.93,0.14,75767.0,55533640.0,2.34,7.39,7.22,7.29,7.25,1.01,0.98,-30.0,2.2,6385094779.0,5736467990.0,0.27,0.14,-11.07,-39.53
1870,603717,天域生物,6.35,1.93,0.12,111311.0,70279908.0,3.53,6.45,6.23,6.24,6.23,0.9,3.84,-43.79,4.82,1842428624.0,1842428624.0,0.16,0.32,-5.22,-19.01
1871,300269,联建光电,4.76,1.93,0.09,105263.0,49973844.0,2.78,4.79,4.66,4.71,4.67,0.77,2.0,-37.76,31.34,2603604946.0,2502071761.0,0.0,0.21,-13.61,-27.44
1872,605001,威奥股份,5.82,1.93,0.11,192936.0,115150570.0,9.28,6.28,5.75,5.75,5.71,4.28,4.91,46.83,0.85,2286596520.0,2286596520.0,0.52,0.69,-9.77,-22.71
1873,002021,中捷资源,2.64,1.93,0.05,258159.0,68060187.17,2.7,2.66,2.59,2.62,2.59,1.03,2.16,-133.81,5.15,3156060133.0,3155956032.0,0.0,-0.38,-5.71,6.88
1874,002033,丽江股份,8.96,1.93,0.17,146775.0,131280722.0,2.28,9.02,8.82,8.82,8.79,0.81,2.67,18.55,1.97,4923436771.0,4923342422.0,0.0,0.11,4.07,1.82
1875,600249,两面针,5.27,1.93,0.1,64964.0,34217109.0,2.51,5.3,5.17,5.2,5.17,0.85,1.18,-18.93,1.37,2898500000.0,2898500000.0,-0.19,0.0,-1.31,-8.35
1876,301300,远翔新材,32.23,1.93,0.61,6145.0,19755439.2,2.66,32.47,31.63,31.63,31.62,0.71,1.57,41.61,2.56,2108776670.0,1259379611.0,0.22,-0.22,-11.26,-23.28
1877,600751,海航科技,3.17,1.93,0.06,282778.0,89586949.0,2.57,3.19,3.11,3.12,3.11,1.08,1.1,176.17,1.22,9190900772.0,8157009295.0,0.0,0.0,-5.37,-16.8
1878,600322,津投城开,2.66,1.92,0.05,163440.0,43349034.0,3.45,2.69,2.6,2.6,2.61,0.82,1.48,6432.12,38.67,2941162000.0,2941162000.0,0.0,-0.37,8.57,14.16
1879,301355,南王科技,10.1,1.92,0.19,20880.0,21038312.36,3.94,10.17,9.78,9.92,9.91,0.98,1.49,258.39,1.34,1970489073.0,1411151073.0,-0.2,-0.3,-10.93,-24.17
1880,002370,亚太药业,5.83,1.92,0.11,373949.0,220512935.86,3.32,5.98,5.79,5.89,5.72,0.51,5.02,-420.02,3.89,4347241700.0,4346979350.0,-0.17,-0.17,3.55,-20.25
1881,600006,东风股份,5.31,1.92,0.1,133015.0,70394425.0,2.5,5.35,5.22,5.22,5.21,1.16,0.67,12.92,1.33,10620000000.0,10620000000.0,-0.19,-0.19,-13.94,-26.04
1882,002769,普路通,6.9,1.92,0.13,59918.0,41165570.0,3.55,6.96,6.72,6.83,6.77,1.16,1.61,172.68,2.2,2575894573.0,2573770587.0,0.0,0.0,-11.31,-41.18
1883,600050,中国联通,4.25,1.92,0.08,1890004.0,794590955.0,2.88,4.26,4.14,4.15,4.17,1.25,0.61,16.05,0.78,132873807640.0,131709238896.0,0.0,0.0,-1.85,-16.01
1884,600081,东风科技,10.1,1.92,0.19,18655.0,18759605.0,2.12,10.11,9.9,9.93,9.91,0.5,0.34,35.0,1.21,5585564317.0,5585564317.0,0.3,0.1,-9.17,-14.55
1885,603535,嘉诚国际,6.37,1.92,0.12,42417.0,26923443.0,2.88,6.4,6.22,6.25,6.25,0.55,0.83,44.17,1.32,3254549768.0,3254549768.0,0.16,0.31,-14.84,-40.41
1886,300800,力合科技,10.08,1.92,0.19,25761.0,25880174.0,2.43,10.13,9.89,9.98,9.89,1.02,1.1,39.99,1.17,2386530720.0,2361809520.0,0.2,0.1,-8.53,-12.58
1887,000633,合金投资,5.3,1.92,0.1,64045.0,34052346.0,3.08,5.4,5.24,5.25,5.2,0.88,1.66,430.51,10.19,2041063777.0,2041063777.0,0.19,0.19,-8.3,-26.49
1888,002967,广电计量,17.51,1.92,0.33,35759.0,62659980.0,2.5,17.7,17.27,17.32,17.18,0.77,0.59,165.37,2.32,11199766372.0,10573758184.0,-0.11,-0.06,-18.71,-19.75
1889,688228,开普云,74.68,1.92,1.41,14693.0,109628514.0,4.49,75.97,72.68,74.33,73.27,0.44,2.18,-149.6,4.04,5044690757.0,5044690757.0,-0.16,0.05,-22.6,-61.63
1890,603633,徕木股份,6.36,1.92,0.12,66330.0,42140530.0,2.4,6.43,6.28,6.32,6.24,0.79,1.55,-18.95,1.56,2714516802.0,2714516802.0,0.0,0.32,-27.65,-37.22
1891,002573,清新环境,3.19,1.92,0.06,135256.0,42911251.0,1.92,3.19,3.13,3.14,3.13,0.42,0.96,52.33,0.82,4514701982.0,4507480141.0,0.0,0.63,-5.34,-14.71
1892,688700,东威科技,57.22,1.92,1.08,106788.0,611781456.0,4.77,58.3,55.62,57.22,56.14,0.72,3.58,86.13,8.81,17074525819.0,17074525819.0,-0.09,0.05,-34.18,63.11
1893,688652,京仪装备,145.04,1.92,2.73,57053.0,827407656.0,4.78,148.8,142.0,144.82,142.31,0.99,4.72,131.16,10.94,24366720000.0,17513580000.0,-0.11,-0.21,0.17,47.71
1894,603836,海程邦达,9.02,1.92,0.17,25650.0,22979445.0,2.49,9.02,8.8,8.9,8.85,0.89,0.92,53.55,1.52,2581608175.0,2515942575.0,0.11,0.22,-1.2,-7.2
1895,603825,ST华扬,7.98,1.92,0.15,13359.0,10588945.0,2.43,8.0,7.81,7.81,7.83,0.64,0.53,-21.21,64.91,2021625685.0,2021625685.0,0.38,0.5,-0.87,-11.92
1896,002813,路畅科技,20.3,1.91,0.38,13629.0,27524502.3,2.51,20.38,19.88,20.19,19.92,0.88,1.14,-55.31,12.02,2436000000.0,2433808737.0,-0.15,0.1,-11.89,-30.07
1897,002140,东华科技,9.07,1.91,0.17,48141.0,43582865.56,2.13,9.1,8.91,8.91,8.9,0.82,0.68,12.95,1.32,6421685819.0,6412479796.0,0.0,0.0,-9.75,-17.99
1898,920866,绿亨科技,6.41,1.91,0.12,61942.0,39476592.39,5.88,6.55,6.18,6.22,6.29,1.08,5.43,37.54,1.52,1155119819.0,731459837.0,0.16,-0.16,-1.84,-20.47
1899,002660,茂硕电源,7.48,1.91,0.14,51439.0,38430508.26,2.59,7.55,7.36,7.43,7.34,1.04,1.49,-43.82,2.68,2667562622.0,2590714217.0,-0.13,0.0,-6.03,-18.78
1900,000906,浙商中拓,5.33,1.91,0.1,47483.0,25143654.0,2.29,5.35,5.23,5.24,5.23,0.89,0.68,5.06,0.78,3782504744.0,3737607942.0,0.0,-0.19,-14.58,-7.94
1901,603529,爱玛科技,21.35,1.91,0.4,57997.0,123399481.0,3.01,21.46,20.83,20.9,20.95,1.43,0.68,23.52,1.96,18451696679.0,18163852413.0,0.09,0.09,3.84,-26.78
1902,000568,泸州老窖,86.11,1.91,1.61,79593.0,681214546.53,1.98,86.33,84.66,85.0,84.5,0.73,0.54,8.54,2.81,126745434979.0,126672988397.0,-0.02,0.01,-6.38,-25.03
1903,300321,同大股份,32.61,1.91,0.61,19782.0,64476805.84,3.66,33.1,31.93,32.57,32.0,0.66,2.23,1529.57,4.59,2895768000.0,2892373299.0,0.09,0.0,-21.16,-27.92
1904,688178,万德斯,28.74,1.91,0.54,16878.0,48228363.0,4.47,29.44,28.18,28.36,28.2,1.18,1.99,53.76,2.63,2442838037.0,2442838037.0,0.0,-0.14,-11.62,19.6
1905,002583,海能达,8.02,1.91,0.15,160169.0,128190586.63,2.67,8.07,7.86,7.9,7.87,0.91,1.25,-117.35,7.16,14585327436.0,10287421658.0,-0.12,0.0,-6.53,-29.15
1906,300230,永利股份,4.28,1.9,0.08,74337.0,31752241.34,1.9,4.3,4.22,4.24,4.2,0.97,1.18,21.25,1.11,3480553527.0,2695640296.0,0.23,0.0,-9.51,-6.96
1907,000757,浩物股份,4.29,1.9,0.08,75525.0,32141967.0,2.38,4.3,4.2,4.22,4.21,0.79,1.42,69.03,1.42,2285352048.0,2285352048.0,0.0,0.47,3.87,-11.91
1908,300747,锐科激光,35.38,1.9,0.66,140930.0,499878004.3,4.09,36.15,34.73,35.23,34.72,0.75,2.7,62.72,5.61,19869408000.0,18467578810.0,-0.14,-0.06,-2.18,31.23
1909,003016,欣贺股份,6.99,1.9,0.13,33299.0,23089535.0,2.19,7.0,6.85,6.93,6.86,0.91,0.81,40.72,1.09,2939446068.0,2872071066.0,0.0,0.14,-4.9,-27.86
1910,300978,东箭科技,8.56,1.9,0.16,31829.0,27259763.0,2.26,8.62,8.43,8.45,8.4,0.94,1.11,28.31,2.35,3618335446.0,2457483715.0,0.23,0.0,-12.92,-29.78
1911,301587,中瑞股份,20.92,1.9,0.39,18804.0,39215245.0,2.34,21.03,20.55,20.94,20.53,0.81,2.56,51.13,1.54,3082102597.0,1536637597.0,0.1,-0.05,-24.72,-10.6
1912,600104,上汽集团,10.18,1.9,0.19,429155.0,433985207.0,2.1,10.19,9.98,9.99,9.99,1.25,0.37,9.67,0.39,117021924991.0,117021924991.0,0.0,0.1,-14.17,-31.95
1913,603879,永悦科技,5.35,1.9,0.1,62621.0,33380073.0,2.29,5.38,5.26,5.29,5.25,0.76,1.74,-76.6,8.3,1922492754.0,1922492754.0,-0.19,0.0,2.69,-24.44
1914,300918,南山智尚,10.21,1.9,0.19,39557.0,40390825.19,2.79,10.32,10.04,10.11,10.02,0.78,0.78,41.96,1.34,5167632500.0,5167632500.0,-0.2,-0.2,-23.64,-44.96
1915,603326,我乐家居,6.99,1.9,0.13,50639.0,35243188.0,2.62,7.04,6.86,6.94,6.86,0.94,1.59,61.91,2.01,2231046741.0,2231046741.0,-0.14,-0.14,-6.68,-19.19
1916,000983,山西焦煤,6.99,1.9,0.13,773826.0,537873947.46,3.35,7.03,6.8,6.83,6.86,1.36,1.36,12.28,1.09,39682936402.0,39682692976.0,0.0,0.14,7.54,10.43
1917,603787,新日股份,10.17,1.9,0.19,21939.0,22217714.0,2.0,10.19,9.99,9.99,9.98,0.78,0.95,23.24,1.54,2340562344.0,2340562344.0,0.2,0.3,-1.55,-27.15
1918,688558,国盛智科,32.2,1.9,0.6,9311.0,29978812.0,3.35,32.64,31.58,31.83,31.6,0.62,0.71,25.89,2.56,4250400000.0,4250400000.0,0.22,0.22,-8.83,14.22
1919,600616,金枫酒业,4.31,1.89,0.08,61952.0,26597455.0,1.65,4.32,4.25,4.25,4.23,0.59,0.93,595.1,1.52,2883411335.0,2883411335.0,0.0,0.0,-4.01,-18.83
1920,688232,新点软件,18.37,1.89,0.34,18430.0,33804352.0,2.72,18.52,18.03,18.18,18.03,0.86,0.57,-61.53,1.11,5914808881.0,5914808881.0,0.11,-0.38,-10.08,-25.69
1921,300810,中科海讯,23.66,1.89,0.44,13628.0,32251348.0,3.32,23.93,23.16,23.29,23.22,0.89,1.2,-49.84,3.64,2793063000.0,2697345879.0,0.0,0.0,-15.68,-38.16
1922,600776,东方通信,12.38,1.89,0.23,102803.0,127124088.0,2.72,12.51,12.18,12.28,12.15,0.84,1.08,90.09,4.15,15549280792.0,11835280792.0,-0.16,-0.32,-18.18,-24.74
1923,300140,节能环境,5.38,1.89,0.1,98424.0,52931766.0,2.08,5.41,5.3,5.3,5.28,0.77,0.32,14.19,1.15,16672980546.0,16652530693.0,0.0,-0.19,-9.43,-19.82
1924,002544,普天科技,16.15,1.89,0.3,107470.0,172943353.1,3.91,16.42,15.8,16.08,15.85,0.8,1.58,-165.82,2.96,10990622324.0,10989563949.0,0.94,0.94,-28.63,-53.15
1925,002360,ST同德,5.41,1.88,0.1,25761.0,13946357.0,3.39,5.49,5.31,5.31,5.31,0.65,0.79,-48.96,2.36,2173598682.0,1761061674.0,0.0,0.19,-7.36,11.78
1926,300277,汽轮科技,11.92,1.88,0.22,85653.0,102478690.56,2.39,12.1,11.82,11.98,11.7,0.75,1.12,53.25,1.79,18077802351.0,9124143569.0,-0.08,-0.25,-27.23,-8.52
1927,002273,水晶光电,27.13,1.88,0.5,354106.0,957504367.08,3.72,27.62,26.63,27.13,26.63,0.73,2.59,38.24,3.8,37727852156.0,37061787758.0,-0.04,0.15,-35.17,8.87
1928,603010,万盛股份,11.9,1.88,0.22,101101.0,120912703.0,5.31,12.23,11.61,11.86,11.68,0.97,1.77,123.87,2.69,6961860487.0,6792261687.0,0.0,0.08,-22.83,13.23
1929,002917,金奥博,10.27,1.88,0.19,26109.0,26856903.0,2.48,10.36,10.11,10.11,10.08,0.8,1.0,23.26,2.1,3569997803.0,2675794387.0,-0.1,-0.19,-27.37,-22.37
1930,300074,华平股份,3.8,1.88,0.07,120471.0,45577929.0,2.68,3.82,3.72,3.75,3.73,0.84,2.19,-164.14,2.45,2091168880.0,2089387630.0,0.26,0.0,-11.42,-17.57
1931,002530,金财互联,7.04,1.88,0.13,84788.0,59512636.17,2.17,7.07,6.92,6.98,6.91,0.48,1.22,85.08,4.13,5485555152.0,4893668271.0,-0.14,-0.28,-10.89,-34.51
1932,605128,上海沿浦,23.33,1.88,0.43,52891.0,125010395.0,5.28,24.3,23.09,23.33,22.9,0.77,1.68,39.48,3.35,7325310714.0,7325310714.0,0.04,-0.04,2.59,-5.16
1933,300160,秀强股份,4.34,1.88,0.08,65128.0,28351208.0,2.58,4.38,4.27,4.3,4.26,1.1,0.85,22.4,1.28,3354586907.0,3307772304.0,-0.46,-0.23,-9.01,-19.18
1934,002628,成都路桥,4.9,1.87,0.09,181795.0,88096781.36,2.91,4.92,4.78,4.84,4.81,0.42,2.41,68.84,1.31,3709792034.0,3693545530.0,0.41,0.2,-5.77,19.22
1935,300904,威力传动,40.95,1.87,0.75,4704.0,19173773.0,3.53,41.5,40.08,41.5,40.2,0.69,1.36,-29.75,5.07,2964093350.0,1416183350.0,0.0,0.1,-23.44,-34.6
1936,601828,美凯龙,2.18,1.87,0.04,350460.0,75808876.0,2.8,2.19,2.13,2.14,2.14,0.92,0.97,49.77,0.42,9491039563.0,7875036881.0,0.0,0.0,-9.17,-19.26
1937,600819,耀皮玻璃,5.45,1.87,0.1,50625.0,27368226.0,2.62,5.47,5.33,5.35,5.35,0.76,0.64,55.01,1.38,5323326048.0,4301451037.0,0.0,0.0,-19.85,-32.47
1938,000050,深天马Ａ,6.53,1.87,0.12,211023.0,137346890.74,2.18,6.56,6.42,6.48,6.41,0.84,0.87,-28.57,0.59,15905614661.0,15905489775.0,0.0,0.0,-20.56,-27.69
1939,000735,罗 牛 山,5.98,1.87,0.11,1717629.0,994518903.72,12.61,6.24,5.5,5.82,5.87,1.89,14.92,-10.37,1.67,6886051196.0,6882367152.0,-0.17,-0.33,6.79,-33.63
1940,000726,鲁  泰Ａ,5.98,1.87,0.11,74777.0,44461430.51,1.87,5.98,5.87,5.9,5.87,1.9,1.27,13.04,0.51,4888803130.0,3524232121.0,0.17,0.17,3.82,-14.2
1941,300031,宝通科技,21.26,1.87,0.39,127393.0,271616073.01,2.25,21.55,21.08,21.26,20.87,0.89,3.62,20.11,2.2,8902554736.0,7481434224.0,-0.05,0.0,-13.26,-6.05
1942,300770,新媒股份,34.38,1.87,0.63,22831.0,78381668.9,2.9,34.58,33.6,33.79,33.75,1.38,1.0,13.68,2.2,7833090759.0,7833090759.0,-0.03,0.0,-1.77,-17.57
1943,002912,中新赛克,19.02,1.87,0.35,31230.0,59315812.2,2.41,19.17,18.72,18.88,18.67,0.86,1.93,-9.9,2.07,3247703040.0,3085457419.0,0.05,0.0,-13.11,-36.05
1944,002510,天汽模,5.46,1.87,0.1,139127.0,76008350.0,2.05,5.51,5.4,5.4,5.36,0.83,1.38,94.35,2.19,5542657346.0,5486464325.0,0.0,-0.18,-20.18,-25.51
1945,002458,益生股份,9.24,1.87,0.17,402499.0,371554723.48,2.43,9.33,9.11,9.15,9.07,0.63,4.16,21.5,2.99,13224223680.0,8929402722.0,0.0,0.0,12.55,45.97
1946,300980,祥源新材,21.81,1.87,0.4,45589.0,99513421.0,3.41,22.24,21.51,21.71,21.41,0.95,4.64,43.47,2.16,3011201968.0,2144826981.0,0.05,0.14,-23.45,-32.75
1947,300575,中旗股份,6.03,1.86,0.11,245220.0,150384718.18,7.6,6.4,5.95,5.95,5.92,1.03,7.08,29.22,1.44,2885870264.0,2088319947.0,0.17,0.17,-2.11,3.43
1948,300626,华瑞股份,30.68,1.86,0.56,42470.0,130916957.8,3.78,31.4,30.26,30.58,30.12,0.7,2.36,202.74,10.44,5522400000.0,5519378787.0,-0.26,-0.16,-27.13,93.08
1949,002188,中天服务,5.49,1.86,0.1,178965.0,97839880.23,5.19,5.56,5.28,5.47,5.39,1.75,6.95,71.02,4.98,1795800213.0,1412922908.0,0.0,-0.36,-12.86,-9.7
1950,301586,佳力奇,31.25,1.86,0.57,5758.0,17963316.0,2.61,31.46,30.66,31.0,30.68,0.81,1.09,172.88,2.01,2592984469.0,1653470938.0,0.13,0.16,-18.51,-37.57
1951,301600,慧翰股份,83.8,1.86,1.53,8291.0,69459380.98,3.23,84.94,82.28,82.87,82.27,1.14,2.57,53.41,7.19,8759069300.0,2703262300.0,0.0,-0.04,-17.58,-35.19
1952,605169,洪通燃气,10.97,1.86,0.2,79226.0,88352680.0,6.87,11.49,10.75,10.75,10.77,1.72,2.8,176.81,1.58,3103193600.0,3103193600.0,0.0,0.09,-6.56,-15.49
1953,600615,鑫源智造,9.31,1.86,0.17,18175.0,16973959.0,2.41,9.43,9.21,9.3,9.14,1.0,0.81,-125.63,2.91,2100565119.0,2097226926.0,0.0,-0.21,-12.09,-16.73
1954,002623,亚玛顿,15.31,1.86,0.28,25414.0,38801423.0,2.33,15.42,15.07,15.23,15.03,0.7,1.32,-19.07,1.11,2955787074.0,2949259273.0,0.26,0.2,-22.32,-13.55
1955,603496,恒为科技,24.14,1.86,0.44,92669.0,222587084.0,2.03,24.2,23.72,23.9,23.7,0.34,2.89,332.21,5.57,7729851126.0,7729851126.0,0.0,0.21,0.84,-11.45
1956,300973,立高食品,25.17,1.86,0.46,33329.0,83093813.29,2.63,25.19,24.54,24.8,24.71,0.64,2.81,16.65,1.75,4262304060.0,2984249940.0,0.08,0.12,-8.24,-40.79
1957,603170,宝立食品,12.59,1.86,0.23,34970.0,43608204.0,2.27,12.59,12.31,12.39,12.36,1.16,0.87,19.2,3.53,5036125900.0,5036125900.0,0.16,0.24,3.96,-9.94
1958,301321,翰博高新,37.32,1.86,0.68,59591.0,223950565.6,8.54,39.01,35.88,36.48,36.64,1.01,4.04,377.24,7.13,6957754200.0,5509024044.0,0.03,0.08,18.29,95.91
1959,688510,航亚科技,23.51,1.86,0.43,57984.0,137092548.0,8.1,24.38,22.51,23.01,23.08,0.93,2.23,59.56,5.03,6110780514.0,6110780514.0,0.13,0.04,-13.63,-11.95
1960,300135,宝利国际,3.28,1.86,0.06,121349.0,39633974.6,2.48,3.3,3.22,3.25,3.22,0.81,1.32,85.77,3.49,3022848000.0,3022848000.0,0.0,0.0,-6.02,-16.96
1961,300711,广哈通信,16.99,1.86,0.31,51620.0,87314383.73,2.7,17.06,16.61,16.76,16.68,0.54,2.08,-143.56,3.22,4764567408.0,4220752541.0,0.12,0.06,-13.32,-26.19
1962,300382,斯莱克,15.86,1.86,0.29,215819.0,342850027.85,4.37,16.28,15.6,15.96,15.57,0.73,3.33,-117.7,4.52,10283623905.0,10282644201.0,-0.13,-0.06,-7.63,1.93
1963,605388,均瑶健康,6.05,1.85,0.11,150465.0,90660467.0,2.69,6.09,5.93,5.94,5.94,0.64,2.51,104.82,2.36,3632928200.0,3632928200.0,-0.17,0.33,-2.42,-18.68
1964,600880,博瑞传播,3.85,1.85,0.07,125885.0,48331803.0,2.12,3.87,3.79,3.79,3.78,0.74,1.15,150.59,1.4,4209328554.0,4208166174.0,0.0,-0.26,-11.9,-22.06
1965,300036,超图软件,11.04,1.85,0.2,77834.0,85780692.16,2.4,11.12,10.86,10.92,10.84,0.79,1.75,-32.38,2.07,5440143452.0,4913381289.0,-0.09,-0.18,-18.88,-39.11
1966,600436,片仔癀,129.65,1.85,2.35,51469.0,670642060.0,2.56,131.2,127.94,127.94,127.3,1.22,0.85,26.3,5.48,78220076277.0,78220076277.0,-0.01,0.0,5.83,-22.46
1967,600433,冠豪高新,3.3,1.85,0.06,249457.0,81844029.0,2.47,3.32,3.24,3.24,3.24,0.66,1.43,13.58,1.3,5775921469.0,5775921469.0,0.3,0.0,-25.68,0.61
1968,603190,亚通精工,16.53,1.85,0.3,16635.0,27501175.0,2.9,16.68,16.21,16.33,16.23,0.88,0.99,14.43,1.3,2882104680.0,2777040000.0,-0.12,-0.06,-11.32,-13.23
1969,301173,毓恬冠佳,31.94,1.85,0.58,7526.0,24162976.06,5.36,32.71,31.03,32.14,31.36,0.86,2.44,38.94,1.85,2805442618.0,984667368.0,0.0,-0.03,-11.79,-28.43
1970,605507,国邦医药,16.0,1.85,0.29,66773.0,107464738.0,2.93,16.25,15.79,15.79,15.71,1.06,0.85,18.34,1.49,12517646400.0,12517646400.0,0.0,0.0,4.17,-7.46
1971,301268,铭利达,13.2,1.85,0.24,26451.0,34760589.26,2.47,13.24,12.92,13.02,12.96,0.83,0.73,240.23,3.53,5291203025.0,4785467861.0,0.15,0.15,-26.63,-27.59
1972,002609,捷顺科技,7.69,1.85,0.14,47820.0,36664749.57,2.38,7.72,7.54,7.6,7.55,0.92,1.04,669.37,2.11,4948044687.0,3528632754.0,-0.13,0.0,-3.15,-16.5
1973,920992,中科美菱,11.6,1.84,0.21,8812.0,10238361.1,3.34,11.78,11.4,11.4,11.39,0.99,1.8,57.09,1.79,1122078834.0,568600483.0,0.61,0.26,-9.02,-32.95
1974,001259,利仁科技,46.02,1.84,0.83,12031.0,55777428.78,4.74,47.34,45.2,45.69,45.19,1.14,2.53,161.15,4.72,3386560626.0,2187997844.0,-0.04,-0.15,-38.38,53.96
1975,002404,嘉欣丝绸,6.1,1.84,0.11,58236.0,35383130.0,1.67,6.11,6.01,6.04,5.99,0.86,1.28,15.55,1.79,3416314400.0,2778814929.0,0.0,0.16,0.66,-9.09
1976,600644,乐山电力,8.87,1.84,0.16,158552.0,139916811.0,2.3,8.9,8.7,8.83,8.71,0.47,2.74,372.59,2.48,5129705656.0,5129705656.0,0.0,0.11,-21.23,-8.93
1977,605133,嵘泰股份,27.7,1.84,0.5,61027.0,166117874.0,3.68,27.79,26.79,27.5,27.2,0.64,2.16,44.22,2.08,7902121710.0,7814671702.0,-0.14,0.22,-27.49,-18.72
1978,688290,景业智能,66.86,1.83,1.2,13541.0,91415694.0,5.86,68.97,65.12,66.94,65.66,1.34,1.33,-273.1,5.4,6832404278.0,6832404278.0,-0.01,0.48,2.86,12.48
1979,600822,上海物贸,8.36,1.83,0.15,24697.0,20568668.0,2.07,8.39,8.22,8.28,8.21,0.92,0.62,176.33,3.34,4146333561.0,3311796511.0,0.12,0.0,-5.32,-21.94
1980,603088,宁波精达,8.88,1.83,0.16,47501.0,42077944.0,2.29,8.93,8.73,8.81,8.72,0.88,1.08,139.0,4.19,4461205138.0,3888301939.0,0.23,0.11,-16.85,-12.6
1981,002132,恒星科技,4.46,1.83,0.08,472328.0,210078787.7,2.74,4.5,4.38,4.44,4.38,0.74,3.38,27.59,1.8,6250889353.0,6240371393.0,0.45,0.22,-10.98,27.43
1982,002052,同洲电子,8.35,1.83,0.15,85387.0,70996333.0,2.8,8.44,8.21,8.24,8.2,0.65,1.24,242.17,22.56,6282871445.0,5756382744.0,-0.48,-0.48,-17.9,-34.51
1983,002523,天桥起重,3.34,1.83,0.06,165244.0,55089746.36,1.83,3.36,3.3,3.31,3.28,0.79,1.17,65.24,1.94,4731580272.0,4714552561.0,0.0,0.0,-4.02,-21.78
1984,605338,巴比食品,20.0,1.83,0.36,27356.0,54539416.0,3.77,20.36,19.62,20.03,19.64,0.97,1.14,25.37,2.28,4791333240.0,4791333240.0,0.0,0.0,-3.38,-33.6
1985,002613,北玻股份,3.34,1.83,0.06,176682.0,58942100.25,2.44,3.36,3.28,3.31,3.28,0.77,2.28,533.13,1.67,3675899431.0,2584064199.0,0.0,-0.3,-25.28,-10.22
1986,000999,华润三九,25.06,1.83,0.45,121946.0,306101536.61,2.15,25.47,24.94,24.95,24.61,1.32,0.73,12.47,1.82,41705299521.0,41667111715.0,0.0,0.08,4.68,-10.08
1987,600975,新五丰,5.0,1.83,0.09,135345.0,67278829.0,2.85,5.01,4.87,4.89,4.91,0.92,1.08,-4.14,3.5,6248308700.0,6248308700.0,0.0,0.2,-2.34,-15.11
1988,603566,普莱柯,10.6,1.83,0.19,35935.0,37963136.0,1.63,10.61,10.44,10.46,10.41,1.11,1.04,22.51,1.46,3668260094.0,3668260094.0,0.09,0.0,3.92,-11.89
1989,002353,杰瑞股份,153.25,1.83,2.75,171411.0,2612990770.16,4.55,155.45,148.6,152.76,150.5,0.71,2.48,65.6,6.74,156905906407.0,105906548761.0,0.47,0.34,8.87,118.52
1990,603969,银龙股份,7.23,1.83,0.13,298926.0,219253109.0,3.8,7.47,7.2,7.41,7.1,1.92,3.51,13.07,2.09,6301189374.0,6156733974.0,0.0,0.14,-10.19,-27.99
1991,000529,广弘控股,5.0,1.83,0.09,45241.0,22480699.8,2.65,5.04,4.91,4.93,4.91,0.89,0.79,-332.18,0.93,2918951650.0,2849421885.0,-0.2,0.0,0.6,-15.11
1992,600990,四创电子,17.8,1.83,0.32,28154.0,50259863.0,2.52,18.02,17.58,17.63,17.48,0.52,1.05,-20.88,3.1,4788425989.0,4788425989.0,0.0,-0.11,-9.51,-43.76
1993,002316,亚联发展,4.44,1.83,0.08,92738.0,40963518.0,2.98,4.47,4.34,4.37,4.36,0.93,2.72,305.5,22.29,1745452800.0,1513085400.0,0.0,0.0,-15.91,-6.13
1994,600168,武汉控股,4.48,1.82,0.08,94741.0,42241056.0,2.5,4.5,4.39,4.41,4.4,1.33,0.95,21.98,0.82,4450421109.0,4450421109.0,0.22,0.22,-3.66,-11.46
1995,600231,凌钢股份,1.68,1.82,0.03,108575.0,18213614.0,2.42,1.69,1.65,1.65,1.65,0.83,0.38,-2.52,1.35,4825066480.0,4765124080.0,0.0,0.0,-16.0,-21.5
1996,600998,九州通,5.04,1.82,0.09,446359.0,224015408.0,2.22,5.06,4.95,4.96,4.95,1.29,0.89,8.67,0.96,25414049979.0,25414049979.0,0.0,0.2,11.01,2.44
1997,603049,中策橡胶,50.45,1.82,0.9,32174.0,161801830.0,2.58,50.6,49.32,49.85,49.55,1.14,0.64,9.04,1.75,44117798419.0,25476254218.0,0.0,-0.04,10.44,-7.47
1998,688386,泛亚微透,51.93,1.82,0.93,19337.0,100382117.0,3.49,52.78,51.0,51.1,51.0,0.85,2.12,71.21,3.49,5172693189.0,4725630000.0,-0.1,0.44,-39.01,-40.48
1999,600479,千金药业,10.07,1.82,0.18,89485.0,89931297.0,2.12,10.13,9.92,9.94,9.89,1.4,2.14,16.52,1.7,4956554861.0,4214366668.0,0.0,0.1,1.61,2.97
2000,300802,矩子科技,22.35,1.82,0.4,47675.0,106203960.48,2.78,22.6,21.99,22.03,21.95,0.59,2.36,48.8,4.32,6349148999.0,4522739183.0,0.22,-0.04,-2.27,17.82
2001,920065,千岸科技,34.06,1.82,0.61,15291.0,51320828.57,3.56,34.25,33.06,33.87,33.45,0.71,9.71,14.79,2.76,3073915000.0,536445000.0,0.18,0.0,40.16,40.16
2002,002178,延华智能,4.48,1.82,0.08,115116.0,51406048.8,1.59,4.49,4.42,4.42,4.4,0.42,1.62,-139.97,7.38,3190445444.0,3188788548.0,0.0,0.45,-25.83,-29.89
2003,301338,凯格精机,96.66,1.82,1.73,43862.0,425457844.62,4.13,99.18,95.26,97.0,94.93,0.87,4.04,55.4,8.77,14398473600.0,10490993100.0,-0.14,0.04,-35.58,54.51
2004,600173,卧龙新能,6.16,1.82,0.11,59289.0,36498082.0,3.31,6.25,6.05,6.05,6.05,0.99,0.85,90.48,1.21,4315118463.0,4314564063.0,0.0,0.0,-18.95,-13.6
2005,002395,双象股份,12.28,1.82,0.22,26525.0,32463943.0,2.16,12.35,12.09,12.09,12.06,0.89,0.99,27.22,2.2,3293606520.0,3293321084.0,0.16,0.0,-12.66,-25.71
2006,301359,东南电子,16.8,1.82,0.3,17433.0,29183511.22,3.82,16.97,16.34,16.52,16.5,1.17,2.45,97.87,2.45,2018956800.0,1195270054.0,0.42,0.48,-22.26,-10.73
2007,301016,雷尔伟,11.83,1.81,0.21,27855.0,33006333.4,2.75,12.02,11.7,11.8,11.62,0.96,0.95,347.67,3.61,3624818778.0,3475937541.0,0.08,0.0,-29.42,-26.15
2008,002801,微光股份,27.01,1.81,0.48,10325.0,27732636.85,1.81,27.06,26.58,26.7,26.53,0.6,0.89,15.72,3.13,6202360320.0,3127830927.0,0.19,0.15,-17.9,-22.96
2009,003019,宸展光电,23.67,1.81,0.42,38423.0,91358446.98,5.33,24.47,23.23,23.72,23.25,0.75,2.22,37.8,2.56,4188462338.0,4093208932.0,-0.08,-0.08,-45.8,-28.23
2010,601113,华鼎股份,3.37,1.81,0.06,97045.0,32747857.0,3.32,3.41,3.3,3.3,3.31,1.22,0.88,131.03,0.96,4563493002.0,3720993002.0,0.0,-0.3,-18.0,-27.99
2011,603596,伯特利,25.3,1.81,0.45,87656.0,221384785.0,2.01,25.5,25.0,25.0,24.85,0.65,0.98,21.13,2.9,22710337540.0,22710337540.0,-0.04,-0.04,-26.82,-26.43
2012,003029,吉大正元,16.33,1.81,0.29,25688.0,41866752.0,2.43,16.45,16.06,16.15,16.04,0.67,1.46,-58.86,3.09,3161818307.0,2875696882.0,-0.06,-0.06,-15.56,-37.62
2013,600358,国旅联合,5.07,1.81,0.09,36836.0,18687620.0,2.01,5.12,5.02,5.03,4.98,0.85,0.73,-232.87,2.74,5897197924.0,2560028866.0,-0.2,-0.2,-13.92,-16.34
2014,600743,华远控股,2.26,1.8,0.04,265016.0,59315180.0,5.41,2.3,2.18,2.21,2.22,0.94,1.13,-136.84,9.57,5302187975.0,5302187975.0,0.0,0.0,-2.59,13.0
2015,600117,西宁特钢,2.26,1.8,0.04,123914.0,27825835.0,2.25,2.27,2.22,2.24,2.22,0.86,0.38,-7.28,2.14,7356559577.0,7356559577.0,-0.44,0.0,-1.31,-20.42
2016,300434,金石亚药,12.42,1.8,0.22,329600.0,414099384.0,4.59,12.81,12.25,12.66,12.2,0.94,9.63,10.75,1.89,4989658890.0,4249069679.0,0.08,-0.32,24.57,21.76
2017,300374,中铁装配,10.76,1.8,0.19,23457.0,25139236.0,2.46,10.81,10.55,10.56,10.57,0.95,0.95,-19.81,3.73,2646016746.0,2645705890.0,0.19,0.0,-11.59,-31.33
2018,002521,齐峰新材,6.78,1.8,0.12,48087.0,32587618.66,3.75,6.88,6.63,6.68,6.66,0.97,1.15,23.87,0.97,3797213919.0,2841996940.0,0.0,0.15,-11.14,-16.81
2019,601595,上海电影,16.42,1.8,0.29,42313.0,69257065.0,2.91,16.57,16.1,16.3,16.13,0.67,0.94,141.46,4.41,7359444000.0,7359444000.0,-0.18,-0.18,-24.95,-42.65
2020,600234,科新发展,21.53,1.8,0.38,21458.0,46428359.0,5.67,22.23,21.03,21.33,21.15,0.66,0.82,-911.81,12.55,5652076549.0,5652076549.0,0.0,0.05,-20.64,67.55
2021,003027,同兴科技,16.43,1.8,0.29,16031.0,26266601.0,1.86,16.5,16.2,16.2,16.14,1.05,1.53,51.76,1.27,2147782176.0,1722865704.0,0.0,0.06,-24.46,-25.32
2022,002996,顺博合金,6.21,1.8,0.11,56060.0,34685535.9,1.8,6.23,6.12,6.13,6.1,0.75,1.22,8.22,1.28,4157202752.0,2846524219.0,0.32,0.32,-8.54,-16.64
2023,688377,迪威尔,20.34,1.8,0.36,16367.0,33325231.0,4.05,20.71,19.9,20.36,19.98,0.84,0.7,69.28,2.54,4750839571.0,4750839571.0,0.39,-0.1,-31.74,-33.14
2024,002729,好利科技,13.56,1.8,0.24,32149.0,43679880.0,2.93,13.75,13.36,13.4,13.32,0.81,1.83,64.64,4.38,2481072115.0,2379252069.0,-0.07,-0.15,-30.25,-15.3
2025,000825,太钢不锈,3.41,1.79,0.06,318633.0,108172327.61,2.09,3.42,3.35,3.36,3.35,1.03,0.56,240.66,0.6,19424204984.0,19424204984.0,0.0,0.0,-12.11,-30.12
2026,601188,龙江交通,2.85,1.79,0.05,133838.0,37951114.0,1.79,2.86,2.81,2.81,2.8,0.99,1.03,17.34,0.83,3720589258.0,3720589258.0,0.0,0.0,-6.25,-18.34
2027,600382,广东明珠,6.25,1.79,0.11,114262.0,72002231.0,4.07,6.42,6.17,6.17,6.14,0.97,1.65,18.48,1.45,4340050556.0,4340050556.0,0.0,-0.32,-24.79,-7.27
2028,000637,茂化实华,3.98,1.79,0.07,82351.0,32715164.25,3.32,4.01,3.88,3.93,3.91,1.14,2.26,-18.31,4.32,2069103917.0,1451065434.0,-0.5,-0.25,-7.44,-7.44
2029,600170,上海建工,2.27,1.79,0.04,1276451.0,287908831.0,2.69,2.28,2.22,2.23,2.23,1.29,1.44,5075.64,0.65,20171083219.0,20171083219.0,0.0,0.0,-7.72,-13.36
2030,300729,乐歌股份,10.21,1.79,0.18,18875.0,19260782.82,2.29,10.28,10.05,10.08,10.03,1.05,0.57,1081.16,0.98,3487872865.0,3358250718.0,-0.1,-0.1,-11.29,-23.29
2031,000988,华工科技,104.18,1.79,1.83,369686.0,3848939576.91,3.59,105.85,102.18,104.07,102.35,0.62,3.68,41.02,9.16,104753272015.0,104699405746.0,0.0,-0.01,-34.74,31.74
2032,300219,鸿利智汇,6.82,1.79,0.12,109338.0,74605134.14,3.13,6.92,6.71,6.77,6.7,0.8,1.55,119.62,1.9,4828174711.0,4819290365.0,-0.15,0.0,-21.7,-4.08
2033,600148,长春一东,15.33,1.79,0.27,8491.0,12998874.0,2.46,15.46,15.09,15.21,15.06,0.74,0.6,116.51,4.56,2169447179.0,2169447179.0,0.0,0.0,-12.55,-21.51
2034,300448,浩云科技,5.7,1.79,0.1,113387.0,64544968.63,2.68,5.74,5.59,5.64,5.6,0.8,1.76,705.61,3.2,3856147350.0,3662632766.0,-0.35,0.0,-27.48,-27.02
2035,603069,海汽集团,13.06,1.79,0.23,23955.0,31042866.0,2.65,13.1,12.76,12.96,12.83,0.88,0.76,-49.54,5.34,4126960000.0,4126960000.0,0.08,-0.08,-26.75,-51.9
2036,600654,中安科,2.85,1.79,0.05,369029.0,104815091.0,2.5,2.87,2.8,2.8,2.8,0.63,1.59,71.46,4.81,8109417534.0,6604680696.0,0.35,-0.35,-14.67,-24.4
2037,300964,本川智能,56.64,1.78,0.99,35101.0,198981790.44,4.22,57.96,55.61,56.58,55.65,0.8,4.48,126.72,5.98,6052527574.0,4441355196.0,0.02,0.39,-6.6,42.89
2038,300930,屹通新材,25.18,1.78,0.44,12196.0,30851664.0,3.52,25.66,24.79,24.96,24.74,0.95,2.59,34.41,2.69,2518000000.0,1186607525.0,-0.24,-0.28,-22.4,-14.93
2039,300015,爱尔眼科,8.58,1.78,0.15,720303.0,620326710.28,2.02,8.68,8.51,8.51,8.43,1.07,0.91,16.9,3.61,79790265418.0,68272538703.0,-0.12,0.0,-5.61,-20.56
2040,000809,和展能源,3.44,1.78,0.06,107445.0,36681096.14,2.37,3.45,3.37,3.39,3.38,0.83,1.3,212.45,1.07,2837282048.0,2837282048.0,0.58,0.58,-15.89,-5.49
2041,300475,香农芯创,157.15,1.78,2.75,213646.0,3360916034.7,3.86,160.56,154.6,157.7,154.4,0.62,4.75,13.9,15.07,73788488684.0,70723120784.0,0.01,0.03,-18.42,8.94
2042,301218,华是科技,40.7,1.78,0.71,86623.0,354116706.98,8.3,42.32,39.0,40.37,39.99,0.78,12.36,-393.33,5.11,4641428000.0,2851801625.0,0.0,0.0,16.99,72.17
2043,600703,三安光电,13.75,1.78,0.24,1208688.0,1655618919.0,2.96,13.86,13.46,13.7,13.51,0.63,2.42,254.1,1.97,68599007496.0,68599007496.0,0.07,0.22,-17.22,-2.69
2044,688589,力合微,18.32,1.78,0.32,23302.0,42782018.0,3.5,18.6,17.97,18.25,18.0,0.52,1.6,-180.3,2.85,2662418450.0,2662418450.0,0.0,0.11,-22.86,-19.12
2045,600543,*ST莫高,4.01,1.78,0.07,10523.0,4201729.0,2.54,4.03,3.93,3.93,3.94,0.62,0.33,-35.91,1.86,1287691200.0,1287691200.0,0.25,0.0,-11.09,-24.48
2046,600329,达仁堂,36.28,1.77,0.63,31776.0,115135326.0,2.13,36.46,35.7,35.93,35.65,1.03,0.56,21.67,4.7,27939023236.0,20574001836.0,0.0,0.03,-3.54,-11.14
2047,601607,上海医药,16.66,1.77,0.29,156305.0,260459890.0,1.53,16.75,16.5,16.5,16.37,1.35,0.56,10.89,0.81,61781307738.0,46468197033.0,0.06,0.0,3.87,-4.2
2048,920925,锦好医疗,12.06,1.77,0.21,10521.0,12832041.2,2.36,12.32,12.04,12.05,11.85,0.5,1.9,-44.39,3.27,1188882555.0,666858339.0,-0.25,-0.25,-5.41,-62.08
2049,920392,佳合科技,13.78,1.77,0.24,3708.0,5077105.58,2.51,13.88,13.54,13.73,13.54,0.64,1.03,95.46,3.09,1056494686.0,496629822.0,0.95,1.17,-12.34,-60.62
2050,300578,会畅科技,15.53,1.77,0.27,45790.0,71028452.0,3.47,15.71,15.18,15.57,15.26,0.79,2.31,-64.34,2.67,3079129062.0,3078296266.0,0.06,0.06,-16.82,-24.61
2051,600189,泉阳泉,7.47,1.77,0.13,79408.0,58646533.0,2.72,7.49,7.29,7.31,7.34,0.97,1.11,133.0,4.32,5342527656.0,5342527656.0,0.0,-0.13,-8.46,8.1
2052,600203,福日电子,9.8,1.77,0.17,145351.0,142316759.0,3.12,9.93,9.63,9.75,9.63,0.76,2.45,34.86,3.38,5811283204.0,5811283204.0,0.1,0.0,-27.03,-26.54
2053,002048,宁波华翔,19.0,1.77,0.33,177169.0,334123389.99,3.75,19.18,18.48,19.02,18.67,0.8,2.5,14.14,1.31,15431825118.0,13455236498.0,-0.05,-0.11,-32.74,-39.1
2054,601368,绿城水务,4.6,1.77,0.08,42172.0,19308269.0,2.21,4.62,4.52,4.54,4.52,1.11,0.48,40.17,0.85,4061676154.0,4061676154.0,-0.22,0.0,0.88,-6.69
2055,688498,源杰科技,1545.0,1.77,26.9,33178.0,5103249974.0,6.66,1583.02,1481.92,1524.17,1518.1,0.79,2.7,267.99,78.04,192353082465.0,189868362480.0,0.13,0.0,37.46,248.99
2056,300532,今天国际,6.91,1.77,0.12,62150.0,42856993.4,1.77,6.93,6.81,6.81,6.79,0.87,1.03,21.22,2.51,4392274473.0,4177658234.0,-0.14,0.0,-4.29,-16.44
2057,600103,青山纸业,2.87,1.77,0.05,610231.0,174393330.0,2.13,2.88,2.82,2.84,2.82,0.68,2.76,106.03,1.63,6431172764.0,6349384365.0,0.0,-0.35,-24.67,-31.34
2058,002405,四维图新,6.33,1.77,0.11,347627.0,219300517.01,2.25,6.37,6.23,6.24,6.22,0.89,1.48,-25.96,1.7,15002959703.0,14911947748.0,-0.16,-0.16,-32.37,-29.74
2059,300172,中电环保,4.61,1.77,0.08,97440.0,44781588.4,2.21,4.63,4.53,4.55,4.53,0.91,1.86,24.33,1.62,3119633100.0,2413392104.0,0.0,0.0,-3.96,-13.83
2060,002193,ST如意,4.63,1.76,0.08,33352.0,15373092.0,6.59,4.71,4.41,4.62,4.55,0.59,1.27,-6.45,5.89,1211742997.0,1211736052.0,0.43,0.43,-1.07,-12.97
2061,300371,汇中股份,10.41,1.76,0.18,15972.0,16602711.1,2.15,10.46,10.24,10.24,10.23,0.82,1.14,71.8,1.81,2094672051.0,1457354841.0,-0.1,0.1,-11.55,-16.52
2062,600178,东安动力,9.25,1.76,0.16,30202.0,27860263.0,2.2,9.28,9.08,9.08,9.09,0.53,0.65,-54.2,1.7,4314904489.0,4314904489.0,0.0,0.0,2.55,-27.62
2063,301361,众智科技,26.62,1.76,0.46,9446.0,25114423.84,2.45,26.8,26.16,26.48,26.16,0.69,1.68,37.39,2.47,3096864320.0,1499664320.0,0.53,0.04,-31.04,-18.04
2064,300364,中文在线,23.1,1.76,0.4,345168.0,803025049.2,3.92,23.7,22.81,23.25,22.7,0.67,5.23,-91.8,66.66,16828352726.0,15255828426.0,0.0,0.09,-12.53,-8.04
2065,002514,*ST宝馨,1.73,1.76,0.03,300212.0,51436502.0,6.47,1.77,1.66,1.7,1.7,0.91,5.42,-24.81,-23.59,1245659277.0,958476422.0,0.0,-0.57,-64.11,-70.58
2066,300990,同飞股份,68.85,1.76,1.19,40687.0,280034308.0,3.24,69.85,67.66,68.76,67.66,0.66,5.23,49.3,5.59,11788262222.0,5354045892.0,0.03,-0.29,-20.5,-23.2
2067,000016,*ST康佳A,2.31,1.76,0.04,119658.0,27478897.0,3.08,2.33,2.26,2.26,2.27,0.74,0.75,-7.56,-0.49,5562353892.0,3688131678.0,0.0,0.0,-34.19,-53.52
2068,603609,禾丰股份,6.36,1.76,0.11,29401.0,18549322.0,2.72,6.38,6.21,6.22,6.25,0.9,0.33,165.96,0.9,5749546422.0,5749546422.0,0.0,0.0,-2.45,-10.3
2069,688499,利元亨,34.67,1.76,0.6,31880.0,110627732.0,3.43,35.18,34.01,34.53,34.07,0.71,1.89,75.09,2.47,5849817442.0,5849817442.0,-0.09,0.12,-39.69,-39.93
2070,603810,丰山集团,12.22,1.75,0.21,15741.0,19237979.0,2.25,12.34,12.07,12.1,12.01,0.98,0.95,37.69,1.32,2020481427.0,2020481427.0,0.25,0.25,-9.75,-22.9
2071,688429,时创能源,10.49,1.75,0.18,15385.0,16067351.0,3.78,10.66,10.27,10.31,10.31,1.04,0.38,-9.88,3.25,4196008392.0,4196008392.0,-1.59,-0.19,-16.68,-19.86
2072,301315,威士顿,40.21,1.75,0.69,28336.0,113123507.81,3.16,40.32,39.07,39.75,39.52,0.52,3.22,95.98,3.51,3538480000.0,3538480000.0,0.05,-0.07,-13.36,-29.31
2073,002310,东方新能,2.32,1.75,0.04,727183.0,168129243.0,2.19,2.33,2.28,2.31,2.28,0.62,1.65,-251.57,5.81,13918427311.0,10205701929.0,-0.43,0.43,-17.73,3.11
2074,600569,安阳钢铁,1.74,1.75,0.03,133860.0,23259027.0,2.92,1.76,1.71,1.72,1.71,0.87,0.47,-1.82,3.43,4998013212.0,4998013212.0,-0.57,-0.57,-6.45,-22.67
2075,600718,东软集团,8.13,1.75,0.14,92763.0,75339372.0,2.25,8.18,8.0,8.0,7.99,0.98,0.78,-16.49,1.1,9727047867.0,9727047867.0,-0.12,-0.12,-2.4,-19.27
2076,600248,陕建股份,2.9,1.75,0.05,200438.0,57947863.0,3.16,2.94,2.85,2.85,2.85,1.0,0.54,15.09,0.39,10770394929.0,10746643929.0,0.0,0.0,-9.38,-17.38
2077,688283,坤恒顺维,28.55,1.75,0.49,9453.0,26876763.0,3.71,28.83,27.79,28.3,28.06,0.83,0.78,197.61,3.63,3477390000.0,3477390000.0,-0.04,-0.17,-30.18,-28.7
2078,600075,新疆天业,4.66,1.75,0.08,245361.0,113371550.0,3.93,4.71,4.53,4.55,4.58,1.42,1.44,-33.59,0.9,7958335618.0,7958335618.0,-0.43,-0.64,-7.17,-5.86
2079,603105,芯能科技,6.99,1.75,0.12,51771.0,36043474.0,1.75,7.01,6.89,6.95,6.87,0.9,1.04,381.78,1.71,3495079511.0,3495079511.0,0.0,0.14,-20.02,-22.25
2080,300408,三环集团,111.51,1.74,1.91,472150.0,5280790036.49,3.82,113.86,109.67,110.7,109.6,0.67,2.53,70.38,10.34,222654087852.0,208502091258.0,-0.01,0.12,-9.33,146.16
2081,300807,天迈科技,35.57,1.74,0.61,14877.0,53187525.0,5.64,36.7,34.73,35.02,34.96,1.25,2.86,-71.21,5.5,2420168110.0,1847476312.0,0.03,-0.2,-24.27,-35.55
2082,600671,天目药业,21.05,1.74,0.36,20222.0,42590779.0,3.43,21.38,20.67,20.7,20.69,0.47,1.66,167.94,34.72,2563445529.0,2563269720.0,0.1,0.19,16.75,21.61
2083,002656,摩登大道,2.93,1.74,0.05,89265.0,26172618.0,2.08,2.96,2.9,2.91,2.88,0.82,1.3,-373.12,5.06,2087683143.0,2011850418.0,-0.68,0.0,-15.32,3.9
2084,920278,鹿得医疗,6.45,1.74,0.11,23729.0,15550024.95,3.79,6.65,6.41,6.45,6.34,0.84,2.41,413.51,2.92,1125525000.0,636262185.0,0.16,0.16,-2.27,-27.61
2085,600258,首旅酒店,12.31,1.74,0.21,136448.0,167590540.0,1.98,12.39,12.15,12.15,12.1,0.94,1.22,20.32,1.17,13745384481.0,13745384481.0,0.08,0.08,-4.65,-24.48
2086,300984,金沃股份,31.0,1.74,0.53,31072.0,96680312.2,4.27,31.78,30.48,31.18,30.47,0.95,2.51,101.81,3.41,5966032894.0,3844914407.0,-0.19,-0.35,-32.28,-48.68
2087,003025,思进智能,12.28,1.74,0.21,31078.0,38173281.2,1.91,12.38,12.15,12.17,12.07,0.64,1.37,22.39,2.8,3486949692.0,2780387596.0,0.16,-0.08,-20.77,-13.34
2088,600684,珠江股份,3.5,1.74,0.06,227463.0,78383111.0,4.07,3.51,3.37,3.4,3.44,1.35,2.67,-149.08,3.07,3871259991.0,2987112531.0,0.29,0.29,-4.37,-19.72
2089,002334,英威腾,6.45,1.74,0.11,99755.0,64431975.12,2.84,6.53,6.35,6.39,6.34,0.9,1.36,-43.51,1.76,5289377970.0,4740828006.0,0.0,-0.15,-29.28,-28.01
2090,300231,银信科技,8.17,1.74,0.14,80396.0,65473093.85,2.12,8.22,8.05,8.09,8.03,0.51,1.81,71.03,2.3,3633579322.0,3633392923.0,0.12,0.12,-15.77,-21.29
2091,600640,国脉文化,10.6,1.73,0.18,62155.0,65701874.0,3.45,10.72,10.36,10.36,10.42,0.63,0.79,265.15,2.12,8390444204.0,8390444204.0,-0.09,-0.28,-10.62,-15.47
2092,003005,竞业达,13.53,1.73,0.23,26376.0,35535045.6,2.18,13.57,13.28,13.4,13.3,0.75,2.08,-20.3,1.75,3130688989.0,1718015127.0,0.0,0.0,-15.12,-33.42
2093,002767,先锋电子,18.21,1.73,0.31,25106.0,45674720.0,2.96,18.4,17.87,18.19,17.9,0.82,1.93,101.82,3.14,2731500000.0,2372469291.0,0.17,0.28,1.45,-20.41
2094,002110,三钢闽光,2.94,1.73,0.05,246142.0,71978501.94,2.77,2.96,2.88,2.89,2.89,1.06,1.01,-18.58,0.37,7141484107.0,7141484107.0,0.0,0.0,-5.16,-32.88
2095,605319,无锡振华,24.06,1.73,0.41,39725.0,95039359.0,3.34,24.31,23.52,23.68,23.65,1.63,1.14,20.89,3.04,8423350590.0,8376529830.0,0.04,0.04,-0.7,15.73
2096,301608,博实结,46.38,1.73,0.79,12950.0,60376790.96,4.98,47.87,45.6,45.9,45.59,0.84,2.18,27.9,2.82,6149760738.0,2759904652.0,-0.04,-0.26,-20.45,-23.29
2097,300825,阿尔特,10.58,1.73,0.18,189805.0,200874315.02,5.29,10.88,10.33,10.5,10.4,0.87,3.92,87.47,2.58,5235835489.0,5125881982.0,-0.28,-0.09,-18.62,9.3
2098,300567,精测电子,217.9,1.73,3.7,61433.0,1347653943.88,5.36,225.29,213.8,217.02,214.2,0.83,2.71,356.79,14.79,60956834475.0,49474135078.0,-0.66,-0.16,3.96,139.45
2099,002398,垒知集团,4.12,1.73,0.07,96515.0,39755831.24,2.22,4.15,4.06,4.07,4.05,0.84,1.61,25.18,0.79,2835709917.0,2470931070.0,0.0,-0.24,-5.72,-25.63
2100,688685,迈信林,40.81,1.72,0.69,26666.0,108945316.0,6.01,41.93,39.52,40.91,40.12,0.5,1.82,571.16,7.54,5993016530.0,5993016530.0,-0.34,-0.32,-18.48,-26.39
2101,002152,广电运通,9.46,1.72,0.16,190114.0,179294145.82,2.37,9.51,9.29,9.35,9.3,0.61,0.77,25.95,1.92,23492802215.0,23480984925.0,-0.11,0.0,-11.84,-29.61
2102,000676,智度股份,6.49,1.72,0.11,510401.0,329236019.01,2.98,6.54,6.35,6.45,6.38,0.36,4.05,44.31,1.91,8176032005.0,8171095173.0,0.0,0.31,11.32,-24.8
2103,301072,中捷精工,42.54,1.72,0.72,23443.0,98762532.0,3.25,42.67,41.31,42.49,41.82,0.67,3.49,-104.73,6.26,4468656202.0,2856132324.0,0.0,0.05,86.58,88.9
2104,301078,孩子王,7.1,1.72,0.12,193691.0,136856884.91,2.72,7.14,6.95,6.99,6.98,1.12,1.53,46.17,2.12,8978467846.0,8959810359.0,-0.14,-0.14,-24.55,-31.2
2105,002752,昇兴股份,5.93,1.72,0.1,80273.0,47460269.07,2.06,5.95,5.83,5.83,5.83,0.9,0.82,9.56,1.62,5793126515.0,5784874037.0,0.0,0.17,-12.41,-9.33
2106,601163,三角轮胎,13.03,1.72,0.22,25964.0,33622240.0,1.8,13.05,12.82,12.83,12.81,1.13,0.32,11.97,0.75,10424000000.0,10424000000.0,0.0,0.31,-7.65,-6.19
2107,300994,久祺股份,11.25,1.72,0.19,15957.0,17921806.0,2.35,11.32,11.06,11.06,11.06,0.97,1.37,38.41,2.38,2622240000.0,1312470000.0,0.0,-0.18,-6.79,-26.13
2108,300582,英飞特,11.21,1.72,0.19,39490.0,44263660.0,3.18,11.35,11.0,11.1,11.02,0.83,1.78,99.59,3.81,3346594030.0,2483739099.0,0.09,0.0,-28.46,-29.81
2109,002263,大东南,2.96,1.72,0.05,264636.0,77985135.6,1.72,2.97,2.92,2.95,2.91,0.63,1.41,321.72,2.0,5559945896.0,5559901496.0,0.34,0.34,-17.09,-11.11
2110,600309,万华化学,75.16,1.72,1.27,377171.0,2838887297.0,3.91,76.3,73.41,73.41,73.89,1.32,1.2,15.82,2.19,235286247410.0,235286247410.0,0.0,0.01,0.16,-0.36
2111,688588,凌志软件,9.44,1.72,0.16,23468.0,22144003.0,3.45,9.53,9.21,9.34,9.28,0.76,0.6,-464.27,3.2,3681694428.0,3681694428.0,-0.21,-0.42,-10.86,-33.14
2112,603615,茶花股份,17.14,1.72,0.29,29062.0,49663014.0,2.67,17.25,16.8,16.8,16.85,0.53,1.2,241.07,3.61,4144794800.0,4144794800.0,0.0,0.0,-12.68,-26.63
2113,600467,好当家,2.37,1.72,0.04,325878.0,76603964.0,2.58,2.38,2.32,2.33,2.33,0.86,2.23,57.75,1.01,3462556500.0,3462556500.0,0.0,0.0,6.28,-8.49
2114,601800,中国交建,5.93,1.72,0.1,322874.0,190035794.0,1.89,5.93,5.82,5.82,5.83,1.34,0.28,5.86,0.33,96147752634.0,69516637358.0,0.17,0.17,-4.35,-26.34
2115,600817,宇通重工,9.53,1.71,0.16,23605.0,22386212.0,2.56,9.55,9.31,9.41,9.37,0.82,0.45,24.58,2.07,5070597042.0,5046057292.0,0.0,0.11,-2.26,-13.13
2116,002951,金时科技,16.07,1.71,0.27,108998.0,177731306.91,5.76,16.81,15.9,16.0,15.8,0.55,2.72,-139.42,4.27,6477236873.0,6446028837.0,-0.43,-0.25,1.07,7.85
2117,600356,恒丰纸业,8.9,1.71,0.15,34641.0,30693612.0,1.71,8.91,8.76,8.84,8.75,0.75,1.16,12.89,0.97,2932874886.0,2658709264.0,0.0,0.0,0.11,3.61
2118,688560,明冠新材,11.93,1.71,0.2,23851.0,28493565.0,2.73,12.07,11.75,11.8,11.73,0.78,1.18,-37.31,0.94,2401531882.0,2401531882.0,-0.17,-0.17,-22.98,-16.52
2119,300478,杭州高新,29.7,1.71,0.5,20870.0,61592311.8,3.42,30.0,29.0,29.78,29.2,0.56,1.65,-102.22,119.89,3762188100.0,3762188100.0,0.17,0.0,-31.41,-8.05
2120,002910,庄园牧场,9.52,1.71,0.16,52986.0,50298655.0,2.88,9.61,9.34,9.46,9.36,0.69,3.1,-14.77,1.88,1861534583.0,1628509764.0,0.0,-0.1,-5.18,-14.31
2121,002253,川大智胜,9.5,1.71,0.16,36505.0,34649561.0,2.36,9.56,9.34,9.34,9.34,0.96,1.74,-29.85,2.53,2143447903.0,1994515576.0,-0.11,-0.11,-20.57,-15.63
2122,300456,赛微电子,31.55,1.71,0.53,174329.0,549927730.31,5.42,32.38,30.7,31.62,31.02,0.72,2.92,-117.63,3.64,23101324378.0,18849513678.0,-0.22,-0.25,-29.54,-43.25
2123,603312,西典新能,30.87,1.71,0.52,7196.0,22076737.0,2.34,30.95,30.24,30.35,30.35,0.42,1.41,29.47,2.73,4939184565.0,1571884965.0,-0.03,-0.16,-19.61,-33.48
2124,688097,博众精工,46.95,1.71,0.79,68226.0,321135000.0,4.48,48.3,46.23,46.63,46.16,0.82,1.53,184.08,4.43,20970112567.0,20970112567.0,0.21,0.19,-18.11,24.87
2125,688186,广大特材,13.75,1.7,0.23,33366.0,45715201.0,2.22,13.8,13.5,13.58,13.52,0.8,1.19,183.08,0.82,3856728645.0,3856728645.0,0.07,0.22,-32.56,-39.37
2126,300832,新产业,54.57,1.7,0.91,106671.0,580252821.81,2.87,54.98,53.44,54.18,53.66,0.86,1.56,24.71,4.78,42876674097.0,37277983256.0,0.0,0.2,14.64,-0.87
2127,000812,陕西金叶,3.59,1.7,0.06,101094.0,36076060.0,1.98,3.6,3.53,3.54,3.53,0.82,1.34,71.23,1.82,2715228961.0,2714505555.0,0.0,0.0,-3.49,-24.9
2128,301531,春光集团,50.35,1.7,0.84,23069.0,116618096.1,3.21,51.5,49.91,50.5,49.51,0.66,4.92,93.18,7.64,11063573669.0,2360591929.0,-0.06,-0.1,-34.08,278.57
2129,301100,风光股份,16.12,1.7,0.27,9359.0,15086484.0,2.71,16.29,15.86,15.86,15.85,0.57,1.05,-77.03,1.61,3243779240.0,1430279240.0,-0.19,-0.12,-3.7,-24.35
2130,002824,和胜股份,23.96,1.7,0.4,187694.0,460109836.01,7.17,25.45,23.76,24.4,23.56,1.12,8.3,42.23,3.18,7455701198.0,5419180075.0,-0.13,-0.08,4.54,24.6
2131,600137,浪莎股份,17.95,1.7,0.3,9096.0,16273325.0,2.04,18.03,17.67,17.77,17.65,0.78,0.94,55.71,3.21,1745055705.0,1745055705.0,0.11,0.0,-12.01,-5.68
2132,001308,康冠科技,17.96,1.7,0.3,16242.0,29120365.6,1.59,18.02,17.74,17.74,17.66,0.82,0.33,20.35,1.65,12645479586.0,8750770521.0,-0.06,0.0,-16.15,-11.35
2133,301353,普莱得,19.09,1.7,0.32,14725.0,28100748.7,2.93,19.32,18.77,18.77,18.77,0.93,3.61,41.25,1.91,2424752106.0,779385006.0,-0.16,-0.21,-4.84,-5.4
2134,000069,华侨城Ａ,1.79,1.7,0.03,510490.0,91345898.28,3.98,1.82,1.75,1.76,1.76,1.32,0.74,-2.63,0.42,14387586915.0,12348497188.0,0.0,-0.56,-4.28,-27.82
2135,002367,康力电梯,5.37,1.7,0.09,80409.0,43228117.61,2.27,5.41,5.29,5.31,5.28,0.56,1.01,29.09,1.21,4283893099.0,4266871675.0,0.19,0.19,-3.94,-32.11
2136,600713,南京医药,5.37,1.7,0.09,208295.0,112441516.0,2.65,5.48,5.34,5.34,5.28,1.06,1.61,10.06,0.99,7024840852.0,6926299633.0,0.0,0.0,11.88,1.51
2137,600712,南宁百货,5.37,1.7,0.09,98923.0,52890564.0,2.65,5.39,5.25,5.35,5.28,0.7,1.84,266.55,3.86,2924799283.0,2892541752.0,0.19,0.19,-10.05,-21.26
2138,920689,克莱特,19.91,1.69,0.33,3912.0,7780113.73,3.47,20.2,19.52,19.53,19.58,0.61,1.03,28.98,3.12,1461394000.0,755198584.0,0.1,0.05,-16.62,-34.2
2139,000521,长虹美菱,4.82,1.69,0.08,65229.0,31322670.0,2.11,4.84,4.74,4.75,4.74,1.13,0.75,42.81,0.84,4964232306.0,4218892324.0,0.21,0.0,-7.66,-24.09
2140,688334,西高院,18.09,1.69,0.3,17819.0,32218586.0,1.69,18.23,17.93,17.94,17.79,1.23,0.57,20.57,1.92,5726922540.0,5647174638.0,0.28,0.33,-9.32,-5.58
2141,300334,津膜科技,8.42,1.69,0.14,53484.0,45112481.0,3.5,8.59,8.3,8.34,8.28,0.87,1.77,282.01,4.64,2543390298.0,2543090588.0,0.0,0.24,8.93,20.98
2142,001872,招商港口,22.89,1.69,0.38,32542.0,74700294.04,2.67,23.2,22.6,22.72,22.51,1.52,0.14,12.55,0.89,56816374244.0,52698567851.0,0.0,-0.17,7.77,23.53
2143,605286,同力天启,25.28,1.69,0.42,67027.0,168355403.0,5.43,25.86,24.51,24.88,24.86,0.61,3.99,116.75,1.98,4247040000.0,4247040000.0,0.16,0.12,-30.38,-37.66
2144,603135,中重科技,9.03,1.69,0.15,59998.0,54062112.0,2.36,9.1,8.89,8.92,8.88,0.91,0.95,77.39,1.94,5727341432.0,5684728862.0,0.0,-0.11,-14.41,-1.95
2145,000668,荣丰控股,22.24,1.69,0.37,27875.0,61968454.0,2.47,22.5,21.96,22.11,21.87,0.32,1.9,-64.38,4.51,3265763634.0,3265763634.0,0.0,0.0,18.93,130.23
2146,603275,众辰科技,35.41,1.69,0.59,5790.0,20521570.0,2.56,35.76,34.87,35.38,34.82,0.79,1.39,29.03,1.75,5263868274.0,1470788450.0,-0.25,-0.34,-21.21,-22.11
2147,600981,苏豪汇鸿,2.41,1.69,0.04,154353.0,37100312.0,2.53,2.43,2.37,2.37,2.37,0.87,0.69,-41.0,1.09,5404263993.0,5404263993.0,-0.41,-0.41,-2.03,-23.0
2148,300466,赛摩智能,7.23,1.69,0.12,41020.0,29651250.0,2.25,7.28,7.12,7.22,7.11,0.78,0.91,186.13,5.59,3871881235.0,3245345731.0,0.0,0.0,-15.34,-28.06
2149,300557,理工光科,25.82,1.69,0.43,28761.0,74276827.05,3.54,26.27,25.37,25.67,25.39,0.92,1.84,116.13,4.1,4057051183.0,4036870684.0,0.04,0.0,-2.12,-4.33
2150,300719,安达维尔,11.43,1.69,0.19,32481.0,37082662.0,2.76,11.52,11.21,11.27,11.24,1.02,1.81,-52.89,2.88,2905816325.0,2052772359.0,-0.09,-0.17,-9.79,-36.89
2151,603927,中科软,13.26,1.69,0.22,89075.0,117865537.0,2.15,13.32,13.04,13.07,13.04,0.82,1.07,-173.89,3.71,11019590400.0,11019590400.0,-0.08,0.0,-12.19,-29.62
2152,603948,建业股份,20.49,1.69,0.34,8131.0,16620404.0,1.99,20.57,20.17,20.17,20.15,0.74,0.5,15.72,1.63,3329403032.0,3329403032.0,0.0,0.0,-16.88,-22.09
2153,000008,神州高铁,2.42,1.68,0.04,313529.0,75664051.12,2.1,2.43,2.38,2.39,2.38,1.03,1.15,-54.06,3.05,6573633993.0,6573438624.0,-0.41,0.0,-6.2,-15.09
2154,688219,会通股份,10.26,1.68,0.17,33012.0,33780651.0,1.78,10.29,10.11,10.18,10.09,0.59,0.6,25.59,1.9,5638896000.0,5638896000.0,0.0,0.0,-11.55,-16.38
2155,002809,红墙股份,8.48,1.68,0.14,89801.0,75613073.75,4.08,8.55,8.21,8.5,8.34,1.35,5.28,-45.52,1.14,2037406606.0,1441348008.0,0.24,0.36,-6.09,-19.92
2156,002761,浙江建投,7.26,1.68,0.12,101057.0,73389552.58,2.1,7.33,7.18,7.19,7.14,1.01,0.93,8.24,1.12,9618569979.0,7853788931.0,-0.27,-0.27,-3.84,-14.79
2157,601186,中国铁建,6.07,1.68,0.1,343377.0,206927779.0,1.68,6.07,5.97,5.97,5.97,1.2,0.3,4.69,0.3,82427816905.0,69824700185.0,0.17,0.17,1.85,-17.64
2158,002650,ST加加,6.07,1.68,0.1,23406.0,14184977.0,3.85,6.15,5.92,6.03,5.97,0.69,0.21,49.67,3.86,6719998812.0,6719771187.0,0.17,0.0,-18.85,-6.04
2159,001216,华瓷股份,14.53,1.68,0.24,18442.0,26731725.0,2.03,14.63,14.34,14.44,14.29,0.62,0.75,24.26,1.73,4242154651.0,3567887981.0,0.14,0.07,-9.07,-13.1
2160,600135,乐凯胶片,7.25,1.68,0.12,52918.0,38266218.0,2.1,7.3,7.15,7.18,7.13,0.93,0.96,-42.27,1.7,4011476468.0,4011476468.0,0.14,0.14,-24.48,-29.75
2161,600630,龙头股份,6.65,1.68,0.11,77832.0,51698543.0,1.68,6.69,6.58,6.59,6.54,0.91,1.83,28.54,3.54,2825329620.0,2825329620.0,-0.15,0.0,-12.5,-26.03
2162,000619,海螺新材,4.85,1.68,0.08,51244.0,24687003.0,2.94,4.88,4.74,4.78,4.77,1.1,1.42,-20.53,0.86,2139668830.0,1746000000.0,0.0,-0.21,-12.14,-21.9
2163,300590,移为通信,10.95,1.67,0.18,106456.0,116370967.81,2.51,11.04,10.77,10.9,10.77,0.56,2.98,24.37,2.74,5061490091.0,3918069793.0,0.0,0.18,-28.24,-12.82
2164,688586,江航装备,10.36,1.67,0.17,35300.0,36374387.0,2.36,10.37,10.13,10.16,10.19,0.68,0.45,128.65,3.32,8198273656.0,8198273656.0,0.1,0.1,-21.99,-20.37
2165,000962,东方钽业,51.8,1.67,0.85,232438.0,1207794857.6,4.69,53.45,51.06,52.85,50.95,0.71,4.62,125.67,6.92,27318551288.0,26056491840.0,0.0,0.06,-19.08,57.21
2166,688379,华光新材,52.51,1.67,0.86,38953.0,206660894.0,6.02,54.8,51.69,53.11,51.65,0.8,4.32,33.65,3.67,4987324238.0,4730390655.0,-0.11,-0.02,-26.16,-3.83
2167,688196,卓越新能,35.38,1.67,0.58,29224.0,103386689.0,6.61,36.35,34.05,34.8,34.8,1.27,2.3,37.34,1.43,4500010327.0,4500010327.0,-0.03,-0.08,-18.42,-39.42
2168,603066,音飞储存,9.11,1.67,0.15,28002.0,25466679.0,1.9,9.17,9.0,9.04,8.96,0.88,0.95,5.37,1.77,2679980474.0,2679980474.0,0.22,0.22,-17.93,-15.02
2169,600267,海正药业,14.02,1.67,0.23,685946.0,963242162.0,4.35,14.33,13.73,14.25,13.79,1.04,5.81,11.63,1.9,16547414786.0,16547414786.0,0.0,0.07,38.95,44.69
2170,605567,春雪食品,9.15,1.67,0.15,26384.0,24036422.0,2.67,9.2,8.96,9.02,9.0,1.01,1.32,53.18,1.68,1830000000.0,1830000000.0,0.0,-0.22,-5.38,-16.06
2171,300349,金卡智能,10.35,1.67,0.17,81435.0,83615933.0,4.22,10.46,10.03,10.18,10.18,1.14,2.2,26.35,0.96,4318157790.0,3826787555.0,0.0,-0.1,-25.97,-32.7
2172,000420,吉林化纤,3.66,1.67,0.06,294692.0,107705089.02,2.22,3.69,3.61,3.63,3.6,0.65,1.2,82.56,2.03,8999458135.0,8996410453.0,0.27,0.0,-17.57,-19.21
2173,600097,开创国际,8.57,1.66,0.14,40405.0,34612237.0,2.97,8.64,8.39,8.43,8.43,0.84,1.68,-14.68,0.93,2064826311.0,2064826311.0,0.0,0.0,-5.72,-23.89
2174,600711,盛屯矿业,11.64,1.66,0.19,1248365.0,1484962572.0,5.94,12.18,11.5,11.72,11.45,1.15,4.04,9.97,2.01,35974718454.0,35974718454.0,0.17,0.17,-6.58,-22.96
2175,603368,柳药集团,16.54,1.66,0.27,64660.0,106864180.0,1.48,16.64,16.4,16.4,16.27,0.56,1.63,7.31,0.85,6569875812.0,6569875812.0,0.06,0.18,9.03,-3.61
2176,601339,百隆东方,7.97,1.66,0.13,80034.0,63715135.0,2.81,8.08,7.86,7.9,7.84,0.82,0.53,10.68,1.34,11951564930.0,11951564930.0,0.25,0.38,11.62,43.86
2177,000720,新能泰山,3.68,1.66,0.06,335565.0,122336875.0,3.31,3.71,3.59,3.67,3.62,0.46,2.67,-51.91,2.46,4624036181.0,4624036181.0,-0.27,-0.54,-20.17,12.54
2178,603096,新经典,15.34,1.66,0.25,12685.0,19345037.0,1.86,15.37,15.09,15.09,15.09,0.75,0.82,26.79,1.31,2365959132.0,2365959132.0,0.13,0.13,-3.1,-8.8
2179,603408,建霖家居,10.39,1.66,0.17,13928.0,14430628.0,1.66,10.42,10.25,10.25,10.22,0.73,0.31,12.33,1.41,4650283470.0,4650283470.0,0.0,0.1,2.06,-19.46
2180,920892,广咨国际,10.39,1.66,0.17,6222.0,6459814.71,3.33,10.54,10.2,10.2,10.22,0.9,0.41,60.25,5.14,1769950558.0,1567357943.0,0.39,0.78,-12.25,-31.24
2181,001266,宏英智能,33.75,1.66,0.55,17789.0,60121595.0,2.8,34.31,33.38,33.59,33.2,0.78,3.06,24.09,3.66,3498243593.0,1962483086.0,0.15,0.03,-30.51,-13.64
2182,600662,外服控股,4.28,1.66,0.07,132313.0,56457092.0,2.38,4.31,4.21,4.23,4.21,1.2,0.58,12.27,1.86,9773136485.0,9744541531.0,-0.23,0.0,-1.38,-12.11
2183,603607,京华激光,21.59,1.65,0.35,28142.0,60492954.0,2.73,21.74,21.16,21.46,21.24,0.52,1.58,36.07,3.93,3854177712.0,3854177712.0,0.19,0.23,-2.0,-19.44
2184,601996,丰林集团,2.46,1.65,0.04,150552.0,36946975.0,2.48,2.48,2.42,2.45,2.42,0.71,1.34,-24.95,1.12,2757449463.0,2757449463.0,0.82,0.41,-9.56,9.33
2185,603706,东方环宇,19.69,1.65,0.32,13600.0,26865882.0,3.05,20.1,19.51,19.84,19.37,1.2,0.72,9.08,2.23,3728945639.0,3728945639.0,0.0,0.1,-8.8,6.43
2186,002239,奥特佳,2.46,1.65,0.04,449107.0,110103034.61,2.48,2.48,2.42,2.43,2.42,0.89,1.38,52.14,1.38,8643197488.0,8034734156.0,-0.4,0.0,-9.89,-17.17
2187,002332,仙琚制药,8.61,1.65,0.14,151403.0,130484401.74,1.65,8.65,8.51,8.51,8.47,1.19,1.54,22.68,1.45,8517053896.0,8477179652.0,-0.12,0.0,4.62,-2.27
2188,688259,创耀科技,30.81,1.65,0.5,12576.0,38891128.0,3.7,31.31,30.19,30.59,30.31,0.99,1.13,82.84,2.19,3441477000.0,3441477000.0,-0.03,-0.13,-24.02,-25.85
2189,600791,京能置业,7.4,1.65,0.12,115284.0,85574979.0,4.12,7.56,7.26,7.38,7.28,0.59,2.55,-11.26,-5.53,3351312000.0,3347121350.0,-0.27,-0.13,-53.63,58.12
2190,002799,环球印务,6.77,1.65,0.11,46518.0,31502869.0,2.55,6.85,6.68,6.68,6.66,0.83,1.45,100.99,1.69,2166670800.0,2166642366.0,0.0,0.0,-10.69,-20.63
2191,920519,万德股份,9.84,1.65,0.16,5008.0,4901405.22,1.14,9.84,9.73,9.78,9.68,0.8,0.63,19.86,1.69,878299743.0,780974124.0,0.0,0.1,-4.47,-17.17
2192,600299,安迪苏,8.61,1.65,0.14,366631.0,315459905.0,1.89,8.68,8.52,8.52,8.47,0.85,1.19,14.65,1.34,26516899403.0,26516899403.0,0.0,0.12,-21.73,-2.38
2193,300916,朗特智能,25.3,1.65,0.41,53341.0,134673395.39,4.42,25.64,24.54,25.12,24.89,0.87,5.71,764.03,2.76,3659493377.0,2363419411.0,0.0,0.0,-27.36,-22.11
2194,300080,易成新能,3.7,1.65,0.06,106603.0,39259927.64,2.47,3.72,3.63,3.67,3.64,0.86,0.57,-14.3,1.61,6931507613.0,6922074049.0,0.0,0.0,-8.42,-23.87
2195,603138,海量数据,12.92,1.65,0.21,41968.0,54135913.0,2.75,13.05,12.7,12.72,12.71,0.63,1.46,-22.7,4.69,3793450373.0,3725389622.0,0.08,0.08,-19.9,-9.14
2196,600686,金龙汽车,11.11,1.65,0.18,110170.0,122288754.0,1.83,11.19,10.99,11.01,10.93,0.73,1.54,13.28,2.28,7966396803.0,7966396803.0,0.18,0.0,-19.9,-36.66
2197,300871,回盛生物,23.99,1.65,0.39,86504.0,210023133.53,3.56,24.74,23.9,24.07,23.6,0.93,4.29,11.76,2.09,4840806724.0,4840806724.0,0.08,0.04,13.27,16.85
2198,300320,海达股份,8.6,1.65,0.14,74573.0,63869288.11,3.07,8.69,8.43,8.52,8.46,0.82,1.54,20.69,2.01,5170614043.0,4173834569.0,-0.12,-0.12,-3.59,-7.53
2199,688300,联瑞新材,142.57,1.65,2.32,103490.0,1477133259.0,5.79,147.0,138.88,144.0,140.25,0.65,4.29,115.51,19.86,34426262418.0,34426262418.0,0.11,0.39,-2.61,131.48
2200,002952,亚世光电,19.85,1.64,0.32,18791.0,37133545.0,2.71,19.95,19.42,19.43,19.53,0.82,1.43,91.32,3.74,3262149000.0,2613153885.0,0.2,0.0,-31.43,1.33
2201,688602,康鹏科技,6.82,1.64,0.11,42711.0,29187494.0,2.83,6.93,6.74,6.79,6.71,0.72,0.82,-70.36,1.31,3542137500.0,3542137500.0,0.29,0.15,-1.02,-21.43
2202,301439,泓淋电力,14.87,1.64,0.24,56296.0,84125728.4,2.8,15.17,14.76,14.87,14.63,0.5,3.07,28.23,1.94,5785943900.0,2724859455.0,-0.13,-0.07,-6.01,1.09
2203,301717,超纯应材,389.29,1.64,6.29,52812.0,1984941428.06,9.22,390.9,355.6,383.0,383.0,0.82,30.31,158.81,16.02,39647689291.0,6783910020.0,0.08,0.67,489.92,489.92
2204,603528,多伦科技,6.2,1.64,0.1,61473.0,38005805.0,2.46,6.24,6.09,6.11,6.1,0.81,0.87,-54.24,2.33,4376766812.0,4376766812.0,0.0,0.16,-16.22,-35.88
2205,301327,华宝新能,43.43,1.64,0.7,7382.0,32015462.96,2.27,43.68,42.71,42.86,42.73,0.81,0.42,133.66,1.24,7573382291.0,7573382291.0,0.0,-0.11,-23.98,-24.69
2206,603878,武进不锈,4.97,1.64,0.08,87015.0,43244354.0,2.25,5.0,4.89,4.91,4.89,0.93,1.55,-39.72,1.09,2788915430.0,2788915430.0,-0.4,-0.2,-26.37,-46.04
2207,002930,宏川智慧,8.7,1.64,0.14,64245.0,56039008.16,3.62,8.87,8.56,8.65,8.56,0.7,1.48,54.16,2.03,3984645379.0,3770736783.0,-0.23,-0.34,-29.84,-21.83
2208,600816,建元信托,2.48,1.64,0.04,540329.0,133248255.0,2.05,2.49,2.44,2.44,2.44,0.48,0.99,11.39,1.61,24414231670.0,13563462039.0,0.0,0.0,-21.27,-12.37
2209,601766,中国中车,6.19,1.64,0.1,2276980.0,1417005736.0,2.46,6.27,6.12,6.15,6.09,1.84,0.94,11.12,1.01,177645968705.0,150589069917.0,-0.16,0.0,9.56,-7.61
2210,300106,西部牧业,9.94,1.64,0.16,148488.0,147025062.0,3.07,10.0,9.7,9.98,9.78,0.76,7.03,105.93,5.58,2100643161.0,2100643161.0,0.0,-0.1,-28.33,-7.53
2211,300616,尚品宅配,10.6,1.63,0.17,58836.0,62291019.2,5.85,10.78,10.17,10.36,10.43,0.94,3.79,-6.13,0.84,2379869388.0,1645292165.0,0.0,0.28,-31.88,-22.85
2212,600076,康欣新材,3.11,1.63,0.05,174375.0,54721556.0,3.27,3.19,3.09,3.13,3.06,0.99,1.3,-20.15,1.17,4181529871.0,4181529871.0,0.0,0.32,-14.09,-7.72
2213,002163,海南发展,8.11,1.63,0.13,166564.0,135170739.6,2.38,8.19,8.0,8.05,7.98,0.88,2.07,-435.23,11.53,6852608301.0,6516781376.0,0.12,-0.12,-21.72,-65.98
2214,603901,永创智能,9.36,1.63,0.15,56425.0,52708546.0,1.85,9.41,9.24,9.25,9.21,0.72,0.99,18.93,1.58,5397823988.0,5324896016.0,0.21,0.0,-17.82,-33.71
2215,603991,领先股份,133.8,1.63,2.15,16410.0,220243551.0,4.06,136.78,131.43,134.72,131.65,0.74,1.83,100.23,5.81,20432559198.0,11979983432.0,0.1,-0.11,24.52,81.67
2216,600830,香溢融通,8.12,1.63,0.13,44206.0,35820510.0,2.0,8.14,7.98,7.98,7.99,1.23,0.97,36.5,1.63,3689100706.0,3689100706.0,0.37,0.37,-5.14,-14.97
2217,002725,跃岭股份,11.19,1.63,0.18,45284.0,50659383.0,3.45,11.33,10.95,11.07,11.01,0.71,1.82,-132.21,2.95,2864640000.0,2785900804.0,0.0,-0.09,-26.19,-33.71
2218,300137,先河环保,11.86,1.63,0.19,178236.0,211357960.0,5.06,12.14,11.55,11.8,11.67,0.73,3.36,1223.44,3.92,6363865011.0,6286204497.0,-0.08,0.0,-38.13,14.81
2219,688255,凯尔达,25.5,1.63,0.41,23982.0,61101744.0,4.07,25.97,24.95,25.33,25.09,0.78,2.18,63.51,2.66,2801401185.0,2801401185.0,0.24,0.12,-20.44,-30.1
2220,300169,天晟新材,5.61,1.63,0.09,60947.0,33980420.0,1.99,5.62,5.51,5.57,5.52,0.6,2.02,-744.54,17.78,1904563247.0,1692737737.0,0.36,0.36,-1.58,-10.24
2221,600892,大晟文化,3.75,1.63,0.06,228151.0,84784661.0,4.07,3.79,3.64,3.68,3.69,0.5,4.08,-30.75,239.22,2097990705.0,2097448260.0,0.0,-0.27,-6.95,2.46
2222,300838,浙江力诺,13.75,1.63,0.22,17027.0,23350739.74,2.88,13.86,13.47,13.54,13.53,0.48,1.67,365.17,1.99,1897197500.0,1398961094.0,-0.07,-0.22,-25.27,-9.84
2223,000419,通程控股,4.98,1.63,0.08,60098.0,29789017.0,1.84,4.99,4.9,4.92,4.9,0.92,1.11,24.12,0.81,2707041622.0,2707041622.0,0.2,0.2,-0.2,-20.45
2224,603081,大丰实业,9.34,1.63,0.15,27852.0,26024490.0,2.39,9.42,9.2,9.25,9.19,0.87,0.66,260.02,1.24,3946142052.0,3946142052.0,0.11,-0.11,-10.96,-33.14
2225,300594,ST朗进,14.39,1.62,0.23,8884.0,12691169.0,2.68,14.48,14.1,14.12,14.16,0.64,0.98,-27.38,1.73,1322058946.0,1309387471.0,0.42,0.42,-16.53,-26.62
2226,920050,爱伦医疗,29.4,1.62,0.47,3139.0,9298916.09,3.46,29.92,28.92,29.38,28.93,0.71,1.73,15.87,1.9,1989772420.0,532217939.0,-0.41,-0.41,0.48,96.26
2227,002259,升达林业,3.76,1.62,0.06,230184.0,87731018.0,6.49,3.93,3.69,3.73,3.7,1.77,3.06,9.19,6.17,2828754284.0,2828754284.0,-0.53,-0.27,-25.54,-0.53
2228,600158,中体产业,6.91,1.62,0.11,191615.0,131589222.0,1.62,6.92,6.81,6.83,6.8,0.78,2.0,-289.14,2.76,6630235293.0,6630235293.0,0.0,0.14,-35.36,-20.85
2229,688667,菱电电控,92.13,1.62,1.47,9562.0,87717964.0,5.61,94.59,89.5,90.77,90.66,1.34,1.81,38.62,2.73,4854832453.0,4854832453.0,0.0,0.68,-28.06,32.33
2230,002564,天沃科技,4.4,1.62,0.07,94063.0,41202450.0,1.85,4.41,4.33,4.35,4.33,0.9,1.1,289.79,19.9,3779179699.0,3779179699.0,0.46,0.23,-17.45,-42.86
2231,603518,锦泓集团,8.15,1.62,0.13,36639.0,29717726.0,1.75,8.16,8.02,8.02,8.02,0.65,1.06,6.35,0.75,2814618670.0,2804202970.0,0.12,0.0,-3.21,-14.3
2232,688489,三未信安,23.27,1.62,0.37,9655.0,22441843.0,3.36,23.57,22.8,22.91,22.9,0.89,0.57,-43.62,2.18,3946092742.0,3915816192.0,0.22,0.13,-15.6,-25.18
2233,603239,浙江仙通,14.47,1.62,0.23,25418.0,36574178.0,1.83,14.5,14.24,14.24,14.24,0.68,0.94,19.95,3.03,3917318400.0,3917318400.0,-0.07,0.21,-29.76,-28.4
2234,300897,山科智能,15.65,1.62,0.25,21877.0,34307658.2,2.79,15.86,15.43,15.58,15.4,0.59,1.79,113.42,3.15,3064993562.0,1913307699.0,0.0,-0.13,-14.48,-14.85
2235,002296,辉煌科技,8.77,1.62,0.14,62840.0,55034911.0,1.97,8.81,8.64,8.69,8.63,0.77,1.81,14.48,1.37,3416620283.0,3046833444.0,-0.11,0.0,-11.95,-20.78
2236,300440,运达科技,18.21,1.62,0.29,90451.0,163399151.0,3.29,18.29,17.7,18.01,17.92,0.51,2.05,-128.82,4.85,8047303107.0,8016436520.0,-0.11,-0.22,-1.83,48.53
2237,688223,晶科能源,4.39,1.62,0.07,538157.0,235675124.0,1.62,4.41,4.34,4.35,4.32,0.73,0.52,-8.35,1.81,45082719826.0,45082719826.0,0.46,0.0,-28.15,-22.16
2238,002676,顺威股份,5.06,1.61,0.08,198229.0,99086237.24,5.22,5.15,4.89,4.99,4.98,1.16,2.75,34.67,2.72,3643200000.0,3643080883.0,-0.39,-0.2,-6.64,-38.52
2239,688039,当虹科技,33.45,1.61,0.53,15517.0,52223093.0,2.98,34.08,33.1,33.25,32.92,0.93,1.4,-60.79,3.56,3699617633.0,3699617633.0,-0.09,-0.15,-22.1,-25.25
2240,605500,森林包装,6.95,1.61,0.11,31601.0,21934791.0,2.05,7.0,6.86,6.87,6.84,0.87,0.76,-244.71,1.13,2880080000.0,2880080000.0,0.14,0.14,-36.36,-21.73
2241,600694,大商股份,14.55,1.61,0.23,31031.0,44990883.0,1.89,14.58,14.31,14.37,14.32,1.14,0.82,5.02,0.63,5511447040.0,5511447040.0,0.21,0.0,-1.69,-5.46
2242,002908,德生科技,6.94,1.61,0.11,45354.0,31466701.72,2.2,6.99,6.84,6.9,6.83,0.78,1.41,-77.6,2.78,2994138691.0,2233532346.0,0.14,-0.14,-7.1,-33.78
2243,301567,贝隆精密,36.02,1.61,0.57,8135.0,29432440.44,2.82,36.62,35.62,36.26,35.45,0.67,3.83,158.3,3.57,2593440000.0,765059397.0,0.06,0.08,-21.04,-23.36
2244,301551,无线传媒,20.25,1.61,0.32,53262.0,108243998.86,2.81,20.56,20.0,20.19,19.93,0.54,3.45,29.23,3.57,8100202500.0,3129712830.0,-0.15,-0.15,-19.45,-34.53
2245,002547,*ST春兴,2.53,1.61,0.04,227744.0,57281398.4,3.61,2.56,2.47,2.51,2.49,0.72,2.06,-14.25,-6.53,2853984635.0,2795162130.0,0.0,0.0,-28.93,-45.82
2246,301112,信邦智能,30.34,1.61,0.48,9265.0,28230092.0,2.78,30.83,30.0,30.46,29.86,0.69,0.84,474.89,3.0,3345488644.0,3345488644.0,0.0,0.0,-12.01,-22.98
2247,001255,博菲电气,25.8,1.61,0.41,8506.0,21875727.0,2.32,25.98,25.39,25.5,25.39,0.7,1.1,-351.63,2.5,2244811147.0,1993508827.0,-0.27,-0.15,-20.96,-19.35
2248,688621,阳光诺和,66.45,1.61,1.05,69625.0,475878379.0,6.59,70.31,66.0,67.26,65.4,2.25,6.22,90.18,6.03,7442400000.0,7442400000.0,0.2,-0.08,19.24,7.23
2249,600218,全柴动力,7.57,1.61,0.12,33889.0,25566117.0,1.74,7.6,7.47,7.51,7.45,0.8,0.78,26.44,1.01,3297491387.0,3297491387.0,0.0,0.0,-10.1,-26.0
2250,603811,诚意药业,7.63,1.6,0.12,69912.0,53571230.0,2.0,7.73,7.58,7.62,7.51,0.76,1.53,19.74,2.58,3496264746.0,3496264746.0,0.0,0.13,2.69,4.66
2251,002323,*ST雅博,1.27,1.6,0.02,312283.0,39683419.43,3.2,1.29,1.25,1.26,1.25,1.03,1.47,-60.46,14.06,2693486030.0,2693023496.0,0.0,-0.78,-4.51,-22.56
2252,002901,大博医疗,44.4,1.6,0.7,25200.0,112280401.82,2.36,44.99,43.96,44.03,43.7,1.46,0.87,31.36,5.28,18382466066.0,12805502701.0,0.02,0.09,9.52,-5.09
2253,300987,川网传媒,13.3,1.6,0.21,26946.0,35857719.0,2.52,13.43,13.1,13.2,13.09,0.78,1.55,265.55,2.93,2305794400.0,2305794400.0,0.15,0.0,-8.65,-20.31
2254,002897,意华股份,56.52,1.6,0.89,79341.0,448497191.0,4.93,57.74,55.0,56.03,55.63,0.87,4.3,68.03,3.99,10958136938.0,10423591521.0,-0.21,-0.39,-28.9,5.51
2255,001979,招商蛇口,7.64,1.6,0.12,931494.0,715641218.92,5.19,7.86,7.47,7.51,7.52,1.29,1.05,440.22,0.71,68882485786.0,67764612477.0,0.0,0.0,-7.84,-11.06
2256,300189,神农种业,6.34,1.6,0.1,3637692.0,2200992681.88,17.31,6.66,5.58,5.93,6.24,1.39,41.05,-249.79,9.43,6492160000.0,5618827688.0,-0.78,-0.94,24.07,-14.78
2257,600088,中视传媒,11.45,1.6,0.18,29808.0,33986688.0,2.13,11.49,11.25,11.27,11.27,0.51,0.75,1682.03,3.65,4553738280.0,4553738280.0,0.0,0.09,-24.32,-29.15
2258,920030,德众汽车,4.44,1.6,0.07,12183.0,5408138.91,3.43,4.5,4.35,4.37,4.37,0.99,1.08,107.2,1.82,794048184.0,499384742.0,0.45,0.45,-8.83,-35.18
2259,002168,ST惠程,3.82,1.6,0.06,40381.0,15495083.2,2.13,3.87,3.79,3.8,3.76,0.68,0.51,-156.19,267.23,2995504066.0,2995504066.0,0.0,-0.26,0.53,-9.05
2260,600128,苏豪弘业,8.26,1.6,0.13,35495.0,29242168.0,2.09,8.31,8.14,8.14,8.13,1.15,1.44,39.6,0.98,2079031262.0,2038299550.0,0.0,0.12,-8.22,-23.87
2261,688798,艾为电子,53.99,1.6,0.85,30839.0,167569690.0,4.82,55.44,52.88,53.63,53.14,1.01,2.27,66.33,3.0,12586632011.0,7328794480.0,-0.2,-0.22,-30.78,-28.66
2262,301566,达利凯普,25.35,1.6,0.4,175479.0,448488744.13,3.93,26.0,25.02,25.77,24.95,0.6,8.31,46.99,6.71,10140253500.0,5351049721.0,-0.2,-0.24,-22.97,30.67
2263,300087,ST荃银,5.71,1.6,0.09,273989.0,153357256.95,7.83,5.85,5.41,5.52,5.62,1.13,3.04,118.78,3.19,5409264298.0,5152109589.0,0.0,-0.17,-22.1,-51.11
2264,600551,时代出版,6.98,1.6,0.11,38827.0,26945340.0,2.04,7.0,6.86,6.88,6.87,1.07,0.57,23.38,0.81,4732825568.0,4732825568.0,0.29,0.14,-1.69,-11.87
2265,002092,中泰化学,4.45,1.6,0.07,589058.0,261953344.0,3.65,4.52,4.36,4.39,4.38,1.28,2.29,77.0,0.53,11525586851.0,11461588619.0,0.0,-0.22,-3.05,-10.64
2266,600261,阳光照明,3.2,1.59,0.05,120510.0,38374144.0,2.54,3.21,3.13,3.15,3.15,0.79,0.9,147.49,1.27,4272169491.0,4272169491.0,0.31,0.31,-0.31,-1.23
2267,001387,雪祺电气,12.15,1.59,0.19,25561.0,31000620.8,2.17,12.25,11.99,12.0,11.96,1.18,2.19,47.27,1.73,2223819360.0,1415409074.0,0.16,0.16,-4.03,-10.79
2268,603409,汇通控股,17.89,1.59,0.28,16108.0,28732476.0,2.21,18.0,17.61,17.61,17.61,0.52,2.99,20.19,2.22,3359346506.0,963877635.0,0.17,0.22,-30.95,-27.83
2269,600956,XD新天绿,7.04,1.59,0.11,61401.0,43145473.0,1.88,7.07,6.94,6.98,6.93,0.96,0.26,11.07,1.33,31681883010.0,16530544286.0,0.0,0.0,-15.38,-0.14
2270,002798,帝欧水华,5.74,1.59,0.09,76024.0,43596254.44,3.19,5.83,5.65,5.69,5.65,0.96,1.47,-57.65,1.76,3372334453.0,2966140270.0,0.0,0.17,-23.16,0.17
2271,000737,北方铜业,14.06,1.59,0.22,782970.0,1118617395.47,4.55,14.57,13.94,14.2,13.84,1.0,4.11,10.89,3.74,26780313076.0,26777821996.0,-0.14,-0.07,1.3,-7.8
2272,300389,艾比森,12.15,1.59,0.19,27169.0,33012481.14,1.92,12.24,12.01,12.04,11.96,0.69,1.24,28.54,2.67,4484568852.0,2666164459.0,-0.16,0.0,-17.35,-25.14
2273,002822,ST中装,3.19,1.59,0.05,65761.0,20796117.35,1.59,3.19,3.14,3.16,3.14,0.93,0.62,-212.3,5.75,6220500000.0,3409939313.0,0.0,0.31,6.69,-18.62
2274,300091,*ST金灵,2.55,1.59,0.04,29022.0,7378178.0,2.39,2.56,2.5,2.51,2.51,0.52,0.18,-2.1,5.58,7247214921.0,4170325631.0,0.0,0.39,-12.67,-9.25
2275,300043,星辉娱乐,4.49,1.58,0.07,207000.0,93161925.0,2.26,4.54,4.44,4.5,4.42,0.65,1.66,26.95,3.24,5586450820.0,5583492359.0,0.22,0.22,-4.06,-19.82
2276,300968,格林精密,10.27,1.58,0.16,75505.0,77275150.0,4.55,10.46,10.0,10.22,10.11,0.6,1.83,-23.55,2.38,4245412600.0,4245412600.0,-0.1,-0.19,-11.08,-31.03
2277,920195,三祥科技,12.21,1.58,0.19,4387.0,5338142.03,2.08,12.31,12.06,12.13,12.02,0.51,0.62,21.19,1.46,1196946300.0,863967207.0,0.41,0.16,-12.16,-43.89
2278,605151,西上海,19.27,1.58,0.3,13129.0,25450252.0,4.38,19.79,18.96,18.96,18.97,0.97,0.98,32.57,1.88,2592859858.0,2592859858.0,-0.21,-0.67,-12.53,2.01
2279,300407,凯发电气,11.58,1.58,0.18,78643.0,90356890.0,3.86,11.7,11.26,11.54,11.4,0.86,3.04,118.0,1.86,4011766075.0,3000068883.0,0.0,-0.69,-11.13,3.02
2280,603298,杭叉集团,26.32,1.58,0.41,36621.0,96657992.0,3.47,26.75,25.85,25.99,25.91,0.89,0.28,18.27,2.99,34474253130.0,34474253130.0,0.04,0.42,1.46,0.57
2281,600796,钱江生化,5.14,1.58,0.08,40453.0,20788218.0,1.78,5.18,5.09,5.09,5.06,0.71,1.3,30.45,1.29,4454250837.0,1600996349.0,0.0,0.0,-2.47,-14.76
2282,301187,欧圣电气,14.79,1.58,0.23,16743.0,24639081.0,2.34,14.84,14.5,14.57,14.56,0.67,0.66,84.78,2.67,3770466835.0,3770466835.0,0.27,0.2,-22.4,-44.63
2283,603589,口子窖,19.26,1.58,0.3,44050.0,84653365.0,2.37,19.36,18.91,18.91,18.96,0.75,0.74,8.76,1.1,11519781031.0,11519781031.0,-0.16,0.0,-10.83,-34.82
2284,600812,华北制药,5.14,1.58,0.08,293973.0,151287538.0,2.57,5.19,5.06,5.06,5.06,1.0,1.71,62.15,1.61,8818854102.0,8818854102.0,0.0,0.19,16.29,-6.55
2285,603699,纽威股份,54.17,1.58,0.84,45072.0,243969517.0,3.08,54.97,53.33,53.61,53.33,0.89,0.59,30.42,9.99,41997074639.0,41068591576.0,-0.15,-0.07,-5.66,6.34
2286,600085,同仁堂,24.44,1.58,0.38,70227.0,171568870.0,1.79,24.55,24.12,24.12,24.06,1.06,0.51,17.78,2.5,33518733203.0,33518733203.0,0.12,0.12,-1.45,-23.05
2287,002601,龙佰集团,15.57,1.57,0.24,149043.0,232194870.22,3.2,15.75,15.26,15.28,15.33,0.96,0.75,49.63,1.63,37122742232.0,30946975378.0,-0.13,-0.06,5.77,-20.48
2288,300761,立华股份,18.71,1.57,0.29,88604.0,165950704.08,2.82,18.88,18.36,18.38,18.42,1.03,1.39,25.56,1.69,15834971276.0,11919774939.0,-0.27,-0.32,-5.65,-8.73
2289,603226,菲林格尔,44.7,1.57,0.69,22171.0,99481141.0,3.09,45.54,44.18,45.0,44.01,0.48,0.62,-277.83,18.66,15890482119.0,15890482119.0,-0.11,-0.16,-13.54,41.37
2290,601618,中国中冶,2.58,1.57,0.04,767587.0,197283710.0,2.76,2.6,2.53,2.54,2.54,1.2,0.43,8.17,0.52,53384377459.0,46059757459.0,-0.39,0.0,-8.19,-13.13
2291,301270,汉仪股份,31.74,1.57,0.49,23979.0,76481275.05,3.2,32.35,31.35,31.48,31.25,0.57,2.54,-434.2,3.31,3174000000.0,2999202869.0,0.0,-0.06,11.84,-14.86
2292,600064,南京高科,7.74,1.57,0.12,203082.0,156953905.0,1.71,7.77,7.64,7.66,7.62,1.76,1.17,5.34,0.7,13392828845.0,13392828845.0,0.0,0.0,9.79,-7.42
2293,300327,中颖电子,22.65,1.57,0.35,73584.0,167149996.54,3.18,23.06,22.35,22.51,22.3,0.78,2.17,94.36,4.35,7732034396.0,7675048332.0,0.0,-0.04,-23.19,-18.9
2294,002534,西子洁能,15.48,1.57,0.24,84188.0,130097177.74,3.02,15.69,15.23,15.52,15.24,0.86,1.02,53.76,2.32,12940276540.0,12776615324.0,0.26,0.06,-27.76,-7.14
2295,920274,宏裕包材,15.5,1.57,0.24,7803.0,12177361.21,2.95,15.85,15.4,15.47,15.26,0.57,0.96,37.63,2.54,1260666677.0,1260666677.0,0.0,0.13,-18.12,-45.82
2296,605009,豪悦护理,23.95,1.57,0.37,10364.0,24786969.0,2.12,24.06,23.56,23.61,23.58,0.94,0.48,15.41,1.56,5148230999.0,5148230999.0,0.0,0.08,-3.7,-20.3
2297,600308,华泰股份,3.24,1.57,0.05,81308.0,26244915.0,2.19,3.26,3.19,3.2,3.19,1.04,0.54,53.71,0.54,4914659370.0,4914659370.0,-0.31,-0.31,-8.22,-16.92
2298,920445,龙竹科技,7.11,1.57,0.11,27105.0,19416389.22,4.0,7.31,7.03,7.05,7.0,0.52,2.51,54.32,3.39,1053382228.0,767937811.0,0.28,0.14,-6.69,-38.97
2299,600468,百利电气,5.87,1.56,0.09,136675.0,79793439.0,1.9,5.89,5.78,5.85,5.78,0.55,1.26,62.52,3.17,6385006334.0,6385006334.0,0.17,0.34,-12.13,-17.09
2300,300037,新宙邦,65.15,1.56,1.0,116472.0,757103204.8,4.22,66.27,63.56,64.27,64.15,0.74,2.13,25.55,4.62,49115700784.0,35622679604.0,0.18,0.0,-12.81,25.53
2301,300831,ST派瑞,14.32,1.56,0.22,39859.0,56998478.0,2.77,14.52,14.13,14.32,14.1,0.66,2.16,73.49,4.77,4582400000.0,2641814317.0,-0.14,-0.14,-45.72,30.42
2302,002599,盛通股份,5.87,1.56,0.09,63741.0,37313351.0,1.9,5.9,5.79,5.84,5.78,0.77,1.54,-101.81,2.53,3173408800.0,2426488275.0,0.0,0.0,-10.11,-31.18
2303,603011,合锻智能,23.38,1.56,0.36,348107.0,810490519.0,4.08,23.71,22.77,23.25,23.02,0.52,7.04,-100.75,6.2,11559409537.0,11559409537.0,0.13,0.04,13.55,-1.39
2304,603527,众源新材,9.79,1.56,0.15,42447.0,41608144.0,2.49,9.94,9.7,9.76,9.64,0.79,1.34,20.2,1.49,3103148048.0,3103148048.0,0.0,0.0,-25.1,-10.92
2305,300798,锦鸡股份,7.16,1.56,0.11,112015.0,79832894.0,2.84,7.21,7.01,7.12,7.05,0.59,2.76,-55.48,1.92,3530969673.0,2904837676.0,0.0,-0.14,-11.5,0.7
2306,688596,正帆科技,66.2,1.56,1.02,221634.0,1467385698.0,6.38,68.3,64.14,65.71,65.18,0.87,6.98,-205.4,4.54,21029784915.0,21029784915.0,0.08,0.08,60.52,109.96
2307,600215,派斯林,6.5,1.56,0.1,56767.0,36900360.0,2.5,6.56,6.4,6.48,6.4,0.58,1.24,-33.02,1.21,2969738720.0,2969738720.0,0.0,0.31,-1.37,-9.09
2308,002026,山东威达,10.4,1.56,0.16,38208.0,39709104.8,1.46,10.46,10.31,10.31,10.24,0.8,0.87,17.86,1.19,4581532166.0,4581136706.0,0.0,0.0,-14.96,-30.81
2309,600648,外高桥,9.09,1.56,0.14,26982.0,24440165.0,3.35,9.16,8.86,8.99,8.95,1.5,0.24,208.49,0.8,12361602062.0,10342335581.0,0.0,0.0,-0.98,-6.67
2310,300581,晨曦航空,9.78,1.56,0.15,72827.0,71463518.77,3.01,9.95,9.66,9.82,9.63,0.47,1.32,-126.16,5.88,5380071360.0,5380071360.0,-0.1,-0.1,-12.83,-40.69
2311,000625,长安汽车,7.15,1.56,0.11,464095.0,330315452.96,1.99,7.17,7.03,7.04,7.04,1.01,0.56,50.55,0.93,70877274668.0,59110532989.0,0.0,0.14,-10.4,-39.1
2312,603815,交建股份,5.21,1.56,0.08,52945.0,27601092.0,2.34,5.25,5.13,5.13,5.13,0.73,0.86,14.06,2.05,3224595264.0,3224595264.0,0.0,0.0,-24.27,-29.97
2313,920357,雅葆轩,15.64,1.56,0.24,14664.0,22911532.68,2.21,15.85,15.51,15.55,15.4,1.03,2.33,19.62,3.91,1628186560.0,984629963.0,0.0,-0.19,-10.11,-11.99
2314,603233,大参林,18.19,1.56,0.28,49788.0,90350174.0,2.07,18.34,17.97,18.06,17.91,0.71,0.44,10.13,2.91,20715763719.0,20715763719.0,0.06,0.11,13.19,6.19
2315,601512,中新集团,7.84,1.55,0.12,27046.0,21162635.0,2.07,7.87,7.71,7.71,7.72,1.06,0.18,24.75,0.78,11751297600.0,11751297600.0,-0.13,0.13,-7.11,-10.81
2316,600828,茂业商业,3.93,1.55,0.06,105151.0,41146600.0,3.1,3.96,3.84,3.88,3.87,0.8,0.61,-92.33,1.01,6806691406.0,6804245511.0,0.0,0.0,-10.48,-32.71
2317,002641,公元股份,3.93,1.55,0.06,77158.0,30148232.2,1.81,3.94,3.87,3.89,3.87,1.07,0.68,-37.85,0.89,4830338913.0,4456598986.0,0.0,0.0,-1.5,-8.6
2318,605138,盛泰集团,5.89,1.55,0.09,30751.0,18068101.0,2.93,5.92,5.75,5.81,5.8,0.88,0.55,4.95,1.32,3272317195.0,3272317195.0,-0.17,0.17,-15.62,-14.76
2319,300891,惠云钛业,7.19,1.55,0.11,56378.0,40471036.0,2.12,7.25,7.1,7.15,7.08,0.98,1.69,-94.54,2.38,2876060015.0,2397680016.0,0.0,-0.14,-1.91,-18.3
2320,300644,南京聚隆,21.03,1.55,0.32,13620.0,28692448.4,2.66,21.26,20.71,20.71,20.71,0.91,1.54,22.54,2.21,2327590011.0,1855121199.0,-0.05,-0.14,-19.73,-42.64
2321,300735,光弘科技,19.7,1.55,0.3,115721.0,228300885.92,2.63,20.01,19.5,19.8,19.4,0.84,1.53,233.81,2.89,15939574976.0,14921111886.0,-0.05,0.0,-14.9,-19.95
2322,300612,宣亚国际,11.8,1.55,0.18,51373.0,60579939.0,3.01,11.95,11.6,11.62,11.62,0.79,2.82,-27.39,5.04,2159234753.0,2147729753.0,0.08,-0.08,-8.88,-33.75
2323,301383,天键股份,22.4,1.54,0.34,18282.0,40970012.18,3.17,22.65,21.95,22.15,22.06,0.81,2.59,-26.55,1.88,3657539200.0,1581756064.0,-0.09,-0.13,-22.76,-37.15
2324,688755,汉邦科技,27.7,1.54,0.42,32290.0,91909901.0,7.26,29.43,27.45,28.25,27.28,2.74,4.04,35.69,2.47,3168880000.0,2212320304.0,0.0,-0.07,-3.62,-8.76
2325,603222,济民健康,8.55,1.54,0.13,170043.0,147078163.0,4.51,8.85,8.47,8.67,8.42,0.89,3.24,-43.3,4.03,4489524758.0,4489524758.0,0.12,0.0,-5.73,-6.35
2326,300228,富瑞特装,7.26,1.54,0.11,95242.0,69257493.02,2.1,7.33,7.18,7.23,7.15,0.68,1.7,19.03,1.76,4337309486.0,4057643396.0,0.0,0.0,-13.67,-25.69
2327,600022,山东钢铁,1.32,1.54,0.02,616654.0,80757392.0,2.31,1.32,1.29,1.29,1.3,0.85,0.58,-16.19,0.75,14122481411.0,14122481411.0,0.76,0.0,0.0,-12.58
2328,002028,思源电气,173.63,1.54,2.63,76328.0,1323914297.6,3.08,176.37,171.1,172.73,171.0,0.63,1.25,46.42,8.26,135878198954.0,106048891204.0,0.25,0.19,-11.92,12.83
2329,605296,神农集团,30.42,1.54,0.46,23477.0,70807981.0,3.1,30.53,29.6,29.82,29.96,0.78,0.45,-6.17,3.72,16007935400.0,15757085996.0,-0.1,-0.07,11.47,3.75
2330,002538,ST司特,7.23,1.54,0.11,72669.0,52232869.0,1.97,7.24,7.1,7.1,7.12,0.38,0.85,22.32,1.19,6171208166.0,6167163256.0,0.0,0.0,20.7,14.76
2331,600197,伊力特,10.56,1.54,0.16,83036.0,87374659.0,1.83,10.6,10.41,10.41,10.4,1.37,1.75,11.91,1.32,4996725012.0,4996725012.0,-0.09,0.0,-19.39,-23.7
2332,002948,青岛银行,5.98,1.53,0.09,562512.0,335512640.82,3.74,6.05,5.83,5.85,5.89,1.66,1.6,5.71,0.84,34805721250.0,21062724641.0,-0.17,-0.17,11.36,39.07
2333,301311,昆船智能,13.28,1.53,0.2,15369.0,20385612.0,2.06,13.35,13.08,13.08,13.08,0.9,0.64,-31.38,1.86,3187200000.0,3187200000.0,-0.15,-0.15,-11.99,-29.06
2334,000546,金圆股份,4.65,1.53,0.07,121412.0,56607865.0,2.4,4.71,4.6,4.68,4.58,0.89,1.74,-7.68,0.99,3616064418.0,3239679208.0,0.0,-0.21,-17.26,-27.12
2335,002932,*ST明德,15.29,1.53,0.23,13227.0,20249585.66,2.92,15.5,15.06,15.06,15.06,1.29,0.85,-2355.08,0.64,3555245433.0,2386692474.0,0.13,0.26,-3.96,-20.28
2336,002993,奥海科技,37.76,1.53,0.57,58139.0,219965925.98,3.41,38.38,37.11,37.82,37.19,0.77,2.44,55.86,2.22,10423270400.0,9003756190.0,0.08,-0.16,-43.14,-12.43
2337,300817,双飞集团,15.3,1.53,0.23,30864.0,47526033.28,3.25,15.6,15.11,15.38,15.07,1.31,2.46,50.2,3.25,3339963072.0,1916497171.0,-0.13,-0.13,-20.6,-27.42
2338,300805,电声股份,7.95,1.53,0.12,73963.0,58531639.0,3.96,8.05,7.74,7.87,7.83,0.75,2.57,325.86,2.18,3374315108.0,2292393248.0,-0.13,0.0,-8.83,-24.43
2339,605555,德昌股份,11.94,1.53,0.18,28748.0,34281826.0,2.47,12.06,11.77,11.86,11.76,0.76,0.59,114.13,2.02,5779784338.0,5779784338.0,-0.25,-0.08,-23.75,-33.74
2340,603357,设计总院,5.99,1.53,0.09,29147.0,17342304.0,1.53,5.99,5.9,5.9,5.9,0.89,0.52,42.14,0.86,3357654085.0,3357654085.0,0.0,0.17,-10.6,-25.31
2341,920670,数字人,12.6,1.53,0.19,12976.0,16600553.47,3.95,12.97,12.48,12.48,12.41,0.85,1.95,-44.92,5.67,1337898240.0,839583461.0,-0.32,-0.24,-9.29,-24.91
2342,603201,常润股份,15.24,1.53,0.23,30569.0,46684190.0,3.46,15.57,15.05,15.11,15.01,0.74,1.62,21.95,1.67,2895290963.0,2870526268.0,-0.2,-0.13,-3.24,-8.14
2343,603696,安记食品,13.32,1.52,0.2,175654.0,234057970.0,4.73,13.6,12.98,13.2,13.12,0.51,7.47,69.97,5.57,3132864000.0,3132864000.0,0.0,0.08,-1.62,-34.09
2344,603816,顾家家居,24.77,1.52,0.37,63761.0,156804590.0,2.99,24.89,24.16,24.36,24.4,0.83,0.78,11.55,1.94,22930406707.0,20209356170.0,0.0,0.04,-11.19,-15.63
2345,000151,中成股份,10.01,1.52,0.15,43635.0,43755832.0,2.43,10.16,9.92,9.94,9.86,0.83,1.42,52.35,4.01,3512571923.0,3082426297.0,0.1,0.2,-14.3,-15.74
2346,688322,奥比中光-W,100.0,1.52,1.5,113183.0,1131424576.0,5.98,103.39,97.5,99.99,98.5,0.84,3.53,332.97,10.35,41283473200.0,32026379200.0,-0.2,-0.24,-11.11,11.52
2347,000544,中原环保,7.35,1.52,0.11,34388.0,25181901.85,1.93,7.38,7.24,7.29,7.24,1.3,0.35,5.15,0.78,7163930987.0,7163930987.0,0.0,0.0,-2.91,-8.7
2348,301279,金道科技,20.07,1.52,0.3,19025.0,38271205.0,2.38,20.35,19.88,20.15,19.77,0.91,1.46,55.4,2.52,3382291492.0,2619129742.0,0.0,0.0,-16.76,-24.12
2349,300715,凯伦股份,14.06,1.52,0.21,68121.0,96183711.0,3.25,14.33,13.88,13.88,13.85,0.73,2.18,91.69,3.03,5315459346.0,4400198731.0,-0.14,-0.07,-36.26,34.67
2350,300447,全信股份,13.4,1.52,0.2,30210.0,40432979.1,2.27,13.53,13.23,13.28,13.2,0.91,1.5,89.71,2.1,4184959025.0,2699467721.0,0.0,0.0,-17.69,-25.64
2351,605058,澳弘电子,26.64,1.52,0.4,16198.0,43351594.0,2.86,27.16,26.41,26.68,26.24,0.8,1.13,28.76,2.18,3807525197.0,3807525197.0,-0.08,-0.22,-31.38,-11.26
2352,688552,航天南湖,25.97,1.52,0.39,20606.0,53615735.0,3.01,26.34,25.57,25.6,25.58,0.62,0.61,-563.8,3.4,8758330560.0,8758330560.0,0.15,0.12,-20.63,-28.44
2353,301609,山大电力,32.69,1.52,0.49,16495.0,53500592.78,1.83,32.7,32.11,32.35,32.2,0.33,1.68,91.69,4.32,5324547200.0,3209035425.0,0.21,0.03,-29.17,-20.35
2354,000898,鞍钢股份,2.0,1.52,0.03,343530.0,68290561.02,2.03,2.01,1.97,1.98,1.97,1.24,0.43,-3.22,0.44,18738442516.0,15914950016.0,0.0,-0.5,-0.99,-20.95
2355,000753,漳州发展,4.69,1.52,0.07,131197.0,61267559.02,2.16,4.71,4.61,4.64,4.62,0.8,1.32,59.19,1.7,4650046223.0,4650046223.0,0.0,-0.21,-12.66,-40.33
2356,603008,ST喜临门,7.99,1.52,0.12,41157.0,32734961.0,2.03,8.03,7.87,7.92,7.87,0.72,1.12,-20.51,0.84,2942656556.0,2942656556.0,0.0,0.25,-2.2,-60.99
2357,301162,国能日新,36.9,1.51,0.55,20067.0,74092755.43,2.5,37.31,36.4,37.0,36.35,0.64,1.66,49.12,4.25,6888321005.0,4471070160.0,0.0,-0.03,-25.11,1.68
2358,301536,星宸科技,117.4,1.51,1.75,107515.0,1273035304.56,4.69,121.33,115.91,118.02,115.65,0.71,5.74,56.21,15.98,49509368237.0,21976488959.0,0.25,0.11,32.66,96.95
2359,002587,奥拓电子,5.37,1.51,0.08,120140.0,64526550.22,2.27,5.41,5.29,5.36,5.29,0.8,2.26,128.58,2.69,3514687318.0,2860667290.0,0.0,-0.19,-23.72,-19.97
2360,688053,ST思科瑞,33.7,1.51,0.5,6230.0,20917270.0,2.32,33.99,33.22,33.37,33.2,1.35,0.62,-242.69,2.13,3370000000.0,3370000000.0,0.54,0.6,-12.31,-8.3
2361,600535,天士力,15.47,1.51,0.23,203803.0,315870007.0,1.64,15.6,15.35,15.39,15.24,1.38,1.36,12.94,1.77,23111406577.0,23111406577.0,0.0,0.0,10.5,3.34
2362,300020,ST银江,3.36,1.51,0.05,76288.0,25564218.4,3.93,3.42,3.29,3.33,3.31,0.89,1.0,-9.38,2.0,2670117993.0,2575720590.0,0.0,0.0,5.33,-4.0
2363,603390,通达电气,10.08,1.51,0.15,43681.0,44005180.0,2.01,10.15,9.95,9.97,9.93,0.76,1.24,13.88,2.1,3544651999.0,3538825597.0,-0.1,-0.2,-24.61,-22.52
2364,688141,杰华特,121.81,1.51,1.81,150158.0,1843510068.0,5.22,125.65,119.39,125.0,120.0,0.78,3.33,-49.65,43.95,54853675192.0,54853675192.0,0.07,-0.05,24.63,180.47
2365,920158,长江能科,8.07,1.51,0.12,9521.0,7636700.01,3.14,8.18,7.93,7.93,7.95,0.63,1.78,-143.76,3.16,1610868840.0,430898941.0,0.0,0.75,-16.63,-24.79
2366,002223,鱼跃医疗,26.27,1.51,0.39,121832.0,321167560.93,2.4,26.58,25.96,25.96,25.88,1.36,1.29,15.37,2.02,26335068925.0,24754045490.0,-0.04,-0.04,-4.4,-30.15
2367,600973,宝胜股份,6.04,1.51,0.09,114422.0,68778818.0,1.68,6.06,5.96,5.96,5.95,0.51,0.83,41.7,2.45,8283052138.0,8283052138.0,0.0,0.17,-14.69,-17.26
2368,300830,金现代,8.05,1.51,0.12,61426.0,49493536.0,2.9,8.15,7.92,7.99,7.93,0.72,1.82,-115.52,2.76,3635708013.0,2713532415.0,0.0,0.0,-17.52,-20.92
2369,000915,华特达因,26.2,1.51,0.39,36766.0,96111377.7,1.59,26.26,25.85,25.85,25.81,1.44,1.57,13.88,2.45,6139484907.0,6135579797.0,-0.04,0.11,3.8,-15.59
2370,600271,航天信息,6.74,1.51,0.1,130770.0,87752452.0,1.96,6.76,6.63,6.65,6.64,1.09,0.71,-11.89,0.96,12488442460.0,12488442460.0,-0.15,0.0,-10.85,-42.34
2371,300222,科大智能,10.1,1.51,0.15,159261.0,162009715.09,4.02,10.4,10.0,10.1,9.95,0.74,2.44,42.11,4.31,7900434463.0,6586346441.0,-0.2,-0.2,-39.08,-7.34
2372,603967,中创物流,11.54,1.5,0.17,19851.0,22805305.0,2.64,11.57,11.27,11.36,11.37,1.11,0.57,10.12,1.77,4000533833.0,4000533833.0,-0.26,-0.17,-3.51,-11.77
2373,603993,洛阳钼业,18.27,1.5,0.27,2214630.0,4107722547.0,4.56,18.95,18.13,18.48,18.0,1.0,1.27,12.1,4.36,390874046916.0,319009586556.0,0.0,0.16,-5.43,-7.31
2374,002431,ST棕榈,1.35,1.5,0.02,164807.0,22179642.35,2.26,1.36,1.33,1.33,1.33,0.79,0.91,-4.8,8.19,2433246433.0,2433246433.0,0.0,-0.74,-10.0,-43.51
2375,002512,ST达华,4.05,1.5,0.06,202647.0,81391215.82,3.26,4.07,3.94,3.96,3.99,0.57,1.85,30.64,13.72,4464787360.0,4432529717.0,0.0,0.25,-14.38,-34.99
2376,002561,徐家汇,6.78,1.5,0.1,32329.0,21859713.0,1.5,6.79,6.69,6.74,6.68,0.72,0.78,-1163.73,1.3,2818873140.0,2809900264.0,0.0,-0.15,-7.38,-22.78
2377,600475,华光环能,14.9,1.5,0.22,110421.0,163770793.0,3.41,15.09,14.59,14.74,14.68,0.61,1.17,30.66,1.69,14243889362.0,14048997362.0,0.2,0.68,-4.24,-16.85
2378,688311,盟升电子,22.95,1.5,0.34,43581.0,99952687.0,4.25,23.37,22.41,22.86,22.61,0.86,2.49,-65.75,2.23,4018705443.0,4018705443.0,0.39,-0.04,-22.23,-49.67
2379,600868,梅雁吉祥,2.71,1.5,0.04,376962.0,102036961.0,1.87,2.73,2.68,2.69,2.67,0.33,1.99,-87.5,2.66,5143982920.0,5143982920.0,0.37,0.0,-19.35,-18.86
2380,688084,晶品特装,44.12,1.5,0.65,11533.0,50710102.0,3.68,44.6,43.0,43.88,43.47,0.79,1.52,-397.49,2.18,3338077992.0,3338077992.0,0.05,0.05,-21.21,-46.71
2381,002728,特一药业,9.45,1.5,0.14,193724.0,184258113.56,3.11,9.65,9.36,9.46,9.31,0.94,3.86,47.07,2.74,4850777723.0,4737369218.0,0.21,0.21,10.92,-11.68
2382,300908,仲景食品,25.0,1.5,0.37,29119.0,72723909.56,2.11,25.15,24.63,25.0,24.63,0.58,2.37,16.85,2.07,3650000000.0,3074813100.0,0.0,-0.08,2.71,-6.37
2383,601231,环旭电子,27.27,1.49,0.4,202542.0,551806893.0,4.02,27.76,26.68,27.22,26.87,0.63,0.85,39.62,2.91,65146275939.0,65146275939.0,0.0,0.0,-36.58,-7.78
2384,603178,圣龙股份,16.3,1.49,0.24,87011.0,138955178.0,4.36,16.31,15.61,16.12,16.06,0.59,3.68,51.03,3.37,3853513660.0,3853513660.0,-0.06,0.12,-10.68,-13.62
2385,603033,三维股份,7.49,1.49,0.11,46609.0,34798891.0,2.3,7.53,7.36,7.4,7.38,0.6,0.46,-16.49,3.06,7723415019.0,7583857325.0,-0.13,-0.13,-28.8,-30.71
2386,300092,科新机电,11.61,1.49,0.17,33421.0,38735876.0,1.49,11.67,11.5,11.55,11.44,0.58,1.59,31.11,1.95,3180249176.0,2436547232.0,0.0,0.0,-18.3,-26.0
2387,688508,芯朋微,83.35,1.49,1.22,70544.0,593844802.0,7.14,86.9,81.04,83.43,82.13,0.79,5.33,35.02,3.81,11037235839.0,11037235839.0,0.06,-0.33,-7.1,37.88
2388,300351,永贵电器,13.6,1.49,0.2,60842.0,82764793.9,2.84,13.78,13.4,13.55,13.4,0.72,2.31,-60.82,2.19,5289204737.0,3582480149.0,0.07,-0.07,-31.52,-24.4
2389,688159,有方科技,32.08,1.49,0.47,30517.0,97838739.0,3.54,32.62,31.5,31.85,31.61,0.74,3.29,26.77,3.18,2977367898.0,2977367898.0,0.0,-0.12,-36.35,-33.64
2390,000789,万年青,4.1,1.49,0.06,39109.0,15978207.0,1.73,4.11,4.04,4.06,4.04,1.36,0.49,-40.48,0.52,3269422882.0,3269422882.0,-0.24,-0.24,-4.43,-19.45
2391,600004,白云机场,7.55,1.48,0.11,124954.0,93944503.0,2.02,7.58,7.43,7.46,7.44,1.73,0.53,29.01,0.95,19458196715.0,17868723037.0,0.0,-0.13,-5.15,-17.76
2392,603060,国检集团,5.5,1.48,0.08,38596.0,21122540.0,1.48,5.51,5.43,5.46,5.42,0.79,0.48,-41.59,2.25,4421802303.0,4421802303.0,-0.18,-0.18,-11.0,-8.49
2393,600843,上工申贝,6.86,1.48,0.1,62163.0,42711964.0,2.96,6.93,6.73,6.81,6.76,0.92,1.32,1079.45,1.8,4892322053.0,3218867928.0,-0.29,-0.29,-14.14,-45.3
2394,601865,福莱特,10.27,1.48,0.15,130893.0,134190410.0,2.37,10.35,10.11,10.11,10.12,0.52,0.69,157.69,1.11,24061383177.0,19523532327.0,0.0,-0.1,-13.26,-33.83
2395,002568,百润股份,18.55,1.48,0.27,92206.0,170014315.51,1.7,18.59,18.28,18.3,18.28,0.69,1.21,20.17,3.87,19322119654.0,14137113250.0,0.0,0.22,-0.16,-13.76
2396,002616,长青集团,4.81,1.48,0.07,65492.0,31317888.8,1.48,4.81,4.74,4.75,4.74,0.66,1.11,10.39,1.18,4132830730.0,2825780089.0,0.21,0.0,-13.02,-7.68
2397,002492,恒基达鑫,5.49,1.48,0.08,59666.0,32763735.5,2.77,5.55,5.4,5.43,5.41,1.17,1.5,28.32,1.37,2223450000.0,2184112640.0,-0.36,-0.36,-15.15,-37.19
2398,605050,福然德,10.26,1.48,0.15,15060.0,15443476.0,1.88,10.32,10.13,10.26,10.11,0.66,0.31,14.6,1.16,5056427397.0,5056427397.0,0.0,0.0,-4.47,-21.5
2399,300783,三只松鼠,17.13,1.48,0.25,50176.0,85655706.0,1.95,17.21,16.88,16.88,16.88,0.58,1.79,6.29,2.17,6880888032.0,4801237512.0,0.0,-0.06,-5.1,-25.62
2400,301598,博科测试,47.89,1.48,0.7,4550.0,21705614.81,1.72,47.97,47.16,47.6,47.19,1.11,2.59,39.89,2.98,2820588009.0,840360454.0,0.38,0.17,-21.75,-22.1
2401,301099,雅创电子,49.45,1.48,0.72,59177.0,293432583.8,3.57,50.44,48.7,49.71,48.73,0.79,5.15,34.13,6.71,9342366420.0,5685488481.0,0.06,-0.24,-2.31,50.67
2402,002330,得利斯,4.11,1.48,0.06,147704.0,60461310.0,2.47,4.12,4.02,4.08,4.05,0.4,2.33,71.11,1.14,2611145842.0,2610463171.0,0.0,0.0,0.24,-15.08
2403,600390,五矿资本,4.81,1.48,0.07,280396.0,134509887.0,1.9,4.84,4.75,4.75,4.74,1.02,0.62,19.03,0.51,21635694858.0,21635694858.0,-0.21,0.0,0.42,-13.18
2404,001205,盛航股份,14.41,1.48,0.21,33741.0,48709780.6,2.46,14.6,14.25,14.29,14.2,0.81,2.03,18.66,1.25,2709131011.0,2399039181.0,0.0,0.0,2.42,-14.99
2405,603206,嘉环科技,13.7,1.48,0.2,30554.0,41892364.0,2.3,13.83,13.52,13.65,13.5,0.64,1.0,66.83,1.83,4181239836.0,4181239836.0,-0.07,0.0,-25.87,-20.49
2406,002076,星光股份,2.07,1.47,0.03,213917.0,44147803.0,2.94,2.09,2.03,2.05,2.04,0.69,2.05,-81.65,7.54,2295887696.0,2157499328.0,0.49,0.0,-23.05,2.99
2407,000524,岭南控股,9.69,1.47,0.14,138012.0,133618774.96,2.72,9.77,9.51,9.54,9.55,2.19,2.06,49.4,2.85,6494321305.0,6491983505.0,0.0,0.0,4.31,-18.84
2408,920125,鸿仕达,120.49,1.47,1.75,19144.0,231477840.85,7.5,125.93,117.02,122.0,118.74,0.89,8.36,141.24,9.59,6766718400.0,2759042554.0,-0.03,-0.41,-42.9,627.16
2409,600495,晋西车轴,4.13,1.47,0.06,103751.0,42580593.0,2.21,4.14,4.05,4.09,4.07,0.5,0.86,126.17,1.52,4989828359.0,4989828359.0,0.24,0.0,-0.96,-13.24
2410,002646,天佑德酒,6.9,1.47,0.1,52803.0,36193504.39,1.62,6.9,6.79,6.82,6.8,1.06,1.11,16.95,1.14,3286738921.0,3284408618.0,0.29,0.29,-10.74,-20.23
2411,603213,镇洋发展,13.82,1.47,0.2,20131.0,27701473.0,2.06,13.88,13.6,13.63,13.62,0.94,0.45,47.04,3.34,6148430036.0,6148430036.0,-0.07,0.0,-6.18,7.3
2412,603655,朗博科技,33.1,1.47,0.48,23591.0,77827512.0,5.43,34.09,32.32,32.6,32.62,0.81,2.23,92.93,6.26,3508600000.0,3508600000.0,0.0,-0.03,-8.82,-20.34
2413,001335,信凯科技,31.68,1.47,0.46,6133.0,19444485.0,2.43,31.95,31.19,31.29,31.22,1.0,2.4,30.67,3.04,2969669261.0,809234870.0,-0.03,0.03,-31.21,-35.57
2414,300498,温氏股份,13.79,1.47,0.2,348123.0,477281482.57,2.13,13.83,13.54,13.55,13.59,0.7,0.59,-21.44,2.4,91757685116.0,81993684773.0,-0.14,0.0,2.76,-17.33
2415,001229,魅视科技,47.0,1.47,0.68,64428.0,300106833.19,5.29,47.99,45.54,47.53,46.32,1.08,8.74,-359.65,6.87,6741308700.0,3466306635.0,0.36,1.6,91.06,52.6
2416,688677,海泰新光,87.5,1.47,1.27,122799.0,1091254274.0,7.65,92.7,86.1,87.1,86.23,0.83,10.24,55.56,7.99,10489237500.0,10489237500.0,0.48,-0.57,-38.44,105.54
2417,001231,农心科技,21.37,1.47,0.31,20214.0,42826424.2,2.8,21.38,20.79,20.97,21.06,1.5,3.97,27.55,2.11,2130153800.0,1089077921.0,0.09,0.05,-4.68,-14.31
2418,603899,晨光股份,22.76,1.47,0.33,31604.0,71573809.0,2.36,22.83,22.3,22.45,22.43,1.25,0.35,15.46,2.39,20843502781.0,20843502781.0,0.04,0.09,0.0,-12.7
2419,002694,*ST顾地,2.07,1.47,0.03,16106.0,3312364.69,1.96,2.08,2.04,2.05,2.04,0.64,0.22,-42.07,-20.99,1579585536.0,1487910877.0,0.0,0.49,-8.81,-44.95
2420,601992,金隅集团,1.39,1.46,0.02,239893.0,33115901.0,1.46,1.39,1.37,1.37,1.37,0.78,0.29,-2.21,0.39,14842101876.0,11584479987.0,0.72,0.0,-9.15,-14.2
2421,600839,四川长虹,6.96,1.46,0.1,732331.0,511372461.0,2.92,7.07,6.87,6.87,6.86,0.58,1.59,81.56,2.13,32129059785.0,32120112072.0,-0.14,-0.14,-7.2,-23.01
2422,300737,科顺股份,4.87,1.46,0.07,297684.0,143931793.18,2.5,4.89,4.77,4.84,4.8,1.18,3.36,21.27,1.37,5406948264.0,4320553110.0,-0.2,0.0,-32.92,-10.48
2423,300637,扬帆新材,9.01,1.46,0.13,38588.0,34827873.6,2.93,9.15,8.89,8.98,8.88,0.8,1.65,-167.01,3.05,2115098671.0,2113159170.0,0.11,0.11,-14.43,-22.33
2424,300012,华测检测,15.26,1.46,0.22,481463.0,738727865.88,2.86,15.56,15.13,15.28,15.04,1.0,3.36,22.78,3.21,25679958546.0,21851495014.0,0.07,0.13,4.09,13.88
2425,688376,美埃科技,67.48,1.46,0.97,12634.0,85298842.0,3.76,68.7,66.2,68.3,66.51,0.66,0.93,72.0,4.71,9126801181.0,9126801181.0,-0.01,0.09,-9.67,17.01
2426,300426,华智数媒,6.25,1.46,0.09,198357.0,123523562.0,4.38,6.33,6.06,6.2,6.16,0.6,4.96,33.04,18.29,2814892563.0,2500000000.0,-0.16,0.16,-7.54,-19.04
2427,300631,久吾高科,21.48,1.46,0.31,13105.0,28248071.0,2.88,21.83,21.22,21.53,21.17,0.71,1.08,42.42,2.03,2685674988.0,2612077140.0,0.0,-0.09,-15.27,-25.0
2428,600212,绿能慧充,5.56,1.46,0.08,53005.0,29427886.0,2.37,5.61,5.48,5.48,5.48,0.52,1.0,-45.53,6.78,3915075184.0,2953361984.0,0.0,-0.18,-11.89,-30.93
2429,688056,莱伯泰科,42.42,1.46,0.61,15262.0,65754601.0,6.84,44.15,41.29,41.29,41.81,1.17,2.26,108.18,3.56,2861333353.0,2861333353.0,0.35,0.07,30.04,26.78
2430,600239,ST云城,1.39,1.46,0.02,121257.0,16776265.0,2.92,1.4,1.36,1.37,1.37,0.91,0.76,-24.16,2.21,2231904804.0,2231904804.0,0.0,-0.71,-1.42,-40.85
2431,301552,科力装备,25.05,1.46,0.36,12956.0,32200160.32,1.86,25.06,24.6,24.75,24.69,0.56,4.19,30.72,2.78,3100188000.0,775047000.0,-0.04,0.08,-8.71,-10.76
2432,601208,东材科技,45.72,1.46,0.66,577478.0,2656477864.0,4.08,46.88,45.04,46.0,45.06,0.77,5.72,61.8,7.65,46185564154.0,46185564154.0,-0.78,-0.52,-12.41,69.71
2433,002882,金龙羽,21.02,1.45,0.3,49509.0,104529842.17,4.34,21.7,20.8,20.9,20.72,0.52,2.01,297.92,4.38,9099558000.0,5187369201.0,-0.05,-0.05,-8.17,-30.07
2434,002775,文科股份,3.49,1.45,0.05,107410.0,37380984.64,2.62,3.52,3.43,3.48,3.44,0.66,1.81,-44.7,66.35,2290707352.0,2065581412.0,0.0,-0.29,-14.67,-18.46
2435,301389,隆扬电子,53.8,1.45,0.77,117124.0,631189806.62,5.2,55.16,52.4,54.61,53.03,0.95,4.13,141.64,6.88,15252300000.0,15252300000.0,0.17,0.43,-34.47,-1.25
2436,605398,新炬网络,20.24,1.45,0.29,10824.0,21887798.0,2.51,20.39,19.89,20.1,19.95,0.37,0.67,262.7,3.18,3293379511.0,3293379511.0,-0.05,-0.15,-12.31,-28.98
2437,600237,铜峰电子,8.4,1.45,0.12,202982.0,170675204.0,3.86,8.58,8.26,8.37,8.28,0.64,3.25,53.91,2.71,5296113942.0,5246772678.0,-0.12,-0.24,-14.72,-5.41
2438,603611,诺力股份,16.76,1.45,0.24,16401.0,27544152.0,1.82,16.91,16.61,16.62,16.52,0.87,0.64,14.45,1.43,4317389257.0,4317389257.0,-0.06,0.06,-6.16,-29.04
2439,002136,安 纳 达,11.87,1.45,0.17,38244.0,45387351.76,2.56,11.99,11.69,11.79,11.7,0.74,1.78,86.08,2.34,2552287400.0,2545589871.0,-0.17,-0.17,-13.17,-2.22
2440,001325,元创股份,37.8,1.45,0.54,8709.0,32945169.39,2.17,38.09,37.28,37.49,37.26,0.82,4.44,28.97,1.67,2963520000.0,740880000.0,0.16,0.21,-8.65,-22.16
2441,002006,精工科技,13.26,1.45,0.19,57986.0,76731407.75,2.3,13.38,13.08,13.29,13.07,0.88,1.12,27.78,2.79,6891002653.0,6891002653.0,-0.15,-0.23,-24.19,-42.25
2442,603344,星德胜,22.45,1.45,0.32,15624.0,35156159.0,2.94,22.87,22.22,22.43,22.13,0.62,2.89,32.52,2.01,4367220501.0,1212995501.0,-0.18,-0.04,-25.54,-39.91
2443,920641,格利尔,14.13,1.44,0.2,34440.0,48441140.63,8.26,14.68,13.53,13.88,13.93,1.69,7.6,411.12,3.11,1060809750.0,640361893.0,0.36,-0.28,-4.85,-22.53
2444,600602,云赛智联,18.97,1.44,0.27,343898.0,648261635.0,3.05,19.09,18.52,19.0,18.7,0.39,3.2,145.59,5.34,25944765441.0,20379527720.0,0.05,0.11,-0.26,1.72
2445,603359,*ST东珠,2.11,1.44,0.03,47327.0,10015675.0,2.88,2.14,2.08,2.09,2.08,0.8,1.06,-16.72,0.67,941262560.0,941262560.0,-0.47,0.0,-22.99,-77.88
2446,001213,中铁特货,3.52,1.44,0.05,88581.0,31041712.04,2.31,3.54,3.46,3.46,3.47,1.57,0.2,32.11,0.82,15644444443.0,15644444443.0,0.0,0.0,-6.13,-12.44
2447,688475,萤石网络,29.62,1.44,0.42,39172.0,116596231.0,3.66,30.09,29.02,29.2,29.2,0.9,0.5,28.47,3.96,23325750000.0,23325750000.0,0.03,0.03,0.1,-0.3
2448,002666,德联集团,4.22,1.44,0.06,92200.0,38845532.0,1.92,4.24,4.16,4.2,4.16,1.02,1.84,26.54,0.94,3325357050.0,2112818660.0,0.0,0.0,-8.26,-23.41
2449,600054,黄山旅游,11.25,1.44,0.16,56792.0,63771593.0,1.8,11.29,11.09,11.09,11.09,1.34,1.11,59.24,1.73,8205518700.0,5774625000.0,0.0,0.0,3.69,0.63
2450,300585,奥联电子,15.48,1.44,0.22,68311.0,106104873.92,9.57,16.31,14.85,15.5,15.26,1.05,3.99,-116.73,4.18,2648799998.0,2648799998.0,-0.06,0.13,-19.25,-12.98
2451,300658,延江股份,10.59,1.44,0.15,59853.0,63817994.0,3.16,10.83,10.5,10.74,10.44,0.84,2.71,28.04,2.65,3523971872.0,2338736477.0,-0.38,-0.28,-13.27,-28.25
2452,002090,金智科技,9.13,1.44,0.13,45026.0,41190391.6,2.0,9.22,9.04,9.07,9.0,0.58,1.13,41.82,2.36,3657268658.0,3635462658.0,0.0,-0.11,-14.83,-22.36
2453,688708,佳驰科技,42.47,1.43,0.6,14230.0,60605026.0,4.16,43.49,41.75,42.0,41.87,1.09,1.0,165.01,5.08,17008283672.0,6062335557.0,0.02,0.12,-17.84,-31.22
2454,603800,洪田股份,67.89,1.43,0.96,49048.0,333909809.0,4.93,69.84,66.54,69.0,66.93,0.74,2.36,-220.36,17.85,14121120000.0,14121120000.0,-0.01,0.13,11.28,39.2
2455,603889,新澳股份,5.69,1.43,0.08,58578.0,33249006.0,1.96,5.73,5.62,5.66,5.61,0.93,0.62,11.25,1.52,5400974606.0,5360761556.0,0.18,0.18,1.25,-2.74
2456,300410,正业科技,7.8,1.43,0.11,127708.0,99654311.0,2.73,7.91,7.7,7.82,7.69,0.72,3.48,55.93,10.38,2863495417.0,2863495417.0,-0.13,-0.13,-30.29,-4.65
2457,000055,方大集团,3.55,1.43,0.05,67926.0,24043761.8,1.71,3.57,3.51,3.53,3.5,0.77,1.01,33.8,0.68,3812253506.0,2399283223.0,0.0,-0.28,4.11,-13.41
2458,300150,世纪瑞尔,4.25,1.43,0.06,42535.0,18108266.0,2.39,4.3,4.2,4.27,4.19,0.88,0.92,-50.81,1.58,2486700725.0,1970568736.0,0.0,0.0,-4.49,-19.66
2459,603230,内蒙新华,9.21,1.43,0.13,18125.0,16639776.0,2.09,9.24,9.05,9.05,9.08,0.81,0.51,13.09,1.17,3255946830.0,3255946830.0,0.0,0.0,-5.54,-24.51
2460,600527,江南高纤,2.13,1.43,0.03,287319.0,61297542.0,2.38,2.16,2.11,2.12,2.1,0.72,1.66,117.57,1.82,3688650721.0,3688650721.0,0.0,-0.47,-11.98,0.47
2461,688272,富吉瑞,28.45,1.43,0.4,11567.0,32940696.0,3.42,28.96,28.0,28.29,28.05,0.73,1.52,-40.21,5.43,2162200000.0,2162200000.0,0.0,0.25,-20.91,-12.89
2462,600825,新华传媒,4.95,1.43,0.07,61159.0,30258680.0,2.05,4.98,4.88,4.92,4.88,0.72,0.59,980.89,2.08,5172194858.0,5172194858.0,-0.2,-0.2,-5.35,-19.77
2463,600626,申达股份,3.55,1.43,0.05,77216.0,27387846.0,2.0,3.57,3.5,3.53,3.5,0.94,0.58,-98.38,1.47,4688643568.0,4688643568.0,-0.28,-0.28,-6.33,-26.35
2464,300925,法本信息,14.31,1.42,0.2,51289.0,73490666.85,2.2,14.46,14.15,14.2,14.11,0.66,1.47,68.24,2.76,6134825003.0,5001518824.0,-0.21,-0.35,-14.72,-32.47
2465,002363,隆基机械,6.43,1.42,0.09,43285.0,27698472.0,2.52,6.46,6.3,6.33,6.34,1.05,1.04,38.15,1.25,2675524935.0,2673325014.0,0.0,0.16,-10.57,-35.83
2466,002108,沧州明珠,4.28,1.42,0.06,159193.0,68077838.34,1.66,4.31,4.24,4.24,4.22,0.77,0.97,39.89,1.42,7056000322.0,7053432322.0,0.0,-0.23,-13.36,-9.32
2467,002117,东港股份,7.87,1.42,0.11,40333.0,31663988.0,1.8,7.91,7.77,7.81,7.76,0.66,0.77,20.77,3.11,4121683916.0,4120303612.0,-0.13,0.13,-16.19,-41.75
2468,301296,新巨丰,6.43,1.42,0.09,30414.0,19573340.22,1.74,6.48,6.37,6.37,6.34,1.15,0.71,114.05,1.03,2749091935.0,2749029243.0,0.0,-0.16,-6.81,-24.53
2469,600235,民丰特纸,5.72,1.42,0.08,41271.0,23424570.0,2.13,5.73,5.61,5.65,5.64,0.99,1.17,-410.89,1.34,2009436000.0,2009436000.0,0.0,0.18,-5.45,-15.76
2470,301179,泽宇智能,19.95,1.42,0.28,20641.0,41256117.55,1.88,20.15,19.78,19.85,19.67,0.49,0.87,79.2,3.28,8067931002.0,4737626829.0,-0.05,0.15,-12.54,27.72
2471,300636,同和药业,7.16,1.42,0.1,101484.0,73015507.0,2.55,7.25,7.07,7.17,7.06,1.45,2.76,40.03,1.27,3006852704.0,2630281017.0,-0.14,0.14,4.22,-4.15
2472,002285,世联行,2.16,1.41,0.03,764070.0,164050703.12,6.57,2.22,2.08,2.12,2.13,1.6,3.87,-266.49,1.97,4304510722.0,4266515054.0,0.0,0.0,-16.6,-24.21
2473,002161,远 望 谷,5.75,1.41,0.08,98895.0,56940292.0,3.17,5.84,5.66,5.75,5.67,0.71,1.34,-27.75,2.82,4253605050.0,4252753763.0,0.17,0.17,-10.44,-21.23
2474,002320,海峡股份,6.49,1.41,0.09,129747.0,83990728.71,2.03,6.52,6.39,6.43,6.4,0.84,0.58,29.71,3.6,14510328936.0,14510328936.0,0.15,0.0,-14.49,-46.5
2475,300528,幸福蓝海,12.94,1.41,0.18,74037.0,95274828.0,2.27,12.98,12.69,12.79,12.76,0.41,1.99,-288.0,12.56,4821548219.0,4821548219.0,0.0,0.08,-28.11,-37.76
2476,603315,福鞍股份,11.51,1.41,0.16,36361.0,41794659.0,2.91,11.66,11.33,11.48,11.35,0.52,1.13,45.92,2.14,3687415699.0,3687415699.0,0.09,0.0,-27.01,-25.69
2477,603219,富佳股份,13.62,1.41,0.19,28522.0,38796674.0,5.51,14.15,13.41,14.0,13.43,1.02,0.51,1822.53,4.81,7646268000.0,7646268000.0,0.22,0.22,-22.04,-18.88
2478,002546,新联电子,7.93,1.41,0.11,148096.0,117407893.0,1.66,7.99,7.86,7.93,7.82,0.54,1.85,7.3,1.59,6614009331.0,6353733052.0,-0.13,0.0,3.26,15.43
2479,000881,中广核技,6.48,1.41,0.09,66435.0,42986666.0,1.72,6.51,6.4,6.41,6.39,0.78,0.74,-26.01,1.23,6126359281.0,5856185634.0,0.0,0.0,-13.83,-28.4
2480,000096,广聚能源,7.92,1.41,0.11,59668.0,47061771.0,2.05,7.95,7.79,7.81,7.81,0.62,1.17,85.49,1.54,4181760000.0,4045916160.0,0.0,0.13,-2.34,-22.35
2481,000030,富奥股份,4.33,1.41,0.06,76168.0,32914798.05,1.64,4.34,4.27,4.29,4.27,0.8,0.46,14.93,0.9,7446780959.0,7235023283.0,0.0,0.0,-2.91,-22.54
2482,600510,黑牡丹,6.51,1.4,0.09,51698.0,33662783.0,3.27,6.61,6.4,6.46,6.42,0.78,0.5,29.99,0.64,6718485725.0,6718485725.0,0.0,0.0,-22.59,-22.22
2483,601665,齐鲁银行,6.54,1.4,0.09,661983.0,429760047.0,2.79,6.58,6.4,6.42,6.45,1.72,1.08,6.43,0.81,40246130114.0,40246130114.0,0.15,0.15,10.66,19.13
2484,603111,康尼机电,5.78,1.4,0.08,30894.0,17801734.0,1.58,5.79,5.7,5.74,5.7,0.66,0.37,22.33,1.29,4982537284.0,4841300233.0,0.0,0.0,-3.34,-11.89
2485,000727,冠捷科技,2.18,1.4,0.03,612908.0,133701352.0,1.86,2.2,2.16,2.16,2.15,0.76,1.35,-8.73,5.48,9874456016.0,9874456016.0,0.0,0.0,-26.1,-14.17
2486,688819,天能股份,21.7,1.4,0.3,16774.0,36366640.0,1.68,21.79,21.43,21.56,21.4,0.82,0.17,70.24,1.27,21094570000.0,21094570000.0,-0.23,-0.05,-10.85,-33.58
2487,301031,中熔电气,89.71,1.4,1.24,15129.0,136288012.81,2.92,91.36,88.78,89.73,88.47,0.76,1.32,28.79,8.07,13111507008.0,10307566235.0,-0.12,-0.1,-21.0,18.71
2488,002403,爱仕达,9.44,1.4,0.13,30167.0,28358688.0,2.69,9.5,9.25,9.4,9.31,0.73,1.02,-76.68,2.32,3215628186.0,2805204126.0,-0.21,0.11,-12.75,-25.43
2489,000822,山东海化,4.35,1.4,0.06,98002.0,42477361.84,2.1,4.38,4.29,4.33,4.29,0.89,1.09,-12.13,1.04,3893649878.0,3893649878.0,0.0,0.23,-10.49,-17.14
2490,002416,爱施德,9.41,1.4,0.13,120014.0,112838605.0,1.72,9.47,9.31,9.31,9.28,0.54,0.98,22.78,2.17,11661641794.0,11516939501.0,0.0,0.0,-15.91,-22.1
2491,688601,力芯微,46.35,1.4,0.64,31197.0,145219537.0,5.45,47.5,45.01,46.61,45.71,0.7,2.33,-1112.12,5.02,6196656645.0,6196656645.0,0.09,0.22,-23.5,9.08
2492,300814,中富电路,137.2,1.4,1.89,70108.0,971437946.03,5.54,142.5,135.0,139.0,135.31,0.67,3.66,340.05,16.07,26264214110.0,26264214110.0,-0.14,-0.13,-12.02,85.68
2493,000570,苏常柴Ａ,5.06,1.4,0.07,97694.0,49185583.25,2.0,5.08,4.98,5.04,4.99,0.99,1.76,12.0,1.02,3570804085.0,2811804085.0,0.0,0.0,-9.16,-8.66
2494,300190,维尔利,3.65,1.39,0.05,75408.0,27348905.0,3.06,3.67,3.56,3.6,3.6,0.52,0.8,137.38,1.12,3460525033.0,3446481993.0,0.0,0.0,-15.12,-14.92
2495,002528,*ST英飞,5.12,1.39,0.07,128428.0,64563900.64,7.13,5.18,4.82,5.05,5.05,0.76,1.22,-27.8,-28.24,6137216420.0,5377124234.0,0.0,0.0,11.79,91.04
2496,600284,浦东建设,5.09,1.39,0.07,121119.0,61342658.0,2.39,5.12,5.0,5.0,5.02,0.61,1.25,25.75,0.62,4938603040.0,4938603040.0,0.0,-0.2,-15.17,-38.9
2497,600009,上海机场,23.27,1.39,0.32,106994.0,249263545.0,1.57,23.46,23.1,23.1,22.95,1.25,0.43,23.81,1.34,57903044441.0,57714692407.0,-0.09,-0.04,-7.44,-28.4
2498,688600,皖仪科技,27.06,1.39,0.37,23072.0,62453688.0,3.75,27.6,26.6,26.6,26.69,0.71,1.71,58.75,4.57,3645211739.0,3645211739.0,-0.11,-0.15,2.38,8.85
2499,300088,长信科技,7.3,1.39,0.1,1005278.0,736775402.47,4.17,7.48,7.18,7.29,7.2,0.73,4.04,95.13,2.13,18233455127.0,18144167498.0,0.0,0.0,-6.89,21.46
2500,688107,安路科技,31.41,1.39,0.43,58941.0,186361168.0,3.94,32.18,30.96,31.47,30.98,0.82,1.47,-77.13,13.95,12590678617.0,12590678617.0,0.0,0.16,-31.54,15.56
2501,000777,中核科技,16.75,1.39,0.23,44967.0,75149408.38,1.27,16.82,16.61,16.61,16.52,0.63,1.17,-149.94,2.66,6422244683.0,6422131352.0,0.0,0.0,-5.53,-34.93
2502,688786,悦安新材,27.68,1.39,0.38,62702.0,174593362.0,4.47,28.54,27.32,27.63,27.3,0.91,3.62,62.47,6.19,4797510333.0,4797510333.0,0.04,0.07,-13.42,18.59
2503,002762,金发拉比,10.21,1.39,0.14,76773.0,78423372.0,2.48,10.34,10.09,10.22,10.07,0.35,3.63,7625.1,5.55,3614595250.0,2158173811.0,0.1,-0.2,7.59,49.49
2504,601825,沪农商行,8.77,1.39,0.12,248944.0,216671640.0,2.66,8.8,8.57,8.57,8.65,0.71,0.26,5.89,0.65,84581777783.0,82721263958.0,0.0,0.0,7.21,-3.63
2505,002307,北新路桥,2.91,1.39,0.04,198179.0,57306718.58,1.74,2.92,2.87,2.9,2.87,0.94,1.22,-19.44,1.11,4797947053.0,4740748038.0,0.34,0.0,-25.95,-42.38
2506,001332,锡装股份,30.73,1.39,0.42,11182.0,34486562.21,2.54,31.2,30.43,30.55,30.31,0.78,1.66,13.02,1.83,4753500780.0,2065206608.0,0.07,0.16,-33.11,-22.75
2507,600679,上海凤凰,9.49,1.39,0.13,22872.0,21676730.0,1.6,9.54,9.39,9.48,9.36,1.18,0.67,97.15,2.24,4700342689.0,3261658499.0,0.11,0.11,-2.27,-29.02
2508,301272,英华特,34.28,1.39,0.47,5769.0,19758032.0,3.52,34.9,33.71,33.81,33.81,0.91,1.56,-405.45,2.0,2005458844.0,1268832447.0,-0.06,-0.23,-17.93,-15.79
2509,301246,宏源药业,21.22,1.39,0.29,91944.0,196712507.28,3.34,21.73,21.03,21.14,20.93,1.17,5.41,14.7,1.85,8488144296.0,3609043489.0,0.05,0.0,-32.29,-14.95
2510,605077,华康股份,11.03,1.38,0.15,30870.0,33898837.0,1.65,11.06,10.88,10.88,10.88,0.79,1.03,37.69,1.12,3342643463.0,3302709348.0,0.09,0.09,-37.61,-23.83
2511,300768,迪普科技,14.74,1.38,0.2,64052.0,94033834.07,2.2,14.87,14.55,14.79,14.54,0.48,1.52,65.53,2.69,9490040035.0,6200632081.0,-0.07,-0.07,-12.83,-20.11
2512,001696,宗申动力,15.39,1.38,0.21,419641.0,644439148.52,4.41,15.75,15.08,15.46,15.18,0.54,4.71,25.66,3.31,17621964299.0,13718618683.0,0.13,0.13,2.19,-28.39
2513,688707,振华新材,10.3,1.38,0.14,51078.0,52516599.0,2.36,10.37,10.13,10.25,10.16,0.88,1.0,-13.7,1.35,5240024112.0,5240024112.0,0.29,0.19,-31.65,-25.63
2514,300541,先进数通,9.58,1.38,0.13,54419.0,52044132.24,2.12,9.65,9.45,9.45,9.45,0.43,1.4,-138.47,2.44,4119826233.0,3717475047.0,-0.31,-0.21,-13.22,-36.09
2515,603883,老百姓,13.27,1.38,0.18,190945.0,254761840.0,3.06,13.51,13.11,13.25,13.09,0.81,2.52,9.54,1.53,10070473432.0,10070473432.0,-0.3,-0.15,9.22,-8.67
2516,601880,辽港股份,1.47,1.38,0.02,667890.0,97623414.0,1.38,1.47,1.45,1.46,1.45,1.08,0.36,24.12,0.87,34650497803.0,27067185285.0,0.0,0.68,-6.37,-6.37
2517,002438,江苏神通,13.91,1.38,0.19,55845.0,77727494.4,2.55,14.08,13.73,13.75,13.72,0.63,1.19,23.45,1.87,7059846083.0,6522130078.0,0.0,0.51,-20.29,-11.4
2518,603587,地素时尚,11.8,1.37,0.16,14610.0,17219037.0,1.46,11.84,11.67,11.75,11.64,0.89,0.31,13.86,1.57,5577892887.0,5577892887.0,0.08,0.17,-4.3,-8.95
2519,002036,联创电子,6.66,1.37,0.09,455980.0,302134000.79,8.07,6.94,6.41,6.57,6.57,1.16,4.32,-9.84,10.47,7043603053.0,7029415382.0,-0.15,-0.15,-33.53,-39.56
2520,601916,浙商银行,2.95,1.37,0.04,1471490.0,428470771.0,2.41,2.95,2.88,2.9,2.91,1.45,0.68,3.38,0.45,81020676091.0,63556086091.0,0.0,0.0,4.24,1.37
2521,601216,君正集团,4.43,1.37,0.06,398954.0,176719670.0,2.29,4.47,4.37,4.38,4.37,1.06,0.47,13.03,1.4,37380417038.0,37380417038.0,-0.23,-0.45,-8.09,-0.23
2522,002853,皮阿诺,20.7,1.37,0.28,7653.0,15846060.0,3.23,20.88,20.22,20.22,20.42,0.46,0.59,-84.94,4.26,3786360124.0,2664189671.0,-0.14,-0.14,-16.26,-1.24
2523,600243,*ST海华,3.7,1.37,0.05,62479.0,23174580.0,4.11,3.77,3.62,3.69,3.65,0.74,1.42,-56.86,2.98,1623745000.0,1623745000.0,0.54,0.54,4.52,-30.19
2524,300559,佳发教育,10.34,1.37,0.14,40300.0,41537249.0,2.25,10.4,10.17,10.35,10.2,0.52,1.3,-186.05,3.61,4130980623.0,3217154853.0,0.0,0.19,-12.45,-17.54
2525,002975,博杰股份,95.7,1.37,1.29,88741.0,843483497.85,4.71,96.75,92.3,96.03,94.41,0.75,6.42,75.56,8.46,19918111435.0,13231780488.0,0.02,0.47,-21.6,61.57
2526,603107,上海汽配,11.88,1.37,0.16,14573.0,17293525.0,1.45,11.92,11.75,11.82,11.72,0.88,0.67,22.38,1.93,4007539800.0,2591907096.0,0.0,0.08,-10.68,-18.24
2527,002274,华昌化工,5.92,1.37,0.08,261315.0,154102705.69,2.74,5.96,5.8,5.84,5.84,1.49,2.79,22.9,1.07,5637998704.0,5552066850.0,0.0,0.0,4.78,6.67
2528,603759,海天股份,7.42,1.37,0.1,24827.0,18443151.0,2.32,7.49,7.32,7.33,7.32,0.82,0.54,221.42,1.19,3426259200.0,3426259200.0,0.0,0.13,-6.43,-28.86
2529,301362,民爆光电,119.67,1.37,1.62,33389.0,397700121.46,4.49,121.9,116.6,121.9,118.05,0.74,8.15,197.29,7.27,17465199377.0,4899849377.0,-0.75,-0.69,-30.09,315.52
2530,002391,长青股份,5.17,1.37,0.07,75860.0,38996509.23,1.76,5.19,5.1,5.1,5.1,0.8,1.63,31.12,0.8,3358393484.0,2399388268.0,0.19,0.0,-4.61,-9.93
2531,301636,泽润新能,39.14,1.37,0.53,5971.0,23427580.0,3.06,39.79,38.61,38.93,38.61,0.7,1.58,2264.76,2.39,2532127974.0,1477786396.0,-0.31,-0.03,-27.61,-19.96
2532,300098,高新兴,4.45,1.37,0.06,266247.0,118385952.19,2.05,4.49,4.4,4.43,4.39,0.75,1.73,83.49,2.92,7733131124.0,6860757249.0,0.0,-0.22,-20.96,-27.05
2533,002724,海洋王,5.9,1.37,0.08,523408.0,311818584.4,10.65,6.25,5.63,5.68,5.82,1.02,9.22,-47.52,1.7,4551838165.0,3349873102.0,-1.67,-1.67,9.67,-11.68
2534,688651,盛邦安全,23.0,1.37,0.31,13144.0,30239373.0,3.83,23.32,22.45,22.71,22.69,0.91,2.8,-37.47,2.58,2357338080.0,1081415173.0,-0.04,0.04,-21.23,-28.99
2535,002659,凯文教育,4.44,1.37,0.06,97339.0,43125590.0,2.05,4.46,4.37,4.41,4.38,0.59,1.63,3442.29,1.24,2656364905.0,2656352420.0,0.45,0.0,0.23,-24.23
2536,601686,友发集团,5.17,1.37,0.07,47434.0,24438578.0,1.76,5.18,5.09,5.1,5.1,1.2,0.32,14.8,1.15,7648225675.0,7648225675.0,0.0,0.19,-0.19,-13.69
2537,300496,中科创达,57.46,1.36,0.77,87572.0,499401873.69,2.56,57.96,56.51,57.24,56.69,0.63,2.37,64.78,2.56,26530261923.0,21235314074.0,-0.1,-0.16,-21.7,-14.65
2538,301590,优优绿能,73.95,1.36,0.99,5553.0,41075334.04,3.15,75.0,72.7,73.8,72.96,0.75,2.28,-233.4,2.29,4353760327.0,1802353770.0,0.08,-0.01,-42.32,-41.34
2539,688169,石头科技,119.6,1.36,1.6,46738.0,559875559.0,2.71,121.2,118.0,118.51,118.0,0.64,1.8,24.01,2.19,31042313713.0,31042313713.0,0.02,-0.03,2.68,-21.08
2540,000912,泸天化,3.73,1.36,0.05,260459.0,96555366.36,3.53,3.78,3.65,3.69,3.68,1.24,1.66,-836.14,0.92,5848640000.0,5848640000.0,0.0,0.0,-0.53,-10.12
2541,600469,风神股份,5.22,1.36,0.07,60333.0,31371243.0,1.36,5.23,5.16,5.17,5.15,0.75,0.71,22.82,1.01,4645981719.0,4417368582.0,0.19,0.0,-11.07,-23.68
2542,605069,正和生态,10.43,1.36,0.14,33846.0,35259747.0,3.89,10.61,10.21,10.36,10.29,0.88,1.6,-42.78,3.21,2208007825.0,2208007825.0,-0.19,0.0,-17.81,-29.05
2543,300420,五洋自控,7.43,1.36,0.1,727306.0,542914388.12,6.55,7.72,7.24,7.68,7.33,0.73,6.52,510.94,3.5,8294729858.0,8294085677.0,-0.13,0.13,61.52,86.68
2544,601009,南京银行,11.92,1.36,0.16,845088.0,1001163284.0,2.38,11.95,11.67,11.7,11.76,1.64,0.68,5.4,0.76,147373721560.0,147373721560.0,-0.08,-0.08,13.74,6.33
2545,603126,中材节能,5.98,1.36,0.08,52173.0,31153872.0,2.03,6.02,5.9,5.91,5.9,0.84,0.85,85.39,1.78,3650790000.0,3650790000.0,0.34,0.17,-23.43,-10.88
2546,600280,中央商场,2.99,1.36,0.04,193201.0,57383866.0,3.39,3.01,2.91,2.95,2.95,0.76,1.71,-120.62,12.69,3373721016.0,3373721016.0,-0.33,-0.33,0.0,-22.34
2547,301019,宁波色母,14.91,1.36,0.2,21450.0,31916430.73,2.65,15.07,14.68,14.92,14.71,1.2,1.48,25.22,2.86,2951524989.0,2164136671.0,0.0,-0.13,-15.91,-19.45
2548,301148,嘉戎技术,51.49,1.36,0.69,10901.0,56353746.68,3.72,52.9,51.01,51.07,50.8,0.52,1.85,780.9,3.5,5998434649.0,3031374889.0,0.21,0.16,-31.4,9.18
2549,002945,华林证券,14.11,1.36,0.19,119365.0,166983398.14,2.44,14.16,13.82,13.88,13.92,1.03,0.44,101.58,5.29,38097000000.0,38097000000.0,0.07,0.14,-6.74,-7.6
2550,002758,浙农股份,8.17,1.36,0.11,94465.0,76459692.7,2.98,8.2,7.96,8.02,8.06,1.0,1.82,19.57,0.84,4238616417.0,4234084534.0,-0.12,0.12,2.25,-16.29
2551,002211,ST宏达,3.74,1.36,0.05,30091.0,11205761.0,1.9,3.75,3.68,3.71,3.69,0.5,0.7,210.87,33.51,1617459413.0,1617459413.0,0.27,0.0,-1.06,17.24
2552,300946,恒而达,36.6,1.36,0.49,8713.0,31891190.84,3.77,37.29,35.93,36.35,36.11,0.69,1.15,97.77,4.77,5709885480.0,2774242485.0,0.19,0.05,-26.79,-34.17
2553,002444,巨星科技,30.51,1.36,0.41,67692.0,206169723.02,2.62,30.75,29.96,30.13,30.1,0.91,0.59,17.68,1.95,36443529333.0,34986702644.0,0.0,0.07,-7.43,-9.25
2554,300462,ST华铭,11.15,1.36,0.15,4741.0,5267069.0,3.09,11.25,10.91,11.0,11.0,0.74,0.34,-28.28,1.46,2020624609.0,1539079568.0,-0.36,0.18,-11.58,-5.51
2555,000301,东方盛虹,13.52,1.35,0.18,408673.0,556807489.53,5.55,13.96,13.22,13.24,13.34,1.57,0.62,15.6,2.57,89383862994.0,89345203271.0,0.07,0.22,10.46,24.15
2556,001380,华纬科技,16.51,1.35,0.22,8412.0,13859610.61,1.35,16.57,16.35,16.39,16.29,0.49,0.36,26.81,2.31,4471802974.0,3842411346.0,0.0,-0.06,-8.78,-27.52
2557,002291,遥望科技,5.24,1.35,0.07,165956.0,86469279.0,2.13,5.26,5.15,5.2,5.17,0.5,1.91,5.39,1.65,4900083050.0,4554216415.0,0.19,0.0,-13.67,-18.0
2558,000993,闽东电力,9.76,1.35,0.13,42737.0,41622607.16,1.45,9.8,9.66,9.67,9.63,0.5,0.93,-41.1,1.81,4469606201.0,4469606201.0,0.0,-0.1,-29.58,-17.29
2559,601616,广电电气,3.76,1.35,0.05,169851.0,63470494.0,1.62,3.76,3.7,3.71,3.71,1.02,1.99,-34.11,1.35,3209819199.0,3209819199.0,0.0,0.27,-11.94,-2.59
2560,002299,圣农发展,16.48,1.35,0.22,145611.0,238149142.02,2.58,16.54,16.12,16.2,16.26,1.16,1.19,20.24,1.82,20480854907.0,20082523649.0,0.12,0.12,-3.34,0.86
2561,002937,兴瑞科技,30.03,1.35,0.4,113609.0,337335589.24,8.67,30.57,28.0,29.66,29.63,1.25,3.6,65.58,5.02,9489772162.0,9464996811.0,0.13,0.7,-8.81,28.33
2562,002037,保利联合,6.78,1.35,0.09,45077.0,30541721.0,2.39,6.85,6.69,6.69,6.69,0.61,0.93,-10.04,3.19,3280730577.0,3280730577.0,-0.15,0.0,-7.76,-28.63
2563,600745,*ST闻泰,16.52,1.35,0.22,222450.0,365872127.0,3.44,16.79,16.23,16.43,16.3,0.54,1.75,-25.91,0.88,21044319993.0,21044319993.0,0.0,-0.12,-11.89,-55.69
2564,300226,上海钢联,15.78,1.35,0.21,45540.0,72009585.3,1.99,15.97,15.66,15.71,15.57,0.63,1.24,28.46,2.71,6035308841.0,5802256545.0,0.06,0.13,-15.25,-24.46
2565,300278,华昌达,3.76,1.35,0.05,132953.0,50108720.0,2.43,3.81,3.72,3.75,3.71,0.94,0.94,835.52,3.18,5316213270.0,5299513877.0,0.0,0.0,-20.34,-38.36
2566,301181,标榜股份,22.52,1.35,0.3,13918.0,31299411.38,3.38,22.75,22.0,22.41,22.22,0.54,1.19,32.88,2.37,3382577505.0,2640145464.0,0.0,0.09,-28.23,-32.98
2567,000892,欢瑞世纪,3.76,1.35,0.05,362192.0,137186766.0,6.47,3.92,3.68,3.78,3.71,0.83,5.1,-23.1,6.1,3688486578.0,2672745067.0,0.0,-0.53,-16.44,-46.13
2568,301491,汉桑科技,39.84,1.35,0.53,5912.0,23643475.0,1.98,40.19,39.41,39.41,39.31,0.67,1.55,44.07,2.39,5139360000.0,1523913466.0,0.03,-0.08,-11.55,-28.74
2569,603689,皖天然气,7.58,1.34,0.1,46098.0,34762479.0,2.14,7.6,7.44,7.45,7.48,1.56,0.88,8.69,1.1,3985665155.0,3967735575.0,-0.13,-0.13,-3.44,-2.94
2570,600993,马应龙,23.49,1.34,0.31,50013.0,117509446.0,1.86,23.62,23.19,23.19,23.18,1.02,1.16,11.91,2.36,10125455900.0,10108169021.0,-0.04,-0.09,1.6,-13.96
2571,688028,沃尔德,89.0,1.34,1.18,54635.0,484540455.0,5.15,90.66,86.14,89.3,87.82,0.68,3.62,118.47,6.71,13434461000.0,13434461000.0,0.0,-0.02,-27.1,38.18
2572,601882,海天精工,20.48,1.34,0.27,75603.0,154467454.0,3.71,20.81,20.06,20.39,20.21,0.58,1.45,24.0,3.68,10690560000.0,10690560000.0,0.1,-0.24,-9.18,6.89
2573,600935,华塑股份,2.27,1.34,0.03,111243.0,25103056.0,1.34,2.27,2.24,2.24,2.24,0.78,0.32,-131.09,1.37,8160055387.0,7961802113.0,0.0,0.44,-6.58,-7.35
2574,002289,宇顺电子,41.5,1.34,0.55,54066.0,220660760.0,4.22,41.78,40.05,41.01,40.95,0.79,1.97,59.03,43.84,11630529920.0,11388896170.0,0.73,0.75,6.55,42.27
2575,300017,网宿科技,15.86,1.34,0.21,2296264.0,3720823799.38,5.81,16.69,15.78,16.18,15.65,0.74,9.7,56.89,3.81,39581560563.0,37532207904.0,0.13,-0.06,2.12,58.6
2576,300932,三友联众,10.62,1.34,0.14,110600.0,118070133.62,3.63,10.88,10.5,10.55,10.48,0.75,3.46,78.77,2.77,4759306240.0,3389811787.0,-0.09,0.28,0.38,25.98
2577,300941,创识科技,14.4,1.34,0.19,45096.0,65084750.06,3.38,14.66,14.18,14.18,14.21,0.73,3.64,3242.09,2.31,2948400000.0,1782412733.0,-0.48,-0.55,-8.86,-38.83
2578,600827,百联股份,7.59,1.34,0.1,127197.0,96228260.0,1.74,7.61,7.48,7.49,7.49,0.97,0.79,4.28,0.67,13541836008.0,12177774893.0,0.0,0.0,-3.19,-14.14
2579,600854,春兰股份,4.53,1.34,0.06,53074.0,24069160.0,1.79,4.57,4.49,4.49,4.47,0.94,1.02,400.87,0.97,2353147177.0,2353147177.0,-0.44,0.0,-5.03,-6.98
2580,603029,天鹅股份,15.88,1.34,0.21,29100.0,45940959.0,4.72,15.98,15.24,15.56,15.67,1.04,2.4,65.06,2.06,1926910960.0,1926910960.0,-0.19,-0.19,-6.97,-12.07
2581,600959,江苏有线,3.02,1.34,0.04,171793.0,51714062.0,1.34,3.03,2.99,2.99,2.98,0.62,0.34,59.63,0.67,15102167412.0,15102167412.0,-0.33,0.0,-16.57,-12.21
2582,001234,泰慕士,22.75,1.34,0.3,16805.0,37982608.0,2.45,22.87,22.32,22.7,22.45,0.45,1.84,44.72,2.71,2470413400.0,2081295125.0,0.4,0.44,-4.77,-15.21
2583,600493,凤竹纺织,6.04,1.34,0.08,50317.0,30388935.0,2.52,6.11,5.96,6.03,5.96,0.96,1.85,-60.81,1.48,1642880000.0,1642880000.0,-0.33,-0.33,-9.58,-17.93
2584,300257,开山股份,17.44,1.34,0.23,136711.0,237718697.43,3.66,17.78,17.15,17.51,17.21,1.3,1.43,54.39,2.65,17328994714.0,16649797088.0,0.35,-0.17,-40.5,25.02
2585,600185,珠免集团,4.56,1.33,0.06,214050.0,97491171.0,2.67,4.61,4.49,4.5,4.5,1.17,1.14,55.06,99.56,8595626425.0,8595626425.0,-0.22,-0.44,-16.18,-33.04
2586,002697,红旗连锁,4.56,1.33,0.06,179812.0,81671968.0,2.0,4.58,4.49,4.5,4.5,0.79,1.57,11.57,1.26,6201600000.0,5235301230.0,0.0,0.0,-5.79,-21.78
2587,603416,信捷电气,45.71,1.33,0.6,20909.0,95422799.0,2.7,46.1,44.88,45.42,45.11,0.69,1.5,32.99,2.75,7175361670.0,6378653145.0,0.2,0.02,-19.99,-15.79
2588,603725,天安新材,12.15,1.33,0.16,159405.0,190662582.0,5.0,12.18,11.58,11.91,11.99,0.6,5.23,47.81,4.49,3704020812.0,3704020812.0,-0.25,0.33,0.58,33.08
2589,300758,七彩化学,10.68,1.33,0.14,37596.0,40089990.4,1.71,10.74,10.56,10.66,10.54,0.6,1.05,67.39,2.43,4262554950.0,3842043449.0,0.0,0.0,-29.74,-15.37
2590,002373,千方科技,7.6,1.33,0.1,159900.0,121647624.11,2.67,7.71,7.51,7.56,7.5,1.0,1.16,-287.9,1.05,12009430434.0,10469715358.0,-0.26,-0.26,-9.31,-35.15
2591,000019,深粮控股,6.86,1.33,0.09,472402.0,315525623.21,8.12,6.98,6.43,6.71,6.77,1.52,11.35,30.43,1.61,7906391842.0,2855175952.0,0.15,0.29,8.03,0.44
2592,600429,三元股份,4.6,1.32,0.06,107881.0,49257235.0,2.42,4.62,4.51,4.57,4.54,0.6,0.72,17.21,1.43,6909609699.0,6888764160.0,0.22,0.22,-5.74,-11.2
2593,301052,果麦文化,23.0,1.32,0.3,27540.0,63113268.0,3.17,23.22,22.5,23.0,22.7,0.55,3.43,-27.97,3.49,2276064797.0,1845515262.0,0.13,0.22,-17.97,-39.74
2594,300340,科恒股份,8.46,1.32,0.11,34668.0,29325602.0,2.4,8.54,8.34,8.43,8.35,0.88,1.27,-27.18,36.19,2330854489.0,2313497505.0,-0.12,0.0,-13.5,-31.33
2595,002878,元隆雅图,12.31,1.32,0.16,42277.0,51973155.02,2.55,12.41,12.1,12.34,12.15,0.88,1.79,-266.71,2.58,3225118159.0,2903908307.0,0.08,-0.08,-13.74,-32.44
2596,603616,韩建河山,5.37,1.32,0.07,86529.0,46648939.0,2.83,5.45,5.3,5.3,5.3,1.11,2.25,-52.99,9.77,2079360660.0,2063653410.0,-0.19,-0.37,-3.24,3.47
2597,301606,绿联科技,50.51,1.32,0.66,17730.0,89750988.83,3.19,51.3,49.71,49.98,49.85,0.66,1.07,22.05,6.22,20957094301.0,8334089236.0,0.06,-0.06,-28.82,-13.12
2598,300271,华宇软件,5.38,1.32,0.07,82970.0,44751253.0,2.45,5.44,5.31,5.31,5.31,0.63,1.04,-19.41,1.24,4367810421.0,4273686503.0,-0.19,0.0,-5.45,-25.9
2599,605183,确成股份,14.54,1.32,0.19,8902.0,12936465.0,1.53,14.62,14.4,14.45,14.35,0.71,0.22,19.1,1.67,6036781249.0,5996724130.0,-0.14,-0.07,-6.01,-25.51
2600,000655,金岭矿业,6.89,1.32,0.09,47094.0,32448414.0,2.5,6.95,6.78,6.79,6.8,0.92,0.79,29.19,1.19,4101894185.0,4101894185.0,0.15,0.15,-3.23,-26.47
2601,300928,华安鑫创,25.31,1.32,0.33,9154.0,23229530.0,2.12,25.55,25.02,25.09,24.98,0.77,1.71,-28.34,2.0,2024800000.0,1356317418.0,-0.16,-0.16,-23.3,-18.75
2602,001316,润贝航科,26.04,1.32,0.34,12820.0,33482859.0,2.33,26.41,25.81,26.01,25.7,0.59,0.85,17.31,3.19,4196647752.0,3915582720.0,0.0,-0.15,-30.91,-6.63
2603,603486,科沃斯,61.5,1.32,0.8,60655.0,370688388.0,3.2,62.2,60.26,60.88,60.7,0.98,1.06,21.98,4.07,35583796065.0,35261187053.0,-0.03,-0.02,-3.01,-22.89
2604,300177,中海达,6.16,1.32,0.08,88326.0,54373231.65,2.14,6.21,6.08,6.12,6.08,1.01,1.46,-39.29,3.63,4584081447.0,3734828026.0,0.16,0.16,-21.83,-40.37
2605,001230,劲旅环境,21.62,1.31,0.28,57047.0,124209620.68,6.51,22.4,21.01,21.72,21.34,0.62,5.19,23.97,2.06,4059727476.0,2377741180.0,-0.14,-0.09,20.04,41.4
2606,300775,三角防务,20.89,1.31,0.27,89913.0,187519480.56,2.52,21.08,20.56,20.94,20.62,0.77,1.69,266.32,1.94,11438389795.0,11106030647.0,-0.1,-0.05,-18.05,-31.06
2607,002884,凌霄泵业,16.18,1.31,0.21,37955.0,61487107.25,2.25,16.32,15.96,15.96,15.97,2.42,1.39,14.78,2.68,5787302996.0,4418312856.0,0.06,0.12,-0.55,-3.06
2608,002612,朗姿股份,15.48,1.31,0.2,53500.0,83167476.0,2.95,15.8,15.35,15.4,15.28,0.54,2.1,34.7,2.44,6849054405.0,3939028834.0,0.13,-0.06,12.42,-19.54
2609,300992,泰福泵业,24.04,1.31,0.31,7095.0,16999372.0,2.49,24.2,23.61,23.87,23.73,0.51,0.91,-63.26,2.67,2291024453.0,1874831953.0,0.12,0.17,-13.46,-10.73
2610,688562,航天软件,13.87,1.31,0.18,23498.0,32563598.0,2.41,14.02,13.69,13.7,13.69,0.69,0.59,-23.62,3.33,5548000000.0,5548000000.0,0.0,0.07,-19.92,-41.92
2611,688439,振华风光,38.72,1.31,0.5,13523.0,52406094.0,2.46,38.99,38.05,38.46,38.22,0.72,0.68,-144.17,1.55,7744000000.0,7744000000.0,0.0,0.03,-27.73,-39.9
2612,688668,鼎通科技,245.75,1.31,3.17,52746.0,1299061390.0,5.15,252.52,240.03,247.0,242.58,0.84,3.79,93.12,16.31,34225751425.0,34225751425.0,-0.27,-0.18,-14.52,98.83
2613,300193,佳士科技,7.72,1.31,0.1,36851.0,28369796.31,2.23,7.77,7.6,7.68,7.62,0.81,0.88,35.52,1.64,3676648495.0,3237581948.0,0.13,-0.13,3.49,-10.75
2614,300953,震裕科技,99.51,1.31,1.29,49444.0,492635858.62,3.27,101.5,98.29,99.0,98.22,0.57,2.82,21.5,5.14,24234530862.0,17419241223.0,0.0,-0.12,-40.7,-17.06
2615,603700,宁水集团,11.62,1.31,0.15,46343.0,54023351.0,3.4,11.84,11.45,11.55,11.47,0.79,2.32,53.82,1.47,2323557673.0,2323557673.0,0.26,0.09,2.11,-12.57
2616,301369,联动科技,134.6,1.31,1.74,19412.0,260035502.8,4.36,136.99,131.2,135.03,132.86,0.69,3.54,1008.28,9.19,13770627053.0,7382707839.0,-0.04,-0.24,-33.17,46.02
2617,301175,中科环保,5.43,1.31,0.07,118863.0,64474256.98,1.87,5.46,5.36,5.37,5.36,0.97,1.91,17.55,2.1,7992308400.0,3376808400.0,-0.18,-0.18,-5.07,-6.54
2618,300895,铜牛信息,54.73,1.31,0.71,81133.0,435780104.71,6.83,55.64,51.95,53.5,54.02,0.6,5.87,-128.31,10.3,7706019958.0,7562167461.0,-0.02,0.4,-15.12,23.96
2619,002803,吉宏股份,18.54,1.31,0.24,72044.0,133663509.12,2.57,18.75,18.28,18.45,18.3,0.58,2.42,26.91,3.06,8489777250.0,5516839823.0,0.05,-0.05,-15.03,14.59
2620,600336,澳柯玛,6.17,1.31,0.08,49394.0,30484361.0,1.97,6.21,6.09,6.09,6.09,0.93,0.62,32.85,2.18,4923751125.0,4923751125.0,0.0,-0.16,-23.16,-24.94
2621,600594,益佰制药,3.88,1.31,0.05,389957.0,153573918.0,3.92,4.02,3.87,3.9,3.83,1.0,4.97,-25.77,1.41,3043448332.0,3043448332.0,0.0,-0.26,9.92,-2.51
2622,300424,航新科技,14.05,1.3,0.18,63900.0,89805129.4,2.67,14.25,13.88,14.09,13.87,0.71,2.49,33.05,4.14,3605578904.0,3603543312.0,0.14,0.07,-33.73,-23.27
2623,603863,松炀资源,12.49,1.3,0.16,47799.0,60024303.0,5.92,12.93,12.2,12.32,12.33,0.89,2.34,-125.53,10.56,2556078500.0,2556078500.0,0.08,0.24,-23.93,-37.39
2624,603180,金牌家居,15.53,1.3,0.2,15945.0,24694534.0,2.35,15.61,15.25,15.54,15.33,0.59,1.03,-42.27,0.89,2395613384.0,2395613384.0,0.06,-0.06,-9.97,-23.46
2625,600729,重百集团,19.45,1.3,0.25,34795.0,67438929.0,1.93,19.53,19.16,19.2,19.2,0.89,1.81,9.6,1.08,8566812348.0,3743791316.0,-0.15,-0.1,4.63,-22.36
2626,600970,中材国际,7.78,1.3,0.1,107383.0,83341029.0,2.21,7.82,7.65,7.67,7.68,0.77,0.41,11.21,0.92,20397704549.0,20397704549.0,0.0,0.13,-6.27,-21.49
2627,603966,法兰泰克,7.77,1.3,0.1,47162.0,36732941.0,1.96,7.85,7.7,7.74,7.67,0.94,0.91,18.63,2.0,4043468342.0,4038046125.0,0.0,-0.26,-16.72,-13.09
2628,002642,荣联科技,7.03,1.3,0.09,78202.0,54865714.0,2.02,7.08,6.94,6.95,6.94,0.55,1.18,1425.4,3.91,4650909600.0,4650909600.0,-0.14,-0.14,-21.45,-14.99
2629,002863,今飞凯达,4.69,1.3,0.06,251452.0,117784455.05,2.59,4.74,4.62,4.67,4.63,0.71,4.19,28.37,0.99,2811577868.0,2811577868.0,0.0,-0.42,-6.57,-19.97
2630,002441,众业达,7.81,1.3,0.1,39829.0,31194591.0,1.69,7.88,7.75,7.79,7.71,0.89,1.0,11.1,0.97,4252885586.0,3112707747.0,-0.38,-0.26,-17.09,-14.18
2631,000937,冀中能源,4.69,1.3,0.06,271545.0,127046906.01,2.81,4.71,4.58,4.59,4.63,1.62,0.72,40.91,0.96,18229568199.0,17712880045.0,-0.21,0.0,-1.47,-2.29
2632,002708,光洋股份,10.87,1.3,0.14,130948.0,142260558.24,3.08,11.03,10.7,10.94,10.73,0.47,2.53,47.65,3.45,6110004901.0,5616056709.0,0.09,0.18,-28.11,-18.15
2633,300848,美瑞新材,12.59,1.29,0.16,22697.0,28503445.34,1.61,12.64,12.44,12.5,12.43,0.81,0.9,49.51,3.5,5387105224.0,3186812426.0,0.0,0.24,-15.84,-20.16
2634,600873,梅花生物,7.85,1.29,0.1,273663.0,213845551.0,2.84,7.93,7.71,7.77,7.75,0.94,0.98,16.63,1.4,22013296953.0,22013296953.0,0.13,0.0,-16.22,-19.07
2635,300158,振东制药,5.5,1.29,0.07,415505.0,234162873.08,6.45,5.82,5.47,5.62,5.43,0.91,4.19,-1304.53,1.63,5457666808.0,5453213997.0,0.0,-0.18,11.11,-5.34
2636,603236,移远通信,59.88,1.29,0.76,151016.0,899788886.0,5.19,61.25,58.18,59.99,59.12,0.58,3.75,20.03,3.28,24128812886.0,24128812886.0,0.13,0.2,6.91,-11.79
2637,600894,广日股份,7.88,1.29,0.1,39380.0,30943877.0,1.67,7.9,7.77,7.78,7.78,1.21,0.47,184.05,0.78,6675985085.0,6643978227.0,0.0,0.25,-4.83,-10.96
2638,300061,旗天科技,6.28,1.29,0.08,129402.0,81209461.49,2.9,6.36,6.18,6.26,6.2,0.81,2.08,100.28,8.93,4138480292.0,3907225747.0,0.0,0.16,-44.33,-40.3
2639,688716,中研股份,27.41,1.29,0.35,11768.0,32383214.0,4.03,28.07,26.98,27.26,27.06,0.69,1.68,-173.22,2.89,3335248800.0,1916703730.0,-0.25,-0.22,-24.24,-34.97
2640,002671,龙泉股份,3.93,1.29,0.05,82521.0,32470303.0,1.55,3.96,3.9,3.92,3.88,0.99,1.5,-75.03,1.35,2207052025.0,2166986567.0,-0.25,0.0,-10.48,-25.0
2641,002713,东易日盛,9.45,1.29,0.12,127635.0,120201565.39,2.79,9.56,9.3,9.46,9.33,0.68,2.42,-132.04,10.35,8990778989.0,4975432853.0,-0.42,-0.42,-23.73,5.23
2642,603320,迪贝电气,16.52,1.29,0.21,13574.0,22341398.0,2.88,16.67,16.2,16.4,16.31,0.84,0.91,38.5,2.1,2463895274.0,2463895274.0,-0.06,0.12,-32.38,-12.55
2643,603077,和邦生物,2.38,1.28,0.03,1213579.0,288342852.0,2.13,2.4,2.35,2.36,2.35,0.8,1.37,27.65,1.11,21019459633.0,21019459633.0,0.0,-0.42,-5.18,5.31
2644,688525,佰维存储,234.67,1.28,2.97,169649.0,3981295598.0,2.63,237.6,231.5,235.5,231.7,0.55,3.6,9.54,13.12,110662547164.0,110662547164.0,0.03,0.09,-25.92,104.81
2645,603289,泰瑞机器,8.68,1.28,0.11,40341.0,35224126.0,1.63,8.79,8.65,8.65,8.57,0.44,1.37,115.67,1.76,2546693546.0,2546693546.0,-0.46,-0.34,-23.25,-12.94
2646,605588,冠石科技,47.4,1.28,0.6,13304.0,63238446.0,3.48,48.28,46.65,47.7,46.8,1.06,1.82,-39.59,3.67,3473257799.0,3464919191.0,0.23,0.28,-23.62,-6.12
2647,002186,全 聚 德,9.47,1.28,0.12,35181.0,33208131.38,1.93,9.51,9.33,9.4,9.35,0.83,1.15,107.16,3.41,2906547438.0,2905411038.0,0.0,0.0,-1.46,-19.61
2648,000799,酒鬼酒,38.77,1.28,0.49,59270.0,230002381.2,1.75,39.05,38.38,38.38,38.28,0.64,1.82,94.92,3.43,12597496555.0,12596304377.0,0.0,-0.05,-8.71,-28.57
2649,300955,嘉亨家化,30.89,1.28,0.39,10006.0,31004927.88,2.16,31.32,30.66,31.01,30.5,0.59,0.99,-186.05,3.6,3113712000.0,3113712000.0,0.03,0.13,-35.32,-25.58
2650,002190,成飞集成,23.02,1.28,0.29,43346.0,99594115.68,1.67,23.16,22.78,23.16,22.73,0.31,1.21,-100.49,1.9,8257949476.0,8257949476.0,0.0,0.0,-16.81,-37.92
2651,300690,双一科技,20.58,1.28,0.26,18922.0,39002147.0,1.92,20.79,20.4,20.6,20.32,0.72,1.7,40.03,2.19,3402880753.0,2296321710.0,0.0,0.1,-17.08,-37.18
2652,600521,华海药业,17.37,1.28,0.22,562538.0,988516293.0,4.43,17.93,17.17,17.5,17.15,1.34,3.76,16.09,2.75,26007270645.0,26007270645.0,0.0,-0.06,10.43,2.96
2653,600764,中国海防,17.4,1.28,0.22,34698.0,60251409.0,1.34,17.43,17.2,17.2,17.18,0.5,0.49,119.44,1.51,12364951316.0,12364951316.0,0.0,0.12,-16.91,-36.19
2654,605099,共创草坪,33.34,1.28,0.42,11248.0,37423663.0,2.79,33.66,32.74,32.84,32.92,1.18,0.28,16.72,4.47,13424775618.0,13406892042.0,0.0,-0.24,-18.32,-4.36
2655,300229,拓尔思,13.52,1.27,0.17,192725.0,262425613.58,3.15,13.8,13.38,13.59,13.35,0.67,2.21,-38.15,3.13,11811355001.0,11803368750.0,-0.07,-0.22,-21.98,-32.06
2656,920599,同力股份,16.8,1.27,0.21,17199.0,28713310.43,3.62,16.87,16.27,16.27,16.59,1.0,0.49,10.29,2.22,7770420000.0,5889649013.0,0.0,0.0,7.35,-16.13
2657,688459,哈铁科技,7.96,1.27,0.1,9620.0,7643292.0,1.91,7.99,7.84,7.84,7.86,0.6,0.2,-584.63,1.12,3820800000.0,3820800000.0,-0.13,0.0,-4.33,-16.47
2658,300068,ST南都,3.98,1.27,0.05,252102.0,99992943.59,1.53,4.0,3.94,3.95,3.93,0.64,2.95,-2.94,3.25,3575501850.0,3397652963.0,0.25,0.25,-9.13,-74.39
2659,688023,安恒信息,38.42,1.27,0.48,14438.0,55407146.0,2.74,38.79,37.75,38.1,37.94,0.5,1.41,-8.6,1.75,3925568994.0,3925568994.0,0.0,-0.1,-11.31,-25.27
2660,920028,新恒泰,14.3,1.27,0.18,15608.0,22229818.34,5.67,14.6,13.8,14.33,14.12,1.29,2.4,26.6,2.07,2350348000.0,928922280.0,0.14,0.0,-25.21,52.13
2661,300668,杰恩股份,34.39,1.27,0.43,72039.0,251748446.0,5.86,36.0,34.01,34.94,33.96,0.82,7.23,-159.18,5.31,4139911978.0,3428471914.0,-0.61,-0.66,-40.91,17.85
2662,600663,陆家嘴,9.55,1.27,0.12,212472.0,203905066.0,3.29,9.72,9.41,9.49,9.43,0.99,0.54,21.7,1.89,48085717634.0,37573688834.0,-0.31,-0.31,36.62,21.66
2663,600977,中国电影,11.93,1.27,0.15,208000.0,247378423.0,2.04,12.0,11.76,11.84,11.78,0.5,1.11,-48.85,2.04,22273310000.0,22273310000.0,0.0,0.0,-17.72,-23.96
2664,688519,南亚新材,282.0,1.26,3.5,56604.0,1617257218.0,8.32,296.66,273.5,286.33,278.5,0.74,2.41,110.44,23.55,66320884644.0,66320884644.0,-0.63,-0.1,30.37,250.09
2665,600917,重庆燃气,4.84,1.26,0.06,39499.0,19026264.0,1.26,4.84,4.78,4.79,4.78,0.95,0.25,-47.99,1.33,7555432438.0,7555432438.0,0.0,0.41,-6.56,-11.19
2666,300152,*ST动力,1.61,1.26,0.02,111895.0,17897568.0,1.89,1.61,1.58,1.59,1.59,0.49,1.57,-84.65,5.43,1147608000.0,1147564248.0,0.0,0.0,-9.55,-24.77
2667,603228,景旺电子,89.22,1.26,1.11,320642.0,2856922163.0,6.57,90.79,85.0,88.99,88.11,0.59,3.27,95.97,6.67,89326714793.0,87606324076.0,-0.22,-0.3,8.21,22.99
2668,300199,翰宇药业,24.1,1.26,0.3,623925.0,1531456010.75,5.25,25.13,23.88,24.51,23.8,1.16,8.37,41.63,28.7,21286116198.0,17958535425.0,0.04,-0.12,-2.11,34.64
2669,300209,行云科技,32.92,1.26,0.41,788991.0,2582647762.28,7.14,33.51,31.19,32.19,32.51,0.53,10.62,1272.15,32.53,30570701268.0,24456561021.0,0.15,0.0,28.95,504.04
2670,600919,江苏银行,12.1,1.26,0.15,1337452.0,1605116526.0,2.59,12.11,11.8,11.85,11.95,1.6,0.73,5.08,0.82,222051026002.0,222051026002.0,0.0,0.08,10.81,22.97
2671,002584,西陇科学,8.06,1.26,0.1,185723.0,149674490.65,2.26,8.16,7.98,8.01,7.96,0.89,3.96,98.43,2.16,4716844361.0,3775517808.0,-0.12,0.0,1.26,-12.49
2672,688757,胜科纳米,32.17,1.26,0.4,90885.0,293719745.0,4.75,33.12,31.61,32.33,31.77,0.61,5.02,437.54,14.91,12974530505.0,5829858563.0,-0.16,0.31,-22.46,22.55
2673,300533,冰川网络,14.43,1.26,0.18,36341.0,52426905.0,2.46,14.6,14.25,14.38,14.25,0.61,1.57,-121.29,3.68,4736600718.0,3332798240.0,0.0,0.07,-12.65,-40.1
2674,300539,横河精密,17.73,1.26,0.22,44555.0,78787618.92,3.54,17.98,17.36,17.8,17.51,0.73,2.04,118.89,4.16,4753424737.0,3863158442.0,0.06,0.0,-32.69,-57.61
2675,603511,爱慕股份,12.84,1.26,0.16,10382.0,13284249.0,1.89,12.92,12.68,12.69,12.68,0.63,0.26,13.89,1.2,5211426166.0,5160233086.0,0.31,0.0,-2.8,-15.08
2676,301289,国缆检测,42.95,1.25,0.53,5069.0,21845122.3,3.3,43.44,42.04,42.94,42.42,1.11,0.65,33.19,3.34,3350100000.0,3328663655.0,-0.07,-0.37,-16.75,-26.33
2677,301255,通力科技,20.23,1.25,0.25,8478.0,17198601.28,2.9,20.53,19.95,20.29,19.98,0.71,0.63,114.56,2.94,3081433600.0,2704283444.0,-0.1,-0.34,-26.03,-30.55
2678,603600,永艺股份,9.7,1.25,0.12,36441.0,35301768.0,2.19,9.77,9.56,9.56,9.58,0.92,1.1,11.12,1.43,3205201749.0,3205201749.0,0.0,-0.1,-7.18,-16.16
2679,688692,达梦数据,248.5,1.25,3.07,18217.0,461130823.0,5.88,258.88,244.44,246.47,245.43,1.06,2.46,46.46,7.46,28140140000.0,18429929938.0,0.06,0.1,-0.6,-4.52
2680,002324,普利特,8.91,1.25,0.11,111064.0,99205465.96,1.48,8.98,8.85,8.98,8.8,0.68,1.43,52.11,2.14,9910915970.0,6916618821.0,-0.11,-0.22,-30.66,-44.1
2681,603757,大元泵业,58.28,1.25,0.72,53785.0,312214227.0,3.67,58.99,56.88,58.48,57.56,0.42,2.88,237.19,5.21,10871974255.0,10871974255.0,0.0,0.5,10.38,31.89
2682,600362,江西铜业,44.57,1.25,0.55,522571.0,2364969607.0,4.16,46.11,44.28,45.3,44.02,0.88,2.52,13.69,1.86,154333849581.0,92493776841.0,0.04,0.04,2.41,-17.95
2683,002722,物产金轮,13.01,1.25,0.16,25302.0,33008833.04,2.02,13.13,12.87,12.95,12.85,0.73,1.14,16.97,0.97,2893059850.0,2892864700.0,0.15,0.0,-4.48,-12.09
2684,002674,兴业科技,28.41,1.25,0.35,158413.0,446183966.9,5.7,28.9,27.3,28.56,28.06,0.52,5.41,92.91,3.43,8396602319.0,8311733353.0,-0.11,0.5,86.79,90.16
2685,002806,华锋股份,13.74,1.25,0.17,35754.0,49196260.64,2.36,13.94,13.62,13.84,13.57,0.6,2.05,-45.93,2.62,2919464057.0,2392203868.0,0.0,-0.07,-10.08,10.27
2686,688449,联芸科技,68.2,1.25,0.84,100467.0,688703420.0,6.06,70.77,66.69,68.7,67.36,0.6,3.43,885.18,16.47,31372000000.0,19996522007.0,0.15,0.0,-12.66,51.12
2687,600755,厦门国贸,5.68,1.25,0.07,99360.0,56175972.0,1.43,5.69,5.61,5.62,5.61,0.89,0.47,11.93,0.64,12141687831.0,12110660206.0,0.0,-0.18,-1.05,-18.51
2688,300647,超频三,5.65,1.25,0.07,102325.0,58025611.0,4.3,5.78,5.54,5.59,5.58,0.61,2.24,74.57,5.88,2583863786.0,2580028108.0,0.0,0.0,-11.86,-18.0
2689,002060,广东建工,3.25,1.25,0.04,141208.0,45769358.98,2.18,3.27,3.2,3.2,3.21,1.09,0.9,27.27,0.87,12201778037.0,5079147645.0,0.0,0.0,-4.97,-6.07
2690,002293,罗莱生活,11.36,1.25,0.14,56490.0,63878680.6,1.96,11.4,11.18,11.34,11.22,1.09,0.68,16.11,2.38,9510719016.0,9431523424.0,0.26,0.18,14.75,15.33
2691,920703,广厦环能,9.81,1.24,0.12,4007.0,3938715.48,2.89,9.93,9.65,9.67,9.69,0.69,0.75,33.4,1.3,1478602440.0,522044516.0,0.0,0.1,-2.49,-31.92
2692,000060,中金岭南,6.51,1.24,0.08,1043488.0,685255312.15,3.27,6.67,6.46,6.54,6.43,1.05,2.35,14.35,1.47,28912032702.0,28911666514.0,0.0,0.0,-13.2,12.24
2693,603817,海峡环保,5.7,1.24,0.07,61850.0,35187154.0,1.6,5.72,5.63,5.63,5.63,0.98,1.08,12.03,1.0,3249479022.0,3249479022.0,0.18,0.0,-7.92,-19.15
2694,688018,乐鑫科技,112.2,1.24,1.37,36944.0,416228552.0,3.89,114.12,109.81,112.0,110.83,0.78,1.58,39.34,5.59,26297919694.0,26297919694.0,0.36,0.38,-13.02,-7.33
2695,002792,通宇通讯,31.73,1.24,0.39,414279.0,1303769171.37,7.02,32.5,30.3,31.8,31.34,0.62,12.26,-321.44,5.92,16621317232.0,10719170814.0,0.0,0.28,-30.19,-25.66
2696,688252,天德钰,20.39,1.24,0.25,58185.0,119833532.0,4.92,21.18,20.19,20.4,20.14,0.75,1.42,30.21,3.32,8339945143.0,8339945143.0,0.3,0.0,-13.93,-3.18
2697,600570,恒生电子,21.25,1.24,0.26,169041.0,358618862.0,1.86,21.38,20.99,20.99,20.99,0.69,0.89,72.49,4.19,40240018768.0,40240018768.0,0.0,0.0,-15.44,-29.05
2698,688659,元琛科技,10.65,1.24,0.13,23923.0,25403949.0,3.9,10.79,10.38,10.43,10.52,0.68,1.5,102.22,3.29,1704000000.0,1704000000.0,-0.09,-0.19,-1.11,12.7
2699,000530,冰山冷热,4.89,1.24,0.06,83091.0,40589943.78,1.86,4.92,4.83,4.84,4.83,0.67,1.38,43.73,1.31,4123309159.0,2934570785.0,0.0,-0.2,-11.41,-32.74
2700,000550,江铃汽车,16.37,1.24,0.2,35746.0,58411499.2,1.73,16.42,16.14,16.14,16.17,1.23,0.69,9.56,1.18,14130813180.0,8487241929.0,-0.12,0.0,1.3,-9.31
2701,603027,千禾味业,7.35,1.24,0.09,103676.0,75907467.0,1.52,7.37,7.26,7.28,7.26,0.86,0.78,16.51,2.99,9780928798.0,9780928798.0,0.0,0.0,-1.21,-23.83
2702,300673,佩蒂股份,13.02,1.24,0.16,20544.0,26721796.0,2.18,13.15,12.87,12.88,12.86,0.84,1.28,99.76,1.9,3219922232.0,2089205787.0,0.0,-0.15,-16.05,-26.36
2703,300380,安硕信息,27.83,1.24,0.34,17899.0,49753957.98,2.26,28.03,27.41,27.73,27.49,0.7,1.41,107.74,9.67,3852758762.0,3544583062.0,0.11,0.0,-17.95,-32.57
2704,920019,铜冠矿建,14.64,1.24,0.18,13283.0,19493241.68,2.14,14.82,14.51,14.61,14.46,0.73,0.79,46.06,3.37,3078304488.0,2452722150.0,0.0,-0.14,-16.34,-29.82
2705,300547,川环科技,24.46,1.24,0.3,49906.0,123083083.0,3.56,25.08,24.22,24.57,24.16,0.66,2.8,33.59,4.01,5305525016.0,4359349183.0,0.0,-0.04,-34.65,-37.47
2706,688271,联影医疗,109.99,1.23,1.34,72757.0,796369794.0,3.39,110.87,107.19,107.51,108.65,1.3,0.88,50.53,4.12,90649137100.0,90649137100.0,0.01,0.19,-9.64,-12.23
2707,603322,超讯科技,26.34,1.23,0.32,48104.0,127072968.0,3.65,26.95,26.0,26.3,26.02,0.57,3.05,40.12,13.23,4150836207.0,4150836207.0,0.0,0.08,-20.57,-31.33
2708,300141,和顺电气,9.84,1.23,0.12,60068.0,59354333.5,2.78,10.05,9.78,9.91,9.72,0.71,2.36,-94.96,4.1,2537190864.0,2505448598.0,0.1,0.0,-16.18,-21.72
2709,601137,博威合金,18.91,1.23,0.23,143565.0,270313357.0,3.59,19.18,18.51,18.79,18.68,0.76,1.56,-47.51,1.86,17361780284.0,17361780284.0,0.05,0.37,-11.05,-11.35
2710,301376,致欧科技,20.55,1.23,0.25,14584.0,30014292.0,3.2,20.86,20.21,20.34,20.3,0.45,0.75,27.5,2.46,8270737436.0,3979361061.0,-0.05,0.15,18.31,15.0
2711,000721,西安饮食,6.57,1.23,0.08,148385.0,96699224.51,3.24,6.6,6.39,6.52,6.49,1.37,2.9,-36.04,36.32,3770617004.0,3366207224.0,0.0,0.0,0.31,-26.59
2712,688816,易思维,48.6,1.23,0.59,3229.0,15717334.0,1.73,48.96,48.13,48.48,48.01,0.59,1.57,-40.26,2.71,4860000000.0,998050475.0,-0.16,-0.02,-24.02,-12.76
2713,300818,耐普矿机,18.96,1.23,0.23,25677.0,49027027.8,3.52,19.46,18.8,19.0,18.73,0.66,1.81,-176.86,2.33,4159907140.0,2694764361.0,0.21,0.26,-23.73,-34.76
2714,603701,德宏股份,19.08,1.22,0.23,18235.0,34816542.0,2.76,19.35,18.83,18.83,18.85,0.6,0.7,203.54,6.19,4986785071.0,4986785071.0,0.05,-0.05,-23.1,-5.17
2715,300428,立中集团,18.23,1.22,0.22,40804.0,74563109.52,1.83,18.41,18.08,18.19,18.01,0.82,0.68,15.73,1.42,12498151711.0,10878956658.0,0.05,0.05,-15.68,-20.6
2716,600545,卓郎智能,4.15,1.22,0.05,711228.0,295980042.0,3.41,4.24,4.1,4.2,4.1,0.75,3.98,-61.64,2.83,7419835721.0,7419835721.0,0.0,0.0,-43.61,62.11
2717,300602,飞荣达,40.52,1.22,0.49,187187.0,758512745.67,3.75,41.41,39.91,40.88,40.03,0.68,4.67,76.8,5.71,23762695928.0,16255785277.0,-0.15,-0.15,-9.61,22.42
2718,601388,怡球资源,3.31,1.22,0.04,221719.0,73376684.0,1.83,3.34,3.28,3.3,3.27,0.71,1.01,30.37,1.57,7286046859.0,7286046859.0,0.3,0.0,-7.02,10.7
2719,002597,金禾实业,19.99,1.22,0.24,40817.0,81294575.0,1.82,20.05,19.69,19.7,19.75,0.75,0.72,29.6,1.46,11360714361.0,11339263912.0,0.0,0.0,-5.44,-2.77
2720,300066,三川智慧,4.96,1.22,0.06,123829.0,61810243.02,1.84,5.03,4.94,4.96,4.9,0.83,1.24,86.03,2.0,5158564980.0,4950572602.0,-0.2,0.0,-8.32,-19.74
2721,002771,真视通,12.45,1.22,0.15,36663.0,45755633.0,3.01,12.62,12.25,12.49,12.3,0.73,2.1,-49.31,4.41,2611563045.0,2172707455.0,-0.08,-0.16,-24.5,-17.71
2722,301219,腾远钴业,47.46,1.22,0.57,71381.0,338858924.62,3.13,48.15,46.68,47.79,46.89,0.94,2.61,8.55,1.9,18169175729.0,12967977329.0,0.11,0.34,-21.46,-8.38
2723,603288,海天味业,35.75,1.22,0.43,108396.0,386494978.0,1.73,35.88,35.27,35.3,35.32,0.98,0.19,21.4,5.6,209174860323.0,198763588023.0,0.06,0.08,2.0,-0.47
2724,601083,锦江航运,11.62,1.22,0.14,90781.0,105569847.0,3.31,11.77,11.39,11.39,11.48,1.73,4.68,11.21,1.69,15037674400.0,2255674400.0,0.09,0.09,6.8,10.14
2725,920571,国航远洋,9.15,1.22,0.11,260585.0,240171305.02,10.18,9.55,8.63,8.67,9.04,1.35,8.8,20.5,3.74,5081978195.0,2709170906.0,0.0,0.33,-4.49,-7.01
2726,603499,翔港科技,11.72,1.21,0.14,50950.0,60271842.0,3.11,11.96,11.6,11.69,11.58,1.28,1.2,30.06,5.21,4964968751.0,4964968751.0,-0.09,-0.09,-17.81,-19.39
2727,002256,兆新股份,3.34,1.21,0.04,386991.0,129159313.98,3.94,3.43,3.3,3.34,3.3,0.53,1.92,158.92,5.64,6815724658.0,6727918733.0,-0.3,0.0,-21.96,-4.3
2728,301025,读客文化,9.18,1.21,0.11,139097.0,127526520.0,5.4,9.38,8.89,9.1,9.07,0.52,5.02,168.02,5.87,3674840292.0,2544243793.0,0.22,0.0,-5.65,-5.94
2729,000795,英洛华,8.39,1.21,0.1,81409.0,68514726.0,1.93,8.48,8.32,8.35,8.29,0.67,0.73,33.77,3.63,9365343490.0,9365329337.0,-0.12,-0.36,-3.23,-14.82
2730,301165,锐捷网络,123.3,1.21,1.48,189723.0,2336202531.46,5.31,125.97,119.5,124.02,121.82,0.59,1.7,98.9,25.73,137311363558.0,137311363558.0,0.0,-0.08,85.3,95.56
2731,600770,综艺股份,5.03,1.21,0.06,162783.0,82097176.0,2.01,5.09,4.99,5.01,4.97,0.65,1.25,69.36,1.92,6539000000.0,6539000000.0,0.2,0.2,-20.79,-2.71
2732,300983,尤安设计,40.1,1.21,0.48,10800.0,43000532.94,4.01,40.59,39.0,39.0,39.62,0.54,0.71,-2065.72,2.51,6929280000.0,6127690544.0,0.2,0.6,11.08,49.63
2733,603235,天新药业,23.39,1.21,0.28,6346.0,14898325.0,1.77,23.61,23.2,23.35,23.11,0.95,0.14,17.41,2.12,10239674200.0,10239674200.0,0.04,-0.09,-3.03,-11.47
2734,002782,可立克,15.11,1.21,0.18,79895.0,120922183.4,2.34,15.32,14.97,15.2,14.93,0.65,1.63,73.55,3.5,7491749736.0,7402633782.0,-0.07,-0.07,-49.87,-15.87
2735,002942,新农股份,15.84,1.21,0.19,21140.0,33276342.4,2.24,15.87,15.52,15.57,15.65,1.16,1.52,13.35,2.03,2462814605.0,2197928035.0,0.25,0.19,-7.15,-15.83
2736,000009,中国宝安,7.5,1.21,0.09,219900.0,165276579.19,3.24,7.65,7.41,7.47,7.41,0.73,0.85,276.94,1.94,19344104738.0,19320153488.0,0.0,0.0,1.08,-23.86
2737,920856,浩淼科技,14.24,1.21,0.17,39869.0,55764264.76,6.89,14.49,13.52,13.84,14.07,0.54,7.51,-103.34,2.98,1354603183.0,755574927.0,0.42,-0.77,42.69,-14.17
2738,688352,颀中科技,18.36,1.21,0.22,244963.0,454202615.0,5.62,19.13,18.11,18.59,18.14,0.78,6.69,-35.99,3.79,21840539588.0,6727392399.0,-0.16,-0.11,2.97,46.18
2739,300882,万胜智能,14.34,1.2,0.17,17121.0,24592655.52,1.98,14.5,14.22,14.43,14.17,0.76,0.64,46.01,3.33,4104125036.0,3819129610.0,0.14,0.07,-16.19,-22.9
2740,300511,雪榕生物,5.92,1.2,0.07,733963.0,427944080.43,5.64,6.0,5.67,5.81,5.85,1.51,13.44,5.48,2.13,3793814335.0,3232338151.0,-0.17,-0.34,-2.63,-5.13
2741,002548,金新农,4.22,1.2,0.05,458457.0,190495064.25,4.56,4.24,4.05,4.16,4.17,1.29,5.7,-4.73,3.34,3494892837.0,3394869696.0,-0.24,-0.24,0.48,-30.59
2742,002889,东方嘉盛,12.63,1.2,0.15,45838.0,58035859.72,2.16,12.8,12.53,12.72,12.48,1.25,1.82,30.83,1.91,4769940171.0,3173234378.0,-0.08,0.08,6.4,-17.61
2743,002959,小熊电器,33.68,1.2,0.4,6084.0,20496067.31,1.8,33.91,33.31,33.57,33.28,0.54,0.44,21.82,1.81,5248473762.0,4708275055.0,-0.21,-0.24,-11.65,-17.73
2744,605368,蓝天燃气,6.73,1.2,0.08,48916.0,32778052.0,1.5,6.73,6.63,6.65,6.65,1.24,0.68,14.01,1.45,4809499708.0,4809499708.0,0.15,0.15,-2.6,-12.82
2745,603738,泰晶科技,36.33,1.2,0.43,428751.0,1518156001.0,6.52,36.39,34.05,35.51,35.9,0.84,11.11,152.09,7.78,14019292584.0,14019292584.0,0.03,0.08,-20.9,131.84
2746,002347,泰尔股份,5.92,1.2,0.07,92657.0,54827512.0,2.74,5.99,5.83,5.91,5.85,0.45,1.88,-97.84,2.71,2987837474.0,2920826774.0,-0.17,-0.17,-19.02,-52.18
2747,688682,霍莱沃,31.3,1.2,0.37,11127.0,34877321.0,3.78,31.88,30.71,30.71,30.93,0.84,1.09,122.84,5.33,3187557414.0,3187557414.0,-0.32,-0.03,-32.24,-40.62
2748,301622,英思特,40.53,1.2,0.48,10911.0,44357160.17,3.25,41.1,39.8,40.42,40.05,0.95,1.69,-93.05,3.06,4698719096.0,2620645320.0,0.27,0.12,-30.86,-36.92
2749,603585,苏利股份,10.15,1.2,0.12,31639.0,31984805.0,1.79,10.21,10.03,10.03,10.03,0.81,1.17,25.91,1.0,2794861482.0,2748579512.0,0.3,0.3,-11.12,-23.22
2750,300562,乐心医疗,15.18,1.2,0.18,85489.0,131204396.0,4.4,15.68,15.02,15.3,15.0,0.52,5.12,25.86,3.21,3317948584.0,2533971336.0,-0.07,0.13,22.12,15.0
2751,000409,云鼎科技,8.52,1.19,0.1,36076.0,30716479.16,1.54,8.57,8.44,8.45,8.42,0.82,0.61,73.06,3.52,5773692211.0,5030837918.0,0.0,0.12,-14.46,-23.52
2752,300154,瑞凌股份,11.93,1.19,0.14,199864.0,242624043.0,6.19,12.52,11.79,11.79,11.79,0.95,6.34,48.1,3.14,5363193548.0,3759792600.0,0.25,0.25,19.42,23.63
2753,600399,抚顺特钢,4.25,1.19,0.05,253494.0,107235112.0,1.67,4.26,4.19,4.2,4.2,0.79,1.29,-16.6,1.59,8381425000.0,8381425000.0,0.0,0.0,-14.31,-27.23
2754,920663,明阳科技,12.71,1.19,0.15,3032.0,3865641.0,2.39,12.88,12.58,12.64,12.56,0.36,0.47,19.99,4.19,1697452402.0,814412569.0,0.24,0.08,-22.64,-28.56
2755,603231,索宝蛋白,16.1,1.19,0.19,17287.0,27692685.0,1.51,16.12,15.88,16.02,15.91,0.91,1.63,24.25,1.57,3082491591.0,1710882310.0,0.0,0.31,-0.19,-10.31
2756,601065,江盐集团,6.78,1.19,0.08,27470.0,18568798.0,1.34,6.8,6.71,6.71,6.7,0.68,0.43,41.44,0.98,4358021816.0,4358021816.0,-0.15,-0.15,-10.55,-17.11
2757,301115,联检科技,30.58,1.19,0.36,62696.0,192090076.29,7.78,31.65,29.3,30.22,30.22,0.97,4.2,-43.29,2.27,5567311622.0,4562601747.0,-0.03,-0.13,-4.02,94.9
2758,300397,天和防务,11.08,1.19,0.13,148623.0,165310431.71,3.11,11.24,10.9,11.17,10.95,0.49,3.64,134.9,4.0,5735415135.0,4522443990.0,0.09,0.09,-19.71,-25.24
2759,300224,正海磁材,11.02,1.19,0.13,94009.0,104141874.73,1.74,11.17,10.98,11.02,10.89,0.73,1.01,54.5,2.05,10256318595.0,10218555579.0,-0.09,-0.27,-13.57,-27.79
2760,601566,九牧王,8.47,1.19,0.1,55571.0,46813201.0,2.75,8.53,8.3,8.45,8.37,0.84,0.97,17.53,1.28,4867176661.0,4867176661.0,-0.24,-0.12,-27.23,-32.83
2761,688597,煜邦电力,6.79,1.19,0.08,44124.0,29843503.0,2.68,6.88,6.7,6.75,6.71,0.35,1.31,-25.42,2.87,2281849274.0,2281849274.0,0.44,0.44,-13.28,-17.3
2762,600642,申能股份,8.49,1.19,0.1,170570.0,144558003.0,1.31,8.52,8.41,8.41,8.39,0.68,0.35,13.18,1.16,41550733902.0,41548473694.0,0.12,0.0,-9.58,15.98
2763,300470,中密控股,28.17,1.19,0.33,11771.0,33136014.0,1.36,28.24,27.86,27.99,27.84,0.51,0.6,22.01,2.04,5857521541.0,5558918076.0,-0.11,-0.11,-7.79,-24.07
2764,002456,欧菲光,6.83,1.19,0.08,637630.0,437591852.68,2.07,6.93,6.79,6.83,6.75,0.78,1.92,-24.12,4.56,23877100925.0,22659310525.0,-0.15,-0.15,-27.11,-35.69
2765,601890,亚星锚链,8.47,1.19,0.1,212179.0,179744561.0,2.27,8.56,8.37,8.4,8.37,0.36,2.21,24.07,2.12,8126118000.0,8126118000.0,0.0,0.0,-7.13,-17.2
2766,301231,荣信文化,27.52,1.18,0.32,45764.0,128329996.32,7.21,29.0,27.04,27.75,27.2,0.99,6.99,-48.74,2.86,2322688000.0,1800661120.0,-0.15,-0.07,-7.99,-11.45
2767,002527,新时达,11.13,1.18,0.13,63364.0,70731496.0,2.27,11.28,11.03,11.11,11.0,0.93,1.2,-245.58,5.93,7379872169.0,5886530485.0,0.0,0.0,-18.22,-37.26
2768,301066,万事利,12.01,1.18,0.14,26569.0,31849774.78,2.19,12.08,11.82,11.98,11.87,0.76,1.14,47.31,2.21,2821426563.0,2799731207.0,0.08,-0.17,-17.06,-38.85
2769,600506,统一股份,14.61,1.18,0.17,37475.0,54599618.0,1.94,14.71,14.43,14.48,14.44,0.94,1.5,14.46,7.29,3647015611.0,3647015611.0,0.21,0.21,-18.7,-27.42
2770,688153,唯捷创芯,25.82,1.18,0.3,38301.0,99442170.0,3.76,26.38,25.42,25.83,25.52,0.88,0.92,-57.71,2.82,11110681867.0,10797026342.0,-0.15,-0.15,-19.19,-31.26
2771,000552,甘肃能化,2.57,1.18,0.03,892313.0,230356674.84,4.33,2.63,2.52,2.53,2.54,1.48,2.39,52.71,0.84,13754169114.0,9575340803.0,0.0,0.0,-1.91,11.26
2772,603989,艾华集团,28.21,1.18,0.33,257918.0,731532726.0,4.88,28.99,27.63,28.44,27.88,0.59,6.47,40.86,2.91,11249579851.0,11249579851.0,0.04,0.04,-18.77,70.14
2773,002506,协鑫集成,2.57,1.18,0.03,1450055.0,372607155.0,2.36,2.6,2.54,2.57,2.54,0.71,2.48,-20.12,15.97,15035313217.0,15020204123.0,-0.39,-0.39,-27.81,-8.21
2774,603160,汇顶科技,49.71,1.18,0.58,38171.0,189875863.0,2.63,50.44,49.15,49.5,49.13,0.86,0.82,49.42,2.51,23164002751.0,23164002751.0,0.0,0.0,-25.25,-36.76
2775,688231,隆达股份,29.43,1.17,0.34,25913.0,76441720.0,5.16,30.3,28.8,29.21,29.09,0.73,0.81,49.42,3.37,9405218475.0,9405218475.0,0.27,0.14,-26.65,46.93
2776,600835,上海机电,18.23,1.17,0.21,34801.0,63226981.0,1.39,18.29,18.04,18.19,18.02,0.55,0.43,25.72,1.31,18362983201.0,14702573389.0,0.0,0.11,-21.39,-38.93
2777,300067,安诺其,5.2,1.17,0.06,403803.0,209463718.64,3.31,5.29,5.12,5.19,5.14,0.48,4.31,149.05,2.41,6002747785.0,4873771136.0,0.0,0.0,-13.91,4.0
2778,301458,钧崴电子,38.1,1.17,0.44,60230.0,230923884.02,3.74,39.11,37.7,38.32,37.66,0.71,5.13,68.74,6.32,10160001270.0,4476063705.0,-0.03,0.0,-16.43,20.04
2779,688775,影石创新,119.38,1.17,1.38,35398.0,421344902.0,5.19,122.32,116.2,119.0,118.0,0.67,1.36,141.43,8.39,47871380000.0,30962185617.0,0.0,-0.4,-32.03,-49.18
2780,603628,清源股份,9.52,1.17,0.11,23817.0,22659241.0,1.38,9.58,9.45,9.52,9.41,0.7,0.88,144.2,2.0,2595524451.0,2591093367.0,-0.21,-0.1,-13.22,-29.27
2781,603619,中曼石油,22.46,1.17,0.26,388889.0,881369027.0,6.94,23.46,21.92,22.0,22.2,1.41,8.41,82.01,2.41,10384121834.0,10384121834.0,-0.09,-0.04,-10.41,-1.96
2782,301102,兆讯传媒,9.49,1.17,0.11,16691.0,15865451.0,2.24,9.59,9.38,9.51,9.38,0.77,0.41,168.21,1.3,3852940000.0,3852940000.0,0.21,-0.11,-6.04,-9.45
2783,601577,长沙银行,9.54,1.17,0.11,217089.0,205520343.0,3.08,9.6,9.31,9.35,9.43,1.54,0.54,4.17,0.53,38365622813.0,38357321783.0,-0.31,-0.42,5.07,0.74
2784,600053,*ST九鼎,6.91,1.17,0.08,9340.0,6427474.0,1.76,6.95,6.83,6.83,6.83,0.73,0.22,-21.89,1.35,2995766928.0,2995766928.0,0.44,0.44,-22.36,-65.22
2785,600016,民生银行,3.47,1.17,0.04,2447700.0,841787024.0,2.33,3.48,3.4,3.42,3.43,1.41,0.69,3.3,0.27,151924992202.0,123053567549.0,0.0,0.0,0.87,-8.2
2786,300665,飞鹿股份,9.49,1.17,0.11,49881.0,47385691.48,2.99,9.64,9.36,9.45,9.38,0.69,2.29,-91.05,4.83,2178341528.0,2068923906.0,-0.11,0.11,-0.11,-2.77
2787,002742,冀衡医药,4.34,1.17,0.05,669038.0,301702345.47,10.96,4.72,4.25,4.25,4.29,2.09,12.77,-73.71,20.03,2969002858.0,2273817674.0,0.0,0.0,2.36,-3.98
2788,002426,胜利精密,2.59,1.17,0.03,665843.0,172578207.09,2.34,2.62,2.56,2.58,2.56,0.55,1.96,-29.19,5.37,8812801122.0,8812733718.0,0.0,0.0,-24.93,-32.38
2789,300771,智莱科技,11.38,1.16,0.13,32883.0,37476191.5,1.87,11.5,11.29,11.36,11.25,0.95,1.74,43.36,1.4,2731200000.0,2151699367.0,0.0,0.18,-4.93,-25.62
2790,002394,联发股份,9.59,1.16,0.11,31338.0,30087865.12,2.32,9.71,9.49,9.58,9.48,0.77,0.97,69.29,0.74,3104283000.0,3098733325.0,-0.1,0.21,-7.52,-37.57
2791,000959,首钢股份,3.5,1.16,0.04,342455.0,120655490.54,3.76,3.58,3.45,3.46,3.46,1.33,0.46,38.98,0.54,27142385795.0,26080625914.0,0.0,0.0,-3.05,-27.98
2792,605018,长华集团,12.21,1.16,0.14,31186.0,38213225.0,2.07,12.38,12.13,12.13,12.07,0.7,0.66,93.02,2.08,5739503333.0,5739503333.0,0.16,0.25,-11.52,6.82
2793,301592,六九一二,105.71,1.16,1.21,7974.0,84564991.41,3.01,107.46,104.31,104.51,104.5,0.73,3.41,-137.11,7.93,7399700000.0,2469219001.0,-0.02,0.07,-8.41,-13.44
2794,601958,金钼股份,21.8,1.16,0.25,400890.0,888270248.0,4.45,22.59,21.63,21.95,21.55,1.05,1.24,20.21,3.4,70339975920.0,70339975920.0,-0.18,-0.09,-9.2,43.61
2795,002839,张家港行,4.36,1.16,0.05,343614.0,148971627.4,2.55,4.39,4.28,4.29,4.31,1.34,1.41,4.62,0.57,10657344087.0,10647207449.0,-0.23,-0.23,3.56,-2.02
2796,601390,中国中铁,4.36,1.16,0.05,750846.0,326251419.0,1.62,4.37,4.3,4.3,4.31,1.1,0.37,6.13,0.33,106956513034.0,88612292634.0,0.0,0.0,-6.03,-18.05
2797,300527,ST应急,7.83,1.16,0.09,43607.0,34028640.23,1.42,7.85,7.74,7.74,7.74,0.93,0.43,-70.05,2.76,7961312013.0,7961312013.0,0.13,0.13,3.85,-2.85
2798,002608,江苏国信,7.04,1.15,0.08,109824.0,77162546.42,1.44,7.07,6.97,6.98,6.96,0.66,0.29,8.52,0.75,26597681116.0,26597681116.0,-0.14,0.0,-12.87,-3.03
2799,000001,平安银行,11.4,1.15,0.13,1183578.0,1338932697.29,1.86,11.4,11.19,11.2,11.27,1.25,0.61,4.3,0.47,221227467457.0,221224808897.0,0.09,0.09,9.62,3.17
2800,000401,金隅冀东,3.53,1.15,0.04,103140.0,36249831.4,2.01,3.55,3.48,3.5,3.49,1.27,0.39,-2.36,0.36,9376198868.0,9288682049.0,-0.28,0.0,-8.79,-18.1
2801,600887,伊利股份,25.52,1.15,0.29,671010.0,1696872548.0,1.9,25.52,25.04,25.1,25.23,1.25,1.07,7.48,3.0,161423204222.0,160621086480.0,0.28,0.28,-0.78,-7.87
2802,001215,千味央厨,31.66,1.15,0.36,12992.0,40950053.47,1.98,31.77,31.15,31.5,31.3,0.62,1.34,34.02,1.65,3076099720.0,3067905986.0,-0.03,-0.09,-24.31,-17.77
2803,002225,濮耐股份,3.51,1.15,0.04,236454.0,82748288.0,3.75,3.55,3.42,3.5,3.47,0.75,2.43,133.8,1.0,4068929406.0,3422000976.0,-0.28,0.0,-7.39,-37.88
2804,002078,太阳纸业,14.04,1.15,0.16,132846.0,185513613.17,2.38,14.11,13.78,13.9,13.88,1.15,0.48,11.05,1.29,40072759071.0,38983150740.0,0.07,0.07,2.93,-9.71
2805,000876,新 希 望,7.03,1.15,0.08,335766.0,234457659.4,2.45,7.05,6.88,6.95,6.95,0.75,0.75,-8.82,1.68,31654511238.0,31635045948.0,0.0,0.0,-11.57,-23.75
2806,600579,中化装备,7.02,1.15,0.08,36965.0,25967647.0,1.59,7.08,6.97,7.0,6.94,0.61,0.75,-24.56,2.28,3465077328.0,3465077328.0,0.0,0.0,5.56,-15.42
2807,600876,凯盛新能,7.03,1.15,0.08,23651.0,16579909.0,2.16,7.07,6.92,6.93,6.95,0.79,0.6,-3.21,1.65,4539094990.0,2781594990.0,0.0,-0.28,-20.48,-28.7
2808,002681,奋达科技,4.38,1.15,0.05,231630.0,101166491.0,2.31,4.41,4.31,4.35,4.33,0.68,1.48,-123.78,3.69,7860576776.0,6873379903.0,0.0,-0.23,-22.06,-34.14
2809,000800,一汽解放,6.18,1.15,0.07,147396.0,91199871.1,2.45,6.25,6.1,6.12,6.11,1.32,0.3,76.56,1.16,30413516426.0,30410779971.0,-0.16,-0.16,3.0,-8.31
2810,001914,招商积余,8.89,1.14,0.1,103004.0,91153932.14,2.96,8.94,8.68,8.76,8.79,1.35,0.98,10.04,0.88,9367569538.0,9367535756.0,0.23,0.11,-4.2,-14.68
2811,600928,西安银行,3.56,1.14,0.04,229633.0,81079086.0,2.27,3.57,3.49,3.51,3.52,1.33,0.52,5.23,0.45,15822222224.0,15747140475.0,0.0,-0.28,5.33,-1.11
2812,603719,良品铺子,9.73,1.14,0.11,35457.0,34271860.0,3.22,9.81,9.5,9.62,9.62,0.74,0.89,20.29,1.99,3872378482.0,3872378482.0,-0.21,0.0,-4.7,-15.1
2813,600637,东方明珠,7.97,1.14,0.09,221552.0,176094679.0,1.4,7.99,7.88,7.88,7.88,0.65,0.66,108.67,0.91,26794341541.0,26794341541.0,0.13,0.25,-22.17,-18.0
2814,600177,雅戈尔,8.0,1.14,0.09,293012.0,233595854.0,1.64,8.03,7.9,7.92,7.91,1.12,0.65,10.03,0.89,36987535216.0,36027535464.0,-0.12,-0.12,9.29,9.29
2815,603920,世运电路,38.13,1.14,0.43,201478.0,765283743.0,4.19,38.74,37.16,38.33,37.7,0.53,2.8,163.39,4.35,27476185047.0,27476185047.0,0.05,0.0,-44.34,-20.74
2816,002063,远光软件,5.33,1.14,0.06,166060.0,88625886.33,1.33,5.36,5.29,5.31,5.27,0.68,0.94,235.86,2.6,10209470115.0,9429633796.0,0.0,-0.19,-12.48,-11.75
2817,301518,长华化学,25.71,1.14,0.29,16980.0,43668490.87,2.87,26.03,25.3,25.55,25.42,0.32,2.89,74.09,2.3,3740021231.0,1510193548.0,0.0,-0.04,-18.69,-27.17
2818,603198,迎驾贡酒,39.95,1.14,0.45,61297.0,243714055.0,2.91,40.33,39.18,39.5,39.5,0.77,0.77,9.57,3.11,31960000000.0,31960000000.0,0.13,0.2,13.14,4.97
2819,688081,兴图新科,28.42,1.14,0.32,13052.0,37103855.0,3.84,28.89,27.81,28.15,28.1,0.79,1.27,-241.77,7.43,2928396800.0,2928396800.0,0.0,0.18,-48.88,-21.23
2820,002936,郑州银行,1.78,1.14,0.02,1071022.0,189451945.51,2.27,1.79,1.75,1.76,1.76,1.38,1.52,3.78,0.35,16183922617.0,12512146686.0,0.0,0.0,-0.56,-7.77
2821,920974,凯大催化,6.21,1.14,0.07,14265.0,8816759.77,1.79,6.23,6.12,6.12,6.14,1.21,1.14,27.08,1.54,1017198000.0,779194900.0,0.0,0.16,-16.64,-21.29
2822,002243,力合科创,7.16,1.13,0.08,90057.0,64437573.4,1.55,7.21,7.1,7.17,7.08,0.81,0.75,-100.88,1.2,8667926208.0,8621658796.0,-0.14,-0.14,-15.76,-27.68
2823,000501,武商集团,7.13,1.13,0.08,65383.0,46394347.0,2.41,7.15,6.98,7.05,7.05,0.97,0.85,11.11,0.5,5482918172.0,5477935443.0,0.28,0.28,-7.76,-28.84
2824,600523,贵航股份,11.6,1.13,0.13,27322.0,31570830.0,2.09,11.66,11.42,11.66,11.47,0.36,0.68,22.71,1.44,4690011312.0,4686917592.0,0.09,0.09,-3.41,-25.5
2825,688230,芯导科技,54.7,1.13,0.61,10655.0,58702516.0,4.05,56.19,54.0,54.78,54.09,0.81,0.91,53.68,2.86,6432720000.0,6432720000.0,0.15,-0.13,-24.34,-24.08
2826,600753,ST海钦,9.86,1.13,0.11,7361.0,7238727.0,2.36,9.9,9.67,9.74,9.75,0.51,0.32,54.12,26.27,2270828746.0,2270828746.0,0.31,0.0,-22.85,16.14
2827,002377,国创高新,2.69,1.13,0.03,137188.0,36843625.0,2.63,2.72,2.65,2.69,2.66,0.63,1.57,90.24,6.2,2464914791.0,2346816985.0,-0.37,-0.37,-9.12,-5.94
2828,002511,中顺洁柔,7.19,1.13,0.08,101354.0,72755618.0,1.97,7.23,7.09,7.16,7.11,1.01,0.8,22.43,1.67,9211386627.0,9095378278.0,0.0,0.0,-2.18,-15.61
2829,605299,舒华体育,12.57,1.13,0.14,100747.0,126899635.0,2.98,12.75,12.38,12.56,12.43,1.02,2.47,55.19,4.21,5124277502.0,5124277502.0,-0.08,-0.08,-27.17,11.34
2830,002100,天康生物,7.17,1.13,0.08,165615.0,118522550.23,2.54,7.23,7.05,7.11,7.09,0.84,1.21,-14.99,1.45,9788853363.0,9788853363.0,-0.14,-0.14,7.98,-1.65
2831,688277,天智航-U,16.06,1.13,0.18,77645.0,126806736.0,5.1,16.71,15.9,15.9,15.88,0.91,1.66,-40.32,6.22,7491104436.0,7491104436.0,-0.06,-0.19,-11.66,5.73
2832,002593,日上集团,4.46,1.13,0.05,102512.0,45624684.0,1.81,4.48,4.4,4.44,4.41,0.93,1.83,27.8,1.47,3585206809.0,2499849307.0,-0.45,-0.22,-5.91,-23.89
2833,601128,常熟银行,6.26,1.13,0.07,560992.0,349419140.0,2.1,6.28,6.15,6.17,6.19,1.5,1.54,4.74,0.72,22837602067.0,22837602067.0,0.0,-0.16,-0.32,-0.48
2834,688590,新致软件,12.58,1.13,0.14,36180.0,45515160.0,2.65,12.74,12.41,12.5,12.44,0.56,1.29,566.55,2.21,3935843524.0,3541486175.0,0.08,0.24,-17.13,-32.58
2835,920027,交大铁发,11.63,1.13,0.13,6368.0,7381162.82,1.91,11.72,11.5,11.52,11.5,0.66,0.88,52.07,2.65,1197477717.0,837928998.0,0.09,0.52,-4.04,-28.78
2836,002424,ST百灵,4.52,1.12,0.05,74375.0,33622125.0,1.57,4.56,4.49,4.5,4.47,0.8,0.65,56.02,1.98,6317144768.0,5206488293.0,0.0,0.0,-1.31,3.91
2837,002130,沃尔核材,16.28,1.12,0.18,173607.0,283985576.21,2.24,16.48,16.12,16.42,16.1,0.75,1.51,24.63,2.55,22790166253.0,18672382695.0,-0.06,-0.06,-25.46,-37.77
2838,605303,园林股份,20.7,1.12,0.23,17703.0,36564663.0,2.49,20.9,20.39,20.67,20.47,0.52,1.1,-72.05,3.94,3337614346.0,3337614346.0,0.1,0.24,-25.75,19.65
2839,000839,国安股份,2.7,1.12,0.03,540208.0,146783840.75,3.75,2.77,2.67,2.68,2.67,0.63,1.38,-822.96,6.81,10583531150.0,10583531150.0,0.0,-0.37,-10.89,2.27
2840,603955,大千生态,18.92,1.12,0.21,20508.0,38793735.0,3.15,19.22,18.63,18.79,18.71,0.87,1.51,-50.82,1.8,2567822400.0,2567822400.0,-0.05,-0.32,-16.54,-34.78
2841,601162,天风证券,3.6,1.12,0.04,896304.0,320246637.0,1.97,3.61,3.54,3.56,3.56,0.5,1.04,40556.6,1.32,36266346842.0,30952693706.0,0.28,0.28,5.88,-13.46
2842,000582,北部湾港,10.87,1.12,0.12,407994.0,438869048.76,3.81,10.96,10.55,10.74,10.75,0.71,1.89,24.52,1.33,27360708298.0,23444940184.0,-0.09,-0.18,-19.18,16.88
2843,920786,骑士乳业,7.2,1.12,0.08,94067.0,67296088.75,5.34,7.39,7.01,7.13,7.12,0.71,6.81,30.2,2.0,1505181600.0,993970476.0,0.0,-0.14,-3.61,-26.08
2844,002789,*ST建艺,9.97,1.12,0.11,15053.0,15052028.0,3.04,10.16,9.86,9.86,9.86,0.94,0.96,-7.49,10.47,1591446435.0,1560036299.0,0.0,0.5,-19.6,-4.87
2845,600361,创新新材,3.62,1.12,0.04,319247.0,115447229.0,1.96,3.65,3.58,3.58,3.58,0.95,0.86,12.68,1.22,13512239745.0,13512239745.0,0.28,0.28,-19.56,-12.77
2846,600782,新钢股份,2.72,1.12,0.03,447129.0,121540031.0,2.23,2.74,2.68,2.68,2.69,1.42,1.42,-2.96,0.35,8660540245.0,8556173845.0,0.0,0.0,1.49,-27.47
2847,000659,珠海中富,2.72,1.12,0.03,235123.0,64156668.0,2.97,2.77,2.69,2.73,2.69,0.82,1.83,-63.45,51.26,3497110854.0,3497110854.0,0.0,0.37,-34.14,-33.0
2848,002451,摩恩电气,7.24,1.12,0.08,51324.0,37002045.0,1.54,7.26,7.15,7.26,7.16,0.69,1.17,133.99,4.16,3190450800.0,3179438760.0,0.14,0.28,-14.22,-28.46
2849,688032,禾迈股份,75.7,1.12,0.84,7442.0,56367709.0,1.63,76.27,75.05,75.2,74.86,0.91,0.6,-37.76,1.66,9392367357.0,9392367357.0,-0.18,-0.2,-23.8,-24.89
2850,300525,博思软件,8.2,1.11,0.09,94319.0,77321100.67,2.22,8.28,8.1,8.16,8.11,0.44,1.53,-24.69,2.51,6163411740.0,5056443416.0,0.0,0.0,-7.66,-41.6
2851,300648,星云股份,38.35,1.11,0.42,14403.0,55377988.8,2.85,38.98,37.9,37.9,37.93,0.76,1.09,-104.17,5.76,6683691690.0,5088544264.0,-0.03,0.05,-29.57,-25.65
2852,601101,昊华能源,12.75,1.11,0.14,683998.0,880980017.0,7.06,13.2,12.31,12.31,12.61,1.26,4.75,12.33,1.48,18359973557.0,18359973557.0,0.16,-0.47,21.78,84.52
2853,300568,星源材质,14.57,1.11,0.16,540287.0,785027112.87,3.05,14.72,14.28,14.65,14.41,0.72,4.47,186.05,2.24,21785561405.0,17608747524.0,0.07,0.21,-14.55,-4.4
2854,300809,华辰装备,23.67,1.11,0.26,44683.0,106092134.33,2.69,24.06,23.43,23.81,23.41,0.5,2.97,117.32,3.33,6001272864.0,3563980160.0,0.0,-0.04,-39.62,-37.66
2855,600125,铁龙物流,5.46,1.11,0.06,84788.0,46085207.0,1.67,5.47,5.38,5.38,5.4,1.15,0.65,8.23,0.92,7128149432.0,7128149432.0,0.0,0.18,-3.7,-14.29
2856,600082,ST海泰,2.74,1.11,0.03,36762.0,10099112.0,2.58,2.78,2.71,2.71,2.71,0.74,0.58,-32.71,1.05,1770357363.0,1738079029.0,0.0,0.0,-24.93,-32.51
2857,603101,汇嘉时代,7.37,1.1,0.08,110998.0,82052357.0,2.88,7.49,7.28,7.29,7.29,1.15,2.36,17.66,2.36,3466848000.0,3466848000.0,0.14,0.0,-1.07,-22.91
2858,000099,中信海直,13.8,1.1,0.15,58054.0,80317367.0,1.9,13.92,13.66,13.69,13.65,0.79,0.75,28.74,1.94,10705627891.0,10705627891.0,-0.22,-0.22,-14.55,-33.17
2859,002209,达 意 隆,11.96,1.1,0.13,82389.0,97891344.8,4.06,12.05,11.57,11.78,11.83,1.73,5.22,33.66,2.76,2446179398.0,1887871504.0,0.25,0.34,-1.32,-25.44
2860,000415,渤海租赁,4.61,1.1,0.05,481148.0,223116682.2,3.07,4.71,4.57,4.59,4.56,1.04,0.89,7.85,0.95,28510643110.0,24861333001.0,0.0,-0.22,9.24,13.83
2861,600133,东湖高新,8.26,1.1,0.09,117219.0,96774780.0,1.84,8.32,8.17,8.17,8.17,0.64,1.1,-272.85,0.99,8807141368.0,8807141368.0,0.0,0.0,-2.25,-7.3
2862,601886,江河集团,12.86,1.1,0.14,362852.0,473445508.0,6.37,13.39,12.58,12.9,12.72,0.84,3.2,16.54,2.01,14570406492.0,14570406492.0,0.31,0.0,39.33,64.66
2863,301682,宏明电子,124.46,1.1,1.35,11612.0,145009821.71,2.62,126.49,123.27,124.66,123.11,0.6,4.52,27.13,3.09,15128033097.0,3196981742.0,0.02,0.05,-22.67,80.87
2864,300787,海能实业,10.14,1.1,0.11,49410.0,50425191.2,4.09,10.4,9.99,10.2,10.03,0.45,2.51,-82.03,2.15,3178210823.0,1992841243.0,-0.1,-0.1,0.1,-12.21
2865,002919,名臣健康,17.54,1.1,0.19,27904.0,49089311.76,2.48,17.83,17.4,17.55,17.35,0.7,1.06,127.24,5.81,4668026598.0,4634211653.0,-0.34,-0.11,-25.71,-23.54
2866,603007,顺景科技,4.59,1.1,0.05,124540.0,57326913.0,2.64,4.66,4.54,4.63,4.54,0.58,1.79,-166.78,17.32,4059607604.0,3190458643.0,-0.22,-0.22,-26.21,-24.01
2867,603317,天味食品,14.66,1.1,0.16,92778.0,134979742.0,2.76,14.72,14.32,14.58,14.5,0.75,0.87,15.56,3.73,15570050477.0,15570050477.0,0.0,0.07,-2.07,22.47
2868,603310,巍华新材,14.77,1.1,0.16,12695.0,18734296.0,1.16,14.8,14.63,14.7,14.61,0.63,0.65,31.0,1.28,5100671800.0,2865527700.0,-0.07,0.0,-11.98,-11.08
2869,000707,双环科技,4.62,1.09,0.05,55733.0,25743816.0,1.97,4.66,4.57,4.58,4.57,0.89,1.01,-29.48,0.98,2701393432.0,2544250581.0,0.0,-0.43,-6.1,-23.64
2870,600439,ST瑞贝卡,1.85,1.09,0.02,123153.0,22693065.0,1.64,1.86,1.83,1.86,1.83,0.75,1.09,136.59,0.83,2094173064.0,2094173064.0,0.0,0.54,-20.94,-33.21
2871,000816,智慧农业,2.79,1.09,0.03,286528.0,79865060.0,2.9,2.83,2.75,2.76,2.76,0.7,1.99,356.61,2.04,4037167157.0,4016230311.0,0.0,0.0,6.08,-24.18
2872,300959,线上线下,93.62,1.09,1.01,20729.0,193707784.54,4.21,95.2,91.3,94.69,92.61,0.53,3.96,-875.15,6.81,7524033436.0,4898967676.0,-0.39,-0.38,-58.76,-1.14
2873,600560,金自天正,11.1,1.09,0.12,20276.0,22441621.0,1.91,11.16,10.95,11.0,10.98,1.08,0.91,97.84,2.56,2482465050.0,2482465050.0,0.0,0.18,-16.85,-31.78
2874,301172,君逸数码,17.56,1.09,0.19,41527.0,72956646.7,3.05,17.84,17.31,17.5,17.37,0.81,2.5,442.36,2.68,3947463381.0,2920014716.0,-0.17,-0.11,-34.65,4.21
2875,600566,济川药业,25.11,1.09,0.27,83927.0,210163385.0,2.42,25.37,24.77,24.87,24.84,1.3,0.91,14.46,1.73,23137929904.0,23068340050.0,0.0,0.16,-4.27,2.24
2876,001309,德明利,398.1,1.09,4.3,101615.0,4036607527.16,3.53,403.92,390.01,400.01,393.8,0.54,6.16,6.75,13.63,90306146547.0,65698066397.0,0.03,0.08,-40.14,71.97
2877,920198,微创光电,7.44,1.09,0.08,11992.0,8899196.97,2.72,7.52,7.32,7.4,7.36,0.25,1.7,155.09,2.76,1200547208.0,524267062.0,0.4,0.0,-12.06,-25.75
2878,920436,大地电气,10.23,1.09,0.11,4783.0,4897885.85,2.37,10.36,10.12,10.23,10.12,0.77,0.54,115.36,2.49,973667257.0,914397716.0,0.49,0.29,-16.15,-41.0
2879,002085,万丰奥威,10.23,1.09,0.11,170077.0,174002280.18,1.78,10.32,10.14,10.22,10.12,0.71,0.8,22.34,2.88,21721333630.0,21721333630.0,0.1,0.2,-17.1,-35.9
2880,300119,瑞普生物,18.61,1.09,0.2,91514.0,174048521.56,5.49,19.59,18.58,18.77,18.41,0.99,2.74,20.06,1.87,8649085079.0,6208961680.0,0.0,0.11,17.49,1.25
2881,000750,国海证券,3.7,1.09,0.04,330343.0,121726453.82,1.37,3.71,3.66,3.66,3.66,0.88,0.57,23.0,1.04,23628845565.0,21445954715.0,0.27,0.0,-0.27,-12.11
2882,002258,利尔化学,14.81,1.09,0.16,312431.0,463917446.68,2.73,15.05,14.65,14.65,14.65,0.91,3.91,25.76,1.51,11854475347.0,11835389211.0,0.0,-0.07,20.41,15.25
2883,600295,鄂尔多斯,13.15,1.08,0.14,122270.0,159608280.0,2.84,13.2,12.83,13.01,13.01,1.32,0.62,14.04,1.79,36803907740.0,25978827740.0,0.23,0.08,3.46,12.78
2884,300935,盈建科,30.96,1.08,0.33,28400.0,87910591.77,4.67,31.75,30.32,30.69,30.63,0.55,4.71,-24.26,3.35,2459173853.0,1865633501.0,0.19,-0.06,-22.54,2.04
2885,002533,金杯电工,11.22,1.08,0.12,46514.0,52360747.76,1.98,11.37,11.15,11.18,11.1,0.61,0.72,12.99,1.85,8234818716.0,7249735489.0,0.0,0.0,-10.1,-6.73
2886,002879,长缆科技,15.96,1.08,0.17,78413.0,125321686.0,2.98,16.28,15.81,16.16,15.79,0.53,5.72,88.35,1.66,3081997934.0,2188738775.0,0.13,0.06,-0.19,-11.73
2887,603999,读者传媒,5.6,1.08,0.06,46097.0,25724705.0,1.99,5.64,5.53,5.6,5.54,0.57,0.8,84.77,1.57,3225600000.0,3225600000.0,0.18,0.36,-7.28,-19.89
2888,000488,ST晨鸣,1.87,1.08,0.02,44124.0,8223216.0,1.08,1.87,1.85,1.86,1.85,0.49,0.26,-2.68,13.21,5500523094.0,3168190933.0,0.0,0.0,-20.43,-15.0
2889,000729,燕京啤酒,12.26,1.07,0.13,209826.0,258367732.58,3.13,12.48,12.1,12.2,12.13,0.95,0.84,32.63,2.28,34555292321.0,30767777737.0,0.57,-0.08,0.91,11.15
2890,300473,德尔股份,21.75,1.07,0.23,22939.0,49724191.0,2.0,21.89,21.46,21.8,21.52,0.68,1.52,20.06,1.96,3755406830.0,3273728177.0,-0.18,-0.14,-39.58,-26.96
2891,300457,赢合科技,19.92,1.07,0.21,72697.0,145110591.63,1.93,20.18,19.8,19.95,19.71,0.74,1.15,51.91,1.88,12851974206.0,12646137021.0,-0.15,-0.05,-27.62,-28.27
2892,300610,晨化股份,10.41,1.07,0.11,40017.0,41508962.0,1.94,10.46,10.26,10.3,10.3,1.22,2.42,19.85,1.87,2207828585.0,1723663107.0,0.1,0.39,-5.71,-9.16
2893,600020,中原高速,3.78,1.07,0.04,149506.0,56137227.0,1.87,3.79,3.72,3.74,3.74,1.12,0.67,6.18,0.71,8495065525.0,8495065525.0,0.0,0.0,-1.82,-8.7
2894,300056,中创环保,8.49,1.07,0.09,63107.0,53368570.56,2.74,8.58,8.35,8.42,8.4,0.52,1.64,-61.23,45.67,3272813861.0,3270331810.0,0.0,0.12,-17.17,3.28
2895,600008,首创环保,2.83,1.07,0.03,608223.0,171619051.0,1.43,2.84,2.8,2.8,2.8,1.29,0.83,12.09,1.01,20773871616.0,20773871616.0,-0.35,0.0,-5.35,-1.74
2896,300682,朗新科技,9.47,1.07,0.1,197482.0,186000696.04,3.09,9.56,9.27,9.45,9.37,0.69,1.91,-28.29,1.6,10210893225.0,9791351353.0,-0.21,-0.11,-29.8,-36.95
2897,002111,威海广泰,9.42,1.07,0.1,42503.0,39994429.26,1.5,9.46,9.32,9.37,9.32,0.54,0.87,16.22,1.69,5011544110.0,4604040044.0,0.0,0.21,-8.19,-8.37
2898,600269,赣粤高速,3.79,1.07,0.04,220886.0,83380337.0,1.87,3.81,3.74,3.75,3.75,1.31,0.95,21.31,0.46,8851192583.0,8851192583.0,-0.26,0.0,-7.56,-24.5
2899,600841,动力新科,5.66,1.07,0.06,98273.0,55449026.0,2.68,5.71,5.56,5.67,5.6,0.69,0.94,54.25,1.22,7855071297.0,5903518579.0,-0.53,-0.35,-20.62,-7.06
2900,301209,联合化学,59.82,1.06,0.63,38383.0,229397623.67,6.72,61.58,57.6,59.9,59.19,0.61,2.87,522.87,12.52,9379776000.0,8013259884.0,0.34,0.1,-3.92,-25.68
2901,688128,中国电研,21.86,1.06,0.23,13953.0,30613842.0,2.27,22.13,21.64,21.8,21.63,0.75,0.34,16.5,2.54,8842370000.0,8842370000.0,0.0,0.0,-14.07,-23.38
2902,600702,舍得酒业,35.28,1.06,0.37,54457.0,192730237.0,2.21,35.73,34.96,35.0,34.91,0.5,1.64,40.36,1.68,11716165717.0,11711226517.0,-0.03,-0.11,-20.05,-36.74
2903,601798,蓝科高新,7.6,1.06,0.08,41621.0,31660694.0,2.26,7.69,7.52,7.52,7.52,0.89,1.17,54.76,2.08,2694414305.0,2694414305.0,-0.13,0.0,-4.04,-14.32
2904,301152,天力锂能,19.06,1.06,0.2,27062.0,51526592.0,2.39,19.26,18.81,18.99,18.86,0.78,3.81,66.94,1.87,2263184533.0,1352863685.0,0.11,0.32,-32.15,-37.63
2905,301116,益客食品,9.51,1.06,0.1,117478.0,111832830.5,4.36,9.74,9.33,9.55,9.41,0.77,2.62,34.06,2.73,4269795929.0,4269767399.0,0.0,-0.21,0.21,-12.99
2906,300884,狄耐克,12.38,1.06,0.13,43303.0,54049193.67,3.18,12.68,12.29,12.4,12.25,0.46,2.26,-402.64,2.5,3142821712.0,2369654389.0,0.08,-0.08,8.22,-15.78
2907,301128,强瑞技术,108.0,1.06,1.13,36514.0,394926121.58,3.74,110.0,106.0,108.5,106.87,0.61,2.87,90.82,16.3,15640320024.0,13758053364.0,0.0,0.16,-13.59,51.03
2908,300241,瑞丰光电,5.73,1.06,0.06,195551.0,112020436.2,2.65,5.81,5.66,5.75,5.67,0.78,3.26,38.22,1.75,4106405915.0,3440638619.0,0.0,0.0,-24.21,3.06
2909,002963,豪尔赛,17.18,1.06,0.18,38753.0,67471443.0,4.06,17.77,17.08,17.6,17.0,0.45,2.59,-45.62,2.22,2583183597.0,2565666990.0,-0.12,-0.46,-2.0,15.46
2910,603598,引力传媒,17.15,1.06,0.18,99052.0,170178388.0,2.83,17.38,16.9,17.26,16.97,0.32,3.67,111.44,20.59,4630750390.0,4625605390.0,-0.12,0.0,-16.38,0.94
2911,603301,振德医疗,82.6,1.06,0.87,16412.0,134556160.0,3.56,83.39,80.48,81.85,81.73,0.81,0.62,100.08,3.86,21796176185.0,21796176185.0,0.13,0.12,-3.81,17.66
2912,000159,国际实业,5.73,1.06,0.06,85329.0,49017151.0,3.7,5.83,5.62,5.68,5.67,0.82,1.78,94.41,1.34,2754330740.0,2754230465.0,0.0,0.17,-13.18,-0.52
2913,300464,星徽股份,6.67,1.06,0.07,56303.0,37536908.0,2.12,6.75,6.61,6.69,6.6,0.36,1.59,241.96,17.6,3116888752.0,2368801642.0,0.0,-0.15,-34.61,5.21
2914,000712,锦龙股份,8.55,1.06,0.09,174839.0,149965616.84,2.13,8.68,8.5,8.5,8.46,0.53,1.95,268.82,2.86,7660800000.0,7658526769.0,-0.12,-0.12,-22.41,-28.87
2915,600982,宁波能源,4.81,1.05,0.05,113719.0,54605867.0,1.26,4.83,4.77,4.78,4.76,0.48,1.02,18.53,1.23,5375788203.0,5375788203.0,0.21,0.0,-19.83,15.35
2916,000665,湖北广电,3.85,1.05,0.04,157902.0,60515183.33,2.1,3.86,3.78,3.81,3.81,0.35,1.39,-9.53,1.37,4378025556.0,4377911153.0,0.0,-0.26,-11.09,-33.85
2917,605178,时空科技,65.68,1.05,0.68,30694.0,201943409.0,4.37,67.46,64.62,66.1,65.0,0.6,3.1,-239.41,5.9,6507574400.0,6507574400.0,-0.05,0.05,-0.15,26.82
2918,600971,恒源煤电,8.67,1.05,0.09,280353.0,243127802.0,4.08,8.8,8.45,8.51,8.58,1.56,2.34,85.22,0.9,10404042344.0,10404042344.0,-0.12,0.0,19.09,44.74
2919,000755,山西高速,4.8,1.05,0.05,41729.0,20005280.0,2.32,4.83,4.72,4.76,4.75,0.85,0.28,15.65,1.32,7043088941.0,7043088941.0,-0.21,-0.21,-5.33,-0.41
2920,301233,盛帮股份,32.83,1.05,0.34,5507.0,18074433.2,2.28,33.23,32.49,32.74,32.49,0.72,1.4,30.8,2.42,2356104044.0,1292718611.0,0.03,0.03,-29.52,-12.5
2921,601997,贵阳银行,5.75,1.05,0.06,433349.0,247437519.0,1.93,5.76,5.65,5.66,5.69,1.2,1.19,3.56,0.32,21023138937.0,21023138937.0,0.17,0.0,2.86,3.23
2922,300917,特发服务,26.9,1.05,0.28,181844.0,482936800.83,11.95,28.18,25.0,26.0,26.62,2.01,10.76,34.64,3.86,4546100000.0,4546100000.0,-0.04,-0.52,-6.86,-30.67
2923,600773,西藏城投,10.67,1.04,0.11,162279.0,172939641.0,1.61,10.75,10.58,10.6,10.56,0.87,1.71,-47.86,2.4,10153431850.0,10153431850.0,-0.09,0.09,-40.46,-13.88
2924,688518,联赢激光,19.46,1.04,0.2,89799.0,174906960.0,2.91,19.78,19.22,19.55,19.26,0.83,2.63,36.14,2.04,6642186349.0,6642186349.0,-0.05,0.05,-36.3,-19.39
2925,301525,儒竞科技,39.69,1.04,0.41,6723.0,26683180.92,2.49,40.1,39.12,39.64,39.28,0.62,0.97,125.08,1.62,5240527693.0,2745026920.0,-0.23,-0.13,-31.99,-35.42
2926,600797,浙大网新,6.81,1.04,0.07,150633.0,102220057.0,1.04,6.82,6.75,6.8,6.74,0.42,1.47,-36.76,2.13,6997454580.0,6997454580.0,-0.15,-0.15,-8.1,-31.07
2927,300103,达刚控股,7.76,1.04,0.08,50795.0,39678528.0,3.26,7.92,7.67,7.8,7.68,0.95,1.6,-343.33,5.49,2464583760.0,2462563134.0,0.0,-0.13,-6.95,-3.36
2928,002125,湘潭电化,12.68,1.04,0.13,161977.0,204804027.03,2.55,12.81,12.49,12.78,12.55,0.9,2.57,22.33,2.4,7982350385.0,7982350385.0,-0.08,-0.08,-9.69,-9.75
2929,603210,泰鸿万立,13.59,1.04,0.14,19341.0,26280101.0,1.64,13.67,13.45,13.51,13.45,0.62,0.83,20.6,2.44,4626036000.0,3162087225.0,0.0,-0.15,-3.34,-29.73
2930,688251,井松智能,21.34,1.04,0.22,9243.0,19786930.0,2.7,21.65,21.08,21.25,21.12,0.69,0.93,-30.73,2.56,2146856603.0,2131936209.0,-0.37,-0.37,-18.86,-27.29
2931,002648,卫星化学,27.1,1.04,0.28,624073.0,1686615959.14,3.8,27.5,26.48,26.86,26.82,1.14,1.85,7.33,2.4,91290298199.0,91231675344.0,0.04,0.07,16.56,57.74
2932,600597,光明乳业,6.77,1.04,0.07,95537.0,64229728.0,2.39,6.8,6.64,6.7,6.7,0.86,0.69,35.01,1.02,9332267376.0,9332142808.0,0.0,0.0,-1.6,-16.32
2933,300237,ST美晨,1.95,1.04,0.02,73638.0,14324628.0,1.55,1.96,1.93,1.94,1.93,0.58,0.51,-70.29,62.98,2811734114.0,2811707789.0,0.0,0.0,-14.47,-24.42
2934,300182,捷成股份,4.84,1.04,0.05,687393.0,333356194.37,2.3,4.9,4.79,4.84,4.79,0.56,3.04,28.55,1.52,12892916059.0,10935336556.0,-0.21,-0.21,-16.7,-12.16
2935,001388,信通电子,21.47,1.04,0.22,37128.0,79688010.05,3.53,21.89,21.14,21.6,21.25,0.47,2.97,-102.61,3.57,5018956020.0,2686295741.0,0.0,0.14,-8.17,-25.14
2936,600513,联环药业,17.45,1.04,0.18,208125.0,366451133.0,6.14,18.22,17.16,17.75,17.27,0.81,7.29,193.83,3.96,4981211912.0,4981211912.0,-0.06,0.29,-0.46,-4.33
2937,001267,汇绿生态,37.01,1.04,0.38,274438.0,1015024104.07,5.6,37.97,35.92,37.16,36.63,0.62,4.51,536.24,17.88,29052976870.0,22522678212.0,0.0,-0.11,-34.81,69.46
2938,000563,陕国投Ａ,2.95,1.03,0.03,357412.0,105280931.31,1.71,2.97,2.92,2.93,2.92,1.01,0.7,10.36,0.8,15086212556.0,15086212556.0,0.0,0.0,-1.34,-12.98
2939,300629,新劲刚,16.66,1.03,0.17,41482.0,69220538.0,2.06,16.84,16.5,16.82,16.49,0.65,1.91,97.68,2.39,4188714244.0,3611698393.0,0.0,-0.12,-31.61,-29.65
2940,002135,东南网架,5.86,1.03,0.06,77555.0,45317525.0,2.93,5.92,5.75,5.92,5.8,0.72,0.74,107.14,1.06,6536963901.0,6117092452.0,-0.34,0.0,-25.92,29.36
2941,600785,新华百货,8.85,1.03,0.09,65455.0,57949529.0,2.4,8.94,8.73,8.73,8.76,0.66,2.07,10.75,1.22,2795571559.0,2795571559.0,-0.11,-0.11,-20.84,-7.91
2942,600071,凤凰光学,15.69,1.03,0.16,16378.0,25717051.0,1.93,15.83,15.53,15.55,15.53,0.79,0.58,-619.75,8.67,4417894318.0,4417894318.0,-0.25,-0.38,-13.93,-27.02
2943,301656,联合动力,16.73,1.03,0.17,33751.0,56473390.36,1.51,16.87,16.62,16.64,16.56,0.57,1.66,207.23,4.22,40232151924.0,3406713454.0,0.06,0.12,-9.76,-36.63
2944,920693,阿为特,22.49,1.03,0.23,4957.0,11069879.24,4.13,22.96,22.04,22.22,22.26,0.64,1.35,969.24,4.67,1635023000.0,823358900.0,0.67,0.94,-16.55,-42.76
2945,600094,大名城,3.94,1.03,0.04,144967.0,57209146.0,2.56,4.0,3.9,3.95,3.9,0.56,0.68,490.17,0.89,9160303177.0,8377346003.0,0.25,0.25,-11.66,-5.29
2946,600517,国网英大,4.92,1.03,0.05,129966.0,63927528.0,2.05,4.96,4.86,4.86,4.87,0.8,0.23,18.05,1.2,28134703860.0,28134703860.0,0.41,0.41,-8.38,-16.89
2947,603363,傲农生物,2.93,1.03,0.03,304320.0,88345017.0,2.76,2.94,2.86,2.87,2.9,0.69,1.42,-150.08,2.38,8002011150.0,6289507727.0,0.0,0.0,-12.54,-36.44
2948,603272,*ST联翔,13.74,1.03,0.14,27399.0,37469078.0,4.49,13.97,13.36,13.73,13.6,0.53,2.64,-63.83,2.64,1423834980.0,1423834980.0,-0.07,-0.15,-64.01,-31.68
2949,603181,皇马科技,12.73,1.03,0.13,31889.0,40611685.0,1.67,12.81,12.6,12.6,12.6,0.45,0.54,16.15,2.07,7494151000.0,7494151000.0,0.16,0.16,-8.22,-9.52
2950,301195,北路智控,26.41,1.03,0.27,8927.0,23636563.0,1.68,26.65,26.21,26.37,26.14,0.62,1.02,32.81,1.46,3487964474.0,2315888357.0,0.0,0.11,-11.52,-22.16
2951,600704,物产中大,4.89,1.03,0.05,327779.0,159940757.0,1.65,4.91,4.83,4.84,4.84,1.21,0.63,6.51,0.61,25287069662.0,25287069662.0,0.0,0.0,1.24,-8.6
2952,002123,梦网科技,7.84,1.03,0.08,194566.0,152727203.58,3.61,7.98,7.7,7.79,7.76,0.9,2.7,-35.89,4.15,6314513106.0,5648971343.0,0.0,0.0,-14.78,-35.53
2953,000751,锌业股份,4.93,1.02,0.05,383852.0,191137010.49,3.89,5.07,4.88,4.96,4.88,0.78,2.38,27.01,2.17,7965058833.0,7965056245.0,0.0,0.0,-5.74,20.83
2954,601956,东贝集团,4.95,1.02,0.05,38912.0,19219961.0,1.63,4.98,4.9,4.9,4.9,0.77,0.63,-45.81,1.28,3077002121.0,3077002121.0,-0.2,0.0,-4.81,-29.59
2955,000605,渤海股份,5.94,1.02,0.06,47390.0,28093841.8,1.87,5.98,5.87,5.88,5.88,1.29,1.34,73.04,0.99,2094792084.0,2094792084.0,-0.17,0.0,-5.41,-11.34
2956,300258,精锻科技,9.9,1.02,0.1,63816.0,63063940.86,2.14,10.01,9.8,9.89,9.8,0.63,1.12,492.71,1.24,5791967706.0,5641925731.0,-0.1,-0.1,-30.77,-30.67
2957,920167,同享科技,14.79,1.02,0.15,7228.0,10637270.54,1.57,14.84,14.61,14.61,14.64,0.61,1.11,11.13,2.46,1627291935.0,966730779.0,0.54,0.41,-16.06,-13.41
2958,001382,新亚电缆,16.89,1.02,0.17,14856.0,25025858.88,1.44,16.94,16.7,16.75,16.72,0.64,2.36,67.59,4.32,6958680000.0,1064070000.0,0.12,0.06,-16.76,-17.33
2959,300678,中科信息,21.81,1.02,0.22,37748.0,82085156.0,1.62,21.9,21.55,21.58,21.59,0.74,1.3,348.14,7.67,6464185050.0,6351010278.0,0.0,-0.05,-14.44,-28.96
2960,300095,华伍股份,7.91,1.02,0.08,44363.0,35160829.0,2.43,8.0,7.81,7.97,7.83,0.74,1.4,46.13,2.13,3119903039.0,2512771503.0,-0.13,-0.13,-14.58,-34.74
2961,000758,中色股份,5.95,1.02,0.06,297027.0,178728017.78,2.72,6.09,5.93,5.96,5.89,1.06,1.5,11.39,1.93,11838989099.0,11797380796.0,-0.17,0.0,-11.19,-9.71
2962,601952,苏垦农发,8.88,1.02,0.09,390577.0,342383634.0,6.14,9.0,8.46,8.72,8.79,1.22,2.83,42.5,1.7,12236640000.0,12236640000.0,-0.56,-0.22,3.38,-1.0
2963,600897,厦门空港,14.85,1.02,0.15,15036.0,22285909.0,1.43,14.87,14.66,14.66,14.7,1.43,0.36,13.18,1.29,6191469900.0,6191469900.0,0.2,0.07,6.83,-11.71
2964,300250,初灵信息,14.89,1.02,0.15,48476.0,72289103.0,2.58,15.09,14.71,14.91,14.74,0.59,3.08,-331.18,5.76,3182729742.0,2344050329.0,0.0,0.0,-12.31,-38.04
2965,601375,中原证券,4.02,1.01,0.04,245206.0,98355890.0,1.26,4.04,3.99,3.99,3.98,0.76,0.71,27.67,1.29,18664396494.0,13859029194.0,0.0,0.0,1.77,-6.07
2966,300889,爱克股份,21.07,1.01,0.21,26953.0,56916001.0,2.21,21.39,20.93,21.0,20.86,0.71,1.84,-64.19,3.28,4640184576.0,3083952248.0,0.0,0.05,-9.38,1.79
2967,002278,神开股份,8.0,1.01,0.08,58111.0,46466917.21,2.02,8.07,7.91,8.0,7.92,0.48,1.62,-357.43,2.24,3108943312.0,2870408896.0,0.13,0.0,-9.19,-36.71
2968,000567,海德股份,6.02,1.01,0.06,123964.0,74716340.67,1.85,6.08,5.97,6.04,5.96,0.9,0.64,7.01,1.95,11766644773.0,11730209795.0,0.17,-0.17,-0.5,-6.23
2969,688308,欧科亿,95.43,1.01,0.95,90256.0,875478966.0,5.5,99.8,94.6,96.38,94.48,0.88,5.68,18.58,5.42,15152538394.0,15152538394.0,0.0,-0.07,-34.16,204.01
2970,688226,威腾电气,28.96,1.01,0.29,35873.0,104379840.0,3.56,29.63,28.61,28.78,28.67,0.79,1.9,203.6,2.84,5678643088.0,5466939059.0,-0.03,0.07,-46.37,-21.94
2971,300002,神州泰岳,8.04,1.01,0.08,232989.0,187696162.72,1.38,8.11,8.0,8.03,7.96,0.55,1.26,23.11,2.05,15816077883.0,14882434386.0,-0.12,-0.12,-0.62,-29.84
2972,300215,电科院,6.01,1.01,0.06,69419.0,41713069.0,1.85,6.06,5.95,5.96,5.95,0.64,0.93,553.74,2.26,4502056064.0,4502056064.0,-0.17,-0.17,-35.72,-5.5
2973,603579,荣泰健康,17.97,1.01,0.18,27850.0,49605568.0,3.26,18.12,17.54,17.8,17.79,1.38,1.39,16.1,1.31,3612910981.0,3612910981.0,0.22,0.11,-3.9,-22.91
2974,688609,九联科技,8.98,1.01,0.09,148543.0,133827527.0,3.37,9.12,8.82,8.96,8.89,0.59,2.97,66.75,4.76,4687137024.0,4490000000.0,-0.22,-0.22,-23.96,-12.05
2975,000507,珠海港,5.01,1.01,0.05,107914.0,54115629.46,2.22,5.05,4.94,4.98,4.96,1.23,1.2,16.89,0.78,4607871824.0,4520795820.0,-0.2,-0.2,1.21,-2.91
2976,300484,蓝海华腾,12.94,1.01,0.13,24420.0,31658550.0,2.11,13.1,12.83,12.95,12.81,0.47,1.47,56.6,4.06,2680700866.0,2152602968.0,0.0,0.0,-21.62,-31.5
2977,600084,*ST尼雅,4.06,1.0,0.04,24018.0,9661275.0,2.99,4.1,3.98,4.05,4.02,1.02,0.21,209.75,3.58,4562330930.0,4562330930.0,-0.25,-0.25,-16.97,-22.67
2978,603037,凯众股份,10.08,1.0,0.1,20766.0,20903456.0,2.2,10.14,9.92,10.06,9.98,0.54,0.78,70.52,2.86,2686703020.0,2682791173.0,0.1,0.3,-27.53,-29.31
2979,300604,长川科技,275.74,1.0,2.74,149686.0,4157797800.29,4.81,285.14,272.0,277.64,273.0,0.72,3.06,126.24,21.92,178012834174.0,134966853487.0,-0.09,-0.09,25.28,172.44
2980,002304,洋河股份,39.41,1.0,0.39,41189.0,162147801.72,1.38,39.58,39.04,39.04,39.02,0.7,0.27,6.07,1.26,59369000366.0,59367599341.0,-0.1,0.08,-9.9,-33.51
2981,603776,永安行,20.16,1.0,0.2,24538.0,49464474.0,1.8,20.36,20.0,20.03,19.96,0.89,0.87,-277.21,1.65,5660133132.0,5660133132.0,0.1,-0.25,-1.18,12.75
2982,000068,华控赛格,3.04,1.0,0.03,96244.0,29227033.0,1.99,3.07,3.01,3.04,3.01,0.7,0.96,-42.12,5.23,3060281251.0,3060281251.0,0.0,0.0,3.4,-10.06
2983,300972,万辰集团,201.68,1.0,2.0,13327.0,266414135.56,3.19,203.37,197.0,200.0,199.68,0.87,0.74,15.8,20.76,39798233994.0,36564798789.0,0.34,-0.05,6.15,0.72
2984,600962,国投中鲁,25.22,1.0,0.25,54189.0,136242269.0,2.64,25.47,24.81,25.13,24.97,0.6,2.07,388.17,6.98,6612936200.0,6612936200.0,0.0,0.0,-0.28,15.0
2985,300651,金陵体育,17.09,1.0,0.17,30232.0,51883172.11,1.95,17.34,17.01,17.01,16.92,0.79,2.92,1101.2,2.23,2413273568.0,1766717459.0,-0.29,-0.29,-31.99,-15.31
2986,002328,新朋股份,7.1,1.0,0.07,165744.0,117400399.41,1.85,7.15,7.02,7.06,7.03,0.61,2.9,13.05,1.65,5479567000.0,4051869862.0,0.14,0.14,-25.73,9.4
2987,600335,国机汽车,5.04,1.0,0.05,96336.0,48542130.0,2.0,5.08,4.98,4.98,4.99,1.04,0.65,14.88,0.65,7496782736.0,7496782736.0,0.0,0.0,-6.32,-21.62
2988,300145,南方泵业,4.05,1.0,0.04,338834.0,136848932.62,1.5,4.07,4.01,4.06,4.01,0.5,1.77,24.04,2.7,7776980246.0,7738856227.0,-0.25,0.0,-9.19,-13.28
2989,002838,道恩股份,24.22,1.0,0.24,89908.0,219022762.58,2.79,24.67,24.0,24.46,23.98,0.72,2.14,24.32,3.12,11586809296.0,10187700355.0,-0.45,-0.53,-31.74,0.96
2990,002607,中公教育,2.03,1.0,0.02,1081972.0,218964694.28,1.99,2.04,2.0,2.01,2.01,0.69,1.95,66.14,15.56,12519820760.0,11253183630.0,0.0,-0.49,-18.15,-25.91
2991,300587,天铁科技,5.1,0.99,0.05,236924.0,121035633.06,3.37,5.2,5.03,5.15,5.05,0.55,2.25,91.37,2.96,6621170865.0,5368323806.0,0.0,0.2,-3.41,-16.8
2992,920208,青矩技术,12.28,0.99,0.12,6967.0,8521087.42,1.81,12.35,12.13,12.21,12.16,0.54,0.43,15.32,2.18,2287056979.0,1980237200.0,0.24,0.24,-13.28,-28.1
2993,688345,博力威,54.83,0.99,0.54,16946.0,91955755.0,4.07,55.37,53.16,54.14,54.29,0.63,1.67,38.53,4.41,5585660402.0,5559002056.0,-0.2,0.44,-5.07,76.87
2994,002928,华夏航空,6.15,0.99,0.06,177314.0,109042496.75,1.48,6.18,6.09,6.1,6.09,0.94,1.39,14.66,1.98,7861185533.0,7861145711.0,-0.16,-0.16,-21.05,-44.34
2995,600391,航发科技,29.69,0.99,0.29,66934.0,200382410.0,4.08,30.66,29.46,29.88,29.4,0.85,2.03,-215.94,5.52,9801540906.0,9801540906.0,0.0,-0.03,-21.25,-19.97
2996,002540,亚太科技,5.12,0.99,0.05,69561.0,35717641.0,1.38,5.16,5.09,5.14,5.07,0.91,0.81,40.27,1.16,6387579197.0,4393990953.0,-0.19,-0.19,-5.36,-26.86
2997,301208,中亦科技,29.5,0.99,0.29,13239.0,39111763.0,2.05,29.85,29.25,29.62,29.21,0.72,1.96,76.9,2.26,3540001770.0,1988915370.0,0.37,0.14,-1.6,-25.41
2998,600169,ST太重,2.04,0.99,0.02,59566.0,12114039.0,0.99,2.04,2.02,2.02,2.02,0.62,0.18,66.08,1.3,6799608660.0,6799608660.0,0.49,0.49,-8.11,-10.53
2999,000890,法尔胜,7.11,0.99,0.07,77183.0,54744348.0,3.27,7.2,6.97,7.15,7.04,0.71,1.84,-81.17,152.58,2982673212.0,2982581337.0,-0.14,0.14,-31.9,40.24
3000,300929,华骐环保,15.33,0.99,0.15,88135.0,135412195.4,6.98,15.99,14.93,15.89,15.18,0.68,7.03,-167.75,2.64,2025598215.0,1921774181.0,-0.39,-0.39,20.71,42.6
3001,300695,兆丰股份,49.18,0.99,0.48,8775.0,43059609.94,3.22,49.77,48.2,49.15,48.7,0.95,0.86,-75.98,1.76,5028995522.0,5028995522.0,-0.43,-0.14,-25.01,-50.78
3002,601228,广州港,3.05,0.99,0.03,250149.0,76112078.0,1.99,3.07,3.01,3.01,3.02,1.55,0.33,24.68,1.08,23010820621.0,23010820621.0,0.0,0.0,0.33,-4.98
3003,603237,五芳斋,14.28,0.99,0.14,10339.0,14712962.0,2.48,14.35,14.0,14.0,14.14,0.71,0.54,-12.21,1.84,2799047447.0,2710442903.0,-0.14,-0.07,-6.73,-11.8
3004,603305,旭升集团,11.23,0.99,0.11,134153.0,150494312.0,1.89,11.33,11.12,11.33,11.12,0.77,1.16,25.92,1.42,12978607084.0,12978607084.0,0.0,0.0,-30.85,-29.9
3005,300400,劲拓股份,28.56,0.99,0.28,97481.0,280889368.62,5.27,29.61,28.12,28.76,28.28,0.76,4.02,67.87,9.76,6949190640.0,6926005632.0,0.0,0.28,-6.36,47.29
3006,603202,天有为,51.79,0.99,0.51,8702.0,44992636.0,1.81,52.17,51.24,51.26,51.28,0.98,1.73,16.32,1.25,8286400000.0,2600560894.0,0.02,0.0,-18.77,-42.65
3007,301089,拓新药业,25.75,0.98,0.25,97703.0,258722650.98,8.86,27.8,25.54,27.28,25.5,1.78,10.8,-77.51,2.21,3258520875.0,2329604122.0,0.08,0.19,8.42,-8.04
3008,300534,陇神戎发,18.57,0.98,0.18,857829.0,1626206030.94,10.77,19.98,18.0,19.1,18.39,0.92,28.4,57.1,7.75,5633116650.0,5609096132.0,0.11,0.49,128.41,96.3
3009,603352,至信股份,25.69,0.98,0.25,10471.0,26967589.0,2.2,26.06,25.5,25.67,25.44,0.55,2.31,60.12,1.99,5823066675.0,1164613350.0,0.0,0.12,-15.27,18.01
3010,688183,生益电子,104.4,0.98,1.01,97753.0,1029490812.0,4.31,107.5,103.04,105.99,103.39,0.58,1.17,39.36,13.43,87444524830.0,87444524830.0,0.01,0.0,-21.33,9.78
3011,603090,宏盛股份,36.98,0.98,0.36,17412.0,64459849.0,3.41,37.65,36.4,37.25,36.62,0.8,1.74,53.64,5.95,3698000000.0,3698000000.0,0.0,-0.05,-44.26,-32.95
3012,002009,天奇股份,16.48,0.98,0.16,124287.0,205669432.28,2.7,16.8,16.36,16.65,16.32,0.97,3.51,67.34,3.26,6628803251.0,5834703937.0,-0.06,-0.12,-28.32,-26.98
3013,002421,达实智能,3.1,0.98,0.03,1173151.0,362715771.29,2.93,3.14,3.05,3.13,3.07,0.38,5.76,-180.62,2.42,6573803081.0,6312217368.0,0.0,0.32,-32.31,8.77
3014,002114,罗平锌电,7.19,0.98,0.07,63524.0,45941819.0,2.39,7.32,7.15,7.18,7.12,1.0,1.96,-14.73,3.22,2325211970.0,2325180017.0,0.0,-0.14,-11.56,-14.61
3015,000692,惠天热电,4.13,0.98,0.04,263314.0,108928992.15,2.93,4.2,4.08,4.12,4.09,0.43,4.94,11.16,11.87,2200600191.0,2200600191.0,-0.24,-0.24,-12.68,20.06
3016,601838,成都银行,18.59,0.98,0.18,247718.0,457958245.0,2.01,18.63,18.26,18.3,18.41,1.45,0.58,6.24,0.89,78792513268.0,78792513268.0,-0.05,-0.05,6.47,22.3
3017,000032,深桑达Ａ,14.44,0.98,0.14,318168.0,457874236.55,3.08,14.62,14.18,14.59,14.3,0.66,2.62,-53.23,2.39,17547189251.0,17547189251.0,0.21,0.14,-17.15,-25.3
3018,603680,今创集团,10.3,0.98,0.1,48258.0,49481422.0,2.25,10.38,10.15,10.3,10.2,0.94,0.62,9.1,1.34,8072303300.0,8072303300.0,0.1,0.1,-17.67,-32.5
3019,000957,中通客车,10.35,0.98,0.1,53768.0,55599144.0,2.15,10.43,10.21,10.29,10.25,0.59,0.91,15.42,1.92,6136555738.0,6136555738.0,-0.19,-0.19,-0.29,-8.97
3020,920029,开发科技,35.1,0.98,0.34,4699.0,16530409.69,2.82,35.55,34.57,34.57,34.76,0.4,0.23,33.98,2.04,7263633768.0,7067904761.0,-0.06,0.0,-19.12,-41.95
3021,002978,安宁股份,25.8,0.98,0.25,22312.0,57940704.44,2.35,26.23,25.63,25.63,25.55,0.82,0.6,19.9,1.41,12177340916.0,9527412596.0,-0.04,-0.04,-5.18,-21.22
3022,603789,ST星农,6.18,0.98,0.06,28019.0,17370872.0,3.1,6.29,6.1,6.12,6.12,0.86,1.08,-13.33,15.66,1639026228.0,1606800000.0,0.32,-0.16,10.75,16.17
3023,603139,康惠股份,35.38,0.97,0.34,12086.0,42745710.0,2.6,35.78,34.87,35.04,35.04,0.62,1.21,45.1,5.56,3766363748.0,3533754400.0,0.0,0.37,-5.63,72.84
3024,601579,会稽山,18.65,0.97,0.18,200363.0,368871937.0,5.41,19.04,18.04,18.91,18.47,0.59,4.18,18.64,2.39,8941992578.0,8941992578.0,0.59,0.32,12.01,-6.66
3025,300302,同有科技,29.25,0.97,0.28,202186.0,595449364.1,3.69,30.0,28.93,29.49,28.97,0.69,5.48,40.2,12.73,14018466092.0,10787806429.0,-0.07,-0.2,-35.86,61.25
3026,300638,广和通,18.83,0.97,0.18,86325.0,163075140.3,2.41,19.14,18.69,18.88,18.65,0.41,1.63,437.95,2.79,16933175843.0,9988348720.0,0.0,0.0,-17.52,-35.97
3027,300656,民德电子,27.13,0.97,0.26,61259.0,166173433.0,6.07,27.94,26.31,27.0,26.87,0.86,4.54,-44.28,5.94,4642623203.0,3661210917.0,-0.04,0.11,-19.21,23.21
3028,002408,齐翔腾达,5.23,0.97,0.05,276543.0,145028884.92,2.9,5.32,5.17,5.21,5.18,0.97,1.01,-40.57,1.36,14868244241.0,14388196098.0,0.19,-0.19,-0.57,7.17
3029,002941,新疆交建,10.37,0.97,0.1,60877.0,63140543.59,1.46,10.44,10.29,10.32,10.27,0.74,0.83,-119.05,1.67,7567519654.0,7567519654.0,0.0,-0.1,-14.51,-33.74
3030,002206,海 利 得,5.21,0.97,0.05,64821.0,33817123.23,1.74,5.25,5.16,5.18,5.16,0.95,0.61,12.29,1.56,6054161816.0,5506818837.0,-0.19,-0.19,-1.14,-7.79
3031,603279,景津装备,12.53,0.97,0.12,59757.0,74335648.0,2.9,12.61,12.25,12.36,12.41,1.15,1.04,14.62,1.62,7221953690.0,7221953690.0,-0.24,0.0,-17.73,-24.38
3032,300781,因赛集团,27.16,0.97,0.26,27876.0,76042866.66,3.38,27.71,26.8,27.35,26.9,0.48,2.3,96.12,8.1,4459002234.0,3290093984.0,0.11,0.15,-15.57,-21.91
3033,002788,鹭燕医药,11.43,0.97,0.11,136518.0,156988065.2,3.53,11.76,11.36,11.5,11.32,0.73,3.58,15.53,1.34,4440746292.0,4364567686.0,-0.26,-0.09,0.35,-45.13
3034,300966,共同药业,25.95,0.97,0.25,23749.0,62028686.0,3.81,26.64,25.66,26.07,25.7,1.07,3.1,233.82,4.11,2991544882.0,1989500061.0,0.0,0.15,-3.85,32.06
3035,002051,中工国际,8.33,0.97,0.08,167211.0,139243718.99,1.45,8.38,8.26,8.33,8.25,0.74,1.36,39.21,0.89,10216604598.0,10216011335.0,0.0,0.0,-24.13,-7.03
3036,002204,大连重工,5.21,0.97,0.05,130540.0,67996413.09,1.55,5.24,5.16,5.18,5.16,0.76,0.68,12.07,1.28,10062437867.0,10062437867.0,-0.19,0.0,-13.31,-31.08
3037,603283,赛腾股份,46.82,0.97,0.45,205891.0,967080204.0,3.77,47.96,46.21,47.41,46.37,0.66,5.84,45.31,4.83,16505278697.0,16505278697.0,-0.02,0.19,-7.03,42.27
3038,600476,*ST湘邮,9.37,0.97,0.09,5025.0,4687757.0,2.37,9.4,9.18,9.2,9.28,0.32,0.31,143.6,-3.42,1509225900.0,1509225900.0,0.0,-0.11,-17.3,-41.47
3039,301607,富特科技,43.5,0.97,0.42,89349.0,391080868.33,3.9,44.7,43.02,43.7,43.08,0.8,5.89,33.09,5.64,10184599712.0,6602920550.0,-0.07,-0.07,17.95,52.42
3040,603223,恒通股份,10.5,0.96,0.1,63426.0,66613080.0,2.5,10.64,10.38,10.45,10.4,0.72,0.9,19.89,1.84,7411133027.0,7411133027.0,-0.28,0.0,1.45,13.76
3041,920176,维琪科技,55.88,0.96,0.53,12126.0,67219764.79,4.53,56.75,54.24,55.88,55.35,0.64,15.26,34.11,4.18,3287420400.0,444078360.0,0.0,0.16,152.17,152.17
3042,688479,友车科技,33.52,0.96,0.32,14943.0,50339553.0,2.95,34.18,33.2,33.87,33.2,0.5,1.73,157.59,3.65,6748392547.0,2900296547.0,-0.3,-0.42,16.51,151.84
3043,301638,南网数字,22.16,0.96,0.21,56042.0,124452118.77,1.64,22.37,22.01,22.15,21.95,0.43,2.24,228.2,6.39,70461049097.0,5545185551.0,-0.05,0.0,-15.93,18.19
3044,300286,安科瑞,19.89,0.96,0.19,31056.0,62213785.84,2.28,20.25,19.8,19.99,19.7,0.67,1.49,24.81,2.25,4988106788.0,4132645824.0,-0.2,-0.2,-41.72,-12.49
3045,300308,中际旭创,904.2,0.96,8.6,227062.0,20338306136.49,3.46,912.01,881.0,904.99,895.6,0.79,2.05,46.11,30.53,1057674062392.0,1003607547268.0,0.07,0.63,-18.64,48.47
3046,301053,远信工业,41.9,0.96,0.4,76539.0,320520487.22,4.12,42.9,41.19,41.5,41.5,1.02,6.25,81.84,5.89,5525994782.0,5131616940.0,-0.26,-0.38,13.58,66.67
3047,000635,英 力 特,6.33,0.96,0.06,38888.0,24635260.77,2.07,6.41,6.28,6.28,6.27,0.87,1.06,-5.05,2.54,2494865834.0,2321969435.0,0.0,0.0,-9.96,-28.8
3048,300650,太龙股份,11.61,0.96,0.11,47844.0,55817162.0,3.57,11.88,11.47,11.7,11.5,0.72,2.81,91.26,1.96,2802685022.0,1977709409.0,-0.09,0.0,-22.29,-29.81
3049,002047,宝鹰股份,3.14,0.96,0.03,571334.0,179670216.52,3.54,3.2,3.09,3.19,3.11,0.44,3.77,-129.45,116.97,4761020896.0,4760739062.0,0.0,0.32,-37.7,-14.67
3050,300933,中辰股份,6.3,0.96,0.06,69438.0,43683486.44,1.92,6.35,6.23,6.3,6.24,0.65,1.27,52.15,1.62,3446669860.0,3446669860.0,0.0,0.0,-20.95,-24.0
3051,920976,视声智能,16.8,0.96,0.16,4300.0,7221649.42,2.16,17.0,16.64,16.8,16.64,0.48,0.97,23.18,4.4,1192017120.0,741209280.0,0.06,0.3,-32.72,-36.27
3052,002034,旺能环境,13.83,0.95,0.13,46453.0,64140116.26,1.31,13.91,13.73,13.78,13.7,0.72,0.9,8.88,0.85,7145977637.0,7116190749.0,0.0,0.07,-34.95,-13.02
3053,603329,上海雅仕,10.59,0.95,0.1,34798.0,36741494.0,1.72,10.63,10.45,10.46,10.49,1.23,1.69,16.47,1.81,2648041943.0,2185596531.0,-0.28,-0.09,-1.58,-3.29
3054,600976,健民集团,28.63,0.95,0.27,30457.0,87338517.0,2.43,28.98,28.29,28.39,28.36,0.95,1.99,12.39,1.63,4391801918.0,4388938918.0,0.14,0.25,-7.08,-12.37
3055,600794,保税科技,3.19,0.95,0.03,133978.0,42533180.0,1.9,3.2,3.14,3.16,3.16,1.0,1.12,40.0,1.53,3828485381.0,3828485381.0,0.0,0.0,-0.31,-17.78
3056,300445,康斯特,18.11,0.95,0.17,13898.0,25281748.4,2.06,18.4,18.03,18.1,17.94,0.74,0.99,28.48,2.98,3847107535.0,2545396303.0,-0.11,-0.06,-26.26,-30.24
3057,600621,华鑫股份,12.78,0.95,0.12,68562.0,87572729.0,1.58,12.88,12.68,12.71,12.66,0.81,0.65,21.83,1.47,13558292952.0,13558292952.0,0.0,0.0,-3.77,-15.36
3058,002358,森源电气,5.31,0.95,0.05,95635.0,50908742.8,1.9,5.37,5.27,5.27,5.26,0.6,1.03,23.2,1.48,4937009548.0,4937002778.0,-0.19,0.0,-18.06,-1.67
3059,600255,鑫科材料,3.19,0.95,0.03,375448.0,120172309.0,2.22,3.24,3.17,3.18,3.16,0.65,2.08,67.61,3.84,5761608786.0,5761608786.0,-0.31,-0.31,-14.48,-17.14
3060,600529,山东药玻,19.19,0.95,0.18,116638.0,225030167.0,2.26,19.48,19.05,19.15,19.01,1.18,1.76,15.82,1.52,12734754828.0,12734754828.0,-0.26,-0.21,2.18,-2.84
3061,603568,伟明环保,14.9,0.95,0.14,107475.0,160492408.0,3.39,15.2,14.7,14.74,14.76,1.07,0.52,16.42,2.09,30522015528.0,30522015528.0,0.0,0.27,-2.87,-27.85
3062,002487,大金重工,39.19,0.95,0.37,158841.0,619388942.44,2.06,39.36,38.56,39.2,38.82,0.85,2.52,16.68,3.35,29003964422.0,24725765225.0,0.13,0.1,-47.54,-24.4
3063,002032,苏 泊 尔,41.37,0.95,0.39,16935.0,70082065.65,1.37,41.55,40.99,41.0,40.98,1.18,0.21,19.07,6.55,33089718214.0,33074657465.0,-0.29,-0.07,-12.76,-0.22
3064,002195,岩山科技,6.35,0.95,0.06,914439.0,581712916.06,2.23,6.42,6.28,6.33,6.29,0.59,1.63,427.03,3.64,35982546755.0,35660542325.0,-0.16,0.0,-19.21,-10.44
3065,920018,宏远股份,14.95,0.95,0.14,6844.0,10229595.2,1.49,15.07,14.85,14.85,14.81,0.34,1.19,21.89,2.69,2474650073.0,859489553.0,-0.07,-0.07,-21.6,-27.99
3066,600678,ST金顶,5.36,0.94,0.05,54770.0,29302635.0,2.26,5.41,5.29,5.29,5.31,0.9,1.57,252.45,7.25,1870586400.0,1870586400.0,0.19,-0.19,-12.99,-60.85
3067,603949,雪龙集团,13.99,0.94,0.13,15154.0,21234931.0,2.16,14.2,13.9,13.9,13.86,0.64,0.72,31.43,2.78,2948206517.0,2940771783.0,0.0,0.14,-14.9,-24.58
3068,601117,中国化学,7.51,0.94,0.07,440010.0,329094032.0,1.61,7.54,7.42,7.42,7.44,0.93,0.72,7.32,0.67,45852760572.0,45721385889.0,0.13,0.27,-2.47,2.6
3069,603087,甘李药业,71.87,0.94,0.67,188874.0,1382577292.0,4.49,74.6,71.4,73.0,71.2,0.99,3.37,55.77,3.82,42937449986.0,40330372276.0,-0.15,-0.08,37.73,7.16
3070,600501,航天晨光,13.91,0.94,0.13,60671.0,85022385.0,2.69,14.14,13.77,14.02,13.78,0.99,1.42,-24.01,4.07,5951034622.0,5951034622.0,-0.07,-0.14,-26.25,-53.83
3071,603128,华贸物流,5.36,0.94,0.05,71766.0,38321852.0,1.51,5.38,5.3,5.32,5.31,1.11,0.55,19.06,1.17,7016489208.0,7016489208.0,-0.19,0.0,5.1,-8.84
3072,600302,ST标准,6.46,0.94,0.06,41977.0,26747854.0,4.69,6.53,6.23,6.43,6.4,0.85,1.21,-27.1,4.61,2235223334.0,2235223334.0,-0.46,-0.62,-35.91,-38.42
3073,301501,恒鑫生活,28.97,0.94,0.27,14934.0,43179140.3,1.78,29.2,28.69,29.2,28.7,0.33,3.43,33.17,2.07,4284663000.0,1260195000.0,0.03,-0.24,2.04,-33.11
3074,300217,东方电热,4.3,0.94,0.04,126727.0,54555732.6,1.64,4.34,4.27,4.31,4.26,0.51,1.02,55.6,1.5,6355300842.0,5338081008.0,-0.23,0.0,-20.81,-16.67
3075,300010,ST豆神,2.15,0.94,0.02,197639.0,42587248.8,1.41,2.17,2.14,2.15,2.13,0.73,1.19,-19.58,2.56,4443217217.0,3576163103.0,0.0,0.0,-22.38,-70.3
3076,600207,安彩高科,4.29,0.94,0.04,109301.0,46868891.0,2.35,4.33,4.23,4.29,4.25,0.68,1.0,-7.9,2.49,4673150857.0,4673150857.0,-0.23,-0.23,-44.29,-16.7
3077,688698,伟创电气,45.0,0.94,0.42,26884.0,120950831.0,4.04,45.95,44.15,45.95,44.58,0.75,1.25,50.08,4.12,9676492830.0,9676492830.0,0.18,-0.02,-40.43,-54.33
3078,603218,日月股份,9.7,0.94,0.09,43663.0,42328910.0,1.77,9.75,9.58,9.64,9.61,0.7,0.42,29.42,0.99,9989511050.0,9980684050.0,0.1,0.21,-16.88,-24.63
3079,301560,众捷汽车,22.61,0.94,0.21,14558.0,32972254.66,3.26,22.84,22.11,22.57,22.4,0.99,2.38,-163.4,2.88,2749376000.0,1380566600.0,-0.04,-0.26,-36.51,-33.46
3080,000878,云南铜业,16.09,0.94,0.15,387849.0,633200124.48,3.64,16.58,16.0,16.22,15.94,1.0,1.94,14.44,2.18,39021211204.0,32238258833.0,0.0,0.06,-9.51,-20.66
3081,000938,紫光股份,35.66,0.93,0.33,1616168.0,5720745540.06,4.95,36.16,34.41,35.22,35.33,0.53,5.65,32.36,6.65,101990448307.0,101990191555.0,0.0,0.2,27.54,45.31
3082,603076,乐惠国际,20.65,0.93,0.19,15057.0,31162487.0,1.76,20.86,20.5,20.7,20.46,0.38,1.25,75.93,1.97,2492482754.0,2492482754.0,0.24,0.1,-16.57,-11.14
3083,603722,阿科力,29.43,0.93,0.27,8411.0,24821634.0,2.88,30.0,29.16,29.48,29.16,0.63,0.88,-55.33,3.24,2875903161.0,2816454561.0,0.07,0.24,-20.39,-25.44
3084,002856,*ST美芝,14.04,0.93,0.13,34374.0,47845176.5,3.67,14.18,13.67,14.0,13.91,0.69,2.77,-191.04,-37.33,1899791824.0,1739618380.0,-0.14,0.14,-33.17,18.88
3085,300430,*ST益通,4.35,0.93,0.04,42066.0,18378540.0,2.32,4.42,4.32,4.4,4.31,0.64,1.62,-5.02,0.93,1187753563.0,1130349497.0,-0.23,-0.46,-14.87,-77.37
3086,300421,力星股份,16.25,0.93,0.15,54134.0,88306820.4,3.48,16.61,16.05,16.4,16.1,0.81,2.35,169.32,3.83,4777995365.0,3742420858.0,0.0,0.0,-32.49,-55.64
3087,600340,*ST华幸,1.09,0.93,0.01,381963.0,41561114.0,1.85,1.1,1.08,1.08,1.08,1.05,0.98,-0.62,-0.22,4243757018.0,4243757018.0,0.0,0.0,-10.66,-50.23
3088,001393,维通利,42.25,0.93,0.39,15353.0,64769247.33,2.15,42.8,41.9,42.74,41.86,0.6,3.2,38.78,2.85,10534333362.0,2029697647.0,-0.05,0.02,-42.52,39.07
3089,688480,赛恩斯,76.8,0.93,0.71,11609.0,90457128.0,5.73,80.25,75.89,76.5,76.09,1.12,1.22,56.97,6.28,7321050547.0,7321050547.0,0.33,0.03,-22.2,50.38
3090,600925,苏能股份,4.36,0.93,0.04,96999.0,42310906.0,2.31,4.4,4.3,4.3,4.32,1.43,0.6,38.4,1.94,30035555556.0,7002371835.0,0.23,0.0,-4.18,-3.54
3091,600779,水井坊,27.18,0.93,0.25,16311.0,44354299.0,1.23,27.35,27.02,27.13,26.93,0.52,0.33,19.37,2.57,13250336922.0,13250336922.0,0.04,-0.04,-19.32,-28.87
3092,600865,百大集团,8.68,0.93,0.08,45434.0,39301962.0,2.44,8.72,8.51,8.61,8.6,0.7,1.21,143.49,1.42,3265765943.0,3265765943.0,0.23,0.12,-13.63,-47.07
3093,600967,内蒙一机,10.81,0.93,0.1,118682.0,128277232.0,1.21,10.86,10.73,10.73,10.71,0.51,0.7,33.25,1.56,18396400350.0,18396400350.0,0.0,-0.09,-14.14,-35.27
3094,301213,观想科技,43.25,0.93,0.4,10472.0,45405798.0,2.89,43.98,42.74,43.85,42.85,0.71,1.45,173.37,6.08,4843999914.0,3131103991.0,-0.05,0.02,-8.58,-12.18
3095,603100,川仪股份,17.43,0.93,0.16,29056.0,50710468.0,1.74,17.58,17.28,17.28,17.27,0.68,0.57,15.83,1.84,8944608458.0,8916127663.0,-0.17,-0.11,-9.03,-22.5
3096,601990,南京证券,6.6,0.92,0.06,114364.0,75208859.0,1.38,6.62,6.53,6.56,6.54,0.82,0.27,24.78,1.25,29037543447.0,27929383680.0,-0.15,-0.15,-2.22,-15.82
3097,002197,证通电子,6.57,0.92,0.06,197704.0,129435582.66,3.07,6.64,6.44,6.62,6.51,0.62,3.7,564.27,2.29,4036364437.0,3508380079.0,0.0,-0.15,-4.09,-35.08
3098,300543,朗科智能,7.72,0.92,0.07,82164.0,63384977.0,3.27,7.83,7.58,7.67,7.65,0.84,3.28,-71.5,1.68,2365186698.0,1931534798.0,-0.13,-0.26,-13.16,-30.39
3099,000538,云南白药,50.21,0.92,0.46,71643.0,359670083.01,1.75,50.68,49.81,49.83,49.75,0.92,0.4,10.99,2.28,89587825297.0,89018984508.0,0.0,0.14,0.97,-9.01
3100,002615,哈尔斯,6.56,0.92,0.06,51964.0,34124822.0,1.85,6.63,6.51,6.59,6.5,0.7,1.72,37.57,1.54,3672364896.0,1982543238.0,0.15,0.15,-15.03,-14.47
3101,688278,特宝生物,64.99,0.92,0.59,114342.0,749716039.0,3.66,66.8,64.44,66.79,64.4,1.61,2.8,27.83,8.55,26528234305.0,26528234305.0,-0.21,-0.18,18.4,-21.76
3102,300503,昊志机电,70.19,0.92,0.64,194310.0,1363447026.37,7.28,72.72,67.66,71.29,69.55,0.84,8.06,46.56,13.64,21634438039.0,16930777671.0,0.11,0.0,-12.03,10.33
3103,600573,惠泉啤酒,9.92,0.92,0.09,62813.0,62162867.0,2.14,10.02,9.81,9.88,9.83,1.05,2.51,25.42,1.8,2480000000.0,2480000000.0,0.0,0.1,-15.21,-16.15
3104,688633,星球石墨,24.1,0.92,0.22,17909.0,43452168.0,3.06,24.69,23.96,23.96,23.88,0.69,1.05,14.01,1.8,4106655183.0,4106655183.0,-0.08,0.0,-22.08,4.42
3105,301317,鑫磊股份,42.56,0.92,0.39,17398.0,74610916.5,3.6,43.72,42.2,43.02,42.17,0.77,3.33,-86.14,5.67,6690006400.0,2221492956.0,-0.79,-0.16,-36.89,33.21
3106,600996,贵广网络,6.57,0.92,0.06,147930.0,96839719.0,2.15,6.62,6.48,6.55,6.51,0.86,1.19,-7.71,5.22,8191475041.0,8191475041.0,0.0,0.15,-30.18,-34.56
3107,600800,渤海化学,3.3,0.92,0.03,287357.0,95199217.0,3.36,3.36,3.25,3.27,3.27,0.41,2.59,-6.41,3.74,3663149213.0,3662109713.0,0.0,-0.3,-20.67,-4.62
3108,600831,广电网络,3.32,0.91,0.03,109151.0,35933346.0,3.65,3.34,3.22,3.29,3.29,1.03,1.54,-3.14,6.66,2360344013.0,2360344013.0,0.3,0.3,-16.58,-20.95
3109,603341,龙旗科技,36.6,0.91,0.33,78909.0,288571013.0,2.76,37.15,36.15,36.35,36.27,0.32,2.95,310.33,2.75,19126817570.0,9786925315.0,-0.16,-0.25,1.81,-12.36
3110,603121,华培动力,12.18,0.91,0.11,34089.0,41640470.0,2.65,12.39,12.07,12.2,12.07,0.8,1.01,-295.52,3.76,4123340649.0,4123340649.0,-0.65,0.0,-28.52,-42.44
3111,600100,同方股份,6.66,0.91,0.06,185857.0,124225482.0,1.82,6.73,6.61,6.65,6.6,0.74,0.55,-30.4,1.42,22312982769.0,22312982769.0,-0.15,-0.3,-15.91,-25.0
3112,001217,华尔泰,9.96,0.91,0.09,31516.0,31290315.0,1.52,10.0,9.85,10.0,9.87,0.94,0.96,110.65,1.52,3305425200.0,3272644320.0,0.1,0.1,0.2,-27.83
3113,601068,中铝国际,4.44,0.91,0.04,104404.0,46471508.0,2.27,4.5,4.4,4.44,4.4,0.72,0.41,61.92,4.27,13261915773.0,11364582561.0,-0.22,-0.22,-19.86,-16.07
3114,600698,湖南天雁,6.64,0.91,0.06,128587.0,85005570.0,1.52,6.65,6.55,6.58,6.58,0.52,1.55,959.17,9.6,7095754540.0,5514199560.0,0.0,0.0,-2.92,-26.55
3115,301149,隆华新材,7.8,0.91,0.07,55759.0,43647399.4,1.68,7.9,7.77,7.79,7.73,0.78,1.64,23.35,2.1,4360200179.0,2652863951.0,0.26,0.0,-14.66,-3.94
3116,300201,海伦哲,14.48,0.91,0.13,228933.0,331768468.7,4.04,14.78,14.2,14.62,14.35,0.64,2.28,84.95,7.89,14610951429.0,14532898553.0,-0.07,-0.14,-26.94,112.94
3117,000088,盐 田 港,4.47,0.9,0.04,240535.0,106940673.32,2.03,4.49,4.4,4.43,4.43,1.36,0.76,17.06,1.3,23241690557.0,14138099124.0,0.22,0.22,2.76,3.0
3118,000752,*ST西发,8.97,0.9,0.08,12103.0,10878231.0,1.8,9.08,8.92,9.08,8.89,0.68,0.46,78.25,3.81,2365913664.0,2365913664.0,0.0,0.11,2.05,-18.38
3119,600167,联美控股,5.63,0.9,0.05,51943.0,29254907.0,1.79,5.67,5.57,5.58,5.58,0.75,0.23,5.98,1.09,12739791807.0,12739791807.0,-0.18,-0.18,-12.03,-18.17
3120,301109,军信股份,13.49,0.9,0.12,26949.0,36415861.9,1.87,13.6,13.35,13.44,13.37,0.91,0.43,12.11,1.48,10644970359.0,8421656020.0,-0.07,0.0,-6.71,-6.06
3121,603868,飞科电器,30.25,0.9,0.27,7617.0,23147638.0,1.93,30.58,30.0,30.0,29.98,0.73,0.17,17.47,4.0,13176900000.0,13176900000.0,0.0,-0.13,-18.24,-29.29
3122,300662,科锐国际,20.15,0.9,0.18,25783.0,51971311.0,2.3,20.37,19.91,20.02,19.97,0.5,1.31,10.79,1.72,3965648134.0,3954139361.0,0.1,-0.2,-5.09,-19.72
3123,300605,恒锋信息,10.11,0.9,0.09,56114.0,56816545.39,3.09,10.24,9.93,10.1,10.02,0.61,4.44,-30.25,3.82,1669607104.0,1277731625.0,0.0,0.0,-9.49,-35.4
3124,300577,开润股份,17.92,0.9,0.16,23183.0,41842051.0,2.87,18.29,17.78,17.78,17.76,0.58,1.63,10.88,2.02,4297865546.0,2547593055.0,-0.22,-0.06,2.75,-15.11
3125,002242,九阳股份,8.99,0.9,0.08,45331.0,40727902.85,1.68,9.05,8.9,8.91,8.91,0.53,0.6,20.7,2.04,6859522830.0,6847554668.0,0.0,0.0,0.56,-12.63
3126,300097,智云股份,10.05,0.9,0.09,234412.0,234569225.0,5.42,10.36,9.82,9.9,9.96,1.16,8.88,-44.31,12.74,2976676023.0,2651495681.0,-0.1,0.2,1.31,38.81
3127,301123,奕东电子,72.37,0.89,0.64,60535.0,439153130.11,4.06,74.23,71.32,73.36,71.73,0.49,3.67,447.34,6.06,16980896800.0,11944063197.0,-0.01,-0.06,-8.97,-1.62
3128,688696,极米科技,70.51,0.89,0.62,5526.0,39308849.0,3.95,72.65,69.89,69.89,69.89,0.85,0.79,24.55,1.69,4937110200.0,4937110200.0,-0.2,-0.27,-9.63,-36.1
3129,300982,苏文电能,14.76,0.89,0.13,20778.0,30657638.0,1.85,14.87,14.6,14.77,14.63,0.78,1.07,-90.19,1.07,3054805555.0,2861921875.0,0.14,0.2,-35.77,-26.89
3130,601077,渝农商行,6.82,0.89,0.06,474927.0,321488929.0,2.07,6.84,6.7,6.72,6.76,0.83,0.54,4.74,0.53,77454740000.0,60276813229.0,0.0,-0.15,4.76,11.07
3131,600633,浙数文化,10.21,0.89,0.09,124124.0,126865209.0,1.38,10.3,10.16,10.18,10.12,0.47,0.98,21.48,1.25,12947040359.0,12947040359.0,-0.2,0.0,-16.52,-19.54
3132,300352,ST信源,2.26,0.89,0.02,160807.0,36305475.0,1.79,2.28,2.24,2.25,2.24,0.78,1.26,-16.43,3.24,3276602437.0,2884046202.0,0.0,0.44,-25.41,-63.13
3133,002023,海特高新,10.18,0.89,0.09,136647.0,139730549.5,2.48,10.34,10.09,10.29,10.09,0.37,1.86,73.92,2.03,7541957192.0,7473751661.0,0.0,-0.29,-8.29,-24.82
3134,002493,荣盛石化,13.53,0.89,0.12,633412.0,868279476.88,4.62,13.98,13.36,13.38,13.41,1.14,0.68,12.0,2.98,135157153697.0,126344049947.0,-0.07,0.15,18.37,16.54
3135,603888,新华网,16.01,0.88,0.14,47941.0,76843990.0,1.64,16.15,15.89,15.89,15.87,0.61,0.65,75.45,3.21,11882813880.0,11882813880.0,-0.19,-0.06,-4.59,-8.67
3136,688327,云从科技-UW,10.27,0.88,0.09,144233.0,148537692.0,1.77,10.38,10.2,10.3,10.18,0.74,1.73,-205.14,14.02,10680546629.0,8574092809.0,-0.19,-0.19,-29.07,-28.53
3137,300847,中船汉光,13.82,0.88,0.12,25667.0,35481692.5,1.46,13.92,13.72,13.79,13.7,0.5,0.87,39.88,2.76,4090858200.0,4090858200.0,-0.07,-0.14,-4.43,-18.8
3138,600665,天地源,3.44,0.88,0.03,136322.0,46569196.0,3.52,3.48,3.36,3.43,3.41,0.9,1.58,-4.73,2.1,2972581472.0,2972581472.0,0.29,0.0,7.5,4.88
3139,600681,百川能源,3.43,0.88,0.03,150062.0,51276053.0,2.35,3.46,3.38,3.39,3.4,0.81,1.12,10.25,1.28,4599131998.0,4595544088.0,0.0,0.0,-5.51,-19.48
3140,688450,光格科技,33.2,0.88,0.29,14069.0,46847816.0,3.92,33.96,32.67,33.77,32.91,0.71,2.88,-121.16,2.34,2191200000.0,1624498310.0,0.03,0.03,-28.51,20.38
3141,603711,香飘飘,11.5,0.88,0.1,51184.0,58166440.0,2.37,11.5,11.23,11.38,11.4,0.63,1.24,218.61,1.37,4748052150.0,4748052150.0,0.26,0.26,-21.5,-13.92
3142,000821,ST京机,6.86,0.88,0.06,47262.0,32315638.78,1.32,6.88,6.79,6.83,6.8,0.65,0.78,44.87,1.03,4272920977.0,4147904241.0,0.15,0.15,-25.19,-48.96
3143,600655,豫园股份,4.61,0.88,0.04,139080.0,64055259.0,2.41,4.65,4.54,4.56,4.57,1.37,0.36,28.57,0.6,17938470646.0,17932191319.0,0.0,-0.22,-1.07,-10.14
3144,920879,基康技术,12.59,0.88,0.11,6821.0,8573506.1,2.08,12.71,12.45,12.48,12.48,0.78,0.45,39.0,4.05,2528938368.0,1892411952.0,-0.08,0.0,-19.4,-28.91
3145,605366,宏柏新材,8.03,0.88,0.07,156797.0,126348297.0,3.64,8.19,7.9,8.03,7.96,0.71,2.03,-55.36,2.32,6205806431.0,6205806431.0,0.25,0.0,-30.05,29.52
3146,000985,大庆华科,15.97,0.88,0.14,19245.0,30627415.0,2.08,16.08,15.75,15.82,15.83,1.07,1.48,91.5,3.39,2070342815.0,2070342815.0,0.0,0.06,-6.33,-16.39
3147,600750,华润江中,24.2,0.88,0.21,65613.0,159059796.0,1.96,24.42,23.95,24.19,23.99,1.47,1.04,13.35,4.09,15381236594.0,15217571994.0,-0.21,-0.37,4.72,8.57
3148,688722,同益中,13.81,0.88,0.12,18862.0,26071050.0,1.75,13.94,13.7,13.81,13.69,0.71,0.84,21.35,2.15,3094892812.0,3094892812.0,-0.22,-0.22,-20.08,-29.0
3149,301237,和顺科技,53.48,0.87,0.46,10128.0,54195742.0,3.49,54.32,52.47,54.09,53.02,0.78,1.74,274.64,3.7,4278400000.0,3115210000.0,0.0,-0.02,-27.51,-7.65
3150,920950,迅安科技,12.79,0.87,0.11,1505.0,1924685.28,2.68,12.92,12.58,12.68,12.68,0.57,0.42,23.59,3.1,937762800.0,456860079.0,0.79,0.47,-6.23,-27.7
3151,301356,天振股份,19.7,0.87,0.17,18545.0,36964579.2,4.45,20.41,19.54,20.41,19.53,1.03,1.46,27.52,1.44,4255200000.0,2495940750.0,0.0,0.0,-25.15,-6.24
3152,688750,金天钛业,13.91,0.87,0.12,22575.0,31490397.0,1.45,14.06,13.86,13.88,13.79,0.76,0.97,166.32,2.61,6433375000.0,3239893915.0,0.0,0.14,-21.1,-30.28
3153,603636,南威软件,6.92,0.87,0.06,71009.0,48981051.0,2.33,6.97,6.81,6.9,6.86,0.51,1.22,-20.15,2.17,4016094819.0,4016094819.0,0.0,0.0,-27.77,-41.55
3154,002823,凯中精密,12.76,0.87,0.11,40941.0,52249875.52,2.06,12.87,12.61,12.74,12.65,0.38,1.84,19.98,2.06,4178877925.0,2845986738.0,0.08,0.08,-26.79,-19.34
3155,002069,獐子岛,3.47,0.87,0.03,123936.0,42757257.08,3.2,3.49,3.38,3.47,3.44,0.9,1.75,241.12,89.88,2467559313.0,2464450193.0,0.0,0.29,0.58,-6.97
3156,600115,中国东航,3.48,0.87,0.03,1223886.0,424845477.0,1.45,3.49,3.44,3.45,3.45,1.02,0.72,11.77,5.45,76865323612.0,59246877828.0,0.0,0.29,-19.26,-42.0
3157,300961,深水海纳,11.53,0.87,0.1,37289.0,42838641.0,3.15,11.6,11.24,11.43,11.43,0.88,2.45,-19.34,3.7,2044038400.0,1751717572.0,0.26,-0.17,-7.09,-19.43
3158,000581,威孚高科,17.38,0.87,0.15,46030.0,80101481.0,1.39,17.49,17.25,17.3,17.23,0.83,0.58,11.22,0.86,16802735344.0,13798074097.0,-0.06,0.0,-7.45,-12.75
3159,688063,派能科技,43.98,0.87,0.38,38553.0,169515020.0,1.56,44.36,43.68,44.35,43.6,0.81,1.57,121.04,1.17,10790899771.0,10790899771.0,-0.18,-0.2,-39.22,-22.43
3160,600446,金证股份,10.49,0.87,0.09,106796.0,112012053.0,1.35,10.54,10.4,10.43,10.4,0.66,1.13,-50.42,2.79,9873895855.0,9873895855.0,0.0,-0.1,-23.54,-34.11
3161,002049,紫光国微,62.81,0.87,0.54,164980.0,1040607465.7,2.39,63.79,62.3,63.2,62.27,0.58,1.96,33.2,3.74,52963507190.0,52956358658.0,-0.03,-0.02,-25.89,-19.99
3162,920076,国亮新材,12.78,0.87,0.11,3428.0,4361356.73,1.34,12.84,12.67,12.69,12.67,0.56,0.93,16.42,1.54,1496388308.0,470712129.0,0.55,0.55,-9.87,71.08
3163,600780,通宝能源,5.82,0.87,0.05,65035.0,37814296.0,1.56,5.86,5.77,5.77,5.77,0.86,0.57,9.69,0.8,6672644684.0,6672644684.0,0.17,0.17,-17.68,5.82
3164,601200,上海环境,6.98,0.87,0.06,65875.0,45965339.0,1.73,7.02,6.9,6.9,6.92,1.03,0.49,14.96,0.81,9396687152.0,9396687152.0,0.0,0.0,-6.31,-11.87
3165,688130,晶华微,24.27,0.87,0.21,18407.0,44768969.0,3.95,24.78,23.83,24.46,24.06,0.59,3.05,-726.47,2.37,2934026851.0,1463119231.0,0.58,0.62,-12.6,15.9
3166,605179,一鸣食品,35.05,0.86,0.3,395773.0,1317679029.0,16.75,37.1,31.28,31.28,34.75,1.36,9.87,222.17,12.37,14055050000.0,14055050000.0,-0.06,0.55,131.51,67.94
3167,920020,泰凯英,15.32,0.86,0.13,2593.0,3970533.76,1.45,15.41,15.19,15.24,15.19,0.77,0.47,21.02,3.02,3446157400.0,851805803.0,0.39,0.39,6.39,-9.56
3168,002061,浙江交科,3.51,0.86,0.03,186461.0,65371092.97,2.3,3.54,3.46,3.47,3.48,1.35,0.72,10.63,0.59,9277463471.0,9122974029.0,0.0,0.0,-1.96,-9.3
3169,601777,千里科技,8.17,0.86,0.07,228719.0,187453102.0,2.22,8.26,8.08,8.13,8.1,0.91,0.51,190.91,3.57,36937387580.0,36937387580.0,-0.37,-0.24,-28.52,-23.14
3170,300569,天能重工,4.69,0.86,0.04,102086.0,47945337.49,1.51,4.73,4.66,4.66,4.65,1.03,1.0,35.38,0.92,4796585728.0,4782148843.0,0.0,0.0,-13.63,-18.01
3171,300785,值得买,36.41,0.86,0.31,48028.0,175191147.64,3.52,37.07,35.8,36.6,36.1,0.52,3.93,506.17,3.76,7240319398.0,4454191317.0,-0.14,-0.14,-20.43,-16.55
3172,600418,江淮汽车,21.12,0.86,0.18,684630.0,1442339878.0,5.4,21.71,20.58,21.1,20.94,0.9,3.04,-31.78,3.84,47608243478.0,47608243478.0,0.05,0.09,-45.98,-57.33
3173,002529,海源复材,7.05,0.86,0.06,32974.0,23172543.0,2.0,7.09,6.95,7.03,6.99,0.77,1.27,-22.57,23.0,1833000000.0,1833000000.0,0.0,0.14,-13.18,1.59
3174,002664,信质集团,15.23,0.86,0.13,43025.0,65385152.95,2.32,15.38,15.03,15.27,15.1,0.73,1.07,61.62,1.74,6216886000.0,6136887958.0,-0.07,-0.13,-26.18,-36.28
3175,002010,传化智联,4.67,0.86,0.04,124417.0,58161191.52,1.51,4.7,4.63,4.63,4.63,0.78,0.45,12.15,0.72,12908024340.0,12876707778.0,-0.21,-0.21,-12.71,-18.21
3176,600585,海螺水泥,17.61,0.86,0.15,202096.0,354681285.0,1.6,17.66,17.38,17.41,17.46,1.15,0.51,15.83,0.49,92929027375.0,70043071375.0,0.0,0.11,-7.8,-17.13
3177,002219,新里程,2.35,0.86,0.02,1725592.0,405762806.46,4.72,2.39,2.28,2.37,2.33,0.58,5.27,441.83,4.11,8112016120.0,7689476877.0,-0.42,-0.42,10.33,10.33
3178,688709,成都华微,25.92,0.86,0.22,36352.0,94630188.0,3.31,26.46,25.61,25.99,25.7,0.73,1.64,-61.5,5.73,16507074914.0,5747662826.0,0.19,-0.04,-33.42,-43.58
3179,600352,浙江龙盛,12.91,0.86,0.11,418049.0,542715558.0,3.05,13.2,12.81,12.81,12.8,0.81,1.28,19.55,1.33,42000514313.0,42000514313.0,0.08,0.31,18.12,26.44
3180,605199,ST葫芦娃,5.89,0.86,0.05,12522.0,7435392.0,2.57,6.02,5.87,5.87,5.84,0.81,0.31,-20.35,6.14,2356640549.0,2356640549.0,0.0,-0.34,-15.37,-22.7
3181,603130,云中马,39.8,0.86,0.34,11977.0,48063794.0,3.67,40.9,39.45,39.45,39.46,0.76,0.87,95.22,3.9,5473065160.0,5473065160.0,0.03,0.05,-12.62,-29.46
3182,601636,旗滨集团,5.93,0.85,0.05,429528.0,254441332.0,1.87,5.98,5.87,5.92,5.88,0.57,1.45,334.46,1.2,17544816607.0,17544816607.0,-0.17,0.0,-13.81,1.89
3183,002024,ST易购,1.18,0.85,0.01,198066.0,23362907.45,1.71,1.19,1.17,1.17,1.17,0.76,0.21,94.55,0.89,10932425789.0,10918882869.0,-0.84,-0.84,-3.28,-30.59
3184,300099,尤洛卡,5.94,0.85,0.05,80660.0,47888346.88,2.38,6.0,5.86,5.9,5.89,0.61,1.39,77.29,1.91,4379355615.0,3455263774.0,-0.17,-0.17,-25.75,-19.62
3185,300207,欣旺达,17.87,0.85,0.15,243480.0,435749584.61,2.09,18.14,17.77,17.85,17.72,0.66,1.42,72.39,1.35,33014153910.0,30627852813.0,-0.06,0.06,-25.54,-31.43
3186,688577,浙海德曼,41.35,0.85,0.35,9628.0,40131162.0,3.05,42.48,41.23,41.62,41.0,0.72,0.62,97.22,6.5,6441983487.0,6441983487.0,0.0,-0.14,-28.0,-39.99
3187,920160,北矿检测,20.07,0.85,0.17,3659.0,7386887.85,2.31,20.45,19.99,20.09,19.9,0.82,1.44,21.55,4.28,2273529600.0,511544160.0,-0.3,-0.1,-6.95,-21.51
3188,000690,宝新能源,4.75,0.85,0.04,485711.0,231709588.18,3.4,4.84,4.68,4.68,4.71,1.15,2.23,8.34,0.82,10335467345.0,10328723950.0,0.0,0.0,-17.39,19.05
3189,920223,荣亿精密,10.74,0.85,0.09,11056.0,11919018.54,5.54,11.15,10.56,10.65,10.65,0.97,1.35,-104.18,7.08,1689240900.0,877192185.0,-0.09,-0.28,-23.61,-52.03
3190,300460,ST惠伦,8.31,0.85,0.07,18275.0,15151598.6,1.46,8.35,8.23,8.29,8.24,0.66,0.65,-69.79,5.08,2333483326.0,2333483326.0,-0.12,0.0,-16.48,8.34
3191,600480,凌云股份,8.34,0.85,0.07,91365.0,76224200.0,1.69,8.42,8.28,8.28,8.27,0.71,0.75,16.62,1.29,10193375941.0,10117964084.0,-0.24,0.0,-23.91,-30.44
3192,002056,横店东磁,21.48,0.85,0.18,243292.0,528479007.07,3.8,22.11,21.3,21.65,21.3,0.78,1.5,18.42,3.29,34941775350.0,34905406595.0,-0.05,-0.05,-10.24,13.59
3193,000885,城发环境,13.02,0.85,0.11,45726.0,59183307.5,2.17,13.09,12.81,12.85,12.91,1.41,0.71,6.65,0.88,8359858880.0,8359858880.0,-0.23,0.0,2.76,-2.33
3194,300085,银之杰,28.62,0.85,0.24,219758.0,626630790.56,2.78,28.9,28.11,28.71,28.38,0.58,3.37,-234.15,48.19,20224052112.0,18660608053.0,0.03,0.14,-24.11,-28.61
3195,000576,甘化科工,7.13,0.85,0.06,67133.0,47966081.0,2.12,7.21,7.06,7.14,7.07,1.04,1.55,402.31,1.88,3111661866.0,3093102811.0,0.14,0.0,-7.04,-32.29
3196,600338,西藏珠峰,13.1,0.85,0.11,334719.0,445014096.0,3.85,13.52,13.02,13.37,12.99,1.0,3.66,16.86,2.52,11976153201.0,11976153201.0,-0.08,0.0,-30.32,-12.78
3197,002864,盘龙药业,22.56,0.85,0.19,35415.0,80767205.12,4.16,23.36,22.43,22.64,22.37,0.83,3.59,35.43,1.83,3083972936.0,2224342161.0,-0.04,0.04,4.01,-4.12
3198,600488,津药药业,5.91,0.85,0.05,894968.0,533946850.0,4.27,6.11,5.86,6.0,5.86,1.03,8.2,116.13,2.16,6453050279.0,6453050279.0,0.0,-0.34,15.88,46.29
3199,600120,浙江东方,4.8,0.84,0.04,296390.0,141768518.0,1.68,4.83,4.75,4.79,4.76,0.71,0.87,9.35,0.98,16393831162.0,16393831162.0,0.21,0.21,-2.44,-21.18
3200,002005,德豪润达,2.4,0.84,0.02,103250.0,24646724.4,1.68,2.41,2.37,2.4,2.38,0.3,0.59,113.23,12.65,4205819659.0,4204738219.0,0.0,0.42,-17.81,-3.23
3201,301507,民生健康,13.23,0.84,0.11,49912.0,66424339.82,3.35,13.56,13.12,13.27,13.12,0.83,4.53,18.79,2.96,4717213786.0,1456250681.0,0.0,0.15,3.76,-13.02
3202,002054,德美化工,7.23,0.84,0.06,71228.0,51448948.0,1.95,7.29,7.15,7.22,7.17,0.9,1.85,18.49,1.35,3485694718.0,2776409131.0,0.0,0.28,-6.95,-1.09
3203,600377,宁沪高速,12.02,0.84,0.1,82614.0,99203850.0,1.68,12.09,11.89,11.9,11.92,1.24,0.22,11.08,1.48,60553724950.0,45702239672.0,0.17,0.17,-1.07,3.44
3204,603273,天元智能,14.35,0.84,0.12,15221.0,21829915.0,2.11,14.49,14.19,14.23,14.23,0.67,2.72,104.45,3.46,3091469290.0,804438040.0,-0.35,-0.14,-6.51,-31.54
3205,000848,承德露露,8.43,0.84,0.07,170340.0,142962628.28,3.35,8.51,8.23,8.33,8.36,0.76,1.69,14.43,2.67,8598600624.0,8519476644.0,0.0,0.0,2.93,5.38
3206,300205,*ST天喻,4.81,0.84,0.04,12800.0,6152933.0,1.68,4.84,4.76,4.76,4.77,0.48,0.3,-14.37,5.35,2068569360.0,2068569360.0,-0.21,0.0,-15.91,0.21
3207,002355,兴民智通,4.83,0.84,0.04,163986.0,78623320.97,4.38,4.89,4.68,4.8,4.79,0.58,2.65,-4.83,3.95,3228763230.0,2985744920.0,0.21,0.21,-15.71,-20.3
3208,002718,友邦吊顶,86.4,0.84,0.72,7075.0,60863799.0,3.7,87.47,84.3,87.0,85.68,0.62,0.74,-6227.15,12.18,11184292426.0,8313000451.0,0.57,0.24,-2.42,140.4
3209,300471,厚普股份,9.71,0.83,0.08,57255.0,55435676.5,1.66,9.77,9.61,9.67,9.63,0.43,1.53,27.48,2.76,4565241278.0,3638958294.0,0.21,0.1,-4.43,-22.94
3210,000927,中国铁物,2.43,0.83,0.02,416036.0,100944552.7,2.07,2.45,2.4,2.4,2.41,1.2,0.69,36.26,1.53,14702359348.0,14702351912.0,0.0,0.0,-7.6,-5.45
3211,300251,光线传媒,10.94,0.83,0.09,218288.0,239153467.0,1.2,11.03,10.9,10.9,10.85,0.49,0.79,344.71,3.35,32093457446.0,30362512901.0,-0.09,0.09,-17.12,-32.59
3212,605300,佳禾食品,9.75,0.83,0.08,30957.0,30131265.0,1.34,9.8,9.67,9.73,9.67,0.85,0.68,62.14,1.55,4430386321.0,4430386321.0,0.21,0.21,-9.97,-15.44
3213,601366,利群股份,3.63,0.83,0.03,250433.0,90677177.0,3.61,3.68,3.55,3.63,3.6,0.87,2.61,129.7,0.82,3483860240.0,3483860240.0,-0.82,-0.82,-1.63,-24.06
3214,600824,益民集团,3.63,0.83,0.03,182822.0,66392899.0,1.94,3.66,3.59,3.64,3.6,0.72,1.73,50.72,1.53,3826118275.0,3826118275.0,-0.27,-0.27,-3.2,-19.33
3215,920237,力佳科技,12.08,0.83,0.1,4196.0,5080213.78,1.75,12.19,11.98,11.98,11.98,0.55,0.45,41.03,2.21,1147987526.0,1126260656.0,-0.17,0.0,-21.3,-42.86
3216,600497,驰宏锌锗,9.75,0.83,0.08,1192276.0,1178877284.0,4.14,10.07,9.67,9.86,9.67,0.93,2.37,18.56,2.92,49143709709.0,49143709709.0,0.0,0.1,1.35,34.67
3217,301339,通行宝,10.93,0.83,0.09,26209.0,28702092.5,2.03,11.03,10.81,10.9,10.84,0.68,0.46,30.06,2.3,6341776182.0,6265488520.0,0.0,-0.18,-7.14,-24.31
3218,688561,奇安信-U,25.54,0.83,0.21,45580.0,116026426.0,1.46,25.6,25.23,25.35,25.33,0.62,0.67,-11.22,2.47,17424734597.0,17424734597.0,-0.08,-0.23,-12.23,-28.22
3219,603992,松霖科技,20.66,0.83,0.17,30228.0,62853917.0,2.29,21.02,20.55,20.7,20.49,0.76,0.68,23.99,2.58,9153244001.0,9153244001.0,-0.1,-0.05,-29.49,-49.19
3220,000541,佛山照明,4.87,0.83,0.04,47788.0,23281365.64,1.04,4.89,4.84,4.85,4.83,0.75,0.39,71.52,1.1,7479239980.0,5992509783.0,-0.2,-0.2,0.21,-18.29
3221,002439,启明星辰,13.31,0.83,0.11,123582.0,164107275.31,0.91,13.34,13.22,13.25,13.2,0.54,1.7,82.75,1.48,16123736729.0,9697655365.0,0.0,0.08,-9.58,-5.74
3222,688279,峰岹科技,168.04,0.83,1.38,15574.0,260075222.0,4.99,170.8,162.49,167.94,166.66,0.63,1.66,54.79,3.78,19343770003.0,15721499763.0,0.02,0.02,-27.12,-17.1
3223,603976,正川股份,27.07,0.82,0.22,26172.0,70893938.0,3.13,27.64,26.8,27.64,26.85,0.8,1.53,170.11,3.0,4645605300.0,4645605300.0,0.26,0.74,25.15,42.17
3224,601229,上海银行,9.84,0.82,0.08,765599.0,749623408.0,1.74,9.85,9.68,9.7,9.76,1.0,0.54,5.52,0.56,139816941172.0,139816941172.0,0.1,0.1,12.2,-0.4
3225,301516,中远通,23.5,0.82,0.19,208851.0,479987494.91,7.04,23.78,22.14,23.42,23.31,1.15,29.76,-201.45,5.21,6596491243.0,1649122817.0,-0.3,-0.42,23.75,50.54
3226,003006,百亚股份,13.5,0.82,0.11,49598.0,66952729.67,1.87,13.63,13.38,13.4,13.39,0.62,1.16,10.09,4.13,5800245165.0,5785735028.0,0.0,0.07,-15.99,-37.03
3227,000900,现代投资,3.67,0.82,0.03,122912.0,44994628.92,1.65,3.69,3.63,3.65,3.64,1.56,0.81,8.42,0.51,5570429986.0,5570099686.0,0.0,0.0,-1.87,-6.62
3228,000601,韶能股份,6.13,0.82,0.05,232196.0,142042018.84,1.48,6.17,6.08,6.08,6.08,0.42,2.22,154.46,1.6,6522840615.0,6425067697.0,0.0,0.0,-23.76,30.43
3229,301428,世纪恒通,28.18,0.82,0.23,19488.0,55092211.48,1.93,28.54,28.0,28.16,27.95,0.34,2.8,42.17,2.31,2780426676.0,1962101682.0,0.07,0.0,-11.63,-15.98
3230,002191,劲嘉股份,3.7,0.82,0.03,91027.0,33582995.0,1.36,3.71,3.66,3.68,3.67,0.75,0.65,54.19,0.84,5231721686.0,5190047483.0,0.0,0.0,1.93,-11.69
3231,002946,新乳业,15.94,0.82,0.13,75829.0,120157124.43,2.91,16.06,15.6,15.83,15.81,0.87,0.89,18.4,3.59,13719286829.0,13560393514.0,-0.19,-0.25,-9.53,-11.84
3232,920238,长鹰硬科,62.79,0.82,0.51,15420.0,96472817.3,2.92,63.48,61.66,62.31,62.28,0.54,7.95,8.96,4.87,5980010157.0,1218561825.0,0.0,0.14,232.4,232.4
3233,301263,泰恩康,19.83,0.81,0.16,60239.0,121319392.58,5.39,20.76,19.7,20.0,19.67,0.76,1.65,1360.84,6.14,10125138510.0,7224133765.0,-0.25,-0.4,-6.11,-17.79
3234,000948,南天信息,13.74,0.81,0.11,83126.0,113936751.38,1.76,13.79,13.55,13.64,13.63,0.63,2.14,-56.22,1.99,5357071755.0,5346911258.0,0.0,0.0,3.54,-23.33
3235,000928,中钢国际,4.97,0.81,0.04,97988.0,48723633.45,1.62,5.0,4.92,4.95,4.93,0.86,0.68,9.66,0.86,7130183766.0,7130096543.0,-0.2,-0.2,-13.86,-22.34
3236,920639,晨光电缆,6.2,0.81,0.05,9082.0,5634681.67,2.28,6.28,6.14,6.15,6.15,0.63,0.76,45.0,1.49,1249920000.0,736272531.0,0.16,0.0,-15.07,-21.32
3237,600905,三峡能源,3.72,0.81,0.03,549442.0,203727830.0,0.81,3.72,3.69,3.69,3.69,0.83,0.19,25.56,1.2,106346058528.0,106346058528.0,0.27,0.0,-7.92,-8.15
3238,603677,奇精机械,13.67,0.81,0.11,8089.0,11075629.0,1.62,13.81,13.59,13.59,13.56,0.52,0.42,56.4,2.34,2632853825.0,2632853825.0,0.0,0.0,-20.75,-23.97
3239,300730,科创信息,11.27,0.81,0.09,23925.0,27073784.5,2.42,11.45,11.18,11.38,11.18,0.45,1.16,-53.6,17.09,2717635933.0,2330133020.0,0.0,0.09,-26.34,-15.77
3240,920227,美登科技,48.25,0.81,0.39,1741.0,8385530.95,2.17,48.64,47.6,47.86,47.86,0.27,0.98,40.48,4.83,1878927375.0,854903970.0,0.0,0.27,-12.19,-18.08
3241,002452,长高电气,11.16,0.81,0.09,71846.0,80517296.09,2.44,11.35,11.08,11.16,11.07,0.54,1.39,30.57,2.55,6922906069.0,5779543021.0,0.09,0.09,-8.82,37.1
3242,002575,群兴玩具,4.97,0.81,0.04,204554.0,101630581.93,2.23,5.02,4.91,4.98,4.93,0.37,3.5,-860.32,3.63,3064005000.0,2904097735.0,0.0,0.0,-12.65,-19.58
3243,002461,珠江啤酒,8.74,0.81,0.07,44681.0,39000777.28,1.85,8.81,8.65,8.68,8.67,1.0,0.2,27.0,1.79,19344490915.0,19344490915.0,-0.11,0.0,-6.62,-3.96
3244,001299,美能能源,9.91,0.81,0.08,25792.0,25737517.48,2.54,10.11,9.86,9.94,9.83,0.97,0.91,28.11,2.77,3113872503.0,2803293985.0,0.1,0.2,-24.18,-9.74
3245,600061,国投资本,6.25,0.81,0.05,207172.0,129122609.0,1.29,6.27,6.19,6.22,6.2,0.7,0.32,13.05,0.74,39963111081.0,39963111081.0,-0.32,0.0,-1.11,-16.67
3246,600098,广州发展,6.25,0.81,0.05,167012.0,104364804.0,2.1,6.29,6.16,6.17,6.2,1.02,0.48,10.23,0.81,21911656131.0,21911656131.0,-0.16,0.0,-14.5,-0.64
3247,300508,维宏股份,43.7,0.81,0.35,38441.0,168694998.76,5.67,44.96,42.5,44.22,43.35,0.84,4.69,394.78,5.5,4756584621.0,3579997212.0,-0.02,0.0,-5.84,18.94
3248,300477,ST合纵,2.52,0.8,0.02,143774.0,36158899.7,2.0,2.54,2.49,2.49,2.5,0.55,1.45,-18.33,32.58,2701487091.0,2497352657.0,0.0,-0.4,-3.82,-3.82
3249,600845,宝信软件,17.69,0.8,0.14,123699.0,219493688.0,1.88,17.93,17.6,17.8,17.55,0.53,0.58,35.77,4.56,50556324184.0,37751417967.0,0.11,0.11,-15.07,-13.62
3250,300608,思特奇,10.02,0.8,0.08,71211.0,71338516.88,2.72,10.14,9.87,10.05,9.94,0.76,2.34,-12.87,2.44,3487251702.0,3049747901.0,-0.1,-0.1,-22.69,-9.49
3251,002463,沪电股份,114.32,0.8,0.91,313023.0,3606715739.25,4.05,117.68,113.09,115.13,113.41,0.7,1.63,44.28,13.9,219993239550.0,219815694760.0,0.0,0.09,-10.89,57.53
3252,600029,南方航空,5.03,0.8,0.04,385325.0,193294966.0,0.8,5.03,4.99,5.0,4.99,0.84,0.29,15.39,2.46,91148478315.0,67789171856.0,0.2,0.2,-8.04,-37.2
3253,603072,天和磁材,31.52,0.8,0.25,13971.0,44218869.0,2.05,31.94,31.3,31.45,31.27,0.66,1.11,43.5,3.85,8330105600.0,3978769600.0,0.0,0.06,-13.86,-22.06
3254,603688,石英股份,47.83,0.8,0.38,94396.0,452753818.0,3.31,48.84,47.27,48.53,47.45,0.69,1.74,176.15,4.46,25908472563.0,25908472563.0,-0.15,-0.04,-29.98,31.08
3255,000733,振华科技,39.16,0.8,0.31,87250.0,342257696.38,1.75,39.57,38.89,39.13,38.85,0.63,1.57,341.05,1.4,21701274918.0,21698349666.0,0.0,0.05,-21.62,-24.74
3256,600759,ST洲际,2.51,0.8,0.02,1240439.0,305122515.0,4.42,2.53,2.42,2.47,2.49,0.95,2.99,23.49,1.15,10414013293.0,10400651308.0,0.4,0.0,0.4,-19.55
3257,601169,北京银行,5.06,0.8,0.04,1046253.0,525879265.0,1.39,5.06,4.99,5.0,5.02,1.14,0.49,3.3,0.39,106983500416.0,106983500416.0,0.2,0.0,5.86,-2.69
3258,002982,湘佳股份,12.62,0.8,0.1,44967.0,56452111.32,2.4,12.66,12.36,12.59,12.52,1.03,3.46,40.94,1.6,2564309353.0,1641751550.0,0.16,0.0,-1.1,-7.48
3259,601868,中国能建,2.52,0.8,0.02,1747737.0,439601009.0,1.2,2.53,2.5,2.5,2.5,0.79,0.54,19.16,0.94,111485261772.0,81720393643.0,0.0,-0.4,-13.1,7.23
3260,601177,杭齿前进,12.68,0.79,0.1,39106.0,49612552.0,1.75,12.8,12.58,12.68,12.58,0.65,0.97,16.28,1.79,5169807180.0,5102641220.0,-0.08,-0.16,-27.67,-26.62
3261,301286,侨源股份,43.14,0.79,0.34,17980.0,77372578.54,2.9,43.8,42.56,43.5,42.8,0.82,1.11,70.76,9.35,17260314000.0,6957949135.0,0.05,0.16,-22.84,3.11
3262,601311,骆驼股份,7.69,0.79,0.06,78689.0,60573915.0,1.18,7.74,7.65,7.67,7.63,0.81,0.67,14.16,0.92,9021493647.0,9021493647.0,-0.13,0.0,-9.95,-12.71
3263,300686,智动力,14.02,0.79,0.11,95254.0,134687016.0,5.68,14.62,13.83,14.15,13.91,0.65,3.68,-17.73,4.83,3653951564.0,3629887636.0,-0.14,-0.28,-15.54,-6.91
3264,300264,佳创视讯,6.41,0.79,0.05,80503.0,51915903.0,3.14,6.55,6.35,6.48,6.36,0.66,2.17,-173.62,316.78,2761796690.0,2374177164.0,0.16,0.0,-26.91,-4.47
3265,601860,紫金银行,2.54,0.79,0.02,663528.0,167564661.0,2.38,2.56,2.5,2.51,2.52,1.71,1.87,5.42,0.46,9299204864.0,9021287421.0,0.0,0.0,2.01,-4.51
3266,300063,天龙集团,8.95,0.79,0.07,311042.0,278842569.06,3.83,9.14,8.8,9.03,8.88,0.43,4.96,98.14,3.84,6788817993.0,5607326640.0,0.0,0.11,-12.51,4.43
3267,300733,西菱动力,14.11,0.79,0.11,37218.0,52767740.95,3.07,14.48,14.05,14.48,14.0,0.62,1.27,127.7,3.22,5596058989.0,4126045410.0,0.0,-0.07,8.62,-2.56
3268,301555,惠柏新材,30.62,0.79,0.24,13783.0,42539530.78,2.7,31.27,30.45,30.68,30.38,0.72,2.85,52.1,2.5,2825206354.0,1480316245.0,-0.23,-0.07,-29.87,-7.8
3269,600979,广安爱众,3.84,0.79,0.03,129418.0,49571223.0,1.05,3.85,3.81,3.81,3.81,0.32,1.04,29.84,1.14,4841570365.0,4768075991.0,0.26,0.26,-18.82,-12.53
3270,002218,拓日新能,3.83,0.79,0.03,259260.0,99103794.0,1.84,3.85,3.78,3.84,3.8,0.61,1.87,-33.46,1.37,5393789571.0,5314806162.0,-0.26,0.0,-14.89,-11.75
3271,002169,智光电气,12.75,0.79,0.1,172335.0,220074140.28,2.85,12.95,12.59,12.85,12.65,0.76,2.27,109.45,3.65,9979477199.0,9673093079.0,-0.31,-0.39,-29.4,10.97
3272,605377,华旺科技,8.88,0.79,0.07,49136.0,43285458.0,2.38,8.91,8.7,8.8,8.81,0.64,0.88,18.99,1.28,4943231980.0,4943231980.0,0.0,0.0,1.37,6.6
3273,301215,中汽股份,5.12,0.79,0.04,78750.0,40477631.35,1.57,5.17,5.09,5.11,5.08,1.05,0.6,36.3,2.35,6778368000.0,6770688000.0,-0.19,-0.19,-13.07,-24.59
3274,600741,华域汽车,15.45,0.78,0.12,97302.0,150188614.0,1.63,15.54,15.29,15.33,15.33,0.76,0.31,9.79,0.75,48709585553.0,48709585553.0,0.0,-0.06,-2.34,-18.68
3275,300427,红相股份,6.44,0.78,0.05,221053.0,142448027.0,3.29,6.53,6.32,6.49,6.39,0.88,4.39,230.35,2.72,3274870719.0,3239351479.0,-0.16,0.0,-30.45,-47.43
3276,603681,永冠新材,18.14,0.78,0.14,35542.0,64301958.0,2.17,18.3,17.91,18.3,18.0,0.51,1.5,40.26,1.28,4312636796.0,4312636796.0,0.0,0.0,-20.44,-3.92
3277,300861,美畅股份,16.85,0.78,0.13,87360.0,147705281.39,2.45,17.15,16.74,16.85,16.72,0.69,2.07,14.57,1.74,11320511414.0,7108423380.0,0.06,0.0,-18.99,14.24
3278,603977,国泰集团,11.56,0.78,0.09,51430.0,59676747.0,1.92,11.73,11.51,11.66,11.47,0.67,0.83,44.96,2.13,7181555532.0,7181555532.0,0.0,-0.09,-15.62,-16.05
3279,000333,美的集团,85.38,0.78,0.66,263355.0,2237151427.97,1.86,85.53,83.95,84.78,84.72,1.12,0.38,12.85,3.16,651346781095.0,587828886175.0,0.02,0.02,11.89,14.71
3280,300047,天源迪科,9.1,0.78,0.07,126915.0,115273444.38,1.66,9.16,9.01,9.04,9.03,0.64,2.19,88.2,1.75,5803476515.0,5283239953.0,0.0,0.0,-23.47,-27.43
3281,002091,江苏国泰,7.78,0.78,0.06,115636.0,90203992.6,1.55,7.84,7.72,7.72,7.72,0.86,0.72,14.95,0.82,12663721771.0,12466454712.0,-0.13,0.0,-9.43,-10.88
3282,300749,顶固集创,23.38,0.78,0.18,52107.0,123836394.0,6.25,24.49,23.04,24.13,23.2,0.58,3.31,-64.68,8.71,4796860572.0,3679909128.0,0.69,0.65,4.14,93.7
3283,605008,长鸿高科,12.85,0.78,0.1,58315.0,75416318.0,4.47,13.25,12.68,12.72,12.75,1.14,0.9,-71.91,4.25,8300617020.0,8300617020.0,-0.08,0.0,13.02,-9.95
3284,002556,辉隆股份,5.18,0.78,0.04,158234.0,81124440.0,2.72,5.19,5.05,5.1,5.14,0.88,1.69,21.51,1.34,4842993613.0,4838332396.0,0.0,0.19,1.57,-12.79
3285,002500,山西证券,5.22,0.77,0.04,147224.0,76576813.5,1.54,5.25,5.17,5.18,5.18,0.95,0.41,18.37,1.01,18738607475.0,18738607475.0,-0.19,-0.19,0.97,-11.68
3286,000981,山子高科,2.62,0.77,0.02,1381969.0,362124365.63,1.54,2.64,2.6,2.63,2.6,0.59,1.45,26.09,8.45,26193373727.0,24924992964.0,0.0,0.0,-29.76,-37.02
3287,300284,苏交科,5.24,0.77,0.04,107018.0,56287738.0,1.73,5.3,5.21,5.22,5.2,0.5,0.89,41.56,0.8,6617217536.0,6278996197.0,0.0,0.0,-10.88,-32.91
3288,603324,盛剑科技,27.46,0.77,0.21,40655.0,112077525.0,4.04,28.15,27.05,27.78,27.25,0.96,2.78,-39.85,2.46,4162347807.0,4022167253.0,0.04,0.11,-3.11,10.86
3289,301015,百洋医药,26.2,0.77,0.2,126574.0,335043124.64,4.88,27.15,25.88,27.0,26.0,0.71,2.41,27.78,6.29,13771350817.0,13769582317.0,0.11,-0.04,14.91,13.76
3290,300403,汉宇集团,9.22,0.77,0.07,67882.0,62584563.0,2.19,9.33,9.13,9.25,9.15,0.5,1.55,31.18,2.55,5559660000.0,4039842696.0,-0.11,-0.11,-19.19,-35.66
3291,002883,*ST中设,9.18,0.77,0.07,8173.0,7465631.0,1.1,9.18,9.08,9.11,9.11,0.53,0.53,350.5,3.06,1433522784.0,1407441330.0,0.44,0.0,-2.86,-16.09
3292,300223,君正股份,138.3,0.77,1.05,261163.0,3628053618.73,3.46,141.44,136.69,140.0,137.25,0.63,6.18,52.43,5.28,66890781956.0,58491698624.0,0.08,-0.02,-13.57,30.61
3293,605598,上海港湾,26.23,0.77,0.2,43890.0,115479564.0,4.19,26.95,25.86,26.55,26.03,1.17,1.81,399.23,3.76,6374330900.0,6374330900.0,0.04,0.11,-46.11,-62.2
3294,000860,顺鑫农业,10.46,0.77,0.08,64999.0,67976206.7,1.83,10.54,10.35,10.37,10.38,0.58,0.88,16.76,1.13,7758882705.0,7758882705.0,-0.1,-0.1,-7.84,-28.6
3295,002205,国统股份,10.64,0.76,0.08,21861.0,23254075.0,2.65,10.74,10.46,10.54,10.56,1.0,1.18,-14.46,7.71,1977371946.0,1977371946.0,-0.19,-0.09,-17.0,-22.79
3296,600359,新农开发,6.63,0.76,0.05,254823.0,168658098.0,5.32,6.75,6.4,6.58,6.58,1.41,6.68,28.29,3.75,2529429997.0,2529429997.0,0.0,0.15,3.76,-7.27
3297,002872,ST天圣,5.3,0.76,0.04,30808.0,16463549.5,2.85,5.42,5.27,5.27,5.26,1.27,1.43,-43.06,0.87,1685400000.0,1139066110.0,0.0,0.0,-3.28,9.05
3298,600567,山鹰国际,1.33,0.76,0.01,369499.0,49172103.0,1.52,1.34,1.32,1.32,1.32,0.73,0.6,-4.15,0.56,8253259281.0,8253259281.0,0.0,0.0,-0.75,-21.3
3299,301538,骏鼎达,38.3,0.76,0.29,33679.0,130500796.72,6.58,40.5,38.0,38.6,38.01,1.11,7.71,29.42,2.9,4203808000.0,1673998744.0,-0.03,-0.03,-45.03,-32.88
3300,300624,万兴科技,52.04,0.76,0.39,69036.0,362537468.52,3.91,53.67,51.65,52.33,51.65,0.8,4.03,-52.42,10.3,10061222301.0,8910976561.0,-0.06,-0.08,-15.09,-26.34
3301,603232,格尔软件,14.63,0.76,0.11,62697.0,92152133.0,2.82,14.89,14.48,14.75,14.52,0.41,2.71,-29.79,2.62,3402142055.0,3383918927.0,0.0,-0.27,-29.29,-36.25
3302,002406,远东传动,6.6,0.76,0.05,87156.0,57552351.59,1.37,6.64,6.55,6.62,6.55,0.75,1.55,23.97,1.22,4819485541.0,3710330653.0,0.0,-0.3,-23.7,-13.61
3303,688435,英方软件,30.42,0.76,0.23,13689.0,41988053.0,3.64,31.29,30.19,30.28,30.19,0.74,2.44,-53.05,2.35,2540070000.0,1704984723.0,0.07,0.1,-24.01,-34.96
3304,600814,杭州解百,6.75,0.75,0.05,42769.0,28768829.0,1.34,6.77,6.68,6.7,6.7,0.78,0.58,13.72,1.32,4961780537.0,4961780537.0,0.15,0.15,-3.16,-15.84
3305,600316,洪都航空,28.31,0.75,0.21,63550.0,180601676.0,3.7,28.9,27.86,28.32,28.1,0.52,0.89,877.59,3.77,20301511835.0,20301511835.0,0.11,0.14,-2.88,-18.86
3306,002244,滨江集团,9.46,0.75,0.07,540279.0,512750280.29,5.22,9.69,9.2,9.35,9.39,1.41,1.96,9.08,0.98,29434259199.0,26086416756.0,-0.11,-0.21,-6.89,-5.21
3307,300075,数字政通,10.76,0.75,0.08,105199.0,113560934.63,1.97,10.88,10.67,10.75,10.68,0.43,2.04,156.88,2.11,6683360500.0,5546118002.0,-0.09,-0.37,-17.23,-29.86
3308,002772,众兴菌业,10.74,0.75,0.08,183158.0,197107776.74,3.56,11.0,10.62,10.94,10.66,1.01,4.93,10.54,1.13,4024734804.0,3991377374.0,0.0,-0.09,-22.34,-24.1
3309,603194,中力股份,33.46,0.75,0.25,8364.0,28045857.0,2.47,33.82,33.0,33.0,33.21,0.8,0.53,18.42,2.5,13417460000.0,5287580509.0,0.0,0.15,-2.62,-14.01
3310,603558,健盛集团,12.07,0.75,0.09,19560.0,23633989.0,1.92,12.2,11.97,11.97,11.98,0.5,0.57,11.84,1.93,4135641251.0,4135641251.0,0.0,0.08,7.0,10.84
3311,000810,创维数字,9.41,0.75,0.07,106951.0,100708110.78,1.5,9.47,9.33,9.4,9.34,0.66,0.96,32.65,1.67,10823340398.0,10450804107.0,-0.11,-0.21,-19.57,-19.57
3312,600889,*ST京化,13.4,0.75,0.1,20289.0,27290003.0,2.41,13.63,13.31,13.48,13.3,0.7,0.55,83.78,4.98,7860297250.0,4909036534.0,-0.3,0.0,-19.62,-20.71
3313,002685,华东重机,5.39,0.75,0.04,257733.0,138944132.22,2.99,5.48,5.32,5.4,5.35,0.51,2.56,25.08,3.29,5431452555.0,5430724501.0,0.0,0.0,-35.76,-28.04
3314,603000,人民网,16.04,0.75,0.12,73925.0,118508816.0,1.63,16.15,15.89,16.03,15.92,0.44,0.67,-133.31,4.79,17735284538.0,17735284538.0,0.0,0.06,-8.5,-15.22
3315,688035,德邦科技,65.74,0.74,0.48,58454.0,388121710.0,5.68,68.0,64.29,67.62,65.26,0.59,4.11,68.7,3.9,9350857600.0,9350857600.0,-0.09,0.02,-19.98,36.67
3316,920821,则成电子,17.7,0.74,0.13,15192.0,27032990.8,2.96,18.05,17.53,17.59,17.57,0.66,2.09,-225.47,4.72,2449005612.0,1289505569.0,-0.17,-0.28,-13.66,-32.08
3317,300242,佳云科技,4.06,0.74,0.03,122581.0,49739922.33,1.99,4.09,4.01,4.06,4.03,0.53,1.93,-107.51,10.63,2576294209.0,2576292805.0,0.25,0.25,-20.86,-18.8
3318,600639,浦东金桥,9.56,0.74,0.07,55744.0,53361350.0,2.21,9.66,9.45,9.45,9.49,1.73,0.66,37.12,0.73,10730267257.0,8128262881.0,0.1,0.1,2.25,-3.24
3319,600066,宇通客车,30.05,0.74,0.22,127615.0,379787484.0,2.61,30.1,29.32,29.83,29.83,0.61,0.58,17.81,5.13,66528873651.0,66528873651.0,0.07,0.13,-7.99,-2.12
3320,603917,合力科技,12.25,0.74,0.09,16226.0,19922174.0,2.38,12.4,12.11,12.23,12.16,0.63,0.8,-113.97,1.51,2497040000.0,2497040000.0,0.0,-0.08,4.43,-16.33
3321,002383,合众思壮,6.82,0.74,0.05,55407.0,37765205.93,1.77,6.87,6.75,6.8,6.77,0.57,0.75,2982.45,3.36,5049257280.0,5049257280.0,0.0,-0.15,-13.89,-45.83
3322,601236,红塔证券,6.81,0.74,0.05,106150.0,72263676.0,1.18,6.84,6.76,6.76,6.76,1.01,0.23,40.78,1.29,31960921538.0,31960921538.0,-0.15,-0.29,-1.16,-15.19
3323,300782,卓胜微,76.7,0.74,0.56,97403.0,754525728.59,3.94,79.01,76.01,76.78,76.14,0.79,2.17,-76.4,3.35,44101501826.0,34380584784.0,0.1,-0.05,-34.43,-5.87
3324,600310,广西能源,4.12,0.73,0.03,288167.0,117922266.0,1.71,4.12,4.05,4.1,4.09,0.46,1.97,-43.85,2.26,6038728175.0,6038728175.0,0.24,0.24,-28.84,8.99
3325,920541,铁大科技,9.65,0.73,0.07,3632.0,3503489.21,2.09,9.76,9.56,9.7,9.58,0.7,0.4,17.46,2.87,1319155000.0,869066301.0,0.21,0.31,-8.53,-25.83
3326,601827,三峰环境,8.29,0.73,0.06,41699.0,34502293.0,1.46,8.34,8.22,8.23,8.23,0.43,0.25,8.06,1.15,13860327057.0,13860327057.0,-0.24,0.12,5.87,1.1
3327,301216,万凯新材,16.57,0.73,0.12,92933.0,154077106.81,2.31,16.8,16.42,16.6,16.45,0.87,1.71,6.31,1.49,9613986229.0,9024200558.0,-0.12,-0.12,-35.63,-0.84
3328,301378,通达海,24.72,0.73,0.18,20944.0,52002815.6,2.97,25.23,24.5,24.62,24.54,0.78,4.56,-14.54,2.01,2387952000.0,1135007206.0,0.32,0.16,-18.87,-12.96
3329,601518,吉林高速,2.77,0.73,0.02,128392.0,35513878.0,1.45,2.79,2.75,2.76,2.75,1.29,0.68,11.37,0.94,5236832278.0,5236832278.0,-0.36,0.0,0.36,2.97
3330,920263,中航泰达,6.87,0.73,0.05,4563.0,3132219.91,2.49,6.94,6.77,6.83,6.82,0.93,0.44,-13.29,1.8,970338696.0,704512949.0,-0.15,0.44,-20.3,-44.91
3331,300494,盛天网络,8.28,0.73,0.06,75142.0,62526276.4,2.31,8.43,8.24,8.28,8.22,0.81,1.89,228.08,2.81,4061423429.0,3298322003.0,0.24,0.24,-12.1,-32.02
3332,920184,国源科技,11.05,0.73,0.08,5960.0,6599053.94,3.1,11.25,10.91,10.97,10.97,0.42,0.67,230.53,2.36,1455587969.0,987514765.0,0.45,0.55,-10.6,-36.57
3333,601158,重庆水务,4.14,0.73,0.03,70874.0,29303972.0,1.7,4.16,4.09,4.1,4.11,1.27,0.15,18.43,1.17,19872124693.0,19872124693.0,0.0,-0.24,-0.72,-5.26
3334,688567,孚能科技,9.6,0.73,0.07,73762.0,70835784.0,1.89,9.71,9.53,9.54,9.53,0.78,0.6,-20.91,1.29,11732197296.0,11732197296.0,-0.31,-0.1,-30.69,-38.66
3335,600992,贵绳股份,9.67,0.73,0.07,53033.0,51087668.0,3.44,9.77,9.44,9.77,9.6,0.75,2.16,-10.85,1.66,2370020300.0,2370020300.0,0.1,0.21,-23.07,-28.74
3336,601336,新华保险,58.08,0.73,0.42,105269.0,609031163.0,1.3,58.2,57.45,57.47,57.66,0.81,0.5,6.97,1.55,181183266528.0,121122316867.0,0.05,0.05,2.51,-14.13
3337,003008,开普检测,19.49,0.72,0.14,19879.0,38872228.0,2.58,19.81,19.31,19.35,19.35,1.97,2.48,30.97,1.94,2026960000.0,1563488989.0,-0.2,0.05,-0.97,-7.41
3338,301565,中仑新材,19.49,0.72,0.14,27373.0,53404885.57,1.91,19.68,19.31,19.6,19.35,0.67,2.14,61.31,3.19,7796194900.0,2494914900.0,0.1,0.0,-16.46,-19.26
3339,920395,朗鸿科技,6.95,0.72,0.05,4095.0,2857887.52,2.32,7.07,6.91,6.98,6.9,0.73,0.39,26.71,4.82,1060470643.0,730361767.0,0.0,0.14,-14.51,-38.11
3340,000728,国元证券,7.04,0.72,0.05,134539.0,94468994.17,1.14,7.07,6.99,7.01,6.99,0.72,0.31,14.17,0.8,30720996353.0,30720996353.0,-0.14,-0.14,-1.12,-14.67
3341,002765,蓝黛科技,7.02,0.72,0.05,50009.0,35108093.98,2.44,7.12,6.95,7.04,6.97,0.6,0.84,60.07,1.74,4577939192.0,4183276898.0,-0.28,0.0,-17.89,-47.3
3342,601019,山东出版,7.02,0.72,0.05,89110.0,62489160.0,2.3,7.09,6.93,7.0,6.97,1.08,0.43,11.15,0.96,14650038000.0,14650038000.0,-0.14,0.14,1.74,-16.53
3343,600685,中船防务,25.29,0.72,0.18,58965.0,149503111.0,1.59,25.52,25.12,25.25,25.11,0.57,0.72,22.56,1.98,35747576300.0,20774095727.0,0.0,-0.08,-11.29,-10.7
3344,000531,穗恒运Ａ,5.61,0.72,0.04,47626.0,26726095.26,1.08,5.64,5.58,5.59,5.57,0.56,0.52,7.55,0.85,5842261473.0,5103672188.0,0.0,0.0,-24.29,-11.79
3345,603025,大豪科技,13.9,0.72,0.1,111487.0,155729952.0,2.46,14.16,13.82,13.86,13.8,0.44,1.01,14.58,5.62,15521501345.0,15417529345.0,0.0,-0.07,-13.99,-20.62
3346,603929,亚翔集成,168.67,0.72,1.2,58903.0,988740729.0,3.95,170.96,164.34,170.65,167.47,0.83,2.76,36.69,15.07,35987431200.0,35987431200.0,-0.07,0.0,2.58,79.72
3347,301095,广立微,73.85,0.72,0.53,46552.0,344608979.2,3.21,75.35,73.0,74.43,73.32,0.77,2.69,-345.04,4.77,14790758349.0,12777547752.0,-0.08,-0.18,-26.36,3.27
3348,002164,宁波东力,11.13,0.72,0.08,130585.0,145302893.69,3.35,11.31,10.94,11.27,11.05,0.59,2.72,55.61,3.84,5923093159.0,5339897342.0,0.0,-0.36,-15.17,-30.48
3349,603323,苏农银行,4.21,0.72,0.03,375320.0,157309319.0,1.91,4.23,4.15,4.16,4.18,1.52,1.69,5.06,0.49,9347865396.0,9347865396.0,0.0,0.0,0.96,-6.03
3350,600874,创业环保,5.64,0.71,0.04,55335.0,31090424.0,1.25,5.65,5.58,5.6,5.6,1.01,0.45,8.01,0.87,8857157999.0,6939557999.0,0.18,0.18,1.44,-1.57
3351,002554,惠博普,2.82,0.71,0.02,122623.0,34626843.68,2.5,2.86,2.79,2.8,2.8,0.64,0.92,-34.64,1.97,3761090603.0,3760387938.0,0.0,0.0,-9.03,-11.6
3352,000669,ST金鸿,4.25,0.71,0.03,70201.0,29693185.0,3.55,4.3,4.15,4.28,4.22,0.57,1.03,1069.93,47.56,2891737387.0,2891737387.0,0.24,0.47,3.66,44.07
3353,600136,ST明诚,1.41,0.71,0.01,74809.0,10494223.0,1.43,1.41,1.39,1.4,1.4,0.76,0.39,-341.27,12.71,2877564563.0,2739756187.0,0.0,0.71,-10.19,-16.57
3354,001289,龙源电力,15.63,0.71,0.11,31363.0,48870441.01,1.35,15.67,15.46,15.47,15.52,0.77,0.06,20.12,1.72,130663926643.0,78805430983.0,0.13,0.13,-12.39,4.34
3355,002057,中钢天源,8.53,0.71,0.06,124304.0,106197342.5,1.53,8.61,8.48,8.55,8.47,0.76,1.65,20.03,1.94,6430628012.0,6425767644.0,0.0,-0.12,-5.54,-15.79
3356,600307,酒钢宏兴,1.42,0.71,0.01,200700.0,28611304.0,2.13,1.44,1.41,1.41,1.41,0.65,0.32,-12.23,1.67,8893967542.0,8893967542.0,-0.7,0.0,-10.13,-13.94
3357,000909,*ST数源,4.28,0.71,0.03,28082.0,11960471.25,2.59,4.32,4.21,4.25,4.25,0.94,0.64,-63.65,3.1,1873416969.0,1873401240.0,0.23,0.0,-5.52,-23.16
3358,002097,山河智能,7.1,0.71,0.05,119872.0,85100710.86,1.7,7.15,7.03,7.06,7.05,0.59,1.12,105.03,1.64,7629782574.0,7615667995.0,-0.14,-0.14,-18.67,-42.7
3359,601010,ST文峰,1.42,0.71,0.01,100804.0,14315903.0,2.13,1.43,1.4,1.41,1.41,0.49,0.56,14.04,0.62,2568348604.0,2568348604.0,-0.7,0.0,-9.55,-47.99
3360,600373,中文传媒,7.05,0.71,0.05,97779.0,68789885.0,1.71,7.08,6.96,6.99,7.0,0.9,0.73,21.85,0.54,9498878969.0,9498878969.0,-0.14,-0.14,-4.86,-22.87
3361,301687,新广益,49.65,0.71,0.35,19898.0,99064557.89,2.6,50.46,49.18,50.29,49.3,0.57,6.39,69.17,4.9,7291797600.0,1546738804.0,0.08,0.04,-19.27,-30.09
3362,300600,国瑞科技,9.92,0.71,0.07,36314.0,36176360.0,1.93,10.05,9.86,9.99,9.85,0.62,1.23,-173.93,2.43,2918806042.0,2918806042.0,-0.1,-0.2,-10.14,-33.42
3363,000589,贵州轮胎,4.25,0.71,0.03,160119.0,68070543.12,1.18,4.27,4.22,4.22,4.22,0.78,1.04,9.16,0.73,6606157942.0,6562470492.0,-0.23,-0.23,-7.21,-16.5
3364,300212,*ST易录,8.69,0.7,0.06,105643.0,91465807.0,3.48,8.8,8.5,8.75,8.63,0.59,1.51,-32.53,-3.13,6255865147.0,6070066882.0,0.0,0.0,-9.1,-50.2
3365,920199,倍益康,26.0,0.7,0.18,12431.0,32818381.07,4.45,26.82,25.67,25.67,25.82,0.56,3.28,810.63,3.36,1770841800.0,986095630.0,-0.27,-0.5,5.65,-24.83
3366,603325,博隆技术,51.96,0.7,0.36,1947.0,10135439.0,1.94,52.59,51.59,51.59,51.6,0.49,0.57,31.61,1.55,4157007840.0,1776159072.0,0.0,-0.13,-4.38,-32.32
3367,600155,华创云信,5.77,0.7,0.04,178086.0,102706759.0,1.4,5.81,5.73,5.73,5.73,0.82,0.8,102.83,0.64,12772140092.0,12772140092.0,-0.35,-0.17,0.35,-12.84
3368,301302,华如科技,21.73,0.7,0.15,29000.0,63009683.17,2.5,21.98,21.44,21.85,21.58,0.73,2.09,-51.13,2.31,3386946450.0,3020252700.0,0.09,0.09,-17.63,-4.98
3369,688403,汇成股份,23.1,0.7,0.16,436884.0,1018775880.0,6.84,24.27,22.7,23.45,22.94,0.71,4.4,2288.44,5.08,22940567750.0,22940567750.0,0.04,0.0,14.41,41.46
3370,600072,中船科技,8.61,0.7,0.06,93119.0,80096858.0,1.29,8.66,8.55,8.56,8.55,0.64,0.86,-16.35,1.7,12920593994.0,9327534291.0,0.0,0.0,-25.52,-25.9
3371,000786,北新建材,18.65,0.7,0.13,198672.0,369077194.15,3.89,18.92,18.2,18.63,18.52,1.24,1.18,9.87,1.19,31746702183.0,31509321253.0,-0.05,-0.05,-12.89,-23.22
3372,002101,广东鸿图,8.61,0.7,0.06,37185.0,32062105.16,1.52,8.68,8.55,8.58,8.55,0.89,0.56,-202.65,0.73,5706906125.0,5701647033.0,0.0,0.12,-1.82,-28.67
3373,688472,阿特斯,10.26,0.69,0.07,294769.0,304485805.0,2.26,10.47,10.24,10.26,10.19,0.93,0.81,17.99,1.61,37378617549.0,37378617549.0,-0.1,-0.1,-25.11,-30.72
3374,300531,优博讯,15.95,0.69,0.11,57511.0,91940503.0,1.39,16.1,15.88,15.9,15.84,0.57,1.85,29.63,3.62,5121209492.0,4970152991.0,0.0,0.13,-1.85,-11.19
3375,601218,吉鑫科技,4.39,0.69,0.03,157820.0,69340651.0,1.38,4.42,4.36,4.38,4.36,0.59,1.63,16.31,1.42,4254057118.0,4254057118.0,-0.23,-0.45,-18.1,-12.72
3376,300419,ST浩丰,8.71,0.69,0.06,56921.0,49555668.0,2.66,8.82,8.59,8.59,8.65,0.79,1.55,-88.52,9.61,3203135337.0,3203135337.0,0.0,0.0,29.42,38.25
3377,601456,国联民生,8.81,0.69,0.06,107191.0,94004994.0,1.03,8.81,8.72,8.79,8.75,0.64,0.24,25.19,0.94,50046022621.0,38561208046.0,0.11,0.0,-1.45,-12.86
3378,002217,ST合力泰,1.45,0.69,0.01,678635.0,98437750.0,1.39,1.46,1.44,1.46,1.44,0.62,0.93,2171.17,5.8,10845128446.0,10555045213.0,0.0,0.0,-44.02,-52.46
3379,601111,中国国航,5.85,0.69,0.04,431170.0,252153361.0,1.03,5.87,5.81,5.81,5.81,0.89,0.37,17.48,1.87,119881482026.0,68082940423.0,0.0,0.17,-14.72,-37.57
3380,001312,福恩股份,17.52,0.69,0.12,12655.0,22130411.96,0.92,17.58,17.42,17.42,17.4,0.32,2.21,20.38,1.74,4088000012.0,1001447913.0,-0.06,0.0,-18.93,-3.63
3381,688355,明志科技,17.45,0.69,0.12,8264.0,14466089.0,1.9,17.7,17.37,17.49,17.33,0.74,0.67,168.29,2.07,2163033456.0,2163033456.0,0.0,0.11,-14.08,0.87
3382,603377,ST东时,2.9,0.69,0.02,18188.0,5244320.0,2.43,2.92,2.85,2.85,2.88,0.69,0.25,-7.83,66.97,2096211124.0,2096211124.0,0.0,-0.34,-21.41,-22.87
3383,001395,亚联机械,29.21,0.69,0.2,12207.0,35771173.5,1.93,29.61,29.05,29.27,29.01,0.89,2.35,10.52,2.61,3312764520.0,1519109865.0,0.21,-0.07,8.51,-10.45
3384,603182,嘉华股份,13.2,0.69,0.09,41046.0,54131276.0,3.51,13.41,12.95,13.32,13.11,1.39,2.49,19.16,1.92,2172060000.0,2172060000.0,0.15,-0.08,-0.15,-15.49
3385,920187,通领科技,18.9,0.69,0.13,2460.0,4640044.14,1.6,19.07,18.77,18.9,18.77,0.24,0.74,16.2,1.37,1710072000.0,627390509.0,0.16,0.16,-12.82,-5.88
3386,688262,国芯科技,26.77,0.68,0.18,81578.0,220296794.0,3.65,27.53,26.56,27.11,26.59,0.74,2.43,-46.21,4.67,8994717671.0,8994717671.0,0.07,-0.26,-32.21,-11.8
3387,300672,国科微,163.55,0.68,1.11,104954.0,1737078436.28,4.7,169.3,161.66,165.52,162.44,0.7,4.99,161.57,9.21,35507106025.0,34400724457.0,0.03,-0.22,-53.4,51.97
3388,601333,广深铁路,2.95,0.68,0.02,648723.0,191104065.0,2.05,2.97,2.91,2.92,2.93,1.24,1.15,9.01,0.74,20896434150.0,16674099150.0,0.0,-0.34,1.37,0.0
3389,688109,品茗科技,73.6,0.68,0.5,7754.0,57474175.0,3.65,75.17,72.5,74.46,73.1,0.69,0.98,-104.91,7.5,5802793280.0,5802793280.0,0.07,-0.01,-10.78,-41.98
3390,601995,中金公司,34.06,0.68,0.23,121470.0,411926016.0,1.36,34.13,33.67,34.12,33.83,0.64,0.42,11.49,1.62,164416368924.0,99575855506.0,-0.03,0.0,-0.06,-2.69
3391,688559,海目星,53.41,0.68,0.36,129502.0,695516501.0,5.0,54.95,52.3,54.1,53.05,0.93,5.23,131.23,5.46,13232810540.0,13232810540.0,-0.19,-0.09,-21.32,11.13
3392,688593,新相微,32.39,0.68,0.22,143401.0,465689097.0,5.38,33.32,31.59,32.51,32.17,0.76,3.12,693.1,9.7,14884157655.0,14884157655.0,0.09,0.0,-19.21,60.82
3393,300834,星辉环材,38.6,0.68,0.26,10026.0,39040715.03,2.61,39.49,38.49,38.88,38.34,0.54,0.52,89.29,2.61,7477296826.0,7411132604.0,-0.18,-0.49,-23.03,67.24
3394,002180,奔图科技,17.82,0.68,0.12,111368.0,197023132.93,2.37,17.89,17.47,17.67,17.7,0.48,0.82,98.14,2.78,25337882408.0,24240323214.0,0.0,0.0,8.0,-11.87
3395,603396,金辰股份,25.55,0.67,0.17,24123.0,61739834.0,2.44,25.92,25.3,25.58,25.38,0.43,1.74,40.6,1.36,3539377063.0,3539377063.0,-0.04,-0.12,-23.82,-23.5
3396,688305,科德数控,64.31,0.67,0.43,47489.0,309256895.0,4.12,66.48,63.85,64.47,63.88,0.63,3.59,94.52,4.51,8524843759.0,8502668063.0,-0.05,0.14,-1.26,4.42
3397,002892,科力尔,9.06,0.67,0.06,51099.0,46235447.84,1.78,9.13,8.97,9.04,9.0,0.69,1.02,-144.56,5.36,6731847886.0,4540182851.0,-0.11,0.11,-24.88,-32.39
3398,601818,光大银行,3.02,0.67,0.02,1578371.0,472976073.0,1.33,3.02,2.98,2.99,3.0,1.11,0.34,3.89,0.36,178438364204.0,140148582994.0,0.0,0.33,0.0,-9.04
3399,300008,天海防务,6.04,0.67,0.04,264086.0,159921530.84,1.83,6.12,6.01,6.05,6.0,0.4,1.6,30.74,4.26,10437295963.0,9949632029.0,-0.17,-0.17,-7.65,-23.16
3400,603038,华立股份,16.41,0.67,0.11,123801.0,203630507.0,4.79,16.78,16.0,16.35,16.3,1.23,4.61,16.02,3.1,4408991309.0,4408991309.0,0.06,0.06,2.76,2.24
3401,002999,天禾股份,6.04,0.67,0.04,86564.0,52004529.0,2.33,6.08,5.94,6.0,6.0,1.04,2.52,62.25,1.74,2099455680.0,2075005005.0,0.17,0.17,-3.97,-10.65
3402,920578,巨能股份,16.59,0.67,0.11,9840.0,16308291.4,2.12,16.76,16.41,16.48,16.48,0.54,2.77,-299.41,4.8,1268788219.0,588961905.0,-0.06,-0.66,2.09,-36.31
3403,688059,华锐精密,90.8,0.67,0.6,36002.0,328007601.0,4.21,93.3,89.5,91.54,90.2,0.56,2.75,26.72,5.85,12710317930.0,11895707274.0,-0.41,-0.32,-14.15,64.02
3404,603939,益丰药房,24.13,0.67,0.16,75537.0,183292765.0,3.34,24.8,24.0,24.16,23.97,0.71,0.62,14.64,2.56,29255030687.0,29255030687.0,0.0,-0.12,17.19,13.18
3405,600210,紫江企业,6.0,0.67,0.04,97492.0,58516416.0,1.34,6.04,5.96,5.97,5.96,0.72,0.64,10.42,1.43,9100416948.0,9100416948.0,0.0,0.0,-4.15,-14.29
3406,605007,五洲特纸,15.06,0.67,0.1,33032.0,50058355.0,1.67,15.3,15.05,15.06,14.96,0.57,0.7,15.58,1.96,7164493845.0,7147131171.0,-0.13,-0.26,4.29,12.81
3407,000629,钒钛股份,3.01,0.67,0.02,746241.0,224520740.58,1.34,3.03,2.99,3.0,2.99,0.85,0.8,97.28,2.26,27965753013.0,27964237734.0,0.0,0.33,-15.69,-2.9
3408,002686,亿利达,6.11,0.66,0.04,106653.0,64569225.0,2.8,6.15,5.98,6.05,6.07,0.59,2.04,530.73,2.16,3459721103.0,3193873322.0,0.16,0.16,-7.14,-6.29
3409,002040,南 京 港,9.12,0.66,0.06,475787.0,430269454.72,9.93,9.53,8.63,8.8,9.06,4.27,9.79,21.62,1.3,4433008058.0,4433008058.0,0.0,2.13,1.79,-6.27
3410,301479,弘景光电,48.77,0.66,0.32,18960.0,92154921.27,3.2,49.44,47.89,49.12,48.45,0.45,2.66,59.53,4.81,6074374997.0,3477345478.0,-0.12,-0.06,-35.63,-21.08
3411,603356,华菱精工,16.75,0.66,0.11,20852.0,35138446.0,2.88,17.08,16.6,16.6,16.64,0.76,1.56,-26.81,7.39,2233445000.0,2233445000.0,-0.24,-0.3,-9.12,18.04
3412,000035,中国天楹,4.57,0.66,0.03,233754.0,107482644.5,2.2,4.66,4.56,4.61,4.54,0.82,1.01,24.64,1.02,10913309754.0,10570527668.0,0.0,0.0,-23.83,-16.61
3413,603727,博迈科,18.42,0.66,0.12,25701.0,47514016.0,3.33,18.88,18.27,18.3,18.3,0.94,0.91,-36.83,1.68,5189269082.0,5189269082.0,0.11,0.16,20.31,33.67
3414,002995,天地在线,16.87,0.66,0.11,38946.0,65638635.0,2.86,17.04,16.56,16.95,16.76,0.55,3.46,-2198.61,3.73,2993657078.0,1896478299.0,0.06,0.06,-10.55,2.12
3415,300694,蠡湖股份,10.64,0.66,0.07,26073.0,27776836.0,1.89,10.78,10.58,10.69,10.57,0.84,1.2,38.84,1.54,2309628801.0,2306580441.0,0.19,-0.19,0.47,-11.33
3416,300780,德恩精工,19.72,0.66,0.13,63307.0,125362069.0,4.75,20.34,19.41,19.74,19.59,0.82,5.89,-67.56,2.89,2892332400.0,2120553462.0,0.0,-0.05,-33.27,2.28
3417,600916,中国黄金,7.69,0.65,0.05,674047.0,531496303.0,5.1,8.05,7.66,7.9,7.64,2.6,4.01,19.72,1.83,12919200000.0,12919200000.0,-0.13,0.0,-1.79,-3.88
3418,300786,国林科技,15.56,0.65,0.1,63701.0,99345804.0,2.98,15.88,15.42,15.61,15.46,0.85,4.35,148.18,2.56,2863287077.0,2277894048.0,-0.13,0.0,-17.23,-4.48
3419,600183,生益科技,126.28,0.65,0.81,596152.0,7613697163.0,5.6,131.19,124.16,128.19,125.47,0.79,2.47,46.66,16.58,306734583448.0,304555645662.0,0.25,0.29,-3.57,78.84
3420,600095,湘财股份,7.73,0.65,0.05,155376.0,119765999.0,1.43,7.76,7.65,7.71,7.68,0.56,0.54,229.27,1.8,22101521253.0,22101521253.0,0.13,0.13,-10.94,-30.11
3421,920149,旭杰科技,7.78,0.65,0.05,3358.0,2617016.58,2.2,7.9,7.73,7.83,7.73,0.58,0.53,51.58,4.87,595039140.0,492217283.0,0.26,-0.13,-9.22,-32.76
3422,603004,鼎龙科技,20.09,0.65,0.13,20440.0,41132749.0,1.9,20.34,19.96,19.96,19.96,0.78,3.47,41.18,2.33,4731596800.0,1182899200.0,-0.15,0.0,1.41,-13.67
3423,603779,威龙股份,7.7,0.65,0.05,101543.0,78798952.0,2.88,7.88,7.66,7.79,7.65,0.81,3.06,-85.24,5.22,2557037206.0,2557037206.0,-0.39,-0.26,-34.19,19.57
3424,600157,永泰能源,1.55,0.65,0.01,2612560.0,405217146.0,1.3,1.56,1.54,1.55,1.54,0.81,1.2,136.71,0.72,33817534425.0,33817534425.0,0.0,0.0,-11.93,-1.27
3425,002837,英维克,52.93,0.65,0.34,278559.0,1471788636.64,3.71,53.77,51.82,53.44,52.59,0.69,2.46,1947.75,20.44,67451329198.0,59835149668.0,0.0,0.08,-27.45,-35.52
3426,301107,瑜欣电子,20.01,0.65,0.13,18874.0,37909158.2,2.72,20.34,19.8,20.28,19.88,0.61,2.33,55.02,3.0,2845197648.0,1624026207.0,0.05,0.05,1.01,0.25
3427,600903,贵州燃气,6.16,0.65,0.04,189462.0,116739381.0,2.12,6.23,6.1,6.11,6.12,0.57,1.63,17.68,2.28,7170149140.0,7170149140.0,-0.16,-0.16,-36.1,-6.67
3428,002998,优彩资源,7.78,0.65,0.05,71493.0,55835981.0,2.33,7.91,7.73,7.78,7.73,0.78,2.64,16.71,1.64,2760489198.0,2104452150.0,0.13,0.0,-4.77,8.36
3429,920871,派特尔,10.9,0.65,0.07,8087.0,8870486.74,2.59,11.11,10.83,10.88,10.83,1.44,1.72,41.03,3.57,924943927.0,512453570.0,0.0,-0.18,-11.38,-27.33
3430,002970,锐明技术,49.7,0.65,0.32,23983.0,120082319.57,2.03,50.61,49.61,50.1,49.38,0.64,1.9,52.58,4.51,9141370700.0,6281406963.0,0.04,-0.16,-25.38,3.76
3431,300293,蓝英装备,15.59,0.65,0.1,28937.0,45226760.0,2.19,15.78,15.44,15.68,15.49,0.58,0.86,-1241.0,7.09,5276250073.0,5276250073.0,-0.19,-0.19,-15.27,-26.18
3432,603062,麦加芯彩,39.2,0.64,0.25,2402.0,9445336.0,1.85,39.78,39.06,39.15,38.95,0.82,0.65,105.13,2.12,4233600000.0,1453265520.0,-0.13,0.0,-14.41,-15.24
3433,301391,卡莱特,47.1,0.64,0.3,11201.0,53531256.72,4.02,48.77,46.89,47.69,46.8,1.02,1.21,178.47,2.14,4475197598.0,4372564814.0,0.17,0.17,-32.19,-44.49
3434,002302,西部建设,4.7,0.64,0.03,69450.0,32477706.23,2.14,4.73,4.63,4.65,4.67,0.78,0.55,-6.58,0.77,5933065229.0,5933065229.0,0.0,0.0,-8.38,-23.2
3435,002629,仁智股份,4.7,0.64,0.03,93605.0,43980273.0,2.57,4.75,4.63,4.67,4.67,0.97,2.58,-126.18,31.76,2002660600.0,1702593753.0,0.21,0.0,-15.16,-31.09
3436,001269,欧晶科技,18.99,0.64,0.12,14598.0,27866221.6,2.12,19.3,18.9,18.91,18.87,0.77,0.76,-84.02,5.42,3653910830.0,3653910830.0,-0.05,-0.26,-18.85,-21.14
3437,600715,文投控股,1.57,0.64,0.01,297406.0,46325890.0,2.56,1.58,1.54,1.56,1.56,0.55,1.04,-492.04,5.9,6373969995.0,4493924418.0,0.0,0.64,-17.37,-27.98
3438,601928,凤凰传媒,9.38,0.64,0.06,114122.0,106592098.0,2.04,9.42,9.23,9.27,9.32,1.38,0.45,14.11,1.23,23871162000.0,23871162000.0,-0.11,-0.11,5.87,-6.57
3439,601058,赛轮轮胎,14.15,0.64,0.09,294752.0,416396789.0,1.92,14.25,13.98,14.15,14.06,1.07,0.9,11.01,2.13,46526618665.0,46526618665.0,0.14,0.21,10.29,-11.56
3440,301626,苏州天脉,259.59,0.64,1.65,20846.0,540197762.2,4.73,265.28,253.09,258.92,257.94,0.63,3.96,602.56,18.86,30029371200.0,13659365691.0,0.02,0.25,-22.01,39.49
3441,300555,ST路通,12.6,0.64,0.08,7151.0,9081226.0,2.56,12.9,12.58,12.7,12.52,0.46,0.36,-88.01,6.12,2520000000.0,2494609274.0,0.0,0.0,-5.97,-14.05
3442,600872,中炬高新,18.73,0.64,0.12,148791.0,280133003.0,3.33,19.2,18.58,19.02,18.61,1.43,1.93,17.51,2.6,14502518042.0,14440604304.0,0.05,0.16,-1.0,9.47
3443,301487,盟固利,15.97,0.63,0.1,76125.0,121569872.66,1.7,16.12,15.85,16.03,15.87,0.83,1.66,92.37,3.81,7340074515.0,7340074515.0,-0.06,-0.13,-38.67,-27.14
3444,002624,完美世界,11.15,0.63,0.07,422952.0,472049760.37,3.52,11.36,10.97,11.29,11.08,0.87,2.31,-91.32,3.32,21630647705.0,20379223407.0,-0.18,-0.18,-17.89,-30.57
3445,002596,海南瑞泽,3.2,0.63,0.02,186078.0,59133892.35,2.52,3.21,3.13,3.18,3.18,0.95,1.62,-284.64,6.91,3672257658.0,3668880858.0,0.31,0.31,-12.81,-40.63
3446,300878,维康药业,33.33,0.63,0.21,30290.0,102950801.0,4.68,34.63,33.08,34.0,33.12,0.75,2.1,692.1,5.29,4825861432.0,4803651553.0,-0.12,-0.09,3.67,30.65
3447,002079,苏州固锝,9.54,0.63,0.06,197869.0,189702628.9,2.32,9.7,9.48,9.6,9.48,0.65,2.44,25.5,2.14,8666980509.0,7738145646.0,0.0,-0.1,-29.44,0.1
3448,920037,广信科技,40.0,0.63,0.25,4992.0,20064715.33,2.26,40.72,39.82,40.11,39.75,0.51,0.64,22.38,6.04,5121922840.0,3131517200.0,-0.15,-0.2,-14.16,-32.81
3449,605337,李子园,9.64,0.63,0.06,37216.0,35616478.0,2.3,9.67,9.45,9.59,9.58,0.68,0.95,17.57,2.38,3760589575.0,3760589575.0,0.1,0.0,-2.13,-17.32
3450,600031,三一重工,19.05,0.63,0.12,536709.0,1025777512.0,3.06,19.36,18.78,18.8,18.93,0.93,0.63,17.65,1.97,175164834525.0,161437130205.0,-0.05,0.05,4.16,-9.07
3451,300962,中金辐照,12.86,0.63,0.08,32098.0,41488528.0,2.27,13.09,12.8,12.9,12.78,1.2,1.22,35.92,3.3,3395064395.0,3395064395.0,0.08,0.08,-4.88,-20.32
3452,000630,铜陵有色,6.41,0.63,0.04,2706709.0,1756823758.0,3.77,6.6,6.36,6.5,6.37,0.99,2.43,16.05,2.33,85954712379.0,71426563509.0,0.16,0.16,0.0,7.55
3453,002760,凤形股份,17.5,0.63,0.11,29017.0,50614690.19,3.11,17.64,17.1,17.52,17.39,1.07,2.69,121.4,2.25,1889802355.0,1889802355.0,0.23,0.23,-11.79,-19.39
3454,601006,大秦铁路,4.8,0.63,0.03,865263.0,413666935.0,1.68,4.82,4.74,4.76,4.77,0.95,0.44,10.0,0.58,95341885334.0,95341885334.0,0.21,0.21,-4.57,-4.38
3455,002866,传艺科技,14.69,0.62,0.09,51061.0,74991053.0,2.47,14.91,14.55,14.89,14.6,0.52,2.78,98.65,2.03,4253081941.0,2699565053.0,0.0,0.0,-27.71,-18.16
3456,002673,西部证券,6.49,0.62,0.04,190994.0,123624580.77,1.4,6.52,6.43,6.48,6.45,0.83,0.43,25.49,0.96,29007585265.0,29007585265.0,-0.15,-0.15,-3.71,-16.79
3457,600396,华电辽能,14.67,0.62,0.09,1501885.0,2217267670.0,7.0,15.2,14.18,14.44,14.58,0.59,10.2,34.25,14.08,21604609005.0,21604609005.0,0.0,-0.27,-21.0,414.74
3458,600734,*ST实达,1.63,0.62,0.01,184032.0,30005169.0,1.23,1.64,1.62,1.62,1.62,0.64,0.85,-74.27,15.49,3550634063.0,3549900563.0,0.0,0.0,-22.01,-64.57
3459,300681,英搏尔,21.18,0.62,0.13,47227.0,100417304.38,2.33,21.56,21.07,21.22,21.05,0.58,2.05,28.56,2.11,6482252101.0,4888233059.0,-0.09,-0.05,-31.81,-15.28
3460,000089,深圳机场,6.47,0.62,0.04,186544.0,120282997.5,2.33,6.53,6.38,6.44,6.43,1.69,0.91,9.0,1.1,13268478723.0,13268478723.0,0.0,0.15,-1.97,-5.27
3461,000528,柳    工,8.07,0.62,0.05,203213.0,164291257.53,1.87,8.16,8.01,8.03,8.02,0.89,1.0,6.78,0.89,16445315022.0,16422472410.0,0.0,-0.12,-7.35,-30.13
3462,000913,钱江摩托,11.36,0.62,0.07,49743.0,56899073.23,2.13,11.53,11.29,11.36,11.29,1.29,0.96,-38.41,1.19,5980028960.0,5908366388.0,-0.09,0.0,0.0,-23.35
3463,000425,徐工机械,8.11,0.62,0.05,793249.0,643881983.53,1.99,8.2,8.04,8.06,8.06,0.72,0.88,11.55,1.57,94977916741.0,72994503953.0,0.12,0.0,-11.46,-28.73
3464,300174,元力股份,19.34,0.62,0.12,109490.0,212032071.2,2.97,19.66,19.09,19.56,19.22,0.55,3.02,42.29,2.04,7043828362.0,7004842771.0,-0.21,0.0,-17.7,26.41
3465,600300,维维股份,3.24,0.62,0.02,259339.0,83621930.0,1.86,3.26,3.2,3.2,3.22,0.79,1.6,15.57,1.48,5239540663.0,5239540663.0,0.0,-0.31,-1.52,-4.99
3466,300118,东方日升,9.73,0.62,0.06,242499.0,236649391.21,2.48,9.89,9.65,9.77,9.67,0.76,2.62,-7.68,1.34,11092334887.0,9017954513.0,0.1,0.0,-36.69,-33.63
3467,002400,省广集团,6.48,0.62,0.04,587465.0,381081094.23,1.86,6.54,6.42,6.49,6.44,0.27,3.4,184.49,2.26,11296824589.0,11185546725.0,-0.15,-0.15,-19.0,-26.94
3468,600023,浙能电力,4.88,0.62,0.03,225420.0,109770838.0,0.82,4.89,4.85,4.85,4.85,0.87,0.17,17.27,0.89,65434615815.0,65434615815.0,-0.2,-0.2,-14.69,4.5
3469,603856,东宏股份,11.46,0.61,0.07,34431.0,39248436.0,1.67,11.5,11.31,11.34,11.39,1.18,1.22,18.11,1.18,3232362448.0,3232362448.0,0.0,0.09,0.26,-6.37
3470,688296,和达科技,26.25,0.61,0.16,80218.0,215575326.0,10.31,28.2,25.51,26.58,26.09,0.99,7.47,-55.6,4.94,2819070450.0,2819070450.0,-0.11,0.0,71.79,98.11
3471,001287,中电港,23.15,0.61,0.14,190268.0,440957601.2,2.82,23.48,22.83,23.24,23.01,0.86,2.5,27.76,3.23,17591687246.0,17591687246.0,0.04,0.0,-11.91,2.71
3472,600559,老白干酒,11.62,0.61,0.07,73484.0,85668535.0,1.56,11.73,11.55,11.55,11.55,0.52,0.8,16.06,2.01,10629365299.0,10629365299.0,0.0,-0.26,-9.64,-26.64
3473,002572,索菲亚,8.21,0.61,0.05,120432.0,99014233.03,3.43,8.35,8.07,8.11,8.16,1.05,1.85,-51.43,1.2,7906617216.0,5348516320.0,-0.24,-0.24,-12.47,-35.91
3474,002926,华西证券,8.26,0.61,0.05,102031.0,84162906.0,1.22,8.3,8.2,8.22,8.21,0.68,0.39,13.77,0.87,21682500000.0,21682500000.0,-0.24,0.0,2.23,-9.33
3475,600653,申华控股,1.66,0.61,0.01,114200.0,18962124.0,1.82,1.67,1.64,1.65,1.65,0.65,0.59,-36.3,5.17,3230991326.0,3230991326.0,0.0,0.0,-1.78,-12.63
3476,300502,新易盛,414.02,0.61,2.52,284175.0,11742942472.41,3.49,420.5,406.12,418.0,411.5,0.61,2.27,51.91,29.73,577250152310.0,519281752275.0,0.2,0.4,-16.48,34.83
3477,002327,富安娜,6.63,0.61,0.04,33322.0,22018026.0,1.37,6.65,6.56,6.64,6.59,0.89,0.68,21.39,1.6,5528543773.0,3255219736.0,0.15,0.0,2.95,4.74
3478,688691,灿芯股份,64.02,0.61,0.39,37439.0,241219416.0,3.52,65.59,63.35,64.63,63.63,0.83,5.13,-67.32,6.37,7682400000.0,4671219940.0,0.0,-0.02,-44.81,-37.22
3479,601901,XD方正证,6.74,0.6,0.04,393330.0,265151512.0,1.34,6.79,6.7,6.73,6.7,0.89,0.48,9.33,1.07,55484363402.0,55484363402.0,0.0,0.15,-2.74,-12.69
3480,300852,四会富仕,45.36,0.6,0.27,61123.0,278831449.08,4.28,46.65,44.72,45.52,45.09,0.76,3.94,41.44,3.21,7281240044.0,7028818267.0,0.18,0.2,-14.4,19.24
3481,601099,太平洋,3.34,0.6,0.02,664734.0,221648073.0,1.51,3.36,3.31,3.32,3.32,0.4,0.98,233.44,2.29,22766496676.0,22766496676.0,-0.3,-0.3,-2.34,-18.73
3482,920225,利通科技,15.03,0.6,0.09,17200.0,25856107.27,4.35,15.38,14.73,15.0,14.94,0.36,2.08,50.22,2.62,1907590977.0,1244215775.0,0.0,0.13,-29.37,-52.96
3483,301382,蜂助手,42.09,0.6,0.25,95648.0,407680948.34,4.35,43.7,41.88,42.7,41.84,0.48,4.05,82.87,6.34,12020647377.0,9948264362.0,-0.05,-0.09,-8.3,18.93
3484,002120,韵达股份,6.67,0.6,0.04,308873.0,207399146.37,2.41,6.8,6.64,6.75,6.63,1.38,1.1,9.93,0.93,19337672844.0,18776916520.0,-0.15,0.0,-0.74,1.99
3485,920556,雅达股份,6.66,0.6,0.04,10654.0,7104625.49,1.96,6.73,6.6,6.64,6.62,0.65,0.92,53.2,2.08,1069869606.0,775090107.0,0.0,-0.15,-14.4,-33.27
3486,603617,君禾股份,6.71,0.6,0.04,38786.0,26050007.0,1.8,6.78,6.66,6.71,6.67,0.57,1.0,37.37,1.7,2615634071.0,2594933721.0,0.15,0.0,-4.96,-10.41
3487,301202,朗威股份,36.68,0.6,0.22,27587.0,101288178.06,4.06,37.48,36.0,36.35,36.46,0.88,3.46,70.69,4.21,5003152000.0,2920369900.0,-0.03,0.14,-15.27,-8.76
3488,603115,海星股份,77.36,0.6,0.46,96033.0,740892901.0,8.06,81.0,74.8,79.1,76.9,0.72,3.93,119.29,9.27,18920909936.0,18920909936.0,0.01,0.31,-31.22,327.17
3489,600035,楚天高速,3.38,0.6,0.02,113976.0,38356664.0,0.89,3.38,3.35,3.35,3.36,1.3,0.71,5.69,0.62,5442191745.0,5442191745.0,0.3,0.0,-6.63,-9.14
3490,300617,安靠智电,40.5,0.6,0.24,31280.0,126677818.36,3.1,41.25,40.0,40.83,40.26,0.45,2.25,34.3,2.22,6711160392.0,5626410822.0,0.1,0.17,-39.13,26.96
3491,600037,歌华有线,6.86,0.59,0.04,118814.0,81744122.0,1.47,6.92,6.82,6.83,6.82,0.91,0.85,35.32,0.75,9547596284.0,9547596284.0,0.0,-0.15,-7.17,-5.38
3492,600893,航发动力,35.78,0.59,0.21,204245.0,735435430.0,2.73,36.47,35.5,35.75,35.57,0.67,0.77,9316.6,2.38,95374961836.0,95358163841.0,0.06,0.0,-18.76,-10.46
3493,601288,农业银行,6.81,0.59,0.04,5112288.0,3454496346.0,2.81,6.82,6.63,6.68,6.77,1.16,0.16,7.93,0.86,2383384460675.0,2174053075391.0,0.0,0.0,7.92,-9.8
3494,600273,嘉化能源,6.83,0.59,0.04,136597.0,93462202.0,2.06,6.91,6.77,6.78,6.79,1.02,1.04,21.66,0.91,8956241303.0,8956241303.0,0.0,0.0,-6.57,-19.55
3495,300044,*ST赛为,5.09,0.59,0.03,98552.0,50251788.0,2.96,5.2,5.05,5.06,5.06,0.72,1.38,-90.64,-3.4,3888094371.0,3641275053.0,0.0,-0.39,-14.45,27.57
3496,920174,五新智能,28.98,0.59,0.17,10007.0,29217449.82,3.3,29.63,28.68,28.68,28.81,0.87,1.79,26.74,2.41,6285903741.0,1616899397.0,0.21,0.31,-23.15,-39.68
3497,605011,杭州热电,17.04,0.59,0.1,35535.0,60701707.0,2.48,17.3,16.88,16.95,16.94,0.59,0.89,42.07,2.8,6817704000.0,6817704000.0,0.18,0.18,-22.65,-16.22
3498,300354,东华测试,29.05,0.59,0.17,19889.0,58642066.84,3.84,30.16,29.05,29.39,28.88,0.84,2.45,36.87,4.68,4018201839.0,2362027002.0,-0.14,-0.17,-15.67,-35.87
3499,600710,苏美达,10.21,0.59,0.06,48708.0,49978475.0,1.87,10.35,10.16,10.19,10.15,0.63,0.37,9.62,1.58,13341911721.0,13341911721.0,-0.2,-0.1,-7.94,-1.83
3500,603926,铁流股份,15.34,0.59,0.09,49971.0,76572918.0,2.75,15.6,15.18,15.45,15.25,1.04,2.16,30.14,2.08,3574014613.0,3541064293.0,0.2,0.2,-29.7,-9.45
3501,002317,众生药业,27.39,0.59,0.16,478000.0,1335469042.79,5.91,28.75,27.14,28.0,27.23,1.07,6.28,58.3,5.83,23279595765.0,20860700750.0,-0.29,-0.29,18.37,45.85
3502,920075,柏星龙,15.22,0.59,0.09,4063.0,6179965.84,2.58,15.42,15.03,15.24,15.13,0.44,1.16,30.89,2.55,986484300.0,534658829.0,0.13,0.13,-15.91,-41.89
3503,002677,浙江美大,6.86,0.59,0.04,44671.0,30671160.96,1.61,6.92,6.81,6.9,6.82,0.52,0.81,380.77,3.03,4431914298.0,3783357571.0,0.0,-0.15,-4.72,-17.65
3504,600018,上港集团,5.2,0.58,0.03,468741.0,243599046.0,1.74,5.24,5.15,5.15,5.17,1.28,0.2,7.55,0.85,121055794621.0,120882935420.0,-0.19,-0.19,6.12,-0.57
3505,605228,神通科技,10.48,0.58,0.06,30877.0,32410475.0,1.73,10.59,10.41,10.52,10.42,0.66,0.65,27.17,2.19,5026787743.0,5000378143.0,0.1,0.0,-20.12,-29.28
3506,000715,中兴商业,5.17,0.58,0.03,72948.0,37664949.0,1.75,5.21,5.12,5.18,5.14,0.39,1.5,33.84,1.4,2794046996.0,2514444648.0,-0.19,0.0,1.77,-17.01
3507,603053,成都燃气,8.72,0.58,0.05,18336.0,15977459.0,1.5,8.77,8.64,8.68,8.67,0.83,0.21,15.45,1.59,7751120800.0,7751120800.0,0.11,0.11,-3.43,-6.24
3508,600795,国电电力,5.16,0.58,0.03,1898162.0,985411801.0,3.31,5.3,5.13,5.19,5.13,1.3,1.06,15.27,1.53,92031794463.0,92031794463.0,0.0,-0.19,7.05,5.31
3509,001285,瑞立科密,40.09,0.58,0.23,5559.0,22311299.37,1.25,40.43,39.93,39.93,39.86,0.62,1.34,21.88,1.92,7237456480.0,1663605509.0,-0.05,-0.02,-16.69,-30.58
3510,601319,中国人保,6.92,0.58,0.04,388450.0,268042918.0,1.74,6.95,6.83,6.86,6.88,0.8,0.11,8.68,0.98,306030014834.0,245644475554.0,0.0,0.14,2.37,-21.45
3511,300866,安克创新,115.58,0.58,0.67,15396.0,178611349.07,2.07,117.2,114.82,115.0,114.91,0.53,0.5,36.03,6.59,67967318074.0,35747158913.0,-0.22,0.06,-6.79,2.56
3512,688571,杭华股份,8.69,0.58,0.05,42763.0,37374636.0,2.43,8.87,8.66,8.8,8.64,0.5,1.01,32.94,2.25,3686043383.0,3686043383.0,-0.11,-0.23,-1.59,19.04
3513,600612,老凤祥,34.96,0.58,0.2,26204.0,92740564.0,3.14,36.0,34.91,34.91,34.76,1.39,0.83,8.36,1.4,18288197029.0,11086152665.0,-0.03,-0.09,-0.26,-18.98
3514,300840,酷特智能,19.02,0.58,0.11,53188.0,101419611.0,3.12,19.3,18.71,19.18,18.91,0.88,3.0,91.98,3.62,4564800000.0,3368159268.0,-0.26,-0.21,-17.95,-6.54
3515,003000,劲仔食品,10.43,0.58,0.06,27427.0,28542165.0,2.22,10.55,10.32,10.55,10.37,0.61,0.89,16.5,3.51,4702826078.0,3213068877.0,0.0,0.0,0.68,-5.95
3516,300027,ST华谊,1.77,0.57,0.01,328625.0,58139861.71,2.84,1.8,1.75,1.77,1.76,1.09,1.28,-42.74,-428.49,4910875477.0,4539302793.0,0.0,0.0,0.0,-18.43
3517,300287,飞利信,3.51,0.57,0.02,185289.0,65193888.19,2.01,3.56,3.49,3.55,3.49,0.47,1.41,-44.04,5.09,5037811066.0,4627217577.0,0.0,0.0,-14.81,-28.22
3518,603885,吉祥航空,10.53,0.57,0.06,91264.0,96538849.0,1.72,10.65,10.47,10.49,10.47,1.04,0.42,12.96,2.3,22839625472.0,22839625472.0,0.1,0.1,-8.59,-28.32
3519,605155,西大门,14.04,0.57,0.08,20868.0,29313850.0,2.58,14.2,13.84,14.03,13.96,0.83,1.11,33.35,2.01,2674891983.0,2631494343.0,0.07,0.21,-11.31,-17.41
3520,002519,银河电子,5.27,0.57,0.03,218196.0,115550827.96,2.1,5.35,5.24,5.32,5.24,0.77,1.94,545.5,2.67,5936290832.0,5920551508.0,0.19,0.0,-22.27,-18.67
3521,000995,皇台酒业,10.58,0.57,0.06,62391.0,65782728.0,2.19,10.68,10.45,10.55,10.52,0.51,3.52,-97.31,11.36,1876976640.0,1876976640.0,0.0,0.19,-25.7,-15.43
3522,002074,国轩高科,26.42,0.57,0.15,138334.0,367197191.57,1.75,26.79,26.33,26.52,26.27,0.62,0.8,568.25,1.67,47945043536.0,45884602372.0,0.0,0.04,-22.7,-32.27
3523,600929,雪天盐业,5.27,0.57,0.03,166420.0,87957988.0,2.86,5.37,5.22,5.24,5.24,1.1,1.01,145.34,1.15,8643396859.0,8643396859.0,0.0,0.0,-8.67,-6.56
3524,002249,大洋电机,7.03,0.57,0.04,257702.0,181236609.81,1.57,7.09,6.98,7.06,6.99,0.66,1.38,14.5,1.79,17342919686.0,13102349730.0,0.0,0.0,-22.06,-34.3
3525,600528,中铁工业,7.01,0.57,0.04,83365.0,58606112.0,1.87,7.08,6.95,6.96,6.97,1.03,0.38,12.21,0.62,15573076632.0,15573076632.0,-0.14,-0.14,-5.01,-13.35
3526,603345,安井食品,81.46,0.57,0.46,37373.0,304063793.0,2.09,82.3,80.61,81.04,81.0,0.75,1.27,12.05,1.74,27149716401.0,23891748139.0,-0.05,-0.06,-15.7,4.64
3527,920014,特瑞斯,8.75,0.57,0.05,10262.0,8991506.24,2.07,8.86,8.68,8.84,8.7,0.6,1.53,68.28,1.38,1066246501.0,586663858.0,0.23,0.23,-10.35,-23.71
3528,301077,星华新材,21.23,0.57,0.12,27586.0,58656648.99,3.41,21.67,20.95,21.45,21.11,0.35,2.89,27.54,3.14,3614359032.0,2028980907.0,0.0,-0.19,-22.74,-17.01
3529,605259,绿田机械,17.8,0.56,0.1,6575.0,11738296.0,1.86,18.03,17.7,17.7,17.7,0.78,0.38,17.07,1.68,3070144000.0,3070144000.0,-0.28,-0.17,-1.98,-19.38
3530,000903,ST云动,1.79,0.56,0.01,98369.0,17565112.16,1.69,1.8,1.77,1.79,1.78,0.7,0.51,-22.32,5.63,3463371494.0,3437268350.0,-0.56,-0.56,4.68,-31.94
3531,002216,三全食品,12.68,0.56,0.07,66981.0,84512650.22,2.3,12.75,12.46,12.6,12.61,0.57,1.06,10.35,2.55,11148053729.0,7994770293.0,-0.08,-0.08,0.88,18.28
3532,300414,中光防雷,10.77,0.56,0.06,58512.0,63218132.8,2.24,10.93,10.69,10.89,10.71,0.57,1.85,145.72,3.52,3511229649.0,3399779729.0,0.0,0.0,-10.92,-27.86
3533,002364,中恒电气,39.73,0.56,0.22,380541.0,1508928582.21,3.62,40.45,39.02,40.25,39.51,0.64,6.82,224.48,9.16,22390435861.0,22173462385.0,0.03,0.15,-29.89,50.84
3534,001389,广合科技,152.87,0.56,0.85,59917.0,922430467.46,4.49,157.33,150.5,154.3,152.02,0.77,3.93,37.81,9.11,72263049901.0,23290798386.0,-0.02,0.2,-15.75,88.78
3535,600199,金种子酒,7.14,0.56,0.04,141681.0,100821762.0,2.39,7.22,7.05,7.1,7.1,0.57,2.15,-77.04,2.41,4696669323.0,4696669323.0,-0.14,0.0,-21.71,-26.24
3536,603013,亚普股份,16.17,0.56,0.09,17080.0,27716425.0,1.74,16.37,16.09,16.09,16.08,0.74,0.34,12.69,1.84,8217910350.0,8217910350.0,0.0,0.12,-17.25,-33.51
3537,600908,无锡银行,5.4,0.56,0.03,214936.0,115657412.0,2.42,5.44,5.31,5.35,5.37,1.52,1.08,4.67,0.52,11851281153.0,10796288391.0,-0.18,-0.18,1.69,-6.9
3538,300618,寒锐钴业,34.34,0.56,0.19,58050.0,201170641.0,2.66,35.09,34.18,34.6,34.15,0.63,2.13,53.91,1.91,10634998105.0,9357535236.0,-0.06,-0.03,-15.0,-23.76
3539,002818,富森美,10.95,0.55,0.06,37186.0,40605182.0,1.19,10.99,10.86,10.95,10.89,1.52,1.25,5.29,1.43,8195625393.0,3266767002.0,0.18,0.09,-2.23,1.39
3540,920675,秉扬科技,7.29,0.55,0.04,6900.0,5048863.57,2.48,7.43,7.25,7.31,7.25,0.62,0.87,23.62,2.1,1255075560.0,576040272.0,0.14,-0.14,-8.88,-24.38
3541,920005,鼎佳精密,23.63,0.55,0.13,2022.0,4779538.31,2.68,23.9,23.27,23.68,23.5,0.37,0.53,33.89,3.13,1961290000.0,905306014.0,-0.71,0.04,-22.35,-41.57
3542,601878,浙商证券,9.2,0.55,0.05,145100.0,133260640.0,1.09,9.24,9.14,9.15,9.15,0.68,0.32,14.0,1.13,42078929079.0,42078929079.0,-0.11,-0.11,-1.71,-13.53
3543,920204,沪江材料,12.87,0.55,0.07,3665.0,4694497.28,2.03,12.95,12.69,12.75,12.8,0.54,0.73,34.21,2.46,1213483947.0,643380862.0,0.0,1.02,-8.85,-27.16
3544,688531,日联科技,133.73,0.55,0.73,51303.0,691360782.0,4.96,138.0,131.4,134.33,133.0,0.82,4.47,86.49,6.46,22144877462.0,15349372535.0,-0.17,-0.05,-21.41,104.39
3545,002590,万安科技,9.27,0.54,0.05,65543.0,61060917.52,3.25,9.5,9.2,9.33,9.22,0.81,1.32,39.1,1.58,4811616462.0,4588250139.0,-0.32,-0.22,-25.06,-37.87
3546,000543,皖能电力,7.48,0.54,0.04,148090.0,110854672.44,1.34,7.54,7.44,7.47,7.44,0.72,0.65,9.54,1.02,16956137716.0,16956137716.0,0.0,0.0,-14.32,-1.19
3547,603187,海容冷链,11.16,0.54,0.06,55188.0,61558841.0,1.26,11.21,11.07,11.1,11.1,0.4,1.44,13.73,1.02,4312196558.0,4267158704.0,0.09,0.0,-12.4,-26.29
3548,000987,越秀资本,7.41,0.54,0.04,178049.0,131593025.92,1.09,7.43,7.35,7.38,7.37,0.74,0.36,7.17,1.14,37176951543.0,37148883768.0,0.0,0.0,-6.2,-7.49
3549,601919,中远海控,16.64,0.54,0.09,1026668.0,1707581502.0,2.48,16.83,16.42,16.42,16.55,1.06,0.82,10.81,1.11,254061566138.0,208940775098.0,0.12,0.18,19.71,12.89
3550,600227,赤天化,3.74,0.54,0.02,2595196.0,943742680.0,9.68,3.83,3.47,3.62,3.72,1.27,20.31,-55.47,2.82,6315841542.0,4778223263.0,0.0,0.27,23.43,57.14
3551,920407,驰诚股份,11.1,0.54,0.06,7832.0,8691434.88,4.26,11.38,10.91,11.01,11.04,0.63,1.73,51.83,4.46,1232091120.0,501599720.0,0.0,-0.09,-2.46,-42.25
3552,920942,恒立钻具,16.73,0.54,0.09,4174.0,7023600.82,3.49,17.13,16.55,16.66,16.64,0.63,1.01,51.74,2.07,1023283758.0,692873184.0,0.24,0.18,-19.76,-45.27
3553,000012,南  玻Ａ,3.75,0.54,0.02,193060.0,72347102.4,1.61,3.78,3.72,3.74,3.73,0.79,0.99,-28.92,0.88,11409258041.0,7347437243.0,0.0,0.27,-15.35,-14.97
3554,603185,弘元绿能,16.77,0.54,0.09,41741.0,70229649.0,1.62,16.97,16.7,16.88,16.68,0.44,0.61,-9.85,0.98,11455197970.0,11387202328.0,0.0,0.0,-11.6,-44.74
3555,002763,汇洁股份,7.61,0.53,0.04,44860.0,34019727.0,1.72,7.65,7.52,7.6,7.57,0.85,1.48,11.33,1.94,3119521640.0,2310825113.0,0.0,0.0,-3.06,18.54
3556,603638,艾迪精密,18.9,0.53,0.1,55448.0,104930318.0,1.44,19.07,18.8,18.95,18.8,0.64,0.63,27.48,3.65,16645117526.0,16645117526.0,-0.21,-0.11,-22.38,0.37
3557,000768,中航西飞,20.94,0.53,0.11,127468.0,267386909.51,1.49,21.15,20.84,20.87,20.83,0.48,0.46,59.12,2.63,58225976227.0,58138109348.0,0.0,-0.19,-3.01,-17.0
3558,300745,欣锐科技,28.54,0.53,0.15,52818.0,151510311.53,4.05,29.36,28.21,28.96,28.39,0.84,3.71,224.7,2.17,4810888481.0,4061571095.0,0.11,0.0,-37.18,10.79
3559,002415,海康威视,34.07,0.53,0.18,481725.0,1647618810.75,1.5,34.45,33.94,34.05,33.89,0.62,0.53,19.77,3.94,312247173709.0,308200412700.0,0.0,0.06,9.55,19.38
3560,603551,奥普科技,9.5,0.53,0.05,45468.0,42665185.0,2.65,9.51,9.26,9.39,9.45,1.56,1.19,22.23,2.95,3654494675.0,3621659759.0,-0.11,0.21,-6.31,-13.95
3561,300423,昇辉科技,5.79,0.52,0.03,75539.0,43836330.8,3.47,5.91,5.71,5.78,5.76,0.56,2.27,-30.46,2.5,2880590369.0,1929167772.0,0.17,0.35,-14.09,-30.91
3562,300157,新锦动力,3.84,0.52,0.02,207060.0,79688872.1,2.62,3.9,3.8,3.84,3.82,0.48,2.82,-17.92,-15.68,2938925595.0,2816412987.0,0.52,0.26,-16.16,-15.42
3563,000026,飞亚达,21.16,0.52,0.11,102087.0,218120111.88,4.85,22.0,20.98,21.98,21.05,0.6,2.8,32.98,2.56,8585966388.0,7714105110.0,0.14,0.09,-5.83,30.14
3564,002160,常铝股份,3.9,0.52,0.02,135510.0,53221373.14,3.09,3.99,3.87,3.95,3.88,0.8,1.31,79.24,1.07,4027846551.0,4019845007.0,0.0,-0.26,-15.4,-25.0
3565,002420,毅昌科技,5.83,0.52,0.03,66961.0,39083862.0,1.9,5.9,5.79,5.86,5.8,0.83,1.65,28.59,2.87,2397820700.0,2359442393.0,-0.34,-0.34,-5.82,-24.19
3566,920061,西磁科技,17.32,0.52,0.09,5639.0,9831087.21,3.31,17.78,17.21,17.5,17.23,0.46,1.43,242.08,4.45,1226082800.0,681791408.0,0.06,-0.74,-21.27,-38.43
3567,920023,*ST田野,1.93,0.52,0.01,33518.0,6472372.66,3.13,1.96,1.9,1.9,1.92,0.38,1.25,330.19,0.52,631696720.0,518800463.0,0.0,0.0,-13.45,-59.11
3568,000056,*ST皇庭,1.94,0.52,0.01,128743.0,24964263.0,2.59,1.96,1.91,1.94,1.93,0.7,1.42,-17.75,-0.95,2294104747.0,1753242424.0,0.0,0.52,32.88,-3.48
3569,000826,*ST启环,1.92,0.52,0.01,183162.0,35077182.21,3.66,1.94,1.87,1.91,1.91,0.42,1.29,-3.78,-1.09,2736678236.0,2736297855.0,0.0,0.0,-15.42,-13.51
3570,600757,长江传媒,7.71,0.52,0.04,71149.0,54733831.0,2.09,7.76,7.6,7.67,7.67,1.05,0.59,6.99,0.95,9357243605.0,9356062664.0,-0.26,-0.13,3.49,-8.97
3571,688826,C频准,946.92,0.52,4.89,20892.0,1956527439.0,13.06,993.0,870.0,935.0,942.03,0.42,27.43,338.9,16.94,37876800000.0,7213411193.0,-0.01,-0.31,406.7,406.7
3572,688343,云天励飞-U,56.55,0.52,0.29,70045.0,398888309.0,3.91,58.2,56.0,56.33,56.26,0.74,1.95,-37.94,5.47,20335571139.0,20335571139.0,-0.05,-0.16,-23.85,-25.67
3573,920168,通宝光电,15.39,0.52,0.08,2393.0,3674245.43,2.55,15.59,15.2,15.32,15.31,0.71,0.85,45.74,1.48,1156918626.0,433605770.0,0.0,0.2,-17.44,-1.79
3574,300443,金雷股份,19.76,0.51,0.1,24947.0,49394788.0,1.58,19.95,19.64,19.77,19.66,0.68,1.03,23.2,1.0,6325859656.0,4797215129.0,-0.2,-0.15,-28.48,-29.5
3575,000925,众合科技,7.85,0.51,0.04,215575.0,169144123.58,4.23,8.08,7.75,8.06,7.81,0.68,3.21,-39.99,1.65,5309503385.0,5268546638.0,0.0,0.0,0.9,-12.49
3576,605599,菜百股份,15.79,0.51,0.08,105017.0,169784614.0,5.54,16.65,15.78,16.07,15.71,1.56,1.35,7.71,2.76,12281111462.0,12281111462.0,-0.13,-0.06,4.02,1.28
3577,600301,华锡有色,47.34,0.51,0.24,107972.0,518995867.0,4.37,49.0,46.94,48.07,47.1,0.9,3.92,28.05,5.88,29945744456.0,13034391139.0,-0.36,-0.19,-16.35,24.68
3578,688323,瑞华泰,29.66,0.51,0.15,229298.0,676603155.0,9.56,30.8,27.98,30.01,29.51,1.13,11.44,-65.66,5.2,5943813192.0,5943813192.0,-0.1,0.03,-22.72,31.76
3579,001396,誉帆科技,33.2,0.51,0.17,4429.0,14775926.3,1.63,33.61,33.07,33.28,33.03,0.64,1.95,491.6,2.52,3549160211.0,754219008.0,0.0,-0.12,-24.22,-22.72
3580,603173,福斯达,31.39,0.51,0.16,6485.0,20388264.0,1.95,31.74,31.13,31.4,31.23,0.64,0.41,13.58,2.58,5022400000.0,5022400000.0,0.06,0.06,-8.19,-25.28
3581,002652,扬子新材,3.94,0.51,0.02,117674.0,46495101.12,3.06,4.0,3.88,3.94,3.92,0.85,2.3,-156.94,8.59,2017532160.0,2017532160.0,0.0,-0.25,-32.65,-0.25
3582,002807,江阴银行,3.97,0.51,0.02,491204.0,194083821.46,2.03,3.99,3.91,3.94,3.95,1.4,1.82,7.33,0.55,10748902306.0,10733010205.0,0.0,0.0,1.79,-1.98
3583,600368,五洲交通,3.96,0.51,0.02,93762.0,36978724.0,1.02,3.96,3.92,3.93,3.94,0.66,0.58,8.08,0.89,6374229278.0,6374229278.0,0.0,0.25,4.49,4.76
3584,600592,龙溪股份,13.81,0.51,0.07,49732.0,68855414.0,2.33,14.03,13.71,14.01,13.74,0.64,1.24,-5687.33,2.16,5517834816.0,5517834816.0,0.0,0.0,-34.55,-49.28
3585,002388,新亚制程,5.93,0.51,0.03,314125.0,186073981.0,4.07,6.05,5.81,5.9,5.9,0.66,6.21,163.48,3.13,3003747925.0,3001905325.0,0.0,0.17,-3.73,-7.05
3586,300975,商络电子,25.45,0.51,0.13,374269.0,960654112.36,4.5,26.22,25.08,25.84,25.32,0.67,7.61,17.03,6.7,17484292622.0,12523265205.0,0.0,0.12,-18.51,101.66
3587,600369,西南证券,4.01,0.5,0.02,242845.0,97191661.0,1.75,4.04,3.97,4.0,3.99,0.81,0.37,21.47,1.02,26646887587.0,26646887587.0,0.0,-0.25,1.01,-8.86
3588,601811,新华文轩,12.04,0.5,0.06,15861.0,19034722.0,1.5,12.08,11.9,11.97,11.98,0.94,0.2,14.44,0.99,14855445640.0,9534522956.0,0.0,0.08,-3.37,-7.38
3589,920527,夜光明,13.95,0.5,0.07,4886.0,6816000.38,1.73,14.08,13.84,13.84,13.88,0.48,1.05,38.05,2.18,837595665.0,649474293.0,0.22,0.36,-5.42,-21.89
3590,000713,国投丰乐,6.08,0.5,0.03,304021.0,182840326.88,4.3,6.17,5.91,6.0,6.05,1.4,4.95,-72.42,1.56,4853174402.0,3733211078.0,-0.65,-0.65,3.05,-7.74
3591,300643,万通智控,17.98,0.5,0.09,38728.0,69918277.0,3.02,18.36,17.82,18.0,17.89,0.78,1.68,26.34,3.29,4163841735.0,4154356368.0,-0.06,-0.06,5.52,-6.45
3592,603399,永杉锂业,14.07,0.5,0.07,460367.0,654013226.0,4.43,14.6,13.98,14.38,14.0,0.55,8.99,13.6,4.45,7207929431.0,7207929431.0,0.0,0.21,-16.65,35.42
3593,000063,中兴通讯,33.84,0.5,0.17,588251.0,1990448247.03,1.43,34.09,33.61,33.8,33.67,0.38,1.46,30.88,2.16,161874820576.0,136294702491.0,0.0,0.0,-1.66,-9.59
3594,603023,威帝股份,4.02,0.5,0.02,85853.0,34609180.0,2.5,4.08,3.98,3.99,4.0,0.84,1.54,-146.36,2.93,2243631976.0,2243631976.0,-0.25,-0.25,-14.1,-20.08
3595,688728,格科微,15.99,0.5,0.08,240956.0,387118259.0,3.27,16.34,15.82,16.18,15.91,0.6,0.93,7372.28,5.28,41583380805.0,41554678755.0,0.19,0.13,5.06,7.03
3596,002531,天顺风能,6.11,0.49,0.03,284741.0,173993875.69,1.97,6.18,6.06,6.12,6.08,0.85,1.59,66.29,1.27,10978928600.0,10917258177.0,-0.33,-0.16,-48.61,-10.93
3597,688425,铁建重工,4.1,0.49,0.02,141686.0,58157649.0,1.23,4.13,4.08,4.08,4.08,1.09,0.27,21.66,1.17,21867337700.0,21867337700.0,-0.49,0.0,-5.96,-17.84
3598,601138,工业富联,62.13,0.49,0.3,781185.0,4868591182.0,2.35,62.95,61.5,62.5,61.83,0.57,0.39,25.97,7.02,1232913453605.0,1232913453605.0,0.1,0.08,-10.51,1.74
3599,002558,巨人网络,26.41,0.49,0.13,475664.0,1261288120.71,2.89,26.94,26.18,26.54,26.28,0.62,2.5,11.61,3.15,50193841654.0,50193841654.0,0.04,0.08,0.11,-38.72
3600,600810,神马股份,6.2,0.49,0.03,67672.0,41971137.0,2.43,6.29,6.14,6.22,6.17,0.71,0.63,-53.96,0.95,6761589850.0,6700668650.0,0.0,0.0,0.49,-31.03
3601,688045,必易微,61.26,0.49,0.3,30126.0,185299772.0,5.18,63.17,60.01,61.18,60.96,0.87,4.27,57.5,2.96,4323546346.0,4323546346.0,-0.23,-0.23,-8.22,58.54
3602,002846,英联股份,10.24,0.49,0.05,50077.0,51358387.2,1.86,10.34,10.15,10.23,10.19,0.82,1.85,66.47,3.0,4300734833.0,2779052042.0,0.0,0.0,-18.92,-36.48
3603,603171,税友股份,43.34,0.49,0.21,61252.0,265453119.0,3.99,44.38,42.66,43.2,43.13,0.66,1.51,140.77,7.06,17610992300.0,17591272600.0,0.02,-0.39,-11.28,-21.1
3604,300383,光环新网,12.29,0.49,0.06,441256.0,541394399.35,2.29,12.42,12.14,12.36,12.23,0.52,2.46,245.85,1.87,22092416090.0,22052053517.0,0.0,0.08,-14.36,-1.6
3605,002474,榕基软件,6.14,0.49,0.03,200556.0,122835097.73,2.29,6.2,6.06,6.15,6.11,0.28,3.79,-122.52,2.9,3820308000.0,3247029444.0,-0.16,0.16,-10.63,-37.73
3606,300727,润禾材料,26.74,0.49,0.13,17451.0,46910795.0,2.1,27.17,26.61,27.0,26.61,0.6,1.08,44.04,3.63,4816846052.0,4334794045.0,0.04,-0.07,-26.9,-24.34
3607,000027,深圳能源,6.14,0.49,0.03,135798.0,83327646.68,0.82,6.16,6.11,6.11,6.11,0.73,0.29,5.85,0.89,29210374084.0,29210374084.0,0.0,-0.16,-18.46,-3.46
3608,688522,纳睿雷达,18.48,0.49,0.09,28724.0,53246442.0,1.79,18.74,18.41,18.58,18.39,0.6,1.67,74.16,3.38,7836305880.0,3181969301.0,-0.11,-0.05,-17.61,-35.14
3609,002321,华英农业,2.04,0.49,0.01,395955.0,80359691.0,3.45,2.06,1.99,2.03,2.03,1.05,1.86,-72.09,4.72,4351095745.0,4332686862.0,0.0,0.0,8.51,-11.3
3610,002991,甘源食品,42.2,0.48,0.2,6203.0,26138967.0,2.33,42.58,41.6,42.02,42.0,0.84,1.24,14.83,2.33,3933708068.0,2107202393.0,0.0,-0.09,-6.64,-24.52
3611,000955,欣龙控股,4.22,0.48,0.02,111264.0,46814641.0,2.38,4.26,4.16,4.22,4.2,1.1,2.07,-368.48,3.52,2272026900.0,2271680333.0,0.0,0.0,-0.94,-32.15
3612,300606,金太阳,35.41,0.48,0.17,74369.0,264303496.24,4.14,36.34,34.88,35.64,35.24,0.68,6.32,128.08,7.44,4898896519.0,4166853549.0,-0.14,-0.03,-9.21,51.91
3613,002797,第一创业,6.32,0.48,0.03,299260.0,188690308.58,1.11,6.34,6.27,6.32,6.29,0.67,0.71,19.31,1.54,26559168000.0,26559168000.0,-0.16,-0.16,-11.24,-7.06
3614,002380,科远智慧,27.22,0.48,0.13,30376.0,82838584.0,2.03,27.57,27.02,27.48,27.09,0.65,2.14,21.42,2.74,6532572686.0,3870792608.0,0.0,-0.07,-39.51,0.81
3615,688267,中触媒,18.94,0.48,0.09,22515.0,42134234.0,3.77,19.08,18.37,18.47,18.85,1.15,0.99,26.84,1.5,4320901408.0,4320901408.0,0.16,0.05,-27.79,-12.31
3616,600650,锦江在线,10.36,0.48,0.05,27165.0,28038168.0,1.84,10.4,10.21,10.3,10.31,0.56,0.7,103.43,1.36,5714680709.0,4046202377.0,0.0,-0.1,-15.43,-31.35
3617,688535,华海诚科,100.63,0.48,0.48,60320.0,608758584.0,4.23,103.2,98.96,102.94,100.15,0.77,4.52,266.46,6.72,14417667652.0,13437504382.0,-0.04,0.23,-20.27,32.88
3618,688530,欧莱新材,64.73,0.48,0.31,89984.0,581255402.0,6.88,66.43,62.0,66.0,64.42,0.7,12.9,63.66,12.23,10359701458.0,4516779394.0,0.09,0.22,33.44,293.73
3619,300474,景嘉微,50.34,0.48,0.24,44014.0,221122148.65,1.28,50.56,49.92,50.5,50.1,0.57,1.08,-117.27,3.86,26308651686.0,20461903828.0,-0.06,0.08,-20.37,-29.96
3620,000793,ST华闻,2.15,0.47,0.01,93011.0,19912272.0,1.87,2.16,2.12,2.13,2.14,0.8,0.35,-84.47,2.66,9446971011.0,5729111800.0,0.47,0.0,-15.69,-18.87
3621,001207,联科科技,16.95,0.47,0.08,68135.0,115851133.4,3.44,17.34,16.76,16.99,16.87,0.92,2.33,16.16,2.13,5138184761.0,4959944459.0,0.12,0.0,-13.92,-4.56
3622,600848,上海临港,8.5,0.47,0.04,73847.0,62822260.0,1.65,8.57,8.43,8.43,8.46,1.14,0.31,63.92,1.32,21441139534.0,20348254321.0,-0.12,-0.12,-2.41,-26.09
3623,600279,重庆港,4.27,0.47,0.02,76408.0,32607482.0,1.88,4.31,4.23,4.25,4.25,1.18,0.64,1362.6,0.75,5067919028.0,5067919028.0,0.0,-0.23,-7.58,-21.51
3624,600906,财达证券,6.42,0.47,0.03,244145.0,155853146.0,1.88,6.45,6.33,6.39,6.39,0.85,1.15,20.55,1.7,20832900000.0,13637588379.0,0.0,0.16,-3.6,-2.58
3625,300589,江龙船艇,12.92,0.47,0.06,92233.0,119989538.18,3.03,13.2,12.81,12.9,12.86,0.43,3.93,381.08,7.02,4879470508.0,3028817732.0,0.0,-0.15,-6.58,-28.42
3626,600717,天津港,4.27,0.47,0.02,193768.0,82663207.0,2.12,4.31,4.22,4.23,4.25,1.09,0.67,8.75,0.61,12357384432.0,12357384432.0,0.0,0.0,-0.23,-2.29
3627,603270,金帝股份,27.73,0.47,0.13,24595.0,68522061.0,4.96,28.77,27.4,28.26,27.6,0.61,3.48,36.3,2.68,6075827876.0,1960973176.0,-0.07,-0.04,-4.87,3.05
3628,002739,儒意电影,8.5,0.47,0.04,597046.0,506437118.22,1.77,8.57,8.42,8.46,8.46,0.31,2.87,51.63,2.36,17950119018.0,17697015708.0,0.0,0.0,-7.71,-24.91
3629,002759,ST天际,17.62,0.46,0.08,189309.0,331575143.81,4.68,17.85,17.03,17.3,17.54,0.57,3.78,11.2,2.53,8834361500.0,8826594393.0,0.0,-0.06,-41.71,-62.05
3630,000685,中山公用,10.92,0.46,0.05,103146.0,113168082.46,1.66,11.08,10.9,10.92,10.87,0.94,0.83,6.87,0.86,16027623940.0,13612674785.0,-0.18,0.0,-4.63,-3.11
3631,600010,包钢股份,2.18,0.46,0.01,2639946.0,577268232.0,1.38,2.2,2.17,2.19,2.17,0.88,0.84,176.45,1.88,98592751827.0,68273701914.0,0.0,-0.46,-8.4,-8.4
3632,002670,国盛证券,10.95,0.46,0.05,105852.0,115612727.99,0.83,10.98,10.89,10.9,10.9,0.57,0.65,3606.89,1.87,21189176950.0,17775689442.0,0.0,0.0,-6.25,-34.98
3633,000923,河钢资源,15.25,0.46,0.07,156750.0,242190067.77,4.41,15.83,15.16,15.54,15.18,0.87,2.5,110.0,1.03,9954116655.0,9575495649.0,-0.13,0.07,-0.52,-25.86
3634,300128,锦富技术,4.4,0.46,0.02,210412.0,93048113.97,2.74,4.48,4.36,4.45,4.38,0.9,1.62,-26.13,13.55,5716107813.0,5708847153.0,-0.23,0.0,-42.78,-39.73
3635,301168,通灵股份,41.08,0.46,0.19,7103.0,29271773.0,1.98,41.64,40.83,41.15,40.89,0.59,0.75,472.92,2.32,4929600000.0,3915471843.0,-0.1,-0.17,2.29,-12.0
3636,002966,苏州银行,8.65,0.46,0.04,430774.0,370899540.63,2.21,8.7,8.51,8.56,8.61,1.25,0.98,5.75,0.76,38671226395.0,38020907562.0,-0.12,-0.12,8.4,6.27
3637,603459,红板科技,87.0,0.46,0.4,98866.0,870163516.0,4.5,90.05,86.15,88.91,86.6,0.68,12.51,132.43,16.09,65576562156.0,6877511646.0,0.01,0.01,-16.35,391.53
3638,002012,凯恩股份,6.61,0.46,0.03,89947.0,59573282.0,2.58,6.71,6.54,6.65,6.58,0.78,1.92,187.89,1.99,3091004357.0,3091004357.0,0.0,0.3,-31.5,2.8
3639,600508,上海能源,8.8,0.46,0.04,122716.0,108640107.0,4.0,8.98,8.63,8.66,8.76,1.68,1.21,30.09,0.71,8903885760.0,8903885760.0,0.0,0.0,-4.86,6.54
3640,920522,纳科诺尔,19.45,0.46,0.09,24821.0,48348854.49,2.74,19.85,19.32,19.56,19.36,0.41,1.36,91.98,3.98,4268322106.0,3540371079.0,0.05,-0.26,-40.5,-55.35
3641,601668,中国建筑,4.43,0.45,0.02,2350199.0,1035788129.0,2.27,4.46,4.36,4.39,4.41,1.22,0.57,3.3,0.38,183049329667.0,183049329667.0,-0.23,-0.23,-0.67,-8.85
3642,601598,中国外运,6.64,0.45,0.03,134189.0,88960342.0,2.42,6.74,6.58,6.65,6.61,1.04,0.26,17.48,1.17,47633708147.0,34245602307.0,0.3,0.15,12.16,12.35
3643,600958,东方证券,8.92,0.45,0.04,286212.0,254820470.0,1.01,8.95,8.86,8.88,8.88,0.64,0.38,8.39,0.9,75790076005.0,66627787147.0,-0.11,-0.11,-3.46,-16.64
3644,600502,安徽建工,4.47,0.45,0.02,222432.0,99548657.0,1.35,4.5,4.44,4.44,4.45,0.89,1.3,5.76,0.64,7672906703.0,7672906703.0,0.0,0.0,-7.45,1.13
3645,300894,火星人,11.12,0.45,0.05,76661.0,85118728.8,3.07,11.29,10.95,11.25,11.07,1.01,2.61,-21.16,4.65,4503646826.0,3270160826.0,0.27,0.0,18.8,-5.68
3646,002300,太阳电缆,6.7,0.45,0.03,128244.0,86238864.0,2.1,6.81,6.67,6.78,6.67,0.43,1.78,75.12,2.61,4839635790.0,4839376574.0,-0.15,-0.3,-20.52,-26.62
3647,600568,ST中珠,2.21,0.45,0.01,71484.0,15763172.0,2.27,2.22,2.17,2.21,2.2,0.85,0.43,-54.93,2.73,4404241995.0,3688638687.0,0.0,0.0,-15.0,-11.95
3648,300963,中洲特材,11.13,0.45,0.05,44458.0,49632000.92,1.62,11.25,11.07,11.2,11.08,0.58,1.32,66.39,4.6,5104663200.0,3744044674.0,-0.09,-0.18,-27.87,-46.36
3649,603093,南华期货,11.27,0.45,0.05,90967.0,102375213.0,2.14,11.38,11.14,11.3,11.22,0.65,1.03,15.07,2.0,11699888966.0,9940579417.0,0.0,-0.09,-22.33,-16.08
3650,001386,马可波罗,15.55,0.45,0.07,33206.0,51529669.48,2.26,15.68,15.33,15.64,15.48,0.47,3.09,29.1,1.57,18581006000.0,1672290540.0,0.0,0.06,-3.05,-30.67
3651,000156,华数传媒,6.68,0.45,0.03,75410.0,50491938.72,1.2,6.73,6.65,6.65,6.65,0.9,0.44,29.45,0.83,12377588713.0,11355170858.0,-0.3,-0.15,-5.78,-11.76
3652,000166,申万宏源,4.43,0.45,0.02,482668.0,213222497.2,0.91,4.44,4.4,4.41,4.41,0.93,0.21,11.77,0.98,110926954401.0,99832297410.0,0.0,0.0,1.14,-14.81
3653,001220,世盟股份,31.14,0.45,0.14,4881.0,15253069.54,1.42,31.46,31.02,31.35,31.0,0.44,2.12,34.82,1.89,2873910600.0,718477650.0,0.32,0.06,-3.53,13.03
3654,688208,道通科技,25.2,0.44,0.11,55179.0,139563013.0,1.79,25.45,25.0,25.35,25.09,0.55,0.82,21.69,4.8,16888697557.0,16888697557.0,-0.12,-0.24,-30.27,-30.58
3655,001356,富岭股份,9.15,0.44,0.04,73179.0,66919302.31,2.2,9.26,9.06,9.11,9.11,0.82,3.46,91.35,2.67,5392278000.0,1937022975.0,0.0,0.11,-7.76,-29.01
3656,300877,金春股份,29.37,0.44,0.13,32782.0,94792024.1,4.07,29.47,28.28,29.01,29.24,1.0,2.73,299.34,2.13,3524400000.0,3524369162.0,0.1,0.48,-6.32,1.21
3657,920608,丰安股份,13.73,0.44,0.06,1839.0,2537290.69,2.05,13.93,13.65,13.9,13.67,0.58,0.38,20.09,1.81,854555200.0,662045332.0,-0.07,0.15,-4.52,-25.42
3658,301238,瑞泰新材,15.97,0.44,0.07,65416.0,104850201.68,1.64,16.17,15.91,16.03,15.9,0.79,0.89,23.18,1.62,11711332801.0,11711332801.0,-0.06,-0.06,-29.96,-20.94
3659,600192,长城电工,6.81,0.44,0.03,60367.0,41191048.0,1.62,6.88,6.77,6.83,6.78,0.53,1.37,-13.26,3.96,3008303880.0,3008303880.0,0.0,0.15,-10.04,-32.84
3660,601000,唐山港,4.61,0.44,0.02,367572.0,168333059.0,1.96,4.62,4.53,4.57,4.59,1.0,0.62,14.5,1.32,27318530911.0,27318530911.0,0.0,-0.22,5.25,26.65
3661,002467,二六三,4.53,0.44,0.02,262588.0,119243471.96,2.22,4.59,4.49,4.57,4.51,0.31,1.92,-127.78,3.99,6230434585.0,6191643434.0,0.22,0.0,-20.11,-25.62
3662,600581,*ST八钢,2.26,0.44,0.01,43904.0,9898730.0,1.33,2.27,2.24,2.25,2.25,0.78,0.29,-5.06,-6.71,3464349186.0,3464349186.0,0.0,0.0,-9.6,-32.34
3663,002331,皖通科技,6.89,0.44,0.03,101968.0,69964728.0,2.62,6.97,6.79,6.91,6.86,1.34,2.54,-25.58,2.04,2951743171.0,2770321526.0,-0.14,0.0,-18.27,-22.76
3664,601136,首创证券,13.81,0.44,0.06,61813.0,85158307.0,1.09,13.85,13.7,13.8,13.75,0.66,0.23,47.99,2.7,37747339778.0,37747339778.0,0.07,0.0,-7.38,-26.23
3665,920493,并行科技,112.99,0.44,0.49,9893.0,111435158.83,3.32,114.24,110.5,114.24,112.5,0.39,2.22,147.45,13.47,6845155095.0,5043527286.0,-0.01,-0.13,-21.88,-14.76
3666,300353,东土科技,18.18,0.44,0.08,109814.0,200198063.81,3.7,18.62,17.95,18.31,18.1,0.68,2.03,-70.64,5.07,11178752577.0,9818313470.0,-0.11,-0.33,-15.05,-10.71
3667,002124,天邦食品,2.34,0.43,0.01,1025443.0,238231878.54,4.29,2.37,2.27,2.34,2.33,1.1,5.2,-1.84,3.13,5199325167.0,4614874601.0,0.0,0.0,-8.95,-14.6
3668,300360,炬华科技,11.78,0.43,0.05,35528.0,41998059.0,1.36,11.91,11.75,11.79,11.73,0.72,0.71,15.89,1.48,6057124344.0,5893258784.0,-0.17,-0.25,-16.87,-31.07
3669,600366,宁波韵升,11.75,0.43,0.05,316078.0,374222440.0,3.16,12.04,11.67,11.85,11.7,0.64,2.88,23.56,2.01,12913732349.0,12913732349.0,0.0,0.0,-7.7,-14.17
3670,300303,聚飞光电,6.97,0.43,0.03,312209.0,218285012.53,1.87,7.07,6.94,7.04,6.94,0.68,2.35,48.31,2.69,9875134523.0,9260667750.0,0.0,0.0,-25.05,3.72
3671,605208,永茂泰,14.04,0.43,0.06,74625.0,104673161.0,3.51,14.35,13.86,14.25,13.98,0.66,2.26,64.85,2.1,4632357600.0,4632357600.0,0.65,0.14,-2.77,3.85
3672,603507,振江股份,23.15,0.43,0.1,47079.0,110021825.0,3.38,23.8,23.02,23.48,23.05,0.53,1.99,14.25,2.17,5531321961.0,5470433757.0,0.0,0.0,-22.58,15.69
3673,000968,蓝焰控股,6.98,0.43,0.03,213300.0,149646731.65,3.02,7.12,6.91,6.96,6.95,0.94,2.2,11.44,1.06,6753168567.0,6753168567.0,0.0,0.29,-5.42,6.4
3674,600667,太极实业,21.21,0.43,0.09,2218656.0,4735294162.0,5.21,21.85,20.75,21.49,21.12,0.59,10.61,85.89,5.15,44361609595.0,44361609595.0,0.0,-0.33,53.03,168.14
3675,920726,朱老六,16.22,0.43,0.07,24590.0,39911382.27,3.28,16.49,15.96,15.96,16.15,0.62,4.4,21.57,3.61,1643248200.0,906916240.0,0.0,-0.43,-13.31,-19.7
3676,000682,东方电子,11.63,0.43,0.05,122647.0,143757650.1,2.16,11.88,11.63,11.75,11.58,0.82,0.91,19.35,2.49,15592655091.0,15591178221.0,-0.09,-0.17,-21.58,-1.52
3677,920792,东和新材,9.62,0.42,0.04,1843.0,1780933.81,1.46,9.73,9.59,9.7,9.58,0.33,0.18,16.42,1.52,1592494800.0,977645372.0,-0.31,-0.31,-3.41,-19.43
3678,300520,科大国创,23.92,0.42,0.1,51172.0,122994988.42,2.48,24.36,23.77,24.02,23.82,0.63,1.81,-44.96,4.08,6985381951.0,6750682307.0,0.04,0.04,-36.18,-31.44
3679,601881,中国银河,11.95,0.42,0.05,143607.0,171223077.0,0.67,11.96,11.88,11.91,11.9,0.6,0.2,9.84,1.1,130666106959.0,86558840595.0,0.0,0.08,-2.77,-22.9
3680,688309,恒誉科技,73.78,0.42,0.31,12885.0,95536187.0,3.4,75.5,73.0,74.03,73.47,0.49,1.62,36.13,6.98,5858225627.0,5858225627.0,0.31,0.01,5.96,207.93
3681,601666,平煤股份,9.46,0.42,0.04,480912.0,454320854.0,5.31,9.62,9.12,9.15,9.42,1.01,1.95,48.62,1.08,23360193931.0,23360193931.0,0.0,-0.21,23.02,21.13
3682,688372,伟测科技,125.73,0.42,0.53,51572.0,651837111.0,3.88,129.37,124.51,125.0,125.2,0.71,3.05,74.97,5.15,21247933717.0,21247933717.0,-0.03,-0.06,-24.46,15.84
3683,300766,每日互动,21.6,0.42,0.09,147060.0,319484850.68,2.7,22.05,21.47,21.8,21.51,0.5,4.11,-132.47,5.44,8526594751.0,7731437321.0,0.05,0.05,-14.12,-34.09
3684,603092,德力佳,47.34,0.42,0.2,8063.0,38263448.0,1.48,47.78,47.08,47.08,47.14,0.63,2.33,22.28,3.45,18936004734.0,1636622100.0,0.04,0.04,-30.45,-23.48
3685,300493,润欣科技,11.98,0.42,0.05,75722.0,91134112.0,2.1,12.18,11.93,12.01,11.93,0.66,1.49,91.1,5.35,6140002143.0,6069203338.0,-0.25,-0.25,-35.31,-40.31
3686,301082,久盛电气,9.5,0.42,0.04,83973.0,79505328.98,3.07,9.59,9.3,9.47,9.46,0.68,3.08,-102.61,2.75,2794918297.0,2590724594.0,0.0,-0.11,-11.96,-30.71
3687,600793,宜宾纸业,14.33,0.42,0.06,46719.0,66946686.0,2.66,14.53,14.15,14.37,14.27,0.68,2.64,-24.49,11.19,2535034349.0,2535034349.0,0.0,-0.07,-1.17,-32.09
3688,601888,中国中免,53.1,0.42,0.22,182094.0,968014172.0,1.65,53.58,52.71,52.72,52.88,0.78,0.93,17.76,1.92,110331001796.0,103676451386.0,0.15,0.09,-4.8,-43.58
3689,002072,凯瑞德,7.26,0.41,0.03,40116.0,29156994.0,3.04,7.4,7.18,7.24,7.23,0.7,1.09,-148.47,11.55,2669356800.0,2668280868.0,0.0,0.0,-14.89,0.28
3690,601528,瑞丰银行,4.91,0.41,0.02,177759.0,86981423.0,2.25,4.95,4.84,4.86,4.89,1.22,0.96,5.71,0.49,9634212449.0,9111835050.0,0.0,-0.2,4.47,-10.56
3691,601858,中国科传,22.17,0.41,0.09,87155.0,192692025.0,3.13,22.49,21.8,22.24,22.08,0.55,1.1,116.81,3.21,17525385000.0,17525385000.0,-0.14,0.64,-11.99,24.27
3692,600230,沧州大化,14.69,0.41,0.06,115597.0,171950398.0,3.83,15.2,14.64,14.86,14.63,0.67,2.79,30.18,1.48,6081087310.0,6081087310.0,-0.07,-0.07,-2.46,-3.61
3693,301533,威马农机,26.98,0.41,0.11,10050.0,27201686.2,2.31,27.4,26.78,27.02,26.87,0.74,3.53,81.88,2.42,2652314766.0,767222166.0,-0.07,-0.07,-3.33,-32.9
3694,300479,神思电子,14.84,0.41,0.06,90047.0,134711873.28,4.6,15.28,14.6,14.8,14.78,1.33,4.57,-46.99,5.5,2924086437.0,2922416937.0,0.07,0.07,-2.24,-22.38
3695,301373,凌玮科技,95.49,0.41,0.39,45718.0,438852847.99,5.88,98.6,93.01,98.01,95.1,0.53,6.56,76.33,6.1,10357999970.0,6651395769.0,0.01,0.21,-19.28,200.28
3696,000681,视觉中国,17.01,0.41,0.07,136353.0,232985066.56,2.01,17.27,16.93,17.15,16.94,0.47,2.02,12.47,3.11,11916822186.0,11501057081.0,-0.12,-0.06,-13.65,-28.56
3697,002736,国信证券,9.86,0.41,0.04,123282.0,121639367.0,0.92,9.92,9.83,9.84,9.82,0.61,0.13,11.99,1.04,100983586572.0,94778553657.0,0.0,0.0,0.82,-22.18
3698,920718,合肥高科,9.7,0.41,0.04,2095.0,2027550.89,1.97,9.8,9.61,9.66,9.66,0.28,0.45,163.93,1.53,879466990.0,451147669.0,0.31,0.62,-13.32,-35.46
3699,688365,光云科技,14.57,0.41,0.06,94410.0,138293091.0,3.17,14.84,14.38,14.79,14.51,0.77,2.21,257.87,6.48,6211055266.0,6211055266.0,-0.21,-0.34,-20.64,-13.63
3700,002254,泰和新材,12.18,0.41,0.05,142380.0,173492011.41,1.4,12.28,12.11,12.24,12.13,0.69,1.67,164.19,1.47,10371613269.0,10359978019.0,0.0,0.0,-15.65,21.8
3701,002543,万和电气,7.6,0.4,0.03,454598.0,357208723.96,9.25,8.29,7.59,7.75,7.57,2.25,6.87,17.75,1.21,5651360000.0,5028297568.0,0.13,-0.13,3.83,-23.77
3702,603200,上海洗霸,35.23,0.4,0.14,28792.0,101436701.0,3.02,35.82,34.76,35.14,35.09,0.82,1.64,831.08,5.65,6182164029.0,6182164029.0,-0.03,0.03,-29.9,-50.46
3703,000498,山东路桥,4.97,0.4,0.02,76033.0,37732433.4,1.21,4.99,4.93,4.93,4.95,1.18,0.52,11.51,0.47,7715636859.0,7203258462.0,0.0,0.0,-0.4,-14.9
3704,600768,富邦新材,14.95,0.4,0.06,42314.0,63759799.0,3.49,15.33,14.81,15.09,14.89,0.59,3.16,17.09,4.15,1999520640.0,1999520640.0,0.13,0.13,-8.17,7.17
3705,002955,鸿合科技,34.83,0.4,0.14,37034.0,128974990.76,2.54,35.36,34.48,35.0,34.69,0.64,1.89,-56.45,2.56,8242168135.0,6814379855.0,-0.09,-0.09,45.85,15.06
3706,603125,常青科技,22.8,0.4,0.09,59678.0,136324564.0,4.18,23.45,22.5,23.16,22.71,1.22,1.47,28.38,3.67,9230269350.0,9230269350.0,-0.09,-0.13,-9.24,35.39
3707,000410,沈阳机床,5.03,0.4,0.02,207229.0,104413335.0,2.0,5.1,5.0,5.06,5.01,0.39,1.05,-98.45,3.19,13324837235.0,9914222215.0,-0.2,-0.2,-7.54,-29.65
3708,600516,方大炭素,5.08,0.4,0.02,309116.0,156916684.0,1.38,5.12,5.05,5.07,5.06,0.45,0.77,577.15,1.25,20451929469.0,20451929469.0,0.0,0.0,-2.31,-10.56
3709,300398,飞凯材料,35.37,0.4,0.14,282116.0,998837914.35,3.63,36.1,34.82,35.6,35.23,0.72,4.98,38.42,4.01,20162076053.0,20052563140.0,-0.06,-0.03,-6.9,58.33
3710,002922,伊戈尔,25.3,0.4,0.1,119068.0,301963736.71,2.78,25.7,25.0,25.47,25.2,0.5,3.16,38.92,2.88,10691347977.0,9538101442.0,-0.16,-0.2,-44.27,-16.56
3711,601100,恒立液压,101.4,0.4,0.4,44047.0,447024169.0,2.17,102.59,100.4,101.16,101.0,0.67,0.33,52.12,7.93,135959248589.0,135959248589.0,0.18,0.26,-7.78,-7.27
3712,002106,莱宝高科,10.21,0.39,0.04,124831.0,127769018.04,2.46,10.36,10.11,10.35,10.17,0.64,1.77,51.63,1.3,7206382994.0,7197054178.0,-0.2,-0.1,-16.11,-5.99
3713,003035,南网能源,5.18,0.39,0.02,166533.0,86195958.88,1.36,5.21,5.14,5.17,5.16,0.59,0.44,57.32,2.82,19621212117.0,19621212117.0,0.0,0.0,-25.14,13.6
3714,920175,东方碳素,7.8,0.39,0.03,7959.0,6188138.59,1.93,7.87,7.72,7.77,7.77,0.55,1.0,-16.69,1.43,928200000.0,618351708.0,0.13,-0.13,-10.45,-31.1
3715,300084,海默科技,10.38,0.39,0.04,66816.0,69409577.9,2.13,10.49,10.27,10.48,10.34,0.5,1.42,-87.24,3.91,5696127752.0,4888401772.0,0.0,0.29,-18.27,3.9
3716,002625,光启技术,28.31,0.39,0.11,127345.0,362548957.8,1.95,28.75,28.2,28.38,28.2,0.55,0.59,86.57,6.29,60996382373.0,60995940737.0,-0.04,0.0,-31.47,-41.9
3717,301595,太力科技,38.7,0.39,0.15,7751.0,30041741.0,2.96,39.46,38.32,39.16,38.55,0.64,1.9,95.69,4.72,4190436000.0,1580217750.0,-0.51,-0.39,-16.02,-20.7
3718,301392,汇成真空,160.09,0.39,0.62,32483.0,524131023.2,3.54,164.35,158.71,161.04,159.47,0.8,7.96,145.57,21.42,16009000000.0,6531017392.0,-0.16,0.1,-12.06,24.16
3719,002690,美亚光电,15.56,0.39,0.06,50533.0,79326907.72,2.45,15.91,15.53,15.53,15.5,0.74,1.17,29.59,5.7,13727481684.0,6749103553.0,-0.32,-0.26,-0.26,-21.69
3720,000862,银星能源,5.12,0.39,0.02,109063.0,55845352.0,1.37,5.16,5.09,5.12,5.1,0.44,1.74,21.18,1.08,4699928044.0,3215191491.0,-0.19,-0.19,-23.58,-12.33
3721,300566,激智科技,28.1,0.39,0.11,198362.0,556853947.68,7.18,29.13,27.12,28.21,27.99,0.61,8.75,32.33,3.39,7365139906.0,6369720111.0,0.25,-0.07,26.75,54.82
3722,603855,华荣股份,16.02,0.38,0.06,8587.0,13759100.0,1.07,16.12,15.95,15.97,15.96,0.72,0.26,14.33,2.83,5406926220.0,5375230650.0,0.0,0.0,-7.24,-12.75
3723,300515,三德科技,15.66,0.38,0.06,51759.0,81408249.0,2.37,15.95,15.58,15.8,15.6,0.74,2.57,24.31,3.64,3222115470.0,3159526757.0,0.06,0.06,-2.49,-18.73
3724,688229,博睿数据,65.73,0.38,0.25,3077.0,20280292.0,3.34,66.8,64.61,66.13,65.48,0.25,0.69,-62.69,7.98,2918412000.0,2918412000.0,-0.3,-0.06,-23.18,4.87
3725,600101,明星电力,7.85,0.38,0.03,46450.0,36466778.0,0.9,7.89,7.82,7.82,7.82,0.44,0.85,40.46,1.37,4300720397.0,4300720397.0,0.0,0.0,-19.98,-14.11
3726,600283,钱江水利,7.83,0.38,0.03,17581.0,13784092.0,0.9,7.88,7.81,7.84,7.8,0.89,0.31,29.03,1.45,4391258951.0,4391258951.0,0.0,-0.13,-7.01,-12.02
3727,920186,中科仪,70.81,0.38,0.27,36711.0,259740161.16,3.27,72.18,69.87,71.5,70.54,0.77,3.14,23.09,4.63,15850046671.0,8290133362.0,-0.38,-0.49,-30.73,336.83
3728,600048,保利发展,5.25,0.38,0.02,2062280.0,1095231493.0,4.02,5.41,5.2,5.2,5.23,1.82,1.72,16.3,0.32,62844827945.0,62844827945.0,-0.19,0.0,-6.91,-13.51
3729,000958,电投产融,5.28,0.38,0.02,102178.0,54056521.0,1.14,5.32,5.26,5.26,5.26,0.74,0.19,21.64,1.92,96711251752.0,28424449786.0,0.0,-0.19,-10.2,-18.39
3730,600395,盘江股份,5.25,0.38,0.02,393050.0,206622065.0,3.63,5.35,5.16,5.18,5.23,1.25,1.83,62.16,1.06,11269780694.0,11269780694.0,-0.19,0.0,-2.05,14.13
3731,301226,祥明智能,28.8,0.38,0.11,13171.0,38320557.0,3.28,29.55,28.61,29.15,28.69,0.64,1.21,812.25,3.47,3133440000.0,3133440000.0,-0.1,-0.31,-27.36,-15.22
3732,300185,通裕重工,2.66,0.38,0.01,449266.0,119634434.71,1.51,2.69,2.65,2.66,2.65,0.8,1.17,65.0,1.52,10736296370.0,10231580198.0,0.0,0.0,-5.34,-6.34
3733,300858,科拓生物,15.85,0.38,0.06,110527.0,175981811.95,6.33,16.5,15.5,15.7,15.79,1.15,5.65,69.83,2.28,4176397620.0,3102481409.0,-0.19,-0.31,-3.06,-4.92
3734,000686,东北证券,7.86,0.38,0.03,125522.0,98520943.58,1.28,7.9,7.8,7.86,7.83,0.66,0.54,11.21,0.91,18395959912.0,18395959912.0,0.0,0.0,-0.76,-14.29
3735,300898,熊猫乳品,21.25,0.38,0.08,33199.0,70521712.0,3.07,21.55,20.9,21.5,21.17,0.59,2.89,39.0,2.73,2635000000.0,2438300395.0,0.0,0.05,-3.63,-19.29
3736,001257,盛龙股份,24.15,0.37,0.09,86858.0,211382017.78,3.49,24.74,23.9,24.49,24.06,0.81,6.34,28.79,6.02,44338212231.0,3307293910.0,0.04,0.08,-14.54,214.86
3737,300041,回天新材,10.83,0.37,0.04,155559.0,168288938.96,1.95,10.94,10.73,10.92,10.79,0.69,2.86,18.07,2.06,6058691035.0,5896116501.0,0.0,-0.09,-27.85,-0.91
3738,002483,润邦股份,5.47,0.37,0.02,136260.0,74424895.6,1.83,5.51,5.41,5.46,5.45,0.41,1.54,17.72,1.08,4848982219.0,4842321871.0,0.18,0.18,-3.19,-21.75
3739,603777,来伊份,13.73,0.37,0.05,46752.0,64237445.0,3.14,14.0,13.57,14.0,13.68,0.57,1.4,-81.76,2.95,4591643799.0,4591643799.0,-0.15,0.07,-27.35,0.0
3740,002088,鲁阳节能,8.21,0.37,0.03,32343.0,26466022.3,3.3,8.36,8.09,8.21,8.18,0.45,0.64,358.66,1.76,4182503927.0,4153969637.0,0.0,0.37,-2.49,-19.27
3741,601059,信达证券,16.35,0.37,0.06,47474.0,77288744.0,0.98,16.37,16.21,16.28,16.29,0.87,0.15,24.16,2.48,53023050000.0,53023050000.0,0.12,0.0,-5.11,-7.47
3742,600017,日照港,2.68,0.37,0.01,328084.0,87834823.0,1.87,2.7,2.65,2.66,2.67,1.41,1.07,21.61,0.59,8242752420.0,8242752420.0,0.0,0.0,-1.11,-9.46
3743,301262,海看股份,18.93,0.37,0.07,47875.0,90887854.14,2.01,19.16,18.78,19.02,18.86,0.49,3.92,21.94,2.08,7893810000.0,2310887171.0,-0.05,-0.11,-13.68,-22.16
3744,600820,隧道股份,5.41,0.37,0.02,193690.0,104669871.0,1.67,5.44,5.35,5.39,5.39,1.42,0.62,14.31,0.54,17009559869.0,17009559869.0,0.0,-0.18,-1.64,-15.07
3745,688543,国科军工,37.94,0.37,0.14,36109.0,137774021.0,2.04,38.57,37.8,38.03,37.8,0.59,1.44,120.38,4.21,9508159828.0,9508159828.0,-0.08,-0.18,-15.67,-25.56
3746,603281,江瀚新材,19.17,0.37,0.07,39722.0,75929090.0,3.4,19.35,18.7,19.16,19.1,0.61,0.77,27.91,2.0,9942268089.0,9942268089.0,-0.1,-0.16,-23.9,-0.52
3747,600520,三佳科技,24.55,0.37,0.09,51442.0,126387036.0,2.82,24.95,24.26,24.7,24.46,0.75,3.25,651.65,9.88,3889456500.0,3889456500.0,0.0,0.0,-27.35,-0.2
3748,002675,东诚药业,13.39,0.37,0.05,129608.0,174729654.81,2.4,13.66,13.34,13.48,13.34,1.3,1.74,82.56,2.62,11041336490.0,9953911680.0,0.07,-0.07,6.19,-1.98
3749,300059,东方财富,18.8,0.37,0.07,1451434.0,2725207854.14,1.44,18.92,18.65,18.78,18.73,0.64,1.09,19.9,3.16,297457357650.0,251041960589.0,-0.05,0.0,-4.13,-18.54
3750,301039,中集车辆,8.06,0.37,0.03,165179.0,132907808.74,2.99,8.17,7.93,8.06,8.03,1.13,1.14,24.07,1.08,15105442825.0,11706565650.0,-0.12,0.0,5.91,-8.41
3751,688511,天微电子,21.53,0.37,0.08,16195.0,35255680.0,3.68,22.14,21.35,21.58,21.45,0.98,1.21,133.79,3.51,2878084864.0,2878084864.0,-0.32,-0.23,-18.51,-1.42
3752,920077,吉林碳谷,14.06,0.36,0.05,25930.0,36491296.47,2.0,14.21,13.93,14.05,14.01,0.71,0.86,39.25,3.08,8242532333.0,4244875774.0,0.14,0.21,-9.99,-16.9
3753,601801,皖新传媒,5.5,0.36,0.02,79865.0,43804117.0,2.01,5.53,5.42,5.48,5.48,0.9,0.41,8.05,0.92,10768621804.0,10768621804.0,0.36,0.36,2.8,-12.42
3754,603350,安乃达,28.1,0.36,0.1,4266.0,12057275.0,1.93,28.49,27.95,28.19,28.0,0.62,0.97,30.2,2.46,3273481400.0,1239898450.0,0.0,-0.18,-10.74,-25.64
3755,600629,华建集团,16.55,0.36,0.06,288179.0,478934852.0,3.09,16.88,16.37,16.7,16.49,0.82,2.51,1158.66,3.63,19029270731.0,19029270731.0,0.06,0.0,11.75,-8.36
3756,300113,顺网科技,16.79,0.36,0.06,136317.0,230068854.52,2.15,17.08,16.72,16.95,16.73,0.41,2.68,35.16,4.43,11319211579.0,8546450854.0,-0.06,0.0,-24.94,-16.55
3757,000801,四川九洲,11.0,0.36,0.04,77908.0,86034316.77,1.73,11.15,10.96,11.01,10.96,0.78,0.77,188.6,3.61,11179572349.0,11175649573.0,-0.27,-0.09,-16.03,-35.06
3758,688349,三一重能,14.13,0.36,0.05,49221.0,69886344.0,2.13,14.36,14.06,14.25,14.08,0.81,0.31,31.37,1.62,22513841283.0,22130237782.0,0.0,0.07,-12.4,-26.29
3759,603712,七一二,11.2,0.36,0.04,85954.0,96311840.0,1.97,11.33,11.11,11.23,11.16,0.87,1.11,-33.15,2.26,8646400000.0,8646400000.0,0.09,0.0,-26.7,-46.08
3760,920370,新安洁,2.79,0.36,0.01,11445.0,3208520.16,1.8,2.83,2.78,2.79,2.78,0.26,0.44,-28.75,1.49,837790527.0,732057498.0,0.0,0.0,-5.74,-32.61
3761,301336,趣睡科技,42.28,0.36,0.15,8424.0,35753853.21,2.66,43.1,41.98,42.13,42.13,0.49,2.1,67.98,2.64,2194523951.0,1698215351.0,0.02,0.14,5.65,6.74
3762,600578,京能电力,5.62,0.36,0.02,642777.0,359312076.0,1.96,5.64,5.53,5.58,5.6,0.31,0.96,8.54,1.56,37623770104.0,37623770104.0,0.0,0.18,-41.03,14.0
3763,920870,恒进感应,11.58,0.35,0.04,10090.0,11678984.6,1.82,11.7,11.49,11.58,11.54,0.41,1.53,63.11,3.49,1551720000.0,764313582.0,-0.69,-0.34,-14.16,-33.6
3764,603131,上海沪工,14.45,0.35,0.05,72185.0,104731682.0,2.78,14.76,14.36,14.73,14.4,0.95,2.14,103.41,2.95,4868309329.0,4868309329.0,-0.21,-0.07,-26.76,-52.23
3765,300338,*ST开元,2.83,0.35,0.01,35217.0,10047578.0,3.9,2.92,2.81,2.82,2.82,0.77,1.01,-12.45,-8.96,1139427878.0,990320980.0,0.35,0.0,-7.52,-25.53
3766,600109,国金证券,8.5,0.35,0.03,153078.0,129674992.0,1.42,8.54,8.42,8.47,8.47,0.77,0.41,11.37,0.88,31495601735.0,31495601735.0,-0.12,0.12,-0.93,-7.81
3767,000905,厦门港务,8.51,0.35,0.03,69134.0,59004310.0,2.48,8.64,8.43,8.48,8.48,0.72,0.93,19.21,1.44,13125040340.0,6312782650.0,-0.12,-0.23,-9.28,-34.54
3768,605566,福莱蒽特,25.54,0.35,0.09,23455.0,60134562.0,2.63,26.01,25.34,25.87,25.45,0.78,1.76,33.99,1.69,3405503600.0,3405503600.0,0.04,0.16,-36.94,-18.64
3769,300322,硕贝德,17.39,0.35,0.06,157674.0,275721913.67,3.23,17.84,17.28,17.56,17.33,0.49,3.58,191.78,7.86,8000063481.0,7659090969.0,-0.17,-0.11,-47.54,-36.28
3770,002372,伟星新材,8.5,0.35,0.03,122869.0,104819495.95,2.95,8.65,8.4,8.55,8.47,1.14,0.84,17.35,2.87,13532322898.0,12495918927.0,-0.23,-0.35,-10.62,-15.67
3771,300159,新研股份,2.87,0.35,0.01,277541.0,79444790.95,1.75,2.89,2.84,2.86,2.86,0.66,1.51,46.45,3.38,9443508359.0,5287536473.0,-0.35,-0.35,-24.07,-9.75
3772,300890,翔丰华,26.15,0.35,0.09,27107.0,70927980.01,1.69,26.44,26.0,26.3,26.06,0.78,2.48,33.36,1.46,3127016582.0,2858158364.0,-0.04,0.11,-25.56,-11.95
3773,300200,高盟新材,8.64,0.35,0.03,62368.0,54216693.0,2.56,8.82,8.6,8.77,8.61,0.57,1.47,37.78,2.34,3723608500.0,3662679341.0,-0.23,-0.12,-10.65,-25.32
3774,300040,九洲集团,5.81,0.35,0.02,198036.0,114778544.04,1.55,5.84,5.75,5.81,5.79,0.37,3.83,36.39,1.44,3738214633.0,3005954821.0,0.0,0.17,-17.82,-3.17
3775,920682,球冠电缆,5.71,0.35,0.02,14032.0,8015973.65,1.58,5.76,5.67,5.68,5.69,0.79,0.62,82.92,2.02,2223336960.0,1289356748.0,0.0,0.35,-9.94,-23.66
3776,301000,肇民科技,23.52,0.34,0.08,35407.0,83947336.82,3.54,24.27,23.44,23.9,23.44,0.92,1.54,53.37,4.53,5720549359.0,5400489199.0,0.04,0.0,-29.24,-39.92
3777,300184,力源信息,11.9,0.34,0.04,360146.0,430987419.66,2.7,12.13,11.81,12.05,11.86,0.58,3.42,22.98,2.93,13673802445.0,12519165996.0,0.08,0.0,-20.98,19.12
3778,600348,华阳股份,8.88,0.34,0.03,242378.0,216221590.0,2.94,9.04,8.78,8.8,8.85,0.86,0.67,16.56,1.19,32034600000.0,32034600000.0,0.0,0.0,0.45,10.72
3779,002182,宝武镁业,11.76,0.34,0.04,107871.0,127928546.21,2.47,12.0,11.71,11.89,11.72,0.66,1.25,572.96,2.21,11663468663.0,10178342504.0,-0.08,-0.08,-22.17,-23.14
3780,300722,新余国科,20.68,0.34,0.07,19771.0,40954305.0,2.38,20.99,20.5,20.98,20.61,0.72,0.71,404.6,9.15,5723324006.0,5723324006.0,-0.05,0.1,-13.47,-41.48
3781,002309,中利集团,2.99,0.34,0.01,1105815.0,330597950.0,3.02,3.04,2.95,3.03,2.98,0.65,4.6,39.13,4.54,8992919501.0,7194335601.0,0.0,0.0,-15.54,-11.8
3782,920055,隆源股份,26.46,0.34,0.09,2411.0,6412200.82,1.52,26.81,26.41,26.5,26.37,0.66,1.58,12.82,1.52,1799280000.0,404838000.0,-0.19,0.11,-13.39,9.57
3783,000155,川能动力,11.76,0.34,0.04,208400.0,245200749.03,2.05,11.9,11.66,11.79,11.72,0.51,1.13,20.34,2.02,21710939702.0,21710939702.0,-0.08,0.0,-15.82,0.94
3784,001311,多利科技,17.86,0.34,0.06,50529.0,90803739.97,2.47,18.21,17.77,17.91,17.8,0.58,2.78,21.39,1.5,7209405713.0,3248228366.0,0.0,0.0,-15.75,-27.63
3785,600821,金开新能,5.96,0.34,0.02,475816.0,283897979.0,1.85,6.03,5.92,5.95,5.94,0.34,2.42,-152.68,1.3,11725256720.0,11725256720.0,0.0,0.0,-25.96,16.86
3786,002810,山东赫达,21.27,0.33,0.07,72175.0,153669571.35,4.62,21.99,21.01,21.38,21.2,1.33,2.23,17.38,3.25,7402149580.0,6870960108.0,0.05,0.19,-11.38,45.39
3787,603313,梦百合,6.12,0.33,0.02,135124.0,83064258.0,2.3,6.22,6.08,6.1,6.1,0.56,2.37,-22.91,1.03,3491991736.0,3491991736.0,-0.65,-0.65,9.29,-31.24
3788,920819,颖泰生物,3.01,0.33,0.01,73494.0,22191528.44,2.67,3.07,2.99,3.0,3.0,0.68,0.61,322.79,0.78,3689658000.0,3646991250.0,0.0,0.67,2.73,-22.22
3789,600000,浦发银行,9.11,0.33,0.03,673018.0,609806476.0,1.76,9.14,8.98,9.03,9.08,1.16,0.2,4.9,0.36,303416186913.0,303416186913.0,-0.22,0.0,1.11,-24.21
3790,920832,齐鲁华信,6.15,0.33,0.02,3115.0,1915117.34,2.12,6.23,6.1,6.12,6.13,0.55,0.25,-36.63,1.18,853397770.0,761773274.0,0.65,0.16,7.52,-14.35
3791,601991,大唐发电,6.05,0.33,0.02,2546505.0,1531151117.0,3.15,6.11,5.92,6.0,6.03,0.42,2.05,9.67,3.19,111965598549.0,74996339091.0,0.17,0.17,-21.53,73.35
3792,001219,青岛食品,12.7,0.32,0.04,20386.0,25849591.0,1.18,12.76,12.61,12.7,12.66,0.48,1.07,19.64,2.37,2476293625.0,2415508250.0,-0.24,-0.08,-4.44,-9.29
3793,301666,大普微-UW,418.13,0.32,1.33,20608.0,865455204.84,3.85,430.06,414.0,427.48,416.8,0.59,7.77,123.28,68.04,182395146607.0,11087278499.0,-0.01,0.03,-42.97,807.4
3794,688419,耐科装备,47.7,0.32,0.15,33459.0,160190621.0,4.94,49.07,46.72,48.0,47.55,0.6,2.92,95.39,5.43,5464114611.0,5464114611.0,-0.04,0.0,-14.21,72.89
3795,002985,北摩高科,25.23,0.32,0.08,23489.0,59584671.77,1.63,25.53,25.12,25.17,25.15,0.62,0.71,31.13,3.08,8372666328.0,8349602096.0,-0.16,-0.28,-19.73,-20.16
3796,688548,广钢气体,38.0,0.32,0.12,244601.0,907158613.0,6.41,38.43,36.0,38.01,37.88,0.7,1.85,136.56,8.34,50137143798.0,50137143798.0,1.79,2.12,27.6,162.43
3797,603686,福龙马,12.7,0.32,0.04,78094.0,99421510.0,1.82,12.85,12.62,12.73,12.66,0.81,1.88,20.2,1.53,5275966131.0,5275966131.0,-0.08,-0.16,-20.03,-57.07
3798,920807,奔朗新材,9.34,0.32,0.03,19797.0,18647061.77,3.11,9.59,9.3,9.5,9.31,0.62,1.6,-181.58,1.85,1698759200.0,1153965611.0,-0.53,-0.43,-15.78,-35.41
3799,920679,前进科技,15.54,0.32,0.05,2348.0,3634939.14,2.07,15.68,15.36,15.65,15.49,1.14,0.63,52.63,1.76,867909000.0,577699500.0,0.78,0.65,-0.7,-21.0
3800,000792,盐湖股份,27.93,0.32,0.09,405441.0,1135814760.01,2.8,28.48,27.7,28.15,27.84,0.59,0.77,12.21,3.31,147793621070.0,147792303612.0,0.04,0.07,-10.99,-0.82
3801,920496,许昌智能,6.24,0.32,0.02,12132.0,7626303.37,2.25,6.35,6.21,6.21,6.22,0.76,0.84,350.65,1.83,1033188000.0,904790216.0,0.0,-0.64,-16.24,-37.54
3802,601021,春秋航空,44.28,0.32,0.14,30315.0,134360434.0,0.88,44.51,44.12,44.24,44.14,0.74,0.31,11.02,2.39,43320603970.0,43320603970.0,0.02,0.05,-7.27,-24.94
3803,601399,国机重装,3.1,0.32,0.01,511530.0,158952105.0,1.62,3.14,3.09,3.12,3.09,0.87,0.71,44.02,1.5,22362023259.0,22362023259.0,0.0,-0.32,-19.48,-35.15
3804,002916,深南电路,345.0,0.31,1.07,81344.0,2823889729.1,3.79,353.53,340.51,349.06,343.93,0.87,1.22,69.1,14.28,235002475275.0,229359260250.0,0.05,0.03,-12.36,50.07
3805,301265,华新科技,19.7,0.31,0.06,68258.0,135116171.01,4.07,20.2,19.4,19.69,19.64,0.85,2.8,46.14,2.85,5968571685.0,4805482306.0,-0.2,-0.1,-29.09,42.65
3806,002785,万里石,32.5,0.31,0.1,29126.0,95135345.84,1.73,32.98,32.42,32.52,32.4,0.64,1.51,3064.63,9.26,7365140088.0,6288588248.0,0.0,-0.15,-30.54,-7.98
3807,301176,逸豪新材,45.91,0.31,0.14,48578.0,225432479.98,5.37,47.77,45.31,46.78,45.77,0.71,2.96,206.63,5.22,7761850682.0,7531701143.0,0.0,-0.13,4.29,82.4
3808,002983,芯瑞达,19.41,0.31,0.06,16540.0,32315465.72,2.58,19.8,19.3,19.51,19.35,0.87,1.28,42.49,3.19,4318191807.0,2510396853.0,-0.1,-0.21,-28.72,-13.92
3809,000722,湖南发展,12.93,0.31,0.04,73084.0,94564725.82,1.55,13.05,12.85,12.91,12.89,0.5,1.57,141.14,1.86,7387617396.0,6001566586.0,0.0,-0.08,-4.93,10.04
3810,603293,埃泰克,35.2,0.31,0.11,8248.0,29101737.0,1.45,35.56,35.05,35.36,35.09,0.47,2.35,33.74,2.14,6303991162.0,1235397187.0,-0.26,-0.31,-23.88,5.11
3811,002340,格林美,6.46,0.31,0.02,539803.0,349693192.48,1.55,6.53,6.43,6.48,6.44,0.68,1.06,15.77,1.54,32961243410.0,32790842958.0,-0.15,0.0,-19.45,-21.89
3812,301092,争光股份,44.84,0.31,0.14,28467.0,129421568.86,4.47,46.61,44.61,45.34,44.7,0.87,4.67,85.29,3.11,6032562135.0,2732524221.0,0.02,-0.2,-11.07,28.48
3813,688299,长阳科技,12.84,0.31,0.04,51680.0,66607586.0,2.34,13.0,12.7,12.88,12.8,1.1,1.8,82.79,1.88,3690124759.0,3690124759.0,-0.23,0.08,-30.14,-24.11
3814,002841,视源股份,49.51,0.3,0.15,47441.0,236068747.62,2.05,50.27,49.26,49.81,49.36,0.71,0.91,35.05,2.63,34616725843.0,25811813031.0,0.1,0.18,29.1,27.24
3815,603893,瑞芯微,182.65,0.3,0.55,121794.0,2220166077.0,3.33,185.69,179.63,184.65,182.1,0.76,2.88,44.99,15.7,77287169408.0,77277306308.0,0.0,0.12,-9.0,3.32
3816,603577,汇金通,10.04,0.3,0.03,25610.0,25745582.0,1.9,10.15,9.96,10.0,10.01,0.56,0.76,62.58,1.74,3404956564.0,3404956564.0,0.1,0.1,-9.71,-4.02
3817,603918,金桥信息,10.07,0.3,0.03,89850.0,90808816.0,1.69,10.19,10.02,10.06,10.04,0.35,2.46,-30.18,3.76,3676632787.0,3676632787.0,0.0,0.1,-12.96,-35.82
3818,600963,岳阳林纸,3.32,0.3,0.01,243141.0,80789295.0,2.11,3.36,3.29,3.3,3.31,0.83,1.38,112.92,0.77,5835125275.0,5835125275.0,0.0,0.0,-20.19,-28.91
3819,601016,节能风电,3.38,0.3,0.01,637495.0,214968860.0,1.48,3.4,3.35,3.38,3.37,0.38,1.06,27.11,1.24,22120366986.0,20409308508.0,0.3,0.0,-31.3,14.58
3820,600032,浙江新能,6.78,0.3,0.02,115344.0,78244564.0,1.04,6.83,6.76,6.77,6.76,0.42,0.48,143.53,1.28,16303698697.0,16303698697.0,-0.15,0.15,-28.03,-8.13
3821,002011,盾安环境,9.9,0.3,0.03,66936.0,66286238.33,1.22,9.97,9.85,9.93,9.87,0.7,0.63,13.56,1.58,10637325656.0,10509003470.0,0.0,0.0,-20.55,-21.3
3822,002384,东山精密,197.67,0.29,0.57,521763.0,10335940235.85,3.96,201.81,194.0,200.0,197.1,0.77,3.76,81.55,15.99,362053860850.0,274034214985.0,0.01,0.28,-11.51,133.51
3823,301488,豪恩汽电,96.44,0.29,0.28,10503.0,101492850.34,2.28,97.94,95.75,97.43,96.16,0.69,2.53,156.45,4.1,9780240595.0,4007360808.0,0.09,0.07,-35.15,-36.82
3824,601330,绿色动力,7.02,0.29,0.02,58882.0,41345718.0,1.86,7.1,6.97,7.0,7.0,0.77,0.6,12.16,1.26,10042705282.0,6943446942.0,0.14,0.0,-19.31,7.83
3825,605339,南侨食品,14.04,0.29,0.04,51612.0,74572740.0,10.5,15.4,13.93,14.15,14.0,1.2,1.22,1148.26,1.75,5957040249.0,5957040249.0,0.29,0.36,-3.37,-28.33
3826,688182,灿勤科技,28.15,0.29,0.08,71326.0,201749047.0,4.38,28.93,27.7,28.69,28.07,0.73,1.78,100.13,4.92,11260000000.0,11260000000.0,0.0,0.14,-21.89,-4.32
3827,300492,华图山鼎,23.81,0.29,0.07,31651.0,75007181.95,3.16,24.2,23.45,24.1,23.74,0.69,1.15,13.51,27.79,6555034931.0,6555034931.0,-0.04,-0.04,-24.68,-55.08
3828,688116,天奈科技,31.54,0.29,0.09,37247.0,118306932.0,1.97,32.07,31.45,31.45,31.45,0.67,1.02,51.25,3.09,11560420889.0,11560420889.0,-0.25,-0.1,-29.47,-32.99
3829,603255,鼎际得,27.84,0.29,0.08,12410.0,34582849.0,3.78,28.5,27.45,27.84,27.76,1.08,2.05,83.8,2.37,3747032009.0,1689198904.0,0.04,0.0,-15.51,-4.95
3830,000698,ST沈化,3.51,0.29,0.01,31213.0,10951540.0,1.43,3.53,3.48,3.51,3.5,0.56,0.4,18.48,1.97,2876495526.0,2757857526.0,-0.28,-0.28,2.03,-4.1
3831,002738,中矿资源,51.63,0.29,0.15,141716.0,735456595.59,2.84,52.76,51.3,52.19,51.48,0.77,1.99,18.54,2.98,37658141200.0,36709718080.0,-0.14,-0.04,-20.09,-33.85
3832,000858,五 粮 液,72.09,0.28,0.2,160334.0,1156999375.88,0.78,72.47,71.91,71.91,71.89,0.55,0.41,8.68,2.37,279825121080.0,279818300357.0,-0.03,-0.01,-11.34,-30.25
3833,000791,甘肃能源,7.21,0.28,0.02,135629.0,98098386.49,1.67,7.3,7.18,7.23,7.19,0.51,0.7,13.93,1.54,23388084540.0,13955908782.0,0.0,-0.14,-18.07,15.92
3834,688392,骄成超声,191.32,0.28,0.53,66408.0,1265391199.0,9.43,198.0,180.0,193.52,190.79,0.81,5.74,110.04,12.07,22142106435.0,22142106435.0,0.17,-0.04,25.33,70.81
3835,600372,中航机载,10.9,0.28,0.03,146656.0,159912469.0,0.64,10.94,10.87,10.87,10.87,0.66,0.3,73.23,1.4,52743973267.0,52743973267.0,0.0,0.0,-3.63,-18.47
3836,000533,顺钠股份,10.83,0.28,0.03,446936.0,489592245.03,6.76,11.5,10.77,11.19,10.8,0.43,6.53,72.21,7.33,7481537280.0,7417492992.0,-0.18,-0.28,-7.04,30.01
3837,601939,建设银行,10.58,0.28,0.03,1146838.0,1205654920.0,1.71,10.59,10.41,10.45,10.55,0.9,1.2,8.02,0.79,2767732035836.0,101500897471.0,0.0,0.09,5.59,16.52
3838,601611,中国核建,10.72,0.28,0.03,217990.0,233714664.0,2.06,10.85,10.63,10.74,10.69,0.59,0.72,20.05,1.44,32308302753.0,32308302753.0,0.0,-0.09,-10.14,-20.18
3839,000932,华菱钢铁,3.59,0.28,0.01,593103.0,213351598.55,1.96,3.64,3.57,3.57,3.58,0.98,0.87,31.11,0.45,24600866884.0,24600866884.0,0.0,0.0,-7.71,-34.25
3840,000598,兴蓉环境,7.2,0.28,0.02,135775.0,97464115.72,1.39,7.22,7.12,7.18,7.18,1.05,0.46,10.18,1.1,21484862791.0,21481980811.0,0.0,0.28,8.6,3.9
3841,920273,一致魔芋,18.14,0.28,0.05,22882.0,41651090.6,3.92,18.6,17.89,17.89,18.09,0.58,3.34,40.21,2.97,1869107579.0,1244226301.0,-0.22,-0.22,-5.03,-43.29
3842,600033,福建高速,3.55,0.28,0.01,230736.0,82078229.0,1.98,3.6,3.53,3.54,3.54,1.05,0.84,9.53,0.79,9742620000.0,9742620000.0,0.0,0.0,2.9,-12.56
3843,603296,华勤技术,78.32,0.28,0.22,177592.0,1392986382.0,3.53,79.96,77.2,79.39,78.1,0.54,2.22,27.99,4.66,118748898582.0,62546042714.0,0.01,-0.04,3.94,22.45
3844,605158,华达新材,7.3,0.27,0.02,40200.0,29609500.0,3.16,7.48,7.25,7.37,7.28,1.42,0.79,-32.35,1.56,3733366000.0,3733366000.0,0.0,0.27,3.4,-8.64
3845,920062,科润智控,7.34,0.27,0.02,12254.0,8991015.94,2.19,7.42,7.26,7.33,7.32,0.54,0.92,57.45,1.86,1385104073.0,975221613.0,0.14,0.55,-31.78,-23.38
3846,601568,北元化工,3.71,0.27,0.01,141576.0,52386375.0,2.16,3.74,3.66,3.69,3.7,1.1,0.36,179.85,1.32,14736944451.0,14736944451.0,0.0,-0.27,1.09,1.09
3847,603103,横店影视,14.64,0.27,0.04,34121.0,49935814.0,1.64,14.76,14.52,14.75,14.6,0.58,0.54,57.85,7.26,9284688000.0,9284688000.0,-0.34,0.0,-33.12,-11.7
3848,003017,大洋生物,22.42,0.27,0.06,15476.0,34757068.0,2.15,22.7,22.22,22.49,22.36,0.48,1.85,18.3,1.98,2259936000.0,1871645903.0,0.0,-0.09,-4.11,-8.97
3849,603557,*ST起步,3.66,0.27,0.01,33855.0,12315579.0,2.74,3.7,3.6,3.64,3.65,0.92,0.54,-19.53,40.78,2281779010.0,2281779010.0,-0.27,0.27,-17.94,44.66
3850,601187,厦门银行,7.3,0.27,0.02,189516.0,137454574.0,2.2,7.33,7.17,7.19,7.28,0.88,0.72,6.95,0.71,19265633582.0,19223674672.0,-0.14,-0.14,3.55,0.97
3851,000505,京粮控股,7.49,0.27,0.02,1311012.0,933785508.85,18.47,8.1,6.72,6.88,7.47,3.53,20.73,167.27,1.9,5444857380.0,4736528717.0,0.0,-0.13,27.82,-11.99
3852,600530,ST交昂,3.7,0.27,0.01,47400.0,17554839.0,1.63,3.73,3.67,3.69,3.69,0.61,0.61,-113.65,9.12,2867204000.0,2867204000.0,0.0,0.0,-46.45,-42.55
3853,603786,科博达,40.18,0.27,0.11,15946.0,64483068.0,2.57,41.08,40.05,40.3,40.07,0.87,0.39,26.83,2.94,16226962206.0,16226962206.0,0.0,0.07,-22.58,-48.14
3854,301118,恒光股份,22.14,0.27,0.06,20784.0,46206644.0,2.72,22.55,21.95,22.4,22.08,0.83,1.96,25.4,1.79,2437857540.0,2345364524.0,0.18,0.32,-26.18,-10.58
3855,000518,四环生物,3.69,0.27,0.01,663158.0,248797318.5,5.43,3.87,3.67,3.8,3.68,0.84,6.44,-83.95,11.75,3799062459.0,3798986707.0,0.0,-0.27,-6.11,53.11
3856,301548,崇德科技,60.9,0.26,0.16,10264.0,62780580.9,3.03,62.15,60.31,61.97,60.74,0.69,3.91,33.89,3.42,5298300000.0,1597710404.0,-0.13,-0.11,-25.74,10.91
3857,002748,世龙实业,11.73,0.26,0.03,32837.0,38473705.0,1.88,11.83,11.61,11.7,11.7,0.75,1.37,18.29,2.0,2815200000.0,2815200000.0,0.09,0.26,5.49,-8.64
3858,605499,东鹏饮料,123.07,0.26,0.32,58566.0,716105059.0,2.05,123.4,120.88,122.5,122.75,0.8,0.87,15.76,4.64,90357909082.0,83197399883.0,0.04,0.05,-11.52,-39.6
3859,300806,斯迪克,46.9,0.26,0.12,249067.0,1173265739.13,5.13,48.3,45.9,47.07,46.78,0.73,5.45,487.95,12.77,29722026814.0,21417766063.0,-0.17,0.19,-17.21,113.38
3860,600930,华电新能,3.91,0.26,0.01,1008588.0,393911712.0,1.28,3.93,3.88,3.91,3.9,0.56,0.94,19.78,1.49,163102857142.0,42005894155.0,-0.26,-0.26,-36.11,-37.24
3861,300021,大禹节水,3.96,0.25,0.01,245137.0,96596933.0,3.04,4.0,3.88,3.97,3.95,0.91,2.81,103.52,1.56,4048575177.0,3458621058.0,-0.5,-0.25,1.28,-13.54
3862,920876,慧为智能,16.12,0.25,0.04,8671.0,13994482.78,2.43,16.37,15.98,16.07,16.08,0.6,2.21,-100.05,4.13,1034592223.0,632681774.0,0.19,0.12,-14.07,-36.21
3863,600320,振华重工,4.04,0.25,0.01,272538.0,110585264.0,2.23,4.1,4.01,4.04,4.03,0.87,0.82,14.11,1.35,21236509426.0,13373231832.0,-0.25,0.0,-15.66,-20.47
3864,002046,国机精工,48.0,0.25,0.12,116513.0,558520675.04,4.14,48.97,46.99,48.06,47.88,0.78,2.2,-708.56,6.05,25737160992.0,25448542992.0,-0.21,0.46,-6.63,11.68
3865,301658,首航新能,23.63,0.25,0.06,25113.0,59226388.81,1.48,23.79,23.44,23.73,23.57,0.56,2.58,-69.82,3.09,9744329920.0,2301956172.0,0.13,0.21,-39.5,-17.06
3866,688503,聚和材料,94.53,0.25,0.24,226015.0,2162565260.0,5.6,97.97,92.69,96.18,94.29,0.86,9.34,19.75,4.4,22879440273.0,22879440273.0,0.59,0.46,-6.49,56.02
3867,600738,丽尚国潮,4.09,0.25,0.01,267354.0,108665420.0,3.68,4.16,4.01,4.07,4.08,1.87,3.51,15.05,1.46,3113861115.0,3111124742.0,0.0,0.0,-3.08,-19.17
3868,000021,深科技,37.53,0.24,0.09,771325.0,2909156798.1,3.71,38.48,37.09,38.03,37.44,0.58,4.9,60.99,4.54,59086097843.0,59078058917.0,0.0,0.03,-14.24,49.76
3869,000651,格力电器,41.42,0.24,0.1,385718.0,1595944400.15,1.38,41.57,41.0,41.25,41.32,0.98,0.7,9.54,1.53,232010225792.0,228721632413.0,-0.05,0.0,7.28,5.61
3870,301275,汉朔科技,41.37,0.24,0.1,33339.0,137868358.35,1.55,41.69,41.05,41.36,41.27,0.71,1.11,24.17,4.25,17474688000.0,12446546469.0,0.0,-0.02,-3.63,-22.41
3871,002938,鹏鼎控股,87.57,0.24,0.21,196328.0,1729702578.75,4.62,90.35,86.31,89.0,87.36,0.66,0.85,79.05,5.9,202946685141.0,202359056026.0,-0.03,0.08,-16.53,76.62
3872,605060,联德股份,42.48,0.24,0.1,39005.0,166842230.0,3.54,43.5,42.0,43.38,42.38,0.78,1.63,40.98,4.18,10220348160.0,10147792320.0,-0.33,-0.26,-19.3,16.03
3873,920239,长虹能源,21.15,0.24,0.05,5095.0,10812312.36,2.27,21.53,21.05,21.13,21.1,0.64,0.28,14.57,3.57,3850869415.0,3804461577.0,-0.19,-0.28,-18.4,-34.11
3874,000591,太阳能,4.24,0.24,0.01,246198.0,104356928.55,1.42,4.27,4.21,4.23,4.23,0.63,0.63,22.57,0.69,16556576614.0,16550399150.0,0.0,0.0,-29.33,-2.75
3875,600416,湘电股份,8.42,0.24,0.02,117964.0,99467659.0,1.43,8.5,8.38,8.45,8.4,0.75,0.8,61.09,1.28,12426087673.0,12426087673.0,-0.24,-0.12,-32.42,-46.64
3876,688603,天承科技,105.0,0.24,0.25,35088.0,371718668.0,5.03,108.95,103.68,106.86,104.75,0.55,2.81,109.36,10.86,13096075020.0,13096075020.0,-0.72,-0.34,-37.12,40.34
3877,600969,郴电国际,8.59,0.23,0.02,45657.0,39438609.0,2.1,8.75,8.57,8.66,8.57,0.44,1.23,70.23,0.88,3178733658.0,3178733658.0,0.0,0.0,-28.0,-14.95
3878,605186,健麾信息,26.36,0.23,0.06,14084.0,37352774.0,2.62,26.86,26.17,26.33,26.3,0.52,1.04,262.6,3.24,3584960000.0,3584960000.0,-0.15,-0.26,-3.2,34.15
3879,603167,渤海轮渡,8.7,0.23,0.02,24657.0,21438388.0,0.69,8.72,8.66,8.66,8.68,1.02,0.53,21.45,1.23,4081557176.0,4081557176.0,0.12,0.12,1.64,-2.58
3880,002634,*ST棒杰,4.28,0.23,0.01,22341.0,9586924.0,1.64,4.33,4.26,4.31,4.27,0.56,0.51,-8.74,-2.53,1966028756.0,1892766712.0,-0.47,-0.47,-1.38,-24.25
3881,603809,豪能股份,8.86,0.23,0.02,71820.0,63600472.0,1.7,8.94,8.79,8.84,8.84,0.62,0.78,21.7,2.19,8153758830.0,8153758830.0,0.0,-0.11,-15.78,-37.61
3882,002230,科大讯飞,39.91,0.23,0.09,273894.0,1098378221.76,1.56,40.44,39.82,40.05,39.82,0.7,1.25,-141.21,4.24,95867006454.0,87401580575.0,0.0,-0.05,-20.42,-20.48
3883,000883,湖北能源,4.45,0.23,0.01,186817.0,82905996.2,1.58,4.48,4.41,4.43,4.44,0.89,0.29,15.57,0.86,31503274954.0,28834155270.0,0.23,0.0,-10.82,1.37
3884,688047,龙芯中科,107.0,0.23,0.25,35357.0,383203830.0,4.43,111.54,106.81,107.77,106.75,0.79,0.88,-94.12,17.89,42907000000.0,42907000000.0,0.03,-0.03,-30.35,-19.01
3885,600419,天润乳业,8.89,0.23,0.02,46132.0,40941362.0,1.8,8.95,8.79,8.84,8.87,0.54,1.46,23.57,1.14,2804926643.0,2804926643.0,0.0,-0.11,3.86,-10.02
3886,688303,大全能源,17.86,0.22,0.04,62563.0,112038497.0,1.29,18.04,17.81,17.89,17.82,0.55,0.29,-11.89,1.0,38085428640.0,38085428640.0,-0.06,-0.06,-8.32,-33.41
3887,600027,华电国际,4.51,0.22,0.01,476007.0,215254145.0,1.33,4.56,4.5,4.51,4.5,0.87,0.52,7.32,1.08,52369101570.0,41562704745.0,0.22,0.0,-12.43,-6.43
3888,601669,中国电建,4.63,0.22,0.01,688356.0,318582031.0,0.87,4.65,4.61,4.62,4.62,0.76,0.53,10.22,0.55,79757117716.0,60521164686.0,0.0,0.0,-10.44,-9.04
3889,600664,哈药股份,9.08,0.22,0.02,4878641.0,4438082634.0,5.52,9.27,8.77,9.07,9.06,1.34,19.37,35.48,3.9,22868069674.0,22868069674.0,-0.22,-0.22,177.68,163.19
3890,000534,万泽股份,27.08,0.22,0.06,94645.0,259005317.04,3.18,27.81,26.95,27.48,27.02,0.79,1.88,44.53,8.03,13798573813.0,13608730150.0,-0.15,-0.07,-18.43,23.09
3891,603278,大业股份,8.92,0.22,0.02,92250.0,82298204.0,2.92,9.04,8.78,8.97,8.9,0.65,2.7,-31.03,1.57,3048493777.0,3048493777.0,0.0,-0.11,-29.93,-47.65
3892,002268,电科网安,13.56,0.22,0.03,54732.0,74301117.75,1.11,13.64,13.49,13.62,13.53,0.58,0.65,-18.4,2.09,11466825285.0,11461650789.0,-0.29,-0.29,-6.55,-33.92
3893,300892,品渥食品,23.0,0.22,0.05,23298.0,53555470.0,2.7,23.28,22.66,23.12,22.95,0.39,3.61,-328.16,2.24,2300000000.0,1484937500.0,-0.22,-0.04,-5.93,-24.02
3894,603183,建研院,4.58,0.22,0.01,103420.0,47634100.0,3.28,4.68,4.53,4.58,4.57,0.61,2.08,-132.01,1.43,2276961890.0,2276961890.0,-0.43,-0.43,10.36,6.26
3895,600787,中储股份,4.57,0.22,0.01,134991.0,61698809.0,2.19,4.62,4.52,4.55,4.56,1.01,0.62,33.85,0.72,9917263690.0,9917263690.0,-0.22,-0.22,-0.22,-17.06
3896,600863,华能蒙电,4.75,0.21,0.01,677845.0,321337493.0,1.48,4.78,4.71,4.73,4.74,0.41,0.96,13.4,1.94,37217150410.0,33550794021.0,0.0,0.21,-26.81,11.5
3897,920300,辰光医疗,9.47,0.21,0.02,11078.0,10625241.99,3.28,9.76,9.45,9.53,9.45,0.98,1.67,-27.93,5.07,812972283.0,630054782.0,-0.11,-0.32,-5.77,-38.39
3898,688776,国光电气,46.74,0.21,0.1,13531.0,63136419.0,3.3,47.49,45.95,46.63,46.64,0.78,1.25,-31.56,2.97,5065841004.0,5065841004.0,0.26,0.17,-33.51,-53.6
3899,600558,大西洋,4.72,0.21,0.01,130031.0,61236313.0,2.76,4.79,4.66,4.71,4.71,0.44,1.45,19.01,1.79,4236694802.0,4236694802.0,0.0,-0.21,-9.58,-21.07
3900,300101,振芯科技,14.02,0.21,0.03,58240.0,82019985.93,2.43,14.28,13.94,14.23,13.99,0.73,1.03,-488.04,4.52,7962037914.0,7935025888.0,-0.14,-0.21,-22.11,-50.69
3901,920346,威贸电子,14.63,0.21,0.03,2209.0,3245961.22,2.4,14.95,14.6,14.75,14.6,0.54,0.49,31.08,2.57,1179954897.0,656569061.0,-0.2,0.0,-13.69,-40.72
3902,301182,凯旺科技,65.7,0.21,0.14,23753.0,156637665.77,3.62,67.18,64.81,66.98,65.56,0.76,2.72,-44.0,9.5,6295485690.0,5741141940.0,-0.18,-0.08,-22.72,54.15
3903,688207,格灵深瞳,19.44,0.21,0.04,77196.0,150663604.0,4.33,20.02,19.18,19.9,19.4,0.56,2.98,-30.9,2.76,5034437978.0,5034437978.0,0.05,0.0,14.69,27.89
3904,920057,百甲科技,4.88,0.21,0.01,6654.0,3275306.59,2.26,4.98,4.87,4.91,4.87,0.64,0.57,121.57,1.24,884564889.0,568677844.0,-0.61,-0.61,-8.1,-24.57
3905,603500,祥和实业,9.37,0.21,0.02,47052.0,44485136.0,2.57,9.58,9.34,9.39,9.35,0.55,1.41,19.82,3.1,3118179015.0,3116546977.0,-0.11,0.21,-7.14,-20.32
3906,600478,科力远,4.8,0.21,0.01,160641.0,77222431.0,1.25,4.83,4.77,4.78,4.79,0.71,0.95,52.46,2.67,8130810797.0,8130810797.0,-0.21,0.0,-21.31,-30.33
3907,920422,润普食品,9.4,0.21,0.02,6902.0,6517328.78,2.56,9.58,9.34,9.38,9.38,0.39,1.04,28.66,1.95,831737474.0,622493474.0,-0.32,-0.21,-7.57,-26.45
3908,300467,迅游科技,33.17,0.21,0.07,32026.0,107327406.2,3.14,34.07,33.03,33.95,33.1,0.4,1.88,277.34,10.37,6740306433.0,5646258068.0,-0.03,-0.09,-6.43,15.57
3909,920396,常辅股份,19.3,0.21,0.04,9430.0,18347843.23,2.75,19.78,19.25,19.4,19.26,0.58,1.9,52.1,3.86,1393867925.0,959536382.0,-0.36,-0.41,-21.1,-40.63
3910,301130,西点药业,33.45,0.21,0.07,188511.0,673529003.52,22.05,39.98,32.62,36.54,33.38,1.83,31.94,69.65,2.94,2558747213.0,1974130692.0,-0.71,0.3,16.19,17.78
3911,300263,隆华科技,9.88,0.2,0.02,441442.0,441645570.79,4.67,10.25,9.79,10.06,9.86,0.84,4.53,39.64,2.47,10225862264.0,9638215612.0,0.0,0.0,-21.09,12.53
3912,920146,华阳变速,5.01,0.2,0.01,9243.0,4651011.61,2.4,5.08,4.96,5.0,5.0,0.73,0.85,-13.47,3.69,676302119.0,544051641.0,0.0,-0.4,-11.8,-41.95
3913,002702,海欣食品,4.91,0.2,0.01,208639.0,102244378.7,2.86,4.96,4.82,4.93,4.9,0.54,4.55,59.62,2.63,2728781600.0,2252431813.0,0.0,0.2,-8.05,-31.04
3914,000899,赣能股份,10.05,0.2,0.02,73480.0,73743446.04,1.89,10.15,9.96,10.05,10.03,0.56,0.75,12.13,1.61,9805561488.0,9805561488.0,-0.1,-0.1,-17.83,7.72
3915,300999,金龙鱼,25.51,0.2,0.05,125286.0,317262897.59,2.75,25.6,24.9,25.0,25.46,0.85,2.31,30.14,1.42,138304800083.0,13842927444.0,0.0,-0.08,-5.59,-10.52
3916,300538,同益股份,15.11,0.2,0.03,45029.0,68632158.0,4.31,15.57,14.92,15.44,15.08,0.97,3.72,82.88,3.04,2748789638.0,1828087097.0,0.27,0.33,-13.61,-5.92
3917,600163,中闽能源,4.94,0.2,0.01,97070.0,47991793.0,1.42,4.98,4.91,4.94,4.93,0.57,0.51,11.97,1.29,9400800946.0,9400800946.0,0.0,0.0,-26.49,-8.35
3918,300554,三超新材,20.41,0.2,0.04,24990.0,51447986.0,3.58,21.06,20.33,20.75,20.37,0.86,3.16,-152.46,4.71,2331058287.0,1614327848.0,-0.2,-0.15,-28.51,-11.99
3919,300188,国投智能,10.23,0.2,0.02,64667.0,66581009.84,1.37,10.36,10.22,10.25,10.21,0.54,0.76,-14.47,3.52,8792452881.0,8751852876.0,-0.49,-0.39,-10.97,-29.98
3920,000875,电投绿能,4.96,0.2,0.01,193131.0,95898929.29,1.21,5.0,4.94,4.96,4.95,0.56,0.58,16.4,1.03,17991262305.0,16578201660.0,-0.2,0.0,-28.32,-11.74
3921,002734,利民股份,14.7,0.2,0.03,172151.0,257747188.59,5.18,15.38,14.62,14.8,14.67,1.25,3.95,12.77,1.74,6994842473.0,6406576697.0,0.0,0.27,-12.03,-5.1
3922,601816,京沪高铁,4.96,0.2,0.01,1218751.0,606264987.0,1.62,5.02,4.94,4.95,4.95,0.97,0.25,19.3,1.18,242671369675.0,242671369675.0,0.0,0.0,3.77,-1.78
3923,688563,航材股份,49.9,0.2,0.1,8536.0,42637256.0,1.1,50.23,49.68,49.68,49.8,0.58,0.63,46.59,2.17,22423041445.0,6763579433.0,-0.26,-0.28,-6.01,-14.32
3924,300034,钢研高纳,15.41,0.2,0.03,91738.0,141971251.84,1.76,15.63,15.36,15.41,15.38,0.8,1.2,45.56,3.21,12281177686.0,11820344163.0,-0.06,-0.13,-17.9,-21.14
3925,300025,华星创业,5.12,0.2,0.01,86196.0,44340052.0,1.96,5.2,5.1,5.18,5.11,0.66,1.7,-138.95,6.11,2605019761.0,2594066017.0,-0.19,-0.19,-1.54,-11.11
3926,600888,新疆众和,9.81,0.2,0.02,415894.0,410675611.0,2.96,10.03,9.74,9.94,9.79,0.75,2.68,14.39,1.21,15235773160.0,15235773160.0,0.0,0.1,-15.43,21.71
3927,002121,科陆电子,4.89,0.2,0.01,165227.0,80999685.48,1.64,4.94,4.86,4.89,4.88,0.79,1.17,-50.64,23.05,8178772473.0,6902993312.0,-0.2,-0.2,-39.63,-36.49
3928,002620,*ST瑞和,4.92,0.2,0.01,35416.0,17436353.0,1.83,4.97,4.88,4.91,4.91,0.71,1.12,-21.18,-25.2,1857270480.0,1555074388.0,-0.2,-0.4,-33.42,-2.38
3929,300580,贝斯特,19.85,0.2,0.04,80583.0,161003024.0,3.69,20.38,19.65,20.28,19.81,0.57,1.71,34.1,2.98,9971106826.0,9380960569.0,-0.3,0.0,-24.21,-24.09
3930,605089,味知香,20.34,0.2,0.04,8794.0,17907467.0,5.71,20.54,19.38,20.29,20.3,0.89,0.64,30.88,2.31,2806920000.0,2806920000.0,0.2,0.15,-5.57,-18.96
3931,000815,美利云,16.11,0.19,0.03,596429.0,954969706.45,4.73,16.38,15.62,16.12,16.08,0.44,8.58,126.14,7.96,11200687494.0,11200687494.0,0.06,0.06,-2.48,43.97
3932,300429,强力新材,10.45,0.19,0.02,127739.0,133433721.3,2.78,10.61,10.32,10.58,10.43,0.74,3.06,-50.36,3.08,5803906268.0,4365401737.0,0.0,-0.1,-30.98,-21.61
3933,600078,澄星股份,10.67,0.19,0.02,195394.0,211090905.0,4.51,11.08,10.6,10.8,10.65,0.75,2.95,30.82,4.01,7252002727.0,7069652427.0,-0.09,-0.09,-17.67,11.26
3934,600864,哈投股份,5.31,0.19,0.01,230211.0,122100339.0,1.32,5.34,5.27,5.3,5.3,0.54,1.11,13.67,0.83,11047829461.0,11047829461.0,0.0,0.0,-3.98,-19.3
3935,603679,华体科技,21.6,0.19,0.04,37611.0,81348117.0,3.43,22.04,21.3,21.7,21.56,0.39,2.12,-68.0,4.36,3838022287.0,3838022287.0,-0.05,0.33,22.03,33.66
3936,603021,*ST华鹏,5.25,0.19,0.01,93275.0,48365476.0,6.68,5.37,5.02,5.32,5.24,0.79,2.92,-10.71,-8.13,1679727368.0,1679727368.0,-1.69,-1.32,-27.88,12.42
3937,000680,山推股份,10.39,0.19,0.02,167042.0,175557007.89,2.8,10.65,10.36,10.38,10.37,0.84,1.27,11.44,2.34,15586481739.0,13658387983.0,-0.1,0.0,-5.63,-12.47
3938,603203,快克智能,42.86,0.19,0.08,64429.0,276523228.0,2.9,43.59,42.35,43.5,42.78,0.73,1.97,45.88,10.29,14144299448.0,13982434200.0,-0.02,0.09,-22.16,54.28
3939,002158,汉钟精机,26.23,0.19,0.05,72603.0,191920657.63,3.63,26.92,25.97,26.62,26.18,0.81,1.36,25.01,3.22,14025814166.0,13995457794.0,-0.11,-0.11,-16.94,6.71
3940,920112,巴兰仕,15.7,0.19,0.03,1460.0,2302443.88,2.74,16.0,15.57,15.82,15.67,0.53,0.42,16.89,2.03,1865003000.0,547141154.0,0.0,0.0,-21.97,-41.64
3941,301236,软通动力,37.36,0.19,0.07,151688.0,568514442.59,1.77,37.83,37.17,37.4,37.29,0.5,1.93,-27.63,2.91,38674671501.0,29354097729.0,-0.03,-0.16,2.5,-21.15
3942,001376,百通能源,10.34,0.19,0.02,84819.0,87993976.56,2.42,10.51,10.26,10.5,10.32,0.51,3.96,27.97,3.87,4765706000.0,2213189761.0,0.1,-0.29,-30.6,-38.23
3943,920165,珈凯生物,36.55,0.19,0.07,11485.0,42713325.54,5.24,38.3,36.39,36.79,36.48,0.54,11.96,22.85,3.06,1764427456.0,351064249.0,0.0,0.25,89.77,89.77
3944,603328,依顿电子,11.1,0.18,0.02,195953.0,219178976.0,3.97,11.43,10.99,11.21,11.08,0.67,1.96,73.55,2.66,11082712982.0,11082712982.0,-0.09,0.09,-10.41,2.87
3945,603048,浙江黎明,21.79,0.18,0.04,15201.0,33326462.0,4.32,22.24,21.3,21.55,21.75,0.72,1.03,50.48,2.59,3200515200.0,3200515200.0,-0.23,0.0,6.5,4.81
3946,002366,融发核电,5.63,0.18,0.01,254901.0,143554232.81,1.96,5.69,5.58,5.68,5.62,0.56,1.38,290.23,2.52,11715678913.0,10417508925.0,0.0,0.18,-18.05,-25.03
3947,600257,大湖股份,5.57,0.18,0.01,139200.0,77697524.0,2.52,5.65,5.51,5.58,5.56,0.51,2.89,79.39,3.28,2680491137.0,2680491137.0,0.0,-0.18,3.15,-11.31
3948,301310,鑫宏业,51.37,0.18,0.09,61036.0,314841339.49,5.05,53.2,50.61,52.99,51.28,0.76,6.26,86.48,4.17,9809554378.0,5010625896.0,0.02,0.12,73.78,68.21
3949,300499,高澜股份,27.23,0.18,0.05,103896.0,284109106.18,3.97,27.95,26.87,27.93,27.18,0.51,3.83,137.24,6.06,8311918398.0,7390450895.0,0.07,-0.07,-33.34,-11.04
3950,002241,歌尔股份,22.02,0.18,0.04,408361.0,901717401.07,2.59,22.43,21.86,22.08,21.98,0.69,1.3,38.88,2.13,78221011340.0,69268541929.0,0.0,-0.05,-21.55,-22.82
3951,688004,博汇科技,21.7,0.18,0.04,20771.0,45242133.0,3.32,22.18,21.46,21.79,21.66,0.66,2.59,-55.21,3.03,1737909600.0,1737909600.0,0.0,-0.14,0.93,-6.18
3952,603693,江苏新能,11.29,0.18,0.02,34290.0,38785889.0,1.33,11.4,11.25,11.26,11.27,0.44,0.38,22.98,1.43,10064762685.0,10064762685.0,-0.09,-0.09,-39.91,-3.59
3953,301678,新恒汇,44.68,0.18,0.08,31176.0,140408793.04,4.53,46.35,44.33,45.49,44.6,1.09,2.24,158.23,5.95,10703338266.0,6209222806.0,0.0,-0.07,-29.02,-29.88
3954,000062,深圳华强,22.24,0.18,0.04,133954.0,299524022.91,2.21,22.58,22.09,22.53,22.2,0.64,1.28,28.95,3.44,23261023321.0,23238577712.0,-0.04,0.0,-30.33,-9.3
3955,920163,方大新材,11.2,0.18,0.02,5676.0,6300294.19,2.5,11.24,10.96,11.16,11.18,0.65,0.94,21.93,2.86,1440769792.0,679633192.0,0.72,1.17,8.32,-22.06
3956,000417,合百集团,5.62,0.18,0.01,204969.0,115291773.0,1.78,5.68,5.58,5.66,5.61,0.76,2.63,17.04,0.93,4382949204.0,4378134275.0,-0.18,-0.18,-32.53,-30.1
3957,688790,昂瑞微-UW,96.76,0.18,0.17,2798.0,27176593.0,2.32,98.25,96.01,96.59,96.59,0.49,2.21,-35.87,3.54,9630686131.0,1226507795.0,0.04,0.0,-32.85,-34.52
3958,300937,药易购,27.75,0.18,0.05,70551.0,197372973.64,5.99,28.87,27.21,28.7,27.7,0.51,10.88,-243.99,3.25,2654750426.0,1799981051.0,-0.04,0.0,20.13,-18.6
3959,002352,顺丰控股,32.84,0.18,0.06,167383.0,551097247.08,1.59,33.2,32.68,32.77,32.78,0.92,0.35,17.12,1.76,172912717282.0,157602945106.0,0.0,0.06,-8.09,-13.35
3960,601377,兴业证券,5.78,0.17,0.01,442598.0,255557037.0,0.69,5.8,5.76,5.79,5.77,0.86,0.51,11.72,0.9,49916006559.0,49916006559.0,0.0,0.0,0.35,-21.04
3961,600398,海澜之家,6.01,0.17,0.01,247046.0,147739556.0,1.83,6.04,5.93,5.97,6.0,0.96,0.51,7.6,1.67,28864649479.0,28864649479.0,0.33,0.0,5.62,6.56
3962,300130,新国都,17.96,0.17,0.03,93182.0,169754426.25,3.23,18.53,17.95,18.18,17.93,0.76,2.15,23.88,2.34,10188805595.0,7797652682.0,0.0,-0.11,-25.35,-34.52
3963,688362,甬矽电子,64.61,0.17,0.11,220945.0,1438598288.0,5.57,66.99,63.4,65.88,64.5,0.67,4.87,275.14,7.72,29282795533.0,29282795533.0,-0.02,0.17,-6.24,99.35
3964,001365,天海电子,35.36,0.17,0.06,31998.0,113729723.55,2.12,35.89,35.14,35.5,35.3,0.63,5.56,39.7,2.55,18564000000.0,2033399643.0,0.0,0.06,-25.7,30.05
3965,301446,福事特,35.54,0.17,0.06,7694.0,27553258.0,3.8,36.41,35.06,35.69,35.48,0.86,2.42,39.54,3.07,3696160000.0,1129176880.0,0.23,0.2,-23.09,11.55
3966,000061,农 产 品,5.8,0.17,0.01,321585.0,185554719.05,3.45,5.86,5.66,5.78,5.79,0.81,1.79,21.32,1.35,11512774948.0,10407009530.0,-0.17,-0.34,-9.09,-43.3
3967,603583,捷昌驱动,23.06,0.17,0.04,24687.0,57113561.0,2.0,23.46,23.0,23.45,23.02,0.5,0.65,44.06,1.94,8895647622.0,8814614782.0,0.04,0.0,-12.25,-38.93
3968,301629,矽电股份,251.81,0.17,0.42,7970.0,200647406.84,4.16,258.47,248.0,256.0,251.39,0.81,4.15,-252.61,8.97,10507344866.0,4833758358.0,0.0,0.1,-30.0,15.54
3969,600063,皖维高新,5.86,0.17,0.01,303444.0,178826044.0,2.56,5.99,5.84,5.87,5.85,0.69,1.47,22.27,1.44,12124963791.0,12124963791.0,0.17,0.17,-7.28,-0.17
3970,600846,XD同济科,11.96,0.17,0.02,26096.0,31178368.0,2.76,12.15,11.82,12.0,11.94,0.52,0.42,32.54,1.75,7472147731.0,7472147731.0,0.17,0.0,6.98,-8.14
3971,002990,盛视科技,50.5,0.16,0.08,93186.0,471739175.0,4.66,51.9,49.55,50.5,50.42,0.67,6.75,61.99,5.14,13223532969.0,6969937432.0,0.08,0.18,-3.46,79.01
3972,002148,北纬科技,6.26,0.16,0.01,161331.0,99925878.0,4.48,6.32,6.04,6.3,6.25,0.95,3.58,365.69,2.85,3497783326.0,2823426585.0,0.0,0.16,-8.08,-29.66
3973,300127,银河磁体,24.75,0.16,0.04,36296.0,90497201.6,2.75,25.29,24.61,25.07,24.71,0.73,1.57,37.17,5.56,7997872410.0,5712699465.0,0.12,0.16,-16.39,-17.31
3974,688599,天合光能,12.79,0.16,0.02,182493.0,233583499.0,1.25,12.89,12.73,12.75,12.77,0.61,0.78,-55.51,1.47,29961440704.0,29961440704.0,0.0,0.0,-21.29,-22.72
3975,601808,中海油服,12.31,0.16,0.02,187797.0,231522346.0,2.6,12.5,12.18,12.23,12.29,1.05,0.63,17.16,1.27,58738297520.0,36443361080.0,0.0,0.0,-4.5,-10.54
3976,001319,铭科精技,19.37,0.16,0.03,15319.0,29737651.82,1.96,19.63,19.25,19.35,19.34,1.09,2.41,29.52,2.01,2738918000.0,1229308818.0,-0.26,0.0,-21.13,-28.58
3977,600601,方正科技,12.32,0.16,0.02,1342756.0,1659920965.0,4.63,12.68,12.11,12.6,12.3,0.69,3.22,45.9,10.03,52652512368.0,51378013296.0,-0.08,0.08,-5.52,5.12
3978,600438,通威股份,12.32,0.16,0.02,301269.0,371052009.0,1.71,12.45,12.24,12.32,12.3,0.47,0.67,-5.67,1.59,55464528381.0,55464528381.0,0.0,0.16,-19.63,-39.96
3979,300062,中能电气,6.22,0.16,0.01,156160.0,97331603.94,3.06,6.36,6.17,6.33,6.21,0.48,3.41,349.39,2.54,3918210441.0,2850988315.0,0.0,0.0,-12.52,-25.33
3980,600328,中盐化工,6.28,0.16,0.01,114641.0,72250656.0,2.07,6.37,6.24,6.26,6.27,0.92,0.78,-14.91,0.78,9208423867.0,9208423867.0,-0.48,-0.32,-9.25,-23.51
3981,001203,大中矿业,26.45,0.15,0.04,136393.0,364063325.73,3.56,27.25,26.31,26.66,26.41,0.89,1.04,62.96,5.63,40549977506.0,34542605552.0,-0.11,-0.08,-30.96,-13.14
3982,688297,中无人机,38.89,0.15,0.06,41747.0,162390465.0,1.52,39.25,38.66,39.11,38.83,0.69,0.62,238.97,4.73,26250750000.0,26250750000.0,-0.03,0.0,-11.13,-18.67
3983,002065,东华软件,6.9,0.15,0.01,295044.0,203608378.0,1.31,6.95,6.86,6.91,6.89,0.38,1.01,89.24,1.81,22117828388.0,20064659378.0,-0.14,0.0,-10.04,-24.18
3984,688657,浩辰软件,32.98,0.15,0.05,11954.0,39780645.0,3.19,33.85,32.8,33.48,32.93,0.58,2.0,71.29,2.25,3146963869.0,1968726028.0,0.18,0.03,-10.74,-8.69
3985,688661,和林微纳,96.66,0.15,0.14,32096.0,310648229.0,6.21,99.9,93.91,98.0,96.52,0.77,2.11,-286.14,12.21,14681477261.0,14681477261.0,-0.01,0.09,-9.2,87.04
3986,603339,四方科技,13.8,0.15,0.02,54172.0,75045505.0,2.39,14.03,13.7,13.9,13.78,0.85,1.75,24.74,1.53,4270288215.0,4270288215.0,0.07,0.29,10.4,8.83
3987,300588,熙菱信息,20.14,0.15,0.03,23812.0,48409363.81,3.53,20.74,20.03,20.42,20.11,0.72,1.35,-44.66,15.05,3856226544.0,3561195684.0,0.0,0.0,4.14,-25.41
3988,603586,金麒麟,13.46,0.15,0.02,17548.0,23658513.0,2.08,13.64,13.36,13.44,13.44,0.66,0.9,76.3,1.17,2638870419.0,2638870419.0,-0.3,-0.22,-20.02,-27.75
3989,002753,永东股份,6.64,0.15,0.01,35383.0,23445113.75,1.96,6.7,6.57,6.64,6.63,0.67,1.2,533.39,1.08,2846432059.0,1964038316.0,0.0,0.0,-0.9,-6.21
3990,301020,密封科技,20.41,0.15,0.03,13665.0,28307666.0,3.19,21.05,20.4,20.42,20.38,0.68,0.93,24.9,3.04,2988024000.0,2988024000.0,-0.34,-0.29,-24.69,-6.89
3991,688516,奥特维,40.92,0.15,0.06,57230.0,234907555.0,2.42,41.66,40.67,41.54,40.86,0.79,1.82,37.84,3.76,12879997941.0,12879997941.0,0.0,-0.07,-42.45,-7.96
3992,920046,亿能电力,20.05,0.15,0.03,25820.0,51845862.42,2.2,20.35,19.91,20.07,20.02,0.52,4.62,78.02,8.1,2028057500.0,1121337092.0,0.0,0.05,-29.08,49.96
3993,688401,路维光电,68.85,0.15,0.1,36166.0,250450908.0,4.7,71.14,67.91,71.0,68.75,0.57,1.87,51.81,5.46,14139703845.0,13312116311.0,0.06,0.17,-15.88,42.22
3994,002066,瑞泰科技,21.48,0.14,0.03,28468.0,61278095.05,2.8,21.9,21.3,21.65,21.45,0.37,1.23,-394.69,8.11,5045802360.0,4961880000.0,0.0,-0.05,-15.03,14.99
3995,601628,中国人寿,36.89,0.14,0.05,203145.0,747665199.0,1.3,36.99,36.51,36.53,36.84,0.76,0.1,13.36,1.8,1042684967450.0,768180021700.0,-0.05,0.05,12.33,-17.8
3996,600986,浙文互联,7.06,0.14,0.01,416085.0,294446103.0,2.27,7.17,7.01,7.15,7.05,0.44,2.8,-115.62,2.04,10500860878.0,10500860878.0,0.14,0.0,-18.85,-9.72
3997,002459,晶澳科技,7.3,0.14,0.01,231341.0,169653228.8,1.51,7.39,7.28,7.34,7.29,0.62,0.7,-5.66,1.16,24160939298.0,24139456376.0,0.0,0.0,-22.01,-36.24
3998,600600,青岛啤酒,51.44,0.14,0.07,37602.0,193537020.0,0.93,51.75,51.27,51.38,51.37,0.78,0.53,9.75,2.4,70174197024.0,36477438508.0,-0.02,-0.08,-11.69,-12.59
3999,600850,电科数字,14.3,0.14,0.02,67733.0,97108713.0,1.19,14.42,14.25,14.31,14.28,0.6,0.83,115.63,2.43,11672210393.0,11672210393.0,-0.14,-0.14,-24.06,-41.8
4000,300307,慈星股份,7.23,0.14,0.01,274282.0,198151204.0,2.91,7.36,7.15,7.22,7.22,0.63,3.49,15.95,1.76,5788003800.0,5689282908.0,-0.28,0.0,3.43,2.55
4001,603191,望变电气,14.71,0.14,0.02,84025.0,123597314.0,3.27,15.01,14.53,14.88,14.69,0.35,2.55,98.76,1.95,4853779840.0,4853779840.0,0.0,0.07,-28.35,-0.34
4002,301316,慧博云通,39.15,0.13,0.05,108325.0,423882803.51,3.66,39.9,38.47,39.59,39.1,0.74,2.77,515.43,14.79,15800979150.0,15317334810.0,-0.03,-0.05,-18.27,-12.18
4003,920266,生物谷,7.84,0.13,0.01,67391.0,53907864.03,5.49,8.23,7.8,8.1,7.83,1.1,5.69,-110.08,1.11,972160055.0,928965183.0,0.0,0.13,11.84,-13.56
4004,600096,云天化,29.83,0.13,0.04,358034.0,1074209000.0,3.49,30.58,29.54,29.9,29.79,1.05,1.96,9.27,2.14,54379813506.0,54379813506.0,0.1,0.24,-4.61,-7.39
4005,688367,工大高科,29.69,0.13,0.04,8677.0,25932138.0,3.17,30.44,29.5,29.9,29.65,0.71,0.99,2148.77,4.44,2601574374.0,2601574374.0,0.0,-0.2,-15.63,-3.76
4006,300801,泰和科技,22.82,0.13,0.03,36489.0,83646333.0,2.46,23.25,22.69,23.16,22.79,0.58,2.65,14.48,1.94,4984572600.0,3138808300.0,-0.04,0.13,-17.05,-17.11
4007,002881,美格智能,38.02,0.13,0.05,50220.0,192055923.35,3.29,38.98,37.73,38.27,37.97,0.61,2.74,61.54,4.26,11484747024.0,6958456899.0,-0.05,-0.05,-23.49,-14.48
4008,688150,莱特光电,38.35,0.13,0.05,67616.0,261025752.0,4.62,39.55,37.78,39.0,38.3,0.67,1.68,83.92,8.11,15433481385.0,15433481385.0,0.16,-0.1,-30.45,42.51
4009,600131,国网信通,15.45,0.13,0.02,46853.0,72501370.0,1.56,15.63,15.39,15.54,15.43,0.81,0.39,39.96,2.81,18493428586.0,18476734552.0,-0.19,0.0,-9.06,-3.32
4010,301498,乖宝宠物,39.3,0.13,0.05,34995.0,137661213.09,2.34,39.9,38.98,39.7,39.25,0.62,1.85,31.86,3.39,15738582612.0,7449195214.0,0.0,-0.05,-11.41,-39.45
4011,601086,国芳集团,7.64,0.13,0.01,67785.0,51791212.0,2.1,7.73,7.57,7.67,7.63,0.64,1.02,30.59,3.25,5088240000.0,5088240000.0,0.13,0.26,-6.37,-24.13
4012,002153,石基信息,7.72,0.13,0.01,256844.0,200018083.62,2.33,7.89,7.71,7.78,7.71,0.39,1.61,222.79,3.16,21069376453.0,12350176567.0,0.0,0.13,-6.99,-28.65
4013,600156,华升股份,7.89,0.13,0.01,71003.0,56344370.0,2.54,8.05,7.85,8.0,7.88,0.29,1.77,-136.98,8.68,3172653439.0,3172653439.0,0.0,0.0,-22.65,-4.36
4014,300702,天宇股份,22.41,0.13,0.03,36413.0,82859053.76,2.9,23.05,22.4,22.7,22.38,1.35,1.73,46.21,2.13,7798168133.0,4715287898.0,-0.27,-0.22,16.42,-4.84
4015,300022,吉峰科技,8.11,0.12,0.01,43166.0,35208869.0,2.35,8.24,8.05,8.19,8.1,0.6,0.87,237.32,7.84,4008289482.0,4008171076.0,-0.12,-0.12,-7.84,3.71
4016,300248,新开普,8.6,0.12,0.01,82453.0,70843016.28,1.51,8.65,8.52,8.59,8.59,0.52,2.02,-19.2,1.94,4096596180.0,3517765655.0,-0.23,-0.23,-5.18,-30.25
4017,300260,新莱应材,58.03,0.12,0.07,122959.0,721399829.13,4.45,60.0,57.42,59.12,57.96,0.69,4.27,111.95,11.12,23665025819.0,16691571918.0,0.02,-0.22,1.79,2.09
4018,600222,太龙药业,8.11,0.12,0.01,291105.0,238437531.0,3.83,8.39,8.08,8.3,8.1,0.7,5.2,436.0,2.82,4536435414.0,4536435414.0,-0.37,-0.25,3.71,23.44
4019,301069,凯盛新材,16.16,0.12,0.02,48573.0,78968327.84,2.04,16.45,16.12,16.35,16.14,0.64,1.14,38.85,3.17,7323295541.0,6896671541.0,0.0,0.0,-22.86,-41.77
4020,600926,杭州银行,16.81,0.12,0.02,480237.0,805146371.0,1.43,16.88,16.64,16.75,16.79,1.22,0.66,4.6,0.88,121855732832.0,121855732832.0,0.0,0.12,7.14,12.07
4021,920132,泰鹏智能,8.6,0.12,0.01,3348.0,2886061.79,2.68,8.75,8.52,8.65,8.59,0.61,0.92,25.33,3.52,925972320.0,314417660.0,0.0,0.12,-4.23,-30.7
4022,302132,中航成飞,57.09,0.12,0.07,44176.0,254001260.83,2.37,58.27,56.92,57.4,57.02,0.47,0.75,197.87,7.48,152549696656.0,33458707698.0,-0.02,-0.04,-6.88,-27.38
4023,002181,粤 传 媒,8.34,0.12,0.01,177887.0,148795839.44,3.24,8.52,8.25,8.5,8.33,0.5,1.57,138.24,2.32,9683225171.0,9462039447.0,-0.24,0.0,-44.18,-2.57
4024,600761,安徽合力,16.55,0.12,0.02,86375.0,143911584.0,1.88,16.84,16.53,16.54,16.53,0.92,0.97,11.32,1.38,14740965195.0,14740965195.0,-0.18,-0.06,-4.0,-18.83
4025,301042,安联锐视,32.37,0.12,0.04,43974.0,143599057.05,3.62,33.27,32.1,32.9,32.33,0.68,4.77,69.65,2.99,3132676475.0,2986165647.0,0.22,-0.34,-54.76,-48.72
4026,000697,炼石航空,8.1,0.12,0.01,50119.0,40721310.0,1.85,8.21,8.06,8.19,8.09,0.69,0.77,2318.68,3.36,11308315230.0,5290169519.0,-0.12,0.0,-33.44,-6.36
4027,002871,伟隆股份,16.52,0.12,0.02,24710.0,41054216.74,3.03,16.88,16.38,16.65,16.5,0.61,1.66,46.13,3.84,4160625519.0,2465884612.0,-0.3,-0.12,-11.18,-6.4
4028,000783,长江证券,8.54,0.12,0.01,737813.0,629429348.87,1.99,8.63,8.46,8.58,8.53,0.56,1.33,7.94,1.34,47226822976.0,47226822976.0,-0.12,-0.23,7.56,8.79
4029,688556,高测股份,8.17,0.12,0.01,129420.0,106430625.0,2.57,8.36,8.15,8.29,8.16,0.69,1.56,-33.78,1.74,6787423041.0,6787423041.0,-0.24,-0.12,-35.42,-28.46
4030,603656,泰禾智能,17.37,0.12,0.02,11898.0,20627432.0,2.25,17.59,17.2,17.59,17.35,0.62,0.65,141.56,2.41,3177760868.0,3177760868.0,-0.06,-0.06,-4.46,-24.41
4031,601318,中国平安,52.14,0.12,0.06,495295.0,2570824239.0,1.06,52.15,51.6,51.85,52.08,0.82,0.46,9.43,0.96,944132453619.0,555815793428.0,0.0,0.06,1.2,-21.77
4032,600552,凯盛科技,18.05,0.11,0.02,546606.0,991069551.0,4.33,18.55,17.77,18.2,18.03,0.76,5.79,152.68,3.99,17050154437.0,17050154437.0,-0.06,-0.06,-4.6,46.15
4033,301613,新铝时代,37.43,0.11,0.04,6633.0,24962955.02,1.68,38.0,37.37,37.7,37.39,0.51,0.79,23.31,3.39,5383977875.0,3140423675.0,0.03,0.05,-10.41,-26.61
4034,300586,美联新材,8.91,0.11,0.01,159029.0,142722927.34,3.15,9.12,8.84,9.0,8.9,0.87,2.97,1113.05,3.44,6336940307.0,4763254530.0,0.0,-0.11,-26.18,-18.18
4035,002559,亚威股份,9.45,0.11,0.01,153469.0,145972896.0,2.54,9.64,9.4,9.55,9.44,0.6,3.04,47.17,2.54,6065611181.0,4762847335.0,-0.11,-0.21,-6.99,-5.97
4036,600007,中国国贸,18.93,0.11,0.02,26598.0,50296638.0,1.69,19.05,18.73,18.82,18.91,1.22,0.26,15.6,2.12,19067858369.0,19067858369.0,-0.16,0.0,-5.77,0.96
4037,003013,地铁设计,18.56,0.11,0.02,91079.0,165755417.25,5.02,18.66,17.73,18.29,18.54,0.92,2.26,30.41,2.65,8551664787.0,7469961910.0,0.05,-0.38,31.17,33.91
4038,002171,楚江新材,9.52,0.11,0.01,306497.0,294190395.07,2.63,9.72,9.47,9.64,9.51,0.67,1.9,27.56,1.76,15450368541.0,15362818794.0,-0.42,0.0,-17.93,-27.77
4039,600486,扬农化工,55.5,0.11,0.06,45690.0,254906335.0,3.79,56.8,54.7,55.2,55.44,0.88,1.13,13.78,1.94,22428212559.0,22428212559.0,0.27,0.42,-4.23,-19.19
4040,920806,云星宇,10.08,0.1,0.01,13202.0,13369144.71,2.28,10.28,10.05,10.08,10.07,0.62,0.44,41.46,1.98,3031425603.0,3031425603.0,0.1,0.0,-1.37,-26.32
4041,920363,莱赛激光,10.15,0.1,0.01,6795.0,6898635.39,2.27,10.28,10.05,10.12,10.14,0.54,0.96,480.65,3.76,1258823300.0,715700870.0,0.1,0.3,-6.97,-31.19
4042,002457,青龙管业,10.52,0.1,0.01,120477.0,126818526.94,2.28,10.66,10.42,10.53,10.51,0.68,3.61,-138.32,1.4,3508281136.0,3506004071.0,0.0,-0.09,-5.65,-2.68
4043,301287,康力源,40.03,0.1,0.04,9846.0,39793012.29,4.88,41.19,39.24,39.78,39.99,0.42,5.78,77.0,2.29,2668800100.0,681764941.0,0.0,0.02,5.84,-3.5
4044,301368,丰立智能,39.63,0.1,0.04,17074.0,67727626.0,3.76,40.49,39.0,40.31,39.59,0.68,1.42,4536.25,5.05,4759563000.0,4759563000.0,0.03,0.0,-22.88,-36.76
4045,002836,新宏泽,10.07,0.1,0.01,34526.0,34708350.47,2.98,10.25,9.95,10.13,10.06,1.58,1.5,34.98,6.59,2320128000.0,2320128000.0,0.1,0.5,-12.89,-31.87
4046,300437,清水源,10.98,0.09,0.01,46502.0,51176769.0,2.83,11.21,10.9,11.1,10.97,0.77,2.68,-764.96,1.95,2692330005.0,1907781555.0,0.09,0.09,-13.06,-31.25
4047,002507,涪陵榨菜,11.39,0.09,0.01,107031.0,121987460.28,1.49,11.48,11.31,11.38,11.38,1.05,0.93,12.06,1.5,13143137729.0,13107374325.0,-0.18,-0.26,0.09,-8.81
4048,002695,煌上煌,11.22,0.09,0.01,75362.0,84810889.72,2.59,11.42,11.13,11.21,11.21,0.78,1.47,34.42,2.28,6278552687.0,5738526042.0,-0.09,0.09,-6.81,-3.61
4049,002582,好想你,10.59,0.09,0.01,351246.0,370679989.0,8.41,10.99,10.1,10.4,10.58,0.59,10.2,1.07,0.98,4741226566.0,3645497131.0,0.09,-0.19,-1.21,1.24
4050,600058,五矿发展,10.6,0.09,0.01,72028.0,76417748.0,1.79,10.71,10.52,10.61,10.59,0.58,0.67,167.1,2.35,11362253537.0,11362253537.0,-0.19,-0.19,3.52,-7.75
4051,688065,凯赛生物,46.29,0.09,0.04,61351.0,289282150.0,4.04,48.16,46.29,47.16,46.25,1.26,1.05,44.79,1.88,33388504564.0,27004569425.0,-0.04,-0.09,12.06,-6.2
4052,300833,浩洋股份,35.8,0.08,0.03,4196.0,15067022.0,1.79,36.3,35.66,36.0,35.77,0.61,0.52,27.23,1.89,4528359900.0,2908881923.0,-0.36,-0.03,0.28,-10.46
4053,301630,同宇新材,167.25,0.08,0.14,9000.0,151221456.1,3.67,171.8,165.67,168.24,167.11,0.67,4.29,51.98,5.63,9366000000.0,3508854825.0,0.0,0.14,-13.05,39.38
4054,301596,瑞迪智驱,47.8,0.08,0.04,23140.0,110811887.02,4.4,49.1,47.0,48.72,47.76,0.73,5.28,63.68,5.87,5163901876.0,2095707732.0,0.06,0.08,-18.07,-14.66
4055,001369,双欣材料,12.33,0.08,0.01,49117.0,60904780.38,2.27,12.56,12.28,12.41,12.32,0.61,2.37,27.67,2.05,14142510000.0,2557900829.0,0.0,0.0,-12.12,-24.63
4056,002539,云图控股,12.82,0.08,0.01,162134.0,207730705.97,4.61,13.13,12.54,12.77,12.81,0.82,1.82,12.75,1.63,15483018629.0,11407154273.0,0.0,0.0,-1.0,10.33
4057,600765,中航重机,13.09,0.08,0.01,83120.0,108901498.0,1.07,13.18,13.04,13.08,13.08,0.61,0.54,32.16,1.42,20322148463.0,20322148463.0,-0.08,-0.08,-8.46,-31.64
4058,300705,九典制药,12.43,0.08,0.01,335142.0,422857791.26,6.52,12.99,12.18,12.65,12.42,1.26,9.06,27.4,2.53,6218619541.0,4598433205.0,0.08,0.08,6.15,-14.75
4059,600546,山煤国际,13.08,0.08,0.01,198137.0,260183345.0,3.21,13.3,12.88,12.9,13.07,0.84,1.0,15.13,1.62,25930526311.0,25930526311.0,0.31,0.23,-0.91,34.29
4060,920124,南特科技,12.63,0.08,0.01,6332.0,8041759.0,1.82,12.81,12.58,12.58,12.62,0.54,0.83,19.11,1.78,1878501768.0,967223196.0,-0.16,-0.39,-15.86,-30.07
4061,600060,海信视像,25.93,0.08,0.02,50283.0,130906649.0,2.35,26.43,25.82,25.92,25.91,0.64,0.39,14.32,1.64,33837930546.0,33713374936.0,-0.19,-0.04,1.73,11.1
4062,000819,岳阳兴长,11.92,0.08,0.01,36011.0,43193291.09,2.69,12.18,11.86,12.01,11.91,0.74,0.98,154.93,2.1,4404493712.0,4362959664.0,0.0,0.0,-24.75,-26.56
4063,300677,英科医疗,48.98,0.08,0.04,64773.0,322444537.66,6.29,51.8,48.72,49.56,48.94,0.93,1.39,799.29,1.76,32069814822.0,22805734634.0,-0.16,0.06,9.82,26.24
4064,920523,德瑞锂电,15.23,0.07,0.01,4485.0,6825910.76,1.64,15.38,15.13,15.22,15.22,0.55,0.55,15.19,2.19,1542819850.0,1234231768.0,0.2,0.26,-19.33,-40.74
4065,002015,协鑫能科,14.03,0.07,0.01,314755.0,441772456.52,2.5,14.26,13.91,14.16,14.02,0.34,1.94,19.78,1.91,22775244334.0,22775244334.0,0.0,0.07,-35.05,42.44
4066,600379,宝光股份,14.45,0.07,0.01,186233.0,272960154.0,4.5,15.02,14.37,14.77,14.44,0.77,5.64,61.66,5.91,4771412600.0,4771412600.0,-0.14,0.0,1.55,24.25
4067,000672,上峰材料,13.69,0.07,0.01,118972.0,163825484.6,2.34,13.93,13.61,13.83,13.68,0.67,1.23,103.98,1.54,13271023711.0,13271023711.0,0.0,0.0,-25.52,9.35
4068,600862,中航高科,17.37,0.06,0.01,68860.0,119698935.0,0.98,17.47,17.3,17.36,17.36,0.57,0.49,24.11,3.18,24197262989.0,24197262989.0,-0.06,0.0,-3.71,-25.8
4069,920101,志高机械,16.55,0.06,0.01,2660.0,4428025.85,1.81,16.8,16.5,16.54,16.54,0.56,0.68,22.96,1.96,2065563182.0,644555539.0,-0.3,-0.24,-22.19,-41.64
4070,688030,山石网科,16.5,0.06,0.01,20976.0,34838541.0,2.91,16.86,16.38,16.55,16.49,0.54,1.16,-21.56,4.37,2973891822.0,2973891822.0,-0.48,0.24,-5.5,-9.19
4071,920078,族兴新材,18.01,0.06,0.01,11170.0,20093903.11,2.78,18.26,17.76,18.01,18.0,0.58,2.86,56.9,2.21,2161200000.0,702170278.0,0.45,0.28,-49.83,161.77
4072,300803,指南针,79.32,0.06,0.05,91867.0,729164520.47,2.47,80.46,78.5,80.3,79.27,0.62,1.52,108.73,16.88,48368694698.0,48015503916.0,0.06,0.13,-18.34,-39.35
4073,601088,中国神华,46.55,0.06,0.03,272944.0,1271312602.0,2.82,47.11,45.8,46.0,46.52,0.95,0.17,23.66,2.2,1009643166851.0,767657816805.0,0.02,-0.06,3.28,17.94
4074,920914,远航精密,17.29,0.06,0.01,7790.0,13439958.38,3.01,17.56,17.04,17.45,17.28,0.68,0.78,23.65,1.76,1723519070.0,1722157483.0,-0.23,-0.06,-18.17,-34.13
4075,603067,振华股份,34.2,0.06,0.02,243336.0,832168549.0,4.42,34.95,33.44,34.19,34.18,0.67,3.22,53.12,6.25,25838968817.0,25838968817.0,0.26,0.5,-8.46,19.37
4076,301459,丰茂股份,31.23,0.06,0.02,14506.0,45517141.11,3.43,32.11,31.04,32.0,31.21,0.32,5.56,37.47,2.6,3251724439.0,815071489.0,0.03,-0.29,-15.62,-29.31
4077,605016,百龙创园,19.74,0.05,0.01,38543.0,76330615.0,2.79,20.12,19.57,19.62,19.73,0.5,0.92,17.19,4.12,8291043197.0,8291043197.0,0.15,0.15,-15.46,-7.93
4078,000762,西藏矿业,22.18,0.05,0.01,93612.0,209381924.28,2.44,22.66,22.12,22.55,22.17,0.76,1.8,96.16,3.86,11551770743.0,11551357707.0,-0.14,-0.09,-27.02,-15.57
4079,600980,北矿科技,19.6,0.05,0.01,27265.0,53804510.0,3.01,19.99,19.4,19.59,19.59,0.86,1.44,27.86,2.47,3787965110.0,3709565110.0,0.0,0.41,-9.05,-14.19
4080,301141,中科磁业,40.73,0.05,0.02,15828.0,65230265.12,3.17,41.94,40.65,41.11,40.71,0.45,3.56,204.5,4.02,5051848002.0,1812998402.0,0.0,-0.22,-19.15,-21.7
4081,600363,联创光电,18.36,0.05,0.01,329781.0,608648063.0,5.56,19.12,18.1,18.5,18.35,0.69,7.31,25.03,1.83,8278311942.0,8278311942.0,-0.05,-0.11,-52.44,-70.88
4082,003030,祖名股份,21.97,0.05,0.01,23556.0,51901291.73,3.6,22.52,21.73,22.2,21.96,0.68,2.91,-204.89,2.78,2741416600.0,1778667582.0,-0.05,-0.05,-12.75,9.63
4083,002557,洽洽食品,18.82,0.05,0.01,50337.0,94933776.02,1.49,18.98,18.7,18.81,18.81,0.73,1.0,14.14,1.92,9520195918.0,9490339870.0,-0.26,-0.11,-6.88,-8.82
4084,301029,怡合达,24.84,0.04,0.01,65571.0,164648762.66,2.74,25.51,24.83,25.08,24.83,0.8,1.45,30.58,3.76,15792941926.0,11249112151.0,0.0,-0.08,-13.48,-4.53
4085,000034,神州数码,23.82,0.04,0.01,199415.0,475493719.82,1.85,24.08,23.64,24.03,23.81,0.37,2.35,25.66,2.17,24218738773.0,20226701573.0,0.0,0.04,-7.96,-14.13
4086,002920,德赛西威,84.69,0.04,0.03,54121.0,458831100.08,2.45,85.98,83.91,85.6,84.66,0.53,0.91,20.3,3.14,50543779109.0,50527899734.0,0.02,0.07,-24.41,-28.87
4087,603726,朗迪集团,22.95,0.04,0.01,32459.0,75082793.0,2.83,23.45,22.8,23.21,22.94,0.71,1.76,12.18,3.06,4258585935.0,4236898185.0,0.0,-0.09,-19.5,-2.96
4088,002261,拓维信息,25.67,0.04,0.01,361734.0,931092806.74,3.16,26.23,25.42,25.66,25.66,0.52,3.16,233.62,12.38,32343383027.0,29420527697.0,-0.04,-0.27,-15.97,-22.45
4089,002436,兴森科技,33.81,0.03,0.01,1097963.0,3705124031.75,5.41,34.6,32.77,33.51,33.8,0.86,7.23,766.43,10.87,57465963165.0,51321227872.0,0.03,-0.12,-8.6,59.93
4090,300842,帝科股份,61.47,0.03,0.02,36103.0,223347737.15,4.1,63.29,60.77,62.68,61.45,0.62,2.8,153.95,5.57,8930345802.0,7937094917.0,-0.85,-0.24,-35.47,3.71
4091,688088,虹软科技,31.75,0.03,0.01,39641.0,126704348.0,1.98,32.33,31.7,32.08,31.74,0.62,0.99,58.88,4.66,12737160200.0,12737160200.0,-0.09,-0.25,-25.96,-35.73
4092,688825,长鑫科技,57.57,0.03,0.02,2964183.0,16965735081.0,4.14,58.43,56.05,57.58,57.55,0.65,6.58,38.87,27.63,3850332611453.0,259239953560.0,0.65,1.27,564.78,564.78
4093,920081,欧伦电气,40.91,0.02,0.01,12990.0,52910451.22,3.77,41.57,40.03,41.01,40.9,0.81,7.6,9.12,1.75,2970066000.0,699561000.0,0.12,-0.02,5.74,5.74
4094,003041,真爱美家,40.56,0.02,0.01,12276.0,49922627.92,3.6,41.55,40.09,41.55,40.55,0.75,0.9,311.43,3.97,5840640000.0,5549557104.0,0.0,0.1,-25.26,-25.35
4095,301308,江波龙,379.01,0.01,0.03,102002.0,3882487539.38,2.84,386.53,375.76,385.0,378.98,0.53,3.62,7.7,7.32,162848525152.0,106824685587.0,0.0,-0.03,-31.16,55.43
4096,688622,*ST禾信,104.02,0.01,0.01,1638.0,17170761.0,3.76,107.93,104.02,107.93,104.01,0.63,0.23,-238.69,24.77,7329823494.0,7329823494.0,-0.08,-0.17,11.25,2.86
4097,601156,东航物流,18.36,0.0,0.0,62047.0,114442468.0,2.61,18.75,18.27,18.47,18.36,0.55,0.66,12.6,1.52,29147520008.0,17342774408.0,0.05,0.22,17.84,3.55
4098,300052,中青宝,10.72,0.0,0.0,93271.0,100514027.61,2.05,10.9,10.68,10.79,10.72,0.4,3.56,-48.9,8.15,2807125371.0,2807044971.0,-0.28,-0.37,-14.51,-14.65
4099,920260,中寰股份,8.03,0.0,0.0,3287.0,2623261.93,2.24,8.08,7.9,7.91,8.03,0.48,0.33,65.49,1.93,831506500.0,793996836.0,0.12,-0.12,-0.74,-25.51
4100,300910,瑞丰新材,26.46,0.0,0.0,40093.0,106928649.15,2.27,27.0,26.4,26.47,26.46,0.81,1.49,18.11,2.88,10135298649.0,7098585765.0,0.04,0.04,-22.79,-37.81
4101,000708,中信特钢,14.04,0.0,0.0,118018.0,165453248.54,2.92,14.26,13.85,14.14,14.04,0.92,0.23,11.72,1.67,70862107137.0,70861791237.0,0.5,0.21,-1.34,-11.81
4102,605098,行动教育,55.52,0.0,0.0,7732.0,42948375.0,1.89,56.1,55.05,55.58,55.52,0.46,0.65,19.28,6.34,6620821072.0,6620821072.0,0.23,0.04,2.21,36.21
4103,600624,ST复华,4.18,0.0,0.0,37621.0,15714341.0,3.35,4.27,4.13,4.19,4.18,0.82,0.55,-64.92,6.68,2839670218.0,2839670218.0,0.24,0.48,-2.34,-20.98
4104,002501,*ST利源,1.26,0.0,0.0,207867.0,26203990.0,2.38,1.28,1.25,1.25,1.26,0.98,0.59,-86.69,27.88,4473000000.0,4468551200.0,-0.79,-0.79,-13.1,-49.4
4105,920768,拾比佰,7.05,0.0,0.0,6285.0,4414790.65,1.28,7.08,6.99,7.05,7.05,0.63,0.59,17.52,1.55,1095273900.0,757096095.0,0.28,0.43,-9.85,-17.06
4106,000404,长虹华意,7.08,0.0,0.0,71724.0,50764211.55,0.56,7.1,7.06,7.07,7.08,0.38,1.04,9.83,1.15,4927651531.0,4906333517.0,0.14,0.0,-16.71,9.77
4107,603866,桃李面包,4.22,0.0,0.0,106311.0,44744045.0,2.37,4.26,4.16,4.22,4.22,0.98,0.66,32.56,1.37,6750814834.0,6750814834.0,0.0,0.0,-6.43,-16.6
4108,300926,博俊科技,17.45,0.0,0.0,23416.0,41111265.0,2.06,17.77,17.41,17.62,17.45,0.5,0.79,14.65,2.15,7578991928.0,5199977676.0,0.0,-0.11,-14.33,-46.41
4109,920580,科创新材,10.75,0.0,0.0,7571.0,8194353.54,2.51,10.97,10.7,10.8,10.75,0.48,1.38,30.5,2.63,924500000.0,588703046.0,-0.65,-0.65,-16.67,-27.22
4110,688371,菲沃泰,27.85,0.0,0.0,81708.0,229140175.0,5.64,28.9,27.33,28.0,27.85,0.98,2.44,-110.12,4.82,9342905115.0,9342905115.0,-0.11,0.29,-25.97,51.19
4111,301261,恒工精密,54.85,0.0,0.0,17822.0,97870848.37,3.04,55.94,54.27,55.89,54.85,0.83,1.7,23.34,3.63,5784932690.0,5736184752.0,0.11,0.18,-32.04,-35.67
4112,601866,中远海发,2.37,0.0,0.0,553378.0,131543369.0,2.53,2.41,2.35,2.37,2.37,1.08,0.57,18.83,1.01,31122974426.0,23013713696.0,-0.42,-0.42,-5.58,-5.58
4113,002145,钛能化学,4.31,0.0,0.0,317629.0,137669073.54,1.62,4.38,4.31,4.33,4.31,0.78,0.83,19.54,1.25,16406757109.0,16405904052.0,0.0,0.0,-2.27,-11.32
4114,002150,正泰电源,22.28,0.0,0.0,64092.0,143829054.0,3.46,22.82,22.05,22.8,22.28,0.6,1.79,58.85,3.71,8040156931.0,7987480193.0,-0.09,-0.09,-37.01,11.4
4115,000553,安道麦A,5.5,0.0,0.0,89218.0,48913729.4,2.91,5.57,5.41,5.49,5.5,1.09,0.41,14.81,0.73,12813964713.0,11973895786.0,0.0,0.18,-12.56,0.36
4116,000554,泰山石油,6.39,0.0,0.0,144691.0,93144895.62,2.82,6.53,6.35,6.45,6.39,0.88,4.03,11.34,2.65,3050873026.0,2295957653.0,-0.16,-0.16,-3.47,0.0
4117,600556,天下秀,4.61,0.0,0.0,329994.0,152439427.0,2.82,4.7,4.57,4.7,4.61,0.58,1.83,646.25,2.18,8333716630.0,8333716630.0,0.0,0.0,-10.49,-23.93
4118,603109,神驰机电,17.4,0.0,0.0,15629.0,27296917.0,2.53,17.74,17.3,17.34,17.4,1.05,0.75,39.13,1.89,3633961464.0,3633961464.0,0.06,0.06,-9.0,-31.87
4119,002526,山东矿机,2.66,0.0,0.0,209307.0,55442678.16,2.26,2.68,2.62,2.66,2.66,0.94,1.18,377.46,1.47,4742231604.0,4711483605.0,-0.37,0.38,-15.02,-25.91
4120,601198,东兴证券,13.54,0.0,0.0,159377.0,215338264.0,1.03,13.58,13.44,13.52,13.54,0.78,0.49,21.36,1.44,43767312341.0,43767312341.0,0.0,0.0,1.42,-1.81
4121,688203,海正生材,11.56,0.0,0.0,43226.0,50049052.0,4.07,11.8,11.33,11.37,11.56,0.57,2.13,560.02,1.59,2342958466.0,2342958466.0,0.0,0.0,-12.95,-9.55
4122,601326,秦港股份,3.38,0.0,0.0,219292.0,74262938.0,2.66,3.43,3.34,3.38,3.38,1.06,0.46,11.04,0.94,18885452560.0,16080549420.0,0.0,0.0,6.62,0.0
4123,688350,富淼科技,28.92,0.0,0.0,12783.0,37082980.0,4.11,29.79,28.6,29.21,28.92,0.74,0.89,54.3,2.24,4142634642.0,4142634642.0,0.0,0.07,-26.84,12.7
4124,000778,新兴铸管,3.7,0.0,0.0,333415.0,123712827.2,1.62,3.75,3.69,3.7,3.7,0.79,0.86,18.59,0.56,14663774455.0,14406025443.0,-0.27,0.0,-10.84,-9.98
4125,920021,流金科技,6.51,0.0,0.0,68617.0,45061331.06,2.46,6.65,6.49,6.56,6.51,0.41,2.77,87.04,3.12,2011589889.0,1611580921.0,0.15,0.15,-30.82,-2.98
4126,600481,双良节能,4.16,0.0,0.0,320128.0,133551721.0,1.68,4.21,4.14,4.18,4.16,0.73,1.55,-5.44,1.98,8587077362.0,8587077362.0,-0.24,-0.24,-32.36,-36.39
4127,002698,博实股份,11.93,0.0,0.0,85113.0,101523114.17,1.59,12.05,11.86,12.02,11.93,0.28,1.01,38.9,2.89,12199159590.0,10070570217.0,-0.17,-0.08,-7.81,-27.96
4128,600232,金鹰股份,6.32,0.0,0.0,37915.0,23966798.0,3.32,6.42,6.21,6.21,6.32,0.91,1.04,49.57,2.4,2305021198.0,2305021198.0,0.0,0.0,-18.35,-20.1
4129,600221,海航控股,1.31,0.0,0.0,1654099.0,216845011.0,1.53,1.32,1.3,1.31,1.31,0.86,0.39,8.2,8.14,56612478621.0,56127624562.0,0.0,0.0,-10.88,-27.62
4130,600727,鲁北化工,7.37,0.0,0.0,117482.0,86932851.0,2.31,7.49,7.32,7.41,7.37,0.97,2.22,11.35,1.16,3895657705.0,3895657705.0,0.0,0.0,-4.41,8.54
4131,002843,泰嘉股份,15.58,0.0,0.0,74845.0,116763163.6,3.66,15.97,15.4,15.9,15.58,0.84,2.99,40.08,2.92,3922071216.0,3898063215.0,0.0,-0.26,-33.53,-22.26
4132,301150,中一科技,38.1,0.0,0.0,106894.0,409913164.48,4.23,39.26,37.65,38.82,38.1,0.52,3.52,43.55,3.42,12340738476.0,11576266129.0,-0.16,-0.1,-16.26,26.83
4133,600130,波导股份,4.31,0.0,0.0,187238.0,80766988.0,2.32,4.36,4.26,4.35,4.31,0.82,2.5,316.06,3.55,3232500000.0,3232500000.0,0.23,0.23,-15.16,2.86
4134,600726,华电能源,5.65,0.0,0.0,983782.0,556592109.0,2.83,5.75,5.59,5.65,5.65,0.51,1.32,37.75,8.48,44676449587.0,42235649575.0,0.18,0.36,-32.5,136.4
4135,601975,招商南油,3.77,0.0,0.0,1949539.0,737901039.0,3.71,3.87,3.73,3.74,3.77,1.38,4.17,10.21,1.49,17644899436.0,17644899436.0,0.0,-0.26,-24.6,26.09
4136,605122,四方新材,11.7,0.0,0.0,46976.0,55495423.0,3.5,12.02,11.61,11.65,11.7,1.91,2.73,75.71,1.16,2016541800.0,2016541800.0,0.0,-0.68,-11.36,-11.03
4137,300609,汇纳科技,24.91,0.0,0.0,27874.0,69639214.0,4.82,25.5,24.3,25.18,24.91,0.79,2.32,-36.99,3.26,2992049380.0,2987436546.0,-0.32,-0.04,-30.61,-35.42
4138,600575,淮河能源,3.32,0.0,0.0,357661.0,119056182.0,2.41,3.38,3.3,3.33,3.32,1.01,0.92,18.37,1.14,23793750004.0,12902386736.0,0.0,-0.3,-14.21,3.43
4139,002598,ST章鼓,6.5,0.0,0.0,18905.0,12331370.0,1.38,6.58,6.49,6.54,6.5,1.04,0.66,29.49,1.66,2028344357.0,1862445156.0,0.0,-0.15,-10.47,-38.62
4140,688538,和辉光电-U,2.31,0.0,0.0,391165.0,90666247.0,0.87,2.33,2.31,2.31,2.31,0.67,0.68,-16.97,4.2,31899800914.0,13287664525.0,0.0,-0.43,-10.12,-13.16
4141,601969,海南矿业,9.23,0.0,0.0,132783.0,123280065.0,3.79,9.47,9.12,9.22,9.23,0.85,0.67,22.82,2.68,18317021310.0,18205959166.0,0.0,0.0,-6.58,-21.78
4142,002200,交投生态,6.77,0.0,0.0,46197.0,31399934.0,2.95,6.9,6.7,6.8,6.77,0.95,2.36,28.71,2.28,3054120183.0,1325064817.0,-0.15,0.0,-6.88,-9.85
4143,002203,海亮股份,18.37,0.0,0.0,140559.0,260284264.52,3.21,18.79,18.2,18.58,18.37,0.67,0.64,24.14,2.51,42099544383.0,40637035112.0,0.0,-0.05,-3.01,46.49
4144,002102,ST能特,2.19,0.0,0.0,89935.0,19723637.0,1.37,2.21,2.18,2.2,2.19,0.85,0.42,57.16,1.75,5421622670.0,4664591967.0,-0.45,0.0,0.46,-34.23
4145,002207,*ST准油,5.65,0.0,0.0,54942.0,30999385.0,2.12,5.71,5.59,5.64,5.65,0.69,2.11,-39.61,172.24,1480612886.0,1473587518.0,0.36,0.18,-31.68,-23.65
4146,601018,宁波港,3.39,0.0,0.0,676604.0,229546893.0,2.06,3.43,3.36,3.37,3.39,1.23,0.35,14.09,0.82,65950376673.0,65950376673.0,-0.29,0.0,-1.45,-4.24
4147,601519,大智慧,7.68,0.0,0.0,192636.0,148243460.0,1.56,7.76,7.64,7.72,7.68,0.69,0.97,-129.09,11.78,15276748800.0,15276748800.0,-0.13,0.0,-26.44,-40.33
4148,920375,派诺科技,6.92,0.0,0.0,15544.0,10812258.71,2.75,7.07,6.88,6.94,6.92,0.61,1.71,-16.76,1.38,1052638499.0,628908028.0,-0.14,-0.29,-20.64,-25.59
4149,001227,兰州银行,2.13,0.0,0.0,933238.0,197744847.06,1.88,2.14,2.1,2.12,2.13,1.73,2.21,5.7,0.4,12131834968.0,8983275066.0,0.0,0.0,2.4,-4.91
4150,601555,东吴证券,7.91,0.0,0.0,188613.0,149283816.0,1.26,7.98,7.88,7.92,7.91,0.59,0.38,12.26,0.92,39302439441.0,39302439441.0,0.0,-0.13,2.73,-10.52
4151,002570,贝因美,4.5,0.0,0.0,123093.0,55462305.76,1.56,4.54,4.47,4.52,4.5,0.41,1.14,31.19,2.98,4860194999.0,4859978999.0,0.0,-0.22,-7.98,-26.47
4152,920082,方正阀门,8.08,0.0,0.0,5139.0,4181916.96,1.86,8.21,8.06,8.16,8.08,0.63,0.9,35.81,3.15,1644255760.0,462372489.0,-0.86,-0.37,-11.79,-36.63
4153,002829,星网宇达,19.79,0.0,0.0,61656.0,122317760.0,3.03,20.19,19.59,20.14,19.79,0.69,4.22,-38.75,2.66,4112547907.0,2890379450.0,-0.05,-0.05,-24.49,-37.01
4154,600933,爱柯迪,13.65,0.0,0.0,64103.0,88032887.0,1.32,13.83,13.65,13.75,13.65,0.62,0.65,16.05,1.49,14059763349.0,13390828078.0,-0.07,-0.07,-17.52,-30.71
4155,301056,森赫股份,10.88,0.0,0.0,22802.0,25025769.74,3.49,11.18,10.8,10.98,10.88,0.63,1.3,72.05,3.91,2902638937.0,1914834630.0,-0.18,0.0,-17.45,-34.46
4156,603536,惠发食品,9.71,0.0,0.0,35212.0,34088636.0,2.27,9.8,9.58,9.72,9.71,0.53,1.46,833.05,6.67,2335568245.0,2335568245.0,0.21,0.52,3.08,-12.68
4157,300654,世纪天鸿,10.0,0.0,0.0,120948.0,120012760.0,2.8,10.05,9.77,9.93,10.0,0.79,3.43,167.76,4.36,3661248520.0,3526362390.0,0.0,0.1,3.63,1.42
4158,603687,大胜达,13.14,0.0,0.0,142903.0,188876710.0,3.2,13.45,13.03,13.4,13.14,0.94,2.6,81.89,2.22,7227418693.0,7227418693.0,-0.08,0.0,-18.33,38.46
4159,603697,有友食品,9.46,0.0,0.0,38114.0,35900978.0,1.9,9.52,9.34,9.48,9.46,0.46,0.89,16.3,2.23,4045967247.0,4045967247.0,0.0,0.11,-9.47,-21.56
4160,300210,森远股份,8.3,0.0,0.0,52582.0,43661657.0,2.17,8.42,8.24,8.41,8.3,0.61,1.09,-85.78,10.72,4019025610.0,4019025610.0,0.36,0.24,-24.75,-6.64
4161,300225,金力泰,7.3,0.0,0.0,94415.0,69490881.0,3.29,7.48,7.24,7.39,7.3,0.64,2.0,60.32,3.96,3470636007.0,3445934997.0,0.0,0.0,-19.78,28.52
4162,600021,上海电力,13.63,0.0,0.0,199842.0,272713683.0,1.32,13.76,13.58,13.65,13.63,0.55,0.71,16.96,1.95,38462167222.0,38462167222.0,-0.07,0.0,-32.59,-30.64
4163,600333,长春燃气,6.25,0.0,0.0,90698.0,56669454.0,1.76,6.31,6.2,6.25,6.25,0.92,1.49,49.59,1.97,3806441775.0,3806441775.0,0.16,0.0,8.89,13.02
4164,920011,晨光电机,19.2,0.0,0.0,8083.0,15576822.3,4.32,19.85,19.02,19.2,19.2,0.64,4.35,24.97,1.87,1587200006.0,357120019.0,-0.21,0.0,-24.71,23.87
4165,002233,塔牌集团,7.06,0.0,0.0,68529.0,48433488.64,1.27,7.12,7.03,7.05,7.06,0.54,0.58,18.89,0.71,8289502586.0,8285781260.0,-0.14,0.0,-12.52,-17.23
4166,920403,康农种业,21.31,0.0,0.0,91151.0,186819623.06,16.99,22.88,19.26,20.0,21.31,1.47,14.02,77.73,4.28,2329123076.0,1385212609.0,-0.65,-1.16,11.98,3.75
4167,920108,宏海科技,9.12,0.0,0.0,3548.0,3231719.14,1.64,9.21,9.06,9.21,9.12,0.58,0.49,41.22,3.29,1570464000.0,665464968.0,0.55,0.55,-10.32,-32.14
4168,002236,大华股份,16.14,0.0,0.0,359592.0,581496491.38,1.49,16.32,16.08,16.22,16.14,0.73,1.5,11.07,1.35,52765889874.0,38592991772.0,-0.06,0.06,-8.87,-13.09
4169,600746,江苏索普,6.57,0.0,0.0,92116.0,60667160.0,3.5,6.72,6.49,6.58,6.57,0.71,0.79,56.26,1.42,7672727748.0,7672727748.0,0.0,0.0,1.23,-3.95
4170,601003,柳钢股份,3.6,0.0,0.0,142107.0,51329598.0,3.06,3.68,3.57,3.61,3.6,0.79,0.55,100.54,1.04,9483198376.0,9226055520.0,0.0,0.0,-4.76,-26.98
4171,600582,天地科技,4.85,0.0,0.0,183415.0,88496575.0,1.86,4.88,4.79,4.84,4.85,1.03,0.44,11.59,0.81,20072156126.0,20072156126.0,0.0,0.21,-5.27,-12.3
4172,600999,招商证券,17.83,0.0,0.0,352950.0,629102137.0,1.57,17.98,17.7,17.9,17.83,0.73,0.48,11.85,1.29,155059072951.0,132334354000.0,0.0,0.06,2.83,10.13
4173,603766,隆鑫通用,13.97,0.0,0.0,169361.0,238176081.0,3.36,14.31,13.84,13.97,13.97,0.9,0.82,15.22,3.33,28687979645.0,28687979645.0,0.0,0.07,3.64,-9.34
4174,920183,海菲曼,28.25,0.0,0.0,1100.0,3121765.21,1.91,28.67,28.13,28.42,28.25,0.46,0.98,18.39,3.21,1382894000.0,317807613.0,0.0,-0.39,-23.65,50.99
4175,002374,中锐股份,3.05,0.0,0.0,134205.0,41553278.0,3.28,3.15,3.05,3.06,3.05,0.8,1.24,-6.85,6.19,3309888313.0,3309888313.0,0.0,-0.33,-13.35,-15.28
4176,688009,中国通号,4.95,0.0,0.0,208698.0,103376539.0,1.41,4.99,4.92,4.92,4.95,0.9,0.24,25.13,1.14,52419604050.0,42674039100.0,-0.2,-0.2,6.68,-6.6
4177,920136,永励精密,20.25,0.0,0.0,11272.0,22841788.58,1.93,20.45,20.06,20.39,20.25,0.55,5.37,17.4,1.43,1620000000.0,425250000.0,-0.1,-0.05,5.03,5.03
4178,603959,ST百利,4.76,0.0,0.0,52619.0,25087623.0,3.15,4.85,4.7,4.75,4.76,0.4,1.07,-12.22,5969.2,2333823202.0,2333823202.0,0.21,0.0,11.74,-17.07
4179,000595,新能股份,5.47,0.0,0.0,197589.0,108403113.0,4.39,5.65,5.41,5.63,5.47,0.41,1.74,107.98,12.15,6228450322.0,6228450322.0,0.0,-0.18,-30.93,-2.15
4180,688033,*ST天宜,5.94,0.0,0.0,21830.0,12978801.0,1.35,5.98,5.9,5.98,5.94,0.51,0.39,-9.8,2.52,3339459660.0,3339459660.0,-0.17,-0.17,-24.33,-22.86
4181,002939,长城证券,7.94,0.0,0.0,174645.0,138702741.72,1.01,7.99,7.91,7.97,7.94,0.69,0.48,12.9,1.0,32033350031.0,28605117470.0,-0.13,-0.13,-6.04,-21.23
4182,920128,胜业电气,17.68,0.0,0.0,6602.0,11685023.75,2.09,17.91,17.54,17.73,17.68,0.8,2.72,203.91,2.84,1435439200.0,429624000.0,-0.23,-0.23,-33.08,-36.4
4183,920089,禾昌聚合,10.0,0.0,0.0,4780.0,4779812.59,1.9,10.13,9.94,9.97,10.0,0.54,0.43,15.97,1.49,1958684000.0,1115617760.0,0.0,0.0,-16.32,-34.08
4184,920469,富恒新材,5.5,0.0,0.0,11183.0,6160643.07,3.09,5.6,5.43,5.49,5.5,0.57,1.08,-12.95,2.69,775203000.0,568964891.0,0.0,0.55,-19.94,-55.03
4185,000830,鲁西化工,11.88,0.0,0.0,326509.0,391974352.2,3.54,12.24,11.82,11.88,11.88,1.01,1.71,12.91,1.19,22623309851.0,22621613898.0,-0.08,0.08,-9.59,-27.43
4186,603311,金海高科,29.0,0.0,0.0,32615.0,95236611.0,4.72,29.87,28.5,29.21,29.0,0.76,1.38,48.33,5.18,6840633303.0,6840633303.0,0.0,0.28,-3.62,91.29
4187,601005,重庆钢铁,1.18,0.0,0.0,413612.0,48813041.0,1.69,1.19,1.17,1.18,1.18,0.76,0.5,-14.23,0.77,11339020638.0,9810091149.0,0.0,0.0,-8.53,-19.18
4188,601727,上海电气,6.52,0.0,0.0,366981.0,239147603.0,1.07,6.56,6.49,6.52,6.52,0.73,0.29,66.58,1.85,101321593067.0,82253970427.0,0.0,0.0,-22.38,-24.19
4189,600651,飞乐音响,5.69,0.0,0.0,111634.0,63547335.0,1.58,5.74,5.65,5.73,5.69,0.62,0.45,565.22,5.65,14264989405.0,14264989405.0,-0.18,-0.18,-12.86,-21.95
4190,600425,青松建化,3.59,0.0,0.0,126783.0,45616526.0,1.67,3.63,3.57,3.58,3.59,0.92,0.79,23.17,0.9,5760886308.0,5760886308.0,0.0,0.0,0.0,-11.58
4191,603721,中广天择,17.25,0.0,0.0,33553.0,57880927.0,2.55,17.44,17.0,17.29,17.25,0.41,2.58,-74.35,4.67,2242500000.0,2242500000.0,-0.35,-0.52,-29.88,-9.92
4192,300296,利亚德,5.07,0.0,0.0,521996.0,264185737.99,2.76,5.13,4.99,5.13,5.07,1.11,2.25,99.42,1.76,13749724516.0,11767452879.0,-0.2,0.0,-27.88,-18.49
4193,300073,当升科技,40.71,0.0,0.0,70217.0,286918013.95,1.6,41.22,40.57,41.0,40.71,0.67,1.39,20.01,1.5,22158195224.0,20598092112.0,0.1,0.07,-29.29,-29.22
4194,300053,航宇微,11.9,0.0,0.0,138942.0,166098007.66,3.53,12.21,11.79,12.14,11.9,0.76,2.13,-110.8,5.86,8292804444.0,7744745243.0,0.08,-0.08,-29.12,-37.43
4195,688448,磁谷科技,62.74,-0.02,-0.01,22482.0,141979426.0,7.17,66.0,61.5,66.0,62.75,0.69,2.31,2530.16,5.96,6118338296.0,6118338296.0,0.59,0.56,23.63,74.67
4196,300965,恒宇信通,43.16,-0.02,-0.01,6378.0,27569424.17,2.55,43.9,42.8,43.9,43.17,0.6,1.18,-190.9,2.14,2589600000.0,2334686250.0,-0.02,0.14,-31.32,-38.5
4197,603418,友升股份,43.2,-0.02,-0.01,6523.0,28325702.0,1.39,43.8,43.2,43.5,43.21,0.76,1.58,20.21,1.87,8340556781.0,1786951238.0,0.0,-0.09,-12.16,-27.6
4198,688320,禾川科技,32.65,-0.03,-0.01,34641.0,113711694.0,3.83,33.49,32.24,33.17,32.66,0.73,2.29,-218.96,4.06,4930596260.0,4930596260.0,-0.24,-0.34,-14.93,-12.51
4199,603833,欧派家居,32.57,-0.03,-0.01,47428.0,153698602.0,3.35,32.98,31.89,32.26,32.58,0.95,0.78,31.86,1.11,19728535132.0,19728535132.0,0.06,0.12,-13.97,-34.37
4200,605118,力鼎光电,29.0,-0.03,-0.01,20484.0,59392579.0,2.52,29.34,28.61,29.17,29.01,0.75,0.5,42.33,7.98,11926685000.0,11857186500.0,0.1,0.14,-21.6,-2.72
4201,300339,润和软件,37.52,-0.03,-0.01,328107.0,1241248711.3,4.0,38.58,37.08,37.55,37.53,0.94,4.22,96.69,8.32,29881334754.0,29178798118.0,-0.05,-0.05,-13.21,-24.09
4202,920121,江天科技,28.04,-0.04,-0.01,1201.0,3378962.3,1.64,28.3,27.84,28.05,28.05,0.56,1.01,15.49,2.38,1852551851.0,334384683.0,-0.14,0.04,-17.31,-38.48
4203,002262,恩华药业,22.79,-0.04,-0.01,157458.0,360236570.1,4.04,23.38,22.46,23.2,22.8,1.18,1.78,15.63,2.76,23149776227.0,20141261991.0,0.09,0.18,10.95,-3.96
4204,301585,蓝宇股份,26.55,-0.04,-0.01,7190.0,19189045.49,1.84,26.99,26.5,26.58,26.56,0.72,1.06,50.43,2.81,2761200000.0,1808292118.0,0.08,0.0,2.35,-13.55
4205,300726,宏达电子,51.9,-0.04,-0.02,83097.0,434222088.61,3.37,53.12,51.37,52.51,51.92,0.61,3.88,56.88,4.46,21374487956.0,11129354154.0,-0.1,-0.02,-12.33,3.99
4206,001237,惠康科技,52.38,-0.04,-0.02,10910.0,57283791.12,2.19,53.15,52.0,52.79,52.4,0.52,3.13,23.42,2.36,7770647903.0,1825758747.0,0.02,0.06,-33.27,-1.65
4207,000049,德赛电池,23.53,-0.04,-0.01,71483.0,168378035.03,1.53,23.75,23.39,23.67,23.54,0.6,1.86,22.04,1.32,9050544705.0,9048105303.0,0.0,-0.04,-9.95,-11.71
4208,603986,兆易创新,403.5,-0.05,-0.21,361764.0,14629180703.0,3.16,410.59,397.83,410.0,403.71,0.63,5.41,20.65,7.59,283154121219.0,269736495369.0,0.07,0.35,-21.53,88.99
4209,600298,安琪酵母,42.31,-0.05,-0.02,69907.0,297060907.0,2.27,43.1,42.14,42.39,42.33,0.43,0.82,20.84,2.95,36717281040.0,36266036428.0,0.02,-0.02,19.25,-2.04
4210,688625,呈和科技,57.24,-0.05,-0.03,38862.0,223483027.0,5.29,59.11,56.08,59.11,57.27,0.64,1.5,41.2,9.36,14863335646.0,14863335646.0,0.07,-0.07,-26.15,93.64
4211,300919,中伟新材,39.75,-0.05,-0.02,75246.0,300811423.41,2.14,40.43,39.58,40.0,39.77,0.79,0.82,18.69,1.77,41517531927.0,36359636799.0,-0.03,0.1,-27.14,-13.51
4212,301348,蓝箭电子,20.79,-0.05,-0.01,85797.0,179731651.94,3.61,21.36,20.61,21.15,20.8,0.49,4.43,-155.24,3.4,4989600000.0,4022419699.0,-0.1,0.05,-25.38,2.97
4213,600026,中远海能,18.31,-0.05,-0.01,907717.0,1697511895.0,5.62,19.23,18.2,18.5,18.32,1.79,2.37,11.52,2.17,100177931599.0,70090532714.0,-0.27,-0.05,-8.08,62.04
4214,300537,广信材料,19.58,-0.05,-0.01,57669.0,113343977.6,3.11,20.0,19.39,19.99,19.59,0.5,3.8,135.29,4.47,4057159151.0,2971502564.0,0.2,0.0,-30.86,-10.31
4215,688665,四方光电,43.88,-0.05,-0.02,6223.0,27722638.0,3.74,45.3,43.66,44.02,43.9,1.03,0.61,27.58,3.65,4440319923.0,4440319923.0,0.05,-0.27,-17.6,-9.28
4216,605222,起帆电缆,19.63,-0.05,-0.01,63368.0,124785657.0,2.75,20.04,19.5,20.03,19.64,0.82,1.53,21.25,1.73,8105379191.0,8105379191.0,-0.15,-0.1,-37.86,7.09
4217,002645,华宏科技,19.2,-0.05,-0.01,338445.0,657687561.06,6.3,20.2,18.99,20.03,19.21,0.74,4.98,16.7,3.44,14459912294.0,13060098931.0,0.05,0.16,-25.35,58.42
4218,688369,致远互联,19.85,-0.05,-0.01,34831.0,69767533.0,3.32,20.39,19.73,20.04,19.86,0.7,3.02,-8.8,2.99,2287078709.0,2287078709.0,0.1,-0.1,-9.28,-21.94
4219,300571,平治信息,30.88,-0.06,-0.02,68932.0,212944502.0,3.69,31.45,30.31,31.14,30.9,0.64,5.96,220.65,3.49,4308633719.0,3570875964.0,-0.06,-0.23,-38.18,11.68
4220,002371,北方华创,712.55,-0.06,-0.4,79373.0,5736552582.61,4.9,739.15,704.25,726.01,712.95,0.95,1.09,79.08,13.35,517089839460.0,516677022192.0,-0.06,0.14,8.95,55.47
4221,300873,海晨股份,15.49,-0.06,-0.01,108182.0,167864937.08,3.81,15.87,15.28,15.78,15.5,0.85,4.62,1014.39,1.59,4991608044.0,3623544705.0,0.52,-0.06,-5.61,0.0
4222,600388,紫金龙净,17.4,-0.06,-0.01,85615.0,149960252.0,2.58,17.75,17.3,17.54,17.41,0.6,0.67,19.84,2.03,22098805498.0,22098805498.0,-0.11,0.06,-9.23,9.23
4223,688083,中望软件,53.63,-0.06,-0.03,28772.0,155694608.0,4.66,55.5,53.0,54.0,53.66,0.51,1.7,-263.67,3.49,9098128173.0,9098128173.0,0.0,-0.07,-9.49,-20.85
4224,920533,骏创科技,17.62,-0.06,-0.01,9985.0,17722805.75,2.44,17.96,17.53,17.53,17.63,0.5,1.37,73.04,6.26,2303944119.0,1288676283.0,-0.11,-0.23,-20.02,-44.29
4225,002112,三变科技,15.85,-0.06,-0.01,143592.0,228494528.47,3.47,16.25,15.7,16.12,15.86,0.43,5.48,55.32,5.41,4661980820.0,4153960868.0,-0.06,-0.06,-14.32,19.62
4226,688188,柏楚电子,102.34,-0.06,-0.06,23010.0,236885617.0,2.64,104.6,101.9,102.88,102.4,0.67,0.57,26.36,6.55,41504738483.0,41504738483.0,-0.1,0.01,-11.27,6.95
4227,603032,德新科技,18.15,-0.06,-0.01,42261.0,76906790.0,3.14,18.55,17.98,18.39,18.16,0.69,1.81,42.15,3.65,4233077310.0,4226801040.0,0.0,0.06,-27.78,-5.07
4228,002185,华天科技,17.35,-0.06,-0.01,2031359.0,3549698667.4,4.32,17.89,17.14,17.6,17.36,0.64,6.11,166.1,3.23,57661399738.0,57648007984.0,0.23,0.12,-13.81,58.45
4229,920634,新威凌,16.32,-0.06,-0.01,8307.0,13787559.25,4.35,16.95,16.24,16.49,16.33,0.77,2.05,112.95,3.64,1042991061.0,662165640.0,-0.43,-0.31,-0.49,-32.37
4230,301632,广东建科,14.13,-0.07,-0.01,51127.0,71768218.05,2.33,14.15,13.82,14.02,14.14,0.79,2.78,423.34,2.17,5914252800.0,2597270625.0,0.0,0.0,-17.32,-41.27
4231,600760,中航沈飞,43.5,-0.07,-0.03,85363.0,372370537.0,1.42,43.82,43.2,43.28,43.53,0.52,0.3,186.89,5.35,123319430249.0,123085540319.0,-0.09,-0.11,1.92,-21.97
4232,300829,金丹科技,15.08,-0.07,-0.01,43904.0,66480964.06,2.52,15.37,14.99,15.2,15.09,0.53,2.8,28.83,1.42,3427308614.0,2363690939.0,-0.13,-0.13,-22.35,-8.55
4233,300850,新强联,25.3,-0.08,-0.02,67057.0,169527252.17,2.17,25.6,25.05,25.57,25.32,0.62,2.23,17.51,1.49,10476371626.0,7609865408.0,-0.08,-0.04,-22.18,-38.41
4234,688478,晶升股份,49.7,-0.08,-0.04,55671.0,277378458.0,6.25,51.78,48.67,51.25,49.74,0.7,4.02,-196.27,4.59,6876794971.0,6876794971.0,-0.18,-0.34,-31.77,32.85
4235,603257,中国瑞林,62.4,-0.08,-0.05,17032.0,106332564.0,3.35,63.75,61.66,62.78,62.45,1.6,6.84,36.35,2.99,7488000000.0,1553760000.0,-0.08,0.26,10.83,6.12
4236,920895,花溪科技,12.76,-0.08,-0.01,5027.0,6395724.61,3.45,13.0,12.56,12.73,12.77,0.45,1.75,-76.22,3.77,721246240.0,366682844.0,0.95,1.03,-4.28,-37.63
4237,688181,八亿时空,38.8,-0.08,-0.03,47383.0,185154446.0,4.56,39.98,38.21,39.2,38.83,0.72,3.56,59.06,2.48,5161558607.0,5161558607.0,-0.51,-0.28,-13.24,20.72
4238,002669,康达新材,12.09,-0.08,-0.01,75486.0,91824110.74,2.81,12.35,12.01,12.28,12.1,0.52,2.49,133.59,1.34,3668106000.0,3659858202.0,0.17,0.0,-23.82,-19.93
4239,600288,大恒科技,11.26,-0.09,-0.01,278527.0,314048863.0,2.57,11.41,11.12,11.41,11.27,0.47,6.38,24.04,2.48,4918368000.0,4918368000.0,-0.27,-0.35,-16.59,-24.83
4240,301186,超达装备,34.07,-0.09,-0.03,11007.0,37446667.55,2.7,34.52,33.6,34.3,34.1,0.8,1.02,61.25,2.41,3909311181.0,3675576979.0,0.21,0.06,-25.82,-0.76
4241,688019,安集科技,248.41,-0.09,-0.23,64888.0,1631250770.0,4.7,257.0,245.32,256.58,248.64,0.83,2.84,68.29,12.49,56726048847.0,56726048847.0,-0.22,-0.05,3.38,48.53
4242,603466,风语筑,11.51,-0.09,-0.01,393146.0,456237268.0,3.91,11.85,11.4,11.75,11.52,0.4,6.61,40.17,3.31,6846475943.0,6846475943.0,0.17,-0.09,7.27,23.23
4243,002911,佛燃能源,10.76,-0.09,-0.01,34684.0,37354075.75,2.6,10.92,10.64,10.83,10.77,0.7,0.27,21.19,1.7,13968371931.0,13633328891.0,0.47,0.28,-6.03,-7.24
4244,002134,天津普林,21.13,-0.09,-0.02,50531.0,107695857.55,2.65,21.6,21.04,21.5,21.15,0.74,2.04,112.94,10.21,5236390029.0,5233009715.0,0.19,0.0,-30.45,-21.13
4245,600588,用友网络,10.88,-0.09,-0.01,394693.0,431428818.0,2.02,11.04,10.82,10.94,10.89,0.58,1.16,-12.86,5.39,37176931810.0,37176931810.0,-0.09,0.0,5.63,-17.95
4246,603057,紫燕食品,21.82,-0.09,-0.02,14613.0,31866169.0,2.66,22.18,21.6,21.84,21.84,0.48,0.35,27.19,4.32,9057809300.0,8989840000.0,-0.14,-0.05,-17.41,8.23
4247,003031,中瓷电子,129.13,-0.09,-0.12,128860.0,1678706608.43,5.17,134.5,127.82,133.0,129.25,0.85,3.79,75.33,9.09,58244455683.0,43924434154.0,0.02,-0.09,-12.01,77.57
4248,000048,京基智农,22.43,-0.09,-0.02,120720.0,271289205.26,3.92,23.0,22.12,22.63,22.45,0.58,2.28,-12.87,3.17,11892447683.0,11872260683.0,-0.36,0.18,74.55,27.44
4249,688257,新锐股份,57.1,-0.09,-0.05,124194.0,717234896.0,5.53,59.17,56.01,58.35,57.15,0.76,3.5,16.24,7.75,20285533231.0,20285533231.0,-0.09,0.14,-20.66,134.88
4250,600350,山东高速,10.51,-0.1,-0.01,88979.0,93551916.0,1.14,10.57,10.45,10.5,10.52,0.65,0.18,15.22,1.77,50811339371.0,50811339371.0,-0.1,-0.1,-7.89,12.65
4251,601098,中南传媒,10.26,-0.1,-0.01,62835.0,64437304.0,1.56,10.34,10.18,10.25,10.27,0.84,0.35,12.14,1.17,18426960000.0,18426960000.0,0.0,0.0,-2.56,-5.09
4252,601601,中国太保,30.17,-0.1,-0.03,341011.0,1023862585.0,1.13,30.21,29.87,30.01,30.2,0.94,0.5,7.23,0.94,290245701697.0,206514900697.0,0.03,0.13,-4.16,-25.98
4253,002585,双星新材,9.76,-0.1,-0.01,539710.0,529932394.54,4.4,10.1,9.67,10.07,9.77,0.44,6.09,686.26,1.34,11139308693.0,8654745724.0,0.1,0.0,-9.04,45.45
4254,002555,三七互娱,18.54,-0.11,-0.02,275075.0,510607550.19,1.99,18.78,18.41,18.68,18.56,0.65,1.73,11.74,3.12,41014886606.0,29429633060.0,-0.05,0.0,-3.99,-19.36
4255,300054,鼎龙股份,74.46,-0.11,-0.08,247992.0,1843494828.39,4.53,75.98,72.6,75.6,74.54,0.76,3.33,70.8,13.24,71071605370.0,55420191404.0,0.01,0.13,1.58,98.56
4256,920191,瑞尔竞达,8.77,-0.11,-0.01,8607.0,7577839.88,1.48,8.88,8.75,8.88,8.78,0.76,2.16,16.71,1.5,1555757658.0,350054550.0,-0.11,-0.11,-21.35,13.75
4257,601298,青岛港,8.92,-0.11,-0.01,102771.0,91565925.0,2.24,9.01,8.81,8.89,8.93,1.35,0.19,10.53,1.26,57900612000.0,48097309000.0,-0.11,-0.11,3.96,9.58
4258,301563,云汉芯城,122.82,-0.11,-0.14,13423.0,166322314.51,3.4,126.22,122.04,125.51,122.96,0.66,7.01,31.33,7.73,10396826977.0,2350246183.0,0.05,-0.02,-23.79,4.53
4259,002849,威星智能,17.7,-0.11,-0.02,65358.0,116666170.6,3.72,18.2,17.54,18.0,17.72,0.63,2.99,38.36,2.85,3905222083.0,3873584537.0,-0.06,0.11,4.98,11.6
4260,301517,陕西华达,37.96,-0.11,-0.04,34141.0,131455600.44,4.13,39.37,37.8,38.77,38.0,1.24,3.5,-89.74,4.51,5740970945.0,3703456557.0,0.0,-0.39,-34.43,-45.37
4261,600461,洪城环境,8.9,-0.11,-0.01,72431.0,64410899.0,1.23,8.94,8.83,8.89,8.91,0.95,0.56,9.04,1.18,11428995627.0,11428995627.0,-0.34,0.0,-8.81,1.14
4262,605268,王力安防,9.45,-0.11,-0.01,69154.0,65739614.0,4.86,9.82,9.36,9.49,9.46,1.25,1.57,36.1,2.58,4163197500.0,4163197500.0,-0.21,-0.11,-8.07,-9.31
4263,600346,恒力石化,18.84,-0.11,-0.02,518427.0,990480555.0,4.98,19.65,18.71,18.77,18.86,1.31,0.74,9.2,1.84,132616639968.0,132616639968.0,-0.05,-0.05,8.53,-15.29
4264,301068,大地海洋,28.32,-0.11,-0.03,16263.0,45351392.2,5.08,28.78,27.34,28.27,28.35,1.23,1.62,73.54,4.97,4002061813.0,2841105588.0,1.51,2.31,-5.38,7.6
4265,688122,西部超导,48.77,-0.12,-0.06,59825.0,293278265.0,1.66,49.47,48.66,49.1,48.83,0.63,0.92,180.7,4.58,31684137519.0,31684137519.0,0.02,-0.04,-30.14,-34.25
4266,920056,能之光,16.08,-0.12,-0.02,3245.0,5240579.1,2.24,16.36,16.0,16.06,16.1,0.72,1.05,22.17,2.44,1313602536.0,495969606.0,0.25,-0.19,-17.92,-34.69
4267,002515,金字火腿,8.08,-0.12,-0.01,973506.0,786898307.43,6.67,8.35,7.81,8.23,8.09,0.86,8.84,-601.68,3.77,9781762445.0,8902963546.0,0.12,0.37,24.69,32.89
4268,688779,五矿新能,8.13,-0.12,-0.01,384696.0,311921321.0,3.07,8.27,8.02,8.25,8.14,1.04,1.99,20.77,2.14,15684558470.0,15684558470.0,-0.49,-0.61,-10.26,9.13
4269,300619,金银河,25.65,-0.12,-0.03,36545.0,93387607.54,3.43,26.08,25.2,25.98,25.68,0.63,1.92,-100.15,3.69,5802018586.0,4884592214.0,0.08,0.0,-20.51,-23.98
4270,300857,协创数据,247.38,-0.12,-0.29,148541.0,3677580256.57,3.96,252.68,242.86,248.5,247.67,0.56,3.05,32.5,19.89,121058628835.0,120439426305.0,-0.13,-0.07,0.55,105.74
4271,002201,九鼎新材,8.03,-0.12,-0.01,100422.0,81012615.58,2.74,8.19,7.97,8.16,8.04,0.74,1.67,83.56,4.45,5232639015.0,4834245895.0,0.0,0.0,-29.38,-29.56
4272,301210,金杨精密,24.29,-0.12,-0.03,32617.0,79288108.96,3.45,24.79,23.95,24.7,24.32,0.87,5.3,38.43,2.09,3914553373.0,1495012336.0,-0.12,0.12,-18.16,-6.18
4273,002756,永兴材料,46.2,-0.13,-0.06,80222.0,373498328.9,2.31,47.17,46.1,47.01,46.26,0.74,2.07,12.73,1.92,24906491148.0,17883000874.0,-0.17,0.0,-27.54,-14.22
4274,600392,盛和资源,22.28,-0.13,-0.03,516933.0,1166796506.0,4.26,23.0,22.05,22.79,22.31,0.68,2.95,29.83,3.16,39052975980.0,39052975980.0,-0.04,-0.09,0.13,4.95
4275,000600,建投能源,7.89,-0.13,-0.01,154998.0,122514435.5,1.27,7.96,7.86,7.91,7.9,0.57,1.42,5.93,1.18,14227519227.0,8600501412.0,-0.13,-0.13,-26.81,-3.9
4276,001313,粤海饲料,7.91,-0.13,-0.01,149711.0,117637546.0,2.53,7.96,7.76,7.89,7.92,0.59,2.14,122.96,2.16,5537000000.0,5530302215.0,0.0,0.0,-8.34,8.06
4277,688168,安博通,35.76,-0.14,-0.05,30367.0,108840383.0,3.88,36.59,35.2,35.36,35.81,0.82,2.81,79.85,3.86,3864190019.0,3864190019.0,-0.28,-0.17,-43.41,-33.4
4278,600123,兰花科创,7.27,-0.14,-0.01,265714.0,195415233.0,3.85,7.5,7.22,7.24,7.28,1.16,1.8,-97.51,0.71,10710454953.0,10710454953.0,0.0,-0.14,14.13,23.01
4279,300314,戴维医疗,13.82,-0.14,-0.02,208687.0,291306426.72,8.45,14.67,13.5,14.33,13.84,0.76,14.52,100.65,3.26,3980160000.0,1986506811.0,0.0,-0.72,32.76,10.56
4280,688099,晶晨股份,93.25,-0.14,-0.13,104290.0,992406010.0,4.42,97.18,93.05,95.0,93.38,0.84,2.46,32.31,4.95,39474589534.0,39474589534.0,-0.02,-0.13,-18.6,7.15
4281,000608,阳光股份,7.38,-0.14,-0.01,190059.0,141202297.75,4.06,7.59,7.29,7.44,7.39,0.47,2.55,-58.94,2.7,5534360220.0,5501255385.0,-0.4,-0.14,76.56,180.61
4282,600660,福耀玻璃,57.82,-0.14,-0.08,140638.0,808719535.0,2.04,58.08,56.9,57.35,57.9,1.0,0.7,19.0,3.95,150895371020.0,115812669716.0,0.09,0.1,9.61,-9.05
4283,603106,恒银科技,7.21,-0.14,-0.01,261885.0,188702537.0,3.74,7.34,7.07,7.26,7.22,0.52,5.03,329.65,2.86,3752949200.0,3752949200.0,0.0,0.0,-9.08,-32.43
4284,601121,宝地矿业,7.31,-0.14,-0.01,119665.0,87669080.0,3.42,7.48,7.23,7.37,7.32,0.78,1.5,48.67,1.67,7194814488.0,5848000000.0,0.0,0.0,12.98,0.0
4285,688347,华虹宏力,232.68,-0.14,-0.32,158671.0,3681642094.0,4.9,239.43,228.01,238.38,233.0,0.55,3.89,724.29,8.94,404334179217.0,94875270000.0,0.0,0.19,7.92,115.7
4286,603733,仙鹤股份,21.68,-0.14,-0.03,105978.0,231869425.0,4.7,22.48,21.46,21.71,21.71,0.92,1.3,17.66,1.73,17718050026.0,17718050026.0,-0.32,-0.14,-6.11,-7.63
4287,300948,冠中生态,20.99,-0.14,-0.03,36012.0,76395842.09,5.85,22.0,20.77,21.01,21.02,0.77,2.32,7746.79,3.47,3450276358.0,3256655425.0,0.29,0.05,-23.25,-3.23
4288,301297,富乐德,34.66,-0.14,-0.05,104104.0,362954069.68,3.46,35.56,34.36,35.4,34.71,0.63,1.97,62.08,4.3,24064762487.0,18308352707.0,-0.17,-0.17,-22.84,-2.72
4289,002518,科士达,32.75,-0.15,-0.05,92510.0,303945233.61,3.17,33.38,32.34,33.07,32.8,0.72,1.64,34.38,4.05,19067871829.0,18508737727.0,0.0,0.06,-41.52,-31.87
4290,920262,太湖雪,13.61,-0.15,-0.02,7285.0,9910171.0,3.08,13.87,13.45,13.63,13.63,1.07,1.89,20.86,2.97,1128772869.0,524753951.0,0.29,0.15,-5.09,-32.79
4291,000429,粤高速Ａ,13.08,-0.15,-0.02,87460.0,113997322.92,1.68,13.12,12.9,13.07,13.1,1.27,0.67,15.13,2.67,27347744128.0,17047555170.0,-0.08,-0.15,0.23,16.99
4292,600987,航民股份,6.53,-0.15,-0.01,66758.0,43830564.0,1.68,6.63,6.52,6.54,6.54,1.12,0.65,11.1,0.99,6665947241.0,6665947241.0,-0.15,0.0,-0.76,-1.66
4293,002655,共达电声,34.34,-0.15,-0.05,374142.0,1308304968.96,7.44,36.49,33.93,35.05,34.39,1.05,10.3,454.54,14.31,12519814560.0,12474248814.0,-0.03,-0.2,-11.61,166.41
4294,603196,璞源材料,19.5,-0.15,-0.03,16873.0,33111790.0,3.69,20.03,19.31,19.79,19.53,0.84,0.71,69.0,4.02,8164405080.0,4621271499.0,-0.05,-0.05,-24.83,-23.62
4295,920808,曙光数创,59.29,-0.15,-0.09,9876.0,58913855.87,2.63,60.59,59.03,59.42,59.38,0.49,0.51,-62.29,16.83,11858000059.0,11547398781.0,0.0,0.0,-22.33,-16.46
4296,301513,尚水智能,47.81,-0.15,-0.07,6509.0,31259302.11,2.67,48.88,47.6,48.74,47.88,0.5,3.23,40.61,3.66,4781000000.0,963323164.0,0.08,0.21,-34.08,82.55
4297,002977,*ST天箭,20.24,-0.15,-0.03,8268.0,16721141.07,2.32,20.49,20.02,20.26,20.27,0.87,1.24,155.92,2.86,2431228800.0,1348938721.0,-0.15,-0.15,-24.53,-42.68
4298,688070,纵横股份,33.95,-0.15,-0.05,9377.0,32046877.0,3.26,34.77,33.66,34.5,34.0,0.44,1.06,-40.87,5.03,3001875975.0,3001875975.0,-0.03,-0.26,-22.08,-38.72
4299,600354,敦煌种业,6.84,-0.15,-0.01,1197041.0,799538534.0,9.78,6.98,6.31,6.75,6.85,1.49,22.68,19.1,4.82,3610166227.0,3610166227.0,-0.15,0.29,25.05,5.72
4300,600938,中国海油,33.3,-0.15,-0.05,416541.0,1385094968.0,2.79,33.73,32.8,33.26,33.35,0.97,1.39,10.11,1.89,1582747467667.0,99567000000.0,0.03,0.12,-0.92,12.12
4301,300057,万顺新材,6.35,-0.16,-0.01,210218.0,133866840.51,2.83,6.46,6.28,6.45,6.36,0.78,2.53,72.62,1.14,6372678790.0,5276697524.0,0.16,-0.16,-24.22,11.8
4302,001248,华润新能,12.24,-0.16,-0.02,355400.0,435884714.22,0.9,12.33,12.22,12.27,12.26,0.51,3.35,25.21,1.43,163056541406.0,13003822402.0,0.0,0.08,21.07,21.07
4303,300045,华力创通,12.6,-0.16,-0.02,112371.0,142315179.71,2.85,12.92,12.56,12.85,12.62,0.7,2.18,-174.58,5.5,8349707974.0,6505546018.0,-0.16,-0.08,-37.47,-56.42
4304,003015,日久光电,12.41,-0.16,-0.02,54720.0,68175662.18,2.74,12.63,12.29,12.48,12.43,0.72,2.22,50.17,3.07,3488037337.0,3065801359.0,0.0,-0.08,-4.69,-19.42
4305,603225,新凤鸣,18.97,-0.16,-0.03,120152.0,230592358.0,3.74,19.58,18.87,18.94,19.0,1.05,0.72,21.64,1.54,31822057007.0,31652311550.0,0.0,-0.16,9.09,-1.51
4306,601225,陕西煤业,25.55,-0.16,-0.04,293317.0,753780899.0,3.24,26.1,25.27,25.33,25.59,0.78,0.3,14.71,2.66,247707250000.0,247707250000.0,0.2,0.24,7.58,25.18
4307,002039,黔源电力,19.02,-0.16,-0.03,42228.0,80274339.8,1.26,19.15,18.91,19.1,19.05,0.76,0.99,22.79,1.86,8132155557.0,8132132733.0,0.0,-0.05,-9.04,6.97
4308,301581,黄山谷捷,36.58,-0.16,-0.06,5542.0,20464371.0,3.55,37.4,36.1,36.85,36.64,0.82,1.31,89.47,2.96,2926400000.0,1547132810.0,-0.16,-0.16,-28.08,-22.34
4309,000788,北大医药,5.89,-0.17,-0.01,520301.0,308055222.67,4.92,6.11,5.82,5.96,5.9,1.27,8.73,32.51,2.36,3510365933.0,3510365933.0,0.17,0.34,11.55,-0.84
4310,920896,旺成科技,12.01,-0.17,-0.02,4209.0,5058205.82,3.08,12.28,11.91,12.09,12.03,0.78,0.95,21.74,2.84,1215703122.0,533265738.0,0.08,0.0,-19.34,-42.7
4311,301117,佳缘科技,17.76,-0.17,-0.03,69551.0,124306461.09,3.93,18.18,17.48,18.11,17.79,0.64,6.0,-33.21,2.59,3211648568.0,2057584534.0,0.45,0.11,-35.75,-53.31
4312,300305,裕兴股份,6.05,-0.17,-0.01,81243.0,49291963.0,2.64,6.15,5.99,6.08,6.06,0.5,2.53,-11.68,1.17,2271172251.0,1944929177.0,0.0,0.0,-9.3,1.68
4313,300304,云意电气,11.52,-0.17,-0.02,149011.0,173714945.4,3.9,11.92,11.47,11.68,11.54,0.61,1.74,35.96,3.01,10116215631.0,9844018952.0,-0.09,-0.17,-14.22,-0.6
4314,920455,汇隆活塞,5.91,-0.17,-0.01,9080.0,5376369.27,2.7,6.01,5.85,5.95,5.92,1.02,0.93,32.02,3.2,1048729500.0,575110622.0,0.17,0.51,-11.79,-28.45
4315,688110,东芯股份,114.32,-0.17,-0.19,144882.0,1672727543.0,4.39,117.93,112.9,116.8,114.51,0.79,3.28,91.43,14.07,50572583339.0,50572583339.0,-0.1,-0.01,-22.76,-12.97
4316,601222,林洋能源,5.46,-0.18,-0.01,117397.0,64274451.0,1.65,5.53,5.44,5.47,5.47,0.84,0.58,46.27,0.74,11145062052.0,11145062052.0,0.0,0.0,-15.35,-0.18
4317,300490,华自科技,11.29,-0.18,-0.02,95841.0,108827681.01,2.83,11.55,11.23,11.45,11.31,0.78,2.44,13.55,2.02,4500991909.0,4439821989.0,0.0,0.09,-29.96,-5.84
4318,002705,新宝股份,11.3,-0.18,-0.02,41327.0,46922665.08,1.24,11.44,11.3,11.37,11.32,0.69,0.51,29.11,1.09,9174196314.0,9126228537.0,-0.09,0.0,-6.84,-19.05
4319,600997,开滦股份,5.56,-0.18,-0.01,186244.0,104425734.0,4.31,5.74,5.5,5.5,5.57,1.79,1.17,-20.2,0.65,8828167172.0,8828167172.0,-0.36,-0.54,5.3,-2.97
4320,601107,四川成渝,5.56,-0.18,-0.01,93807.0,52032975.0,2.15,5.61,5.49,5.55,5.57,1.23,0.43,9.31,1.03,17002813600.0,12024834400.0,-0.36,-0.18,-7.18,-3.81
4321,920339,恒太照明,11.04,-0.18,-0.02,7009.0,7681855.38,2.98,11.13,10.8,11.03,11.06,0.47,0.46,-291.85,4.2,2431049952.0,1668995570.0,0.64,0.73,-1.6,12.65
4322,920267,鑫汇科,16.22,-0.18,-0.03,11742.0,19078238.69,2.46,16.48,16.08,16.19,16.25,0.62,4.32,-54.04,3.19,770173303.0,440811719.0,0.5,0.43,5.32,-28.55
4323,688795,摩尔线程-U,546.99,-0.18,-1.01,8099.0,442541507.0,2.05,552.27,541.01,548.0,548.0,0.56,2.68,-11117.3,21.11,257100734417.0,16533040775.0,0.0,0.09,-18.84,-6.96
4324,603271,永杰新材,42.92,-0.19,-0.08,15426.0,66154956.0,2.65,43.53,42.39,43.3,43.0,0.86,1.63,17.82,2.85,8503954200.0,4059201748.0,-0.09,0.37,-8.27,5.64
4325,603166,福达股份,10.79,-0.19,-0.02,76132.0,82175466.0,2.41,10.94,10.68,10.81,10.81,0.74,1.19,23.19,2.67,6966570524.0,6913321874.0,-0.19,-0.09,-18.75,-30.39
4326,601002,晋亿实业,5.21,-0.19,-0.01,90928.0,47689483.0,2.11,5.31,5.2,5.25,5.22,0.79,0.95,17.39,1.16,5010200251.0,4972636151.0,0.0,0.19,3.78,2.96
4327,688079,美迪凯,15.67,-0.19,-0.03,150385.0,235614643.0,4.52,16.08,15.37,15.9,15.7,1.07,3.72,-38.88,5.16,6451340222.0,6340557710.0,0.06,-0.25,-30.66,38.43
4328,920145,恒合股份,9.89,-0.2,-0.02,3692.0,3689348.69,3.33,10.15,9.82,9.99,9.91,0.63,0.76,-49.95,2.71,697739500.0,482950953.0,-0.8,-0.4,-14.74,-60.91
4329,002442,龙星科技,4.95,-0.2,-0.01,79110.0,39219866.5,2.02,5.01,4.91,4.96,4.96,1.07,1.61,70.52,1.36,2491699746.0,2432978297.0,-0.2,-0.2,-32.19,-20.29
4330,002226,江南化工,5.02,-0.2,-0.01,157218.0,79551639.48,3.18,5.16,5.0,5.03,5.03,0.73,0.59,24.74,1.4,13297592732.0,13297568787.0,-0.2,-0.2,-3.83,-12.24
4331,000895,双汇发展,25.08,-0.2,-0.05,75981.0,190827384.26,1.23,25.29,24.98,25.12,25.13,0.75,0.22,16.82,4.37,86893703222.0,86882373432.0,-0.08,-0.04,1.62,-2.3
4332,002027,分众传媒,4.97,-0.2,-0.01,1428400.0,710153128.47,1.61,5.01,4.93,4.95,4.98,0.73,0.99,11.47,5.13,71777732638.0,71777732638.0,-0.2,0.0,-6.05,-30.78
4333,601658,邮储银行,4.97,-0.2,-0.01,1472169.0,728865733.0,1.2,4.98,4.92,4.96,4.98,1.33,0.2,5.8,0.58,596872415855.0,360463169007.0,0.0,0.2,1.64,-4.97
4334,601567,三星电气,15.09,-0.2,-0.03,138326.0,210684237.0,3.64,15.56,15.01,15.11,15.12,1.09,0.98,31.68,1.85,21204609846.0,21204609846.0,-0.13,-0.07,-9.53,-34.05
4335,600282,南钢股份,4.77,-0.21,-0.01,371714.0,178276485.0,1.88,4.84,4.75,4.76,4.78,0.93,0.6,12.31,1.07,29407484122.0,29407484122.0,-0.21,-0.21,-2.05,-6.84
4336,603132,金徽股份,18.6,-0.21,-0.04,60587.0,114341647.0,3.76,19.24,18.54,18.87,18.64,0.77,0.62,22.25,5.93,18190800000.0,18190800000.0,-0.16,-0.05,8.33,28.81
4337,301035,润丰股份,52.75,-0.21,-0.11,11624.0,61562959.42,4.05,54.16,52.02,53.13,52.86,0.87,0.32,29.08,2.62,19227652782.0,19199011378.0,0.0,0.0,-0.08,2.49
4338,603767,中马传动,14.3,-0.21,-0.03,71845.0,101561442.0,3.91,14.36,13.8,14.19,14.33,0.99,2.33,181.76,3.23,4413430450.0,4413430450.0,-0.21,-0.14,-32.83,-40.54
4339,605189,富春染织,14.31,-0.21,-0.03,91820.0,131606173.0,2.93,14.58,14.16,14.28,14.34,0.58,3.85,11.63,1.41,3409141977.0,3409141977.0,0.0,0.42,-4.6,-8.09
4340,301067,显盈科技,29.15,-0.21,-0.06,22878.0,67110092.0,3.22,29.8,28.86,29.71,29.21,0.7,3.58,-113.36,3.68,2834429400.0,1860612435.0,0.24,-0.1,-14.99,-11.02
4341,002636,金安国纪,61.71,-0.21,-0.13,409093.0,2517697484.4,5.82,63.1,59.5,61.05,61.84,0.77,5.65,55.64,12.07,44924880000.0,44697504383.0,0.05,-0.11,26.87,271.97
4342,000930,中粮科技,4.85,-0.21,-0.01,371523.0,178371230.98,3.91,4.89,4.7,4.8,4.86,1.01,2.0,-18.54,0.87,9003745621.0,9003288188.0,0.0,0.0,-4.34,-15.51
4343,301489,思泉新材,102.05,-0.21,-0.21,54972.0,569363509.74,5.93,106.79,100.73,104.5,102.26,0.59,7.9,111.86,7.7,11867764329.0,7100717272.0,0.0,-0.2,-42.72,-28.15
4344,920508,殷图网联,14.27,-0.21,-0.03,3740.0,5359719.14,2.31,14.52,14.19,14.5,14.3,0.51,1.17,-92.36,4.51,856200000.0,455297550.0,0.0,-0.63,-11.03,-35.72
4345,002851,麦格米特,118.28,-0.21,-0.25,292319.0,3472021268.13,5.63,121.84,115.17,118.53,118.53,0.91,5.95,150.83,7.73,69195023488.0,58156989350.0,0.04,0.16,-12.92,31.36
4346,688316,青云科技-U,48.38,-0.21,-0.1,20979.0,101394431.0,3.75,49.45,47.63,48.97,48.48,0.45,4.38,-42.22,43.61,2317311481.0,2317311481.0,0.02,0.08,-25.83,-19.59
4347,002303,美盈森,4.61,-0.22,-0.01,421555.0,196137146.78,4.33,4.75,4.55,4.68,4.62,0.9,4.36,28.76,1.62,7059402188.0,4457321673.0,0.0,0.0,41.85,16.71
4348,920779,武汉蓝电,22.29,-0.22,-0.05,4161.0,9369662.54,3.54,23.0,22.21,22.53,22.34,0.54,2.08,50.07,4.02,1784571281.0,446245845.0,-0.22,-0.22,-18.29,-32.74
4349,605305,中际联合,37.08,-0.22,-0.08,31442.0,116573560.0,2.45,37.66,36.75,37.16,37.16,1.0,1.48,15.29,2.64,7880241600.0,7880241600.0,-0.05,0.14,-6.41,-10.17
4350,600635,大众公用,4.49,-0.22,-0.01,232880.0,105015433.0,2.0,4.56,4.47,4.49,4.5,0.73,0.96,65.21,1.52,13256431691.0,10860374621.0,-0.22,-0.22,-22.05,-30.82
4351,688220,翱捷科技-U,95.26,-0.22,-0.21,57603.0,549446310.0,3.06,97.18,94.26,96.5,95.47,0.65,1.38,-355.55,7.32,39847342686.0,39847342686.0,0.0,-0.04,-15.7,15.31
4352,002466,天齐锂业,46.03,-0.22,-0.1,259004.0,1201185682.77,2.38,46.97,45.87,46.75,46.13,0.62,1.76,10.51,1.7,78859439316.0,67927575490.0,0.04,0.15,-28.61,-16.88
4353,920271,邦德股份,9.2,-0.22,-0.02,5220.0,4839826.81,2.39,9.39,9.17,9.26,9.22,0.5,0.9,18.48,1.93,1203571600.0,532591965.0,-0.11,-0.33,-14.42,-43.1
4354,603058,永吉股份,9.0,-0.22,-0.02,68343.0,62158030.0,5.43,9.29,8.8,9.05,9.02,0.98,1.65,22.78,3.32,3732242094.0,3731972094.0,0.56,0.33,-11.24,-3.95
4355,600171,上海贝岭,22.46,-0.22,-0.05,91602.0,206421719.0,1.69,22.71,22.33,22.64,22.51,0.63,1.29,177.56,3.57,15922417385.0,15922417385.0,0.0,-0.04,-25.28,-27.85
4356,603299,苏盐井神,9.09,-0.22,-0.02,42745.0,38958717.0,1.54,9.19,9.05,9.1,9.11,0.78,0.55,19.85,1.09,8678767836.0,7094801213.0,0.0,0.0,-9.37,-10.62
4357,605389,长龄液压,69.72,-0.23,-0.16,6950.0,48746616.0,3.53,71.62,69.15,70.73,69.88,0.72,0.39,86.47,6.23,13037445481.0,12350674059.0,-0.23,-0.29,-19.57,16.88
4358,688390,固德威,65.15,-0.23,-0.15,48539.0,318227880.0,2.28,66.39,64.9,65.94,65.3,0.62,2.0,39.02,5.57,15839471985.0,15839471985.0,-0.02,-0.06,-56.16,4.86
4359,688630,芯碁微装,433.0,-0.23,-1.0,65947.0,2923172487.0,10.29,466.66,421.98,445.0,434.0,1.25,5.01,146.31,27.27,63436715228.0,57043730028.0,0.19,0.21,53.0,223.54
4360,600184,光电股份,17.39,-0.23,-0.04,97584.0,170821317.0,3.16,17.82,17.27,17.55,17.43,0.65,1.67,2258.68,2.98,10133630669.0,10133630669.0,-0.11,0.0,-31.1,-8.62
4361,301061,匠心家居,35.0,-0.23,-0.08,37681.0,131153237.31,5.02,35.8,34.04,35.0,35.08,1.55,1.99,14.95,2.34,9953916735.0,6612848340.0,-0.34,-0.46,-20.65,-51.75
4362,605068,明新旭腾,17.16,-0.23,-0.04,32136.0,55598315.0,2.5,17.57,17.14,17.34,17.2,0.58,1.98,-45.14,1.81,2783326174.0,2783326174.0,0.06,0.06,-32.15,-32.78
4363,002235,安妮股份,8.71,-0.23,-0.02,307752.0,270584226.02,3.78,9.0,8.67,8.85,8.73,0.46,5.56,-1729.14,6.92,5048074594.0,4821667010.0,0.11,0.0,-14.94,-15.76
4364,300123,ST亚光,4.36,-0.23,-0.01,162389.0,70754484.0,2.29,4.41,4.31,4.4,4.37,0.6,1.63,-37.71,14.27,4455196776.0,4333928870.0,-0.23,0.0,4.81,-46.17
4365,600995,南网储能,12.33,-0.24,-0.03,95680.0,118132566.0,1.62,12.47,12.27,12.36,12.36,0.89,0.3,16.88,1.68,39406751576.0,39406751576.0,0.08,0.08,-12.99,-0.96
4366,603515,欧普照明,16.29,-0.24,-0.04,15691.0,25524509.0,2.45,16.52,16.12,16.38,16.33,1.44,0.21,23.07,1.86,12091737111.0,12017956443.0,0.12,0.18,-13.4,-6.54
4367,301631,壹连科技,67.09,-0.24,-0.16,33302.0,226535678.09,4.0,69.3,66.61,67.53,67.25,0.69,7.64,30.38,3.33,8586205841.0,2924750913.0,0.0,0.15,-27.38,-8.41
4368,002481,双塔食品,4.22,-0.24,-0.01,154998.0,65179355.5,3.78,4.27,4.11,4.19,4.23,1.06,1.39,78.53,2.13,5206199230.0,4718603972.0,0.0,-0.24,1.2,-17.42
4369,300607,拓斯达,32.69,-0.24,-0.08,287044.0,936096264.68,4.97,33.43,31.8,33.08,32.77,0.62,8.51,81.07,5.37,15592228148.0,11032854078.0,0.06,-0.18,0.21,-0.67
4370,600777,新潮能源,4.1,-0.24,-0.01,123307.0,50596508.0,1.46,4.14,4.08,4.1,4.11,0.6,0.19,48.83,1.26,27882032883.0,26101224803.0,0.24,0.0,-20.85,6.77
4371,603071,物产环能,12.41,-0.24,-0.03,77028.0,96065354.0,3.3,12.69,12.28,12.61,12.44,1.19,1.38,9.57,1.17,6924214625.0,6924214625.0,0.08,-0.16,-4.02,-2.67
4372,300885,海昌新材,19.61,-0.25,-0.05,26548.0,52313580.89,2.49,20.0,19.51,19.71,19.66,0.7,1.59,50.51,5.44,4866256798.0,3275218568.0,0.1,-0.05,-34.06,-41.81
4373,603916,苏博特,11.76,-0.25,-0.03,119462.0,141329455.0,3.99,12.13,11.66,11.94,11.79,0.68,2.84,33.39,1.16,4943054822.0,4943054822.0,-0.08,-0.17,-18.84,25.91
4374,920001,纬达光电,11.78,-0.25,-0.03,12115.0,14271962.43,2.96,11.98,11.63,11.8,11.81,0.75,1.35,-81.93,2.55,1809951105.0,1060818615.0,0.17,0.34,-26.92,-39.53
4375,688118,普元信息,20.19,-0.25,-0.05,25679.0,51822602.0,3.61,20.58,19.85,20.15,20.24,0.66,2.75,-20.92,2.35,1884064435.0,1884064435.0,0.6,0.6,-14.05,-19.94
4376,920185,贝特瑞,20.17,-0.25,-0.05,30297.0,61511700.7,2.27,20.55,20.09,20.36,20.22,0.84,0.27,35.69,1.83,22957300328.0,22579502492.0,0.0,-0.1,-22.33,-37.09
4377,600855,航天长峰,11.92,-0.25,-0.03,52792.0,63186892.0,2.26,12.12,11.85,12.06,11.95,0.78,1.13,-37.47,3.99,5585029318.0,5574265558.0,0.08,0.17,-27.89,-43.35
4378,920475,三友科技,11.88,-0.25,-0.03,8102.0,9745849.12,4.7,12.28,11.72,12.24,11.91,0.4,1.44,111.35,3.39,1200592800.0,667615727.0,-0.08,-0.08,-10.47,-30.93
4379,300611,美力科技,22.66,-0.26,-0.06,17934.0,40810051.88,1.8,23.0,22.59,22.9,22.72,0.74,1.21,69.04,3.81,4782952249.0,3360545527.0,0.13,0.18,-17.18,-16.41
4380,920035,精创电气,23.39,-0.26,-0.06,4959.0,11606751.71,3.2,23.9,23.15,23.45,23.45,0.67,3.15,25.44,2.78,1623733800.0,368083752.0,0.17,0.0,-14.32,-29.57
4381,600884,杉杉股份,11.65,-0.26,-0.03,297544.0,347254113.0,1.63,11.78,11.59,11.76,11.68,0.63,1.62,19.76,1.16,26161697356.0,21379028541.0,0.0,0.0,-21.65,-13.77
4382,600815,厦工股份,3.91,-0.26,-0.01,625191.0,246393247.0,5.61,4.05,3.83,3.93,3.92,0.69,3.52,-236.97,4.77,6936709417.0,6936709417.0,0.0,-0.26,15.0,13.33
4383,601398,工商银行,7.78,-0.26,-0.02,3897722.0,3012591810.0,1.92,7.81,7.66,7.75,7.8,1.12,0.14,7.97,0.71,2772840680152.0,2097583013553.0,0.0,0.26,9.27,0.26
4384,600160,巨化股份,38.7,-0.26,-0.1,269526.0,1048466164.0,2.37,39.44,38.52,39.01,38.8,0.75,1.0,22.27,5.07,104480173335.0,104480173335.0,0.05,0.08,11.14,2.22
4385,301379,天山电子,21.77,-0.27,-0.06,132664.0,291891706.94,4.21,22.42,21.5,22.27,21.83,0.65,6.07,76.64,4.23,6040777001.0,4760657113.0,0.42,0.18,-4.52,18.38
4386,000423,东阿阿胶,51.6,-0.27,-0.14,46423.0,240526865.21,2.49,52.72,51.43,51.88,51.74,0.93,0.73,18.15,3.34,33015064118.0,32956935119.0,-0.14,-0.06,4.81,8.29
4387,920454,同心传动,10.92,-0.27,-0.03,3195.0,3490899.41,2.19,11.09,10.85,10.94,10.95,0.47,0.65,40.5,3.52,1147692000.0,537597060.0,0.28,0.09,-13.74,-33.62
4388,002831,裕同科技,25.55,-0.27,-0.07,56774.0,145823267.54,3.28,26.17,25.33,25.93,25.62,0.51,0.79,33.48,2.84,32916857791.0,18248371257.0,-0.16,-0.2,-9.37,29.04
4389,605066,天正电气,7.47,-0.27,-0.02,156592.0,117903396.0,4.67,7.74,7.39,7.5,7.49,0.76,3.12,48.56,2.16,3753175444.0,3753175444.0,0.13,0.13,-5.56,3.75
4390,001339,智微智能,78.76,-0.27,-0.21,57843.0,457531828.08,3.23,80.47,77.92,79.99,78.97,0.64,3.57,33.15,9.48,25757099548.0,12751218167.0,0.04,-0.04,-0.2,100.46
4391,001318,阳光乳业,11.25,-0.27,-0.03,52315.0,58882669.05,2.66,11.43,11.13,11.4,11.28,0.6,1.85,41.67,2.25,3179925000.0,3179925000.0,-0.44,-0.44,-5.86,-26.71
4392,301662,宏工科技,66.9,-0.27,-0.18,13792.0,92634049.75,3.26,68.4,66.21,67.6,67.08,0.6,3.09,25.51,5.17,7760400000.0,2983206004.0,0.59,0.33,-36.8,-18.95
4393,688147,微导纳米,117.0,-0.27,-0.32,71308.0,848829939.0,5.9,122.0,115.08,119.85,117.32,0.54,1.54,646.38,18.65,54342187263.0,54342187263.0,-1.67,-1.6,46.14,86.75
4394,300481,濮阳惠成,14.19,-0.28,-0.04,87149.0,124821431.6,2.95,14.57,14.15,14.48,14.23,0.58,3.0,33.28,1.71,4141428665.0,4115841853.0,0.0,-0.28,-9.73,-7.25
4395,000811,冰轮环境,39.25,-0.28,-0.11,426727.0,1697219999.23,6.43,41.13,38.6,39.74,39.36,1.02,4.36,83.08,6.05,38954760911.0,38402030479.0,-0.25,-0.03,16.61,113.08
4396,002418,康盛股份,3.56,-0.28,-0.01,429555.0,152734092.0,3.64,3.64,3.51,3.64,3.57,0.4,3.78,209.26,2.78,4045584000.0,4045573455.0,0.28,0.56,-25.05,-25.37
4397,600666,奥瑞德,3.51,-0.28,-0.01,786782.0,277532600.0,2.56,3.58,3.49,3.55,3.52,0.57,3.06,-249.05,8.81,9657124053.0,9027178333.0,0.0,0.0,-24.03,4.46
4398,000972,中基健康,3.6,-0.28,-0.01,178955.0,64412527.68,3.32,3.67,3.55,3.65,3.61,0.47,2.32,-35.36,427.65,2776620884.0,2776620884.0,-0.28,0.0,1.98,-8.16
4399,688049,炬芯科技,39.67,-0.28,-0.11,36112.0,144767653.0,2.92,40.58,39.42,40.16,39.78,0.56,2.05,35.84,3.41,6982553292.0,6982553292.0,-0.03,-0.18,-19.22,-24.21
4400,300005,探路者,10.79,-0.28,-0.03,606647.0,664821137.45,6.1,11.3,10.64,11.06,10.82,0.96,6.92,42.23,4.42,9535146587.0,9457967335.0,0.09,0.0,-28.92,-0.28
4401,601615,明阳智能,10.75,-0.28,-0.03,293125.0,316004781.0,2.32,10.92,10.67,10.9,10.78,0.47,1.3,246.48,0.94,24311089590.0,24311089590.0,-0.09,-0.19,-38.75,-24.83
4402,000338,潍柴动力,28.3,-0.28,-0.08,544592.0,1541830859.15,2.43,28.68,27.99,28.5,28.38,0.69,1.1,19.81,2.65,244518243574.0,140265908967.0,-0.21,-0.07,-17.08,68.15
4403,603819,神力股份,13.69,-0.29,-0.04,62320.0,86174582.0,2.91,14.05,13.65,13.87,13.73,0.82,2.86,108.15,3.71,2980726260.0,2980726260.0,-0.36,-0.36,2.93,13.14
4404,601001,晋控煤业,17.15,-0.29,-0.05,190947.0,331131489.0,4.48,17.69,16.92,16.92,17.2,1.09,1.14,21.2,1.54,28703955000.0,28703955000.0,0.12,0.12,2.45,36.11
4405,300696,爱乐达,20.04,-0.3,-0.06,60054.0,121332924.77,3.13,20.55,19.92,20.11,20.1,0.81,2.25,999.58,3.1,5896749619.0,5352557728.0,0.25,-0.05,-36.7,-37.06
4406,600339,中油工程,3.34,-0.3,-0.01,535390.0,178616796.0,2.69,3.38,3.29,3.34,3.35,0.88,0.96,22.14,0.69,18647712553.0,18647712553.0,-0.3,-0.3,-4.84,0.0
4407,002414,高德红外,13.09,-0.3,-0.04,509476.0,671480846.47,2.51,13.37,13.04,13.3,13.13,0.86,1.5,38.2,7.55,55903935654.0,44487836722.0,-0.08,0.0,-0.91,-10.77
4408,002475,立讯精密,53.34,-0.3,-0.16,889389.0,4755374037.93,2.5,54.14,52.8,53.96,53.5,0.8,1.21,28.2,4.73,412735308452.0,390719516609.0,0.0,-0.02,-25.35,-5.44
4409,002933,新兴装备,26.59,-0.3,-0.08,11554.0,30995690.0,2.47,27.16,26.5,26.98,26.67,0.65,0.99,95.55,2.0,3120336500.0,3108218799.0,-0.04,-0.19,-6.24,-26.51
4410,600011,华能国际,6.66,-0.3,-0.02,598632.0,399051340.0,0.75,6.7,6.65,6.66,6.68,0.71,0.54,7.94,1.62,104549301771.0,73244748061.0,0.0,0.0,-8.89,-5.67
4411,301323,新莱福,70.09,-0.3,-0.21,12965.0,91045178.11,3.57,71.55,69.04,71.5,70.3,0.89,1.89,45.84,3.36,7470499895.0,4805557050.0,0.13,0.04,-16.99,29.37
4412,688165,埃夫特-U,16.4,-0.3,-0.05,58639.0,96904769.0,3.71,16.82,16.21,16.67,16.45,0.62,1.12,-218.61,7.08,8557192000.0,8557192000.0,0.0,0.0,-19.17,-30.98
4413,600617,国新能源,3.35,-0.3,-0.01,247462.0,83269902.0,2.08,3.4,3.33,3.36,3.36,0.73,1.39,12.85,2.02,6462792450.0,5948068008.0,0.3,0.0,-0.89,6.69
4414,301683,慧谷新材,98.7,-0.3,-0.3,6430.0,64181018.28,3.77,101.8,98.07,99.98,99.0,0.66,4.51,28.14,2.64,6229588680.0,1408019655.0,-0.05,-0.02,-23.59,27.72
4415,002279,久其软件,6.33,-0.31,-0.02,243313.0,154116166.6,3.15,6.47,6.27,6.46,6.35,0.29,3.06,-15.92,3.91,5457769493.0,5035510474.0,-0.16,0.0,-5.8,-20.78
4416,920022,世昌股份,19.12,-0.31,-0.06,1442.0,2764504.5,2.19,19.42,19.0,19.18,19.18,0.77,0.87,17.66,2.82,1153337520.0,317678800.0,0.31,0.31,-16.62,-34.94
4417,601139,深圳燃气,6.33,-0.31,-0.02,155247.0,98163938.0,1.89,6.39,6.27,6.32,6.35,0.91,0.54,11.7,1.08,18209792400.0,18209792400.0,0.16,0.32,0.8,-1.71
4418,002700,万憬能源,6.31,-0.32,-0.02,78992.0,49931701.0,2.21,6.4,6.26,6.32,6.33,1.02,1.93,54.25,1.88,2609993847.0,2583067588.0,0.16,0.0,-8.95,-5.68
4419,688082,盛美上海,295.0,-0.32,-0.96,70536.0,2080993335.0,4.62,302.97,289.3,300.0,295.96,0.9,1.48,71.98,9.75,142366023255.0,140836845620.0,0.2,0.35,22.72,68.16
4420,600674,川投能源,15.5,-0.32,-0.05,287806.0,445186595.0,2.25,15.63,15.28,15.48,15.55,0.96,0.59,16.22,1.69,75556405834.0,75556405834.0,0.06,0.06,6.6,15.67
4421,301079,邵阳液压,27.63,-0.32,-0.09,29830.0,82804477.57,3.14,28.3,27.43,28.27,27.72,0.93,3.88,242.99,6.28,2996687190.0,2125670174.0,0.11,-0.07,-24.22,-12.54
4422,002440,闰土股份,12.54,-0.32,-0.04,344376.0,440368463.78,7.47,13.34,12.4,12.75,12.58,0.75,3.64,19.18,1.42,14094958809.0,11867347227.0,-0.08,0.0,34.98,72.49
4423,601133,柏诚股份,25.18,-0.32,-0.08,130439.0,331679656.0,3.68,25.94,25.01,25.91,25.26,0.91,2.49,106.57,4.43,13249781040.0,13204058214.0,0.12,-0.08,-13.62,64.25
4424,601012,隆基绿能,12.41,-0.32,-0.04,544122.0,678074165.0,1.93,12.6,12.36,12.45,12.45,0.59,0.72,-12.25,1.86,94043838127.0,94043744481.0,-0.08,-0.08,-13.58,-31.81
4425,688123,聚辰股份,140.93,-0.33,-0.47,108010.0,1513248768.0,4.99,144.0,136.95,144.0,141.4,0.82,6.8,21.31,7.17,22394139049.0,22394139049.0,-0.06,-0.23,-0.34,12.85
4426,301421,波长光电,76.55,-0.33,-0.25,36386.0,279749084.89,3.75,78.51,75.63,78.48,76.8,0.71,7.86,153.54,7.3,8858212900.0,3544914527.0,-0.1,0.1,-29.26,-26.43
4427,600226,亨通股份,6.03,-0.33,-0.02,1027320.0,623553133.0,3.31,6.17,5.97,6.15,6.05,0.61,3.45,62.43,4.84,17935518781.0,17935518781.0,0.17,0.17,-9.05,13.13
4428,000731,四川美丰,6.1,-0.33,-0.02,75631.0,46025403.0,2.61,6.17,6.01,6.14,6.12,0.84,1.38,-26.17,0.88,3347837990.0,3347837990.0,0.16,0.33,1.67,-6.73
4429,002469,三维化学,6.03,-0.33,-0.02,146790.0,89225733.46,3.14,6.19,6.0,6.06,6.05,1.18,2.34,-1015.63,1.55,3912641659.0,3789269553.0,-0.17,-0.33,-4.29,-26.01
4430,920060,万源通,21.39,-0.33,-0.07,11923.0,25691817.93,2.84,21.87,21.26,21.43,21.46,0.77,1.26,44.08,2.98,3252235342.0,2028291178.0,-0.23,-0.05,-24.84,-33.94
4431,000711,ST京蓝,6.11,-0.33,-0.02,1058155.0,635568102.96,6.04,6.18,5.81,5.87,6.13,0.73,4.49,121.6,24.72,18045868033.0,14401360795.0,-0.16,-0.33,-7.42,257.31
4432,920188,悦龙科技,21.41,-0.33,-0.07,2779.0,5978002.31,1.26,21.68,21.41,21.45,21.48,0.46,1.4,16.12,2.23,1776884369.0,423786949.0,-0.05,-0.56,-15.44,58.12
4433,300530,领湃科技,18.13,-0.33,-0.06,27819.0,50727496.0,3.08,18.55,17.99,18.54,18.19,0.44,1.62,-24.44,42.88,3117478048.0,3117478048.0,0.0,0.0,-18.48,-32.1
4434,301026,浩通科技,21.13,-0.33,-0.07,92377.0,198795977.48,6.27,22.25,20.92,21.91,21.2,0.72,5.77,18.25,2.87,4682061067.0,3381493064.0,-0.05,-0.05,-11.74,5.86
4435,002958,青农商行,2.94,-0.34,-0.01,842822.0,246707766.03,2.03,2.96,2.9,2.93,2.95,1.42,1.55,3.27,0.43,16333544824.0,15992308258.0,-0.34,0.0,7.3,-1.34
4436,601985,中国核电,8.73,-0.34,-0.03,607408.0,530650428.0,0.8,8.78,8.71,8.76,8.76,1.06,0.32,21.74,1.54,179558658106.0,164851076889.0,0.0,-0.11,1.99,3.07
4437,600019,宝钢股份,5.89,-0.34,-0.02,865139.0,510573857.0,1.69,5.96,5.86,5.88,5.91,0.8,0.4,14.42,0.63,128296479172.0,126129023962.0,0.0,0.0,0.68,-18.98
4438,002434,万里扬,5.78,-0.34,-0.02,118611.0,69056586.0,2.76,5.92,5.76,5.87,5.8,0.6,0.9,26.38,1.3,7586828000.0,7579431334.0,0.0,-0.17,-17.66,-39.03
4439,688306,均普智能,8.7,-0.34,-0.03,68731.0,60315368.0,2.29,8.9,8.7,8.81,8.73,0.64,0.56,-77.87,6.14,10686060360.0,10686060360.0,-0.11,-0.34,-13.86,-24.94
4440,600732,爱旭股份,11.76,-0.34,-0.04,169562.0,199169365.0,2.8,11.96,11.63,11.88,11.8,0.49,0.81,-14.14,5.25,24874688531.0,24757779137.0,-0.08,0.09,-6.22,-12.24
4441,601360,三六零,8.8,-0.34,-0.03,824793.0,727894660.0,1.81,8.9,8.74,8.84,8.83,0.83,1.18,142.79,2.18,61596109335.0,61596109335.0,0.0,0.0,-15.3,-20.51
4442,300483,首华燃气,22.63,-0.35,-0.08,117605.0,268788487.64,4.23,23.45,22.49,22.93,22.71,1.01,3.06,40.79,2.37,8714988156.0,8708878056.0,0.0,0.31,23.19,59.59
4443,600688,上海石化,2.81,-0.35,-0.01,669522.0,187757893.0,2.84,2.85,2.77,2.82,2.82,1.2,0.91,49.3,1.26,29624755175.0,20593965935.0,-0.35,0.0,2.18,1.08
4444,300469,信息发展,57.1,-0.35,-0.2,42618.0,247528970.74,5.65,60.0,56.76,58.38,57.3,0.79,1.72,-112.87,60.56,14174436850.0,14167297923.0,0.07,-0.17,14.61,-7.61
4445,920665,科强股份,8.57,-0.35,-0.03,8650.0,7451482.42,1.98,8.72,8.55,8.63,8.6,0.8,1.35,29.35,1.55,1114014300.0,550032104.0,0.0,0.12,-27.68,-38.74
4446,000798,中水渔业,8.48,-0.35,-0.03,174378.0,147965522.14,3.88,8.62,8.29,8.36,8.51,0.99,4.77,-29.66,7.66,3102481878.0,3102291078.0,0.12,-0.7,1.31,-19.85
4447,301018,申菱环境,86.5,-0.35,-0.3,126916.0,1101690818.24,5.6,89.4,84.54,89.01,86.8,0.7,4.49,285.94,11.97,32375335824.0,24464180764.0,0.06,0.14,-20.21,91.41
4448,002240,盛新锂能,31.67,-0.35,-0.11,220897.0,701696348.22,3.05,32.35,31.38,32.31,31.78,0.55,2.42,15.62,2.7,28987356926.0,28911819226.0,0.13,-0.03,-33.66,-8.02
4449,688456,有研粉材,81.9,-0.35,-0.29,79455.0,655005238.0,5.48,84.94,80.44,84.29,82.19,0.82,7.66,70.07,6.72,8489754000.0,8489754000.0,-0.06,-0.06,-7.93,5.73
4450,603086,先达股份,5.64,-0.35,-0.02,61155.0,34560646.0,2.3,5.73,5.6,5.62,5.66,0.93,1.41,27.91,1.18,2452346127.0,2452346127.0,0.18,0.0,-8.14,-30.54
4451,000936,华西股份,5.52,-0.36,-0.02,519268.0,285592188.86,5.42,5.66,5.36,5.5,5.54,0.5,5.86,191.2,0.96,4890791136.0,4890098100.0,-0.36,-0.18,-15.34,-32.76
4452,600623,华谊集团,8.21,-0.36,-0.03,105105.0,86531431.0,2.31,8.35,8.16,8.26,8.24,0.88,0.56,25.91,0.78,17401019583.0,15402245158.0,-0.36,-0.24,-5.09,8.03
4453,002312,川发龙蟒,8.27,-0.36,-0.03,212646.0,175921675.52,3.13,8.44,8.18,8.36,8.3,0.93,1.13,34.56,1.61,15611355448.0,15585941912.0,0.0,0.0,-8.92,-23.71
4454,002812,恩捷股份,55.84,-0.36,-0.2,149042.0,837477021.55,3.48,57.2,55.25,56.44,56.04,0.67,1.81,52.63,2.14,54796826045.0,45934590869.0,0.0,0.16,-22.49,-1.41
4455,002745,木林森,11.05,-0.36,-0.04,411146.0,456736597.82,3.16,11.29,10.94,11.24,11.09,0.71,3.86,9.79,1.38,16400038709.0,11758183494.0,-0.09,0.0,0.45,15.46
4456,300265,通光线缆,13.48,-0.37,-0.05,154668.0,209852372.36,2.88,13.8,13.41,13.75,13.53,0.69,3.31,392.7,2.69,6303265996.0,6299206831.0,0.07,0.0,-34.02,0.75
4457,000539,粤电力Ａ,5.34,-0.37,-0.02,415445.0,221778956.63,1.49,5.39,5.31,5.35,5.36,0.34,1.63,-46.22,1.21,28036516485.0,13645766041.0,0.0,0.0,-27.05,21.36
4458,002109,ST兴化,2.62,-0.38,-0.01,45471.0,11950424.0,1.9,2.66,2.61,2.63,2.63,1.0,0.36,-121.08,0.85,3343827010.0,3343827010.0,0.0,0.0,-6.43,-26.2
4459,300979,华利集团,34.41,-0.38,-0.13,21360.0,73446798.02,2.06,34.75,34.04,34.37,34.54,0.57,0.18,26.14,2.66,40156470000.0,40156206764.0,-0.17,-0.41,0.47,-29.93
4460,601166,兴业银行,18.17,-0.38,-0.07,964149.0,1743518562.0,1.54,18.23,17.95,18.1,18.24,1.07,0.46,4.03,0.47,384529157351.0,384529157351.0,0.06,0.11,3.83,-9.1
4461,601233,桐昆股份,23.62,-0.38,-0.09,317774.0,765287225.0,5.44,24.65,23.36,23.78,23.71,1.02,1.34,7.4,1.41,56192015194.0,56089757836.0,-0.38,0.13,17.86,38.21
4462,002783,凯龙股份,7.83,-0.38,-0.03,83522.0,65780929.8,2.67,8.0,7.79,7.9,7.86,0.68,1.81,101.33,1.5,3909655610.0,3610542868.0,0.0,-0.13,1.29,-17.32
4463,601116,三江购物,10.58,-0.38,-0.04,249497.0,262103859.0,3.48,10.72,10.35,10.62,10.62,1.27,4.56,24.09,1.76,5794437472.0,5794437472.0,0.09,0.19,-12.2,-22.6
4464,600152,维科技术,7.84,-0.38,-0.03,119327.0,93584169.0,2.67,7.97,7.76,7.9,7.87,0.87,2.26,-41.16,2.53,4147982300.0,4147982300.0,0.13,0.13,-35.15,7.4
4465,002885,京泉华,28.31,-0.39,-0.11,135614.0,384757193.44,3.66,29.0,27.96,28.8,28.42,0.52,5.72,62.3,4.97,7669659364.0,6716712406.0,0.32,0.35,-41.12,10.33
4466,603599,广信股份,10.14,-0.39,-0.04,88077.0,89681499.0,2.95,10.37,10.07,10.2,10.18,0.9,0.97,14.67,0.92,9230131158.0,9230131158.0,0.0,0.1,-7.73,-9.95
4467,603124,江南新材,129.9,-0.39,-0.51,43090.0,559775529.0,4.58,132.88,126.91,130.41,130.41,0.97,5.55,60.56,10.17,18932301350.0,10081384419.0,0.25,0.22,-4.17,65.67
4468,603668,天马科技,10.16,-0.39,-0.04,55701.0,56614988.0,1.76,10.26,10.08,10.22,10.2,0.56,1.1,191.59,2.42,5138894797.0,5138894797.0,0.0,-0.1,-12.56,-39.02
4469,000921,海信家电,25.63,-0.39,-0.1,59476.0,152674736.0,2.41,26.05,25.43,25.73,25.73,0.49,0.64,10.7,2.03,35493991813.0,23676043665.0,-0.16,-0.08,10.09,8.83
4470,600028,中国石化,5.14,-0.39,-0.02,1893802.0,971936710.0,2.33,5.2,5.08,5.14,5.16,0.97,0.2,9.14,0.76,621557143101.0,487027723428.0,0.39,0.39,8.9,-15.32
4471,600618,氯碱化工,10.11,-0.39,-0.04,60541.0,61509338.0,2.46,10.31,10.06,10.12,10.15,1.02,0.81,14.2,1.26,11691203757.0,7580882157.0,-0.1,0.1,-2.32,-13.14
4472,688216,气派科技,30.33,-0.39,-0.12,37761.0,115708465.0,4.99,31.53,30.01,30.65,30.45,0.93,3.55,-232.9,4.73,3469883056.0,3222311398.0,0.0,0.17,-20.31,36.13
4473,920809,安达科技,7.48,-0.4,-0.03,61823.0,46437281.98,3.33,7.65,7.4,7.59,7.51,0.79,1.35,16.73,2.63,4480894000.0,3434121467.0,0.13,0.0,-8.78,6.55
4474,002867,周大生,12.33,-0.4,-0.05,76901.0,95232733.6,3.07,12.63,12.25,12.4,12.38,1.31,0.71,11.4,2.21,13383893101.0,13305263593.0,0.08,0.16,5.57,6.94
4475,300162,雷曼光电,7.49,-0.4,-0.03,167888.0,126235481.48,3.46,7.68,7.42,7.65,7.52,0.68,4.91,-56.62,3.8,3142130125.0,2562791732.0,0.0,-0.13,-33.07,-7.87
4476,920367,新赣江,29.63,-0.4,-0.12,92337.0,291946750.09,15.13,34.1,29.6,32.0,29.75,0.88,21.99,168.89,4.35,2099618838.0,1244240086.0,0.0,-1.56,83.47,47.12
4477,000100,TCL科技,5.03,-0.4,-0.02,4129900.0,2090065410.82,2.77,5.14,5.0,5.1,5.05,0.72,2.05,16.81,1.72,104628338108.0,101195181832.0,0.2,0.4,9.59,13.03
4478,301256,华融化学,10.04,-0.4,-0.04,30808.0,31102078.52,1.79,10.2,10.02,10.08,10.08,0.56,0.64,77.81,2.82,4819200000.0,4819200000.0,0.0,0.0,-16.75,-25.57
4479,600691,潞化科技,2.51,-0.4,-0.01,377697.0,95202522.0,6.35,2.62,2.46,2.5,2.52,1.29,1.59,-30.6,1.92,5963714700.0,5962720740.0,0.0,0.4,-6.34,-9.06
4480,920926,鸿智科技,10.07,-0.4,-0.04,3353.0,3403372.1,2.27,10.25,10.02,10.15,10.11,0.6,0.42,502.35,3.5,889802692.0,807436557.0,-0.2,-0.2,-18.99,-40.38
4481,920509,同惠电子,20.07,-0.4,-0.08,16490.0,33298131.11,2.53,20.53,20.02,20.11,20.15,0.72,1.96,49.69,9.08,3217335319.0,1685589226.0,0.0,-0.05,-32.67,-46.18
4482,688325,赛微微电,108.55,-0.41,-0.45,9466.0,101608089.0,3.16,109.15,105.71,106.97,109.0,0.74,1.15,209.34,5.61,9385930651.0,8920788256.0,0.02,0.44,-1.89,25.84
4483,300613,富瀚微,70.85,-0.41,-0.29,89967.0,645153048.26,3.22,72.82,70.53,72.21,71.14,0.63,4.1,48.49,5.69,16500619961.0,15565043868.0,0.16,-0.03,13.74,54.09
4484,920299,灿能电力,14.71,-0.41,-0.06,8495.0,12585824.61,2.57,15.06,14.68,14.92,14.77,0.46,1.87,107.42,4.77,1325507450.0,668051193.0,-0.47,-0.41,-29.62,-26.23
4485,600030,中信证券,27.04,-0.41,-0.11,926431.0,2504022350.0,1.44,27.28,26.89,27.15,27.15,0.89,0.76,10.34,1.48,422480320612.0,329253938337.0,-0.07,0.0,6.62,-3.46
4486,002077,大港股份,12.27,-0.41,-0.05,164349.0,202563500.17,2.68,12.49,12.16,12.42,12.32,0.65,2.83,46.36,2.1,7120876255.0,7120876255.0,-0.08,-0.08,-33.5,-17.48
4487,300394,天孚通信,276.25,-0.41,-1.15,517374.0,14195536271.51,8.47,284.0,260.5,282.5,277.4,0.87,4.75,125.11,48.23,301340431941.0,300667198536.0,0.01,-0.02,-9.62,91.15
4488,603063,禾望电气,31.42,-0.41,-0.13,150323.0,473255043.0,3.77,32.21,31.02,32.18,31.55,0.61,3.25,46.63,2.67,14583380412.0,14523368212.0,0.0,0.16,-50.01,-4.61
4489,920720,吉冈精密,9.4,-0.42,-0.04,7529.0,7113827.26,3.07,9.59,9.3,9.42,9.44,0.64,1.02,61.47,4.79,2489978596.0,695761426.0,0.21,0.0,-6.93,-32.62
4490,601788,光大证券,14.22,-0.42,-0.06,167333.0,237649983.0,1.54,14.32,14.1,14.28,14.28,0.75,0.43,14.71,1.07,65565400227.0,55553257491.0,-0.14,-0.21,-1.86,-18.97
4491,000670,盈方微,7.17,-0.42,-0.03,512633.0,371443589.82,5.0,7.44,7.08,7.35,7.2,0.68,6.17,-129.6,197.17,6065421900.0,5954327052.0,-0.14,0.0,-21.72,-2.85
4492,920837,华原股份,9.54,-0.42,-0.04,5556.0,5335410.13,2.71,9.75,9.49,9.65,9.58,0.92,0.41,16.43,2.6,1457012594.0,1304955488.0,-0.52,0.0,-14.97,-33.38
4493,002921,联诚精密,21.5,-0.42,-0.09,38305.0,83340574.5,3.29,22.19,21.48,21.97,21.59,0.49,2.98,-843.65,2.44,3202857731.0,2761527295.0,-0.14,-0.42,-21.96,26.32
4494,688199,久日新材,23.03,-0.43,-0.1,32286.0,74905355.0,3.72,23.71,22.85,23.27,23.13,0.75,2.0,91.14,1.44,3713063591.0,3713063591.0,0.22,-0.13,-19.5,-2.04
4495,688158,优刻得-W,32.36,-0.43,-0.14,161281.0,524319986.0,2.89,33.02,32.08,32.97,32.5,0.49,3.93,1359.89,6.06,14908416421.0,13263519663.0,-0.12,-0.34,-19.66,15.2
4496,688093,世华科技,25.33,-0.43,-0.11,18089.0,46115875.0,3.5,25.99,25.1,25.44,25.44,0.71,0.65,20.8,2.55,7102096096.0,7102096096.0,0.0,-0.12,-27.23,-30.7
4497,920985,海泰新能,4.62,-0.43,-0.02,19083.0,8864912.04,2.8,4.7,4.57,4.65,4.64,0.65,0.87,-5.01,2.75,1429780044.0,1013248509.0,-0.43,-0.22,-16.46,-35.74
4498,603050,科林电气,18.49,-0.43,-0.08,41001.0,76404641.0,3.98,19.1,18.36,18.61,18.57,0.72,1.02,43.98,4.06,7457371879.0,7457371879.0,0.05,0.05,-18.29,3.76
4499,688818,电科蓝天,45.88,-0.43,-0.2,108499.0,504719342.0,3.97,47.54,45.71,46.77,46.08,0.99,7.64,1336.78,14.95,79690068073.0,6515924352.0,0.07,0.13,-38.6,388.09
4500,002602,世纪华通,13.84,-0.43,-0.06,773103.0,1074581009.09,3.38,14.21,13.74,14.0,13.9,0.66,1.14,12.58,3.2,102010243336.0,94068094358.0,-0.14,0.07,-6.23,-18.59
4501,603112,华翔股份,16.08,-0.43,-0.07,120529.0,194672673.0,5.02,16.72,15.91,16.07,16.15,1.02,2.25,14.78,1.97,8682579328.0,8596473179.0,0.0,-0.06,-26.03,-6.29
4502,301309,万得凯,29.88,-0.43,-0.13,9660.0,28999500.0,3.5,30.75,29.7,30.02,30.01,0.58,1.59,23.06,1.83,3003967872.0,1810157292.0,0.27,0.17,-8.57,7.79
4503,002170,芭田股份,11.21,-0.44,-0.05,176967.0,199754711.2,3.37,11.5,11.12,11.33,11.26,1.02,2.24,9.94,3.11,10878141480.0,8843285241.0,0.0,0.09,-3.61,-3.45
4504,001280,中国铀业,67.55,-0.44,-0.3,99200.0,675562971.61,3.68,69.5,67.0,68.85,67.85,1.24,5.71,163.14,8.47,139705681806.0,11735277291.0,0.0,-0.3,-7.69,11.36
4505,000776,广发证券,20.3,-0.44,-0.09,430205.0,876136477.15,2.21,20.65,20.2,20.46,20.39,0.71,0.73,8.44,1.18,158844363873.0,119852201013.0,-0.05,0.0,10.51,-5.67
4506,600721,百花医药,13.66,-0.44,-0.06,1222364.0,1707351942.0,8.24,14.44,13.31,14.2,13.72,0.94,31.79,197.69,6.62,5252920694.0,5252920694.0,-0.07,-0.29,86.61,11.97
4507,002735,王子新材,11.08,-0.45,-0.05,96820.0,107564800.0,3.77,11.39,10.97,11.35,11.13,0.72,3.4,103.09,2.66,4157818231.0,3158457498.0,0.09,0.0,-26.03,-38.55
4508,600150,中国船舶,32.99,-0.45,-0.15,576018.0,1914841167.0,2.63,33.8,32.93,33.13,33.14,0.93,0.77,12.84,1.69,248270246291.0,248270246291.0,-0.06,-0.06,-12.4,0.27
4509,300102,乾照光电,17.79,-0.45,-0.08,314595.0,563490483.53,3.92,18.36,17.66,18.28,17.87,0.64,3.43,138.09,3.8,16372739423.0,16294283192.0,-0.06,-0.22,-30.07,-35.33
4510,600871,石化油服,2.22,-0.45,-0.01,1249256.0,278789703.0,3.14,2.27,2.2,2.23,2.23,0.78,0.92,41.3,4.21,42084641749.0,30074367419.0,-0.45,0.0,-4.72,2.78
4511,002283,天润工业,8.83,-0.45,-0.04,119830.0,106757437.34,2.82,9.03,8.78,9.0,8.87,0.52,1.19,17.29,1.68,10061406882.0,8854958251.0,-0.34,0.0,-25.74,46.68
4512,688008,澜起科技,199.11,-0.45,-0.89,268056.0,5371727482.0,3.48,203.75,196.8,203.08,200.0,0.59,2.34,71.7,11.93,243021325361.0,227934063776.0,0.01,0.01,-24.9,69.59
4513,300283,温州宏丰,13.11,-0.46,-0.06,320932.0,425151174.0,5.16,13.65,12.97,13.62,13.17,0.64,8.45,35.28,5.43,6515384490.0,4980075891.0,0.15,0.0,-23.2,74.34
4514,300687,赛意信息,27.98,-0.46,-0.13,429951.0,1259848841.63,10.78,30.91,27.88,29.9,28.11,2.29,12.8,90.5,4.27,11427356848.0,9397475811.0,0.0,0.0,-1.69,21.81
4515,601678,滨化股份,6.44,-0.46,-0.03,744799.0,480542151.0,2.78,6.57,6.39,6.56,6.47,0.6,3.65,26.48,1.34,15513717057.0,13159085617.0,0.0,0.0,15.83,53.33
4516,002956,西麦食品,17.43,-0.46,-0.08,38506.0,67008626.7,4.28,17.71,16.96,17.71,17.51,0.87,1.23,18.38,3.31,5447670488.0,5447062651.0,-0.29,-0.23,-21.84,-11.52
4517,920491,奥迪威,21.42,-0.46,-0.1,16629.0,35831637.71,2.23,21.81,21.33,21.5,21.52,0.76,1.44,57.29,2.9,3023286916.0,2480927503.0,-0.14,-0.37,-18.06,-27.66
4518,603698,航天工程,21.85,-0.46,-0.1,171374.0,374677023.0,3.37,22.29,21.55,22.2,21.95,0.96,3.2,71.47,3.37,11711381500.0,11711381500.0,0.0,0.0,-36.87,-43.51
4519,688785,恒运昌,270.5,-0.46,-1.25,5324.0,145511152.0,4.93,280.0,266.6,276.56,271.75,0.79,3.93,260.39,8.41,18313306604.0,3663773184.0,-0.07,0.45,-28.72,196.02
4520,601168,西部矿业,36.66,-0.46,-0.17,540954.0,2023118706.0,5.46,38.29,36.28,37.93,36.83,0.81,2.27,10.48,3.9,87360780000.0,87360780000.0,0.05,0.08,14.1,33.12
4521,920971,天马新材,25.99,-0.46,-0.12,23933.0,62288250.95,3.26,26.53,25.68,26.12,26.11,0.52,2.79,127.92,5.99,2702128372.0,2227415824.0,-0.04,-0.12,-21.98,-14.79
4522,920427,华维设计,8.49,-0.47,-0.04,5336.0,4545641.83,2.34,8.63,8.43,8.63,8.53,0.52,1.05,114.49,2.79,875276550.0,432209039.0,0.24,0.47,-37.39,-31.14
4523,600507,方大特钢,4.2,-0.47,-0.02,171548.0,72279468.0,2.13,4.27,4.18,4.2,4.22,0.82,0.74,22.51,0.99,9715389138.0,9715389138.0,-0.24,-0.24,-8.5,-26.19
4524,920221,易实精密,12.74,-0.47,-0.06,7989.0,10219934.2,2.81,13.0,12.64,12.96,12.8,0.73,1.29,24.73,3.59,1511601000.0,788999768.0,0.0,-0.08,-20.97,-25.63
4525,301058,中粮科工,8.53,-0.47,-0.04,136484.0,115976492.13,3.38,8.69,8.4,8.62,8.57,1.08,2.66,29.89,1.92,4442449633.0,4369699310.0,0.0,0.12,-1.5,-21.09
4526,600744,华银电力,6.39,-0.47,-0.03,666061.0,426145222.0,2.18,6.47,6.33,6.4,6.42,0.36,3.28,23.44,10.07,12978884111.0,12978884111.0,0.16,0.0,-25.7,8.67
4527,002154,报 喜 鸟,4.2,-0.47,-0.02,188083.0,79408059.4,2.37,4.28,4.18,4.25,4.22,0.57,1.59,10.52,1.31,6129201662.0,4956533992.0,0.24,0.0,3.96,14.13
4528,600941,中国移动,96.7,-0.48,-0.47,81209.0,784974507.0,1.14,97.44,96.33,96.86,97.17,0.85,0.9,13.28,1.48,2097153610529.0,87297652739.0,0.0,0.13,1.38,-2.18
4529,920855,浙江大农,12.44,-0.48,-0.06,4499.0,5579991.88,2.64,12.56,12.23,12.48,12.5,0.6,0.67,36.39,1.63,929682663.0,833939173.0,0.08,0.97,-6.61,-30.23
4530,600548,深高速,8.28,-0.48,-0.04,27414.0,22720687.0,2.28,8.4,8.21,8.33,8.32,1.14,0.16,10.32,0.92,21013448732.0,14195447139.0,0.0,0.0,-4.17,-3.27
4531,301468,博盈特焊,33.19,-0.48,-0.16,32229.0,107203318.08,3.27,33.99,32.9,33.9,33.35,0.71,3.31,179.13,2.46,5614023448.0,3236137448.0,0.06,0.06,-13.9,-17.15
4532,000969,安泰科技,16.46,-0.48,-0.08,163268.0,271575455.84,2.9,16.89,16.41,16.81,16.54,0.67,1.57,43.57,3.05,17291549275.0,17140618877.0,0.0,-0.06,-31.87,-20.9
4533,600426,华鲁恒升,20.86,-0.48,-0.1,559242.0,1194753028.0,5.96,22.03,20.78,21.27,20.96,1.74,2.03,12.19,1.64,57363811293.0,57356218211.0,0.1,0.24,-9.23,-13.01
4534,002766,索菱股份,4.15,-0.48,-0.02,212277.0,88402195.0,2.64,4.24,4.13,4.23,4.17,0.4,2.48,-49.09,3.35,3568360170.0,3556459074.0,0.0,0.0,-20.35,-31.4
4535,601988,中国银行,6.05,-0.49,-0.03,2178135.0,1315052013.0,1.15,6.07,6.0,6.03,6.08,0.81,0.1,8.61,0.72,1949385091475.0,1275131364818.0,-0.33,0.0,5.58,7.84
4536,002560,通达股份,6.09,-0.49,-0.03,189907.0,116445905.44,2.61,6.22,6.06,6.16,6.12,0.82,3.0,38.73,1.66,4477804501.0,3857089807.0,0.0,0.16,-31.11,-14.71
4537,601033,永兴股份,14.35,-0.49,-0.07,29751.0,42911234.0,2.15,14.62,14.31,14.46,14.42,0.98,1.24,13.6,1.23,12915000000.0,3444000000.0,-0.07,-0.07,0.07,-1.03
4538,600483,福能股份,10.25,-0.49,-0.05,86208.0,88489430.0,1.94,10.39,10.19,10.27,10.3,0.62,0.31,10.96,1.06,28496502742.0,28496502742.0,0.0,0.0,-3.76,12.39
4539,688720,艾森股份,67.05,-0.49,-0.33,52692.0,356214628.0,5.61,69.8,66.02,69.8,67.38,1.0,6.74,218.31,7.95,8222876626.0,5242596856.0,0.0,-0.19,-6.84,32.64
4540,600590,泰豪科技,8.18,-0.49,-0.04,161255.0,132886386.0,2.92,8.39,8.15,8.38,8.22,0.52,1.91,35.35,2.16,6976474555.0,6900398698.0,0.0,-0.24,-43.31,-12.89
4541,300902,国安达,16.1,-0.49,-0.08,36500.0,59438696.04,4.14,16.67,16.0,16.48,16.18,0.54,2.92,-107.36,3.61,2927034241.0,2009206487.0,0.25,0.06,-0.49,-22.71
4542,600909,华安证券,8.04,-0.5,-0.04,889775.0,717446835.0,2.97,8.2,7.96,8.16,8.08,0.81,1.77,23.3,1.57,40394642595.0,40394642595.0,-0.12,-0.12,6.91,20.72
4543,301580,爱迪特,50.19,-0.5,-0.25,49964.0,253848937.23,4.46,51.99,49.74,51.45,50.44,0.74,4.96,48.93,3.53,7487863717.0,5059228690.0,-0.02,-0.12,18.96,60.66
4544,000028,国药一致,19.84,-0.5,-0.1,46149.0,92319302.9,2.21,20.25,19.81,20.0,19.94,1.28,0.88,10.02,0.64,12146476227.0,10433025398.0,-0.05,0.0,-4.11,-8.87
4545,000818,航锦科技,11.96,-0.5,-0.06,167082.0,200861635.58,3.33,12.28,11.88,12.26,12.02,0.74,2.54,79.15,3.6,7893600466.0,7872208810.0,0.08,0.17,-20.32,-38.03
4546,002126,银轮股份,39.96,-0.5,-0.2,120566.0,483970530.42,3.24,40.9,39.6,40.88,40.16,0.76,1.52,39.52,4.59,33838976870.0,31774094340.0,-0.12,0.0,-26.3,6.05
4547,920770,艾能聚,9.98,-0.5,-0.05,11295.0,11328144.05,2.09,10.15,9.94,10.05,10.03,0.58,1.38,101.62,2.17,1298719107.0,817300124.0,-0.2,0.2,-16.28,-40.98
4548,603316,诚邦股份,13.91,-0.5,-0.07,75714.0,106103797.0,3.36,14.29,13.82,14.21,13.98,0.75,2.87,39.97,6.27,3755686090.0,3675912240.0,0.0,0.07,-33.32,-4.07
4549,603045,福达合金,52.04,-0.5,-0.26,58665.0,306589460.0,4.34,53.63,51.36,53.6,52.3,0.74,4.33,9.73,5.72,7048565866.0,7048565866.0,0.0,0.02,-27.87,166.87
4550,300175,朗源股份,5.97,-0.5,-0.03,80968.0,48471864.0,3.17,6.09,5.9,5.98,6.0,0.67,1.72,-125.14,5.64,2810676000.0,2810676000.0,0.0,0.17,-6.13,5.85
4551,300458,全志科技,31.36,-0.51,-0.16,425334.0,1341273982.96,3.2,32.19,31.18,31.75,31.52,0.69,5.22,38.37,9.78,31160467265.0,25533551120.0,0.0,0.03,-17.26,-10.04
4552,603799,华友钴业,39.35,-0.51,-0.2,451532.0,1797088482.0,2.88,40.33,39.19,40.09,39.55,0.71,2.39,10.62,1.46,74510307794.0,74277343202.0,0.0,0.0,-29.86,-41.93
4553,003033,征和工业,65.54,-0.52,-0.34,15306.0,100450316.0,4.58,67.75,64.73,67.14,65.88,0.41,1.9,40.7,3.86,5357895000.0,5291938297.0,-0.35,-0.18,12.42,-16.09
4554,605589,圣泉集团,38.16,-0.52,-0.2,368863.0,1412202715.0,4.3,39.39,37.74,39.08,38.36,0.82,4.36,36.09,2.99,32298185084.0,32280268964.0,-0.08,-0.05,-14.09,38.01
4555,002886,沃特股份,19.31,-0.52,-0.1,59774.0,115913820.1,3.3,19.74,19.1,19.63,19.41,0.44,2.86,92.66,2.74,5082460840.0,4037299347.0,-0.16,-0.1,-34.76,-10.81
4556,603212,赛伍技术,11.43,-0.52,-0.06,59465.0,68272744.0,2.35,11.65,11.38,11.61,11.49,0.59,1.36,-108.4,2.09,5000517969.0,5000517969.0,0.09,-0.09,-25.0,-20.01
4557,603985,恒润股份,16.78,-0.53,-0.09,88853.0,149817588.0,4.56,17.35,16.58,17.21,16.87,0.56,2.02,28.39,2.23,7397597290.0,7397597290.0,0.0,0.24,-29.23,10.54
4558,688733,壹石通,30.0,-0.53,-0.16,45324.0,136665184.0,4.38,31.0,29.68,31.0,30.16,0.54,2.27,3573.36,2.89,5993255700.0,5993255700.0,0.23,-0.07,-14.65,3.88
4559,688689,银河微电,39.69,-0.53,-0.21,57382.0,228626425.0,3.98,40.67,39.08,40.49,39.9,0.69,3.96,59.59,3.23,5751399909.0,5751399909.0,0.03,-0.1,-4.71,41.09
4560,688623,双元科技,58.68,-0.53,-0.31,4504.0,26552109.0,2.92,59.8,58.08,58.89,58.99,0.41,1.27,57.42,2.37,5017851026.0,2084289189.0,0.48,-0.29,-16.55,-8.84
4561,603370,华新精科,32.9,-0.54,-0.18,5963.0,19723245.0,2.09,33.57,32.88,33.38,33.08,0.92,1.7,43.07,3.0,5755855000.0,1151171000.0,0.0,-0.3,-24.32,-30.01
4562,300689,澄天伟业,53.35,-0.54,-0.29,28773.0,154725791.7,3.91,55.0,52.9,54.24,53.64,1.05,2.83,1129.2,8.84,6167260000.0,5428038345.0,-0.02,-0.11,-3.65,18.79
4563,605033,美邦股份,20.13,-0.54,-0.11,89509.0,177132535.0,5.39,20.39,19.3,19.83,20.24,1.28,6.62,26.65,2.29,2721576000.0,2721576000.0,0.0,-0.25,-1.23,0.75
4564,002741,光华科技,25.56,-0.54,-0.14,305833.0,795710544.34,6.46,26.96,25.3,26.51,25.7,0.8,7.11,63.52,5.91,11977475044.0,10991479768.0,-0.04,-0.23,-14.66,28.06
4565,300274,阳光电源,110.89,-0.54,-0.6,250142.0,2782340150.1,3.09,113.2,109.75,112.96,111.49,0.5,1.58,25.08,4.87,229898414807.0,176040832880.0,0.02,0.03,-39.76,-34.9
4566,603990,麦迪科技,22.26,-0.54,-0.12,123858.0,277943680.0,6.7,23.5,22.0,23.5,22.38,0.36,4.06,441.64,8.1,6794763294.0,6794763294.0,0.04,0.13,13.63,46.74
4567,688295,中复神鹰,38.47,-0.54,-0.21,49514.0,191535439.0,2.43,39.27,38.33,39.21,38.68,0.78,0.55,284.22,7.33,34623000000.0,34623000000.0,0.0,-0.03,-23.44,17.36
4568,000920,沃顿科技,11.09,-0.54,-0.06,53679.0,59870694.0,2.42,11.3,11.03,11.21,11.15,0.76,1.14,29.71,2.71,5241368199.0,5241118674.0,0.0,-0.09,-3.98,-9.76
4569,002179,中航光电,34.19,-0.55,-0.19,153563.0,527443350.14,2.12,34.78,34.05,34.74,34.38,0.6,0.73,45.07,3.05,71807420894.0,71676950042.0,0.0,0.0,-11.68,-2.01
4570,002508,老板电器,16.34,-0.55,-0.09,108995.0,177705727.4,2.92,16.55,16.07,16.43,16.43,0.94,1.17,12.59,1.36,15440301887.0,15254236200.0,0.12,0.06,-3.2,-13.32
4571,002208,合肥城建,10.84,-0.55,-0.06,265115.0,288412296.92,2.57,11.06,10.78,11.0,10.9,0.7,3.3,-87.45,1.47,8707684131.0,8705303374.0,0.0,-0.09,-41.09,-12.44
4572,603379,三美股份,61.19,-0.55,-0.34,45546.0,281359978.0,3.27,63.01,61.0,61.54,61.53,0.7,0.75,18.46,4.74,37355212274.0,37355212274.0,-0.02,-0.05,3.54,2.81
4573,920924,广脉科技,14.4,-0.55,-0.08,12290.0,17747896.26,3.45,14.7,14.2,14.7,14.48,0.45,1.88,97.2,4.81,1545069600.0,941358830.0,0.07,-0.48,-17.05,-31.13
4574,603267,鸿远电子,48.61,-0.55,-0.27,54698.0,267844625.0,2.84,49.61,48.22,49.5,48.88,0.58,2.37,29.15,2.52,11232842160.0,11232842160.0,-0.08,0.1,-23.68,-10.28
4575,603262,技源集团,17.9,-0.56,-0.1,25761.0,46421465.0,1.89,18.2,17.86,18.05,18.0,0.64,2.47,78.07,4.66,7160179000.0,1867825101.0,-0.11,-0.22,-34.74,-36.97
4576,601898,中煤能源,14.26,-0.56,-0.08,345771.0,495898950.0,3.14,14.58,14.13,14.19,14.34,0.87,0.38,12.3,1.17,189068540084.0,130507525704.0,0.07,0.14,-7.64,14.63
4577,002455,百川股份,7.16,-0.56,-0.04,241834.0,173233787.02,2.5,7.26,7.08,7.21,7.2,0.78,3.66,36.55,1.85,5172831500.0,4731413727.0,0.14,0.14,-18.91,-0.14
4578,000519,中兵红箭,14.21,-0.56,-0.08,265434.0,380103414.66,2.52,14.49,14.13,14.42,14.29,0.71,1.91,90.56,1.91,19788263134.0,19788263134.0,-0.07,-0.14,-21.66,-21.88
4579,002397,梦洁股份,3.55,-0.56,-0.02,287652.0,101454164.0,3.64,3.61,3.48,3.58,3.57,1.82,4.44,41.91,2.17,2654624123.0,2299860748.0,0.28,0.57,-21.11,-11.91
4580,301535,浙江华远,14.25,-0.56,-0.08,21565.0,31021137.52,2.86,14.63,14.22,14.44,14.33,0.71,1.27,55.47,5.21,6060441182.0,2419594682.0,-0.07,-0.28,-16.81,-34.63
4581,601778,晶科科技,3.55,-0.56,-0.02,855474.0,305148175.0,2.24,3.61,3.53,3.61,3.57,0.62,2.3,-25.65,0.81,13216807968.0,13216807968.0,-0.28,-0.28,-42.93,-3.79
4582,688095,福昕软件,59.89,-0.56,-0.34,24130.0,145218999.0,3.12,61.08,59.2,60.99,60.23,0.47,2.64,121.41,2.1,5471521892.0,5471521892.0,0.03,0.12,-17.27,-32.69
4583,300634,彩讯股份,19.65,-0.56,-0.11,95490.0,189444949.54,2.94,20.12,19.54,20.0,19.76,0.38,2.2,87.56,2.97,8866294185.0,8533474275.0,-0.05,0.05,-24.71,-21.68
4584,920036,觅睿科技,28.55,-0.56,-0.16,3671.0,10495013.97,3.97,29.3,28.16,28.79,28.71,0.56,2.81,102.38,2.67,1553743161.0,372899458.0,-0.21,-0.28,-30.92,33.91
4585,300688,创业黑马,30.28,-0.56,-0.17,118473.0,360586634.42,6.44,31.73,29.77,31.08,30.45,1.29,7.98,-283.08,13.82,5068250170.0,4492899708.0,0.0,-0.16,18.05,3.73
4586,601328,交通银行,7.11,-0.56,-0.04,1269007.0,901623870.0,1.4,7.15,7.05,7.1,7.15,0.81,0.49,6.0,0.55,628266505826.0,185375045336.0,0.0,-0.14,10.75,0.42
4587,601066,XD中信建,24.81,-0.56,-0.14,163795.0,406372408.0,2.77,25.29,24.6,25.25,24.95,0.61,0.25,12.6,2.2,192443597914.0,161157598378.0,0.0,0.08,5.31,-6.13
4588,300939,秋田微,62.55,-0.57,-0.36,32030.0,203450128.84,5.53,65.15,61.67,64.01,62.91,0.93,2.67,108.79,5.19,7506000000.0,7506000000.0,-0.45,0.1,-14.96,82.47
4589,920415,恒拓开源,8.67,-0.57,-0.05,10048.0,8786220.91,2.29,8.85,8.65,8.72,8.72,0.54,0.93,229.01,2.2,1218234592.0,938365744.0,0.12,-0.57,-18.36,-38.34
4590,603373,安邦护卫,38.71,-0.57,-0.22,12905.0,50025217.0,2.93,39.36,38.22,39.0,38.93,0.44,2.03,62.51,3.18,5827311851.0,2462039265.0,-0.1,0.0,10.25,44.12
4591,688282,理工导航,55.81,-0.57,-0.32,7291.0,41210504.0,4.15,57.95,55.62,57.75,56.13,0.5,0.82,-89.3,3.83,4968725233.0,4968725233.0,-0.04,-0.14,-31.27,-12.11
4592,600699,均胜电子,19.31,-0.57,-0.11,192295.0,372725758.0,2.11,19.66,19.25,19.65,19.42,0.8,1.38,18.62,1.74,29945379572.0,26950398572.0,0.0,0.05,-35.72,-38.07
4593,300839,博汇股份,10.39,-0.57,-0.06,47308.0,49504985.0,2.87,10.63,10.33,10.45,10.45,0.82,1.67,16.01,3.71,2993711647.0,2942254725.0,0.29,0.19,-38.81,-13.7
4594,300450,先导智能,33.33,-0.57,-0.19,230605.0,776531984.21,3.07,34.15,33.12,33.85,33.52,0.81,1.48,34.41,3.2,55801800395.0,51975280719.0,0.03,0.0,-32.2,-32.94
4595,920242,建邦科技,13.92,-0.57,-0.08,2245.0,3137700.25,2.5,14.2,13.85,14.05,14.0,0.47,0.43,18.51,1.96,1311454704.0,734044265.0,-0.22,-0.14,-13.75,-32.26
4596,600505,西昌电力,10.44,-0.57,-0.06,57364.0,59797661.0,1.9,10.56,10.36,10.45,10.5,0.68,1.57,289.65,3.1,3806084700.0,3806084700.0,-0.1,0.1,-18.94,-20.0
4597,002196,方正电机,10.32,-0.58,-0.06,172986.0,179932093.2,3.08,10.6,10.28,10.59,10.38,0.77,3.54,110.02,3.59,5117398318.0,5040395400.0,-0.1,-0.19,-29.56,-34.97
4598,002516,旷达科技,5.17,-0.58,-0.03,93845.0,48744783.08,1.92,5.25,5.15,5.22,5.2,0.74,0.64,34.75,2.05,7604235986.0,7550778186.0,0.19,0.19,-18.97,-20.58
4599,603505,金石资源,15.39,-0.58,-0.09,76790.0,118907856.0,2.26,15.7,15.35,15.59,15.48,0.67,0.91,52.86,6.98,12953283032.0,12953283032.0,-0.13,0.07,-21.52,-17.39
4600,601949,中国出版,5.13,-0.58,-0.03,76164.0,39175822.0,1.74,5.2,5.11,5.14,5.16,0.51,0.4,-24.32,1.0,9767356117.0,9767356117.0,0.0,0.0,1.99,-19.21
4601,300893,松原安全,15.15,-0.59,-0.09,31826.0,47982352.84,3.94,15.5,14.9,15.5,15.24,1.57,1.27,23.82,3.45,7165969180.0,3800814502.0,-0.13,-0.13,-32.06,-35.7
4602,301127,武汉天源,18.45,-0.59,-0.11,346927.0,652510160.16,6.63,19.5,18.27,19.0,18.56,0.66,5.3,69.52,3.7,12436688861.0,12074092966.0,0.0,0.16,24.66,21.78
4603,603162,海通发展,11.82,-0.59,-0.07,306917.0,370233678.0,6.73,12.49,11.69,11.9,11.89,0.91,7.27,15.52,3.33,16251230296.0,4992143065.0,-0.08,0.08,-0.51,46.47
4604,002733,雄韬股份,18.29,-0.6,-0.11,75483.0,138707607.46,2.66,18.66,18.17,18.59,18.4,0.61,2.05,83.04,2.62,7027290759.0,6746499862.0,0.0,0.0,-45.73,-6.35
4605,688258,卓易信息,97.8,-0.6,-0.59,28694.0,282232356.0,5.74,101.81,96.16,101.36,98.39,0.72,2.37,49.81,12.53,11847710779.0,11847710779.0,-0.09,-0.08,-25.8,27.89
4606,601799,星宇股份,88.3,-0.6,-0.53,30718.0,274443129.0,4.0,91.27,87.72,88.85,88.83,1.17,1.08,17.76,2.28,25225492698.0,25225492698.0,-0.05,0.1,-36.82,-27.38
4607,603859,能科科技,38.08,-0.6,-0.23,43499.0,166970130.0,4.28,39.44,37.8,38.95,38.31,0.63,1.78,51.67,2.45,10144477309.0,9318088454.0,0.13,0.18,-14.12,-9.25
4608,688612,威迈斯,33.4,-0.6,-0.2,36769.0,123073439.0,2.56,33.96,33.1,33.39,33.6,0.5,1.43,24.41,3.89,14000729167.0,8573758657.0,0.42,0.6,-4.0,3.37
4609,688160,步科股份,99.96,-0.6,-0.6,14615.0,145206691.0,5.23,102.31,97.05,102.21,100.56,0.69,1.6,171.21,6.95,9117871992.0,9117871992.0,0.68,0.83,-19.34,-34.32
4610,300014,亿纬锂能,55.06,-0.61,-0.34,412378.0,2307614017.5,5.29,57.81,54.88,56.2,55.4,1.12,1.95,18.12,2.39,119661729241.0,116340794591.0,0.09,0.11,-14.94,-15.98
4611,300446,航天智造,12.93,-0.61,-0.08,56809.0,73796826.88,2.0,13.14,12.88,13.08,13.01,0.88,1.52,19.88,1.89,10931152735.0,4830133011.0,-0.08,-0.08,-21.3,-48.32
4612,688031,星环科技-U,106.35,-0.61,-0.65,36180.0,388228638.0,4.29,109.86,105.27,108.77,107.0,0.44,2.99,-57.51,15.97,12882804667.0,12882804667.0,-0.01,0.05,-6.96,-1.7
4613,301217,铜冠铜箔,113.19,-0.61,-0.69,341255.0,3925633192.4,6.93,118.99,111.1,116.59,113.88,0.71,4.12,220.59,17.06,93836269425.0,93836269425.0,-0.02,-0.03,11.06,230.19
4614,603938,三孚股份,43.13,-0.62,-0.27,135629.0,589528815.0,4.29,44.44,42.58,44.11,43.4,0.72,3.54,106.19,6.52,16502594556.0,16502594556.0,0.0,-0.12,1.29,125.93
4615,000738,航发控制,17.68,-0.62,-0.11,103284.0,183704524.86,2.02,17.97,17.61,17.83,17.79,0.9,0.79,53.6,1.85,23252453138.0,23252453138.0,0.11,-0.06,-10.75,-16.72
4616,601609,金田股份,12.87,-0.62,-0.08,1492721.0,1905394843.0,4.71,13.02,12.41,12.83,12.95,1.45,8.64,25.15,2.18,22247573544.0,22247573544.0,-0.39,-0.16,0.47,20.73
4617,000596,古井贡酒,92.42,-0.62,-0.58,31497.0,292947366.1,2.01,94.18,92.31,92.9,93.0,0.43,0.77,7.6,2.01,48853212000.0,37762812000.0,-0.01,-0.13,2.12,-27.91
4618,300731,科创新源,36.56,-0.63,-0.23,61531.0,226980311.6,5.22,37.96,36.04,37.63,36.79,0.74,3.66,-540.48,10.57,6481522234.0,6151251588.0,0.05,-0.25,-43.9,-8.9
4619,300641,正丹股份,14.15,-0.63,-0.09,64325.0,91539960.88,3.09,14.48,14.04,14.25,14.24,0.88,1.22,15.7,2.34,7436459062.0,7436408122.0,0.0,-0.21,-5.79,-17.49
4620,600577,精达股份,7.87,-0.63,-0.05,496130.0,391653466.0,2.4,8.0,7.81,7.97,7.92,0.65,2.22,32.14,2.76,17564378840.0,17564378840.0,0.0,-0.13,-44.58,-36.38
4621,300603,立昂技术,7.72,-0.64,-0.05,185579.0,143541845.5,4.5,7.93,7.58,7.91,7.77,0.37,4.96,-29.21,2.84,3588242343.0,2886748895.0,0.0,-0.13,-22.72,-20.58
4622,603118,共进股份,17.0,-0.64,-0.11,1184994.0,2052256040.0,7.07,18.04,16.83,17.44,17.11,0.87,15.05,136.85,2.65,13383698902.0,13383698902.0,-0.53,-0.58,32.09,48.21
4623,300170,汉得信息,15.6,-0.64,-0.1,299911.0,473468041.0,3.5,16.09,15.54,15.99,15.7,0.44,3.02,103.97,2.82,16230547492.0,15499433180.0,-0.13,-0.13,-17.29,-17.5
4624,605188,国光连锁,12.47,-0.64,-0.08,37727.0,46957396.0,3.11,12.7,12.31,12.7,12.55,0.62,0.74,59.59,5.2,6331598855.0,6331598855.0,0.0,0.08,-12.06,-35.66
4625,002497,雅化集团,18.6,-0.64,-0.12,303202.0,566918397.9,3.1,18.98,18.4,18.88,18.72,0.88,2.86,15.82,1.96,21437662872.0,19708329639.0,-0.05,-0.05,-22.76,-24.67
4626,002701,奥瑞金,4.69,-0.64,-0.03,160130.0,75381396.32,2.54,4.78,4.66,4.71,4.72,0.72,0.63,5.8,1.21,12005276600.0,11994006365.0,0.0,-0.21,-3.5,-19.55
4627,600583,海油工程,6.1,-0.65,-0.04,745634.0,457304053.0,2.12,6.2,6.07,6.13,6.14,1.03,1.69,12.36,0.93,26970264280.0,26970264280.0,-0.33,-0.16,11.72,15.31
4628,920261,一诺威,13.72,-0.65,-0.09,14786.0,20357878.55,2.53,13.97,13.62,13.75,13.81,1.43,0.92,14.4,2.45,3994341303.0,2198577823.0,-0.07,-0.07,1.18,-6.22
4629,600589,大位科技,7.69,-0.65,-0.05,488376.0,378981219.0,3.49,7.92,7.65,7.89,7.74,0.57,3.3,-89.39,18.34,11393272454.0,11369433454.0,0.13,0.0,-29.19,7.4
4630,002232,启明信息,13.76,-0.65,-0.09,31286.0,43149422.99,2.09,13.96,13.67,13.95,13.85,0.85,0.77,20829.86,4.0,5621626741.0,5621626741.0,-0.07,-0.07,-16.1,-26.73
4631,600256,广汇能源,6.12,-0.65,-0.04,1136685.0,700166528.0,3.41,6.28,6.07,6.1,6.16,1.11,1.78,41.37,1.63,39119058140.0,39119058140.0,-0.33,0.16,0.66,25.93
4632,601689,拓普集团,46.2,-0.65,-0.3,168917.0,784008878.0,2.52,47.17,46.0,46.93,46.5,0.7,0.97,36.38,3.38,80288003796.0,80288003796.0,0.17,0.0,-31.5,-39.76
4633,920200,振宏股份,27.49,-0.65,-0.18,12306.0,33785043.71,3.0,27.9,27.07,27.82,27.67,0.58,2.77,19.19,2.43,2791884400.0,1219703810.0,-0.15,-0.51,-45.46,33.58
4634,688385,复旦微电,53.63,-0.65,-0.35,133885.0,726593660.0,4.56,55.55,53.09,55.0,53.98,0.85,2.48,26.01,6.32,44176063378.0,28927445478.0,0.11,0.04,-21.74,-27.17
4635,603508,思维列控,21.42,-0.65,-0.14,32955.0,70933008.0,1.62,21.72,21.37,21.56,21.56,0.93,0.86,12.85,1.98,8166897155.0,8166897155.0,0.0,-0.05,-6.09,-21.54
4636,000592,平潭发展,6.14,-0.65,-0.04,1529033.0,938914980.2,4.05,6.29,6.04,6.28,6.18,0.82,7.98,-1640.0,6.69,11861134677.0,11758667637.0,-0.49,-0.65,-29.83,-60.13
4637,002131,利欧股份,4.6,-0.65,-0.03,3059177.0,1416285620.7,3.67,4.74,4.57,4.73,4.63,0.35,5.23,249.1,2.45,31150182034.0,26932072888.0,0.0,0.0,-22.03,-18.0
4638,603082,北自科技,39.44,-0.65,-0.26,26522.0,105671158.0,3.88,40.7,39.16,40.5,39.7,0.59,6.54,86.41,3.84,6569643419.0,1599564136.0,-0.1,-0.03,5.45,8.62
4639,603612,索通发展,16.44,-0.66,-0.11,65747.0,108784870.0,2.96,16.85,16.36,16.69,16.55,0.75,1.32,9.92,1.4,8188837306.0,8188837306.0,0.0,0.06,-22.49,-29.68
4640,300300,海峡创新,7.47,-0.66,-0.05,345340.0,258549466.42,3.72,7.68,7.4,7.67,7.52,0.62,5.18,-110.64,18.73,4981347553.0,4981030452.0,-0.27,-0.13,-22.59,-50.3
4641,601112,振石股份,15.16,-0.66,-0.1,41237.0,62710274.0,2.03,15.39,15.08,15.3,15.26,0.77,2.26,28.37,4.02,26383954124.0,2770315660.0,0.07,-0.13,-19.15,37.69
4642,688038,中科通达,18.12,-0.66,-0.12,22537.0,41326053.0,5.37,18.9,17.92,18.05,18.24,1.07,1.94,-227.57,3.56,2108686008.0,2108686008.0,0.44,0.5,-1.2,2.55
4643,002696,百洋股份,6.06,-0.66,-0.04,214973.0,131531641.0,6.56,6.25,5.85,6.15,6.1,0.82,6.43,-27.27,1.56,2095270646.0,2025609043.0,-0.33,-0.33,1.68,-13.68
4644,002517,恺英网络,16.65,-0.66,-0.11,519656.0,873829321.22,3.28,17.13,16.58,16.93,16.76,0.67,2.75,11.39,3.51,35571779846.0,31453293105.0,0.06,-0.06,3.16,-23.52
4645,601908,京运通,2.96,-0.67,-0.02,258412.0,76904466.0,1.68,3.0,2.95,3.0,2.98,0.47,1.07,-11.93,0.97,7147224469.0,7147224469.0,0.0,-0.34,-18.68,-24.3
4646,000859,国风新材,8.83,-0.67,-0.06,327364.0,292944394.68,3.6,9.1,8.78,9.06,8.89,0.48,3.65,-124.37,2.94,7911470473.0,7910980408.0,-0.34,-0.11,-9.34,-12.75
4647,002318,久立特材,19.28,-0.67,-0.13,61301.0,118279573.32,2.37,19.58,19.12,19.41,19.41,0.83,0.64,11.93,2.31,18839851482.0,18393603909.0,-0.05,0.1,-20.33,-31.02
4648,600731,湖南海利,5.92,-0.67,-0.04,70904.0,42031938.0,2.85,6.04,5.87,5.95,5.96,1.0,1.31,18.37,1.02,3278806303.0,3206761377.0,0.17,-0.17,3.32,-12.56
4649,002757,南兴股份,16.25,-0.67,-0.11,77188.0,126234037.0,2.57,16.57,16.15,16.57,16.36,0.4,2.74,27.64,2.4,4801158586.0,4583364841.0,0.0,0.0,-33.04,-15.67
4650,920579,机科股份,14.84,-0.67,-0.1,4654.0,6950869.6,2.88,15.23,14.8,14.96,14.94,0.5,1.04,-36.62,4.11,1921483200.0,661484393.0,-0.47,-0.4,-11.46,-43.16
4651,002157,正邦科技,2.96,-0.67,-0.02,1300270.0,385630707.23,2.35,3.01,2.94,2.98,2.98,0.89,1.67,-16.52,2.62,27380481263.0,23051507477.0,-0.34,0.0,-7.21,-8.64
4652,603040,新坐标,53.45,-0.67,-0.36,10666.0,57115385.0,3.85,54.77,52.7,54.77,53.81,0.75,0.54,39.88,7.26,10548756878.0,10548369366.0,-0.21,0.07,-11.2,-15.06
4653,600809,山西汾酒,118.5,-0.67,-0.8,40593.0,481770843.0,1.56,119.9,118.04,118.66,119.3,0.45,0.33,6.71,3.91,144565760307.0,144565760307.0,-0.01,0.04,-2.9,-28.24
4654,601699,潞安环能,16.26,-0.67,-0.11,294149.0,482597276.0,4.7,16.76,15.99,16.01,16.37,0.9,0.98,16.91,1.06,48640313592.0,48640313592.0,-0.18,-0.12,8.33,40.05
4655,688663,新风光,55.34,-0.68,-0.38,30608.0,167870618.0,4.67,56.1,53.5,56.0,55.72,0.51,1.55,652.02,8.05,10915703435.0,10915703435.0,-1.0,-1.35,-19.39,100.14
4656,000739,普洛药业,21.94,-0.68,-0.15,573123.0,1254653645.11,6.02,22.53,21.2,21.93,22.09,1.81,4.95,24.33,3.87,25416252057.0,25406075123.0,-0.05,-0.14,30.67,36.78
4657,000688,国城矿业,30.76,-0.68,-0.21,153159.0,474223546.04,4.75,31.75,30.28,31.16,30.97,0.79,1.29,25.8,12.81,36452682637.0,36452549753.0,-0.74,0.0,-27.89,11.17
4658,920100,三协电机,32.16,-0.68,-0.22,13843.0,44616691.98,2.69,32.8,31.93,32.49,32.38,0.64,5.05,51.33,7.29,3323189923.0,881125887.0,-0.06,-0.25,-25.21,-38.64
4659,300196,长海股份,17.49,-0.68,-0.12,116005.0,205298764.46,3.69,18.06,17.41,17.9,17.61,0.69,4.7,22.06,1.53,7150299019.0,4320551762.0,0.29,-0.17,-26.91,23.08
4660,688727,恒坤新材,48.0,-0.68,-0.33,27611.0,133109929.0,5.13,49.88,47.4,49.54,48.33,0.59,5.11,210.83,8.53,21567340800.0,2593355760.0,-0.19,-0.1,-12.79,0.48
4661,300536,农尚环境,8.8,-0.68,-0.06,69385.0,61512201.15,3.39,9.05,8.75,8.94,8.86,0.61,2.37,-43.79,9.16,2580935570.0,2580748465.0,0.0,-0.11,-22.67,21.38
4662,601900,南方传媒,11.76,-0.68,-0.08,50634.0,59742910.0,2.62,11.97,11.66,11.93,11.84,0.86,0.57,8.64,1.2,10371968305.0,10371968305.0,-0.17,0.09,4.72,-8.48
4663,920961,创远信科,19.12,-0.68,-0.13,19987.0,38228658.18,4.16,19.62,18.82,19.33,19.25,0.7,1.9,-77.2,3.66,2731110513.0,2016474605.0,-0.05,-0.36,14.01,-32.51
4664,600179,安通控股,4.3,-0.69,-0.03,303779.0,131216051.0,1.85,4.37,4.29,4.3,4.33,0.39,0.79,17.92,1.5,18195566010.0,16607797529.0,0.0,0.0,-2.49,-22.1
4665,002156,通富微电,63.15,-0.69,-0.44,1228769.0,7802849437.77,5.8,65.14,61.45,63.7,63.59,0.95,8.1,72.81,6.17,95836244993.0,95827107819.0,0.03,0.17,-11.6,67.86
4666,603595,ST东尼,26.0,-0.69,-0.18,18654.0,48810574.0,3.74,26.8,25.82,26.18,26.18,0.76,0.8,63.49,3.97,6043500476.0,6043500476.0,0.0,-0.15,1.52,53.76
4667,300094,国联水产,2.86,-0.69,-0.02,672043.0,192401017.0,4.86,2.95,2.81,2.88,2.88,0.96,6.08,186.55,33.96,3226558344.0,3161779761.0,0.0,-0.35,-1.04,-19.66
4668,603369,今世缘,28.72,-0.69,-0.2,121909.0,352323318.0,3.22,29.51,28.58,28.93,28.92,0.47,0.98,8.6,2.09,35808097063.0,35808097063.0,0.0,0.1,0.35,-14.47
4669,300776,帝尔激光,114.85,-0.7,-0.81,65737.0,758540475.44,6.05,119.0,112.0,118.18,115.66,0.73,3.67,53.56,6.64,32759177272.0,20594013635.0,-0.02,-0.03,-32.68,85.99
4670,603468,津富士达,24.19,-0.7,-0.17,34065.0,82767011.0,1.72,24.54,24.12,24.3,24.36,0.45,8.52,26.45,2.78,9971642923.0,967323605.0,-0.04,-0.25,38.55,38.55
4671,002962,五方光电,12.74,-0.7,-0.09,87858.0,112247570.2,3.66,13.11,12.64,13.02,12.83,0.75,4.2,125.46,2.12,3715816584.0,2665408400.0,0.16,0.0,-35.59,-13.45
4672,301522,上大股份,22.61,-0.7,-0.16,37198.0,84566368.43,1.93,23.0,22.56,22.81,22.77,0.84,1.34,68.4,4.31,8407905341.0,6258033491.0,-0.09,-0.18,-20.28,-42.17
4673,002639,雪人集团,11.31,-0.7,-0.08,147111.0,167446162.08,2.28,11.54,11.28,11.5,11.39,0.68,2.23,614.37,3.44,8809983448.0,7460456468.0,-0.09,-0.26,-24.8,-39.19
4674,605090,九丰能源,35.06,-0.71,-0.25,163880.0,581689858.0,4.02,36.38,34.96,35.37,35.31,0.81,2.32,13.04,2.02,24772853201.0,24747862433.0,0.17,0.11,-8.91,-18.18
4675,002891,中宠股份,29.53,-0.71,-0.21,57519.0,170292782.73,2.66,30.1,29.31,29.75,29.74,0.53,1.79,32.51,2.81,9505640439.0,9505640439.0,-0.2,0.0,-1.7,-42.77
4676,002730,电光科技,21.04,-0.71,-0.15,74675.0,156939719.0,3.92,21.53,20.7,21.24,21.19,0.8,2.16,87.13,4.72,7618160675.0,7280468675.0,-0.05,0.1,-28.99,40.83
4677,603163,圣晖集成,82.86,-0.71,-0.59,25669.0,214910291.0,4.47,85.85,82.12,85.6,83.45,0.83,2.57,59.3,7.09,8286000000.0,8286000000.0,0.01,0.08,-25.84,21.94
4678,301188,力诺药包,38.54,-0.72,-0.28,150126.0,588019724.94,5.46,40.18,38.06,39.38,38.82,0.54,5.61,62.87,5.33,10310861142.0,10310861142.0,0.03,0.03,-11.93,120.23
4679,688693,锴威特,77.26,-0.72,-0.56,23511.0,182804039.0,5.65,80.18,75.78,80.0,77.82,0.52,6.04,-79.0,7.33,5692842142.0,3005755026.0,-0.04,-0.05,-27.28,106.36
4680,601096,宏盛华源,4.13,-0.72,-0.03,296023.0,122866028.0,4.81,4.3,4.1,4.25,4.16,1.48,1.8,30.08,2.31,11048390513.0,6785493114.0,0.24,0.24,-18.86,0.0
4681,920978,开特股份,19.4,-0.72,-0.14,8887.0,17285411.01,2.87,19.76,19.2,19.52,19.54,0.81,0.88,26.68,4.49,3492552279.0,1958137991.0,-0.31,-0.15,-12.69,-47.11
4682,920833,美心翼申,9.62,-0.72,-0.07,7578.0,7409410.56,4.02,9.99,9.6,9.7,9.69,0.34,0.88,80.57,1.81,1101528480.0,832657830.0,0.1,-0.41,-2.43,-17.07
4683,920931,无锡鼎邦,10.89,-0.73,-0.08,26939.0,29246321.51,7.02,11.2,10.43,10.89,10.97,1.13,9.36,93.32,2.62,1022897700.0,313368462.0,1.49,0.09,5.12,-23.53
4684,000612,焦作万方,10.86,-0.73,-0.08,370668.0,411171503.26,4.39,11.34,10.86,11.1,10.94,1.16,3.11,6.34,1.77,12947285419.0,12947285419.0,-0.09,-0.09,-10.25,1.5
4685,300455,航天智装,17.68,-0.73,-0.13,76297.0,136331250.95,4.27,18.36,17.6,18.26,17.81,0.93,1.08,2480.22,7.6,12690137108.0,12494716851.0,-0.11,-0.11,-23.63,-41.15
4686,300058,蓝色光标,13.64,-0.73,-0.1,2128569.0,2932294117.95,3.93,14.07,13.53,13.93,13.74,0.49,6.12,97.08,6.18,48970617536.0,47438969046.0,-0.07,0.0,-13.45,18.51
4687,920627,力王股份,13.55,-0.73,-0.1,6978.0,9482035.78,3.96,13.84,13.3,13.62,13.65,0.88,1.49,32.74,2.73,1279797500.0,634377125.0,0.3,-0.07,-21.95,-36.21
4688,688100,威胜信息,25.91,-0.73,-0.19,46921.0,122248472.0,2.03,26.37,25.84,26.18,26.1,0.71,0.95,31.48,3.54,12739562884.0,12739562884.0,0.0,0.08,-33.07,-33.56
4689,002389,航天彩虹,17.61,-0.73,-0.13,102206.0,180797755.05,2.03,17.88,17.52,17.76,17.74,0.6,1.04,42.89,2.15,17344371130.0,17341644309.0,-0.17,-0.17,-10.2,-26.38
4690,600305,恒顺醋业,6.72,-0.74,-0.05,120258.0,80587420.0,2.66,6.82,6.64,6.75,6.77,1.65,1.09,30.73,2.22,7423380169.0,7411890582.0,0.0,0.15,-6.54,-13.85
4691,600036,招商银行,38.86,-0.74,-0.29,747857.0,2899498644.0,1.53,39.07,38.47,38.8,39.15,1.07,0.36,6.47,0.89,980043200055.0,801640780511.0,0.0,0.0,7.94,-3.04
4692,300820,英杰电气,52.26,-0.74,-0.39,35959.0,187962357.01,3.34,53.27,51.51,52.98,52.65,0.76,3.22,79.9,4.66,11612388252.0,5842021962.0,0.15,-0.13,-17.44,9.91
4693,603337,杰克科技,37.5,-0.74,-0.28,44553.0,167589270.0,3.04,38.35,37.2,38.3,37.78,0.58,0.95,17.4,3.46,17864553413.0,17513617163.0,0.19,0.32,-12.73,-12.59
4694,605399,晨光新材,10.67,-0.74,-0.08,24793.0,26605281.0,2.33,10.88,10.63,10.88,10.75,0.75,0.8,-42.92,1.61,3322331814.0,3318842724.0,-0.28,-0.19,-29.94,-21.08
4695,688584,上海合晶,29.63,-0.74,-0.22,156232.0,458854626.0,7.07,30.63,28.52,30.26,29.85,0.89,4.55,394.97,4.84,19828258280.0,10171985815.0,-0.07,0.07,10.81,35.67
4696,601872,招商轮船,18.46,-0.75,-0.14,1537753.0,2891875603.0,6.77,19.5,18.24,18.58,18.6,1.74,1.9,13.48,3.46,149055980747.0,149055980747.0,0.0,0.11,15.09,111.45
4697,301120,新特电气,14.58,-0.75,-0.11,56730.0,82985432.02,3.27,14.95,14.47,14.81,14.69,0.4,2.51,-724.56,3.51,5440174966.0,3291586778.0,0.0,0.07,-39.3,-15.33
4698,300001,特锐德,35.87,-0.75,-0.27,112366.0,405162637.88,2.82,36.67,35.65,36.32,36.14,0.54,1.09,131.56,4.49,37854605065.0,36988202341.0,-0.06,0.0,-6.42,40.78
4699,600784,鲁银投资,7.86,-0.76,-0.06,88266.0,69774596.0,2.9,8.02,7.79,7.99,7.92,0.76,1.31,23.86,1.62,5310626897.0,5310626897.0,-0.13,0.0,-1.87,13.42
4700,600549,厦门钨业,53.29,-0.76,-0.41,459753.0,2482827757.0,4.95,55.2,52.54,55.0,53.7,0.74,2.96,19.11,4.79,84602448668.0,82809035214.0,0.02,0.15,4.16,31.06
4701,920414,欧普泰,7.82,-0.76,-0.06,8477.0,6742008.63,3.81,8.12,7.82,7.88,7.88,0.68,1.51,-17.4,2.32,623630697.0,438526730.0,-1.14,-1.01,-20.93,-30.49
4702,001965,招商公路,9.17,-0.76,-0.07,175568.0,160300147.84,1.73,9.21,9.05,9.21,9.24,1.21,0.26,11.55,0.92,62311021077.0,62311021077.0,0.0,-0.11,-5.85,-5.56
4703,301045,天禄科技,65.2,-0.76,-0.5,39316.0,257802043.5,4.4,66.9,64.01,66.01,65.7,0.82,5.64,186.37,7.0,7192756942.0,4545485286.0,-0.08,-0.31,6.85,146.69
4704,603826,坤彩科技,16.73,-0.77,-0.13,47688.0,80233889.0,1.72,17.0,16.71,17.0,16.86,0.67,0.56,47.95,8.04,14249944800.0,14249944800.0,-0.24,-0.36,-33.4,29.09
4705,000158,常山北明,12.9,-0.77,-0.1,315327.0,409289869.62,3.08,13.19,12.79,12.83,13.0,0.56,1.99,-50.75,3.92,20622155701.0,20484059588.0,-0.15,-0.23,-18.46,-36.64
4706,000597,东北制药,5.17,-0.77,-0.04,539157.0,282543425.02,5.57,5.39,5.1,5.26,5.21,1.09,3.83,69.25,1.35,7377219130.0,7285583320.0,0.19,0.0,13.63,0.0
4707,603227,雪峰科技,7.69,-0.77,-0.06,81162.0,62835811.0,3.87,7.93,7.63,7.75,7.75,0.81,0.76,16.25,1.56,8241316778.0,8241316778.0,0.0,0.13,-14.37,-5.88
4708,300699,光威复材,24.38,-0.77,-0.19,88562.0,217207299.06,1.95,24.79,24.31,24.69,24.57,0.76,1.08,41.73,3.76,20268361760.0,20025997718.0,0.0,-0.12,-22.6,-37.42
4709,300386,飞天诚信,11.49,-0.78,-0.09,171186.0,199588149.5,6.22,12.1,11.38,11.61,11.58,1.08,6.66,-39.58,3.43,4803325560.0,2955315933.0,-0.35,-0.26,1.23,-36.34
4710,002850,科达利,180.46,-0.78,-1.41,36269.0,657409993.81,4.45,186.68,178.58,182.69,181.87,0.62,1.73,27.4,3.42,51671504661.0,37835403668.0,-0.01,-0.07,-3.85,16.16
4711,301571,国科天成,65.86,-0.78,-0.52,26251.0,174598873.4,2.82,67.45,65.58,66.6,66.38,0.67,2.2,118.54,5.78,11816990301.0,7848311617.0,0.02,-0.06,4.72,14.4
4712,603019,中科曙光,84.34,-0.78,-0.66,271499.0,2298827496.0,2.06,85.58,83.83,85.3,85.0,0.5,1.86,63.1,5.35,123399185223.0,123394003373.0,-0.01,-0.05,-6.92,-1.0
4713,600456,宝钛股份,26.38,-0.79,-0.21,45348.0,120657129.0,2.26,26.92,26.32,26.67,26.59,0.76,0.95,53.48,1.78,12603771479.0,12603771479.0,-0.15,-0.11,-16.28,-32.62
4714,001288,运机集团,24.01,-0.79,-0.19,23670.0,57283557.67,2.73,24.59,23.93,24.44,24.2,0.67,1.56,27.29,2.45,5612670111.0,3646470178.0,0.13,0.13,-9.74,-24.38
4715,600116,三峡水利,6.31,-0.79,-0.05,139372.0,88359108.0,2.67,6.45,6.28,6.37,6.36,1.09,0.73,93.32,1.08,12065621724.0,12065621724.0,0.0,0.0,-4.83,-1.71
4716,603169,兰石重装,6.26,-0.79,-0.05,93008.0,58553526.0,3.33,6.44,6.23,6.41,6.31,0.87,0.71,-51.57,3.08,8177386655.0,8177386655.0,-0.16,-0.16,-22.24,-41.28
4717,301500,飞南资源,22.73,-0.79,-0.18,170844.0,399673734.22,8.69,24.46,22.47,23.77,22.91,1.76,11.86,9.83,2.36,12753411294.0,3274271684.0,-0.09,0.04,-11.76,45.33
4718,603055,台华新材,8.74,-0.79,-0.07,61805.0,54325496.0,2.16,8.91,8.72,8.86,8.81,0.6,0.7,14.77,1.48,7781167305.0,7765313819.0,0.0,0.0,3.19,-5.62
4719,603129,春风动力,316.38,-0.79,-2.52,19974.0,637988557.0,5.2,329.6,313.03,318.0,318.9,0.92,1.3,22.81,6.06,48558876558.0,48558876558.0,-0.15,0.34,32.66,15.27
4720,603685,晨丰科技,24.9,-0.8,-0.2,17332.0,43197369.0,4.14,25.58,24.54,25.07,25.1,0.63,0.86,157.95,3.12,6298469143.0,5016497100.0,-0.08,0.04,-30.31,27.95
4721,002927,泰永长征,16.19,-0.8,-0.13,56545.0,92222192.0,3.37,16.65,16.1,16.65,16.32,0.78,2.56,84.32,3.59,3613481394.0,3573305634.0,0.19,0.06,-31.4,-19.37
4722,688020,方邦股份,127.7,-0.8,-1.03,52790.0,686481015.0,8.06,135.88,125.51,133.11,128.73,1.05,6.41,-151.95,7.99,10522863100.0,10522863100.0,0.14,0.0,-17.01,87.74
4723,920171,志晟信息,16.13,-0.8,-0.13,6942.0,11337891.57,2.34,16.51,16.13,16.47,16.26,0.56,1.03,739.84,7.4,1616762081.0,1090903837.0,-0.43,-0.74,-17.91,-31.07
4724,300716,*ST泉为,16.18,-0.8,-0.13,15203.0,24666451.0,5.95,16.85,15.88,16.32,16.31,0.97,0.95,-42.87,-14.5,2589123600.0,2589123600.0,-0.06,-0.06,6.8,35.17
4725,920000,安徽凤凰,13.54,-0.81,-0.11,6756.0,9243639.2,4.84,13.99,13.33,13.71,13.65,0.58,1.17,22.22,1.82,1241347200.0,779821745.0,0.0,-0.44,-3.15,-29.66
4726,001358,兴欣新材,25.71,-0.81,-0.21,27406.0,70961949.88,2.78,26.34,25.62,26.3,25.92,0.67,5.38,36.81,2.22,3167472000.0,1310600879.0,-0.16,-0.31,-2.47,0.59
4727,002988,豪美新材,21.92,-0.81,-0.18,58544.0,128651513.28,3.53,22.43,21.65,22.43,22.1,0.62,2.34,34.42,2.04,5475714552.0,5475714552.0,0.09,-0.18,-29.4,-40.43
4728,300409,道氏技术,18.27,-0.81,-0.15,135969.0,250531768.34,2.61,18.68,18.2,18.61,18.42,0.51,1.95,24.63,1.77,14291688371.0,12719688297.0,-0.11,-0.16,-25.82,-17.85
4729,688248,南网科技,42.24,-0.82,-0.35,57149.0,244279044.0,6.15,44.17,41.55,43.33,42.59,0.94,1.01,120.92,7.44,23852928000.0,23852928000.0,-0.17,0.09,-26.65,-5.21
4730,920178,锐翔智能,92.22,-0.82,-0.76,9159.0,85045074.01,4.71,95.5,91.12,94.5,92.98,0.67,4.76,46.53,6.5,6080809092.0,1775715835.0,0.14,0.35,-50.68,212.93
4731,920098,科隆新材,16.93,-0.82,-0.14,5497.0,9389090.46,3.34,17.4,16.83,17.05,17.07,0.75,0.99,41.86,1.48,1376753847.0,937509992.0,0.12,0.59,-24.22,-44.66
4732,300706,阿石创,52.28,-0.82,-0.43,66757.0,351734860.8,4.1,53.86,51.7,53.72,52.71,0.67,5.86,114.49,11.59,8026877712.0,5951061102.0,0.1,-0.08,9.21,54.08
4733,920640,富士达,25.14,-0.83,-0.21,25465.0,64562999.79,2.88,25.76,25.03,25.35,25.35,0.9,1.41,93.31,5.18,4719481920.0,4540744213.0,-0.12,-0.2,-22.22,-32.91
4734,000893,亚钾国际,47.82,-0.83,-0.4,152712.0,730711610.12,4.06,49.23,47.27,47.67,48.22,1.05,1.88,20.75,3.2,44188127762.0,38820578414.0,0.17,0.34,2.49,-0.08
4735,603516,淳中科技,93.67,-0.83,-0.78,45523.0,429868095.0,3.89,96.31,92.64,96.0,94.45,0.83,2.24,2783.91,11.31,19040139694.0,19040139694.0,-0.07,-0.03,-19.32,-58.07
4736,301602,超研股份,17.98,-0.83,-0.15,158636.0,293526841.97,11.47,19.5,17.42,17.63,18.13,0.89,7.61,211.23,5.9,7701366891.0,3748819050.0,-0.11,-0.44,7.92,-15.94
4737,301413,安培龙,62.43,-0.83,-0.52,39177.0,244874937.65,3.81,64.05,61.65,64.01,62.95,0.54,5.13,645.75,6.44,7986206669.0,4768080574.0,-0.03,0.16,-36.36,-39.66
4738,688005,容百科技,26.18,-0.83,-0.22,87920.0,230997362.0,2.46,26.66,26.01,26.56,26.4,0.76,1.23,85.51,2.41,18708718927.0,18708718927.0,-0.08,-0.11,-19.96,-26.05
4739,600860,京城股份,8.29,-0.84,-0.07,84038.0,69479041.0,3.11,8.44,8.18,8.39,8.36,0.42,1.89,-36.23,5.72,4538658841.0,3681098133.0,-0.12,0.48,-12.46,-33.89
4740,002098,浔兴股份,7.1,-0.84,-0.06,51993.0,37106215.0,2.79,7.27,7.07,7.23,7.16,0.89,1.45,21.13,1.71,2541800000.0,2541800000.0,0.14,0.14,-3.4,-26.95
4741,002723,小崧股份,7.12,-0.84,-0.06,66073.0,47368858.0,2.79,7.28,7.08,7.26,7.18,0.69,2.08,-19.69,3.23,2366331117.0,2257394811.0,0.0,-0.14,-22.02,-15.94
4742,300693,盛弘股份,41.3,-0.84,-0.35,91160.0,377839965.81,3.36,42.2,40.8,41.92,41.65,0.51,3.38,28.36,5.75,12918467490.0,11135454804.0,-0.05,-0.07,-24.18,9.32
4743,300552,万集科技,20.15,-0.84,-0.17,43383.0,87750407.0,2.95,20.61,20.01,20.54,20.32,0.56,3.21,-41.19,2.47,4294632207.0,2722026162.0,0.05,-0.2,-37.09,-33.63
4744,600444,国机通用,14.18,-0.84,-0.12,74937.0,106397422.0,3.78,14.51,13.97,14.19,14.3,2.05,5.12,31.67,2.72,2076262996.0,2076262996.0,-0.07,0.07,-6.34,-21.96
4745,688676,金盘科技,67.31,-0.84,-0.57,82610.0,558051980.0,4.01,69.2,66.48,68.88,67.88,0.5,1.8,68.82,6.37,30948167188.0,30948167188.0,0.01,-0.03,-35.12,-24.93
4746,603861,白云电器,11.86,-0.84,-0.1,66201.0,79035538.0,3.26,12.19,11.8,12.1,11.96,0.67,1.25,47.08,1.62,6410661546.0,6269035629.0,0.0,-0.17,-21.56,-1.9
4747,002563,森马服饰,5.88,-0.84,-0.05,183983.0,108764398.59,3.37,6.03,5.83,5.94,5.93,0.87,0.83,16.53,1.38,15841250141.0,13015332742.0,-0.17,-0.17,7.69,11.57
4748,300553,集智股份,40.71,-0.85,-0.35,47633.0,195359789.38,5.5,42.36,40.1,42.2,41.06,0.92,5.6,171.11,5.36,4519829663.0,3463981821.0,0.17,0.0,-35.65,0.92
4749,600886,国投电力,13.94,-0.85,-0.12,272698.0,380783446.0,2.06,14.15,13.86,14.04,14.06,0.95,0.37,13.17,1.72,111582650012.0,103911266370.0,0.07,0.07,5.05,10.55
4750,002096,易普力,9.28,-0.85,-0.08,47419.0,44507775.4,2.46,9.51,9.28,9.36,9.36,0.79,0.38,26.78,1.47,11511290346.0,11511270774.0,-0.22,-0.11,-6.45,-28.94
4751,601688,华泰证券,18.74,-0.85,-0.16,574088.0,1076047875.0,1.32,18.9,18.65,18.83,18.9,0.88,0.79,8.81,0.97,169163427350.0,136928646906.0,0.0,0.0,1.35,-20.56
4752,002595,豪迈科技,49.65,-0.86,-0.43,33371.0,166746179.1,2.94,50.78,49.31,50.18,50.08,0.8,0.29,27.94,4.91,57594000000.0,57195738483.0,-0.24,-0.18,-6.46,-13.79
4753,002460,赣锋锂业,51.27,-0.87,-0.45,233537.0,1209032950.72,2.76,52.58,51.15,52.48,51.72,0.7,1.93,14.63,2.33,107497522093.0,62099148808.0,0.0,0.04,-29.91,-18.28
4754,603137,恒尚节能,23.88,-0.87,-0.21,207863.0,489206620.0,8.72,24.73,22.63,23.18,24.09,0.73,11.36,30.16,3.65,4368448016.0,4368448016.0,-0.08,-0.58,83.83,73.8
4755,002972,科安达,13.63,-0.87,-0.12,79870.0,109200920.44,3.78,14.02,13.5,13.87,13.75,1.17,5.93,22.48,2.73,3353099944.0,1835229273.0,0.0,0.22,15.7,15.51
4756,000917,电广传媒,6.86,-0.87,-0.06,232920.0,160387535.85,2.46,6.98,6.81,6.86,6.92,0.39,1.64,-87.4,0.94,9724436479.0,9723771230.0,-0.29,-0.44,-10.79,-33.07
4757,300042,朗科科技,39.51,-0.88,-0.35,117519.0,467589707.09,3.89,40.75,39.2,40.56,39.86,0.59,5.86,41.64,7.0,7917804000.0,7917075041.0,0.03,-0.15,-35.59,54.16
4758,688629,华丰科技,135.6,-0.88,-1.2,107786.0,1478218042.0,4.66,140.33,133.96,140.0,136.8,0.61,2.34,151.02,21.93,63495373390.0,62510627884.0,-0.01,0.0,-6.17,35.52
4759,603280,南方路机,26.96,-0.88,-0.24,28910.0,78325148.0,3.31,27.7,26.8,27.3,27.2,0.6,2.67,65.15,2.15,2922643742.0,2922643742.0,0.07,0.0,-7.35,-27.37
4760,688318,财富趋势,75.63,-0.88,-0.67,42838.0,324000668.0,3.76,77.47,74.6,76.26,76.3,0.59,1.19,196.29,7.18,27118441874.0,27118441874.0,0.19,0.19,-11.72,-19.75
4761,603980,吉华集团,6.73,-0.88,-0.06,151660.0,102852013.0,3.83,6.93,6.67,6.85,6.79,0.52,2.24,48.01,1.18,4555088513.0,4555088513.0,0.15,0.15,19.33,37.63
4762,002925,盈趣科技,22.19,-0.89,-0.2,102922.0,230817717.56,3.35,22.8,22.05,22.6,22.39,0.61,1.41,45.9,3.43,17123336286.0,16221957738.0,-0.14,-0.22,9.36,32.79
4763,300808,久量股份,19.02,-0.89,-0.17,15344.0,29360674.0,2.71,19.41,18.89,19.3,19.19,0.72,1.29,-56.49,3.28,3043200000.0,2261469974.0,-0.21,0.16,-21.76,-36.75
4764,600875,东方电气,25.68,-0.89,-0.23,329904.0,854161770.0,3.13,26.33,25.52,26.19,25.91,0.69,1.46,14.0,1.97,88810693172.0,58123254160.0,0.04,0.04,-27.7,8.13
4765,688190,云路股份,73.54,-0.89,-0.66,6226.0,46452703.0,3.17,75.72,73.37,75.54,74.2,0.59,0.52,35.63,3.37,8824800000.0,8824800000.0,-0.19,-0.07,-38.31,-23.63
4766,300846,首都在线,18.85,-0.89,-0.17,202227.0,383416033.68,3.58,19.36,18.68,19.32,19.02,0.46,4.86,-110.41,12.25,9505605729.0,7845033132.0,0.0,0.21,-24.72,-17.43
4767,601126,四方股份,43.49,-0.89,-0.39,180971.0,788975925.0,4.17,44.75,42.92,44.7,43.88,0.57,2.19,33.47,7.93,36231758195.0,35882964046.0,0.0,0.14,-47.48,48.13
4768,002600,领益智造,12.2,-0.89,-0.11,742126.0,910075655.83,2.36,12.46,12.17,12.41,12.31,0.64,1.03,63.24,4.09,99067482209.0,87839751913.0,0.0,-0.08,-21.39,-21.39
4769,300376,易事特,4.43,-0.89,-0.04,146645.0,65382717.91,2.46,4.53,4.42,4.5,4.47,0.71,0.63,173.05,1.59,10314105309.0,10310536611.0,-0.23,-0.23,-16.26,-31.74
4770,300938,信测标准,27.75,-0.89,-0.25,102987.0,288284326.25,5.46,29.09,27.56,28.45,28.0,0.82,3.48,52.76,5.13,9458921416.0,8209840386.0,0.14,-0.04,-30.63,20.29
4771,920781,瑞奇智造,5.52,-0.9,-0.05,16822.0,9328239.67,3.41,5.65,5.46,5.57,5.57,1.09,1.4,-30.21,2.42,853210138.0,664421910.0,0.55,0.36,-9.95,-38.39
4772,603931,格林达,35.43,-0.9,-0.32,45825.0,163575987.0,3.92,36.42,35.02,36.05,35.75,0.6,2.3,60.29,3.61,7070353403.0,7070353403.0,0.2,0.03,-38.73,12.83
4773,002176,江特电机,8.84,-0.9,-0.08,399488.0,355981047.03,3.03,9.09,8.82,9.07,8.92,0.62,2.35,-20.94,5.09,15047895136.0,15025883536.0,0.0,-0.11,-26.52,-9.24
4774,001390,古麒绒材,17.55,-0.9,-0.16,14678.0,25778503.98,2.32,17.76,17.35,17.69,17.71,1.3,1.24,18.88,2.09,3510000000.0,2084575838.0,0.0,0.0,0.52,-27.87
4775,600285,羚锐制药,19.79,-0.9,-0.18,135194.0,269370016.0,1.9,20.16,19.78,19.95,19.97,0.67,2.39,11.33,3.47,11223215468.0,11210846718.0,-0.05,0.0,-3.51,0.92
4776,920642,通易航天,9.92,-0.9,-0.09,23192.0,23140425.95,2.8,10.15,9.87,9.95,10.01,0.91,2.32,37.15,4.51,1028409158.0,991572230.0,-0.2,-0.5,-7.89,-41.13
4777,001218,丽臣实业,24.32,-0.9,-0.22,30991.0,75517951.83,5.7,25.09,23.69,24.72,24.54,1.51,2.59,10.54,1.32,3265160883.0,2912041779.0,0.16,0.12,1.89,9.45
4778,605580,恒盛能源,17.71,-0.9,-0.16,28925.0,51777228.0,3.13,18.19,17.63,17.9,17.87,0.7,1.03,25.51,5.01,4958800000.0,4958800000.0,0.06,-0.06,-30.06,-20.44
4779,600801,华新建材,22.77,-0.91,-0.21,121619.0,280003976.0,5.22,23.75,22.55,22.95,22.98,1.43,0.91,18.78,1.46,47338730928.0,30550455468.0,0.26,0.4,21.44,-6.41
4780,002465,海格通信,9.8,-0.91,-0.09,457297.0,452481007.59,3.24,10.1,9.78,10.09,9.89,0.89,1.85,1043.41,2.16,24321972690.0,24283293668.0,0.0,-0.1,-44.48,-37.54
4781,603002,宏昌电子,16.32,-0.91,-0.15,671233.0,1109321677.0,5.4,16.89,16.0,16.88,16.47,0.75,5.92,9875.62,5.38,18508161267.0,18508161267.0,0.0,0.12,-1.39,121.14
4782,300301,ST长方,3.28,-0.91,-0.03,40016.0,13169220.0,2.42,3.35,3.27,3.3,3.31,0.49,0.51,-32.99,37.48,2721969562.0,2590541930.0,-0.3,-0.3,0.31,38.4
4783,300105,龙源技术,7.6,-0.91,-0.07,203144.0,155097896.69,3.65,7.78,7.5,7.74,7.67,0.53,3.94,210.27,2.19,3920189592.0,3917736312.0,0.0,0.13,21.99,8.42
4784,600900,长江电力,28.16,-0.91,-0.26,821624.0,2312546485.0,1.16,28.35,28.02,28.21,28.42,0.97,0.34,25.48,3.3,689025010883.0,689025010883.0,0.04,0.0,6.47,7.52
4785,000066,中国长城,14.15,-0.91,-0.13,686839.0,980042577.55,2.1,14.43,14.13,14.35,14.28,0.44,2.13,-136.47,4.18,45645057095.0,45641530208.0,-0.14,-0.14,-22.93,-1.8
4786,688249,晶合集成,39.39,-0.91,-0.36,155478.0,618731700.0,4.03,40.68,39.08,40.68,39.75,0.59,0.77,434.39,4.02,88022690066.0,79079036945.0,-0.03,0.13,-8.4,18.68
4787,002832,比音勒芬,24.97,-0.91,-0.23,91343.0,228984746.72,3.1,25.56,24.78,25.35,25.2,1.01,2.35,9.22,2.67,14250555887.0,9723774551.0,-0.2,-0.16,30.66,75.11
4788,600690,海尔智家,21.77,-0.91,-0.2,423194.0,926666577.0,1.73,22.13,21.75,21.93,21.97,1.13,0.68,10.97,1.71,204150997481.0,136128428507.0,-0.09,-0.09,7.99,-16.56
4789,601369,陕鼓动力,8.72,-0.91,-0.08,93907.0,82202643.0,2.61,8.89,8.66,8.81,8.8,0.93,0.55,19.6,1.7,15028697570.0,14878162466.0,0.0,0.0,1.51,-11.56
4790,002080,中材科技,53.59,-0.92,-0.5,527155.0,2809261356.36,4.16,54.5,52.25,53.34,54.09,0.97,3.14,37.23,4.41,89930642867.0,89930642867.0,0.04,0.15,-23.79,49.23
4791,603662,柯力传感,49.05,-0.93,-0.46,59572.0,292305028.0,3.8,50.29,48.41,50.25,49.51,0.91,2.12,83.75,5.13,13774705025.0,13774705025.0,0.14,0.1,-25.27,-31.53
4792,300077,国民技术,19.19,-0.93,-0.18,291349.0,564000719.38,3.98,19.75,18.98,19.68,19.37,0.7,5.14,-206.63,7.47,13013251373.0,10867832401.0,-0.05,0.0,-23.15,-5.09
4793,002565,顺灏股份,8.52,-0.93,-0.08,565308.0,479354204.58,4.88,8.67,8.25,8.4,8.6,1.32,5.33,112.98,4.91,9031105615.0,9030818065.0,-0.23,-0.23,-43.12,-53.52
4794,002335,科华数据,29.92,-0.93,-0.28,161951.0,488119645.04,3.41,30.78,29.75,30.66,30.2,0.57,2.45,72.34,3.53,22571959437.0,19739261685.0,0.07,0.03,-27.36,-21.16
4795,300337,银邦股份,9.56,-0.93,-0.09,141481.0,137269214.79,3.32,9.85,9.53,9.84,9.65,0.9,1.99,35.94,4.46,7857829352.0,6801095957.0,-0.1,-0.21,-26.18,-38.32
4796,000833,粤桂股份,21.04,-0.94,-0.2,308722.0,649926660.34,3.2,21.45,20.77,21.4,21.24,1.18,6.8,19.56,4.21,16875809930.0,9545890627.0,-0.05,0.05,-10.39,9.13
4797,300827,上能电气,25.41,-0.94,-0.24,74104.0,189958588.2,2.73,26.05,25.35,25.92,25.65,0.46,1.7,36.16,3.34,14145533022.0,11092488388.0,0.04,0.0,-30.67,-25.48
4798,600641,先导基电,32.84,-0.94,-0.31,547360.0,1803982908.0,4.89,33.97,32.35,33.97,33.15,0.6,5.88,73.99,3.7,31095076813.0,30561886573.0,-0.18,-0.21,22.58,86.17
4799,600882,妙可蓝多,20.85,-0.95,-0.2,77721.0,160809183.0,3.47,21.03,20.3,20.8,21.05,0.96,1.53,35.05,2.24,10601258540.0,10601258540.0,-0.1,-0.14,16.35,-17.06
4800,002115,三维通信,10.43,-0.95,-0.1,440527.0,461759535.36,3.99,10.76,10.34,10.73,10.53,0.56,5.9,83.31,4.05,8396539373.0,7783556539.0,-0.19,-0.1,-17.55,-18.13
4801,300797,钢研纳克,14.63,-0.95,-0.14,93189.0,137997812.78,3.66,15.15,14.61,14.95,14.77,0.7,2.44,36.4,4.14,5599313712.0,5584188838.0,-0.2,-0.2,3.1,-13.02
4802,600057,厦门象屿,6.26,-0.95,-0.06,181311.0,113441508.0,3.01,6.37,6.18,6.31,6.32,1.19,0.87,8.52,1.15,17772237274.0,13099113627.0,-0.16,-0.16,1.29,-25.48
4803,688148,芳源股份,6.25,-0.95,-0.06,131164.0,82470203.0,3.01,6.39,6.2,6.34,6.31,0.6,2.57,35.34,8.64,3188581581.0,3188581581.0,0.0,0.0,-30.17,-28.73
4804,603331,百达精工,12.44,-0.96,-0.12,45463.0,57214287.0,3.26,12.81,12.4,12.65,12.56,0.93,2.25,1036.59,2.41,2515064912.0,2515064912.0,-0.08,-0.08,-4.16,-12.7
4805,920651,天罡股份,25.73,-0.96,-0.25,8582.0,22213178.45,6.31,26.76,25.12,25.79,25.98,0.82,2.07,35.9,3.08,1569530000.0,1066955507.0,0.04,-0.27,15.12,-39.6
4806,000970,中科三环,12.41,-0.96,-0.12,250407.0,313736634.92,2.55,12.69,12.37,12.69,12.53,0.65,2.06,153.27,2.31,15087156843.0,15087156843.0,-0.16,-0.24,6.71,-8.35
4807,603161,科华控股,15.55,-0.96,-0.15,37559.0,58649965.0,3.44,16.0,15.46,16.0,15.7,0.57,1.97,55.52,1.92,3485709039.0,2966143063.0,0.19,0.06,19.71,14.68
4808,002498,汉缆股份,6.22,-0.96,-0.06,570709.0,359428155.87,4.94,6.49,6.18,6.38,6.28,0.51,1.72,32.25,2.38,20692671120.0,20692671120.0,0.0,-0.32,-29.0,64.12
4809,300019,硅宝科技,14.48,-0.96,-0.14,43424.0,63276063.0,3.01,14.86,14.42,14.77,14.62,0.54,1.18,30.93,2.16,5692329816.0,5337471439.0,0.14,0.0,-22.65,-28.85
4810,002151,北斗星通,27.95,-0.96,-0.27,115910.0,326145999.56,3.05,28.71,27.85,28.71,28.22,0.86,2.62,279.86,3.14,15174360018.0,12376682380.0,-0.11,-0.07,-24.05,-38.48
4811,603360,百傲化学,12.37,-0.96,-0.12,76326.0,95052379.0,2.64,12.65,12.32,12.54,12.49,0.67,1.08,110.14,6.2,8735986600.0,8735986600.0,-0.16,-0.16,-49.39,-61.61
4812,920015,锦华新材,39.33,-0.96,-0.38,14367.0,56888850.09,3.25,40.4,39.11,39.96,39.71,0.68,3.59,41.8,3.16,5331837013.0,1573689265.0,-0.05,0.0,-4.0,-16.8
4813,301137,哈焊华通,31.53,-0.97,-0.31,24963.0,79320750.49,3.3,32.38,31.33,31.98,31.84,0.49,1.37,211.04,4.17,5732576502.0,5732576502.0,-0.13,-0.03,-22.11,-32.81
4814,600769,祥龙电业,15.18,-0.98,-0.15,79230.0,121216839.0,3.91,15.6,15.0,15.6,15.33,0.55,2.11,306.92,43.36,5692153896.0,5692153896.0,-0.13,0.2,-7.83,26.08
4815,300912,凯龙高科,19.12,-0.98,-0.19,41487.0,80074647.58,3.11,19.64,19.04,19.49,19.31,0.73,4.83,53.83,4.86,2177477376.0,1643827182.0,0.0,0.0,-30.5,15.88
4816,600400,红豆股份,3.04,-0.98,-0.03,433421.0,132978375.0,2.93,3.12,3.03,3.08,3.07,0.68,1.89,310.94,5.02,6965770430.0,6965770430.0,0.0,0.0,3.4,27.73
4817,689009,九号公司-WD,43.86,-0.99,-0.44,85941.0,380624361.0,3.14,45.1,43.71,44.1,44.3,0.75,1.53,16.0,4.39,32274315122.0,24659468722.0,-0.05,0.02,19.25,-19.33
4818,601717,中创智领,14.99,-0.99,-0.15,192667.0,292682291.0,3.43,15.47,14.95,15.19,15.14,1.38,1.25,7.5,1.17,26763144951.0,23117064293.0,-0.07,0.07,-14.44,-35.67
4819,002267,陕天然气,6.97,-0.99,-0.07,65868.0,46142602.69,2.27,7.1,6.94,7.02,7.04,0.97,0.59,5.22,1.14,7751165852.0,7751165852.0,-0.14,-0.14,-2.11,-4.91
4820,603260,合盛硅业,35.06,-0.99,-0.35,65497.0,230952716.0,2.91,35.93,34.9,35.66,35.41,0.65,0.55,133.98,1.41,41448175351.0,41448175351.0,0.03,-0.06,-12.57,-33.47
4821,600201,生物股份,13.0,-0.99,-0.13,158650.0,209963712.0,4.42,13.55,12.97,13.36,13.13,0.95,1.44,68.68,2.64,14299061738.0,14299061738.0,0.0,-0.08,5.78,-13.51
4822,003020,立方制药,18.98,-0.99,-0.19,140231.0,269675650.01,5.53,19.85,18.79,19.5,19.17,1.03,8.32,30.68,2.42,4331589370.0,3199045880.0,-0.21,-0.21,16.73,-10.98
4823,603043,广州酒家,13.81,-1.0,-0.14,53297.0,74244338.0,3.08,14.22,13.79,13.85,13.95,1.47,0.95,127.05,2.09,7833962380.0,7767467230.0,-0.14,0.0,0.29,-19.85
4824,603119,浙江荣泰,49.5,-1.0,-0.5,115471.0,570280939.0,5.62,50.83,48.02,49.98,50.0,1.32,2.44,77.94,11.15,23406568416.0,23406568416.0,0.0,-0.02,-33.09,-44.26
4825,301235,华康洁净,43.73,-1.0,-0.44,92734.0,411576518.72,5.75,45.65,43.11,45.59,44.17,0.6,8.9,-87.2,2.37,6089405867.0,4557467790.0,0.16,0.07,-33.14,19.22
4826,000593,德龙汇能,24.56,-1.01,-0.25,246766.0,618371819.28,6.77,25.98,24.3,25.25,24.81,0.7,6.88,150.18,9.96,8807977581.0,8804346631.0,0.0,0.08,12.76,119.29
4827,002658,雪迪龙,7.85,-1.01,-0.08,125247.0,97057371.04,3.03,7.88,7.64,7.8,7.93,0.64,3.49,87.54,1.95,4990723253.0,2814707767.0,-0.13,-0.25,-2.48,-11.1
4828,002432,九安医疗,69.66,-1.02,-0.72,189080.0,1334954745.16,4.59,72.33,69.1,71.81,70.38,0.76,4.06,27.64,1.55,32454167750.0,32410869811.0,0.0,0.07,-16.12,80.7
4829,603730,岱美股份,9.69,-1.02,-0.1,70360.0,69047381.0,2.55,9.94,9.69,9.85,9.79,0.6,0.33,27.92,4.69,20819872769.0,20819872769.0,0.0,-0.21,-26.59,13.87
4830,688027,国盾量子,386.2,-1.02,-3.97,11441.0,444885449.0,3.12,395.16,383.0,392.16,390.17,0.74,1.42,-522.32,12.32,39724918586.0,31040581694.0,-0.01,-0.12,-33.93,-23.34
4831,300777,中简科技,23.15,-1.03,-0.24,65238.0,152415378.11,3.51,23.91,23.09,23.86,23.39,0.71,1.51,133.37,2.27,10179229482.0,9975502629.0,-0.17,-0.13,-36.12,-42.94
4832,300750,宁德时代,385.0,-1.03,-4.0,179096.0,6928336379.15,2.08,392.09,384.0,391.51,389.0,0.91,0.42,20.58,4.78,1781262143815.0,1640131192315.0,-0.1,-0.05,-6.87,7.26
4833,002266,浙富控股,4.82,-1.03,-0.05,577080.0,281601704.06,3.49,4.97,4.8,4.92,4.87,0.93,1.19,10.44,2.04,25156888158.0,23341260804.0,0.0,0.0,-8.37,17.56
4834,920964,润农节水,4.77,-1.04,-0.05,62937.0,30423303.8,3.32,4.92,4.76,4.8,4.82,1.05,4.26,104.7,1.43,1245962160.0,704515820.0,0.21,-0.21,-2.05,-28.7
4835,600268,国电南自,10.5,-1.04,-0.11,149458.0,159572112.0,4.34,10.94,10.48,10.78,10.61,0.85,1.47,27.51,2.85,10663660476.0,10662702225.0,0.0,0.0,-20.39,2.14
4836,002137,实益达,7.6,-1.04,-0.08,185090.0,140292946.27,3.78,7.77,7.48,7.73,7.68,0.85,4.67,68.51,2.87,4389036890.0,3013088066.0,0.26,0.0,-14.51,-10.9
4837,603501,豪威集团,85.99,-1.05,-0.91,138599.0,1199633647.0,1.58,87.35,85.98,87.0,86.9,0.78,1.15,53.76,3.31,108150003850.0,103786776661.0,0.0,-0.01,-18.0,-31.65
4838,920159,农大科技,30.26,-1.05,-0.32,15372.0,46125422.1,5.72,30.8,29.05,29.5,30.58,1.02,10.03,12.82,2.19,2299760000.0,463583200.0,0.87,0.36,-8.55,25.04
4839,002960,青鸟智控,8.45,-1.05,-0.09,113818.0,96537007.46,2.69,8.63,8.4,8.62,8.54,0.91,1.18,32.1,1.43,8904057590.0,8183393670.0,0.0,0.0,-1.52,-2.31
4840,002472,双环传动,35.92,-1.05,-0.38,183328.0,660882820.36,2.75,36.7,35.7,36.5,36.3,0.67,2.45,26.87,3.03,30531917097.0,26889545547.0,0.0,0.06,-14.92,-23.79
4841,301396,宏景科技,190.0,-1.05,-2.02,167166.0,3170547641.26,5.27,195.4,185.28,191.32,192.02,0.64,11.81,337.4,33.82,40835667350.0,26886291050.0,0.01,-0.51,3.58,302.46
4842,600885,宏发股份,34.84,-1.05,-0.37,150582.0,520759102.0,4.17,35.36,33.89,35.21,35.21,0.87,0.97,23.32,4.08,53918185865.0,53918185865.0,-0.14,0.03,-2.16,15.94
4843,600079,ST人福,17.86,-1.05,-0.19,111244.0,200260104.0,2.05,18.2,17.83,18.04,18.05,1.38,0.72,12.39,1.56,29151555735.0,27561172832.0,0.06,0.11,4.57,1.3
4844,300124,汇川技术,59.12,-1.05,-0.63,157729.0,938080186.26,2.41,60.49,59.05,59.76,59.75,0.66,0.65,39.49,4.57,160073545169.0,142497806246.0,-0.02,0.0,-23.81,-20.99
4845,300415,伊之密,19.58,-1.06,-0.21,47105.0,92884023.48,2.83,20.07,19.51,19.99,19.79,0.91,1.04,16.97,2.94,9174445605.0,8871544082.0,-0.05,0.05,-15.42,-23.13
4846,601108,财通证券,8.38,-1.06,-0.09,752838.0,629108027.0,3.9,8.57,8.24,8.48,8.47,0.63,1.62,15.77,1.03,38914784136.0,38914784136.0,0.12,0.12,6.21,-3.34
4847,300163,先锋新材,6.55,-1.06,-0.07,261414.0,172026235.04,6.04,6.78,6.38,6.65,6.62,0.81,5.73,-73.05,5.65,3104700000.0,2990705385.0,0.0,0.31,7.91,61.73
4848,688418,震有科技,32.61,-1.06,-0.35,44922.0,147616013.0,4.28,33.61,32.2,33.0,32.96,0.88,2.33,-34.96,7.69,6279206615.0,6279206615.0,0.0,0.12,-34.15,-25.0
4849,920207,众诚科技,21.36,-1.07,-0.23,15765.0,34003921.83,3.01,21.88,21.23,21.88,21.59,0.57,2.8,140.28,6.76,1969285200.0,1202877036.0,-0.33,-0.28,-11.74,-4.0
4850,002342,巨力索具,7.41,-1.07,-0.08,428233.0,320454008.0,3.2,7.62,7.38,7.59,7.49,0.94,4.49,935.98,2.91,7113600000.0,7074252900.0,-0.27,-0.27,-35.84,-19.37
4851,688591,泰凌微,26.8,-1.07,-0.29,40286.0,108916022.0,3.1,27.47,26.63,27.3,27.09,0.76,2.38,195.28,2.71,6473913297.0,4536107673.0,-0.04,-0.33,-26.15,-36.64
4852,920099,瑞华技术,17.63,-1.07,-0.19,4166.0,7382886.02,1.46,17.85,17.59,17.78,17.82,0.49,0.71,-34.32,1.85,1658630347.0,1038996653.0,-0.4,-0.96,-28.65,-35.28
4853,002128,电投能源,26.92,-1.07,-0.29,64598.0,175571282.94,3.64,27.77,26.78,27.21,27.21,0.76,0.29,10.51,1.63,84164762671.0,60343158432.0,0.0,0.11,-10.45,1.16
4854,003023,彩虹集团,27.63,-1.07,-0.3,64738.0,178013141.48,5.76,28.5,26.89,27.86,27.93,0.71,6.16,38.12,1.88,2910588408.0,2904474276.0,-0.04,0.04,14.41,23.85
4855,688502,茂莱光学,455.0,-1.08,-4.99,15997.0,734694696.0,3.7,468.0,451.0,455.7,459.99,0.64,3.03,-540.7,20.39,24024340340.0,24024340340.0,-0.01,-0.22,-3.78,14.1
4856,603248,锡华科技,18.31,-1.08,-0.2,33895.0,62642423.0,3.03,18.85,18.29,18.48,18.51,0.78,4.74,73.02,3.72,8422600000.0,1309255653.0,-0.22,-0.38,-32.36,-16.05
4857,603358,华达科技,45.2,-1.09,-0.5,89962.0,409389481.0,6.17,46.82,44.0,46.39,45.7,0.64,1.95,-69.01,6.2,21232387035.0,20872033064.0,-0.09,-0.18,25.07,-9.76
4858,001331,胜通能源,44.63,-1.09,-0.49,99908.0,439273527.78,10.26,45.28,40.65,44.34,45.12,0.83,3.5,-547.19,12.56,18264738240.0,12756778115.0,-0.02,0.02,-7.18,39.91
4859,002428,云南锗业,103.56,-1.09,-1.14,798414.0,8170281138.31,8.12,105.5,97.0,102.91,104.7,0.82,12.23,1856.71,46.24,67637107200.0,67628369325.0,-0.01,0.2,26.8,226.28
4860,920706,铁拓机械,13.59,-1.09,-0.15,7704.0,10552463.45,4.15,14.02,13.45,13.7,13.74,0.76,1.62,46.85,2.08,1285685280.0,647860713.0,0.07,0.3,-30.87,-45.31
4861,601918,新集能源,9.93,-1.1,-0.11,289836.0,292315042.0,4.88,10.34,9.85,9.9,10.04,0.88,1.12,11.73,1.5,25724080074.0,25724080074.0,0.0,-0.1,11.32,54.19
4862,600989,宝丰能源,23.4,-1.1,-0.26,906544.0,2148821446.0,4.56,24.26,23.18,23.53,23.66,1.31,1.24,8.82,3.11,171600624000.0,171600624000.0,-0.26,-0.38,-6.29,21.81
4863,002378,章源钨业,25.2,-1.1,-0.28,236778.0,605761620.85,4.87,26.18,24.94,26.0,25.48,0.68,1.98,19.85,11.75,30275725183.0,30117058499.0,0.04,0.12,-9.03,79.23
4864,600110,诺德股份,9.76,-1.11,-0.11,938326.0,924936999.0,5.17,10.14,9.63,10.05,9.87,0.66,5.41,82.29,2.82,16935365896.0,16935365896.0,-0.1,-0.1,-6.69,37.66
4865,603080,新疆火炬,19.35,-1.12,-0.22,18196.0,35462481.0,3.93,19.95,19.18,19.5,19.57,0.88,1.29,15.17,1.77,2738025000.0,2738025000.0,0.21,-0.26,-18.46,-16.23
4866,002298,中电鑫龙,7.98,-1.12,-0.09,258421.0,207390715.0,4.58,8.28,7.91,8.23,8.07,0.52,3.91,34.38,3.17,5906084990.0,5272840756.0,-0.13,-0.13,-17.99,-23.56
4867,300720,海川智能,78.61,-1.12,-0.89,128894.0,1013980613.85,6.1,81.0,76.15,80.52,79.5,0.72,7.0,541.16,26.51,15319301094.0,14475655823.0,-0.22,0.06,24.38,132.3
4868,600191,华资实业,10.57,-1.12,-0.12,91876.0,98330427.0,4.3,10.98,10.52,10.58,10.69,0.6,1.89,62.49,3.0,5125731240.0,5125731240.0,0.0,-0.19,-2.85,-17.61
4869,600059,古越龙山,7.94,-1.12,-0.09,151280.0,120698656.0,2.49,8.11,7.91,7.95,8.03,0.57,1.66,29.17,1.24,7237646759.0,7237646759.0,-0.13,-0.13,-3.17,-13.41
4870,688117,圣诺生物,26.6,-1.12,-0.3,191044.0,521565722.0,6.43,28.09,26.36,27.3,26.9,1.71,8.67,21.68,5.12,5861053815.0,5861053815.0,-0.37,-0.6,8.7,-0.6
4871,603261,立航科技,49.9,-1.13,-0.57,12194.0,61127347.0,4.54,51.46,49.17,51.46,50.47,0.4,1.57,-79.66,7.74,3867500598.0,3867500598.0,-0.04,-0.2,35.27,106.63
4872,600025,华能水电,9.65,-1.13,-0.11,334223.0,322931270.0,2.66,9.84,9.58,9.71,9.76,1.48,0.18,29.13,2.68,179790059580.0,179790059580.0,0.1,0.1,2.44,8.67
4873,300772,运达股份,11.34,-1.13,-0.13,99646.0,113667033.6,2.62,11.59,11.29,11.46,11.47,0.81,1.43,46.66,1.33,8922852975.0,7913908442.0,-0.26,-0.26,-28.41,-40.32
4874,688017,绿的谐波,310.0,-1.13,-3.53,90712.0,2812401235.0,6.67,321.0,300.1,318.0,313.53,0.78,4.95,435.37,16.1,56832338750.0,56832338750.0,1.02,1.02,-3.36,61.55
4875,002687,乔治白,6.13,-1.13,-0.07,214019.0,132920210.64,4.19,6.36,6.1,6.33,6.2,0.54,5.18,69.82,2.03,3094298280.0,2534102382.0,0.16,0.33,42.89,29.32
4876,600289,ST信通,4.32,-1.14,-0.05,14461.0,6283892.0,3.2,4.44,4.3,4.35,4.37,0.75,0.26,-13.67,3.03,2726144938.0,2444785995.0,0.0,0.0,-29.76,-34.94
4877,300007,汉威科技,31.26,-1.14,-0.36,96548.0,303297883.88,4.02,32.3,31.03,32.25,31.62,0.89,3.41,103.43,3.48,10235950050.0,8844900994.0,-0.06,-0.26,-34.15,-41.62
4878,920106,林泰新材,35.66,-1.14,-0.41,4307.0,15490380.16,3.41,36.75,35.52,36.27,36.07,0.82,0.99,21.77,3.53,2018124210.0,1556982569.0,-0.75,-0.11,-19.27,-54.34
4879,600877,电科芯片,12.19,-1.14,-0.14,125908.0,155401638.0,3.49,12.59,12.16,12.59,12.33,0.68,1.06,-2985.86,5.77,14433685207.0,14433685207.0,-0.08,-0.08,-22.06,-30.54
4880,600323,瀚蓝环境,29.6,-1.14,-0.34,45541.0,136578365.0,2.91,30.47,29.6,29.94,29.94,0.9,0.56,10.01,1.59,24134275522.0,24134275522.0,-0.37,-0.37,-0.94,6.47
4881,002569,*ST步森,12.13,-1.14,-0.14,12891.0,15666458.0,2.69,12.35,12.02,12.35,12.27,1.19,0.92,-65.59,57.14,1746841300.0,1698321300.0,0.58,0.58,-27.23,-2.57
4882,600511,国药股份,26.84,-1.14,-0.31,66339.0,177956007.0,1.95,27.13,26.6,26.8,27.15,1.45,1.2,11.51,1.08,20250860466.0,14851818020.0,-0.22,0.0,3.23,-3.97
4883,920079,乔路铭,13.75,-1.15,-0.16,34662.0,47838577.91,2.23,14.01,13.7,13.91,13.91,0.74,7.7,14.74,2.33,5724268000.0,618750000.0,-0.22,-0.22,-4.25,-4.25
4884,603353,和顺石油,30.2,-1.15,-0.35,32737.0,99330867.0,3.47,30.96,29.9,30.56,30.55,0.56,1.92,58.3,3.24,5146623600.0,5146623600.0,-0.1,-0.1,-41.38,10.91
4885,301129,瑞纳智能,23.98,-1.15,-0.28,66259.0,159686347.21,3.92,24.74,23.79,24.64,24.26,0.87,9.82,140.65,1.79,3258100252.0,1617990550.0,0.04,0.04,-12.83,1.57
4886,001232,嘉立创,149.91,-1.15,-1.75,47657.0,717531934.28,5.08,154.5,146.8,153.0,151.66,0.54,10.78,55.3,6.93,83283999600.0,6627003761.0,-0.02,-0.01,77.49,77.49
4887,002868,绿康生化,22.4,-1.15,-0.26,15258.0,34702750.0,3.44,23.18,22.4,23.08,22.66,0.87,1.42,237.92,49.07,3481314749.0,2406504150.0,-0.04,-0.58,-27.06,-33.55
4888,002484,江海股份,59.97,-1.15,-0.7,493374.0,2969566604.72,5.55,61.97,58.6,61.28,60.67,0.85,6.01,78.71,8.22,51005920742.0,49203721732.0,0.03,0.23,-10.94,103.7
4889,605196,华通线缆,34.1,-1.16,-0.4,127046.0,439153826.0,5.36,35.6,33.75,34.51,34.5,0.96,2.5,67.49,5.15,17424151372.0,17300653414.0,0.24,0.18,-18.56,-1.84
4890,000039,中集集团,9.2,-1.18,-0.11,322319.0,300247119.81,4.3,9.52,9.12,9.44,9.31,0.58,1.4,59.35,1.07,49611187542.0,21172945697.0,0.33,0.33,-9.54,-7.26
4891,688778,厦钨新能,45.94,-1.18,-0.55,49387.0,228491583.0,3.2,47.2,45.71,47.1,46.49,1.05,0.98,23.6,2.44,23185508353.0,23185508353.0,0.0,-0.02,-30.36,-40.39
4892,300136,信维通信,59.62,-1.18,-0.71,556036.0,3337485335.66,5.4,61.95,58.69,61.54,60.33,0.98,6.74,137.49,7.23,57686442198.0,49198438190.0,-0.05,0.22,-46.76,-3.76
4893,920368,连城数控,23.39,-1.18,-0.28,31975.0,75291726.55,3.55,24.06,23.22,23.77,23.67,0.86,1.43,112.69,1.3,5491514492.0,5224601705.0,0.17,0.13,-32.81,-5.95
4894,003001,中岩大地,15.9,-1.18,-0.19,74980.0,119530973.56,3.98,16.38,15.74,16.34,16.09,0.66,6.56,104.9,2.35,2775351265.0,1818428654.0,0.0,0.13,-17.62,-20.7
4895,603978,深圳新星,18.5,-1.18,-0.22,66813.0,125284599.0,3.74,19.09,18.39,18.89,18.72,0.89,3.17,54.12,2.35,3905244532.0,3905244532.0,0.22,0.22,-41.81,-34.49
4896,601921,浙版传媒,7.54,-1.18,-0.09,225989.0,168852902.0,5.11,7.66,7.27,7.66,7.63,1.96,1.02,12.97,1.15,16755555561.0,16755555561.0,-0.13,0.13,8.02,-0.79
4897,000559,万向钱潮,10.88,-1.18,-0.13,297156.0,325852182.58,4.0,11.28,10.84,11.23,11.01,0.77,0.9,36.54,4.44,36071099871.0,36060115368.0,0.0,0.09,-30.96,-36.0
4898,002301,齐心集团,7.46,-1.19,-0.09,83215.0,62405498.0,3.18,7.64,7.4,7.64,7.55,0.52,1.16,35.18,1.72,5401099180.0,5356195874.0,0.27,0.13,-5.57,-2.36
4899,603928,兴业股份,12.5,-1.19,-0.15,134485.0,168236850.0,4.58,12.93,12.35,12.82,12.65,0.77,3.95,33.47,2.69,4258800000.0,4258800000.0,0.0,0.16,3.65,2.04
4900,600259,中稀有色,84.75,-1.19,-1.02,97866.0,842778419.0,5.07,88.5,84.15,87.6,85.77,0.76,2.91,41.71,7.89,28512943373.0,28512943373.0,-0.22,-0.2,1.61,51.04
4901,603983,丸美生物,26.56,-1.19,-0.32,29566.0,80441113.0,4.65,27.8,26.55,27.0,26.88,0.77,0.74,26.36,3.2,10650560000.0,10650560000.0,0.04,-0.19,14.63,-19.27
4902,603661,恒林股份,32.47,-1.19,-0.39,17704.0,58378362.0,2.98,33.45,32.47,33.02,32.86,0.62,1.27,19.14,1.22,4515506497.0,4515506497.0,-0.31,-0.31,-3.71,1.44
4903,605117,德业股份,93.73,-1.2,-1.14,97832.0,923503586.0,3.33,96.16,93.0,95.44,94.87,0.61,0.77,25.12,11.99,119339945004.0,119339945004.0,0.0,0.12,-23.42,55.47
4904,920690,捷众科技,16.45,-1.2,-0.2,12382.0,20529133.97,3.9,16.95,16.3,16.7,16.65,0.48,2.21,24.65,2.43,1417825500.0,921673826.0,-0.3,-0.18,-15.12,-34.85
4905,300497,富祥股份,17.36,-1.2,-0.21,268965.0,474657247.23,4.44,18.05,17.27,17.8,17.57,0.78,5.89,26.42,4.0,9350945494.0,7920718458.0,0.0,0.06,12.0,14.89
4906,920139,华岭股份,14.66,-1.21,-0.18,26253.0,38980852.41,2.83,15.07,14.65,14.97,14.84,0.64,1.01,-222.17,3.82,3950978367.0,3816869816.0,-0.27,-0.41,-19.54,-29.86
4907,002488,金固股份,8.19,-1.21,-0.1,220089.0,180756157.31,3.26,8.37,8.1,8.33,8.29,0.92,2.39,87.83,2.36,8152645942.0,7535487952.0,0.0,0.0,-22.66,-6.72
4908,600435,北方导航,10.6,-1.21,-0.13,184543.0,197734530.0,3.17,10.9,10.56,10.78,10.73,0.46,1.22,-254.88,5.59,16030992139.0,16030992139.0,-0.09,-0.28,-12.54,-31.17
4909,600693,东百集团,8.95,-1.21,-0.11,414958.0,374365068.0,3.09,9.19,8.91,9.18,9.06,0.48,4.78,52.09,2.16,7785123902.0,7777127399.0,-0.44,-0.33,-10.77,-49.66
4910,688797,臻宝科技,307.31,-1.21,-3.77,28551.0,882009519.0,5.4,320.0,303.2,319.0,311.08,0.7,9.78,233.82,16.64,47722260864.0,8971208022.0,0.05,-0.06,589.65,589.65
4911,300387,富邦科技,7.37,-1.21,-0.09,138897.0,102629121.0,3.75,7.56,7.28,7.44,7.46,1.28,4.81,19.31,1.47,2130350223.0,2129610474.0,0.14,0.0,-5.39,-12.78
4912,300522,世名科技,13.76,-1.22,-0.17,180086.0,249963862.0,4.67,14.31,13.66,14.05,13.93,1.1,6.84,518.91,5.7,4436932736.0,3620333345.0,0.22,0.07,6.42,9.73
4913,688550,瑞联新材,38.97,-1.22,-0.48,42449.0,168403590.0,6.59,41.2,38.6,41.04,39.45,0.65,2.41,39.29,2.13,6861374481.0,6861374481.0,0.03,-0.15,-27.23,-12.25
4914,300442,润泽科技,64.58,-1.22,-0.8,212799.0,1382834411.15,3.72,66.45,64.02,66.44,65.38,0.46,1.3,45.51,7.63,105978490616.0,105667628328.0,0.12,0.08,-23.33,22.87
4915,920981,晶赛科技,29.06,-1.22,-0.36,15830.0,46259753.54,4.42,30.0,28.7,30.0,29.42,0.6,4.12,134.52,4.31,2222160080.0,1117725975.0,-0.34,0.0,-18.85,-9.07
4916,920086,科马材料,20.25,-1.22,-0.25,5682.0,11597796.63,3.12,20.76,20.12,20.5,20.5,0.97,2.08,17.38,2.02,1694520000.0,554285025.0,-0.1,0.0,-26.58,81.45
4917,002354,天娱数科,7.29,-1.22,-0.09,1580973.0,1157927505.72,3.79,7.53,7.25,7.49,7.38,0.52,9.72,99.71,8.77,12061930628.0,11851307649.0,-0.14,-0.14,3.11,14.44
4918,688646,逸飞激光,71.12,-1.22,-0.88,17365.0,124403482.0,5.21,73.45,69.7,72.01,72.0,0.49,2.86,-212.32,4.71,6696844681.0,4319272002.0,-0.39,-0.2,1.67,99.27
4919,920839,万通液压,24.15,-1.23,-0.3,4181.0,10173351.95,3.03,24.75,24.01,24.21,24.45,0.55,0.64,27.51,4.65,2854770800.0,1574642693.0,-0.49,-0.21,-10.06,-42.04
4920,600968,海油发展,4.01,-1.23,-0.05,463041.0,186659336.0,3.2,4.1,3.97,4.03,4.06,1.02,0.46,15.99,1.42,40762067838.0,40762067838.0,0.0,-0.25,5.8,8.67
4921,920826,盖世食品,8.84,-1.23,-0.11,54607.0,48473366.7,3.13,9.02,8.74,8.86,8.95,0.48,8.65,32.7,3.29,1242159796.0,558282713.0,0.11,-0.23,-14.09,-33.18
4922,000901,航天科技,13.6,-1.23,-0.17,138366.0,189970588.61,4.21,14.12,13.54,14.05,13.77,0.8,1.73,180.57,2.56,10855539122.0,10855429982.0,-0.07,0.0,-29.46,-52.21
4923,301313,凡拓数创,33.82,-1.23,-0.42,45968.0,156608782.36,3.88,34.87,33.54,34.87,34.24,0.78,5.85,-34.8,5.42,3498793988.0,2656679877.0,0.06,0.06,-30.41,27.57
4924,603798,康普顿,12.7,-1.24,-0.16,32579.0,41573142.0,8.79,13.43,12.3,12.3,12.86,1.02,1.27,17.53,2.68,3256910555.0,3256910555.0,0.63,0.63,-19.06,-22.61
4925,600410,华胜天成,13.56,-1.24,-0.17,366588.0,501421936.0,4.01,14.05,13.5,14.0,13.73,0.55,3.34,-40.27,3.46,14868467901.0,14868467901.0,0.0,-0.07,-30.18,-24.12
4926,600961,株冶集团,27.09,-1.24,-0.34,504123.0,1410327600.0,7.47,28.93,26.88,28.3,27.43,1.01,6.71,7.46,4.96,29064121524.0,20366597862.0,0.0,0.04,1.46,68.26
4927,300746,汉嘉数智,13.51,-1.24,-0.17,34053.0,46734602.0,5.12,14.16,13.46,14.16,13.68,0.72,1.52,95.28,3.7,3049724811.0,3020099030.0,0.15,0.07,14.3,6.63
4928,000537,绿发电力,7.91,-1.25,-0.1,252585.0,199586569.3,2.0,7.99,7.83,7.9,8.01,0.6,1.23,45.7,0.83,16260728581.0,16260728581.0,-0.13,-0.13,-20.74,-2.22
4929,000966,长源电力,3.96,-1.25,-0.05,395724.0,156953953.24,2.99,4.04,3.92,4.01,4.01,0.87,1.14,39.85,1.02,13784898663.0,13784898663.0,-0.25,0.0,-24.43,-7.26
4930,300033,同花顺,220.22,-1.25,-2.78,96247.0,2128406875.0,2.96,224.92,218.33,223.92,223.0,0.78,2.2,161.9,39.02,165746380800.0,96546851481.0,0.01,-0.04,-7.85,-2.77
4931,605020,永和股份,32.52,-1.25,-0.41,105986.0,348637122.0,3.25,33.46,32.39,33.1,32.93,0.72,2.11,16.19,2.75,16611824872.0,16355088057.0,0.09,-0.03,-2.75,23.0
4932,600519,贵州茅台,1291.5,-1.25,-16.38,25332.0,3280474226.0,1.21,1306.88,1291.0,1299.8,1307.88,0.58,0.2,18.13,6.43,1614480387692.0,1614480387692.0,-0.01,0.0,1.3,-4.27
4933,605288,凯迪股份,54.92,-1.26,-0.7,16388.0,89142897.0,5.16,55.87,53.0,55.51,55.62,0.65,1.67,-158.13,2.49,5433906558.0,5397453957.0,0.0,-0.13,-21.64,-13.66
4934,603663,三祥新材,40.76,-1.26,-0.52,297829.0,1221603281.0,5.26,42.47,40.3,41.97,41.28,0.8,5.02,163.96,17.95,24193918377.0,24177483945.0,-0.05,-0.02,-10.89,61.87
4935,601606,长城军工,30.46,-1.26,-0.39,197557.0,606453734.0,3.27,31.31,30.3,31.29,30.85,0.64,2.73,-99.06,10.12,22059997064.0,22059997064.0,0.0,0.0,-13.24,-36.7
4936,601608,中信重工,4.65,-1.27,-0.06,286074.0,133723034.0,2.76,4.76,4.63,4.74,4.71,0.85,0.62,55.99,2.3,21294923482.0,21294923482.0,0.0,0.0,-19.83,-29.12
4937,301669,高特电子,27.94,-1.27,-0.36,50295.0,141683837.62,3.96,28.85,27.73,28.73,28.3,0.62,6.14,216.95,7.84,13411200000.0,2287938007.0,-0.04,-0.11,294.63,294.63
4938,920126,永大股份,10.09,-1.27,-0.13,17485.0,17816884.07,3.42,10.4,10.05,10.4,10.22,0.63,3.91,13.21,1.65,1877547200.0,450700120.0,-0.1,0.1,29.53,29.53
4939,301076,新瀚新材,20.19,-1.27,-0.26,29495.0,59995755.51,3.37,20.8,20.11,20.69,20.45,0.85,1.93,73.16,3.87,4606740893.0,3079898915.0,0.0,-0.2,-36.49,-46.66
4940,603683,晶华新材,15.43,-1.28,-0.2,192827.0,299395904.0,5.44,16.03,15.18,15.94,15.63,0.83,6.69,43.95,2.7,4493698296.0,4447634191.0,0.13,-0.19,-44.13,-39.44
4941,301158,德石股份,15.46,-1.28,-0.2,91171.0,141819880.97,3.83,15.91,15.31,15.65,15.66,0.5,4.79,47.68,2.15,3014934420.0,2939784921.0,-0.06,-0.13,-7.76,-9.59
4942,003816,中国广核,3.87,-1.28,-0.05,789299.0,306513725.54,1.79,3.93,3.86,3.9,3.92,0.88,0.2,17.83,1.55,195430425145.0,152227196395.0,0.0,0.0,-12.24,5.45
4943,600089,特变电工,20.05,-1.28,-0.26,557663.0,1126027901.0,2.56,20.52,20.0,20.33,20.31,0.76,1.1,13.96,1.44,101308491049.0,101308491049.0,-0.05,0.0,-21.98,-8.28
4944,603708,家家悦,9.22,-1.28,-0.12,144861.0,133425018.0,2.46,9.32,9.09,9.29,9.34,1.16,2.27,9.69,2.54,5885482584.0,5885482584.0,-0.97,-0.86,-4.26,-21.06
4945,002413,雷科防务,7.71,-1.28,-0.1,428442.0,332840782.39,4.1,7.98,7.66,7.97,7.81,0.76,3.31,-280.68,3.09,10172116990.0,9987769132.0,0.13,0.0,-27.4,-38.57
4946,002617,露笑科技,6.19,-1.28,-0.08,674686.0,420038680.67,3.35,6.35,6.14,6.31,6.27,0.8,3.59,41.66,1.83,11817786769.0,11622479016.0,-0.16,0.0,-40.82,-23.58
4947,001399,惠科股份,23.03,-1.29,-0.3,340426.0,788002001.38,3.26,23.66,22.9,23.5,23.33,0.62,7.91,42.84,5.09,170590170495.0,9915951815.0,-0.04,0.09,127.57,127.57
4948,300627,华测导航,27.25,-1.3,-0.36,75553.0,207543728.16,2.35,27.9,27.25,27.62,27.61,0.62,1.15,32.47,4.93,21635700540.0,17906843076.0,-0.04,-0.07,-4.45,-20.92
4949,600756,浪潮软件,14.42,-1.3,-0.19,141602.0,206298654.0,3.08,14.84,14.39,14.5,14.61,0.53,4.37,-14.6,2.26,5041646618.0,4673504018.0,0.0,-0.21,-3.48,-21.72
4950,603188,亚邦股份,4.56,-1.3,-0.06,165539.0,75821112.0,3.46,4.66,4.5,4.6,4.62,0.5,2.9,46.47,3.69,2599975200.0,2599975200.0,0.44,0.0,-0.65,-0.65
4951,002842,翔鹭钨业,37.38,-1.32,-0.5,314057.0,1200013372.83,6.41,39.36,36.93,39.13,37.88,0.75,11.7,12.2,8.64,12229705134.0,10035122979.0,0.03,0.08,17.14,161.03
4952,002376,新北洋,6.75,-1.32,-0.09,162298.0,109884086.37,2.34,6.88,6.72,6.83,6.84,0.66,2.06,145.65,1.5,5471297152.0,5313150484.0,0.0,-0.3,0.15,-10.24
4953,301591,肯特股份,31.48,-1.32,-0.42,45489.0,144194375.88,3.45,32.3,31.2,32.21,31.9,0.43,10.18,51.17,3.76,3442526880.0,1406990667.0,0.03,-0.1,-22.46,1.09
4954,300561,汇金科技,15.0,-1.32,-0.2,144128.0,215908403.0,4.47,15.41,14.73,15.31,15.2,0.61,5.98,-433.55,8.63,4921619625.0,3615863610.0,-0.07,0.07,-22.52,2.18
4955,688380,中微半导,42.51,-1.32,-0.57,134700.0,578351577.0,5.29,44.33,42.05,44.2,43.08,0.76,3.36,49.58,5.27,17019516150.0,17019516150.0,0.0,0.02,-9.19,33.47
4956,603277,银都股份,11.92,-1.32,-0.16,86129.0,103720262.0,6.54,12.4,11.61,11.9,12.08,0.64,1.41,44.04,2.77,7291630463.0,7268172618.0,0.25,0.85,2.41,-27.67
4957,000029,深深房Ａ,22.3,-1.33,-0.3,48528.0,109261311.22,2.39,22.81,22.27,22.49,22.6,0.69,0.54,-1436.24,6.31,22560018000.0,19884018000.0,-0.09,-0.13,-12.38,1.41
4958,688359,三孚新科,95.12,-1.33,-1.28,48831.0,471821279.0,6.66,100.16,93.74,99.0,96.4,1.05,4.9,425.61,12.88,9481575583.0,9481575583.0,-0.51,-0.43,-31.2,42.76
4959,603659,璞泰来,23.73,-1.33,-0.32,319503.0,771932417.0,5.24,24.88,23.62,24.65,24.05,1.05,1.49,17.52,2.38,50881490473.0,50881490473.0,0.0,-0.04,-24.14,-12.47
4960,603933,睿能科技,19.22,-1.33,-0.26,40392.0,78461285.0,5.03,20.12,19.14,19.66,19.48,0.88,1.95,30.35,2.95,3989006732.0,3989006732.0,0.31,0.0,-22.44,-26.08
4961,605111,新洁能,59.45,-1.33,-0.8,216577.0,1285052154.0,5.15,60.61,57.51,60.5,60.25,0.85,5.21,65.29,5.79,24691521108.0,24691521108.0,-0.08,-0.2,-13.22,67.28
4962,002392,北京利尔,7.41,-1.33,-0.1,97347.0,72838430.6,2.93,7.61,7.39,7.59,7.51,0.64,0.84,16.91,1.49,8821537117.0,8577420091.0,0.0,-0.13,-11.68,-0.54
4963,300763,锦浪科技,60.9,-1.33,-0.82,73359.0,450843378.56,3.14,62.62,60.68,62.36,61.72,0.58,2.28,98.74,2.7,24158529037.0,19585122346.0,-0.02,-0.1,-49.12,-14.48
4964,000564,供销大集,1.47,-1.34,-0.02,4463703.0,655670114.32,5.37,1.52,1.44,1.5,1.49,0.87,2.96,-48.63,1.83,26545353130.0,22189472902.0,0.0,0.0,-15.52,-41.2
4965,000025,特  力Ａ,15.48,-1.34,-0.21,172548.0,265845152.62,4.78,15.85,15.1,15.68,15.69,1.9,4.39,50.13,3.68,6672782794.0,6080208394.0,0.06,0.32,9.63,-10.78
4966,002611,东方精工,14.75,-1.34,-0.2,223303.0,331637290.51,2.61,15.07,14.68,14.98,14.95,0.66,2.22,2.33,1.94,17954967143.0,14808445400.0,-0.14,-0.2,-17.23,-22.29
4967,688702,盛科通信-U,372.95,-1.34,-5.05,75650.0,2850417230.0,6.1,388.0,364.93,383.67,378.0,0.74,3.73,-2244.75,68.51,152909500000.0,75705785470.0,0.09,0.25,32.36,163.22
4968,300905,宝丽迪,36.0,-1.34,-0.49,65126.0,235551895.65,4.11,37.2,35.7,37.13,36.49,0.95,4.67,46.97,3.28,6444565056.0,5015809404.0,-0.06,-0.33,-47.18,12.75
4969,000422,湖北宜化,12.46,-1.35,-0.17,214070.0,268430544.25,3.01,12.78,12.4,12.69,12.63,0.91,2.01,21.22,2.21,13551305512.0,13298382464.0,0.0,0.0,-9.84,-10.74
4970,920008,成电光信,18.98,-1.35,-0.26,4778.0,9145202.05,2.91,19.5,18.94,19.18,19.24,0.65,1.4,-7310.83,3.78,1209975000.0,646623793.0,-0.26,-0.37,-13.61,-36.69
4971,688281,华秦科技,45.45,-1.35,-0.62,25568.0,117755475.0,3.91,46.98,45.18,46.08,46.07,0.85,0.67,50.65,3.58,17343672050.0,17343672050.0,0.11,0.04,-19.76,-13.53
4972,603950,长源东谷,57.04,-1.35,-0.78,69076.0,400072356.0,5.08,59.5,56.56,58.29,57.82,0.76,2.13,55.79,6.05,18488420832.0,18473476352.0,-0.09,0.0,-17.35,97.92
4973,920284,灵鸽科技,16.85,-1.35,-0.23,18599.0,31653516.7,4.16,17.5,16.79,17.09,17.08,0.93,2.77,276.09,5.6,1765638118.0,1129972812.0,0.3,-0.24,-42.82,-54.77
4974,301291,明阳电气,37.36,-1.35,-0.51,58201.0,218727799.45,3.8,38.5,37.06,38.11,37.87,0.44,3.56,119.39,2.39,11751224786.0,6113849417.0,-0.16,-0.05,-36.93,-9.23
4975,601728,中国电信,6.56,-1.35,-0.09,1306916.0,856438757.0,2.26,6.63,6.48,6.6,6.65,0.98,0.17,20.42,1.3,600286829865.0,509251020265.0,0.0,-0.15,11.75,5.64
4976,600499,科达制造,13.83,-1.36,-0.19,257326.0,361288670.0,4.85,14.4,13.72,14.12,14.02,0.86,1.34,11.3,2.11,26523953888.0,26523953888.0,0.0,-0.43,-12.36,1.92
4977,603012,创力集团,8.73,-1.36,-0.12,190949.0,167617349.0,4.18,9.01,8.64,8.94,8.85,0.37,2.95,60.65,1.49,5643945000.0,5643945000.0,-0.11,0.11,-9.16,46.97
4978,920374,云里物里,14.51,-1.36,-0.2,6849.0,10017120.01,3.33,14.96,14.47,14.87,14.71,1.5,1.96,155.91,4.85,1241967489.0,506760125.0,-0.48,-0.07,-11.09,-37.02
4979,300996,普联软件,14.5,-1.36,-0.2,307925.0,446506392.56,3.88,14.87,14.3,14.82,14.7,0.41,9.24,243.81,4.43,5738966629.0,4830563408.0,0.0,-0.21,20.33,23.4
4980,300166,东方国信,13.02,-1.36,-0.18,383965.0,503896517.68,4.39,13.5,12.92,13.49,13.2,0.58,4.24,-137.16,2.6,14826469639.0,11792983664.0,-0.08,0.08,-23.28,27.4
4981,920906,舜宇精工,15.85,-1.37,-0.22,4588.0,7393189.35,4.48,16.37,15.65,16.29,16.07,0.61,1.38,597.5,1.81,1029774500.0,528688210.0,1.28,-1.25,-20.03,-45.55
4982,002870,香山股份,47.54,-1.37,-0.66,35230.0,169442730.0,3.53,49.1,47.4,48.98,48.2,0.45,2.72,-173.37,3.22,7262131816.0,6167487519.0,-0.08,-0.15,10.69,21.31
4983,688409,富创精密,208.11,-1.37,-2.89,66414.0,1395053199.0,4.64,215.9,206.12,213.93,211.0,0.79,2.17,274.94,14.1,63725523553.0,63725523553.0,-0.38,-0.2,31.05,208.77
4984,300432,富临精工,15.79,-1.37,-0.22,265706.0,423837092.72,5.62,16.58,15.68,16.2,16.01,0.77,1.57,33.28,5.71,26997114221.0,26696112593.0,-0.06,0.06,-34.18,-4.88
4985,600563,法拉电子,128.52,-1.38,-1.8,35713.0,464193168.0,3.92,132.88,127.77,131.8,130.32,0.6,1.59,27.0,5.0,28917000000.0,28917000000.0,-0.12,0.09,-23.53,25.2
4986,003036,泰坦股份,53.1,-1.39,-0.75,75427.0,405860764.36,5.59,55.45,52.44,55.0,53.85,0.77,3.48,140.19,8.16,11501802230.0,11501507525.0,-0.19,-0.06,-18.06,244.58
4987,300666,江丰电子,249.05,-1.39,-3.52,142286.0,3579846941.6,5.55,259.98,245.96,258.51,252.57,0.87,6.43,81.92,9.84,68730598221.0,55068886005.0,0.0,-0.02,35.8,171.83
4988,301588,美新科技,27.61,-1.39,-0.39,72538.0,201100017.69,5.57,28.61,27.05,28.41,28.0,1.24,9.89,76.19,3.49,3281938688.0,2025447043.0,0.66,-1.04,-33.05,52.37
4989,600012,皖通高速,15.65,-1.39,-0.22,53367.0,83892245.0,2.84,16.0,15.55,15.87,15.87,0.91,0.46,12.46,2.19,26739463063.0,18241640000.0,-0.32,-0.32,-0.76,10.52
4990,605318,法狮龙,75.05,-1.39,-1.06,13874.0,104359998.0,4.13,76.86,73.72,75.35,76.11,0.82,1.1,-2398.79,14.76,9435963551.0,9435963551.0,-0.05,-0.05,-23.21,15.16
4991,688711,宏微科技,24.75,-1.39,-0.35,101091.0,252975557.0,5.22,25.69,24.38,25.46,25.1,1.06,4.66,1475.25,4.64,5364625093.0,5364625093.0,-0.04,0.0,-33.38,-22.0
4992,688507,索辰科技,155.52,-1.39,-2.19,47217.0,737041583.0,5.0,160.88,153.0,159.5,157.71,0.63,9.59,-102.08,5.03,13858198088.0,7657140730.0,-0.09,-0.12,-16.77,55.29
4993,603895,天永智能,24.8,-1.39,-0.35,19497.0,48864441.0,5.17,25.7,24.4,24.88,25.15,1.18,1.8,128.38,13.06,2680384000.0,2680384000.0,0.0,0.08,-38.28,-14.95
4994,920211,新睿电子,111.5,-1.4,-1.58,6858.0,75571333.63,3.8,113.0,108.7,110.88,113.08,0.74,5.91,61.43,9.24,3835600000.0,1293028817.0,-0.09,0.2,342.64,342.64
4995,002035,华帝股份,4.89,-1.41,-0.07,227263.0,110804306.36,2.22,4.95,4.84,4.89,4.96,1.41,2.91,10.25,1.1,4145026192.0,3824164192.0,0.0,0.2,-2.4,-18.5
4996,688002,睿创微纳,159.88,-1.41,-2.29,108295.0,1754631875.0,5.94,167.77,158.14,165.0,162.17,0.85,2.33,29.55,9.38,74432081240.0,74432081240.0,-0.03,-0.06,22.69,59.07
4997,300270,中威电子,11.86,-1.41,-0.17,112212.0,134112256.0,3.16,12.14,11.76,12.14,12.03,0.56,4.3,442.71,6.52,3591279492.0,3094632741.0,-0.17,-0.25,-6.39,8.21
4998,920378,泰德股份,6.99,-1.41,-0.1,3871.0,2716719.33,2.4,7.12,6.95,7.09,7.09,0.38,0.35,146.8,2.84,1087126740.0,778562025.0,0.0,0.0,-12.63,-29.11
4999,600965,*ST福成,2.79,-1.41,-0.04,110178.0,30522787.0,4.24,2.84,2.72,2.76,2.83,0.97,1.35,26.55,1.04,2284175664.0,2284175664.0,-0.71,-0.36,-12.81,-53.11
5000,002430,杭氧股份,22.87,-1.42,-0.33,113145.0,260176405.47,2.33,23.34,22.8,23.3,23.2,0.92,1.16,21.1,2.22,22375085790.0,22365435794.0,-0.04,-0.04,-9.68,-22.66
5001,920751,惠同新材,15.97,-1.42,-0.23,6026.0,9684046.14,3.09,16.38,15.88,16.21,16.2,0.79,0.73,28.86,3.36,1385876600.0,1326581986.0,-0.31,-0.25,-30.9,-22.92
5002,688069,德林海,31.32,-1.42,-0.45,21368.0,66833340.0,4.09,31.98,30.68,31.68,31.77,0.47,1.36,-171.95,3.95,4905746688.0,4905746688.0,0.64,0.55,-26.31,97.85
5003,001896,豫能控股,11.82,-1.42,-0.17,470295.0,559200428.02,2.92,12.1,11.75,12.01,11.99,0.49,3.08,153.99,5.06,18034735321.0,18034735321.0,0.0,0.17,-24.9,127.31
5004,605162,新中港,9.01,-1.42,-0.13,208205.0,191710531.0,5.47,9.5,9.0,9.18,9.14,0.76,4.7,82.15,2.51,3990045262.0,3990045262.0,-0.44,-0.77,-16.88,7.52
5005,002865,钧达股份,41.68,-1.42,-0.6,94636.0,397341714.38,3.55,43.0,41.5,43.0,42.28,0.91,4.23,228.99,3.22,12973569047.0,9316661961.0,0.0,-0.1,-51.34,-23.68
5006,300756,金马游乐,28.91,-1.43,-0.42,40040.0,118400000.08,5.52,30.5,28.88,29.8,29.33,0.99,2.09,58.61,4.36,6378628564.0,5550603464.0,-0.03,0.03,-12.97,-28.69
5007,603015,弘讯科技,10.92,-1.44,-0.16,94230.0,103364062.0,4.51,11.29,10.79,11.21,11.08,1.53,2.33,87.87,3.19,4414071480.0,4414071480.0,-0.09,-0.36,-7.77,-12.43
5008,301575,艾芬达,26.08,-1.44,-0.38,12141.0,31669037.88,3.51,26.78,25.85,26.78,26.46,1.36,4.98,26.81,2.23,3164495040.0,635620456.0,0.04,0.04,-16.49,-28.15
5009,603332,苏州龙杰,11.49,-1.46,-0.17,73541.0,85374211.0,4.97,11.99,11.41,11.66,11.66,1.76,3.4,22.76,1.9,2485829144.0,2485829144.0,0.0,0.0,-3.12,-15.51
5010,600661,昂立教育,8.79,-1.46,-0.13,70845.0,62396303.0,3.36,9.01,8.71,9.0,8.92,0.68,2.47,40.47,9.5,2518764216.0,2518764216.0,0.11,0.34,3.05,-14.24
5011,601179,中国西电,12.81,-1.46,-0.19,858073.0,1110050062.0,3.77,13.24,12.75,13.18,13.0,0.66,1.67,47.72,2.8,65662552929.0,65662552929.0,0.0,0.0,-22.5,41.55
5012,300576,容大感光,30.82,-1.47,-0.46,145559.0,452380094.77,3.93,31.78,30.55,31.56,31.28,0.6,5.73,115.85,7.22,12441675656.0,7830769486.0,0.1,-0.1,-25.12,-11.89
5013,300732,设研院,6.02,-1.47,-0.09,97459.0,58461907.0,5.24,6.12,5.8,6.04,6.11,2.18,2.63,-25.5,0.81,2230771633.0,2228896343.0,0.33,0.33,-13.01,-19.73
5014,600409,三友化工,6.65,-1.48,-0.1,219184.0,147683241.0,3.56,6.88,6.64,6.75,6.75,0.84,1.06,-37.5,1.0,13727923829.0,13727923829.0,-0.3,-0.15,1.37,7.95
5015,600459,贵研铂业,21.3,-1.48,-0.32,420753.0,924019887.0,7.91,22.8,21.09,22.4,21.62,1.04,5.54,19.74,1.97,17535823935.0,16181743295.0,-0.05,-0.19,5.45,16.01
5016,920553,凯腾精工,7.3,-1.48,-0.11,30944.0,23242356.89,6.75,7.74,7.24,7.63,7.41,0.6,3.3,111.38,2.99,1048940358.0,684764711.0,-0.14,0.0,-0.14,-26.11
5017,605100,华丰股份,32.51,-1.48,-0.49,32078.0,105494388.0,2.97,33.41,32.43,33.0,33.0,0.72,1.35,150.67,4.31,7770605220.0,7734285048.0,0.0,-0.06,-8.71,1.21
5018,600595,中孚实业,5.98,-1.48,-0.09,865300.0,525346583.0,4.12,6.21,5.96,6.14,6.07,0.76,2.16,6.37,1.31,23967272582.0,23967272582.0,0.0,-0.17,-15.89,-22.14
5019,920570,坤博精工,23.85,-1.49,-0.36,4101.0,9841328.01,3.43,24.45,23.62,24.38,24.21,0.55,1.61,52.4,3.4,1196550231.0,607953577.0,0.25,0.0,-8.62,-29.35
5020,003018,金富科技,39.11,-1.49,-0.59,85159.0,337968375.6,5.01,40.79,38.8,40.25,39.7,0.67,2.99,148.98,7.52,12278583796.0,11127246877.0,0.05,0.13,-19.89,172.16
5021,600509,天富能源,7.25,-1.49,-0.11,204571.0,149348832.0,2.85,7.43,7.22,7.37,7.36,0.9,1.49,16.53,1.25,9964381201.0,9964381201.0,-0.14,-0.14,-25.72,-11.37
5022,300480,光力科技,33.09,-1.49,-0.5,193912.0,646026121.16,5.09,34.47,32.76,34.4,33.59,0.96,7.49,82.59,6.83,12250665834.0,8570253482.0,0.06,0.06,-2.19,98.03
5023,603956,威派格,6.58,-1.5,-0.1,204423.0,134769230.0,4.49,6.81,6.51,6.7,6.68,0.49,3.59,-14.41,2.11,3749983362.0,3749983362.0,0.15,0.15,8.22,1.86
5024,002245,蔚蓝锂芯,18.0,-1.53,-0.28,635727.0,1158776305.14,4.7,18.69,17.83,18.61,18.28,0.78,3.95,30.12,3.87,30783093732.0,28963777284.0,-0.06,0.0,-20.98,50.5
5025,600312,平高电气,19.29,-1.53,-0.3,241818.0,476429277.0,6.53,20.5,19.22,19.96,19.59,1.21,1.78,16.02,2.21,26175012051.0,26175012051.0,0.05,0.1,-8.23,12.09
5026,601677,明泰铝业,16.65,-1.54,-0.26,297567.0,501884198.0,4.67,17.32,16.53,16.97,16.91,0.99,2.39,7.36,1.02,20700788940.0,20700788940.0,0.0,-0.18,-13.69,14.2
5027,688388,嘉元科技,28.09,-1.54,-0.44,282016.0,800576395.0,4.42,29.06,27.8,28.89,28.53,0.89,4.27,38.45,2.3,18536796254.0,18536796254.0,-0.14,-0.04,-8.11,-0.64
5028,600151,航天机电,9.6,-1.54,-0.15,265283.0,256706649.0,3.79,9.93,9.56,9.75,9.75,0.81,1.85,-206.33,3.13,13768821955.0,13768821955.0,-0.21,-0.31,-29.82,-45.3
5029,002606,大连电瓷,13.39,-1.54,-0.21,178214.0,240472547.9,4.78,13.93,13.28,13.72,13.6,0.8,4.23,24.7,3.01,5879190416.0,5641769795.0,0.0,0.0,-20.11,53.91
5030,300378,鼎捷数智,32.41,-1.55,-0.51,70210.0,229525599.0,3.61,33.4,32.21,33.18,32.92,0.61,2.61,-273.83,3.85,8801086595.0,8734921580.0,-0.12,0.0,-12.48,-28.2
5031,600803,新奥股份,17.62,-1.56,-0.28,107469.0,190299567.0,3.97,18.09,17.38,17.88,17.9,1.89,0.35,20.82,2.57,54537161585.0,54123824577.0,-0.28,0.0,-4.45,-11.01
5032,603970,中农立华,10.73,-1.56,-0.17,57916.0,62015583.0,3.21,10.92,10.57,10.68,10.9,1.63,2.15,13.13,1.87,2884225438.0,2884225438.0,-0.19,-0.19,-5.13,-14.43
5033,600482,中国动力,31.31,-1.57,-0.5,119478.0,375637860.0,3.27,32.13,31.09,31.81,31.81,0.61,0.53,30.19,1.76,71018793782.0,71018793782.0,0.0,0.29,-16.06,52.73
5034,920177,恒道科技,24.99,-1.58,-0.4,4264.0,10759281.9,3.07,25.66,24.88,25.4,25.39,1.06,2.3,18.99,1.97,1307476800.0,463027365.0,0.08,0.08,-24.18,14.63
5035,603778,国晟科技,9.35,-1.58,-0.15,284385.0,267002839.0,3.58,9.62,9.28,9.57,9.5,0.75,4.42,-44.29,21.86,6171393822.0,6010714278.0,0.0,-0.11,-50.61,-46.88
5036,605028,世茂能源,24.26,-1.58,-0.39,11247.0,27534726.0,3.33,25.04,24.22,25.04,24.65,0.69,0.7,323.67,3.04,3881600000.0,3881600000.0,0.17,0.12,4.12,-16.17
5037,688729,屹唐股份,24.21,-1.59,-0.39,284927.0,694679088.0,5.61,25.18,23.8,25.05,24.6,0.85,1.63,112.26,8.0,71554107600.0,42324819392.0,0.0,0.08,-6.13,-0.98
5038,002338,奥普光电,42.8,-1.59,-0.69,47407.0,204505352.57,4.32,44.39,42.51,44.11,43.49,0.75,1.98,82.58,7.19,10272000000.0,10272000000.0,-0.02,-0.05,-27.95,-26.61
5039,688206,概伦电子,39.08,-1.59,-0.63,77209.0,303281721.0,6.3,40.9,38.4,40.62,39.71,0.8,1.77,-400.64,6.2,19697712538.0,17061500872.0,-0.31,-0.18,-4.03,12.3
5040,300663,科蓝软件,8.0,-1.6,-0.13,266374.0,214912897.72,4.18,8.27,7.93,8.25,8.13,0.56,5.79,-33.84,11.94,3827618448.0,3683104056.0,-0.37,-0.25,0.25,-54.65
5041,603039,泛微网络,42.95,-1.6,-0.7,201900.0,875167311.0,4.9,44.2,42.06,43.29,43.65,0.57,6.56,53.17,5.03,13213101321.0,13213101321.0,-0.12,-0.42,17.06,-3.59
5042,002815,崇达技术,12.93,-1.6,-0.21,325967.0,427129648.02,5.25,13.52,12.83,13.5,13.14,0.75,4.19,123.05,1.83,15957576619.0,10048446241.0,0.0,0.0,-22.3,-4.43
5043,920091,大鹏工业,28.9,-1.6,-0.47,6163.0,17923005.58,3.4,29.7,28.7,29.21,29.37,0.72,4.25,-93.71,3.93,1776344280.0,419055780.0,0.0,-0.07,-29.62,-63.73
5044,000719,中原传媒,12.3,-1.6,-0.2,45463.0,56349064.38,2.48,12.58,12.27,12.5,12.5,1.26,0.68,28.31,1.08,12585406113.0,8205914779.0,-0.24,-0.24,-0.32,10.81
5045,002081,金 螳 螂,5.55,-1.6,-0.09,5236998.0,2852259610.06,10.82,5.74,5.13,5.13,5.64,1.24,19.81,20.91,1.08,14737046474.0,14675550670.0,-0.18,-0.36,4.13,68.69
5046,002053,云南能投,9.17,-1.61,-0.15,121721.0,112189621.26,3.86,9.45,9.09,9.28,9.32,1.03,1.32,10.25,1.12,8443089185.0,8443029351.0,-0.11,0.0,-18.78,-19.49
5047,688275,万润新能,79.08,-1.61,-1.29,46955.0,369437457.0,7.19,82.35,76.57,81.89,80.37,1.3,3.72,6.22,1.81,9973448054.0,9973448054.0,-0.28,0.08,-42.6,4.88
5048,688660,电气风电,7.9,-1.62,-0.13,145709.0,116228634.0,4.36,8.2,7.85,8.2,8.03,0.83,1.09,-9.72,2.92,10533333860.0,10533333860.0,-0.13,0.13,-25.12,-53.56
5049,603997,继峰股份,11.51,-1.62,-0.19,188253.0,218116298.0,3.25,11.84,11.46,11.79,11.7,0.84,1.48,20.06,2.66,14643768585.0,14643768585.0,-0.17,0.0,-18.31,-16.53
5050,603175,超颖电子,89.58,-1.63,-1.48,21363.0,193215737.0,3.81,92.58,89.11,92.06,91.06,0.71,4.7,-102.31,14.67,39149086575.0,4073582419.0,0.09,0.09,-1.65,31.66
5051,688411,海博思创,199.98,-1.63,-3.32,16910.0,341531471.0,3.21,205.83,199.3,204.8,203.3,0.79,1.28,44.79,7.72,36487318103.0,26512203714.0,0.12,0.08,-27.29,-19.51
5052,300290,ST荣科,6.03,-1.63,-0.1,260193.0,157432603.26,5.06,6.18,5.87,6.03,6.13,0.86,4.07,-53.86,5.24,3857587391.0,3856440937.0,-0.17,-0.17,-52.63,-78.09
5053,300769,德方纳米,45.35,-1.63,-0.75,99082.0,453048194.0,3.99,47.0,45.16,46.92,46.1,0.78,3.94,11.99,2.44,12706527161.0,11417201627.0,0.18,0.07,-33.6,3.04
5054,600730,*ST高科,10.21,-1.64,-0.17,111845.0,116235991.0,5.01,10.65,10.13,10.55,10.38,0.79,1.91,-777.1,3.57,5989757780.0,5989757780.0,0.1,0.1,-23.92,-6.67
5055,301398,星源卓镁,31.26,-1.64,-0.52,17343.0,54569150.8,3.34,32.19,31.13,32.0,31.78,0.92,1.59,-55.92,3.23,3501157700.0,3413027945.0,0.06,0.03,-28.87,-42.1
5056,688485,九州一轨,84.59,-1.64,-1.41,92617.0,782599873.0,7.45,88.51,82.1,86.48,86.0,0.63,6.16,-730.17,10.16,12713205525.0,12713205525.0,0.25,0.81,56.04,374.16
5057,920220,朗信电气,40.08,-1.64,-0.67,7678.0,30953985.86,4.29,41.6,39.85,40.85,40.75,0.6,3.7,40.71,2.36,2653546981.0,831092347.0,0.0,0.17,-52.28,41.68
5058,000551,创元科技,12.6,-1.64,-0.21,228544.0,290225487.69,3.75,12.99,12.51,12.95,12.81,0.64,4.72,16.99,1.99,6107636380.0,6102960910.0,0.08,-0.16,-21.79,-13.93
5059,688071,华依科技,32.74,-1.65,-0.55,16242.0,53722884.0,4.18,34.0,32.61,33.5,33.29,0.55,1.92,513.75,2.74,2776015564.0,2776015564.0,0.09,0.06,-6.46,-1.3
5060,920010,凯添燃气,8.35,-1.65,-0.14,45446.0,38195139.68,3.18,8.58,8.31,8.4,8.49,0.8,2.61,52.02,2.84,1958075000.0,1454769173.0,0.0,0.0,-23.25,-23.74
5061,603097,江苏华辰,18.48,-1.65,-0.31,17342.0,32317788.0,4.04,19.19,18.43,18.87,18.79,0.55,0.77,8143.85,4.03,4249214841.0,4152026673.0,0.0,0.11,-11.32,-8.42
5062,300100,双林股份,20.85,-1.65,-0.35,76728.0,160954847.92,4.1,21.59,20.72,21.48,21.2,0.98,1.38,35.73,3.67,12072086199.0,11625804313.0,0.24,0.24,-41.17,-47.24
5063,002297,博云新材,17.29,-1.65,-0.29,428751.0,750906280.7,5.29,18.04,17.11,17.92,17.58,0.83,7.48,18.72,4.39,9908982321.0,9908982321.0,0.0,0.0,-27.02,44.44
5064,003002,壶化股份,16.1,-1.65,-0.27,34237.0,54967128.53,2.63,16.33,15.9,16.03,16.37,1.12,1.87,50.34,2.13,3220000000.0,2943841128.0,0.5,0.44,-29.85,-49.95
5065,920932,科达自控,11.82,-1.66,-0.2,14229.0,17038405.16,3.58,12.18,11.75,12.0,12.02,0.62,1.63,-57.05,2.07,1245241137.0,1030628068.0,-0.84,-0.92,-29.98,-45.13
5066,603155,新亚强,13.59,-1.66,-0.23,68755.0,94335644.0,3.4,14.0,13.53,13.94,13.82,0.72,1.5,43.07,2.92,6222736787.0,6222736787.0,0.07,0.07,6.25,17.46
5067,000880,潍柴重机,23.51,-1.67,-0.4,97015.0,230550574.47,3.85,24.34,23.42,24.19,23.91,0.46,4.27,49.94,5.18,10905086228.0,5337400068.0,0.04,0.04,-26.76,-13.57
5068,002549,凯美特气,13.57,-1.67,-0.23,126688.0,173051376.18,3.55,14.0,13.51,13.91,13.8,0.74,1.83,215.22,4.59,9435871017.0,9395318768.0,0.0,0.0,-15.4,-35.9
5069,002068,黑猫股份,7.62,-1.68,-0.13,265046.0,204368376.0,4.0,7.89,7.58,7.86,7.75,0.97,3.61,-14.73,2.4,5603330394.0,5600542426.0,0.13,0.0,-22.56,-13.61
5070,301677,欣兴工具,55.45,-1.68,-0.95,28244.0,156937804.27,2.57,56.5,55.05,56.3,56.4,0.6,13.17,29.3,2.57,5545000000.0,1188848998.0,0.0,-0.04,65.13,65.13
5071,600596,新安股份,10.53,-1.68,-0.18,289603.0,308338388.0,3.08,10.83,10.5,10.78,10.71,0.9,2.15,36.9,1.14,14211256926.0,14211256926.0,-0.09,-0.09,-15.56,-7.39
5072,002805,丰元股份,18.62,-1.69,-0.32,102197.0,192286034.4,4.12,19.35,18.57,19.24,18.94,0.69,3.67,16.95,5.58,5214763899.0,5191541221.0,0.05,0.0,-12.83,5.02
5073,688627,精智达,483.66,-1.69,-8.33,57030.0,2792776129.0,8.77,512.99,469.84,491.0,491.99,0.9,6.06,465.41,25.47,45526022964.0,45526022964.0,0.03,0.23,25.43,116.53
5074,300444,双杰电气,9.85,-1.7,-0.17,286934.0,286296359.0,5.59,10.35,9.79,10.25,10.02,0.59,4.57,7.04,3.82,7925507887.0,6180300735.0,-0.1,-0.2,-34.2,2.93
5075,603179,新泉股份,35.05,-1.71,-0.61,219351.0,768445509.0,4.01,35.91,34.48,35.7,35.66,0.89,3.07,30.22,3.29,25032662683.0,25032662683.0,0.0,-0.03,-38.04,-33.31
5076,300738,奥飞数据,20.96,-1.73,-0.37,510585.0,1080497858.25,3.75,21.65,20.85,21.53,21.33,0.65,5.18,52.53,5.63,20649877496.0,20643380734.0,-0.05,0.05,-8.31,13.42
5077,920510,丰光精密,22.61,-1.74,-0.4,85856.0,195748343.41,6.13,23.63,22.22,23.0,23.01,0.85,9.13,595.17,10.5,4160355967.0,2125174450.0,-0.18,-0.13,45.5,7.62
5078,001314,亿道信息,53.7,-1.74,-0.95,25121.0,135981828.0,4.04,55.6,53.39,55.12,54.65,0.86,2.02,44.61,3.67,7657297800.0,6664137082.0,0.0,-0.06,-5.99,20.32
5079,002212,天融信,6.19,-1.75,-0.11,344093.0,213610731.29,3.17,6.32,6.12,6.27,6.3,0.58,2.95,-18.12,0.77,7300819511.0,7222763945.0,-0.16,0.0,-10.16,-31.75
5080,688012,中微公司,365.5,-1.75,-6.5,206255.0,7663836486.0,5.91,382.38,360.4,375.0,372.0,0.95,2.19,61.96,11.66,350091378194.0,344373017389.0,0.01,0.12,19.77,99.95
5081,600039,四川路桥,8.35,-1.76,-0.15,165268.0,139254571.0,3.29,8.61,8.33,8.48,8.5,1.25,0.19,12.14,1.48,72608181886.0,72608181886.0,0.0,-0.12,0.24,-12.01
5082,603220,中贝通信,17.89,-1.76,-0.32,218915.0,393401807.0,4.23,18.52,17.75,18.48,18.21,0.51,4.08,-842655.06,2.52,9595448323.0,9595448323.0,0.11,0.17,-27.28,-15.73
5083,920489,佳先股份,13.42,-1.76,-0.24,19406.0,26251511.4,2.42,13.72,13.39,13.72,13.66,0.67,2.24,-3544.41,3.82,1831282464.0,1165198599.0,-0.3,-0.37,-7.26,-25.44
5084,600182,S佳通,13.33,-1.77,-0.24,46388.0,62463231.0,3.83,13.71,13.19,13.58,13.57,1.92,2.73,23.89,4.29,4532200000.0,2266100000.0,0.23,0.23,-0.37,-8.7
5085,002050,三花智控,36.14,-1.77,-0.65,474669.0,1726581087.76,2.99,37.14,36.04,36.88,36.79,0.74,1.29,40.99,4.84,152077623611.0,133394366011.0,0.06,-0.08,-28.77,-34.18
5086,301251,威尔高,48.42,-1.77,-0.87,113940.0,555200663.61,5.36,50.17,47.53,49.27,49.29,1.01,15.07,103.07,5.9,9130273044.0,3660054630.0,0.83,-0.04,-6.36,29.78
5087,688237,超卓航科,55.8,-1.78,-1.01,12882.0,72862834.0,3.22,57.49,55.66,57.45,56.81,0.46,1.44,338.9,4.23,5004252922.0,5004252922.0,-0.05,-0.45,17.57,15.27
5088,603207,小方制药,24.88,-1.78,-0.45,86626.0,218038765.0,7.58,26.45,24.53,25.33,25.33,2.17,15.86,17.84,3.66,3997550759.0,1358521296.0,0.32,0.12,8.5,-11.93
5089,603601,再升科技,8.84,-1.78,-0.16,600676.0,534422914.0,4.78,9.2,8.77,9.18,9.0,0.88,5.26,176.46,3.75,10098294184.0,10098294184.0,-0.11,0.0,-58.65,-29.05
5090,600236,桂冠电力,9.88,-1.79,-0.18,141757.0,140888401.0,3.48,10.16,9.81,10.06,10.06,0.76,0.18,22.14,4.3,77877892684.0,77877892684.0,0.0,0.1,-10.26,30.17
5091,601022,宁波远洋,8.2,-1.8,-0.15,116159.0,96200804.0,3.35,8.45,8.17,8.28,8.35,1.23,0.89,19.22,1.73,10730793339.0,10730793339.0,0.0,0.0,0.99,-9.99
5092,000967,盈峰环境,8.2,-1.8,-0.15,573887.0,474288607.78,4.19,8.48,8.13,8.44,8.35,0.48,1.71,32.14,1.51,27545348332.0,27532882126.0,-0.12,-0.12,-24.35,13.73
5093,300680,隆盛科技,20.07,-1.81,-0.37,69842.0,140998279.62,4.5,20.9,19.98,20.7,20.44,0.88,3.09,25.38,2.91,5902865732.0,4543157732.0,-0.15,-0.35,-34.39,-53.13
5094,600141,兴发集团,30.86,-1.81,-0.57,309901.0,965918840.0,4.8,32.07,30.56,31.77,31.43,0.75,2.58,36.13,1.52,37085691987.0,37085691987.0,0.03,0.03,-5.02,-9.45
5095,600901,江苏金租,6.46,-1.82,-0.12,422218.0,273128215.0,3.34,6.6,6.38,6.56,6.58,1.2,0.73,10.95,1.45,37415457144.0,37406322704.0,0.16,0.16,4.36,8.57
5096,002348,高乐股份,11.31,-1.82,-0.21,180022.0,205116427.0,5.9,11.81,11.13,11.76,11.52,0.7,1.99,-193.42,18.52,11232404352.0,10218958219.0,0.18,0.27,-14.96,96.7
5097,002480,新筑股份,5.4,-1.82,-0.1,86816.0,47137183.42,3.27,5.54,5.36,5.54,5.5,1.41,1.13,-20.72,5.58,4153510818.0,4144432343.0,-0.18,0.0,-8.94,-13.18
5098,603393,新天然气,23.8,-1.82,-0.44,113759.0,274004501.0,3.75,24.64,23.73,24.15,24.24,1.01,2.68,13.08,1.04,10089327583.0,10089327583.0,-0.04,-0.13,-13.39,-10.49
5099,002192,融捷股份,65.92,-1.82,-1.22,136358.0,907159453.02,3.81,68.13,65.57,67.91,67.14,0.72,5.26,8.54,3.76,17116470982.0,17081034895.0,0.0,0.03,-20.21,27.93
5100,000725,京东方Ａ,5.9,-1.83,-0.11,15278488.0,9087929349.89,3.66,6.09,5.87,6.07,6.01,0.7,4.32,32.01,1.63,218561535578.0,208666091290.0,-0.17,0.0,4.24,42.17
5101,605006,山东玻纤,13.95,-1.83,-0.26,267886.0,375720978.0,4.71,14.48,13.81,14.46,14.21,0.64,4.1,155.98,2.86,9117738191.0,9117738191.0,-0.14,-0.07,-24.8,91.1
5102,603268,松发股份,176.21,-1.83,-3.29,34419.0,612153665.0,4.17,182.48,175.0,181.98,179.5,0.7,1.48,41.04,10.27,179508112174.0,41100945848.0,-0.05,-0.05,27.46,111.33
5103,603797,联泰环保,4.81,-1.84,-0.09,143849.0,69031928.0,2.86,4.89,4.75,4.87,4.9,0.46,2.49,16.9,0.82,2773470964.0,2773470964.0,0.0,0.42,10.32,3.0
5104,000828,东莞控股,9.54,-1.85,-0.18,90702.0,86907763.45,1.75,9.69,9.52,9.62,9.72,2.06,0.87,9.01,0.96,9916992104.0,9916992104.0,-0.1,-0.1,-5.26,-8.62
5105,300724,捷佳伟创,58.31,-1.85,-1.1,105702.0,620748918.1,3.18,59.99,58.1,59.75,59.41,0.78,3.67,18.79,1.54,20308906870.0,16776629521.0,-0.12,-0.09,-32.35,-38.23
5106,920790,联迪信息,20.61,-1.86,-0.39,17073.0,35974430.11,5.14,21.64,20.56,21.05,21.0,0.59,3.14,-247.61,5.39,1627510282.0,1120255684.0,-1.15,-0.91,8.99,-37.36
5107,600725,云维股份,3.16,-1.86,-0.06,243807.0,77075702.0,2.8,3.22,3.13,3.18,3.22,1.51,1.98,-604.75,15.18,3894605200.0,3894605200.0,0.32,0.32,-18.56,-24.4
5108,300997,欢乐家,16.8,-1.87,-0.32,91912.0,155536481.43,3.39,17.34,16.76,17.3,17.12,0.49,2.33,49.16,7.34,7307554380.0,6629134630.0,-0.06,-0.18,-8.89,-35.29
5109,300285,国瓷材料,62.92,-1.87,-1.2,1002069.0,6349421832.98,5.68,65.32,61.68,65.0,64.12,0.79,11.75,86.47,8.62,62734278973.0,53675352090.0,-0.03,-0.02,28.99,130.81
5110,003026,中晶科技,29.35,-1.87,-0.56,72116.0,213044440.07,4.01,30.25,29.05,30.24,29.91,0.89,4.99,99.48,8.41,5510977593.0,4242861799.0,-0.07,0.1,-2.72,38.57
5111,600406,国电南瑞,23.07,-1.87,-0.44,414630.0,964208482.0,2.51,23.66,23.07,23.45,23.51,0.91,0.52,64.22,3.73,185292614519.0,184748624057.0,-0.17,-0.13,-8.09,4.82
5112,688717,艾罗能源,57.65,-1.87,-1.1,63069.0,367195386.0,3.47,59.49,57.45,59.49,58.75,0.58,6.37,34.6,2.08,9224000000.0,5710106131.0,0.0,-0.05,-47.72,-6.41
5113,605577,龙版传媒,9.95,-1.87,-0.19,115761.0,115735555.0,5.03,10.37,9.86,10.15,10.14,1.27,2.6,8.97,1.12,4422222228.0,4422222228.0,0.2,0.0,-3.77,-22.93
5114,688469,芯联集成-U,8.85,-1.88,-0.17,1460008.0,1308173217.0,4.66,9.18,8.76,9.17,9.02,0.92,2.49,133.27,5.56,74186781472.0,51947730000.0,0.0,0.0,3.75,32.29
5115,301156,美农生物,11.91,-1.89,-0.23,126326.0,150896499.45,4.53,12.27,11.72,12.14,12.14,1.36,10.68,40.75,3.01,2192714453.0,1408864806.0,0.0,-0.42,-14.62,-10.05
5116,688087,英科再生,39.89,-1.89,-0.77,16344.0,65902442.0,5.93,41.8,39.39,40.99,40.66,0.82,0.88,37.73,2.69,7704533706.0,7429332596.0,-0.15,0.0,3.72,29.93
5117,920593,鼎智科技,23.84,-1.89,-0.46,29012.0,69639072.74,4.77,24.71,23.55,24.54,24.3,1.04,1.79,160.47,6.32,4535461588.0,3865770575.0,0.0,0.04,-18.52,-34.58
5118,920418,苏轴股份,18.05,-1.9,-0.35,18155.0,33041642.49,3.21,18.59,18.0,18.35,18.4,0.96,1.16,25.99,3.19,2932937280.0,2832379864.0,-0.22,0.0,-18.55,-39.14
5119,002969,嘉美包装,12.9,-1.9,-0.25,338235.0,442851726.93,4.94,13.46,12.81,13.42,13.15,0.81,3.1,52.92,4.35,14170594659.0,14096284648.0,0.16,0.0,-34.05,1.9
5120,603737,三棵树,25.17,-1.91,-0.49,189311.0,489282054.0,9.16,27.29,24.94,26.04,25.66,1.52,2.14,52.22,7.55,22285038965.0,22285038965.0,-0.04,0.08,-17.37,-34.62
5121,300390,天华新能,60.8,-1.92,-1.19,256532.0,1567441250.27,4.36,62.7,60.0,62.34,61.99,0.63,3.61,11.02,3.68,50509647910.0,43258677363.0,0.02,0.2,-34.56,11.33
5122,601600,中国铝业,9.17,-1.93,-0.18,1998268.0,1864989167.0,5.88,9.67,9.12,9.42,9.35,1.11,1.51,7.12,2.01,157311087069.0,121074626929.0,-0.11,0.0,-21.56,-24.03
5123,002270,华明装备,19.3,-1.93,-0.38,106877.0,208242407.06,4.32,20.05,19.2,19.89,19.68,0.72,1.19,26.53,5.54,17297150818.0,17296873632.0,-0.26,-0.16,-16.99,-22.27
5124,920252,天宏锂电,15.25,-1.93,-0.3,10037.0,15490386.0,3.79,15.79,15.2,15.7,15.55,0.71,1.47,168.61,5.99,1565422641.0,1040526395.0,-0.07,-0.26,-24.17,-49.42
5125,300655,晶瑞电材,12.7,-1.93,-0.25,383739.0,493111982.85,4.71,13.21,12.6,13.18,12.95,0.82,3.42,534.54,5.59,14308156182.0,14242949238.0,-0.08,-0.24,-20.33,-17.26
5126,300985,致远新能,39.13,-1.93,-0.77,48949.0,194611043.8,5.24,40.84,38.75,40.33,39.9,0.61,2.62,162.19,8.26,7298233342.0,7298233342.0,0.0,-0.2,87.58,113.24
5127,301599,理奇智能,34.61,-1.95,-0.69,43792.0,152326906.44,5.21,36.21,34.37,35.97,35.3,0.47,8.01,58.61,7.09,14937676000.0,1893185551.0,-0.06,0.12,-41.79,148.81
5128,002284,亚太股份,9.55,-1.95,-0.19,381823.0,368304802.21,4.93,9.94,9.46,9.9,9.74,1.2,5.21,13.16,1.99,7058408323.0,6992398723.0,-0.1,0.0,-21.46,-35.6
5129,601857,中国石油,10.99,-1.96,-0.22,1447842.0,1597701989.0,3.21,11.25,10.89,11.1,11.21,1.16,0.09,10.4,1.27,2011400546220.0,1779523635220.0,-0.09,-0.09,4.17,8.17
5130,688981,中芯国际,125.5,-1.96,-2.51,401270.0,5091168955.0,3.51,129.28,124.79,128.8,128.01,0.6,2.01,197.33,7.17,1074412968882.0,250945099900.0,0.06,0.1,-14.17,2.17
5131,301589,诺瓦星云,136.9,-1.97,-2.75,8272.0,113728827.4,2.89,139.69,135.66,139.08,139.65,1.21,2.4,33.19,3.38,12656131200.0,4718253024.0,0.17,0.07,-17.71,-16.37
5132,002468,申通快递,14.39,-1.98,-0.29,264123.0,389070550.4,6.06,15.28,14.39,14.7,14.68,1.99,1.79,12.01,1.96,22028243169.0,21243807790.0,-0.07,-0.14,-3.94,8.03
5133,301071,力量钻石,58.57,-1.99,-1.19,128566.0,758831531.87,5.32,60.99,57.81,60.69,59.76,0.78,6.87,82.72,2.8,14903153661.0,10955465611.0,-0.03,-0.1,-19.49,65.22
5134,688811,有研复材,21.58,-2.0,-0.44,49489.0,108549742.0,5.4,22.69,21.5,22.4,22.02,0.65,5.37,10175.16,6.98,10826116396.0,1988081173.0,0.09,0.0,-29.73,238.78
5135,000767,晋控电力,3.41,-2.01,-0.07,901924.0,309246279.38,2.59,3.48,3.39,3.46,3.48,0.45,3.1,43.84,1.73,10492372967.0,9930760347.0,-0.29,-0.29,-33.79,21.79
5136,603338,浙江鼎力,54.23,-2.02,-1.12,51375.0,280447271.0,3.47,55.95,54.03,55.34,55.35,1.31,1.01,15.16,2.44,27459245478.0,27459245478.0,-0.13,0.28,4.63,-2.27
5137,600188,兖矿能源,21.36,-2.02,-0.44,424987.0,923792278.0,5.05,22.35,21.25,21.55,21.8,0.76,0.71,13.55,2.87,214387159147.0,127334479147.0,0.05,0.0,2.54,66.48
5138,300767,震安科技,18.84,-2.03,-0.39,87452.0,166995407.4,5.46,19.76,18.71,19.58,19.23,0.75,3.65,-684.48,3.43,5205322968.0,4519562058.0,0.05,0.05,-6.18,-9.42
5139,300024,机器人,14.94,-2.03,-0.31,358946.0,536859813.28,3.61,15.36,14.81,15.24,15.25,0.69,2.29,-63.22,5.78,23390362053.0,23383934223.0,-0.13,0.0,-9.29,-17.87
5140,002915,中欣氟材,16.86,-2.03,-0.35,64543.0,109305172.08,3.72,17.42,16.78,17.21,17.21,0.55,2.24,-283.11,3.8,5652708344.0,4856929748.0,-0.06,-0.12,-15.7,-31.18
5141,300276,三丰智能,6.28,-2.03,-0.13,245704.0,155438020.87,3.74,6.49,6.25,6.46,6.41,0.61,2.32,-178.63,5.03,8798549977.0,6638739103.0,0.0,-0.16,-31.22,-35.26
5142,688227,品高股份,72.3,-2.03,-1.5,29423.0,214014625.0,6.76,75.99,71.0,75.99,73.8,0.82,2.6,923.73,6.46,8173896383.0,8173896383.0,-0.08,0.14,-10.74,11.21
5143,002272,川润股份,14.44,-2.04,-0.3,254580.0,370503162.32,4.48,14.96,14.3,14.89,14.74,0.69,6.24,-56.69,4.8,7001628212.0,5893441935.0,-0.07,-0.07,-31.34,-11.68
5144,688077,大地熊,29.14,-2.05,-0.61,40807.0,120583013.0,4.77,30.35,28.93,30.13,29.75,0.76,3.56,48.37,3.01,3335903607.0,3335903607.0,0.03,0.0,1.78,-3.96
5145,688500,慧辰股份,36.4,-2.05,-0.76,17445.0,64070093.0,4.14,37.75,36.21,37.24,37.16,1.04,2.33,-25.09,3.75,2765754919.0,2726994743.0,-0.22,-0.16,-37.51,-41.06
5146,603269,海鸥股份,17.49,-2.07,-0.37,164586.0,290148455.0,6.27,18.33,17.21,18.19,17.86,0.6,3.81,84.3,7.73,7554726620.0,7554726620.0,0.06,0.06,9.11,89.49
5147,688212,澳华内镜,28.82,-2.07,-0.61,42440.0,123320987.0,5.3,29.95,28.39,29.68,29.43,0.83,3.15,-22.66,3.17,3881052505.0,3881052505.0,0.03,0.03,-9.26,-34.07
5148,603936,博敏电子,17.54,-2.07,-0.37,810387.0,1436174282.0,6.09,18.3,17.21,17.91,17.91,1.07,12.86,-260.71,2.58,11319403990.0,11057180990.0,-0.23,-0.06,-27.25,38.22
5149,601211,国泰海通,17.49,-2.07,-0.37,1037872.0,1822431559.0,2.8,17.88,17.38,17.85,17.86,1.25,0.77,7.59,0.93,307492703511.0,235225179180.0,-0.17,0.0,17.62,-13.42
5150,600798,宁波海运,3.29,-2.08,-0.07,367680.0,121509959.0,4.17,3.39,3.25,3.29,3.36,1.71,3.05,-119.87,1.01,3969497521.0,3969497521.0,0.3,0.3,-3.8,-6.0
5151,000037,深南电A,9.36,-2.09,-0.2,138810.0,130820702.0,3.24,9.61,9.3,9.52,9.56,0.56,4.1,117.29,3.38,5641857899.0,3172180284.0,0.0,-0.11,-8.68,13.45
5152,920429,康比特,10.33,-2.09,-0.22,33293.0,35135686.65,6.07,10.95,10.31,10.58,10.55,0.82,2.93,27.0,1.54,1285837080.0,1172459039.0,-0.1,-0.1,-6.94,-31.82
5153,300855,图南股份,32.31,-2.09,-0.69,147783.0,490329760.2,8.0,34.77,32.13,34.62,33.0,1.47,5.04,25.65,5.81,12779622765.0,9465412819.0,0.0,-0.34,-14.97,0.5
5154,000400,许继电气,21.86,-2.1,-0.47,261162.0,571987001.62,3.49,22.37,21.59,21.93,22.33,1.72,2.57,26.77,1.8,22267082363.0,22189334213.0,-0.05,0.05,-16.44,-14.24
5155,000560,我爱我家,2.33,-2.1,-0.05,4724107.0,1108442371.85,8.4,2.48,2.28,2.32,2.38,2.9,20.2,251.72,0.59,5488316983.0,5448556332.0,-0.85,-0.43,-14.96,-20.21
5156,002900,哈三联,15.3,-2.11,-0.33,646077.0,1062160478.54,12.22,17.19,15.28,17.19,15.63,2.17,40.1,-171.47,2.74,4840224615.0,2465172720.0,-0.46,-1.16,50.89,22.79
5157,300346,南大光电,57.03,-2.11,-1.23,392470.0,2253823651.71,5.08,59.25,56.29,58.98,58.26,0.83,5.98,79.34,11.57,39416678178.0,37411112038.0,-0.04,-0.04,1.44,33.81
5158,920304,迪尔化工,9.28,-2.11,-0.2,33518.0,31197781.37,4.75,9.5,9.05,9.14,9.48,1.48,2.47,47.69,2.98,1573312640.0,1256788989.0,-0.43,-0.22,-2.52,-31.26
5159,300129,泰胜风能,7.4,-2.12,-0.16,191880.0,143673246.82,3.7,7.66,7.38,7.64,7.56,0.92,2.67,150.7,1.44,8205514013.0,5318455376.0,-0.13,-0.13,-27.59,-28.85
5160,000407,胜利股份,4.14,-2.13,-0.09,345421.0,143068192.45,3.55,4.23,4.08,4.23,4.23,1.48,3.94,18.11,1.17,3643550476.0,3625738358.0,0.0,0.0,0.0,-16.53
5161,002149,西部材料,36.71,-2.13,-0.8,321277.0,1197445541.73,4.64,38.28,36.54,38.27,37.51,0.55,6.58,487.19,4.88,17922345999.0,17919592749.0,0.03,0.03,-43.95,-19.16
5162,003022,联泓新科,20.26,-2.13,-0.44,109800.0,224425936.96,3.38,20.92,20.22,20.86,20.7,1.07,0.82,31.69,3.47,27058607680.0,27035588775.0,0.05,-0.3,-15.58,2.63
5163,300721,怡达股份,22.56,-2.13,-0.49,83350.0,188550295.08,3.12,23.07,22.35,22.78,23.05,0.81,6.02,215.74,3.33,3718942432.0,3121213653.0,0.18,0.0,-24.3,77.22
5164,603682,锦和商管,11.46,-2.13,-0.25,190597.0,222359764.0,8.54,12.35,11.35,11.94,11.71,0.61,4.03,148.56,8.33,5414850000.0,5414850000.0,0.0,0.09,38.41,79.91
5165,600619,海立股份,13.79,-2.13,-0.3,165391.0,229836867.0,4.05,14.32,13.75,14.32,14.09,0.76,2.1,51.09,2.41,14801419359.0,10882720464.0,-0.14,-0.07,-14.88,-34.55
5166,001286,陕西能源,10.56,-2.13,-0.23,271170.0,287772762.49,4.26,10.87,10.41,10.84,10.79,1.59,2.01,11.15,1.53,39600000000.0,14256000000.0,-0.28,-0.09,-9.04,18.65
5167,301345,涛涛车业,250.1,-2.14,-5.48,7418.0,187810559.84,4.12,259.0,248.47,255.99,255.58,0.56,2.12,38.67,7.54,27273172657.0,8760939475.0,-0.04,0.1,15.05,0.11
5168,688106,金宏气体,27.36,-2.15,-0.6,184383.0,507285719.0,4.4,28.39,27.16,28.39,27.96,0.75,3.48,753.42,3.76,14673876405.0,14515981845.0,0.07,-0.07,4.95,41.47
5169,300313,天山生物,14.14,-2.15,-0.31,532007.0,746871994.03,15.43,15.24,13.01,13.83,14.45,2.06,26.96,203.68,92.28,3390474975.0,2790568436.0,0.35,0.35,52.7,76.09
5170,600228,返利科技,8.2,-2.15,-0.18,232027.0,193817457.0,6.32,8.67,8.14,8.38,8.38,0.83,5.58,-60.92,8.95,3416713901.0,3411504851.0,0.12,0.12,32.05,46.17
5171,688539,高华科技,25.93,-2.15,-0.57,34069.0,89006522.0,4.79,27.0,25.73,26.91,26.5,0.85,1.83,-331.46,2.81,4820905600.0,4820905600.0,0.0,-0.08,-26.59,-47.41
5172,603887,城地香江,9.1,-2.15,-0.2,452809.0,410283881.0,6.24,9.4,8.82,9.12,9.3,0.58,7.52,-102.11,1.57,5478467731.0,5478467731.0,-0.11,-0.22,-29.07,-32.69
5173,601619,嘉泽新能,4.1,-2.15,-0.09,459207.0,188530482.0,3.1,4.2,4.07,4.18,4.19,0.56,1.86,25.43,1.46,12066195192.0,10106035831.0,0.0,0.0,-22.79,-7.24
5174,920717,瑞星股份,8.14,-2.16,-0.18,10564.0,8601615.37,2.4,8.3,8.1,8.24,8.32,0.5,2.39,91.56,1.7,933495200.0,360439200.0,0.12,0.0,8.24,-26.67
5175,300784,利安科技,41.17,-2.16,-0.91,12473.0,51451815.06,2.69,42.0,40.87,41.87,42.08,1.52,7.42,74.22,2.88,2315301992.0,692274579.0,0.02,0.17,-10.79,-17.69
5176,603120,肯特催化,47.65,-2.16,-1.05,18277.0,88096455.0,4.11,49.51,47.51,49.51,48.7,0.82,4.82,55.61,3.62,4307560000.0,1805935000.0,0.0,-0.15,-7.01,23.77
5177,300660,江苏雷利,24.37,-2.17,-0.54,75809.0,186164820.79,4.5,25.42,24.3,25.37,24.91,0.75,1.3,53.89,4.06,14165732967.0,14157212679.0,-0.04,-0.04,-32.31,-42.0
5178,002119,康强电子,23.34,-2.18,-0.52,308577.0,726698526.39,4.82,24.2,23.05,24.07,23.86,0.79,8.22,69.17,6.09,8759128560.0,8759128560.0,-0.09,-0.17,-9.39,42.06
5179,600611,大众交通,4.46,-2.19,-0.1,667969.0,298894803.0,3.95,4.59,4.41,4.53,4.56,0.53,4.27,-15.86,1.11,10543987973.0,6972390983.0,-0.22,-0.22,-13.4,-18.01
5180,301696,三瑞智能,98.53,-2.2,-2.22,22613.0,224917713.36,4.54,102.75,98.18,102.0,100.75,0.62,7.52,74.32,19.99,39412985300.0,2964112870.0,0.02,-0.09,-26.27,307.49
5181,688111,金山办公,241.64,-2.22,-5.49,83777.0,2063263716.0,4.76,252.66,240.9,249.7,247.13,0.78,1.81,22.27,7.44,112124206433.0,112124206433.0,-0.01,-0.02,2.71,-20.99
5182,002749,国光股份,8.82,-2.22,-0.2,68531.0,59983555.87,2.99,8.9,8.63,8.82,9.02,1.21,1.26,13.37,2.59,4908079053.0,4800875032.0,0.0,0.11,-4.44,-19.38
5183,002774,快意电梯,16.15,-2.24,-0.37,139180.0,230730234.0,7.63,17.37,16.11,16.59,16.52,0.65,4.94,-687.7,4.88,5437509585.0,4550556188.0,-0.12,0.06,34.25,79.84
5184,300506,名家汇,5.23,-2.24,-0.12,300406.0,159311768.42,5.79,5.49,5.18,5.46,5.35,0.59,4.09,-145.28,5.46,7455870056.0,3842462763.0,-0.19,-0.19,5.87,24.52
5185,920662,方盛股份,18.3,-2.24,-0.42,14630.0,27028556.47,6.3,19.36,18.18,18.62,18.72,0.58,5.42,114.37,3.54,1602165037.0,494211301.0,-0.38,-0.44,-9.9,-36.68
5186,300311,任子行,6.11,-2.24,-0.14,588042.0,357471437.51,3.68,6.19,5.96,6.08,6.25,0.78,10.94,-40.58,6.29,4115880217.0,3283569558.0,0.16,0.0,15.07,37.61
5187,000933,神火股份,25.25,-2.25,-0.58,486386.0,1246490750.43,5.11,26.43,25.11,26.18,25.83,1.15,2.16,5.94,2.05,56787361075.0,56751128840.0,0.16,0.16,-15.33,-5.36
5188,920719,宁新新材,7.36,-2.26,-0.17,23397.0,17259078.31,5.44,7.62,7.21,7.51,7.53,2.12,3.15,-3.4,10.32,685167424.0,547161992.0,0.82,1.1,-23.89,-42.95
5189,300369,绿盟科技,6.93,-2.26,-0.16,393560.0,275138784.92,4.09,7.18,6.89,7.15,7.09,0.54,4.87,-14.3,2.19,5617609677.0,5597380806.0,0.0,-0.29,0.43,-7.35
5190,603382,海阳科技,22.6,-2.29,-0.53,110079.0,250262659.0,6.49,23.6,22.1,22.7,23.13,1.33,9.53,31.67,2.28,4096280917.0,2609981024.0,0.0,0.49,3.39,-29.68
5191,600108,亚盛集团,3.41,-2.29,-0.08,2455798.0,827843930.0,8.02,3.51,3.23,3.36,3.49,1.88,12.61,78.89,1.53,6638980563.0,6638980563.0,0.29,0.0,-2.29,8.25
5192,920247,华密新材,14.08,-2.29,-0.33,14039.0,20102457.93,3.4,14.56,14.07,14.56,14.41,0.66,1.02,66.42,5.52,2661866226.0,1930979283.0,-0.91,-0.35,-17.9,-37.73
5193,002895,川恒股份,32.6,-2.31,-0.77,115523.0,376225911.24,6.11,33.85,31.81,33.35,33.37,1.46,1.93,17.63,2.67,19751309286.0,19538767066.0,0.12,-0.03,-4.45,-7.28
5194,002478,常宝股份,6.35,-2.31,-0.15,196815.0,126159580.8,3.69,6.57,6.33,6.54,6.5,0.91,2.72,21.37,0.97,5720106848.0,4589297006.0,0.0,-0.16,-13.25,-23.22
5195,002935,天奥电子,15.62,-2.31,-0.37,89715.0,142151498.85,5.38,16.36,15.5,16.19,15.99,1.87,2.16,-321.9,4.13,6589096783.0,6483719592.0,-0.13,-0.19,-24.61,-29.96
5196,603559,中通国脉,8.86,-2.32,-0.21,154346.0,137412490.0,4.85,9.16,8.72,9.07,9.07,0.57,3.85,131.89,4.54,3555314034.0,3555314034.0,-0.11,0.0,-7.42,26.75
5197,600550,保变电气,10.97,-2.32,-0.26,273191.0,304028753.0,4.99,11.52,10.96,11.33,11.23,0.74,1.48,75.57,20.6,20201567426.0,20201567426.0,-0.09,0.0,-17.39,3.98
5198,603095,越剑智能,13.87,-2.32,-0.33,98892.0,139458713.0,4.93,14.45,13.75,14.2,14.2,0.71,3.83,62.99,1.53,3582193804.0,3582193804.0,-0.29,-0.43,-30.3,-22.25
5199,920218,新天力,16.78,-2.33,-0.4,13706.0,23290290.35,3.67,17.3,16.67,16.96,17.18,0.84,6.5,25.95,1.83,1571803407.0,353659123.0,-0.12,-0.42,37.65,37.65
5200,603906,龙蟠科技,18.9,-2.33,-0.45,175599.0,333499264.0,3.82,19.52,18.78,19.45,19.35,0.75,3.12,17.45,3.05,14952015023.0,10640633907.0,0.0,0.0,-27.75,-5.55
5201,688802,沐曦股份-U,711.99,-2.33,-17.01,7695.0,552094362.0,4.51,736.0,703.15,736.0,729.0,0.5,4.15,-720.51,21.75,284867199000.0,13192174354.0,0.13,0.0,2.44,22.74
5202,002709,天赐材料,37.08,-2.34,-0.89,504670.0,1883467788.72,3.92,38.38,36.89,38.19,37.97,0.88,3.34,11.42,4.09,75589869468.0,55954128585.0,0.14,0.08,-30.64,-19.36
5203,002979,雷赛智能,54.54,-2.35,-1.31,166011.0,891547299.77,6.7,55.85,52.11,55.85,55.85,0.94,7.45,59.75,9.5,17236717974.0,12150672520.0,0.13,0.04,-2.78,30.42
5204,688809,强一股份,454.23,-2.35,-10.92,16519.0,757331160.0,8.38,482.0,443.0,477.8,465.15,0.91,6.38,131.35,14.53,58849720839.0,11769965062.0,0.0,0.07,-2.32,77.57
5205,301357,北方长龙,89.82,-2.37,-2.18,33790.0,306530124.52,4.23,92.98,89.09,91.38,92.0,0.65,3.55,-171.65,7.53,8550864000.0,8550864000.0,-0.02,0.02,-3.52,-36.25
5206,002965,祥鑫科技,30.13,-2.37,-0.73,138061.0,416295028.68,3.79,30.97,29.8,30.97,30.86,0.91,7.25,-117.13,1.91,7995910217.0,5737225342.0,-0.17,0.0,-11.07,-25.57
5207,920092,汉鑫科技,27.43,-2.38,-0.67,20924.0,58000713.73,4.91,28.43,27.05,28.09,28.1,0.54,6.35,-161.83,4.85,1702846171.0,904001156.0,0.0,0.0,-6.99,-26.74
5208,920275,驱动力,6.55,-2.38,-0.16,9072.0,6009685.7,4.92,6.84,6.51,6.72,6.71,0.63,0.69,689.31,4.54,1043923280.0,864040113.0,-0.46,0.46,6.16,-24.63
5209,000609,*ST中迪,10.26,-2.38,-0.25,50862.0,52320831.0,2.76,10.45,10.16,10.3,10.51,1.09,1.75,-14.55,-20.36,3070464256.0,2982715606.0,0.0,-0.1,-21.2,15.28
5210,002246,北化股份,19.98,-2.39,-0.49,139032.0,282062087.36,5.03,20.85,19.82,20.55,20.47,0.85,2.53,24.35,3.36,10969715184.0,10969715184.0,-0.05,-0.15,-11.63,11.25
5211,603690,至纯科技,25.36,-2.39,-0.62,237222.0,606141643.0,4.7,26.36,25.14,26.33,25.98,0.53,6.19,-30.79,2.8,9711973380.0,9711973380.0,-0.12,0.04,-9.23,-19.36
5212,920107,恒兴股份,21.61,-2.39,-0.53,37341.0,81310300.08,4.11,22.38,21.47,21.8,22.14,0.31,19.79,14.47,1.75,1812646800.0,407845530.0,-0.09,-0.41,34.89,34.89
5213,600818,ST中路,6.9,-2.4,-0.17,37277.0,25927806.0,5.66,7.18,6.78,7.11,7.07,1.08,1.57,-30.48,4.44,2217990579.0,1641909579.0,0.29,0.29,17.95,-28.05
5214,301013,利和兴,41.0,-2.4,-1.01,205723.0,853938211.92,6.57,42.99,40.23,42.1,42.01,0.56,10.87,743.14,14.32,9583465296.0,7758907158.0,0.0,-0.19,-6.63,46.38
5215,920138,杰理科技,39.07,-2.4,-0.96,40485.0,158754897.18,4.45,40.45,38.67,40.45,40.03,0.4,11.7,26.39,3.34,16915551850.0,1352359486.0,-0.08,-0.13,107.16,107.16
5216,920438,戈碧迦,124.0,-2.4,-3.05,52390.0,661539177.79,10.11,131.81,118.97,128.95,127.05,0.87,3.76,388.78,18.48,17913164000.0,17284862200.0,0.01,0.27,66.64,209.61
5217,301200,大族数控,286.93,-2.41,-7.08,40261.0,1166459912.67,5.03,297.8,283.0,296.01,294.01,1.06,0.95,108.63,12.7,140310991125.0,122013560286.0,0.02,0.33,-5.3,142.81
5218,600378,昊华科技,44.54,-2.43,-1.11,421762.0,1893075688.0,5.24,46.4,44.01,46.3,45.65,0.71,3.93,46.63,3.18,57456583075.0,47772061268.0,0.11,0.2,12.45,41.08
5219,301269,华大九天,94.64,-2.44,-2.37,62956.0,604738778.51,3.81,97.97,94.27,97.9,97.01,0.76,1.15,-177.56,9.89,51850856687.0,51850856687.0,0.01,-0.04,-25.64,-10.87
5220,688605,先锋精科,72.7,-2.44,-1.82,44507.0,326423786.0,5.8,76.14,71.82,75.52,74.52,0.94,4.11,148.49,8.92,14713015531.0,7877170771.0,0.14,0.14,2.7,13.31
5221,000700,模塑科技,10.75,-2.45,-0.27,395533.0,426779678.31,4.9,11.18,10.64,11.01,11.02,1.07,4.31,15.18,2.49,9868665432.0,9868665432.0,0.0,0.09,-29.28,-23.49
5222,603435,嘉德利,50.58,-2.45,-1.27,26839.0,137078939.0,4.4,52.44,50.16,52.44,51.85,0.84,7.52,91.55,10.9,23224694173.0,1805075874.0,-0.08,0.08,-30.95,220.94
5223,002402,和而泰,19.01,-2.46,-0.48,316754.0,604765352.79,3.9,19.57,18.81,19.34,19.49,1.09,3.87,36.61,2.42,17553634110.0,15559278015.0,0.05,0.05,-35.41,-51.16
5224,002139,拓邦股份,9.52,-2.46,-0.24,157834.0,151480217.4,2.77,9.79,9.52,9.72,9.76,0.82,1.47,57.19,1.72,11869869086.0,10196775343.0,-0.31,-0.31,-14.16,-30.56
5225,603608,天创时尚,17.87,-2.46,-0.45,161692.0,292422720.0,5.51,18.7,17.69,18.5,18.32,0.88,3.8,146.02,6.55,7595280453.0,7595280453.0,-0.11,-0.11,-4.9,73.5
5226,301306,西测测试,87.0,-2.47,-2.2,55395.0,483646281.21,7.12,91.35,85.0,90.16,89.2,1.52,9.51,-47.19,8.73,7342800000.0,5068837500.0,0.06,-0.15,-35.06,-23.92
5227,688138,清溢光电,34.4,-2.49,-0.88,75688.0,262663625.0,6.29,35.98,33.76,35.9,35.28,0.73,2.4,48.61,3.86,10829120000.0,10829120000.0,0.06,0.23,3.55,22.55
5228,002448,中原内配,12.36,-2.52,-0.32,207065.0,261010120.5,4.97,12.95,12.32,12.87,12.68,0.57,3.57,9.17,1.91,7272743225.0,7175097519.0,0.0,0.08,-8.85,-2.91
5229,301282,金禄电子,36.71,-2.52,-0.95,270101.0,1000479154.06,7.41,38.83,36.04,38.4,37.66,0.8,15.3,69.59,4.42,7743382551.0,6482173791.0,-0.05,-0.84,33.44,77.17
5230,000837,秦川机床,10.07,-2.52,-0.26,346092.0,348815393.23,2.9,10.23,9.93,10.17,10.33,0.68,3.44,106.14,2.09,10303078579.0,10144551604.0,0.0,0.0,-16.43,-21.82
5231,688268,华特气体,141.35,-2.53,-3.67,60846.0,869224521.0,6.41,149.0,139.7,148.68,145.02,0.83,4.77,133.19,7.35,18047856071.0,18047856071.0,-0.11,-0.13,-10.99,148.46
5232,600895,张江高科,30.77,-2.53,-0.8,275512.0,856592125.0,4.88,32.06,30.52,31.89,31.57,1.01,1.78,72.33,3.53,47653177454.0,47653177454.0,-0.16,0.23,-16.41,-29.7
5233,301295,美硕科技,38.26,-2.55,-1.0,30670.0,118077481.92,7.44,40.17,37.25,39.98,39.26,0.94,10.43,47.65,4.04,3856608000.0,1124844000.0,-0.39,-0.49,-16.37,29.3
5234,301380,挖金客,30.6,-2.55,-0.8,47915.0,147137604.35,6.56,31.79,29.73,31.77,31.4,1.66,5.93,68.53,4.22,3102608450.0,2470601558.0,0.99,2.17,-3.74,-18.62
5235,920402,硅烷科技,8.75,-2.56,-0.23,62684.0,55662392.53,4.45,9.1,8.7,9.06,8.98,0.88,2.3,-26.23,2.45,3693025586.0,2387641174.0,0.23,0.23,-4.06,-13.37
5236,605358,立昂微,43.85,-2.58,-1.16,482308.0,2144493515.0,6.78,46.55,43.5,46.0,45.01,0.84,6.25,201.62,3.16,33860942506.0,33860942506.0,-0.2,-0.25,-22.18,26.48
5237,300115,长盈精密,24.94,-2.58,-0.66,339408.0,852634330.27,4.14,25.95,24.89,25.67,25.6,0.83,2.5,67.78,4.07,33952071519.0,33851931383.0,0.0,-0.2,-30.7,-46.23
5238,000657,中钨高新,64.45,-2.58,-1.71,843824.0,5551133792.41,7.04,68.24,63.58,68.0,66.16,0.84,5.81,39.86,14.45,146856053580.0,93674981851.0,0.0,0.09,-0.23,134.53
5239,000852,石化机械,5.24,-2.6,-0.14,303104.0,159978512.45,3.9,5.42,5.21,5.4,5.38,1.41,3.19,-195.69,1.6,5008235513.0,4979356495.0,0.0,0.0,-11.19,-27.92
5240,002971,和远气体,42.37,-2.6,-1.13,136232.0,582852240.31,5.75,44.5,42.0,44.41,43.5,0.57,8.46,123.64,4.97,8924181250.0,6821762614.0,0.14,-0.05,20.92,42.04
5241,301221,光庭信息,26.83,-2.61,-0.72,25695.0,68924904.15,5.3,27.8,26.34,27.48,27.55,1.73,2.88,-59.88,1.73,3525469512.0,2397013557.0,0.07,-0.3,-25.16,-32.86
5242,600113,浙江东日,30.85,-2.62,-0.83,108474.0,333303715.0,4.58,31.5,30.05,31.37,31.68,1.3,2.64,149.59,5.07,12993299961.0,12692651286.0,-0.1,-0.1,-16.8,-51.06
5243,603389,亚振家居,46.23,-2.63,-1.25,33873.0,158528530.0,6.19,49.0,46.06,48.0,47.48,1.12,1.29,-205.39,60.58,12147024960.0,12147024960.0,-0.17,-0.15,-24.0,2.37
5244,601702,华峰铝业,16.2,-2.64,-0.44,137609.0,227501545.0,5.47,17.05,16.14,16.74,16.64,1.04,1.38,14.51,2.42,16176195720.0,16176195720.0,0.0,0.0,-10.89,-19.68
5245,688011,新光光电,78.67,-2.64,-2.13,21267.0,168970395.0,6.56,82.9,77.6,82.13,80.8,0.8,2.14,-127.03,7.46,7827665000.0,7801115684.0,0.22,0.28,35.61,23.23
5246,920189,康美特,19.83,-2.65,-0.54,55211.0,109655937.71,4.91,20.49,19.49,20.34,20.37,0.87,6.51,32.45,3.72,2804160300.0,1682920542.0,0.0,0.25,143.61,143.61
5247,002281,光迅科技,173.15,-2.66,-4.73,395488.0,6900788705.4,5.37,179.55,170.0,176.5,177.88,0.95,5.03,123.11,9.91,143342026300.0,136101051559.0,0.02,-0.32,-14.58,147.53
5248,301449,天溯计量,39.84,-2.66,-1.09,26156.0,105416171.62,5.06,41.68,39.61,41.54,40.93,0.84,12.73,240.21,3.27,3637565224.0,818452203.0,-0.25,-0.28,-10.05,-33.47
5249,000831,中国稀土,57.95,-2.67,-1.59,360742.0,2125672651.92,5.59,60.88,57.55,60.8,59.54,0.67,3.4,129.77,12.15,61497745766.0,61497745766.0,0.0,-0.05,17.55,24.87
5250,600500,中化国际,5.09,-2.68,-0.14,1244958.0,637007901.0,4.59,5.27,5.03,5.25,5.23,0.84,3.47,-32.5,1.79,18264479082.0,18264479082.0,-0.2,-0.2,-5.74,29.85
5251,605333,沪光股份,17.81,-2.68,-0.49,86553.0,155102004.0,6.01,18.64,17.54,18.12,18.3,1.73,1.87,68.28,2.46,8264559631.0,8264559631.0,0.23,0.34,-15.43,-39.89
5252,300592,华凯易佰,14.81,-2.69,-0.41,115844.0,174579879.48,5.85,15.59,14.7,15.3,15.22,0.74,3.37,20.25,2.52,5794106362.0,5092953496.0,0.47,0.27,25.72,39.59
5253,000807,云铝股份,25.26,-2.7,-0.7,853064.0,2195242469.26,6.01,26.67,25.11,26.28,25.96,1.17,2.46,6.08,2.55,87600604050.0,87599687011.0,0.0,-0.04,-14.26,-22.18
5254,920088,科力股份,45.8,-2.7,-1.27,54956.0,248458535.51,5.25,46.5,44.03,45.5,47.07,0.98,16.88,231.9,5.83,4033674700.0,1491533334.0,0.59,0.39,33.84,57.39
5255,920526,凯华材料,19.47,-2.7,-0.54,16753.0,32917924.84,4.15,20.25,19.42,20.09,20.01,0.76,3.2,88.21,7.15,1610169000.0,1019594952.0,-0.36,-0.36,-23.53,-16.87
5256,301397,溯联股份,25.41,-2.72,-0.71,32088.0,82950466.56,5.21,26.68,25.32,26.3,26.12,0.69,3.47,60.86,2.64,5137073431.0,2349379785.0,0.08,0.16,-3.31,-3.86
5257,688072,拓荆科技,671.26,-2.72,-18.74,63586.0,4336387878.0,6.93,709.43,661.6,699.99,690.0,0.99,2.25,85.49,16.63,195121174800.0,189760511235.0,0.03,0.2,0.69,103.62
5258,920152,昆工科技,12.82,-2.73,-0.36,7450.0,9671853.27,4.1,13.35,12.81,13.08,13.18,0.73,0.91,-13.54,7.94,1411529434.0,1052546781.0,-0.62,-0.62,-21.59,-42.25
5259,920753,天纺标,15.33,-2.73,-0.43,11444.0,17858642.08,5.84,16.15,15.23,15.69,15.76,1.09,3.5,53.84,3.24,1247928961.0,501438935.0,0.07,0.0,-0.9,-30.6
5260,003009,中天火箭,46.83,-2.74,-1.32,51379.0,241282219.4,4.22,48.55,46.52,48.15,48.15,1.32,3.12,227.75,3.81,7713716685.0,7712306399.0,0.0,0.04,-10.54,-40.37
5261,603026,石大胜华,63.33,-2.76,-1.8,66159.0,423019791.0,3.76,65.5,63.05,65.5,65.13,0.72,2.84,13.08,2.84,14736955217.0,14736955217.0,-0.13,0.03,-30.34,-15.3
5262,300167,ST迪威迅,4.23,-2.76,-0.12,63375.0,26966729.0,2.53,4.32,4.21,4.31,4.35,0.47,1.79,-19.98,13.69,1761071247.0,1497779550.0,0.0,0.24,-19.73,-14.55
5263,600397,江钨装备,16.49,-2.77,-0.47,923650.0,1541066792.0,5.78,17.23,16.25,16.98,16.96,0.73,9.33,3061.43,84.56,16324438454.0,16324438454.0,-0.06,-0.18,20.54,116.97
5264,605376,博迁新材,148.02,-2.77,-4.22,158727.0,2372633183.0,4.66,153.29,146.19,150.72,152.24,1.07,6.07,135.15,22.33,38722032000.0,38722032000.0,-0.16,-0.2,-10.7,126.68
5265,300179,四方达,34.78,-2.79,-1.0,341958.0,1203551280.63,5.28,36.22,34.33,36.14,35.78,0.78,9.14,98.38,15.0,16893478285.0,13007089717.0,0.09,0.14,-2.41,134.68
5266,301027,华蓝集团,18.8,-2.79,-0.54,46105.0,87971011.26,4.65,19.6,18.7,19.55,19.34,0.74,3.8,-84.33,3.07,2763600000.0,2278411367.0,0.0,0.16,-11.57,2.12
5267,920193,吉和昌,32.83,-2.81,-0.95,42420.0,139318365.74,5.74,33.99,32.05,33.86,33.78,0.77,16.83,32.07,4.71,3654990164.0,827316000.0,0.0,-0.06,285.33,285.33
5268,688568,中科星图,33.04,-2.82,-0.96,93429.0,311504356.0,4.26,34.37,32.92,34.0,34.0,0.93,1.16,-44.85,7.36,26698927252.0,26698927252.0,-0.06,0.0,-35.27,-43.99
5269,002532,天山铝业,12.4,-2.82,-0.36,903618.0,1138253090.82,6.27,13.07,12.27,12.9,12.76,0.93,2.2,6.87,1.87,57396343946.0,50925032405.0,0.0,0.08,-18.95,-20.21
5270,920002,万达轴承,53.46,-2.84,-1.56,14554.0,78738714.63,5.02,56.0,53.24,55.0,55.02,0.68,3.26,48.06,4.48,3405624126.0,2384163799.0,0.0,0.06,-16.61,-31.78
5271,002167,东方锆业,16.4,-2.84,-0.48,558051.0,927504802.59,5.92,17.2,16.2,17.2,16.88,0.72,7.36,156.88,7.14,12704642120.0,12442892593.0,0.06,0.12,25.1,32.79
5272,688569,铁科轨道,19.14,-2.84,-0.56,49558.0,95341781.0,3.4,19.58,18.91,19.3,19.7,2.05,2.35,22.76,1.35,4032160638.0,4032160638.0,0.1,-0.05,-1.39,-11.8
5273,300967,晓鸣股份,16.74,-2.84,-0.49,153484.0,255438764.87,6.21,17.17,16.1,16.32,17.23,1.6,12.3,849.72,4.64,3140004445.0,2089097059.0,0.18,-0.18,-4.29,-9.9
5274,000998,隆平高科,8.84,-2.86,-0.26,960992.0,839161523.92,7.8,9.15,8.44,8.89,9.1,1.53,7.31,-24.82,1.93,12989920859.0,11619389952.0,-0.34,-0.45,2.2,-5.15
5275,002651,利君股份,7.82,-2.86,-0.23,236926.0,187543877.41,5.96,8.26,7.78,8.08,8.05,0.74,4.19,64.13,2.95,8081657200.0,4421925673.0,-0.38,-0.26,-4.17,-32.76
5276,603366,日出东方,7.41,-2.88,-0.22,542517.0,399937258.0,4.19,7.59,7.27,7.54,7.63,3.62,6.67,82.2,1.39,6024686428.0,6024686428.0,0.27,0.27,-1.85,-22.57
5277,002322,理工能科,11.79,-2.88,-0.35,157821.0,186771143.0,3.79,12.15,11.69,12.14,12.14,0.56,4.49,17.89,1.53,4309574766.0,4142781153.0,0.26,0.0,5.27,0.86
5278,688066,*ST航图,8.41,-2.89,-0.25,63170.0,53491740.0,5.54,8.79,8.31,8.61,8.66,0.86,2.4,-5.11,-1.89,2214600397.0,2214600397.0,0.12,0.12,-34.25,-74.17
5279,603256,宏和科技,137.4,-2.9,-4.1,183895.0,2543447780.0,4.94,142.0,135.01,141.5,141.5,0.86,2.09,163.76,42.14,124290177543.0,120874558500.0,0.0,-0.21,-23.6,273.98
5280,002545,东方铁塔,17.33,-2.91,-0.52,201579.0,352415148.66,6.78,18.25,17.04,17.83,17.85,1.01,1.78,13.41,2.19,21559595898.0,19585737060.0,-0.12,-0.17,-25.94,-4.52
5281,002520,日发精机,5.99,-2.92,-0.18,430754.0,259655655.09,4.38,6.18,5.91,6.09,6.17,0.48,6.0,33.22,15.18,4493968574.0,4297466624.0,0.0,-0.17,0.67,-4.92
5282,920181,赛英电子,73.09,-2.93,-2.21,6811.0,49913373.63,5.03,76.1,72.31,76.01,75.3,0.75,6.8,29.25,4.11,3157488000.0,732361800.0,0.08,0.27,-34.6,161.04
5283,603995,甬金股份,25.49,-2.93,-0.77,96147.0,246958694.0,5.56,26.58,25.12,26.29,26.26,0.95,2.64,12.87,1.56,9268407251.0,9268407251.0,-0.04,-0.27,33.18,44.99
5284,688179,阿拉丁,22.76,-2.94,-0.69,337086.0,740795584.0,13.56,23.66,20.48,22.28,23.45,1.42,9.31,60.66,6.11,8239257857.0,8239257857.0,-0.31,0.13,4.74,84.29
5285,002141,贤丰控股,6.27,-2.94,-0.19,1436456.0,908297211.0,10.37,6.56,5.89,6.34,6.46,0.74,13.91,162.81,8.03,6476507453.0,6476507453.0,-0.16,0.16,79.66,68.1
5286,688726,拉普拉斯,44.8,-2.95,-1.36,58742.0,269372328.0,5.13,47.14,44.77,46.85,46.16,0.73,2.67,37.7,4.45,18158613267.0,9852616435.0,-0.31,-0.38,-28.69,25.53
5287,600313,农发种业,6.92,-2.95,-0.21,2060087.0,1384917168.0,15.85,7.55,6.42,6.42,7.13,2.44,19.04,105.9,3.34,8036707865.0,7488814748.0,-0.43,-0.29,14.19,7.62
5288,601015,陕西黑猫,3.6,-2.96,-0.11,1719900.0,624764543.0,6.2,3.77,3.54,3.63,3.71,2.79,8.42,-5.87,1.53,7352991500.0,7352991500.0,-0.55,-0.28,3.45,-0.55
5289,600343,航天动力,18.04,-2.96,-0.55,319681.0,582241437.0,5.54,18.97,17.94,18.93,18.59,1.21,5.01,-129.46,9.04,11513242518.0,11513242518.0,0.06,0.06,-35.73,-63.16
5290,603880,南卫股份,8.2,-2.96,-0.25,211041.0,173509258.0,5.44,8.44,7.98,8.14,8.45,1.06,7.3,-116.4,13.77,2370144400.0,2370144400.0,-1.2,-1.56,0.74,31.62
5291,688233,神工股份,113.0,-3.0,-3.5,119168.0,1358440349.0,7.98,119.66,110.36,118.0,116.5,0.92,7.0,189.52,10.21,19244548168.0,19244548168.0,0.1,0.03,26.17,61.78
5292,002592,ST八菱,6.47,-3.0,-0.2,88019.0,57575489.2,5.85,6.79,6.4,6.67,6.67,2.23,3.35,15.92,1.86,1837649236.0,1700581121.0,0.0,0.15,-8.36,-21.58
5293,603890,春秋电子,17.74,-3.01,-0.55,290383.0,520900223.0,4.1,18.36,17.61,18.24,18.29,0.49,6.11,34.71,2.4,8430461271.0,8430461271.0,0.0,0.23,-20.27,11.36
5294,301277,新天地,11.19,-3.03,-0.35,170016.0,193284392.74,7.71,11.98,11.09,11.8,11.54,1.72,4.34,30.38,2.91,4387357296.0,4387357296.0,-0.18,0.09,12.12,-3.45
5295,002470,金正大,1.92,-3.03,-0.06,1739936.0,334369968.0,5.05,1.99,1.89,1.96,1.98,1.45,5.3,137.86,2.96,6309173265.0,6308612961.0,-0.52,0.0,-17.6,7.87
5296,001260,坤泰股份,17.2,-3.04,-0.54,50636.0,88400496.12,4.85,17.86,17.0,17.44,17.74,0.74,4.4,194.94,2.45,1978000000.0,1978000000.0,-0.29,-1.15,-11.07,-13.61
5297,002001,新 和 成,28.25,-3.05,-0.89,614936.0,1737503938.78,2.75,28.75,27.95,28.62,29.14,1.3,2.02,10.82,2.49,86824162460.0,85791095216.0,-0.18,0.07,-5.39,15.83
5298,000565,渝三峡Ａ,6.02,-3.06,-0.19,237525.0,142677568.32,4.03,6.17,5.92,6.11,6.21,2.34,5.48,26.27,2.04,2610225164.0,2610225164.0,-0.17,0.17,-13.75,-17.42
5299,300342,天银机电,32.17,-3.07,-1.02,244110.0,791584498.78,5.63,33.85,31.98,33.85,33.19,1.12,5.81,275.4,8.69,13673379585.0,13522884304.0,-0.12,-0.16,-40.01,-2.84
5300,920564,天润科技,13.54,-3.08,-0.43,8906.0,12254767.58,6.73,14.41,13.47,13.95,13.97,0.99,1.81,-20.01,4.78,1447755631.0,666016839.0,0.15,-0.22,-23.59,-28.44
5301,603660,苏州科达,11.28,-3.09,-0.36,264539.0,302964661.0,7.13,11.93,11.1,11.86,11.64,0.93,4.63,-9.82,9.03,6446437611.0,6446437611.0,-0.18,0.0,-12.42,2.27
5302,300333,兆日科技,10.94,-3.1,-0.35,353835.0,383492035.1,7.53,11.34,10.49,11.11,11.29,0.63,10.57,-206.86,6.52,3675840000.0,3662493933.0,-0.09,-0.09,-1.35,-4.87
5303,603898,好莱客,11.25,-3.1,-0.36,38185.0,44302684.0,6.89,12.05,11.25,11.61,11.61,0.85,1.27,-38.19,1.11,3377581673.0,3377581673.0,-0.27,-0.44,-10.36,-15.22
5304,600111,北方稀土,39.78,-3.14,-1.29,623777.0,2528186366.0,4.94,41.68,39.65,41.4,41.07,0.95,1.73,35.02,5.48,143807319195.0,143807319195.0,-0.03,0.08,-17.83,-13.5
5305,688721,龙图光罩,42.5,-3.14,-1.38,36963.0,158706322.0,6.65,45.0,42.08,44.38,43.88,0.72,6.7,138.86,4.64,5673750000.0,2344014825.0,-0.02,0.0,-11.84,-8.66
5306,605336,*ST帅电,10.79,-3.14,-0.35,23146.0,25004341.0,3.32,11.07,10.7,10.86,11.14,0.87,1.26,-68.7,1.1,1979020336.0,1979020336.0,-0.09,-0.09,-35.2,-31.45
5307,301556,托普云农,59.8,-3.16,-1.95,32684.0,198338920.6,5.43,62.54,59.19,61.75,61.75,1.0,11.09,208.19,5.26,5099744000.0,1762904000.0,-0.35,-1.34,-16.33,-38.86
5308,002471,中超控股,5.21,-3.16,-0.17,630809.0,331797147.91,5.95,5.5,5.18,5.48,5.38,0.95,4.69,-280.84,3.95,7131239600.0,7002513723.0,0.19,0.0,-30.25,-35.04
5309,600132,重庆啤酒,41.15,-3.2,-1.36,75055.0,310541375.0,3.65,42.5,40.95,41.76,42.51,2.81,1.55,12.51,12.57,19915414798.0,19915414798.0,0.05,0.07,-17.4,-19.38
5310,300065,海兰信,15.11,-3.2,-0.5,442858.0,680813805.75,7.62,16.2,15.01,16.18,15.61,0.96,6.74,1622.42,6.21,10902456708.0,9925684840.0,0.0,-0.2,-32.27,-16.84
5311,300153,科泰电源,21.5,-3.2,-0.71,200743.0,437286025.76,9.86,23.49,21.3,23.33,22.21,1.59,6.31,61.89,7.27,6880000000.0,6844097537.0,-0.46,-0.46,-23.41,-25.86
5312,002409,雅克科技,138.38,-3.21,-4.59,249985.0,3478158552.69,4.78,143.45,136.61,140.41,142.97,0.9,7.85,61.74,8.28,65858872082.0,44077177730.0,0.04,0.05,17.17,87.53
5313,300435,中泰股份,16.79,-3.23,-0.56,142190.0,241934278.28,6.69,17.85,16.69,17.79,17.35,0.97,3.85,24.81,1.87,6476121270.0,6193405122.0,-0.06,-0.06,-12.19,-23.58
5314,002129,TCL中环,9.53,-3.25,-0.32,1291877.0,1253774524.51,4.77,9.96,9.49,9.85,9.85,0.97,3.2,-5.85,1.93,38530780043.0,38497397768.0,0.0,0.11,-4.03,11.2
5315,300011,鼎汉技术,5.95,-3.25,-0.2,147849.0,88847672.94,5.85,6.27,5.91,6.06,6.15,2.02,2.91,-59.76,2.38,3603054553.0,3018173224.0,0.0,0.34,-10.39,-30.65
5316,603629,利通电子,130.57,-3.25,-4.38,432195.0,5631804784.0,10.23,136.8,123.0,132.0,134.95,0.72,11.98,44.13,22.29,47883674960.0,47099654338.0,-0.01,-0.31,-14.59,594.52
5317,605255,天普股份,65.78,-3.26,-2.22,8560.0,57133015.0,3.93,68.3,65.63,68.2,68.0,0.8,0.64,-926.47,10.9,8819782400.0,8819782400.0,0.03,0.02,-30.73,-69.83
5318,920039,国义招标,8.59,-3.27,-0.29,15279.0,13298108.84,4.73,8.93,8.51,8.83,8.88,0.42,0.99,42.84,2.5,1321313800.0,1321312941.0,0.47,0.12,8.32,-22.89
5319,000547,航天发展,13.86,-3.28,-0.47,782134.0,1089360278.98,5.79,14.52,13.69,14.51,14.33,1.21,4.92,-49.55,6.05,22154770208.0,22025217919.0,0.0,-0.14,-34.62,-58.01
5320,920834,三维装备,9.45,-3.28,-0.32,12515.0,11893204.97,5.94,9.88,9.3,9.74,9.77,0.85,1.99,40.7,3.84,1134000047.0,593426349.0,0.21,0.21,-4.45,-37.83
5321,301155,海力风电,42.49,-3.3,-1.45,33365.0,143648766.63,4.6,44.44,42.42,43.94,43.94,0.89,2.71,172.41,1.61,9236963900.0,5237246994.0,0.0,-0.14,-34.39,-47.39
5322,603398,*ST沐邦,10.49,-3.32,-0.36,71663.0,76505952.0,4.79,10.95,10.43,10.92,10.85,1.03,1.65,-10.31,-60.85,4548899587.0,4548899587.0,0.0,0.0,-24.8,26.84
5323,300343,联创股份,5.83,-3.32,-0.2,324395.0,190290577.0,3.15,6.0,5.81,5.94,6.03,0.99,3.04,109.84,3.15,6228625545.0,6212699903.0,0.17,0.17,-9.61,-3.32
5324,000695,滨海能源,13.87,-3.34,-0.48,127929.0,178299515.0,5.02,14.4,13.68,14.27,14.35,0.89,5.77,-56.9,9.25,3214402168.0,3076520498.0,0.0,0.0,-12.55,9.13
5325,920156,海昌智能,37.82,-3.37,-1.32,12179.0,46590005.05,4.88,39.45,37.54,39.26,39.14,1.03,5.61,11.3,3.27,3937818400.0,820996560.0,-0.37,-0.53,-38.01,80.7
5326,603065,宿迁联盛,15.75,-3.37,-0.55,327232.0,519593678.0,5.52,16.5,15.6,16.3,16.3,0.78,7.81,303.31,3.45,6598739259.0,6598739259.0,0.0,-0.38,108.89,94.44
5327,600673,东阳光,33.68,-3.38,-1.18,379011.0,1288711024.0,5.97,35.24,33.16,35.05,34.86,0.69,1.26,130.2,9.67,101361814387.0,101092470981.0,-0.03,-0.03,-14.37,50.16
5328,603110,东方材料,25.28,-3.4,-0.89,169904.0,438015881.0,7.49,26.86,24.9,26.69,26.17,0.9,8.44,121.97,7.3,5087011785.0,5087011785.0,0.0,0.24,18.8,57.41
5329,603078,江化微,35.28,-3.4,-1.24,309176.0,1103877760.0,6.52,37.29,34.91,36.95,36.52,0.86,8.02,118.2,6.9,13605282109.0,13605282109.0,-0.11,-0.17,9.91,98.31
5330,300035,中科电气,14.19,-3.4,-0.5,444562.0,634002678.64,4.42,14.67,14.02,14.63,14.69,1.96,7.62,37.61,2.0,9726204461.0,8277753954.0,0.07,0.07,-16.68,-32.56
5331,920096,嘉晨智能,34.14,-3.4,-1.2,12753.0,43984922.63,5.57,35.91,33.94,35.89,35.34,0.75,7.87,34.07,3.39,2355660000.0,553068000.0,-0.06,0.0,-47.71,136.59
5332,920122,中纺标,23.02,-3.4,-0.81,18233.0,43073348.66,7.43,24.66,22.89,23.76,23.83,1.31,4.88,511.24,6.39,2123413326.0,860375677.0,0.04,0.09,5.84,-31.12
5333,601008,连云港,4.41,-3.5,-0.16,422086.0,187071919.0,4.81,4.57,4.35,4.49,4.57,2.68,3.4,44.38,1.32,5471213606.0,5471213606.0,0.23,0.23,0.0,-16.16
5334,300970,华绿生物,21.74,-3.51,-0.79,399937.0,820987948.44,12.69,22.3,19.44,20.96,22.53,3.24,32.65,37.42,2.12,3449873859.0,2662728527.0,0.37,0.28,-1.72,40.53
5335,300863,卡倍亿,41.27,-3.51,-1.5,83900.0,353527266.89,5.52,43.39,41.03,43.01,42.77,1.05,3.34,26.81,7.43,10788233544.0,10363735194.0,-0.05,-0.02,-26.59,14.19
5336,605198,安德利,60.03,-3.52,-2.19,49795.0,302818925.0,10.93,64.5,57.7,64.5,62.22,1.65,1.84,68.98,7.29,20061305640.0,16240276080.0,0.0,-0.1,12.42,60.85
5337,605123,派克新材,75.08,-3.52,-2.74,27558.0,209254508.0,3.75,77.82,74.9,77.14,77.82,1.15,2.27,26.55,1.97,9097510571.0,9097510571.0,0.0,0.03,-31.85,-27.54
5338,603530,神马电力,48.88,-3.53,-1.79,41172.0,206259086.0,6.89,52.3,48.81,51.0,50.67,0.62,0.96,49.09,11.62,21087045948.0,20894478153.0,0.02,0.12,-12.92,19.98
5339,002859,洁美科技,66.7,-3.54,-2.45,213497.0,1432275813.28,6.31,69.15,64.79,69.01,69.15,0.9,4.98,109.82,7.92,30257918932.0,28568623840.0,-0.12,0.09,5.09,142.72
5340,600389,江山股份,18.46,-3.55,-0.68,122293.0,229293052.0,5.28,19.41,18.4,19.02,19.14,0.93,2.84,10.88,1.92,7949799000.0,7949799000.0,0.0,-0.16,-25.41,-26.69
5341,603102,百合股份,44.13,-3.56,-1.63,102158.0,467125871.0,10.1,48.5,43.88,48.3,45.76,1.49,15.96,22.75,1.65,2824320000.0,2824320000.0,-0.34,-0.68,19.3,2.7
5342,688396,华润微,59.39,-3.57,-2.2,282300.0,1695907870.0,5.76,62.35,58.8,62.29,61.59,1.21,2.13,59.76,3.42,78882432285.0,78882432285.0,0.08,0.17,-9.92,12.46
5343,920699,海达尔,83.08,-3.62,-3.12,11425.0,96939086.0,7.98,88.98,82.1,85.34,86.2,0.59,3.91,131.43,15.88,5306769894.0,2428047894.0,-0.07,-0.2,64.32,148.52
5344,603678,火炬电子,46.0,-3.62,-1.73,234762.0,1101634451.0,6.22,48.63,45.66,47.72,47.73,0.74,4.94,137.89,3.58,21876065026.0,21876065026.0,-0.8,-0.82,7.15,30.53
5345,300900,广联航空,21.86,-3.62,-0.82,271469.0,600685526.14,7.1,23.31,21.7,23.25,22.68,1.32,10.57,169.99,3.7,7163966501.0,5613319204.0,0.09,0.14,-41.03,-44.05
5346,603667,五洲新春,49.18,-3.63,-1.85,176134.0,865041896.0,5.49,51.0,48.2,51.0,51.03,1.1,4.81,152.95,4.78,18843411524.0,18009852229.0,-0.02,-0.12,-36.89,-29.6
5347,920161,龙辰科技,27.03,-3.64,-1.02,59500.0,162153840.06,7.31,28.7,26.65,27.99,28.05,0.84,16.13,34.28,3.63,3675916225.0,997375645.0,0.15,0.04,-33.99,193.49
5348,688545,兴福电子,82.16,-3.64,-3.1,130742.0,1081739944.0,7.18,87.0,80.88,86.0,85.26,0.78,7.17,120.13,9.96,29577600000.0,14973660000.0,-0.3,-0.16,8.33,120.56
5349,920179,凯德石英,51.69,-3.64,-1.95,43171.0,220429912.33,8.41,53.63,49.12,53.13,53.64,0.99,7.23,215.49,5.11,3848674990.0,3086847921.0,0.12,0.08,-14.46,34.19
5350,001323,慕思股份,19.32,-3.64,-0.73,49799.0,97981460.37,5.59,20.44,19.32,19.89,20.05,0.82,1.6,23.78,2.02,8405760360.0,6013312113.0,-0.1,-0.31,-0.62,-22.63
5351,688549,中巨芯-U,26.2,-3.64,-0.99,693902.0,1825681288.0,6.36,27.5,25.77,27.43,27.19,0.61,11.77,1376.64,12.83,38704631200.0,15440157800.0,0.04,0.15,79.21,187.28
5352,002703,浙江世宝,13.44,-3.66,-0.51,294870.0,397904165.79,4.3,13.9,13.3,13.8,13.95,0.64,5.03,66.02,5.22,11056179241.0,7876486115.0,-0.07,0.0,-34.88,-34.76
5353,603318,水发燃气,8.67,-3.67,-0.33,345279.0,304116618.0,4.67,9.06,8.64,8.98,9.0,0.86,7.52,228.2,2.56,4809016800.0,3980144911.0,-0.12,-0.34,-4.83,29.4
5354,600428,中远海特,11.48,-3.69,-0.44,509858.0,595092823.0,6.8,12.17,11.36,11.92,11.92,1.12,2.09,19.4,1.94,31500206135.0,28071878493.0,-0.86,-0.26,56.19,69.32
5355,600326,西藏天路,7.04,-3.69,-0.27,363014.0,258019452.0,3.28,7.27,7.03,7.24,7.31,0.8,2.66,-55.83,2.49,9591749538.0,9591749538.0,-0.14,-0.14,-12.33,-36.17
5356,600206,有研新材,56.7,-3.69,-2.17,1375199.0,7709775817.0,9.56,58.61,52.98,57.82,58.87,1.11,16.24,130.91,11.1,47999573924.0,47999573924.0,-0.16,0.75,102.28,180.28
5357,301139,*ST元道,3.63,-3.71,-0.14,101769.0,37270196.0,4.77,3.78,3.6,3.6,3.77,0.58,13.36,140.11,0.23,441338304.0,276486747.0,0.0,-0.27,-27.54,-80.23
5358,603383,顶点软件,28.13,-3.73,-1.09,69953.0,197007473.0,5.1,29.2,27.71,29.04,29.22,1.5,3.41,40.08,3.98,5777236979.0,5777236979.0,-0.04,-0.18,-14.21,-20.78
5359,688521,芯原股份,178.37,-3.73,-6.92,221174.0,4020928613.0,7.28,189.5,176.01,188.17,185.29,1.0,4.21,-76.62,32.07,93807507245.0,93807507245.0,0.0,0.06,-29.34,30.23
5360,688256,寒武纪,1010.88,-3.77,-39.61,148554.0,15191095235.0,7.03,1068.9,995.0,1060.02,1050.49,1.17,2.36,137.54,45.67,635695939607.0,635695939607.0,0.03,0.28,-24.56,11.24
5361,920953,国子软件,22.38,-3.78,-0.88,28661.0,65907773.46,5.72,23.7,22.37,22.77,23.26,1.0,4.79,568.07,4.89,2867235856.0,1340243152.0,-0.53,-1.15,-10.26,-37.17
5362,301526,国际复材,32.49,-3.85,-1.3,1595760.0,5264153416.14,8.32,34.7,31.89,34.35,33.79,0.96,11.36,95.77,14.0,122515827780.0,45628726068.0,0.0,0.22,50.7,365.47
5363,603079,圣达生物,12.75,-3.85,-0.51,265728.0,340142546.0,13.12,13.67,11.93,12.13,13.26,2.06,14.06,45.73,1.53,2410127706.0,2410127706.0,-1.92,-2.3,-8.93,-27.64
5364,603308,应流股份,44.56,-3.86,-1.79,206003.0,930201185.0,6.32,46.93,44.0,46.93,46.35,1.18,2.97,64.38,5.62,30945009089.0,30945009089.0,-0.09,0.32,-34.96,7.14
5365,002326,永太科技,20.16,-3.86,-0.81,471423.0,971680038.73,7.44,21.63,20.07,21.25,20.97,1.07,5.81,44.55,6.71,18650573142.0,16365264371.0,-0.05,-0.05,-7.1,-19.1
5366,920012,创达新材,56.24,-3.86,-2.26,23055.0,127752329.99,6.91,58.22,54.18,57.8,58.5,1.1,11.95,43.25,3.35,2773609451.0,1085291962.0,0.34,0.81,-33.52,187.23
5367,688006,杭可科技,22.88,-3.87,-0.92,142096.0,330346363.0,6.68,24.27,22.68,23.9,23.8,0.91,2.35,26.96,2.54,13812018838.0,13812018838.0,-0.13,-0.04,-30.03,-21.43
5368,688488,艾迪药业,17.16,-3.87,-0.69,191724.0,341878543.0,10.14,18.88,17.07,18.51,17.85,1.62,4.56,237.33,7.41,7220632985.0,7220632985.0,0.06,0.23,12.23,5.08
5369,301292,海科新源,65.49,-3.87,-2.64,96327.0,635238405.55,6.25,68.06,63.8,68.0,68.13,0.72,11.31,18.12,5.1,14590895501.0,5579037892.0,0.08,0.37,-7.64,1.68
5370,301611,珂玛科技,99.8,-3.88,-4.03,156183.0,1568728441.96,6.15,105.0,98.61,104.01,103.83,1.39,10.66,221.45,23.45,43512800000.0,14628757652.0,-0.32,-0.06,2.46,16.55
5371,603650,彤程新材,65.36,-3.88,-2.64,238433.0,1569350576.0,7.54,69.66,64.53,68.98,68.0,1.06,3.88,51.75,9.59,40266311409.0,40169399000.0,-0.03,-0.23,18.02,49.77
5372,300316,晶盛机电,42.12,-3.9,-1.71,174489.0,746074250.59,6.71,44.5,41.56,44.2,43.83,1.3,1.42,134.47,3.24,55157563530.0,51873114838.0,-0.02,0.24,-22.0,15.08
5373,600371,万向德农,8.6,-3.91,-0.35,530670.0,442906780.0,16.42,9.53,8.06,8.06,8.95,3.08,18.14,91.15,4.84,2516170800.0,2516170800.0,0.35,0.47,14.21,-0.23
5374,920258,聚仁新材,12.01,-3.92,-0.49,48053.0,58171982.32,3.68,12.44,11.98,12.44,12.5,1.04,13.35,24.34,4.52,4804000000.0,432360000.0,0.0,-0.41,168.08,168.08
5375,688234,天岳先进,108.2,-3.93,-4.43,143370.0,1576688506.0,7.09,113.98,106.0,112.63,112.63,0.98,3.34,-447.28,7.38,52435726461.0,46494734961.0,0.0,0.16,-35.21,21.74
5376,301111,粤万年青,21.77,-3.93,-0.89,94024.0,208954215.24,7.11,23.3,21.69,23.0,22.66,0.99,5.88,-263.35,4.71,3483200000.0,3483200000.0,-0.59,-0.37,-23.75,14.7
5377,000526,学大教育,37.55,-3.94,-1.54,186463.0,697679236.94,8.6,38.9,35.54,37.82,39.09,3.2,15.35,7.61,3.7,4575884643.0,4561330263.0,0.97,0.19,18.23,-4.26
5378,000059,华锦股份,4.87,-3.94,-0.2,1058936.0,520862288.62,6.51,5.11,4.78,4.9,5.07,3.56,6.62,10.67,0.77,7789285155.0,7789141247.0,-0.2,0.21,7.74,-8.97
5379,002255,海陆重工,7.78,-3.95,-0.32,245683.0,191196640.55,2.59,7.91,7.7,7.88,8.1,2.29,3.85,20.07,1.39,6464254608.0,4963210101.0,-0.13,0.0,-22.43,-38.16
5380,600598,北大荒,13.31,-3.97,-0.55,1005417.0,1316717529.0,9.16,13.9,12.63,13.09,13.86,1.47,5.66,10.18,3.11,23660919589.0,23660919589.0,-0.08,-0.45,-7.63,-7.57
5381,002553,南方精工,15.41,-3.99,-0.64,169730.0,265290540.69,5.73,16.27,15.35,16.0,16.05,1.14,6.62,5263.99,3.55,5446042537.0,3948190537.0,0.0,0.06,-19.66,-43.37
5382,000716,黑芝麻,5.02,-4.02,-0.21,827214.0,410814338.38,9.94,5.3,4.78,4.97,5.23,1.13,11.24,28.72,1.49,3779477931.0,3693335168.0,-0.4,-0.99,-14.19,-19.42
5383,002407,多氟多,36.01,-4.02,-1.51,1438020.0,5196860610.43,4.24,36.99,35.4,36.84,37.52,0.73,13.3,41.87,4.94,42867476810.0,38923867839.0,-0.08,0.0,0.61,6.79
5384,301520,万邦医药,74.0,-4.1,-3.16,136493.0,1090272475.51,14.96,85.04,73.5,81.98,77.16,0.98,41.74,-6584.37,4.61,6894681602.0,2419684782.0,-0.01,-1.33,175.91,162.32
5385,600246,万通发展,11.7,-4.1,-0.5,1143733.0,1340473748.0,6.39,12.2,11.42,12.01,12.2,1.01,6.05,-50.62,4.98,22732953469.0,22117825969.0,-0.34,-0.26,-23.43,-4.88
5386,600829,人民同泰,10.27,-4.11,-0.44,489487.0,514327188.0,9.71,11.1,10.06,10.32,10.71,0.91,8.44,36.76,1.92,5955455891.0,5955455891.0,-0.48,-1.06,19.42,-5.0
5387,603606,东方电缆,35.86,-4.12,-1.54,245890.0,893441683.0,4.41,37.45,35.8,37.4,37.4,1.64,2.98,26.18,3.5,29577632380.0,29577632380.0,-0.06,-0.22,-19.97,-27.35
5388,002271,东方雨虹,11.37,-4.13,-0.49,977399.0,1102216298.64,6.83,11.72,10.91,11.6,11.86,1.87,5.01,22.14,1.32,27159517476.0,22179149588.0,-0.09,0.09,-17.37,-16.34
5389,603728,鸣志电器,47.0,-4.14,-2.03,83447.0,396769398.0,5.24,49.3,46.73,48.88,49.03,1.24,1.99,356.21,6.64,19687477500.0,19687477500.0,0.0,0.0,-29.36,-35.02
5390,002654,万润科技,13.15,-4.15,-0.57,577019.0,768844350.55,5.69,13.85,13.07,13.8,13.72,0.93,6.83,-517.48,7.18,11115728454.0,11114939454.0,0.08,0.0,-19.82,-6.41
5391,301377,鼎泰高科,412.0,-4.17,-17.93,38892.0,1635041052.04,7.11,439.0,408.43,436.02,429.93,1.02,3.93,128.62,55.94,174706512808.0,40730704808.0,0.0,-0.02,18.7,197.26
5392,300317,珈伟新能,4.12,-4.19,-0.18,559172.0,231801871.52,4.19,4.27,4.09,4.25,4.3,0.53,6.75,332.29,2.41,3420376229.0,3415123229.0,-0.24,0.24,-16.77,7.29
5393,600879,航天电子,14.38,-4.2,-0.63,1140278.0,1659124917.0,5.13,15.09,14.32,15.02,15.01,1.22,3.46,379.21,2.28,47443924423.0,47443924423.0,0.0,-0.07,-30.23,-32.49
5394,688375,国博电子,79.26,-4.21,-3.48,54490.0,438238656.0,5.31,82.9,78.51,80.0,82.74,1.27,0.91,240.67,7.48,47240140974.0,47240140974.0,-0.23,-0.45,-20.0,-14.48
5395,300505,川金诺,20.02,-4.21,-0.88,287630.0,578713401.37,6.99,21.13,19.67,20.55,20.9,1.11,13.23,33.43,1.94,5502847810.0,4351571664.0,-0.05,0.25,-5.52,-8.96
5396,002931,锋龙股份,47.23,-4.26,-2.1,106020.0,502748105.8,6.08,49.0,46.0,48.85,49.33,1.09,5.23,-2560.69,10.11,10320031579.0,9567657773.0,-0.02,-0.06,-21.14,49.23
5397,600792,云煤能源,3.6,-4.26,-0.16,594603.0,218079743.0,7.45,3.81,3.53,3.6,3.76,2.37,5.36,-10.26,1.64,3995724960.0,3995724960.0,-0.28,0.0,-5.26,-7.22
5398,600714,金瑞矿业,14.75,-4.28,-0.66,131220.0,196149942.0,7.85,15.91,14.7,15.88,15.41,0.93,4.55,-981.7,5.65,4250600027.0,4250600027.0,-0.07,0.0,-49.4,20.31
5399,600740,山西焦化,3.58,-4.28,-0.16,825708.0,299013766.0,4.28,3.72,3.56,3.62,3.74,1.84,3.22,-125.96,0.6,9172393731.0,9172393731.0,0.0,-0.28,-4.02,-4.28
5400,001400,江顺科技,82.25,-4.29,-3.69,70047.0,566453820.54,12.38,87.99,77.35,85.08,85.94,3.0,15.15,45.97,5.49,6909000000.0,3802540875.0,0.0,0.55,-28.13,48.84
5401,603773,沃格光电,103.24,-4.33,-4.67,255929.0,2656383346.0,10.61,110.61,99.16,110.0,107.91,1.06,11.39,-113.48,21.92,23195822071.0,23195822071.0,0.0,-0.11,3.25,191.8
5402,002578,闽发铝业,3.75,-4.34,-0.17,427872.0,163470953.8,7.65,4.01,3.71,4.0,3.92,0.78,4.97,83.53,2.33,3519863186.0,3229359604.0,0.54,0.27,-7.86,-16.48
5403,300438,鹏辉能源,59.66,-4.39,-2.74,206863.0,1256924373.42,6.76,63.63,59.41,63.39,62.4,1.07,5.12,23.21,5.3,30029464858.0,24112438439.0,-0.07,0.1,-26.37,12.23
5404,688187,时代电气,46.95,-4.4,-2.16,93484.0,446219922.0,5.15,49.1,46.57,49.1,49.11,1.5,1.08,18.24,1.47,62476525193.0,40795207688.0,-0.06,-0.06,-23.28,-7.23
5405,002229,鸿博股份,10.82,-4.42,-0.5,595973.0,648359885.35,4.68,11.21,10.68,11.15,11.32,0.43,12.08,-42.35,5.01,5368791900.0,5335949684.0,-0.28,-0.55,-18.77,-29.97
5406,920943,优机股份,16.06,-4.46,-0.75,51564.0,83030431.07,6.48,16.74,15.65,16.01,16.81,1.11,9.95,-51.46,2.58,1630433331.0,832033798.0,0.06,0.38,14.31,-38.82
5407,603319,美湖股份,24.61,-4.58,-1.18,189956.0,469818233.0,4.69,25.56,24.35,25.54,25.79,1.61,5.6,94.14,3.42,8346473576.0,8346473576.0,-0.04,-0.12,-25.81,-32.54
5408,600143,金发科技,14.14,-4.65,-0.69,633600.0,903312399.0,6.0,14.98,14.09,14.83,14.83,1.08,2.4,30.97,1.93,37800438895.0,37256440036.0,0.0,0.07,-22.56,-26.89
5409,600470,六国化工,5.53,-4.66,-0.27,466790.0,261424396.0,7.24,5.88,5.46,5.68,5.8,1.59,8.95,-7.98,1.89,2884448000.0,2884448000.0,0.0,0.0,0.91,-7.53
5410,002083,孚日股份,10.42,-4.67,-0.51,627600.0,665141805.72,6.04,11.03,10.37,10.96,10.93,0.93,6.63,12.24,2.04,9863978505.0,9860532611.0,0.1,0.1,6.87,-10.25
5411,603290,斯达半导,95.62,-4.68,-4.69,196483.0,1894387831.0,5.28,99.3,94.0,98.01,100.31,2.1,8.2,214.99,3.35,22898452819.0,22898452819.0,-0.14,-0.1,-28.9,0.04
5412,301667,纳百川,63.06,-4.71,-3.12,27868.0,176818541.85,5.88,65.89,62.0,65.52,66.18,0.78,11.74,242.9,5.51,7041884976.0,1496400557.0,-0.14,-0.24,-37.99,-21.32
5413,920116,星图测控,45.43,-4.74,-2.26,37276.0,171768728.01,5.43,47.64,45.05,47.0,47.69,1.28,1.67,179.93,17.5,10162009550.0,10162009550.0,0.09,0.0,-28.34,-24.62
5414,920006,晟楠科技,15.37,-4.77,-0.77,17253.0,27053117.9,4.83,16.1,15.32,15.94,16.14,1.18,3.61,-69.99,4.56,1387714264.0,734641611.0,-0.13,-0.26,-5.59,-42.58
5415,600121,郑州煤电,3.97,-4.8,-0.2,1236825.0,495043345.0,6.24,4.13,3.87,3.9,4.17,1.75,10.15,-6.18,6.57,4837095791.0,4837095791.0,-0.25,0.0,-4.57,-4.8
5416,301583,托伦斯,130.86,-4.83,-6.64,66241.0,876591563.78,7.53,139.14,128.78,138.88,137.5,0.62,21.48,414.42,13.12,24271087335.0,4034593471.0,-0.02,-0.08,479.03,479.03
5417,002953,日丰股份,11.16,-4.86,-0.57,522637.0,585416655.57,11.17,12.0,10.69,12.0,11.73,5.6,18.58,30.63,2.51,5486028872.0,3139182651.0,-0.27,-0.45,5.58,-1.93
5418,301273,瑞晨环保,38.45,-4.87,-1.97,38418.0,151196397.67,9.9,41.5,37.5,40.67,40.42,0.63,4.99,-52.79,4.41,3856477633.0,2959905339.0,-0.9,0.16,31.32,103.22
5419,920592,华信永道,20.07,-4.88,-1.03,27958.0,56893174.93,3.65,20.84,20.07,20.4,21.1,1.28,5.56,-56.02,4.88,1621555650.0,1009234220.0,-0.1,-0.15,-27.75,-49.02
5420,002973,侨银股份,10.62,-4.92,-0.55,103739.0,112785895.0,7.25,11.38,10.57,11.38,11.17,1.61,3.27,49.81,1.71,4340029734.0,3373475688.0,0.19,0.19,-17.1,-21.74
5421,300164,通源石油,10.42,-4.93,-0.54,1403674.0,1471105377.18,5.75,10.84,10.21,10.6,10.96,0.96,24.07,-118.82,4.45,6131738914.0,6077056307.0,-0.1,0.0,4.2,88.77
5422,920885,星辰科技,12.22,-4.98,-0.64,35208.0,43897616.76,5.75,12.92,12.18,12.6,12.86,1.28,3.98,882.5,5.2,2087419178.0,1081509055.0,-0.16,-0.16,-15.14,-47.78
5423,001338,永顺泰,9.15,-4.98,-0.48,351032.0,321513560.22,5.19,9.51,9.01,9.34,9.63,3.29,7.0,34.56,1.27,4590837131.0,4590837131.0,0.0,0.55,-15.36,-22.91
5424,301618,长联科技,34.39,-5.0,-1.81,45638.0,157538051.14,5.58,35.52,33.5,35.06,36.2,2.01,9.48,173.4,4.63,4343532796.0,1655927024.0,-0.09,0.53,-12.94,0.85
5425,001233,海安集团,44.35,-5.01,-2.34,28541.0,128728362.11,5.63,46.89,44.26,46.38,46.69,1.41,7.57,38.81,1.75,8247917363.0,1672577182.0,0.05,0.07,-19.32,-23.08
5426,688523,航天环宇,41.67,-5.06,-2.22,77139.0,328000139.0,7.86,44.95,41.5,44.11,43.89,1.38,1.9,2777.83,10.09,16954689600.0,16954689600.0,-0.22,0.1,-32.56,-25.54
5427,600186,莲花控股,11.02,-5.08,-0.59,2413565.0,2698137667.0,6.89,11.72,10.92,11.56,11.61,0.68,13.49,34.42,10.46,19756266344.0,19716303967.0,-0.09,-0.09,-7.16,84.28
5428,301008,宏昌科技,39.66,-5.1,-2.13,121639.0,493677224.32,9.24,42.84,38.98,41.5,41.79,0.71,10.52,904.13,3.45,5194001860.0,4586311510.0,-0.28,-0.53,40.29,15.06
5429,001366,播恩集团,11.92,-5.1,-0.64,208525.0,259888504.0,16.88,13.82,11.7,12.53,12.56,3.88,12.98,52.34,2.38,1915305600.0,1915305600.0,-0.25,0.0,-28.84,-10.85
5430,600758,辽宁能源,3.35,-5.1,-0.18,980931.0,331815902.0,4.53,3.46,3.3,3.33,3.53,1.46,7.43,-9.58,0.83,4428758270.0,4424490370.0,-0.59,-0.3,-27.8,-7.97
5431,688387,信科移动-U,12.8,-5.11,-0.69,672628.0,871742199.0,6.82,13.57,12.65,13.5,13.49,1.04,3.34,-85.36,7.45,43760000000.0,25814748160.0,0.0,0.0,-26.82,-0.78
5432,300373,扬杰科技,96.29,-5.12,-5.2,255332.0,2472239854.81,6.2,100.31,94.02,100.0,101.49,1.45,4.71,33.98,5.43,52318958410.0,52202502684.0,-0.01,0.05,-12.48,42.65
5433,002379,宏桥控股,17.6,-5.12,-0.95,730782.0,1307256671.21,9.22,19.01,17.3,18.75,18.55,1.13,6.43,8.48,4.68,229347680355.0,20000178053.0,-0.06,0.06,-18.71,-25.64
5434,688041,海光信息,246.33,-5.16,-13.41,308842.0,7760190877.0,6.88,262.02,244.16,261.99,259.74,1.33,1.33,159.18,22.57,572554201956.0,572554201956.0,0.2,0.27,-22.21,9.89
5435,688146,中船特气,260.88,-5.25,-14.45,192407.0,5098594242.0,8.72,280.0,256.0,280.0,275.33,0.97,13.27,198.5,22.99,138112941253.0,37819993261.0,-0.12,-0.32,68.53,548.96
5436,600281,华阳新材,4.68,-5.26,-0.26,412753.0,192474860.0,5.47,4.84,4.57,4.83,4.94,1.36,8.02,6666.61,42.79,2407401477.0,2407401477.0,-0.64,0.43,-6.59,-20.68
5437,603556,海兴电力,26.43,-5.27,-1.47,198750.0,538377088.0,8.35,28.45,26.12,27.02,27.9,1.13,4.09,19.85,1.89,12851962013.0,12851962013.0,-0.04,0.08,0.49,-25.78
5438,000802,北京文化,4.13,-5.28,-0.23,2214446.0,905777445.26,8.49,4.33,3.96,4.06,4.36,1.2,30.95,-37.71,5.0,2956668053.0,2955196741.0,-0.48,-0.96,-18.86,-9.23
5439,300540,蜀道装备,29.23,-5.31,-1.64,162367.0,483647543.46,8.75,31.74,29.04,31.73,30.87,0.98,7.85,97.78,5.76,6652509191.0,6042636231.0,0.21,0.17,11.06,46.52
5440,300214,日科化学,10.75,-5.37,-0.61,412398.0,451296278.0,7.13,11.5,10.69,11.42,11.36,0.68,8.87,82.54,2.06,4997703101.0,4997703101.0,-0.09,0.19,30.62,60.93
5441,920130,立方控股,17.07,-5.38,-0.97,30660.0,53178759.87,5.54,17.9,16.9,17.87,18.04,0.7,5.35,-48.93,3.37,1574592039.0,978027681.0,-0.18,-0.18,7.09,-41.06
5442,603876,鼎胜新材,22.34,-5.38,-1.27,368006.0,832680382.0,7.58,23.89,22.1,23.86,23.61,1.49,3.96,26.78,2.76,20759829538.0,20759829538.0,-0.13,0.13,-18.35,50.13
5443,000636,风华高科,53.09,-5.38,-3.02,1866195.0,10168881693.6,8.25,56.95,52.32,56.5,56.11,1.17,16.13,173.4,4.97,61425831372.0,61425807481.0,0.25,0.38,20.33,228.12
5444,600460,士兰微,32.63,-5.39,-1.86,1558757.0,5129944922.0,7.54,34.77,32.17,34.49,34.49,1.39,9.37,65.0,4.5,54298664302.0,54298664302.0,0.0,0.18,-8.08,15.18
5445,300821,东岳硅材,17.31,-5.41,-0.99,1115618.0,1927945068.53,10.38,18.56,16.66,18.44,18.3,1.26,9.3,26.76,4.07,20772000000.0,20768377883.0,0.06,0.17,6.39,48.71
5446,600707,彩虹股份,9.79,-5.41,-0.56,1992192.0,1978211374.0,10.24,10.63,9.57,10.48,10.35,1.0,5.55,1587.94,1.63,35130335476.0,35123286676.0,0.0,0.0,-17.45,52.49
5447,000153,丰原药业,6.25,-5.45,-0.36,816125.0,516233998.73,9.68,6.73,6.09,6.5,6.61,2.68,17.79,19.62,1.36,2904284513.0,2867928106.0,-0.16,-0.32,11.61,1.3
5448,603406,天富龙,29.02,-5.53,-1.7,61273.0,179758258.0,4.43,30.27,28.91,30.0,30.72,1.73,10.43,22.91,2.46,11608290200.0,1704049438.0,0.14,0.07,-2.68,-28.7
5449,688121,*ST卓然,1.87,-5.56,-0.11,98897.0,18921846.0,9.09,2.04,1.86,1.99,1.98,1.23,4.88,-2.5,0.19,436858186.0,378986667.0,-0.53,-0.53,-71.14,-82.88
5450,603813,原尚股份,29.36,-5.59,-1.74,12397.0,37035230.0,6.82,31.12,29.0,31.1,31.1,1.36,1.18,-38.73,6.21,3083240400.0,3083240400.0,-0.71,-0.58,-19.12,-23.04
5451,002067,景兴纸业,4.02,-5.63,-0.24,724640.0,294054291.54,5.63,4.23,3.99,4.18,4.26,1.09,5.42,69.88,0.89,5928912489.0,5377167489.0,0.0,-0.25,-22.84,-28.72
5452,920576,天力复合,39.63,-5.64,-2.37,35517.0,144811957.32,8.5,42.99,39.42,41.18,42.0,1.32,3.29,680.31,9.85,4317688500.0,4274894203.0,-0.08,-0.18,-34.45,-43.8
5453,000779,甘咨询,9.55,-5.73,-0.58,747162.0,726157028.22,5.43,10.03,9.48,9.88,10.13,0.69,16.08,19.05,1.12,4439121267.0,4438582198.0,0.1,0.32,31.54,16.89
5454,002025,航天电器,60.78,-5.78,-3.73,248996.0,1541768991.68,6.82,64.5,60.1,63.62,64.51,1.16,5.49,132.08,4.18,27595321742.0,27586297553.0,0.0,-0.07,-12.37,21.56
5455,300718,长盛轴承,57.05,-5.8,-3.51,119076.0,690454654.16,7.53,61.56,57.0,60.56,60.56,0.92,6.05,69.81,9.88,17045343662.0,11219298337.0,-0.02,-0.17,-29.62,-32.96
5456,300046,台基股份,24.62,-5.81,-1.52,141346.0,355338333.12,6.01,26.01,24.44,25.9,26.14,1.73,5.98,106.67,5.23,5823402354.0,5823402354.0,0.12,0.29,-29.01,-28.74
5457,301002,崧盛股份,27.45,-5.83,-1.7,85788.0,239561897.3,7.48,29.45,27.27,29.45,29.15,1.36,9.77,48.97,3.31,3704011811.0,2409983593.0,0.04,0.11,-51.67,-24.61
5458,920725,惠丰钻石,74.5,-5.83,-4.61,44665.0,337366345.05,7.65,79.16,73.11,78.5,79.11,0.79,10.11,951.09,11.31,6799987500.0,3291461033.0,-0.27,0.03,100.7,121.0
5459,603089,正裕工业,10.0,-5.84,-0.62,190092.0,184676506.0,5.74,10.17,9.56,9.56,10.62,3.31,7.92,-38.55,1.48,2757192310.0,2400332680.0,0.0,0.6,-7.06,-20.45
5460,601698,中国卫通,24.36,-5.87,-1.52,419991.0,1040257726.0,4.98,25.62,24.33,25.5,25.88,1.45,0.99,958.46,6.5,102906028636.0,102906028636.0,0.04,0.0,-22.52,-31.76
5461,000759,中百集团,6.14,-5.97,-0.39,701340.0,437940891.87,8.88,6.6,6.02,6.49,6.53,0.84,10.7,-10.34,5.57,4028021044.0,4026034994.0,0.16,0.0,1.15,-19.0
5462,600276,恒瑞医药,49.5,-6.0,-3.16,2387416.0,11929918450.0,6.4,51.53,48.16,51.0,52.66,3.18,3.74,36.79,5.1,328541393763.0,315760612563.0,-0.02,0.0,-1.73,-16.62
5463,600272,开开实业,18.33,-6.0,-1.17,497345.0,970183580.0,13.18,20.47,17.9,20.47,19.5,0.93,31.08,66.69,6.09,4814410152.0,2932800000.0,-0.22,-0.97,61.64,34.58
5464,920249,利尔达,9.53,-6.02,-0.61,103796.0,100670364.76,7.99,10.26,9.45,10.15,10.14,1.46,8.33,42.33,4.94,4018133900.0,1188101059.0,0.0,0.0,9.16,-26.97
5465,300762,上海瀚讯,28.7,-6.15,-1.88,423167.0,1233688067.47,8.63,31.05,28.41,30.8,30.58,1.59,6.74,-105.53,6.2,18665180665.0,18022617656.0,0.0,0.77,-20.67,-31.14
5466,002907,华森制药,15.15,-6.19,-1.0,306945.0,474837683.51,9.97,16.41,14.8,16.26,16.15,1.26,9.14,48.23,3.7,6326584157.0,5087622838.0,-0.46,-0.92,24.18,2.57
5467,603186,华正新材,164.0,-6.29,-11.0,262935.0,4391802807.0,7.13,173.47,161.0,173.47,175.0,1.22,16.77,207.9,11.08,25713644952.0,25713644952.0,-0.47,-0.5,27.58,231.51
5468,688152,麒麟信安,35.54,-6.3,-2.39,91714.0,328087674.0,7.36,37.29,34.5,36.0,37.93,1.94,9.0,-104.94,2.99,3621457621.0,3621457621.0,-0.17,-0.81,2.63,-11.92
5469,920117,龙鑫智能,29.39,-6.31,-1.98,46528.0,140218681.65,7.87,31.58,29.11,31.25,31.37,0.66,23.02,30.91,2.53,2640397953.0,594089548.0,-0.03,0.24,64.83,64.83
5470,600233,圆通速递,17.5,-6.32,-1.18,514362.0,905920805.0,6.85,18.59,17.31,18.55,18.68,3.03,1.5,9.44,1.61,59920287665.0,59920287665.0,-0.11,-0.06,-4.11,8.23
5471,688432,有研硅,44.98,-6.35,-3.05,713697.0,3248821838.0,12.87,49.18,43.0,49.1,48.03,0.92,5.71,211.7,12.32,56238577573.0,56238577573.0,0.02,0.18,131.38,263.92
5472,002887,绿茵生态,9.29,-6.54,-0.65,115662.0,110005927.2,7.24,9.98,9.26,9.86,9.94,1.96,5.32,32.3,1.24,2842626792.0,2018078907.0,-0.11,0.22,-29.94,2.54
5473,603156,养元饮品,51.0,-6.54,-3.57,262033.0,1350630863.0,12.08,56.27,49.68,54.66,54.57,1.79,2.08,19.89,7.43,64274155866.0,64274155866.0,-0.43,-0.37,18.69,83.78
5474,600172,黄河旋风,13.44,-6.8,-0.98,2142526.0,2943769995.0,6.8,14.28,13.3,14.28,14.42,1.11,16.7,-50.2,41.81,19382959357.0,17246189292.0,-0.07,-0.07,1.28,135.38
5475,603848,好太太,13.66,-6.82,-1.0,124804.0,172750841.0,7.03,14.61,13.58,14.47,14.66,3.04,3.1,26.88,2.13,5496872940.0,5496872940.0,-1.09,-1.09,-5.2,-24.41
5476,688585,上纬新材,141.9,-6.95,-10.6,79539.0,1110775672.0,13.13,152.51,132.49,149.69,152.5,1.04,1.97,-171.84,48.62,57237029203.0,57237029203.0,0.0,0.92,-27.97,11.41
5477,300779,惠城环保,67.4,-6.98,-5.06,139766.0,964689187.82,7.91,72.45,66.72,72.26,72.46,0.97,6.15,2350.82,9.0,20038562705.0,15311409448.0,-0.04,0.1,5.76,-27.51
5478,000525,红太阳,4.6,-7.07,-0.35,772188.0,359000940.9,7.07,4.86,4.51,4.76,4.95,1.82,6.95,468.09,2.41,5993517749.0,5114096023.0,0.0,-0.22,-2.95,-15.75
5479,300795,米奥会展,14.02,-7.15,-1.08,299562.0,430659037.67,7.75,15.08,13.91,14.88,15.1,0.64,17.22,-42.44,7.38,4190492057.0,2439271957.0,0.07,0.14,21.28,4.47
5480,000723,美锦能源,3.61,-7.2,-0.28,2383848.0,881416502.97,5.4,3.82,3.61,3.71,3.89,3.09,5.42,-11.82,1.29,15896643166.0,15866585512.0,-0.55,-0.28,-12.59,-23.19
5481,688496,*ST清越,0.9,-7.22,-0.07,106164.0,9690326.0,7.22,0.96,0.89,0.95,0.97,0.62,4.46,-3.12,0.45,405000000.0,214151040.0,1.12,0.0,-17.43,-84.85
5482,002847,盐津铺子,45.19,-7.26,-3.54,88362.0,405422905.4,5.15,47.51,45.0,47.5,48.73,2.07,3.62,14.35,5.81,12209770368.0,11019073655.0,0.02,-0.02,-19.63,-32.86
5483,301211,亨迪药业,13.48,-7.29,-1.06,547671.0,767757159.04,12.17,15.0,13.23,14.5,14.54,2.18,13.11,152.67,2.49,5629248000.0,5629199472.0,-0.15,-0.44,34.93,10.86
5484,301707,展芯股份,79.72,-7.41,-6.38,72360.0,577259063.31,7.28,83.97,77.7,83.58,86.1,0.89,26.75,165.07,13.93,32780061220.0,2156630402.0,-0.04,-0.06,239.96,239.96
5485,002588,史丹利,7.96,-7.44,-0.64,389376.0,310823700.17,3.49,8.18,7.88,8.18,8.6,2.92,4.53,8.42,1.18,9169060161.0,6834747097.0,0.0,-0.13,-11.36,-18.02
5486,300911,亿田智能,24.66,-7.5,-2.0,283360.0,707776550.69,7.39,26.22,24.25,25.26,26.66,1.46,16.54,-31.92,4.17,4521247973.0,4225350956.0,0.24,0.33,-9.77,-25.95
5487,603758,秦安股份,10.69,-7.53,-0.87,306621.0,328189172.0,4.5,11.03,10.51,10.89,11.56,1.16,7.08,49.38,1.78,4630010564.0,4630010564.0,-0.09,0.0,-5.23,-38.53
5488,003021,兆威机电,68.04,-7.58,-5.58,71232.0,494528673.07,9.41,74.24,67.31,73.62,73.62,1.66,3.44,121.95,3.59,18205643106.0,14107368558.0,0.04,0.06,-35.64,-45.04
5489,600783,鲁信创投,18.62,-7.78,-1.57,804665.0,1491176048.0,6.79,19.54,18.17,19.38,20.19,2.82,10.81,-222.88,3.18,13859970054.0,13859970054.0,0.59,0.98,-13.11,-24.52
5490,603506,南都物业,10.95,-7.83,-0.93,229883.0,251266948.0,6.82,11.5,10.69,11.17,11.88,5.65,12.24,10.77,1.72,2056166680.0,2056166680.0,-0.54,0.18,-4.7,-14.79
5491,002329,皇氏集团,3.51,-7.87,-0.3,1272335.0,450277972.43,6.56,3.72,3.47,3.65,3.81,0.68,19.53,179.39,5.86,2921737987.0,2287091163.0,-0.28,0.29,-16.23,-10.0
5492,301085,亚康股份,59.95,-7.94,-5.17,75942.0,465573190.44,5.82,63.39,59.6,62.53,65.12,1.25,12.89,54.81,5.45,5202201716.0,3531758933.0,0.05,-0.1,-19.58,13.67
5493,300155,安居宝,4.27,-7.97,-0.37,462587.0,199763711.78,6.03,4.53,4.25,4.45,4.64,3.06,14.04,-70.32,2.01,2396442467.0,1406722315.0,-0.47,-0.23,-10.48,-35.01
5494,920169,七丰精工,20.38,-8.07,-1.79,69160.0,144734108.54,7.04,21.8,20.24,20.98,22.17,2.1,13.6,372.34,4.89,1646705834.0,1036151523.0,0.15,-0.39,-7.82,-34.99
5495,688783,西安奕材-U,31.5,-8.16,-2.8,505365.0,1622326232.0,11.14,34.95,31.13,34.48,34.3,1.22,18.79,-200.84,10.37,127190700000.0,8470350000.0,0.29,0.22,-6.28,32.35
5496,920007,酉立智能,33.36,-8.18,-2.97,9729.0,32929762.97,10.98,36.5,32.51,36.5,36.33,5.99,8.31,35.38,2.29,1485602532.0,390520500.0,0.0,0.0,-23.59,-51.47
5497,000620,盈新发展,3.25,-8.19,-0.29,5425861.0,1799052787.94,5.65,3.44,3.24,3.41,3.54,1.0,11.61,-39.97,5.21,19083398880.0,15183183649.0,0.0,0.0,15.25,21.27
5498,688270,ST臻镭,61.46,-8.39,-5.63,108020.0,683695284.0,7.6,66.5,61.4,65.91,67.09,1.4,3.61,116.27,8.02,18408169959.0,18408169959.0,0.05,-0.05,-33.2,-29.55
5499,688126,沪硅产业,24.45,-8.43,-2.25,1240654.0,3089130155.0,8.16,26.37,24.19,26.35,26.7,1.17,4.37,-41.86,4.17,80807821959.0,69489329597.0,-0.04,-0.04,-12.9,12.99
5500,001270,铖昌科技,100.16,-8.51,-9.32,128846.0,1318957525.79,10.12,110.64,99.56,110.63,109.48,1.41,6.29,135.29,13.05,20644468484.0,20513094121.0,0.16,0.18,-34.97,9.5
5501,600408,安泰集团,2.81,-8.77,-0.27,1474953.0,418024637.0,6.17,2.96,2.77,2.85,3.08,2.46,14.65,-14.17,2.45,2829108000.0,2829108000.0,0.0,1.08,-4.1,-30.27
5502,000736,中交发展,4.47,-8.78,-0.43,643893.0,289464941.57,8.98,4.85,4.41,4.82,4.9,2.62,8.62,91.13,2.72,3339529852.0,3339529852.0,-0.45,0.0,-15.98,-16.76
5503,600219,南山铝业,4.65,-8.82,-0.45,5295108.0,2523157249.0,7.45,4.99,4.61,4.96,5.1,2.53,4.61,11.88,1.07,53399212249.0,53399212249.0,0.0,0.0,-12.92,-11.26
5504,600118,中国卫星,61.44,-8.99,-6.07,664783.0,4194847750.0,6.16,65.59,61.43,65.03,67.51,1.52,5.62,1050.93,11.34,72652132454.0,72652132454.0,0.0,-0.11,-25.06,-35.29
5505,600580,卧龙电驱,31.0,-9.04,-3.08,775517.0,2444192670.0,7.54,33.25,30.68,33.05,34.08,1.19,4.98,43.87,4.45,48425642841.0,48286607841.0,0.0,-0.29,-30.21,-36.63
5506,002361,神剑股份,10.25,-9.05,-1.02,1635804.0,1715713597.74,7.28,11.03,10.21,10.88,11.27,1.3,20.22,-462.61,4.45,9748108432.0,8292444637.0,-0.1,0.0,-35.25,-28.52
5507,002031,巨轮智能,5.12,-9.06,-0.51,1766958.0,918112136.79,7.28,5.5,5.09,5.4,5.63,0.63,9.23,-78.54,5.8,11260905830.0,9797737349.0,0.0,-0.19,-22.31,-34.86
5508,002747,埃斯顿,32.77,-9.07,-3.27,834016.0,2794842275.08,8.91,35.68,32.47,35.0,36.04,1.1,10.66,81.04,9.8,31714755305.0,25640399964.0,0.0,-0.09,15.27,38.27
5509,301358,湖南裕能,64.96,-9.15,-6.54,431919.0,2845435164.53,9.82,70.79,63.77,70.09,71.5,1.83,5.65,9.46,2.69,55068648504.0,49650849192.0,-0.03,-0.34,-25.7,1.03
5510,300788,中信出版,23.98,-9.17,-2.42,110490.0,272842876.23,12.2,26.82,23.6,26.68,26.4,1.33,5.81,27.4,2.06,4559833330.0,4559833330.0,-0.08,-0.21,-13.24,-11.87
5511,688820,盛合晶微,127.98,-9.23,-13.02,232405.0,2987530285.0,12.37,139.7,122.26,136.07,141.0,1.57,13.44,265.26,12.36,238397828934.0,22128080251.0,0.0,0.36,-39.59,550.3
5512,000678,襄阳轴承,8.58,-9.3,-0.88,434317.0,375635471.33,6.03,9.08,8.51,9.08,9.46,1.51,9.45,-51.89,5.06,3943469218.0,3943469218.0,-0.58,-0.35,-27.04,-42.91
5513,688102,斯瑞新材,33.1,-9.46,-3.46,361009.0,1230653866.0,8.21,36.0,33.0,35.5,36.56,1.23,4.64,150.05,13.22,25853582732.0,25778521895.0,-0.09,0.03,-10.64,-14.38
5514,300243,瑞丰高材,17.0,-9.62,-1.81,502960.0,889538583.36,11.48,19.08,16.92,18.66,18.81,1.06,22.49,40.32,3.07,4752555258.0,3802030569.0,-0.7,-0.53,-8.5,64.41
5515,001208,华菱线缆,13.46,-9.73,-1.45,285787.0,394139785.2,8.92,14.76,13.43,14.65,14.91,1.43,8.97,70.56,2.96,8592196815.0,4290155023.0,0.07,0.22,-16.45,-43.87
5516,002731,*ST萃华,1.29,-9.79,-0.14,599740.0,78109205.12,6.29,1.38,1.29,1.29,1.43,2.4,26.11,1.43,0.18,330441240.0,296256756.0,0.0,0.0,-70.34,-89.73
5517,688353,华盛锂电,90.0,-9.9,-9.89,104768.0,952978060.0,7.73,96.6,88.88,94.88,99.89,1.32,6.57,32.21,3.93,14355000000.0,14355000000.0,-0.01,-0.03,0.9,-20.84
5518,002333,罗普斯金,5.71,-9.94,-0.63,479117.0,285006917.44,14.98,6.66,5.71,6.5,6.34,5.37,7.19,92.26,2.0,3853820608.0,3805769034.0,0.0,0.0,11.31,1.78
5519,002202,金风科技,19.84,-9.94,-2.19,2693746.0,5475303844.16,7.72,21.53,19.83,21.5,22.03,1.47,8.01,23.09,2.15,83799966756.0,66731940807.0,0.0,-0.05,-15.21,-1.78
5520,301371,敷尔佳,23.5,-9.96,-2.6,84629.0,202766770.15,8.66,25.44,23.18,25.21,26.1,2.36,10.85,23.87,2.21,12222444000.0,1832419550.0,-0.04,0.26,-21.43,2.66
5521,002820,桂发祥,9.94,-9.96,-1.1,381438.0,381602936.81,4.17,10.4,9.94,9.94,11.04,3.49,18.99,-144.14,2.4,1996630852.0,1996630852.0,0.0,0.0,-2.07,-16.47
5522,000020,深华发Ａ,12.37,-9.97,-1.37,148402.0,184128220.8,2.98,12.78,12.37,12.5,13.74,2.15,8.19,208.35,7.83,3502704378.0,2241015887.0,0.0,0.0,-0.88,-10.81
5523,603407,长裕集团,60.28,-9.98,-6.68,101523.0,624612431.0,9.01,66.3,60.27,66.3,66.96,1.06,28.27,110.22,11.93,24586718925.0,2164774878.0,0.02,-0.02,2.53,334.92
5524,603211,晋拓股份,23.25,-9.99,-2.58,88545.0,208780606.0,7.2,25.11,23.25,24.93,25.83,1.29,3.26,139.46,5.13,6319536000.0,6319536000.0,0.0,0.0,-15.33,3.47
5525,002346,柘中股份,23.67,-10.0,-2.63,212345.0,520509145.6,10.42,26.41,23.67,26.32,26.3,1.37,4.81,16.31,3.25,10452090097.0,10452090097.0,0.0,0.0,9.38,19.36
5526,002248,华东数控,10.08,-10.0,-1.12,637239.0,646182282.83,2.77,10.39,10.08,10.08,11.2,0.82,20.72,95.33,27.02,3099555648.0,3099555648.0,0.0,0.0,-5.71,-12.58
5527,600376,首开股份,3.51,-10.0,-0.39,1480460.0,526093870.0,5.64,3.73,3.51,3.66,3.9,0.86,5.74,-3.0,3.85,9054273999.0,9054273999.0,0.0,-0.28,-25.32,-46.9
5528,002896,中大力德,68.76,-10.0,-7.64,161517.0,1124886219.83,5.55,73.0,68.76,71.31,76.4,1.1,8.22,305.39,11.44,13512898789.0,13512898789.0,0.0,0.0,-20.04,-22.95
5529,600367,红星发展,35.89,-10.01,-3.99,647990.0,2358218630.0,6.67,38.55,35.89,38.5,39.88,1.35,20.13,106.83,4.93,12243188073.0,11555617502.0,0.0,0.0,18.88,105.56
5530,003032,传智教育,11.95,-10.02,-1.33,765379.0,920939985.14,3.99,12.48,11.95,11.95,13.28,0.89,26.9,824.66,4.11,4809247625.0,3399555216.0,0.0,0.0,66.2,87.6
5531,603330,天洋新材,9.06,-10.03,-1.01,1006993.0,919480224.0,4.87,9.55,9.06,9.35,10.07,1.53,24.76,290.7,3.01,3920023260.0,3684821864.0,0.0,0.0,32.07,25.14
5532,301106,骏成科技,22.54,-11.33,-2.88,170371.0,399673824.72,12.9,25.28,22.0,23.0,25.42,2.54,11.92,99.65,2.55,3222335733.0,3222335733.0,0.18,-0.09,-5.29,7.28
5533,300069,金利华电,30.71,-11.4,-3.95,315038.0,971388427.48,11.43,33.58,29.62,32.76,34.66,3.44,26.93,295.52,13.17,3593070000.0,3593070000.0,0.95,1.32,-43.12,78.03
5534,300465,高伟达,12.25,-12.25,-1.71,416560.0,525989879.22,7.52,13.28,12.23,13.17,13.96,1.29,9.39,295.78,7.85,5435929623.0,5435929623.0,0.0,-0.08,-17.01,-39.15
5535,301232,飞沃科技,102.16,-13.01,-15.28,115641.0,1185792455.17,12.45,112.22,97.6,109.29,117.44,1.82,18.47,596.24,7.59,10756063221.0,6394534695.0,-0.08,-0.09,-26.8,-15.14
5536,688615,合合信息,96.79,-13.15,-14.66,114931.0,1147328772.0,10.5,108.0,96.3,107.85,111.45,1.62,8.49,38.45,6.39,18970840000.0,13099398122.0,0.04,-0.01,-25.74,-40.02
5537,301005,超捷股份,71.92,-14.23,-11.93,232159.0,1735488936.74,12.87,82.1,71.31,80.5,83.85,1.51,12.61,237.52,17.44,13518472647.0,13243068312.0,0.01,0.57,-33.08,-35.13
5538,300591,万里马,6.66,-14.83,-1.16,615599.0,428532198.5,18.93,8.01,6.53,7.98,7.82,1.64,17.57,239.77,15.8,2701787355.0,2333962548.0,-0.3,-0.3,-16.33,-32.86
5539,300246,宝莱特,15.71,-15.45,-2.87,353664.0,574447813.53,16.42,18.58,15.53,18.58,18.58,1.68,16.72,-141.99,3.86,4156968649.0,3322507790.0,0.26,0.45,-13.92,93.95
5540,688836,C宇树-W,687.0,-18.7,-158.0,126295.0,9071869080.0,12.42,790.0,685.01,790.0,845.0,0.49,41.98,507.06,31.59,277867001580.0,20670263640.0,0.0,-0.21,355.57,355.57
5541,920059,双英集团,17.33,-29.98,-7.42,182992.0,330126533.45,10.22,19.86,17.33,18.0,24.75,0.59,56.62,36.85,2.28,2635654539.0,560076590.0,0.0,0.0,55.71,55.71
5542,920680,广道退,,,,,,,,,,0.86,,0.0,,,,,,,0.0,0.0
5543,920305,云创退,,,,,,,,,,0.4,,0.0,,,,,,,-88.8,-96.04
5544,920288,华大海天,,,,,,,,,,12.57,,0.0,,,,,,,0.0,0.0
5545,920093,信胜科技,,,,,,,,,,14.35,,0.0,,,,,,,0.0,0.0
5546,920071,金钛股份,,,,,,,,,,9.72,,0.0,,,,,,,0.0,0.0
5547,833994,翰博高新,,,,,,,,,,32.9,,0.0,,,,,,,0.0,0.0
5548,833874,泰祥股份,,,,,,,,,,20.13,,0.0,,,,,,,2.55,2.55
5549,832317,观典防务,,,,,,,,,,21.88,,0.0,,,,,,,0.0,0.0
5550,810014,莱特定转,,,,,,,,,,100.0,,0.0,,,,200000000.0,,,0.0,-0.83
5551,810013,万通定转,,,,,,,,,,100.0,,0.0,,,,150000000.0,,,,
5552,810011,优机定转,,,,,,,,,,99.8,,0.0,,,,119760000.0,,,-0.2,-0.7
5553,688835,高凯技术,,,,,,,,,,61.36,,0.0,28.89,7.24,6132975443.0,1152511688.0,,,0.0,0.0
5554,688555,退市泽达,,,,,,,,,,1.12,,0.0,,,,,,,0.0,0.0
5555,688287,退市观典,,,,,,,,,,0.37,,0.0,,,,,,,0.0,-93.97
5556,688086,退市紫晶,,,,,,,,,,0.64,,0.0,,,,,,,0.0,0.0
5557,605081,退市太和,,,,,,,,,,0.4,,0.0,,,,,,,-92.05,-96.27
5558,603996,退市中新,,,,,,,,,,0.39,,0.0,,,,,,,0.0,0.0
5559,603963,*ST大药,,,,,,,,,,1.18,,0.0,,,,,,,0.0,0.0
5560,603603,退市博天,,,,,,,,,,0.39,,0.0,,,,,,,0.0,0.0
5561,603555,ST贵人,,,,,,,,,,0.67,,0.0,,,,,,,0.0,0.0
5562,603448,天博智能,,,,,,,,,,,,0.0,,,,,,,,
5563,603388,*ST元成,,,,,,,,,,0.58,,0.0,,,,,,,0.0,0.0
5564,603157,退市拉夏,,,,,,,,,,0.59,,0.0,,,,,,,0.0,0.0
5565,603133,退市碳元,,,,,,,,,,0.29,,0.0,,,,,,,0.0,0.0
5566,603056,德邦股份,,,,,,,,,,18.85,,0.0,,,,,,,0.0,37.89
5567,603003,退市龙宇,,,,,,,,,,2.44,,0.0,,,,,,,0.0,0.0
5568,601989,中国重工,,,,,,,,,,5.1,,0.0,,,,,,,0.0,0.0
5569,601558,退市锐电,,,,,,,,,,0.25,,0.0,,,,,,,0.0,0.0
5570,601299,中国北车,,,,,,,,,,29.98,,0.0,,,,,,,0.0,0.0
5571,601268,*ST二重,,,,,,,,,,2.35,,0.0,,,,,,,0.0,0.0
5572,601258,*ST庞大,,,,,,,,,,0.4,,0.0,,,,,,,0.0,0.0
5573,601123,马矿股份,,,,,,,,,,6.65,,0.0,8.82,1.77,7388888888.0,,,,0.0,0.0
5574,601028,玉龙股份,,,,,,,,,,12.83,,0.0,,,,,,,0.0,0.0
5575,600991,广汽长丰,,,,,,,,,,17.82,,0.0,,,,,,,0.0,0.0
5576,600984,建设机械,,,,,,,,,,4.49,,0.0,-5.06,3.16,5644127223.0,5644127223.0,,,-6.26,9.78
5577,600978,*ST宜生,,,,,,,,,,0.52,,0.0,,,,,,,0.0,0.0
5578,600899,*ST信联,,,,,,,,,,1.13,,0.0,,,,,,,0.0,0.0
5579,600898,*ST美讯,,,,,,,,,,0.74,,0.0,,,,,,,0.0,0.0
5580,600896,退市海医,,,,,,,,,,1.12,,0.0,,,,,,,0.0,0.0
5581,600891,退市秋林,,,,,,,,,,0.38,,0.0,,,,,,,0.0,0.0
5582,600890,退市中房,,,,,,,,,,0.36,,0.0,,,,,,,0.0,0.0
5583,600878,*ST北科,,,,,,,,,,2.64,,0.0,,,,,,,0.0,0.0
5584,600870,退市厦华,,,,,,,,,,0.6,,0.0,,,,,,,0.0,0.0
5585,600856,退市中天,,,,,,,,,,0.27,,0.0,,,,,,,0.0,0.0
5586,600852,*ST中川,,,,,,,,,,0.72,,0.0,,,,,,,0.0,0.0
5587,600849,上药转换,,,,,,,,,,14.73,,0.0,,,,,,,0.0,0.0
5588,600842,中西药业,,,,,,,,,,13.96,,0.0,,,,,,,0.0,0.0
5589,600840,新湖创业,,,,,,,,,,23.8,,0.0,,,,,,,0.0,0.0
5590,600837,海通证券,,,,,,,,,,10.41,,0.0,,,,,,,0.0,0.0
5591,600836,*ST易连,,,,,,,,,,0.45,,0.0,,,,,,,0.0,0.0
5592,600832,东方明珠,,,,,,,,,,23.18,,0.0,,,,,,,0.0,0.0
5593,600823,*ST世茂,,,,,,,,,,0.43,,0.0,,,,,,,0.0,0.0
5594,600813,ST鞍一工,,,,,,,,,,3.83,,0.0,,,,,,,0.0,0.0
5595,600811,*ST东方,,,,,,,,,,0.36,,0.0,,,,,,,0.0,0.0
5596,600806,退市昆机,,,,,,,,,,1.47,,0.0,,,,,,,0.0,0.0
5597,600804,退市鹏博,,,,,,,,,,0.14,,0.0,,,,,,,0.0,0.0
5598,600799,*ST龙科,,,,,,,,,,0.54,,0.0,,,,,,,0.0,0.0
5599,600788,*ST达曼,,,,,,,,,,0.91,,0.0,,,,,,,0.0,0.0
5600,600786,东方锅炉,,,,,,,,,,82.2,,0.0,,,,,,,0.0,0.0
5601,600781,退市辅仁,,,,,,,,,,0.77,,0.0,,,,,,,0.0,0.0
5602,600772,S*ST龙昌,,,,,,,,,,1.3,,0.0,,,,,,,0.0,0.0
5603,600767,退市运盛,,,,,,,,,,0.42,,0.0,,,,,,,0.0,0.0
5604,600766,退市园城,,,,,,,,,,0.42,,0.0,,,,,,,0.0,0.0
5605,600762,S*ST金荔,,,,,,,,,,0.77,,0.0,,,,,,,0.0,0.0
5606,600752,*ST哈慈,,,,,,,,,,0.84,,0.0,,,,,,,0.0,0.0
5607,600747,退市大控,,,,,,,,,,0.26,,0.0,,,,,,,0.0,0.0
5608,600723,首商股份,,,,,,,,,,8.93,,0.0,,,,,,,0.0,0.0
5609,600709,ST生态,,,,,,,,,,3.02,,0.0,,,,,,,0.0,0.0
5610,600705,中航产融,,,,,,,,,,3.47,,0.0,,,,,,,0.0,0.0
5611,600701,退市工新,,,,,,,,,,0.45,,0.0,,,,,,,0.0,0.0
5612,600700,*ST数码,,,,,,,,,,0.64,,0.0,,,,,,,0.0,0.0
5613,600696,退市岩石,,,,,,,,,,0.74,,0.0,,,,,,,-43.51,-74.48
5614,600695,退市绿庭,,,,,,,,,,0.51,,0.0,,,,,,,0.0,0.0
5615,600687,退市刚泰,,,,,,,,,,0.3,,0.0,,,,,,,0.0,0.0
5616,600680,*ST上普,,,,,,,,,,7.69,,0.0,,,,,,,0.0,0.0
5617,600677,*ST航通,,,,,,,,,,3.01,,0.0,,,,,,,0.0,0.0
5618,600672,*ST华圣,,,,,,,,,,0.7,,0.0,,,,,,,0.0,0.0
5619,600670,*ST斯达,,,,,,,,,,2.87,,0.0,,,,,,,0.0,0.0
5620,600669,*ST鞍成,,,,,,,,,,2.19,,0.0,,,,,,,0.0,0.0
5621,600659,*ST花雕,,,,,,,,,,1.41,,0.0,,,,,,,0.0,0.0
5622,600656,退市博元,,,,,,,,,,4.49,,0.0,,,,,,,0.0,0.0
5623,600652,退市游久,,,,,,,,,,1.19,,0.0,,,,,,,0.0,0.0
5624,600647,退市同达,,,,,,,,,,1.52,,0.0,,,,,,,0.0,0.0
5625,600646,ST国嘉,,,,,,,,,,5.82,,0.0,,,,,,,0.0,0.0
5626,600636,退市国化,,,,,,,,,,1.71,,0.0,,,,,,,-62.08,-80.32
5627,600634,退市富控,,,,,,,,,,0.28,,0.0,,,,,,,0.0,0.0
5628,600632,华联商厦,,,,,,,,,,9.53,,0.0,,,,,,,0.0,0.0
5629,600631,百联股份,,,,,,,,,,15.68,,0.0,,,,,,,0.0,0.0
5630,600627,上电股份,,,,,,,,,,28.73,,0.0,,,,,,,0.0,0.0
5631,600625,PT水仙,,,,,,,,,,4.8,,0.0,,,,,,,0.0,0.0
5632,600614,退市鹏起,,,,,,,,,,0.26,,0.0,,,,,,,0.0,0.0
5633,600608,退市沪科,,,,,,,,,,0.17,,0.0,,,,,,,-91.79,-94.97
5634,600607,上实医药,,,,,,,,,,23.52,,0.0,,,,,,,0.0,0.0
5635,600599,退市熊猫,,,,,,,,,,0.43,,0.0,,,,,,,-89.11,-95.67
5636,600591,*ST上航,,,,,,,,,,7.27,,0.0,,,,,,,0.0,0.0
5637,600565,ST迪马,,,,,,,,,,0.85,,0.0,,,,,,,0.0,0.0
5638,600555,退市海创,,,,,,,,,,0.26,,0.0,,,,,,,0.0,0.0
5639,600553,太行水泥,,,,,,,,,,14.98,,0.0,,,,,,,0.0,0.0
5640,600532,退市未来,,,,,,,,,,0.72,,0.0,,,,,,,0.0,0.0
5641,600485,*ST信威,,,,,,,,,,1.39,,0.0,,,,,,,0.0,0.0
5642,600472,包头铝业,,,,,,,,,,51.82,,0.0,,,,,,,0.0,0.0
5643,600466,*ST蓝光,,,,,,,,,,0.4,,0.0,,,,,,,0.0,0.0
5644,600462,退市九有,,,,,,,,,,0.21,,0.0,,,,,,,0.0,0.0
5645,600432,退市吉恩,,,,,,,,,,1.38,,0.0,,,,,,,0.0,0.0
5646,600421,退市华嵘,,,,,,,,,,0.24,,0.0,,,,,,,-94.12,-96.56
5647,600401,退市海润,,,,,,,,,,0.15,,0.0,,,,,,,0.0,0.0
5648,600393,ST粤泰,,,,,,,,,,0.37,,0.0,,,,,,,0.0,0.0
5649,600387,退市海越,,,,,,,,,,0.94,,0.0,,,,,,,0.0,0.0
5650,600385,退市金泰,,,,,,,,,,1.2,,0.0,,,,,,,0.0,0.0
5651,600357,承德钒钛,,,,,,,,,,7.4,,0.0,,,,,,,0.0,0.0
5652,600355,*ST精伦,,,,,,,,,,0.58,,0.0,,,,,,,0.0,-74.11
5653,600321,正源股份,,,,,,,,,,0.5,,0.0,,,,,,,0.0,0.0
5654,600317,营口港,,,,,,,,,,2.6,,0.0,,,,,,,0.0,0.0
5655,600311,*ST荣华,,,,,,,,,,0.61,,0.0,,,,,,,0.0,0.0
5656,600306,退市商城,,,,,,,,,,0.29,,0.0,,,,,,,0.0,0.0
5657,600297,广汇汽车,,,,,,,,,,0.78,,0.0,,,,,,,0.0,0.0
5658,600296,S兰铝,,,,,,,,,,14.61,,0.0,,,,,,,0.0,0.0
5659,600291,退市西水,,,,,,,,,,0.89,,0.0,,,,,,,0.0,0.0
5660,600290,*ST华仪,,,,,,,,,,0.37,,0.0,,,,,,,0.0,0.0
5661,600286,S*ST国瓷,,,,,,,,,,0.67,,0.0,,,,,,,0.0,0.0
5662,600277,ST亿利,,,,,,,,,,0.38,,0.0,,,,,,,0.0,0.0
5663,600275,退市昌鱼,,,,,,,,,,0.41,,0.0,,,,,,,0.0,0.0
5664,600270,外运发展,,,,,,,,,,20.99,,0.0,,,,,,,0.0,0.0
5665,600263,路桥建设,,,,,,,,,,16.43,,0.0,,,,,,,0.0,0.0
5666,600260,*ST凯乐,,,,,,,,,,0.47,,0.0,,,,,,,0.0,0.0
5667,600253,天方药业,,,,,,,,,,6.26,,0.0,,,,,,,0.0,0.0
5668,600247,*ST成城,,,,,,,,,,0.65,,0.0,,,,,,,0.0,0.0
5669,600242,退市中昌,,,,,,,,,,0.25,,0.0,,,,,,,0.0,0.0
5670,600240,退市华业,,,,,,,,,,0.41,,0.0,,,,,,,0.0,0.0
5671,600225,退市卓朗,,,,,,,,,,0.29,,0.0,,,,,,,0.0,0.0
5672,600220,ST阳光,,,,,,,,,,0.37,,0.0,,,,,,,0.0,0.0
5673,600213,*ST亚星,,,,,,,,,,6.36,,0.0,,,,,,,0.0,0.0
5674,600209,退市罗顿,,,,,,,,,,1.18,,0.0,,,,,,,0.0,0.0
5675,600205,S山东铝,,,,,,,,,,25.41,,0.0,,,,,,,0.0,0.0
5676,600200,退市苏吴,,,,,,,,,,0.29,,0.0,,,,,,,0.0,0.0
5677,600193,退市创兴,,,,,,,,,,0.16,,0.0,,,,,,,-92.63,-95.82
5678,600190,退市锦港,,,,,,,,,,0.63,,0.0,,,,,,,0.0,0.0
5679,600181,S*ST云大,,,,,,,,,,1.02,,0.0,,,,,,,0.0,0.0
5680,600175,退市美都,,,,,,,,,,0.21,,0.0,,,,,,,0.0,0.0
5681,600146,退市环球,,,,,,,,,,0.22,,0.0,,,,,,,0.0,0.0
5682,600145,退市新亿,,,,,,,,,,0.34,,0.0,,,,,,,0.0,0.0
5683,600139,*ST西源,,,,,,,,,,0.74,,0.0,,,,,,,0.0,0.0
5684,600122,*ST宏图,,,,,,,,,,0.38,,0.0,,,,,,,0.0,0.0
5685,600112,*ST天成,,,,,,,,,,0.73,,0.0,,,,,,,0.0,0.0
5686,600102,莱钢股份,,,,,,,,,,7.13,,0.0,,,,,,,0.0,0.0
5687,600093,退市易见,,,,,,,,,,0.5,,0.0,,,,,,,0.0,0.0
5688,600092,S*ST精密,,,,,,,,,,0.96,,0.0,,,,,,,0.0,0.0
5689,600091,退市明科,,,,,,,,,,0.76,,0.0,,,,,,,0.0,0.0
5690,600090,退市济堂,,,,,,,,,,0.27,,0.0,,,,,,,0.0,0.0
5691,600087,退市长油,,,,,,,,,,0.83,,0.0,,,,,,,0.0,0.0
5692,600086,退市金钰,,,,,,,,,,0.16,,0.0,,,,,,,0.0,0.0
5693,600083,*ST博信,,,,,,,,,,0.92,,0.0,,,,,,,0.0,0.0
5694,600077,*ST宋都,,,,,,,,,,0.41,,0.0,,,,,,,0.0,0.0
5695,600074,退市保千,,,,,,,,,,0.17,,0.0,,,,,,,0.0,0.0
5696,600070,*ST富润,,,,,,,,,,0.42,,0.0,,,,,,,0.0,0.0
5697,600069,退市银鸽,,,,,,,,,,0.28,,0.0,,,,,,,0.0,0.0
5698,600068,葛洲坝,,,,,,,,,,9.93,,0.0,,,,,,,0.0,0.0
5699,600065,*ST联谊,,,,,,,,,,1.7,,0.0,,,,,,,0.0,0.0
5700,600005,武钢股份,,,,,,,,,,3.71,,0.0,,,,,,,0.0,0.0
5701,600003,ST东北高,,,,,,,,,,3.87,,0.0,,,,,,,0.0,0.0
5702,600002,齐鲁石化,,,,,,,,,,10.09,,0.0,,,,,,,0.0,0.0
5703,600001,邯郸钢铁,,,,,,,,,,5.29,,0.0,,,,,,,0.0,0.0
5704,301699,洛轴股份,,,,,,,,,,,,0.0,,,,,,,,
5705,301697,贝特利,,,,,,,,,,12.1,,0.0,12.55,2.54,2383700000.0,,,,0.0,0.0
5706,301689,电科思仪,,,,,,,,,,,,0.0,,,,,,,,
5707,301688,格林生物,,,,,,,,,,26.33,,0.0,13.36,3.09,2633000000.0,,,,0.0,0.0
5708,300862,蓝盾光电,,,,,,,,,,56.5,,0.0,-300.97,5.32,10430911463.0,8558111896.0,,,134.93,146.94
5709,300799,左江退,,,,,,,,,,1.08,,0.0,,,,,,,0.0,0.0
5710,300742,越博退,,,,,,,,,,0.18,,0.0,,,,,,,0.0,0.0
5711,300630,普利退,,,,,,,,,,0.89,,0.0,,,,,,,0.0,0.0
5712,300526,中潜退,,,,,,,,,,0.56,,0.0,,,,,,,0.0,0.0
5713,300495,*ST美尚,,,,,,,,,,0.13,,0.0,,,,,,,0.0,0.0
5714,300431,暴风退,,,,,,,,,,0.28,,0.0,,,,,,,0.0,0.0
5715,300392,腾信退,,,,,,,,,,0.21,,0.0,,,,,,,0.0,0.0
5716,300391,长药退,,,,,,,,,,0.19,,0.0,,,,,,,0.0,-78.16
5717,300379,东通退,,,,,,,,,,1.72,,0.0,,,,,,,0.0,38.71
5718,300372,欣泰退,,,,,,,,,,1.48,,0.0,,,,,,,0.0,0.0
5719,300367,网力退,,,,,,,,,,0.29,,0.0,,,,,,,0.0,0.0
5720,300362,天翔退,,,,,,,,,,1.34,,0.0,,,,,,,0.0,0.0
5721,300356,光一退,,,,,,,,,,1.69,,0.0,,,,,,,0.0,0.0
5722,300344,立方退,,,,,,,,,,0.25,,0.0,,,,,,,0.0,-75.49
5723,300336,新文退,,,,,,,,,,0.25,,0.0,,,,,,,0.0,0.0
5724,300330,计通退,,,,,,,,,,2.45,,0.0,,,,,,,0.0,0.0
5725,300325,德威退,,,,,,,,,,0.25,,0.0,,,,,,,0.0,0.0
5726,300312,邦讯退,,,,,,,,,,0.3,,0.0,,,,,,,0.0,0.0
5727,300309,吉艾退,,,,,,,,,,0.23,,0.0,,,,,,,0.0,0.0
5728,300297,蓝盾退,,,,,,,,,,0.23,,0.0,,,,,,,0.0,0.0
5729,300282,三盛退,,,,,,,,,,0.13,,0.0,,,,,,,0.0,0.0
5730,300280,紫天退,,,,,,,,,,0.33,,0.0,,,,,,,0.0,0.0
5731,300273,和佳退,,,,,,,,,,0.38,,0.0,,,,,,,0.0,0.0
5732,300262,*ST巴安,,,,,,,,,,0.68,,0.0,,,,,,,0.0,0.0
5733,300216,千山退,,,,,,,,,,0.19,,0.0,,,,,,,0.0,0.0
5734,300208,中程退,,,,,,,,,,0.28,,0.0,,,,,,,0.0,0.0
5735,300202,聚龙退,,,,,,,,,,0.5,,0.0,,,,,,,0.0,0.0
5736,300186,大华农,,,,,,,,,,45.72,,0.0,,,,,,,0.0,0.0
5737,300178,腾邦退,,,,,,,,,,0.2,,0.0,,,,,,,0.0,0.0
5738,300176,鸿特科技,,,,,,,,,,5.23,,0.0,68.28,2.08,2025478584.0,2025478584.0,,,-11.21,-21.35
5739,300156,神雾退,,,,,,,,,,0.12,,0.0,,,,,,,0.0,0.0
5740,300117,*ST嘉寓,,,,,,,,,,0.43,,0.0,,,,,,,0.0,0.0
5741,300116,*ST保力,,,,,,,,,,0.11,,0.0,,,,,,,0.0,0.0
5742,300108,*ST吉药,,,,,,,,,,0.21,,0.0,,,,,,,0.0,0.0
5743,300104,乐视退,,,,,,,,,,0.18,,0.0,,,,,,,0.0,0.0
5744,300090,盛运退,,,,,,,,,,0.12,,0.0,,,,,,,0.0,0.0
5745,300089,文化退,,,,,,,,,,0.19,,0.0,,,,,,,0.0,0.0
5746,300064,金刚退,,,,,,,,,,1.32,,0.0,,,,,,,0.0,0.0
5747,300038,数知退,,,,,,,,,,0.3,,0.0,,,,,,,0.0,0.0
5748,300029,天龙退,,,,,,,,,,0.12,,0.0,,,,,,,-95.67,-97.33
5749,300028,金亚退,,,,,,,,,,0.3,,0.0,,,,,,,0.0,0.0
5750,300023,宝德退,,,,,,,,,,1.09,,0.0,,,,,,,0.0,0.0
5751,002906,华阳集团,,,,,,,,,,25.66,,0.0,16.78,1.89,13469422592.0,13463836205.0,,,-18.49,-14.69
5752,002898,赛隆退,,,,,,,,,,0.37,,0.0,,,,,,,-95.54,-97.28
5753,002808,恒久退,,,,,,,,,,0.22,,0.0,,,,,,,-92.23,-95.62
5754,002781,奇信退,,,,,,,,,,0.42,,0.0,,,,,,,0.0,0.0
5755,002776,*ST柏龙,,,,,,,,,,0.4,,0.0,,,,,,,0.0,0.0
5756,002770,科迪退,,,,,,,,,,0.6,,0.0,,,,,,,0.0,0.0
5757,002751,易尚退,,,,,,,,,,0.86,,0.0,,,,,,,0.0,0.0
5758,002750,龙津退,,,,,,,,,,0.59,,0.0,,,,,,,0.0,0.0
5759,002740,*ST爱迪,,,,,,,,,,0.38,,0.0,,,,,,,0.0,0.0
5760,002711,欧浦退,,,,,,,,,,0.32,,0.0,,,,,,,0.0,0.0
5761,002699,*ST美盛,,,,,,,,,,0.41,,0.0,,,,,,,0.0,0.0
5762,002684,猛狮退,,,,,,,,,,0.69,,0.0,,,,,,,0.0,0.0
5763,002680,长生退,,,,,,,,,,0.77,,0.0,,,,,,,0.0,0.0
5764,002665,ST航高,,,,,,,,,,0.37,,0.0,,,,,,,0.0,0.0
5765,002621,*ST美吉,,,,,,,,,,0.37,,0.0,,,,,,,0.0,0.0
5766,002619,*ST艾格,,,,,,,,,,0.56,,0.0,,,,,,,0.0,0.0
5767,002618,丹邦退,,,,,,,,,,1.26,,0.0,,,,,,,0.0,0.0
5768,002610,ST爱康,,,,,,,,,,0.37,,0.0,,,,,,,0.0,0.0
5769,002604,龙力退,,,,,,,,,,0.25,,0.0,,,,,,,0.0,0.0
5770,002509,天茂退,,,,,,,,,,0.15,,0.0,,,,,,,0.0,0.0
5771,002505,鹏都农牧,,,,,,,,,,0.36,,0.0,,,,,,,0.0,0.0
5772,002504,*ST弘高,,,,,,,,,,0.38,,0.0,,,,,,,0.0,0.0
5773,002503,*ST搜特,,,,,,,,,,0.42,,0.0,,,,,,,0.0,0.0
5774,002502,ST鼎龙,,,,,,,,,,0.64,,0.0,,,,,,,0.0,0.0
5775,002499,科林退,,,,,,,,,,0.86,,0.0,,,,,,,0.0,0.0
5776,002477,雏鹰退,,,,,,,,,,0.17,,0.0,,,,,,,0.0,0.0
5777,002473,圣莱退,,,,,,,,,,0.79,,0.0,,,,,,,0.0,0.0
5778,002464,众应退,,,,,,,,,,0.26,,0.0,,,,,,,0.0,0.0
5779,002450,康得退,,,,,,,,,,0.2,,0.0,,,,,,,0.0,0.0
5780,002447,晨鑫退,,,,,,,,,,0.19,,0.0,,,,,,,0.0,0.0
5781,002445,中南文化,,,,,,,,,,3.06,,0.0,118.88,3.18,7272419045.0,7240737922.0,,,-12.32,17.69
5782,002435,ST长康,,,,,,,,,,0.37,,0.0,,,,,,,0.0,0.0
5783,002433,太安退,,,,,,,,,,0.27,,0.0,,,,,,,0.0,0.0
5784,002417,深南退,,,,,,,,,,0.45,,0.0,,,,,,,0.0,0.0
5785,002411,必康退,,,,,,,,,,0.62,,0.0,,,,,,,0.0,0.0
5786,002359,北讯退,,,,,,,,,,0.35,,0.0,,,,,,,0.0,0.0
5787,002341,ST新纶,,,,,,,,,,0.61,,0.0,,,,,,,0.0,0.0
5788,002336,人乐退,,,,,,,,,,0.36,,0.0,,,,,,,0.0,0.0
5789,002325,*ST洪涛,,,,,,,,,,0.38,,0.0,,,,,,,0.0,0.0
5790,002308,*ST威创,,,,,,,,,,0.37,,0.0,,,,,,,0.0,0.0
5791,002288,*ST超华,,,,,,,,,,0.37,,0.0,,,,,,,0.0,0.0
5792,002280,ST联络,,,,,,,,,,0.37,,0.0,,,,,,,0.0,0.0
5793,002260,德奥退,,,,,,,,,,0.53,,0.0,,,,,,,0.0,0.0
5794,002231,*ST奥维,,,,,,,,,,0.6,,0.0,,,,,,,0.0,-57.14
5795,002220,天宝退,,,,,,,,,,0.26,,0.0,,,,,,,0.0,0.0
5796,002155,湖南黄金,,,,,,,,,,24.56,,0.0,16.11,4.66,38378716321.0,38375267876.0,,,-0.04,18.13
5797,002147,新光退,,,,,,,,,,0.37,,0.0,,,,,,,0.0,0.0
5798,002143,印纪退,,,,,,,,,,0.25,,0.0,,,,,,,0.0,0.0
5799,002118,*ST紫鑫,,,,,,,,,,0.37,,0.0,,,,,,,0.0,0.0
5800,002113,*ST天润,,,,,,,,,,0.41,,0.0,,,,,,,0.0,0.0
5801,002089,新海退,,,,,,,,,,0.24,,0.0,,,,,,,0.0,0.0
5802,002087,新纺退,,,,,,,,,,0.16,,0.0,,,,,,,0.0,0.0
5803,002084,海鸥住工,,,,,,,,,,3.59,,0.0,-25.76,1.79,2319341184.0,2313903166.0,,,7.81,-7.47
5804,002071,长城退,,,,,,,,,,0.31,,0.0,,,,,,,0.0,0.0
5805,002070,众和退,,,,,,,,,,0.71,,0.0,,,,,,,0.0,0.0
5806,002018,华信退,,,,,,,,,,0.26,,0.0,,,,,,,0.0,0.0
5807,002013,中航机电,,,,,,,,,,10.78,,0.0,,,,,,,0.0,0.0
5808,002002,ST鸿达,,,,,,,,,,0.58,,0.0,,,,,,,0.0,0.0
5809,000996,中期退,,,,,,,,,,0.38,,0.0,,,,,,,0.0,0.0
5810,000982,中银绒业,,,,,,,,,,0.18,,0.0,,,,,,,0.0,0.0
5811,000979,中弘退,,,,,,,,,,0.22,,0.0,,,,,,,0.0,0.0
5812,000976,*ST华铁,,,,,,,,,,0.41,,0.0,,,,,,,0.0,0.0
5813,000971,*ST高升,,,,,,,,,,0.55,,0.0,,,,,,,0.0,0.0
5814,000961,ST中南,,,,,,,,,,0.56,,0.0,,,,,,,0.0,0.0
5815,000956,中原油气,,,,,,,,,,11.91,,0.0,,,,,,,0.0,0.0
5816,000939,凯迪退,,,,,,,,,,0.15,,0.0,,,,,,,0.0,0.0
5817,000918,*ST嘉凯,,,,,,,,,,0.49,,0.0,,,,,,,0.0,0.0
5818,000916,华北高速,,,,,,,,,,8.82,,0.0,,,,,,,0.0,0.0
5819,000866,扬子石化,,,,,,,,,,13.84,,0.0,,,,,,,0.0,0.0
5820,000861,海印股份,,,,,,,,,,0.62,,0.0,,,,,,,0.0,0.0
5821,000851,*ST高鸿,,,,,,,,,,0.38,,0.0,,,,,,,0.0,0.0
5822,000836,ST富通,,,,,,,,,,0.37,,0.0,,,,,,,0.0,0.0
5823,000835,长动退,,,,,,,,,,0.35,,0.0,,,,,,,0.0,0.0
5824,000832,*ST龙涤,,,,,,,,,,1.45,,0.0,,,,,,,0.0,0.0
5825,000827,*ST长兴,,,,,,,,,,1.16,,0.0,,,,,,,0.0,0.0
5826,000817,辽河油田,,,,,,,,,,8.75,,0.0,,,,,,,0.0,0.0
5827,000806,银河退,,,,,,,,,,0.43,,0.0,,,,,,,0.0,0.0
5828,000805,*ST炎黄,,,,,,,,,,1.88,,0.0,,,,,,,0.0,0.0
5829,000787,*ST创智,,,,,,,,,,4.68,,0.0,,,,,,,0.0,0.0
5830,000780,ST平能,,,,,,,,,,10.95,,0.0,,,,,,,0.0,0.0
5831,000769,*ST大菲,,,,,,,,,,0.9,,0.0,,,,,,,0.0,0.0
5832,000765,*ST华信,,,,,,,,,,2.36,,0.0,,,,,,,0.0,0.0
5833,000763,锦州石化,,,,,,,,,,4.22,,0.0,,,,,,,0.0,0.0
5834,000760,斯太退,,,,,,,,,,0.26,,0.0,,,,,,,0.0,0.0
5835,000748,长城信息,,,,,,,,,,20.31,,0.0,,,,,,,0.0,0.0
5836,000732,ST泰禾,,,,,,,,,,0.43,,0.0,,,,,,,0.0,0.0
5837,000730,*ST环保,,,,,,,,,,2.6,,0.0,,,,,,,0.0,0.0
5838,000699,S*ST佳纸,,,,,,,,,,0.81,,0.0,,,,,,,0.0,0.0
5839,000693,华泽退,,,,,,,,,,0.37,,0.0,,,,,,,0.0,0.0
5840,000689,ST宏业,,,,,,,,,,4.88,,0.0,,,,,,,0.0,0.0
5841,000687,华讯退,,,,,,,,,,0.29,,0.0,,,,,,,0.0,0.0
5842,000675,ST银山,,,,,,,,,,7.94,,0.0,,,,,,,0.0,0.0
5843,000673,当代退,,,,,,,,,,0.25,,0.0,,,,,,,0.0,0.0
5844,000671,ST阳光城,,,,,,,,,,0.37,,0.0,,,,,,,0.0,0.0
5845,000667,ST美置,,,,,,,,,,0.58,,0.0,,,,,,,0.0,0.0
5846,000666,经纬纺机,,,,,,,,,,8.97,,0.0,,,,,,,0.0,0.0
5847,000662,天夏退,,,,,,,,,,0.25,,0.0,,,,,,,0.0,0.0
5848,000660,*ST南华,,,,,,,,,,2.38,,0.0,,,,,,,0.0,0.0
5849,000658,ST海洋,,,,,,,,,,4.24,,0.0,,,,,,,0.0,0.0
5850,000653,ST九州,,,,,,,,,,2.51,,0.0,,,,,,,0.0,0.0
5851,000638,*ST万方,,,,,,,,,,0.89,,0.0,,,,,,,0.0,-80.98
5852,000627,*ST天茂,,,,,,,,,,1.58,,0.0,,,,,,,0.0,0.0
5853,000622,恒立退,,,,,,,,,,0.15,,0.0,,,,,,,0.0,0.0
5854,000621,*ST比特,,,,,,,,,,2.66,,0.0,,,,,,,0.0,0.0
5855,000618,吉林化工,,,,,,,,,,5.24,,0.0,,,,,,,0.0,0.0
5856,000616,*ST海投,,,,,,,,,,0.85,,0.0,,,,,,,0.0,0.0
5857,000613,东海A退,,,,,,,,,,0.58,,0.0,,,,,,,0.0,0.0
5858,000611,天首退,,,,,,,,,,1.39,,0.0,,,,,,,0.0,0.0
5859,000606,顺利退,,,,,,,,,,0.28,,0.0,,,,,,,0.0,0.0
5860,000602,金马集团,,,,,,,,,,13.41,,0.0,,,,,,,0.0,0.0
5861,000594,国恒退,,,,,,,,,,1.29,,0.0,,,,,,,0.0,0.0
5862,000588,PT粤金曼,,,,,,,,,,4.37,,0.0,,,,,,,0.0,0.0
5863,000587,*ST金洲,,,,,,,,,,0.72,,0.0,,,,,,,0.0,0.0
5864,000585,东电退,,,,,,,,,,0.35,,0.0,,,,,,,0.0,0.0
5865,000584,工智退,,,,,,,,,,0.29,,0.0,,,,,,,0.0,0.0
5866,000583,S*ST托普,,,,,,,,,,0.76,,0.0,,,,,,,0.0,0.0
5867,000578,盐湖集团,,,,,,,,,,24.44,,0.0,,,,,,,0.0,0.0
5868,000569,长城股份,,,,,,,,,,7.05,,0.0,,,,,,,0.0,0.0
5869,000562,宏源证券,,,,,,,,,,30.5,,0.0,,,,,,,0.0,0.0
5870,000556,PT南洋,,,,,,,,,,1.5,,0.0,,,,,,,0.0,0.0
5871,000549,S湘火炬,,,,,,,,,,8.9,,0.0,,,,,,,0.0,0.0
5872,000542,TCL通讯,,,,,,,,,,27.34,,0.0,,,,,,,0.0,0.0
5873,000540,*ST中天,,,,,,,,,,0.4,,0.0,,,,,,,0.0,0.0
5874,000535,*ST猴王,,,,,,,,,,0.5,,0.0,,,,,,,0.0,0.0
5875,000527,美的电器,,,,,,,,,,14.02,,0.0,,,,,,,0.0,0.0
5876,000522,白云山A,,,,,,,,,,23.27,,0.0,,,,,,,0.0,0.0
5877,000515,攀渝钛业,,,,,,,,,,15.29,,0.0,,,,,,,0.0,0.0
5878,000511,烯碳退,,,,,,,,,,0.61,,0.0,,,,,,,0.0,0.0
5879,000508,琼民源A,,,,,,,,,,,,0.0,,,,,,,,
5880,000502,绿景退,,,,,,,,,,0.59,,0.0,,,,,,,0.0,0.0
5881,000418,小天鹅A,,,,,,,,,,57.39,,0.0,,,,,,,0.0,0.0
5882,000416,*ST民控,,,,,,,,,,0.45,,0.0,,,,,,,0.0,0.0
5883,000413,ST旭电,,,,,,,,,,0.37,,0.0,,,,,,,0.0,0.0
5884,000412,ST五环,,,,,,,,,,2.89,,0.0,,,,,,,0.0,0.0
5885,000406,石油大明,,,,,,,,,,10.12,,0.0,,,,,,,0.0,0.0
5886,000405,ST鑫光,,,,,,,,,,2.86,,0.0,,,,,,,0.0,0.0
5887,000150,*ST宜康,,,,,,,,,,0.51,,0.0,,,,,,,0.0,0.0
5888,000047,ST中侨,,,,,,,,,,8.03,,0.0,,,,,,,0.0,0.0
5889,000046,*ST泛海,,,,,,,,,,0.38,,0.0,,,,,,,0.0,0.0
5890,000040,*ST旭蓝,,,,,,,,,,0.49,,0.0,,,,,,,0.0,0.0
5891,000038,大通退,,,,,,,,,,0.52,,0.0,,,,,,,0.0,0.0
5892,000033,新都退,,,,,,,,,,1.7,,0.0,,,,,,,0.0,0.0
5893,000024,招商地产,,,,,,,,,,40.5,,0.0,,,,,,,0.0,0.0
5894,000023,*ST深天,,,,,,,,,,1.72,,0.0,,,,,,,0.0,0.0
5895,000018,神城A退,,,,,,,,,,0.27,,0.0,,,,,,,0.0,0.0
5896,000015,PT中浩A,,,,,,,,,,6.85,,0.0,,,,,,,0.0,0.0
5897,000013,*ST石化A,,,,,,,,,,2.47,,0.0,,,,,,,0.0,0.0
5898,000005,ST星源,,,,,,,,,,0.83,,0.0,,,,,,,0.0,0.0
5899,000004,国华退,,,,,,,,,,0.51,,0.0,,,,,,,-81.52,-95.4
5900,000003,PT金田A,,,,,,,,,,2.71,,0.0,,,,,,,0.0,0.0
