序号,代码,名称,最新价,涨跌幅,涨跌额,成交量,成交额,振幅,最高,最低,今开,昨收,量比,换手率,市盈率-动态,市净率,总市值,流通市值,涨速,5分钟涨跌,60日涨跌幅,年初至今涨跌幅
1,688835,N高凯,235.0,282.99,173.64,152106.0,3482428140.0,101.03,262.0,200.01,209.0,61.36,,80.98,110.63,10.52,23488416380.0,4413954475.0,0.05,0.42,282.99,282.99
2,300097,智云股份,10.54,20.05,1.76,467012.0,453799961.72,22.21,10.54,8.59,8.77,8.78,1.31,17.7,-46.47,13.36,3121807491.0,2780772585.0,0.0,0.0,14.94,45.58
3,300642,透景生命,16.2,20.0,2.7,112688.0,178732720.62,14.07,16.2,14.3,14.3,13.5,2.82,8.18,114.53,1.83,2628810304.0,2230830250.0,0.0,0.0,14.08,-11.43
4,688169,石头科技,135.0,20.0,22.5,193961.0,2557389040.0,8.89,135.0,125.0,125.0,112.5,2.98,7.47,17.76,2.41,35039400930.0,35039400930.0,0.0,0.0,25.63,-10.91
5,300922,天秦装备,20.53,19.99,3.42,172714.0,331482027.87,21.22,20.53,16.9,16.9,17.11,5.01,13.68,183.92,3.34,3302299361.0,2591422018.0,0.0,0.0,-14.71,-9.44
6,301130,西点药业,38.72,17.01,5.63,216506.0,803862250.2,22.0,39.71,32.43,32.99,33.09,1.45,36.69,80.62,3.4,2961874203.0,2285152179.0,0.05,-2.49,33.98,36.34
7,300542,新晨科技,13.95,16.74,2.0,472749.0,654005632.71,20.33,14.34,11.91,11.92,11.95,10.17,19.09,-59.96,7.81,4164910591.0,3453768677.0,0.0,0.14,4.49,-31.92
8,301018,申菱环境,104.2,16.16,14.5,347569.0,3381485060.66,22.98,107.46,86.85,88.0,89.7,2.13,12.29,344.45,14.42,39000115524.0,29470146076.0,0.2,0.2,9.95,130.58
9,300049,福瑞医科,43.94,15.78,5.99,197447.0,812507897.92,17.08,44.48,38.0,39.75,37.95,2.14,8.45,90.71,5.9,11599768934.0,10263954135.0,0.14,-0.23,-2.7,-37.46
10,300902,国安达,17.26,14.91,2.24,103384.0,169887865.2,16.98,17.37,14.82,14.87,15.02,2.34,8.28,-115.1,3.87,3137926149.0,2153969191.0,0.0,0.06,9.8,-17.14
11,300690,双一科技,23.36,14.57,2.97,170884.0,398370538.55,8.24,23.97,22.29,22.56,20.39,7.93,15.31,14.39,2.32,3862550748.0,2606514827.0,-0.04,-0.17,-7.59,-28.69
12,300112,万讯自控,10.69,14.09,1.32,577954.0,591339388.31,23.05,11.18,9.02,9.34,9.37,1.85,24.04,-1063.6,3.28,3108067588.0,2569712144.0,-0.09,-0.19,47.45,24.16
13,920176,维琪科技,60.78,13.63,7.29,33604.0,200845249.25,21.37,64.45,53.02,53.49,53.49,2.27,42.28,42.54,4.44,3575687400.0,483018660.0,-0.02,1.55,174.28,174.28
14,300990,同飞股份,83.16,13.56,9.93,135170.0,1063131997.84,17.7,84.25,71.29,71.77,73.23,2.14,17.38,59.55,6.75,14238371624.0,6466847587.0,-0.04,0.1,6.89,-7.24
15,301211,亨迪药业,13.34,13.53,1.59,442065.0,566643257.68,15.74,13.67,11.82,12.11,11.75,1.17,10.59,92.43,2.45,5570784000.0,5570735976.0,0.0,0.6,31.04,9.7
16,688203,海正生材,12.96,13.29,1.52,148804.0,189900426.0,14.34,13.64,12.0,12.8,11.44,3.54,7.34,62.77,1.76,2626707761.0,2626707761.0,0.31,-0.31,4.77,1.41
17,301606,绿联科技,55.1,12.56,6.15,85929.0,466130646.88,9.42,56.0,51.39,52.83,48.95,3.43,5.21,26.52,6.41,22861530311.0,9091433715.0,0.0,0.15,-22.72,-5.23
18,688373,盟科药业-U,5.89,12.4,0.65,410378.0,234073388.0,15.27,6.0,5.2,5.24,5.24,2.53,6.25,-45.04,21.24,3865185158.0,3865185158.0,0.0,0.0,23.22,-2.48
19,688143,长盈通,168.8,12.37,18.58,212348.0,3402276489.0,20.0,171.24,141.2,141.4,150.22,0.99,17.35,723.93,15.92,21738199378.0,20656803109.0,0.08,0.48,10.13,236.52
20,300591,万里马,7.26,11.69,0.76,338059.0,234258041.78,13.85,7.3,6.4,6.46,6.5,0.9,9.65,261.37,17.23,2945191621.0,2544229444.0,0.0,-0.14,-7.98,-26.81
21,688670,金迪克,16.66,10.99,1.65,60341.0,96698771.0,21.85,17.78,14.5,14.8,15.01,1.49,4.9,-20.09,1.96,2052512000.0,2052512000.0,-0.83,-0.6,-1.71,-17.65
22,920799,艾融软件,33.12,10.84,3.24,83610.0,269449353.14,13.35,33.59,29.6,29.87,29.88,1.55,6.96,462.37,17.68,6926895648.0,3976715784.0,0.0,0.21,8.48,-30.42
23,688137,近岸蛋白,83.52,10.64,8.03,75776.0,610220813.0,21.19,87.0,71.0,74.0,75.49,1.08,10.84,-137.67,2.89,5839505675.0,5839505675.0,-0.18,1.78,98.86,108.54
24,300607,拓斯达,36.73,10.23,3.41,616768.0,2203265424.2,11.85,37.6,33.65,34.56,33.32,1.5,17.87,83.99,5.92,17519196693.0,12678374534.0,0.0,0.0,19.95,11.61
25,301133,金钟股份,30.64,10.22,2.84,48202.0,142941111.63,14.14,31.0,27.07,27.55,27.8,1.5,4.34,138.66,2.71,3721737359.0,3405206090.0,-0.26,-0.03,-22.51,-20.02
26,300125,聆达股份,9.52,10.19,0.88,191320.0,177447778.52,13.66,9.73,8.55,8.63,8.64,2.7,5.3,-195.56,6.07,6338891876.0,3434914551.0,0.11,0.0,-10.19,24.77
27,000560,我爱我家,2.39,10.14,0.22,2848471.0,657564176.65,11.06,2.39,2.15,2.15,2.17,1.06,12.18,258.2,0.61,5629647034.0,5588862504.0,0.0,0.0,-14.03,-18.15
28,600103,青山纸业,3.15,10.14,0.29,1661321.0,513461546.0,11.19,3.15,2.83,2.86,2.86,2.43,7.51,87.73,1.77,7058604253.0,6968836498.0,0.0,0.0,-14.63,-24.64
29,002084,海鸥住工,4.35,10.13,0.4,25552.0,11115019.95,0.0,4.35,4.35,4.35,3.95,0.09,0.4,-35.16,2.21,2810343774.0,2804159823.0,0.0,0.0,26.09,12.11
30,002742,冀衡医药,4.68,10.12,0.43,483381.0,221288284.48,11.06,4.68,4.21,4.21,4.25,1.05,9.23,-79.49,21.6,3201597552.0,2451950856.0,0.0,0.0,8.84,3.54
31,002445,中南文化,3.71,10.09,0.34,56438.0,20938572.2,0.0,3.71,3.71,3.71,3.37,0.09,0.24,144.13,3.85,8817213940.0,8778803167.0,0.0,0.0,5.4,42.69
32,600053,*ST九鼎,7.76,10.07,0.71,42075.0,31431482.0,9.08,7.76,7.12,7.15,7.05,3.35,0.97,-19.08,1.55,3364276608.0,3364276608.0,0.0,0.0,-19.17,-60.95
33,002713,东易日盛,9.96,10.06,0.91,157511.0,149460356.05,12.04,9.96,8.87,8.95,9.05,1.07,2.99,-139.16,10.91,9475995633.0,5243948277.0,0.0,0.0,-15.09,10.91
34,603912,佳力图,9.08,10.06,0.83,413134.0,361157863.0,12.24,9.08,8.07,8.07,8.25,1.3,7.62,-60.79,2.85,4924322713.0,4924322713.0,0.0,0.0,1.11,5.95
35,002094,青岛金王,5.14,10.06,0.47,373528.0,185731182.54,11.13,5.14,4.62,4.68,4.67,2.81,5.41,114.02,2.41,3551213402.0,3548931242.0,0.0,0.0,-4.46,-32.81
36,002418,康盛股份,4.05,10.05,0.37,945555.0,374789460.86,11.96,4.05,3.61,3.63,3.68,1.37,8.32,238.06,3.16,4602420000.0,4602408004.0,0.0,0.0,-12.9,-15.09
37,600127,金健米业,9.31,10.05,0.85,2962935.0,2715416625.0,10.05,9.31,8.46,8.46,8.46,1.64,46.17,8534.52,8.9,5975001760.0,5975001760.0,0.0,0.0,47.08,38.54
38,000659,珠海中富,2.85,10.04,0.26,388655.0,105634481.3,10.81,2.85,2.57,2.58,2.59,1.42,3.02,-66.49,53.71,3664252182.0,3664252182.0,0.0,0.0,-28.21,-29.8
39,301086,鸿富瀚,128.61,10.04,11.73,57100.0,685723053.98,17.69,129.21,108.53,114.0,116.88,1.66,8.19,110.72,8.2,16187394762.0,8971944590.0,0.07,0.19,-17.93,61.61
40,000695,滨海能源,15.35,10.04,1.4,199645.0,299793126.35,11.54,15.35,13.74,13.86,13.95,1.76,9.0,-62.97,10.24,3557395334.0,3404800984.0,0.0,0.0,0.59,20.77
41,603637,镇海股份,14.03,10.04,1.28,119229.0,162502906.0,11.61,14.03,12.55,12.55,12.75,1.09,5.0,79.92,3.21,3348762854.0,3348762854.0,0.0,0.0,-36.37,30.27
42,603113,金能科技,5.48,10.04,0.5,355821.0,188585335.0,12.25,5.48,4.87,4.88,4.98,0.9,4.19,-3.95,0.62,4649728576.0,4649728576.0,0.0,0.0,2.81,-9.57
43,300420,五洋自控,8.56,10.03,0.78,1790597.0,1472042119.95,17.1,8.79,7.46,7.69,7.78,1.88,16.04,-1464.37,4.02,9556243282.0,9555340202.0,0.35,0.12,70.86,115.08
44,600371,万向德农,8.67,10.03,0.79,476091.0,406261427.0,12.06,8.67,7.72,7.72,7.88,1.3,16.27,91.9,4.88,2536651260.0,2536651260.0,0.0,0.0,11.44,0.58
45,002963,豪尔赛,20.32,10.02,1.85,109929.0,212936519.0,10.88,20.32,18.31,18.48,18.47,2.05,7.36,-53.96,2.63,3055313778.0,3034595648.0,0.0,0.0,19.81,36.56
46,003040,楚天龙,15.48,10.02,1.41,452915.0,678449062.11,11.8,15.48,13.82,15.21,14.07,1.65,9.91,-145.34,4.97,7138384847.0,7072041994.0,0.0,0.0,17.18,-25.11
47,600508,上海能源,10.87,10.02,0.99,390858.0,423240487.0,3.14,10.87,10.56,10.57,9.88,2.44,3.86,19.4,0.86,10998322524.0,10998322524.0,0.0,0.0,3.62,31.6
48,600984,建设机械,4.94,10.02,0.45,138308.0,68324152.0,0.0,4.94,4.94,4.94,4.49,0.37,1.1,-5.56,3.47,6209796990.0,6209796990.0,0.0,0.0,7.39,20.78
49,300006,莱美药业,5.6,10.02,0.51,1021690.0,549188077.36,21.22,5.93,4.85,5.01,5.09,1.63,9.68,-126.25,3.42,5913102748.0,5912597029.0,0.36,-1.06,6.46,8.95
50,600470,六国化工,5.93,10.02,0.54,353464.0,206076496.0,9.46,5.93,5.42,5.42,5.39,0.96,6.78,-8.56,2.03,3093088000.0,3093088000.0,0.0,0.0,4.77,-0.84
51,600281,华阳新材,5.05,10.02,0.46,320462.0,158661819.0,11.98,5.05,4.5,4.6,4.59,0.74,6.23,7193.67,46.17,2597730226.0,2597730226.0,0.0,0.0,-0.79,-14.41
52,300943,春晖智控,32.27,10.02,2.94,195646.0,612498433.01,11.08,32.93,29.68,30.65,29.33,1.36,14.56,116.66,6.48,6577271400.0,4335161061.0,0.25,0.19,-18.01,56.27
53,603395,红四方,28.55,10.02,2.6,135606.0,375668731.0,10.75,28.55,25.76,25.77,25.95,0.94,20.86,89.3,5.26,7423000000.0,1855750000.0,0.0,0.0,16.63,-2.13
54,600605,汇通能源,26.58,10.02,2.42,80361.0,206951566.0,11.3,26.58,23.85,24.52,24.16,2.99,3.9,106.32,3.82,5482986963.0,5482986963.0,0.0,0.0,-11.49,-11.28
55,002478,常宝股份,6.92,10.02,0.63,491305.0,325471699.94,12.4,6.92,6.14,6.24,6.29,1.95,6.8,23.2,1.05,6233565258.0,5002259452.0,0.0,0.0,-4.29,-16.32
56,600714,金瑞矿业,17.26,10.01,1.57,265191.0,420095176.0,15.04,17.26,14.9,15.63,15.69,1.3,9.2,-1148.76,6.61,4973922472.0,4973922472.0,0.0,0.0,-41.91,40.78
57,002451,摩恩电气,8.13,10.01,0.74,339147.0,258714360.0,13.8,8.13,7.11,7.17,7.39,2.8,7.72,310.94,4.64,3582647100.0,3570281370.0,0.0,0.0,-5.57,-19.66
58,002041,登海种业,11.21,10.01,1.02,848297.0,931125383.75,10.3,11.21,10.16,10.18,10.19,1.34,9.64,73.1,2.67,9864800000.0,9864800000.0,0.0,0.0,26.38,17.51
59,002856,*ST美芝,15.49,10.01,1.41,47617.0,70577790.2,10.72,15.49,13.98,13.98,14.08,1.06,3.84,-210.77,-41.19,2095995396.0,1919279822.0,0.0,0.0,-33.72,31.16
60,600838,上海九百,8.02,10.01,0.73,139674.0,110387309.0,10.43,8.02,7.26,7.29,7.29,1.78,3.48,81.49,2.1,3215073488.0,3215073488.0,0.0,0.0,-6.64,-25.67
61,605303,园林股份,22.85,10.01,2.08,36822.0,83424017.0,9.87,22.85,20.8,21.28,20.77,1.53,2.28,-79.53,4.35,3684274773.0,3684274773.0,0.0,0.0,-12.18,32.08
62,003021,兆威机电,72.78,10.01,6.62,59806.0,416117023.8,11.0,72.78,65.5,65.6,66.16,1.23,2.88,130.44,3.84,19473937467.0,15090157020.0,0.0,0.0,-23.8,-41.21
63,002837,英维克,60.23,10.01,5.48,964759.0,5646530144.47,13.19,60.23,53.01,53.54,54.75,2.56,8.51,208.16,21.46,76921638497.0,68255050801.0,0.0,0.0,-8.83,-26.63
64,603687,大胜达,14.41,10.0,1.31,157800.0,214250615.0,12.82,14.41,12.73,12.93,13.1,1.13,2.87,89.81,2.44,7925959160.0,7925959160.0,0.0,0.0,-11.16,51.84
65,002081,金 螳 螂,5.5,10.0,0.5,2196422.0,1145819007.96,13.6,5.5,4.82,4.96,5.0,0.46,8.31,20.72,1.07,14604280290.0,14543338502.0,0.0,0.0,-17.29,67.17
66,002855,捷荣技术,11.0,10.0,1.0,47639.0,50633745.12,11.9,11.0,9.81,9.84,10.0,1.76,1.93,-36.76,13.09,2710616502.0,2708499552.0,0.0,0.0,-6.78,-32.84
67,002686,亿利达,6.82,10.0,0.62,383041.0,252138103.3,12.42,6.82,6.05,6.11,6.2,1.67,7.33,592.4,2.41,3861750887.0,3565010812.0,0.0,0.0,5.25,4.6
68,002821,凯莱英,172.23,10.0,15.66,170217.0,2807272407.54,11.52,172.23,154.2,156.48,156.57,1.03,5.37,59.67,3.5,62117069438.0,54604463663.0,0.0,0.0,50.96,87.96
69,603217,元利科技,28.39,10.0,2.58,64369.0,174897121.0,12.05,28.39,25.28,25.81,25.81,1.3,3.09,24.33,1.74,5907606964.0,5907606964.0,0.0,0.0,7.5,12.12
70,600745,*ST闻泰,18.92,10.0,1.72,833037.0,1542697701.0,9.3,18.92,17.32,17.39,17.2,2.69,6.54,-29.67,1.01,24101606191.0,24101606191.0,0.0,0.0,-12.81,-49.25
71,003018,金富科技,45.98,10.0,4.18,203638.0,882941187.44,13.64,45.98,40.28,41.0,41.8,1.76,7.16,175.15,8.84,14435420172.0,13081841207.0,0.0,0.0,-8.84,219.97
72,002880,卫光生物,22.55,10.0,2.05,34927.0,78240666.0,6.63,22.55,21.19,21.19,20.5,1.2,1.54,57.61,2.12,5114340000.0,5114340000.0,0.0,0.0,-10.83,-10.87
73,002947,恒铭达,59.61,10.0,5.42,119833.0,687782585.12,12.79,59.61,52.68,55.0,54.19,1.7,6.04,30.06,4.7,15246386275.0,11820886418.0,0.0,0.0,-32.15,15.66
74,000796,凯撒旅业,4.18,10.0,0.38,405820.0,167037950.68,10.0,4.18,3.8,3.82,3.8,1.47,3.05,598.0,7.38,6703837669.0,5562584888.0,0.0,0.0,-11.44,-41.94
75,000779,甘咨询,10.01,10.0,0.91,632021.0,608006762.29,12.75,10.01,8.85,9.02,9.1,0.72,13.6,22.3,1.16,4652942815.0,4652444717.0,0.0,0.0,31.02,22.52
76,002907,华森制药,15.74,9.99,1.43,168265.0,254303035.0,12.86,15.74,13.9,14.09,14.31,0.49,4.96,52.18,3.78,6572965982.0,5336578547.0,0.0,0.0,26.12,6.57
77,603095,越剑智能,16.4,9.99,1.49,182091.0,291867280.0,11.94,16.4,14.62,14.64,14.91,1.34,7.05,70.88,1.8,4235614880.0,4235614880.0,0.0,0.0,-16.84,-8.07
78,603318,水发燃气,10.24,9.99,0.93,745704.0,739024999.0,9.56,10.24,9.35,9.42,9.31,1.39,16.24,70.41,3.02,5679853752.0,4700886262.0,0.0,0.0,10.7,52.84
79,000070,特发信息,16.07,9.99,1.46,535900.0,833419099.76,13.07,16.07,14.16,14.27,14.61,1.19,6.26,-365.89,13.95,13955074690.0,13767603549.0,0.0,0.0,-5.53,36.88
80,600785,新华百货,11.78,9.99,1.07,713877.0,783600366.0,15.5,11.78,10.12,10.78,10.71,7.39,22.6,27.13,1.62,3721111070.0,3721111070.0,0.0,0.0,0.34,22.58
81,002949,华阳国际,12.44,9.99,1.13,216343.0,266158339.61,10.08,12.44,11.3,11.3,11.31,4.46,14.24,136.52,1.71,2439333302.0,1889954912.0,0.0,0.0,-3.27,-18.96
82,002412,汉森制药,12.33,9.99,1.12,1058712.0,1236227035.91,14.01,12.33,10.76,11.92,11.21,3.93,21.27,29.1,2.65,6204456000.0,6138428850.0,0.0,0.0,87.67,101.8
83,603079,圣达生物,13.89,9.98,1.26,158860.0,213084522.0,10.13,13.89,12.61,12.88,12.63,0.74,8.4,49.82,1.66,2625621477.0,2625621477.0,0.0,0.0,-2.32,-21.17
84,600172,黄河旋风,13.99,9.98,1.27,1852096.0,2449812112.0,14.54,13.99,12.14,12.3,12.72,0.82,14.43,-52.26,43.52,20176160819.0,17951948526.0,0.0,0.0,3.86,145.01
85,603360,百傲化学,13.77,9.98,1.25,116662.0,157842229.0,10.94,13.77,12.4,12.41,12.52,1.11,1.65,122.61,6.9,9724699716.0,9724699716.0,0.0,0.0,-32.37,-57.26
86,002703,浙江世宝,15.87,9.98,1.44,755367.0,1159846923.57,13.51,15.87,13.92,14.1,14.43,1.65,12.89,62.94,6.13,13055175934.0,9300582934.0,0.0,0.0,-15.81,-22.96
87,603758,秦安股份,12.12,9.98,1.1,415921.0,485242714.0,10.98,12.12,10.91,10.91,11.02,1.35,9.6,54.33,2.0,5249366514.0,5249366514.0,0.0,0.0,9.58,-30.3
88,600829,人民同泰,10.14,9.98,0.92,425537.0,416052674.0,11.28,10.14,9.1,9.2,9.22,0.95,7.34,36.3,1.9,5880070374.0,5880070374.0,0.0,0.0,14.32,-6.2
89,600698,湖南天雁,7.28,9.97,0.66,321081.0,230836543.0,9.21,7.28,6.67,6.77,6.62,1.8,3.87,1897.08,10.5,7779682689.0,6045688674.0,0.0,0.0,7.22,-19.47
90,000017,深中华A,8.6,9.97,0.78,578559.0,497483915.2,1.53,8.6,8.48,8.6,7.82,3.94,13.12,280.03,15.04,5926990424.0,3791068779.0,0.0,0.0,54.4,9.28
91,002259,升达林业,4.19,9.97,0.38,285647.0,114220104.08,10.76,4.19,3.78,3.79,3.81,1.72,3.8,17.62,6.7,3152255439.0,3152255439.0,0.0,0.0,-14.49,10.85
92,000566,海南海药,4.97,9.96,0.45,1017138.0,489612707.53,11.06,4.97,4.47,4.5,4.52,0.87,7.84,-21.08,1449.8,6447904676.0,6444776096.0,0.0,0.0,18.9,-30.49
93,600936,北投科技,5.09,9.94,0.46,958358.0,477401360.0,10.37,5.09,4.61,4.63,4.63,1.26,5.74,81.23,8.33,8505523557.0,8505523557.0,0.0,0.0,-5.39,20.62
94,000428,华天酒店,4.32,9.92,0.39,181288.0,76787310.4,8.14,4.32,4.0,4.01,3.93,0.57,1.78,-19.45,3.59,4401760320.0,4401760320.0,0.0,0.0,15.51,30.91
95,002694,*ST顾地,2.34,9.86,0.21,67299.0,15163189.2,10.8,2.34,2.11,2.13,2.13,3.62,0.94,-47.56,-23.73,1785618432.0,1681986209.0,0.0,0.0,-7.87,-37.77
96,002514,*ST宝馨,1.8,9.76,0.16,449445.0,77824632.0,10.37,1.8,1.63,1.65,1.64,1.43,8.11,-25.81,-24.55,1296061675.0,997258705.0,0.0,0.0,-60.61,-69.39
97,300551,古鳌科技,10.74,9.59,0.94,158123.0,164651160.75,13.98,10.98,9.61,9.94,9.8,1.81,4.66,-26.48,11.92,3652274891.0,3641642495.0,0.0,0.28,-9.29,-35.46
98,300688,创业黑马,31.19,9.59,2.73,210035.0,594718496.16,23.86,31.5,24.71,27.89,28.46,2.18,14.16,-291.59,14.24,5220565482.0,4627924105.0,0.0,0.39,21.55,6.85
99,688655,迅捷兴,45.73,9.43,3.94,152665.0,681361943.0,14.88,46.72,40.5,40.5,41.79,1.26,11.44,213.83,9.06,6099924700.0,6099924700.0,0.88,0.62,-2.45,166.96
100,688591,泰凌微,29.18,9.29,2.48,118958.0,340622389.0,7.79,29.58,27.5,27.56,26.7,2.68,6.06,35.69,2.8,7048835448.0,5729458830.0,-0.07,-0.07,-10.35,-31.02
101,688239,航宇科技,50.58,9.24,4.28,208608.0,1008798054.0,13.78,50.98,44.6,47.48,46.3,2.36,10.93,41.23,4.31,9656372054.0,9656372054.0,0.08,0.28,-13.61,-25.09
102,301448,开创电气,45.06,9.24,3.81,32763.0,141964056.84,9.43,45.5,41.61,42.34,41.25,2.34,4.62,374.46,6.77,4713276000.0,3193987980.0,0.0,0.45,30.87,-9.59
103,002437,誉衡药业,4.3,9.14,0.36,7904177.0,3342669553.46,11.93,4.33,3.86,3.95,3.94,1.21,37.64,25.25,4.02,9588432942.0,9030661559.0,0.0,0.23,43.81,40.07
104,300740,水羊股份,21.87,9.02,1.81,336839.0,714986948.19,10.52,21.96,19.85,19.94,20.06,1.07,8.24,69.29,3.41,9620665029.0,8944325831.0,-0.09,-0.09,-11.89,-7.88
105,688710,益诺思,97.97,8.99,8.08,48928.0,463315311.0,12.11,98.97,88.08,89.55,89.89,1.37,5.39,176.29,5.84,13811772882.0,8885287653.0,0.0,0.06,67.5,121.9
106,688202,美迪西,103.2,8.98,8.5,108671.0,1092544233.0,13.6,105.88,93.0,93.89,94.7,1.14,8.09,134.35,6.92,13865145389.0,13865145389.0,0.0,0.05,78.86,82.98
107,300663,科蓝软件,8.72,8.86,0.71,601183.0,519424302.0,15.23,9.12,7.9,7.98,8.01,1.65,13.06,-36.88,13.02,4172104108.0,4014583421.0,0.0,0.23,6.34,-50.57
108,002235,安妮股份,8.79,8.79,0.71,457291.0,387341397.0,11.51,8.85,7.92,8.08,8.08,1.11,8.26,-1745.02,6.98,5094440376.0,4865953275.0,0.0,0.11,-20.09,-14.99
109,301201,诚达药业,37.45,8.77,3.02,139085.0,502682901.79,12.87,38.13,33.7,34.15,34.43,1.14,12.81,206.87,2.8,5794032709.0,4064984185.0,0.21,0.08,13.11,-7.53
110,300445,康斯特,19.46,8.72,1.56,87932.0,170460021.69,7.09,19.91,18.64,18.89,17.9,5.11,6.3,27.55,3.11,4133888053.0,2715730006.0,-0.15,-0.1,-16.77,-25.04
111,300563,神宇股份,24.86,8.7,1.99,112618.0,271914932.8,19.28,25.91,21.5,22.37,22.87,4.42,8.89,105.26,4.02,4527953514.0,3150504842.0,-0.08,0.24,-16.83,-31.85
112,603378,*ST亚士,6.75,8.7,0.54,187212.0,123800044.0,12.24,6.83,6.07,6.07,6.21,1.46,4.37,-7.41,-17.39,2893027334.0,2893027334.0,0.0,1.05,19.05,-0.88
113,300831,ST派瑞,15.27,8.53,1.2,80072.0,117650876.0,10.23,15.35,13.91,13.96,14.07,1.74,4.34,78.37,5.09,4886400000.0,2817074345.0,0.0,0.07,-27.7,39.07
114,920976,视声智能,17.61,8.5,1.38,23942.0,43326152.92,7.39,18.78,17.58,17.81,16.23,3.99,5.43,16.58,4.69,1249489374.0,776946156.0,0.11,0.0,-23.43,-33.19
115,603725,天安新材,12.54,8.48,0.98,212508.0,258873915.0,10.12,12.57,11.4,11.6,11.56,1.09,6.97,49.35,4.64,3822915307.0,3822915307.0,0.08,0.64,3.72,37.35
116,002853,皮阿诺,22.79,8.42,1.77,107838.0,242762565.2,12.42,23.12,20.51,20.82,21.02,4.32,8.38,-93.51,4.69,4168654455.0,2933182734.0,0.18,1.02,-7.81,8.73
117,300519,新光药业,15.26,8.38,1.18,122925.0,185301459.5,12.22,15.87,14.15,14.25,14.08,1.85,10.77,30.74,2.95,2441600000.0,1741166000.0,-0.07,0.26,6.79,4.52
118,300935,盈建科,31.81,8.34,2.45,42221.0,129720735.03,13.22,32.19,28.31,29.07,29.36,1.47,7.01,-24.92,3.44,2526689931.0,1916854059.0,0.22,0.28,-13.79,4.85
119,300572,安车检测,20.29,8.33,1.56,70271.0,138741673.6,11.59,20.46,18.29,18.8,18.73,1.64,3.88,-224.33,2.89,4646182995.0,3678128733.0,-0.2,-0.1,-30.47,-28.63
120,300677,英科医疗,52.1,8.32,4.0,238588.0,1211208725.7,6.47,52.23,49.12,50.2,48.1,3.34,5.12,20.37,1.8,34112645002.0,24258412657.0,0.27,0.29,15.8,34.28
121,000759,中百集团,6.13,8.3,0.47,1017500.0,615267340.71,11.66,6.23,5.57,5.59,5.66,1.51,15.52,-10.32,5.56,4021460749.0,4019477933.0,-0.16,-0.16,2.51,-19.13
122,300313,天山生物,16.63,8.27,1.27,600922.0,994863865.48,15.95,17.8,15.35,15.78,15.36,1.37,30.45,239.55,108.53,3987524670.0,3281976881.0,-0.42,-0.18,72.15,107.1
123,603605,珀莱雅,61.2,8.2,4.64,173185.0,1044084512.0,7.94,62.12,57.63,57.64,56.56,4.4,4.37,10.37,3.64,24233734199.0,24233734199.0,-0.02,-0.02,-7.19,-9.05
124,301059,金三江,12.22,8.14,0.92,111820.0,139598167.13,8.5,12.96,12.0,12.38,11.3,5.55,5.41,31.79,4.51,2824701880.0,2523974694.0,-0.16,-0.24,-14.55,-1.45
125,603255,鼎际得,30.7,8.1,2.3,38617.0,115170071.0,9.26,30.84,28.21,28.98,28.4,2.82,6.36,47.41,2.56,4131964177.0,1862730114.0,0.0,0.29,6.04,4.81
126,603367,辰欣药业,14.71,8.08,1.1,208531.0,300621318.0,6.91,14.79,13.85,13.91,13.61,1.61,4.61,12.59,1.04,6660013238.0,6660013238.0,-0.07,0.2,5.52,-14.28
127,300106,西部牧业,10.6,7.94,0.78,177284.0,182192396.98,10.69,10.73,9.68,9.68,9.82,0.99,8.39,112.96,5.95,2240122486.0,2240122486.0,0.0,0.0,-23.24,-1.4
128,688329,艾隆科技,21.81,7.92,1.6,29646.0,63647837.0,7.27,22.07,20.6,20.71,20.21,2.19,3.84,-60.24,2.18,1683732000.0,1683732000.0,-0.23,-0.14,-8.52,3.66
129,603828,*ST利达,5.32,7.91,0.39,45836.0,23446510.0,9.33,5.33,4.87,4.9,4.93,0.74,0.77,260.17,6.19,3170508041.0,3170398805.0,2.11,1.92,-6.34,-36.52
130,002581,*ST未名,5.62,7.87,0.41,209307.0,112556963.92,13.24,5.66,4.97,5.06,5.21,0.74,5.22,-17.09,2.06,3707713993.0,2252446325.0,0.18,0.54,26.86,-25.07
131,300611,美力科技,24.7,7.81,1.79,65235.0,157300871.4,9.17,24.78,22.68,22.74,22.91,3.29,4.4,75.25,4.15,5213544596.0,3663083606.0,0.0,0.16,-10.77,-8.89
132,300256,星星科技,2.92,7.75,0.21,1124977.0,331405432.76,20.66,3.2,2.64,2.68,2.71,5.47,5.01,-104.89,7.36,6623708687.0,6550708687.0,0.0,0.0,-7.3,-27.54
133,002329,皇氏集团,3.91,7.71,0.28,976186.0,372172365.81,7.99,3.93,3.64,3.69,3.63,0.76,14.98,199.83,6.53,3254699581.0,2547728333.0,-0.26,-0.26,-10.53,0.26
134,300892,品渥食品,23.62,7.71,1.69,39440.0,91162682.16,7.66,23.62,21.94,21.96,21.93,1.38,5.98,-263.47,2.31,2362000000.0,1557915961.0,0.0,0.25,-3.98,-21.97
135,001225,和泰机电,49.52,7.61,3.5,22827.0,110133744.0,9.78,50.16,45.66,46.1,46.02,1.0,3.55,121.12,2.36,3247066016.0,3183358536.0,0.04,0.06,0.04,-12.91
136,920662,方盛股份,19.69,7.6,1.39,41155.0,80065610.3,16.17,20.99,18.03,18.03,18.3,2.0,15.24,123.06,3.81,1723859539.0,531749755.0,-0.05,-0.2,-1.7,-31.87
137,688356,键凯科技,133.41,7.59,9.41,130955.0,1668123740.0,12.86,134.0,118.05,124.0,124.0,2.98,21.59,90.24,6.13,8091409887.0,8091409887.0,0.07,0.54,77.88,62.91
138,002333,罗普斯金,5.67,7.59,0.4,497649.0,278675312.03,12.14,5.8,5.16,5.18,5.27,1.75,7.47,95.26,1.98,3826823616.0,3779070383.0,-0.35,0.71,9.67,1.07
139,920725,惠丰钻石,73.81,7.59,5.21,51982.0,367704718.23,15.6,75.5,64.8,67.07,68.6,1.07,11.77,942.28,11.21,6737007750.0,3260976360.0,0.19,0.15,19.05,118.96
140,920081,欧伦电气,44.24,7.59,3.12,30696.0,132234889.56,8.97,44.32,40.63,40.95,41.12,1.97,17.95,9.86,1.89,3211824000.0,756504000.0,0.02,0.27,14.34,14.34
141,603338,浙江鼎力,58.8,7.57,4.14,90521.0,520887453.0,7.68,58.86,54.66,55.2,54.66,2.4,1.79,16.43,2.64,29773255285.0,29773255285.0,0.0,0.0,18.81,5.97
142,603122,合富中国,12.24,7.56,0.86,223334.0,265328869.0,9.4,12.28,11.21,11.33,11.38,0.94,5.61,-147.02,4.67,4872164228.0,4872164228.0,0.0,-0.08,-5.63,-49.84
143,002026,山东威达,11.0,7.53,0.77,184936.0,196725055.47,13.2,11.15,9.8,10.03,10.23,3.88,4.2,20.25,1.24,4845851329.0,4845433054.0,0.0,-0.09,-9.76,-26.81
144,300489,光智科技,217.33,7.51,15.18,137720.0,2863947519.5,13.71,219.72,192.0,198.9,202.15,0.91,9.93,491.51,39.7,30243172281.0,30132474376.0,0.03,-0.02,56.79,327.81
145,002130,沃尔核材,17.05,7.44,1.18,524472.0,879136126.2,6.3,17.2,16.2,16.29,15.87,2.65,4.54,21.06,2.6,23868079522.0,19684257548.0,-0.06,0.06,-23.2,-34.82
146,301107,瑜欣电子,21.34,7.4,1.47,31385.0,65096971.84,9.91,21.42,19.45,19.7,19.87,1.42,3.87,58.68,3.2,3034308736.0,1731969978.0,-0.14,0.09,-6.49,6.91
147,301225,恒勃股份,60.43,7.37,4.15,40432.0,231707932.84,13.18,60.88,53.46,55.84,56.28,1.28,9.19,91.03,5.34,8707490498.0,2658193692.0,-0.44,1.91,-9.82,-49.01
148,688238,和元生物,7.3,7.35,0.5,438197.0,309060973.0,12.65,7.45,6.59,6.62,6.8,0.83,6.77,-23.36,3.62,4737967910.0,4726261630.0,-0.95,-0.68,20.07,9.61
149,300929,华骐环保,17.45,7.32,1.19,118152.0,201701951.2,9.1,17.6,16.12,16.59,16.26,1.08,9.42,-190.95,3.0,2305720082.0,2187538125.0,0.0,-0.06,40.84,62.33
150,300579,数字认证,23.06,7.31,1.57,155385.0,362831247.32,14.84,24.46,21.27,21.37,21.49,3.95,5.97,-148.04,7.87,6226200000.0,6006513814.0,0.0,0.44,-2.82,-31.39
151,002126,银轮股份,41.2,7.29,2.8,236999.0,952071629.96,10.39,41.79,37.8,38.04,38.4,1.58,2.98,40.75,4.73,34889035212.0,32760077247.0,0.02,0.19,-17.43,9.34
152,002589,瑞康医药,3.24,7.28,0.22,1519106.0,477720430.12,9.93,3.26,2.96,2.98,3.02,0.87,11.12,218.91,0.92,4875261926.0,4424516616.0,-0.31,0.31,10.2,0.62
153,300358,楚天科技,9.3,7.27,0.63,702722.0,636942863.02,6.69,9.3,8.72,9.0,8.67,1.93,9.97,22.89,1.19,6650360994.0,6555232987.0,0.11,0.32,10.98,-4.32
154,300991,创益通,27.74,7.23,1.87,53729.0,144054588.25,9.55,27.84,25.37,25.57,25.87,1.37,5.11,-117.17,6.48,3994560000.0,2915654310.0,0.29,0.25,-28.23,-34.23
155,300010,ST豆神,2.4,7.14,0.16,697071.0,162914711.25,7.59,2.4,2.23,2.24,2.24,2.5,4.19,-21.86,2.86,4959870382.0,3991996022.0,0.42,0.42,-19.19,-66.85
156,300753,爱朋医疗,22.66,7.14,1.51,89025.0,196161553.95,7.75,22.84,21.2,21.66,21.15,1.2,10.13,-162.62,4.31,2856247680.0,1991678856.0,0.0,-0.04,1.43,-18.34
157,300434,金石亚药,12.07,7.1,0.8,226353.0,264130223.0,10.56,12.18,10.99,11.2,11.27,0.8,6.62,10.45,1.84,4849048535.0,4129329390.0,-0.25,-0.17,20.94,18.33
158,300921,南凌科技,15.55,7.09,1.03,182742.0,279407207.64,7.92,15.76,14.61,14.69,14.52,2.8,11.29,83.44,4.84,3992391608.0,2517623854.0,-0.06,-0.26,-17.2,-5.01
159,300789,唐源电气,18.24,7.04,1.2,43677.0,77599566.79,8.98,18.34,16.81,17.06,17.04,1.22,3.13,45.92,2.52,2623806800.0,2545925155.0,0.0,0.16,-16.98,-20.24
160,002614,奥佳华,5.79,7.02,0.38,486537.0,277744004.27,8.13,5.85,5.41,5.44,5.41,4.11,11.03,-13.65,0.85,3611449991.0,2554929335.0,-0.17,-0.17,9.25,-19.69
161,000403,派林生物,10.98,7.02,0.72,180461.0,193877941.0,7.7,11.03,10.24,10.25,10.26,1.41,1.92,61.89,1.3,10435363298.0,10328697001.0,-0.09,-0.18,-11.38,-19.8
162,688231,隆达股份,30.88,7.0,2.02,60388.0,181149423.0,11.85,31.42,28.0,28.64,28.86,1.97,1.89,51.86,3.54,9868608444.0,9868608444.0,-0.35,-0.61,-13.98,54.17
163,002537,海联金汇,6.27,7.0,0.41,1092290.0,680228058.13,9.73,6.42,5.85,5.88,5.86,4.09,9.33,28.17,1.64,7361084991.0,7339110836.0,0.0,0.16,-2.49,-30.79
164,688131,皓元医药,98.02,6.94,6.36,70417.0,672475261.0,9.04,98.89,90.6,91.38,91.66,1.01,3.3,77.02,6.73,20901205698.0,20901205698.0,-0.34,-0.03,25.11,36.27
165,600354,敦煌种业,7.09,6.94,0.46,1169183.0,827298655.0,10.41,7.29,6.6,6.6,6.63,1.02,22.15,19.8,5.0,3742116747.0,3742116747.0,0.0,0.14,25.04,9.58
166,300957,贝泰妮,33.2,6.92,2.15,139411.0,456357042.8,3.86,33.21,32.01,32.01,31.05,1.96,3.29,24.1,2.29,14063520000.0,14063520000.0,0.0,0.18,-12.95,-14.78
167,920187,通领科技,20.1,6.91,1.3,22262.0,44071641.17,8.51,20.3,18.7,18.97,18.8,4.81,6.71,17.23,1.46,1818648000.0,667224827.0,0.5,0.5,-7.8,0.1
168,600487,亨通光电,64.6,6.9,4.17,2601434.0,16273223193.0,15.51,66.37,57.0,58.2,60.43,1.3,10.6,36.04,5.02,159328939802.0,158505548202.0,-0.02,0.02,-14.2,164.1
169,300553,集智股份,43.9,6.89,2.83,54450.0,229388455.54,13.05,44.4,39.04,40.42,41.07,1.21,6.4,184.51,5.78,4873999563.0,3735416407.0,0.21,0.0,-27.8,8.82
170,920045,蘅东光,481.44,6.87,30.94,22923.0,1064883751.36,16.16,497.8,425.0,444.03,450.5,1.17,8.13,75.3,34.4,45881312400.0,13566280631.0,0.0,0.03,36.04,118.51
171,603716,塞力医疗,16.1,6.83,1.03,221300.0,347151003.0,11.21,16.38,14.69,15.03,15.07,1.3,9.8,-51.88,3.3,3635231397.0,3635231397.0,-0.37,-0.49,-6.83,-21.65
172,300589,江龙船艇,13.32,6.82,0.85,222960.0,291814068.79,9.3,13.46,12.3,12.3,12.47,1.58,10.02,-160.72,7.44,5030537707.0,2964202950.0,0.0,-0.08,-2.99,-26.2
173,688686,奥普特,127.35,6.81,8.12,30565.0,381520104.0,10.18,128.93,116.79,117.18,119.23,1.4,2.5,45.65,4.88,15566685194.0,15566685194.0,0.12,0.11,-8.31,3.03
174,002455,百川股份,7.71,6.79,0.49,932344.0,711547287.91,9.14,7.88,7.22,7.28,7.22,3.97,14.11,39.36,1.99,5570185875.0,5094860312.0,0.13,0.0,-12.09,7.53
175,301520,万邦医药,82.33,6.78,5.23,127761.0,1017688521.99,12.01,83.26,74.0,76.5,77.1,1.0,39.07,-7325.56,5.13,7670799139.0,2692062812.0,0.19,0.34,205.61,191.85
176,301161,唯万密封,29.32,6.73,1.85,102523.0,302761682.87,10.01,30.97,28.22,30.47,27.47,2.92,13.28,25.65,3.57,3518400000.0,2263432899.0,-0.34,-0.41,-4.9,-22.21
177,300189,神农种业,6.23,6.68,0.39,3258711.0,2044769212.6,17.12,6.72,5.72,5.92,5.84,0.93,36.77,-245.45,9.27,6379520000.0,5521340142.0,-0.64,-0.16,18.89,-16.26
178,301073,君亭酒店,18.87,6.67,1.18,121348.0,227215729.61,9.61,19.3,17.6,17.6,17.69,2.57,6.83,136.51,4.14,3669291238.0,3354911566.0,-0.21,0.0,-18.56,-27.59
179,300464,星徽股份,7.53,6.66,0.47,176321.0,129196168.0,11.76,7.68,6.85,7.0,7.06,1.91,4.96,273.16,19.87,3518766462.0,2674224343.0,0.0,0.27,-19.12,18.77
180,301555,惠柏新材,32.49,6.66,2.03,30065.0,95744802.3,9.19,32.8,30.0,30.59,30.46,1.85,6.22,55.28,2.65,2997745083.0,1570720928.0,0.0,-0.03,-17.73,-2.17
181,688133,泰坦科技,23.78,6.64,1.48,56391.0,129106109.0,9.82,23.85,21.66,22.1,22.3,1.28,3.43,-30.18,1.44,3910311313.0,3910311313.0,0.72,0.63,6.21,7.41
182,002788,鹭燕医药,11.26,6.63,0.7,219307.0,241436457.0,10.04,11.41,10.35,10.62,10.56,1.52,5.74,15.3,1.32,4374698447.0,4299652856.0,-0.09,-0.18,-4.33,-45.94
183,003020,立方制药,18.65,6.63,1.16,115463.0,211171055.5,11.61,19.16,17.13,17.29,17.49,0.93,6.85,30.15,2.38,4256277226.0,3143424956.0,-0.16,-0.16,10.22,-12.52
184,300562,乐心医疗,15.93,6.63,0.99,198313.0,308519424.6,8.1,16.11,14.9,15.31,14.94,2.02,11.86,29.04,3.1,3487462315.0,2664751013.0,-0.13,-0.06,26.53,20.68
185,301141,中科磁业,43.31,6.6,2.68,56110.0,241698094.38,10.9,44.44,40.01,40.6,40.63,2.56,12.61,217.45,4.27,5371852123.0,1927840923.0,0.07,0.05,-8.61,-16.74
186,688050,爱博医疗,41.8,6.58,2.58,41791.0,170575219.0,7.24,41.86,39.02,39.18,39.22,1.11,2.16,22.64,2.88,8085697323.0,8085697323.0,-0.07,0.17,-3.82,-30.73
187,002976,瑞玛精密,24.69,6.56,1.52,94507.0,227091541.0,9.88,24.82,22.53,23.32,23.17,1.95,7.76,-87.0,3.34,4804942948.0,3005500071.0,0.16,0.16,-10.32,14.52
188,300970,华绿生物,18.98,6.51,1.16,339453.0,629561825.89,10.33,19.5,17.66,17.66,17.82,1.14,27.71,32.67,1.85,3011895393.0,2324682035.0,0.05,0.42,-13.84,22.69
189,301128,强瑞技术,113.0,6.5,6.9,72662.0,798925493.12,11.89,115.45,102.83,104.72,106.1,1.47,5.7,95.02,17.05,16364408914.0,14395000279.0,-0.1,-0.04,-11.73,58.02
190,002622,皓宸医疗,2.63,6.48,0.16,319746.0,82054821.0,7.69,2.64,2.45,2.46,2.47,1.24,3.81,-66.22,8.26,2209200000.0,2209134908.0,0.0,0.0,0.0,-11.45
191,300916,朗特智能,28.17,6.46,1.71,122764.0,335757614.28,14.17,28.73,24.98,26.08,26.46,1.59,13.14,850.7,3.08,4074621677.0,2631522720.0,-0.04,0.61,-14.22,-13.27
192,300100,双林股份,21.49,6.44,1.3,110573.0,231346407.63,8.22,21.6,19.94,20.04,20.19,1.34,1.98,68.01,3.76,12442644241.0,11982663534.0,0.0,-0.05,-28.75,-45.62
193,688090,瑞松科技,71.51,6.41,4.31,98233.0,683387538.0,9.82,72.59,65.99,65.99,67.2,1.29,6.19,137.86,12.43,11350243472.0,11350243472.0,0.25,0.0,10.25,109.34
194,301512,智信精密,32.85,6.41,1.98,19398.0,62305450.36,8.91,33.25,30.5,30.82,30.87,1.81,3.98,-23.74,2.37,2452803066.0,1600493391.0,0.03,0.03,-13.78,6.04
195,600191,华资实业,11.63,6.4,0.7,213960.0,244239579.0,9.97,11.89,10.8,10.93,10.93,1.74,4.41,68.76,3.3,5639759160.0,5639759160.0,-0.51,-0.51,7.49,-9.35
196,600162,香江控股,4.32,6.4,0.26,1946600.0,828161820.0,11.08,4.47,4.02,4.02,4.06,1.13,5.96,-160.37,2.47,14119652687.0,14119652687.0,0.23,0.0,47.95,133.51
197,300499,高澜股份,30.8,6.39,1.85,450060.0,1354624296.67,11.19,31.36,28.12,28.93,28.95,2.47,16.56,182.68,6.8,9401655771.0,8369350497.0,0.0,0.23,-15.78,0.62
198,688162,巨一科技,24.34,6.38,1.46,23945.0,57324245.0,5.59,24.48,23.2,23.24,22.88,2.39,1.75,38.01,1.38,3337032864.0,3337032864.0,-0.04,0.16,-18.18,-20.46
199,000716,黑芝麻,5.02,6.36,0.3,698123.0,348645272.51,11.02,5.19,4.67,4.68,4.72,0.99,9.49,28.72,1.49,3779477931.0,3693335168.0,0.0,0.2,-17.84,-19.42
200,300347,泰格医药,52.27,6.33,3.11,220606.0,1123923310.99,8.65,52.88,48.63,49.4,49.16,0.78,3.89,229.42,2.16,45005831634.0,29609643337.0,-0.08,-0.02,32.93,-7.62
201,603950,长源东谷,64.93,6.27,3.83,94413.0,595828229.0,10.72,65.56,59.01,60.0,61.1,1.24,2.92,63.51,6.89,21045812844.0,21028801184.0,0.14,0.37,-6.48,125.29
202,002520,日发精机,6.15,6.22,0.36,423602.0,254286820.72,8.81,6.22,5.71,5.76,5.79,0.8,5.9,34.1,15.59,4614007802.0,4412257052.0,0.0,0.16,4.59,-2.38
203,301099,雅创电子,51.07,6.22,2.99,141128.0,709497688.41,9.61,51.99,47.37,47.97,48.08,2.11,12.27,19.84,6.12,9648425745.0,5871747153.0,0.1,0.08,2.08,55.61
204,300602,飞荣达,45.8,6.22,2.68,430653.0,1894840154.5,10.55,46.2,41.65,43.1,43.12,1.55,10.73,53.16,6.13,26859118300.0,18374011986.0,1.22,1.04,2.64,38.37
205,301529,福赛科技,117.01,6.2,6.83,39397.0,438202906.33,11.6,117.78,105.0,109.43,110.18,0.79,6.2,112.71,9.9,13856766966.0,7437936525.0,-0.26,0.34,6.58,44.55
206,603017,中衡设计,9.97,6.18,0.58,117774.0,115371321.0,5.64,9.98,9.45,9.5,9.39,2.54,4.26,20.68,1.84,2753617221.0,2753617221.0,-0.1,0.1,-16.29,-8.78
207,002394,联发股份,10.19,6.15,0.59,152661.0,154983984.96,12.08,10.56,9.4,9.6,9.6,4.55,4.72,85.13,0.79,3298503000.0,3295335999.0,0.0,0.0,-2.39,-33.66
208,688061,灿瑞科技,38.17,6.15,2.21,22267.0,82752385.0,11.93,38.84,34.55,35.04,35.96,1.31,1.94,-52.21,1.93,4385328054.0,4385328054.0,0.0,-0.13,3.02,17.74
209,688828,国仪公司-U,102.96,6.14,5.96,83457.0,830807687.0,16.37,105.88,90.0,92.33,97.0,1.05,32.05,-292.84,29.06,41185029600.0,2680978838.0,-1.0,-0.68,385.2,385.2
210,300878,维康药业,33.57,6.13,1.94,35719.0,117329915.6,9.07,33.93,31.06,31.48,31.63,1.22,2.48,697.08,5.33,4860611110.0,4838241304.0,-0.39,0.09,8.99,31.6
211,603102,百合股份,40.08,6.12,2.31,57149.0,226370801.0,11.49,41.55,37.21,37.52,37.77,0.73,8.93,20.66,1.54,2565120000.0,2565120000.0,-0.77,-0.67,7.05,-6.73
212,300259,新天科技,4.35,6.1,0.25,603168.0,255219060.64,10.49,4.42,3.99,4.05,4.1,1.85,5.22,64.65,1.67,5024706902.0,5023539863.0,0.0,-0.23,-29.5,0.46
213,301591,肯特股份,39.82,6.07,2.28,148488.0,580159254.62,14.78,41.43,35.88,36.85,37.54,1.68,33.22,64.73,4.76,4354555920.0,1779744865.0,-0.35,-0.4,-19.07,27.87
214,002017,东信和平,16.95,6.07,0.97,968524.0,1577471794.43,12.77,17.27,15.23,15.39,15.98,4.5,16.69,57.15,5.4,9838320858.0,9833921994.0,0.0,0.12,2.85,-23.51
215,002667,*ST威领,20.63,6.07,1.18,330907.0,674739461.6,9.77,21.4,19.5,19.6,19.45,1.68,13.99,-137.21,-102.01,5376002645.0,4881284930.0,1.33,1.68,5.52,57.6
216,603233,大参林,18.41,6.05,1.05,134502.0,245300342.0,5.93,18.63,17.6,17.69,17.36,2.36,1.18,11.31,2.78,20966311713.0,20966311713.0,0.16,0.33,14.06,7.47
217,601226,华电科工,6.5,6.04,0.37,235987.0,150559714.0,8.97,6.59,6.04,6.1,6.13,3.03,2.03,-36.17,1.76,7554454050.0,7554454050.0,0.0,0.0,-17.2,-16.56
218,301041,金百泽,26.68,6.0,1.51,68325.0,178572955.0,6.52,26.82,25.18,25.54,25.17,1.96,8.65,127.41,4.14,2846222400.0,2107795745.0,0.04,0.0,-22.55,-1.73
219,920136,永励精密,21.44,5.98,1.21,23912.0,49814005.13,6.82,21.44,20.06,20.22,20.23,1.59,11.39,18.43,1.51,1715200000.0,450240000.0,0.28,0.66,11.2,11.2
220,300082,奥克股份,8.34,5.97,0.47,351590.0,297666396.4,9.66,8.98,8.22,8.3,7.87,4.32,5.18,46.08,2.02,5672018988.0,5656964354.0,0.12,0.24,-14.72,-15.76
221,002655,共达电声,37.49,5.96,2.11,423838.0,1551746095.64,13.09,38.23,33.6,34.21,35.38,1.01,11.67,496.25,15.62,13668816510.0,13619071029.0,0.08,0.05,-0.87,190.85
222,600749,西藏旅游,14.96,5.95,0.84,238618.0,358701305.0,8.43,15.5,14.31,14.31,14.12,3.25,10.51,583.56,3.19,3395404134.0,3395404134.0,-0.2,-0.2,-0.4,-12.41
223,002636,金安国纪,64.06,5.94,3.59,547738.0,3462995761.0,14.42,66.52,57.8,58.83,60.47,1.34,7.56,57.76,12.53,46635680000.0,46399645613.0,0.0,0.0,28.45,286.14
224,688648,中邮科技,33.36,5.94,1.87,35884.0,118083962.0,9.4,33.77,30.81,31.55,31.49,0.99,5.16,-37.34,2.14,4536960000.0,2319484905.0,0.15,0.0,-16.47,-45.5
225,300199,翰宇药业,23.48,5.91,1.31,589492.0,1334904370.51,8.98,23.7,21.71,22.09,22.17,1.2,7.92,43.81,24.39,20738506569.0,17486001157.0,-0.25,-0.04,5.81,31.17
226,000739,普洛药业,20.87,5.89,1.16,275083.0,559494255.69,8.27,20.95,19.32,19.65,19.71,0.8,2.38,23.14,3.68,24176717431.0,24167036819.0,-0.14,0.05,24.23,30.11
227,600203,福日电子,10.44,5.88,0.58,310549.0,317281838.0,7.61,10.46,9.71,9.75,9.86,1.91,5.24,37.14,3.6,6190795576.0,6190795576.0,0.1,0.48,-20.06,-21.74
228,603337,杰克科技,39.09,5.88,2.17,74217.0,284200547.0,6.66,39.2,36.74,37.65,36.92,1.69,1.59,18.93,3.44,18622010477.0,18256194530.0,0.03,0.13,1.01,-8.88
229,002486,嘉麟杰,2.7,5.88,0.15,281411.0,74071369.0,6.27,2.7,2.54,2.56,2.55,1.19,3.43,365.28,2.09,2225564370.0,2215182600.0,0.37,0.37,5.47,-12.9
230,600289,ST信通,4.51,5.87,0.25,35380.0,15866049.0,10.09,4.65,4.22,4.22,4.26,2.06,0.63,-14.27,3.17,2846044831.0,2552311305.0,1.35,1.35,-29.42,-32.08
231,300039,上海凯宝,5.6,5.86,0.31,534084.0,293728156.74,8.13,5.65,5.22,5.32,5.29,0.94,5.83,28.73,1.37,5857600000.0,5133198426.0,-0.36,-0.36,3.7,-5.56
232,000523,红棉股份,3.25,5.86,0.18,1400157.0,462142226.7,9.45,3.38,3.09,3.1,3.07,1.07,10.57,31.41,3.04,5965272498.0,4306770501.0,0.0,0.31,-0.91,-13.79
233,603408,建霖家居,11.4,5.85,0.63,91018.0,102109369.0,7.99,11.53,10.67,10.67,10.77,2.97,2.03,12.39,1.5,5102332200.0,5102332200.0,-0.09,-0.09,7.14,-11.63
234,300180,华峰超纤,4.91,5.82,0.27,1442115.0,691892926.36,10.34,4.99,4.51,4.55,4.64,2.23,8.39,127.87,1.84,8646805361.0,8435808810.0,0.0,0.41,-3.91,-29.15
235,301383,天键股份,23.36,5.8,1.28,28508.0,65405644.11,7.74,23.51,21.8,21.88,22.08,1.72,4.04,-41.72,1.97,3814290880.0,1649545610.0,-0.17,-0.09,-15.67,-34.46
236,300866,安克创新,122.1,5.78,6.67,41290.0,499460609.96,6.19,122.59,115.44,115.47,115.43,1.74,1.34,38.06,6.96,71801432228.0,37763697035.0,0.04,0.06,-0.48,8.35
237,300698,万马科技,26.41,5.77,1.44,65496.0,169078929.52,10.57,26.64,24.0,24.0,24.97,2.34,5.45,101.01,6.43,3538940000.0,3174084926.0,-0.15,-0.04,-24.33,-37.31
238,301449,天溯计量,46.91,5.77,2.56,58340.0,264561023.73,10.8,47.99,43.2,44.25,44.35,1.52,28.4,42.38,3.69,4283086965.0,963694600.0,-0.02,-0.11,7.99,-21.66
239,300889,爱克股份,21.97,5.73,1.19,57188.0,122567305.98,11.55,22.4,20.0,20.71,20.78,1.66,3.84,-86.81,3.43,4838388948.0,3271046929.0,0.0,-0.14,-4.69,6.14
240,920371,欧福蛋业,7.21,5.72,0.39,57452.0,42106090.36,11.29,7.6,6.83,6.83,6.82,0.86,2.95,98.83,2.45,1481262315.0,1404577245.0,-0.55,-0.69,-25.05,-29.73
241,688528,秦川物联,10.2,5.7,0.55,25065.0,25095297.0,7.46,10.28,9.56,9.65,9.65,1.35,1.49,-18.2,3.85,1713600000.0,1713600000.0,0.0,-0.1,-13.27,-5.29
242,600222,太龙药业,7.98,5.7,0.43,288731.0,227008977.0,7.15,8.02,7.48,7.56,7.55,0.9,5.16,429.01,2.78,4463718200.0,4463718200.0,-0.25,-0.13,-0.13,21.46
243,002789,*ST建艺,10.23,5.68,0.55,27148.0,27146447.0,7.33,10.36,9.65,9.7,9.68,1.46,1.74,-7.69,10.74,1632948548.0,1600719291.0,0.29,0.39,-23.66,-2.39
244,603268,松发股份,191.2,5.68,10.27,116297.0,2181443118.0,7.74,192.0,178.0,181.5,180.93,2.58,4.99,26.99,9.74,194778679119.0,44597360230.0,-0.17,-0.16,44.25,129.31
245,300143,盈康生命,7.83,5.67,0.42,152227.0,116735946.1,6.75,7.87,7.37,7.42,7.41,0.87,1.83,56.52,3.2,7618055571.0,6516536754.0,0.0,0.13,-1.01,3.16
246,600272,开开实业,19.18,5.67,1.03,564432.0,1060646325.0,18.18,19.97,16.67,17.61,18.15,1.27,35.28,69.78,6.37,5037664305.0,3068800000.0,-0.05,-2.24,65.49,40.82
247,603186,华正新材,174.65,5.67,9.37,258071.0,4390111255.0,7.1,175.0,163.26,164.0,165.28,0.9,16.46,221.4,11.8,27383463969.0,27383463969.0,0.21,0.02,45.15,253.04
248,002536,飞龙股份,51.56,5.66,2.76,758906.0,3795234560.13,11.58,52.65,47.0,48.48,48.8,1.57,13.92,195.72,8.9,29635960385.0,28116836814.0,0.02,-0.04,34.34,75.37
249,920087,秋乐种业,16.27,5.65,0.87,279828.0,469114984.23,20.65,17.98,14.8,14.8,15.4,0.94,17.06,-84.5,5.08,2687804000.0,2669030454.0,-0.25,-0.37,33.91,2.46
250,001317,三羊马,50.67,5.63,2.7,73667.0,364018837.64,9.65,51.16,46.53,47.0,47.97,1.1,8.62,951.3,4.26,4335618985.0,4332412536.0,-0.53,-0.47,-5.61,-8.06
251,301182,凯旺科技,70.47,5.62,3.75,31780.0,215419415.0,10.19,70.88,64.08,66.12,66.72,1.2,3.64,-47.19,10.19,6752555199.0,6157964574.0,0.0,0.09,-6.1,65.34
252,300773,拉卡拉,16.0,5.61,0.85,972292.0,1542632765.9,8.78,16.28,14.95,15.02,15.15,2.04,9.45,13.0,3.75,17397294688.0,16457771664.0,0.0,0.06,-7.46,-20.24
253,600791,京能置业,7.73,5.6,0.41,139225.0,104712618.0,9.43,7.85,7.16,7.23,7.32,1.14,3.08,-11.76,-5.77,3500762400.0,3496384870.0,-0.64,-0.77,-45.94,65.17
254,301156,美农生物,12.07,5.6,0.64,85349.0,101575830.0,7.26,12.18,11.35,11.36,11.43,0.67,7.22,41.3,3.05,2222171574.0,1427791622.0,-0.17,-0.58,-13.04,-8.84
255,920808,曙光数创,65.77,5.59,3.48,37592.0,240935171.9,9.62,65.99,60.0,60.1,62.29,2.37,1.93,-69.09,18.67,13154000066.0,12809452148.0,-0.02,0.05,-11.73,-7.33
256,920429,康比特,10.95,5.59,0.58,34866.0,38141016.66,8.58,11.29,10.4,10.4,10.37,0.72,3.07,28.62,1.63,1363012200.0,1242829281.0,-0.09,-0.36,-8.37,-27.72
257,603158,腾龙股份,10.57,5.59,0.56,225553.0,232830081.0,8.09,10.65,9.84,9.9,10.01,1.32,4.6,24.42,2.31,5187440464.0,5187440464.0,0.09,0.09,-27.8,0.28
258,000061,农 产 品,6.04,5.59,0.32,555694.0,332353673.67,5.94,6.08,5.74,5.76,5.72,1.38,3.1,23.64,1.39,11989165636.0,10837653468.0,0.0,-0.17,-7.65,-40.96
259,920403,康农种业,21.0,5.58,1.11,78859.0,166470630.06,13.52,22.05,19.36,19.49,19.89,0.85,12.13,76.59,4.22,2295240948.0,1365061698.0,0.05,0.82,12.12,2.24
260,300155,安居宝,4.55,5.57,0.24,198712.0,88640262.86,7.42,4.59,4.27,4.27,4.31,0.65,6.03,-74.93,2.14,2553586235.0,1498966401.0,-0.44,-0.22,-8.63,-30.75
261,600510,黑牡丹,7.2,5.57,0.38,142206.0,99655839.0,9.68,7.26,6.6,6.7,6.82,1.61,1.38,-41.55,0.72,7430583290.0,7430583290.0,0.0,0.14,-14.69,-13.98
262,920190,雷神科技,26.34,5.57,1.39,68733.0,178650417.46,6.93,26.54,24.81,25.0,24.95,1.48,6.91,65.03,3.08,2634000026.0,2619329963.0,-0.04,0.27,-15.93,-5.56
263,001324,长青科技,18.58,5.57,0.98,45439.0,82517835.0,7.84,18.73,17.35,17.5,17.6,1.1,3.29,54.52,2.22,2564040000.0,2564040000.0,-0.16,-0.11,-3.78,3.39
264,002999,天禾股份,6.27,5.56,0.33,230551.0,144044271.4,3.7,6.38,6.16,6.19,5.94,2.32,6.69,35.67,1.77,2179401840.0,2161338954.0,0.0,-0.16,-1.26,-7.25
265,300997,欢乐家,16.76,5.54,0.88,107328.0,176757866.31,7.75,16.95,15.72,15.72,15.88,1.06,2.72,49.04,7.33,7290155441.0,6613350976.0,-0.36,-0.42,-15.78,-35.44
266,300872,天阳科技,15.83,5.53,0.83,198288.0,306727040.99,8.0,15.97,14.77,14.88,15.0,1.5,4.7,64.37,2.16,7726956744.0,6680682550.0,0.06,0.0,-20.69,-23.01
267,002663,普邦股份,1.72,5.52,0.09,393558.0,66685534.2,6.13,1.73,1.63,1.63,1.63,1.7,2.31,-124.41,1.53,2964160111.0,2936239830.0,-0.58,0.0,-12.24,-8.99
268,600094,大名城,4.02,5.51,0.21,220852.0,87517783.0,7.09,4.06,3.79,3.81,3.81,1.34,1.04,500.12,0.91,9346299181.0,8547444399.0,-0.25,0.0,-6.73,-3.37
269,003010,若羽臣,30.0,5.49,1.56,171267.0,507199964.3,8.76,30.4,27.91,28.15,28.44,1.41,7.57,32.25,13.34,9331784280.0,6784265460.0,0.0,0.27,15.7,-13.47
270,002566,益盛药业,7.11,5.49,0.37,118214.0,82454184.0,6.53,7.13,6.69,6.73,6.74,1.29,5.09,43.85,1.05,2353065876.0,1650249500.0,-0.14,0.0,-2.2,-5.83
271,600280,中央商场,3.08,5.48,0.16,412577.0,125313509.0,5.82,3.09,2.92,2.92,2.92,1.94,3.66,-124.25,13.07,3475271147.0,3475271147.0,0.33,0.0,-12.5,-20.0
272,600418,江淮汽车,21.22,5.47,1.1,968705.0,2014182309.0,8.3,21.52,19.85,20.04,20.12,1.41,4.3,-31.93,3.85,47833661298.0,47833661298.0,0.05,0.47,-41.99,-57.13
273,300865,大宏立,31.07,5.47,1.61,60587.0,183487834.38,8.11,31.5,29.11,29.47,29.46,0.85,9.75,51.91,3.35,2972777600.0,1930729414.0,0.23,0.16,11.36,14.23
274,603567,珍宝岛,5.61,5.45,0.29,441666.0,242670097.0,8.08,5.65,5.22,5.31,5.32,0.75,4.7,-7.33,0.86,5274719960.0,5270052468.0,0.0,-0.18,-21.97,-37.18
275,300086,康芝药业,6.77,5.45,0.35,198271.0,131565526.84,7.01,6.78,6.33,6.41,6.42,1.07,4.5,-65.56,3.47,3081192262.0,2983366514.0,-0.15,0.0,0.15,-43.72
276,002775,文科股份,3.68,5.44,0.19,140408.0,50681996.59,6.88,3.71,3.47,3.49,3.49,1.15,2.37,-47.14,69.97,2415416348.0,2178034268.0,-0.27,-0.27,-7.54,-14.02
277,002251,步步高,3.68,5.44,0.19,1274862.0,462619755.05,6.59,3.71,3.48,3.49,3.49,1.46,5.74,21.24,1.16,9894414856.0,8178697398.0,-0.27,-0.54,-26.4,-30.7
278,300504,天邑股份,15.5,5.44,0.8,82223.0,123828473.4,8.5,15.6,14.35,14.59,14.7,1.27,3.77,45.88,2.0,4200880990.0,3382898731.0,-0.51,0.19,-18.68,4.1
279,600721,百花医药,14.96,5.43,0.77,1344575.0,1958696436.0,11.13,15.08,13.5,13.88,14.19,1.15,34.97,194.88,7.19,5752832620.0,5752832620.0,0.2,0.81,100.54,22.62
280,600488,津药药业,5.45,5.42,0.28,706373.0,377254370.0,9.28,5.55,5.07,5.16,5.17,0.89,6.47,107.1,1.99,5950782406.0,5950782406.0,-0.18,-0.18,-2.85,34.9
281,605179,一鸣食品,29.94,5.42,1.54,277455.0,812540337.0,8.17,30.13,27.81,27.81,28.4,1.09,6.92,153.88,10.36,12005940000.0,12005940000.0,-0.13,1.59,93.04,43.46
282,600313,农发种业,7.01,5.41,0.36,1554721.0,1083427540.0,10.23,7.3,6.62,6.62,6.65,0.99,14.37,77.46,3.34,8141231523.0,7586212628.0,0.0,0.29,13.43,9.02
283,001323,慕思股份,19.5,5.41,1.0,38228.0,72356126.25,7.57,19.58,18.18,18.46,18.5,0.85,1.23,24.0,2.03,8484074898.0,6069336761.0,-0.1,-0.1,-2.69,-21.91
284,600686,金龙汽车,11.3,5.41,0.58,277026.0,308752080.0,6.62,11.39,10.68,10.7,10.72,2.2,3.86,14.67,2.24,8102635812.0,8102635812.0,0.27,-0.09,-15.36,-35.58
285,601218,吉鑫科技,4.48,5.41,0.23,351024.0,155344704.0,5.41,4.5,4.27,4.29,4.25,1.81,3.62,18.21,1.42,4341270134.0,4341270134.0,0.0,0.22,-16.73,-10.93
286,301252,同星科技,34.74,5.4,1.78,35258.0,119486480.3,8.43,34.98,32.2,32.81,32.96,1.21,2.6,57.37,4.32,5878891786.0,4714462570.0,0.0,0.2,3.42,7.26
287,002640,跨境通,3.32,5.4,0.17,1280262.0,419751736.14,5.71,3.33,3.15,3.16,3.15,1.9,8.27,8.23,8.03,5172697216.0,5140229857.0,0.3,0.0,-13.32,-26.71
288,300917,特发服务,27.16,5.39,1.39,90393.0,242244874.01,6.67,27.25,25.53,25.65,25.77,0.77,5.35,35.83,3.8,4590040000.0,4590040000.0,-0.04,0.0,-11.24,-30.0
289,002824,和胜股份,25.27,5.38,1.29,204900.0,501750977.54,8.97,25.5,23.35,23.8,23.98,1.35,9.06,44.54,3.35,7863337616.0,5715470805.0,-0.08,0.0,-0.51,31.41
290,688369,致远互联,20.2,5.37,1.03,45302.0,89359683.0,7.62,20.35,18.89,19.13,19.17,1.29,3.93,-8.95,3.05,2327405034.0,2327405034.0,-0.15,-0.3,-9.7,-20.57
291,000795,英洛华,9.02,5.37,0.46,598195.0,548382074.26,9.58,9.42,8.6,8.63,8.56,5.83,5.36,36.3,3.9,10068581440.0,10068566224.0,0.0,-0.11,3.32,-8.43
292,605319,无锡振华,25.72,5.37,1.31,60775.0,153995679.0,6.92,25.91,24.22,24.4,24.41,1.95,1.75,21.94,3.13,9004518502.0,8954467382.0,0.04,0.08,4.47,23.71
293,002627,三峡旅游,6.88,5.36,0.35,524651.0,368378555.34,5.82,7.18,6.8,7.01,6.53,6.47,7.51,30.52,1.55,4855074809.0,4803328031.0,-0.58,-0.15,-5.36,-6.65
294,002657,中科金财,15.76,5.35,0.8,147923.0,228861569.2,7.55,15.84,14.71,14.93,14.96,1.84,4.4,-18.67,3.35,5347587379.0,5297368454.0,0.06,0.06,-18.6,-47.22
295,688171,纬德信息,27.77,5.35,1.41,17495.0,47652207.0,8.46,28.12,25.89,26.1,26.36,1.29,1.5,-5444.19,3.94,3244945605.0,3244945605.0,0.11,0.18,-31.63,-16.91
296,001330,博纳影业,4.93,5.34,0.25,778105.0,379062567.01,7.26,4.96,4.62,4.68,4.68,1.65,6.69,-38.27,1.78,6776378591.0,5732837297.0,0.0,0.0,-45.76,-35.13
297,600857,宁波中百,20.33,5.34,1.03,66338.0,130071250.0,8.55,20.33,18.68,19.5,19.3,0.87,2.96,196.99,5.37,4560423953.0,4560423953.0,0.05,0.35,29.33,48.72
298,603089,正裕工业,11.09,5.32,0.56,224755.0,236703365.0,14.06,11.48,10.0,10.53,10.53,2.05,9.36,-42.75,1.64,3057726272.0,2661968942.0,0.09,0.09,5.22,-11.77
299,002173,创新医疗,18.61,5.32,0.94,517266.0,959194474.83,4.81,19.0,18.15,18.21,17.67,1.44,12.29,-77.72,4.98,8212301791.0,7832298227.0,0.05,0.05,8.01,-13.48
300,688160,步科股份,99.35,5.32,5.02,16573.0,159878599.0,9.56,100.53,91.51,94.0,94.33,0.82,1.82,170.17,6.91,9062230716.0,9062230716.0,0.21,-0.05,-5.83,-34.72
301,600262,北方股份,15.86,5.31,0.8,228917.0,363203443.0,7.3,16.55,15.45,15.76,15.06,4.13,9.62,13.78,2.02,3774680000.0,3774680000.0,-0.06,0.0,-0.5,-13.43
302,300124,汇川技术,61.39,5.3,3.09,440511.0,2680429908.09,4.27,61.99,59.5,60.0,58.3,2.33,1.83,29.58,4.52,166219806122.0,147969220661.0,-0.18,-0.15,-17.04,-17.96
303,688485,九州一轨,85.65,5.29,4.3,78825.0,661419432.0,12.16,88.39,78.5,80.85,81.35,0.75,5.24,-739.32,10.29,12872515110.0,12872515110.0,-0.05,0.07,69.1,380.1
304,600693,东百集团,8.96,5.29,0.45,654562.0,584351356.0,10.22,9.29,8.42,8.45,8.51,1.26,7.53,52.14,2.16,7793822364.0,7785816927.0,0.0,-0.22,-16.18,-49.61
305,300341,麦克奥迪,13.6,5.26,0.68,86415.0,115614868.25,6.04,13.64,12.86,12.92,12.92,2.13,1.68,31.83,3.52,7036780570.0,7015000510.0,0.07,0.07,-6.98,-16.41
306,002285,世联行,2.2,5.26,0.11,782693.0,170143826.96,7.18,2.22,2.07,2.09,2.09,1.37,3.96,-271.42,2.0,4384223884.0,4345524592.0,-0.9,-0.45,-17.29,-22.81
307,301218,华是科技,47.52,5.25,2.37,174893.0,837303116.55,13.53,50.5,44.39,44.83,45.15,1.66,24.96,-459.24,5.97,5419180800.0,3329671087.0,0.06,0.42,24.4,101.02
308,002843,泰嘉股份,16.07,5.24,0.8,110035.0,172434322.65,7.86,16.2,15.0,15.03,15.27,1.01,4.39,71.82,3.0,4045422621.0,4024456092.0,0.19,0.12,-29.08,-19.81
309,300749,顶固集创,25.57,5.23,1.27,75795.0,189088450.0,9.05,25.97,23.77,24.29,24.3,1.13,4.82,24.85,7.75,5246181558.0,4024605492.0,0.27,0.08,13.39,111.85
310,002339,积成电子,7.45,5.23,0.37,232298.0,170607720.5,7.06,7.53,7.03,7.07,7.08,2.67,4.85,-12.79,2.16,3755487441.0,3566467569.0,-0.13,0.0,-14.76,-15.34
311,688775,影石创新,122.71,5.21,6.08,40875.0,493426305.0,7.3,123.88,115.37,115.5,116.63,1.0,1.58,145.38,8.62,49206710000.0,31825848526.0,-0.03,0.14,-28.27,-47.71
312,920367,新赣江,27.45,5.21,1.36,65124.0,175158095.99,12.92,27.88,24.51,25.86,26.09,0.81,15.51,156.47,4.03,1945141313.0,1152696266.0,-0.47,0.15,65.06,36.3
313,002274,华昌化工,6.47,5.2,0.32,838897.0,519423157.62,8.78,6.49,5.95,6.06,6.15,2.42,8.94,25.03,1.17,6161799260.0,6067883871.0,0.31,0.78,12.52,16.58
314,688701,卓锦股份,8.7,5.2,0.43,24201.0,20726314.0,8.34,8.85,8.16,8.16,8.27,1.14,1.8,-29.86,8.99,1168213136.0,1168213136.0,-0.68,-0.57,-11.31,6.75
315,300386,飞天诚信,12.59,5.18,0.62,314588.0,390592567.79,11.03,13.0,11.68,11.91,11.97,1.43,12.23,-43.37,3.76,5263173960.0,3238244351.0,0.0,0.0,13.22,-30.25
316,003043,华亚智能,76.41,5.16,3.75,71621.0,531180314.83,11.11,77.07,69.0,70.81,72.66,1.11,7.62,352.62,5.39,11003811894.0,7183853794.0,0.1,-0.22,24.34,65.68
317,300787,海能实业,10.42,5.15,0.51,71452.0,73257174.64,6.26,10.47,9.85,9.91,9.91,1.28,3.64,-84.3,2.21,3265972068.0,2047870390.0,0.0,0.0,4.1,-9.78
318,600330,天通股份,27.41,5.14,1.34,1794574.0,4943651358.0,12.5,28.68,25.42,25.48,26.07,1.21,14.55,-201.99,4.36,33808437343.0,33808437343.0,0.04,0.26,-10.42,108.76
319,603918,金桥信息,10.87,5.13,0.53,245166.0,263595604.0,8.22,10.98,10.13,10.25,10.34,2.08,6.71,-32.57,4.06,3968718808.0,3968718808.0,0.0,-0.09,-7.17,-30.72
320,688331,荣昌生物,122.37,5.11,5.95,115161.0,1387894353.0,5.83,123.3,116.51,116.53,116.42,1.26,3.24,7.41,8.31,69075109595.0,43551023378.0,0.01,0.11,6.18,57.31
321,603655,朗博科技,32.7,5.11,1.59,16641.0,52951238.0,7.88,33.04,30.59,31.24,31.11,0.77,1.57,91.81,6.19,3466200000.0,3466200000.0,0.0,0.0,-13.83,-21.3
322,920405,海希通讯,17.29,5.11,0.84,14962.0,25050027.59,10.76,17.55,15.78,15.83,16.45,0.91,1.41,638.21,2.83,2359571193.0,1837763419.0,-0.35,-0.8,29.8,-32.41
323,301089,拓新药业,24.32,5.1,1.18,39134.0,93173119.87,7.35,24.35,22.65,22.92,23.14,0.57,4.33,-73.21,2.09,3077562240.0,2200231932.0,0.0,0.08,-0.41,-13.14
324,300203,聚光科技,13.6,5.1,0.66,137147.0,184513686.44,6.57,13.75,12.9,12.92,12.94,1.67,3.06,-35.44,2.36,6102831360.0,6097811940.0,0.0,0.29,10.21,-14.25
325,688247,宣泰医药,9.92,5.08,0.48,80432.0,77640408.0,7.73,9.99,9.26,9.26,9.44,0.65,1.77,67.88,3.45,4497132800.0,4497132800.0,-0.2,0.2,13.89,2.37
326,002343,慈文传媒,5.17,5.08,0.25,132760.0,67754587.4,6.5,5.21,4.89,4.92,4.92,1.02,2.8,-46.62,2.56,2448927079.0,2448927079.0,-0.19,-0.19,-6.17,-27.79
327,002864,盘龙药业,22.38,5.07,1.08,48478.0,106876070.8,6.38,22.42,21.06,21.3,21.3,1.32,4.92,35.15,1.82,3059366769.0,2206594750.0,0.0,0.0,0.04,-4.89
328,605001,威奥股份,6.02,5.06,0.29,118778.0,70493341.0,5.41,6.04,5.73,5.78,5.73,1.16,3.02,48.44,0.88,2365173720.0,2365173720.0,0.17,0.0,-7.67,-20.05
329,603087,甘李药业,68.78,5.06,3.31,129090.0,868217022.0,6.2,69.16,65.1,65.5,65.47,0.91,2.3,53.37,3.65,41091384584.0,38614232854.0,-0.03,-0.06,30.49,2.55
330,688310,迈得医疗,15.81,5.05,0.76,60579.0,97467063.0,14.15,17.04,14.91,14.91,15.05,3.75,3.69,-79.39,3.35,2597971926.0,2597971926.0,-0.19,-0.13,-6.62,4.84
331,002144,宏达高科,11.29,5.02,0.54,78692.0,87591501.5,5.77,11.33,10.71,10.75,10.75,2.34,5.72,42.42,0.93,1995648941.0,1554172379.0,-0.09,-0.27,-7.84,-10.68
332,603955,大千生态,20.1,5.02,0.96,27487.0,54009552.0,5.75,20.12,19.02,19.14,19.14,1.14,2.03,-53.99,1.91,2727972000.0,2727972000.0,0.05,0.1,-17.93,-30.71
333,002615,哈尔斯,6.69,5.02,0.32,168557.0,111619679.34,6.91,6.75,6.31,6.36,6.37,2.32,5.58,38.32,1.57,3745140420.0,2021831442.0,0.0,0.15,-15.1,-12.78
334,002724,海洋王,6.71,5.01,0.32,427985.0,284605124.01,6.89,6.8,6.36,6.4,6.39,0.84,7.56,91.11,1.91,5176751540.0,3801069319.0,-0.15,0.0,21.12,0.45
335,002530,金财互联,7.37,4.99,0.35,241225.0,175207249.52,5.13,7.39,7.03,7.04,7.02,2.41,3.41,66.05,4.24,5742690550.0,5208095690.0,0.0,0.27,-5.99,-31.44
336,600530,ST交昂,3.79,4.99,0.18,98020.0,36419785.0,5.82,3.79,3.58,3.62,3.61,1.67,1.26,-105.09,9.47,2936946800.0,2936946800.0,0.0,0.0,-48.22,-41.15
337,603768,常青股份,11.8,4.98,0.56,42691.0,49594320.0,6.58,11.89,11.15,11.25,11.24,2.06,1.79,101.23,1.28,2807879113.0,2807879113.0,-0.25,-0.08,1.72,1.72
338,300226,上海钢联,16.87,4.98,0.8,146349.0,243711907.19,7.22,17.06,15.9,16.0,16.07,2.58,3.98,25.88,2.81,6452196460.0,6203046180.0,0.0,0.06,-8.46,-19.24
339,000948,南天信息,14.37,4.97,0.68,154476.0,219610514.68,7.16,14.46,13.48,13.56,13.69,1.5,3.97,213.51,2.05,5602701682.0,5591274472.0,0.0,-0.07,4.51,-19.81
340,301227,森鹰窗业,31.91,4.97,1.51,31415.0,98271019.2,7.27,32.12,29.91,30.88,30.4,0.81,4.25,-54.37,2.64,4194854680.0,2358418225.0,0.09,-0.03,42.07,-15.74
341,300157,新锦动力,4.01,4.97,0.19,490829.0,194643681.78,6.28,4.03,3.79,3.82,3.82,1.55,6.69,-18.72,-16.37,3069034280.0,2941097937.0,0.25,0.25,-14.32,-11.67
342,688175,高凌信息,19.85,4.97,0.94,25226.0,48817846.0,7.3,19.85,18.47,18.47,18.91,1.12,1.5,762.46,1.95,3337025185.0,3337025185.0,0.2,0.35,-27.5,-19.64
343,603456,九洲药业,16.49,4.96,0.78,354892.0,572317313.0,7.64,16.71,15.51,15.51,15.71,0.91,4.03,18.77,1.63,14539398362.0,14539398362.0,0.12,0.06,29.94,-7.36
344,300960,通业科技,17.36,4.96,0.82,35574.0,60825582.55,7.32,17.43,16.22,16.55,16.54,2.29,2.7,120.63,3.8,2519724144.0,2284218384.0,-0.06,-0.17,-7.41,-31.06
345,920165,珈凯生物,37.98,4.95,1.79,15641.0,59426215.87,8.04,38.96,36.05,36.19,36.19,1.11,16.28,24.4,3.07,1833459775.0,364799457.0,-0.11,-0.03,97.2,97.2
346,688398,赛特新材,20.81,4.94,0.98,30089.0,61838658.0,8.52,21.18,19.49,19.74,19.83,1.71,1.79,1037.88,3.42,3492213606.0,3492213606.0,-0.57,-0.38,-29.05,22.77
347,002282,博深股份,6.16,4.94,0.29,116545.0,70928357.0,4.94,6.17,5.88,5.9,5.87,3.37,2.29,20.33,0.9,3245324224.0,3138743719.0,0.33,0.49,-3.6,-14.44
348,300152,*ST动力,1.7,4.94,0.08,266007.0,44438975.0,9.88,1.75,1.59,1.62,1.62,1.87,3.73,-89.39,5.73,1211760000.0,1211713803.0,0.59,0.0,-10.99,-20.56
349,603738,泰晶科技,37.7,4.93,1.77,388516.0,1424944324.0,10.21,38.21,34.54,34.78,35.93,0.93,10.07,157.82,8.07,14547958448.0,14547958448.0,0.08,-0.03,-11.0,140.59
350,301101,明月镜片,29.56,4.93,1.39,31478.0,91711345.98,5.5,29.77,28.22,28.67,28.17,1.61,1.62,26.81,3.36,5956697676.0,5737688907.0,0.03,0.03,-10.34,-27.78
351,000526,学大教育,36.28,4.92,1.7,75163.0,267332448.0,10.38,37.3,33.71,34.58,34.58,0.79,6.19,7.36,3.57,4421121035.0,4407058907.0,0.0,-0.03,22.4,-7.5
352,002109,ST兴化,2.78,4.91,0.13,98119.0,27053978.5,4.53,2.8,2.68,2.68,2.65,1.64,0.77,-62.77,0.91,3548030186.0,3548030186.0,0.36,-0.36,-7.95,-21.69
353,300828,锐新科技,17.3,4.91,0.81,82895.0,141559332.0,7.82,17.53,16.24,16.36,16.49,0.95,8.74,94.49,3.65,2879100600.0,1640160875.0,0.12,0.12,-10.59,3.16
354,603000,人民网,16.5,4.9,0.77,196366.0,320146900.0,5.85,16.6,15.68,15.72,15.73,1.97,1.78,-137.14,4.93,18243902424.0,18243902424.0,0.0,0.12,-7.56,-12.79
355,300692,中赋科技,9.43,4.89,0.44,233032.0,213534409.5,7.34,9.47,8.81,9.05,8.99,0.88,4.54,74.0,1.68,5302263774.0,4838363647.0,-0.32,0.11,15.56,12.53
356,301027,华蓝集团,21.27,4.88,0.99,59066.0,122856975.0,6.31,21.37,20.09,20.09,20.28,1.11,4.87,-95.41,3.48,3126690000.0,2577755839.0,0.05,-0.05,0.9,15.54
357,603967,中创物流,11.84,4.87,0.55,65751.0,77190910.0,5.49,11.9,11.28,11.31,11.29,2.29,1.9,10.38,1.82,4104533846.0,4104533846.0,0.17,0.17,-5.43,-9.48
358,301567,贝隆精密,36.94,4.85,1.71,12399.0,44828622.71,6.33,37.08,34.85,34.85,35.23,1.24,5.84,162.34,3.66,2659680000.0,784600059.0,-0.24,0.0,-16.31,-21.4
359,300751,迈为股份,211.5,4.85,9.78,125490.0,2566273601.54,9.63,212.93,193.51,193.51,201.72,1.14,6.51,116.99,7.33,58987720548.0,40787596283.0,0.0,0.11,-12.78,2.92
360,301228,实朴检测,62.68,4.85,2.9,34170.0,211123387.2,6.52,63.1,59.2,59.7,59.78,1.24,2.86,-7214.38,12.49,7521600000.0,7496647092.0,-0.02,0.08,-11.03,62.34
361,688612,威迈斯,34.58,4.85,1.6,66906.0,227236764.0,6.25,34.72,32.66,32.78,32.98,1.25,2.61,25.27,4.03,14495365707.0,8876663903.0,0.0,-0.2,2.43,7.03
362,000661,长春高新,79.8,4.85,3.69,96951.0,763664900.36,6.29,80.49,75.7,76.0,76.11,1.02,2.43,34.24,1.45,32553414814.0,31889973734.0,-0.01,-0.11,9.09,-13.63
363,688508,芯朋微,85.44,4.83,3.94,99994.0,854984004.0,12.4,89.11,79.0,79.7,81.5,1.22,7.55,35.9,3.91,11313994362.0,11313994362.0,0.31,0.28,-9.41,41.34
364,603506,南都物业,11.09,4.82,0.51,75040.0,81698570.0,7.28,11.17,10.4,10.4,10.58,0.69,4.0,10.91,1.74,2082455569.0,2082455569.0,0.18,-0.54,-5.21,-13.7
365,301317,鑫磊股份,44.9,4.81,2.06,33393.0,146231406.16,8.96,45.25,41.41,42.42,42.84,1.6,6.4,-90.87,5.98,7057831000.0,2343633312.0,-0.02,0.09,-28.51,40.53
366,002908,德生科技,7.19,4.81,0.33,114392.0,81663658.88,7.14,7.29,6.8,6.86,6.86,2.49,3.52,-58.93,2.93,3101996713.0,2338533954.0,-0.14,0.0,-6.62,-31.39
367,600475,华光环能,15.25,4.81,0.7,150602.0,226045632.0,6.12,15.39,14.5,14.55,14.55,1.3,1.6,31.38,1.73,14578477367.0,14379007367.0,0.13,0.13,-4.15,-14.9
368,000505,京粮控股,6.98,4.8,0.32,975942.0,683164675.53,11.41,7.28,6.52,6.57,6.66,1.16,15.43,155.88,1.77,5074112752.0,4414014745.0,-0.57,-0.14,14.24,-17.98
369,300378,鼎捷数智,31.67,4.8,1.45,97594.0,300084363.1,7.88,31.93,29.55,30.22,30.22,1.14,3.62,-267.58,3.76,8600136146.0,8535481841.0,-0.35,0.32,-21.36,-29.84
370,300691,联合光电,14.87,4.79,0.68,44765.0,65333538.19,6.48,14.95,14.03,14.26,14.19,1.17,2.03,-258.85,2.43,4000755150.0,3282375844.0,0.0,0.27,-7.64,-13.9
371,920370,新安洁,2.85,4.78,0.13,29546.0,8287643.68,5.51,2.85,2.7,2.71,2.72,1.3,1.13,-29.37,1.52,855807528.0,747800670.0,0.0,0.35,-7.77,-31.16
372,002515,金字火腿,8.35,4.77,0.38,1494471.0,1254883850.26,13.93,8.77,7.66,7.81,7.97,1.44,13.56,-621.79,3.9,10108628269.0,9200463565.0,0.0,-0.12,34.03,37.34
373,603798,康普顿,13.17,4.77,0.6,45659.0,59264167.0,6.21,13.25,12.47,12.58,12.57,1.44,1.78,18.18,2.78,3377441891.0,3377441891.0,0.15,0.15,-17.94,-19.74
374,300888,稳健医疗,29.85,4.77,1.36,47691.0,140687288.95,3.55,29.85,28.84,28.84,28.49,1.45,0.82,16.94,1.49,17401682201.0,17323774417.0,0.03,0.1,1.22,-20.48
375,300807,天迈科技,37.65,4.76,1.71,15662.0,57911934.5,8.57,37.78,34.7,35.33,35.94,1.25,3.02,-75.37,5.82,2561690451.0,1955509788.0,-0.16,0.16,-18.33,-31.78
376,300968,格林精密,10.35,4.76,0.47,109777.0,111789337.69,7.29,10.43,9.71,9.77,9.88,1.24,2.66,-23.74,2.4,4278483000.0,4278483000.0,-0.1,-0.1,-11.99,-30.49
377,300705,九典制药,11.44,4.76,0.52,156458.0,176282712.16,6.14,11.49,10.82,10.9,10.92,0.6,4.23,17.92,2.24,5723331259.0,4232186313.0,-0.09,-0.09,-3.46,-21.54
378,688300,联瑞新材,145.75,4.75,6.61,149104.0,2081387908.0,12.05,146.99,130.22,135.1,139.14,1.19,6.17,118.09,20.31,35194134443.0,35194134443.0,0.03,-0.17,-16.24,136.65
379,301029,怡合达,25.86,4.74,1.17,150767.0,387243604.08,4.25,26.15,25.1,25.53,24.69,1.83,3.33,25.83,3.74,16441444372.0,11711032215.0,-0.15,0.0,-5.69,-0.61
380,688129,东来技术,21.86,4.74,0.99,14427.0,30953377.0,6.8,21.99,20.57,20.87,20.87,1.66,1.2,28.81,2.63,2633666568.0,2633666568.0,0.23,-0.14,-23.54,9.46
381,688592,司南导航,24.77,4.74,1.12,13001.0,31806316.0,7.36,25.07,23.33,23.33,23.65,1.22,2.35,-99.47,3.05,2876956508.0,1370660137.0,-0.12,0.08,-4.8,-12.84
382,603320,迪贝电气,17.9,4.74,0.81,78398.0,136819433.0,11.41,18.61,16.66,16.68,17.09,3.31,5.26,41.72,2.28,2669717034.0,2669717034.0,0.0,0.28,-21.73,-5.24
383,002510,天汽模,5.76,4.73,0.26,299375.0,170679529.72,4.55,5.79,5.54,5.54,5.5,1.81,2.98,99.53,2.31,5847198958.0,5787918409.0,0.0,0.17,-11.25,-21.42
384,000014,沙河股份,10.42,4.72,0.47,72017.0,73943665.04,5.83,10.45,9.87,9.89,9.95,1.59,2.98,-74.28,1.83,2522121654.0,2522121654.0,0.1,0.0,-6.88,-22.53
385,000736,中交发展,4.45,4.71,0.2,337969.0,150701668.57,9.41,4.64,4.24,4.27,4.25,1.09,4.52,90.73,2.71,3324587884.0,3324587884.0,0.0,0.0,-17.13,-17.13
386,920786,骑士乳业,7.33,4.71,0.33,97059.0,70531001.91,5.57,7.4,7.01,7.01,7.0,0.84,7.03,19.51,1.97,1532358490.0,1011917165.0,0.27,0.55,-6.62,-24.74
387,688579,地纬智能,8.02,4.7,0.36,50834.0,40127560.0,6.27,8.06,7.58,7.61,7.66,1.25,1.27,-58.47,2.33,3208080200.0,3208080200.0,0.38,0.25,-11.58,-25.26
388,300877,金春股份,28.75,4.7,1.29,36373.0,103620876.5,7.65,28.98,26.88,27.39,27.46,0.72,3.03,293.02,2.09,3450000000.0,3449969813.0,-0.17,-0.14,-11.81,-0.93
389,920505,九菱科技,29.38,4.7,1.32,20421.0,60469080.46,5.24,30.45,28.98,29.38,28.06,1.82,5.67,117.6,5.7,1903396962.0,1058001006.0,-0.17,0.51,-10.92,-32.12
390,002193,ST如意,4.91,4.69,0.22,67548.0,32955410.78,6.4,4.95,4.65,4.72,4.69,1.5,2.58,-6.84,6.25,1285023351.0,1285015986.0,0.0,0.0,-1.6,-7.71
391,300547,川环科技,26.21,4.67,1.17,79101.0,203186585.13,7.47,26.4,24.53,24.77,25.04,1.33,4.44,35.99,4.29,5685110821.0,4671240477.0,0.11,0.08,-21.97,-33.0
392,301057,汇隆新材,22.42,4.67,1.0,19684.0,43332783.68,7.24,22.65,21.1,21.1,21.42,1.0,2.43,40.16,3.44,2622454800.0,1816407597.0,-0.49,-0.22,-25.37,-37.58
393,002209,达 意 隆,13.5,4.65,0.6,187670.0,247514087.79,6.9,13.55,12.66,12.73,12.9,1.61,11.89,11.58,2.93,2761155675.0,2130958638.0,0.07,0.3,7.83,-15.84
394,603007,顺景科技,4.73,4.65,0.21,221662.0,103266374.0,6.64,4.76,4.46,4.49,4.52,1.5,3.19,-171.87,17.85,4183430058.0,3287771107.0,0.0,0.0,-21.43,-21.69
395,002873,新天药业,8.78,4.65,0.39,102336.0,88643779.0,6.79,8.87,8.3,8.3,8.39,0.98,4.27,153.3,1.71,2143231417.0,2104483011.0,0.11,0.23,-0.9,-11.22
396,300403,汉宇集团,9.46,4.65,0.42,100202.0,92877241.11,6.08,9.49,8.94,9.01,9.04,1.02,2.29,31.99,2.62,5704380000.0,4145001291.0,0.0,0.0,-9.3,-33.98
397,688322,奥比中光-W,96.8,4.65,4.3,112804.0,1066396561.0,7.66,97.78,90.69,90.7,92.5,0.78,3.52,479.85,9.96,39962402058.0,31001535066.0,0.08,0.0,-6.06,7.95
398,301357,北方长龙,89.99,4.64,3.99,66167.0,595775034.3,10.49,93.1,84.08,85.0,86.0,1.69,6.95,-171.98,7.55,8567048000.0,8567048000.0,0.0,1.03,-3.07,-36.13
399,603103,横店影视,14.88,4.64,0.66,55031.0,80592334.0,5.77,14.92,14.1,14.25,14.22,1.47,0.87,-76.57,8.02,9436896000.0,9436896000.0,0.0,0.0,-34.3,-10.25
400,601595,上海电影,16.48,4.63,0.73,61318.0,99540721.0,5.27,16.5,15.67,15.7,15.75,1.35,1.37,141.98,4.43,7386336000.0,7386336000.0,-0.06,0.0,-23.35,-42.44
401,603707,健友股份,8.14,4.63,0.36,113533.0,90615944.0,5.4,8.16,7.74,7.76,7.78,0.58,0.7,36.94,1.94,13151399303.0,13151399303.0,-0.12,0.12,-0.49,-8.85
402,301065,本立科技,20.1,4.63,0.89,46695.0,93064106.19,4.79,20.29,19.37,19.43,19.21,3.07,5.41,23.8,1.53,2131002000.0,1734378750.0,0.05,0.25,-4.96,-4.56
403,002574,明牌珠宝,4.99,4.61,0.22,421133.0,214414534.88,7.34,5.25,4.9,4.95,4.77,4.73,7.98,53.5,0.97,2634720000.0,2634720000.0,-0.4,-0.4,-2.16,-11.21
404,002820,桂发祥,9.76,4.61,0.43,308400.0,297934353.96,8.25,9.95,9.18,9.27,9.33,1.17,15.35,-141.53,2.36,1960474559.0,1960474559.0,-0.61,-0.61,-5.33,-17.98
405,000727,冠捷科技,2.27,4.61,0.1,1408461.0,317667645.38,6.91,2.31,2.16,2.17,2.17,1.97,3.11,-9.09,5.7,10282117045.0,10282117045.0,0.44,0.0,-24.58,-10.63
406,600712,南宁百货,5.45,4.61,0.24,125826.0,67280500.0,5.57,5.45,5.16,5.2,5.21,1.21,2.34,1047.13,3.92,2968371712.0,2935633622.0,0.0,0.18,-9.62,-20.09
407,600082,ST海泰,2.95,4.61,0.13,105021.0,30776702.0,8.16,3.03,2.8,2.81,2.82,1.86,1.66,-35.22,1.13,1906041687.0,1871289465.0,0.0,0.0,-13.74,-27.34
408,001277,速达股份,33.36,4.61,1.47,109055.0,353312281.21,11.26,34.4,30.81,30.81,31.89,2.2,23.94,44.12,1.64,2535360000.0,1519530953.0,0.03,0.09,1.37,-14.81
409,300257,开山股份,17.94,4.61,0.79,98427.0,172932642.0,6.82,18.05,16.88,17.0,17.15,0.85,1.03,55.94,2.73,17825812223.0,17127142188.0,0.11,-0.06,-37.29,28.6
410,600303,曙光股份,2.96,4.59,0.13,227664.0,66286396.0,6.71,2.99,2.8,2.82,2.83,1.22,3.36,-8.4,2.15,2023468465.0,2005436145.0,0.34,0.0,-12.17,-9.2
411,002800,天顺股份,14.37,4.59,0.63,82736.0,117444101.16,10.04,14.58,13.2,13.2,13.74,1.55,5.65,-143.61,4.51,2187876573.0,2103377136.0,-0.07,-0.35,-17.79,-8.82
412,300486,东杰智能,23.01,4.59,1.01,171062.0,387344814.13,7.45,23.19,21.55,21.91,22.0,1.02,3.59,309.05,6.48,10979197017.0,10975897176.0,0.0,0.13,-7.85,17.4
413,603703,盛洋科技,10.06,4.57,0.44,187926.0,184774290.0,6.96,10.12,9.45,9.5,9.62,0.94,4.53,170.82,5.05,4174720127.0,4174720127.0,0.0,0.0,-19.13,-31.0
414,000592,平潭发展,6.18,4.57,0.27,1278939.0,776484281.95,7.45,6.25,5.81,5.85,5.91,0.66,6.68,-1650.68,6.74,11938405913.0,11835271335.0,0.0,0.16,-28.22,-59.87
415,000153,丰原药业,6.19,4.56,0.27,313271.0,190901587.93,5.91,6.21,5.86,5.89,5.92,0.57,6.83,19.43,1.35,2876403381.0,2840395996.0,0.0,0.16,7.84,0.32
416,603458,勘设股份,9.64,4.56,0.42,185809.0,175450528.0,9.44,9.75,8.88,9.1,9.22,0.91,6.07,-11.37,1.2,2951040315.0,2951040315.0,-0.1,0.0,-26.3,-3.79
417,301123,奕东电子,77.04,4.56,3.36,97005.0,728949060.46,10.26,78.2,70.64,72.05,73.68,1.11,5.88,476.21,6.45,18076665600.0,12714807637.0,0.08,0.12,-13.19,4.73
418,300351,永贵电器,14.22,4.56,0.62,110129.0,154516564.0,7.35,14.38,13.38,13.58,13.6,1.38,4.18,-63.59,2.29,5530330247.0,3745799097.0,0.0,0.0,-19.16,-20.96
419,301149,隆华新材,8.04,4.55,0.35,117765.0,93002483.2,5.59,8.09,7.66,7.69,7.69,2.08,3.46,24.07,2.16,4494360185.0,2734490535.0,0.12,0.0,-10.77,-0.99
420,002012,凯恩股份,6.9,4.55,0.3,188119.0,128043740.89,7.42,7.0,6.51,6.68,6.6,1.81,4.02,135.29,2.07,3226615743.0,3226615743.0,-0.14,0.0,-8.61,7.31
421,605277,新亚电子,15.17,4.55,0.66,71052.0,106520206.0,6.2,15.3,14.4,14.51,14.51,1.59,1.84,33.15,3.52,5897874806.0,5858595019.0,0.0,-0.07,-28.71,-16.46
422,605169,洪通燃气,11.28,4.54,0.49,58103.0,65005475.0,6.21,11.38,10.71,10.73,10.79,0.88,2.05,181.8,1.63,3190886400.0,3190886400.0,-0.18,-0.09,-3.51,-13.1
423,300149,睿智医药,10.14,4.54,0.44,369855.0,365714917.24,8.14,10.22,9.43,9.54,9.7,0.82,7.68,-70.51,3.93,5120556083.0,4883274780.0,-0.2,-0.2,17.5,6.07
424,002575,群兴玩具,5.08,4.53,0.22,300879.0,151034240.43,6.79,5.12,4.79,4.83,4.86,1.08,5.15,-32.22,3.92,3131820000.0,2968373540.0,0.0,-0.2,-10.25,-17.8
425,000721,西安饮食,6.69,4.53,0.29,182777.0,120789916.78,5.31,6.71,6.37,6.37,6.4,1.59,3.57,-36.7,36.98,3839486721.0,3427690461.0,0.15,0.0,0.15,-25.25
426,600638,新黄浦,5.08,4.53,0.22,148650.0,74460080.0,5.35,5.1,4.84,4.84,4.86,1.23,2.21,6.18,0.73,3420855673.0,3420855673.0,0.0,-0.2,-12.71,-21.12
427,688536,思瑞浦,315.35,4.53,13.66,60812.0,1873222376.0,8.17,320.65,296.01,299.0,301.69,1.1,4.48,70.74,6.58,43542103564.0,42776905528.0,0.06,0.23,12.46,97.43
428,002887,绿茵生态,9.46,4.53,0.41,57299.0,53252885.7,8.18,9.65,8.91,9.02,9.05,0.85,2.64,32.89,1.26,2894644720.0,2055008230.0,0.21,0.11,-29.19,4.42
429,301687,新广益,50.08,4.51,2.16,33902.0,166934669.33,7.8,50.49,46.75,46.87,47.92,1.32,10.88,61.73,4.83,7354949120.0,1560134528.0,0.0,0.0,-13.74,-29.48
430,605158,华达新材,7.89,4.5,0.34,77559.0,60141005.0,5.43,7.94,7.53,7.57,7.55,2.01,1.52,-34.96,1.68,4035103800.0,4035103800.0,-0.13,0.0,13.36,-1.25
431,603700,宁水集团,11.85,4.5,0.51,61000.0,70918185.0,4.94,11.85,11.29,11.34,11.34,1.5,3.05,54.89,1.5,2369548918.0,2369548918.0,0.34,0.25,4.04,-10.84
432,000850,华茂股份,4.41,4.5,0.19,167663.0,72894073.35,4.5,4.41,4.22,4.25,4.22,1.8,1.78,-152.28,0.91,4161562690.0,4160281011.0,0.0,0.23,8.89,-17.88
433,000676,智度股份,6.73,4.5,0.29,777244.0,516397077.11,5.75,6.75,6.38,6.4,6.44,1.29,6.17,45.95,1.98,8478381417.0,8473262020.0,0.3,0.15,10.87,-22.02
434,002086,东方海洋,2.1,4.48,0.09,666959.0,137045014.58,5.47,2.1,1.99,2.0,2.01,0.74,4.22,-91.27,3.24,4113787650.0,3320698788.0,0.48,0.96,8.81,-9.09
435,300468,四方精创,24.02,4.48,1.03,731162.0,1726161678.84,8.39,24.29,22.36,22.7,22.99,1.79,13.8,300.45,7.86,12746195586.0,12725971754.0,-0.04,0.04,-1.88,-38.04
436,688196,卓越新能,35.69,4.48,1.53,24398.0,85748918.0,6.59,35.95,33.7,34.16,34.16,0.84,1.92,37.66,1.44,4539439474.0,4539439474.0,0.39,0.14,-17.13,-38.89
437,920199,倍益康,25.88,4.48,1.11,13725.0,35231490.85,4.44,26.1,25.0,25.59,24.77,1.02,3.62,806.88,3.35,1762668684.0,981544419.0,-0.08,0.5,1.57,-25.18
438,002272,川润股份,16.09,4.48,0.69,422319.0,668502935.93,10.13,16.45,14.89,15.13,15.4,1.05,10.35,-63.17,5.35,7801675757.0,6566861547.0,0.0,0.0,-18.32,-1.59
439,002772,众兴菌业,10.74,4.47,0.46,154992.0,164156453.16,6.61,10.84,10.16,10.2,10.28,0.75,4.17,10.54,1.13,4024734804.0,3991377374.0,0.0,-0.19,-21.38,-24.1
440,603393,新天然气,25.26,4.47,1.08,139501.0,348422234.0,5.25,25.5,24.23,24.25,24.18,1.08,3.29,13.88,1.11,10708252720.0,10708252720.0,-0.04,-0.04,-9.14,-5.0
441,301072,中捷精工,43.69,4.47,1.87,32699.0,138989744.86,8.23,44.0,40.56,41.82,41.82,1.03,4.81,-127.49,6.49,4589459085.0,2967519738.0,0.0,0.41,89.79,94.01
442,688658,悦康药业,13.8,4.47,0.59,219110.0,292620874.0,7.42,13.84,12.86,13.0,13.21,0.86,4.87,-29.6,1.93,6210000000.0,6210000000.0,-0.14,-0.14,-21.46,-38.97
443,002163,海南发展,8.2,4.46,0.35,291391.0,236963653.68,6.24,8.26,7.77,7.82,7.85,1.49,3.63,-51.75,13.03,6928654509.0,6589100775.0,0.0,0.12,-20.31,-65.6
444,300912,凯龙高科,19.91,4.46,0.85,44715.0,87805175.03,6.56,20.05,18.8,19.0,19.06,0.96,5.2,56.05,5.06,2267446368.0,1711746820.0,0.0,-0.1,-24.38,20.67
445,002492,恒基达鑫,5.63,4.45,0.24,85867.0,47781817.0,6.12,5.68,5.35,5.37,5.39,1.5,2.16,29.04,1.4,2280150000.0,2239809502.0,-0.35,-0.18,-12.31,-35.58
446,301359,东南电子,17.6,4.45,0.75,27305.0,47431115.6,6.47,17.8,16.71,16.85,16.85,1.83,3.84,58.89,2.53,2115097600.0,1252187675.0,-0.68,-0.68,-16.98,-6.48
447,002036,联创电子,6.81,4.45,0.29,547533.0,367024815.52,6.75,6.85,6.41,6.5,6.52,1.44,5.19,-10.06,10.71,7202242761.0,7187735548.0,0.0,0.15,-28.47,-38.2
448,000558,天府文旅,3.53,4.44,0.15,507201.0,178996176.0,6.8,3.62,3.39,3.39,3.38,2.85,3.94,-108.02,4.44,4550960540.0,4549056666.0,0.0,0.0,-7.83,-31.46
449,301011,华立科技,15.29,4.44,0.65,22571.0,34035007.17,5.05,15.34,14.6,14.73,14.64,1.17,1.54,-56.32,2.55,2361649457.0,2242995234.0,0.0,-0.07,-10.74,-40.13
450,600325,华发股份,2.35,4.44,0.1,983106.0,228262692.0,5.78,2.36,2.23,2.24,2.25,1.33,3.57,-1.71,0.75,6467557473.0,6467557473.0,0.0,0.43,-20.61,-44.31
451,688007,光峰科技,10.38,4.43,0.44,61540.0,62869145.0,5.43,10.42,9.88,9.96,9.94,1.13,1.34,-25.83,2.02,4770810291.0,4770810291.0,-0.19,-0.19,-24.4,-44.1
452,688798,艾为电子,54.91,4.43,2.33,33557.0,180249091.0,8.84,55.95,51.3,52.01,52.58,1.27,2.47,67.46,3.05,12801110645.0,7453678550.0,-0.16,-0.15,-26.71,-27.44
453,002200,交投生态,6.83,4.43,0.29,48654.0,32641189.7,5.81,6.86,6.48,6.54,6.54,1.24,2.49,28.96,2.3,3081187718.0,1336808375.0,0.0,0.0,-7.95,-9.05
454,000813,德展健康,3.31,4.42,0.14,398018.0,129254372.8,5.99,3.33,3.14,3.17,3.17,0.72,1.9,-50.41,1.51,6941419337.0,6940277387.0,-0.3,-0.3,-2.93,-13.8
455,002434,万里扬,5.91,4.42,0.25,204722.0,119468875.7,6.18,5.95,5.6,5.65,5.66,1.39,1.56,55.14,1.32,7757466000.0,7749902973.0,0.0,0.0,-16.05,-37.66
456,002682,龙洲股份,4.73,4.42,0.2,422924.0,197545709.0,6.62,4.77,4.47,4.48,4.53,0.8,7.52,-14.44,5.05,2660003450.0,2660003450.0,-0.21,-0.63,-10.59,-44.81
457,600159,大龙地产,2.6,4.42,0.11,180177.0,46141711.0,5.22,2.6,2.47,2.49,2.49,1.29,2.17,-34.3,1.48,2158008403.0,2158008403.0,0.39,0.39,-10.96,-6.14
458,301025,读客文化,9.44,4.42,0.4,130670.0,121456939.36,5.2,9.44,8.97,9.05,9.04,0.9,4.71,172.78,6.03,3778920736.0,2616302986.0,0.11,0.43,-3.38,-3.28
459,600725,云维股份,3.31,4.42,0.14,336420.0,110290019.0,5.68,3.33,3.15,3.16,3.17,1.69,2.73,-1068.47,15.91,4079475700.0,4079475700.0,0.0,0.0,-16.41,-20.81
460,688113,联测科技,37.12,4.42,1.57,8441.0,30922321.0,7.2,37.47,34.91,35.55,35.55,1.43,1.31,21.04,2.39,2390437390.0,2390437390.0,-0.16,-0.35,-5.83,-5.67
461,300115,长盈精密,25.99,4.42,1.1,346023.0,883821204.16,7.15,26.34,24.56,24.8,24.89,0.81,2.55,70.63,4.25,35381489125.0,35277132985.0,-0.08,0.23,-20.52,-43.96
462,600758,辽宁能源,3.56,4.4,0.15,1088451.0,386922000.0,10.26,3.72,3.37,3.4,3.41,1.28,8.24,-10.18,0.88,4706381923.0,4701846483.0,0.0,0.28,-31.01,-2.2
463,600151,航天机电,10.21,4.4,0.43,327343.0,329169981.0,6.85,10.34,9.67,9.74,9.78,0.99,2.28,-545.2,3.32,14643715850.0,14643715850.0,0.0,-0.1,-25.75,-41.82
464,002292,奥飞娱乐,8.08,4.39,0.34,506308.0,405558641.24,4.78,8.12,7.75,7.75,7.74,1.54,4.97,34.29,3.94,11947893552.0,8224498526.0,-0.12,-0.12,2.8,-8.7
465,688078,龙软科技,23.78,4.39,1.0,10848.0,25484533.0,5.66,23.88,22.59,22.82,22.78,1.25,1.49,-58.25,2.62,1733395540.0,1733395540.0,-0.29,-0.25,-3.25,-13.53
466,301017,漱玉平民,13.32,4.39,0.56,68664.0,89778095.07,6.03,13.32,12.55,12.82,12.76,0.91,2.65,104.8,2.67,5402686905.0,3445818732.0,0.0,0.15,-8.89,-9.45
467,603618,杭电股份,29.02,4.39,1.22,850692.0,2426253764.0,13.53,29.98,26.22,27.02,27.8,1.2,12.3,62.05,7.42,20063720376.0,20063720376.0,0.03,0.1,-24.51,260.05
468,002562,兄弟科技,4.99,4.39,0.21,405629.0,200012298.38,7.74,5.08,4.71,4.75,4.78,1.04,4.99,40.47,1.6,5702681366.0,4059461287.0,0.0,0.0,-1.96,-21.54
469,600637,东方明珠,8.35,4.38,0.35,726386.0,603445110.0,3.75,8.4,8.1,8.16,8.0,2.13,2.16,33.23,0.94,28071863472.0,28071863472.0,0.0,0.0,-13.02,-14.09
470,603344,星德胜,23.13,4.38,0.97,29631.0,68013271.0,6.45,23.45,22.02,22.21,22.16,1.4,5.48,33.51,2.07,4499501567.0,1249736567.0,0.13,0.0,-27.31,-38.09
471,688053,ST思科瑞,36.23,4.38,1.52,6645.0,23619641.0,6.8,36.65,34.29,34.29,34.71,1.03,0.66,170.06,2.27,3623000000.0,3623000000.0,0.0,0.3,0.08,-1.41
472,300891,惠云钛业,7.66,4.36,0.32,120499.0,90841936.96,4.77,7.69,7.34,7.42,7.34,2.18,3.61,205.53,2.5,3064064650.0,2554413636.0,-0.13,0.0,4.22,-12.95
473,301588,美新科技,27.99,4.36,1.17,40812.0,112157338.0,7.61,28.24,26.2,26.56,26.82,0.71,5.56,77.24,3.54,3327108434.0,2053323532.0,0.54,0.0,-20.98,54.47
474,688393,安必平,20.43,4.34,0.85,16855.0,33809109.0,5.72,20.48,19.36,19.58,19.58,0.83,1.8,-260.49,1.63,1911588091.0,1911588091.0,-0.05,-0.1,-6.63,-13.4
475,600812,华北制药,4.81,4.34,0.2,273273.0,129647355.0,5.42,4.83,4.58,4.59,4.61,0.84,1.59,64.63,1.5,8252663080.0,8252663080.0,0.0,0.0,4.57,-12.55
476,001378,德冠新材,20.92,4.34,0.87,45364.0,92709786.0,6.48,21.0,19.7,20.01,20.05,1.04,5.38,29.75,1.93,3626140586.0,1764411858.0,-0.24,0.19,3.41,17.59
477,002328,新朋股份,7.47,4.33,0.31,307806.0,225527988.91,6.28,7.49,7.04,7.07,7.16,1.51,5.39,13.73,1.73,5765121900.0,4263023643.0,-0.13,0.0,-28.79,15.1
478,002425,凯撒文化,3.13,4.33,0.13,354358.0,108919914.54,6.67,3.16,2.96,2.98,3.0,0.98,3.85,63.15,1.21,2994361657.0,2880181939.0,0.0,0.32,-0.95,-11.58
479,002652,扬子新材,4.1,4.33,0.17,159312.0,64448105.0,5.85,4.12,3.89,3.91,3.93,1.16,3.11,-163.32,8.94,2099462400.0,2099462400.0,0.0,0.24,-25.45,3.8
480,300246,宝莱特,15.44,4.32,0.64,133505.0,201117380.87,7.64,15.58,14.45,14.79,14.8,0.61,6.31,-59.23,3.89,4085524885.0,3265405492.0,-0.19,-0.06,-7.66,90.62
481,002421,达实智能,3.14,4.32,0.13,1682075.0,518617573.87,6.98,3.16,2.95,2.99,3.01,1.11,8.26,-182.95,2.45,6658626346.0,6393665334.0,0.0,-0.32,-30.53,10.18
482,002638,勤上股份,4.36,4.31,0.18,553619.0,237106425.0,6.94,4.4,4.11,4.16,4.18,1.0,4.09,-67.02,3.31,6263551362.0,5897684839.0,-0.23,0.0,-4.18,41.1
483,603048,浙江黎明,22.01,4.31,0.91,29344.0,63674718.0,6.73,22.21,20.79,20.89,21.1,1.36,2.0,50.99,2.61,3232828800.0,3232828800.0,-0.14,-0.32,9.34,5.87
484,603696,安记食品,13.32,4.31,0.55,123291.0,161655782.0,5.32,13.34,12.66,12.75,12.77,0.66,5.24,94.2,5.53,3132864000.0,3132864000.0,-0.08,0.3,-3.97,-34.09
485,605069,正和生态,10.89,4.31,0.45,44347.0,47456390.0,5.56,10.94,10.36,10.37,10.44,1.15,2.09,-44.67,3.35,2305388802.0,2305388802.0,-0.18,0.09,-12.04,-25.92
486,300069,金利华电,26.65,4.31,1.1,166767.0,433504297.36,8.65,26.94,24.73,25.04,25.55,0.85,14.25,183.81,11.21,3118050000.0,3118050000.0,-0.56,-0.67,-44.77,54.49
487,300621,维业股份,7.51,4.31,0.31,41560.0,30696473.0,5.0,7.52,7.16,7.19,7.2,0.95,2.05,-8.56,2.91,1562505817.0,1520992888.0,0.0,0.13,-6.59,-10.7
488,603848,好太太,13.34,4.3,0.55,55554.0,73419821.0,6.8,13.56,12.69,12.72,12.79,0.76,1.38,26.26,2.08,5368102857.0,5368102857.0,-0.07,-0.3,-8.5,-26.18
489,002383,合众思壮,7.03,4.3,0.29,207517.0,146056511.78,7.57,7.2,6.69,6.73,6.74,2.66,2.8,3074.29,3.47,5204732944.0,5204732944.0,-0.14,-0.42,-10.56,-44.16
490,300165,天瑞仪器,5.35,4.29,0.22,260723.0,136310268.0,6.82,5.38,5.03,5.03,5.13,1.54,6.2,52.72,2.51,2650987729.0,2249860533.0,0.19,0.19,-12.72,11.23
491,300971,博亚精工,18.22,4.29,0.75,44168.0,79117583.26,6.98,18.38,17.16,17.32,17.47,1.6,4.79,32.03,2.02,2142672000.0,1680845233.0,0.0,-0.11,-16.27,-24.74
492,301196,唯科科技,92.8,4.29,3.82,97679.0,878787751.16,10.34,94.2,85.0,88.33,88.98,1.11,9.06,53.39,4.66,15239005562.0,10003440589.0,0.05,0.22,2.41,52.18
493,300719,安达维尔,11.94,4.28,0.49,57467.0,68047772.0,5.94,12.06,11.38,11.59,11.45,1.84,3.2,-55.25,3.01,3035472171.0,2144365876.0,0.0,-0.17,-5.84,-34.07
494,920931,无锡鼎邦,10.48,4.28,0.43,11130.0,11383034.29,5.67,10.49,9.92,10.03,10.05,0.43,3.87,139.01,2.52,984386400.0,301570384.0,1.06,0.87,-2.6,-26.4
495,300987,川网传媒,13.65,4.28,0.56,34283.0,46024740.0,5.5,13.66,12.94,13.15,13.09,1.28,1.98,272.54,3.01,2366473200.0,2366473200.0,0.15,0.22,-7.89,-18.21
496,300967,晓鸣股份,17.06,4.28,0.7,94218.0,158989877.23,6.48,17.16,16.1,16.25,16.36,0.72,7.55,865.96,4.73,3200028425.0,2129032009.0,-0.23,-0.12,-18.84,-8.18
497,300462,ST华铭,11.46,4.28,0.47,10300.0,11651788.0,4.55,11.49,10.99,11.0,10.99,1.88,0.75,-23.15,1.53,2076803409.0,1581870121.0,0.53,1.06,-10.82,-2.88
498,688256,寒武纪,1010.48,4.28,41.43,125720.0,12588517790.0,7.87,1029.24,953.0,970.0,969.05,0.89,2.0,137.49,45.65,635444398004.0,635444398004.0,0.0,0.0,-18.38,11.19
499,601366,利群股份,3.66,4.27,0.15,249759.0,91041634.0,7.12,3.74,3.49,3.52,3.51,0.8,2.6,130.77,0.82,3512652474.0,3512652474.0,0.0,0.27,-4.94,-23.43
500,300212,*ST易录,7.81,4.27,0.32,156200.0,118983966.66,11.62,8.01,7.14,7.36,7.49,0.88,2.22,-9.02,-2.48,5622359816.0,5497066383.0,-0.13,-0.13,-36.4,-55.24
501,301380,挖金客,30.74,4.27,1.26,39871.0,120843987.3,6.31,31.07,29.21,29.48,29.48,1.29,4.94,68.85,4.24,3116803390.0,2481904964.0,0.13,0.16,-4.3,-18.24
502,300973,立高食品,24.98,4.26,1.02,34732.0,85780869.15,5.22,25.08,23.83,23.88,23.96,0.71,2.93,16.52,1.73,4230129337.0,2961722825.0,-0.32,-0.32,-10.56,-41.24
503,300426,华智数媒,6.36,4.26,0.26,181054.0,113575993.0,6.23,6.42,6.04,6.1,6.1,1.08,4.53,33.62,18.62,2864434672.0,2544000000.0,0.0,-0.16,-4.07,-17.62
504,300906,日月明,32.3,4.26,1.32,38204.0,120717523.17,11.27,33.39,29.9,31.02,30.98,1.31,5.29,42.9,2.79,2584000000.0,2333772708.0,-0.46,-0.19,4.5,-7.69
505,600571,信雅达,10.8,4.25,0.44,187706.0,202870277.0,7.24,11.08,10.33,10.39,10.36,2.54,4.1,-15.46,4.43,5036237737.0,4943718392.0,-0.18,0.0,-8.63,-31.82
506,600503,华丽家族,2.21,4.25,0.09,347369.0,75656041.0,6.13,2.22,2.09,2.12,2.12,1.36,2.17,-171.47,1.03,3541060900.0,3541060900.0,0.0,0.0,-24.32,-17.54
507,688395,正弦电气,22.84,4.24,0.93,17919.0,40432037.0,6.71,23.18,21.71,21.96,21.91,1.09,2.07,39.12,2.5,1977891925.0,1977891925.0,-0.17,-0.39,-15.78,-5.39
508,300239,东宝生物,5.19,4.22,0.21,154140.0,78879376.0,5.82,5.22,4.93,4.98,4.98,1.02,2.61,41.18,1.78,3080904226.0,3060942708.0,-0.38,-0.19,-3.89,-11.28
509,001232,嘉立创,149.12,4.22,6.04,58959.0,872875154.05,9.68,154.36,140.51,140.51,143.08,1.02,13.34,55.01,6.89,82845107200.0,6592080587.0,0.01,-0.04,76.56,76.56
510,000953,中哲精化,6.42,4.22,0.26,93451.0,58762788.0,5.19,6.42,6.1,6.18,6.16,1.33,2.55,616.2,15.23,2350504492.0,2350504492.0,0.0,0.0,-2.58,-11.08
511,605296,神农集团,32.08,4.22,1.3,41220.0,130789084.0,5.23,32.31,30.7,30.79,30.78,1.45,0.8,-10.43,4.06,16881478225.0,16616940129.0,0.0,0.03,17.94,9.41
512,600996,贵广网络,6.67,4.22,0.27,309395.0,206679667.0,7.66,6.85,6.36,6.41,6.4,2.06,2.48,-7.82,5.3,8316155026.0,8316155026.0,-0.45,-0.45,-29.34,-33.57
513,300645,正元智慧,13.37,4.21,0.54,34997.0,46138989.0,5.69,13.43,12.7,12.78,12.83,1.21,2.51,-40.19,1.81,1899964106.0,1862714336.0,-0.07,0.07,-8.36,-28.54
514,688428,诺诚健华,28.7,4.21,1.16,119283.0,332419442.0,6.25,28.84,27.12,27.7,27.54,0.95,4.37,103.05,6.61,50773370957.0,7830013413.0,-0.24,-0.42,23.49,39.86
515,002184,海得控制,10.16,4.21,0.41,79180.0,79519859.89,5.54,10.2,9.66,9.8,9.75,1.37,3.19,92.59,2.79,3575389039.0,2522619512.0,0.1,0.1,-15.61,-22.38
516,301575,艾芬达,26.96,4.21,1.09,15282.0,40779420.55,6.57,27.2,25.5,25.74,25.87,1.66,6.27,27.71,2.31,3271272480.0,657067772.0,-0.15,-0.26,-10.85,-25.73
517,688036,传音控股,59.1,4.21,2.39,132353.0,772918302.0,5.11,59.5,56.6,56.88,56.71,0.77,1.15,19.18,3.36,68035006610.0,68035006610.0,-0.03,-0.15,-4.68,-9.44
518,600833,第一医药,10.9,4.21,0.44,102659.0,109768910.0,5.35,10.92,10.36,10.46,10.46,0.85,4.6,46.46,2.17,2431641182.0,2431641182.0,0.09,0.18,0.55,-15.18
519,688057,金达莱,18.3,4.21,0.74,46460.0,83585264.0,6.83,18.43,17.23,17.23,17.56,0.76,1.68,93.62,1.62,5050800000.0,5050800000.0,0.27,0.16,23.82,52.25
520,000617,中油资本,7.45,4.2,0.3,3207254.0,2397449594.79,8.81,7.8,7.17,7.21,7.15,3.22,2.54,14.97,0.89,94183489139.0,94183489139.0,0.0,0.13,-4.85,-21.58
521,301261,恒工精密,57.33,4.2,2.31,33039.0,184910755.47,7.89,57.66,53.32,54.7,55.02,1.49,3.16,29.16,3.69,6046493913.0,5995541875.0,0.05,0.21,-21.24,-32.77
522,301515,港通医疗,19.88,4.19,0.8,14100.0,27658446.0,5.5,19.96,18.91,19.04,19.08,1.12,2.09,-749.77,1.62,1988000000.0,1343044094.0,-0.1,0.0,-8.43,-0.9
523,600156,华升股份,8.23,4.18,0.33,110031.0,88919498.0,5.95,8.25,7.78,7.84,7.9,1.15,2.74,-142.88,9.06,3309371077.0,3309371077.0,0.0,0.0,-27.04,-0.24
524,301181,标榜股份,23.68,4.18,0.95,25876.0,60493175.48,6.82,24.0,22.45,22.73,22.73,1.69,2.21,34.58,2.49,3556813292.0,2776138748.0,0.21,0.0,-24.94,-29.52
525,301193,家联科技,18.46,4.18,0.74,37557.0,68394523.24,7.28,18.67,17.38,17.91,17.72,1.42,2.04,-11.27,2.14,4446673062.0,3399988810.0,0.33,0.11,-12.1,-14.42
526,600522,中天科技,33.89,4.18,1.36,2519593.0,8385396634.0,10.27,34.65,31.31,31.8,32.53,1.21,7.38,31.47,3.12,115664863706.0,115664863706.0,0.0,0.0,-13.39,89.75
527,600545,卓郎智能,4.25,4.17,0.17,711928.0,295006025.0,7.84,4.28,3.96,4.01,4.08,0.71,3.98,-63.13,2.9,7598626944.0,7598626944.0,0.0,0.0,-42.72,66.02
528,300306,远方信息,10.48,4.17,0.42,44227.0,45812560.0,4.37,10.52,10.08,10.08,10.06,1.66,2.81,43.38,1.95,2818687993.0,1652183905.0,-0.1,-0.1,-4.73,-22.31
529,688416,恒烁股份,75.9,4.16,3.03,53605.0,392651535.0,10.29,76.5,69.0,71.22,72.87,1.02,4.97,42.09,6.14,8188144675.0,8188144675.0,-0.01,-0.05,-14.02,78.55
530,300176,鸿特科技,4.76,4.16,0.19,260634.0,122556429.76,6.56,4.8,4.5,4.54,4.57,1.05,4.9,85.27,2.59,2529720654.0,2529720654.0,-0.42,-0.42,-11.36,-16.64
531,301151,冠龙节能,17.01,4.16,0.68,33361.0,55695510.34,6.49,17.12,16.06,16.29,16.33,1.15,1.98,-110.59,1.41,2874759741.0,2872033123.0,-0.12,0.0,4.94,-8.55
532,601116,三江购物,10.76,4.16,0.43,172987.0,183974986.0,5.23,10.79,10.25,10.28,10.33,0.73,3.16,24.5,1.79,5893019584.0,5893019584.0,0.0,0.09,-16.72,-21.29
533,603880,南卫股份,9.04,4.15,0.36,131562.0,117512169.0,7.49,9.25,8.6,8.6,8.68,0.59,4.55,-128.33,15.18,2612939680.0,2612939680.0,-0.11,-0.11,9.84,45.1
534,300235,方直科技,11.05,4.15,0.44,96954.0,106382020.67,5.66,11.26,10.66,10.7,10.61,1.59,4.73,240.49,3.93,2781800317.0,2263030099.0,0.0,0.0,-19.05,-32.17
535,002649,博彦科技,9.81,4.14,0.39,230630.0,224330204.4,4.99,9.82,9.35,9.38,9.42,1.34,4.3,124.78,1.41,5801972759.0,5261741297.0,0.2,0.1,1.03,-24.89
536,600223,福瑞达,5.78,4.14,0.23,227260.0,131492017.0,6.85,5.97,5.59,5.64,5.55,2.39,2.24,46.05,1.4,5875767520.0,5875767520.0,-0.34,0.0,-6.32,-20.82
537,300616,尚品宅配,10.83,4.13,0.43,43104.0,46076999.0,5.77,10.85,10.25,10.3,10.4,0.75,2.78,-6.26,0.86,2431508063.0,1680991901.0,0.28,0.28,-27.9,-21.18
538,300158,振东制药,5.31,4.12,0.21,246749.0,129049584.0,6.47,5.34,5.01,5.09,5.1,0.83,2.49,-1259.46,1.57,5269129227.0,5264830241.0,-0.19,0.0,3.71,-8.61
539,300111,向日葵,3.03,4.12,0.12,435155.0,129726960.62,7.56,3.07,2.85,2.9,2.91,0.89,3.38,-186.97,5.76,3900248463.0,3900248463.0,-0.66,-0.66,-10.88,-50.57
540,920946,森萱医药,10.1,4.12,0.4,104493.0,104701259.92,6.91,10.25,9.58,9.76,9.7,0.67,2.45,22.91,3.46,4311875234.0,4310549609.0,-0.98,-0.59,3.7,-2.79
541,603998,方盛制药,10.1,4.12,0.4,124687.0,124081291.0,5.36,10.12,9.6,9.66,9.7,0.7,2.84,12.54,2.66,4434721736.0,4434721736.0,0.0,0.1,-0.59,-7.68
542,002879,长缆科技,16.44,4.12,0.65,101624.0,164559785.8,6.97,16.5,15.4,15.5,15.79,1.03,7.41,91.01,1.71,3174689602.0,2254565505.0,0.0,0.37,1.86,-9.07
543,600363,联创光电,17.74,4.11,0.7,419609.0,737120121.0,6.28,18.04,16.97,16.99,17.04,1.04,9.31,24.19,1.76,7998761103.0,7998761103.0,0.06,-0.06,-50.38,-71.87
544,603757,大元泵业,66.11,4.11,2.61,175573.0,1146802950.0,9.89,67.36,61.08,61.08,63.5,1.62,9.41,269.06,5.92,12332639292.0,12332639292.0,0.02,0.17,13.3,49.6
545,603721,中广天择,17.99,4.11,0.71,33366.0,59163700.0,4.51,18.1,17.32,17.32,17.28,0.66,2.57,-77.54,4.87,2338700000.0,2338700000.0,-0.28,0.28,-27.9,-6.06
546,920527,夜光明,13.96,4.1,0.55,8917.0,12307292.76,4.25,13.98,13.41,13.56,13.41,0.92,1.92,27.38,2.13,838196092.0,649939866.0,-0.07,0.36,-10.23,-21.84
547,603127,昭衍新药,48.29,4.1,1.9,374172.0,1765274603.0,7.93,48.88,45.2,46.0,46.39,0.76,5.96,37.95,4.27,36186025544.0,30312440119.0,-0.31,-0.29,44.41,38.41
548,002953,日丰股份,10.93,4.1,0.43,342695.0,372441964.78,12.86,11.55,10.2,10.46,10.5,1.26,12.18,30.0,2.46,5372965553.0,3074486234.0,0.0,0.0,2.73,-3.95
549,002691,*ST冀凯,4.32,4.1,0.17,20884.0,8888870.0,5.3,4.34,4.12,4.15,4.15,0.89,0.62,-12.99,1.87,1468800000.0,1451434918.0,0.23,0.7,-21.74,-52.27
550,300605,恒锋信息,10.43,4.09,0.41,77188.0,79375641.36,6.49,10.52,9.87,9.92,10.02,1.18,6.11,-31.21,3.95,1722453224.0,1318174169.0,-0.1,0.0,-9.78,-33.35
551,300947,德必集团,14.52,4.09,0.57,24374.0,34736829.0,5.52,14.52,13.75,13.9,13.95,0.63,1.61,300.02,1.85,2194519346.0,2193689499.0,0.28,0.35,-7.93,-27.9
552,300856,科思股份,11.22,4.08,0.44,74776.0,83016346.6,4.36,11.22,10.75,10.8,10.78,1.15,1.63,32.72,1.98,5337210642.0,5158233690.0,0.09,0.09,-15.32,-16.33
553,300326,ST凯利,6.13,4.07,0.24,87237.0,52853440.84,2.55,6.13,5.98,5.98,5.89,1.54,1.22,16.41,1.51,4395287741.0,4393479054.0,0.16,0.33,-10.51,9.86
554,603739,蔚蓝生物,12.54,4.07,0.49,55742.0,68996874.0,5.06,12.61,12.0,12.2,12.05,0.59,2.2,44.4,1.79,3172981980.0,3172981980.0,-0.24,-0.16,-4.64,-10.75
555,300995,奇德新材,27.2,4.06,1.06,13082.0,34882163.67,6.35,27.25,25.59,26.34,26.14,1.15,2.15,91.21,2.78,2505417813.0,1651848982.0,-0.07,0.07,-19.91,-33.96
556,000820,神雾节能,3.59,4.06,0.14,265314.0,94202194.0,8.7,3.72,3.42,3.44,3.45,1.23,8.93,-579.44,26.99,2321133093.0,1066111088.0,0.0,0.0,-3.49,5.9
557,000815,美利云,16.7,4.05,0.65,808846.0,1343196175.67,10.97,17.29,15.53,15.66,16.05,1.13,11.63,177.05,8.19,11610892685.0,11610892685.0,0.06,0.12,2.96,49.24
558,603176,汇通集团,5.14,4.05,0.2,50083.0,25364975.0,5.67,5.15,4.87,4.9,4.94,1.54,1.08,-10.07,2.3,2442720894.0,2373736954.0,-0.19,0.0,-3.93,-2.1
559,002172,澳洋健康,4.62,4.05,0.18,2386518.0,1121455557.24,8.56,4.88,4.5,4.6,4.44,1.31,31.19,73.2,17.68,3537683503.0,3534950173.0,-2.12,-2.53,35.48,16.37
560,600743,华远控股,2.31,4.05,0.09,276167.0,62689958.0,4.5,2.31,2.21,2.22,2.22,1.22,1.18,-139.87,9.79,5419493019.0,5419493019.0,0.87,0.43,-10.47,15.5
561,600609,金杯汽车,3.34,4.05,0.13,262099.0,86260741.0,4.98,3.35,3.19,3.2,3.21,1.55,2.01,21.01,2.62,4357225584.0,4357225584.0,0.0,0.3,-9.49,-27.55
562,000705,浙江震元,7.21,4.04,0.28,74587.0,53047958.7,4.91,7.24,6.9,6.93,6.93,0.81,2.65,-89.9,1.24,2409028892.0,2032969597.0,-0.14,0.0,-0.14,-20.33
563,002365,永安药业,15.72,4.04,0.61,518106.0,794253239.09,8.47,15.98,14.7,15.01,15.11,0.84,21.12,149.69,2.36,4632408900.0,3855934701.0,0.06,0.7,31.77,6.07
564,601869,长飞光纤,394.5,4.04,15.31,209032.0,8066645578.0,17.43,411.11,345.01,360.0,379.19,1.57,5.14,55.84,20.26,326608565106.0,160300464873.0,-0.03,0.52,6.25,239.88
565,002046,国机精工,49.73,4.04,1.93,121577.0,591189655.57,8.22,50.0,46.07,46.7,47.8,0.86,2.29,-734.1,6.26,26664771169.0,26365750896.0,0.0,0.18,-0.36,15.7
566,301136,招标股份,11.62,4.03,0.45,44355.0,50690376.0,4.92,11.65,11.1,11.17,11.17,0.9,1.61,148.36,2.21,3197880008.0,3194306858.0,-0.09,0.09,-16.16,-42.65
567,301617,博苑新材,50.05,4.03,1.94,28680.0,140162124.55,9.31,50.86,46.38,48.1,48.11,1.5,4.16,44.55,4.87,8695286600.0,3451047600.0,-0.08,0.22,-3.75,-16.12
568,002644,佛慈制药,8.51,4.03,0.33,132823.0,111319388.0,5.62,8.54,8.08,8.17,8.18,0.92,2.6,54.68,2.33,4345691070.0,4345691070.0,0.12,0.12,8.82,-1.28
569,002388,新亚制程,6.45,4.03,0.25,555316.0,350236504.7,7.9,6.54,6.05,6.12,6.2,1.33,10.97,177.82,3.41,3267145719.0,3265141543.0,0.0,-0.46,16.43,1.1
570,001318,阳光乳业,11.37,4.03,0.44,61417.0,69326245.08,6.13,11.61,10.94,10.95,10.93,0.85,2.17,34.65,2.23,3213844200.0,3213844200.0,0.09,-0.09,-5.8,-25.93
571,600513,联环药业,16.27,4.03,0.63,141370.0,225937004.0,6.52,16.34,15.32,15.49,15.64,0.81,4.95,180.72,3.69,4644373513.0,4644373513.0,0.06,0.12,-7.5,-10.8
572,300805,电声股份,8.01,4.03,0.31,71268.0,56220154.0,5.06,8.03,7.64,7.75,7.7,1.01,2.47,328.32,2.2,3399781638.0,2309694330.0,-0.12,-0.12,-10.8,-23.86
573,300961,深水海纳,12.13,4.03,0.47,68226.0,81734281.0,7.38,12.24,11.38,11.55,11.66,1.66,4.49,-20.35,3.89,2150406400.0,1842873734.0,0.0,0.08,-1.7,-15.23
574,688289,圣湘生物,15.5,4.03,0.6,114188.0,173634525.0,6.98,15.75,14.71,14.71,14.9,0.79,1.97,45.14,1.28,8980514093.0,8980514093.0,-0.13,-0.32,-4.85,-16.89
575,605068,明新旭腾,17.6,4.02,0.68,50049.0,86451258.0,5.91,17.76,16.76,16.85,16.92,1.25,3.09,-46.3,1.86,2854693512.0,2854693512.0,0.17,-0.06,-23.84,-31.06
576,300649,杭州园林,25.6,4.02,0.99,47900.0,119605650.0,9.1,25.94,23.7,24.44,24.61,0.69,4.51,-90.03,7.79,3389865190.0,2716517478.0,-0.27,-0.04,1.55,78.9
577,002397,梦洁股份,3.62,4.02,0.14,223527.0,79712967.79,5.46,3.65,3.46,3.49,3.48,0.98,3.45,39.79,2.16,2706968824.0,2346658408.0,0.0,0.0,-25.21,-10.17
578,603917,合力科技,12.68,4.02,0.49,29640.0,37086776.0,5.09,12.7,12.08,12.19,12.19,1.43,1.45,-117.97,1.57,2584691200.0,2584691200.0,0.0,0.08,3.43,-13.39
579,300352,ST信源,2.33,4.02,0.09,222374.0,51003037.0,5.8,2.34,2.21,2.22,2.24,1.1,1.74,-16.94,3.34,3378090123.0,2973375067.0,-0.43,-0.43,-29.39,-61.99
580,300915,海融科技,20.77,4.01,0.8,12969.0,26666168.74,4.36,20.82,19.95,19.95,19.97,1.3,2.25,35.6,1.76,2613681596.0,1195091012.0,0.0,0.1,-12.91,-11.05
581,300845,捷安高科,12.72,4.01,0.49,98411.0,123606412.98,6.13,12.82,12.07,12.08,12.23,1.35,6.84,-46.94,3.35,2615754792.0,1828905730.0,0.08,0.0,-12.52,14.91
582,300559,佳发教育,10.63,4.01,0.41,63637.0,66864827.42,5.48,10.72,10.16,10.21,10.22,1.13,2.05,92.77,3.62,4246839847.0,3307384535.0,0.09,0.09,-7.81,-15.23
583,600429,三元股份,4.67,4.01,0.18,176225.0,81267350.0,4.23,4.68,4.49,4.49,4.49,1.38,1.18,18.9,1.43,6993593179.0,6993593179.0,0.0,0.21,-6.22,-9.85
584,688276,百克生物,16.87,4.01,0.65,86984.0,145109904.0,7.58,17.23,16.0,16.25,16.22,1.09,2.1,-66.97,1.84,6978403678.0,6978403678.0,-0.12,-0.06,5.7,-10.55
585,601996,丰林集团,2.6,4.0,0.1,256682.0,66427212.0,7.2,2.66,2.48,2.48,2.5,1.3,2.29,-13.51,1.24,2914377482.0,2914377482.0,0.0,0.39,-3.7,15.56
586,002182,宝武镁业,11.96,4.0,0.46,243377.0,288718851.23,6.43,12.13,11.39,11.47,11.5,1.74,2.71,-323.21,2.26,11861826974.0,10723464367.0,-0.08,-0.08,-15.54,-21.83
587,300752,隆利科技,11.17,4.0,0.43,83323.0,91081290.86,7.36,11.24,10.45,10.7,10.74,0.53,3.73,57.85,2.86,3606452069.0,2492830905.0,-0.09,-0.09,-22.97,-13.81
588,600433,冠豪高新,3.38,4.0,0.13,379871.0,126923166.0,4.92,3.39,3.23,3.23,3.25,1.4,2.17,13.9,1.33,5915943808.0,5915943808.0,0.3,0.0,-18.55,3.05
589,300950,德固特,17.16,4.0,0.66,25511.0,43306581.57,6.18,17.3,16.28,16.49,16.5,1.7,2.6,121.7,3.3,2636531040.0,1682512689.0,0.18,-0.06,-10.25,-24.27
590,301028,鼎熔岩,13.25,4.0,0.51,52499.0,68117260.15,6.04,13.3,12.53,12.64,12.74,0.89,2.09,19.17,2.91,5118809695.0,3320448662.0,0.15,0.23,-33.95,-8.49
591,300279,和晶科技,5.73,3.99,0.22,108132.0,61080308.01,5.44,5.75,5.45,5.52,5.51,1.3,2.22,68.12,2.68,2802540078.0,2790190277.0,0.17,0.17,-20.08,-20.64
592,605199,ST葫芦娃,6.0,3.99,0.23,10299.0,6082487.0,4.33,6.02,5.77,5.77,5.77,0.94,0.26,-20.73,6.26,2400652512.0,2400652512.0,0.17,0.0,-11.89,-21.26
593,000590,古汉医药,9.41,3.98,0.36,67068.0,61965714.0,5.52,9.45,8.95,9.0,9.05,1.09,2.8,-82.68,4.17,2253424622.0,2252363739.0,-0.42,-0.32,-9.87,-16.06
594,000905,厦门港务,8.88,3.98,0.34,176185.0,155463743.78,5.97,8.97,8.46,8.46,8.54,2.05,2.38,20.04,1.5,13695694267.0,6587251461.0,0.0,0.0,-4.93,-31.69
595,605180,华生科技,13.05,3.98,0.5,37930.0,48638156.0,6.29,13.09,12.3,12.3,12.55,0.45,2.24,151.28,1.94,2205450000.0,2205450000.0,-0.08,0.08,-6.72,-9.88
596,000790,华神科技,4.18,3.98,0.16,175962.0,72137916.9,4.98,4.19,3.99,4.02,4.02,1.0,2.83,213.44,3.61,2607146942.0,2602646649.0,0.24,0.0,5.56,8.01
597,603117,万林物流,3.92,3.98,0.15,80512.0,31050673.0,5.04,3.92,3.73,3.76,3.77,1.05,1.34,-96.64,2.29,2348855149.0,2348855149.0,0.0,0.26,-14.41,-16.95
598,603055,台华新材,9.15,3.98,0.35,97818.0,88079351.0,5.8,9.23,8.72,8.79,8.8,1.36,1.1,15.46,1.55,8146187739.0,8129590554.0,0.11,0.22,6.4,-1.19
599,000678,襄阳轴承,8.65,3.97,0.33,242247.0,208057524.85,7.69,8.85,8.21,8.27,8.32,0.75,5.27,-52.32,5.1,3975642044.0,3975642044.0,-0.35,-0.23,-25.75,-42.45
600,603168,莎普爱思,5.76,3.97,0.22,75700.0,43111125.0,5.6,5.79,5.48,5.5,5.54,1.09,2.03,-20.64,1.63,2154968669.0,2145680669.0,-0.17,-0.35,-3.03,-21.74
601,600359,新农开发,6.81,3.97,0.26,228412.0,154293688.0,6.26,6.9,6.49,6.49,6.55,0.89,5.99,29.05,3.85,2598102304.0,2598102304.0,-0.15,0.15,0.74,-4.76
602,301580,爱迪特,50.9,3.96,1.94,56652.0,282032302.4,7.39,51.5,47.88,48.13,48.96,1.09,5.62,36.33,3.47,7593788866.0,5131930809.0,0.0,-0.2,27.6,62.93
603,301121,紫建电子,35.69,3.96,1.36,12825.0,45045097.25,8.13,36.18,33.39,34.22,34.33,1.43,1.67,-202.46,2.13,3527101974.0,2739588455.0,0.2,-0.11,-5.08,-10.42
604,002443,金洲管道,9.77,3.94,0.37,304324.0,291411160.61,9.15,9.96,9.1,9.29,9.4,1.31,5.85,29.65,1.49,5085632030.0,5085632030.0,0.0,-0.1,-16.42,20.17
605,600498,烽火通信,40.66,3.94,1.54,1127057.0,4498874980.0,11.38,41.78,37.33,37.89,39.12,1.29,8.86,359.6,3.17,55223089818.0,51704128401.0,-0.02,0.0,-14.31,27.14
606,688029,南微医学,76.76,3.94,2.91,28708.0,217717252.0,5.02,77.01,73.3,73.8,73.85,1.16,1.53,24.61,3.56,14419168113.0,14419168113.0,0.21,0.24,-3.08,-4.73
607,603686,福龙马,12.93,3.94,0.49,107039.0,136788915.0,4.98,12.96,12.34,12.4,12.44,1.18,2.58,20.57,1.56,5371515124.0,5371515124.0,0.0,0.15,-17.43,-56.29
608,603030,全筑股份,2.11,3.94,0.08,383518.0,80027986.0,5.42,2.13,2.02,2.02,2.03,1.49,2.91,309.1,3.97,2778729727.0,2778729727.0,-0.47,-0.47,-20.68,-28.72
609,300904,威力传动,40.22,3.93,1.52,12075.0,47703734.0,6.77,40.58,37.96,38.91,38.7,1.71,3.49,-28.01,5.19,2911253591.0,1390937591.0,-0.32,-0.42,-21.45,-35.76
610,603579,荣泰健康,18.24,3.93,0.69,26178.0,47037148.0,5.36,18.24,17.3,17.38,17.55,1.15,1.3,16.34,1.33,3667195119.0,3667195119.0,0.05,0.0,-4.25,-21.75
611,300680,隆盛科技,20.62,3.93,0.78,72241.0,147047681.38,6.0,20.83,19.64,19.68,19.84,0.88,3.19,26.07,2.99,6064628371.0,4667658816.0,-0.15,-0.05,-20.63,-51.84
612,603697,有友食品,9.54,3.92,0.36,55539.0,52259643.0,4.14,9.56,9.18,9.2,9.18,0.96,1.3,16.44,2.25,4080182615.0,4080182615.0,0.0,0.0,-14.82,-20.9
613,000006,深振业Ａ,7.15,3.92,0.27,193383.0,137062933.0,5.81,7.25,6.85,6.88,6.88,1.03,1.43,320.58,1.8,9652464579.0,9652391649.0,0.0,0.0,-19.48,-28.14
614,002910,庄园牧场,9.81,3.92,0.37,79771.0,77561913.0,6.89,9.92,9.27,9.27,9.44,1.32,4.66,-15.22,1.94,1918240994.0,1678117730.0,-0.41,-0.51,-4.76,-11.7
615,600844,金煤科技,3.72,3.91,0.14,1437751.0,548390844.0,6.98,3.94,3.69,3.79,3.58,3.15,17.48,92.62,47.73,3781470173.0,3060557958.0,0.0,-0.27,21.17,29.17
616,920055,隆源股份,27.13,3.91,1.02,4331.0,11597270.47,5.4,27.31,25.9,26.31,26.11,1.45,2.83,13.14,1.55,1844840000.0,415089000.0,0.48,-0.04,-13.04,12.34
617,603669,灵康药业,5.6,3.9,0.21,284964.0,158540935.0,7.61,5.72,5.31,5.31,5.39,0.97,4.0,94.47,6.86,3989054524.0,3989054524.0,-0.71,-0.36,29.93,22.81
618,688671,碧兴物联,24.85,3.89,0.93,10220.0,24921334.0,6.61,25.2,23.62,24.05,23.92,0.98,1.9,-28.45,1.95,1951194665.0,1336237232.0,-0.08,0.08,-4.35,0.32
619,002677,浙江美大,6.94,3.89,0.26,68631.0,47202446.0,5.39,7.0,6.64,6.64,6.68,1.29,1.24,385.21,3.07,4483598430.0,3827478359.0,0.14,0.14,-3.34,-16.69
620,001965,招商公路,9.65,3.88,0.36,392086.0,374843944.41,4.31,9.75,9.35,9.35,9.29,2.53,0.58,12.59,0.95,65572666673.0,65572666673.0,0.1,0.1,0.42,-0.62
621,603382,海阳科技,19.02,3.88,0.71,66238.0,125396304.0,6.83,19.38,18.13,18.13,18.31,0.68,5.74,26.66,1.92,3447401019.0,2196541552.0,-0.05,-0.05,-13.15,-40.82
622,920694,中裕科技,16.65,3.87,0.62,20314.0,33643993.0,6.61,16.98,15.92,15.92,16.03,1.45,3.25,12.3,2.34,2189632875.0,1040071937.0,0.54,0.36,5.51,-13.51
623,603006,联明股份,11.54,3.87,0.43,30808.0,35028100.0,5.13,11.57,11.0,11.11,11.11,1.31,1.21,33.25,2.29,2934094045.0,2934094045.0,0.17,0.17,-17.81,-9.84
624,600828,茂业商业,4.03,3.87,0.15,154220.0,61510012.0,6.19,4.04,3.8,3.87,3.88,1.37,0.89,-94.68,1.04,6979889660.0,6977381529.0,0.0,0.25,-14.98,-30.99
625,300600,国瑞科技,10.19,3.87,0.38,46346.0,46915644.0,5.71,10.28,9.72,9.78,9.81,0.95,1.58,-178.66,2.5,2998249351.0,2998249351.0,-0.1,-0.2,-8.03,-31.61
626,001339,智微智能,77.69,3.86,2.89,75163.0,563971982.11,8.48,78.19,71.85,73.31,74.8,1.14,4.64,32.7,9.35,25407174503.0,12577985518.0,0.0,0.63,-4.85,97.73
627,000810,创维数字,9.69,3.86,0.36,203567.0,194728144.06,5.57,9.75,9.23,9.28,9.33,1.57,1.83,33.62,1.72,11145395161.0,10761773836.0,-0.1,0.0,-16.47,-17.18
628,300250,初灵信息,15.34,3.86,0.57,65875.0,99405172.0,6.03,15.41,14.52,14.61,14.77,1.17,4.18,881.65,5.89,3278917008.0,2417457936.0,0.0,0.13,-10.19,-36.16
629,300703,创源股份,13.71,3.86,0.51,37464.0,50719358.0,5.38,13.76,13.05,13.05,13.2,1.25,2.25,-32.28,3.26,2473172126.0,2279595399.0,-0.07,0.07,-22.15,-43.72
630,688296,和达科技,25.04,3.86,0.93,68345.0,168898586.0,9.08,25.49,23.3,23.99,24.11,0.8,6.36,-53.04,4.71,2689124726.0,2689124726.0,-0.4,-0.28,66.27,88.98
631,603843,*ST正平,7.28,3.85,0.27,114437.0,82432217.0,4.85,7.35,7.01,7.06,7.01,0.87,1.64,-48.76,197.72,5093257165.0,5093257165.0,0.0,0.0,-8.43,27.27
632,600658,电子城,4.05,3.85,0.15,130235.0,52169770.0,4.62,4.07,3.89,3.92,3.9,1.21,1.16,-9.67,1.12,4530269432.0,4530269432.0,0.0,0.25,-15.09,-26.23
633,300510,金冠股份,3.51,3.85,0.13,230469.0,79880649.56,5.33,3.52,3.34,3.36,3.38,1.59,2.79,-23.68,1.51,2894664357.0,2894664357.0,0.0,0.29,-8.83,-15.01
634,600692,亚通股份,6.49,3.84,0.24,98805.0,63459540.0,5.28,6.54,6.21,6.21,6.25,1.1,3.87,326.1,2.35,2282948775.0,1655018255.0,0.0,-0.15,-8.33,-7.42
635,000582,北部湾港,10.82,3.84,0.4,425881.0,458532009.79,6.62,11.0,10.31,10.34,10.42,1.06,1.97,24.41,1.33,27234854074.0,23337097773.0,0.0,0.0,-18.15,16.34
636,301503,智迪科技,22.43,3.84,0.83,9611.0,21329944.3,4.81,22.51,21.47,21.69,21.6,0.98,1.67,128.02,2.18,2332720000.0,1293493240.0,-0.09,-0.04,-11.24,-18.35
637,688519,南亚新材,288.87,3.84,10.67,62366.0,1778325010.0,9.48,297.36,271.0,273.45,278.2,1.09,2.65,113.13,24.13,67936574281.0,67936574281.0,0.01,0.2,33.4,258.62
638,301032,新柴股份,10.3,3.83,0.38,48590.0,49296331.0,4.94,10.32,9.83,9.92,9.92,1.68,2.97,27.51,1.96,2483674020.0,1687776550.0,-0.1,-0.1,-9.49,-13.45
639,605222,起帆电缆,20.05,3.83,0.74,74668.0,148279195.0,5.75,20.35,19.24,19.31,19.31,0.97,1.81,21.08,1.73,8278800448.0,8278800448.0,-0.05,0.0,-31.85,9.38
640,688292,浩瀚深度,17.65,3.82,0.65,34029.0,59035670.0,6.53,17.73,16.62,16.8,17.0,1.55,2.15,-25.04,2.9,2794894285.0,2794894285.0,0.17,0.0,-23.89,-39.01
641,688021,奥福科技,21.18,3.82,0.78,22598.0,47313148.0,6.37,21.38,20.08,20.36,20.4,1.47,2.96,44.68,1.83,1618442526.0,1618442526.0,-0.14,0.09,-14.6,16.05
642,300401,花园生物,14.68,3.82,0.54,282964.0,409335242.64,7.99,14.94,13.81,13.93,14.14,0.74,5.28,30.31,2.41,7997907952.0,7868925817.0,-0.14,-0.14,19.25,-2.2
643,301105,鸿铭股份,47.88,3.82,1.76,4471.0,21053527.2,5.42,48.0,45.5,45.64,46.12,0.79,2.26,-153.49,3.12,2394000000.0,948622404.0,-0.25,-0.15,-8.03,2.59
644,002314,南山控股,2.18,3.81,0.08,314910.0,68084624.14,4.76,2.19,2.09,2.1,2.1,1.62,2.35,-10.32,0.88,5902965878.0,2917546405.0,-0.46,0.0,-8.4,-23.51
645,002886,沃特股份,21.26,3.81,0.78,284806.0,600038692.2,9.57,21.86,19.9,20.29,20.48,2.06,13.62,102.02,3.02,5595707792.0,4445001767.0,0.09,0.24,-28.01,-1.8
646,300543,朗科智能,7.9,3.81,0.29,60369.0,47167456.0,5.52,7.96,7.54,7.6,7.61,0.57,2.41,-73.17,1.72,2420333539.0,1976570583.0,-0.13,-0.25,-10.13,-28.76
647,603583,捷昌驱动,23.7,3.81,0.87,38421.0,89996820.0,5.3,23.93,22.72,22.84,22.83,1.04,1.01,45.29,1.99,9142534634.0,9059252834.0,0.0,0.08,-5.73,-37.24
648,000042,中洲控股,8.44,3.81,0.31,96703.0,80801112.52,4.8,8.48,8.09,8.11,8.13,1.06,1.46,2.84,1.69,5611174813.0,5605360396.0,0.12,0.0,-15.09,10.76
649,002553,南方精工,15.52,3.81,0.57,99161.0,151556147.0,5.35,15.6,14.8,14.8,14.95,0.54,3.87,5301.57,3.57,5484917597.0,3976373597.0,-0.06,-0.06,-15.19,-42.96
650,301312,智立方,73.5,3.81,2.7,78337.0,565802395.07,9.86,74.61,67.63,69.36,70.8,1.25,9.24,214.93,10.33,12386249988.0,6230879445.0,0.52,0.75,-11.86,107.16
651,603969,银龙股份,7.37,3.8,0.27,333010.0,245429035.0,7.61,7.59,7.05,7.06,7.1,1.71,3.91,13.33,2.13,6423204106.0,6275951506.0,-0.27,-0.27,-7.76,-26.59
652,300389,艾比森,12.58,3.8,0.46,57300.0,71164726.34,4.46,12.58,12.04,12.08,12.12,1.59,2.09,16.05,2.6,4643281988.0,3453437333.0,0.08,0.16,-10.97,-22.49
653,920433,大唐药业,4.92,3.8,0.18,24186.0,11780994.17,4.43,4.96,4.75,4.76,4.74,0.63,1.43,131.73,3.32,1259124831.0,833036668.0,0.0,0.0,0.61,-16.18
654,002743,富煌钢构,4.64,3.8,0.17,271195.0,124444102.0,5.82,4.68,4.42,4.47,4.47,0.71,6.24,-11.2,0.87,2019645738.0,2016409338.0,-0.22,-0.22,-6.07,-14.71
655,300267,尔康制药,3.29,3.79,0.12,401621.0,129847550.0,5.36,3.3,3.13,3.16,3.17,1.0,2.82,129.42,1.69,6785970022.0,4679623919.0,0.3,0.0,-12.73,-3.52
656,688288,鸿泉技术,18.88,3.79,0.69,10785.0,19999928.0,6.16,19.0,17.88,18.08,18.19,0.9,1.08,-61.43,2.54,1884482732.0,1884482732.0,0.11,0.05,-11.94,-29.31
657,300164,通源石油,9.85,3.79,0.36,1334572.0,1304976902.38,10.75,10.29,9.27,9.39,9.49,0.92,22.88,-117.63,4.27,5796317496.0,5744624341.0,0.0,0.41,-2.48,78.44
658,603398,*ST沐邦,10.12,3.79,0.37,81308.0,80285206.0,8.72,10.2,9.35,9.43,9.75,1.02,1.88,-9.95,-58.7,4388452223.0,4388452223.0,-0.39,-0.39,-31.58,22.37
659,002187,广百股份,5.48,3.79,0.2,117766.0,63776441.0,4.55,5.49,5.25,5.3,5.28,1.55,1.68,39.77,0.96,3840902589.0,3840902589.0,0.0,0.0,-5.84,-27.61
660,600185,珠免集团,4.67,3.78,0.17,224615.0,103544901.0,4.0,4.67,4.49,4.49,4.5,1.26,1.19,56.39,101.96,8802977063.0,8802977063.0,0.21,0.21,-14.78,-31.42
661,688638,誉辰智能,34.34,3.78,1.25,5383.0,18158468.0,6.32,34.52,32.43,32.43,33.09,1.14,2.03,-10.51,2.52,1923040000.0,908671495.0,0.09,0.03,-6.43,-5.48
662,920163,方大新材,11.26,3.78,0.41,5427.0,6053416.58,3.32,11.26,10.9,11.06,10.85,0.91,0.89,23.38,2.78,1448488202.0,683274084.0,0.27,0.27,1.62,-21.64
663,000518,四环生物,3.84,3.78,0.14,628762.0,236136697.72,6.49,3.86,3.62,3.71,3.7,0.76,6.11,-76.52,12.8,3953495892.0,3953417061.0,-0.26,0.0,6.96,59.34
664,002029,七 匹 狼,8.81,3.77,0.32,159259.0,137963644.15,4.59,8.84,8.45,8.46,8.49,0.85,2.39,31.17,0.92,6211257361.0,5862226499.0,0.0,0.0,0.8,-19.4
665,601107,四川成渝,5.78,3.77,0.21,155329.0,88823013.0,4.49,5.8,5.55,5.57,5.57,1.77,0.72,9.67,1.07,17675586800.0,12500637200.0,0.17,0.35,-3.34,0.0
666,002561,徐家汇,6.89,3.77,0.25,95919.0,65868734.28,5.57,6.99,6.62,6.66,6.64,2.44,2.31,-57.37,1.34,2864607070.0,2855488617.0,0.15,0.15,-8.5,-21.53
667,001285,瑞立科密,42.13,3.77,1.53,17072.0,70922568.81,5.27,42.3,40.16,40.44,40.6,2.11,4.11,23.0,2.02,7605738126.0,1748258920.0,-0.02,0.0,-12.16,-27.05
668,920970,大禹生物,6.06,3.77,0.22,29395.0,17727159.52,5.65,6.15,5.82,5.82,5.84,0.56,4.19,-12.65,2.83,671452848.0,424632078.0,0.17,-0.33,-4.57,-21.2
669,301138,华研精机,30.09,3.76,1.09,54815.0,161935738.32,8.52,30.86,28.39,28.8,29.0,3.45,8.0,41.14,3.05,3610800000.0,2062974613.0,0.07,0.2,2.35,-21.44
670,688320,禾川科技,34.7,3.74,1.25,32926.0,113019873.0,6.25,34.98,32.89,33.5,33.45,0.98,2.18,-232.71,4.32,5240174280.0,5240174280.0,0.23,0.14,-5.78,-7.02
671,600613,神奇制药,10.27,3.74,0.37,1729390.0,1702994162.0,12.32,10.28,9.06,9.55,9.9,1.52,36.08,106.43,2.4,5484915620.0,4922616174.0,0.1,-0.1,97.12,71.17
672,001335,信凯科技,32.16,3.74,1.16,8997.0,28499406.0,4.61,32.24,30.81,31.01,31.0,1.48,3.52,27.37,2.99,3014664250.0,821496005.0,0.34,0.44,-34.43,-34.59
673,688583,思看科技,85.07,3.74,3.07,23598.0,201294153.0,10.28,88.22,79.79,81.63,82.0,0.92,5.47,361.65,8.98,10528263200.0,3668628352.0,-0.02,0.01,-0.16,28.08
674,600881,亚泰集团,1.94,3.74,0.07,1622583.0,309207094.0,5.35,1.95,1.85,1.87,1.87,0.57,5.02,-6.98,14.58,6270372917.0,6270372917.0,-0.51,-0.51,25.97,4.3
675,300359,全通教育,4.17,3.73,0.15,136236.0,55882176.5,5.22,4.19,3.98,3.98,4.02,0.89,2.15,-32.48,5.15,2641000370.0,2640868076.0,-0.24,-0.24,-2.8,-22.2
676,605108,同庆楼,12.79,3.73,0.46,35247.0,44660179.0,4.95,12.84,12.23,12.23,12.33,1.63,1.36,49.59,1.44,3325400000.0,3325400000.0,0.08,0.24,-7.18,-33.04
677,300213,佳讯飞鸿,6.4,3.73,0.23,121984.0,77064247.0,5.35,6.44,6.11,6.18,6.17,1.09,2.21,389.19,1.85,3803933824.0,3536581555.0,0.0,0.0,-16.01,-32.77
678,688789,宏华数科,47.05,3.73,1.69,11265.0,52411378.0,4.81,47.38,45.2,45.5,45.36,0.57,0.62,51.02,2.42,8481049834.0,8481049834.0,-0.3,-0.36,-11.58,-41.9
679,603682,锦和商管,11.69,3.73,0.42,153597.0,175265477.0,6.21,11.72,11.02,11.16,11.27,0.81,3.25,120.85,8.32,5523525000.0,5523525000.0,0.09,0.09,26.65,83.52
680,000561,烽火电子,7.79,3.73,0.28,135138.0,104312934.0,5.33,7.84,7.44,7.5,7.51,1.97,1.74,-31.62,2.32,6730702074.0,6046966934.0,0.0,0.0,-4.77,-36.25
681,601279,英利汽车,3.34,3.73,0.12,261488.0,87547703.0,8.7,3.47,3.19,3.21,3.22,3.12,1.65,-48.4,1.28,5296525190.0,5296525190.0,0.3,0.3,-8.49,-35.77
682,300414,中光防雷,10.87,3.72,0.39,61718.0,66067592.57,5.15,10.93,10.39,10.5,10.48,0.93,1.96,147.07,3.55,3543831595.0,3431346857.0,0.0,-0.09,-10.09,-27.19
683,300824,北鼎股份,7.8,3.72,0.28,42210.0,32444804.0,5.05,7.81,7.43,7.43,7.52,1.0,1.32,26.72,3.47,2545465120.0,2487951578.0,0.26,0.26,-10.86,-29.79
684,002728,特一药业,8.92,3.72,0.32,154238.0,135848539.6,5.23,8.96,8.51,8.61,8.6,0.87,3.08,73.59,2.57,4578723523.0,4471675495.0,-0.11,0.0,1.94,-16.64
685,002133,广宇集团,2.79,3.72,0.1,133512.0,36790982.77,4.46,2.79,2.67,2.69,2.69,0.91,1.73,-129.71,0.75,2159862248.0,2147937861.0,0.0,0.36,-7.0,-17.7
686,300032,金龙机电,3.9,3.72,0.14,244073.0,94087495.0,5.05,3.91,3.72,3.77,3.76,1.53,3.04,-38.88,4.84,3132361471.0,3132361471.0,0.0,-0.26,-12.56,-27.37
687,300220,金运激光,11.16,3.72,0.4,28084.0,30932872.6,5.95,11.23,10.59,10.59,10.76,1.38,1.86,-158.34,27.83,1687392000.0,1685375924.0,0.0,0.0,-13.56,-22.23
688,002642,荣联科技,7.26,3.71,0.26,130414.0,93610407.95,4.14,7.27,6.98,7.02,7.0,1.23,1.97,1472.03,4.04,4803073072.0,4803073072.0,0.28,0.14,-16.17,-12.21
689,002693,双成药业,9.23,3.71,0.33,210868.0,188974040.25,7.19,9.28,8.64,8.88,8.9,0.69,5.13,140.43,8.98,3827586393.0,3793360131.0,-0.32,-0.22,-6.01,32.61
690,300030,阳普医疗,6.99,3.71,0.25,76802.0,52768858.0,4.75,7.01,6.69,6.74,6.74,0.78,2.82,35.07,3.32,2161219332.0,1902870833.0,-0.14,-0.14,-1.41,-5.03
691,920065,千岸科技,34.22,3.7,1.22,25909.0,88430562.15,6.82,34.89,32.64,32.9,33.0,1.49,16.45,13.84,2.64,3088355000.0,538965000.0,0.03,-0.03,40.82,40.82
692,300183,东软载波,10.65,3.7,0.38,47415.0,49887643.0,4.67,10.68,10.2,10.3,10.27,1.22,1.28,-54.53,1.59,4926787309.0,3951458978.0,0.0,-0.19,-13.56,-28.19
693,002337,赛象科技,4.77,3.7,0.17,86026.0,40642270.55,5.0,4.79,4.56,4.6,4.6,1.41,1.46,94.17,2.13,2807697128.0,2804743458.0,0.21,0.21,-10.67,-27.06
694,300370,安控科技,2.24,3.7,0.08,252259.0,55885940.4,5.09,2.25,2.14,2.15,2.16,1.44,1.62,-33.73,8.12,3506442744.0,3497692988.0,0.0,0.0,-8.2,-14.18
695,300318,博晖创新,5.05,3.7,0.18,162191.0,81120140.83,5.34,5.07,4.81,4.84,4.87,0.86,2.05,-141.57,3.23,4125347500.0,4001716692.0,0.2,0.2,-0.79,-19.46
696,300047,天源迪科,9.25,3.7,0.33,152773.0,139581330.0,4.48,9.27,8.87,8.89,8.92,1.14,2.63,89.65,1.78,5899138216.0,5370326326.0,0.0,0.22,-24.37,-26.24
697,603501,豪威集团,85.55,3.7,3.05,226671.0,1893763966.0,7.13,85.98,80.1,80.9,82.5,1.33,1.88,44.11,3.31,107596613901.0,103255712796.0,-0.04,-0.02,-7.14,-32.0
698,301320,豪江智能,13.78,3.69,0.49,32736.0,44514054.0,6.4,13.87,13.02,13.02,13.29,1.58,2.87,219.25,2.37,2508097800.0,1573802432.0,-0.29,-0.29,-7.33,-18.56
699,002888,惠威科技,17.99,3.69,0.64,17885.0,31728876.0,5.13,18.02,17.13,17.26,17.35,1.08,2.39,-288.49,7.36,2656104982.0,1347865130.0,0.0,-0.11,-3.33,-7.55
700,002571,德力股份,10.95,3.69,0.39,55585.0,60279217.0,5.11,11.05,10.51,10.56,10.56,0.92,1.86,-59.39,5.39,4291860165.0,3266452759.0,0.09,-0.36,-8.6,-6.89
701,603365,水星家纺,18.0,3.69,0.64,29765.0,53123461.0,4.55,18.08,17.29,17.3,17.36,1.26,1.14,11.24,1.56,4724933400.0,4700406600.0,0.0,0.06,-1.42,-10.22
702,000715,中兴商业,5.34,3.69,0.19,128227.0,67629654.1,4.08,5.35,5.14,5.16,5.15,1.51,2.64,31.39,1.43,2885920881.0,2596473834.0,0.19,0.0,2.3,-14.29
703,300683,海特生物,26.73,3.69,0.95,76788.0,199465189.0,7.18,26.86,25.01,25.51,25.78,0.8,6.28,-22.23,1.68,3498807071.0,3266395415.0,-0.26,-0.26,-2.87,-3.61
704,002679,福建金森,9.59,3.68,0.34,55114.0,52292263.4,4.32,9.62,9.22,9.29,9.25,1.25,2.34,-83.23,3.03,2260900040.0,2260900040.0,0.1,-0.21,-0.72,-18.24
705,300264,佳创视讯,6.5,3.67,0.23,119075.0,76642110.52,5.42,6.53,6.19,6.33,6.27,1.16,3.21,-176.06,321.22,2800573867.0,2407511945.0,0.15,0.15,-26.14,-3.13
706,000728,国元证券,7.35,3.67,0.26,731266.0,536164739.88,2.68,7.4,7.21,7.23,7.09,4.34,1.68,9.42,0.83,32073767499.0,32073767499.0,0.0,0.0,3.67,-10.91
707,600252,中恒集团,2.26,3.67,0.08,577131.0,128872191.0,5.96,2.28,2.15,2.17,2.18,0.81,1.81,-53.65,1.37,7196208538.0,7196208538.0,0.0,-0.44,-1.31,-17.52
708,002633,申科股份,14.7,3.67,0.52,16075.0,23282179.0,4.8,14.73,14.05,14.16,14.18,1.07,1.07,112.62,6.22,2205000000.0,2198591726.0,-0.14,0.0,-17.51,-10.64
709,601933,永辉超市,3.11,3.67,0.11,1532568.0,471731876.0,4.67,3.12,2.98,2.98,3.0,1.11,1.72,54.82,12.8,27756865583.0,27756865583.0,0.0,0.0,-15.26,-33.69
710,688767,博拓生物,36.45,3.67,1.29,27303.0,97216928.0,7.68,36.73,34.03,34.81,35.16,1.02,1.83,-133.31,2.41,5443200024.0,5443200024.0,-0.19,0.08,-4.23,-1.7
711,002858,力盛体育,11.86,3.67,0.42,35419.0,41579780.0,4.46,11.92,11.41,11.44,11.44,1.36,2.4,91.76,2.63,2214006512.0,1748311218.0,0.08,0.25,-12.47,-20.93
712,603177,德创环保,10.77,3.66,0.38,70447.0,74572970.0,5.87,10.84,10.23,10.39,10.39,0.61,3.45,-47.52,6.81,2199147840.0,2199147840.0,-0.28,-0.37,1.99,-3.23
713,002474,榕基软件,6.23,3.66,0.22,222123.0,136781951.68,5.82,6.27,5.92,5.96,6.01,0.69,4.2,-124.32,2.94,3876306000.0,3294624338.0,0.16,0.16,-14.31,-36.82
714,300512,中亚股份,7.37,3.66,0.26,44166.0,32022806.0,5.2,7.38,7.01,7.01,7.11,1.3,1.36,34.5,1.85,3016079454.0,2387196071.0,0.14,0.14,-9.57,-22.42
715,300565,科信技术,9.9,3.66,0.35,85047.0,83169179.0,6.18,9.94,9.35,9.59,9.55,1.22,3.73,-40.75,4.74,2472075659.0,2259230936.0,0.0,-0.1,-25.0,-21.49
716,300324,旋极信息,3.4,3.66,0.12,421313.0,141411887.74,6.4,3.42,3.21,3.26,3.28,1.12,2.46,-20.86,2.48,5873808023.0,5813943383.0,0.0,0.0,-24.78,-43.14
717,301083,百胜智能,14.16,3.66,0.5,27709.0,38634296.92,6.66,14.21,13.3,13.3,13.66,1.61,3.19,232.62,3.03,2518592005.0,1231125865.0,0.14,0.07,-9.4,-24.92
718,603633,徕木股份,6.53,3.65,0.23,63354.0,40819351.0,5.08,6.55,6.23,6.3,6.3,1.0,1.48,-19.45,1.6,2787074642.0,2787074642.0,0.0,0.15,-23.98,-35.54
719,603082,北自科技,43.4,3.65,1.53,75457.0,321925640.0,10.72,44.5,40.01,40.87,41.87,1.63,18.61,72.29,4.21,7229272931.0,1760169460.0,0.09,0.14,25.11,19.53
720,688613,奥精医疗,15.62,3.65,0.55,24646.0,37965207.0,5.57,15.74,14.9,14.99,15.07,0.91,1.8,379.18,1.5,2140074082.0,2140074082.0,-0.26,-0.26,-8.71,-22.98
721,301113,雅艺科技,17.05,3.65,0.6,17528.0,29565856.36,6.44,17.18,16.12,16.12,16.45,1.34,2.45,233.96,2.97,2017015000.0,1221874798.0,-0.47,-0.58,-9.12,-6.58
722,002793,罗欣药业,4.83,3.65,0.17,455887.0,216247202.4,8.15,4.89,4.51,4.6,4.66,1.07,4.2,52.6,4.66,5253052387.0,5245030279.0,-0.21,-0.41,10.78,0.63
723,002212,天融信,6.26,3.64,0.22,308372.0,191137242.18,3.81,6.28,6.05,6.06,6.04,0.82,2.64,-18.32,0.77,7383381283.0,7304443021.0,-0.16,0.0,-8.08,-30.98
724,600841,动力新科,5.7,3.64,0.2,145946.0,82237872.0,4.91,5.72,5.45,5.45,5.5,1.28,1.4,54.63,1.23,7910584169.0,5945239559.0,0.18,-0.18,-28.66,-6.4
725,002210,飞马国际,2.28,3.64,0.08,784883.0,177111658.17,5.0,2.29,2.18,2.2,2.2,1.69,2.96,130.73,6.47,6067610725.0,6054010696.0,-0.44,-0.44,-18.86,-36.67
726,002570,贝因美,4.56,3.64,0.16,167380.0,75441890.4,3.64,4.56,4.4,4.42,4.4,1.08,1.55,31.61,3.02,4924997598.0,4924778718.0,0.0,0.0,-11.28,-25.49
727,002535,林州重机,2.57,3.63,0.09,161474.0,41045917.9,5.24,2.59,2.46,2.48,2.48,1.24,2.16,97.79,3.46,2060325500.0,1917987171.0,-0.39,0.0,-7.55,-33.76
728,301192,泰祥股份,20.56,3.63,0.72,13627.0,27618453.36,5.75,20.65,19.51,19.84,19.84,1.23,2.77,54.22,3.2,2081535520.0,1011773020.0,-0.39,-0.29,-11.99,-30.4
729,002299,圣农发展,16.55,3.63,0.58,145802.0,238146261.48,4.7,16.55,15.8,15.8,15.97,0.95,1.2,20.47,1.79,20567848829.0,20167825631.0,0.06,0.06,-5.7,1.29
730,603966,法兰泰克,7.99,3.63,0.28,92368.0,73820229.0,6.49,8.16,7.66,7.71,7.71,2.09,1.78,19.16,2.06,4157955219.0,4152379477.0,-0.13,0.0,-16.07,-10.63
731,920123,芭薇股份,10.56,3.63,0.37,11537.0,12083381.49,4.42,10.61,10.16,10.2,10.19,1.29,1.78,29.46,2.91,1177862400.0,686240502.0,-0.09,0.19,-7.61,-28.74
732,000909,*ST数源,4.28,3.63,0.15,19909.0,8423649.1,4.6,4.29,4.1,4.13,4.13,0.66,0.45,-63.65,3.1,1873416969.0,1873401240.0,0.23,0.0,-11.75,-23.16
733,600603,广汇物流,4.57,3.63,0.16,167649.0,76023682.0,5.67,4.63,4.38,4.41,4.41,0.83,1.45,205.95,0.72,5272865776.0,5272865776.0,0.0,-0.22,-8.05,-26.53
734,603986,兆易创新,395.51,3.63,13.85,396495.0,15343138130.0,8.25,398.5,367.0,367.0,381.66,0.82,5.93,20.24,7.44,277547178397.0,264395244816.0,-0.22,-0.2,-15.49,85.25
735,002659,凯文教育,4.57,3.63,0.16,138217.0,62077449.0,4.31,4.58,4.39,4.41,4.41,1.14,2.31,3543.08,1.27,2734141355.0,2734128504.0,0.0,0.0,-0.22,-22.01
736,301016,雷尔伟,12.29,3.63,0.43,31252.0,37922450.48,5.4,12.34,11.7,11.85,11.86,0.97,1.06,361.19,3.76,3765766930.0,3611096567.0,0.16,-0.08,-21.77,-23.28
737,603339,四方科技,14.31,3.62,0.5,102349.0,145172239.0,6.08,14.42,13.58,13.72,13.81,1.84,3.31,25.66,1.59,4428103214.0,4428103214.0,0.07,0.0,11.54,12.85
738,000717,中南股份,2.29,3.62,0.08,347802.0,78926630.19,4.07,2.3,2.21,2.22,2.21,2.51,1.44,-24.06,0.83,5550606401.0,5549954610.0,0.0,0.0,0.0,-11.58
739,301277,新天地,10.6,3.62,0.37,58633.0,61433844.8,5.38,10.68,10.13,10.22,10.23,0.49,1.5,28.78,2.75,4156031040.0,4156031040.0,-0.19,-0.19,5.05,-8.54
740,002862,实丰文化,13.76,3.61,0.48,20697.0,28066523.4,4.37,13.76,13.18,13.25,13.28,0.86,1.61,87.27,7.68,2332182400.0,1769226235.0,0.0,0.07,-21.64,-29.54
741,301038,深水规院,16.35,3.61,0.57,30596.0,49409035.0,5.64,16.48,15.59,15.78,15.78,1.57,1.37,-26.45,4.16,3647358000.0,3647358000.0,0.18,-0.06,-16.45,-30.04
742,002316,亚联发展,4.59,3.61,0.16,105974.0,47676387.0,5.64,4.59,4.34,4.4,4.43,1.19,3.11,315.82,23.04,1804420800.0,1564203150.0,0.0,0.0,-11.05,-2.96
743,688193,仁度生物,48.26,3.61,1.68,3188.0,15106075.0,4.98,48.35,46.03,46.55,46.58,0.65,0.8,96.78,2.2,1933771926.0,1933771926.0,0.4,-0.04,-3.13,1.81
744,000530,冰山冷热,5.17,3.61,0.18,232704.0,118568963.2,5.01,5.18,4.93,4.97,4.99,2.27,3.88,46.24,1.38,4359408661.0,3102603468.0,0.0,0.39,-18.45,-28.89
745,002107,沃华医药,6.32,3.61,0.22,100260.0,62564085.86,5.08,6.34,6.03,6.1,6.1,0.91,1.75,27.0,5.7,3647964672.0,3611225191.0,0.0,0.0,-2.02,5.69
746,002696,百洋股份,6.31,3.61,0.22,172086.0,107436565.0,6.24,6.35,5.97,6.01,6.09,0.71,5.15,-28.39,1.62,2181709204.0,2109173773.0,0.0,0.0,3.78,-10.11
747,688696,极米科技,69.71,3.6,2.42,6785.0,46960437.0,5.25,70.21,66.68,67.08,67.29,1.23,0.97,24.27,1.68,4881094200.0,4881094200.0,-0.2,0.19,-8.61,-36.82
748,002567,唐人神,3.74,3.6,0.13,309795.0,114468630.31,4.16,3.74,3.59,3.59,3.61,1.38,2.16,-2.14,1.29,5359612210.0,5354432415.0,0.0,0.27,0.54,-15.0
749,002303,美盈森,4.89,3.6,0.17,432281.0,206910497.97,7.2,4.92,4.58,4.72,4.72,0.96,4.05,28.83,1.7,7488172820.0,5219407637.0,0.2,0.2,48.18,23.8
750,300026,红日药业,3.45,3.6,0.12,698185.0,236668937.97,4.8,3.45,3.29,3.31,3.33,0.65,2.33,39.43,1.21,10364334188.0,10354572716.0,0.29,0.0,5.18,-1.71
751,300368,汇金股份,7.78,3.6,0.27,353204.0,274051813.99,8.26,8.05,7.43,7.46,7.51,1.51,6.68,-110.76,85.38,4115180236.0,4115180236.0,0.0,0.13,-24.25,-48.68
752,600769,祥龙电业,14.69,3.6,0.51,135134.0,192560162.0,7.9,14.8,13.68,13.88,14.18,1.16,3.6,297.01,41.96,5508415068.0,5508415068.0,-0.07,-0.07,-11.29,22.01
753,301223,中荣股份,16.74,3.59,0.58,27818.0,46028298.0,4.52,16.79,16.06,16.15,16.16,2.51,1.44,20.16,1.09,3232955354.0,3232955354.0,0.0,0.06,-3.68,-7.1
754,600399,抚顺特钢,4.33,3.59,0.15,446862.0,191895095.0,4.55,4.36,4.17,4.18,4.18,1.17,2.27,-16.91,1.62,8539193000.0,8539193000.0,0.0,-0.23,-9.98,-25.86
755,002799,环球印务,6.93,3.59,0.24,70547.0,48468092.0,5.53,6.98,6.61,6.65,6.69,1.68,2.2,103.38,1.73,2217877200.0,2217848094.0,-0.14,-0.14,-10.58,-18.76
756,000921,海信家电,25.67,3.59,0.89,82785.0,210186442.32,3.75,25.71,24.78,24.8,24.78,0.91,0.9,10.72,2.04,35549386260.0,23712994182.0,0.08,0.2,7.32,9.0
757,000019,深粮控股,6.65,3.58,0.23,313887.0,208903958.71,7.63,6.86,6.37,6.39,6.42,0.71,7.54,34.26,1.54,7664359439.0,2767789232.0,0.0,-0.15,1.53,-2.64
758,301299,卓创资讯,44.21,3.58,1.53,12475.0,54619937.05,4.36,44.36,42.5,42.5,42.68,1.2,2.72,36.78,4.7,2681894430.0,2027455480.0,0.14,0.07,-17.21,-17.49
759,002197,证通电子,6.66,3.58,0.23,212527.0,139890323.0,5.75,6.71,6.34,6.46,6.43,1.0,3.98,572.0,2.32,4091657100.0,3556440080.0,0.0,0.0,-2.2,-34.19
760,300322,硕贝德,17.66,3.58,0.61,184139.0,320183992.45,7.62,17.92,16.62,16.82,17.05,0.93,4.18,160.66,7.88,8124273782.0,7778007275.0,0.06,-0.06,-38.81,-35.29
761,300238,冠昊生物,11.85,3.58,0.41,58009.0,67762111.54,5.68,11.92,11.27,11.47,11.44,0.67,2.19,77.3,5.42,3142095057.0,3141838872.0,-0.34,-0.08,-1.25,-14.44
762,605388,均瑶健康,6.1,3.57,0.21,90816.0,54924503.0,5.09,6.14,5.84,5.87,5.89,0.61,1.51,105.68,2.38,3662952400.0,3662952400.0,-0.16,-0.16,-1.13,-18.01
763,002269,美邦服饰,1.45,3.57,0.05,551906.0,79590609.0,4.29,1.46,1.4,1.41,1.4,1.81,2.35,586.14,17.02,3643125000.0,3398407159.0,-0.68,0.0,-9.38,-23.28
764,000798,中水渔业,9.01,3.56,0.31,191614.0,171209467.87,5.29,9.06,8.6,8.62,8.7,0.82,5.24,16.1,6.04,3296386995.0,3296184270.0,0.22,0.22,4.04,-14.84
765,002454,松芝股份,5.23,3.56,0.18,151045.0,77842053.1,4.95,5.25,5.0,5.01,5.05,1.39,1.72,18.46,1.15,4597555346.0,4588560562.0,0.0,0.0,-10.6,-14.12
766,301019,宁波色母,15.4,3.56,0.53,26829.0,40953112.76,5.51,15.54,14.72,14.99,14.87,1.39,1.85,26.05,2.95,3048523463.0,2235258533.0,0.06,0.0,-12.4,-16.8
767,688682,霍莱沃,31.99,3.56,1.1,14676.0,46409212.0,6.9,32.49,30.36,30.92,30.89,1.22,1.44,125.55,5.45,3257826251.0,3257826251.0,-0.03,0.09,-21.73,-39.31
768,600231,凌钢股份,1.75,3.55,0.06,265830.0,46036904.0,4.73,1.76,1.68,1.68,1.69,2.55,0.94,-3.11,1.53,5026110917.0,4963670917.0,-0.57,0.0,-14.22,-18.22
769,300094,国联水产,2.92,3.55,0.1,511072.0,147148293.36,4.96,2.93,2.79,2.8,2.82,0.63,4.62,190.47,34.67,3294248379.0,3228110805.0,0.0,-0.34,-4.26,-17.98
770,002213,大为股份,32.63,3.55,1.12,233683.0,738555473.14,11.52,33.28,29.65,30.4,31.51,1.6,11.3,165.46,11.93,7844972568.0,6745205044.0,-0.06,0.09,-1.3,25.6
771,300713,英可瑞,13.47,3.54,0.46,24788.0,33012224.5,4.92,13.5,12.86,13.02,13.01,1.35,2.77,-27.83,4.81,2139585711.0,1204316749.0,0.15,0.15,-15.65,-22.14
772,300291,百纳千成,4.97,3.54,0.17,278305.0,136824302.0,5.21,5.0,4.75,4.81,4.8,0.83,2.99,87.44,2.3,4681191565.0,4621428523.0,0.2,0.0,-30.39,-33.64
773,300154,瑞凌股份,12.0,3.54,0.41,151504.0,179701300.0,7.51,12.2,11.33,11.43,11.59,0.82,4.8,67.06,3.15,5394662412.0,3784475112.0,-0.08,0.0,29.45,24.35
774,002723,小崧股份,7.63,3.53,0.26,91333.0,68795040.0,5.83,7.69,7.26,7.37,7.37,1.02,2.88,-21.1,3.46,2535829554.0,2419090226.0,-0.39,-0.39,-14.46,-9.92
775,300065,海兰信,15.25,3.53,0.52,292664.0,439095723.2,6.04,15.37,14.48,14.61,14.73,0.6,4.46,536.73,6.22,11003472190.0,10014136492.0,0.0,-0.07,-24.77,-16.07
776,688251,井松智能,21.41,3.53,0.73,17593.0,36947907.0,5.27,21.45,20.36,20.66,20.68,1.36,1.76,-30.83,2.57,2153898776.0,2138929439.0,0.09,0.19,-16.5,-27.05
777,300483,首华燃气,24.02,3.53,0.82,205833.0,493105907.22,7.72,24.56,22.77,22.86,23.2,1.27,5.35,24.77,2.38,9250287915.0,9236452395.0,-0.04,-0.08,15.48,69.39
778,600657,信达地产,2.64,3.53,0.09,253612.0,66457342.0,4.71,2.66,2.54,2.56,2.55,0.84,0.89,-3.98,0.49,7528959491.0,7528959491.0,0.0,0.0,-9.28,-23.48
779,000882,华联股份,1.47,3.52,0.05,663026.0,96354807.0,4.93,1.48,1.41,1.41,1.42,1.42,2.42,-26.84,0.61,4023907362.0,4020944127.0,0.0,0.0,-4.55,-28.64
780,688255,凯尔达,25.9,3.52,0.88,28267.0,71967752.0,5.88,26.1,24.63,24.65,25.02,0.97,2.57,64.5,2.7,2845344733.0,2845344733.0,0.23,0.15,-13.52,-29.0
781,300421,力星股份,16.78,3.52,0.57,49330.0,81546516.0,5.37,16.87,16.0,16.09,16.21,0.79,2.14,174.84,3.95,4933831522.0,3864481353.0,0.0,0.06,-24.62,-54.19
782,301197,工大科雅,25.86,3.52,0.88,29791.0,75450125.0,5.68,25.95,24.53,24.87,24.98,1.04,2.74,-109.58,2.37,3117164400.0,2812255605.0,0.0,-0.08,-17.62,24.39
783,002188,中天服务,5.59,3.52,0.19,98864.0,54250263.89,5.37,5.6,5.31,5.34,5.4,0.75,3.84,72.31,5.07,1828510600.0,1438659209.0,0.18,0.18,-10.56,-8.06
784,002995,天地在线,17.08,3.52,0.58,48682.0,81864521.64,4.91,17.11,16.3,16.4,16.5,1.19,4.33,-2225.98,3.78,3030922518.0,1920085913.0,0.18,0.18,-31.98,3.39
785,000829,天音控股,8.55,3.51,0.29,213630.0,180448016.14,4.72,8.58,8.19,8.23,8.26,1.23,2.09,-86.33,3.02,8764608745.0,8756308670.0,0.0,-0.12,-1.38,-21.63
786,605598,上海港湾,26.8,3.51,0.91,34964.0,92593395.0,6.06,26.99,25.42,25.8,25.89,0.84,1.44,407.91,3.85,6512850481.0,6512850481.0,-0.04,-0.07,-39.72,-61.38
787,301489,思泉新材,117.99,3.51,4.0,95588.0,1103439765.46,8.64,119.65,109.8,114.0,113.99,1.22,13.74,129.33,8.91,13721484696.0,8209834698.0,0.0,0.43,-23.47,-16.93
788,603015,弘讯科技,10.91,3.51,0.37,62858.0,67822811.0,6.07,11.03,10.39,10.63,10.54,0.81,1.56,87.79,3.18,4410029290.0,4410029290.0,0.0,0.09,-1.8,-12.51
789,300498,温氏股份,14.14,3.51,0.48,720714.0,1009223083.49,4.03,14.15,13.6,13.62,13.66,1.62,1.21,-21.98,2.46,94086560373.0,84074742762.0,0.0,0.14,5.29,-15.23
790,605305,中际联合,37.52,3.5,1.27,30283.0,112314054.0,4.41,37.7,36.1,36.3,36.25,1.02,1.42,15.47,2.67,7973750400.0,7973750400.0,0.05,0.03,-7.45,-9.11
791,300350,华鹏飞,4.43,3.5,0.15,110257.0,48335611.2,4.91,4.46,4.25,4.26,4.28,1.19,2.34,-90.86,2.84,2489714396.0,2089034797.0,-0.23,-0.23,-6.54,-29.79
792,301023,奕帆传动,28.72,3.5,0.97,22314.0,62581324.79,6.67,28.79,26.94,27.6,27.75,1.33,3.34,51.81,3.24,2680168781.0,1917066060.0,0.0,0.03,-9.77,-20.04
793,300814,中富电路,137.66,3.5,4.66,75102.0,1006287985.3,11.69,141.49,125.94,131.86,133.0,1.05,3.92,341.19,16.12,26352271971.0,26352271971.0,-0.01,0.04,-4.67,86.3
794,600843,上工申贝,7.09,3.5,0.24,69767.0,48723590.0,4.82,7.1,6.77,6.83,6.85,1.14,1.49,-50.55,1.9,5056350343.0,3326789156.0,-0.14,0.0,-9.34,-43.46
795,000719,中原传媒,12.11,3.5,0.41,60101.0,71856551.24,3.68,12.13,11.7,11.7,11.7,1.08,0.9,12.25,1.03,12390997400.0,8079156746.0,0.0,0.08,-4.42,9.1
796,000757,浩物股份,4.43,3.5,0.15,101453.0,44355590.8,4.21,4.44,4.26,4.28,4.28,1.02,1.9,63.1,1.46,2359932301.0,2359932301.0,0.0,0.0,4.73,-9.03
797,000702,正虹科技,5.64,3.49,0.19,64765.0,36028881.99,4.77,5.66,5.4,5.43,5.45,0.94,1.87,-38.87,5.9,1954964707.0,1954964707.0,-0.18,0.0,-11.18,-15.57
798,000852,石化机械,5.34,3.49,0.18,237869.0,126050362.99,5.62,5.37,5.08,5.1,5.16,0.81,2.5,-199.43,1.63,5103812526.0,5074382382.0,-0.19,-0.19,-10.55,-26.55
799,000856,冀东装备,8.6,3.49,0.29,84883.0,71828406.48,4.69,8.63,8.24,8.24,8.31,0.95,3.74,152.78,4.63,1952200000.0,1952200000.0,0.12,0.0,-6.52,-15.85
800,603726,朗迪集团,24.0,3.49,0.81,51919.0,121641515.0,6.9,24.14,22.54,23.2,23.19,1.41,2.81,12.74,3.19,4453423200.0,4430743200.0,-0.12,-0.17,-8.64,1.48
801,300374,中铁装配,10.96,3.49,0.37,31784.0,34458532.0,4.53,11.0,10.52,10.53,10.59,1.35,1.29,-20.17,3.8,2695199214.0,2694882579.0,-0.18,-0.09,-13.08,-30.06
802,300249,依米康,13.05,3.49,0.44,185408.0,238783232.16,6.58,13.13,12.3,12.36,12.61,1.12,4.96,142.49,9.22,5982455385.0,4882130528.0,0.08,0.08,-12.42,-10.8
803,600463,空港股份,8.31,3.49,0.28,45392.0,37361775.0,4.61,8.37,8.0,8.01,8.03,1.64,1.51,96.28,2.81,2493000000.0,2493000000.0,-0.24,-0.24,-20.17,-26.59
804,002186,全 聚 德,9.5,3.49,0.32,50286.0,47263523.0,4.36,9.52,9.12,9.17,9.18,1.22,1.64,107.54,3.39,2915755086.0,2914615086.0,0.0,0.11,-3.36,-19.35
805,603717,天域生物,6.53,3.49,0.22,85801.0,55249392.0,4.91,6.59,6.28,6.29,6.31,0.65,2.96,-45.03,4.95,1894654947.0,1894654947.0,-0.15,-0.15,-5.64,-16.71
806,600654,中安科,2.97,3.48,0.1,679546.0,200430748.0,6.97,3.04,2.84,2.86,2.87,1.56,2.93,74.47,5.01,8450866693.0,6882772514.0,0.0,0.0,-10.81,-21.22
807,300074,华平股份,3.87,3.48,0.13,181909.0,69418638.0,5.35,3.9,3.7,3.72,3.74,1.4,3.31,-167.16,2.5,2129690412.0,2127876350.0,0.0,0.0,-8.51,-16.05
808,001300,三柏硕,11.88,3.48,0.4,55172.0,64412902.0,5.23,11.9,11.3,11.42,11.48,1.34,2.26,-112.54,3.01,2896057858.0,2896057858.0,0.0,0.17,-25.42,-23.11
809,688139,海尔生物,30.01,3.48,1.01,42261.0,125698137.0,5.14,30.16,28.67,29.09,29.0,0.84,1.34,32.22,2.15,9497952589.0,9497952589.0,0.03,0.13,-4.06,-4.58
810,600060,海信视像,26.18,3.48,0.88,108517.0,283124705.0,4.35,26.44,25.34,25.34,25.3,1.53,0.83,14.46,1.66,34164173610.0,34038417116.0,0.0,0.04,3.89,12.17
811,300759,康龙化成,46.42,3.48,1.56,752617.0,3409859860.89,7.16,46.96,43.75,44.33,44.86,0.89,5.3,56.84,5.22,85286706012.0,65917883305.0,0.0,0.0,90.71,64.43
812,002181,粤 传 媒,8.36,3.47,0.28,213176.0,175959036.0,5.07,8.4,7.99,8.04,8.08,0.99,1.88,138.57,2.32,9706446335.0,9484730189.0,0.0,0.0,-53.81,-2.34
813,603900,莱绅通灵,6.56,3.47,0.22,362881.0,239844743.0,9.62,6.97,6.36,6.58,6.34,2.9,10.59,10.51,1.13,2249449190.0,2248268390.0,0.0,-0.15,-4.79,-22.46
814,603709,中源家居,12.22,3.47,0.41,38706.0,46692675.0,4.32,12.24,11.73,11.79,11.81,0.41,2.38,244.73,4.0,1994732421.0,1987485863.0,0.16,0.33,-4.53,-2.16
815,003028,振邦智能,22.98,3.47,0.77,9548.0,21653781.11,4.95,23.06,21.96,22.21,22.21,1.1,1.35,99.07,1.92,3311881047.0,1624539962.0,0.04,0.0,-14.19,-21.81
816,002878,元隆雅图,12.51,3.47,0.42,47333.0,58473896.0,4.38,12.54,12.01,12.03,12.09,1.13,2.01,-445.57,2.59,3277516505.0,2951500838.0,0.08,0.16,-24.59,-31.34
817,600178,东安动力,9.55,3.47,0.32,89215.0,84672487.0,3.79,9.55,9.2,9.3,9.23,2.23,1.91,-249.3,1.75,4454847338.0,4454847338.0,0.1,0.1,4.71,-25.27
818,300126,锐奇股份,6.56,3.47,0.22,57008.0,36991707.0,5.84,6.63,6.26,6.34,6.34,1.14,2.71,-34.44,2.03,1993961856.0,1381869438.0,0.0,-0.46,-6.95,-23.36
819,002093,国脉科技,6.86,3.47,0.23,117166.0,79494210.0,4.68,6.88,6.57,6.6,6.63,1.24,1.16,-92.26,1.83,6911450000.0,6911450000.0,-0.15,-0.15,-7.8,-40.03
820,688208,道通科技,25.42,3.46,0.85,87338.0,220921479.0,4.64,25.7,24.56,24.57,24.57,1.02,1.3,19.64,4.56,17036138568.0,17036138568.0,0.12,-0.16,-15.88,-29.97
821,600620,XD天宸股,4.49,3.46,0.15,52596.0,23321095.0,4.61,4.51,4.31,4.32,4.34,0.99,0.77,-80.59,2.17,3083180237.0,3083180237.0,-0.22,0.0,-9.11,-30.82
822,300875,捷强装备,32.31,3.46,1.08,32920.0,105482436.0,5.41,32.5,30.81,30.98,31.23,1.1,3.75,-167.73,3.8,3225660805.0,2836548825.0,0.0,-0.09,-4.75,-20.2
823,300870,欧陆通,210.01,3.45,7.01,69632.0,1426194226.92,10.73,214.97,193.19,201.05,203.0,1.0,4.56,-639.02,12.45,32056670255.0,32053142087.0,0.04,0.06,-17.32,33.22
824,002243,力合科创,7.5,3.45,0.25,153792.0,114355366.74,4.14,7.53,7.23,7.24,7.25,1.33,1.28,35.46,1.23,9079531643.0,9016204860.0,0.13,0.0,-15.73,-24.24
825,300299,富春股份,5.4,3.45,0.18,150303.0,80039265.47,4.6,5.42,5.18,5.19,5.22,1.03,2.18,55.87,9.4,3727620459.0,3723056109.0,-0.18,-0.18,-4.26,-23.94
826,000788,北大医药,5.7,3.45,0.19,253687.0,142425204.81,5.63,5.73,5.42,5.47,5.51,0.6,4.26,30.51,2.24,3397128323.0,3397128323.0,0.0,-0.18,3.07,-4.04
827,002519,银河电子,5.4,3.45,0.18,264346.0,141084327.99,5.17,5.43,5.16,5.19,5.22,1.06,2.35,558.96,2.74,6082726849.0,6066599269.0,0.19,0.0,-18.92,-16.67
828,002238,天威视讯,6.6,3.45,0.22,160828.0,105106878.9,6.27,6.68,6.28,6.32,6.38,2.51,2.0,-61.48,2.72,5296890456.0,5296890456.0,0.3,0.3,-2.22,-18.82
829,600683,京投发展,10.19,3.45,0.34,408763.0,407141152.0,6.4,10.19,9.56,9.93,9.85,0.7,5.52,-12.05,-5.15,7548523713.0,7548523713.0,0.2,0.39,-29.38,138.64
830,002813,路畅科技,20.98,3.45,0.7,22034.0,45695483.0,5.33,21.07,19.99,19.99,20.28,1.66,1.84,-57.16,12.42,2517600000.0,2515335335.0,-0.19,-0.1,-8.22,-27.73
831,603477,巨星农牧,14.72,3.44,0.49,151345.0,220136829.0,4.78,14.74,14.06,14.15,14.23,0.86,2.97,-5.4,2.81,7698260065.0,7508242367.0,0.0,-0.07,-8.0,-14.37
832,002423,中粮资本,9.62,3.44,0.32,613962.0,587923582.68,4.73,9.74,9.3,9.3,9.3,2.99,2.66,12.08,0.96,22165495632.0,22165495632.0,0.0,0.1,4.79,-16.71
833,603999,读者传媒,5.71,3.44,0.19,66939.0,37798641.0,4.17,5.72,5.49,5.51,5.52,1.29,1.16,86.44,1.6,3288960000.0,3288960000.0,0.0,0.18,-6.09,-18.31
834,603090,宏盛股份,38.56,3.43,1.28,27475.0,103980463.0,8.23,39.11,36.04,36.54,37.28,1.27,2.75,55.93,6.2,3856000000.0,3856000000.0,0.0,0.03,-34.93,-30.08
835,300925,法本信息,14.76,3.43,0.49,104940.0,153526689.8,3.85,14.82,14.27,14.41,14.27,1.58,3.0,70.38,2.84,6327744028.0,5158799290.0,-0.14,0.0,-11.35,-30.34
836,688212,澳华内镜,28.08,3.43,0.93,30726.0,86040544.0,5.93,28.45,26.84,27.28,27.15,0.78,2.28,-22.08,3.09,3781400220.0,3781400220.0,0.21,-0.14,-8.56,-35.76
837,002798,帝欧水华,5.74,3.42,0.19,74669.0,42363946.16,4.32,5.76,5.52,5.56,5.55,1.05,1.44,-57.49,1.72,3372334453.0,2966140270.0,0.0,0.0,-11.69,0.17
838,002526,山东矿机,2.72,3.42,0.09,279047.0,75167869.1,4.56,2.74,2.62,2.63,2.63,1.32,1.58,385.97,1.5,4849199234.0,4817757671.0,0.0,-0.37,-12.82,-24.23
839,002347,泰尔股份,6.05,3.42,0.2,171156.0,102655818.0,5.13,6.1,5.8,5.8,5.85,1.36,3.47,-77.28,2.8,3053448770.0,2984966551.0,-0.33,-0.17,-14.55,-51.13
840,000058,深 赛 格,6.95,3.42,0.23,71279.0,48876109.9,3.87,6.96,6.7,6.71,6.72,1.37,0.72,86.58,4.26,8556844670.0,6843938510.0,0.14,0.14,-5.05,-25.91
841,300452,山河药辅,13.01,3.42,0.43,104473.0,134600095.05,5.72,13.09,12.37,12.48,12.58,0.68,5.26,15.86,3.04,3050276268.0,2584172228.0,-0.31,-0.46,3.34,-0.54
842,301020,密封科技,20.89,3.42,0.69,25573.0,53466115.0,5.4,21.22,20.13,20.13,20.2,1.74,1.75,25.53,3.02,3058296000.0,3058296000.0,-0.05,-0.05,-18.65,-4.7
843,688201,ST信安,7.25,3.42,0.24,21102.0,15063064.0,4.28,7.26,6.96,7.0,7.01,1.37,0.67,-40.07,1.78,2299365166.0,2299365166.0,0.14,0.14,-13.28,-50.38
844,603081,大丰实业,9.69,3.42,0.32,33132.0,31733188.0,4.06,9.71,9.33,9.33,9.37,1.19,0.78,269.77,1.29,4094016754.0,4094016754.0,0.21,0.21,-8.41,-30.64
845,688633,星球石墨,24.28,3.41,0.8,26179.0,62827654.0,4.77,24.43,23.31,23.62,23.48,1.09,1.54,14.12,1.81,4137327296.0,4137327296.0,0.0,-0.04,-17.89,5.2
846,300171,东富龙,14.24,3.41,0.47,207885.0,290085589.2,6.32,14.35,13.48,13.65,13.77,0.76,3.69,99.09,1.38,10905391290.0,8012240735.0,-0.49,0.35,20.27,-8.83
847,300469,信息发展,55.48,3.41,1.83,70306.0,384341832.3,6.26,56.11,52.75,53.1,53.65,1.34,2.83,-109.67,58.84,13772289956.0,13765353569.0,0.0,0.05,14.25,-10.23
848,000897,津滨发展,1.82,3.41,0.06,341605.0,61365181.6,3.98,1.82,1.75,1.75,1.76,1.24,2.11,-458.95,0.98,2943435466.0,2943377954.0,1.11,0.55,-9.0,-20.18
849,603516,淳中科技,99.15,3.41,3.27,58299.0,566640548.0,6.68,99.68,93.28,94.86,95.88,0.91,2.87,2946.77,11.97,20154049863.0,20154049863.0,0.03,0.0,-10.17,-55.62
850,600370,*ST三房,1.52,3.4,0.05,217850.0,32896894.0,4.76,1.53,1.46,1.47,1.47,1.29,0.54,46.69,1.24,6114447439.0,6114447439.0,0.66,0.0,4.11,-32.74
851,002253,川大智胜,9.72,3.4,0.32,40863.0,39369991.0,4.89,9.76,9.3,9.38,9.4,1.08,1.95,-30.54,2.59,2193085643.0,2040704358.0,0.0,0.0,-18.93,-13.68
852,300079,数码视讯,4.56,3.4,0.15,255871.0,114949512.46,4.99,4.57,4.35,4.38,4.41,1.35,1.98,143.29,1.59,6502687963.0,5892350631.0,0.22,0.22,-12.14,-15.08
853,002076,星光股份,2.13,3.4,0.07,303007.0,63566669.0,4.37,2.13,2.04,2.05,2.06,1.2,2.91,-84.02,7.76,2362435166.0,2220035541.0,0.0,0.0,-21.98,5.97
854,688768,容知日新,41.67,3.4,1.37,7438.0,30403457.0,4.86,41.86,39.9,40.46,40.3,0.91,0.85,-40.15,3.48,3666489671.0,3636272087.0,-0.19,-0.26,-15.17,-3.41
855,300288,朗玛信息,10.04,3.4,0.33,41906.0,41574800.0,4.33,10.06,9.64,9.65,9.71,0.94,1.63,-203.55,3.15,3392931676.0,2575956686.0,0.1,0.1,-4.92,-25.35
856,301126,达嘉维康,10.34,3.4,0.34,32898.0,33418678.0,5.3,10.35,9.82,9.91,10.0,0.69,2.39,89.01,1.42,2123869088.0,1425557901.0,-0.1,0.1,-2.45,-15.87
857,002101,广东鸿图,8.81,3.4,0.29,66883.0,58489201.0,3.29,8.82,8.54,8.6,8.52,1.72,1.01,73.29,0.74,5839470727.0,5834089473.0,0.0,0.0,-0.9,-27.01
858,300232,洲明科技,5.47,3.4,0.18,323426.0,174875486.41,4.54,5.49,5.25,5.25,5.29,1.61,3.64,92.52,1.29,5963968191.0,4859847526.0,0.18,-0.18,-7.6,-22.63
859,301220,亚香股份,28.4,3.39,0.93,12439.0,34970754.56,4.73,28.5,27.2,27.8,27.47,1.12,1.59,50.86,1.86,3209395790.0,2215684561.0,-0.14,-0.18,-26.16,-24.47
860,688615,合合信息,92.77,3.39,3.04,64415.0,578422522.0,7.47,92.8,86.1,88.67,89.73,0.89,4.76,36.85,6.12,18182920000.0,12555337987.0,-0.02,0.39,-32.1,-42.51
861,300271,华宇软件,5.49,3.39,0.18,89855.0,48778059.16,4.9,5.51,5.25,5.3,5.31,0.97,1.13,-19.81,1.26,4457115095.0,4361066710.0,0.18,0.18,-4.85,-24.38
862,688377,迪威尔,19.5,3.39,0.64,29139.0,55710549.0,6.95,19.73,18.42,18.53,18.86,1.44,1.25,69.02,2.42,4554639707.0,4554639707.0,0.31,0.36,-32.94,-35.9
863,301368,丰立智能,39.9,3.39,1.31,16974.0,67040082.87,6.06,40.37,38.03,38.03,38.59,0.71,1.41,4567.15,5.08,4791990000.0,4791990000.0,-0.25,-0.27,-15.66,-36.33
864,002629,仁智股份,4.89,3.38,0.16,98822.0,47822520.0,4.65,4.92,4.7,4.72,4.73,1.1,2.73,-131.28,33.04,2083619220.0,1771422011.0,0.0,0.0,-14.66,-28.3
865,300837,浙矿股份,23.53,3.38,0.77,16129.0,37435335.42,4.92,23.67,22.55,22.65,22.76,1.13,2.13,49.19,1.67,2353159110.0,1778732985.0,0.04,-0.04,-20.13,-30.22
866,300071,福石控股,3.98,3.38,0.13,475170.0,186576703.51,4.68,4.0,3.82,3.82,3.85,0.97,5.03,-1449.8,23.83,3836259657.0,3762496447.0,-0.25,0.0,-12.72,-39.05
867,600883,博闻科技,7.97,3.37,0.26,56223.0,44440814.0,4.93,8.01,7.63,7.63,7.71,0.73,2.38,45.87,1.93,1881621360.0,1881621360.0,-0.38,-0.25,-9.33,-0.75
868,603272,*ST联翔,14.12,3.37,0.46,37972.0,52967664.0,7.39,14.44,13.43,13.54,13.66,1.12,3.66,-65.59,2.72,1463213240.0,1463213240.0,-0.56,-0.35,-68.0,-29.79
869,000837,秦川机床,10.11,3.37,0.33,185375.0,185351161.0,5.11,10.19,9.69,9.7,9.78,0.45,1.84,106.57,2.1,10344004412.0,10184847737.0,-0.2,-0.1,-11.7,-21.51
870,301052,果麦文化,23.02,3.37,0.75,27297.0,62052072.97,4.76,23.12,22.06,22.27,22.27,0.88,3.4,-27.99,3.49,2278043984.0,1847120058.0,-0.13,-0.09,-19.06,-39.69
871,300233,金城医药,13.51,3.37,0.44,128607.0,171680724.02,5.43,13.57,12.86,12.98,13.07,0.91,3.45,18.67,1.38,5186145670.0,5028982165.0,-0.22,-0.22,0.52,-2.38
872,600966,博汇纸业,4.91,3.37,0.16,172876.0,85021777.0,5.68,4.99,4.72,4.74,4.75,1.94,1.29,29.63,0.88,6563905454.0,6563905454.0,0.2,0.2,-17.34,-27.9
873,301135,瑞德智能,17.2,3.37,0.56,20588.0,34936938.35,4.15,17.21,16.52,16.74,16.64,1.27,2.04,-154.0,1.86,2232368495.0,1736925694.0,0.06,0.12,-7.97,-20.07
874,300417,南华仪器,11.34,3.37,0.37,25479.0,28555624.3,5.1,11.43,10.87,10.97,10.97,1.07,3.05,-129.12,3.44,1525946688.0,947915136.0,-0.44,0.0,-14.29,-18.53
875,300555,ST路通,12.61,3.36,0.41,13650.0,17041412.0,5.0,12.68,12.07,12.28,12.2,0.93,0.69,-88.08,6.12,2522000000.0,2496589122.0,0.56,0.0,-5.05,-13.98
876,002836,新宏泽,10.14,3.36,0.33,18971.0,18945135.6,5.71,10.19,9.63,9.7,9.81,0.66,0.82,35.22,6.63,2336256000.0,2336256000.0,0.0,0.0,-10.66,-31.39
877,600477,杭萧钢构,2.46,3.36,0.08,391705.0,95299883.0,4.62,2.47,2.36,2.38,2.38,1.4,1.66,35.53,1.16,5803062353.0,5803062353.0,0.0,-0.4,-11.51,-16.61
878,300661,圣邦股份,114.86,3.36,3.73,103953.0,1170899742.99,6.7,115.81,108.36,110.02,111.13,0.65,1.73,159.15,14.73,78744036675.0,69124887727.0,-0.1,-0.07,8.71,67.83
879,300701,森霸传感,9.88,3.35,0.32,38579.0,37652400.0,4.71,9.93,9.48,9.55,9.56,1.15,1.53,85.24,2.93,2762382071.0,2491278892.0,-0.1,0.0,-10.75,-22.99
880,600774,汉商集团,7.41,3.35,0.24,40176.0,29435337.0,5.02,7.43,7.07,7.17,7.17,0.97,1.36,-100.1,1.48,2186190099.0,2185062112.0,-0.13,-0.13,-4.63,-18.93
881,600148,长春一东,15.73,3.35,0.51,18247.0,28295033.0,4.27,15.75,15.1,15.17,15.22,1.68,1.29,119.55,4.68,2226053759.0,2226053759.0,0.0,0.0,-10.17,-19.46
882,002278,神开股份,8.33,3.35,0.27,155258.0,128770141.27,6.33,8.49,7.98,7.98,8.06,1.67,4.33,115.17,2.3,3237187224.0,2988979863.0,0.0,-0.12,-7.65,-34.1
883,002055,ST得润,6.18,3.34,0.2,114377.0,69546819.14,4.35,6.18,5.92,5.92,5.98,0.7,1.94,31.48,2.69,3735748305.0,3649228305.0,0.0,0.0,-20.46,-8.31
884,301353,普莱得,19.48,3.34,0.63,13508.0,25941095.84,4.56,19.55,18.69,18.69,18.85,0.89,3.31,42.09,1.95,2474288686.0,795307486.0,0.0,0.1,-4.65,-3.47
885,002062,宏润建设,8.05,3.34,0.26,153118.0,122164325.29,6.03,8.15,7.68,7.79,7.79,0.74,1.36,44.59,2.04,9960030656.0,9053842728.0,0.0,0.12,-10.26,-12.02
886,300466,赛摩智能,7.42,3.34,0.24,74237.0,54244335.0,4.46,7.43,7.11,7.11,7.18,1.46,1.65,191.02,5.73,3973631917.0,3330631442.0,0.0,0.13,-10.17,-26.17
887,301006,迈拓股份,13.95,3.33,0.45,15360.0,21296116.0,4.37,14.06,13.47,13.57,13.5,1.17,1.83,145.02,1.51,1942956000.0,1169301555.0,-0.71,-0.78,-9.24,-14.36
888,002390,信邦制药,3.1,3.33,0.1,233291.0,71390597.1,5.0,3.11,2.96,2.98,3.0,0.79,1.21,30.96,0.9,6025940791.0,5976151043.0,0.0,-0.32,0.65,-1.9
889,601828,美凯龙,2.17,3.33,0.07,445735.0,95356443.0,4.29,2.17,2.08,2.08,2.1,1.38,1.23,49.54,0.42,9447502684.0,7838912859.0,0.0,0.0,-14.57,-19.63
890,300300,海峡创新,7.45,3.33,0.24,353180.0,259579953.73,6.24,7.53,7.08,7.12,7.21,0.66,5.3,-110.34,18.68,4968010612.0,4967694359.0,-0.27,-0.27,-23.35,-50.43
891,300025,华星创业,5.27,3.33,0.17,94469.0,49221616.92,5.29,5.31,5.04,5.08,5.1,1.03,1.86,-143.02,6.29,2681338699.0,2670064045.0,-0.19,-0.19,3.33,-8.51
892,001306,夏厦精密,54.51,3.32,1.75,5006.0,26898533.0,4.78,54.7,52.18,53.04,52.76,0.81,3.23,-38.89,2.66,3430178025.0,844905000.0,0.0,0.15,-13.37,-38.75
893,002929,润建股份,54.22,3.32,1.74,125684.0,675752086.91,6.48,54.8,51.4,51.82,52.48,0.89,5.8,308.04,2.46,15527406159.0,11742412333.0,-0.02,-0.04,-23.03,36.4
894,920263,中航泰达,6.84,3.32,0.22,7484.0,5120348.12,4.68,6.93,6.62,6.66,6.62,1.6,0.73,-13.23,1.79,966101409.0,701436473.0,-0.58,-0.58,-21.38,-45.15
895,002639,雪人集团,11.82,3.32,0.38,238147.0,277882405.89,6.21,11.88,11.17,11.41,11.44,1.19,3.61,744.33,3.54,9212808559.0,7802441762.0,0.08,0.0,-27.26,-36.45
896,603289,泰瑞机器,9.03,3.32,0.29,43394.0,38698648.0,5.26,9.07,8.61,8.68,8.74,1.08,1.48,120.33,1.84,2649382802.0,2649382802.0,0.0,0.0,-13.84,-9.43
897,000952,广济药业,6.53,3.32,0.21,66118.0,42636584.86,5.54,6.57,6.22,6.33,6.32,0.79,1.92,-17.75,3.6,2246319602.0,2246284314.0,-0.46,-0.31,-4.81,-7.11
898,688165,埃夫特-U,16.5,3.32,0.53,63898.0,103835492.0,5.76,16.65,15.73,15.83,15.97,0.71,1.22,-219.94,7.12,8609370000.0,8609370000.0,0.12,0.06,-10.81,-30.56
899,605500,森林包装,7.15,3.32,0.23,54299.0,38467188.0,4.19,7.16,6.87,6.87,6.92,1.52,1.31,180.82,1.16,2962960000.0,2962960000.0,0.0,0.0,-10.96,-19.48
900,300148,天舟文化,3.42,3.32,0.11,180689.0,61036018.41,4.53,3.43,3.28,3.3,3.31,1.18,2.22,71.61,2.79,2883604953.0,2784272944.0,0.0,0.0,-7.57,-22.1
901,002356,鹏飞绿能,2.8,3.32,0.09,196584.0,54350941.0,4.43,2.81,2.69,2.7,2.71,1.09,1.5,-122.38,6.13,3671512659.0,3671491659.0,0.0,0.0,-14.63,-29.29
902,300053,航宇微,11.86,3.31,0.38,152622.0,178471780.16,5.92,11.95,11.27,11.35,11.48,0.85,2.3,-102.72,5.94,8264929471.0,7853885354.0,0.0,-0.17,-23.97,-37.64
903,603259,药明康德,161.0,3.31,5.16,590510.0,9356630203.0,4.61,161.29,154.1,154.13,155.84,0.93,2.39,21.68,5.76,480384901955.0,398198119606.0,0.1,0.26,61.02,80.78
904,601606,长城军工,31.54,3.31,1.01,409369.0,1302973288.0,10.06,32.98,29.91,30.08,30.53,1.66,5.65,-118.41,10.67,22842163736.0,22842163736.0,0.03,0.1,-8.15,-34.46
905,688277,天智航-U,15.62,3.31,0.5,58217.0,90305559.0,5.69,15.75,14.89,15.12,15.12,0.74,1.25,-39.21,6.05,7285868698.0,7285868698.0,-0.06,-0.06,-9.87,2.83
906,603533,掌阅科技,20.9,3.31,0.67,122928.0,252457225.0,4.94,20.94,19.94,20.23,20.23,0.94,2.8,-67.99,4.0,9172943852.0,9172943852.0,-0.05,0.19,-20.95,-5.52
907,600336,澳柯玛,6.24,3.31,0.2,76632.0,47308739.0,4.47,6.26,5.99,6.02,6.04,1.35,0.96,-57.84,2.41,4979612159.0,4979612159.0,0.16,-0.16,-22.1,-24.09
908,603416,信捷电气,45.13,3.3,1.44,16774.0,74218021.0,5.4,45.36,43.0,43.26,43.69,0.54,1.2,32.58,2.72,7084315733.0,6297716396.0,-0.02,0.29,-15.03,-16.86
909,000031,大悦城,2.19,3.3,0.07,480094.0,104639795.0,4.72,2.21,2.11,2.11,2.12,1.32,1.12,-10.61,0.92,9387026212.0,9387007295.0,0.0,-0.45,-23.69,-22.34
910,301602,超研股份,16.61,3.3,0.53,66652.0,109111871.47,5.16,16.69,15.86,16.09,16.08,0.54,3.2,195.14,5.45,7114555287.0,3463174885.0,-0.06,-0.24,0.24,-22.35
911,600793,宜宾纸业,14.39,3.3,0.46,75666.0,108068522.0,4.52,14.48,13.85,13.99,13.93,1.46,4.28,-24.59,11.24,2545648589.0,2545648589.0,-0.07,0.0,-1.24,-31.8
912,000936,华西股份,5.63,3.3,0.18,381050.0,212749623.81,6.24,5.71,5.37,5.39,5.45,0.6,4.3,195.01,0.98,4988252554.0,4987545707.0,0.0,0.0,-13.12,-31.43
913,603058,永吉股份,9.11,3.29,0.29,62616.0,56340881.0,6.24,9.23,8.68,8.7,8.82,0.92,1.51,23.06,3.36,3777858386.0,3777585086.0,-0.11,-0.11,-8.26,-2.77
914,600865,百大集团,8.79,3.29,0.28,68581.0,59693339.0,4.47,8.82,8.44,8.44,8.51,1.43,1.82,145.31,1.44,3307152378.0,3307152378.0,0.0,-0.11,-22.07,-46.4
915,301408,华人健康,15.38,3.29,0.49,119898.0,179876623.9,6.65,15.49,14.5,14.85,14.89,0.81,5.24,19.38,2.88,6152153800.0,3521395618.0,-0.19,-0.06,-15.96,-16.68
916,600689,上海三毛,10.98,3.29,0.35,26874.0,29078362.0,4.23,10.99,10.54,10.61,10.63,1.12,1.77,138.82,4.69,2206884946.0,1671201490.0,0.0,0.0,-8.19,-18.18
917,300055,万邦达,5.97,3.29,0.19,177049.0,104256407.48,4.5,5.99,5.73,5.74,5.78,1.08,2.8,34.71,1.02,4995395148.0,3778110584.0,0.0,0.0,-31.85,-26.66
918,605136,丽人丽妆,8.17,3.29,0.26,69067.0,55819591.0,5.56,8.22,7.78,7.85,7.91,0.81,1.72,72.63,1.35,3271745945.0,3271745945.0,-0.12,-0.12,-18.3,-25.39
919,600782,新钢股份,2.83,3.28,0.09,512573.0,143429871.0,4.01,2.84,2.73,2.73,2.74,1.49,1.63,-3.08,0.36,9010782682.0,8902195582.0,0.0,0.0,2.91,-24.53
920,300956,英力股份,11.35,3.28,0.36,44219.0,49537222.03,5.28,11.39,10.81,10.81,10.99,1.15,2.1,-107.58,1.82,2445103941.0,2388634695.0,-0.26,-0.09,-33.0,-31.38
921,603067,振华股份,33.71,3.28,1.07,193694.0,642562508.0,7.2,34.25,31.9,32.1,32.64,0.71,2.56,52.35,6.16,25468761369.0,25468761369.0,0.03,0.03,-3.58,17.66
922,600386,北巴传媒,3.46,3.28,0.11,79767.0,27302201.0,4.18,3.47,3.33,3.35,3.35,1.27,0.99,-74.55,1.66,2790144000.0,2790144000.0,-0.29,0.29,-9.9,-21.18
923,301272,英华特,34.95,3.28,1.11,5670.0,19585544.85,4.37,35.09,33.61,33.9,33.84,0.89,1.53,-413.37,2.04,2044655385.0,1293631681.0,0.0,0.0,-13.1,-14.15
924,002103,广博股份,6.63,3.27,0.21,77597.0,51051638.0,4.52,6.67,6.38,6.45,6.42,1.53,2.0,35.56,2.73,3542229678.0,2573338948.0,-0.15,0.0,-8.3,-27.3
925,300348,长亮科技,9.79,3.27,0.31,304771.0,295763674.1,4.43,9.83,9.41,9.46,9.48,1.55,4.17,-51.8,3.76,7953144544.0,7151126774.0,0.0,-0.1,-6.49,-36.72
926,301560,众捷汽车,23.03,3.27,0.73,12531.0,28504016.0,5.16,23.16,22.01,22.32,22.3,0.92,2.05,-166.44,2.93,2800448000.0,1406211800.0,-0.22,0.0,-29.33,-32.22
927,002937,兴瑞科技,30.0,3.27,0.95,93950.0,273868160.09,7.47,30.1,27.93,28.57,29.05,1.04,2.98,65.51,5.01,9480291870.0,9455541270.0,-0.33,0.7,-8.12,28.21
928,688069,德林海,36.01,3.27,1.14,39706.0,141294209.0,8.2,36.83,33.97,34.6,34.87,1.17,2.53,-496.66,4.52,5640355626.0,5640355626.0,-0.3,-0.3,-16.66,127.48
929,600416,湘电股份,8.53,3.27,0.27,141687.0,119079139.0,4.6,8.58,8.2,8.25,8.26,1.0,0.96,61.89,1.29,12588423736.0,12588423736.0,0.0,-0.12,-26.21,-45.94
930,002564,天沃科技,4.42,3.27,0.14,130255.0,57019125.2,4.91,4.45,4.24,4.29,4.28,1.26,1.52,-24.42,34.73,3796357788.0,3796357788.0,0.0,0.0,-16.29,-42.6
931,000501,武商集团,7.27,3.27,0.23,105644.0,76136081.5,3.98,7.28,7.0,7.01,7.04,1.67,1.38,11.33,0.51,5590577154.0,5585496588.0,0.28,0.14,-7.62,-27.45
932,001387,雪祺电气,12.34,3.26,0.39,28095.0,34158996.1,4.27,12.35,11.84,11.94,11.95,1.21,2.41,48.0,1.76,2258139062.0,1436493736.0,0.33,0.41,-5.0,-9.4
933,300952,恒辉安防,16.49,3.26,0.52,32708.0,53161368.0,4.63,16.54,15.8,15.8,15.97,0.81,2.2,152.12,2.38,3984338601.0,2450054930.0,0.06,0.12,-27.71,-43.33
934,002918,蒙娜丽莎,10.13,3.26,0.32,100286.0,100234267.48,5.4,10.21,9.68,9.68,9.81,0.81,4.68,-57.12,1.29,4141345719.0,2169896285.0,0.1,0.1,-21.17,-28.41
935,301314,科瑞思,43.68,3.26,1.38,6345.0,27305116.3,5.44,43.88,41.58,42.04,42.3,0.93,3.48,590.28,2.32,2413320000.0,797481572.0,-0.3,-0.36,-5.15,4.55
936,300231,银信科技,8.26,3.25,0.26,98118.0,80248781.23,4.75,8.29,7.91,7.97,8.0,0.91,2.21,71.81,2.32,3673606511.0,3673418059.0,0.0,0.0,-12.13,-20.42
937,301508,中机认检,24.48,3.25,0.77,25933.0,63260754.5,3.04,24.62,23.9,24.11,23.71,2.73,4.41,32.84,2.66,5534565696.0,1440315072.0,0.08,-0.04,-6.96,-21.08
938,300707,威唐工业,12.39,3.25,0.39,32940.0,40327417.0,4.33,12.41,11.89,11.91,12.0,0.88,2.29,-46.57,1.94,2154621136.0,1778962668.0,0.16,0.16,-5.2,-24.41
939,300564,筑博设计,12.7,3.25,0.4,20643.0,25881025.0,5.12,12.74,12.11,12.3,12.3,0.91,1.82,-92.63,1.71,2048703040.0,1437535225.0,-0.16,-0.08,-14.01,-18.06
940,301326,捷邦科技,110.34,3.25,3.47,19835.0,214218453.98,9.98,113.25,102.58,104.73,106.87,0.94,2.75,-134.33,6.5,8022791388.0,7952745900.0,0.02,-0.14,-22.19,1.08
941,002105,信隆健康,6.04,3.25,0.19,83280.0,49479520.0,5.98,6.07,5.72,5.72,5.85,1.21,2.28,137.66,2.74,2212101378.0,2201410729.0,0.17,-0.17,-1.31,-17.49
942,002863,今飞凯达,4.78,3.24,0.15,164161.0,77439750.71,4.32,4.78,4.58,4.6,4.63,0.49,2.74,28.91,1.01,2865531388.0,2865531388.0,0.0,0.21,-7.36,-18.43
943,300549,优德精密,14.66,3.24,0.46,14469.0,20944245.7,4.44,14.68,14.05,14.15,14.2,1.02,1.43,709.67,3.59,1954764400.0,1481453839.0,0.07,0.07,-7.97,-22.06
944,000718,苏宁环球,1.91,3.24,0.06,262541.0,49744759.0,4.32,1.92,1.84,1.84,1.85,1.44,1.15,291.34,0.63,5796155493.0,4358294865.0,0.0,0.0,-7.73,-16.59
945,301198,喜悦智行,12.76,3.24,0.4,30976.0,38791505.4,5.66,12.78,12.08,12.31,12.36,0.99,1.91,-4504.55,2.38,2156440000.0,2070656817.0,0.0,0.0,-31.03,1.59
946,300310,宜通世纪,4.46,3.24,0.14,224510.0,99390623.62,4.63,4.48,4.28,4.31,4.32,1.19,3.25,-194.58,2.08,3932197048.0,3083521992.0,0.0,-0.22,-16.64,-24.53
947,003016,欣贺股份,7.02,3.24,0.22,40929.0,28460315.0,4.26,7.04,6.75,6.78,6.8,1.23,1.0,40.89,1.1,2952061716.0,2884397551.0,-0.28,-0.28,-7.14,-27.55
948,300518,新迅达,23.59,3.24,0.74,73654.0,168797726.14,7.13,23.66,22.03,22.49,22.85,0.9,3.69,-85.82,7.12,4704119078.0,4703197299.0,-0.21,0.21,-20.3,34.8
949,300278,华昌达,3.82,3.24,0.12,166078.0,62522640.48,5.14,3.84,3.65,3.66,3.7,1.19,1.18,848.85,3.23,5401046461.0,5384080588.0,0.26,0.26,-16.04,-37.38
950,600351,亚宝药业,7.0,3.24,0.22,244849.0,169734224.0,4.13,7.02,6.74,6.75,6.78,0.88,3.54,13.64,1.72,4844000322.0,4844000322.0,0.0,0.0,10.94,14.01
951,600738,丽尚国潮,4.14,3.24,0.13,149066.0,61292588.0,3.74,4.15,4.0,4.02,4.01,0.7,1.96,15.24,1.48,3151927877.0,3149158051.0,0.0,0.0,-5.48,-18.18
952,603729,ST龙韵,11.46,3.24,0.36,8410.0,9500302.0,4.59,11.46,10.95,11.1,11.1,0.89,0.91,109.71,3.82,1056212046.0,1056212046.0,0.26,0.44,-15.55,-28.78
953,002239,奥特佳,2.55,3.24,0.08,658668.0,166580251.21,4.05,2.56,2.46,2.47,2.47,1.51,2.02,54.05,1.43,8959412031.0,8328687845.0,-0.39,0.0,-4.85,-14.14
954,301000,肇民科技,24.5,3.24,0.77,35576.0,86316838.96,4.42,24.73,23.68,23.93,23.73,0.99,1.55,48.99,4.59,5958905582.0,5625509582.0,-0.08,-0.08,-18.6,-37.42
955,002205,国统股份,10.83,3.24,0.34,23915.0,25573049.0,5.15,10.88,10.34,10.34,10.49,1.13,1.29,-14.72,7.84,2012682159.0,2012682159.0,-0.18,-0.09,-17.77,-21.41
956,600527,江南高纤,2.24,3.23,0.07,800509.0,177867422.0,4.15,2.25,2.16,2.16,2.17,2.28,4.62,103.6,1.91,3879144420.0,3879144420.0,0.0,0.0,-12.84,5.66
957,600158,中体产业,7.04,3.23,0.22,234113.0,163281447.0,4.11,7.07,6.79,6.81,6.82,1.17,2.44,-294.58,2.81,6754971992.0,6754971992.0,0.14,0.0,-39.05,-19.36
958,688639,华恒生物,16.6,3.23,0.52,62017.0,101879582.0,3.73,16.74,16.14,16.4,16.08,0.87,2.48,20.58,1.53,4151920504.0,4151920504.0,-0.06,-0.06,-29.57,-48.8
959,688060,云涌科技,35.22,3.22,1.1,3863.0,13425689.0,6.65,35.6,33.33,33.96,34.12,1.12,0.64,-53.02,2.39,2119917440.0,2119917440.0,-0.25,-0.25,-11.86,-16.8
960,300103,达刚控股,7.7,3.22,0.24,70407.0,53771445.0,7.64,7.87,7.3,7.37,7.46,1.2,2.22,-75.87,5.92,2445527700.0,2443522697.0,-0.13,0.0,-19.62,-4.11
961,301262,海看股份,18.62,3.22,0.58,40298.0,74154063.45,4.1,18.69,17.95,18.02,18.04,0.65,3.3,21.58,2.05,7764540000.0,2273043799.0,0.0,-0.11,-15.25,-23.44
962,300962,中金辐照,13.8,3.22,0.43,93503.0,127601853.0,7.26,14.05,13.08,13.3,13.37,2.52,3.54,38.54,3.54,3643226179.0,3643226179.0,0.15,0.36,0.15,-14.5
963,300879,大叶股份,16.65,3.22,0.52,27065.0,44592058.0,5.15,16.74,15.91,16.04,16.13,1.11,1.35,87.28,2.72,3369940569.0,3347123659.0,0.0,-0.06,-13.73,-44.22
964,688501,青达环保,13.46,3.22,0.42,28534.0,37882763.0,4.45,13.5,12.92,12.97,13.04,1.34,1.64,20.71,2.1,2340914744.0,2340914744.0,0.0,-0.15,-10.98,-27.94
965,603355,莱克电气,28.85,3.22,0.9,28217.0,81197755.0,6.19,29.21,27.48,27.94,27.95,1.05,0.49,238.26,2.93,16542500046.0,16542500046.0,0.24,0.1,6.18,-9.08
966,688588,凌志软件,9.63,3.22,0.3,26078.0,24834186.0,4.39,9.66,9.25,9.41,9.33,1.02,0.67,-473.61,3.26,3755796329.0,3755796329.0,-0.1,-0.1,-7.67,-31.8
967,300349,金卡智能,10.27,3.22,0.32,74888.0,76107957.24,4.52,10.32,9.87,9.9,9.95,1.08,2.03,26.14,0.96,4284780725.0,3797208521.0,0.0,0.0,-22.49,-33.22
968,000965,天保基建,3.22,3.21,0.1,195749.0,62440011.4,3.85,3.23,3.11,3.11,3.12,1.41,1.76,13.97,0.65,3573655482.0,3573655482.0,0.31,0.31,-6.4,-17.65
969,300817,双飞集团,15.43,3.21,0.48,20106.0,30605252.0,4.41,15.5,14.84,14.95,14.95,0.71,1.61,50.63,3.28,3368341843.0,1932781134.0,0.06,0.13,-16.46,-26.8
970,002042,华孚时尚,3.86,3.21,0.12,263152.0,100686236.06,4.28,3.89,3.73,3.74,3.74,1.42,1.55,64.81,1.11,6564630030.0,6564630030.0,-0.26,-0.26,-7.43,-8.96
971,002127,南极电商,2.89,3.21,0.09,308010.0,88242300.0,5.0,2.91,2.77,2.8,2.8,0.86,1.54,68.64,1.88,7094575465.0,5764778361.0,0.0,0.0,-6.47,-12.69
972,003029,吉大正元,17.03,3.21,0.53,46109.0,77900823.85,4.97,17.1,16.28,16.49,16.5,1.55,2.62,-61.39,3.22,3297352466.0,2998966191.0,0.06,0.18,-11.49,-34.95
973,600121,郑州煤电,4.18,3.21,0.13,1382574.0,581110126.0,9.38,4.4,4.02,4.02,4.05,1.32,11.35,-7.51,8.47,5092962319.0,5092962319.0,0.0,-0.24,-11.06,0.24
974,300110,华仁药业,2.89,3.21,0.09,270867.0,77172691.0,5.0,2.9,2.76,2.79,2.8,0.92,2.29,53.52,4.0,3416595518.0,3413603284.0,-0.34,-0.34,0.7,-8.25
975,300130,新国都,18.96,3.21,0.59,359989.0,686154341.36,5.33,19.65,18.67,19.53,18.37,3.46,8.28,19.85,2.38,10756111029.0,8238957444.0,0.05,0.05,-20.2,-30.88
976,600598,北大荒,13.18,3.21,0.41,743310.0,986666761.0,10.34,13.84,12.52,12.52,12.77,0.78,4.18,10.08,3.08,23429821201.0,23429821201.0,-0.08,0.23,-9.79,-8.47
977,300501,海顺新材,9.96,3.21,0.31,47336.0,46626202.26,4.25,10.0,9.59,9.62,9.65,1.33,1.71,-63.95,2.16,2770699652.0,2761139277.0,0.2,0.1,-28.19,-2.92
978,603601,再升科技,9.0,3.21,0.28,469409.0,415487158.0,6.08,9.05,8.52,8.67,8.72,0.78,4.11,114.64,3.77,10281068739.0,10281068739.0,0.11,0.11,-52.76,-27.77
979,600501,航天晨光,14.18,3.2,0.44,53637.0,75148783.0,5.09,14.25,13.55,13.55,13.74,0.8,1.25,-76.59,3.99,6066547156.0,6066547156.0,0.0,-0.14,-24.01,-52.94
980,300287,飞利信,3.55,3.2,0.11,243090.0,85719562.67,4.94,3.58,3.41,3.44,3.44,0.93,1.84,-44.54,5.14,5095222018.0,4679949401.0,0.0,-0.28,-12.35,-27.4
981,688330,宏力达,34.14,3.2,1.06,15007.0,50777290.0,5.44,34.5,32.7,32.79,33.08,1.38,1.07,84.22,1.1,4779600000.0,4779600000.0,0.26,-0.12,-10.72,-4.29
982,000735,罗 牛 山,5.49,3.2,0.17,766662.0,414588063.36,5.08,5.51,5.24,5.25,5.32,0.56,6.66,-10.21,1.59,6321809543.0,6318427368.0,-0.18,0.0,-2.49,-39.07
983,002482,广田集团,1.29,3.2,0.04,730812.0,94012879.89,4.8,1.31,1.25,1.25,1.25,1.8,1.95,-53.09,11.39,4838741448.0,4829385643.0,0.0,-0.77,-16.23,-23.67
984,000572,海马汽车,3.87,3.2,0.12,492912.0,189125652.8,4.53,3.9,3.73,3.79,3.75,1.53,3.0,-32.69,4.22,6364742969.0,6355519369.0,0.0,0.0,-15.69,-52.57
985,002712,思美传媒,4.84,3.2,0.15,145087.0,69071425.6,5.33,4.86,4.61,4.61,4.69,1.37,2.68,201.81,1.9,2634296798.0,2617957321.0,-0.21,-0.21,-10.04,-12.95
986,300371,汇中股份,10.65,3.2,0.33,18810.0,19789307.0,4.46,10.7,10.24,10.32,10.32,0.88,1.34,73.45,1.85,2142964202.0,1490953800.0,-0.19,-0.19,-8.27,-14.6
987,300248,新开普,8.7,3.2,0.27,118691.0,101811242.84,6.41,8.73,8.19,8.29,8.43,0.89,2.91,-35.32,1.97,4144231019.0,3543869458.0,-0.23,-0.11,-2.14,-29.44
988,300294,博雅生物,14.89,3.19,0.46,67843.0,100081400.21,3.4,14.92,14.43,14.45,14.43,0.6,1.35,73.34,1.01,7508263709.0,7508263709.0,0.0,0.0,-12.46,-33.91
989,600084,*ST尼雅,4.21,3.19,0.13,47717.0,19938935.0,3.19,4.25,4.12,4.12,4.08,2.27,0.42,307.39,3.71,4730889954.0,4730889954.0,0.0,0.24,-16.3,-19.81
990,001326,联域股份,66.4,3.19,2.05,30713.0,199033242.32,8.08,67.0,61.8,64.99,64.35,1.82,12.79,124.8,3.95,4860480000.0,1594750646.0,0.0,-0.02,5.2,41.04
991,002968,新大正,9.39,3.19,0.29,28609.0,26547035.25,4.51,9.41,9.0,9.09,9.1,0.79,1.34,15.58,1.71,2124748382.0,2000177591.0,0.0,0.0,-8.83,-22.78
992,301125,腾亚精工,12.31,3.19,0.38,28871.0,35217295.0,6.62,12.5,11.71,11.81,11.93,0.75,1.64,-30.73,3.68,2552158649.0,2163850667.0,0.0,-0.4,-24.25,-6.17
993,301043,绿岛风,45.23,3.19,1.4,6301.0,28073723.0,4.77,45.3,43.21,44.5,43.83,0.76,1.11,40.6,3.64,3075640000.0,2566700733.0,-0.09,0.11,-1.22,-30.42
994,600630,龙头股份,6.81,3.18,0.21,121888.0,82301911.0,4.24,6.84,6.56,6.56,6.6,1.64,2.87,29.23,3.63,2893307476.0,2893307476.0,0.15,0.15,-12.47,-24.25
995,600675,中华企业,2.27,3.18,0.07,359493.0,80768999.0,3.64,2.27,2.19,2.19,2.2,0.84,0.59,-37.03,0.96,13724727201.0,13724727201.0,0.44,0.44,-7.72,-15.93
996,600161,天坛生物,12.32,3.18,0.38,140767.0,171631331.0,3.43,12.33,11.92,11.93,11.94,0.7,0.71,48.39,2.07,24361216215.0,24361216215.0,-0.08,0.0,-8.2,-24.37
997,002965,祥鑫科技,30.83,3.18,0.95,118102.0,358295019.55,6.26,31.05,29.18,29.52,29.88,0.78,6.2,-119.85,1.95,8181676468.0,5870516339.0,0.06,-0.06,-3.66,-23.84
998,002413,雷科防务,7.78,3.18,0.24,394563.0,303441721.07,5.31,7.83,7.43,7.48,7.54,0.78,3.05,-283.23,3.12,10264470841.0,10078449267.0,0.0,0.0,-25.83,-38.01
999,000955,欣龙控股,4.22,3.18,0.13,136941.0,57025950.0,5.13,4.24,4.03,4.07,4.09,1.32,2.54,-368.48,3.52,2272026900.0,2271680333.0,-0.24,0.0,-5.17,-32.15
1000,000020,深华发Ａ,12.69,3.17,0.39,213072.0,261407364.45,9.43,12.72,11.56,11.85,12.3,1.16,11.76,213.74,8.03,3593315971.0,2298988812.0,-0.08,0.08,-0.47,-8.51
1001,688218,江苏北人,41.7,3.17,1.28,35961.0,145427061.0,8.54,41.97,38.52,41.23,40.42,0.66,3.09,153.5,5.51,4857021595.0,4857021595.0,0.07,0.02,-5.23,82.73
1002,301290,东星医疗,29.31,3.17,0.9,26220.0,75917277.44,5.67,29.45,27.84,28.15,28.41,1.15,3.29,43.0,1.36,2936080420.0,2332446832.0,0.21,0.27,-6.27,17.38
1003,300461,田中精机,31.55,3.17,0.97,33606.0,103996173.0,5.72,31.74,29.99,30.27,30.58,0.69,2.32,-64.67,9.16,4970345733.0,4565640158.0,0.0,-0.19,-33.62,65.36
1004,002725,跃岭股份,11.4,3.17,0.35,41207.0,46319574.0,4.52,11.45,10.95,11.05,11.05,0.8,1.66,-134.69,3.0,2918400000.0,2838183125.0,0.0,0.09,-22.71,-32.46
1005,600892,大晟文化,3.9,3.17,0.12,234947.0,90579003.0,5.56,3.93,3.72,3.78,3.78,0.9,4.2,-31.98,248.78,2181910333.0,2181346190.0,0.26,0.0,-2.26,6.56
1006,300354,东华测试,26.99,3.17,0.83,35023.0,92423788.13,6.84,27.19,25.4,25.67,26.16,1.31,4.2,47.96,4.29,3733262225.0,2251952511.0,0.0,0.11,-17.59,-40.42
1007,002456,欧菲光,7.16,3.17,0.22,781682.0,553952554.41,4.9,7.19,6.85,6.9,6.94,0.95,2.36,-25.29,4.78,25030752947.0,23754123479.0,0.0,0.0,-24.63,-32.58
1008,600335,国机汽车,5.2,3.17,0.16,338830.0,175171049.0,3.77,5.22,5.03,5.03,5.04,1.24,2.28,15.01,0.67,7734775838.0,7734775838.0,0.0,-0.19,-6.98,-19.13
1009,600129,太极集团,14.66,3.17,0.45,161661.0,234320129.0,4.86,14.72,14.03,14.07,14.21,0.43,2.93,30.8,2.27,8083790592.0,8083790592.0,-0.07,0.0,0.96,-18.78
1010,301363,美好医疗,16.66,3.16,0.51,103035.0,169249703.97,3.9,16.68,16.05,16.14,16.15,0.49,1.97,53.33,3.59,13260807421.0,8697025481.0,-0.06,0.06,-5.72,-2.29
1011,688597,煜邦电力,6.86,3.16,0.21,58360.0,39576041.0,4.81,6.9,6.58,6.75,6.65,1.06,1.74,-26.04,3.04,2305373493.0,2305373493.0,0.0,-0.15,-13.71,-16.44
1012,301004,嘉益股份,35.24,3.16,1.08,6071.0,21119071.84,4.51,35.26,33.72,34.05,34.16,0.78,0.45,20.92,2.86,5138212673.0,4796423895.0,0.0,0.06,-9.78,-32.3
1013,000536,华映科技,3.26,3.16,0.1,459725.0,148419303.8,5.38,3.29,3.12,3.14,3.16,1.34,1.66,-10.02,16.71,9017266938.0,9007649002.0,0.31,0.31,-16.84,-33.2
1014,001325,元创股份,40.79,3.16,1.25,23579.0,94496400.17,5.77,41.0,38.72,39.2,39.54,1.68,12.03,31.26,1.8,3197936000.0,799484000.0,0.07,0.2,-0.75,-16.0
1015,002780,三夫户外,13.4,3.16,0.41,38375.0,50856559.28,4.46,13.48,12.9,12.9,12.99,1.06,2.94,18.07,2.73,2215846954.0,1750733571.0,-0.07,-0.07,-7.59,-6.36
1016,002250,联化科技,15.0,3.16,0.46,149946.0,220497264.46,6.26,15.12,14.21,14.45,14.54,0.9,1.68,33.12,2.03,13498098255.0,13424636340.0,-0.07,-0.13,5.41,13.81
1017,300292,吴通控股,4.26,3.15,0.13,484227.0,203523859.56,5.08,4.28,4.07,4.09,4.13,1.16,4.34,34.58,3.89,5715918789.0,4753924903.0,0.0,0.0,-20.52,-5.54
1018,688049,炬芯科技,39.68,3.15,1.21,65390.0,254727755.0,5.95,39.98,37.69,38.0,38.47,1.19,3.71,32.1,3.31,6984313452.0,6984313452.0,-0.03,-0.05,-10.0,-24.19
1019,600408,安泰集团,2.95,3.15,0.09,842830.0,246053874.0,5.59,2.98,2.82,2.85,2.86,0.8,8.37,-20.03,2.62,2970060000.0,2970060000.0,0.34,0.0,-7.81,-26.8
1020,300159,新研股份,2.95,3.15,0.09,439101.0,128667366.2,5.24,2.98,2.83,2.83,2.86,1.3,2.38,47.75,3.47,9706742041.0,5434924249.0,-0.34,0.0,-24.74,-7.23
1021,301163,宏德股份,23.93,3.15,0.73,10811.0,25492888.0,4.7,23.99,22.9,23.2,23.2,1.08,1.98,144.48,1.72,1952688000.0,1309584541.0,-0.21,-0.17,-11.7,-10.27
1022,000950,重药控股,5.58,3.14,0.17,364458.0,200998648.9,4.25,5.6,5.37,5.4,5.41,0.57,2.13,13.99,0.82,9557301776.0,9557301776.0,0.0,0.0,-3.79,-3.13
1023,600287,苏豪时尚,4.92,3.14,0.15,39367.0,19168022.0,4.4,4.93,4.72,4.72,4.77,1.19,0.9,89.44,0.94,2149036684.0,2149036684.0,0.2,0.2,-7.52,-9.89
1024,000559,万向钱潮,11.18,3.14,0.34,322137.0,357688133.66,4.61,11.27,10.77,10.84,10.84,0.91,0.97,33.5,4.48,37065707404.0,37053434224.0,0.0,0.0,-25.81,-34.24
1025,300272,开能健康,5.91,3.14,0.18,74194.0,43271534.36,5.06,5.92,5.63,5.74,5.73,0.65,1.6,169.08,2.93,3613784580.0,2745029609.0,0.0,0.0,-3.27,-20.46
1026,300800,力合科技,10.19,3.14,0.31,31887.0,32071498.0,4.66,10.21,9.75,9.75,9.88,1.15,1.36,57.5,1.18,2412574210.0,2387305048.0,-0.1,0.0,-7.03,-11.62
1027,001366,播恩集团,12.5,3.14,0.38,65204.0,80341259.78,5.53,12.55,11.88,12.04,12.12,0.48,4.06,98.68,2.49,2008500000.0,2008500000.0,-0.24,-0.08,-15.31,-6.51
1028,600992,贵绳股份,9.84,3.14,0.3,53426.0,52045574.0,4.51,9.89,9.46,9.54,9.54,0.89,2.18,-11.04,1.69,2411685600.0,2411685600.0,0.1,-0.2,-25.34,-27.49
1029,688326,经纬恒润-W,64.66,3.13,1.96,13973.0,88685577.0,4.72,64.76,61.8,62.32,62.7,1.21,1.25,-10.92,1.98,7754823811.0,7217576868.0,0.12,0.65,-22.04,-44.84
1030,002307,北新路桥,2.97,3.13,0.09,259325.0,76183870.58,4.51,2.98,2.85,2.86,2.88,1.46,1.59,-9.48,1.2,4896873796.0,4838495420.0,0.0,0.34,-24.62,-41.19
1031,002599,盛通股份,5.93,3.13,0.18,76856.0,45104492.0,4.52,5.96,5.7,5.71,5.75,1.17,1.86,-102.85,2.55,3205845687.0,2451290540.0,0.0,-0.17,-7.78,-30.48
1032,002660,茂硕电源,7.57,3.13,0.23,50367.0,37674663.19,4.22,7.6,7.29,7.3,7.34,0.94,1.45,-44.35,2.71,2699658964.0,2621885912.0,-0.13,0.0,-5.38,-17.81
1033,603112,华翔股份,16.46,3.13,0.5,143336.0,230760368.0,7.21,16.6,15.45,15.8,15.96,0.89,2.68,15.13,2.02,8887764660.0,8799623665.0,0.06,0.06,-23.65,-4.08
1034,002905,金逸影视,7.9,3.13,0.24,49146.0,38491727.92,4.05,7.93,7.62,7.65,7.66,0.94,1.41,-34.35,45.58,2972928000.0,2760576000.0,-0.13,0.0,-7.82,-30.09
1035,002941,新疆交建,10.87,3.13,0.33,134761.0,144886421.83,4.17,10.91,10.47,10.47,10.54,1.55,1.85,21.79,1.63,7932395240.0,7932395240.0,0.0,0.09,-10.9,-30.54
1036,600626,申达股份,3.63,3.13,0.11,106609.0,38350626.0,3.98,3.64,3.5,3.53,3.52,1.32,0.81,-100.6,1.5,4794303141.0,4794303141.0,0.0,0.0,-3.46,-24.69
1037,688096,京源环保,8.57,3.13,0.26,61788.0,52381421.0,5.54,8.64,8.18,8.29,8.31,0.79,2.64,-107.61,2.42,2003287197.0,2003287197.0,-0.12,0.12,-34.63,8.48
1038,920159,农大科技,29.36,3.13,0.89,14386.0,42410865.8,9.45,30.46,27.77,28.05,28.47,0.78,9.39,12.03,2.03,2231360000.0,449795200.0,0.03,0.1,-12.59,21.32
1039,000524,岭南控股,10.2,3.13,0.31,240150.0,242578322.54,3.24,10.2,9.88,9.89,9.89,1.93,3.58,52.0,3.0,6836127689.0,6833666848.0,0.0,0.39,7.82,-14.57
1040,002717,*ST岭南,0.99,3.13,0.03,600505.0,59340575.18,6.25,1.01,0.95,0.96,0.96,1.58,3.49,-3.37,-1.22,1802031222.0,1701368426.0,-1.0,-1.0,8.79,-38.89
1041,002148,北纬科技,6.27,3.13,0.19,145129.0,90196344.19,5.59,6.33,5.99,6.08,6.08,1.11,3.22,366.28,2.85,3503370839.0,2827936851.0,0.0,0.0,-7.52,-29.55
1042,688020,方邦股份,122.25,3.12,3.7,39250.0,466551280.0,9.56,123.3,111.97,116.0,118.55,0.83,4.76,-145.47,7.65,10073766750.0,10073766750.0,-0.33,-0.61,-11.78,79.73
1043,300036,超图软件,11.24,3.12,0.34,78830.0,87661685.68,4.31,11.28,10.81,10.87,10.9,0.95,1.77,-32.97,2.11,5538696775.0,5002391820.0,0.0,0.09,-14.98,-38.0
1044,600592,龙溪股份,14.23,3.12,0.43,53894.0,75825575.0,4.49,14.28,13.66,13.66,13.8,0.76,1.35,-5860.29,2.23,5685647315.0,5685647315.0,0.07,0.0,-28.02,-47.74
1045,300940,南极光,13.87,3.12,0.42,41107.0,56160390.9,5.8,13.94,13.16,13.16,13.45,1.15,2.61,123.61,2.63,3088077440.0,2184239583.0,0.07,0.14,-22.17,-51.26
1046,002987,京北方,11.58,3.12,0.35,321039.0,367968819.67,6.14,11.72,11.03,11.15,11.23,1.8,3.17,119.71,4.27,12048493056.0,11741255356.0,0.0,0.09,-2.11,-34.83
1047,301333,诺思格,56.8,3.12,1.72,31227.0,172230548.92,7.61,57.4,53.21,54.65,55.08,0.96,3.24,60.08,2.77,5485815341.0,5478841323.0,-0.09,-0.18,13.67,-4.36
1048,300021,大禹节水,3.97,3.12,0.12,197843.0,78016280.0,4.94,4.02,3.83,3.83,3.85,0.66,2.27,103.78,1.56,4058798852.0,3467354949.0,0.0,0.0,-2.22,-13.32
1049,301189,奥尼电子,51.05,3.11,1.54,43700.0,217820496.28,8.69,51.82,47.52,48.21,49.51,0.88,2.77,127.61,4.02,8353818478.0,8062902191.0,0.02,-0.29,-34.16,64.36
1050,603258,电魂网络,12.95,3.11,0.39,24236.0,31117175.0,4.38,12.99,12.44,12.51,12.56,1.06,1.0,-34.83,1.61,3143803513.0,3125370483.0,0.23,0.08,-10.07,-30.04
1051,301118,恒光股份,22.87,3.11,0.69,35227.0,78716578.29,5.82,22.87,21.58,22.06,22.18,1.71,3.33,26.24,1.85,2518238570.0,2422695875.0,0.0,0.35,-23.94,-7.63
1052,002857,三晖电气,19.89,3.11,0.6,35620.0,69626575.0,4.92,20.0,19.05,19.18,19.29,0.85,2.77,-29.15,5.76,2598310260.0,2557558634.0,-0.25,-0.35,0.05,-4.1
1053,002909,集泰股份,5.31,3.11,0.16,64208.0,33755420.0,4.85,5.34,5.09,5.15,5.15,1.23,1.69,-40.99,2.43,2070900000.0,2019907072.0,0.0,0.0,-11.06,-22.03
1054,002444,巨星科技,29.48,3.11,0.89,112322.0,328439521.01,4.2,29.65,28.45,28.59,28.59,1.22,0.98,17.08,1.89,35213216805.0,33805571745.0,0.0,0.17,-7.59,-12.31
1055,002373,千方科技,7.64,3.1,0.23,172015.0,130167388.33,4.32,7.69,7.37,7.41,7.41,1.05,1.25,-289.41,1.06,12072637963.0,10524819123.0,-0.13,-0.52,-6.49,-34.81
1056,002399,海普瑞,10.31,3.1,0.31,96111.0,98145028.02,4.8,10.39,9.91,10.03,10.0,0.89,0.77,20.16,1.26,15127823863.0,12858649568.0,-0.67,-0.58,4.56,-11.5
1057,300448,浩云科技,5.65,3.1,0.17,138121.0,77181878.7,5.11,5.69,5.41,5.43,5.48,0.96,2.16,-227.98,3.2,3822321496.0,3610446508.0,-0.35,-0.18,-28.48,-27.66
1058,300552,万集科技,20.62,3.1,0.62,72172.0,148164655.38,8.4,21.15,19.47,19.7,20.0,1.33,5.23,-68.38,2.54,4394804769.0,2844688310.0,-0.1,-0.05,-26.46,-32.08
1059,600507,方大特钢,4.33,3.1,0.13,450514.0,193671033.0,4.52,4.37,4.18,4.2,4.2,2.36,1.95,23.2,1.02,10016103564.0,10016103564.0,0.0,-0.23,-10.54,-23.9
1060,601929,吉视传媒,2.33,3.1,0.07,750203.0,172857623.0,4.87,2.34,2.23,2.24,2.26,1.21,2.15,-18.44,1.09,8131206431.0,8131206431.0,0.43,0.43,-19.1,-32.27
1061,300177,中海达,6.32,3.1,0.19,103135.0,64434177.0,5.38,6.35,6.02,6.04,6.13,1.13,1.7,-54.76,3.77,4703148497.0,3831836546.0,-0.16,-0.16,-14.94,-38.82
1062,688026,洁特生物,16.02,3.09,0.48,47658.0,74665162.0,5.79,16.05,15.15,15.34,15.54,0.84,3.4,-133.11,2.1,2248638121.0,2247920072.0,-0.06,-0.06,13.06,-0.12
1063,601956,东贝集团,5.01,3.09,0.15,70349.0,34872285.0,4.53,5.03,4.81,4.81,4.86,1.33,1.13,-31.38,1.32,3114299116.0,3114299116.0,0.0,0.2,-5.29,-28.73
1064,600322,津投城开,2.67,3.09,0.08,191851.0,50714905.0,4.25,2.68,2.57,2.58,2.59,1.2,1.74,6456.3,38.81,2952219000.0,2952219000.0,-0.37,-0.37,-1.11,14.59
1065,920061,西磁科技,18.36,3.09,0.55,19241.0,35193543.13,5.67,18.61,17.6,17.78,17.81,2.22,4.89,197.83,4.68,1299704400.0,722730384.0,0.38,0.49,-17.96,-34.73
1066,688217,睿昂基因,25.03,3.09,0.75,8204.0,20059162.0,6.51,25.2,23.62,24.14,24.28,0.65,1.47,-70.14,1.66,1398073077.0,1398073077.0,0.12,0.6,-3.73,-5.01
1067,002139,拓邦股份,9.68,3.09,0.29,172397.0,166790509.85,3.73,9.75,9.4,9.48,9.39,0.98,1.61,46.85,1.73,12069362684.0,10368149719.0,-0.1,0.0,-7.55,-29.39
1068,003001,中岩大地,15.7,3.09,0.47,69576.0,107845617.0,4.92,15.75,15.0,15.15,15.23,0.81,6.08,103.58,2.32,2740441186.0,1795555337.0,-0.19,-0.19,-11.95,-21.7
1069,000417,合百集团,5.67,3.09,0.17,214051.0,119860635.27,4.36,5.68,5.44,5.47,5.5,0.99,2.75,17.2,0.94,4421943414.0,4417085647.0,0.0,0.18,-27.21,-29.48
1070,603219,富佳股份,14.02,3.09,0.42,36981.0,51718278.0,7.28,14.39,13.4,13.5,13.6,1.32,0.66,1876.05,4.96,7870828000.0,7870828000.0,0.14,0.29,-12.38,-16.5
1071,603528,多伦科技,6.35,3.08,0.19,95411.0,60158524.0,4.38,6.37,6.1,6.11,6.16,1.42,1.35,-55.55,2.39,4482656332.0,4482656332.0,0.16,0.16,-10.81,-34.33
1072,301558,三态股份,6.69,3.08,0.2,56478.0,37327031.85,3.85,6.69,6.44,6.47,6.49,1.15,2.57,92.62,3.82,5277414682.0,1468333590.0,0.15,0.15,-7.34,-17.91
1073,000889,中嘉博创,4.01,3.08,0.12,564484.0,223479062.6,5.91,4.05,3.82,3.85,3.89,1.56,6.49,14.98,18.85,3754527375.0,3487895799.0,0.0,0.0,0.0,11.39
1074,000929,兰州黄河,9.03,3.08,0.27,23554.0,21012752.0,4.11,9.06,8.7,8.74,8.76,1.09,1.27,-25.15,4.81,1677466980.0,1677360634.0,0.0,0.0,-14.16,2.5
1075,300150,世纪瑞尔,4.35,3.08,0.13,52284.0,22472141.0,4.27,4.36,4.18,4.22,4.22,1.21,1.13,-52.0,1.62,2545211331.0,2016935059.0,-0.23,-0.23,-2.47,-17.77
1076,603990,麦迪科技,23.45,3.08,0.7,139520.0,319684362.0,5.14,23.48,22.31,22.62,22.75,0.86,4.57,465.25,8.53,7158005357.0,7158005357.0,0.13,0.3,13.56,54.58
1077,002578,闽发铝业,4.01,3.08,0.12,342082.0,133557117.9,6.17,4.03,3.79,3.87,3.89,0.6,3.97,-774.32,2.52,3763907034.0,3453261870.0,-0.25,0.25,-4.98,-10.69
1078,301127,武汉天源,19.09,3.08,0.57,403067.0,772515712.45,5.35,19.6,18.61,18.7,18.52,0.94,6.16,71.94,3.83,12868188422.0,12493014675.0,0.0,-0.05,34.34,26.01
1079,300145,南方泵业,4.37,3.07,0.13,793019.0,341514274.58,6.37,4.41,4.14,4.16,4.24,1.26,4.15,22.43,2.82,8391457697.0,8350686690.0,-0.23,0.23,-2.67,-6.42
1080,300083,创世纪,13.78,3.07,0.41,1014756.0,1378181264.05,5.76,13.88,13.11,13.3,13.37,1.28,6.8,79.49,4.07,22941806476.0,20561444109.0,0.0,0.15,38.08,49.62
1081,002852,道道全,8.06,3.07,0.24,107385.0,86021582.71,4.48,8.08,7.73,7.82,7.82,0.62,3.76,82.21,1.26,2772384538.0,2303699093.0,0.0,-0.12,-2.77,-22.72
1082,000919,金陵药业,6.71,3.07,0.2,173860.0,115267204.29,4.61,6.73,6.43,6.51,6.51,0.54,2.8,37.26,1.11,4173113583.0,4172054745.0,-0.3,-0.15,5.34,-14.52
1083,301212,联盛化学,24.52,3.07,0.73,44075.0,106256087.88,7.73,25.14,23.3,23.52,23.79,0.92,4.7,108.69,1.98,2648160000.0,2298750000.0,-0.12,0.0,-18.89,-17.88
1084,600108,亚盛集团,3.37,3.06,0.1,1411296.0,474120109.0,6.12,3.42,3.22,3.23,3.27,0.74,7.25,77.96,1.52,6561103958.0,6561103958.0,0.0,0.0,-4.8,6.98
1085,301316,慧博云通,38.7,3.06,1.15,97884.0,373917502.04,5.75,39.1,36.94,37.49,37.55,0.75,2.5,509.51,14.62,15619358700.0,15141273490.0,-0.05,-0.1,-10.99,-13.19
1086,600218,全柴动力,7.75,3.06,0.23,50086.0,38479713.0,3.86,7.76,7.47,7.5,7.52,1.3,1.15,27.07,1.04,3375899372.0,3375899372.0,0.0,0.13,-9.57,-24.24
1087,002162,悦心健康,4.04,3.06,0.12,124715.0,49919004.9,4.59,4.06,3.88,3.9,3.92,1.02,1.36,348.49,4.49,3715591899.0,3710019349.0,0.25,0.25,1.76,-13.3
1088,603767,中马传动,14.54,3.05,0.43,48463.0,69696207.0,4.75,14.6,13.93,14.01,14.11,0.54,1.57,171.05,3.27,4487502010.0,4487502010.0,0.0,0.07,-19.04,-39.54
1089,603615,茶花股份,16.92,3.05,0.5,30097.0,49945772.0,4.87,16.97,16.17,16.3,16.42,0.92,1.24,237.98,3.56,4091594400.0,4091594400.0,0.0,0.12,-11.92,-27.57
1090,300793,佳禾智能,11.14,3.05,0.33,44182.0,48710936.84,4.9,11.18,10.65,10.65,10.81,0.95,1.19,-122.27,1.52,4239291642.0,4145063952.0,0.0,-0.09,-19.22,-31.7
1091,300449,汉邦高科,7.09,3.05,0.21,69932.0,49087623.0,4.22,7.12,6.83,6.89,6.88,0.97,1.81,-92.29,9.84,2736995162.0,2736995162.0,0.0,0.0,-10.93,-6.96
1092,688466,金科环境,14.2,3.05,0.42,12082.0,17045537.0,4.79,14.3,13.64,13.64,13.78,0.93,0.99,66.59,1.54,1734588958.0,1734588958.0,-0.28,-0.56,-13.78,-11.14
1093,920592,华信永道,19.58,3.05,0.58,11120.0,21622468.63,4.68,19.75,18.86,19.06,19.0,0.46,2.21,-54.66,4.77,1581966100.0,984594221.0,0.41,0.1,-31.99,-50.27
1094,002551,尚荣医疗,3.38,3.05,0.1,137979.0,46224165.61,3.96,3.4,3.27,3.29,3.28,0.69,2.26,-91.34,1.16,2857771674.0,2065811124.0,0.0,0.0,5.63,-7.4
1095,301295,美硕科技,38.5,3.05,1.14,20444.0,77346597.52,8.08,39.32,36.3,36.99,37.36,0.7,6.95,47.95,4.06,3880800000.0,1131900000.0,-0.77,-0.75,-20.85,30.11
1096,600212,绿能慧充,6.08,3.05,0.18,264809.0,158810348.0,7.29,6.14,5.71,5.85,5.9,2.31,4.99,-49.79,7.42,4281233295.0,3229575695.0,-0.33,-0.49,-4.55,-24.47
1097,603031,安孚科技,39.15,3.05,1.16,123731.0,478044305.0,10.11,40.14,36.3,37.37,37.99,0.97,3.94,37.25,5.08,14636068943.0,12308382946.0,0.03,0.03,-32.5,28.83
1098,300394,天孚通信,257.1,3.05,7.6,451097.0,11415328784.95,9.19,264.72,241.8,249.5,249.5,0.79,4.14,116.44,44.88,280451131410.0,279824567398.0,0.01,0.05,-15.94,77.9
1099,000555,神州信息,10.51,3.04,0.31,186670.0,194560227.0,4.12,10.55,10.13,10.18,10.2,0.98,1.92,-27.73,1.81,10255389333.0,10243377979.0,0.0,0.0,-20.26,-36.46
1100,600643,爱建集团,4.07,3.04,0.12,211823.0,85715336.0,4.3,4.09,3.92,3.94,3.95,1.69,1.33,205.32,0.66,6484205066.0,6472731484.0,0.0,0.0,-7.5,-26.4
1101,920964,润农节水,4.75,3.04,0.14,58918.0,28304967.02,8.46,4.95,4.56,4.58,4.61,0.74,3.99,104.27,1.42,1240738000.0,701561876.0,0.0,0.21,-8.12,-29.0
1102,000668,荣丰控股,22.7,3.04,0.67,32401.0,72542875.0,6.35,23.0,21.6,22.03,22.03,0.8,2.21,-69.07,4.53,3333310903.0,3333310903.0,0.09,-0.04,18.79,134.99
1103,605299,舒华体育,12.86,3.04,0.38,98034.0,124550040.0,4.41,12.88,12.33,12.5,12.48,0.98,2.4,56.46,4.3,5242498701.0,5242498701.0,0.08,0.08,-28.91,13.91
1104,300255,常山药业,24.09,3.04,0.71,267911.0,636045472.0,6.03,24.21,22.8,23.16,23.38,0.75,2.92,942.77,18.3,22140176551.0,22105547176.0,0.04,0.0,-38.55,-61.21
1105,002930,宏川智慧,8.8,3.04,0.26,63657.0,55453196.65,4.22,8.84,8.48,8.48,8.54,1.07,1.47,54.78,2.05,4030445901.0,3814078585.0,0.0,0.0,-22.26,-20.93
1106,300387,富邦科技,7.45,3.04,0.22,100401.0,74372195.76,4.15,7.47,7.17,7.17,7.23,0.74,3.47,19.52,1.49,2153474784.0,2152727005.0,-0.13,-0.13,-6.41,-11.83
1107,301498,乖宝宠物,38.92,3.04,1.15,41185.0,158874060.97,3.71,39.11,37.71,37.77,37.77,0.98,2.17,31.55,3.36,15586402933.0,7377167372.0,-0.13,-0.05,-12.64,-40.03
1108,001328,登康口腔,28.81,3.04,0.85,18486.0,53082433.59,4.15,28.96,27.8,27.89,27.96,1.26,1.14,24.46,3.37,4960327178.0,4659063889.0,0.28,-0.03,-6.06,-25.42
1109,002609,捷顺科技,7.79,3.04,0.23,64971.0,50097636.0,3.97,7.8,7.5,7.5,7.56,1.12,1.41,58.51,2.1,5012388571.0,3580077690.0,0.13,0.0,-3.35,-15.42
1110,301111,粤万年青,21.71,3.04,0.64,43155.0,91678762.13,5.55,21.77,20.6,21.29,21.07,0.39,2.7,-262.62,4.7,3473600000.0,3473600000.0,0.14,0.28,-19.14,14.38
1111,301066,万事利,12.21,3.04,0.36,28962.0,34972967.0,4.22,12.24,11.74,11.8,11.85,0.82,1.24,48.1,2.25,2868411185.0,2846354541.0,-0.08,-0.08,-14.79,-37.83
1112,300898,熊猫乳品,21.04,3.04,0.62,32845.0,68457793.02,5.68,21.16,20.0,20.42,20.42,0.97,2.86,38.61,2.7,2608960000.0,2414204250.0,0.05,0.05,-6.28,-20.09
1113,002748,世龙实业,12.25,3.03,0.36,87234.0,106114121.68,5.63,12.38,11.71,11.94,11.89,2.05,3.63,14.69,2.0,2940000000.0,2940000000.0,-0.08,0.0,7.55,-4.6
1114,002737,葵花药业,13.25,3.03,0.39,45385.0,59219563.51,3.89,13.25,12.75,12.87,12.86,0.74,0.78,17.54,2.02,7738000000.0,7737996025.0,0.0,0.15,3.43,-9.06
1115,300612,宣亚国际,11.91,3.03,0.35,48238.0,56512877.52,4.67,11.94,11.4,11.58,11.56,0.99,2.65,-32.67,4.96,2179363212.0,2168152925.0,-0.08,0.17,-13.38,-33.13
1116,300095,华伍股份,8.16,3.03,0.24,56511.0,45716975.0,4.42,8.2,7.85,7.94,7.92,1.1,1.78,47.59,2.2,3218509330.0,2592189060.0,0.0,-0.12,-10.13,-32.67
1117,002301,齐心集团,7.83,3.03,0.23,143082.0,110122561.49,5.79,7.87,7.43,7.57,7.6,1.12,1.99,36.92,1.81,5668982115.0,5621851701.0,-0.13,0.0,0.64,2.49
1118,002408,齐翔腾达,5.44,3.03,0.16,575638.0,311934373.48,4.92,5.49,5.23,5.25,5.28,1.8,2.09,66.43,1.38,15468850620.0,14969527121.0,0.0,0.0,4.62,11.48
1119,300639,凯普生物,6.15,3.02,0.18,136778.0,82940514.07,4.86,6.18,5.89,5.93,5.97,0.59,2.17,63.59,1.04,3975979145.0,3875743198.0,-0.16,-0.16,5.67,14.31
1120,000571,新大洲A,6.15,3.02,0.18,210398.0,127329987.8,5.86,6.21,5.86,5.93,5.97,0.78,2.58,-39.06,342.25,5160643350.0,5006051723.0,0.0,0.16,6.03,4.95
1121,002577,雷柏科技,19.08,3.02,0.56,37711.0,70323741.1,5.24,19.09,18.12,18.3,18.52,0.63,1.34,179.53,4.57,5355527040.0,5355240840.0,0.21,0.26,3.64,7.13
1122,000761,本钢板材,2.39,3.02,0.07,188216.0,44699447.22,3.88,2.4,2.31,2.33,2.32,1.35,0.51,-2.29,1.66,9819052344.0,8863052344.0,0.0,0.0,-8.08,-28.66
1123,300437,清水源,11.25,3.02,0.33,61405.0,68472224.0,4.58,11.33,10.83,10.83,10.92,1.21,3.53,-783.77,2.0,2758534841.0,1954694216.0,0.18,-0.18,-11.14,-29.56
1124,300107,建新股份,6.49,3.02,0.19,106110.0,68436404.0,4.13,6.52,6.26,6.26,6.3,1.29,3.05,38.15,2.4,3652456919.0,2256878478.0,0.15,0.15,-1.37,-4.84
1125,300075,数字政通,10.91,3.02,0.32,118051.0,127885973.48,4.06,10.96,10.53,10.55,10.59,0.88,2.29,159.06,2.14,6776530024.0,5623433773.0,0.0,0.0,-15.82,-28.88
1126,600847,万里股份,12.95,3.02,0.38,20168.0,25759132.0,3.9,12.99,12.5,12.57,12.57,1.13,1.32,-27.07,4.34,1985071830.0,1985071830.0,0.0,0.08,-18.96,11.45
1127,000607,华媒控股,3.75,3.02,0.11,128083.0,47439344.0,4.12,3.76,3.61,3.63,3.64,1.14,1.45,-119.01,3.18,3816369038.0,3318983130.0,-0.27,-0.27,-1.32,-9.64
1128,002919,名臣健康,17.43,3.01,0.51,27652.0,47586137.0,5.02,17.55,16.7,16.9,16.92,0.8,1.05,126.44,5.77,4638751630.0,4605148752.0,0.0,0.17,-20.45,-24.02
1129,300823,建科智能,15.41,3.01,0.45,27826.0,42508926.3,5.55,15.6,14.77,14.88,14.96,1.12,3.28,35.01,2.15,2018443823.0,1306605055.0,0.06,0.13,-11.08,0.26
1130,002877,智能自控,7.53,3.01,0.22,57211.0,42655340.15,4.38,7.56,7.24,7.28,7.31,1.54,2.38,110.26,2.22,2679503023.0,1811075330.0,0.0,-0.13,-8.51,-17.79
1131,000637,茂化实华,4.11,3.01,0.12,78836.0,32149303.0,3.51,4.12,3.98,4.0,3.99,1.02,2.16,-18.91,4.46,2136687713.0,1498462044.0,0.0,-0.24,-7.64,-4.42
1132,600422,昆药集团,8.56,3.01,0.25,85096.0,72098344.0,3.61,8.58,8.28,8.3,8.31,0.77,1.12,-8.9,1.37,6479712480.0,6479712480.0,-0.23,0.0,-7.86,-30.86
1133,300647,超频三,5.82,3.01,0.17,143665.0,82182086.0,5.84,5.84,5.51,5.59,5.65,1.15,3.15,76.82,6.06,2661608360.0,2657657272.0,0.0,0.0,-11.42,-15.53
1134,603136,天目湖,9.25,3.01,0.27,54962.0,50588512.0,2.56,9.27,9.04,9.1,8.98,1.68,2.03,32.58,1.85,2498672068.0,2498672068.0,-0.11,-0.11,-4.54,-20.12
1135,301022,海泰科,23.3,3.01,0.68,11745.0,27175496.0,4.38,23.44,22.45,22.63,22.62,0.96,1.75,-107.93,1.69,2317980136.0,1565432355.0,-0.13,-0.17,-14.78,-28.94
1136,002576,通达动力,14.38,3.01,0.42,21305.0,30328953.0,4.01,14.4,13.84,13.85,13.96,0.78,1.31,28.38,1.82,2374138000.0,2329956471.0,0.0,0.0,-15.51,-16.97
1137,301355,南王科技,10.27,3.01,0.3,24276.0,24639837.7,4.91,10.3,9.81,9.97,9.97,1.14,1.74,262.74,1.36,2003655721.0,1434903121.0,0.2,0.0,-9.12,-22.9
1138,301119,正强股份,22.35,3.0,0.65,18116.0,39766454.2,5.99,22.56,21.26,21.47,21.7,0.76,1.54,31.89,3.08,3254160000.0,2631801900.0,0.0,0.09,-10.53,-40.48
1139,603878,武进不锈,5.15,3.0,0.15,125864.0,64211439.0,4.4,5.17,4.95,4.95,5.0,1.38,2.24,-41.16,1.13,2889922428.0,2889922428.0,-0.19,0.0,-24.71,-44.08
1140,603722,阿科力,29.9,3.0,0.87,14915.0,44173371.0,6.17,30.49,28.7,29.0,29.03,1.4,1.56,-56.21,3.29,2921831618.0,2861433618.0,-0.17,0.07,-17.47,-24.25
1141,301058,中粮科工,8.58,3.0,0.25,112180.0,95968305.38,5.04,8.67,8.25,8.27,8.33,0.74,2.19,30.07,1.93,4468489783.0,4395313022.0,0.0,-0.12,-4.45,-20.63
1142,601599,浙文影业,3.09,3.0,0.09,156028.0,47629467.0,3.33,3.09,2.99,3.0,3.0,1.19,1.34,50.12,2.34,3586076180.0,3586076180.0,0.32,0.32,-8.31,-22.36
1143,002927,泰永长征,16.12,3.0,0.47,55964.0,88854408.8,6.07,16.26,15.31,15.65,15.65,1.0,2.54,88.01,3.54,3597857942.0,3558293852.0,0.25,0.25,-31.23,-19.72
1144,605577,龙版传媒,9.99,2.99,0.29,72345.0,71566990.0,5.26,10.12,9.61,9.61,9.7,0.68,1.63,9.0,1.12,4440000006.0,4440000006.0,0.2,0.3,-6.11,-22.62
1145,301556,托普云农,57.91,2.99,1.68,15163.0,87089938.72,4.07,58.1,55.81,55.81,56.23,0.43,5.14,201.61,5.09,4938564800.0,1707186800.0,-0.02,-0.05,-17.35,-40.79
1146,605009,豪悦护理,25.14,2.99,0.73,24969.0,61963084.0,3.15,25.14,24.37,24.37,24.41,1.37,1.16,17.56,1.6,5404030368.0,5404030368.0,0.24,0.16,-0.36,-16.34
1147,600859,王府井,9.98,2.99,0.29,160303.0,158548780.0,3.41,9.98,9.65,9.7,9.69,1.37,1.43,54.3,0.58,11216835612.0,11215804079.0,0.1,0.1,-11.21,-35.74
1148,603022,新通联,8.97,2.99,0.26,26572.0,23567564.0,4.25,9.0,8.63,8.7,8.71,1.07,1.33,36.27,2.15,1794000000.0,1794000000.0,-0.22,0.22,-12.91,-11.8
1149,300665,飞鹿股份,9.3,2.99,0.27,79026.0,72691192.28,4.87,9.36,8.92,8.96,9.03,1.14,3.62,-47.46,4.87,2134728789.0,2027501826.0,-0.11,-0.11,-4.32,-4.71
1150,300884,狄耐克,12.73,2.99,0.37,58009.0,73080965.36,4.94,12.76,12.15,12.34,12.36,1.06,3.03,-414.03,2.57,3231673699.0,2436647849.0,0.0,0.08,11.86,-13.4
1151,603319,美湖股份,26.21,2.99,0.76,102840.0,262680271.0,7.43,26.36,24.47,25.12,25.45,0.67,3.03,100.26,3.64,8889113060.0,8889113060.0,0.04,-0.11,-30.24,-28.15
1152,002457,青龙管业,11.02,2.99,0.32,201320.0,218996930.0,5.33,11.08,10.51,10.54,10.7,1.27,6.04,126.68,1.46,3675024536.0,3675024536.0,0.09,-0.09,-12.4,1.94
1153,002496,辉丰股份,2.07,2.99,0.06,285053.0,58615249.4,4.98,2.08,1.98,2.0,2.01,1.06,2.41,83.38,2.4,3120710631.0,2445289932.0,0.0,-0.48,-20.38,12.5
1154,601588,北辰实业,1.73,2.98,0.05,408944.0,70087083.0,4.17,1.74,1.67,1.67,1.68,1.79,1.54,-3.31,1.0,5824944600.0,4601800000.0,-0.57,0.0,-16.43,-0.57
1155,002977,*ST天箭,21.06,2.98,0.61,6184.0,12874841.1,5.92,21.36,20.15,20.3,20.45,0.56,0.93,162.24,2.97,2529727200.0,1403589400.0,-0.05,-0.09,-23.81,-40.36
1156,300541,先进数通,10.01,2.98,0.29,105104.0,104597360.57,4.84,10.07,9.6,9.63,9.72,1.32,2.71,-144.69,2.55,4304745365.0,3884334574.0,0.1,0.1,-9.82,-33.22
1157,000890,法尔胜,7.25,2.98,0.21,103555.0,74366696.0,5.68,7.32,6.92,6.93,7.04,0.91,2.47,-82.77,155.59,3041403768.0,3041310084.0,-0.14,-0.28,-32.93,43.0
1158,301439,泓淋电力,15.19,2.98,0.44,56090.0,83879734.72,5.15,15.22,14.46,14.6,14.75,0.91,3.06,28.83,1.98,5910456479.0,2783497991.0,0.2,0.26,-35.31,3.26
1159,301502,华阳智能,51.9,2.98,1.5,7178.0,36470481.12,6.33,52.19,49.0,50.15,50.4,1.01,3.04,80.48,3.6,2962633650.0,1224165300.0,0.58,-0.08,-33.03,16.84
1160,300268,佳沃食品,12.79,2.98,0.37,56595.0,71944697.57,4.27,12.89,12.36,12.36,12.42,0.78,4.23,-293.55,-2.17,2228018000.0,1710118925.0,0.0,-0.08,-3.91,0.24
1161,300900,广联航空,22.2,2.97,0.64,128328.0,279803858.76,6.45,22.39,21.0,21.21,21.56,0.55,5.0,172.63,3.76,7275391415.0,5700626090.0,-0.36,-0.27,-35.05,-43.18
1162,301332,德尔玛,7.98,2.97,0.23,45081.0,35798709.0,3.61,8.0,7.72,7.74,7.75,1.5,1.7,32.06,1.25,3683268750.0,2113425115.0,0.0,-0.13,-7.96,-13.17
1163,601113,华鼎股份,3.47,2.97,0.1,127535.0,43786567.0,3.56,3.47,3.35,3.38,3.37,1.48,1.16,134.92,0.99,4698908224.0,3831408224.0,0.0,0.0,-16.59,-25.85
1164,600850,电科数字,14.57,2.97,0.42,95181.0,137442517.0,3.46,14.58,14.09,14.15,14.15,1.23,1.17,117.81,2.48,11892594785.0,11892594785.0,0.07,0.07,-31.24,-40.7
1165,002727,一心堂,11.77,2.97,0.34,80635.0,94155462.05,3.85,11.84,11.4,11.42,11.43,0.96,2.05,9.8,0.94,6892560551.0,4624614352.0,0.0,-0.08,-1.26,-7.03
1166,301538,骏鼎达,38.46,2.97,1.11,18654.0,70289519.8,5.84,38.57,36.39,36.61,37.35,0.54,4.27,28.11,2.83,4221369600.0,1680991950.0,-0.03,0.05,-40.01,-32.6
1167,301367,瑞迈特,43.66,2.97,1.26,8874.0,38122217.48,4.22,43.85,42.06,42.8,42.4,0.48,0.9,35.59,1.81,5469914939.0,4283012731.0,-0.11,-0.02,-2.17,-28.23
1168,300509,新美星,9.04,2.96,0.26,114739.0,101459071.66,7.29,9.14,8.5,8.8,8.78,2.08,4.64,24.25,3.75,2679456000.0,2233815848.0,0.0,-0.11,-8.32,-28.71
1169,300134,大富科技,8.35,2.96,0.24,111694.0,92048765.1,4.44,8.38,8.02,8.03,8.11,0.89,1.46,-30.2,1.75,6408608350.0,6408608350.0,-0.12,0.0,-16.92,-33.2
1170,002729,好利科技,13.91,2.96,0.4,35655.0,49011951.56,5.03,14.0,13.32,13.51,13.51,1.04,2.03,66.31,4.49,2545111587.0,2440663442.0,-0.07,-0.07,-28.92,-13.12
1171,688651,盛邦安全,22.96,2.96,0.66,13208.0,29919978.0,5.56,23.16,21.92,22.01,22.3,1.01,2.81,-37.41,2.58,2353238362.0,1079534451.0,-0.17,-0.17,-12.93,-29.11
1172,002708,光洋股份,11.84,2.96,0.34,169309.0,197290618.48,5.39,11.89,11.27,11.27,11.5,0.8,3.28,51.9,3.76,6655239929.0,6117213564.0,0.0,0.08,-12.94,-10.84
1173,600055,万东医疗,11.13,2.96,0.32,51824.0,57115279.0,3.98,11.18,10.75,10.82,10.81,0.74,0.74,-122.77,1.76,7825069576.0,7825069576.0,-0.27,-0.09,-15.43,-28.56
1174,301616,浙江华业,35.52,2.96,1.02,5563.0,19447575.62,4.32,35.55,34.06,34.45,34.5,1.2,1.96,48.16,1.99,2841600000.0,1008831616.0,0.06,0.23,-9.78,-29.91
1175,301600,慧翰股份,86.15,2.96,2.48,7212.0,61523475.03,3.97,86.33,83.01,83.13,83.67,0.96,2.24,54.9,7.4,9004699525.0,2779069775.0,-0.06,0.0,-12.72,-33.38
1176,601890,亚星锚链,8.69,2.96,0.25,279906.0,241855774.0,3.55,8.77,8.47,8.49,8.44,1.07,2.92,27.29,2.14,8337186000.0,8337186000.0,-0.11,0.0,-3.87,-15.05
1177,001278,一彬科技,16.34,2.96,0.47,27364.0,44280535.0,4.85,16.39,15.62,15.83,15.87,1.41,3.21,-11.86,1.71,2021803756.0,1393979714.0,0.0,-0.06,-12.53,-15.51
1178,600375,汉马科技,3.82,2.96,0.11,227103.0,85975426.0,4.85,3.84,3.66,3.69,3.71,1.29,1.55,92.19,1.8,6123732622.0,5587459603.0,-0.52,-0.52,-12.18,-35.03
1179,603535,嘉诚国际,6.26,2.96,0.18,58595.0,36630162.0,4.93,6.32,6.02,6.08,6.08,1.31,1.15,56.02,1.29,3198348752.0,3198348752.0,0.0,-0.16,-14.71,-41.44
1180,300219,鸿利智汇,6.98,2.95,0.2,166549.0,115130564.62,2.95,6.99,6.79,6.9,6.78,1.35,2.36,59.48,1.92,4941445672.0,4932409259.0,0.0,0.0,-11.98,-1.83
1181,002264,新 华 都,6.64,2.95,0.19,150132.0,98540200.95,4.03,6.65,6.39,6.39,6.45,0.66,2.31,14.27,2.38,4779547032.0,4322028270.0,0.15,0.15,-4.46,-23.94
1182,000797,中国武夷,2.44,2.95,0.07,291285.0,70464252.84,3.8,2.45,2.36,2.36,2.37,1.35,1.85,-4.35,0.9,3832640289.0,3832200631.0,-0.41,0.0,-7.22,-37.91
1183,002950,奥美医疗,9.41,2.95,0.27,60659.0,56403466.0,3.61,9.42,9.09,9.19,9.14,0.9,1.41,13.67,1.65,5959027480.0,4042773650.0,0.11,0.0,-4.37,-12.71
1184,603829,洛凯股份,15.43,2.94,0.44,32017.0,48788392.0,4.67,15.49,14.79,14.96,14.99,1.13,1.72,222.08,1.96,2874086833.0,2874086833.0,-0.06,0.0,-34.92,-30.12
1185,688516,奥特维,43.75,2.94,1.25,142671.0,614984952.0,8.12,44.3,40.85,42.3,42.5,1.9,4.53,23.1,3.78,13770770038.0,13770770038.0,0.25,0.18,-28.17,-1.6
1186,300175,朗源股份,5.96,2.94,0.17,100148.0,58982416.0,5.01,6.01,5.72,5.92,5.79,1.1,2.13,-104.1,5.72,2805968000.0,2805968000.0,0.34,0.34,-7.02,5.67
1187,300396,ST迪瑞,7.35,2.94,0.21,16931.0,12262980.8,3.5,7.36,7.11,7.12,7.14,0.64,0.62,131.92,1.3,2004346183.0,2001439920.0,0.0,0.14,-9.82,-43.02
1188,300451,创业慧康,3.5,2.94,0.1,156958.0,54297078.5,4.71,3.51,3.35,3.39,3.4,0.68,1.03,-17.06,1.38,5421936422.0,5343428195.0,0.0,0.29,-11.62,-27.69
1189,300712,永福股份,19.59,2.94,0.56,21837.0,42246342.14,4.36,19.69,18.86,19.03,19.03,0.98,1.17,-69.89,2.96,3674026826.0,3658236796.0,0.26,0.2,-16.25,-25.46
1190,688450,光格科技,33.64,2.94,0.96,16240.0,53516619.0,6.15,33.87,31.86,31.86,32.68,0.99,3.32,-122.76,2.37,2220240000.0,1646027806.0,-0.18,0.0,-27.89,21.97
1191,300851,交大思诺,24.55,2.94,0.7,9805.0,23839600.0,3.9,24.61,23.68,23.85,23.85,0.99,1.99,161.17,1.67,2134214970.0,1211281263.0,0.0,0.04,-10.66,-5.97
1192,300825,阿尔特,10.5,2.94,0.3,151968.0,156161686.42,6.67,10.58,9.9,10.1,10.2,0.8,3.14,86.81,2.56,5196245051.0,5087122950.0,0.1,0.1,-24.35,8.47
1193,600410,华胜天成,13.36,2.93,0.38,385270.0,507030262.0,5.08,13.4,12.74,12.85,12.98,0.86,3.51,-39.68,3.41,14649168965.0,14649168965.0,0.0,0.3,-29.68,-25.24
1194,002973,侨银股份,11.93,2.93,0.34,133576.0,154166760.0,8.28,11.97,11.01,11.6,11.59,1.54,4.21,55.95,1.92,4875381801.0,3789601221.0,0.08,0.34,-2.45,-12.09
1195,603385,惠达卫浴,5.62,2.93,0.16,27623.0,15361987.0,4.58,5.65,5.4,5.4,5.46,0.82,0.73,-17.55,0.61,2139337120.0,2139337120.0,-0.35,-0.18,-6.8,-17.84
1196,300948,冠中生态,21.11,2.93,0.6,38791.0,79520741.5,6.58,21.16,19.81,20.43,20.51,0.99,2.5,7791.25,3.49,3470074360.0,3275346495.0,0.0,0.29,-24.96,-2.67
1197,603406,天富龙,29.47,2.93,0.84,38122.0,111428647.0,4.68,29.65,28.31,28.63,28.63,0.67,6.49,23.27,2.5,11788294700.0,1730473361.0,0.1,0.07,-1.9,-27.59
1198,300988,津荣天宇,14.76,2.93,0.42,24265.0,35320458.48,4.32,14.83,14.21,14.21,14.34,0.79,1.5,23.82,2.27,2907101541.0,2392619395.0,-0.14,0.14,-19.61,-8.38
1199,603626,科森科技,20.05,2.93,0.57,824650.0,1597722313.0,9.91,20.26,18.33,19.3,19.48,1.57,14.86,20.47,5.16,11125337785.0,11125337785.0,-0.05,-0.4,-14.21,-4.25
1200,300965,恒宇信通,43.91,2.93,1.25,7045.0,30738808.68,5.84,44.62,42.13,42.32,42.66,0.85,1.3,-194.22,2.18,2634600000.0,2375256563.0,-0.05,0.07,-15.91,-37.43
1201,002228,合兴包装,3.17,2.92,0.09,239868.0,75475936.0,3.9,3.18,3.06,3.07,3.08,1.56,1.98,23.63,1.31,3846432444.0,3833549818.0,0.0,-0.31,-7.04,-29.08
1202,002420,毅昌科技,6.0,2.92,0.17,77914.0,46269865.44,4.12,6.02,5.78,5.83,5.83,1.06,1.93,29.42,2.96,2467740000.0,2423229600.0,-0.33,-0.17,-2.91,-21.98
1203,300930,屹通新材,25.7,2.92,0.73,19663.0,49992190.18,5.85,25.91,24.45,24.45,24.97,1.55,4.17,39.77,2.71,2570000000.0,1211112526.0,0.08,-0.16,-22.22,-13.18
1204,002334,英威腾,6.69,2.92,0.19,161669.0,107077313.74,4.46,6.72,6.43,6.43,6.5,1.47,2.2,-45.13,1.82,5486192034.0,4917230909.0,-0.3,-0.15,-22.12,-25.33
1205,688590,新致软件,12.67,2.92,0.36,40803.0,50974761.0,4.63,12.73,12.16,12.28,12.31,0.68,1.45,570.6,2.22,3964001387.0,3566822721.0,0.08,0.08,-13.57,-32.1
1206,300364,中文在线,22.92,2.92,0.65,391960.0,889344413.5,5.48,23.2,21.98,22.06,22.27,1.19,5.93,-91.08,66.14,16697222705.0,15136951841.0,-0.26,-0.13,-13.83,-8.76
1207,002752,昇兴股份,5.99,2.92,0.17,113681.0,67431908.05,3.78,6.01,5.79,5.82,5.82,1.47,1.17,9.65,1.63,5851741623.0,5843405646.0,-0.17,-0.17,-12.17,-8.41
1208,301311,昆船智能,13.81,2.91,0.39,20523.0,28128878.0,3.87,13.85,13.33,13.35,13.42,1.2,0.86,-32.63,1.93,3314400000.0,3314400000.0,0.15,0.07,-9.14,-26.23
1209,002697,红旗连锁,4.6,2.91,0.13,192952.0,88046066.41,3.36,4.61,4.46,4.46,4.47,0.98,1.68,11.67,1.27,6256000000.0,5281224925.0,0.0,0.0,-7.44,-21.1
1210,600880,博瑞传播,3.89,2.91,0.11,129420.0,49790245.0,4.5,3.9,3.73,3.73,3.78,1.0,1.18,152.16,1.42,4253061838.0,4251887381.0,0.26,0.0,-13.36,-21.26
1211,002481,双塔食品,4.25,2.91,0.12,113671.0,47904347.96,3.15,4.25,4.12,4.14,4.13,0.71,1.02,79.09,2.14,5243210125.0,4752148550.0,0.47,0.24,-1.16,-16.83
1212,300087,ST荃银,5.66,2.91,0.16,226372.0,128777336.04,8.36,5.87,5.41,5.44,5.5,0.75,2.51,117.74,3.16,5361897711.0,5106994794.0,-0.18,0.0,-26.87,-51.54
1213,688076,ST诺泰,27.93,2.91,0.79,26863.0,74234232.0,4.09,28.12,27.01,27.21,27.14,0.54,0.85,17.09,2.94,8848669791.0,8848669791.0,0.0,0.11,-5.99,-25.22
1214,300653,正海生物,15.21,2.91,0.43,24037.0,36217872.5,3.99,15.3,14.71,14.98,14.78,0.58,1.34,41.1,3.14,2737800000.0,2737800000.0,-0.2,-0.26,-7.48,-22.75
1215,688089,ST嘉必优,7.78,2.91,0.22,19559.0,15144812.0,4.37,7.83,7.5,7.5,7.56,0.85,1.18,-6.43,0.85,1294280823.0,1294280823.0,0.0,-0.13,-41.06,-66.58
1216,603949,雪龙集团,14.14,2.91,0.4,24597.0,34391590.0,4.15,14.19,13.62,13.8,13.74,1.16,1.17,31.76,2.81,2979817023.0,2972302574.0,0.0,-0.14,-11.9,-23.77
1217,301388,欣灵电气,24.4,2.91,0.69,8787.0,21165840.48,4.85,24.49,23.34,23.34,23.71,1.08,1.21,126.12,2.59,2499721440.0,1773466078.0,-0.04,0.21,-16.44,-19.15
1218,301255,通力科技,20.9,2.9,0.59,10312.0,21292213.4,4.63,21.0,20.06,20.25,20.31,1.01,0.77,118.35,3.03,3183488000.0,2793846959.0,0.0,-0.05,-16.3,-28.25
1219,300822,贝仕达克,10.99,2.9,0.31,51424.0,55394798.38,5.34,11.02,10.45,10.56,10.68,1.32,1.78,112.71,2.78,3423782838.0,3175912587.0,0.09,0.0,-25.03,-31.44
1220,600067,冠城新材,2.84,2.9,0.08,164459.0,46356810.0,4.71,2.86,2.73,2.75,2.76,1.16,1.18,-48.0,0.71,3952339219.0,3952339219.0,0.0,-0.35,-8.68,-31.07
1221,000927,中国铁物,2.48,2.9,0.07,544130.0,133806144.72,2.9,2.48,2.41,2.42,2.41,1.57,0.9,37.01,1.56,15004877030.0,15004869441.0,0.0,0.0,-8.15,-3.5
1222,920035,精创电气,23.8,2.9,0.67,6330.0,14963677.18,4.37,23.96,22.95,22.95,23.13,0.93,4.02,25.89,2.83,1652196000.0,374535840.0,-0.17,0.21,-16.2,-28.33
1223,300446,航天智造,13.14,2.9,0.37,61662.0,80188193.4,3.68,13.19,12.72,12.78,12.77,0.97,1.65,20.2,1.92,11108688859.0,4908580647.0,0.0,0.0,-17.77,-47.48
1224,300575,中旗股份,6.03,2.9,0.17,162233.0,97222474.1,4.1,6.05,5.81,5.85,5.86,0.75,4.68,29.22,1.44,2885870264.0,2088319947.0,0.0,0.17,-2.9,3.43
1225,000811,冰轮环境,42.6,2.9,1.2,608422.0,2547510658.95,11.45,43.92,39.18,39.91,41.4,1.34,6.22,67.97,6.5,42279562161.0,41688313694.0,0.02,0.38,37.11,131.27
1226,688161,威高骨科,22.34,2.9,0.63,12258.0,27047611.0,3.96,22.38,21.52,21.71,21.71,1.02,0.31,50.51,2.18,8936000000.0,8936000000.0,0.04,0.0,-14.54,-19.29
1227,920436,大地电气,10.29,2.9,0.29,8597.0,8861902.35,5.5,10.47,9.92,10.12,10.0,1.56,0.96,116.04,2.5,979377916.0,919760753.0,-0.77,-0.29,-19.86,-40.66
1228,600981,苏豪汇鸿,2.48,2.9,0.07,197938.0,48651882.0,3.73,2.49,2.4,2.4,2.41,1.45,0.88,-42.19,1.12,5561234316.0,5561234316.0,0.0,0.4,-8.49,-20.77
1229,600975,新五丰,4.99,2.89,0.14,177618.0,88160106.0,3.3,5.0,4.84,4.84,4.85,1.19,1.42,-4.14,3.49,6235812083.0,6235812083.0,-0.2,0.0,-2.35,-15.28
1230,603205,健尔康,22.46,2.89,0.63,18158.0,40136335.0,4.86,22.49,21.43,21.6,21.83,1.81,4.39,31.88,2.36,3503760000.0,928496400.0,-0.13,0.13,-6.84,-20.75
1231,301318,维海德,21.02,2.89,0.59,13300.0,27610918.16,4.75,21.1,20.13,20.36,20.43,1.32,1.43,80.61,1.55,2843982563.0,1958647699.0,-0.05,-0.05,-6.03,-22.75
1232,300436,广生堂,92.25,2.89,2.59,43514.0,394259894.91,4.9,92.48,88.09,89.47,89.66,0.73,3.18,-141.69,58.4,14692380750.0,12612601640.0,-0.13,-0.09,-9.07,3.48
1233,300402,宝色股份,14.97,2.89,0.42,46408.0,69194224.13,5.84,15.3,14.45,14.53,14.55,1.35,1.9,65.64,2.44,3694453740.0,3646968900.0,-0.07,-0.07,-6.14,-30.18
1234,300380,安硕信息,28.8,2.89,0.81,21164.0,60491818.0,4.36,28.89,27.67,27.81,27.99,1.04,1.66,111.49,10.0,3987044640.0,3668127638.0,0.0,-0.03,-14.69,-30.22
1235,300411,金盾股份,7.84,2.89,0.22,74294.0,57629048.0,4.46,7.87,7.53,7.6,7.62,0.67,2.4,267.03,3.3,3187116855.0,2423465520.0,0.0,0.13,-5.54,-32.36
1236,301231,荣信文化,27.02,2.89,0.76,35753.0,95279158.65,6.85,27.13,25.33,25.87,26.26,0.78,5.46,-47.85,2.81,2280488000.0,1767945620.0,0.0,0.0,-20.41,-13.06
1237,000912,泸天化,3.92,2.89,0.11,653542.0,255829335.39,6.56,4.03,3.78,3.82,3.81,2.35,4.17,371.0,0.97,6146560000.0,6146560000.0,0.51,0.51,0.77,-5.54
1238,300791,仙乐健康,17.47,2.89,0.49,39214.0,67919905.89,6.18,17.8,16.75,16.96,16.98,1.17,1.52,26.97,1.95,5384702490.0,4497060734.0,0.23,0.06,-6.18,-32.1
1239,600217,中再资环,3.2,2.89,0.09,126678.0,40203999.0,3.22,3.2,3.1,3.12,3.11,1.13,0.76,-51.19,1.86,5304491754.0,5304491754.0,0.0,0.31,-8.57,-21.57
1240,301306,西测测试,88.54,2.89,2.49,25371.0,220341791.17,7.79,89.95,83.25,85.98,86.05,0.53,4.35,-48.03,8.89,7472776000.0,5158561750.0,0.03,0.2,-30.07,-22.58
1241,002058,威尔泰,16.39,2.89,0.46,20024.0,32365394.0,5.08,16.44,15.63,15.63,15.93,0.87,1.4,78.25,37.11,2351118161.0,2345540628.0,-0.06,0.0,-36.1,-29.9
1242,688339,亿华通-U,17.09,2.89,0.48,23798.0,39999062.0,4.21,17.11,16.41,16.61,16.61,0.89,1.22,-20.13,2.13,4110693264.0,3346001864.0,0.59,0.41,-23.29,-36.61
1243,688695,中创股份,19.6,2.89,0.55,9444.0,18270864.0,4.57,19.69,18.82,18.88,19.05,0.86,1.77,-40.32,2.19,1667007009.0,1046551369.0,-0.31,-0.2,-13.5,-28.55
1244,688737,中自科技,18.17,2.89,0.51,10147.0,18154496.0,4.42,18.23,17.45,17.54,17.66,0.92,0.85,157.74,1.22,2172487129.0,2172487129.0,0.0,0.11,-31.02,-19.03
1245,301187,欧圣电气,14.93,2.89,0.42,13591.0,20109185.5,4.34,14.98,14.35,14.56,14.51,0.77,0.53,85.59,2.69,3806157528.0,3806157528.0,0.0,-0.2,-20.07,-44.1
1246,002626,金达威,16.79,2.88,0.47,70807.0,118195184.0,3.92,16.94,16.3,16.3,16.32,0.7,1.16,39.02,2.46,10240825977.0,10239566727.0,0.18,0.18,12.53,-13.05
1247,605567,春雪食品,9.28,2.88,0.26,21977.0,20184249.0,3.99,9.28,8.92,9.02,9.02,0.84,1.1,53.94,1.7,1856000000.0,1856000000.0,0.0,0.11,-6.45,-14.86
1248,002305,*ST南置,2.14,2.88,0.06,228674.0,48328456.0,3.37,2.14,2.07,2.08,2.08,1.48,1.32,58.75,14.83,3711221748.0,3710981011.0,0.94,0.0,-10.08,-4.04
1249,000998,隆平高科,8.92,2.88,0.25,714905.0,642227588.42,7.73,9.27,8.6,8.68,8.67,0.76,5.44,-24.03,1.98,13107476704.0,11730250870.0,0.22,0.11,3.24,-4.29
1250,300963,中洲特材,11.43,2.88,0.32,67456.0,76343224.75,4.23,11.48,11.01,11.06,11.11,1.09,2.01,68.18,4.72,5242255200.0,3844962320.0,0.18,0.18,-22.14,-44.92
1251,300465,高伟达,12.15,2.88,0.34,189847.0,228444732.16,6.35,12.25,11.5,11.56,11.81,0.51,4.28,293.37,7.78,5391554688.0,5391554688.0,-0.25,-0.33,-13.21,-39.64
1252,002405,四维图新,6.46,2.87,0.18,426343.0,273194220.32,4.3,6.5,6.23,6.24,6.28,1.24,1.81,-26.49,1.74,15311077358.0,15218196279.0,-0.31,0.0,-25.66,-28.3
1253,688176,亚虹医药-U,11.82,2.87,0.33,98409.0,114757480.0,5.31,11.89,11.28,11.48,11.49,0.7,1.72,-15.04,4.61,6763311426.0,6763311426.0,-0.17,-0.08,7.85,2.69
1254,301103,何氏眼科,16.86,2.87,0.47,15467.0,25779555.4,3.72,16.9,16.29,16.33,16.39,0.6,1.27,20.38,1.4,2664326301.0,2050742766.0,0.0,0.24,-5.17,-13.41
1255,300485,赛升药业,9.31,2.87,0.26,111845.0,102925192.0,5.52,9.4,8.9,9.07,9.05,0.8,4.08,-15.61,1.4,4484314184.0,2549677862.0,-0.75,-0.75,2.76,-11.75
1256,605218,伟时电子,14.68,2.87,0.41,19312.0,28116173.0,4.34,14.78,14.16,14.19,14.27,0.7,0.91,-34.8,2.02,3564520104.0,3124395193.0,-0.14,-0.07,-11.19,-20.35
1257,002442,龙星科技,5.02,2.87,0.14,103434.0,51497602.0,3.89,5.04,4.85,4.89,4.88,1.35,2.1,71.52,1.37,2526935904.0,2467384050.0,0.0,0.0,-14.19,-19.16
1258,600816,建元信托,2.52,2.86,0.07,671898.0,167675714.0,3.67,2.53,2.44,2.45,2.45,1.11,1.23,11.58,1.64,24808009600.0,13782227556.0,0.4,0.0,-17.65,-10.95
1259,600682,南京新百,5.75,2.86,0.16,135182.0,77042169.0,3.58,5.78,5.58,5.64,5.59,0.77,1.16,62.95,0.47,7734510271.0,6693346581.0,-0.35,-0.17,-3.69,-34.21
1260,300179,四方达,35.65,2.86,0.99,360448.0,1268615698.53,9.09,36.25,33.1,34.17,34.66,0.95,9.64,100.84,15.38,17316058105.0,13332453951.0,0.08,0.14,-19.98,140.55
1261,001218,丽臣实业,24.08,2.86,0.67,23683.0,56169457.4,4.23,24.22,23.23,23.23,23.41,0.99,1.98,10.44,1.3,3232938901.0,2883304525.0,0.08,0.08,-4.14,8.37
1262,600802,福建水泥,4.68,2.86,0.13,55230.0,25583878.0,3.74,4.69,4.52,4.56,4.55,0.93,1.21,-15.49,2.56,2144602512.0,2144602512.0,0.0,0.0,-10.52,-28.66
1263,600814,杭州解百,6.84,2.86,0.19,75025.0,50987625.0,3.46,6.87,6.64,6.64,6.65,1.67,1.02,13.9,1.34,5027937610.0,5027937610.0,0.29,0.0,-6.56,-14.71
1264,002522,浙江众成,5.39,2.86,0.15,485793.0,257136966.59,5.73,5.42,5.12,5.18,5.24,1.3,5.37,45.26,2.08,4882150896.0,4879080585.0,0.19,0.56,-14.58,-4.09
1265,603076,乐惠国际,20.86,2.86,0.58,17879.0,36899540.0,4.29,20.97,20.1,20.61,20.28,0.94,1.48,76.71,1.99,2517830036.0,2517830036.0,-0.19,-0.19,-19.24,-10.24
1266,301260,格力博,13.65,2.86,0.38,17546.0,23603181.0,4.45,13.7,13.11,13.18,13.27,0.84,0.85,12.16,1.53,6597802220.0,2802811421.0,-0.07,0.0,-12.61,-19.94
1267,603208,江山欧派,11.53,2.85,0.32,15059.0,17156109.0,3.93,11.57,11.13,11.17,11.21,0.72,0.86,-10.96,2.12,2027888871.0,2027888871.0,0.09,0.09,-12.25,-20.76
1268,001373,翔腾新材,28.9,2.85,0.8,15582.0,44545779.45,5.8,29.16,27.53,27.73,28.1,1.12,3.71,-52.43,2.35,1985051063.0,1212657930.0,0.0,-0.03,-24.09,-10.47
1269,301533,威马农机,27.45,2.85,0.76,8738.0,23690114.0,4.12,27.45,26.35,26.63,26.69,0.71,3.07,83.3,2.46,2698518915.0,780587415.0,0.04,0.11,-2.66,-31.73
1270,603519,立霸股份,17.3,2.85,0.48,166936.0,282353626.0,9.39,17.38,15.8,16.0,16.82,1.15,6.27,23.35,4.34,4607471615.0,4607471615.0,0.0,0.06,46.73,56.7
1271,000156,华数传媒,6.86,2.85,0.19,89112.0,60750400.68,3.0,6.87,6.67,6.7,6.67,1.23,0.52,30.24,0.85,12711116552.0,11661148516.0,-0.15,0.15,-3.52,-9.38
1272,601007,金陵饭店,6.89,2.84,0.19,92167.0,63098006.0,3.88,6.93,6.67,6.67,6.7,1.87,2.36,80.67,1.72,2687100000.0,2687100000.0,0.15,0.0,0.58,-10.29
1273,920395,朗鸿科技,6.88,2.84,0.19,3880.0,2645263.87,3.29,6.88,6.66,6.86,6.69,0.83,0.37,26.44,4.77,1049789644.0,723005605.0,0.0,0.58,-19.91,-38.74
1274,000663,永安林业,5.8,2.84,0.16,54463.0,31178452.45,3.9,5.81,5.59,5.59,5.64,0.88,1.78,-39.26,2.15,1952766788.0,1776546937.0,0.0,0.0,-6.9,-21.41
1275,603359,*ST东珠,2.17,2.84,0.06,57073.0,12237203.0,4.27,2.18,2.09,2.09,2.11,1.14,1.28,-17.2,0.69,968028320.0,968028320.0,0.0,0.46,-27.18,-77.25
1276,300781,因赛集团,26.77,2.84,0.74,30097.0,79271125.54,4.42,26.85,25.7,25.78,26.03,1.07,2.48,94.74,7.98,4394973852.0,3242850366.0,-0.15,0.07,-18.85,-23.03
1277,603809,豪能股份,9.04,2.84,0.25,91435.0,81658663.0,3.41,9.06,8.76,8.76,8.79,0.96,0.99,22.14,2.24,8319410815.0,8319410815.0,0.0,0.0,-11.8,-36.34
1278,688015,交控科技,15.93,2.84,0.44,13471.0,21186997.0,4.13,15.97,15.33,15.41,15.49,1.26,0.71,46.02,1.15,3005684220.0,3005684220.0,0.44,-0.19,-12.71,-28.76
1279,301180,万祥科技,11.96,2.84,0.33,32718.0,38547513.0,5.07,11.99,11.4,11.63,11.63,1.05,1.99,-1161.0,3.66,4784119600.0,1963090504.0,0.0,0.08,-22.03,-28.38
1280,002491,通鼎互联,21.4,2.84,0.59,2856683.0,6021230750.9,11.73,22.04,19.6,20.66,20.81,1.18,24.28,64.98,9.85,26321882300.0,25176432234.0,0.0,0.0,-7.76,256.67
1281,300514,友讯达,10.18,2.83,0.28,44704.0,45011657.04,3.84,10.22,9.84,9.85,9.9,1.87,2.79,-62.19,1.97,2036000000.0,1631429749.0,-0.2,-0.2,-9.59,-22.35
1282,002714,牧原股份,39.93,2.83,1.1,535318.0,2122281657.04,3.5,39.98,38.62,38.76,38.83,1.12,1.63,-18.96,2.91,230515736030.0,130990337848.0,0.05,0.08,5.58,-20.39
1283,301152,天力锂能,23.98,2.83,0.66,261447.0,641165159.43,6.95,25.48,23.86,24.33,23.32,4.8,36.83,84.22,2.35,2847385368.0,1702081384.0,0.0,0.21,-13.49,-21.53
1284,301372,科净源,30.18,2.83,0.83,7503.0,22310291.0,4.77,30.3,28.9,29.08,29.35,0.59,1.82,90.16,2.79,2069485757.0,1242524030.0,0.03,0.07,-14.55,19.01
1285,605300,佳禾食品,9.82,2.83,0.27,20636.0,20104762.0,3.25,9.82,9.51,9.51,9.55,0.67,0.45,62.59,1.56,4462194223.0,4462194223.0,0.31,0.2,-5.39,-14.83
1286,002823,凯中精密,13.08,2.83,0.36,46893.0,60620122.44,4.09,13.12,12.6,12.72,12.72,0.91,2.1,20.48,2.11,4283677372.0,2917359446.0,0.08,0.08,-27.45,-17.32
1287,688314,康拓医疗,31.63,2.83,0.87,5762.0,18018322.0,4.36,31.67,30.33,30.6,30.76,0.75,0.71,49.05,3.61,2581902243.0,2581902243.0,-0.03,0.06,-25.14,-3.39
1288,688118,普元信息,20.37,2.83,0.56,19626.0,39426617.0,4.8,20.55,19.6,19.81,19.81,0.78,2.1,-21.1,2.37,1900861444.0,1900861444.0,0.0,0.05,-15.16,-19.23
1289,002219,新里程,2.19,2.82,0.06,1227207.0,266270027.77,4.69,2.21,2.11,2.13,2.13,0.68,3.75,411.74,3.83,7559708639.0,7165938026.0,-0.45,0.0,0.92,2.82
1290,300440,运达科技,19.33,2.82,0.53,143355.0,271807944.4,8.56,19.71,18.1,18.75,18.8,1.13,3.26,-136.74,5.15,8542249811.0,8509484784.0,0.0,0.21,10.77,57.67
1291,600616,金枫酒业,4.37,2.82,0.12,71015.0,30886881.0,3.76,4.39,4.23,4.23,4.25,0.94,1.06,603.39,1.54,2923551632.0,2923551632.0,0.0,0.0,-4.79,-17.7
1292,603839,安正时尚,7.28,2.82,0.2,39340.0,28297888.0,3.95,7.3,7.02,7.18,7.08,1.12,1.02,23.18,1.68,2817477936.0,2817477936.0,-0.14,-0.14,0.97,-10.89
1293,001208,华菱线缆,13.5,2.82,0.37,113575.0,151844854.28,4.95,13.6,12.95,13.02,13.13,0.51,3.56,70.77,2.97,8617730832.0,4302904370.0,-0.07,-0.15,-15.89,-43.7
1294,002248,华东数控,9.85,2.82,0.27,303602.0,293488365.5,7.41,9.99,9.28,9.48,9.58,0.58,9.87,117.99,25.28,3028831660.0,3028831660.0,-0.1,-0.1,-3.71,-14.57
1295,002899,英派斯,19.68,2.82,0.54,25526.0,49626096.0,3.61,19.7,19.01,19.04,19.14,0.97,1.73,48.46,1.66,2908644488.0,2908644488.0,0.1,0.1,-27.43,-27.89
1296,300101,振芯科技,14.26,2.81,0.39,60540.0,85435004.65,4.04,14.3,13.74,13.74,13.87,0.83,1.07,-496.39,4.6,8098335282.0,8070860854.0,-0.14,0.0,-16.66,-49.84
1297,301229,纽泰格,12.42,2.81,0.34,31693.0,38843617.56,4.88,12.47,11.88,12.04,12.08,0.78,2.45,-58.15,1.82,2257713822.0,1605665549.0,-0.32,-0.16,-17.86,-45.26
1298,600903,贵州燃气,6.23,2.81,0.17,303157.0,187907841.0,4.29,6.28,6.02,6.05,6.06,0.78,2.6,17.88,2.31,7251628108.0,7251628108.0,0.0,0.0,-36.49,-5.61
1299,002587,奥拓电子,5.48,2.81,0.15,122441.0,66280012.28,4.69,5.5,5.25,5.28,5.33,0.95,2.3,131.22,2.74,3586682775.0,2919265689.0,0.18,0.0,-20.12,-18.33
1300,002792,通宇通讯,31.15,2.81,0.85,250103.0,765440564.6,6.57,31.49,29.5,29.67,30.3,0.65,7.4,-315.57,5.81,16317492335.0,10523232614.0,-0.13,-0.22,-20.47,-27.01
1301,002488,金固股份,8.06,2.81,0.22,249049.0,198185249.98,5.61,8.09,7.65,7.79,7.84,0.88,2.71,90.62,2.3,8023238864.0,7415877032.0,-0.12,0.0,-20.04,-8.2
1302,603897,长城科技,31.05,2.81,0.85,124262.0,380397725.0,7.55,31.48,29.2,29.5,30.2,0.78,6.02,22.61,2.7,6409827895.0,6409827895.0,0.0,-0.16,-32.21,19.42
1303,000650,仁和药业,5.49,2.81,0.15,233386.0,126850010.71,3.56,5.5,5.31,5.32,5.34,0.82,1.75,13.69,1.23,7685660905.0,7309308229.0,0.0,0.0,3.98,-0.18
1304,300784,利安科技,41.69,2.81,1.14,5427.0,22396465.7,4.56,41.85,40.0,40.35,40.55,0.56,3.23,75.16,2.92,2344545544.0,701018392.0,-0.19,-0.19,-10.25,-16.65
1305,603982,泉峰汽车,6.22,2.81,0.17,33476.0,20606613.0,3.8,6.23,6.0,6.04,6.05,0.86,0.99,-5.36,1.07,2271102349.0,2112023069.0,0.0,0.16,-10.25,-25.69
1306,000753,漳州发展,4.76,2.81,0.13,187608.0,88343809.98,4.75,4.79,4.57,4.59,4.63,1.23,1.89,54.59,1.72,4719449898.0,4719449898.0,0.21,0.21,-13.3,-39.44
1307,600776,东方通信,12.87,2.8,0.35,152301.0,194255915.0,4.55,12.95,12.38,12.45,12.52,1.3,1.59,93.66,4.31,16164720824.0,12303720824.0,-0.08,0.0,-11.49,-21.76
1308,002363,隆基机械,6.62,2.8,0.18,53461.0,35103900.69,4.19,6.65,6.38,6.42,6.44,1.23,1.29,39.28,1.28,2754583993.0,2752319066.0,0.15,0.0,-8.06,-33.93
1309,002276,万马股份,10.27,2.8,0.28,143356.0,146253227.72,3.8,10.3,9.92,10.01,9.99,0.93,1.42,24.8,1.66,10383744830.0,10345156332.0,0.0,0.0,-13.7,-39.09
1310,600533,栖霞建设,2.2,2.8,0.06,133782.0,29156335.0,3.27,2.2,2.13,2.13,2.14,1.13,1.27,-10.44,1.74,2310000000.0,2310000000.0,0.0,0.0,-7.17,-14.06
1311,301010,晶雪节能,17.98,2.8,0.49,14588.0,25896627.0,6.12,18.1,17.03,17.49,17.49,1.14,1.35,222.47,2.34,1941840000.0,1941840000.0,0.0,-0.44,-13.18,-18.83
1312,002524,光正眼科,4.04,2.8,0.11,214114.0,85542060.0,4.83,4.08,3.89,3.91,3.93,1.23,4.2,58.56,18.5,2081939559.0,2057485439.0,0.0,-0.25,1.25,-1.94
1313,301167,建研设计,14.67,2.8,0.4,21702.0,31420027.0,4.48,14.67,14.03,14.27,14.27,1.03,2.05,39.71,1.73,1643040000.0,1550831994.0,0.2,0.2,-5.72,-9.22
1314,688529,豪森智能,16.17,2.8,0.44,14880.0,23899500.0,4.45,16.29,15.59,15.75,15.73,1.11,0.88,-7.22,2.75,2719405160.0,2719405160.0,-0.37,-0.19,-11.78,-12.31
1315,002047,宝鹰股份,3.3,2.8,0.09,457723.0,149177797.21,5.92,3.34,3.15,3.17,3.21,0.66,3.02,-136.05,122.93,5003620687.0,5003324492.0,-0.3,-0.3,-32.38,-10.33
1316,600750,华润江中,23.15,2.8,0.63,53231.0,122520252.0,3.46,23.28,22.5,22.52,22.52,0.78,0.85,14.97,3.72,14713868890.0,14557305440.0,0.0,0.0,-7.4,3.86
1317,600628,新世界,6.27,2.79,0.17,86036.0,53606938.0,3.44,6.28,6.07,6.07,6.1,1.35,1.33,42.79,0.95,4055908658.0,4055908658.0,0.16,0.0,-3.69,-19.82
1318,000777,中核科技,17.33,2.79,0.47,67385.0,115812595.3,3.14,17.35,16.82,16.91,16.86,1.22,1.76,-155.13,2.75,6644626887.0,6644509632.0,0.06,0.0,-1.25,-32.67
1319,000514,渝 开 发,4.05,2.79,0.11,125131.0,50302272.28,3.81,4.07,3.92,3.93,3.94,1.4,1.48,-468.36,0.94,3417272408.0,3417272408.0,0.0,-0.25,-11.18,-17.52
1320,002747,埃斯顿,31.68,2.79,0.86,482074.0,1516154642.0,5.45,32.25,30.57,31.06,30.82,0.62,6.16,95.02,9.35,30659854991.0,24787545647.0,-0.06,-0.06,18.34,33.67
1321,002375,亚厦股份,3.68,2.79,0.1,126958.0,46355672.0,3.91,3.7,3.56,3.57,3.58,0.98,0.95,18.77,0.6,4931187113.0,4898066976.0,0.0,0.0,-13.82,0.27
1322,001338,永顺泰,8.84,2.79,0.24,147697.0,130561738.0,6.74,9.18,8.6,8.6,8.6,0.69,2.94,33.39,1.23,4435300573.0,4435300573.0,0.0,0.11,-22.11,-25.53
1323,002349,精华制药,7.0,2.79,0.19,139780.0,96815543.5,3.96,7.01,6.74,6.79,6.81,0.8,1.72,22.08,2.11,5817898156.0,5699266356.0,0.14,0.29,-0.99,-2.37
1324,600771,广誉远,13.61,2.79,0.37,71986.0,96477945.0,3.63,13.63,13.15,13.43,13.24,0.8,1.47,24.96,3.92,6661974429.0,6661974429.0,-0.07,0.07,-9.81,-24.3
1325,688067,爱威科技,23.18,2.79,0.63,9375.0,21405439.0,4.75,23.25,22.18,22.3,22.55,0.99,1.38,53.06,3.06,1576240000.0,1576240000.0,-0.22,0.0,-5.54,-5.23
1326,603128,华贸物流,5.55,2.78,0.15,214733.0,118658402.0,3.15,5.58,5.41,5.43,5.4,2.9,1.64,16.43,1.18,7265208042.0,7265208042.0,-0.18,-0.18,4.91,-5.61
1327,688610,埃科光电,173.69,2.78,4.69,21018.0,355852405.0,10.06,177.17,160.17,166.05,169.0,0.87,5.13,85.39,7.2,11810920000.0,7109577736.0,-0.06,-0.05,1.47,181.01
1328,002661,克明食品,8.14,2.78,0.22,33126.0,26773152.0,3.54,8.15,7.87,7.9,7.92,0.6,1.07,19.42,1.18,2636109224.0,2510517644.0,0.12,-0.12,0.87,-8.23
1329,300375,鹏翎股份,4.07,2.78,0.11,111996.0,45063156.49,4.04,4.07,3.91,3.96,3.96,1.12,2.1,205.4,1.5,3110065339.0,2167896505.0,0.0,0.0,-7.71,-22.62
1330,300393,中来股份,6.28,2.78,0.17,250722.0,156780211.0,4.91,6.35,6.05,6.11,6.11,1.4,2.62,-6.81,3.86,6842859808.0,6003083714.0,-0.32,-0.32,-32.11,-6.27
1331,002658,雪迪龙,7.4,2.78,0.2,81084.0,59395961.7,5.42,7.47,7.08,7.1,7.2,0.61,2.26,82.52,1.84,4704630838.0,2653355093.0,-0.27,-0.27,-5.13,-16.19
1332,300423,昇辉科技,5.92,2.78,0.16,85837.0,50325120.65,4.69,5.95,5.68,5.72,5.76,0.88,2.58,-31.14,2.56,2945266837.0,1972482420.0,-0.34,0.0,-11.51,-29.36
1333,002030,达安基因,5.54,2.78,0.15,281166.0,154044757.03,4.64,5.57,5.32,5.38,5.39,0.77,2.0,-19.8,1.1,7775091017.0,7775091017.0,-0.36,-0.18,-17.44,-7.05
1334,688100,威胜信息,25.92,2.78,0.7,33551.0,85793771.0,4.16,26.07,25.02,25.02,25.22,0.64,0.68,31.49,3.54,12744479736.0,12744479736.0,-0.12,0.0,-29.55,-33.54
1335,603389,亚振家居,43.93,2.78,1.19,29458.0,127359329.0,6.11,44.25,41.64,42.37,42.74,0.79,1.12,-195.17,57.57,11542695360.0,11542695360.0,0.02,-0.14,-28.25,-2.72
1336,300670,大烨智能,6.65,2.78,0.18,91975.0,60583658.0,6.03,6.75,6.36,6.36,6.47,1.08,4.09,149.36,4.78,2107521185.0,1494216603.0,-0.3,-0.15,-3.2,-6.47
1337,000545,金浦钛业,2.59,2.78,0.07,445457.0,114060108.57,4.76,2.6,2.48,2.5,2.52,1.59,4.52,-89.6,4.0,2555897719.0,2552194019.0,0.0,0.0,1.57,-8.16
1338,301301,川宁生物,8.86,2.78,0.24,150005.0,131965246.29,4.52,8.9,8.51,8.57,8.62,0.55,2.42,35.64,2.48,19778115980.0,5485702066.0,0.0,0.11,-2.1,-11.13
1339,688159,有方科技,32.58,2.78,0.88,27863.0,89271966.0,7.26,32.96,30.66,31.55,31.7,0.82,3.0,27.19,3.23,3023773258.0,3023773258.0,0.06,0.22,-31.27,-32.6
1340,688298,东方生物,19.23,2.78,0.52,15198.0,28860528.0,4.22,19.27,18.48,18.6,18.71,0.65,0.75,-10.33,0.66,3876768000.0,3876768000.0,-0.05,-0.05,-11.55,-17.93
1341,600648,外高桥,9.27,2.77,0.25,44267.0,40767413.0,3.1,9.28,9.0,9.03,9.02,2.07,0.39,57.43,0.81,12606386261.0,10547134306.0,0.0,0.0,-1.7,-4.83
1342,301365,矩阵股份,39.7,2.77,1.07,38176.0,150173176.24,5.72,40.1,37.89,39.18,38.63,1.07,3.1,133.48,4.07,7242423400.0,4887978733.0,-0.03,-0.48,20.12,68.86
1343,301199,迈赫股份,17.82,2.77,0.48,11948.0,21053316.8,3.86,17.86,17.19,17.25,17.34,0.6,0.66,43.77,1.73,3326566320.0,3201824093.0,0.0,0.0,-10.23,-23.26
1344,301279,金道科技,21.5,2.77,0.58,18884.0,40014404.02,4.25,21.54,20.65,20.96,20.92,0.98,1.45,59.34,2.7,3623281867.0,2805744367.0,0.19,0.33,-6.32,-18.71
1345,300556,丝路视觉,16.32,2.77,0.44,34427.0,55577102.0,4.79,16.46,15.7,15.85,15.88,1.12,3.17,42.29,4.93,1983946512.0,1770826668.0,-0.18,-0.12,-16.86,-14.06
1346,603616,韩建河山,5.56,2.77,0.15,88598.0,48696518.0,4.99,5.58,5.31,5.37,5.41,1.12,2.31,-54.87,10.12,2152932080.0,2136669080.0,0.18,-0.18,-7.79,7.13
1347,300629,新劲刚,17.06,2.77,0.46,48476.0,81797710.88,4.7,17.16,16.38,16.45,16.6,0.97,2.24,100.03,2.45,4289283613.0,3698413840.0,0.0,-0.06,-24.78,-27.96
1348,600080,ST金花,4.82,2.77,0.13,24795.0,11863659.0,4.48,4.87,4.66,4.66,4.69,1.17,0.66,1138.77,1.13,1799162774.0,1799162774.0,0.0,0.0,-15.88,-36.07
1349,301286,侨源股份,44.46,2.77,1.2,15997.0,69437990.0,7.81,44.66,41.28,43.07,43.26,0.72,0.99,64.43,9.22,17788446000.0,7171215625.0,-0.07,0.05,-15.95,6.26
1350,002099,海翔药业,5.19,2.77,0.14,123077.0,63233712.08,3.56,5.2,5.02,5.06,5.05,0.55,0.76,79.42,1.7,8401132163.0,8391416483.0,0.0,0.0,-14.5,-16.83
1351,600155,华创云信,5.94,2.77,0.16,285472.0,168367640.0,3.81,5.98,5.76,5.78,5.78,1.58,1.29,105.86,0.66,13148442313.0,13148442313.0,-0.34,0.0,3.13,-10.27
1352,600960,渤海汽车,4.09,2.76,0.11,104809.0,42533158.0,4.02,4.11,3.95,3.98,3.98,1.32,1.1,-143.87,1.1,3887608469.0,3887608469.0,-0.24,-0.24,-8.71,-26.7
1353,300265,通光线缆,13.78,2.76,0.37,154858.0,210575812.94,5.89,13.89,13.1,13.23,13.41,0.9,3.31,401.43,2.75,6443546396.0,6439396894.0,-0.14,-0.07,-41.83,2.99
1354,603023,威帝股份,4.09,2.76,0.11,81050.0,32783342.0,4.27,4.13,3.96,3.99,3.98,0.87,1.45,-148.91,2.98,2282700195.0,2282700195.0,-0.49,-0.49,-10.89,-18.69
1355,002161,远 望 谷,5.95,2.76,0.16,162236.0,94884993.0,6.56,6.0,5.62,5.67,5.79,1.25,2.19,-28.72,2.91,4401556530.0,4400675633.0,0.0,0.0,-6.15,-18.49
1356,920030,德众汽车,4.46,2.76,0.12,14287.0,6346966.64,3.92,4.49,4.32,4.32,4.34,1.28,1.27,91.69,1.82,797624977.0,499861092.0,0.9,0.22,-13.73,-34.89
1357,603193,润本股份,21.25,2.76,0.57,54256.0,115208086.0,5.66,21.55,20.38,20.54,20.68,1.21,5.25,19.1,3.67,8597607923.0,2195896673.0,-0.47,-0.42,-12.62,-11.35
1358,301071,力量钻石,58.18,2.76,1.56,142690.0,809432336.86,8.71,58.74,53.81,55.47,56.62,0.98,7.63,82.17,2.78,14803918047.0,10882516463.0,-0.1,-0.07,-20.02,64.12
1359,002195,岩山科技,6.33,2.76,0.17,995090.0,623100667.55,3.73,6.34,6.11,6.16,6.16,0.95,1.77,425.68,3.62,35869215899.0,35548225656.0,0.16,0.0,-17.9,-10.72
1360,002011,盾安环境,10.06,2.76,0.27,102081.0,101681749.66,2.96,10.08,9.79,9.79,9.79,1.22,0.96,13.78,1.61,10809242030.0,10678845950.0,0.0,0.1,-18.28,-20.03
1361,300013,新宁物流,4.09,2.76,0.11,130788.0,53049556.0,3.27,4.1,3.97,4.0,3.98,1.02,2.35,96.06,12.71,2283687876.0,2281088632.0,0.25,0.0,-13.35,3.81
1362,300043,星辉娱乐,4.46,2.76,0.12,187799.0,82617645.84,3.46,4.46,4.31,4.31,4.34,0.83,1.51,26.77,3.22,5549124868.0,5546186174.0,0.45,0.22,-8.23,-20.36
1363,002453,华软科技,4.47,2.76,0.12,123636.0,54497424.0,5.06,4.5,4.28,4.35,4.35,1.07,2.05,-23.71,4.87,3631281053.0,2693847087.0,-0.45,-0.22,-24.37,-29.38
1364,300809,华辰装备,23.86,2.76,0.64,39461.0,92927471.38,4.69,23.97,22.88,23.03,23.22,0.68,2.62,118.26,3.35,6049445312.0,3592588365.0,0.0,0.0,-33.72,-37.16
1365,600835,上海机电,17.92,2.75,0.48,50985.0,90717020.0,5.39,18.3,17.36,17.42,17.44,0.99,0.63,22.82,1.28,18050721830.0,14452557056.0,0.11,0.17,-17.91,-39.97
1366,920491,奥迪威,21.68,2.75,0.58,15434.0,33247044.62,3.36,21.72,21.01,21.1,21.1,0.76,1.33,57.99,2.94,3059984142.0,2511041469.0,0.0,0.09,-17.03,-26.78
1367,600241,时代万恒,7.48,2.75,0.2,42601.0,31495057.0,3.57,7.5,7.24,7.26,7.28,1.1,1.45,-88.34,2.15,2201379820.0,2201379820.0,0.0,0.13,-7.43,-10.42
1368,002370,亚太药业,5.6,2.75,0.15,223062.0,123468489.16,4.95,5.63,5.36,5.4,5.45,0.54,2.99,-403.45,3.74,4175738168.0,4175486168.0,-0.18,0.0,-6.04,-23.39
1369,603421,鼎信通讯,5.98,2.75,0.16,65422.0,38681222.0,4.3,5.98,5.73,5.82,5.82,0.86,1.0,-10.41,1.62,3900099256.0,3900099256.0,0.5,0.5,-17.86,-16.48
1370,601008,连云港,4.48,2.75,0.12,263488.0,117463768.0,3.67,4.51,4.35,4.36,4.36,0.98,2.12,36.73,1.32,5558058267.0,5558058267.0,0.22,0.22,-2.61,-14.83
1371,000547,航天发展,13.83,2.75,0.37,447746.0,610914290.21,4.9,13.91,13.25,13.38,13.46,0.61,2.82,-49.44,6.04,22106816160.0,21977544287.0,-0.07,0.0,-31.19,-58.1
1372,002279,久其软件,6.36,2.75,0.17,228506.0,143805417.7,3.55,6.37,6.15,6.18,6.19,0.64,2.87,-16.0,3.93,5483635700.0,5059375453.0,0.0,0.16,-13.11,-20.4
1373,301158,德石股份,14.97,2.75,0.4,58151.0,86601198.3,5.42,15.1,14.31,14.32,14.57,0.47,3.06,46.17,2.09,2919376990.0,2846609332.0,-0.2,-0.07,-9.11,-12.46
1374,002177,御银股份,5.97,2.75,0.16,692423.0,411557327.28,5.16,6.02,5.72,5.79,5.81,1.6,10.14,187.27,2.65,4544312025.0,4078466113.0,0.17,0.34,-14.35,-36.56
1375,300573,兴齐眼药,39.58,2.75,1.06,55280.0,216965468.47,3.53,39.68,38.32,38.58,38.52,0.69,2.03,17.01,7.25,14047645495.0,10765666037.0,0.0,0.18,1.98,-17.18
1376,300583,赛托生物,13.07,2.75,0.35,26829.0,34656651.0,4.17,13.09,12.56,12.68,12.72,0.9,1.44,171.39,1.4,2479406787.0,2432966463.0,0.0,0.0,-0.83,-4.53
1377,300992,泰福泵业,24.64,2.75,0.66,13189.0,32069473.0,5.13,24.77,23.54,24.07,23.98,1.21,1.69,-64.84,2.74,2348204764.0,1921624764.0,-0.16,-0.04,-12.22,-8.5
1378,002548,金新农,4.12,2.74,0.11,260800.0,106765280.6,3.99,4.13,3.97,4.01,4.01,0.7,3.24,-4.62,3.26,3412075471.0,3314422547.0,0.0,0.0,-1.44,-32.24
1379,301159,三维天地,31.85,2.74,0.85,18799.0,59224257.32,4.61,32.04,30.61,30.61,31.0,0.79,3.55,-40.11,3.79,2463597500.0,1688526986.0,0.25,0.13,-11.63,-13.38
1380,000821,ST京机,7.12,2.74,0.19,60870.0,42868522.0,3.75,7.15,6.89,6.92,6.93,0.9,1.02,34.02,1.06,4434868419.0,4261859112.0,0.14,0.14,-20.18,-47.02
1381,001380,华纬科技,17.22,2.74,0.46,20233.0,34444271.04,4.95,17.38,16.55,16.72,16.76,1.44,0.87,27.96,2.41,4664109462.0,4007651325.0,0.0,-0.58,-1.82,-24.41
1382,002296,辉煌科技,8.99,2.74,0.24,96529.0,86153795.7,4.23,9.05,8.68,8.68,8.75,1.41,2.78,14.84,1.4,3502327976.0,3123264842.0,0.0,-0.11,-10.81,-18.79
1383,000026,飞亚达,20.25,2.74,0.54,120788.0,239693425.2,7.1,20.5,19.1,19.5,19.71,0.81,3.31,40.88,2.43,8216721142.0,7379865835.0,0.0,-0.2,-10.71,24.54
1384,603041,美思德,11.23,2.74,0.3,21155.0,23554309.0,3.39,11.29,10.92,10.93,10.93,1.08,1.16,36.09,1.36,2056748581.0,2056748581.0,-0.09,-0.09,-12.33,-5.87
1385,300381,溢多利,6.38,2.74,0.17,74487.0,46969643.0,4.35,6.41,6.14,6.15,6.21,0.69,1.56,46.46,1.21,3063509233.0,3052531250.0,0.0,-0.16,-3.92,-1.39
1386,300625,三雄极光,9.76,2.74,0.26,22141.0,21317245.0,4.74,9.78,9.33,9.35,9.5,1.21,1.37,-27.14,1.49,2726270560.0,1580844339.0,0.41,0.51,-12.86,-15.86
1387,600831,广电网络,3.38,2.74,0.09,150278.0,50134003.0,3.95,3.39,3.26,3.29,3.29,1.36,2.11,-3.2,6.78,2403000833.0,2403000833.0,0.6,0.3,-9.63,-19.52
1388,002330,得利斯,4.12,2.74,0.11,128840.0,52688850.0,3.49,4.14,4.0,4.01,4.01,0.72,2.03,71.29,1.14,2617498995.0,2616814663.0,-0.48,-0.24,-2.37,-14.88
1389,002422,科伦药业,42.57,2.73,1.13,268391.0,1122806256.04,5.04,42.82,40.73,41.26,41.44,0.81,2.07,37.32,2.83,67719556025.0,55281927356.0,-0.05,-0.09,17.56,47.4
1390,300245,ST天玑,5.65,2.73,0.15,38342.0,21447198.03,3.82,5.67,5.46,5.46,5.5,0.83,1.31,-24.21,1.43,1723532325.0,1659142574.0,0.36,0.18,-20.65,-53.27
1391,600538,国发股份,5.27,2.73,0.14,88020.0,46048631.0,5.65,5.34,5.05,5.15,5.13,0.72,1.68,-121.98,4.08,2762525294.0,2762525294.0,0.0,0.0,-18.04,-13.89
1392,603351,威尔药业,27.11,2.73,0.72,18520.0,49876733.0,6.44,27.7,26.0,26.3,26.39,1.0,1.37,23.91,2.05,3671754869.0,3671754869.0,-0.55,-0.33,6.69,6.65
1393,600778,友好集团,5.65,2.73,0.15,91919.0,51131830.0,4.55,5.65,5.4,5.4,5.5,1.58,2.95,67.91,7.15,1759926139.0,1758364083.0,0.18,0.18,-11.3,-15.29
1394,603222,济民健康,8.28,2.73,0.22,136362.0,111680093.0,5.46,8.32,7.88,8.02,8.06,0.82,2.6,-41.93,3.91,4347750292.0,4347750292.0,0.24,0.12,-4.83,-9.31
1395,603595,ST东尼,26.7,2.73,0.71,23794.0,62925662.0,6.27,26.96,25.33,25.99,25.99,1.15,1.02,65.2,4.08,6206210104.0,6206210104.0,0.64,0.49,13.81,57.89
1396,002591,恒大高新,6.39,2.73,0.17,158988.0,99866260.0,5.14,6.42,6.1,6.14,6.22,2.02,7.11,158.72,3.0,1918274703.0,1428244632.0,0.0,0.16,-19.32,-21.31
1397,600593,大连圣亚,40.23,2.73,1.07,51124.0,204824442.0,4.01,40.83,39.26,39.26,39.16,1.36,3.97,83.54,25.1,5247802350.0,5181624000.0,0.02,0.07,6.63,-2.87
1398,300182,捷成股份,4.89,2.73,0.13,733825.0,355639712.32,3.15,4.91,4.76,4.77,4.76,0.96,3.04,40.55,1.52,13026107340.0,11807414504.0,0.2,0.2,-20.1,-11.25
1399,920510,丰光精密,22.24,2.73,0.59,52279.0,115071536.19,4.76,22.43,21.4,21.79,21.65,0.54,5.56,585.43,10.33,4092274069.0,2090397159.0,0.0,0.36,44.7,5.85
1400,002166,莱茵生物,6.78,2.73,0.18,93990.0,63050208.3,3.48,6.79,6.56,6.57,6.6,0.67,1.27,29.57,1.61,5028111902.0,5007609182.0,0.0,0.0,-18.02,-18.8
1401,603718,*ST海利,3.01,2.73,0.08,56783.0,16885388.0,4.1,3.02,2.9,2.9,2.93,0.85,0.87,77.08,2.2,1953428897.0,1953428897.0,0.0,0.0,-15.21,-50.66
1402,002702,海欣食品,4.9,2.73,0.13,176732.0,85517206.2,3.98,4.92,4.73,4.77,4.77,0.76,3.85,-92.63,2.69,2723224000.0,2247844375.0,-0.2,-0.2,-13.88,-31.18
1403,300195,长荣股份,5.65,2.73,0.15,84108.0,46980299.3,4.36,5.67,5.43,5.43,5.5,1.19,2.68,-18.03,0.9,2393948821.0,1773337425.0,0.0,0.0,-7.07,-29.29
1404,603088,宁波精达,9.8,2.73,0.26,90451.0,87609195.0,4.82,9.85,9.39,9.54,9.54,0.91,2.07,153.4,4.63,4923402067.0,4291144032.0,0.0,0.1,-5.04,-3.54
1405,301056,森赫股份,11.71,2.72,0.31,25973.0,29839994.0,4.91,11.75,11.19,11.26,11.4,1.0,1.48,77.55,4.21,3124071871.0,2060911169.0,0.0,0.26,-9.99,-29.46
1406,300247,融捷健康,3.77,2.72,0.1,117443.0,43839469.0,3.81,3.78,3.64,3.66,3.67,0.94,1.46,31.93,2.62,3031231980.0,3031231980.0,0.0,0.0,-11.5,-26.51
1407,600882,妙可蓝多,20.37,2.72,0.54,57752.0,116767997.0,4.03,20.49,19.69,19.69,19.83,0.75,1.14,34.24,2.19,10357200789.0,10357200789.0,0.15,0.2,1.85,-18.97
1408,603321,梅轮电梯,6.43,2.72,0.17,30906.0,19649262.0,3.35,6.44,6.23,6.25,6.26,1.0,0.9,85.22,1.57,2243359286.0,2215549536.0,0.0,0.0,-6.13,-19.52
1409,002946,新乳业,16.24,2.72,0.43,74312.0,119862440.38,3.86,16.35,15.74,15.85,15.81,1.09,0.87,18.75,3.66,13977491725.0,13815607946.0,0.0,-0.18,-11.21,-10.18
1410,000411,英特集团,9.84,2.71,0.26,33056.0,32225266.73,3.44,9.84,9.51,9.51,9.58,0.78,0.59,17.34,1.07,5558115597.0,5547161610.0,0.1,0.1,-16.61,-20.65
1411,300859,西域旅游,26.91,2.71,0.71,37326.0,99765663.68,3.13,26.98,26.16,26.16,26.2,1.37,2.41,566.86,5.64,4171050000.0,4171050000.0,0.15,0.22,-6.11,-26.62
1412,301631,壹连科技,61.75,2.71,1.63,32918.0,199189512.67,6.0,62.3,58.69,59.02,60.12,0.71,7.55,30.61,3.04,7902790441.0,2691956547.0,-0.02,-0.05,-25.49,-15.7
1413,300327,中颖电子,22.74,2.71,0.6,83711.0,187241309.68,6.23,22.93,21.55,21.92,22.14,1.13,2.47,94.74,4.37,7762757711.0,7705545213.0,0.0,0.0,-21.8,-18.58
1414,600939,重庆建工,2.65,2.71,0.07,111780.0,29528449.0,4.26,2.67,2.56,2.57,2.58,1.18,0.59,-33.56,0.72,5041558602.0,5041558602.0,-0.75,-0.38,-8.3,-16.4
1415,600963,岳阳林纸,3.41,2.71,0.09,331502.0,112195501.0,3.31,3.42,3.31,3.32,3.32,1.36,1.89,115.98,0.79,5993306382.0,5993306382.0,0.0,0.0,-16.42,-26.98
1416,600622,光大嘉宝,2.27,2.71,0.06,165141.0,37227129.0,4.07,2.28,2.19,2.2,2.21,0.78,1.1,-7.62,1.7,3404285863.0,3404285863.0,0.0,-0.44,-14.34,-20.63
1417,603699,纽威股份,52.92,2.7,1.39,56469.0,294867928.0,5.14,53.3,50.65,51.5,51.53,0.9,0.74,27.97,8.9,41027971015.0,40120913166.0,0.11,0.47,-6.12,3.89
1418,603121,华培动力,12.57,2.7,0.33,34497.0,42711350.0,4.58,12.63,12.07,12.21,12.24,0.96,1.02,-304.99,3.88,4255368798.0,4255368798.0,-0.08,0.0,-30.01,-40.6
1419,301577,美信科技,56.65,2.7,1.49,12466.0,68871023.0,6.22,56.93,53.5,54.33,55.16,0.85,6.62,-67.34,3.49,2550921175.0,1067351431.0,-0.09,-0.04,-31.36,0.34
1420,301371,敷尔佳,21.66,2.7,0.57,61813.0,132673659.28,3.56,21.72,20.97,21.09,21.09,1.01,7.93,22.0,2.04,11265452640.0,1688944998.0,0.14,0.05,-28.37,-5.37
1421,300507,苏奥传感,6.47,2.7,0.17,85239.0,54693247.48,3.97,6.49,6.24,6.25,6.3,1.29,1.1,79.47,2.41,5201894926.0,5035906048.0,0.15,0.15,-16.62,-29.13
1422,003005,竞业达,13.69,2.7,0.36,26372.0,35652890.4,4.43,13.72,13.13,13.13,13.33,0.92,2.08,-20.54,1.77,3167711180.0,1738331640.0,0.0,-0.07,-14.97,-32.63
1423,000901,航天科技,13.67,2.7,0.36,134481.0,182332318.98,4.96,13.77,13.11,13.25,13.31,0.81,1.68,181.5,2.57,10911413220.0,10911303518.0,-0.29,-0.15,-27.75,-51.97
1424,603901,永创智能,9.5,2.7,0.25,61100.0,57416530.0,4.0,9.54,9.17,9.29,9.25,0.88,1.07,19.21,1.61,5478560672.0,5404541897.0,0.0,0.11,-15.18,-32.72
1425,000619,海螺新材,4.94,2.7,0.13,47026.0,23054379.0,3.95,4.97,4.78,4.8,4.81,0.95,1.31,-20.92,0.88,2179374025.0,1778400000.0,-0.2,-0.4,-14.38,-20.45
1426,300674,宇信科技,15.57,2.7,0.41,140075.0,217308614.18,4.62,15.7,15.0,15.01,15.16,0.93,1.99,60.09,2.48,10962168424.0,10945895594.0,-0.13,-0.19,-9.37,-35.02
1427,002263,大东南,3.04,2.7,0.08,444429.0,133553051.96,4.05,3.05,2.93,2.94,2.96,1.37,2.37,330.41,2.06,5710214704.0,5710169104.0,-0.33,0.0,-21.04,-8.71
1428,920238,长鹰硬科,70.65,2.7,1.86,30156.0,206120470.6,6.76,70.68,66.03,68.02,68.79,1.21,15.54,10.08,5.47,6728582857.0,1371100382.0,0.14,0.6,274.01,274.01
1429,300978,东箭科技,8.75,2.7,0.23,23169.0,20079265.83,4.34,8.77,8.4,8.52,8.52,0.79,0.81,28.93,2.4,3698648966.0,2512030666.0,-0.11,-0.11,-10.07,-28.22
1430,300732,设研院,6.1,2.69,0.16,68336.0,41297241.42,3.7,6.12,5.9,5.93,5.94,1.1,1.85,-25.84,0.82,2260416439.0,2258516228.0,0.0,0.16,-15.04,-18.67
1431,600249,两面针,5.35,2.69,0.14,63088.0,33452383.0,3.45,5.36,5.18,5.18,5.21,0.92,1.15,-19.22,1.39,2942500000.0,2942500000.0,0.19,0.0,-1.83,-6.96
1432,002403,爱仕达,9.53,2.69,0.25,47140.0,44604837.45,5.17,9.6,9.12,9.12,9.28,1.3,1.59,-77.41,2.35,3246285658.0,2831948657.0,-0.1,-0.1,-9.84,-24.72
1433,002426,胜利精密,2.67,2.69,0.07,758120.0,199589814.23,5.77,2.7,2.55,2.57,2.6,1.03,2.37,-23.08,5.96,9085011196.0,8528772349.0,0.0,0.0,-27.05,-30.29
1434,300051,琏升科技,8.41,2.69,0.22,192119.0,160382607.0,6.23,8.56,8.05,8.13,8.19,1.0,5.23,-37.62,32.74,3128668773.0,3089965112.0,-0.24,-0.12,-26.29,30.39
1435,000503,国新健康,6.88,2.69,0.18,113291.0,77265277.95,3.88,6.92,6.66,6.67,6.7,0.48,1.16,-34.63,7.02,6737257007.0,6736849216.0,0.0,-0.15,-4.84,-22.52
1436,000785,居然智家,2.29,2.69,0.06,711680.0,162255990.0,3.59,2.31,2.23,2.23,2.23,1.47,1.15,36.41,0.74,14259941784.0,14144704452.0,0.0,0.0,-7.66,-21.58
1437,688576,西山科技,41.7,2.68,1.09,3934.0,16248821.0,3.79,41.87,40.33,40.73,40.61,1.0,1.22,96.73,1.65,2820720981.0,1347682951.0,-0.24,-0.22,-13.02,-0.74
1438,002178,延华智能,4.6,2.68,0.12,147573.0,67301923.0,4.24,4.62,4.43,4.48,4.48,1.17,2.07,-144.04,7.68,3275903805.0,3274422292.0,-0.22,-0.22,-21.1,-28.01
1439,002207,*ST准油,5.75,2.68,0.15,53510.0,30231967.0,4.29,5.76,5.52,5.55,5.6,0.76,2.05,-40.31,175.29,1506818424.0,1499668713.0,0.52,0.7,-38.11,-22.3
1440,300241,瑞丰光电,5.74,2.68,0.15,200268.0,113035762.49,5.19,5.77,5.48,5.55,5.59,0.78,3.34,38.28,1.76,4113572418.0,3446643224.0,0.0,0.17,-22.43,3.24
1441,920895,花溪科技,12.63,2.68,0.33,5634.0,7114455.48,5.12,12.9,12.27,12.64,12.3,0.6,1.96,1177.64,3.68,713898120.0,362947047.0,-0.08,0.64,-11.43,-38.27
1442,688051,佳华科技,24.89,2.68,0.65,8156.0,19982469.0,5.53,24.96,23.62,23.98,24.24,0.65,1.05,-23.71,3.33,1924843260.0,1924843260.0,0.0,-0.08,-22.46,-37.16
1443,002516,旷达科技,5.37,2.68,0.14,141666.0,75452096.44,3.63,5.39,5.2,5.23,5.23,1.29,0.97,36.1,2.13,7898403722.0,7842877922.0,0.19,0.19,-11.97,-17.51
1444,002021,中捷资源,2.68,2.68,0.07,271202.0,72087313.4,4.6,2.7,2.58,2.61,2.61,1.13,2.27,-135.84,5.23,3203879226.0,3203773548.0,-0.37,-0.37,-3.25,8.5
1445,300660,江苏雷利,24.13,2.68,0.63,53958.0,128988806.22,4.17,24.27,23.29,23.43,23.5,0.52,0.93,53.36,4.02,14026226365.0,14017789986.0,-0.04,0.0,-26.16,-42.57
1446,300305,裕兴股份,6.14,2.68,0.16,69430.0,42211908.0,4.68,6.17,5.89,5.93,5.98,0.63,2.16,-11.85,1.19,2304958284.0,1973862008.0,0.16,0.0,-11.27,3.19
1447,000679,大连友谊,6.16,2.67,0.16,57786.0,35259824.0,3.33,6.18,5.98,5.99,6.0,0.91,1.62,-43.71,15.18,2195424000.0,2195424000.0,0.16,0.16,-7.51,-13.48
1448,002912,中新赛克,19.24,2.67,0.5,23442.0,44808019.0,4.27,19.35,18.55,18.8,18.74,0.77,1.45,-10.01,2.1,3285268480.0,3121146201.0,0.0,0.0,-11.9,-35.31
1449,603284,林平发展,43.52,2.67,1.13,18644.0,80343135.0,4.41,43.68,41.81,42.01,42.39,0.71,9.89,14.1,1.47,3282052096.0,820513024.0,0.0,-0.07,4.67,16.8
1450,300869,康泰医学,11.53,2.67,0.3,23704.0,27035382.43,3.47,11.54,11.15,11.2,11.23,0.51,0.9,-140.53,2.73,4632800708.0,3040863581.0,0.0,0.0,-1.45,-23.13
1451,600149,廊坊发展,5.0,2.67,0.13,95440.0,47236669.0,4.11,5.02,4.82,4.86,4.87,0.82,2.51,304.79,7.58,1900800000.0,1900800000.0,0.2,0.2,-14.53,0.2
1452,000997,新 大 陆,18.81,2.67,0.49,234305.0,440691106.52,3.82,18.98,18.28,18.28,18.32,1.29,2.33,16.95,2.61,19056371781.0,18949934757.0,0.0,0.05,-8.15,-32.99
1453,300717,华信新材,18.43,2.67,0.48,23587.0,42825277.0,4.46,18.49,17.69,17.8,17.95,1.18,2.32,40.39,2.55,1894143250.0,1877158162.0,0.11,0.05,-3.46,-2.18
1454,002923,润都股份,11.17,2.67,0.29,99328.0,109593765.2,5.61,11.26,10.65,10.93,10.88,1.08,3.85,45.9,3.47,3740758005.0,2882575807.0,-0.27,-0.45,1.27,-8.07
1455,688580,伟思医疗,46.9,2.67,1.22,12186.0,56529805.0,4.68,47.17,45.03,45.52,45.68,0.71,1.27,18.24,2.72,4491673407.0,4491673407.0,-0.17,-0.23,-7.62,-0.89
1456,600529,山东药玻,19.22,2.67,0.5,108150.0,207174222.0,2.99,19.35,18.79,18.91,18.72,1.07,1.63,17.2,1.49,12754663252.0,12754663252.0,-0.05,-0.05,0.31,-2.68
1457,600825,新华传媒,5.01,2.66,0.13,89852.0,44788347.0,3.89,5.02,4.83,4.83,4.88,1.36,0.86,992.78,2.11,5234888129.0,5234888129.0,0.0,-0.2,-5.65,-18.8
1458,688030,山石网科,16.59,2.66,0.43,22989.0,37824387.0,4.33,16.7,16.0,16.18,16.16,0.81,1.28,-21.68,4.39,2990113050.0,2990113050.0,0.06,-0.12,-1.31,-8.7
1459,301037,保立佳,13.5,2.66,0.35,20350.0,27311331.08,4.87,13.64,13.0,13.05,13.15,0.99,2.99,-32.11,3.46,1876927761.0,917818736.0,-0.81,-0.74,-14.29,-6.25
1460,688509,正元地信,4.24,2.66,0.11,43593.0,18284010.0,3.87,4.25,4.09,4.13,4.13,0.85,1.13,-25.1,2.96,3264800000.0,1631518928.0,0.47,0.24,-12.22,-22.77
1461,688367,工大高科,29.71,2.66,0.77,11881.0,35142596.0,6.5,30.38,28.5,28.5,28.94,1.05,1.36,2150.21,4.45,2603326866.0,2603326866.0,-0.13,-0.47,-15.26,-3.7
1462,603085,天成自控,10.04,2.66,0.26,62386.0,61410531.0,5.42,10.11,9.58,9.73,9.78,1.29,1.57,39.4,4.0,3986884000.0,3986884000.0,0.1,0.2,-24.96,-15.27
1463,000756,新华制药,13.52,2.66,0.35,107742.0,144219649.8,4.4,13.57,12.99,13.05,13.17,0.56,2.16,28.07,1.79,9419160041.0,6745118685.0,0.0,0.15,0.75,-11.4
1464,301361,众智科技,27.06,2.66,0.7,10223.0,27379264.0,4.51,27.15,25.96,26.52,26.36,0.92,1.81,38.01,2.51,3148052160.0,1524452160.0,-0.15,-0.15,-32.13,-16.69
1465,600748,上实发展,3.86,2.66,0.1,148328.0,56971687.0,3.72,3.89,3.75,3.77,3.76,1.1,0.8,-13.82,0.7,7120012763.0,7120012763.0,0.0,0.0,-15.35,-28.78
1466,000906,浙商中拓,5.42,2.65,0.14,90127.0,48355602.6,3.22,5.43,5.26,5.27,5.28,1.99,1.29,5.14,0.79,3846374430.0,3800719521.0,0.0,0.0,-13.69,-6.39
1467,603373,安邦护卫,39.96,2.65,1.03,18937.0,74181086.0,5.83,40.31,38.04,38.55,38.93,0.96,2.98,64.53,3.28,6015483895.0,2541541954.0,0.0,-0.05,27.5,48.77
1468,002095,生 意 宝,14.32,2.65,0.37,24944.0,35389471.3,3.15,14.32,13.88,13.95,13.95,1.36,0.99,789.99,4.19,3618950400.0,3604464503.0,0.21,0.35,-1.38,-20.4
1469,600854,春兰股份,4.65,2.65,0.12,72118.0,33194757.0,3.53,4.66,4.5,4.55,4.53,1.27,1.39,411.49,1.0,2415482202.0,2415482202.0,0.22,0.43,-6.63,-4.52
1470,603520,司太立,8.92,2.65,0.23,70495.0,62154870.0,4.6,8.95,8.55,8.69,8.69,0.8,1.61,46.66,1.59,3910616139.0,3910616139.0,0.0,0.0,-10.8,-2.51
1471,300622,博士眼镜,14.73,2.65,0.38,64619.0,94465926.33,4.18,14.8,14.2,14.28,14.35,0.91,2.96,29.44,5.31,4698808488.0,3212342616.0,-0.07,0.0,-16.26,-33.02
1472,600561,江西长运,5.81,2.65,0.15,37113.0,21339943.0,4.24,5.82,5.58,5.65,5.66,0.95,1.3,-14.75,1.81,1652810208.0,1652810208.0,0.17,0.0,-7.78,-10.34
1473,600493,凤竹纺织,6.19,2.65,0.16,59113.0,36076236.0,4.31,6.2,5.94,6.02,6.03,1.16,2.17,-62.32,1.52,1683680000.0,1683680000.0,0.16,0.0,-7.47,-15.9
1474,300614,百川畅银,10.86,2.65,0.28,23926.0,25683389.0,4.91,10.92,10.4,10.43,10.58,1.01,1.49,-21.46,2.41,1742386306.0,1742386306.0,-0.18,-0.09,-11.71,-14.35
1475,001206,依依股份,16.67,2.65,0.43,41343.0,68514085.0,4.13,16.73,16.06,16.12,16.24,0.95,3.87,27.83,1.7,3082179779.0,1781430515.0,0.06,0.0,-3.14,-42.89
1476,603636,南威软件,6.96,2.65,0.18,71303.0,49131526.0,4.87,7.01,6.68,6.77,6.78,0.75,1.23,-20.27,2.18,4039309240.0,4039309240.0,0.14,0.14,-27.42,-41.22
1477,002211,ST宏达,3.87,2.65,0.1,69105.0,26563843.0,3.71,3.91,3.77,3.81,3.77,1.52,1.6,409.85,34.58,1673681265.0,1673681265.0,0.26,0.0,3.75,21.32
1478,002613,北玻股份,3.48,2.65,0.09,241588.0,83185477.32,3.54,3.49,3.37,3.4,3.39,1.23,3.12,555.47,1.74,3829979048.0,2692378268.0,0.29,0.0,-28.54,-6.45
1479,002159,三特索道,13.58,2.65,0.35,31651.0,42615654.5,2.72,13.59,13.23,13.23,13.23,1.36,2.29,29.11,1.68,2407751994.0,1880457406.0,0.3,0.3,-9.16,-9.77
1480,300153,科泰电源,21.34,2.65,0.55,79153.0,166429258.07,5.77,21.54,20.34,20.57,20.79,0.59,2.49,61.43,7.21,6828800000.0,6793164718.0,0.19,0.05,-19.17,-26.41
1481,002777,久远银海,12.77,2.65,0.33,65029.0,82386219.3,3.38,12.78,12.36,12.38,12.44,1.07,1.61,97.17,3.11,5213110355.0,5165611740.0,0.0,0.08,-11.44,-28.42
1482,301626,苏州天脉,258.67,2.65,6.69,22019.0,561724310.18,9.77,266.87,242.24,247.45,251.98,0.88,4.18,600.42,18.79,29922945600.0,13610956213.0,0.02,0.24,-19.62,39.0
1483,301267,华厦眼科,16.24,2.65,0.42,40486.0,64997539.76,3.16,16.24,15.74,15.88,15.82,0.77,0.62,19.87,2.57,13641600000.0,10530736780.0,0.0,0.12,-6.72,-8.82
1484,603863,松炀资源,12.78,2.65,0.33,67583.0,85981471.0,6.18,13.03,12.26,12.43,12.45,1.6,3.3,-128.45,10.8,2615427000.0,2615427000.0,-0.16,-0.31,-20.17,-35.94
1485,688132,邦彦技术,13.55,2.65,0.35,9740.0,13031770.0,4.09,13.61,13.07,13.2,13.2,0.99,0.64,-11.89,1.75,2062651514.0,2062651514.0,-0.37,0.07,-12.52,-26.44
1486,300405,科隆股份,5.8,2.65,0.15,78284.0,44968896.7,4.78,5.84,5.57,5.57,5.65,1.13,3.58,337.22,4.24,1649361492.0,1269175482.0,-0.17,-0.17,-12.12,-9.09
1487,002146,荣盛发展,1.16,2.65,0.03,1005055.0,116109253.72,4.42,1.17,1.12,1.13,1.13,0.87,2.57,-2.46,0.99,5043870067.0,4536390367.0,0.0,-0.85,-11.45,-29.27
1488,300909,汇创达,54.9,2.64,1.41,55893.0,300752458.36,7.98,55.47,51.2,51.8,53.49,0.98,4.33,177.29,4.72,9496216547.0,7089746033.0,0.11,0.15,16.44,14.14
1489,603229,奥翔药业,8.15,2.64,0.21,84021.0,67304135.0,5.04,8.18,7.78,7.9,7.94,0.77,1.01,17.5,2.92,6766921732.0,6766921732.0,-0.12,-0.12,-15.37,-17.34
1490,000886,海南高速,4.67,2.64,0.12,158798.0,73553109.5,3.96,4.69,4.51,4.53,4.55,1.31,1.62,-49.14,1.45,4617828161.0,4566455116.0,-0.21,0.0,-3.71,-31.92
1491,600789,鲁抗医药,7.38,2.64,0.19,248364.0,181467596.0,4.31,7.41,7.1,7.16,7.19,0.75,2.46,36.21,1.51,7713500562.0,7456000694.0,-0.27,-0.14,-6.23,-17.91
1492,301221,光庭信息,27.95,2.64,0.72,21235.0,58131746.0,5.55,28.05,26.54,26.8,27.23,1.05,2.38,-62.38,1.8,3672637826.0,2497075248.0,-0.32,0.07,-14.99,-30.06
1493,600703,三安光电,13.22,2.64,0.34,1139137.0,1480642909.0,5.82,13.32,12.57,12.65,12.88,0.66,2.28,244.31,1.89,65954827571.0,65954827571.0,0.08,0.23,-12.8,-6.44
1494,301370,国科恒泰,8.94,2.64,0.23,30745.0,27255557.62,3.79,8.98,8.65,8.71,8.71,0.76,0.65,845.47,1.72,4207164000.0,4207164000.0,-0.33,-0.22,-5.4,-22.66
1495,301001,凯淳股份,24.14,2.64,0.62,8082.0,19207191.0,4.51,24.17,23.11,23.48,23.52,0.78,1.61,1090.96,2.51,1931200000.0,1214242000.0,-0.12,0.12,-13.54,-18.28
1496,301499,维科精密,24.89,2.64,0.64,14456.0,35463111.54,5.07,25.0,23.77,24.06,24.25,1.02,1.05,66.04,2.65,3441163615.0,3441163615.0,-0.24,-0.04,-25.66,-15.22
1497,000529,广弘控股,5.06,2.64,0.13,42434.0,21283551.8,3.45,5.06,4.89,4.92,4.93,0.84,0.74,-336.16,0.94,2953979070.0,2883614948.0,0.2,0.4,-1.56,-14.09
1498,600787,中储股份,4.66,2.64,0.12,222552.0,103161329.0,3.08,4.69,4.55,4.55,4.54,1.58,1.03,34.52,0.74,10112570852.0,10112570852.0,0.0,0.0,-2.51,-15.43
1499,920021,流金科技,6.62,2.64,0.17,72184.0,47479933.55,2.95,6.64,6.45,6.48,6.45,0.9,2.92,156.23,3.17,2045579887.0,1638811935.0,0.0,0.0,-29.27,-1.34
1500,300478,杭州高新,29.29,2.63,0.75,25169.0,72500683.0,6.13,29.58,27.83,27.97,28.54,0.85,1.99,-144.51,68.51,3710252170.0,3710252170.0,-0.2,-0.2,-34.64,-9.32
1501,300412,迦南科技,4.68,2.63,0.12,126212.0,58092993.8,4.82,4.7,4.48,4.53,4.56,0.94,2.7,-558.18,2.28,2329501061.0,2189592503.0,0.0,0.21,-0.64,-11.53
1502,603676,卫信康,9.38,2.63,0.24,20921.0,19405054.0,4.16,9.39,9.01,9.11,9.14,0.64,0.48,14.93,2.78,4081814870.0,4081814870.0,0.21,0.21,0.11,-9.28
1503,002527,新时达,11.31,2.63,0.29,74543.0,83822867.0,4.26,11.41,10.94,11.01,11.02,1.09,1.41,-249.55,6.03,7499223201.0,5981730439.0,-0.18,-0.26,-26.84,-36.25
1504,002196,方正电机,10.53,2.63,0.27,169334.0,176035537.0,4.39,10.57,10.12,10.2,10.26,0.79,3.45,107.1,3.63,5221531423.0,5161587187.0,0.0,0.19,-22.29,-33.65
1505,000713,国投丰乐,6.24,2.63,0.16,283727.0,177699031.33,8.06,6.44,5.95,6.0,6.08,0.9,4.62,-79.82,1.61,4980889518.0,3831453475.0,0.16,-0.16,4.17,-5.31
1506,688379,华光新材,55.5,2.63,1.42,38002.0,205333784.0,8.45,56.18,51.61,53.48,54.08,0.94,4.22,35.56,3.88,5271310136.0,4999746360.0,0.2,-0.34,-16.19,1.65
1507,603586,金麒麟,13.65,2.63,0.35,16078.0,21746642.0,3.08,13.69,13.28,13.3,13.3,0.63,0.82,77.37,1.19,2676120447.0,2676120447.0,0.07,0.07,-21.46,-26.73
1508,600056,中国医药,9.41,2.62,0.24,194706.0,181722067.0,3.38,9.44,9.13,9.16,9.17,1.03,1.3,19.31,1.18,14076228429.0,14071257408.0,0.0,-0.11,-4.66,-8.2
1509,002344,海宁皮城,3.91,2.62,0.1,91550.0,35532953.6,2.89,3.91,3.8,3.8,3.81,1.08,0.71,33.66,0.6,5015032314.0,5009766060.0,0.26,0.26,-2.74,-16.81
1510,300678,中科信息,21.93,2.62,0.56,36753.0,79817888.84,3.42,21.97,21.24,21.42,21.37,0.88,1.26,350.06,7.71,6499751405.0,6385953938.0,-0.05,0.0,-11.82,-28.57
1511,605056,咸亨国际,14.1,2.62,0.36,57070.0,79754042.0,4.15,14.17,13.6,13.76,13.74,1.16,1.41,45.56,3.29,5772444120.0,5687844120.0,0.0,-0.07,-32.5,-12.48
1512,001236,弘业期货,7.83,2.62,0.2,146381.0,114250987.39,3.28,7.89,7.64,7.64,7.63,1.66,1.93,157.7,4.22,7890900002.0,5935749002.0,0.0,0.0,-7.12,-26.13
1513,603811,诚意药业,7.43,2.62,0.19,54617.0,40127902.0,4.14,7.46,7.16,7.21,7.24,0.61,1.19,19.22,2.52,3404619537.0,3404619537.0,-0.13,0.0,-4.99,1.92
1514,301137,哈焊华通,30.16,2.62,0.77,38993.0,115491964.35,5.0,30.27,28.8,29.08,29.39,1.04,2.14,201.87,3.99,5483492144.0,5483492144.0,-0.03,-0.17,-26.33,-35.73
1515,300459,汤姆猫,3.53,2.62,0.09,755668.0,263238451.88,3.49,3.54,3.42,3.43,3.44,0.97,2.3,100.91,16.86,12410812615.0,11603786214.0,0.0,0.28,-12.62,-23.09
1516,688273,麦澜德,29.82,2.62,0.76,12597.0,37009525.0,7.26,30.11,28.0,28.0,29.06,1.09,1.26,32.52,2.26,2982000000.0,2982000000.0,-0.3,-0.2,-29.02,-29.05
1517,002779,中坚科技,75.3,2.62,1.92,24158.0,178967665.7,5.79,75.9,71.65,73.23,73.38,0.75,1.46,121.43,15.31,13915440000.0,12485367626.0,0.29,0.49,8.74,-33.59
1518,600724,宁波富达,5.11,2.61,0.13,71309.0,36160634.0,3.61,5.13,4.95,4.98,4.98,1.16,0.49,30.75,2.68,7385181873.0,7383657013.0,0.0,0.0,-25.18,-9.4
1519,300601,康泰生物,12.95,2.61,0.33,374612.0,477604485.83,5.78,13.1,12.37,12.56,12.62,0.72,4.16,143.53,1.58,14464246958.0,11660143636.0,0.08,0.15,2.29,-12.14
1520,920978,开特股份,20.07,2.61,0.51,7724.0,15421797.92,2.97,20.1,19.52,19.52,19.56,0.66,0.77,27.6,4.64,3613171353.0,2025764406.0,0.05,0.15,-11.97,-45.28
1521,301335,天元宠物,25.12,2.61,0.64,30312.0,75707159.49,5.07,25.48,24.24,24.3,24.48,0.71,3.43,60.37,1.66,3210283248.0,2220405709.0,0.04,0.12,7.58,-12.6
1522,688119,中钢洛耐,3.93,2.61,0.1,112299.0,44055237.0,4.18,3.98,3.82,3.85,3.83,1.2,1.0,387.9,1.57,4421250000.0,4421250000.0,-0.51,-0.25,-13.05,-29.7
1523,603402,陕西旅游,63.78,2.61,1.62,25008.0,160688196.0,5.28,65.45,62.17,62.22,62.16,1.59,9.95,25.72,2.24,6412016043.0,1603004043.0,0.0,-0.02,-10.17,5.7
1524,600986,浙文互联,7.07,2.61,0.18,386014.0,270205825.0,3.63,7.09,6.84,6.85,6.89,0.77,2.6,-115.78,2.04,10515734618.0,10515734618.0,0.14,0.0,-21.62,-9.59
1525,002218,拓日新能,3.94,2.6,0.1,315561.0,123091263.0,4.43,3.96,3.79,3.8,3.84,1.01,2.27,-34.42,1.41,5548702587.0,5467450725.0,0.0,0.25,-14.35,-9.22
1526,688062,迈威生物-U,29.99,2.6,0.76,98140.0,287808585.0,5.75,30.2,28.52,29.13,29.23,0.89,4.26,-13.84,125.43,13397438698.0,6904897600.0,-0.13,-0.07,3.49,-22.04
1527,603888,新华网,16.2,2.6,0.41,63429.0,102059039.0,3.04,16.25,15.77,15.79,15.79,1.16,0.85,76.35,3.24,12023834157.0,12023834157.0,0.0,0.12,-4.65,-7.59
1528,002685,华东重机,5.52,2.6,0.14,283758.0,155421737.24,4.09,5.55,5.33,5.38,5.38,0.9,2.82,44.81,3.36,5562452338.0,5561893024.0,0.0,0.0,-29.23,-26.3
1529,000599,青岛双星,4.73,2.6,0.12,96134.0,45051288.84,3.9,4.75,4.57,4.6,4.61,0.94,1.18,40.42,1.87,11555925053.0,3863190190.0,0.0,0.0,-8.33,-28.55
1530,003038,鑫铂股份,11.03,2.6,0.28,30488.0,33217361.6,3.81,11.06,10.65,10.65,10.75,0.78,1.88,-84.51,0.95,2683658308.0,1787205768.0,-0.09,0.09,-13.42,-30.19
1531,605003,众望布艺,22.48,2.6,0.57,13641.0,30418357.0,4.2,22.58,21.66,21.66,21.91,0.75,1.24,42.45,1.73,2472800000.0,2472800000.0,-0.27,-0.13,-8.13,-35.86
1532,002847,盐津铺子,45.3,2.6,1.15,34583.0,155585276.17,3.67,45.5,43.88,44.1,44.15,0.71,1.42,14.39,5.83,12239490987.0,11045895919.0,0.0,0.04,-24.55,-32.7
1533,300658,延江股份,10.65,2.6,0.27,71909.0,75786443.0,4.82,10.71,10.21,10.39,10.38,1.15,3.26,28.2,2.66,3543937718.0,2351987109.0,0.28,0.0,-13.27,-27.85
1534,600557,康缘药业,12.22,2.6,0.31,58883.0,71127182.0,3.36,12.25,11.85,11.94,11.91,0.54,1.04,21.82,1.41,6918460609.0,6918460609.0,0.0,0.0,-4.98,-13.39
1535,000068,华控赛格,3.16,2.6,0.08,123011.0,38473807.0,2.6,3.16,3.08,3.1,3.08,0.98,1.22,-43.78,5.43,3181081826.0,3181081826.0,0.32,0.32,0.0,-6.51
1536,600261,阳光照明,3.16,2.6,0.08,192703.0,60430846.0,3.9,3.18,3.06,3.06,3.08,1.04,1.44,42.7,1.24,4218767373.0,4218767373.0,0.0,-0.32,-2.17,-2.47
1537,002393,力生制药,14.18,2.6,0.36,31398.0,44173052.24,3.55,14.24,13.75,13.88,13.82,0.61,1.05,27.91,0.97,4371595718.0,4257083342.0,0.0,0.0,-5.59,-18.27
1538,600684,珠江股份,3.55,2.6,0.09,163376.0,57726994.0,4.34,3.57,3.42,3.44,3.46,0.92,1.91,-151.21,3.12,3926563705.0,3029785567.0,-0.28,0.0,-5.84,-18.58
1539,300609,汇纳科技,25.63,2.6,0.65,29755.0,75217398.0,5.2,25.85,24.55,24.75,24.98,0.94,2.48,-38.06,3.35,3078531739.0,3073785575.0,-0.35,-0.23,-32.96,-33.55
1540,002817,黄山胶囊,6.71,2.6,0.17,59287.0,39409184.06,4.43,6.74,6.45,6.52,6.54,1.18,2.04,33.3,2.06,2006948721.0,1948327644.0,-0.3,-0.15,-6.42,-11.13
1541,301079,邵阳液压,28.07,2.6,0.71,25478.0,70721568.0,5.23,28.33,26.9,27.35,27.36,0.76,3.31,246.86,6.38,3044408593.0,2159520875.0,-0.04,-0.14,-21.81,-11.14
1542,600977,中国电影,12.25,2.6,0.31,317856.0,387029393.0,3.35,12.33,11.93,11.94,11.94,1.56,1.7,-103.9,2.09,22870750000.0,22870750000.0,0.0,0.08,-18.17,-21.92
1543,600138,中青旅,7.13,2.59,0.18,108541.0,76971858.0,2.88,7.14,6.94,6.96,6.95,1.79,1.5,-34.96,0.82,5160979200.0,5160979200.0,0.0,-0.14,-10.09,-27.54
1544,300883,龙利得,6.73,2.59,0.17,179483.0,118307301.6,4.57,6.76,6.46,6.51,6.56,1.26,5.43,-343.9,1.65,2328580000.0,2225439890.0,-0.15,0.15,1.97,-0.3
1545,300694,蠡湖股份,10.68,2.59,0.27,33922.0,35847014.0,4.03,10.72,10.3,10.33,10.41,1.09,1.56,42.27,1.54,2318311616.0,2315508116.0,0.0,0.19,-1.2,-11.0
1546,301075,多瑞医药,55.14,2.59,1.39,10900.0,59310848.11,6.81,55.75,52.09,52.8,53.75,1.09,1.36,-78.95,7.15,4411200000.0,4411200000.0,0.02,-0.02,-27.76,-7.59
1547,300597,吉大通信,7.92,2.59,0.2,37532.0,29444144.96,4.15,7.95,7.63,7.72,7.72,0.92,1.38,-102.67,2.3,2158754638.0,2149268125.0,0.0,-0.25,-9.07,-14.29
1548,688513,苑东生物,44.02,2.59,1.11,27084.0,117043211.0,4.89,44.25,42.15,42.96,42.91,0.81,1.53,29.95,2.65,7770949909.0,7770949909.0,-0.07,-0.2,-9.03,-27.92
1549,300365,恒华科技,4.76,2.59,0.12,106119.0,49846157.98,4.09,4.77,4.58,4.64,4.64,0.91,2.07,-45.85,1.82,2855312032.0,2435809177.0,0.21,0.0,-14.54,-24.68
1550,301278,快可电子,28.1,2.59,0.71,8977.0,24967540.81,3.8,28.24,27.2,27.83,27.39,0.84,1.75,111.69,1.77,2520798818.0,1444395188.0,-0.07,-0.11,-21.29,-15.84
1551,301112,信邦智能,30.92,2.59,0.78,9206.0,28134705.42,4.48,31.09,29.74,29.96,30.14,0.79,0.83,483.97,3.06,3409443272.0,3409443272.0,-0.03,-0.06,-7.7,-21.5
1552,603278,大业股份,9.16,2.58,0.23,91881.0,83240013.0,5.6,9.25,8.75,8.81,8.93,0.84,2.69,-24.46,1.65,3130516031.0,3130516031.0,0.0,-0.11,-25.41,-46.24
1553,002031,巨轮智能,5.16,2.58,0.13,901574.0,460187254.35,4.37,5.18,4.96,4.98,5.03,0.55,4.71,-79.16,5.85,11348881657.0,9874282172.0,-0.39,-0.19,-17.7,-34.35
1554,300298,三诺生物,16.32,2.58,0.41,45456.0,73321660.6,3.33,16.33,15.8,15.9,15.91,0.79,1.01,20.53,3.07,9087724974.0,7311377283.0,0.06,0.06,3.82,-4.62
1555,002122,ST汇洲,2.78,2.58,0.07,151424.0,41538758.27,4.06,2.78,2.67,2.71,2.71,0.76,0.76,101.96,2.55,5564171599.0,5525861497.0,0.36,0.36,-1.07,-7.33
1556,603135,中重科技,9.16,2.58,0.23,61907.0,56032752.0,4.26,9.2,8.82,8.82,8.93,1.06,0.98,78.5,1.97,5809794853.0,5766568813.0,-0.22,-0.22,-10.81,-0.54
1557,600716,凤凰股份,3.58,2.58,0.09,42236.0,15023317.0,4.3,3.61,3.46,3.48,3.49,0.92,0.45,-5.63,0.82,3351096912.0,3351096912.0,-0.28,0.28,-5.04,-7.49
1558,688246,嘉和美康,17.5,2.58,0.44,15045.0,25960289.0,4.16,17.54,16.83,17.13,17.06,0.57,1.09,-42.05,1.87,2407747965.0,2407747965.0,0.0,0.11,-21.17,-24.73
1559,603326,我乐家居,7.17,2.58,0.18,34270.0,24339500.0,3.72,7.19,6.93,6.95,6.99,0.54,1.07,63.51,2.06,2288498588.0,2288498588.0,0.0,0.14,-8.08,-17.11
1560,300557,理工光科,25.87,2.58,0.65,31458.0,80496878.89,6.34,26.31,24.71,25.34,25.22,1.05,2.01,85.32,4.01,4064907595.0,4039662355.0,-0.04,-0.08,-1.15,-4.15
1561,300539,横河精密,18.26,2.58,0.46,44223.0,79385677.0,5.45,18.38,17.41,17.64,17.8,0.78,2.03,122.45,4.29,4895518088.0,3978639208.0,-0.05,-0.11,-24.36,-56.35
1562,300913,兆龙互连,35.8,2.58,0.9,70245.0,248572895.45,5.9,36.2,34.14,34.41,34.9,0.87,2.46,63.19,4.73,12271564096.0,10233584656.0,0.03,0.06,-39.92,-31.77
1563,301042,安联锐视,33.11,2.57,0.83,38086.0,123201185.95,6.01,33.25,31.31,31.97,32.28,0.87,4.13,71.24,3.06,3204291569.0,3054431405.0,0.03,-0.06,-54.91,-47.54
1564,688533,上声电子,21.17,2.57,0.53,7464.0,15600029.0,3.68,21.17,20.41,20.66,20.64,0.87,0.45,35.9,2.03,3492777098.0,3492777098.0,0.52,0.52,-16.16,-26.72
1565,002286,保龄宝,7.97,2.57,0.2,63952.0,50697983.41,3.35,8.0,7.74,7.76,7.77,0.54,1.73,13.99,1.34,3028419719.0,2946425857.0,0.13,0.0,-12.22,-9.64
1566,301009,可靠股份,9.17,2.57,0.23,31859.0,29016706.0,3.91,9.21,8.86,8.95,8.94,1.16,2.11,331.55,1.9,2492956200.0,1384991207.0,-0.22,-0.43,-5.37,-26.99
1567,605116,奥锐特,19.98,2.57,0.5,36661.0,72432908.0,4.31,20.03,19.19,19.48,19.48,0.58,0.9,31.74,3.17,8115541015.0,8115541015.0,-0.05,-0.05,1.83,-19.14
1568,300447,全信股份,13.56,2.57,0.34,38196.0,51362893.7,4.61,13.64,13.03,13.1,13.22,1.0,1.9,90.78,2.13,4234928685.0,2731700171.0,-0.07,0.0,-14.93,-24.75
1569,002671,龙泉股份,4.0,2.56,0.1,99318.0,39394022.0,3.33,4.01,3.88,3.9,3.9,1.22,1.8,-76.37,1.37,2246363384.0,2205584292.0,0.0,0.25,-11.31,-23.66
1570,002060,广东建工,3.2,2.56,0.08,248695.0,79064357.01,3.85,3.22,3.1,3.11,3.12,1.53,1.59,33.13,0.85,12014058374.0,5001035712.0,0.0,0.0,-12.09,-7.51
1571,002732,燕塘乳业,14.02,2.56,0.35,11089.0,15423377.0,3.37,14.04,13.58,13.58,13.67,0.77,0.71,11141.61,1.47,2206047000.0,2195057717.0,0.0,-0.07,-5.97,-17.33
1572,301601,惠通科技,16.44,2.56,0.41,28458.0,46359095.0,4.3,16.5,15.81,15.84,16.03,1.47,3.37,-328.23,1.76,2309491200.0,1388851200.0,-0.24,-0.24,-14.77,-40.61
1573,688678,福立旺,20.04,2.56,0.5,175188.0,345489063.0,7.63,20.4,18.91,19.3,19.54,1.02,4.35,44.36,3.5,8078254280.0,8078254280.0,-0.2,0.0,-7.78,16.51
1574,000818,航锦科技,12.0,2.56,0.3,157351.0,186988259.39,4.53,12.08,11.55,11.56,11.7,0.83,2.39,79.42,3.62,7920000468.0,7898537268.0,-0.08,0.08,-17.01,-37.82
1575,301551,无线传媒,20.05,2.56,0.5,45182.0,89427331.23,3.63,20.11,19.4,19.45,19.55,0.85,2.92,28.94,3.53,8020200500.0,3098802086.0,-0.2,-0.15,-18.63,-35.18
1576,301378,通达海,24.85,2.56,0.62,21155.0,51963052.38,4.54,24.97,23.87,24.13,24.23,1.08,4.6,-18.7,2.06,2400510000.0,1143585345.0,0.08,0.08,-17.22,-12.5
1577,301110,青木科技,34.51,2.56,0.86,15644.0,53408500.06,4.9,34.65,33.0,33.36,33.65,0.62,1.72,26.54,2.97,4470752072.0,3144500160.0,0.29,0.12,-24.75,-26.56
1578,600128,苏豪弘业,8.41,2.56,0.21,36505.0,30370797.0,3.54,8.42,8.13,8.18,8.2,1.03,1.48,40.32,1.0,2116786067.0,2075314675.0,0.0,0.12,-9.28,-22.49
1579,600279,重庆港,4.42,2.55,0.11,113263.0,49863931.0,3.25,4.45,4.31,4.32,4.31,1.6,0.95,106.34,0.78,5245948971.0,5245948971.0,-0.23,0.0,-11.6,-18.75
1580,002088,鲁阳节能,8.43,2.55,0.21,35308.0,29533702.43,4.99,8.52,8.11,8.12,8.22,0.78,0.7,368.27,1.81,4294580768.0,4265281856.0,-0.12,0.0,-3.21,-17.11
1581,002035,华帝股份,4.83,2.55,0.12,169216.0,81359483.0,3.4,4.85,4.69,4.69,4.71,0.91,2.16,10.12,1.09,4094166975.0,3777241932.0,-0.41,-0.21,-6.03,-19.5
1582,301296,新巨丰,6.44,2.55,0.16,27644.0,17655242.0,3.18,6.45,6.25,6.26,6.28,1.04,0.65,114.22,1.03,2753367350.0,2753304560.0,0.0,0.0,-7.87,-24.41
1583,600216,浙江医药,12.87,2.55,0.32,311958.0,398819690.0,5.58,13.02,12.32,12.49,12.55,0.46,3.28,10.78,1.13,12376277843.0,12244382543.0,-0.08,-0.08,2.06,-5.23
1584,600560,金自天正,11.28,2.55,0.28,24760.0,27747745.0,3.64,11.31,10.91,11.0,11.0,1.37,1.11,99.43,2.6,2522721240.0,2522721240.0,-0.09,-0.09,-14.09,-30.67
1585,300928,华安鑫创,25.73,2.55,0.64,13548.0,34416067.6,4.07,25.81,24.79,24.96,25.09,1.23,2.53,-28.81,2.03,2058400000.0,1378824463.0,0.12,0.0,-22.66,-17.4
1586,000860,顺鑫农业,10.44,2.55,0.26,88352.0,92210762.5,3.14,10.53,10.21,10.26,10.18,0.95,1.19,95.96,1.14,7744047365.0,7744047365.0,-0.1,0.0,-9.3,-28.74
1587,002664,信质集团,15.3,2.55,0.38,40736.0,61621954.79,3.89,15.34,14.76,14.85,14.92,0.72,1.01,61.91,1.75,6245460000.0,6165094271.0,0.13,0.0,-16.89,-35.98
1588,002489,浙江永强,2.83,2.54,0.07,242827.0,68128317.0,3.26,2.83,2.74,2.75,2.76,1.02,1.27,-763.18,1.44,6138316166.0,5413911557.0,0.35,0.35,-27.25,-24.93
1589,000635,英 力 特,6.46,2.54,0.16,43504.0,27786841.0,4.13,6.48,6.22,6.3,6.3,1.04,1.19,-5.16,2.59,2546103205.0,2369656011.0,-0.15,0.16,-11.87,-27.33
1590,600302,ST标准,6.47,2.54,0.16,26461.0,16980632.0,4.91,6.54,6.23,6.34,6.31,0.7,0.76,-27.14,4.62,2238683432.0,2238683432.0,0.31,0.0,-42.74,-38.32
1591,300077,国民技术,20.22,2.54,0.5,468413.0,918393522.4,7.3,20.44,19.0,19.42,19.72,1.18,8.4,1552.88,7.8,13711721874.0,11272813277.0,0.05,-0.25,-10.73,0.0
1592,603328,依顿电子,10.91,2.54,0.27,187844.0,201992276.0,6.11,10.98,10.33,10.53,10.64,0.76,1.88,72.29,2.62,10893008886.0,10893008886.0,-0.18,-0.27,-10.65,1.11
1593,300550,和仁科技,11.69,2.54,0.29,30067.0,34566126.48,4.82,11.72,11.17,11.45,11.4,0.86,1.15,-48.57,2.76,3069328048.0,3066478260.0,-0.09,0.17,-22.53,-19.27
1594,000972,中基健康,3.64,2.54,0.09,138203.0,50175575.64,4.51,3.67,3.51,3.52,3.55,0.44,1.79,-35.76,432.4,2807472228.0,2807472228.0,-0.27,0.0,-2.41,-7.14
1595,000812,陕西金叶,3.63,2.54,0.09,125626.0,45244100.52,3.39,3.64,3.52,3.54,3.54,1.13,1.66,72.02,1.84,2745482209.0,2744750742.0,0.28,0.28,-5.22,-24.06
1596,002066,瑞泰科技,22.22,2.54,0.55,43419.0,96593967.0,4.61,22.5,21.5,21.5,21.67,1.18,1.88,-408.28,8.39,5219633540.0,5132820000.0,-0.04,-0.22,-4.88,18.95
1597,300491,通合科技,31.48,2.54,0.78,116365.0,357189597.0,8.79,31.72,29.02,29.76,30.7,1.13,7.38,-4522.59,4.63,5592949259.0,4961253257.0,0.03,0.03,-5.18,25.67
1598,688517,金冠电气,16.12,2.54,0.4,24565.0,39429097.0,3.94,16.22,15.6,15.77,15.72,0.86,1.8,38.54,2.96,2202204526.0,2202204526.0,-0.12,0.0,-25.78,6.68
1599,300493,润欣科技,12.12,2.54,0.3,91479.0,109585681.89,4.57,12.19,11.65,11.76,11.82,0.93,1.81,92.16,5.41,6211755090.0,6140128920.0,0.0,-0.08,-20.94,-39.61
1600,000421,南京公用,5.66,2.54,0.14,181239.0,101924206.21,4.17,5.71,5.48,5.5,5.52,0.81,3.16,19.72,1.17,3251193054.0,3250017405.0,0.18,0.0,-5.19,-17.37
1601,603708,家家悦,9.28,2.54,0.23,94155.0,86934361.0,3.31,9.33,9.03,9.05,9.05,0.55,1.47,15.91,2.43,5923782904.0,5923782904.0,0.0,0.11,-7.01,-20.55
1602,600822,上海物贸,8.51,2.53,0.21,31721.0,26886541.0,3.37,8.54,8.26,8.26,8.3,1.31,0.8,179.5,3.4,4220729498.0,3371218697.0,0.0,0.0,-6.07,-20.54
1603,002097,山河智能,7.3,2.53,0.18,202361.0,146698455.53,3.09,7.31,7.09,7.15,7.12,1.33,1.89,107.99,1.68,7844706027.0,7830193854.0,-0.14,0.0,-15.61,-41.08
1604,002681,奋达科技,4.45,2.53,0.11,291731.0,128479706.68,4.15,4.47,4.29,4.3,4.34,0.97,1.86,-125.76,3.75,7986202432.0,6983228440.0,0.0,0.0,-19.24,-33.08
1605,002247,聚力文化,2.43,2.53,0.06,256962.0,61669094.0,5.06,2.44,2.32,2.35,2.37,1.15,3.99,67.16,3.01,2067614219.0,1563603297.0,0.0,0.0,-8.65,-13.52
1606,002402,和而泰,18.65,2.53,0.46,242196.0,446163773.0,4.56,18.77,17.94,18.12,18.19,0.76,2.96,35.92,2.38,17221213895.0,15264625722.0,-0.05,0.05,-29.46,-52.08
1607,300998,宁波方正,26.3,2.53,0.65,35141.0,91421935.0,4.83,26.47,25.23,25.65,25.65,0.96,3.26,364.44,2.86,3607550749.0,2831999254.0,0.0,-0.15,-3.56,21.14
1608,300979,华利集团,33.98,2.53,0.84,39586.0,134971970.92,5.73,34.93,33.03,33.2,33.14,1.1,0.34,20.82,2.57,39654660000.0,39654660000.0,-0.06,-0.26,-2.41,-30.81
1609,301578,辰奕智能,23.11,2.53,0.57,8082.0,18515227.83,4.44,23.19,22.19,22.19,22.54,0.82,2.68,-139.54,2.69,2448065595.0,696093306.0,-0.04,-0.09,-6.78,-10.39
1610,688335,复洁科技,19.96,2.52,0.49,18480.0,36614838.0,5.24,20.2,19.18,19.53,19.47,0.87,1.25,-47.46,2.68,2954770456.0,2954770456.0,-0.8,-0.8,-31.24,-25.41
1611,000801,四川九洲,11.39,2.52,0.28,105821.0,119566015.67,3.78,11.43,11.01,11.09,11.11,1.14,1.04,195.28,3.74,11575939005.0,11571877149.0,0.0,0.0,-11.71,-32.76
1612,301239,普瑞眼科,36.18,2.52,0.89,32357.0,115411174.01,5.1,36.3,34.5,35.0,35.29,1.15,2.28,19.16,2.56,5413217157.0,5139153657.0,-0.06,0.11,-6.07,10.0
1613,603333,福华尚纬,9.75,2.52,0.24,404448.0,388335146.0,7.15,9.93,9.25,9.34,9.51,1.55,6.51,3315.38,2.51,7265324206.0,6059893964.0,0.0,0.0,10.42,16.77
1614,002826,易明医药,17.5,2.52,0.43,37551.0,65061296.28,4.57,17.6,16.82,16.97,17.07,0.74,2.03,42.46,4.12,3336860625.0,3232762943.0,0.06,0.11,-0.74,-4.0
1615,600308,华泰股份,3.25,2.52,0.08,144591.0,46758059.0,3.47,3.26,3.15,3.16,3.17,1.89,0.95,130.48,0.54,4929828072.0,4929828072.0,0.0,0.0,-9.22,-16.67
1616,300525,博思软件,8.16,2.51,0.2,114481.0,92838549.2,3.39,8.2,7.93,7.96,7.96,0.91,1.86,-24.57,2.5,6133346316.0,5031777839.0,0.0,0.0,-8.52,-41.88
1617,002075,沙钢股份,3.68,2.51,0.09,283017.0,103279236.81,3.34,3.69,3.57,3.58,3.59,0.84,1.29,29.45,1.21,8073277638.0,8073264666.0,0.0,0.0,-6.6,-35.78
1618,002135,东南网架,6.54,2.51,0.16,317763.0,207771262.94,6.74,6.72,6.29,6.5,6.38,2.46,3.04,119.57,1.18,7295519439.0,6826925705.0,0.31,0.15,-10.41,44.37
1619,300949,奥雅股份,22.83,2.51,0.56,6721.0,15127118.45,4.18,22.88,21.95,21.95,22.27,0.65,1.35,-172.42,3.53,1986210000.0,1135485231.0,-0.17,-0.04,-11.96,-15.54
1620,002835,同为股份,12.67,2.51,0.31,19797.0,24810434.0,3.96,12.69,12.2,12.3,12.36,0.78,1.56,25.05,2.29,2780988106.0,1612727861.0,0.0,0.16,-6.84,-21.3
1621,600735,ST新华锦,6.13,2.51,0.15,27039.0,16458551.0,2.68,6.15,5.99,5.99,5.98,0.82,0.64,175.59,2.46,2628410482.0,2608019700.0,0.0,-0.16,-12.55,29.05
1622,002153,石基信息,7.77,2.51,0.19,187056.0,143722668.52,3.96,7.8,7.5,7.55,7.58,0.64,1.17,224.23,3.18,21205836145.0,12430164757.0,0.13,0.13,-8.37,-28.19
1623,002141,贤丰控股,6.13,2.51,0.15,1128570.0,679539570.61,9.03,6.2,5.66,5.82,5.98,0.67,10.93,159.18,7.85,6331896442.0,6331896442.0,-0.16,-0.16,81.36,64.34
1624,300197,节能铁汉,2.04,2.51,0.05,948308.0,190823623.82,4.52,2.05,1.96,1.97,1.99,0.81,3.2,-12.46,-16.8,6049208083.0,6049055083.0,0.0,0.49,5.7,15.25
1625,300830,金现代,8.16,2.51,0.2,66011.0,53248985.0,4.4,8.21,7.86,7.89,7.96,0.89,1.96,-117.1,2.8,3685388496.0,2750611740.0,-0.12,-0.12,-16.73,-19.84
1626,300098,高新兴,4.49,2.51,0.11,327898.0,145767915.4,3.65,4.51,4.35,4.36,4.38,1.08,2.13,84.24,2.95,7802642415.0,6922426977.0,-0.22,-0.22,-16.7,-26.39
1627,003037,三和管桩,5.71,2.51,0.14,23256.0,13161222.0,3.23,5.71,5.53,5.54,5.57,0.89,0.39,39.02,1.24,3420716411.0,3420716411.0,0.0,0.18,-22.63,-29.07
1628,600293,三峡新材,2.86,2.51,0.07,286681.0,81108481.0,4.3,2.87,2.75,2.78,2.79,1.25,2.47,-20.64,2.01,3318014832.0,3318014832.0,0.35,0.0,-14.11,-9.21
1629,600582,天地科技,4.9,2.51,0.12,269050.0,131033615.0,3.14,4.91,4.76,4.78,4.78,1.09,0.65,11.71,0.82,20279085571.0,20279085571.0,0.0,-0.2,-6.31,-11.39
1630,300722,新余国科,21.28,2.5,0.52,24168.0,51118411.56,3.61,21.39,20.64,20.76,20.76,1.06,0.87,416.33,9.42,5889377894.0,5889377894.0,0.0,-0.14,-10.78,-39.78
1631,688070,纵横股份,34.04,2.5,0.83,13832.0,46640337.0,4.91,34.25,32.62,33.5,33.21,0.74,1.56,-40.98,5.04,3009833820.0,3009833820.0,-0.06,0.21,-19.14,-38.56
1632,603580,艾艾精工,74.62,2.5,1.82,131213.0,975731269.0,12.16,78.88,70.03,74.62,72.8,0.91,10.04,860.03,21.79,9750834184.0,9750834184.0,0.0,-0.21,208.09,360.62
1633,300999,金龙鱼,25.4,2.5,0.62,111794.0,282501934.94,2.99,25.44,24.7,24.7,24.78,0.76,2.06,30.01,1.41,137708425014.0,13783236264.0,0.0,0.04,-7.43,-10.91
1634,002607,中公教育,2.05,2.5,0.05,1311031.0,266267337.9,4.0,2.06,1.98,1.99,2.0,1.13,2.37,66.79,15.71,12643168747.0,11364052435.0,0.0,0.0,-15.64,-25.18
1635,600775,南京熊猫,9.44,2.5,0.23,107230.0,100441417.0,3.91,9.48,9.12,9.2,9.21,0.83,1.6,-161.73,2.78,8626635714.0,6342155714.0,0.11,-0.11,-13.24,-22.69
1636,002158,汉钟精机,26.61,2.5,0.65,75881.0,196902278.78,7.59,26.93,24.96,25.73,25.96,1.02,1.42,25.37,3.26,14229009339.0,14198213187.0,0.0,-0.08,-6.07,8.26
1637,603896,寿仙谷,15.15,2.5,0.37,19432.0,29315742.0,3.45,15.18,14.67,14.73,14.78,1.08,0.98,25.95,1.35,3003395661.0,3003395661.0,0.07,0.0,-4.05,-21.83
1638,002871,伟隆股份,16.81,2.5,0.41,30560.0,50765949.0,5.91,16.96,15.99,16.24,16.4,1.18,2.05,46.94,3.91,4233663134.0,2509171933.0,0.0,-0.24,-22.82,-4.76
1639,600718,东软集团,8.19,2.5,0.2,80804.0,65680565.0,2.75,8.21,7.99,8.03,7.99,0.98,0.68,-16.61,1.11,9798834198.0,9798834198.0,0.24,0.12,-2.85,-18.67
1640,600232,金鹰股份,6.55,2.5,0.16,50769.0,32844369.0,4.23,6.59,6.32,6.36,6.39,1.1,1.39,51.37,2.48,2388906463.0,2388906463.0,0.0,0.0,-16.03,-17.19
1641,301298,东利机械,13.11,2.5,0.32,14859.0,19224426.5,3.83,13.12,12.63,12.76,12.79,0.98,1.37,110.97,2.11,1924548000.0,1418282303.0,0.08,0.08,-9.02,-15.53
1642,002331,皖通科技,6.97,2.5,0.17,70475.0,48792817.0,3.38,6.99,6.76,6.78,6.8,0.98,1.75,-25.88,2.07,2986015951.0,2802487814.0,0.0,-0.14,-18.86,-21.86
1643,300052,中青宝,10.68,2.5,0.26,99980.0,105699552.0,4.7,10.77,10.28,10.37,10.42,0.95,3.82,-48.72,8.12,2796651023.0,2796570923.0,-0.28,-0.37,-11.74,-14.97
1644,688213,思特威-W,99.2,2.5,2.42,55899.0,549743974.0,5.08,100.15,95.23,96.5,96.78,0.83,1.73,37.76,7.4,39908832080.0,32092140019.0,0.1,0.07,1.12,5.3
1645,000573,粤宏远Ａ,3.71,2.49,0.09,157155.0,57521165.18,3.87,3.72,3.58,3.61,3.62,1.23,2.48,14.18,1.47,2368021041.0,2348299478.0,0.27,0.0,-16.82,-9.07
1646,002006,精工科技,13.18,2.49,0.32,52398.0,68310159.64,3.42,13.22,12.78,12.85,12.86,0.81,1.01,27.62,2.77,6849427976.0,6849427976.0,0.0,-0.08,-19.63,-42.6
1647,688077,大地熊,29.22,2.49,0.71,37102.0,107388268.0,5.79,29.67,28.02,28.23,28.51,0.62,3.24,48.5,3.02,3345061887.0,3345061887.0,-0.1,0.0,6.1,-3.69
1648,603353,和顺石油,30.93,2.49,0.75,35499.0,108426628.0,6.73,31.48,29.45,29.93,30.18,0.97,2.08,59.71,3.32,5271028740.0,5271028740.0,-0.19,-0.19,-34.36,13.59
1649,300849,锦盛新材,20.55,2.49,0.5,24084.0,49051534.0,6.58,20.95,19.63,19.85,20.05,0.68,2.18,-123.65,5.72,3082500000.0,2266045685.0,0.0,-0.39,-18.97,31.48
1650,002151,北斗星通,28.41,2.49,0.69,94426.0,264505886.44,4.73,28.68,27.37,27.61,27.72,0.76,2.13,284.46,3.19,15424099038.0,12580377332.0,0.0,0.0,-16.69,-37.46
1651,000681,视觉中国,16.85,2.49,0.41,159970.0,266942129.93,3.65,16.89,16.29,16.44,16.44,0.93,2.37,58.37,3.22,11804729797.0,11392875475.0,0.0,0.0,-25.61,-29.23
1652,002471,中超控股,5.35,2.49,0.13,351170.0,185760064.17,4.6,5.38,5.14,5.17,5.22,0.52,2.61,-288.39,4.06,7322866000.0,7190681078.0,0.19,0.0,-23.57,-33.29
1653,300439,美康生物,9.46,2.49,0.23,39435.0,36956562.0,3.9,9.49,9.13,9.28,9.23,0.86,1.35,26.88,1.22,3631162490.0,2765461202.0,0.32,0.21,2.16,-3.67
1654,300899,上海凯鑫,29.21,2.49,0.71,5858.0,16929427.0,4.63,29.36,28.04,28.4,28.5,1.04,1.43,-41.34,3.04,1863115042.0,1195742488.0,0.03,0.03,-13.35,-9.57
1655,600423,*ST柳化,2.89,2.48,0.07,36252.0,10365550.0,3.55,2.9,2.8,2.82,2.82,1.04,0.45,81.37,4.27,2308228625.0,2308228625.0,0.0,-0.34,2.48,-22.31
1656,000595,新能股份,5.78,2.48,0.14,512612.0,293543470.2,9.75,5.99,5.44,5.66,5.64,1.74,4.5,114.1,12.84,6581433795.0,6581433795.0,0.17,0.35,-25.9,3.4
1657,000626,远大控股,8.26,2.48,0.2,149442.0,122487783.72,5.21,8.35,7.93,8.02,8.06,0.81,2.96,9.73,1.78,4184737897.0,4165623488.0,0.24,0.24,0.73,4.16
1658,002321,华英农业,2.07,2.48,0.05,246310.0,50735430.88,3.47,2.08,2.01,2.03,2.02,0.62,1.16,-73.15,4.79,4415082447.0,4396402846.0,0.0,0.0,5.08,-10.0
1659,600973,宝胜股份,6.21,2.48,0.15,167541.0,103253707.0,3.47,6.22,6.01,6.03,6.06,1.24,1.22,42.88,2.52,8516184400.0,8516184400.0,-0.16,0.0,-9.08,-14.93
1660,600455,博通股份,24.42,2.48,0.59,11421.0,27562864.0,3.69,24.55,23.67,23.8,23.83,0.93,1.83,22.63,4.25,1525224360.0,1525224360.0,-0.12,-0.08,-10.94,-5.97
1661,002806,华锋股份,14.44,2.48,0.35,57213.0,81580604.54,4.76,14.48,13.81,13.95,14.09,1.03,3.29,-48.27,2.75,3068199489.0,2514077427.0,0.0,0.0,-21.86,15.89
1662,000876,新 希 望,7.03,2.48,0.17,374442.0,261682780.62,3.06,7.05,6.84,6.84,6.86,0.85,0.83,-8.82,1.68,31654511238.0,31635045948.0,-0.14,0.0,-11.46,-23.75
1663,300977,深圳瑞捷,16.5,2.48,0.4,15575.0,25332772.5,3.79,16.51,15.9,16.08,16.1,0.97,1.64,-181.38,1.85,2511740996.0,1564234370.0,0.43,0.36,-18.52,-3.17
1664,300240,飞力达,6.2,2.48,0.15,84757.0,52089066.0,3.31,6.2,6.0,6.0,6.05,0.67,2.33,46.82,1.59,2303690290.0,2252698725.0,0.0,0.16,0.65,-17.55
1665,000980,众泰汽车,1.66,2.47,0.04,906406.0,149479085.02,3.7,1.67,1.61,1.62,1.62,1.09,1.8,-25.52,255.98,8370629247.0,8370551565.0,0.0,0.0,-38.52,-52.97
1666,000892,欢瑞世纪,3.74,2.47,0.09,296918.0,109881584.0,4.66,3.77,3.6,3.64,3.65,1.0,4.18,-22.98,6.07,3668866969.0,2658528338.0,0.0,0.0,-12.82,-46.42
1667,002590,万安科技,9.56,2.47,0.23,53981.0,51101959.0,3.86,9.56,9.2,9.25,9.33,0.64,1.09,40.33,1.63,4962141680.0,4731787629.0,0.1,0.31,-17.3,-35.92
1668,300792,壹网壹创,23.25,2.47,0.56,42542.0,97731303.2,4.19,23.38,22.43,22.5,22.69,0.95,1.99,44.01,1.88,5525647499.0,4958136923.0,0.0,0.09,-34.8,-17.47
1669,002672,东江环保,3.73,2.47,0.09,70123.0,26017092.0,3.85,3.75,3.61,3.63,3.64,1.15,0.77,-6.86,1.85,4122604141.0,3376091266.0,0.27,0.27,-5.09,-19.26
1670,920069,普昂医疗,34.0,2.47,0.82,3019.0,10074764.54,3.62,34.0,32.8,33.14,33.18,0.81,2.05,19.01,2.35,1799274152.0,501718994.0,0.44,0.65,-5.0,90.26
1671,300994,久祺股份,11.6,2.47,0.28,24897.0,28568791.12,4.15,11.62,11.15,11.25,11.32,1.35,2.13,39.61,2.45,2703820800.0,1353302400.0,0.0,0.35,-5.69,-23.83
1672,002889,东方嘉盛,12.86,2.47,0.31,41203.0,52630160.24,4.22,12.91,12.38,12.4,12.55,1.12,1.64,31.39,1.94,4856803690.0,3231020911.0,0.0,0.08,7.44,-16.11
1673,688816,易思维,48.18,2.47,1.16,2623.0,12535121.0,3.04,48.33,46.9,47.1,47.02,0.69,1.28,-39.91,2.68,4818000000.0,989425347.0,-0.04,0.15,-22.91,-13.52
1674,301076,新瀚新材,20.35,2.47,0.49,27278.0,54772182.1,4.83,20.47,19.51,19.7,19.86,0.83,1.79,73.74,3.9,4643248002.0,3104306236.0,-0.05,0.0,-27.94,-46.24
1675,600097,开创国际,8.75,2.46,0.21,27721.0,24153465.0,3.4,8.78,8.49,8.49,8.54,0.63,1.15,-14.99,0.95,2108194891.0,2108194891.0,0.0,0.0,-6.62,-22.29
1676,002768,国恩股份,61.53,2.46,1.48,92726.0,560908813.69,7.94,62.64,57.87,59.0,60.05,0.92,3.68,26.17,3.97,26863998000.0,15521451169.0,-0.05,-0.05,43.46,73.18
1677,301063,海锅股份,18.3,2.46,0.44,11657.0,21109090.7,4.14,18.44,17.7,17.71,17.86,1.09,1.21,72.77,1.22,1909801249.0,1768645645.0,0.0,-0.54,-10.99,-24.57
1678,920953,国子软件,22.06,2.46,0.53,13086.0,28885176.61,5.34,22.48,21.33,21.5,21.53,0.43,2.19,108.27,4.59,2826238739.0,1321079711.0,0.0,0.14,-18.11,-38.07
1679,300479,神思电子,14.98,2.46,0.36,49129.0,72964904.68,3.49,14.99,14.48,14.65,14.62,0.59,2.49,-47.43,5.55,2951672158.0,2949986908.0,0.0,0.07,-0.99,-21.65
1680,603363,傲农生物,2.91,2.46,0.07,242558.0,69952685.0,3.87,2.92,2.81,2.82,2.84,0.64,1.13,-149.05,2.36,7947389914.0,6246575934.0,0.0,0.0,-11.55,-36.88
1681,000910,大亚圣象,5.42,2.46,0.13,53317.0,28744525.0,3.4,5.45,5.27,5.29,5.29,1.28,0.97,-7.67,0.46,2966894450.0,2965721020.0,-0.18,-0.18,-15.71,-25.45
1682,300141,和顺电气,9.98,2.46,0.24,53053.0,52550083.68,4.52,10.04,9.6,9.75,9.74,0.91,2.08,-96.31,4.15,2573289108.0,2541095225.0,0.2,-0.1,-13.37,-20.6
1683,001358,兴欣新材,25.82,2.46,0.62,23829.0,60752740.34,3.77,25.88,24.93,25.37,25.2,0.7,4.67,36.97,2.23,3181024000.0,1316208273.0,0.31,0.16,-0.31,1.02
1684,603066,音飞储存,9.17,2.46,0.22,45887.0,41627852.0,3.13,9.18,8.9,8.91,8.95,1.41,1.56,5.41,1.78,2697631279.0,2697631279.0,0.0,0.11,-18.78,-14.46
1685,002016,世荣兆业,4.58,2.46,0.11,74836.0,34005640.74,2.91,4.59,4.46,4.46,4.47,0.88,0.92,44.97,0.75,3705657995.0,3705657995.0,0.0,0.22,-6.34,-20.49
1686,002441,众业达,7.91,2.46,0.19,45403.0,35650351.09,3.37,7.94,7.68,7.72,7.72,1.1,1.14,11.24,0.98,4307339947.0,3152563160.0,-0.13,0.0,-15.94,-13.08
1687,920790,联迪信息,21.23,2.46,0.51,21425.0,45623636.73,6.61,21.9,20.53,20.63,20.72,1.0,3.94,-127.88,5.64,1676469835.0,1153955758.0,-0.19,0.09,8.54,-35.47
1688,301078,孩子王,7.09,2.46,0.17,141320.0,99347542.26,3.61,7.11,6.86,6.88,6.92,0.78,1.12,46.1,2.12,8965822116.0,8947190908.0,0.0,-0.14,-25.45,-31.3
1689,000008,神州高铁,2.51,2.45,0.06,538967.0,134397174.0,2.86,2.52,2.45,2.46,2.45,1.25,1.98,-56.07,3.16,6818107984.0,6817905350.0,0.4,0.4,-3.83,-11.93
1690,920837,华原股份,9.61,2.45,0.23,6567.0,6273136.38,4.37,9.73,9.32,9.32,9.38,1.11,0.48,16.55,2.62,1467703462.0,1314530633.0,0.0,0.1,-16.72,-32.89
1691,301257,普蕊斯,46.33,2.45,1.11,40603.0,184372725.97,6.55,46.86,43.9,44.38,45.22,0.76,5.39,76.1,2.87,3660290994.0,3489525054.0,-0.45,-0.32,9.42,-10.84
1692,002023,海特高新,10.03,2.45,0.24,145592.0,144309065.9,5.01,10.1,9.61,9.75,9.79,0.69,1.98,72.5,1.98,7430828157.0,7363627618.0,0.0,-0.1,-9.64,-25.92
1693,920455,汇隆活塞,5.85,2.45,0.14,5575.0,3236440.46,2.8,5.86,5.7,5.71,5.71,0.66,0.57,31.7,3.17,1038082500.0,569271936.0,0.17,-0.17,-16.67,-29.18
1694,300471,厚普股份,10.04,2.45,0.24,71641.0,70494014.98,5.1,10.06,9.56,9.77,9.8,1.06,1.91,28.42,2.86,4720393659.0,3762630409.0,0.1,0.1,-0.69,-20.32
1695,301456,盘古智能,23.38,2.45,0.56,14302.0,33092388.0,2.8,23.39,22.75,22.82,22.82,1.59,2.09,50.16,1.6,3555848419.0,1602741972.0,-0.04,0.09,-19.16,-25.3
1696,300477,ST合纵,2.51,2.45,0.06,160541.0,39563353.0,5.31,2.53,2.4,2.45,2.45,0.85,1.62,-18.25,32.45,2690766904.0,2487442527.0,0.0,0.4,-7.72,-4.2
1697,301288,清研环境,17.18,2.44,0.41,10939.0,18599688.0,4.05,17.25,16.57,16.68,16.77,0.81,1.4,-43.43,2.37,1855611800.0,1341923289.0,0.35,0.06,-4.61,-4.29
1698,300762,上海瀚讯,27.7,2.44,0.66,168673.0,460816506.26,5.47,27.95,26.47,26.78,27.04,0.52,2.69,-101.86,5.98,18014825938.0,17394651884.0,-0.07,-0.04,-13.98,-33.54
1699,002189,中光学,18.49,2.44,0.44,24079.0,44340061.5,4.1,18.55,17.81,17.82,18.05,1.12,0.92,-19.27,11.56,4829574558.0,4828846939.0,0.05,0.05,-12.29,-19.92
1700,002730,电光科技,21.38,2.44,0.51,62760.0,132074484.59,5.94,21.62,20.38,20.57,20.87,0.91,1.81,88.54,4.8,7741267834.0,7398118834.0,-0.05,0.0,-27.5,43.11
1701,600800,渤海化学,3.36,2.44,0.08,222548.0,74080321.0,3.66,3.37,3.25,3.25,3.28,0.61,2.01,-6.53,3.81,3729751926.0,3728693526.0,0.3,0.3,-14.94,-2.89
1702,300289,利德曼,5.89,2.43,0.14,48537.0,28250169.0,3.83,5.9,5.68,5.75,5.75,0.61,0.89,-201.66,1.96,3204227658.0,3199191708.0,0.0,0.17,-3.92,-15.49
1703,688560,明冠新材,12.22,2.43,0.29,26126.0,31536851.0,4.19,12.28,11.78,11.84,11.93,1.01,1.3,-38.21,0.96,2459909438.0,2459909438.0,-0.33,-0.33,-16.98,-14.49
1704,301268,铭利达,13.49,2.43,0.32,23496.0,31368009.89,3.8,13.53,13.03,13.17,13.17,0.91,0.65,245.51,3.61,5407449152.0,4890603140.0,-0.22,0.0,-20.74,-26.0
1705,605266,健之佳,16.86,2.43,0.4,13222.0,22074429.0,3.52,16.88,16.3,16.44,16.46,0.85,0.86,18.12,1.03,2605593766.0,2605593766.0,0.0,0.06,-4.42,-6.33
1706,600706,曲江文旅,8.01,2.43,0.19,80892.0,64459373.0,4.09,8.05,7.73,7.85,7.82,1.58,3.18,149.94,4.35,2043028878.0,2034781782.0,-0.12,-0.12,-4.76,-24.43
1707,002234,民和股份,8.0,2.43,0.19,64954.0,51626218.49,3.2,8.01,7.76,7.76,7.81,0.77,2.16,-14.66,1.67,2791681696.0,2411269112.0,0.13,0.0,0.38,-7.19
1708,601001,晋控煤业,17.7,2.43,0.42,295441.0,524598582.0,5.03,18.11,17.24,17.24,17.28,1.31,1.77,21.87,1.59,29624490000.0,29624490000.0,0.11,0.0,-9.92,40.48
1709,000863,三湘印象,4.23,2.42,0.1,164533.0,69030737.1,3.87,4.25,4.09,4.09,4.13,0.92,1.41,-123.98,1.15,4994359139.0,4927163508.0,-0.47,0.0,-15.9,-32.1
1710,002760,凤形股份,17.75,2.42,0.42,32939.0,57632241.0,3.98,17.83,17.14,17.28,17.33,1.19,3.05,123.14,2.29,1916799532.0,1916799532.0,0.0,-0.06,-10.04,-18.24
1711,301510,固高科技,26.27,2.42,0.62,50993.0,131956592.64,5.07,26.44,25.14,25.5,25.65,0.6,1.34,120.39,7.38,10624083978.0,9983473215.0,-0.04,0.04,-17.98,-29.76
1712,002152,广电运通,9.74,2.42,0.23,247406.0,239128244.2,3.36,9.77,9.45,9.48,9.51,1.02,1.0,26.72,1.98,24188149427.0,24175982365.0,0.0,0.0,-7.33,-27.53
1713,600444,国机通用,14.39,2.42,0.34,31042.0,44397059.0,3.13,14.44,14.0,14.0,14.05,0.54,2.12,32.14,2.76,2107011601.0,2107011601.0,0.0,0.07,-6.32,-20.8
1714,688265,南模生物,41.0,2.42,0.97,25982.0,104844041.0,6.45,41.49,38.91,39.8,40.03,0.66,3.33,1168.94,1.88,3196504033.0,3196504033.0,0.07,-0.12,15.49,0.27
1715,002351,漫步者,10.15,2.42,0.24,99715.0,100417454.62,3.53,10.17,9.82,9.87,9.91,1.11,1.89,21.37,3.01,9024436050.0,5353532240.0,0.0,-0.1,-11.59,-14.42
1716,300355,蒙草生态,2.96,2.42,0.07,200398.0,58804420.14,3.46,2.97,2.87,2.88,2.89,1.07,1.47,-94.98,1.13,4748556560.0,4044220750.0,0.0,0.0,-9.48,-26.73
1717,603590,康辰药业,30.85,2.42,0.73,38014.0,115983197.0,4.91,31.07,29.59,30.11,30.12,0.81,2.4,25.97,1.55,4905473215.0,4881194265.0,-0.36,-0.32,-8.84,-21.7
1718,301509,金凯生科,30.18,2.41,0.71,32350.0,95617309.1,5.43,30.33,28.73,29.18,29.47,0.64,5.7,60.04,1.71,3635080470.0,1712441207.0,-0.3,-0.07,3.89,-8.21
1719,300187,永清环保,4.68,2.41,0.11,80369.0,37178051.0,3.72,4.69,4.52,4.55,4.57,0.99,1.25,17.32,2.56,3021511732.0,3006329237.0,0.0,0.0,-21.61,-3.31
1720,300569,天能重工,4.67,2.41,0.11,110161.0,51035570.59,4.17,4.7,4.51,4.51,4.56,1.09,1.08,46.98,0.91,4776131205.0,4761755884.0,0.21,0.0,-14.47,-18.36
1721,002632,道明光学,8.49,2.41,0.2,123897.0,103868724.0,3.98,8.53,8.2,8.29,8.29,0.78,2.16,30.18,2.45,5302846274.0,4877619708.0,-0.12,0.0,-17.97,-30.86
1722,688500,慧辰股份,36.58,2.41,0.86,9930.0,35691945.0,4.73,36.75,35.06,35.31,35.72,0.6,1.33,-25.21,3.77,2779431729.0,2740479882.0,0.0,-0.08,-34.35,-40.77
1723,002198,ST嘉应,3.4,2.41,0.08,36500.0,12300673.0,2.71,3.4,3.31,3.33,3.32,0.79,0.72,34.63,2.36,1725533483.0,1725432673.0,0.29,0.0,-15.84,-51.64
1724,300132,诺斯贝尔,6.37,2.41,0.15,109625.0,69250681.5,3.54,6.37,6.15,6.22,6.22,0.78,2.16,37.52,2.23,3290620244.0,3236477779.0,0.0,0.31,-16.95,-26.87
1725,600597,光明乳业,6.8,2.41,0.16,109222.0,74024285.0,2.86,6.82,6.63,6.66,6.64,1.16,0.79,35.16,1.02,9373621588.0,9373496468.0,0.15,-0.15,-4.49,-15.95
1726,003011,海象新材,20.8,2.41,0.49,20701.0,42709592.4,4.33,20.9,20.02,20.31,20.31,0.91,2.69,47.13,1.57,2135660800.0,1598378184.0,0.0,0.24,-2.99,-4.32
1727,600653,申华控股,1.7,2.41,0.04,194459.0,32868811.0,3.01,1.7,1.65,1.66,1.66,1.21,1.0,-37.17,5.29,3308846539.0,3308846539.0,0.0,0.0,-2.86,-10.53
1728,300463,迈克生物,9.36,2.41,0.22,61071.0,56529075.0,3.39,9.37,9.06,9.12,9.14,0.53,1.24,82.61,0.9,5659679601.0,4601366060.0,0.0,0.11,-2.8,-16.35
1729,603207,小方制药,23.33,2.41,0.55,28970.0,66858165.0,4.83,23.46,22.36,22.6,22.78,0.49,5.31,16.73,3.44,3748507202.0,1273886730.0,-0.3,-0.26,-0.51,-17.42
1730,605089,味知香,20.37,2.41,0.48,8782.0,17754563.0,3.17,20.45,19.82,20.0,19.89,0.98,0.64,30.92,2.31,2811060000.0,2811060000.0,0.3,0.25,-11.24,-18.84
1731,002554,惠博普,2.97,2.41,0.07,274162.0,81170282.9,4.48,3.0,2.87,2.88,2.9,1.35,2.06,-36.48,2.07,3961148614.0,3960408573.0,0.0,0.0,-7.48,-6.9
1732,002845,同兴达,13.22,2.4,0.31,79756.0,103760063.79,4.42,13.24,12.67,12.87,12.91,0.96,3.19,206.54,1.72,4330233540.0,3308101425.0,0.15,0.08,-14.65,-5.77
1733,603866,桃李面包,4.27,2.4,0.1,118556.0,50501879.0,3.36,4.3,4.16,4.17,4.17,1.02,0.74,23.52,1.36,6830800792.0,6830800792.0,0.23,0.23,-8.57,-15.61
1734,300788,中信出版,23.85,2.4,0.56,31646.0,74401782.0,4.25,23.97,22.98,23.11,23.29,0.38,1.66,29.43,2.02,4535113633.0,4535113633.0,-0.13,-0.13,-14.45,-12.35
1735,600271,航天信息,6.82,2.4,0.16,135304.0,91758883.0,3.45,6.85,6.62,6.63,6.66,1.17,0.73,-12.04,0.97,12636673231.0,12636673231.0,0.0,0.0,-9.07,-41.66
1736,603391,力聚热能,69.19,2.4,1.62,23730.0,161517639.0,4.26,69.6,66.72,66.81,67.57,0.81,10.43,96.01,2.91,6296290000.0,1574072500.0,-0.45,0.12,16.29,8.16
1737,601155,新城控股,11.11,2.4,0.26,163179.0,180441320.0,3.59,11.2,10.81,10.84,10.85,0.63,0.72,20.1,0.4,25059969930.0,25059969930.0,0.09,0.0,-15.9,-20.36
1738,300868,杰美特,93.3,2.4,2.19,39227.0,359123813.15,8.77,94.99,87.0,91.11,91.11,1.17,4.86,-408.3,8.13,11865770471.0,7534751723.0,-0.06,-0.07,-9.71,194.32
1739,301667,纳百川,63.93,2.39,1.49,20101.0,126026045.38,5.8,64.2,60.58,61.64,62.44,0.58,8.47,246.25,5.58,7139037528.0,1517045475.0,-0.02,-0.02,-26.59,-20.24
1740,600202,哈空调,5.15,2.39,0.12,72801.0,37104802.0,4.57,5.16,4.93,4.99,5.03,1.33,1.9,-18.79,2.5,1974204461.0,1974204461.0,0.0,0.0,-8.85,-12.27
1741,301469,恒达新材,29.17,2.39,0.68,10884.0,31609265.37,4.04,29.44,28.29,28.39,28.49,1.04,2.37,24.24,1.86,2610131600.0,1337114441.0,-0.31,-0.38,-13.98,-2.7
1742,300209,行云科技,34.71,2.39,0.81,931742.0,3232408203.08,8.67,35.5,32.56,33.0,33.9,0.97,12.54,1341.32,34.3,32232959933.0,25786367954.0,-0.03,0.03,30.98,536.88
1743,300608,思特奇,9.86,2.39,0.23,75454.0,73186479.38,4.88,9.88,9.41,9.5,9.63,0.94,2.48,-16.74,2.38,3431567044.0,3001049332.0,0.1,0.31,-20.48,-10.93
1744,000605,渤海股份,6.0,2.39,0.14,37169.0,21986567.51,5.12,6.01,5.71,5.84,5.86,0.82,1.05,73.78,1.0,2115951600.0,2115951600.0,0.17,0.17,-9.09,-10.45
1745,300761,立华股份,18.85,2.39,0.44,68570.0,127552349.6,3.64,18.85,18.18,18.31,18.41,0.64,1.06,-110.91,1.74,15953458501.0,12191499704.0,0.21,0.21,-9.16,-8.05
1746,300536,农尚环境,9.01,2.39,0.21,74438.0,66545334.0,5.34,9.08,8.61,8.8,8.8,0.72,2.54,-44.84,9.38,2642526078.0,2642334508.0,-0.11,-0.22,-15.79,24.28
1747,002045,国光电器,9.01,2.39,0.21,383339.0,342230594.58,4.2,9.07,8.7,8.7,8.8,1.19,6.82,-33.45,1.22,5067973019.0,5062114267.0,0.11,-0.11,-4.66,-36.37
1748,300640,德艺文创,6.86,2.39,0.16,61486.0,41592228.36,3.58,6.86,6.62,6.7,6.7,0.77,2.79,411.73,2.65,2133414909.0,1514339032.0,0.44,0.29,0.73,-11.14
1749,000593,德龙汇能,23.1,2.39,0.54,177612.0,401673139.12,6.96,23.35,21.78,22.4,22.56,0.7,4.95,148.12,9.23,8284376308.0,8280957739.0,-0.17,-0.22,8.71,106.25
1750,603569,长久物流,6.0,2.39,0.14,41572.0,24707001.0,2.73,6.0,5.84,5.84,5.86,1.3,0.69,952.67,1.48,3621043506.0,3621043506.0,0.17,0.17,2.04,-17.92
1751,300118,东方日升,9.88,2.38,0.23,246304.0,240486364.97,4.87,9.95,9.48,9.56,9.65,0.87,2.66,-7.8,1.36,11263336966.0,9156977450.0,0.0,0.2,-28.51,-32.61
1752,301488,豪恩汽电,99.1,2.38,2.3,10361.0,101486901.32,4.9,99.74,95.0,95.9,96.8,0.88,2.49,160.76,4.22,10049998372.0,4117891498.0,-0.01,-0.08,-32.53,-35.08
1753,300964,本川智能,56.76,2.38,1.32,30687.0,170076483.98,6.96,57.12,53.26,54.77,55.44,0.84,3.91,126.99,5.99,6065350726.0,4450764847.0,-0.05,-0.14,-25.32,43.19
1754,003008,开普检测,19.82,2.38,0.46,12822.0,25153934.52,4.13,19.9,19.1,19.2,19.36,1.0,1.6,31.5,1.98,2061280000.0,1589961609.0,0.0,0.1,-0.95,-5.84
1755,600356,恒丰纸业,9.02,2.38,0.21,58516.0,52620690.0,4.09,9.12,8.76,8.76,8.81,1.71,1.96,13.06,0.98,2972419266.0,2694557030.0,0.0,0.11,0.45,5.01
1756,603810,丰山集团,12.45,2.38,0.29,16963.0,20936833.0,3.21,12.46,12.07,12.17,12.16,1.12,1.03,38.4,1.35,2058510129.0,2058510129.0,0.08,0.48,-10.24,-21.45
1757,002306,ST云网,2.15,2.38,0.05,229667.0,50034914.0,8.1,2.25,2.08,2.08,2.1,1.35,2.83,-48.92,32.49,1869989375.0,1747280367.0,-0.92,-0.46,2.38,8.04
1758,002790,瑞尔特,6.02,2.38,0.14,45346.0,27014405.68,3.06,6.02,5.84,5.86,5.88,1.02,1.74,-118.93,1.23,2515591246.0,1569398950.0,0.17,0.33,-8.09,-28.16
1759,603860,中公高科,26.72,2.38,0.62,9450.0,25048947.0,3.22,26.77,25.93,25.93,26.1,1.09,1.42,652.98,2.15,1781689600.0,1781689600.0,0.23,0.15,-8.84,-10.81
1760,002676,顺威股份,5.17,2.38,0.12,154771.0,79595924.64,4.16,5.21,5.0,5.0,5.05,0.72,2.15,35.43,2.78,3722400000.0,3722278293.0,-0.19,0.0,-6.17,-37.18
1761,300484,蓝海华腾,12.9,2.38,0.3,25607.0,32637041.0,4.21,12.95,12.42,12.51,12.6,0.8,1.49,77.42,3.97,2672414310.0,2215906388.0,0.0,0.08,-15.96,-31.71
1762,300099,尤洛卡,6.04,2.37,0.14,97932.0,58679737.73,3.9,6.07,5.84,5.88,5.9,0.91,1.68,73.81,1.94,4453082140.0,3513433198.0,0.0,0.0,-21.86,-18.27
1763,000809,和展能源,3.46,2.37,0.08,110728.0,37933587.0,4.14,3.47,3.33,3.39,3.38,0.97,1.34,150.15,1.07,2853777874.0,2853777874.0,0.0,0.29,-18.2,-4.95
1764,301085,亚康股份,58.67,2.37,1.36,29194.0,168960782.33,5.32,59.08,56.03,56.54,57.31,0.5,4.96,53.64,5.33,5091128852.0,3456351903.0,-0.02,0.02,-19.62,11.24
1765,300780,德恩精工,19.89,2.37,0.46,42859.0,83652749.0,6.79,20.08,18.76,19.45,19.43,0.66,3.99,-68.15,2.91,2917266300.0,2138834095.0,-0.05,0.0,-26.77,3.16
1766,002110,三钢闽光,3.02,2.37,0.07,253146.0,75699071.0,3.05,3.03,2.94,2.94,2.95,1.11,1.04,-19.14,0.38,7335810206.0,7335810206.0,0.0,0.0,-6.21,-31.05
1767,600257,大湖股份,5.64,2.36,0.13,125552.0,70303332.0,3.63,5.66,5.46,5.48,5.51,0.61,2.61,80.39,3.33,2714177740.0,2714177740.0,0.0,0.0,0.71,-10.19
1768,603101,汇嘉时代,7.36,2.36,0.17,75000.0,54860758.0,3.34,7.38,7.14,7.2,7.19,0.75,1.59,17.64,2.36,3462144000.0,3462144000.0,0.0,0.14,-4.91,-23.01
1769,000665,湖北广电,3.9,2.36,0.09,166619.0,64497307.33,4.2,3.92,3.76,3.77,3.81,0.86,1.47,-8.86,1.45,4434883031.0,4434767142.0,0.0,-0.26,-11.96,-32.99
1770,001239,永达股份,12.16,2.36,0.28,18853.0,22785238.0,3.28,12.2,11.81,11.93,11.88,1.12,1.65,283.79,2.15,2918400000.0,1386240000.0,0.0,-0.08,-11.24,-25.49
1771,002560,通达股份,6.08,2.36,0.14,185868.0,111858964.62,4.04,6.12,5.88,5.9,5.94,0.85,2.93,85.64,1.67,4470451784.0,3850743558.0,-0.16,-0.16,-33.84,-14.85
1772,688189,ST南新,6.5,2.36,0.15,20763.0,13354282.0,3.15,6.52,6.32,6.35,6.35,0.44,0.76,-33.48,2.31,1773391191.0,1773391191.0,0.15,0.31,-21.78,-18.44
1773,600052,东望时代,3.9,2.36,0.09,92830.0,35942859.0,3.15,3.92,3.8,3.81,3.81,1.06,1.1,-42.22,1.52,3292359490.0,3292359490.0,-0.26,0.0,-10.34,-17.2
1774,000563,陕国投Ａ,3.04,2.36,0.07,648456.0,195997006.25,3.03,3.05,2.96,2.97,2.97,1.96,1.27,10.68,0.82,15546469888.0,15546469888.0,0.33,0.0,0.66,-10.32
1775,688420,美腾科技,22.57,2.36,0.52,5624.0,12617923.0,3.81,22.7,21.86,22.05,22.05,0.97,0.64,128.92,1.4,1995865100.0,1995865100.0,-0.09,-0.35,-11.8,-5.45
1776,920819,颖泰生物,3.04,2.36,0.07,53392.0,16258848.96,4.04,3.08,2.96,2.96,2.97,0.48,0.44,326.01,0.78,3726432000.0,3683340000.0,0.0,0.33,0.0,-21.45
1777,601949,中国出版,5.22,2.35,0.12,94299.0,48968721.0,3.14,5.24,5.08,5.1,5.1,1.17,0.5,-24.75,1.02,9938713242.0,9938713242.0,0.19,0.19,-0.57,-17.8
1778,603488,展鹏科技,8.27,2.35,0.19,59983.0,49092816.0,4.83,8.33,7.94,8.03,8.08,0.84,2.05,-37.05,3.17,2414760939.0,2414760939.0,-0.24,-0.12,-26.16,6.03
1779,300844,山水比德,23.92,2.35,0.55,14110.0,33184042.76,4.66,24.0,22.91,23.45,23.37,1.46,1.57,-29.37,2.9,2229604250.0,2153753930.0,-0.13,-0.04,-14.57,-32.6
1780,920504,博迅生物,17.4,2.35,0.4,3468.0,5973232.99,3.35,17.44,16.87,16.88,17.0,0.52,2.03,126.03,3.78,753995940.0,297399147.0,-0.11,0.06,-8.9,-27.59
1781,300637,扬帆新材,9.14,2.35,0.21,35068.0,31573065.0,4.14,9.15,8.78,8.81,8.93,0.92,1.5,-169.42,3.09,2145616188.0,2143648703.0,0.0,0.33,-9.24,-21.21
1782,603126,中材节能,6.11,2.35,0.14,70473.0,42705513.0,2.85,6.11,5.94,5.95,5.97,1.31,1.15,87.25,1.82,3730155000.0,3730155000.0,0.0,0.0,-21.47,-8.94
1783,300494,盛天网络,8.26,2.35,0.19,46509.0,38049979.2,3.35,8.28,8.01,8.02,8.07,0.69,1.17,227.53,2.8,4051613228.0,3290355042.0,0.0,0.0,-13.87,-32.18
1784,603727,博迈科,18.27,2.35,0.42,28582.0,51981683.0,5.55,18.5,17.51,17.51,17.85,0.97,1.01,-36.53,1.67,5147011191.0,5147011191.0,0.0,-0.16,19.8,32.58
1785,605016,百龙创园,20.1,2.34,0.46,57843.0,114698997.0,4.89,20.26,19.3,19.64,19.64,1.2,1.38,17.5,4.19,8442247632.0,8442247632.0,0.05,0.1,-20.9,-6.25
1786,600645,中源协和,19.68,2.34,0.45,96847.0,187956702.0,4.0,19.69,18.92,19.13,19.23,0.38,2.07,94.96,2.48,9209234155.0,9205716847.0,0.0,0.25,-2.24,-21.9
1787,603755,日辰股份,23.6,2.34,0.54,8733.0,20454419.0,2.99,23.71,23.02,23.06,23.06,1.1,0.89,31.98,3.07,2327282872.0,2327282872.0,-0.21,-0.3,-10.64,-35.11
1788,601238,广汽集团,5.24,2.34,0.12,348034.0,180336363.0,3.52,5.24,5.06,5.1,5.12,0.85,0.47,-20.35,0.51,53432625316.0,38690575398.0,0.19,0.19,-15.21,-35.78
1789,002355,兴民智通,4.81,2.34,0.11,201556.0,95706856.47,5.32,4.85,4.6,4.67,4.7,1.05,3.26,-7.51,4.02,3215393610.0,2973381587.0,0.0,-0.21,-13.8,-20.63
1790,002123,梦网科技,7.88,2.34,0.18,146672.0,114486046.0,3.51,7.91,7.64,7.67,7.7,0.7,2.04,-32.58,4.32,6346730009.0,5677792625.0,0.0,0.0,-8.05,-35.2
1791,002462,嘉事堂,12.24,2.34,0.28,23449.0,28473066.0,3.18,12.26,11.88,11.9,11.96,0.71,0.8,23.44,0.82,3570495149.0,3567597929.0,0.0,0.08,-12.51,-14.76
1792,000090,天健集团,3.5,2.34,0.08,168097.0,58450829.25,3.8,3.51,3.38,3.38,3.42,1.1,0.9,-9.82,0.59,6539909019.0,6539609769.0,0.29,0.29,-8.62,-4.37
1793,300595,欧普康视,10.96,2.33,0.25,84659.0,91805662.68,2.71,10.97,10.68,10.7,10.71,0.71,1.27,16.76,1.98,9802148424.0,7326702570.0,0.0,0.18,-10.09,-24.73
1794,920826,盖世食品,8.8,2.33,0.2,45274.0,39925629.64,6.4,9.05,8.5,8.73,8.6,0.73,7.17,32.55,3.28,1236539163.0,555756546.0,0.11,0.23,-14.98,-33.48
1795,603282,亚光股份,15.8,2.33,0.36,11953.0,18677488.0,3.63,15.82,15.26,15.44,15.44,0.93,0.89,-162.17,1.64,2114356000.0,2114356000.0,0.06,0.0,-3.89,-19.43
1796,300284,苏交科,5.27,2.33,0.12,110362.0,57699622.76,3.11,5.29,5.13,5.13,5.15,0.87,0.92,41.8,0.8,6655102369.0,6314944649.0,0.0,0.0,-12.17,-32.52
1797,301429,森泰股份,17.55,2.33,0.4,11479.0,20021667.1,3.38,17.63,17.05,17.17,17.15,0.97,2.61,32.67,1.55,2074761000.0,772568743.0,-0.23,-0.11,-13.97,-6.15
1798,601106,中国一重,3.07,2.33,0.07,434692.0,132572228.0,2.67,3.08,3.0,3.01,3.0,1.02,0.63,2710.66,4.08,21053393586.0,21053393586.0,-0.32,-0.32,-18.35,-23.06
1799,002719,ST麦趣,6.15,2.33,0.14,24238.0,14799948.8,3.33,6.16,5.96,5.99,6.01,0.82,1.5,-20.31,9.82,1070957661.0,995514614.0,0.0,0.0,-21.66,-27.99
1800,002009,天奇股份,16.69,2.33,0.38,98786.0,163617241.14,4.66,16.84,16.08,16.11,16.31,0.78,2.79,68.2,3.3,6713272225.0,5909053927.0,-0.06,-0.06,-22.59,-26.05
1801,603275,众辰科技,35.73,2.32,0.81,7658.0,27079681.0,3.49,35.83,34.61,34.82,34.92,1.12,1.84,29.29,1.77,5311437826.0,1484079958.0,0.03,-0.08,-14.58,-21.4
1802,002783,凯龙股份,7.95,2.32,0.18,89836.0,70773646.5,3.6,7.98,7.7,7.76,7.77,0.89,1.95,25.77,1.48,3969573704.0,3665876859.0,0.13,0.25,-2.33,-16.05
1803,600807,济高发展,2.65,2.32,0.06,134321.0,35373612.0,3.47,2.65,2.56,2.56,2.59,1.06,1.71,-25.64,7.93,2344282037.0,2085598930.0,0.0,0.0,-6.36,-13.96
1804,300277,汽轮科技,11.93,2.32,0.27,90836.0,107108632.22,4.12,11.98,11.5,11.56,11.66,0.93,1.19,53.29,1.8,18092968293.0,9131798052.0,0.0,-0.08,-23.57,-8.44
1805,002868,绿康生化,22.07,2.32,0.5,11290.0,24671316.0,3.52,22.15,21.39,21.5,21.57,0.67,1.05,234.42,48.34,3430027523.0,2371051187.0,-0.05,0.14,-24.96,-34.53
1806,301519,舜禹股份,12.33,2.32,0.28,21958.0,26815381.0,3.82,12.37,11.91,12.0,12.05,0.96,2.89,-33.11,1.47,1993056698.0,938225198.0,0.0,0.08,-10.0,-7.43
1807,600189,泉阳泉,7.5,2.32,0.17,115675.0,87151898.0,4.77,7.65,7.3,7.33,7.33,1.44,1.62,69.25,4.24,5363983590.0,5363983590.0,-0.13,-0.13,-8.76,8.54
1808,600207,安彩高科,4.41,2.32,0.1,149018.0,65246479.0,3.94,4.43,4.26,4.34,4.31,1.07,1.37,-8.12,2.56,4803868363.0,4803868363.0,0.0,0.0,-39.34,-14.37
1809,300737,科顺股份,4.86,2.32,0.11,204149.0,98162113.0,5.05,4.89,4.65,4.68,4.75,0.8,2.3,21.23,1.37,5395845701.0,4311681338.0,-0.21,0.0,-37.37,-10.66
1810,300771,智莱科技,11.47,2.32,0.26,39067.0,44524432.2,4.1,11.56,11.1,11.1,11.21,1.27,2.07,43.7,1.41,2752800000.0,2168716321.0,-0.17,-0.17,-4.58,-25.03
1811,920068,天工股份,15.88,2.32,0.36,17147.0,26946419.01,3.67,15.94,15.37,15.37,15.52,1.12,0.99,26156.52,8.15,10410928238.0,2758078719.0,0.19,0.38,-11.73,-18.14
1812,300008,天海防务,6.18,2.32,0.14,352119.0,215775941.96,3.31,6.19,5.99,6.02,6.04,0.94,2.14,31.45,4.36,10679220042.0,10180252639.0,0.16,0.0,-6.22,-21.37
1813,600697,欧亚集团,11.03,2.32,0.25,46116.0,50314073.0,4.08,11.04,10.6,10.69,10.78,1.54,2.97,58.85,0.78,1754741467.0,1713797445.0,0.09,0.18,-6.53,-15.74
1814,002979,雷赛智能,55.4,2.31,1.25,82778.0,451882707.43,6.24,56.1,52.72,53.69,54.15,0.56,3.72,60.69,9.65,17508510740.0,12342267283.0,-0.02,0.13,7.49,32.47
1815,002529,海源复材,7.08,2.31,0.16,41573.0,29121145.0,3.9,7.09,6.82,6.85,6.92,0.93,1.6,-18.94,32.28,1840800000.0,1840800000.0,0.14,0.28,-12.7,2.02
1816,301522,上大股份,23.02,2.31,0.52,33736.0,77056331.0,3.91,23.08,22.2,22.35,22.5,0.8,1.22,69.64,4.39,8560370674.0,6371513974.0,-0.13,-0.09,-16.08,-41.13
1817,001238,浙江正特,25.23,2.31,0.57,4910.0,12314908.24,2.84,25.36,24.66,24.68,24.66,1.04,0.34,23.01,3.39,3914384040.0,3661727540.0,0.2,0.32,-16.07,-28.34
1818,920092,汉鑫科技,27.89,2.31,0.63,20646.0,57226671.37,7.37,28.39,26.38,26.6,27.26,0.92,6.26,-164.54,4.93,1731402833.0,919161220.0,0.0,-0.07,-7.59,-25.51
1819,920957,汉维科技,9.73,2.31,0.22,15063.0,14533153.58,5.26,9.74,9.24,9.44,9.51,1.69,3.53,43.12,2.66,1044041980.0,415517062.0,0.21,0.52,-6.17,-21.72
1820,300578,会畅科技,15.5,2.31,0.35,38507.0,58913009.0,4.62,15.57,14.87,14.92,15.15,0.62,1.94,-50.37,2.71,3073180970.0,3072349783.0,-0.13,-0.06,-18.16,-24.76
1821,600480,凌云股份,8.42,2.31,0.19,123470.0,103165226.0,3.77,8.47,8.16,8.18,8.23,1.04,1.02,16.91,1.28,10291154127.0,10215018896.0,-0.36,-0.24,-21.23,-29.77
1822,688085,三友医疗,13.35,2.3,0.3,22046.0,29121412.0,3.45,13.37,12.92,13.11,13.05,0.65,0.63,88.23,2.29,4896896786.0,4680717900.0,0.23,0.3,-4.51,-18.4
1823,301339,通行宝,11.12,2.3,0.25,29167.0,32192487.05,3.13,11.16,10.82,10.88,10.87,0.9,0.51,30.58,2.34,6452017488.0,6374403691.0,0.09,0.0,-5.84,-22.99
1824,000930,中粮科技,4.89,2.3,0.11,272289.0,132630503.97,3.35,4.91,4.75,4.77,4.78,0.66,1.47,-18.69,0.88,9078003316.0,9077542111.0,0.0,0.2,-6.5,-14.81
1825,605337,李子园,9.36,2.3,0.21,29077.0,27025954.0,3.06,9.38,9.1,9.1,9.15,0.64,0.75,27.89,2.24,3628090515.0,3628090515.0,0.0,0.11,-5.55,-19.73
1826,688311,盟升电子,22.67,2.3,0.51,43511.0,97561403.0,5.73,23.0,21.73,22.1,22.16,0.78,2.48,-64.94,2.2,3969675486.0,3969675486.0,-0.13,-0.04,-20.12,-50.29
1827,603108,润达医疗,9.77,2.3,0.22,92850.0,89513815.0,4.08,9.8,9.41,9.54,9.55,0.45,1.54,-27.57,1.6,5906979360.0,5906979360.0,-0.2,-0.1,-24.85,-34.65
1828,920132,泰鹏智能,8.44,2.3,0.19,4298.0,3616256.66,3.03,8.49,8.24,8.25,8.25,0.81,1.18,30.8,3.42,908744928.0,308568029.0,-0.12,-0.47,-9.44,-31.99
1829,603909,建发合诚,9.79,2.3,0.22,16608.0,16096170.0,4.39,9.85,9.43,9.43,9.57,0.76,0.64,24.52,2.18,2551990041.0,2551990041.0,0.2,0.31,-7.2,-12.12
1830,920056,能之光,16.01,2.3,0.36,1869.0,2968328.4,2.75,16.08,15.65,15.65,15.65,0.58,0.61,22.07,2.43,1307884117.0,493810535.0,-0.06,-0.06,-20.07,-34.97
1831,002108,沧州明珠,4.45,2.3,0.1,393197.0,173814086.45,3.68,4.49,4.33,4.35,4.35,2.06,2.39,41.48,1.48,7336262017.0,7333592017.0,-0.22,0.0,-10.82,-5.72
1832,002183,怡 亚 通,4.47,2.29,0.1,410826.0,181535779.6,3.66,4.48,4.32,4.33,4.37,0.96,1.58,172.6,1.28,11608630637.0,11608563587.0,0.0,0.0,-26.84,-6.09
1833,301300,远翔新材,32.56,2.29,0.73,6045.0,19501487.2,4.02,32.78,31.5,31.84,31.83,0.8,1.55,42.03,2.59,2130368240.0,1272274283.0,-0.31,-0.12,-10.43,-22.49
1834,603037,凯众股份,10.27,2.29,0.23,27312.0,27855873.0,3.88,10.31,9.92,10.08,10.04,0.75,1.03,71.85,2.91,2737346872.0,2733361291.0,0.1,0.0,-19.39,-27.98
1835,300427,红相股份,6.7,2.29,0.15,257365.0,170248897.0,7.18,6.79,6.32,6.45,6.55,1.0,5.12,239.65,2.83,3407085997.0,3370132750.0,-0.15,-0.45,-8.09,-45.31
1836,301321,翰博高新,41.98,2.29,0.94,114691.0,471753753.94,6.94,42.28,39.43,40.0,41.04,1.56,7.77,194.59,7.42,7826541300.0,6196832110.0,0.0,0.0,33.48,120.37
1837,600383,金地集团,2.23,2.29,0.05,703882.0,155915255.0,3.21,2.24,2.17,2.18,2.18,0.8,1.56,-3.7,0.23,10067521366.0,10067521366.0,-0.45,0.0,-19.78,-27.12
1838,300981,中红医疗,14.77,2.29,0.33,90849.0,132560093.24,4.02,14.84,14.26,14.35,14.44,0.66,2.31,321.2,1.24,6334335444.0,5804571288.0,-0.14,-0.07,15.93,20.97
1839,002069,獐子岛,3.57,2.29,0.08,117943.0,41774875.48,2.87,3.58,3.48,3.48,3.49,0.74,1.66,98.62,88.52,2538670533.0,2535471813.0,0.28,0.0,-0.28,-4.29
1840,002098,浔兴股份,7.16,2.29,0.16,32144.0,22855394.0,3.29,7.18,6.95,7.0,7.0,0.69,0.9,21.31,1.73,2563280000.0,2563280000.0,0.14,0.14,-5.91,-26.34
1841,300810,中科海讯,24.19,2.28,0.54,13867.0,33201480.5,4.74,24.35,23.23,23.5,23.65,0.96,1.22,-50.95,3.72,2855629500.0,2757768250.0,-0.21,-0.17,-11.68,-36.77
1842,601968,宝钢包装,4.48,2.28,0.1,73194.0,32620934.0,2.97,4.49,4.36,4.37,4.38,1.41,0.57,21.85,1.27,5715491981.0,5715491981.0,-0.22,0.0,-3.45,-15.63
1843,000055,方大集团,3.59,2.28,0.08,117298.0,41771103.0,3.42,3.6,3.48,3.5,3.51,1.5,1.74,35.37,0.69,3855208475.0,2426317400.0,-0.28,0.0,-5.77,-12.44
1844,300078,思创智联,3.14,2.28,0.07,259377.0,80853158.71,4.89,3.17,3.02,3.07,3.07,0.92,2.33,-76.02,7.14,3510118802.0,3495972845.0,-0.32,-0.32,-7.65,-29.12
1845,002342,巨力索具,7.61,2.28,0.17,344250.0,259236224.85,4.84,7.67,7.31,7.36,7.44,0.78,3.61,961.24,2.99,7305600000.0,7265190900.0,-0.13,-0.13,-34.17,-17.19
1846,688338,赛科希德,31.36,2.28,0.7,17468.0,54556776.0,4.37,31.63,30.29,31.0,30.66,0.87,1.65,39.14,1.95,3328625664.0,3328625664.0,0.03,0.1,21.13,22.36
1847,605098,行动教育,56.85,2.28,1.27,9822.0,55321787.0,4.3,57.19,54.8,55.4,55.58,0.91,0.82,19.74,6.5,6779425035.0,6779425035.0,0.23,0.23,1.83,39.47
1848,301628,强达电路,90.52,2.28,2.02,19380.0,172028892.0,7.23,91.4,85.0,87.01,88.5,0.61,6.95,75.38,5.9,6823017416.0,2523317416.0,0.09,-0.19,-27.4,2.57
1849,300242,佳云科技,4.03,2.28,0.09,107654.0,42914109.78,3.55,4.05,3.91,3.94,3.94,0.7,1.7,-106.72,10.55,2557257553.0,2557256158.0,0.0,-0.25,-21.75,-19.4
1850,920116,星图测控,43.9,2.28,0.98,14141.0,61780621.1,3.56,44.2,42.67,42.92,42.92,0.44,0.63,173.87,16.91,9819771500.0,9819771500.0,-0.34,-0.43,-26.5,-27.16
1851,603192,汇得科技,20.15,2.28,0.45,11919.0,23853469.0,4.01,20.29,19.5,19.66,19.7,0.91,0.85,55.56,1.56,3367275588.0,2809040310.0,0.2,0.1,-0.54,-22.47
1852,002513,蓝丰生化,5.38,2.28,0.12,106969.0,57106202.0,6.08,5.44,5.12,5.13,5.26,1.59,3.63,-34.04,50.4,2020695602.0,1587536867.0,0.0,-0.37,-9.27,-19.94
1853,920547,无锡晶海,18.81,2.28,0.42,3639.0,6838438.42,4.02,18.94,18.2,18.4,18.39,0.6,0.96,17.73,1.99,1461311280.0,710357769.0,-0.42,-0.37,-8.11,-19.79
1854,301166,优宁维,29.66,2.28,0.66,43552.0,128064857.78,4.48,29.87,28.57,28.76,29.0,0.87,7.72,-75.2,1.32,2555756761.0,1673431081.0,-0.3,-0.24,4.29,1.96
1855,301207,华兰疫苗,17.47,2.28,0.39,100678.0,172893944.87,5.5,17.54,16.6,16.8,17.08,0.69,1.68,70.25,1.99,10499950425.0,10493323181.0,-0.17,-0.06,0.29,-2.07
1856,603927,中科软,13.44,2.28,0.3,91307.0,122015044.0,2.74,13.46,13.1,13.1,13.14,0.97,1.1,-176.26,3.76,11169177600.0,11169177600.0,0.0,0.07,-11.93,-28.66
1857,920950,迅安科技,12.58,2.28,0.28,1169.0,1455733.77,3.09,12.58,12.2,12.3,12.3,0.49,0.33,23.2,3.05,922365600.0,449358858.0,0.72,0.56,-11.1,-28.89
1858,601086,国芳集团,7.61,2.28,0.17,71598.0,54042842.0,3.9,7.64,7.35,7.35,7.44,0.93,1.08,30.47,3.24,5068260000.0,5068260000.0,0.13,0.0,-7.87,-24.43
1859,003025,思进智能,12.56,2.28,0.28,27304.0,33911848.91,3.58,12.59,12.15,12.27,12.28,0.81,1.21,22.9,2.87,3566456688.0,2843784056.0,0.24,0.16,-13.08,-11.36
1860,300335,迪森股份,5.4,2.27,0.12,118083.0,63122856.32,3.79,5.42,5.22,5.25,5.28,1.27,3.07,40.07,1.37,2575866895.0,2074460431.0,-0.18,0.0,-14.29,-4.59
1861,600569,安阳钢铁,1.8,2.27,0.04,227421.0,40676396.0,3.41,1.81,1.75,1.76,1.76,1.71,0.79,-1.88,3.55,5170358495.0,5170358495.0,0.0,0.0,-7.22,-20.0
1862,002705,新宝股份,11.28,2.27,0.25,56797.0,63860700.44,2.72,11.31,11.01,11.06,11.03,1.15,0.7,33.56,1.09,9157958798.0,9115406352.0,-0.09,-0.09,-10.41,-19.2
1863,300568,星源材质,14.4,2.27,0.32,520714.0,739682628.89,5.75,14.58,13.77,14.05,14.08,0.95,4.31,183.88,2.21,21531371602.0,17403291994.0,0.21,0.14,-15.44,-5.51
1864,603787,新日股份,10.36,2.27,0.23,30418.0,31300049.0,3.26,10.38,10.05,10.08,10.13,1.44,1.32,23.68,1.57,2384289664.0,2384289664.0,0.1,0.19,-1.61,-25.79
1865,002761,浙江建投,7.2,2.27,0.16,99044.0,70848125.0,2.84,7.21,7.01,7.07,7.04,0.99,0.92,19.12,1.12,9539077666.0,7788881585.0,0.0,0.14,-9.77,-15.49
1866,301398,星源卓镁,32.0,2.27,0.71,57315.0,187696185.24,12.05,34.5,30.73,30.73,31.29,3.22,5.25,-57.25,3.3,3584038592.0,3493822592.0,0.03,0.0,-19.33,-40.73
1867,605398,新炬网络,20.31,2.27,0.45,11635.0,23416961.0,3.73,20.4,19.66,19.8,19.86,0.8,0.72,263.61,3.2,3304769657.0,3304769657.0,-0.15,0.0,-17.87,-28.74
1868,002131,利欧股份,4.5,2.27,0.1,3083164.0,1369955921.5,4.09,4.52,4.34,4.37,4.4,0.8,5.27,243.69,2.4,30473004164.0,26346593043.0,0.0,0.0,-26.23,-19.79
1869,300261,雅本化学,4.98,2.26,0.11,95601.0,47343196.0,3.9,4.99,4.8,4.88,4.87,0.65,1.01,-20.83,2.63,4797281166.0,4695295835.0,0.2,0.2,-3.68,-26.0
1870,603266,天龙股份,15.85,2.26,0.35,16340.0,25590331.0,3.81,15.9,15.31,15.5,15.5,1.01,0.82,26.44,1.97,3152354988.0,3152354988.0,-0.13,0.0,-15.06,-29.99
1871,603220,中贝通信,18.54,2.26,0.41,186240.0,341980414.0,4.74,18.66,17.8,18.0,18.13,0.7,3.47,-873271.38,2.61,9944081158.0,9944081158.0,0.05,0.11,-19.18,-12.67
1872,002007,华兰生物,13.13,2.26,0.29,112232.0,145945890.51,2.73,13.14,12.79,12.8,12.84,0.51,0.71,26.02,2.22,23971322646.0,20660620299.0,0.0,0.08,-2.81,-10.25
1873,300425,中建环能,4.08,2.26,0.09,85016.0,34546288.89,2.76,4.1,3.99,4.0,3.99,1.15,1.25,5581.23,1.18,2783477400.0,2777412594.0,0.0,0.0,-9.33,-17.58
1874,603036,如通股份,15.85,2.26,0.35,118814.0,187281965.0,5.81,16.1,15.2,15.49,15.5,0.9,5.77,30.61,2.34,3265195496.0,3265195496.0,0.0,-0.31,15.02,-25.06
1875,603232,格尔软件,14.95,2.26,0.33,51449.0,76239814.0,4.38,15.03,14.39,14.45,14.62,0.72,2.22,-30.44,2.67,3476556645.0,3457934925.0,0.13,0.0,-34.69,-34.86
1876,300848,美瑞新材,12.65,2.26,0.28,32247.0,40699546.0,5.01,12.82,12.2,12.38,12.37,1.25,1.27,49.74,3.52,5412778482.0,3201999777.0,0.08,0.24,-13.3,-19.78
1877,000419,通程控股,4.97,2.26,0.11,70020.0,34620389.87,3.09,4.99,4.84,4.86,4.86,1.17,1.29,18.36,0.8,2701605795.0,2701605795.0,-0.2,-0.2,-4.61,-20.61
1878,600827,百联股份,7.71,2.25,0.17,145840.0,111987525.0,2.65,7.73,7.53,7.54,7.54,1.11,0.91,4.34,0.68,13755936182.0,12370308883.0,0.13,0.13,-8.1,-12.78
1879,603038,华立股份,17.28,2.25,0.38,91807.0,155144331.0,5.8,17.32,16.34,16.74,16.9,0.85,3.42,16.87,3.27,4642740392.0,4642740392.0,0.12,0.35,5.82,7.66
1880,000548,湖南投资,4.55,2.25,0.1,61615.0,27726651.0,2.92,4.55,4.42,4.45,4.45,1.21,1.23,36.76,1.11,2271431940.0,2271431940.0,0.22,0.22,-8.45,-15.9
1881,002229,鸿博股份,10.91,2.25,0.24,417915.0,447422398.12,6.37,10.98,10.3,10.4,10.67,0.57,8.47,-52.58,5.15,5413449134.0,5380422524.0,-0.18,0.0,-23.76,-29.39
1882,688626,翔宇医疗,42.63,2.25,0.94,14562.0,61380982.0,3.5,42.79,41.33,42.36,41.69,0.62,0.91,67.34,3.29,6820800000.0,6820800000.0,-0.09,0.0,-16.95,-29.33
1883,300796,贝斯美,6.81,2.25,0.15,41001.0,27744318.0,2.85,6.83,6.64,6.69,6.66,1.08,1.14,208.9,1.43,2459382958.0,2454446968.0,0.0,-0.15,-13.14,-21.45
1884,920223,荣亿精密,11.34,2.25,0.25,28730.0,32098574.58,7.21,11.51,10.71,11.09,11.09,1.83,3.52,-110.0,7.47,1783611900.0,926197335.0,0.0,-0.35,-24.9,-49.35
1885,000597,东北制药,4.99,2.25,0.11,238297.0,117619846.0,4.71,5.01,4.78,4.84,4.88,0.41,1.69,42.45,1.29,7120372042.0,7031926648.0,-0.2,-0.4,7.31,-3.48
1886,603808,歌力思,8.64,2.25,0.19,35737.0,30550123.0,2.6,8.64,8.42,8.45,8.45,1.4,0.98,19.16,1.23,3142655133.0,3142655133.0,0.12,0.12,-11.84,3.6
1887,300225,金力泰,7.29,2.24,0.16,110066.0,79001888.46,4.35,7.31,7.0,7.06,7.13,0.78,2.33,60.24,3.95,3465881711.0,3441214538.0,0.0,-0.14,-19.71,28.35
1888,300120,经纬辉开,9.11,2.24,0.2,555368.0,501379693.8,5.39,9.23,8.75,8.89,8.91,0.92,10.53,420.21,2.09,5232728693.0,4805042188.0,0.0,0.0,6.67,7.18
1889,600518,康美药业,1.37,2.24,0.03,1282420.0,174516845.0,3.73,1.38,1.33,1.34,1.34,0.85,0.93,-285.95,2.6,18945588465.0,18936622498.0,0.0,0.0,-11.61,-28.27
1890,688468,科美诊断,6.39,2.24,0.14,26596.0,16839065.0,4.48,6.41,6.13,6.2,6.25,0.83,0.66,71.51,1.81,2563080120.0,2563080120.0,0.16,-0.16,-5.33,-12.94
1891,300798,锦鸡股份,7.31,2.24,0.16,221987.0,160590524.44,4.76,7.34,7.0,7.08,7.15,1.53,5.47,-289.52,1.91,3604942502.0,2965693214.0,0.0,0.0,-8.63,2.81
1892,300168,万达信息,5.03,2.24,0.11,119909.0,59708110.0,3.86,5.05,4.86,4.89,4.92,0.73,0.83,-45.68,7.05,7246361737.0,7239088201.0,0.0,0.2,-7.37,-22.14
1893,688017,绿的谐波,301.76,2.24,6.61,65060.0,1943836555.0,5.11,305.66,290.58,292.5,295.15,0.59,3.55,423.8,15.67,55321698520.0,55321698520.0,0.09,0.19,5.11,57.26
1894,603331,百达精工,12.8,2.24,0.28,25239.0,31850369.0,3.83,12.82,12.34,12.36,12.52,0.58,1.25,1066.58,2.48,2587848141.0,2587848141.0,0.08,0.08,1.51,-10.18
1895,002892,科力尔,9.11,2.24,0.2,67599.0,61271448.1,3.37,9.15,8.85,8.91,8.91,0.98,1.35,-165.17,3.8,7691720773.0,4565239048.0,-0.22,-0.11,-13.73,-32.01
1896,605499,东鹏饮料,123.7,2.24,2.71,65656.0,809918585.0,3.45,124.5,120.33,121.0,120.99,1.1,0.97,15.84,4.66,90820454647.0,83623290530.0,0.09,0.28,-18.78,-39.29
1897,603169,兰石重装,6.4,2.24,0.14,102512.0,65039132.0,3.67,6.45,6.22,6.22,6.26,1.06,0.78,-52.73,3.14,8360267507.0,8360267507.0,0.0,0.0,-20.0,-39.96
1898,300730,科创信息,11.41,2.24,0.25,29313.0,33116314.5,3.49,11.44,11.05,11.16,11.16,0.81,1.42,-54.27,17.3,2751395385.0,2359078772.0,0.26,0.18,-24.98,-14.72
1899,301331,恩威医药,22.33,2.24,0.49,21739.0,48135722.72,4.21,22.56,21.64,21.85,21.84,0.96,2.12,45.93,2.26,2297575837.0,2291888899.0,-0.04,0.04,-10.89,-12.16
1900,600479,千金药业,10.02,2.24,0.22,72097.0,71595201.0,2.76,10.03,9.76,9.78,9.8,1.16,1.72,16.44,1.69,4931944360.0,4193441312.0,0.1,0.1,0.6,2.45
1901,600502,安徽建工,4.56,2.24,0.1,294098.0,133074840.0,2.69,4.57,4.45,4.46,4.46,1.37,1.71,5.87,0.66,7827394757.0,7827394757.0,0.22,0.44,-11.8,3.17
1902,003027,同兴科技,16.89,2.24,0.37,21182.0,35315278.0,4.18,16.98,16.29,16.38,16.52,1.27,2.06,60.73,1.29,2207914848.0,1736490998.0,0.0,-0.06,-28.16,-23.23
1903,002700,万憬能源,6.39,2.24,0.14,61167.0,38841543.0,2.88,6.42,6.24,6.24,6.25,0.82,1.49,38.18,1.86,2643084102.0,2615836593.0,0.16,0.16,-16.47,-4.48
1904,600266,城建发展,4.11,2.24,0.09,355615.0,145346120.0,3.48,4.14,4.0,4.01,4.02,0.7,1.71,13.0,0.47,8531305814.0,8531305814.0,-0.48,-0.24,-14.55,-18.13
1905,300843,胜蓝股份,135.27,2.24,2.96,89530.0,1207642480.63,10.56,141.18,127.21,127.21,132.31,0.81,5.58,85.36,12.98,22144776155.0,21710780080.0,0.29,0.2,57.75,162.86
1906,920726,朱老六,16.52,2.23,0.36,26691.0,43990470.91,2.72,16.73,16.29,16.35,16.16,0.87,4.77,27.35,3.58,1673641200.0,923690277.0,0.06,0.24,-13.96,-18.22
1907,600135,乐凯胶片,7.34,2.23,0.16,58660.0,42749789.0,3.76,7.38,7.11,7.11,7.18,1.08,1.06,-42.8,1.72,4061274107.0,4061274107.0,-0.14,-0.41,-20.3,-28.88
1908,002951,金时科技,16.48,2.23,0.36,62501.0,101734804.0,8.93,16.54,15.1,16.0,16.12,0.52,1.56,-667.64,4.37,6642493072.0,6610488813.0,-0.12,0.06,-15.05,10.6
1909,002377,国创高新,2.75,2.23,0.06,246443.0,67183338.0,4.09,2.77,2.66,2.67,2.69,1.24,2.82,92.26,6.34,2519894303.0,2399162345.0,-0.36,0.0,-7.72,-3.85
1910,000409,云鼎科技,8.72,2.23,0.19,45078.0,38963351.61,3.05,8.72,8.46,8.53,8.53,1.19,0.76,74.77,3.6,5909224892.0,5148932704.0,0.0,0.0,-12.63,-21.72
1911,600435,北方导航,10.55,2.23,0.23,151020.0,158939926.0,3.78,10.68,10.29,10.29,10.32,0.63,1.0,-253.68,5.57,15955374252.0,15955374252.0,0.0,-0.09,-11.79,-31.49
1912,300708,聚灿光电,7.81,2.23,0.17,104706.0,80739521.02,4.32,7.83,7.5,7.6,7.64,0.71,1.45,47.81,2.49,7367385463.0,5634378555.0,-0.26,0.0,-13.22,-11.75
1913,002033,丽江股份,9.15,2.23,0.2,241607.0,220064139.51,2.35,9.16,8.95,9.0,8.95,1.56,4.4,18.94,2.01,5027840006.0,5027743656.0,0.0,0.22,4.69,3.98
1914,688080,映翰通,36.78,2.22,0.8,7251.0,26326293.0,3.75,36.79,35.44,35.7,35.98,0.76,0.98,72.88,2.32,2709072535.0,2709072535.0,-0.03,0.11,-12.51,-27.01
1915,301518,长华化学,25.36,2.22,0.55,19055.0,47958904.82,3.79,25.49,24.55,24.63,24.81,0.79,3.24,73.08,2.27,3689106900.0,1489634709.0,0.08,0.04,-19.08,-28.16
1916,002221,东华能源,5.52,2.22,0.12,269977.0,148991035.08,5.0,5.6,5.33,5.37,5.4,0.94,1.85,20.2,0.88,8700225274.0,8064737592.0,-0.18,-0.36,-16.99,-31.85
1917,600935,华塑股份,2.3,2.22,0.05,172334.0,39337402.0,3.11,2.31,2.24,2.25,2.25,1.5,0.49,-132.83,1.39,8267897529.0,8067024168.0,0.0,0.44,-8.0,-6.12
1918,600794,保税科技,3.22,2.22,0.07,183583.0,58806083.0,2.86,3.23,3.14,3.16,3.15,1.34,1.53,40.38,1.55,3864489946.0,3864489946.0,0.0,0.0,-2.72,-17.01
1919,600763,通策医疗,35.38,2.22,0.77,75111.0,263583164.0,2.8,35.45,34.48,34.5,34.61,0.62,1.68,17.26,3.83,15825088959.0,15825088959.0,0.0,0.0,-5.78,-12.01
1920,600099,林海股份,9.21,2.22,0.2,29560.0,26989972.0,3.77,9.28,8.94,9.04,9.01,1.17,1.35,121.23,3.73,2018095200.0,2018095200.0,-0.32,-0.11,-6.88,-11.53
1921,603238,诺邦股份,12.42,2.22,0.27,22264.0,27473428.0,3.29,12.47,12.07,12.15,12.15,1.08,1.25,17.76,1.53,2204661780.0,2204661780.0,-0.16,-0.16,-9.01,-28.29
1922,000935,四川双马,22.59,2.22,0.49,32460.0,72655820.47,3.44,22.7,21.94,21.95,22.1,0.7,0.43,73.33,2.2,17246117122.0,17246117122.0,0.0,0.22,-21.78,-9.06
1923,688087,英科再生,41.89,2.22,0.91,32143.0,135533694.0,6.73,43.07,40.31,41.1,40.98,1.84,1.73,39.63,2.83,8090822686.0,7801823576.0,0.02,-0.14,11.2,36.45
1924,002369,卓翼科技,5.98,2.22,0.13,195158.0,115155294.17,4.27,5.98,5.73,5.76,5.85,0.92,3.44,-25.81,23.87,3390398554.0,3390398554.0,0.0,0.34,-8.84,-30.71
1925,600728,佳都科技,4.61,2.22,0.1,246390.0,113327693.0,3.33,4.64,4.49,4.51,4.51,1.04,1.16,199.41,1.25,9831282593.0,9831282593.0,0.22,0.0,-6.87,-30.88
1926,300554,三超新材,20.79,2.21,0.45,31243.0,63656584.0,5.75,20.88,19.71,20.05,20.34,1.14,3.95,-155.3,4.8,2374458686.0,1644383927.0,0.0,-0.05,-23.14,-10.35
1927,920022,世昌股份,18.53,2.21,0.4,1587.0,2927270.1,4.14,18.79,18.04,18.1,18.13,0.79,0.96,20.34,2.66,1117748130.0,307875950.0,-0.22,-0.22,-21.98,-36.95
1928,002766,索菱股份,4.16,2.21,0.09,408313.0,168158034.6,6.39,4.22,3.96,3.99,4.07,1.29,4.76,-43.51,3.44,3576958628.0,3570028005.0,-0.24,-0.24,-17.95,-31.24
1929,301175,中科环保,5.56,2.21,0.12,232864.0,129224991.0,3.49,5.64,5.45,5.45,5.44,1.89,3.74,17.97,2.15,8183652800.0,3457652800.0,0.0,0.0,-4.96,-4.3
1930,002518,科士达,35.21,2.21,0.76,157123.0,543891068.04,7.14,35.67,33.21,34.02,34.45,1.38,2.78,36.97,4.35,20500145560.0,19899012377.0,0.0,0.03,-32.22,-26.75
1931,600818,ST中路,7.4,2.21,0.16,38037.0,28196259.0,4.97,7.49,7.13,7.13,7.24,0.94,1.6,-32.69,4.76,2378714534.0,1760888534.0,0.27,0.27,21.71,-22.84
1932,920924,广脉科技,14.35,2.21,0.31,9961.0,14241251.77,3.7,14.45,13.93,14.17,14.04,0.68,1.52,96.86,4.8,1539704775.0,938090223.0,-0.14,-0.21,-18.83,-31.37
1933,300783,三只松鼠,17.15,2.21,0.37,50882.0,86647210.12,2.38,17.18,16.78,16.79,16.78,0.84,1.82,6.3,2.17,6888921760.0,4806843160.0,-0.12,0.0,-6.49,-25.53
1934,600668,尖峰集团,7.4,2.21,0.16,39258.0,28849699.0,3.18,7.43,7.2,7.2,7.24,0.83,0.95,-41.7,0.56,3055464396.0,3055464396.0,0.0,0.0,-7.5,-33.93
1935,301305,朗坤科技,24.55,2.21,0.53,38645.0,93110007.0,4.37,24.65,23.6,24.0,24.02,0.63,3.11,15.49,1.51,5940137738.0,3052830651.0,-0.2,0.16,-19.85,10.24
1936,688225,亚信安全,12.03,2.21,0.26,36450.0,43442948.0,3.74,12.1,11.66,11.85,11.77,0.83,0.91,-9.42,3.3,4812120300.0,4812120300.0,0.0,-0.17,-20.17,-37.99
1937,300662,科锐国际,19.88,2.21,0.43,22945.0,45138193.6,3.39,19.97,19.31,19.39,19.45,0.79,1.17,10.65,1.7,3912510417.0,3901155856.0,-0.1,-0.15,-9.72,-20.8
1938,002224,三 力 士,3.7,2.21,0.08,160094.0,58800499.75,3.87,3.72,3.58,3.61,3.62,0.89,1.99,-62.71,1.04,3337830399.0,2983607365.0,-0.27,0.0,-2.63,-15.53
1939,000567,海德股份,6.0,2.21,0.13,154234.0,91829916.93,3.41,6.04,5.84,5.86,5.87,1.16,0.79,6.98,1.95,11727552930.0,11691238998.0,0.17,-0.17,-4.76,-6.54
1940,600566,济川药业,24.94,2.21,0.54,60845.0,151196887.0,3.32,25.08,24.27,24.27,24.4,0.8,0.66,14.36,1.72,22981281234.0,22912162518.0,0.0,0.04,-4.04,1.55
1941,300422,博世科,4.16,2.21,0.09,118435.0,48865939.4,3.44,4.17,4.03,4.04,4.07,0.89,2.29,-30.63,3.85,2220942418.0,2149652477.0,0.0,0.0,-24.23,-9.37
1942,603585,苏利股份,10.2,2.2,0.22,34691.0,35118103.0,3.51,10.25,9.9,9.9,9.98,1.12,1.28,26.04,1.01,2808629272.0,2762119312.0,0.0,-0.1,-11.38,-22.84
1943,002357,富临运业,11.13,2.2,0.24,94822.0,103984586.0,4.68,11.17,10.66,10.74,10.89,0.83,3.02,13.31,1.97,3489132971.0,3489007758.0,0.09,0.09,5.7,4.31
1944,002869,金溢科技,16.28,2.2,0.35,21100.0,34043942.0,3.89,16.37,15.75,15.93,15.93,1.01,1.33,-36.91,1.44,2880176053.0,2579651942.0,0.12,0.0,-9.86,-30.01
1945,301539,宏鑫科技,14.86,2.2,0.32,12152.0,17837553.4,3.44,14.86,14.36,14.46,14.54,1.06,1.62,-37.38,2.91,2199280000.0,1115417575.0,0.0,0.0,-7.53,-28.56
1946,603381,永臻股份,15.79,2.2,0.34,92578.0,144584690.0,6.34,16.04,15.06,15.35,15.45,2.47,6.51,38.44,1.12,3746277388.0,2244354062.0,0.38,0.25,-20.85,-20.49
1947,000516,国际医学,4.18,2.2,0.09,163309.0,67658746.06,2.69,4.18,4.07,4.09,4.09,0.62,0.74,-71.64,2.88,9358588428.0,9215848149.0,0.24,0.0,-2.34,-2.56
1948,688075,安旭生物,29.72,2.2,0.64,5311.0,15655906.0,2.99,29.81,28.94,29.3,29.08,0.68,0.42,-91.14,0.75,3776900965.0,3776900965.0,-0.2,-0.2,-12.46,-21.52
1949,600834,申通地铁,7.48,2.19,0.16,23765.0,17667948.0,2.73,7.49,7.29,7.3,7.32,0.71,0.5,218.66,2.06,3570816649.0,3570816649.0,0.13,0.0,-3.23,-11.37
1950,002778,中晟高科,15.87,2.19,0.34,20071.0,31626675.0,3.61,15.92,15.36,15.37,15.53,1.17,1.63,-87.59,6.17,1979834871.0,1958814104.0,0.13,0.06,-18.03,-24.93
1951,002734,利民股份,14.91,2.19,0.32,126674.0,186549091.57,3.84,14.98,14.42,14.51,14.59,0.86,2.91,12.95,1.76,7094768794.0,6498099221.0,0.0,0.27,-9.64,-3.74
1952,300222,科大智能,10.27,2.19,0.22,142255.0,144156129.64,4.08,10.29,9.88,9.96,10.05,0.82,2.18,42.82,4.38,8033412073.0,6697205737.0,-0.1,0.0,-36.88,-5.78
1953,301390,经纬股份,31.72,2.19,0.68,8125.0,25398305.0,5.38,31.9,30.23,31.81,31.04,1.33,1.66,-110.16,2.03,1903200000.0,1556062030.0,-0.31,-0.35,-7.44,-4.74
1954,300631,久吾高科,21.89,2.19,0.47,19212.0,41571059.0,3.36,21.93,21.21,21.85,21.42,1.35,1.58,36.6,2.01,2736937871.0,2661935223.0,0.32,0.05,-10.21,-23.57
1955,603602,纵横通信,11.69,2.19,0.25,30138.0,34863730.0,3.41,11.74,11.35,11.36,11.44,0.93,1.3,90.49,2.96,2701062105.0,2701062105.0,0.09,-0.09,-12.7,-19.71
1956,300679,电连技术,51.3,2.19,1.1,282700.0,1444417021.83,7.85,52.72,48.78,48.78,50.2,0.76,7.86,52.91,4.33,21793266000.0,18440901442.0,0.18,0.18,-4.66,5.9
1957,002320,海峡股份,6.52,2.19,0.14,163561.0,106022065.83,2.82,6.56,6.38,6.4,6.38,1.19,0.73,29.85,3.62,14577402875.0,14577402875.0,0.15,0.0,-15.1,-46.25
1958,001266,宏英智能,34.54,2.19,0.74,17359.0,58978938.0,5.27,34.73,32.95,33.57,33.8,0.87,2.99,24.65,3.75,3580128405.0,2008419727.0,-0.03,0.0,-28.8,-11.62
1959,002176,江特电机,9.35,2.19,0.2,1760883.0,1696070339.68,7.87,10.07,9.35,10.07,9.15,3.22,10.36,-22.15,5.38,15916042932.0,15892761432.0,0.0,-0.32,-19.26,-4.0
1960,002025,航天电器,60.67,2.19,1.3,110257.0,661692273.82,6.1,61.5,57.88,58.59,59.37,0.44,2.43,131.84,4.18,27545379567.0,27536371710.0,-0.03,-0.07,-1.01,21.34
1961,000570,苏常柴Ａ,5.14,2.19,0.11,146756.0,74780278.88,3.38,5.15,4.98,4.99,5.03,1.34,2.64,17.26,1.02,3627259486.0,2856259486.0,0.19,0.0,-9.19,-7.22
1962,002830,名雕股份,14.0,2.19,0.3,28721.0,39761703.98,4.74,14.1,13.45,13.56,13.7,0.94,3.09,193.18,3.96,2602544000.0,1299683000.0,0.0,-0.21,-15.81,1.08
1963,000989,九芝堂,8.85,2.19,0.19,215995.0,189374521.0,4.39,8.9,8.52,8.6,8.66,0.59,2.94,15.14,2.06,7575086806.0,6498114739.0,-0.11,0.23,7.14,4.98
1964,001233,海安集团,44.09,2.18,0.94,9235.0,40335091.75,2.99,44.1,42.81,43.09,43.15,0.44,2.45,38.58,1.74,8199564296.0,1662771769.0,0.05,0.05,-15.47,-23.53
1965,002361,神剑股份,10.32,2.18,0.22,704274.0,717239893.55,5.15,10.4,9.88,10.0,10.1,0.5,8.34,-157.27,4.53,9814680880.0,8715477195.0,-0.29,-0.1,-31.75,-28.03
1966,002982,湘佳股份,12.64,2.18,0.27,31588.0,39615634.56,3.23,12.65,12.25,12.31,12.37,0.67,2.43,-106.18,1.63,2568373234.0,1644353375.0,0.0,0.08,-5.95,-7.33
1967,300682,朗新科技,9.39,2.18,0.2,160919.0,149697654.0,3.37,9.42,9.11,9.18,9.19,0.68,1.56,-28.05,1.59,10124634359.0,9708636664.0,0.11,0.11,-25.42,-37.48
1968,600182,S佳通,13.61,2.18,0.29,19691.0,26578758.0,3.3,13.66,13.22,13.26,13.32,0.76,1.16,24.39,4.38,4627400000.0,2313700000.0,0.0,-0.07,-0.37,-6.78
1969,001222,源飞宠物,14.54,2.18,0.31,29545.0,42618594.3,3.72,14.58,14.05,14.13,14.23,0.72,2.61,30.56,1.95,2775540600.0,1643000880.0,-0.14,-0.14,-11.34,-38.55
1970,605208,永茂泰,14.09,2.18,0.3,102677.0,143328343.0,4.86,14.28,13.61,13.79,13.79,0.92,3.11,28.89,2.05,4648854600.0,4648854600.0,0.0,0.07,-1.12,4.22
1971,002662,峰璟股份,3.28,2.18,0.07,89241.0,29017394.56,3.12,3.28,3.18,3.19,3.21,0.84,0.59,59.04,1.12,4920000000.0,4919938008.0,0.31,0.0,-6.02,-17.38
1972,688151,华强科技,15.97,2.18,0.34,25962.0,41359178.0,4.35,16.22,15.54,15.74,15.63,0.91,0.75,288.71,1.3,5501665000.0,5501665000.0,-0.06,-0.13,-8.74,-22.32
1973,000025,特  力Ａ,16.0,2.17,0.34,163483.0,262892520.64,5.24,16.53,15.71,15.71,15.66,1.09,4.16,40.72,3.61,6896933120.0,6284453120.0,0.0,0.13,3.29,-7.78
1974,300266,兴源环境,1.88,2.17,0.04,197863.0,36695095.13,4.35,1.89,1.81,1.82,1.84,1.35,1.27,-14.01,-69.85,2921157750.0,2919737598.0,0.0,0.0,-12.15,-26.85
1975,301399,英特科技,17.43,2.17,0.37,35108.0,60780561.47,4.16,17.57,16.86,17.06,17.06,1.76,6.42,-377.04,2.48,3224898600.0,953134904.0,-0.06,-0.11,-6.39,-10.2
1976,603833,欧派家居,32.5,2.17,0.69,30895.0,99662949.0,3.33,32.69,31.63,31.8,31.81,0.68,0.51,31.8,1.11,19686134228.0,19686134228.0,0.06,0.06,-15.39,-34.52
1977,300760,迈瑞医疗,162.12,2.17,3.44,119545.0,1924303290.68,2.92,162.66,158.03,158.47,158.68,1.22,0.99,21.08,5.14,196456923754.0,196272546947.0,0.02,0.06,8.49,-14.17
1978,002022,科华生物,5.65,2.17,0.12,75153.0,42065584.35,4.16,5.68,5.45,5.51,5.53,0.61,1.46,-15.0,1.15,2906344033.0,2905930877.0,0.0,0.0,-0.53,-4.88
1979,002362,汉王科技,16.0,2.17,0.34,30027.0,47517920.0,3.38,16.03,15.5,15.63,15.66,1.2,1.45,-23.13,4.31,3911274336.0,3321502912.0,0.0,0.06,-5.04,-26.06
1980,002310,东方新能,2.35,2.17,0.05,723620.0,169064607.52,3.48,2.37,2.29,2.29,2.3,1.01,1.64,-254.83,5.88,14098406975.0,10337672212.0,0.0,0.0,-20.88,4.44
1981,002277,友阿股份,6.58,2.17,0.14,745672.0,487220603.65,6.21,6.71,6.31,6.44,6.44,2.57,5.35,54.1,1.43,9173657024.0,9173657024.0,0.0,0.15,-1.5,-5.46
1982,002769,普路通,7.05,2.17,0.15,65949.0,46030547.0,3.62,7.08,6.83,6.9,6.9,1.12,1.77,81.36,2.22,2631892281.0,2629722122.0,-0.14,0.0,-12.86,-39.9
1983,002763,汇洁股份,7.52,2.17,0.16,44995.0,33540385.5,2.85,7.53,7.32,7.32,7.36,0.72,1.48,11.2,1.92,3082628480.0,2283496038.0,0.0,0.13,-9.29,17.13
1984,301049,超越科技,20.29,2.17,0.43,13514.0,27216027.0,4.18,20.4,19.57,19.81,19.86,1.36,3.76,-26.11,3.76,1912400147.0,729819714.0,-0.34,-0.25,-7.81,-5.54
1985,002291,遥望科技,5.19,2.17,0.11,170354.0,87734429.07,3.15,5.21,5.05,5.05,5.08,0.89,1.96,15.83,1.67,4853326532.0,4510760151.0,0.0,0.39,-14.78,-18.78
1986,600037,歌华有线,7.05,2.17,0.15,149091.0,104481043.0,3.19,7.08,6.86,6.87,6.9,1.26,1.07,36.3,0.77,9812034082.0,9812034082.0,-0.14,-0.14,-4.08,-2.76
1987,920876,慧为智能,15.64,2.16,0.33,4938.0,7679861.96,3.79,15.8,15.22,15.22,15.31,0.44,1.26,-97.07,4.0,1003785507.0,613842614.0,-0.06,-0.26,-36.63,-38.11
1988,000816,智慧农业,2.84,2.16,0.06,263029.0,74104250.0,3.24,2.84,2.75,2.78,2.78,0.66,1.83,363.0,2.07,4109517823.0,4088205764.0,0.35,0.35,2.9,-22.83
1989,002787,华源控股,21.31,2.16,0.45,109239.0,228635092.15,7.57,21.65,20.07,20.5,20.86,0.69,4.4,47.17,3.89,7083416787.0,5286653802.0,-0.05,0.09,-13.97,71.16
1990,600993,马应龙,23.22,2.16,0.49,39431.0,90855086.0,2.68,23.23,22.62,22.7,22.73,0.73,0.92,11.77,2.33,10009071349.0,9991983171.0,0.09,0.09,-1.57,-14.95
1991,600467,好当家,2.37,2.16,0.05,277429.0,65369514.0,3.45,2.38,2.3,2.3,2.32,0.77,1.9,57.75,1.01,3462556500.0,3462556500.0,0.0,0.0,1.28,-8.49
1992,601608,中信重工,4.74,2.16,0.1,269793.0,126741850.0,3.02,4.75,4.61,4.63,4.64,0.84,0.59,57.07,2.34,21707083291.0,21707083291.0,0.21,0.0,-14.13,-27.74
1993,300321,同大股份,33.65,2.16,0.71,30252.0,99995181.75,7.53,34.18,31.7,32.36,32.94,1.27,3.41,340.14,4.71,2988120000.0,2985492171.0,-0.21,-0.53,-23.44,-25.62
1994,600054,黄山旅游,11.34,2.16,0.24,103996.0,117758840.0,2.43,11.42,11.15,11.19,11.1,1.9,2.03,31.74,1.69,8271162850.0,5820822000.0,0.0,0.0,1.89,1.43
1995,002446,盛路通信,8.52,2.16,0.18,191611.0,161252283.06,5.4,8.59,8.14,8.2,8.34,0.78,2.26,77.97,3.06,7799341968.0,7223062562.0,0.0,0.12,-9.94,-18.78
1996,600251,冠农股份,10.39,2.16,0.22,192120.0,198712202.0,4.23,10.53,10.1,10.1,10.17,0.87,2.47,6.93,2.02,8072963327.0,8072963327.0,0.19,0.19,2.16,13.3
1997,603293,埃泰克,35.53,2.16,0.75,10032.0,35179859.0,3.22,35.53,34.41,34.42,34.78,0.8,2.86,34.06,2.16,6363091079.0,1246979036.0,0.28,0.31,-20.75,6.09
1998,300951,博硕科技,69.89,2.16,1.48,46252.0,317214271.16,6.43,71.0,66.6,67.76,68.41,0.78,3.06,-186.4,5.46,11839407724.0,10580676244.0,0.19,0.19,80.27,107.08
1999,000999,华润三九,24.11,2.16,0.51,97471.0,232987243.7,2.8,24.13,23.47,23.55,23.6,0.86,0.59,12.01,1.76,40124292556.0,40084341153.0,0.0,-0.04,-1.67,-13.49
2000,300590,移为通信,10.95,2.15,0.23,98174.0,106201659.62,4.48,11.02,10.54,10.6,10.72,0.83,2.74,24.37,2.74,5061490091.0,3918069793.0,-0.27,-0.09,-26.16,-12.82
2001,000059,华锦股份,4.76,2.15,0.1,495274.0,235794937.13,4.51,4.83,4.62,4.65,4.66,0.77,3.1,10.42,0.75,7613346476.0,7613205818.0,-0.21,0.0,4.39,-11.03
2002,300067,安诺其,5.22,2.15,0.11,276033.0,142640204.03,3.91,5.24,5.04,5.06,5.11,0.65,2.95,149.62,2.42,6025835276.0,4892516410.0,0.19,-0.19,-9.69,4.4
2003,600373,中文传媒,7.12,2.15,0.15,101261.0,71846077.0,3.16,7.16,6.94,6.95,6.97,1.11,0.75,22.06,0.54,9593194079.0,9593194079.0,-0.14,-0.14,-6.81,-22.1
2004,300775,三角防务,20.89,2.15,0.44,75522.0,156025570.51,4.11,21.0,20.16,20.41,20.45,0.73,1.42,266.32,1.94,11438389795.0,11106030647.0,0.0,-0.1,-15.56,-31.06
2005,300684,中石科技,86.01,2.15,1.81,249325.0,2136404992.53,8.73,88.47,81.12,82.02,84.2,0.74,12.16,93.35,12.44,25760788270.0,17630259014.0,-0.05,0.9,48.29,77.41
2006,300162,雷曼光电,7.6,2.15,0.16,172681.0,129393896.85,6.18,7.67,7.21,7.33,7.44,0.71,5.05,-57.46,3.86,3188276228.0,2600429528.0,0.0,0.0,-21.24,-6.52
2007,600499,科达制造,14.26,2.15,0.3,352445.0,504873763.0,3.3,14.53,14.07,14.1,13.96,1.31,1.84,10.65,2.06,27348632136.0,27348632136.0,0.0,0.0,-9.11,5.08
2008,688272,富吉瑞,28.48,2.15,0.6,11874.0,33380802.0,5.63,28.73,27.16,27.5,27.88,0.86,1.56,-40.25,5.43,2164480000.0,2164480000.0,-0.45,-0.45,-17.45,-12.8
2009,603202,天有为,52.73,2.15,1.11,12262.0,64055914.0,3.84,53.0,51.02,51.49,51.62,1.46,2.44,14.46,1.24,8436800000.0,2647761652.0,0.0,0.06,-19.24,-41.61
2010,603188,亚邦股份,4.76,2.15,0.1,220680.0,103968661.0,4.94,4.77,4.54,4.6,4.66,1.06,3.87,48.51,3.85,2714009200.0,2714009200.0,0.0,0.21,2.37,3.7
2011,301486,致尚科技,171.61,2.15,3.61,36125.0,609249683.94,6.08,172.88,162.66,165.0,168.0,0.62,4.96,-909.99,8.64,22101426233.0,12511076376.0,0.12,0.01,-23.9,38.34
2012,301185,鸥玛软件,16.64,2.15,0.35,14449.0,23862032.0,3.68,16.65,16.05,16.27,16.29,1.02,1.04,166.78,2.42,2552868864.0,2307425087.0,0.06,0.06,0.36,-11.96
2013,301270,汉仪股份,32.36,2.15,0.68,22660.0,73026859.14,3.72,32.49,31.31,31.78,31.68,0.91,2.4,-442.68,3.38,3236000000.0,3057788432.0,-0.03,0.06,6.38,-13.2
2014,600792,云煤能源,3.82,2.14,0.08,358492.0,136142133.0,4.55,3.86,3.69,3.72,3.74,0.89,3.23,-8.52,1.85,4239908152.0,4239908152.0,0.26,0.26,-11.16,-1.55
2015,002401,中远海科,12.42,2.14,0.26,44769.0,55328832.3,2.71,12.42,12.09,12.19,12.16,1.48,1.21,158.1,2.8,4616122025.0,4612161163.0,0.08,0.08,-6.83,-21.89
2016,600183,生益科技,129.0,2.14,2.7,635340.0,8137042198.0,7.88,132.0,122.05,124.0,126.3,0.93,2.63,47.66,16.94,313341473430.0,311115602553.0,0.02,0.06,-4.32,82.69
2017,600572,康恩贝,4.3,2.14,0.09,606820.0,259684962.0,3.33,4.32,4.18,4.19,4.21,0.5,2.4,13.75,1.59,10915687733.0,10886697765.0,-0.23,-0.23,4.62,-0.23
2018,603386,骏亚科技,13.84,2.14,0.29,47448.0,64525105.0,4.87,13.87,13.21,13.53,13.55,0.68,1.45,-55.21,3.45,4516304230.0,4516304230.0,0.0,0.14,-17.08,-9.72
2019,000096,广聚能源,8.1,2.14,0.17,76293.0,61491255.0,2.9,8.11,7.88,7.91,7.93,1.32,1.49,87.44,1.57,4276800000.0,4137868800.0,0.12,-0.12,-3.91,-20.59
2020,688066,*ST航图,8.13,2.14,0.17,46560.0,37503274.0,5.15,8.2,7.79,7.94,7.96,0.74,1.77,-4.94,-1.82,2140868160.0,2140868160.0,0.37,0.0,-43.54,-75.03
2021,688283,坤恒顺维,28.31,2.13,0.59,10472.0,29113224.0,5.12,28.47,27.05,27.31,27.72,1.0,0.86,195.95,3.6,3448158000.0,3448158000.0,0.0,0.39,-23.15,-29.3
2022,600343,航天动力,18.18,2.13,0.38,141067.0,253736368.0,4.94,18.32,17.44,17.6,17.8,0.48,2.21,-130.46,9.11,11602591407.0,11602591407.0,0.0,0.06,-29.32,-62.88
2023,001298,好上好,17.71,2.13,0.37,59062.0,103454729.06,4.5,17.8,17.02,17.11,17.34,0.95,1.45,32.44,4.6,7659823418.0,7215398424.0,0.06,-0.17,-16.82,-13.02
2024,300896,爱美客,93.35,2.13,1.95,29792.0,276639002.04,2.54,93.69,91.37,91.45,91.4,0.72,1.35,23.8,3.57,28246968894.0,20631498392.0,0.0,0.08,-10.54,-33.76
2025,300227,光韵达,11.97,2.13,0.25,197411.0,233150266.71,7.59,12.2,11.31,11.65,11.72,1.21,4.33,-62.18,4.47,7131263850.0,5462572091.0,0.0,-0.5,8.72,29.97
2026,300675,建科院,12.97,2.13,0.27,20546.0,26409723.0,3.78,13.01,12.53,12.67,12.7,1.19,1.4,-24.25,3.87,1902267099.0,1902267099.0,-0.15,-0.08,-12.72,-16.97
2027,300302,同有科技,29.29,2.13,0.61,157321.0,451919362.41,6.9,29.53,27.55,27.95,28.68,0.67,4.27,40.25,12.75,14037636643.0,10802558985.0,-0.03,0.03,-40.53,61.47
2028,300003,乐普医疗,11.96,2.13,0.25,220658.0,262365655.85,2.56,12.02,11.72,11.77,11.71,0.61,1.4,22.07,1.34,22047359603.0,18883788166.0,-0.08,-0.17,-4.4,-23.58
2029,300217,东方电热,4.32,2.13,0.09,142178.0,60951699.46,3.55,4.33,4.18,4.19,4.23,0.79,1.15,55.85,1.51,6384860381.0,5362909292.0,0.0,0.0,-15.95,-16.28
2030,605378,野马电池,14.39,2.13,0.3,20746.0,29581889.0,3.55,14.42,13.92,13.96,14.09,1.22,0.79,-128.07,3.12,3760774696.0,3760774696.0,0.0,0.0,-15.05,-35.56
2031,002116,中国海诚,7.23,2.12,0.15,43225.0,31149281.64,3.11,7.25,7.03,7.03,7.08,1.51,0.78,16.9,1.45,4041229163.0,3992065930.0,-0.14,-0.14,-4.11,-13.72
2032,301373,凌玮科技,94.99,2.12,1.97,47849.0,443789143.25,7.98,96.5,89.08,91.78,93.02,0.82,6.87,75.93,6.07,10303763924.0,6616568061.0,0.03,0.0,-32.38,198.71
2033,603131,上海沪工,14.46,2.12,0.3,53598.0,76457225.0,5.3,14.57,13.82,14.03,14.16,0.7,1.59,350.04,2.96,4871678401.0,4871678401.0,0.07,0.0,-23.0,-52.2
2034,603093,南华期货,11.55,2.12,0.24,137220.0,157066226.0,2.74,11.6,11.29,11.33,11.31,1.24,1.56,15.44,2.05,11990569437.0,10187550335.0,0.17,0.17,-23.15,-14.0
2035,603018,华设集团,5.31,2.12,0.11,70288.0,37081052.0,2.88,5.33,5.18,5.2,5.2,1.15,0.86,15.97,0.81,4349674430.0,4349674430.0,0.0,0.19,-11.06,-15.04
2036,002475,立讯精密,54.86,2.12,1.14,1336501.0,7241525078.4,7.09,55.69,51.88,52.6,53.72,1.26,1.82,27.06,4.56,424496931104.0,401853767614.0,0.0,0.02,-22.26,-2.75
2037,601231,环旭电子,26.45,2.12,0.55,240599.0,627438496.0,7.18,26.87,25.01,25.54,25.9,0.92,1.01,38.43,2.82,63187348683.0,63187348683.0,0.0,0.08,-33.73,-10.55
2038,920220,朗信电气,39.93,2.12,0.83,4723.0,18630561.67,2.86,39.93,38.81,39.0,39.1,0.4,2.28,40.56,2.35,2643616042.0,827981971.0,0.03,0.33,-45.04,41.15
2039,603960,克来机电,15.93,2.12,0.33,29278.0,46304814.0,3.97,16.03,15.41,15.49,15.6,0.7,1.12,369.5,3.72,4176812547.0,4176812547.0,0.13,0.06,-21.1,-19.67
2040,688363,华熙生物,36.08,2.12,0.75,21809.0,78222878.0,2.38,36.14,35.3,35.3,35.33,0.64,0.45,67.2,2.47,17378950971.0,17378950971.0,0.14,0.0,-2.25,-17.04
2041,603538,美诺华,26.96,2.12,0.56,490891.0,1309546465.0,8.71,27.9,25.6,25.65,26.4,0.76,14.57,71.95,3.13,9164463948.0,9083361879.0,0.0,-0.11,-18.72,97.8
2042,603886,元祖股份,12.05,2.12,0.25,87719.0,104631092.0,5.68,12.17,11.5,11.8,11.8,0.56,3.65,-10.29,2.16,2892000000.0,2892000000.0,0.0,0.08,8.36,-9.87
2043,002380,科远智慧,28.02,2.11,0.58,44458.0,122679784.66,4.7,28.15,26.86,27.06,27.44,0.96,3.13,20.75,2.72,6724566005.0,3984555800.0,0.04,-0.11,-29.47,3.78
2044,301584,建发致新,21.77,2.11,0.45,22555.0,48609953.45,3.61,21.8,21.03,21.15,21.32,0.52,4.2,30.99,4.23,9171450841.0,1169359984.0,0.05,0.0,-6.69,-24.98
2045,601515,衢州东峰,3.38,2.11,0.07,99834.0,33630205.0,3.32,3.4,3.29,3.31,3.31,0.69,0.52,-153.68,1.33,6504710868.0,6504710868.0,-0.29,-0.29,-16.54,-21.4
2046,300105,龙源技术,7.74,2.11,0.16,164640.0,125661010.93,4.62,7.76,7.41,7.56,7.58,0.62,3.19,214.14,2.23,3992403611.0,3989905139.0,0.0,0.26,22.27,10.41
2047,000564,供销大集,1.45,2.11,0.03,2666230.0,387122518.04,3.52,1.47,1.42,1.42,1.42,0.54,1.77,-47.97,1.81,26184191863.0,21887575311.0,0.0,-0.68,-16.18,-42.0
2048,603486,科沃斯,56.21,2.11,1.16,129628.0,719231824.0,6.38,57.14,53.63,53.92,55.05,1.72,2.26,13.03,3.23,32523011005.0,32228151613.0,-0.07,0.11,-4.19,-29.53
2049,600742,富维股份,7.74,2.11,0.16,42412.0,32595900.0,2.51,7.75,7.56,7.58,7.58,1.12,0.57,17.54,0.68,5751267991.0,5751267991.0,0.26,0.13,-6.18,-20.7
2050,300193,佳士科技,7.75,2.11,0.16,38985.0,30072177.5,3.03,7.77,7.54,7.6,7.59,0.88,0.93,35.66,1.64,3690935989.0,3250163225.0,0.0,-0.26,2.38,-10.4
2051,002300,太阳电缆,6.76,2.11,0.14,137944.0,92307774.21,3.78,6.77,6.52,6.54,6.62,0.74,1.91,75.79,2.64,4882975812.0,4882714274.0,0.0,0.0,-21.58,-25.96
2052,000913,钱江摩托,11.64,2.11,0.24,38617.0,44645691.27,3.25,11.73,11.36,11.4,11.4,1.02,0.74,-39.36,1.22,6127424040.0,6053995137.0,0.09,0.0,-0.17,-21.46
2053,002933,新兴装备,26.73,2.1,0.55,11180.0,29597198.0,3.97,26.8,25.76,26.12,26.18,0.61,0.96,96.06,2.01,3136765500.0,3124583997.0,0.07,0.22,-11.31,-26.12
2054,300632,光莆股份,18.51,2.1,0.38,93853.0,170289897.0,6.51,18.66,17.48,17.7,18.13,0.75,4.24,1673.2,3.32,5648911786.0,4094329779.0,0.22,0.05,-30.73,35.51
2055,300746,汉嘉数智,13.15,2.1,0.27,33967.0,44307059.0,5.36,13.3,12.61,12.7,12.88,0.87,1.52,92.74,3.6,2968459013.0,2939622668.0,-0.08,-0.38,15.35,3.79
2056,600590,泰豪科技,8.28,2.1,0.17,172693.0,141822246.0,5.3,8.33,7.9,7.9,8.11,0.73,2.05,35.78,2.19,7061761530.0,6984755650.0,-0.24,-0.12,-35.71,-11.82
2057,000766,通化金马,16.01,2.1,0.33,201840.0,320837303.84,3.89,16.17,15.56,15.65,15.68,0.98,2.09,1088.98,6.68,15473580259.0,15459473032.0,-0.12,-0.19,-32.53,-41.76
2058,301210,金杨精密,24.28,2.1,0.5,28992.0,69101908.64,4.63,24.36,23.26,23.62,23.78,0.84,4.76,36.57,2.06,3912941783.0,1477425496.0,0.04,0.21,-13.29,-6.22
2059,600136,ST明诚,1.46,2.1,0.03,94415.0,13658552.0,3.5,1.47,1.42,1.42,1.43,1.09,0.49,-353.37,13.16,2979605859.0,2836910661.0,0.69,0.69,-11.52,-13.61
2060,300269,联建光电,4.87,2.1,0.1,174677.0,83590437.2,7.55,4.91,4.55,4.65,4.77,1.37,3.32,-50.65,35.19,2663772287.0,2559892747.0,0.0,-0.2,-10.81,-25.76
2061,688056,莱伯泰科,41.86,2.1,0.86,7554.0,31073197.0,5.9,42.26,39.84,40.86,41.0,0.69,1.12,106.75,3.51,2823559976.0,2823559976.0,0.26,0.19,27.43,25.1
2062,002940,昂利康,25.82,2.1,0.53,102001.0,257415484.54,4.94,25.9,24.65,24.86,25.29,0.78,5.52,47.41,3.15,5208621763.0,4768162746.0,-0.12,-0.04,-24.55,-22.63
2063,300315,掌趣科技,3.9,2.09,0.08,493228.0,191404538.23,3.14,3.93,3.81,3.82,3.82,0.81,1.82,145.62,2.3,10559682912.0,10559565034.0,0.0,0.0,-15.22,-21.05
2064,002180,奔图科技,17.1,2.09,0.35,75715.0,128431752.72,4.42,17.17,16.43,16.51,16.75,0.44,0.56,94.17,2.66,24314129583.0,23260916216.0,-0.06,-0.12,11.26,-15.43
2065,003003,天元股份,11.25,2.09,0.23,33171.0,37050420.0,3.54,11.29,10.9,10.91,11.02,1.21,2.82,31.49,1.55,1988100000.0,1325208656.0,-0.09,-0.27,-7.64,-13.59
2066,601798,蓝科高新,7.83,2.09,0.16,50627.0,39303961.0,3.52,7.85,7.58,7.58,7.67,1.03,1.43,56.42,2.15,2775955790.0,2775955790.0,-0.25,-0.13,-1.63,-11.72
2067,600660,福耀玻璃,57.67,2.09,1.18,136722.0,787309142.0,3.08,58.1,56.36,56.8,56.49,1.0,0.68,18.95,3.94,150503909490.0,115512221766.0,-0.03,0.02,9.89,-9.28
2068,000822,山东海化,4.39,2.09,0.09,160057.0,69982517.0,3.72,4.41,4.25,4.25,4.3,1.71,1.79,-6.98,1.1,3929453555.0,3929453555.0,-0.23,-0.45,-12.72,-16.38
2069,603035,常熟汽饰,11.26,2.09,0.23,44399.0,49644316.0,2.63,11.28,10.99,10.99,11.03,1.33,1.21,14.41,0.77,4125068121.0,4125068121.0,-0.09,-0.09,-7.78,-26.45
2070,300228,富瑞特装,7.31,2.09,0.15,95412.0,69230183.0,3.63,7.36,7.1,7.1,7.16,0.84,1.71,19.16,1.77,4367180763.0,4085588598.0,-0.14,-0.27,-14.0,-25.18
2071,605155,西大门,14.19,2.09,0.29,13561.0,19033738.0,2.81,14.19,13.8,13.83,13.9,0.63,0.72,33.7,2.03,2703469889.0,2659608599.0,0.78,0.64,-8.57,-16.53
2072,601388,怡球资源,3.42,2.09,0.07,766149.0,262902762.0,4.78,3.51,3.35,3.44,3.35,2.72,3.48,16.7,1.6,7528181347.0,7528181347.0,0.0,0.0,-2.56,14.38
2073,000045,深纺织Ａ,10.77,2.09,0.22,95207.0,101852470.13,3.89,10.82,10.41,10.52,10.55,1.32,2.08,61.41,1.83,5455240314.0,4922125314.0,0.19,0.0,-4.94,-11.5
2074,002063,远光软件,5.38,2.09,0.11,173341.0,92563082.15,2.47,5.39,5.26,5.27,5.27,0.92,0.98,238.07,2.62,10305243755.0,9518091899.0,-0.19,0.0,-10.78,-10.93
2075,300833,浩洋股份,37.2,2.09,0.76,5853.0,21614442.0,3.29,37.22,36.02,36.02,36.44,0.99,0.72,28.29,1.96,4705446600.0,3022637082.0,0.03,0.16,7.42,-6.95
2076,920418,苏轴股份,18.05,2.09,0.37,11983.0,21477564.25,2.55,18.12,17.67,17.68,17.68,0.59,0.76,25.99,3.19,2932937280.0,2832379864.0,0.61,0.22,-17.16,-39.14
2077,002962,五方光电,12.7,2.09,0.26,66974.0,83780236.9,5.06,12.77,12.14,12.4,12.44,0.57,3.2,125.07,2.11,3704149970.0,2657039771.0,-0.24,-0.08,-32.8,-13.72
2078,603194,中力股份,34.21,2.09,0.7,11278.0,38309355.0,3.43,34.45,33.3,33.3,33.51,1.17,0.71,18.83,2.56,13718210000.0,5406100694.0,-0.15,-0.18,-0.52,-12.08
2079,920168,通宝光电,15.24,2.08,0.31,4311.0,6567561.64,6.83,15.87,14.85,14.91,14.93,1.36,1.53,45.29,1.47,1145642616.0,429379593.0,0.07,0.2,-19.58,-2.74
2080,601615,明阳智能,10.82,2.08,0.22,308057.0,329995217.0,4.53,10.9,10.42,10.51,10.6,0.73,1.36,248.08,0.94,24469394359.0,24469394359.0,0.0,-0.09,-32.33,-24.34
2081,001282,三联锻造,16.16,2.08,0.33,18062.0,28944960.96,3.92,16.25,15.63,15.78,15.83,1.04,1.18,32.79,2.2,3590519296.0,2468071552.0,0.0,-0.06,-10.32,-23.92
2082,603029,天鹅股份,16.22,2.08,0.33,23278.0,37543029.0,3.46,16.29,15.74,15.83,15.89,0.81,1.92,50.68,2.07,1968167240.0,1968167240.0,0.12,0.06,-5.53,-10.19
2083,002601,龙佰集团,15.69,2.08,0.32,123453.0,191721028.03,3.12,15.73,15.25,15.3,15.37,0.71,0.62,50.01,1.64,37408851999.0,31185487712.0,0.13,-0.13,7.84,-19.87
2084,002707,众信旅游,5.39,2.08,0.11,299223.0,160488621.84,3.22,5.41,5.24,5.26,5.28,1.48,3.46,133.84,5.88,5296834028.0,4662284792.0,0.0,0.19,-7.55,-25.03
2085,688681,科汇股份,17.18,2.08,0.35,14338.0,24366066.0,4.1,17.2,16.51,16.82,16.83,1.05,1.37,175.9,2.99,1798230600.0,1798230600.0,0.17,-0.12,-1.15,-1.21
2086,300160,秀强股份,4.41,2.08,0.09,62823.0,27508792.0,3.01,4.42,4.29,4.3,4.32,0.96,0.82,28.41,1.29,3408693148.0,3364673229.0,0.0,0.0,-12.15,-17.88
2087,603273,天元智能,14.71,2.08,0.3,22353.0,32646811.0,3.4,14.78,14.29,14.34,14.41,0.97,3.99,107.07,3.55,3169025314.0,824619064.0,0.0,-0.14,-3.79,-29.82
2088,603992,松霖科技,21.57,2.08,0.44,34886.0,74175949.0,3.31,21.57,20.87,21.19,21.13,0.93,0.79,25.04,2.69,9556412057.0,9556412057.0,0.23,0.33,-26.88,-46.95
2089,688028,沃尔德,89.65,2.07,1.82,45788.0,402854571.0,7.88,90.8,83.88,85.35,87.83,0.76,3.03,119.34,6.76,13532577850.0,13532577850.0,-0.24,-0.11,-18.41,39.19
2090,603383,顶点软件,28.6,2.07,0.58,27074.0,76678954.0,3.64,28.74,27.72,27.83,28.02,0.51,1.32,40.75,4.05,5873763867.0,5873763867.0,0.0,0.11,-11.62,-19.46
2091,301222,浙江恒威,24.63,2.07,0.5,21078.0,51020247.54,5.8,24.85,23.45,23.93,24.13,1.4,1.98,33.51,2.44,3456530851.0,2625561645.0,0.0,0.04,-24.49,23.09
2092,605566,福莱蒽特,25.62,2.07,0.52,22063.0,55978616.0,3.11,25.75,24.97,24.98,25.1,0.8,1.65,34.09,1.69,3416170800.0,3416170800.0,0.23,0.16,-38.49,-18.38
2093,002470,金正大,1.97,2.07,0.04,1214314.0,238966382.0,4.15,1.99,1.91,1.92,1.93,0.8,3.7,141.45,3.04,6473474652.0,6472899756.0,-0.51,-0.51,-15.09,10.67
2094,600858,银座股份,4.92,2.07,0.1,98753.0,48175456.0,3.94,4.94,4.75,4.75,4.82,1.56,1.91,17.24,0.93,2558727618.0,2546336303.0,-0.2,0.0,-8.72,-21.03
2095,688327,云从科技-UW,9.85,2.07,0.2,169207.0,164101170.0,4.97,9.94,9.46,9.6,9.65,0.96,2.03,-65.02,14.17,10243756991.0,8223448313.0,0.1,0.1,-31.36,-31.45
2096,300846,首都在线,18.71,2.07,0.38,197905.0,365495258.91,5.51,18.88,17.87,18.11,18.33,0.69,4.76,-146.57,12.33,9435007066.0,7775674942.0,-0.11,-0.11,-23.51,-18.05
2097,688099,晶晨股份,91.35,2.07,1.85,79909.0,724103100.0,4.91,92.39,88.0,89.5,89.5,0.75,1.89,31.66,4.85,38670281543.0,38670281543.0,-0.13,0.05,-9.64,4.96
2098,920720,吉冈精密,9.37,2.07,0.19,7061.0,6595297.59,3.05,9.43,9.15,9.15,9.18,0.66,0.95,61.27,4.77,2482031856.0,693540911.0,0.43,0.0,-12.84,-32.83
2099,688244,永信至诚,15.26,2.07,0.31,21721.0,32955189.0,4.68,15.39,14.69,14.69,14.95,1.23,1.44,-24.54,2.43,2303672780.0,2303672780.0,-0.33,-0.46,-11.59,-37.56
2100,002746,仙坛股份,6.4,2.07,0.13,216662.0,137909776.5,2.87,6.42,6.24,6.24,6.27,1.1,3.05,15.26,1.19,5507447853.0,4541927853.0,-0.16,0.16,3.73,9.03
2101,301153,中科江南,17.23,2.07,0.35,37681.0,64700107.28,3.08,17.32,16.8,16.83,16.88,1.19,1.14,-61.12,3.35,6128099680.0,5716092956.0,-0.4,-0.17,-11.32,-29.85
2102,688220,翱捷科技-U,91.1,2.06,1.84,58238.0,522519493.0,6.09,92.13,86.69,88.0,89.26,0.75,1.39,-340.02,7.0,38107210988.0,38107210988.0,0.0,-0.05,-9.28,10.28
2103,000402,金 融 街,2.48,2.06,0.05,377975.0,93226610.64,2.88,2.49,2.42,2.42,2.43,1.06,1.26,5.37,0.37,7412546169.0,7411861789.0,0.0,-0.4,-20.77,-9.82
2104,002646,天佑德酒,6.94,2.06,0.14,44506.0,30722099.99,2.79,6.95,6.76,6.76,6.8,0.91,0.93,17.05,1.15,3305792480.0,3303448668.0,-0.14,0.0,-11.37,-19.77
2105,601616,广电电气,3.97,2.06,0.08,343588.0,135281643.0,4.63,4.0,3.82,3.89,3.89,1.61,4.02,-36.01,1.42,3389091016.0,3389091016.0,0.0,0.0,-7.67,2.85
2106,300237,ST美晨,1.98,2.06,0.04,88969.0,17447583.0,3.09,1.99,1.93,1.93,1.94,0.86,0.62,-71.37,63.94,2854991561.0,2854964831.0,0.0,0.0,-14.29,-23.26
2107,603021,*ST华鹏,5.45,2.06,0.11,61541.0,32933799.0,5.99,5.5,5.18,5.26,5.34,0.59,1.92,-11.67,-7.2,1743716982.0,1743716982.0,0.55,0.55,-27.43,16.7
2108,300966,共同药业,24.81,2.06,0.5,27381.0,67003271.52,4.69,24.97,23.83,24.26,24.31,1.19,3.57,223.55,3.93,2860124414.0,1902100058.0,0.0,0.0,-8.11,26.26
2109,300858,科拓生物,14.85,2.06,0.3,44257.0,65385305.4,2.82,14.92,14.51,14.52,14.55,0.5,2.26,77.96,2.18,3912902502.0,2906741257.0,-0.07,-0.27,-7.71,-10.92
2110,300982,苏文电能,14.89,2.06,0.3,17752.0,26159740.0,4.46,14.94,14.29,14.45,14.59,0.79,0.92,-90.98,1.08,3081711024.0,2887128504.0,0.0,0.0,-33.14,-26.25
2111,000652,泰达股份,3.47,2.06,0.07,108436.0,37396358.44,3.24,3.48,3.37,3.38,3.4,0.95,0.74,45.57,0.93,5063888852.0,5060031971.0,0.0,0.29,-9.4,-16.59
2112,003816,中国广核,3.96,2.06,0.08,1377611.0,543876523.22,2.58,3.98,3.88,3.89,3.88,1.61,0.35,18.24,1.59,199975318753.0,155767363753.0,0.0,0.0,-13.91,7.9
2113,300042,朗科科技,39.72,2.06,0.8,98781.0,385525176.52,6.5,40.04,37.51,38.59,38.92,0.67,4.93,41.86,7.03,7959888000.0,7959155166.0,-0.1,-0.1,-30.52,54.97
2114,600681,百川能源,3.47,2.06,0.07,206192.0,71266904.0,2.94,3.48,3.38,3.39,3.4,1.34,1.54,10.36,1.29,4652766191.0,4649136439.0,0.0,0.0,-9.87,-18.54
2115,300513,恒实科技,7.43,2.06,0.15,50809.0,37462045.32,3.57,7.44,7.18,7.24,7.28,1.1,1.62,-21.98,4.32,2330725282.0,2329218158.0,0.0,0.0,-11.12,-21.71
2116,688609,九联科技,8.92,2.06,0.18,112723.0,99218386.0,4.81,8.97,8.55,8.67,8.74,0.58,2.25,66.3,4.73,4655819850.0,4460000000.0,-0.11,-0.34,-22.37,-12.63
2117,300363,博腾股份,20.88,2.05,0.42,401758.0,832009193.55,5.38,21.32,20.22,20.24,20.46,0.91,8.05,-25.31,2.29,11347072635.0,10416121319.0,0.1,0.0,42.82,-9.81
2118,002593,日上集团,4.48,2.05,0.09,161254.0,71717996.0,2.96,4.5,4.37,4.39,4.39,1.49,2.88,20.85,1.45,3601283970.0,2511059394.0,0.22,0.22,-7.63,-23.55
2119,688557,兰剑智能,20.92,2.05,0.42,17266.0,35738894.0,5.37,21.2,20.1,20.5,20.5,0.62,1.16,35.36,2.54,3102907286.0,3102907286.0,0.48,0.34,-1.37,-16.29
2120,603937,丽岛新材,11.95,2.05,0.24,42090.0,49603186.0,3.67,11.96,11.53,11.63,11.71,0.92,2.01,24.1,1.61,2496259292.0,2496259292.0,0.0,0.08,-20.55,-0.33
2121,603050,科林电气,17.94,2.05,0.36,30484.0,54423612.0,4.04,18.09,17.38,17.38,17.58,0.62,0.76,31.3,3.78,7235546322.0,7235546322.0,0.06,0.06,-23.2,0.67
2122,002400,省广集团,6.47,2.05,0.13,511879.0,329490536.43,3.47,6.5,6.28,6.3,6.34,0.68,2.97,184.2,2.25,11279391218.0,11168285078.0,0.0,0.0,-24.06,-27.06
2123,300652,雷迪克,28.88,2.05,0.58,14080.0,40134330.3,4.38,29.06,27.82,28.41,28.3,0.93,1.18,35.97,2.51,3852319719.0,3457453732.0,0.42,0.21,-31.69,-47.26
2124,688219,会通股份,10.46,2.05,0.21,41563.0,43163719.0,3.02,10.48,10.17,10.19,10.25,0.89,0.76,26.81,1.91,5748816000.0,5748816000.0,0.0,0.0,-6.77,-14.75
2125,301102,兆讯传媒,9.46,2.05,0.19,16394.0,15405298.55,2.7,9.49,9.24,9.27,9.27,0.89,0.4,167.68,1.3,3840760000.0,3840760000.0,-0.21,0.11,-6.24,-9.73
2126,002335,科华数据,30.33,2.05,0.61,139563.0,419769403.04,4.78,30.65,29.23,29.37,29.72,0.82,2.12,73.33,3.58,22881267705.0,20009752905.0,0.0,0.0,-20.5,-20.08
2127,603231,索宝蛋白,16.39,2.05,0.33,29387.0,47622475.0,3.55,16.42,15.85,15.93,16.06,1.3,2.77,24.68,1.59,3138014731.0,1741699445.0,0.18,0.12,-0.06,-8.69
2128,600448,华纺股份,2.98,2.05,0.06,152394.0,44873521.0,3.77,2.99,2.88,2.93,2.92,1.43,2.42,-21.33,2.09,1876862593.0,1876862593.0,0.0,0.0,-5.1,-5.4
2129,603341,龙旗科技,36.92,2.05,0.74,59956.0,219656708.0,4.62,37.36,35.69,35.94,36.18,0.51,2.24,313.04,2.77,19294046576.0,9872494061.0,0.0,0.05,-1.31,-11.59
2130,603215,比依股份,14.47,2.05,0.29,11276.0,16235982.0,3.03,14.52,14.09,14.11,14.18,1.06,0.6,-47.02,1.87,3105190779.0,2709194659.0,0.07,0.0,-9.62,-33.65
2131,688399,硕世生物,28.42,2.05,0.57,14030.0,39338246.0,4.63,28.5,27.21,27.83,27.85,0.66,1.13,41.75,1.2,3527778778.0,3527778778.0,-0.21,0.25,-21.17,-38.59
2132,600783,鲁信创投,16.43,2.05,0.33,156832.0,253279183.0,4.91,16.49,15.7,15.87,16.1,0.39,2.11,-196.67,2.81,12229823200.0,12229823200.0,-0.3,0.0,-21.24,-33.4
2133,301170,锡南科技,23.37,2.05,0.47,7990.0,18551485.0,3.01,23.46,22.77,23.0,22.9,1.14,2.1,24.72,1.31,2337000000.0,888147053.0,-0.26,-0.13,-8.78,-15.63
2134,605228,神通科技,10.49,2.04,0.21,40443.0,42087730.0,3.7,10.53,10.15,10.23,10.28,1.05,0.85,27.19,2.2,5031584296.0,5005149496.0,-0.19,0.0,-17.66,-29.22
2135,688510,航亚科技,24.0,2.04,0.48,33798.0,80265270.0,4.76,24.17,23.05,23.94,23.52,0.59,1.3,60.8,5.13,6238142592.0,6238142592.0,-0.25,-0.17,-8.33,-10.11
2136,920146,华阳变速,5.0,2.04,0.1,15654.0,7760519.97,4.29,5.05,4.84,4.88,4.9,1.25,1.44,-13.44,3.68,674952215.0,542965710.0,0.2,0.4,-16.94,-42.06
2137,600855,航天长峰,12.03,2.04,0.24,61360.0,72951417.0,4.07,12.12,11.64,11.68,11.79,0.98,1.31,-37.81,4.03,5636569018.0,5625705928.0,0.0,0.08,-24.48,-42.82
2138,301330,熵基科技,24.03,2.04,0.48,17351.0,41465973.12,4.16,24.23,23.25,23.55,23.55,1.04,0.85,111.81,1.68,5655497747.0,4918186939.0,-0.12,-0.37,-11.39,-26.22
2139,000159,国际实业,6.0,2.04,0.12,141325.0,84194032.82,3.06,6.01,5.83,5.86,5.88,1.46,2.94,98.86,1.41,2884115958.0,2884010958.0,0.0,0.33,-12.66,4.17
2140,300015,爱尔眼科,8.51,2.04,0.17,563569.0,476044821.63,2.64,8.53,8.31,8.33,8.34,0.93,0.71,16.76,3.58,79139295886.0,67715536639.0,0.0,0.0,-6.48,-21.2
2141,600587,新华医疗,12.48,2.04,0.25,42713.0,52931033.0,2.37,12.49,12.2,12.24,12.23,0.59,0.7,15.26,0.97,7570923972.0,7570923972.0,0.0,0.08,-7.56,-12.73
2142,300838,浙江力诺,14.03,2.04,0.28,19038.0,26573697.0,4.15,14.14,13.57,13.6,13.75,0.88,1.87,372.6,2.04,1935831340.0,1427449029.0,-0.43,-0.43,-20.6,-8.0
2143,603777,来伊份,13.49,2.04,0.27,38965.0,51941751.0,5.52,13.61,12.88,13.09,13.22,0.57,1.17,-80.33,2.89,4511381999.0,4511381999.0,0.0,0.07,-23.35,-1.75
2144,688236,春立医疗,14.53,2.04,0.29,16654.0,23969806.0,3.09,14.55,14.11,14.3,14.24,0.67,0.58,22.58,1.86,5573250305.0,4190858840.0,0.0,-0.14,-8.96,-35.48
2145,002467,二六三,4.53,2.03,0.09,270031.0,121164966.91,4.28,4.55,4.36,4.44,4.44,0.71,1.98,-127.78,3.99,6230434585.0,6191643434.0,0.0,-0.22,-19.68,-25.62
2146,300376,易事特,4.53,2.03,0.09,187442.0,84444718.56,4.05,4.56,4.38,4.43,4.44,1.08,0.81,176.96,1.63,10546929356.0,10543280102.0,0.0,0.22,-11.52,-30.2
2147,603728,鸣志电器,46.84,2.03,0.93,45629.0,211585093.0,3.57,47.0,45.36,45.5,45.91,0.61,1.09,355.0,6.62,19620456300.0,19620456300.0,0.0,-0.02,-21.61,-35.24
2148,002893,京能热力,10.03,2.03,0.2,83897.0,83724823.0,3.97,10.15,9.76,9.8,9.83,1.31,4.14,3.48,1.91,2644309200.0,2033869539.0,0.1,0.1,-20.65,-9.64
2149,002136,安 纳 达,12.58,2.03,0.25,79362.0,99341840.3,4.06,12.7,12.2,12.2,12.33,1.37,3.7,27.83,2.39,2704951600.0,2697853461.0,-0.08,-0.08,-6.19,3.62
2150,001201,东瑞股份,12.05,2.03,0.24,30531.0,36641354.04,2.62,12.07,11.76,11.86,11.81,0.96,1.52,-4.12,1.02,3106297212.0,2427352422.0,-0.08,0.0,0.42,-17.3
2151,000050,深天马Ａ,6.54,2.03,0.13,186530.0,120498983.25,3.28,6.56,6.35,6.37,6.41,0.8,0.77,-10.94,0.6,15929972417.0,15929830990.0,-0.15,0.0,-16.15,-27.57
2152,002067,景兴纸业,4.02,2.03,0.08,321823.0,128668175.4,3.3,4.03,3.9,3.91,3.94,0.45,2.41,69.88,0.89,5928912489.0,5377167489.0,-0.25,0.0,-17.28,-28.72
2153,605086,龙高股份,25.59,2.03,0.51,22053.0,55824923.0,4.59,25.76,24.61,24.75,25.08,0.81,1.23,45.98,2.87,4585728000.0,4585728000.0,-0.27,-0.2,-20.11,-43.73
2154,000554,泰山石油,6.54,2.03,0.13,157765.0,102519573.82,2.96,6.55,6.36,6.36,6.41,1.08,4.39,11.6,2.72,3122489764.0,2349853372.0,0.15,0.15,-4.39,2.35
2155,002758,浙农股份,8.08,2.02,0.16,69848.0,56295504.36,3.28,8.12,7.86,7.86,7.92,0.65,1.35,19.35,0.83,4191924192.0,4187442232.0,-0.12,-0.25,-3.0,-17.21
2156,000868,安凯客车,3.54,2.02,0.07,106904.0,37597400.08,2.88,3.55,3.45,3.48,3.47,0.73,1.14,883.58,4.14,3325882162.0,3325879507.0,0.28,0.0,-10.38,-28.92
2157,300215,电科院,6.07,2.02,0.12,62632.0,37665520.0,3.53,6.09,5.88,5.9,5.95,0.76,0.84,559.26,2.29,4547001715.0,4547001715.0,0.0,0.0,-21.98,-4.56
2158,603759,海天股份,7.56,2.02,0.15,33749.0,25294112.0,2.56,7.56,7.37,7.4,7.41,1.28,0.73,225.6,1.22,3490905600.0,3490905600.0,0.27,0.13,-8.14,-27.52
2159,300169,天晟新材,5.56,2.02,0.11,76706.0,42179692.0,3.12,5.58,5.41,5.41,5.45,0.98,2.54,-737.91,17.62,1887588530.0,1677650948.0,0.0,0.0,-3.47,-11.04
2160,605258,协和电子,28.33,2.02,0.56,25484.0,71540963.0,5.15,28.43,27.0,27.1,27.77,1.3,2.9,44.12,2.08,2493040000.0,2493040000.0,0.0,0.18,-22.21,-7.93
2161,002059,云南旅游,4.54,2.02,0.09,162936.0,74157489.0,3.37,4.6,4.45,4.45,4.45,1.92,1.65,-16.49,4.83,4596454051.0,4496385337.0,0.0,0.0,-1.73,-15.61
2162,920212,智新电子,9.61,2.02,0.19,5137.0,4921672.01,2.44,9.65,9.42,9.42,9.42,0.81,1.0,207.3,2.4,1019621000.0,495897747.0,0.1,0.1,-15.7,-28.76
2163,300804,广康生化,43.43,2.02,0.86,7211.0,31136854.0,4.46,43.9,42.0,42.57,42.57,0.8,2.62,-1396.2,2.37,3213820000.0,1194325000.0,0.02,-0.02,14.62,24.62
2164,002875,安奈儿,13.12,2.02,0.26,40796.0,52682975.0,5.05,13.18,12.53,12.78,12.86,1.19,1.92,46.4,4.51,2786827334.0,2786827334.0,-0.15,-0.08,-35.84,-20.77
2165,300332,天壕能源,5.06,2.02,0.1,320030.0,160732825.69,3.43,5.07,4.9,4.9,4.96,1.05,3.94,29.79,1.11,4289411411.0,4111188217.0,0.0,0.2,-1.56,-3.07
2166,603028,赛福天,7.1,2.01,0.14,36495.0,25712513.0,4.17,7.17,6.88,6.98,6.96,1.18,1.28,-31.41,4.64,2037984000.0,2017749000.0,-0.28,-0.28,-13.31,-23.82
2167,688556,高测股份,8.14,2.01,0.16,175820.0,140615992.0,5.26,8.19,7.77,7.85,7.98,0.95,2.12,-33.66,1.74,6762499823.0,6762499823.0,0.0,0.0,-28.47,-28.72
2168,002381,双箭股份,5.58,2.01,0.11,39597.0,21935736.98,2.74,5.6,5.45,5.47,5.47,0.93,1.23,33.42,1.06,2296604794.0,1796907870.0,-0.18,0.0,-6.22,-14.02
2169,002201,九鼎新材,8.14,2.01,0.16,114105.0,91484314.1,4.51,8.17,7.81,7.85,7.98,0.96,1.9,62.47,4.43,5304319002.0,4900470639.0,0.0,0.25,-24.98,-28.6
2170,300561,汇金科技,15.25,2.01,0.3,171103.0,263232611.86,6.09,15.75,14.84,14.85,14.95,1.06,7.1,-440.78,8.77,5003646619.0,3676128004.0,0.07,-0.13,-30.49,3.88
2171,002625,光启技术,28.38,2.01,0.56,167978.0,470407580.69,5.61,28.58,27.02,27.55,27.82,0.96,0.78,86.78,6.3,61147203524.0,61146760796.0,-0.07,-0.21,-26.06,-41.76
2172,002565,顺灏股份,8.61,2.01,0.17,345559.0,293457047.13,5.21,8.67,8.23,8.34,8.44,0.77,3.26,143.79,4.91,9126504618.0,9126214031.0,0.0,-0.12,-41.03,-53.03
2173,603191,望变电气,14.71,2.01,0.29,87901.0,127561522.0,4.65,14.81,14.14,14.47,14.42,0.87,2.66,98.76,1.95,4853779840.0,4853779840.0,-0.07,-0.14,-34.68,-0.34
2174,603376,大明电子,26.9,2.01,0.53,33438.0,86613660.0,8.84,27.08,24.75,26.03,26.37,0.93,10.45,164.85,6.28,10760026900.0,860821520.0,0.04,0.11,-7.21,-26.82
2175,600556,天下秀,4.57,2.01,0.09,274244.0,124560419.0,2.9,4.59,4.46,4.5,4.48,0.83,1.52,640.64,2.16,8261406724.0,8261406724.0,0.22,0.22,-15.68,-24.59
2176,600318,新力金融,6.59,2.01,0.13,125329.0,82044182.0,2.79,6.6,6.42,6.42,6.46,1.43,2.44,55.12,3.05,3378875095.0,3378875095.0,0.15,0.15,-3.8,-26.45
2177,002137,实益达,7.6,2.01,0.15,154267.0,115760651.0,4.56,7.61,7.27,7.32,7.45,0.78,3.89,68.51,2.87,4389036890.0,3013088066.0,0.13,0.13,-11.53,-10.9
2178,002140,东华科技,9.12,2.01,0.18,55065.0,50180691.11,3.13,9.18,8.9,8.9,8.94,1.06,0.78,13.03,1.32,6457086513.0,6447829740.0,0.0,0.0,-12.39,-17.54
2179,600676,久事动娱,6.62,2.0,0.13,61432.0,40562589.0,3.85,6.71,6.46,6.5,6.49,0.94,0.6,-27.59,1.43,6808623289.0,6808623289.0,0.0,-0.15,1.22,12.59
2180,300482,万孚生物,16.32,2.0,0.32,104470.0,168692071.12,4.25,16.41,15.73,15.88,16.0,0.99,2.43,31.17,1.43,7639209852.0,7018683762.0,0.12,-0.06,-7.22,-16.44
2181,600173,卧龙新能,6.13,2.0,0.12,48057.0,29262577.0,3.49,6.16,5.95,5.98,6.01,0.88,0.69,143.88,1.2,4294103276.0,4293551576.0,-0.16,-0.16,-14.03,-14.03
2182,300400,劲拓股份,28.53,2.0,0.56,128578.0,357477672.22,8.26,28.78,26.47,27.5,27.97,1.22,5.3,67.79,9.75,6941891070.0,6918730416.0,0.0,0.11,-1.11,47.14
2183,300664,鹏鹞环保,4.59,2.0,0.09,67107.0,30619388.0,2.67,4.6,4.48,4.49,4.5,0.94,0.93,11.88,0.8,3455628924.0,3328575677.0,0.0,0.0,-9.47,-13.56
2184,600987,航民股份,6.62,2.0,0.13,79380.0,52146534.0,3.24,6.68,6.47,6.47,6.49,1.28,0.78,11.26,1.0,6757820939.0,6757820939.0,0.0,0.0,-0.9,-0.3
2185,601999,出版传媒,6.13,2.0,0.12,42293.0,25734445.0,2.83,6.13,5.96,6.0,6.01,0.5,0.77,127.2,1.27,3377107111.0,3377107111.0,0.33,0.0,-0.65,-9.99
2186,600679,上海凤凰,9.67,2.0,0.19,32704.0,31503026.0,3.06,9.68,9.39,9.39,9.48,1.51,0.95,98.99,2.28,4789495659.0,3323523465.0,0.21,0.1,-2.81,-27.67
2187,001396,誉帆科技,34.25,2.0,0.67,7575.0,25762134.67,3.69,34.5,33.26,33.26,33.58,1.09,3.33,507.15,2.6,3661407748.0,778072320.0,-0.23,-0.26,-24.86,-20.27
2188,600284,浦东建设,5.11,2.0,0.1,107896.0,54770885.0,2.59,5.12,4.99,5.0,5.01,0.91,1.11,25.85,0.63,4958008160.0,4958008160.0,0.2,0.0,-16.37,-38.66
2189,601777,千里科技,8.15,2.0,0.16,214326.0,173653428.0,2.75,8.19,7.97,8.06,7.99,0.89,0.47,235.24,3.57,36846965579.0,36846965579.0,0.0,-0.24,-25.02,-23.33
2190,603956,威派格,6.15,1.99,0.12,184754.0,111997994.0,3.81,6.15,5.92,5.97,6.03,0.82,3.24,-13.47,1.97,3504923659.0,3504923659.0,0.0,0.33,9.63,-4.8
2191,300129,泰胜风能,7.18,1.99,0.14,143190.0,102065509.45,3.98,7.24,6.96,7.01,7.04,0.65,1.99,194.66,1.4,7961566299.0,5160339135.0,-0.28,-0.14,-31.88,-30.96
2192,300529,健帆生物,15.87,1.99,0.31,52824.0,83125260.32,2.38,15.88,15.51,15.52,15.56,0.55,1.03,16.59,3.8,12673865714.0,8131820930.0,0.0,0.06,-13.09,-17.21
2193,603628,清源股份,9.74,1.99,0.19,25743.0,24899959.0,2.62,9.75,9.5,9.65,9.55,0.83,0.95,147.53,2.04,2655505058.0,2650971575.0,0.0,0.0,-11.78,-27.64
2194,920533,骏创科技,18.42,1.99,0.36,11938.0,21944382.48,3.65,18.54,17.88,17.9,18.06,0.62,1.63,57.3,6.29,2408549982.0,1347185990.0,0.11,0.16,-18.24,-41.76
2195,002015,协鑫能科,15.88,1.99,0.31,1948236.0,3166516194.14,8.86,17.12,15.74,15.85,15.57,4.68,12.0,22.39,2.16,25778394870.0,25778394870.0,0.0,0.0,-29.52,61.22
2196,688285,高铁电气,7.69,1.99,0.15,19664.0,15012462.0,3.32,7.7,7.45,7.52,7.54,1.0,0.52,58.95,1.7,2893669431.0,2893669431.0,0.13,0.26,-6.45,-11.3
2197,301148,嘉戎技术,51.2,1.99,1.0,7848.0,39995067.0,5.04,51.93,49.4,49.86,50.2,0.76,1.33,776.51,3.48,5964650496.0,3014301696.0,0.0,0.04,-14.89,8.57
2198,688381,帝奥微,33.33,1.99,0.65,113967.0,373965045.0,7.04,33.75,31.45,32.06,32.68,0.99,4.6,29.77,3.1,8249175000.0,8249175000.0,0.06,0.09,-17.68,46.7
2199,300296,利亚德,5.12,1.99,0.1,406479.0,206139906.05,3.39,5.14,4.97,5.0,5.02,0.78,1.75,100.4,1.78,13885323377.0,11883502710.0,0.0,0.0,-22.31,-17.68
2200,920036,觅睿科技,29.17,1.99,0.57,3045.0,8807189.53,3.99,29.44,28.3,28.5,28.6,0.62,2.33,38.0,2.65,1587484694.0,380997450.0,-0.07,-0.07,-30.03,36.82
2201,688116,天奈科技,32.3,1.99,0.63,73113.0,237802292.0,4.1,33.28,31.98,33.01,31.67,1.36,1.99,43.94,3.11,11838985247.0,11838985247.0,-0.06,-0.09,-26.04,-31.38
2202,603766,隆鑫通用,14.86,1.99,0.29,274865.0,409335528.0,4.05,15.08,14.49,14.5,14.57,1.31,1.34,15.39,3.34,30515631891.0,30515631891.0,-0.07,-0.07,15.02,-3.57
2203,920642,通易航天,9.76,1.99,0.19,13819.0,13391502.54,2.82,9.8,9.53,9.56,9.57,0.56,1.38,36.55,4.43,1011821913.0,975579129.0,0.0,0.21,-13.63,-42.08
2204,000532,华金资本,11.34,1.98,0.22,62844.0,70800146.0,3.33,11.38,11.01,11.02,11.12,0.95,1.83,37.47,2.38,3908992576.0,3895854120.0,0.09,0.0,-6.05,-29.21
2205,301587,中瑞股份,21.63,1.98,0.42,30787.0,66163050.05,4.05,21.75,20.89,20.89,21.21,1.35,4.19,56.44,1.59,3186705505.0,1588781144.0,0.09,-0.05,-21.49,-7.56
2206,600085,同仁堂,24.25,1.98,0.47,60104.0,144861197.0,2.14,24.3,23.79,23.84,23.78,1.0,0.44,17.65,2.48,33258153854.0,33258153854.0,0.04,0.0,-5.05,-23.65
2207,688081,兴图新科,28.86,1.98,0.56,12198.0,34783859.0,5.19,29.09,27.62,28.3,28.3,0.82,1.18,-245.51,7.54,2973734400.0,2973734400.0,0.07,0.45,-42.94,-20.01
2208,688539,高华科技,25.27,1.98,0.49,15688.0,38808757.0,5.57,25.4,24.02,24.51,24.78,0.44,0.84,-323.02,2.73,4698198400.0,4698198400.0,0.28,0.08,-20.46,-48.75
2209,603201,常润股份,14.94,1.98,0.29,26848.0,39713970.0,3.28,15.0,14.52,14.65,14.65,0.82,1.43,21.51,1.64,2838297047.0,2814019845.0,0.0,0.07,-12.17,-9.95
2210,002984,森麒麟,14.39,1.98,0.28,148228.0,213010068.05,2.98,14.49,14.07,14.09,14.11,1.25,2.08,17.75,1.1,14912168074.0,10273311520.0,0.14,0.07,-5.33,-31.87
2211,688293,奥浦迈,59.33,1.98,1.15,41890.0,245702026.0,6.07,60.43,56.9,57.57,58.18,0.84,3.58,53.76,2.76,8436381827.0,6951440862.0,0.05,0.03,32.55,21.58
2212,600237,铜峰电子,8.25,1.98,0.16,197891.0,161254964.0,5.56,8.32,7.87,8.0,8.09,0.78,3.17,49.88,2.63,5201540479.0,5153080309.0,0.12,0.0,-19.28,-7.09
2213,600320,振华重工,4.12,1.98,0.08,394583.0,162214413.0,2.48,4.14,4.04,4.05,4.04,1.43,1.19,14.39,1.38,21657034365.0,13638048304.0,-0.24,-0.24,-13.63,-18.9
2214,300659,中孚信息,10.28,1.98,0.2,42518.0,43497701.93,3.77,10.33,9.95,9.95,10.08,1.17,2.25,-8.41,2.29,2676833646.0,1945374936.0,0.0,0.0,-10.22,-33.07
2215,301289,国缆检测,44.21,1.98,0.86,7126.0,31265800.48,3.37,44.36,42.9,42.9,43.35,1.27,0.92,33.82,3.35,3448380000.0,3426314789.0,0.0,-0.02,-12.77,-24.17
2216,002897,意华股份,57.72,1.98,1.12,97545.0,546407461.18,9.58,58.87,53.45,54.62,56.6,1.2,5.29,55.75,3.96,11190793773.0,10641154611.0,0.02,-0.05,-28.01,7.75
2217,300523,辰安科技,20.13,1.98,0.39,16598.0,33158140.4,3.29,20.17,19.52,19.76,19.74,0.86,0.71,-39.39,4.84,4682995653.0,4682850717.0,-0.05,0.0,-7.79,-15.88
2218,603662,柯力传感,48.92,1.98,0.95,37751.0,182136431.0,5.09,49.4,46.96,47.5,47.97,0.59,1.34,83.53,5.11,13738197143.0,13738197143.0,-0.12,-0.04,-16.09,-31.71
2219,001237,惠康科技,52.45,1.98,1.02,11712.0,60879954.5,2.88,52.53,51.05,51.3,51.43,0.84,3.36,23.45,2.36,7781032504.0,1828198669.0,-0.02,-0.04,-27.51,-1.52
2220,300528,幸福蓝海,12.87,1.98,0.25,84452.0,108678791.4,3.96,12.98,12.48,12.49,12.62,0.96,2.27,-52.44,14.01,4795465655.0,4795465655.0,-0.23,-0.16,-26.79,-38.1
2221,600298,安琪酵母,41.37,1.97,0.8,73422.0,303693060.0,3.13,41.77,40.5,40.8,40.57,0.68,0.86,20.38,2.88,35901534309.0,35460314985.0,0.07,0.07,14.31,-4.21
2222,600624,ST复华,4.15,1.97,0.08,24348.0,10033824.0,2.7,4.16,4.05,4.07,4.07,0.71,0.36,-64.45,6.63,2819289809.0,2819289809.0,0.0,0.0,-3.26,-21.55
2223,000915,华特达因,24.27,1.97,0.47,36545.0,88047618.44,3.15,24.3,23.55,23.64,23.8,0.65,1.56,12.73,2.17,5687225141.0,5682161812.0,-0.04,0.08,-5.82,-21.81
2224,002757,南兴股份,16.02,1.97,0.31,76719.0,121692083.0,4.07,16.12,15.48,15.55,15.71,0.72,2.72,27.25,2.37,4733203726.0,4518492600.0,0.0,0.06,-32.63,-16.87
2225,920066,科拜尔,17.06,1.97,0.33,3660.0,6208309.36,4.12,17.17,16.48,16.72,16.73,0.6,1.84,27.33,2.58,1072277742.0,339038942.0,-0.06,-0.35,-26.53,-30.62
2226,002406,远东传动,6.72,1.97,0.13,92879.0,61904815.23,3.03,6.73,6.53,6.59,6.59,0.82,1.65,24.41,1.24,4907112551.0,3777791210.0,0.0,0.15,-20.19,-12.04
2227,300172,中电环保,4.66,1.97,0.09,97774.0,45203115.4,3.06,4.67,4.53,4.53,4.57,1.06,1.87,24.59,1.64,3153468600.0,2439567723.0,0.22,0.0,-5.48,-12.9
2228,000407,胜利股份,4.14,1.97,0.08,179679.0,74048572.13,2.71,4.16,4.05,4.05,4.06,0.63,2.05,18.11,1.17,3643550476.0,3625738358.0,-0.24,-0.24,-2.82,-16.53
2229,603012,创力集团,8.78,1.97,0.17,145854.0,126865931.0,3.37,8.81,8.52,8.59,8.61,0.61,2.26,61.0,1.5,5676270000.0,5676270000.0,0.34,0.23,-5.49,47.81
2230,600152,维科技术,8.28,1.97,0.16,300410.0,243975296.0,5.67,8.37,7.91,8.0,8.12,1.74,5.68,-58.76,2.69,4380777225.0,4380777225.0,0.36,0.36,-33.97,13.42
2231,300505,川金诺,19.13,1.97,0.37,174914.0,336817623.12,6.02,19.69,18.56,18.59,18.76,0.63,8.05,21.22,1.8,5258215715.0,4156941807.0,0.0,0.31,-9.47,-13.01
2232,600229,城市传媒,5.18,1.97,0.1,40365.0,20806124.0,2.95,5.2,5.05,5.05,5.08,1.35,0.61,31.96,1.24,3422466321.0,3422466321.0,0.39,0.0,-12.94,-18.3
2233,603959,ST百利,5.18,1.97,0.1,78723.0,40055721.0,4.72,5.19,4.95,5.03,5.08,0.91,1.61,-13.3,6495.9,2539748779.0,2539748779.0,0.19,0.19,13.6,-9.76
2234,920017,星昊医药,16.59,1.97,0.32,17742.0,29151590.03,2.83,16.63,16.17,16.25,16.27,0.54,1.45,19.3,1.26,2055376857.0,2033434923.0,-0.18,-0.06,4.8,-5.79
2235,603308,应流股份,43.44,1.97,0.84,237996.0,1026025869.0,7.77,44.5,41.19,42.49,42.6,1.22,3.29,65.42,4.97,31442506267.0,31442506267.0,0.09,0.14,-31.47,4.45
2236,688083,中望软件,52.91,1.97,1.02,24838.0,130241110.0,5.43,53.63,50.81,51.62,51.89,0.68,1.46,-260.13,3.44,8975982876.0,8975982876.0,0.06,-0.09,-6.17,-21.92
2237,000504,南华生物,8.3,1.97,0.16,30951.0,25489365.0,3.32,8.32,8.05,8.17,8.14,0.54,0.94,228.54,10.08,2739191713.0,2731715903.0,-0.12,-0.12,-13.0,-7.26
2238,601127,赛力斯,50.73,1.97,0.98,162861.0,817999257.0,2.93,50.83,49.37,49.51,49.75,0.79,1.05,-25.74,2.36,88370903413.0,78996928076.0,0.0,0.02,-36.02,-57.78
2239,600368,五洲交通,4.14,1.97,0.08,442746.0,182545656.0,2.46,4.15,4.05,4.05,4.06,2.12,2.75,10.62,0.91,6663966972.0,6663966972.0,0.0,0.0,7.53,9.52
2240,300276,三丰智能,6.23,1.96,0.12,169641.0,104945575.27,2.62,6.27,6.11,6.12,6.11,0.56,1.6,-177.21,4.99,8728497828.0,6585882900.0,0.0,-0.16,-21.44,-35.77
2241,600736,苏州高新,6.77,1.96,0.13,218040.0,146807440.0,3.46,6.81,6.58,6.59,6.64,0.97,1.89,9.06,1.05,7794252980.0,7794252980.0,0.0,0.0,-5.18,0.45
2242,920580,科创新材,10.92,1.96,0.21,8119.0,8854740.26,4.11,11.05,10.61,10.65,10.71,0.78,1.48,30.98,2.68,939120000.0,598012768.0,-0.09,-0.18,-14.55,-26.07
2243,600830,香溢融通,8.34,1.96,0.16,57717.0,47968300.0,2.81,8.37,8.14,8.14,8.18,1.57,1.27,37.49,1.67,3789051710.0,3789051710.0,0.0,0.0,-0.83,-12.67
2244,688712,北芯生命,32.81,1.96,0.63,31813.0,105027904.0,4.57,33.8,32.33,33.2,32.18,1.33,6.98,73.58,7.51,13681770000.0,1496136000.0,-0.03,-0.12,-19.5,87.27
2245,300918,南山智尚,10.39,1.96,0.2,40017.0,41242931.84,3.83,10.45,10.06,10.1,10.19,0.81,0.79,42.7,1.36,5258736697.0,5258736697.0,0.0,-0.1,-16.07,-43.99
2246,300190,维尔利,3.65,1.96,0.07,152623.0,55107767.0,4.19,3.68,3.53,3.59,3.58,1.4,1.62,53.74,1.1,3460525033.0,3446481993.0,0.27,0.0,-13.3,-14.92
2247,001914,招商积余,8.84,1.96,0.17,50794.0,44648318.28,2.65,8.86,8.63,8.65,8.67,0.57,0.48,9.98,0.87,9314883545.0,9314849953.0,0.11,0.23,-9.89,-15.16
2248,688141,杰华特,117.32,1.96,2.25,126567.0,1444674178.0,8.33,118.33,108.75,113.2,115.07,0.75,2.81,-47.82,42.33,52831731168.0,52831731168.0,0.1,0.41,31.94,170.14
2249,600543,*ST莫高,4.16,1.96,0.08,30560.0,12677722.0,3.43,4.19,4.05,4.05,4.08,1.81,0.95,-37.25,1.93,1335859200.0,1335859200.0,0.48,0.24,-11.3,-21.66
2250,688279,峰岹科技,182.63,1.96,3.51,22257.0,398902468.0,6.42,184.5,173.0,175.72,179.12,0.8,2.38,59.54,4.11,21023284430.0,17086512150.0,0.0,-0.48,-13.89,-9.91
2251,300594,ST朗进,14.57,1.96,0.28,7866.0,11328916.0,2.87,14.63,14.22,14.29,14.29,0.8,0.86,-27.72,1.75,1338596167.0,1325766189.0,0.0,0.0,-18.1,-25.7
2252,688575,亚辉龙,9.38,1.96,0.18,59525.0,55338768.0,3.04,9.39,9.11,9.18,9.2,0.43,1.04,74.64,1.98,5359622254.0,5359622254.0,0.0,0.0,-10.58,-33.85
2253,301669,高特电子,28.11,1.96,0.54,41515.0,114846412.02,5.26,28.25,26.8,27.5,27.57,0.72,5.07,218.27,7.89,13492800000.0,2301858890.0,-0.04,0.18,297.03,297.03
2254,002602,世纪华通,14.06,1.96,0.27,785208.0,1100002156.73,3.19,14.1,13.66,13.69,13.79,1.14,1.16,12.78,3.25,103631793447.0,95563396436.0,-0.07,0.0,-7.56,-17.29
2255,600691,潞化科技,2.6,1.96,0.05,373020.0,96639217.0,4.71,2.63,2.51,2.53,2.55,1.0,1.57,-31.7,1.99,6177553075.0,6176523475.0,0.39,0.39,-6.81,-5.8
2256,603889,新澳股份,5.72,1.96,0.11,121961.0,69237989.0,3.03,5.74,5.57,5.57,5.61,1.44,1.29,11.31,1.53,5429450747.0,5389025676.0,0.18,0.35,-6.23,-2.22
2257,600808,马钢股份,2.6,1.96,0.05,974851.0,253630359.0,4.31,2.64,2.53,2.54,2.55,1.89,1.63,118.15,0.83,20021771084.0,15516153084.0,0.0,-0.38,-12.75,-38.39
2258,603190,亚通精工,16.74,1.95,0.32,16001.0,26614791.0,3.47,16.83,16.26,16.28,16.42,0.95,0.95,14.61,1.32,2918719440.0,2812320000.0,0.12,0.06,-9.76,-12.13
2259,300993,玉马科技,9.95,1.95,0.19,26227.0,25956803.42,3.59,10.0,9.65,9.76,9.76,1.23,1.08,27.51,2.0,3065905440.0,2406460673.0,-0.4,-0.4,-9.05,-31.47
2260,300429,强力新材,10.96,1.95,0.21,169673.0,182796245.94,5.86,11.03,10.4,10.6,10.75,1.01,4.06,-52.82,3.23,6087859739.0,4579150680.0,0.18,0.09,-19.29,-17.78
2261,301313,凡拓数创,33.4,1.95,0.64,35798.0,117680820.39,5.43,33.65,31.87,32.93,32.76,0.75,4.55,-34.0,5.3,3417935560.0,2628964601.0,0.0,0.0,-30.13,25.99
2262,600278,东方创业,6.26,1.95,0.12,43749.0,27370732.0,3.09,6.29,6.1,6.11,6.14,1.36,0.51,37.81,0.72,5386846793.0,5386846793.0,0.0,-0.16,-7.26,-16.87
2263,002398,垒知集团,4.18,1.95,0.08,124960.0,51919150.0,3.41,4.2,4.06,4.06,4.1,1.22,2.08,24.89,0.77,2877006663.0,2506915503.0,0.0,0.0,-8.33,-24.55
2264,920866,绿亨科技,6.27,1.95,0.12,61148.0,39029557.05,8.46,6.57,6.05,6.09,6.15,0.81,5.36,41.15,1.47,1129890993.0,715484115.0,-0.16,-0.16,-7.11,-22.21
2265,603617,君禾股份,6.8,1.95,0.13,44958.0,30368410.0,2.85,6.82,6.63,6.65,6.67,0.85,1.16,37.87,1.72,2650717092.0,2629739092.0,0.0,0.0,-8.48,-9.21
2266,301376,致欧科技,21.02,1.94,0.4,34323.0,71612108.0,3.69,21.03,20.27,20.58,20.62,1.75,1.77,28.13,2.52,8459897855.0,4070373211.0,0.24,0.38,15.49,17.63
2267,301386,未来电器,20.46,1.94,0.39,8596.0,17529649.0,3.39,20.58,19.9,20.07,20.07,0.92,1.91,47.49,1.97,2864400000.0,920700000.0,-0.05,-0.05,-12.11,-11.04
2268,002829,星网宇达,19.48,1.94,0.37,54184.0,103619733.13,5.08,19.58,18.61,18.84,19.11,0.78,3.6,18.19,2.4,4048126995.0,2935124806.0,0.1,0.21,-18.36,-38.0
2269,600088,中视传媒,11.55,1.94,0.22,34786.0,39982459.0,2.82,11.59,11.27,11.3,11.33,1.13,0.87,1696.72,3.69,4593508920.0,4593508920.0,0.0,0.0,-25.19,-28.53
2270,002302,西部建设,4.73,1.94,0.09,68916.0,32451358.0,3.02,4.75,4.61,4.61,4.64,1.02,0.55,-14.34,0.77,5970935858.0,5970935858.0,0.0,0.0,-10.25,-22.71
2271,600186,莲花控股,11.55,1.94,0.22,1925810.0,2196288174.0,7.94,11.7,10.8,10.99,11.33,0.74,10.76,36.08,10.97,20706431604.0,20664547261.0,0.09,0.09,17.38,93.14
2272,601399,国机重装,3.15,1.94,0.06,547691.0,171491055.0,2.91,3.16,3.07,3.08,3.09,1.06,0.76,44.73,1.53,22722701054.0,22722701054.0,-0.32,0.0,-20.25,-34.1
2273,000888,峨眉山Ａ,9.97,1.94,0.19,125199.0,124564733.04,2.66,10.04,9.78,9.78,9.78,1.58,2.38,22.18,1.99,5253323627.0,5253323627.0,0.0,0.0,-4.68,-23.13
2274,600755,厦门国贸,5.79,1.94,0.11,130624.0,75103065.0,2.46,5.8,5.66,5.66,5.68,1.23,0.61,12.13,0.65,12345197640.0,12345197640.0,0.0,0.0,-2.2,-16.93
2275,600715,文投控股,1.58,1.94,0.03,260033.0,40819911.0,4.52,1.6,1.53,1.54,1.55,1.06,0.91,-495.18,5.93,6414568530.0,4522548141.0,-0.63,0.0,-18.56,-27.52
2276,920128,胜业电气,17.33,1.94,0.33,4874.0,8375283.31,2.88,17.36,16.87,16.98,17.0,0.67,2.01,199.87,2.78,1407022700.0,421119000.0,-0.06,0.23,-32.04,-37.66
2277,603027,千禾味业,7.36,1.94,0.14,103320.0,75628176.0,2.22,7.38,7.22,7.22,7.22,0.95,0.78,16.53,2.99,9794236184.0,9794236184.0,0.14,0.14,-4.54,-23.73
2278,300311,任子行,5.29,1.93,0.1,284171.0,149924419.72,2.5,5.33,5.2,5.22,5.19,0.43,5.29,-37.11,5.62,3563503494.0,2842894102.0,0.19,0.19,-3.64,19.14
2279,002438,江苏神通,13.75,1.93,0.26,100700.0,137263340.89,4.6,13.88,13.26,13.48,13.49,1.53,2.15,23.18,1.85,6978640089.0,6447109171.0,0.0,-0.07,-17.66,-12.42
2280,300357,我武生物,23.71,1.93,0.45,107654.0,252085451.89,4.34,23.87,22.86,23.1,23.26,0.56,2.22,26.03,4.67,12414176640.0,11473605801.0,-0.08,-0.13,3.18,-15.62
2281,600119,*ST长投,4.75,1.93,0.09,21569.0,10149234.0,3.43,4.77,4.61,4.67,4.66,0.78,0.59,-160.1,23.38,1735034258.0,1735034258.0,0.21,0.21,-19.49,-39.49
2282,002191,劲嘉股份,3.7,1.93,0.07,93905.0,34555034.83,3.31,3.72,3.6,3.61,3.63,0.8,0.67,54.19,0.84,5231721686.0,5190047483.0,0.0,0.0,-1.33,-11.69
2283,300102,乾照光电,17.96,1.93,0.34,212129.0,373940401.27,5.96,18.1,17.05,17.28,17.62,0.55,2.32,91.37,3.78,16529196179.0,16446110867.0,0.06,-0.06,-25.88,-34.71
2284,300334,津膜科技,8.45,1.93,0.16,59068.0,49367718.0,3.62,8.49,8.19,8.25,8.29,1.08,1.96,283.01,4.66,2552452258.0,2552151480.0,0.0,0.0,10.89,21.41
2285,920225,利通科技,14.78,1.93,0.28,11712.0,17102609.96,3.45,14.8,14.3,14.51,14.5,0.57,1.41,49.39,2.58,1875861253.0,1223520236.0,0.14,0.14,-32.05,-53.74
2286,301082,久盛电气,9.53,1.93,0.18,59784.0,56415249.58,4.39,9.58,9.17,9.24,9.35,0.73,2.19,-102.94,2.76,2803744355.0,2598905830.0,0.11,0.11,-10.68,-30.49
2287,603165,荣晟环保,13.75,1.93,0.26,45701.0,62219643.0,2.82,13.8,13.42,13.51,13.49,1.26,1.46,14.18,1.83,4300015198.0,4300015198.0,0.29,0.22,-13.14,22.99
2288,603968,醋化股份,10.57,1.93,0.2,18517.0,19392739.0,3.76,10.6,10.21,10.27,10.37,0.96,0.91,-29.81,1.23,2161353600.0,2161353600.0,0.09,0.0,-16.31,-5.37
2289,603598,引力传媒,16.88,1.93,0.32,78426.0,130768598.0,3.99,16.95,16.29,16.47,16.56,0.72,2.91,109.68,20.27,4557846448.0,4552782448.0,0.0,0.0,-30.33,-0.65
2290,600201,生物股份,12.67,1.93,0.24,157972.0,196813481.0,3.14,12.67,12.28,12.38,12.43,1.01,1.44,66.94,2.58,13936085555.0,13936085555.0,0.32,0.16,7.83,-15.7
2291,000430,张家界,6.85,1.93,0.13,153647.0,105318109.0,2.83,6.93,6.74,6.74,6.72,1.66,4.15,8.99,3.05,5546002298.0,2538311929.0,0.0,0.44,-14.16,-11.73
2292,600662,外服控股,4.24,1.92,0.08,123640.0,52206075.0,2.64,4.26,4.15,4.17,4.16,0.82,0.54,12.16,1.85,9681798761.0,9653471050.0,0.24,0.0,-4.5,-12.94
2293,300252,金信诺,11.65,1.92,0.22,201937.0,231836239.23,5.51,11.74,11.11,11.28,11.43,0.89,3.61,94.32,3.22,7971092552.0,6509489447.0,0.0,0.0,-17.55,-20.31
2294,601519,大智慧,7.96,1.92,0.15,235800.0,186609352.0,3.84,8.01,7.71,7.78,7.81,0.83,1.19,-133.8,12.21,15833713600.0,15833713600.0,0.0,0.13,-21.11,-38.15
2295,688718,唯赛勃,14.3,1.92,0.27,13376.0,18832922.0,3.64,14.32,13.81,13.94,14.03,0.79,0.77,62.4,3.08,2484687763.0,2484687763.0,0.28,0.56,-10.85,9.33
2296,301116,益客食品,9.55,1.92,0.18,52671.0,49983096.0,2.77,9.56,9.3,9.3,9.37,0.4,1.17,34.2,2.74,4287755113.0,4287726463.0,0.0,0.1,-5.45,-12.63
2297,002791,坚朗五金,14.88,1.92,0.28,22115.0,32677943.0,3.49,14.9,14.39,14.51,14.6,0.57,1.02,-27.32,0.99,5265808993.0,3239443585.0,0.13,0.07,-7.35,-29.84
2298,000720,新能泰山,3.71,1.92,0.07,343391.0,126199919.0,4.95,3.74,3.56,3.6,3.64,0.83,2.73,-61.45,2.5,4661732128.0,4661732128.0,0.0,0.0,-27.4,13.46
2299,600436,片仔癀,126.14,1.92,2.38,33805.0,422903484.0,2.76,126.41,123.0,123.76,123.76,0.76,0.56,25.59,5.33,76102432869.0,76102432869.0,-0.01,0.04,-0.94,-24.56
2300,600476,*ST湘邮,9.58,1.91,0.18,6933.0,6583158.0,2.55,9.6,9.36,9.44,9.4,0.66,0.43,222.65,-3.5,1543050600.0,1543050600.0,0.0,-0.1,-18.54,-40.16
2301,600481,双良节能,4.27,1.91,0.08,407998.0,172979099.0,3.58,4.3,4.15,4.17,4.19,1.02,1.98,-5.59,2.03,8814139504.0,8814139504.0,-0.23,-0.23,-20.19,-34.71
2302,603300,海南华铁,4.8,1.91,0.09,265596.0,126789165.0,3.18,4.83,4.68,4.69,4.71,0.81,1.33,20.17,1.4,9596103442.0,9596103442.0,0.0,-0.41,-14.44,-38.85
2303,688522,纳睿雷达,18.14,1.91,0.34,29916.0,53771627.0,3.2,18.22,17.65,17.7,17.8,0.74,1.74,72.8,3.31,7692131422.0,3123426576.0,-0.22,0.06,-17.09,-36.33
2304,300191,潜能恒信,34.62,1.91,0.65,209060.0,726239321.29,6.68,35.69,33.42,34.2,33.97,1.24,9.45,47.1,9.01,11078400000.0,7657770900.0,0.0,-0.03,5.23,87.85
2305,001388,信通电子,21.35,1.91,0.4,36749.0,77800704.16,3.68,21.42,20.65,20.7,20.95,0.81,2.94,172.99,3.23,4990904100.0,2671281512.0,0.0,0.19,-6.48,-25.56
2306,603270,金帝股份,28.3,1.91,0.53,27882.0,77973841.0,4.79,28.55,27.22,27.7,27.77,0.78,3.94,37.05,2.73,6200718676.0,2001281676.0,0.0,0.11,1.07,5.17
2307,920010,凯添燃气,8.52,1.91,0.16,48906.0,41728527.95,5.02,8.73,8.31,8.39,8.36,0.74,2.81,51.52,2.85,1997940000.0,1484387228.0,-0.12,0.0,-21.69,-22.19
2308,002692,远程股份,4.26,1.91,0.08,108536.0,46119713.0,3.83,4.3,4.14,4.15,4.18,0.76,1.51,-22.19,2.77,3059301960.0,3058090736.0,-0.23,-0.23,-8.78,-15.81
2309,688565,力源科技,11.22,1.91,0.21,15633.0,17307014.0,3.18,11.23,10.88,11.0,11.01,0.98,1.04,751.89,3.41,1679970600.0,1679970600.0,0.0,0.09,-1.67,0.54
2310,603138,海量数据,12.8,1.91,0.24,34997.0,44333018.0,3.5,12.82,12.38,12.42,12.56,0.73,1.21,-22.49,4.65,3758217088.0,3690788480.0,0.0,0.16,-27.64,-9.99
2311,002998,优彩资源,8.0,1.91,0.15,90650.0,71936153.0,3.06,8.02,7.78,7.81,7.85,1.16,3.35,17.19,1.69,2838549304.0,2163961080.0,0.25,0.25,-2.44,11.42
2312,603182,嘉华股份,13.32,1.91,0.25,22536.0,29910073.0,3.6,13.4,12.93,13.04,13.07,0.63,1.37,19.34,1.94,2191806000.0,2191806000.0,-0.22,-0.22,-1.04,-14.72
2313,301389,隆扬电子,52.1,1.9,0.97,96399.0,492015929.84,7.65,52.91,49.0,49.8,51.13,0.69,3.4,137.16,6.66,14770350000.0,14770350000.0,-0.04,-0.04,-34.96,-4.37
2314,603606,东方电缆,34.8,1.9,0.65,130326.0,452459343.0,1.61,34.95,34.4,34.64,34.15,0.69,1.58,25.41,3.39,28703335382.0,28703335382.0,0.03,0.06,-20.69,-29.5
2315,301050,雷电微力,28.44,1.9,0.53,59656.0,166580578.92,4.87,28.59,27.23,27.7,27.91,1.29,2.42,-38.48,2.32,7041152220.0,7008688558.0,0.07,0.0,-24.64,-45.47
2316,603587,地素时尚,11.79,1.9,0.22,14446.0,16951946.0,2.68,11.83,11.52,11.52,11.57,0.96,0.31,13.84,1.57,5573165859.0,5573165859.0,-0.17,0.0,-6.43,-9.03
2317,603439,三力制药,12.35,1.9,0.23,144824.0,178613277.0,6.02,12.61,11.88,12.25,12.12,0.8,3.59,28.08,3.39,4987426668.0,4987426668.0,-0.4,0.24,-24.92,6.1
2318,000848,承德露露,8.59,1.9,0.16,130429.0,111738246.59,2.25,8.62,8.43,8.44,8.43,0.72,1.29,14.71,2.72,8761800636.0,8681174896.0,0.23,0.35,4.12,7.38
2319,688230,芯导科技,54.17,1.9,1.01,11032.0,58575428.0,5.83,54.54,51.44,52.07,53.16,0.89,0.94,53.16,2.83,6370392000.0,6370392000.0,0.06,0.02,-18.68,-24.82
2320,300636,同和药业,6.96,1.9,0.13,42061.0,29075262.66,2.93,6.97,6.77,6.83,6.83,0.53,1.14,38.91,1.23,2922862405.0,2556809481.0,0.0,0.0,-0.43,-6.83
2321,003032,传智教育,10.18,1.9,0.19,557151.0,559429279.1,6.41,10.25,9.61,9.74,9.99,0.74,19.58,702.52,3.5,4096915550.0,2896022769.0,0.49,0.59,43.38,59.81
2322,300941,创识科技,15.58,1.9,0.29,100700.0,154906314.11,6.08,15.63,14.7,14.91,15.29,1.26,7.94,-522.0,2.51,3190005000.0,1975045627.0,0.13,0.19,-5.52,-33.81
2323,002809,红墙股份,8.59,1.9,0.16,67899.0,57997755.62,3.68,8.63,8.32,8.32,8.43,0.87,3.99,-46.11,1.15,2063835230.0,1460044740.0,-0.12,-0.23,-5.5,-18.89
2324,300144,宋城演艺,5.91,1.9,0.11,316442.0,186225968.38,2.41,5.92,5.78,5.79,5.8,1.08,1.23,22.21,2.13,15418450056.0,15257244145.0,0.0,-0.17,-9.91,-25.57
2325,688680,海优新材,33.78,1.9,0.63,9919.0,33211197.0,4.43,33.96,32.49,32.95,33.15,0.93,1.02,-21.64,2.02,3295946961.0,3295946961.0,-0.15,-0.21,-21.0,-11.69
2326,301507,民生健康,12.9,1.9,0.24,24602.0,31468127.2,3.4,12.94,12.51,12.66,12.66,0.5,2.24,18.32,2.89,4599550857.0,1419926968.0,0.0,0.0,-0.62,-15.19
2327,300725,药石科技,49.12,1.89,0.91,261331.0,1264569619.04,6.43,49.98,46.88,48.25,48.21,0.86,12.89,57.74,2.53,11484616590.0,9957623690.0,-0.12,0.04,41.19,28.65
2328,600867,通化东宝,8.1,1.89,0.15,262415.0,213768217.0,2.89,8.3,8.07,8.14,7.95,0.7,1.34,26.82,2.32,15864196915.0,15864196915.0,0.0,-0.12,-2.41,2.92
2329,301176,逸豪新材,45.9,1.89,0.85,48054.0,215233557.24,8.9,46.81,42.8,44.0,45.05,0.9,2.93,206.59,5.22,7760160015.0,7530060607.0,0.75,-0.24,6.27,82.36
2330,600050,中国联通,4.33,1.88,0.08,1415697.0,610075600.0,2.35,4.34,4.24,4.25,4.25,0.92,0.46,16.35,0.79,135374961666.0,134188471628.0,0.23,0.0,-0.46,-14.43
2331,002385,大北农,3.26,1.88,0.06,1541412.0,505373885.48,6.88,3.38,3.16,3.17,3.2,0.64,4.32,-19.95,1.88,13954012606.0,11623896981.0,-0.31,0.0,-4.12,-18.5
2332,002358,森源电气,5.42,1.88,0.1,119757.0,64470173.84,3.38,5.44,5.26,5.27,5.32,1.04,1.29,23.68,1.51,5039282815.0,5039275905.0,0.18,0.0,-17.13,0.37
2333,002494,华斯股份,4.88,1.88,0.09,132594.0,63868564.44,6.47,4.9,4.59,4.59,4.79,1.89,4.62,-128.09,1.48,1841276304.0,1399439737.0,0.21,0.21,-12.39,-9.46
2334,301293,三博脑科,51.5,1.88,0.95,61767.0,317911123.87,2.61,52.2,50.88,50.97,50.55,0.79,3.0,176.4,4.5,10608329831.0,10608329831.0,-0.12,-0.21,-11.78,-12.68
2335,600729,重百集团,19.46,1.88,0.36,33639.0,65198936.0,2.62,19.55,19.05,19.1,19.1,1.17,1.75,9.6,1.08,8571216878.0,3745716144.0,-0.05,-0.05,-1.32,-22.32
2336,002935,天奥电子,15.71,1.88,0.29,35191.0,54735688.2,3.7,15.77,15.2,15.42,15.42,0.62,0.85,358.39,4.12,6627062129.0,6521077772.0,0.13,0.13,-17.01,-29.55
2337,301315,威士顿,40.03,1.88,0.74,18736.0,74289606.04,4.3,40.22,38.53,38.88,39.29,0.65,2.13,95.55,3.5,3522640000.0,3522640000.0,-0.15,-0.2,-9.54,-29.62
2338,002596,海南瑞泽,3.25,1.88,0.06,237106.0,76617648.0,3.13,3.27,3.17,3.17,3.19,1.24,2.07,-289.09,7.02,3729636684.0,3726207121.0,0.31,0.0,-13.56,-39.7
2339,600876,凯盛新能,7.1,1.87,0.13,24668.0,17414969.0,3.44,7.12,6.88,6.95,6.97,0.83,0.62,-3.24,1.67,4584292237.0,2809292237.0,-0.14,-0.14,-19.13,-27.99
2340,600740,山西焦化,3.82,1.87,0.07,769587.0,296678497.0,5.6,3.93,3.72,3.75,3.75,1.1,3.0,-335.1,0.65,9787302808.0,9787302808.0,0.0,0.0,-4.74,2.14
2341,603356,华菱精工,16.91,1.87,0.31,28506.0,47760448.0,4.22,17.05,16.35,16.45,16.6,1.12,2.14,-27.06,7.47,2254779400.0,2254779400.0,0.0,-0.06,-10.2,19.17
2342,301172,君逸数码,16.91,1.87,0.31,57798.0,95862639.93,5.24,16.98,16.11,16.5,16.6,1.24,3.48,118.02,2.55,3801344292.0,2811927611.0,0.18,0.18,-31.7,0.36
2343,603680,今创集团,10.37,1.87,0.19,38029.0,39056785.0,3.83,10.44,10.05,10.08,10.18,0.76,0.49,9.17,1.35,8127163614.0,8127163614.0,0.0,0.1,-13.44,-32.04
2344,920009,丹娜生物,36.42,1.87,0.67,2530.0,9133156.51,4.9,36.8,35.05,35.5,35.75,0.32,2.51,30.76,4.06,2824225320.0,367113600.0,0.0,0.0,-4.16,-32.37
2345,003017,大洋生物,22.9,1.87,0.42,19999.0,45514610.92,3.6,23.0,22.19,22.45,22.48,0.89,2.4,20.08,1.97,2308320000.0,1911716824.0,0.31,0.39,-1.46,-7.02
2346,300603,立昂技术,7.64,1.87,0.14,113252.0,85842033.0,4.4,7.68,7.35,7.4,7.5,0.54,3.03,-28.9,2.82,3551058485.0,2856834399.0,0.0,-0.13,-17.05,-21.4
2347,002252,上海莱士,4.9,1.87,0.09,465290.0,226441851.0,2.7,4.91,4.78,4.8,4.81,0.81,0.71,24.43,1.0,32304097137.0,32282473437.0,-0.2,0.0,-7.2,-22.1
2348,300813,泰林生物,20.75,1.87,0.38,32574.0,66651094.0,4.66,20.87,19.92,20.2,20.37,0.76,4.28,129.89,3.13,2514883794.0,1578059765.0,-0.19,-0.14,-5.25,-15.44
2349,001312,福恩股份,17.44,1.87,0.32,13886.0,24021276.75,2.28,17.45,17.06,17.13,17.12,0.77,2.43,20.29,1.73,4069333345.0,996875091.0,-0.06,0.06,-18.39,-4.07
2350,688616,西力科技,10.98,1.86,0.2,15489.0,16860686.0,3.53,11.03,10.65,10.78,10.78,0.88,0.86,26.4,2.3,1969573350.0,1969573350.0,-0.27,-0.18,-10.15,-8.04
2351,301291,明阳电气,37.84,1.86,0.69,55435.0,208315528.14,5.44,38.61,36.59,36.81,37.15,0.63,3.39,120.92,2.42,11902204120.0,6192399945.0,-0.05,0.45,-31.93,-8.07
2352,000988,华工科技,105.27,1.86,1.92,348942.0,3612940036.45,6.26,106.49,100.02,101.06,103.35,0.82,3.47,41.45,9.25,105849269966.0,105794840112.0,-0.05,0.0,-26.29,33.12
2353,000525,红太阳,4.39,1.86,0.08,321213.0,139987612.44,6.26,4.45,4.18,4.25,4.31,0.51,2.89,446.73,2.3,5719900634.0,4880626422.0,-0.23,-0.45,-11.49,-19.6
2354,603919,金徽酒,16.41,1.86,0.3,69894.0,115136743.0,4.22,16.77,16.09,16.13,16.11,0.86,1.38,19.44,2.45,8324136551.0,8324136551.0,-0.06,-0.06,-22.99,-17.62
2355,301024,霍普股份,32.47,1.85,0.59,11317.0,36061775.36,5.18,32.64,30.99,31.38,31.88,1.43,1.84,-26.95,6.11,2064604950.0,1998853200.0,-0.09,0.09,-30.65,-8.2
2356,003009,中天火箭,46.22,1.85,0.84,26078.0,119427939.49,3.9,46.48,44.71,45.36,45.38,0.57,1.58,224.79,3.76,7613239060.0,7611847145.0,-0.04,-0.09,-9.07,-41.15
2357,603915,国茂股份,13.18,1.85,0.24,33695.0,44058297.0,3.01,13.23,12.84,12.86,12.94,0.65,0.51,40.0,2.31,8802691086.0,8654416086.0,0.0,0.08,-15.3,-28.02
2358,300011,鼎汉技术,6.06,1.85,0.11,81387.0,49073952.48,4.2,6.1,5.85,5.9,5.95,0.8,1.6,-124.67,2.43,3669665645.0,3088573409.0,-0.33,-0.16,-7.9,-29.37
2359,000423,东阿阿胶,48.89,1.85,0.89,68760.0,334784356.3,1.83,49.06,48.18,48.18,48.0,0.79,1.08,18.18,3.36,31281133425.0,31226057325.0,0.18,0.02,-1.67,2.6
2360,600072,中船科技,8.79,1.85,0.16,122570.0,107149415.0,2.55,8.81,8.59,8.62,8.63,1.08,1.13,-16.69,1.73,13190710942.0,9522535008.0,0.0,0.0,-21.38,-24.35
2361,688739,成大生物,20.94,1.85,0.38,21918.0,45554543.0,2.43,20.95,20.45,20.55,20.56,0.51,0.53,131.01,0.93,8720463000.0,8619644250.0,0.14,0.14,-3.77,-18.39
2362,301030,*ST仕净,8.29,1.84,0.15,48803.0,40038407.0,3.69,8.33,8.03,8.06,8.14,0.8,2.41,-3.57,-4.22,1677757806.0,1675456336.0,0.0,0.12,-41.82,-29.92
2363,920807,奔朗新材,9.39,1.84,0.17,23840.0,22400154.63,3.47,9.54,9.22,9.39,9.22,1.02,1.93,-182.56,1.86,1707853200.0,1160143158.0,0.32,0.11,-18.7,-35.06
2364,688095,福昕软件,58.14,1.84,1.05,20199.0,115842004.0,4.38,58.39,55.89,56.21,57.09,0.65,2.21,117.86,2.04,5311642725.0,5311642725.0,0.07,0.24,-22.82,-34.65
2365,002989,中天精装,24.37,1.84,0.44,54188.0,130074526.0,5.43,24.46,23.16,23.7,23.93,0.72,2.74,-137.05,3.53,4913411603.0,4821238170.0,0.0,0.33,-12.9,-20.98
2366,002222,福晶科技,63.75,1.84,1.15,207561.0,1298062834.41,6.77,64.46,60.22,61.44,62.6,0.76,4.43,114.88,16.83,29978437500.0,29844671768.0,0.02,-0.08,-30.13,13.35
2367,002027,分众传媒,4.97,1.84,0.09,1302466.0,642947612.68,2.05,4.98,4.88,4.89,4.88,0.77,0.9,11.47,5.13,71777732638.0,71777732638.0,0.0,0.2,-9.47,-30.78
2368,300946,恒而达,38.79,1.84,0.7,8891.0,34068247.3,4.15,38.8,37.22,37.22,38.09,0.56,1.17,103.62,5.06,6051542562.0,2940242240.0,0.39,0.36,-15.47,-30.23
2369,920832,齐鲁华信,6.1,1.84,0.11,2519.0,1531267.83,2.34,6.12,5.98,6.1,5.99,0.56,0.2,-36.34,1.17,846459577.0,755579995.0,0.49,0.66,-13.84,-15.04
2370,600390,五矿资本,4.99,1.84,0.09,442631.0,219735712.0,2.45,5.0,4.88,4.89,4.9,1.61,0.98,19.74,0.53,22445346640.0,22445346640.0,0.0,0.2,3.1,-9.93
2371,000926,福星股份,2.21,1.84,0.04,291795.0,64484365.09,2.76,2.23,2.17,2.18,2.17,0.53,1.85,-6.61,0.67,3520452151.0,3476792210.0,0.45,-0.45,-10.89,-1.78
2372,605166,聚合顺,8.32,1.84,0.15,43086.0,35631252.0,3.18,8.38,8.12,8.17,8.17,0.87,1.37,20.78,1.31,2618586680.0,2618586680.0,-0.48,-0.24,-21.58,-19.3
2373,000802,北京文化,3.9,1.83,0.07,913102.0,355306425.55,3.92,3.94,3.79,3.8,3.83,0.52,12.76,-35.61,4.72,2792010995.0,2790621620.0,-0.26,-0.26,-24.56,-14.29
2374,002242,九阳股份,8.36,1.83,0.15,71761.0,59547878.0,3.17,8.38,8.12,8.13,8.21,0.94,0.94,44.44,1.97,6378822120.0,6368360625.0,0.12,0.0,-8.63,-18.76
2375,300887,谱尼测试,7.22,1.83,0.13,148342.0,106245658.56,3.95,7.26,6.98,7.0,7.09,0.96,4.1,-14.18,1.43,3940195242.0,2615063928.0,0.0,0.0,-18.51,-24.79
2376,920195,三祥科技,12.22,1.83,0.22,4343.0,5270002.13,2.83,12.22,11.88,12.01,12.0,0.69,0.61,21.21,1.46,1197926600.0,864674797.0,0.0,0.08,-12.9,-43.84
2377,603315,福鞍股份,11.67,1.83,0.21,42578.0,49213755.0,3.66,11.72,11.3,11.3,11.46,0.91,1.33,46.56,2.17,3738674301.0,3738674301.0,-0.26,-0.26,-29.74,-24.66
2378,688776,国光电气,46.79,1.83,0.84,9954.0,45925361.0,4.37,46.94,44.93,45.03,45.95,0.67,0.92,-31.6,2.97,5071260175.0,5071260175.0,-0.02,-0.13,-27.34,-53.55
2379,603908,牧高笛,19.45,1.83,0.35,11755.0,22676224.0,3.3,19.53,18.9,18.98,19.1,1.07,1.26,22.12,3.73,1811319917.0,1811319917.0,-0.21,-0.21,-10.12,-16.7
2380,600552,凯盛科技,17.81,1.83,0.32,484545.0,846086513.0,8.69,18.13,16.61,17.08,17.49,0.74,5.13,150.65,3.94,16823448782.0,16823448782.0,0.0,0.0,-2.62,44.21
2381,000400,许继电气,22.27,1.83,0.4,136740.0,303545190.53,2.47,22.36,21.82,21.87,21.87,0.81,1.35,27.27,1.83,22684717485.0,22605511112.0,0.0,0.04,-17.52,-12.63
2382,600031,三一重工,18.95,1.83,0.34,387263.0,727848033.0,1.88,18.95,18.6,18.71,18.61,0.73,0.46,17.56,1.96,174245334081.0,160589691201.0,0.11,0.11,5.93,-9.55
2383,600853,龙建股份,3.33,1.83,0.06,104793.0,34805805.0,3.06,3.34,3.24,3.25,3.27,1.06,1.03,22.91,0.93,3375617953.0,3375617953.0,0.0,0.0,-8.52,-22.38
2384,002164,宁波东力,11.12,1.83,0.2,67069.0,73806699.0,3.57,11.15,10.76,10.84,10.92,0.55,1.4,55.56,3.84,5917771422.0,5335099590.0,0.0,0.09,-12.78,-30.54
2385,300007,汉威科技,31.23,1.83,0.56,62629.0,193205989.88,4.63,31.47,30.05,30.37,30.67,0.59,2.21,103.33,3.48,10226126681.0,8836412605.0,-0.03,0.0,-24.82,-41.68
2386,600734,*ST实达,1.67,1.83,0.03,232879.0,38671421.0,3.05,1.68,1.63,1.65,1.64,0.91,1.07,-76.09,15.87,3637766187.0,3637014687.0,0.0,0.0,-25.11,-63.7
2387,688781,视涯科技-UW,37.26,1.83,0.67,14954.0,55392156.0,5.55,37.9,35.87,35.87,36.59,0.65,3.66,-346.79,9.19,37260000000.0,1521515714.0,0.3,-0.21,-23.51,64.29
2388,002583,海能达,8.37,1.82,0.15,233406.0,195151351.0,3.16,8.42,8.16,8.18,8.22,1.29,1.82,178.65,7.3,15221844219.0,10739862482.0,0.0,-0.12,-0.83,-26.06
2389,301586,佳力奇,31.32,1.82,0.56,6625.0,20546529.08,3.54,31.47,30.38,30.48,30.76,1.06,1.25,173.27,2.02,2598792754.0,1657174712.0,-0.1,-0.32,-17.27,-37.44
2390,688156,路德科技,19.59,1.82,0.35,24206.0,47021766.0,4.37,19.82,18.98,19.12,19.24,1.04,2.4,110.52,2.56,1972990336.0,1972990336.0,-0.41,-0.36,-22.23,22.36
2391,002287,奇正藏药,20.09,1.82,0.36,21857.0,43699241.88,2.74,20.14,19.6,19.72,19.73,0.72,0.38,15.48,2.25,11493854698.0,11471184982.0,0.15,0.15,-4.01,-13.59
2392,300936,中英科技,77.81,1.82,1.39,41542.0,320391835.79,6.99,79.55,74.21,74.46,76.42,0.75,8.72,-818.76,5.82,5851312000.0,3706673875.0,-0.19,-0.19,-23.63,99.51
2393,600505,西昌电力,10.64,1.82,0.19,57429.0,60675324.0,2.78,10.66,10.37,10.46,10.45,1.04,1.58,295.2,3.16,3878998200.0,3878998200.0,0.0,0.09,-18.78,-18.47
2394,601898,中煤能源,15.08,1.82,0.27,712365.0,1069584452.0,3.11,15.2,14.74,14.9,14.81,1.53,0.78,12.27,1.2,199940644072.0,138012166032.0,0.13,0.13,-10.72,21.22
2395,002598,ST章鼓,6.7,1.82,0.12,18730.0,12457525.0,2.28,6.71,6.56,6.58,6.58,1.15,0.65,30.4,1.71,2090754953.0,1919751161.0,0.0,0.15,-10.67,-36.73
2396,601966,玲珑轮胎,11.19,1.82,0.2,97344.0,108430176.0,2.27,11.21,10.96,11.02,10.99,1.19,0.67,242.35,0.72,16376595023.0,16376595023.0,0.0,0.09,-7.37,-22.77
2397,920126,永大股份,10.05,1.82,0.18,12378.0,12392679.1,2.94,10.15,9.86,9.86,9.87,0.54,2.77,13.15,1.65,1870104000.0,448913400.0,0.0,0.1,29.01,29.01
2398,301206,三元生物,24.01,1.82,0.43,11203.0,26741057.0,2.46,24.04,23.46,23.71,23.58,0.54,0.86,46.55,1.17,4857840057.0,3127917708.0,0.0,0.13,-4.19,-6.94
2399,300048,合康新能,5.03,1.82,0.09,92762.0,46512547.86,3.44,5.05,4.88,4.9,4.94,0.87,0.82,-123.03,3.1,5695707206.0,5685064983.0,0.0,0.0,-15.03,-15.46
2400,600868,梅雁吉祥,2.8,1.82,0.05,422959.0,117292643.0,3.64,2.81,2.71,2.74,2.75,0.99,2.23,-90.4,2.75,5314816301.0,5314816301.0,0.36,0.36,-19.54,-16.17
2401,688659,元琛科技,10.65,1.82,0.19,22201.0,23420434.0,4.88,10.73,10.22,10.22,10.46,0.73,1.39,102.22,3.29,1704000000.0,1704000000.0,0.09,-0.09,-1.57,12.7
2402,600267,海正药业,12.28,1.82,0.22,423955.0,512131814.0,3.9,12.3,11.83,12.0,12.06,0.69,3.59,10.19,1.67,14493741339.0,14493741339.0,0.0,0.08,23.42,26.73
2403,001296,长江材料,19.62,1.82,0.35,14697.0,28572392.0,3.37,19.69,19.04,19.17,19.27,0.83,1.81,26.8,1.61,2934977107.0,1588881575.0,0.05,0.1,-4.66,-24.74
2404,920639,晨光电缆,6.16,1.82,0.11,8273.0,5077402.32,2.15,6.18,6.05,6.05,6.05,0.7,0.7,44.7,1.48,1241856000.0,731522385.0,0.0,0.0,-15.85,-21.83
2405,600617,国新能源,3.36,1.82,0.06,248637.0,83052564.0,3.94,3.38,3.25,3.28,3.3,0.84,1.4,30.02,2.04,6482084367.0,5965823435.0,0.3,0.3,-8.45,7.01
2406,600376,首开股份,3.35,1.82,0.06,602219.0,200905680.0,6.99,3.43,3.2,3.2,3.29,0.44,2.33,-2.35,6.91,8641543561.0,8641543561.0,-0.3,-0.3,-22.63,-49.32
2407,603527,众源新材,10.14,1.81,0.18,55082.0,55333235.0,3.21,10.17,9.85,9.88,9.96,1.1,1.74,20.92,1.54,3214087968.0,3214087968.0,0.1,0.0,-26.09,-7.73
2408,603429,*ST集友,8.99,1.81,0.16,31816.0,28365755.0,5.44,9.06,8.58,8.58,8.83,0.74,0.61,-266.21,3.74,4715124330.0,4715124330.0,-0.11,-0.22,-2.28,-9.28
2409,002194,武汉凡谷,10.11,1.81,0.18,259682.0,260784433.8,4.73,10.17,9.7,9.74,9.93,0.91,5.08,-1176.6,2.79,6908019499.0,5164985174.0,0.0,0.0,-8.01,-22.53
2410,002623,亚玛顿,15.78,1.81,0.28,24982.0,39019576.61,3.55,15.82,15.27,15.51,15.5,0.86,1.3,-19.65,1.15,3046526455.0,3039798258.0,0.0,0.06,-15.21,-10.9
2411,920855,浙江大农,12.4,1.81,0.22,3802.0,4673605.46,3.69,12.46,12.01,12.11,12.18,0.47,0.57,36.28,1.62,926693329.0,831257696.0,-0.16,0.49,-11.37,-30.45
2412,300582,英飞特,11.26,1.81,0.2,51463.0,57385733.0,4.25,11.32,10.85,11.02,11.06,1.16,2.32,100.04,3.82,3361520855.0,2494817328.0,0.0,0.09,-23.4,-29.49
2413,600358,国旅联合,5.08,1.8,0.09,35641.0,18016326.0,3.41,5.11,4.94,4.99,4.99,0.93,0.71,-233.33,2.74,5908829478.0,2565078233.0,-0.2,0.0,-13.75,-16.17
2414,688046,药康生物,34.49,1.8,0.61,170836.0,577837320.0,7.82,35.05,32.4,32.68,33.88,0.79,4.16,63.83,6.23,14147322038.0,14147322038.0,-0.46,-0.66,85.23,127.36
2415,300755,华致酒行,11.3,1.8,0.2,25378.0,28517817.04,4.05,11.35,10.9,10.95,11.1,0.78,0.61,22.2,1.68,4709821920.0,4707364170.0,0.09,0.27,-31.01,-35.87
2416,603216,梦天家居,20.92,1.8,0.37,24619.0,50766937.0,4.14,21.0,20.15,20.19,20.55,0.51,1.11,137.69,2.64,4658674800.0,4658674800.0,0.0,0.05,-15.1,-55.3
2417,000978,桂林旅游,6.21,1.8,0.11,69502.0,43026915.0,2.3,6.23,6.09,6.09,6.1,1.02,1.48,-61.43,2.71,2907087300.0,2907026753.0,0.0,0.0,-7.45,-14.23
2418,300369,绿盟科技,6.78,1.8,0.12,266754.0,180703495.06,5.26,6.9,6.55,6.59,6.66,0.62,3.3,-13.99,2.15,5496016394.0,5476225377.0,0.0,0.0,2.42,-9.36
2419,300194,福安药业,3.98,1.79,0.07,195348.0,76823463.3,3.84,3.99,3.84,3.86,3.91,0.75,2.02,21.56,1.08,4735055280.0,3854009980.0,0.0,0.0,2.05,-9.13
2420,688211,中科微至,31.26,1.79,0.55,4637.0,14320361.0,3.0,31.34,30.42,30.45,30.71,0.77,0.35,346.81,1.17,4097962866.0,4097962866.0,-0.06,-0.26,-8.54,1.49
2421,688387,信科移动-U,12.52,1.79,0.22,298822.0,369056180.0,5.45,12.62,11.95,12.02,12.3,0.48,1.48,-83.5,7.29,42802750000.0,25250050544.0,-0.08,-0.08,-18.01,-2.95
2422,002124,天邦食品,2.28,1.79,0.04,747784.0,168972205.55,4.91,2.29,2.18,2.21,2.24,0.74,3.79,-1.64,6.15,5066009137.0,4497016477.0,-0.44,-0.44,-13.31,-16.79
2423,301047,义翘神州,112.3,1.79,1.97,101196.0,1120633746.15,7.21,114.62,106.66,109.86,110.33,0.64,8.46,106.23,2.63,13659806127.0,13428903738.0,-0.03,0.04,76.3,69.13
2424,000800,一汽解放,6.24,1.79,0.11,133694.0,83088155.98,2.28,6.25,6.11,6.13,6.13,1.1,0.27,77.31,1.17,30708793284.0,30706030262.0,-0.16,-0.16,2.97,-7.42
2425,000410,沈阳机床,5.13,1.79,0.09,143010.0,72660865.46,2.78,5.14,5.0,5.03,5.04,0.48,0.73,-100.41,3.25,13589744536.0,10111324048.0,0.2,0.2,-3.93,-28.25
2426,002037,保利联合,6.81,1.79,0.12,36735.0,24894528.82,2.09,6.82,6.68,6.68,6.69,0.75,0.76,-10.08,3.21,3295247084.0,3295247084.0,0.29,0.15,-9.2,-28.32
2427,603677,奇精机械,13.65,1.79,0.24,13782.0,18720868.0,3.5,13.72,13.25,13.41,13.41,1.09,0.72,244.12,2.36,2629001807.0,2629001807.0,0.0,0.07,-23.23,-24.08
2428,600666,奥瑞德,3.44,1.78,0.06,714329.0,242986068.0,4.73,3.46,3.3,3.34,3.38,0.76,2.78,-593.81,8.5,9464531835.0,8847149136.0,-0.29,0.29,-24.56,2.38
2429,300842,帝科股份,63.42,1.78,1.11,43568.0,270344438.18,7.06,64.0,59.6,61.69,62.31,1.05,3.37,158.83,5.74,9213641301.0,8188881725.0,0.0,-0.02,-22.94,7.0
2430,300829,金丹科技,14.89,1.78,0.26,33956.0,50191999.52,3.62,14.93,14.4,14.48,14.63,0.54,2.02,32.57,1.39,3384126343.0,2503482964.0,-0.07,0.07,-16.21,-9.7
2431,301428,世纪恒通,28.05,1.78,0.49,17193.0,47859083.0,3.96,28.23,27.14,27.36,27.56,0.73,2.47,41.98,2.3,2767600009.0,1953050113.0,-0.04,0.0,-11.18,-16.37
2432,920806,云星宇,10.29,1.78,0.18,18577.0,19191955.16,4.35,10.47,10.03,10.14,10.11,1.06,0.62,42.33,2.02,3094580303.0,3094580303.0,0.0,-0.1,-3.47,-24.78
2433,002959,小熊电器,33.11,1.78,0.58,5093.0,16793089.6,3.04,33.22,32.23,32.29,32.53,0.71,0.36,21.45,1.78,5159648642.0,4628592253.0,0.0,0.18,-12.43,-19.13
2434,002476,新叶股份,5.14,1.78,0.09,93087.0,47477572.0,2.97,5.15,5.0,5.03,5.05,0.55,1.52,64.63,3.26,3145680000.0,3145680000.0,0.0,0.0,-3.93,-29.01
2435,001210,金房能源,26.89,1.78,0.47,100893.0,268309400.97,5.34,27.2,25.79,26.29,26.42,0.75,7.56,24.39,4.15,5903369990.0,3587660869.0,-0.52,-0.41,13.17,122.97
2436,002448,中原内配,12.59,1.78,0.22,164807.0,205945499.0,5.09,12.69,12.06,12.22,12.37,0.52,2.84,9.34,1.94,7408077443.0,7308614706.0,-0.16,0.0,-5.62,-1.1
2437,600635,大众公用,4.57,1.78,0.08,338071.0,153880452.0,3.12,4.6,4.46,4.49,4.49,1.2,1.4,66.37,1.54,13492626465.0,11053877955.0,-0.22,-0.44,-13.94,-29.58
2438,000938,紫光股份,35.1,1.77,0.61,1066409.0,3713520263.26,4.0,35.34,33.96,34.0,34.49,0.54,3.73,31.85,6.54,100388803577.0,100388550857.0,0.0,0.0,26.35,43.03
2439,300009,安科生物,8.64,1.77,0.15,663771.0,568462260.98,6.6,8.82,8.26,8.4,8.49,0.66,5.4,21.53,3.34,14434854117.0,10629336084.0,-0.23,-0.12,3.47,-7.3
2440,688306,均普智能,8.63,1.77,0.15,61847.0,53143654.0,3.3,8.68,8.4,8.44,8.48,0.68,0.5,-77.24,6.09,10600080564.0,10600080564.0,-0.12,0.0,-5.89,-25.54
2441,688366,昊海生科,29.97,1.77,0.52,8010.0,23760978.0,3.19,30.05,29.11,29.89,29.45,0.76,0.41,30.45,1.29,6858100884.0,5815734094.0,0.07,0.0,-12.39,-30.8
2442,000951,中国重汽,20.07,1.77,0.35,69516.0,138280970.77,2.48,20.13,19.64,19.78,19.72,0.69,0.59,12.9,1.46,23461728667.0,23461728667.0,0.05,0.05,-5.15,22.45
2443,002917,金奥博,10.34,1.77,0.18,23559.0,24210834.16,2.85,10.37,10.08,10.08,10.16,0.83,0.9,23.42,2.12,3594330797.0,2694032519.0,0.0,-0.1,-23.46,-21.84
2444,600579,中化装备,6.9,1.77,0.12,29306.0,20077723.0,3.1,6.91,6.7,6.71,6.78,0.61,0.59,-24.14,2.24,3405845237.0,3405845237.0,0.29,0.0,2.68,-16.87
2445,002523,天桥起重,3.45,1.77,0.06,253533.0,87045632.34,2.36,3.46,3.38,3.4,3.39,1.22,1.8,37.01,1.92,4887410760.0,4869822256.0,0.0,0.29,-0.86,-19.2
2446,002786,银宝山新,8.06,1.77,0.14,91162.0,72855360.9,2.9,8.07,7.84,7.9,7.92,1.22,1.84,69.5,20.05,3994632720.0,3982542720.0,0.0,-0.12,-4.05,-6.28
2447,603933,睿能科技,19.11,1.76,0.33,35635.0,67077333.0,4.63,19.21,18.34,18.53,18.78,0.89,1.72,30.18,2.93,3966176828.0,3966176828.0,0.16,-0.05,-19.67,-26.5
2448,920008,成电光信,19.09,1.76,0.33,2343.0,4443840.11,3.36,19.15,18.52,18.76,18.76,0.49,0.69,-7353.2,3.8,1216987500.0,650371349.0,0.47,0.37,-17.61,-36.32
2449,000509,华塑控股,3.46,1.76,0.06,255953.0,87855161.0,3.53,3.47,3.35,3.36,3.4,1.01,2.39,-370.16,30.71,3713023060.0,3713011836.0,0.29,0.0,-29.67,-0.29
2450,920493,并行科技,112.52,1.76,1.95,9605.0,107320204.68,3.96,112.88,108.5,108.86,110.57,0.73,2.15,146.83,13.41,6816681577.0,5022547926.0,-0.05,-0.25,-20.98,-15.11
2451,300778,新城市,10.4,1.76,0.18,23371.0,24204907.0,3.72,10.45,10.07,10.17,10.22,0.94,1.15,-31.11,1.76,2118060277.0,2117494756.0,0.0,0.0,-13.98,-25.07
2452,002227,*ST特迅,6.35,1.76,0.11,17985.0,11333493.0,3.21,6.39,6.19,6.2,6.24,0.58,0.73,-22.0,1.75,1573569180.0,1561698464.0,0.16,0.0,-27.43,-47.26
2453,002415,海康威视,34.75,1.76,0.6,649120.0,2245130881.37,3.63,35.13,33.89,33.98,34.15,1.06,0.72,20.17,4.02,318479286363.0,314351756423.0,0.0,0.09,17.76,21.76
2454,688489,三未信安,23.65,1.76,0.41,10778.0,25187155.0,3.4,23.71,22.92,23.0,23.24,0.73,0.64,-44.34,2.21,4010532589.0,3979761622.0,0.0,0.04,-7.58,-23.95
2455,601188,龙江交通,2.89,1.76,0.05,168641.0,48516721.0,2.46,2.9,2.83,2.83,2.84,1.28,1.29,17.58,0.85,3772808054.0,3772808054.0,-0.34,0.0,-8.25,-17.19
2456,001379,腾达科技,16.18,1.76,0.28,18524.0,29629711.0,3.02,16.2,15.72,15.75,15.9,0.87,2.75,61.57,2.15,3236000000.0,1088888517.0,0.19,0.31,-15.55,-31.03
2457,000707,双环科技,4.65,1.75,0.08,84000.0,38983402.95,2.84,4.68,4.55,4.57,4.57,1.3,1.53,-18.21,1.0,2718934947.0,2560771689.0,-0.21,-0.21,-8.82,-23.14
2458,600327,大东方,4.08,1.75,0.07,243556.0,98921976.0,3.24,4.11,3.98,4.02,4.01,0.7,2.75,49.75,1.28,3609900433.0,3609900433.0,-0.73,-0.49,6.53,-17.58
2459,002755,奥赛康,12.18,1.75,0.21,125719.0,150946641.43,4.59,12.3,11.75,11.86,11.97,0.65,1.35,33.46,3.54,11304993075.0,11304872493.0,-0.08,-0.08,-14.29,-24.86
2460,300610,晨化股份,10.48,1.75,0.18,32420.0,33757780.0,3.3,10.54,10.2,10.26,10.3,0.82,1.96,19.98,1.88,2222674694.0,1735253541.0,0.0,0.0,-5.24,-8.55
2461,300812,易天股份,19.23,1.75,0.33,47456.0,89829665.86,6.08,19.34,18.19,18.71,18.9,0.7,2.67,226.97,4.86,3771153763.0,3421779969.0,0.0,0.05,-23.2,-5.69
2462,603698,航天工程,21.57,1.75,0.37,107925.0,229786063.0,4.48,21.69,20.74,21.21,21.2,0.58,2.01,70.56,3.32,11561304300.0,11561304300.0,0.37,0.37,-33.28,-44.23
2463,002833,弘亚数控,18.0,1.75,0.31,29328.0,52518446.5,3.17,18.08,17.52,17.68,17.69,0.84,1.0,13.3,2.52,7723253862.0,5275198944.0,0.0,0.06,-3.79,14.14
2464,002154,报 喜 鸟,4.08,1.75,0.07,258808.0,104912389.2,2.99,4.1,3.98,4.0,4.01,0.93,2.19,10.22,1.27,5954081614.0,4814918735.0,0.0,-0.24,-2.86,10.87
2465,300667,必创科技,14.53,1.75,0.25,48682.0,69766535.95,4.27,14.57,13.96,14.02,14.28,0.68,2.75,211.7,2.86,2973361647.0,2576330704.0,0.07,0.07,-14.33,-17.82
2466,920374,云里物里,14.6,1.74,0.25,3273.0,4762519.02,3.0,14.69,14.26,14.26,14.35,0.69,0.94,156.88,4.88,1249670940.0,509903365.0,0.0,0.07,-13.61,-36.63
2467,920422,润普食品,9.35,1.74,0.16,5909.0,5509821.06,2.72,9.39,9.14,9.19,9.19,0.59,0.89,28.51,1.94,827313339.0,619182339.0,0.21,0.21,-11.37,-26.84
2468,002765,蓝黛科技,7.01,1.74,0.12,56687.0,39482919.0,2.9,7.04,6.84,6.87,6.89,0.78,0.95,59.99,1.74,4571417911.0,4177317814.0,0.0,-0.28,-15.03,-47.37
2469,920608,丰安股份,13.47,1.74,0.23,1574.0,2114727.39,3.1,13.53,13.12,13.17,13.24,0.46,0.33,19.71,1.78,838372800.0,649508421.0,-0.15,0.07,-8.37,-26.83
2470,688192,迪哲医药-U,60.2,1.74,1.03,76653.0,463227210.0,5.85,61.68,58.22,59.0,59.17,0.9,1.66,-66.56,24.78,28002983688.0,27765088338.0,0.0,-0.53,23.84,4.51
2471,300782,卓胜微,75.85,1.74,1.3,92844.0,692974131.26,5.53,76.39,72.27,73.63,74.55,0.96,2.07,-75.55,3.31,43612762888.0,33999574392.0,-0.01,0.05,-24.41,-6.91
2472,603609,禾丰股份,6.43,1.74,0.11,33555.0,21524503.0,2.37,6.45,6.3,6.34,6.32,0.95,0.37,167.79,0.91,5812827593.0,5812827593.0,-0.16,0.16,-3.02,-9.31
2473,002419,天虹股份,4.69,1.74,0.08,82569.0,38610917.84,2.6,4.71,4.59,4.59,4.61,0.65,0.72,9.04,1.32,5352493323.0,5352414179.0,0.0,0.0,-6.2,-14.1
2474,002688,金河生物,5.27,1.74,0.09,80208.0,41878448.0,3.09,5.28,5.12,5.16,5.18,0.67,1.07,16.27,1.62,4055288177.0,3936906687.0,0.0,0.0,-4.18,-9.91
2475,600248,陕建股份,2.92,1.74,0.05,191142.0,55786998.0,2.79,2.94,2.86,2.87,2.87,1.05,0.52,15.19,0.39,10844673515.0,10820758715.0,-0.34,0.0,-11.25,-16.81
2476,600713,南京医药,5.25,1.74,0.09,87990.0,45911337.0,2.52,5.26,5.13,5.13,5.16,0.54,0.68,9.84,0.96,6867861168.0,6771521988.0,0.0,0.0,6.06,-0.76
2477,000917,电广传媒,7.0,1.74,0.12,191813.0,133644207.0,3.49,7.05,6.81,6.85,6.88,0.66,1.35,-89.19,0.96,9922894366.0,9922215541.0,0.0,0.0,-14.63,-31.71
2478,603387,基蛋生物,9.34,1.74,0.16,81552.0,75625119.0,2.83,9.35,9.09,9.13,9.18,0.64,1.61,15.52,1.72,4736813849.0,4736813849.0,0.0,0.11,5.06,13.63
2479,001319,铭科精技,19.84,1.74,0.34,26212.0,51483110.0,3.74,19.93,19.2,19.29,19.5,0.93,4.13,30.24,2.06,2805376000.0,1259137168.0,0.0,0.05,-13.4,-26.84
2480,603004,鼎龙科技,18.83,1.73,0.32,21998.0,41122712.0,3.51,18.95,18.3,18.39,18.51,0.86,3.74,43.08,2.11,4434841600.0,1108710400.0,-0.05,-0.05,-2.64,-19.08
2481,300911,亿田智能,22.33,1.73,0.38,150402.0,323848880.08,11.21,22.94,20.48,21.11,21.95,0.69,8.78,-28.91,3.78,4094057876.0,3826118688.0,0.0,-0.13,-12.84,-32.94
2482,600495,晋西车轴,4.12,1.73,0.07,100927.0,41245030.0,3.21,4.14,4.01,4.03,4.05,0.96,0.84,125.86,1.52,4977746450.0,4977746450.0,0.24,0.0,-1.44,-13.45
2483,002465,海格通信,9.99,1.73,0.17,438645.0,434470066.57,3.87,10.05,9.67,9.78,9.82,0.86,1.77,-68.42,2.24,24793521141.0,24754092219.0,-0.2,-0.1,-36.29,-36.33
2484,600756,浪潮软件,14.11,1.73,0.24,88300.0,124136369.0,3.46,14.19,13.71,13.76,13.87,0.46,2.72,-14.29,2.21,4933261705.0,4573033405.0,-0.07,0.0,-4.34,-23.4
2485,002014,永新股份,11.15,1.73,0.19,46860.0,51973614.79,2.55,11.2,10.92,10.92,10.96,1.45,0.77,18.55,2.74,6829284306.0,6807383777.0,0.09,-0.18,5.59,-4.29
2486,301281,科源制药,44.73,1.73,0.76,21855.0,95339614.39,6.35,44.9,42.11,43.93,43.97,0.9,3.08,40.27,3.49,4843811700.0,3173682960.0,-0.18,0.02,11.52,52.92
2487,002771,真视通,12.37,1.73,0.21,61038.0,74564385.9,4.69,12.45,11.88,12.0,12.16,1.5,3.5,-49.0,4.38,2594781917.0,2158746282.0,-0.08,-0.08,-30.43,-18.24
2488,002061,浙江交科,3.53,1.73,0.06,182116.0,64258323.88,2.59,3.56,3.47,3.48,3.47,1.02,0.7,10.69,0.59,9330326511.0,9174956787.0,0.0,-0.28,-4.34,-8.79
2489,600710,苏美达,10.61,1.73,0.18,94115.0,99630776.0,2.49,10.65,10.39,10.43,10.43,1.29,0.72,10.0,1.64,13864611495.0,13864611495.0,0.0,0.0,-4.76,2.02
2490,601002,晋亿实业,5.32,1.72,0.09,86706.0,45756931.0,2.68,5.32,5.18,5.19,5.23,0.78,0.91,17.76,1.18,5115981830.0,5077624630.0,0.0,0.0,3.1,5.14
2491,300210,森远股份,8.3,1.72,0.14,57586.0,47487476.0,3.68,8.32,8.02,8.09,8.16,0.72,1.19,-85.78,10.72,4019025610.0,4019025610.0,0.0,0.24,-28.45,-6.64
2492,300893,松原安全,14.17,1.72,0.24,52272.0,73472549.6,5.03,14.28,13.58,13.9,13.93,1.59,2.08,26.99,3.15,6702427939.0,3555558208.0,0.14,0.0,-31.01,-39.86
2493,002846,英联股份,10.67,1.72,0.18,50931.0,53795280.3,2.57,10.67,10.4,10.45,10.49,1.0,1.88,69.26,3.13,4481332096.0,2895750517.0,0.09,0.19,-13.18,-33.81
2494,300923,研奥股份,24.9,1.72,0.42,10832.0,26903600.0,3.39,25.08,24.25,24.48,24.48,0.63,1.42,292.19,1.76,1957140000.0,1900532963.0,0.08,0.08,3.88,-0.72
2495,301395,仁信新材,12.42,1.72,0.21,25417.0,31220843.34,4.1,12.49,11.99,12.11,12.21,0.48,2.0,-7.5,2.09,3016202440.0,1581431620.0,-0.4,0.0,-5.34,1.31
2496,000069,华侨城Ａ,1.77,1.72,0.03,342860.0,60575218.23,3.45,1.79,1.73,1.73,1.74,0.93,0.5,-2.6,0.42,14226831754.0,12210525152.0,0.0,0.0,-12.38,-28.63
2497,688391,钜泉科技,25.39,1.72,0.43,9668.0,24193353.0,4.41,25.48,24.38,24.94,24.96,0.74,0.84,188.13,1.6,2934930137.0,2934930137.0,0.04,0.08,-17.03,-9.42
2498,603178,圣龙股份,16.6,1.72,0.28,80584.0,132674035.0,6.74,16.8,15.7,16.01,16.32,0.82,3.41,139.91,3.46,3924437225.0,3924437225.0,-0.06,-0.12,-6.53,-12.03
2499,301266,宇邦新材,23.22,1.71,0.39,34112.0,77706679.04,5.65,23.39,22.1,22.61,22.83,0.65,2.52,25.99,1.86,3319867077.0,3149383933.0,-0.04,0.22,-10.42,-16.5
2500,000908,石药景峰,6.53,1.71,0.11,160921.0,103732165.0,3.43,6.55,6.33,6.38,6.42,0.6,1.83,978.88,5.5,11489853024.0,5744926512.0,-0.15,0.15,-8.8,32.72
2501,300488,恒锋工具,32.03,1.71,0.54,43206.0,137291576.0,3.43,32.28,31.2,31.2,31.49,1.02,2.66,28.68,2.77,6124802128.0,5196792614.0,-0.09,-0.06,-0.5,-1.26
2502,300669,沪宁股份,23.74,1.71,0.4,8971.0,21050896.0,2.78,23.75,23.1,23.43,23.34,0.49,0.49,547.5,5.29,4574829187.0,4332548504.0,0.21,0.17,-18.75,-9.46
2503,002364,中恒电气,38.14,1.71,0.64,315914.0,1185216196.14,6.56,38.55,36.09,36.56,37.5,0.77,5.66,215.5,8.79,21494367574.0,21286077406.0,-0.03,0.03,-24.56,44.8
2504,920640,富士达,24.97,1.71,0.42,14118.0,35165590.99,2.57,25.13,24.5,24.5,24.55,0.54,0.78,92.68,5.14,4687568160.0,4510039101.0,0.28,-0.08,-19.3,-33.36
2505,000669,ST金鸿,4.17,1.71,0.07,66799.0,27747990.0,2.68,4.21,4.1,4.12,4.1,0.58,0.98,111.93,38.36,2837304683.0,2837304683.0,-0.24,0.0,-6.29,41.36
2506,600511,国药股份,26.71,1.71,0.45,46623.0,124094179.0,1.98,26.77,26.25,26.32,26.26,0.86,0.84,11.45,1.07,20152775077.0,14779882985.0,-0.11,-0.04,0.49,-4.44
2507,300339,润和软件,35.61,1.71,0.6,158956.0,561960813.65,4.06,35.82,34.4,34.58,35.01,0.4,2.04,171.55,7.74,28360190048.0,27693416870.0,0.0,-0.03,-21.13,-27.96
2508,300533,冰川网络,14.3,1.71,0.24,37623.0,53598363.9,3.13,14.4,13.96,14.0,14.06,0.87,1.63,-120.2,3.65,4693928639.0,3302773031.0,-0.21,-0.28,-13.91,-40.64
2509,301337,亚华电子,26.17,1.71,0.44,9415.0,24376093.0,4.86,26.27,25.02,25.8,25.73,0.62,0.92,-77.66,2.52,2726914000.0,2667607546.0,0.0,-0.08,-0.38,-4.87
2510,300467,迅游科技,33.27,1.71,0.56,25920.0,85600215.0,3.85,33.46,32.2,32.62,32.71,0.65,1.52,278.18,10.41,6760626923.0,5663280251.0,0.03,0.3,-6.12,15.92
2511,603059,倍加洁,25.04,1.71,0.42,12788.0,31872174.0,2.8,25.15,24.46,24.62,24.62,1.05,1.27,32.13,2.3,2519467208.0,2515235448.0,0.2,0.28,-11.14,-16.0
2512,000631,顺发恒能,2.97,1.71,0.05,93275.0,27573998.87,2.74,2.98,2.9,2.92,2.92,0.92,0.41,241.35,1.25,6831000252.0,6831000252.0,0.0,0.34,-13.16,-8.33
2513,002902,铭普光磁,24.45,1.71,0.41,77524.0,186726739.56,5.57,24.69,23.35,23.91,24.04,0.72,4.16,-186.63,9.39,5745971566.0,4559212185.0,-0.04,0.0,-22.68,7.76
2514,688168,安博通,35.36,1.7,0.59,27946.0,96842888.0,5.95,35.59,33.52,34.06,34.77,0.8,2.59,78.95,3.82,3820966417.0,3820966417.0,-0.11,0.17,-40.14,-34.14
2515,002582,好想你,10.19,1.7,0.17,221699.0,224490224.0,2.99,10.25,9.95,10.0,10.02,0.56,6.44,3.06,1.01,4562143409.0,3507138950.0,0.0,0.0,-1.64,-2.58
2516,920177,恒道科技,24.5,1.7,0.41,1957.0,4744402.8,2.45,24.56,23.97,24.01,24.09,0.41,1.06,18.62,1.93,1281840000.0,453948397.0,0.0,-0.04,-21.75,12.39
2517,920222,益坤电气,25.1,1.7,0.42,7583.0,18870147.86,3.04,25.18,24.43,24.79,24.68,0.47,6.56,49.88,4.71,2149742210.0,290221009.0,-0.2,0.16,148.76,148.76
2518,600468,百利电气,5.97,1.7,0.1,169187.0,100714293.0,3.24,6.0,5.81,5.88,5.87,1.06,1.56,77.85,3.19,6493779866.0,6493779866.0,0.0,0.0,-10.09,-15.68
2519,300455,航天智装,17.3,1.7,0.29,56529.0,96869261.65,3.7,17.41,16.78,16.97,17.01,0.64,0.8,2426.91,7.44,12417385293.0,12226165244.0,0.0,-0.12,-21.08,-42.41
2520,920717,瑞星股份,7.78,1.7,0.13,11295.0,8796120.07,4.58,7.86,7.51,7.7,7.65,0.62,2.55,87.51,1.62,892210400.0,344498400.0,-0.13,-0.51,-3.23,-29.91
2521,301568,思泰克,71.15,1.7,1.19,32117.0,222426988.84,7.38,71.5,66.34,69.1,69.96,0.97,6.75,69.48,7.29,7346835160.0,3386694464.0,0.0,0.24,-3.2,48.45
2522,601089,福元医药,16.28,1.69,0.27,38029.0,61471284.0,3.31,16.33,15.8,15.85,16.01,0.37,0.79,20.98,2.09,7814400000.0,7814400000.0,-0.12,0.0,-9.71,-30.75
2523,688117,圣诺生物,24.61,1.69,0.41,67035.0,161810832.0,5.0,24.67,23.46,24.1,24.2,0.49,3.04,20.05,4.74,5422576481.0,5422576481.0,0.04,0.08,1.32,-8.03
2524,002382,蓝帆医疗,6.0,1.69,0.1,205192.0,120995650.66,5.42,6.01,5.69,5.75,5.9,1.45,2.06,31.59,0.85,6045544356.0,5986753362.0,0.17,0.17,-6.4,7.14
2525,000565,渝三峡Ａ,6.03,1.69,0.1,107333.0,64275752.2,3.88,6.05,5.82,5.89,5.93,0.71,2.48,53.01,2.04,2614561087.0,2614561087.0,0.33,0.0,-14.1,-17.28
2526,002495,佳隆股份,2.41,1.69,0.04,207322.0,49673695.0,3.8,2.44,2.35,2.36,2.37,1.24,2.99,158.77,2.04,2254857696.0,1672342879.0,-0.41,-0.82,-3.98,-9.06
2527,601908,京运通,3.0,1.69,0.05,258919.0,77246098.0,2.71,3.01,2.93,2.95,2.95,0.84,1.07,-12.09,0.98,7243808583.0,7243808583.0,0.0,0.0,-22.68,-23.27
2528,603057,紫燕食品,21.7,1.69,0.36,14776.0,31776667.0,3.14,21.78,21.11,21.23,21.34,0.7,0.36,27.04,4.29,9007995500.0,8940400000.0,0.28,0.23,-16.86,7.64
2529,002656,摩登大道,3.0,1.69,0.05,125790.0,37501069.34,2.37,3.01,2.94,2.95,2.95,1.24,1.83,-382.03,5.18,2137559532.0,2059915104.0,0.0,0.0,-14.04,6.38
2530,603348,文灿股份,14.42,1.69,0.24,20660.0,29644614.0,2.89,14.46,14.05,14.05,14.18,0.98,0.66,-10.5,1.19,4534761109.0,4534761109.0,0.07,0.0,-13.24,-25.13
2531,002616,长青集团,4.82,1.69,0.08,78769.0,37753228.5,2.74,4.83,4.7,4.7,4.74,1.0,1.34,10.41,1.18,4141422894.0,2831654892.0,-0.21,0.0,-19.13,-7.49
2532,600120,浙江东方,4.82,1.69,0.08,243654.0,116919756.0,2.11,4.83,4.73,4.74,4.74,0.63,0.71,9.38,0.98,16462138791.0,16462138791.0,0.0,0.0,-1.23,-20.85
2533,002225,濮耐股份,3.6,1.69,0.06,159955.0,57355859.0,3.11,3.62,3.51,3.54,3.54,0.53,1.64,137.23,1.03,4173260929.0,3509744591.0,0.0,0.0,-5.26,-36.28
2534,603991,领先股份,134.49,1.69,2.24,17226.0,225484547.0,6.16,134.65,126.5,130.0,132.25,0.9,1.92,100.75,5.84,20537928898.0,12041763616.0,-0.06,-0.08,18.3,82.61
2535,002082,ST万邦,9.6,1.69,0.16,61761.0,58878198.0,3.18,9.64,9.34,9.35,9.44,0.58,1.09,14.26,2.25,5872214928.0,5451337651.0,0.0,-0.1,-39.89,-31.08
2536,002223,鱼跃医疗,26.43,1.69,0.44,87910.0,230437381.91,2.65,26.49,25.8,25.92,25.99,0.82,0.93,15.72,1.99,26495465233.0,24904812421.0,-0.08,0.0,-0.64,-29.73
2537,600817,宇通重工,9.71,1.68,0.16,24815.0,23963282.0,2.3,9.73,9.51,9.55,9.55,1.09,0.47,25.04,2.15,5166369075.0,5141365825.0,-0.1,-0.1,-2.31,-11.49
2538,300234,开尔新材,9.69,1.68,0.16,111656.0,107382405.18,6.19,9.8,9.21,9.58,9.53,0.93,3.25,-2011.56,4.34,4875727862.0,3333234456.0,0.1,-0.21,15.08,76.18
2539,301062,上海艾录,7.26,1.68,0.12,101846.0,72917216.89,3.64,7.26,7.0,7.0,7.14,0.79,3.7,93.02,2.33,3145700973.0,1998324017.0,0.14,0.28,4.61,-11.36
2540,603350,安乃达,28.37,1.68,0.47,3871.0,10872959.0,3.05,28.47,27.62,27.78,27.9,0.7,0.88,30.49,2.48,3304934780.0,1251812065.0,0.0,-0.28,-8.72,-24.93
2541,301131,聚赛龙,33.86,1.68,0.56,12003.0,40142633.93,3.18,33.88,32.82,33.18,33.3,1.33,3.07,245.13,1.73,1850869981.0,1325784135.0,0.3,0.3,-10.59,-29.59
2542,688608,恒玄科技,104.1,1.68,1.72,23474.0,243233319.0,3.9,104.99,101.0,101.47,102.38,0.51,0.99,72.06,3.51,24659837493.0,24659837493.0,-0.19,-0.14,-9.13,-35.38
2543,600381,*ST春天,4.83,1.68,0.08,54653.0,26076506.0,4.84,4.86,4.63,4.68,4.75,0.72,0.93,-43.55,2.9,2835503379.0,2835503379.0,-0.41,-0.21,-12.18,9.03
2544,600824,益民集团,3.64,1.68,0.06,218790.0,79968586.0,4.75,3.72,3.55,3.55,3.58,0.83,2.08,50.86,1.54,3836658546.0,3836658546.0,-0.55,-0.55,-6.43,-19.11
2545,603060,国检集团,5.49,1.67,0.09,49589.0,27102034.0,2.78,5.51,5.36,5.36,5.4,1.09,0.62,-106.98,2.23,4413762662.0,4413762662.0,0.0,0.0,-21.12,-8.65
2546,600820,隧道股份,5.47,1.67,0.09,203597.0,110785731.0,1.67,5.48,5.39,5.39,5.38,1.09,0.65,14.47,0.54,17198205634.0,17198205634.0,0.37,0.18,-3.36,-14.13
2547,603712,七一二,10.96,1.67,0.18,129153.0,140228499.0,3.25,11.0,10.65,10.78,10.78,1.25,1.67,-32.44,2.21,8461120000.0,8461120000.0,0.0,0.0,-26.0,-47.23
2548,605077,华康股份,10.96,1.67,0.18,31810.0,34674291.0,3.15,11.02,10.68,10.71,10.78,0.78,1.06,39.53,1.11,3317633407.0,3281749271.0,0.0,0.0,-38.08,-24.31
2549,688505,复旦张江,8.52,1.67,0.14,107603.0,90456517.0,5.01,8.58,8.16,8.34,8.38,0.56,1.51,119.69,4.1,8831594292.0,6054074292.0,-0.23,-0.35,17.84,2.65
2550,920167,同享科技,14.64,1.67,0.24,8846.0,12754401.21,2.99,14.64,14.21,14.34,14.4,0.9,1.35,11.02,2.43,1610787960.0,956926208.0,1.04,1.24,-17.8,-14.29
2551,300192,科德教育,17.68,1.67,0.29,465110.0,802669170.53,10.35,17.95,16.15,17.65,17.39,1.47,10.21,83.17,8.16,8146955669.0,8052175310.0,-0.11,0.34,46.24,17.16
2552,300937,药易购,25.58,1.67,0.42,53794.0,136078683.88,4.29,25.73,24.65,25.0,25.16,0.69,8.29,-128.43,3.02,2447153726.0,1659225776.0,0.08,0.04,7.84,-24.96
2553,002985,北摩高科,25.55,1.67,0.42,28061.0,71038247.9,3.06,25.64,24.87,25.02,25.13,0.89,0.85,31.53,3.12,8478859480.0,8455502718.0,-0.04,-0.04,-16.23,-19.15
2554,002931,锋龙股份,46.94,1.67,0.77,50795.0,236109982.8,4.01,47.36,45.51,46.0,46.17,0.5,2.51,-2544.96,10.05,10256664881.0,9508910775.0,-0.13,-0.02,-10.04,48.31
2555,002085,万丰奥威,10.34,1.67,0.17,160229.0,164612713.94,2.65,10.36,10.09,10.14,10.17,0.92,0.75,22.58,2.91,21954896357.0,21954896357.0,0.0,0.0,-12.96,-35.21
2556,300729,乐歌股份,10.32,1.67,0.17,22276.0,22799844.88,3.45,10.34,9.99,10.15,10.15,1.24,0.68,1092.81,0.99,3525450340.0,3394431675.0,0.0,0.0,-11.11,-22.46
2557,300933,中辰股份,6.71,1.67,0.11,169468.0,112316999.69,4.24,6.75,6.47,6.49,6.6,1.51,3.1,55.54,1.73,3670976946.0,3670976946.0,0.15,0.15,-13.31,-19.06
2558,600558,大西洋,4.86,1.67,0.08,104595.0,50492660.0,2.51,4.86,4.74,4.74,4.78,0.66,1.17,19.57,1.84,4362359479.0,4362359479.0,0.41,0.21,-14.13,-18.73
2559,002849,威星智能,18.84,1.67,0.31,77000.0,144368512.6,4.43,19.03,18.21,18.54,18.53,0.78,3.52,40.83,3.04,4156744861.0,4123069643.0,-0.16,-0.11,11.88,18.79
2560,688511,天微电子,21.25,1.67,0.35,12641.0,26397586.0,5.26,21.39,20.29,21.0,20.9,0.75,0.95,132.05,3.46,2840655056.0,2840655056.0,-0.05,0.09,-11.16,-2.7
2561,600708,光明地产,3.05,1.67,0.05,128470.0,38998659.0,3.0,3.06,2.97,2.97,3.0,0.81,0.58,-7.26,1.14,6797342066.0,6787097202.0,0.33,0.0,-6.15,-21.59
2562,600100,同方股份,6.71,1.67,0.11,179963.0,120219759.0,2.58,6.74,6.57,6.58,6.6,0.81,0.54,-30.63,1.43,22480497654.0,22480497654.0,-0.15,-0.15,-15.81,-24.44
2563,600819,耀皮玻璃,5.51,1.66,0.09,66713.0,36577574.0,2.58,5.52,5.38,5.4,5.42,1.06,0.85,55.62,1.39,5381931472.0,4348806461.0,0.18,0.0,-18.61,-31.72
2564,601003,柳钢股份,3.67,1.66,0.06,124846.0,45590962.0,2.77,3.69,3.59,3.62,3.61,0.86,0.49,102.5,1.06,9667593900.0,9405451044.0,0.0,0.0,-5.41,-25.56
2565,300503,昊志机电,68.14,1.66,1.11,126566.0,856716856.98,6.21,69.39,65.23,66.35,67.03,0.56,5.25,45.2,13.11,21002573130.0,16436289934.0,-0.1,-0.01,-5.84,7.1
2566,301208,中亦科技,30.03,1.66,0.49,15154.0,45194525.6,3.45,30.14,29.12,29.18,29.54,1.01,2.25,78.29,2.3,3603601802.0,2024648426.0,0.07,0.17,-0.13,-24.07
2567,301162,国能日新,36.64,1.66,0.6,13432.0,48516277.96,4.72,37.01,35.31,35.84,36.04,0.49,1.11,48.77,4.22,6839785410.0,4439566684.0,0.0,-0.19,-27.63,0.96
2568,920072,科莱瑞迪,25.05,1.66,0.41,5797.0,14408891.5,2.72,25.14,24.47,24.79,24.64,0.43,4.01,32.63,2.67,1918830000.0,362348250.0,0.08,-0.28,60.37,60.37
2569,920016,中草香料,12.88,1.66,0.21,3448.0,4417249.03,2.21,12.9,12.62,12.62,12.67,0.54,1.01,38.5,2.53,991527246.0,440975368.0,0.16,0.08,-14.08,-33.16
2570,301236,软通动力,37.26,1.66,0.61,161592.0,603395605.23,4.12,37.91,36.4,36.69,36.65,0.67,2.06,-27.56,2.9,38571152573.0,29275526804.0,-0.19,0.13,-5.91,-21.36
2571,000557,西部创业,3.67,1.66,0.06,93038.0,34045039.0,2.77,3.69,3.59,3.61,3.61,1.36,0.64,25.72,0.84,5352235277.0,5350552447.0,0.0,0.0,-14.05,-26.01
2572,002020,京新药业,12.9,1.65,0.21,75233.0,96202377.56,2.36,12.94,12.64,12.65,12.69,0.42,1.04,16.81,1.91,11107275906.0,9339191522.0,-0.08,-0.08,-1.83,-30.83
2573,300230,永利股份,4.32,1.65,0.07,84376.0,36189353.57,2.59,4.33,4.22,4.24,4.25,1.11,1.34,21.45,1.12,3513082065.0,2720833196.0,0.23,0.0,-10.0,-6.09
2574,920781,瑞奇智造,5.56,1.65,0.09,6684.0,3691872.11,3.11,5.57,5.4,5.49,5.47,0.5,0.56,-30.43,2.43,859392820.0,669236561.0,0.0,0.0,-13.4,-37.95
2575,000420,吉林化纤,3.7,1.65,0.06,414455.0,152653237.8,2.75,3.71,3.61,3.63,3.64,1.16,1.69,83.47,2.05,9097812869.0,9094731879.0,-0.27,-0.27,-16.48,-18.32
2576,001376,百通能源,10.49,1.65,0.17,81516.0,84811919.3,3.1,10.56,10.24,10.34,10.32,0.74,3.79,30.08,3.5,5125414000.0,2255248383.0,0.29,0.1,-27.61,-37.34
2577,000589,贵州轮胎,4.32,1.65,0.07,201362.0,86366322.81,2.12,4.33,4.24,4.24,4.25,1.21,1.3,9.32,0.74,6714965249.0,6670558241.0,0.0,0.23,-8.09,-15.13
2578,600517,国网英大,4.93,1.65,0.08,162617.0,80022385.0,2.06,4.95,4.85,4.85,4.85,1.06,0.28,18.08,1.2,28191888218.0,28191888218.0,0.0,0.0,-7.33,-16.72
2579,600866,星湖科技,4.3,1.65,0.07,184988.0,79083327.0,2.6,4.31,4.2,4.2,4.23,0.64,1.11,50.51,0.93,7144332249.0,7144332249.0,0.23,0.23,-9.28,-34.55
2580,000900,现代投资,3.7,1.65,0.06,134267.0,49399884.55,2.2,3.71,3.63,3.63,3.64,1.33,0.88,8.49,0.51,5615964836.0,5615631836.0,0.27,0.27,-5.13,-5.85
2581,600872,中炬高新,18.48,1.65,0.3,98473.0,181440840.0,2.15,18.55,18.16,18.26,18.18,0.9,1.28,17.27,2.57,14308944656.0,14247857316.0,-0.05,-0.05,-3.6,8.01
2582,300515,三德科技,15.98,1.65,0.26,54180.0,85738296.0,4.71,16.08,15.34,15.57,15.72,0.67,2.68,18.76,3.5,3287956910.0,3229202845.0,-0.06,0.0,1.01,-17.07
2583,300377,赢时胜,14.15,1.65,0.23,269831.0,379958644.95,3.74,14.28,13.76,13.8,13.92,1.14,3.85,-67.79,4.4,10626693582.0,9919798523.0,0.07,0.21,-0.63,-37.25
2584,000995,皇台酒业,11.08,1.65,0.18,137173.0,151559687.74,4.95,11.24,10.7,10.87,10.9,1.56,7.73,-101.91,11.89,1965680640.0,1965680640.0,-0.09,0.0,-17.0,-11.43
2585,688004,博汇科技,21.55,1.65,0.35,15288.0,32701574.0,3.68,21.73,20.95,21.35,21.2,0.57,1.91,-41.61,3.08,1725896400.0,1725896400.0,-0.19,-0.23,-0.97,-6.83
2586,920191,瑞尔竞达,8.61,1.65,0.14,5930.0,5065395.68,2.36,8.65,8.45,8.46,8.47,0.58,1.49,16.4,1.47,1527374394.0,343668150.0,-0.12,0.12,-23.33,11.67
2587,603366,日出东方,7.44,1.64,0.12,389384.0,287477327.0,4.78,7.51,7.16,7.2,7.32,1.15,4.79,82.53,1.4,6049077871.0,6049077871.0,0.0,0.27,-4.98,-22.26
2588,300122,智飞生物,13.04,1.64,0.21,475629.0,611967327.8,4.21,13.1,12.56,12.79,12.83,0.83,3.36,-20.1,2.02,31215018301.0,18442553474.0,-0.23,-0.23,-4.82,-30.9
2589,300727,润禾材料,27.23,1.64,0.44,27349.0,73905540.5,4.55,27.47,26.25,26.6,26.79,1.11,1.69,44.85,3.7,4905112865.0,4414227444.0,0.0,-0.04,-19.37,-22.95
2590,688692,达梦数据,237.5,1.64,3.83,6766.0,158864706.0,4.09,238.88,229.32,230.18,233.67,0.39,0.91,44.41,7.13,26894500000.0,17614118150.0,-0.2,0.05,-16.73,-8.75
2591,000877,天山股份,3.71,1.64,0.06,94340.0,34779372.46,2.47,3.71,3.62,3.65,3.65,0.94,0.13,-4.41,0.36,26379924185.0,26379918620.0,0.0,0.0,-15.68,-30.26
2592,300635,中达安,12.42,1.64,0.2,36556.0,44936078.0,3.93,12.49,12.01,12.17,12.22,0.86,3.04,291.54,5.65,1738973880.0,1495544699.0,-0.08,0.0,-12.41,-22.52
2593,600110,诺德股份,11.25,1.63,0.18,2327204.0,2525648047.0,8.58,11.38,10.43,10.78,11.07,1.28,13.41,94.85,3.25,19520785485.0,19520785485.0,0.09,0.18,-9.05,58.67
2594,920273,一致魔芋,17.41,1.63,0.28,14532.0,25572918.09,5.08,17.99,17.12,17.12,17.13,0.47,2.12,38.59,2.85,1793889909.0,1194155452.0,0.0,-0.06,-22.62,-45.58
2595,001279,强邦新材,25.5,1.63,0.41,6880.0,17448192.0,2.31,25.54,24.96,25.0,25.09,1.13,1.72,157.71,4.09,4080000000.0,1020000000.0,0.08,0.04,-15.14,-25.26
2596,301263,泰恩康,18.65,1.63,0.3,31273.0,57782429.42,3.65,18.77,18.1,18.22,18.35,0.4,0.86,1279.86,5.77,9522634050.0,6794255911.0,-0.16,-0.11,-11.65,-22.68
2597,603588,高能环境,13.7,1.63,0.22,612414.0,840756187.0,5.19,14.06,13.36,13.41,13.48,1.1,4.02,10.21,2.0,20868312061.0,20868312061.0,0.07,-0.07,10.75,79.79
2598,920266,生物谷,7.47,1.63,0.12,22313.0,16550303.3,2.99,7.51,7.29,7.45,7.35,0.4,1.88,-104.89,1.06,926280052.0,885123714.0,0.13,0.0,0.95,-17.64
2599,001259,利仁科技,46.09,1.63,0.74,11108.0,50467044.08,5.03,46.39,44.11,44.8,45.35,0.96,2.34,264.18,4.71,3391711848.0,2191325959.0,0.0,0.0,-38.11,54.2
2600,603025,大豪科技,13.72,1.63,0.22,74969.0,102346052.0,2.44,13.78,13.45,13.6,13.5,0.49,0.68,14.4,5.55,15320503486.0,15217877886.0,0.0,-0.15,-13.22,-21.64
2601,000011,深物业A,8.1,1.63,0.13,55658.0,44960928.0,2.89,8.16,7.93,7.97,7.97,0.75,1.06,-44.31,1.44,4827430645.0,4264451898.0,0.25,0.12,7.28,-9.9
2602,920870,恒进感应,11.88,1.63,0.19,9054.0,10668913.89,3.08,11.88,11.52,11.6,11.69,0.58,1.37,64.74,3.58,1591920000.0,784114452.0,0.17,0.0,-13.85,-31.88
2603,600439,ST瑞贝卡,1.88,1.62,0.03,149906.0,27979856.0,2.7,1.89,1.84,1.85,1.85,1.13,1.32,138.8,0.85,2128132627.0,2128132627.0,0.53,0.0,-23.27,-32.13
2604,603305,旭升集团,11.26,1.62,0.18,119470.0,133403535.0,3.16,11.32,10.97,11.0,11.08,0.76,1.03,25.99,1.42,13013278341.0,13013278341.0,-0.09,0.0,-23.87,-29.71
2605,002956,西麦食品,16.97,1.62,0.27,31571.0,53049992.78,3.47,17.08,16.5,16.67,16.7,0.68,1.01,17.89,3.22,5303899494.0,5303307699.0,-0.12,0.0,-23.97,-13.86
2606,600184,光电股份,17.56,1.62,0.28,89163.0,154940126.0,5.79,17.83,16.83,17.01,17.28,0.78,1.53,2280.76,3.01,10232694338.0,10232694338.0,0.0,0.0,-31.59,-7.72
2607,301283,聚胶股份,25.75,1.62,0.41,10451.0,26656847.11,3.31,25.87,25.03,25.34,25.34,0.81,1.14,20.98,1.85,2992735967.0,2352550952.0,-0.31,-0.23,-7.94,-19.61
2608,603086,先达股份,5.66,1.62,0.09,92165.0,51937682.0,3.77,5.69,5.48,5.49,5.57,1.45,2.12,17.0,1.15,2461042389.0,2461042389.0,-0.35,-0.18,-9.58,-30.3
2609,300342,天银机电,31.9,1.62,0.51,119966.0,377776594.97,5.54,32.25,30.51,31.21,31.39,0.53,2.85,273.09,8.62,13558620105.0,13409387917.0,-0.25,-0.28,-34.43,-3.65
2610,002753,永东股份,6.93,1.61,0.11,90021.0,62004370.42,3.23,6.95,6.73,6.75,6.82,1.5,3.04,556.68,1.13,2970749122.0,2049817098.0,0.58,0.43,4.68,-2.12
2611,000488,ST晨鸣,1.89,1.61,0.03,99805.0,18670832.34,2.69,1.89,1.84,1.85,1.86,1.45,0.59,-2.71,13.35,5559352218.0,3202075328.0,0.0,0.0,-17.83,-14.09
2612,300768,迪普科技,14.49,1.61,0.23,40066.0,57665133.7,2.81,14.56,14.16,14.24,14.26,0.47,0.95,64.42,2.64,9329082775.0,6095465323.0,-0.14,-0.07,-12.08,-21.46
2613,002547,*ST春兴,2.53,1.61,0.04,217590.0,54761178.24,4.82,2.56,2.44,2.47,2.49,0.75,1.97,-14.25,-6.53,2853984635.0,2795162130.0,0.4,0.0,-29.53,-45.82
2614,000701,厦门信达,5.05,1.61,0.08,102274.0,51312520.28,2.82,5.07,4.93,4.98,4.97,0.74,1.53,3.99,-14.61,3374981185.0,3372120487.0,0.2,0.0,-11.71,-23.14
2615,603248,锡华科技,18.35,1.61,0.29,17829.0,32584817.0,2.6,18.47,18.0,18.07,18.06,0.41,2.49,73.18,3.73,8441000000.0,1312115851.0,0.0,-0.11,-28.93,-15.86
2616,688578,艾力斯,114.0,1.61,1.81,47094.0,534135452.0,3.41,114.52,110.69,112.0,112.19,0.47,1.05,16.65,6.06,51300000000.0,51300000000.0,-0.09,0.02,27.79,10.09
2617,603638,艾迪精密,18.92,1.61,0.3,61995.0,116099183.0,2.74,18.97,18.46,18.5,18.62,0.79,0.7,27.51,3.66,16662731407.0,16662731407.0,0.05,0.11,-12.61,0.48
2618,300123,ST亚光,4.41,1.61,0.07,146071.0,64115339.0,3.46,4.44,4.29,4.32,4.34,0.65,1.47,-38.14,14.44,4506288482.0,4383629889.0,0.23,0.0,-7.35,-45.56
2619,300045,华力创通,12.6,1.61,0.2,108346.0,135054309.63,4.19,12.68,12.16,12.35,12.4,0.76,2.1,-174.58,5.5,8349707974.0,6505546018.0,0.08,0.08,-32.58,-56.42
2620,603883,老百姓,13.22,1.61,0.21,107538.0,141572814.0,2.61,13.26,12.92,13.01,13.01,0.62,1.42,9.51,1.52,10032528920.0,10032528920.0,0.0,0.15,7.92,-9.02
2621,300034,钢研高纳,15.78,1.61,0.25,127808.0,199051662.95,4.83,16.0,15.25,15.5,15.53,1.26,1.67,61.13,3.26,12576053464.0,12104143317.0,-0.13,-0.25,-13.96,-19.24
2622,001217,华尔泰,10.12,1.61,0.16,36821.0,37013232.0,2.21,10.12,9.9,9.91,9.96,1.15,1.12,112.43,1.54,3358524400.0,3325216920.0,0.0,0.1,0.3,-26.67
2623,600606,绿地控股,1.27,1.6,0.02,794420.0,100679064.0,3.2,1.28,1.24,1.25,1.25,0.92,0.57,21.85,0.46,17848857259.0,17848857259.0,0.0,-0.78,-15.33,-23.49
2624,300681,英搏尔,21.6,1.6,0.34,57916.0,123186460.0,4.52,21.66,20.7,21.08,21.26,0.97,2.51,29.13,2.15,6610795344.0,4985166859.0,0.0,-0.05,-31.99,-13.6
2625,301273,瑞晨环保,40.72,1.6,0.64,20122.0,80303727.97,5.91,41.05,38.68,39.6,40.08,0.49,2.61,-55.91,4.67,4084155246.0,3134651376.0,0.12,0.34,37.01,115.22
2626,603334,丰倍生物,31.72,1.6,0.5,14148.0,44818508.0,3.59,32.12,31.0,31.06,31.22,0.47,4.45,27.95,2.63,4551820000.0,1009225819.0,-0.13,-0.28,-29.07,-23.47
2627,688058,宝兰德,22.86,1.6,0.36,7038.0,15936508.0,4.22,23.05,22.1,22.3,22.5,0.83,0.93,-12.56,2.81,1733623396.0,1733623396.0,-0.31,0.13,-12.01,-16.05
2628,600770,综艺股份,5.07,1.6,0.08,179165.0,89899394.0,4.21,5.11,4.9,4.96,4.99,0.87,1.38,69.91,1.94,6591000000.0,6591000000.0,-0.2,0.0,-17.56,-1.93
2629,301097,天益医疗,33.73,1.6,0.53,10443.0,35088874.04,4.07,34.17,32.82,33.49,33.2,1.0,2.64,85.39,2.7,2752684826.0,1335383214.0,-0.12,-0.15,-11.17,-8.69
2630,301088,戎美股份,12.69,1.6,0.2,9212.0,11597777.0,2.56,12.72,12.4,12.55,12.49,0.7,0.49,52.77,1.2,2892051000.0,2385720000.0,0.08,-0.16,-14.83,-23.65
2631,600803,新奥股份,17.86,1.59,0.28,76977.0,135900707.0,2.1,17.86,17.49,17.64,17.58,1.06,0.25,21.1,2.6,55280006011.0,54861038987.0,1.53,1.71,-5.35,-9.8
2632,688636,智明达,19.8,1.59,0.31,49977.0,97525796.0,4.87,19.97,19.02,19.48,19.49,0.67,2.87,32.08,2.4,3443346799.0,3443346799.0,0.1,0.05,-45.0,-53.67
2633,002735,王子新材,11.52,1.59,0.18,143995.0,164284425.6,4.23,11.64,11.16,11.18,11.34,1.05,5.05,107.18,2.77,4322930147.0,3283883608.0,-0.17,-0.26,-20.33,-36.11
2634,688071,华依科技,32.66,1.59,0.51,24872.0,81422053.0,8.55,34.15,31.4,32.02,32.15,1.13,2.93,512.49,2.74,2769232386.0,2769232386.0,0.0,-0.21,-4.39,-1.54
2635,603370,华新精科,32.5,1.59,0.51,5054.0,16296994.0,3.03,32.65,31.68,32.03,31.99,0.8,1.44,42.49,2.91,5685875000.0,1137175000.0,0.0,-0.03,-22.88,-30.87
2636,688581,安杰思,51.89,1.59,0.81,3805.0,19668423.0,2.31,51.99,50.81,51.25,51.08,0.52,0.92,17.73,1.64,4189632640.0,2136740845.0,0.0,-0.02,-5.59,-9.9
2637,301501,恒鑫生活,28.15,1.59,0.44,7244.0,20298028.78,2.2,28.17,27.56,27.62,27.71,0.28,1.67,32.23,2.01,4163385000.0,1224525000.0,0.11,0.14,-10.44,-35.0
2638,603352,至信股份,25.62,1.59,0.4,7911.0,20170438.0,2.54,25.7,25.06,25.11,25.22,0.59,1.75,53.75,1.96,5807200009.0,1161440017.0,-0.08,-0.27,-15.17,17.68
2639,301479,弘景光电,49.3,1.59,0.77,20534.0,99630963.15,7.69,50.4,46.67,47.62,48.53,0.81,2.88,50.73,4.71,6140387274.0,3515134962.0,0.1,-0.02,-26.26,-20.23
2640,300806,斯迪克,51.0,1.59,0.8,327021.0,1620221141.78,10.56,51.9,46.6,49.01,50.2,0.91,7.16,530.61,13.88,32320327665.0,23290108086.0,0.18,0.24,-1.07,132.03
2641,600199,金种子酒,7.03,1.59,0.11,124148.0,86737722.0,2.46,7.07,6.9,6.9,6.92,0.73,1.89,-75.85,2.38,4624311673.0,4624311673.0,0.0,0.29,-17.0,-27.38
2642,605005,合兴股份,16.03,1.58,0.25,18713.0,29570632.0,4.37,16.12,15.43,15.75,15.78,1.61,0.47,39.87,3.1,6428030000.0,6428030000.0,0.0,-0.06,-3.14,-15.54
2643,600350,山东高速,10.9,1.58,0.17,165675.0,180099648.0,2.8,10.99,10.69,10.75,10.73,1.47,0.34,15.78,1.84,52696821993.0,52696821993.0,0.18,0.28,-2.68,16.83
2644,688337,普源精电,43.63,1.58,0.68,35676.0,152229296.0,7.15,43.95,40.88,42.3,42.95,0.67,1.92,103.03,3.08,9540860800.0,8111557052.0,-0.23,0.02,-22.64,19.57
2645,002404,嘉欣丝绸,5.77,1.58,0.09,118143.0,67683532.0,3.87,5.8,5.58,5.63,5.68,1.21,2.59,15.79,1.66,3231497392.0,2629891544.0,0.0,-0.35,-14.26,-14.01
2646,002603,以岭药业,16.09,1.58,0.25,163784.0,260712225.91,2.84,16.12,15.67,15.75,15.84,0.47,1.19,16.44,2.54,26881649500.0,22148431803.0,-0.06,-0.06,4.08,-2.9
2647,688765,禾元生物-U,36.05,1.58,0.56,24510.0,87200324.0,3.24,36.14,34.99,35.49,35.49,0.61,3.41,-89.39,4.49,12887875000.0,2594548998.0,-0.08,-0.22,-29.47,-47.84
2648,002199,东晶电子,12.19,1.58,0.19,52579.0,63655665.6,3.75,12.28,11.83,12.12,12.0,0.79,2.28,-93.8,17.68,2967562405.0,2814696514.0,-0.16,-0.25,-15.05,43.58
2649,603871,嘉友国际,12.88,1.58,0.2,85849.0,109971801.0,2.37,12.92,12.62,12.65,12.68,0.85,0.63,13.44,2.93,17619951515.0,17619951515.0,0.0,0.23,6.89,-6.33
2650,300253,卫宁健康,7.08,1.58,0.11,331828.0,232351968.83,2.87,7.09,6.89,6.95,6.97,0.54,1.79,277.69,2.83,15585026150.0,13130719293.0,-0.14,0.0,-13.13,-19.73
2651,002925,盈趣科技,22.52,1.58,0.35,94242.0,208211083.1,5.1,22.7,21.57,21.94,22.17,0.65,1.29,25.7,3.32,17377987074.0,16463671470.0,0.09,0.0,7.39,34.77
2652,002555,三七互娱,18.69,1.58,0.29,211473.0,391670610.18,2.23,18.72,18.31,18.35,18.4,0.74,1.33,11.84,3.14,41346722258.0,29667736888.0,0.16,0.16,-5.32,-18.7
2653,688365,光云科技,14.18,1.58,0.22,75841.0,106077725.0,5.66,14.32,13.53,13.85,13.96,0.82,1.78,259.65,6.25,6044801899.0,6044801899.0,0.0,-0.21,-33.58,-15.95
2654,002175,*ST东智,2.57,1.58,0.04,101048.0,25804003.0,2.77,2.58,2.51,2.51,2.53,0.5,0.79,-388.87,4.24,3281326468.0,3281326468.0,0.0,-0.39,-4.81,-41.99
2655,002391,长青股份,5.18,1.57,0.08,74467.0,38449956.48,2.94,5.21,5.06,5.07,5.1,0.91,1.6,31.18,0.81,3364889409.0,2404029251.0,0.19,0.0,-7.5,-9.76
2656,601512,中新集团,7.75,1.57,0.12,30941.0,23861795.0,2.62,7.77,7.57,7.58,7.63,1.14,0.21,24.47,0.77,11616397500.0,11616397500.0,0.0,0.13,-10.3,-11.83
2657,002004,华邦健康,4.54,1.57,0.07,242624.0,109587918.43,2.91,4.57,4.44,4.44,4.47,0.69,1.29,14.07,0.89,8988833127.0,8559477328.0,0.0,-0.22,3.65,0.22
2658,300808,久量股份,20.03,1.57,0.31,27043.0,53482068.0,5.53,20.16,19.07,19.38,19.72,1.29,2.27,-59.49,3.45,3204800000.0,2381558547.0,-0.05,-0.25,-16.44,-33.39
2659,300019,硅宝科技,14.27,1.57,0.22,39306.0,55595611.04,3.63,14.36,13.85,14.02,14.05,0.71,1.07,30.71,2.09,5609775309.0,5260892003.0,-0.21,-0.07,-19.33,-29.88
2660,000586,汇源通信,12.94,1.57,0.2,73910.0,94786276.0,5.89,13.07,12.32,12.58,12.74,1.51,3.87,-145.91,7.94,2503113600.0,2473998600.0,0.08,0.23,-14.98,-4.36
2661,002430,杭氧股份,23.22,1.57,0.36,102354.0,236865159.46,3.32,23.39,22.63,22.8,22.86,0.87,1.05,21.42,2.26,22717511677.0,22707713998.0,-0.04,0.04,-5.53,-21.47
2662,688389,普门科技,10.97,1.57,0.17,19955.0,21758683.0,2.5,10.98,10.71,10.8,10.8,0.81,0.47,29.65,2.26,4700488458.0,4700488458.0,0.0,0.09,-7.66,-13.62
2663,603070,万控智造,11.61,1.57,0.18,15442.0,17871572.0,3.15,11.69,11.33,11.41,11.43,0.83,0.39,-124.25,2.18,4655610000.0,4655610000.0,0.09,-0.09,-31.18,-9.86
2664,603556,海兴电力,25.31,1.57,0.39,68774.0,173233366.0,3.97,25.51,24.52,24.8,24.92,0.4,1.41,19.01,1.81,12307346143.0,12307346143.0,0.0,-0.04,-2.43,-28.92
2665,001313,粤海饲料,7.75,1.57,0.12,117059.0,90069334.7,2.88,7.78,7.56,7.63,7.63,0.69,1.67,120.47,2.12,5425000000.0,5418437695.0,0.0,0.0,-7.19,5.87
2666,600796,钱江生化,5.17,1.57,0.08,48590.0,24963271.0,2.75,5.18,5.04,5.04,5.09,1.04,1.56,30.63,1.3,4480248410.0,1610340686.0,0.39,0.19,-6.34,-14.26
2667,688358,祥生医疗,28.48,1.57,0.44,6525.0,18401439.0,3.78,28.57,27.51,27.8,28.04,0.58,0.58,17.35,2.36,3193337458.0,3189065458.0,0.32,0.14,-12.96,-2.53
2668,301559,中集环科,13.02,1.56,0.2,13323.0,17295851.5,2.57,13.06,12.73,12.86,12.82,0.89,1.48,86.41,1.74,7812000000.0,1171800000.0,-0.08,-0.23,-11.13,-17.02
2669,603322,超讯科技,25.4,1.56,0.39,28999.0,72962105.0,4.16,25.57,24.53,25.4,25.01,0.5,1.84,38.69,12.75,4002704618.0,4002704618.0,0.12,0.04,-19.01,-33.79
2670,002635,安洁科技,15.64,1.56,0.24,193531.0,297010498.0,6.56,15.78,14.77,15.25,15.4,0.95,4.89,73.92,1.8,10317501177.0,6186137825.0,0.26,0.26,-8.0,14.08
2671,300136,信维通信,59.84,1.56,0.92,356790.0,2104033567.4,6.59,60.59,56.71,58.04,58.92,0.64,4.32,138.0,7.26,57899307298.0,49379982242.0,0.02,0.0,-34.62,-3.41
2672,300733,西菱动力,13.68,1.56,0.21,45763.0,61842140.46,3.93,13.71,13.18,13.34,13.47,1.03,1.56,41.99,3.05,5425519984.0,4000304848.0,-0.07,0.22,4.59,-5.52
2673,002993,奥海科技,37.87,1.56,0.58,57249.0,214323235.14,6.87,38.52,35.96,36.61,37.29,0.93,2.4,56.02,2.23,10453634800.0,9029985353.0,0.0,0.0,-36.9,-12.18
2674,688307,中润光学,48.85,1.56,0.75,45442.0,217081763.0,7.44,49.48,45.9,48.1,48.1,0.78,3.66,101.87,6.88,6071253860.0,6071253860.0,-0.08,0.21,-27.41,59.74
2675,688571,杭华股份,8.45,1.56,0.13,62457.0,52242264.0,3.73,8.51,8.2,8.36,8.32,0.83,1.47,32.03,2.19,3584242415.0,3584242415.0,-0.24,-0.35,-3.43,15.75
2676,002319,乐通股份,11.07,1.56,0.17,103111.0,113845254.0,4.13,11.25,10.8,10.82,10.9,0.86,4.92,173.11,12.85,2318860686.0,2318860686.0,0.36,0.27,-6.5,-8.06
2677,600559,老白干酒,11.7,1.56,0.18,86483.0,101113382.0,2.08,11.77,11.53,11.57,11.52,0.98,0.95,16.17,2.02,10702545095.0,10702545095.0,0.0,0.09,-9.58,-26.14
2678,601137,博威合金,19.69,1.55,0.3,299808.0,587114416.0,6.14,20.18,18.99,19.85,19.39,1.81,3.27,22.92,1.85,18077919291.0,18077919291.0,0.0,-0.1,0.66,-7.69
2679,300173,ST福能,3.28,1.55,0.05,37428.0,12179484.53,2.79,3.29,3.2,3.23,3.23,0.68,0.51,-23.58,2.97,2409900289.0,2409900289.0,0.0,-0.3,-16.96,-22.46
2680,603298,杭叉集团,26.2,1.55,0.4,36862.0,95030424.0,2.91,26.2,25.45,25.55,25.8,1.0,0.28,18.19,2.98,34317075684.0,34317075684.0,0.08,0.15,3.8,0.11
2681,301282,金禄电子,34.0,1.55,0.52,186126.0,623217433.38,7.59,34.54,32.0,33.2,33.48,0.59,10.54,64.45,4.09,7171751750.0,6003647750.0,0.0,-0.12,22.21,64.09
2682,002673,西部证券,6.57,1.55,0.1,226454.0,148258163.94,1.7,6.58,6.47,6.47,6.47,1.13,0.51,25.8,0.97,29365151802.0,29365151802.0,-0.15,0.0,-0.45,-15.77
2683,920566,梓橦宫,9.85,1.55,0.15,15471.0,15108178.83,2.99,9.86,9.57,9.61,9.7,0.51,1.38,14.71,1.71,1422949518.0,1106613626.0,0.0,-0.1,0.1,-9.8
2684,000576,甘化科工,7.22,1.55,0.11,84092.0,60401616.12,3.94,7.29,7.01,7.03,7.11,1.43,1.94,407.39,1.91,3150939505.0,3132146184.0,-0.14,-0.14,-5.62,-31.43
2685,920753,天纺标,15.11,1.55,0.23,5224.0,7894914.31,2.82,15.2,14.78,14.78,14.88,0.51,1.6,53.07,3.2,1230020000.0,494242812.0,-0.33,-0.33,-7.02,-31.6
2686,002970,锐明技术,50.53,1.55,0.77,28266.0,139687330.0,5.65,50.78,47.97,49.27,49.76,1.01,2.24,53.46,4.58,9294033430.0,6386307723.0,0.06,0.58,-19.6,5.49
2687,688687,凯因科技,18.33,1.55,0.28,38032.0,69155862.0,3.77,18.38,17.7,18.1,18.05,0.77,2.22,58.58,1.84,3133411255.0,3133411255.0,0.0,0.0,7.26,-25.7
2688,603868,飞科电器,30.34,1.54,0.46,7497.0,22675046.0,1.74,30.36,29.84,29.87,29.88,0.94,0.17,17.52,4.01,13216104000.0,13216104000.0,-0.03,-0.03,-20.12,-29.08
2689,300410,正业科技,7.9,1.54,0.12,156205.0,121833527.3,4.76,7.96,7.59,7.68,7.78,1.13,4.25,56.64,10.52,2900206896.0,2900206896.0,0.0,0.0,-32.77,-3.42
2690,600420,国药现代,8.58,1.54,0.13,81893.0,69851810.0,2.25,8.6,8.41,8.44,8.45,0.66,0.61,20.79,0.84,11507261697.0,11507261697.0,0.0,0.35,-5.4,-13.33
2691,600851,海欣股份,8.57,1.54,0.13,102668.0,87237917.0,4.38,8.61,8.24,8.37,8.44,0.47,1.39,39.99,2.06,10344475850.0,6326426363.0,-0.23,-0.12,6.72,26.4
2692,688573,信宇人,16.5,1.54,0.25,11273.0,18421199.0,4.8,16.69,15.91,16.25,16.25,0.69,2.12,-11.35,4.66,1612947402.0,878067713.0,-0.72,-0.72,-22.83,-27.6
2693,002449,国星光电,6.61,1.54,0.1,209288.0,136844244.98,3.53,6.63,6.4,6.49,6.51,0.92,3.38,-41.87,1.09,4088134087.0,4088134087.0,-0.3,-0.3,-20.65,-21.87
2694,600255,鑫科材料,3.3,1.54,0.05,519759.0,169928109.0,3.38,3.31,3.2,3.23,3.25,1.1,2.88,69.94,3.97,5960284952.0,5960284952.0,0.0,0.0,-9.09,-14.29
2695,301608,博实结,46.12,1.54,0.7,9278.0,42554482.33,3.39,46.55,45.01,45.57,45.42,0.77,1.56,27.74,2.8,6115286012.0,2744433000.0,-0.11,-0.19,-15.93,-23.72
2696,603160,汇顶科技,48.02,1.54,0.73,41909.0,199677889.0,3.7,48.34,46.59,47.0,47.29,0.83,0.9,44.48,2.4,22376491895.0,22376491895.0,0.0,-0.02,-15.81,-38.91
2697,301068,大地海洋,28.4,1.54,0.43,14321.0,40424819.18,4.72,28.7,27.38,28.55,27.97,0.95,1.43,73.75,4.98,4013367073.0,2849131310.0,0.32,0.14,-5.62,7.9
2698,603316,诚邦股份,13.93,1.53,0.21,68034.0,92961229.0,5.83,14.0,13.2,13.5,13.72,0.79,2.57,40.02,6.27,3761086070.0,3681197520.0,-0.07,0.0,-33.73,-3.93
2699,600798,宁波海运,3.31,1.53,0.05,234635.0,77223734.0,3.37,3.32,3.21,3.21,3.26,0.73,1.94,-212.53,1.02,3993628205.0,3993628205.0,0.0,0.0,-12.66,-5.43
2700,000158,常山北明,12.58,1.53,0.19,160653.0,201154757.21,2.18,12.64,12.37,12.47,12.39,0.32,1.01,-49.49,3.82,20110598350.0,19975927878.0,-0.08,-0.08,-20.73,-38.21
2701,300926,博俊科技,17.24,1.53,0.26,27349.0,46890734.46,3.24,17.39,16.84,16.98,16.98,0.88,0.92,14.47,2.13,7487783429.0,5137399148.0,-0.06,-0.06,-13.24,-47.05
2702,003041,真爱美家,39.05,1.53,0.59,12089.0,46761233.0,4.11,39.3,37.72,38.36,38.46,0.83,0.88,299.84,3.82,5623200000.0,5342953770.0,0.0,-0.46,-31.94,-28.12
2703,600661,昂立教育,8.62,1.53,0.13,60652.0,51595044.0,3.18,8.63,8.36,8.47,8.49,0.73,2.12,39.69,9.32,2470050915.0,2470050915.0,0.23,0.23,-1.37,-15.9
2704,603042,华脉科技,13.91,1.53,0.21,72826.0,100813495.0,5.11,14.08,13.38,13.45,13.7,0.84,3.49,78.3,3.41,2903946077.0,2903946077.0,-0.07,-0.07,-6.01,6.67
2705,603329,上海雅仕,10.6,1.53,0.16,37667.0,39736467.0,3.07,10.67,10.35,10.43,10.44,1.12,1.83,16.48,1.81,2650542455.0,2187660362.0,-0.09,0.0,-3.28,-3.2
2706,600655,豫园股份,4.66,1.53,0.07,139611.0,64675903.0,2.4,4.67,4.56,4.56,4.59,0.99,0.36,56.13,0.61,18133031065.0,18126683632.0,0.0,-0.21,-1.48,-9.16
2707,002019,亿帆医药,9.99,1.52,0.15,92243.0,91697050.14,2.64,10.03,9.77,9.84,9.84,0.42,1.09,28.44,1.38,12151736949.0,8416757867.0,0.0,-0.2,-4.86,-15.77
2708,301336,趣睡科技,41.41,1.52,0.62,9416.0,38774401.8,3.43,41.66,40.26,40.77,40.79,0.89,2.34,66.58,2.58,2149367001.0,1663270996.0,0.02,0.02,0.51,4.54
2709,600575,淮河能源,3.35,1.52,0.05,364369.0,121667294.0,2.42,3.37,3.29,3.3,3.3,1.07,0.94,18.54,1.15,24008753770.0,13018974568.0,0.0,0.0,-15.62,4.36
2710,300407,凯发电气,12.0,1.52,0.18,52037.0,61930817.76,4.06,12.1,11.62,11.86,11.82,0.54,2.01,122.28,1.93,4157270544.0,3108879672.0,0.42,0.08,-3.07,6.76
2711,600022,山东钢铁,1.34,1.52,0.02,683534.0,91066685.0,2.27,1.34,1.31,1.32,1.32,0.87,0.64,-242.21,0.75,14336458402.0,14336458402.0,0.75,0.0,-2.19,-11.26
2712,300204,舒泰神,21.32,1.52,0.32,198112.0,417290303.74,4.14,21.49,20.62,20.73,21.0,0.62,4.37,-156.95,5.67,11541461435.0,9672127161.0,-0.09,0.05,-13.86,-21.96
2713,001215,千味央厨,31.37,1.52,0.47,15022.0,46798364.0,3.17,31.5,30.52,30.76,30.9,0.84,1.55,33.71,1.64,3047923191.0,3039804510.0,0.06,0.19,-21.22,-18.52
2714,001270,铖昌科技,100.0,1.52,1.5,54304.0,539548843.57,4.74,101.25,96.58,97.83,98.5,0.49,2.65,135.08,13.03,20611490100.0,20480325600.0,0.02,0.05,-23.98,9.33
2715,605298,必得科技,47.75,1.51,0.71,7245.0,34208831.0,3.59,47.9,46.21,47.04,47.04,0.77,0.39,290.26,8.69,8969837500.0,8893485250.0,0.0,0.15,-16.97,20.07
2716,603976,正川股份,28.18,1.51,0.42,33752.0,94286307.0,4.76,28.45,27.13,27.5,27.76,1.07,1.97,177.08,3.13,4836097427.0,4836097427.0,0.07,0.28,29.5,48.0
2717,603613,国联股份,18.18,1.51,0.27,63052.0,113961906.0,3.29,18.35,17.76,17.81,17.91,0.77,0.88,11.95,1.4,13099377440.0,13099377440.0,-0.05,-0.11,-23.13,-35.07
2718,002802,洪汇新材,12.13,1.51,0.18,35768.0,43208305.69,4.27,12.28,11.77,11.77,11.95,0.84,2.39,38.3,3.37,2198512646.0,1815648203.0,0.0,-0.25,-7.83,-1.7
2719,000633,合金投资,5.37,1.51,0.08,62532.0,33343008.0,3.59,5.39,5.2,5.23,5.29,1.0,1.62,436.2,10.33,2068021223.0,2068021223.0,0.0,0.0,-6.77,-25.52
2720,601500,通用股份,4.04,1.51,0.06,114286.0,45912013.0,2.01,4.04,3.96,3.96,3.98,0.98,0.72,12.64,1.04,6395322969.0,6395322969.0,0.5,0.25,-5.39,-16.18
2721,920014,特瑞斯,8.75,1.51,0.13,9264.0,8116425.98,2.09,8.83,8.65,8.65,8.62,0.66,1.38,68.28,1.38,1066246501.0,586663858.0,0.11,0.23,-12.5,-23.71
2722,300218,安利股份,12.75,1.51,0.19,14972.0,19003981.0,2.71,12.8,12.46,12.52,12.56,0.87,0.69,123.43,1.83,2766584250.0,2757524024.0,-0.16,-0.23,-4.85,-20.26
2723,002961,瑞达期货,18.79,1.51,0.28,46556.0,87311172.65,2.43,18.88,18.43,18.48,18.51,0.96,0.98,11.0,2.24,8961579206.0,8961536929.0,0.05,0.0,-13.41,-29.99
2724,600073,光明肉业,5.37,1.51,0.08,122708.0,65686153.0,3.02,5.4,5.24,5.27,5.29,0.74,1.31,25.37,1.07,5035607265.0,5035607265.0,0.0,0.0,-1.65,-16.09
2725,300063,天龙集团,8.72,1.51,0.13,231393.0,200069346.0,3.84,8.78,8.45,8.57,8.59,0.73,3.69,95.62,3.74,6614356748.0,5463227743.0,0.0,-0.11,-21.44,1.75
2726,300816,艾可蓝,52.33,1.51,0.78,30438.0,156911148.0,6.85,53.08,49.55,51.28,51.55,1.46,5.22,52.7,4.41,4186400000.0,3054257928.0,0.08,-0.25,-42.75,8.88
2727,605268,王力安防,9.49,1.5,0.14,50438.0,47559006.0,3.64,9.51,9.17,9.26,9.35,0.67,1.14,36.25,2.59,4180819500.0,4180819500.0,0.0,0.11,-9.45,-8.93
2728,000036,华联控股,4.06,1.5,0.06,161168.0,65020751.7,2.5,4.07,3.97,3.99,4.0,0.65,1.15,54.72,1.11,5699504024.0,5696103798.0,0.25,0.0,-21.77,-38.48
2729,688102,斯瑞新材,32.4,1.5,0.48,131128.0,420036430.0,4.54,32.68,31.23,31.33,31.92,0.41,1.68,146.87,12.94,25306830227.0,25233356779.0,-0.06,-0.06,-6.28,-16.19
2730,002670,国盛证券,10.85,1.5,0.16,149123.0,161086386.67,1.87,10.91,10.71,10.75,10.69,0.99,0.92,48.69,1.82,20995668485.0,17613354379.0,0.0,0.0,-5.98,-35.57
2731,600678,ST金顶,5.4,1.5,0.08,49140.0,26332873.0,3.76,5.43,5.23,5.26,5.32,0.79,1.41,254.34,7.31,1884546000.0,1884546000.0,-0.18,0.0,-23.08,-60.56
2732,002256,兆新股份,3.38,1.5,0.05,291722.0,97696510.66,2.7,3.38,3.29,3.31,3.33,0.64,1.45,160.82,5.71,6897350103.0,6808492610.0,0.0,0.3,-28.39,-3.15
2733,688098,申联生物,8.12,1.5,0.12,21965.0,17691198.0,3.25,8.14,7.88,7.92,8.0,0.35,0.53,-481.59,2.4,3334429280.0,3334429280.0,0.0,-0.12,1.37,-8.56
2734,688355,明志科技,17.65,1.5,0.26,13964.0,24334846.0,4.2,17.7,16.97,17.12,17.39,1.28,1.13,170.22,2.09,2187824671.0,2187824671.0,-0.17,0.17,-7.45,2.02
2735,001288,运机集团,26.4,1.5,0.39,44388.0,116743921.16,4.58,26.77,25.58,25.6,26.01,1.26,2.92,30.0,2.7,6171365719.0,4009446593.0,-0.19,-0.26,6.49,-16.85
2736,603118,共进股份,16.25,1.5,0.24,1022357.0,1642200423.0,6.81,16.5,15.41,15.69,16.01,0.69,12.99,130.81,2.53,12793241598.0,12793241598.0,-0.25,-0.25,29.38,41.67
2737,600797,浙大网新,6.76,1.5,0.1,112422.0,75526471.0,2.85,6.78,6.59,6.61,6.66,0.6,1.09,-58.39,2.15,6946078261.0,6946078261.0,0.15,0.0,-12.66,-31.58
2738,600615,鑫源智造,9.5,1.5,0.14,24710.0,23290784.0,5.88,9.56,9.01,9.37,9.36,1.37,1.1,-128.19,2.97,2143433795.0,2140027475.0,-0.21,0.0,-9.87,-15.03
2739,600629,华建集团,16.22,1.5,0.24,180456.0,289668782.0,4.13,16.29,15.63,15.88,15.98,0.54,1.57,1135.56,3.56,18649835121.0,18649835121.0,0.0,0.19,13.51,-10.19
2740,920107,恒兴股份,21.01,1.5,0.31,23148.0,48840207.91,3.82,21.39,20.6,20.6,20.7,0.42,12.26,14.07,1.7,1762318800.0,396521730.0,-0.05,0.05,31.15,31.15
2741,301309,万得凯,29.84,1.5,0.44,8731.0,25854391.0,3.2,29.99,29.05,29.55,29.4,0.87,1.44,23.03,1.82,2999946496.0,1807734056.0,0.3,-0.03,-8.41,7.65
2742,001230,劲旅环境,23.76,1.5,0.35,156145.0,370092164.1,4.96,24.25,23.09,23.17,23.41,1.54,14.2,26.34,2.27,4461569141.0,2613095765.0,-0.04,0.0,34.47,55.4
2743,003012,东鹏控股,4.74,1.5,0.07,80884.0,38329754.0,2.78,4.78,4.65,4.65,4.67,1.15,0.71,-27.43,0.75,5484090689.0,5377943816.0,-0.21,0.0,-8.14,-24.88
2744,600305,恒顺醋业,6.8,1.49,0.1,99911.0,67948085.0,2.69,6.86,6.68,6.7,6.7,1.09,0.91,31.09,2.25,7511753742.0,7500127374.0,0.15,0.0,-5.29,-12.82
2745,003015,日久光电,12.23,1.49,0.18,50666.0,61362560.0,3.4,12.29,11.88,11.93,12.05,0.77,2.05,49.44,3.03,3437445337.0,3021333652.0,0.0,0.0,-2.55,-20.58
2746,600195,中牧股份,6.83,1.49,0.1,61493.0,41728691.0,2.38,6.83,6.67,6.67,6.73,0.69,0.6,72.12,1.24,6974442616.0,6974442616.0,0.0,0.15,0.74,-12.66
2747,688280,精进电动-W,5.44,1.49,0.08,89186.0,48111970.0,3.73,5.48,5.28,5.3,5.36,0.93,1.71,-8.78,4.98,3210805868.0,2831760149.0,0.0,0.0,-7.48,-37.47
2748,600512,腾达建设,2.04,1.49,0.03,239185.0,48637478.0,2.49,2.05,2.0,2.0,2.01,1.41,1.51,20.36,0.52,3238306533.0,3238306533.0,-0.49,0.0,-8.52,-15.35
2749,603013,亚普股份,16.35,1.49,0.24,17717.0,28796795.0,2.17,16.38,16.03,16.15,16.11,0.99,0.35,12.83,1.86,8309389871.0,8309389871.0,0.18,0.25,-16.92,-32.77
2750,002040,南 京 港,8.83,1.49,0.13,293696.0,265689984.4,8.85,9.48,8.71,8.71,8.7,1.07,6.04,20.93,1.26,4292046179.0,4292046179.0,-0.23,-0.45,-3.5,-9.25
2751,002675,东诚药业,12.96,1.49,0.19,55382.0,71445894.64,2.82,13.0,12.64,12.72,12.77,0.49,0.74,57.0,2.43,10686760337.0,9634256562.0,0.0,0.0,1.41,-5.12
2752,688722,同益中,13.65,1.49,0.2,20121.0,27273616.0,3.35,13.7,13.25,13.32,13.45,0.8,0.9,21.1,2.12,3059035980.0,3059035980.0,0.07,0.07,-15.11,-29.82
2753,002952,亚世光电,19.82,1.48,0.29,23883.0,47122696.0,4.66,20.03,19.12,19.53,19.53,1.13,1.81,91.18,3.73,3257218800.0,2609204534.0,0.0,-0.1,-23.12,1.17
2754,600727,鲁北化工,7.55,1.48,0.11,139547.0,104906519.0,2.28,7.58,7.41,7.45,7.44,1.18,2.64,11.63,1.19,3990802669.0,3990802669.0,0.0,0.13,-14.11,11.19
2755,002715,登云股份,14.39,1.48,0.21,34797.0,49477788.0,3.81,14.4,13.86,14.02,14.18,1.04,2.52,75.0,4.27,1985820000.0,1985820000.0,0.07,0.21,-10.4,-17.11
2756,603611,诺力股份,17.19,1.48,0.25,19817.0,33784911.0,2.89,17.24,16.75,16.8,16.94,1.15,0.77,14.82,1.46,4428157597.0,4428157597.0,-0.12,-0.06,-5.76,-27.22
2757,301259,艾布鲁,22.67,1.48,0.33,44381.0,99061330.55,4.39,22.73,21.75,22.2,22.34,0.72,3.06,132.86,5.85,5127954000.0,3288496507.0,-0.09,0.13,-7.73,-0.35
2758,601952,苏垦农发,8.94,1.48,0.13,350995.0,316757210.0,6.58,9.26,8.68,8.7,8.81,0.83,2.55,42.79,1.71,12319320000.0,12319320000.0,0.0,0.0,1.82,-0.33
2759,002701,奥瑞金,4.79,1.48,0.07,228441.0,109164494.34,2.75,4.83,4.7,4.72,4.72,1.22,0.89,5.93,1.23,12261252647.0,12249742109.0,0.0,-0.42,-3.62,-17.84
2760,300903,科翔股份,78.95,1.48,1.15,239633.0,1843773183.16,6.77,79.3,74.03,77.52,77.8,0.87,6.82,-165.26,18.82,34373769149.0,27741430789.0,-0.06,0.19,18.61,309.28
2761,300668,杰恩股份,33.0,1.48,0.48,43098.0,139827695.9,6.43,33.51,31.42,32.81,32.52,0.6,4.32,2201.52,5.0,3972582009.0,3289897446.0,0.15,0.4,-44.94,13.09
2762,600540,新赛股份,4.11,1.48,0.06,420643.0,173034176.0,4.2,4.17,4.0,4.0,4.05,0.84,7.24,14.28,6.21,2389459306.0,2389459306.0,0.0,0.0,-17.64,-10.07
2763,002801,微光股份,26.81,1.48,0.39,5584.0,14856395.76,2.8,26.88,26.14,26.39,26.42,0.48,0.48,15.6,3.11,6156433920.0,3104670387.0,0.0,0.0,-13.85,-23.53
2764,600496,精工钢构,3.42,1.48,0.05,272641.0,92811196.0,2.37,3.43,3.35,3.35,3.37,0.79,1.37,11.24,0.76,6806229549.0,6806229549.0,0.0,0.29,-10.94,-12.98
2765,301491,汉桑科技,39.07,1.48,0.57,4887.0,19012936.18,2.39,39.16,38.24,38.75,38.5,0.76,1.28,43.22,2.34,5040030000.0,1494460319.0,-0.08,0.1,-12.08,-30.12
2766,600576,祥源文旅,5.53,1.47,0.08,76798.0,42424499.0,2.2,5.55,5.43,5.43,5.45,1.29,1.16,80.58,2.25,5831652873.0,3651957159.0,0.0,0.0,-9.49,-11.38
2767,603600,永艺股份,9.69,1.47,0.14,33808.0,32577910.0,2.62,9.72,9.47,9.47,9.55,0.93,1.02,11.11,1.42,3201897417.0,3201897417.0,0.1,0.21,-7.63,-16.25
2768,300532,今天国际,6.9,1.47,0.1,63488.0,43644645.84,2.94,6.94,6.74,6.76,6.8,1.05,1.05,21.19,2.5,4385918070.0,4171612419.0,0.0,-0.14,-3.23,-16.57
2769,605090,九丰能源,35.13,1.47,0.51,86090.0,302011361.0,2.92,35.36,34.35,34.6,34.62,0.48,1.22,13.06,2.02,24822314117.0,24797273453.0,-0.03,-0.06,-4.59,-18.02
2770,000056,*ST皇庭,2.07,1.47,0.03,316249.0,66247128.0,8.33,2.18,2.01,2.01,2.04,1.86,3.5,-4.5,-0.93,2447833415.0,1870727741.0,0.0,0.49,32.69,2.99
2771,000789,万年青,4.14,1.47,0.06,33844.0,13949844.0,2.21,4.14,4.05,4.07,4.08,1.1,0.42,-40.88,0.52,3301319690.0,3301319690.0,0.0,0.0,-7.8,-18.66
2772,920006,晟楠科技,15.16,1.47,0.22,6155.0,9304636.94,3.61,15.36,14.82,14.84,14.94,0.45,1.29,-69.03,4.5,1368753952.0,724604218.0,0.33,0.33,-9.87,-43.37
2773,600889,*ST京化,13.1,1.47,0.19,14973.0,19613630.0,1.94,13.21,12.96,13.05,12.91,0.61,0.41,81.9,4.87,7684320446.0,4799132731.0,0.0,0.31,-19.09,-22.49
2774,002782,可立克,15.21,1.47,0.22,63114.0,94674983.63,5.14,15.33,14.56,14.84,14.99,0.64,1.29,52.52,3.44,7541331138.0,7451625402.0,0.13,0.13,-43.65,-15.31
2775,920469,富恒新材,5.54,1.47,0.08,9524.0,5235550.36,2.93,5.55,5.39,5.42,5.46,0.62,0.92,-16.2,2.8,780840840.0,573102817.0,0.0,0.18,-19.71,-54.7
2776,300303,聚飞光电,6.97,1.46,0.1,338937.0,233763285.41,4.37,7.01,6.71,6.8,6.87,0.8,2.55,48.31,2.69,9875134523.0,9260667750.0,-0.14,-0.14,-18.1,3.72
2777,600228,返利科技,8.32,1.46,0.12,240815.0,200919086.0,5.12,8.5,8.08,8.25,8.2,0.82,5.79,-61.2,9.42,3466714593.0,3461429313.0,-0.12,0.0,31.65,48.31
2778,300146,汤臣倍健,9.73,1.46,0.14,73182.0,70974237.68,1.88,9.73,9.55,9.57,9.59,0.63,0.65,13.65,1.51,16460017512.0,10905565552.0,0.0,0.1,-3.47,-15.83
2779,920679,前进科技,15.32,1.46,0.22,913.0,1397169.41,3.38,15.45,14.94,15.01,15.1,0.41,0.25,51.88,1.74,855622000.0,569521000.0,0.0,0.0,-7.66,-22.11
2780,001322,箭牌家居,6.27,1.46,0.09,26012.0,16234073.0,2.43,6.28,6.13,6.16,6.18,0.67,0.33,-23.55,1.31,6054392256.0,4925787083.0,0.0,0.16,-6.56,-28.99
2781,688317,之江生物,17.42,1.46,0.25,21259.0,36457309.0,3.96,17.45,16.77,17.06,17.17,0.46,1.12,-32.41,1.0,3307077463.0,3307077463.0,0.0,0.11,-13.85,-13.63
2782,600310,广西能源,4.17,1.46,0.06,323631.0,134283563.0,3.16,4.19,4.06,4.07,4.11,0.98,2.21,-44.38,2.29,6112013711.0,6112013711.0,0.0,0.0,-28.23,10.32
2783,688092,爱科科技,22.91,1.46,0.33,6761.0,15338483.0,3.41,22.94,22.17,22.58,22.58,1.14,0.82,80.27,2.91,1893826283.0,1893826283.0,0.09,0.0,-16.48,-8.25
2784,603187,海容冷链,11.12,1.46,0.16,54412.0,60206901.0,2.55,11.17,10.89,10.91,10.96,0.62,1.42,13.68,1.01,4296740656.0,4251864228.0,-0.09,0.0,-16.08,-26.55
2785,601992,金隅集团,1.39,1.46,0.02,311997.0,43093080.0,1.46,1.39,1.37,1.37,1.37,1.44,0.37,-2.21,0.39,14842101876.0,11584479987.0,0.0,0.0,-12.58,-14.2
2786,300648,星云股份,40.89,1.46,0.59,18440.0,74518064.91,5.33,41.35,39.2,40.76,40.3,0.87,1.39,-111.07,6.14,7126366446.0,5425569099.0,0.07,-0.51,-16.62,-20.73
2787,603788,宁波高发,14.04,1.45,0.2,9665.0,13488812.0,2.24,14.06,13.75,13.77,13.84,0.96,0.43,16.77,1.53,3131833555.0,3131833555.0,0.0,0.0,-10.23,-9.65
2788,001219,青岛食品,12.6,1.45,0.18,20579.0,25835188.18,2.66,12.63,12.3,12.33,12.42,0.7,1.08,18.72,2.28,2456795250.0,2396488500.0,-0.16,-0.08,-8.1,-10.0
2789,600515,海南机场,2.79,1.45,0.04,654629.0,181951149.0,2.18,2.8,2.74,2.75,2.75,0.9,0.71,134.21,1.32,31876613790.0,25601074897.0,0.0,0.36,-12.81,-47.65
2790,603092,德力佳,41.84,1.45,0.6,17045.0,70922747.0,2.55,41.94,40.89,41.1,41.24,0.88,4.93,20.32,2.94,16736004184.0,1446478003.0,0.0,0.0,-35.82,-32.37
2791,688229,博睿数据,64.55,1.45,0.92,3385.0,21700826.0,4.98,65.2,62.03,63.63,63.63,0.57,0.76,-61.56,7.84,2866020000.0,2866020000.0,0.02,0.0,-27.07,2.98
2792,000825,太钢不锈,3.51,1.45,0.05,319346.0,111517298.9,2.31,3.52,3.44,3.45,3.46,0.92,0.56,247.72,0.61,19993829764.0,19993829764.0,-0.28,0.0,-10.46,-28.07
2793,688750,金天钛业,14.04,1.45,0.2,17575.0,24503300.0,2.75,14.09,13.71,13.71,13.84,0.61,0.75,167.87,2.64,6493500000.0,3270173297.0,0.0,0.36,-18.8,-29.62
2794,002611,东方精工,14.67,1.45,0.21,149236.0,217940706.88,3.04,14.76,14.32,14.32,14.46,0.47,1.49,2.32,1.93,17857584270.0,14728128408.0,-0.07,-0.2,-11.79,-22.71
2795,002605,姚记科技,17.51,1.45,0.25,32430.0,56607134.59,1.8,17.57,17.26,17.26,17.26,0.7,0.96,13.07,1.98,7311602670.0,5922450270.0,0.0,-0.06,-8.32,-23.2
2796,605255,天普股份,67.24,1.45,0.96,3822.0,25578741.0,2.22,67.48,66.01,66.18,66.28,0.38,0.29,-947.03,11.14,9015539200.0,9015539200.0,0.0,0.09,-21.89,-69.16
2797,300062,中能电气,6.29,1.45,0.09,150854.0,93661078.86,3.71,6.29,6.06,6.13,6.2,0.77,3.29,353.32,2.57,3962306057.0,2883073393.0,0.16,0.16,-12.4,-24.49
2798,300689,澄天伟业,53.77,1.45,0.77,23845.0,125346918.0,6.7,54.18,50.63,52.58,53.0,0.85,2.34,1138.09,8.91,6215812000.0,5470770793.0,-0.07,-0.06,-1.36,19.73
2799,601601,中国太保,31.48,1.45,0.45,466727.0,1457446267.0,2.22,31.58,30.89,31.01,31.03,1.05,0.68,7.54,0.98,302848349003.0,215481905003.0,0.03,0.1,1.98,-22.77
2800,301248,杰创智能,60.35,1.45,0.86,40694.0,241174594.0,5.72,60.66,57.26,58.21,59.49,0.74,3.62,-163.02,6.15,9276096750.0,6779037045.0,-0.03,0.08,-20.68,87.54
2801,601096,宏盛华源,4.21,1.45,0.06,184144.0,77256550.0,2.65,4.24,4.13,4.14,4.15,0.96,1.12,30.67,2.35,11262402920.0,6916931238.0,0.0,0.24,-16.8,1.94
2802,002354,天娱数科,7.05,1.44,0.1,1424016.0,990472564.16,4.17,7.08,6.79,6.92,6.95,0.82,8.75,143.22,6.76,11664830031.0,11470306142.0,0.0,0.0,-5.24,10.68
2803,920693,阿为特,22.5,1.44,0.32,3588.0,8027203.39,2.3,22.55,22.04,22.49,22.18,0.51,0.98,969.67,4.67,1635750000.0,823725000.0,0.0,0.31,-17.1,-42.73
2804,300863,卡倍亿,42.3,1.44,0.6,47747.0,198850591.52,8.42,43.5,39.99,41.29,41.7,0.63,1.9,27.48,7.61,11057481922.0,10622389113.0,0.02,0.05,-33.78,17.04
2805,301603,乔锋智能,120.71,1.44,1.71,40892.0,494968527.28,5.84,124.2,117.25,119.56,119.0,1.88,10.84,26.67,5.48,14576939600.0,4554690075.0,0.12,0.14,-3.99,60.09
2806,301132,满坤科技,35.92,1.44,0.51,35042.0,123469273.94,5.68,36.18,34.17,34.81,35.41,0.64,3.7,73.38,3.0,5319258064.0,3402861121.0,-0.08,0.0,-7.97,9.25
2807,301233,盛帮股份,33.17,1.44,0.47,13579.0,44614580.96,3.49,33.3,32.16,32.75,32.7,2.01,3.45,34.01,2.41,2380504756.0,1306106497.0,0.27,0.21,-27.21,-11.59
2808,600115,中国东航,3.53,1.44,0.05,1343162.0,471520715.0,2.87,3.56,3.46,3.47,3.48,1.09,0.79,11.94,5.53,77969710445.0,60098126072.0,-0.28,0.0,-17.52,-41.17
2809,301322,绿通科技,40.75,1.44,0.58,36615.0,147292658.58,5.75,40.96,38.65,39.39,40.17,0.73,3.81,-517.38,2.05,5813227029.0,3920666710.0,0.0,0.0,-20.33,48.56
2810,301048,金鹰重工,9.15,1.44,0.13,59316.0,54018923.0,2.77,9.2,8.95,8.95,9.02,0.87,1.11,25.87,1.74,4880000610.0,4880000610.0,-0.33,-0.33,-6.73,-18.95
2811,600523,贵航股份,11.95,1.44,0.17,33910.0,40346430.0,2.63,11.99,11.68,11.78,11.78,0.68,0.84,23.4,1.48,4831520274.0,4828333209.0,0.0,0.08,-1.65,-23.25
2812,601789,宁波建工,4.25,1.43,0.06,284656.0,120483082.0,2.86,4.27,4.15,4.16,4.19,0.65,2.62,12.91,1.03,6478665477.0,4618894008.0,-0.23,0.0,-14.83,-13.97
2813,000823,超声电子,14.86,1.43,0.21,329380.0,481019888.03,6.48,14.98,14.03,14.3,14.65,0.74,5.54,38.96,1.59,8841029977.0,8840692002.0,0.13,0.0,-6.6,11.23
2814,002861,瀛通通讯,15.64,1.43,0.22,44062.0,68010264.4,5.12,15.75,14.96,15.32,15.42,0.88,2.93,-26.9,2.82,2913481166.0,2348629866.0,0.06,0.0,-14.3,-12.09
2815,000799,酒鬼酒,38.92,1.43,0.55,58909.0,228637608.39,2.58,39.34,38.35,38.5,38.37,0.93,1.81,513.28,3.46,12646235902.0,12645011868.0,0.03,0.0,-13.51,-28.3
2816,000028,国药一致,19.87,1.43,0.28,23632.0,46685598.87,1.79,19.87,19.52,19.52,19.59,0.72,0.45,10.03,0.64,12164842874.0,10448801142.0,0.05,0.1,-4.97,-8.73
2817,605058,澳弘电子,26.88,1.43,0.38,22681.0,60298116.0,5.66,27.05,25.55,26.59,26.5,1.23,1.59,29.02,2.2,3841827226.0,3841827226.0,-0.26,-0.11,-32.43,-10.46
2818,301595,太力科技,39.09,1.43,0.55,6199.0,24125125.0,3.48,39.48,38.14,38.96,38.54,0.67,1.52,96.65,4.77,4232665200.0,1596142425.0,-0.2,-0.2,-15.43,-19.9
2819,002366,融发核电,5.67,1.43,0.08,191234.0,107933436.0,2.15,5.68,5.56,5.59,5.59,0.58,1.03,292.29,2.54,11798916419.0,10491523198.0,0.18,0.35,-16.98,-24.5
2820,603062,麦加芯彩,39.08,1.43,0.55,2005.0,7772951.0,2.93,39.15,38.02,38.33,38.53,0.76,0.54,55.74,2.08,4220640000.0,1448816748.0,0.23,0.13,-12.3,-15.5
2821,600163,中闽能源,4.98,1.43,0.07,101178.0,50178773.0,2.04,4.99,4.89,4.89,4.91,0.83,0.53,12.07,1.3,9476920792.0,9476920792.0,0.0,0.2,-29.96,-7.61
2822,300066,三川智慧,4.97,1.43,0.07,125130.0,61584372.5,3.47,4.99,4.82,4.86,4.9,0.95,1.24,103.07,2.0,5168965312.0,4999374435.0,0.2,0.2,-6.75,-19.58
2823,001213,中铁特货,3.55,1.43,0.05,71582.0,25327480.9,2.0,3.56,3.49,3.49,3.5,1.16,0.16,32.38,0.83,15777777776.0,15777777776.0,0.0,-0.28,-7.55,-11.69
2824,603836,海程邦达,9.21,1.43,0.13,25886.0,23677169.0,3.63,9.24,8.91,9.01,9.08,0.93,0.93,54.68,1.55,2635987948.0,2568939148.0,0.22,-0.11,-1.39,-5.25
2825,002332,仙琚制药,8.56,1.42,0.12,109208.0,93119027.9,1.9,8.57,8.41,8.43,8.44,0.89,1.11,22.55,1.44,8467593653.0,8427950966.0,-0.12,-0.12,-0.23,-2.84
2826,002866,传艺科技,14.97,1.42,0.21,60292.0,89124603.1,3.46,15.01,14.5,14.58,14.76,0.75,3.28,100.53,2.07,4334148172.0,2751020343.0,-0.07,0.0,-27.26,-16.6
2827,300975,商络电子,25.02,1.42,0.35,287558.0,705648546.0,6.57,25.25,23.63,24.22,24.67,0.68,5.84,16.75,6.59,17188880212.0,12311673691.0,0.0,0.0,-35.03,98.26
2828,600328,中盐化工,6.45,1.42,0.09,160631.0,103330711.0,2.2,6.47,6.33,6.35,6.36,1.25,1.1,-15.32,0.8,9457696488.0,9457696488.0,0.16,0.31,-8.12,-21.44
2829,000401,金隅冀东,3.58,1.42,0.05,80032.0,28583225.6,2.27,3.59,3.51,3.53,3.53,1.06,0.3,-2.39,0.37,9509006217.0,9420249783.0,-0.28,0.0,-12.68,-16.94
2830,603115,海星股份,76.2,1.42,1.07,58235.0,433239403.0,7.65,77.06,71.31,72.42,75.13,0.66,2.38,117.5,9.13,18637194120.0,18637194120.0,-0.04,0.0,-26.09,320.76
2831,603970,中农立华,10.75,1.42,0.15,22994.0,24750208.0,3.11,10.86,10.53,10.53,10.6,0.5,0.86,13.15,1.88,2889601441.0,2889601441.0,-0.09,-0.09,-6.44,-14.27
2832,000968,蓝焰控股,7.16,1.42,0.1,266311.0,190082468.62,3.26,7.2,6.97,7.0,7.06,0.85,2.75,11.73,1.09,6927319046.0,6927319046.0,0.0,0.0,-8.21,9.15
2833,600521,华海药业,16.43,1.42,0.23,287344.0,465293003.0,3.52,16.45,15.88,16.08,16.2,0.63,1.92,15.22,2.6,24599853580.0,24599853580.0,0.0,0.0,2.88,-2.61
2834,601010,ST文峰,1.43,1.42,0.02,131634.0,18623563.0,2.13,1.43,1.4,1.41,1.41,0.73,0.73,14.14,0.63,2586435566.0,2586435566.0,0.7,0.0,-15.88,-47.62
2835,000151,中成股份,10.03,1.42,0.14,56914.0,56949488.62,2.63,10.09,9.83,9.85,9.89,1.16,1.85,52.45,4.02,3519590049.0,3088584991.0,-0.1,-0.2,-27.0,-15.57
2836,688025,杰普特,415.1,1.42,5.8,41252.0,1689520696.0,7.54,423.88,393.0,401.12,409.3,0.98,4.34,100.98,17.01,39455015487.0,39455015487.0,0.0,0.19,12.51,195.07
2837,600167,联美控股,5.7,1.42,0.08,60573.0,34445451.0,2.14,5.73,5.61,5.62,5.62,1.07,0.27,6.05,1.11,12898190639.0,12898190639.0,0.18,0.18,-15.81,-17.15
2838,603683,晶华新材,15.75,1.42,0.22,138370.0,214107741.0,4.44,15.79,15.1,15.38,15.53,0.6,4.8,47.57,2.67,4589841422.0,4542822002.0,0.13,0.06,-46.43,-38.19
2839,000698,ST沈化,3.57,1.42,0.05,35163.0,12474250.0,2.27,3.58,3.5,3.52,3.52,0.83,0.45,18.8,2.0,2925666390.0,2805000390.0,0.0,0.28,1.71,-2.46
2840,001227,兰州银行,2.15,1.42,0.03,1034110.0,222133244.25,2.36,2.17,2.12,2.13,2.12,1.61,2.45,5.76,0.4,12245748911.0,9067625067.0,0.0,0.0,1.42,-4.02
2841,301413,安培龙,60.92,1.42,0.85,30359.0,182032884.65,5.81,61.57,58.08,59.46,60.07,0.58,3.98,630.13,4.39,7793043574.0,4652762502.0,0.0,-0.05,-30.48,-41.12
2842,002983,芯瑞达,19.39,1.41,0.27,17906.0,34371797.31,4.18,19.51,18.71,19.21,19.12,0.97,1.38,42.44,3.19,4313742357.0,2507810148.0,0.0,0.0,-16.49,-14.01
2843,603069,海汽集团,12.99,1.41,0.18,32495.0,42159572.0,4.14,13.14,12.61,12.61,12.81,1.24,1.03,-45.97,5.48,4104840000.0,4104840000.0,-0.08,-0.15,-20.36,-52.15
2844,600118,中国卫星,60.24,1.41,0.84,229550.0,1366423842.0,4.01,60.4,58.02,58.86,59.4,0.44,1.94,1030.4,11.12,71233145492.0,71233145492.0,-0.02,0.0,-21.35,-36.55
2845,920184,国源科技,10.8,1.41,0.15,7901.0,8509581.48,2.63,10.85,10.57,10.57,10.65,0.71,0.88,225.32,2.3,1422656114.0,965172802.0,0.84,0.56,-17.81,-38.0
2846,301348,蓝箭电子,20.84,1.41,0.29,63654.0,130242435.54,5.35,20.96,19.86,20.3,20.55,0.65,3.29,-155.62,3.4,5001600000.0,4032093628.0,-0.05,0.05,-17.56,3.22
2847,920218,新天力,16.49,1.41,0.23,6719.0,11020627.49,2.52,16.53,16.12,16.2,16.26,0.44,3.19,25.5,1.8,1544638748.0,347547016.0,0.06,0.18,-48.13,35.27
2848,603817,海峡环保,5.74,1.41,0.08,76493.0,43691482.0,2.3,5.76,5.63,5.64,5.66,1.16,1.34,12.12,1.01,3272282384.0,3272282384.0,-0.35,-0.17,-10.17,-18.58
2849,600633,浙数文化,10.1,1.41,0.14,126808.0,127472735.0,2.01,10.12,9.92,9.93,9.96,0.8,1.0,21.25,1.24,12807552167.0,12807552167.0,0.0,0.1,-18.02,-20.41
2850,002034,旺能环境,13.67,1.41,0.19,61911.0,84512709.3,1.93,13.74,13.48,13.5,13.48,1.16,1.2,8.78,0.84,7063305445.0,7033863163.0,0.07,0.07,-31.65,-14.03
2851,603096,新经典,15.07,1.41,0.21,21252.0,31705343.0,2.96,15.07,14.63,14.9,14.86,1.4,1.38,26.32,1.28,2324315784.0,2324315784.0,0.07,0.13,-10.24,-10.4
2852,002722,物产金轮,12.98,1.41,0.18,28814.0,37232715.38,2.81,13.04,12.68,12.68,12.8,0.84,1.3,16.93,0.97,2886388690.0,2886193990.0,0.08,-0.23,-6.15,-12.3
2853,001308,康冠科技,17.97,1.41,0.25,18434.0,32799242.3,2.88,18.0,17.49,17.6,17.72,1.08,0.35,20.1,1.62,12652520499.0,9476036090.0,-0.06,0.06,-18.09,-11.3
2854,920675,秉扬科技,7.17,1.41,0.1,6338.0,4534535.0,2.97,7.24,7.03,7.03,7.07,0.71,0.8,23.23,2.07,1234415880.0,566558128.0,-0.69,-0.42,-14.03,-25.62
2855,603206,嘉环科技,13.76,1.4,0.19,25761.0,35318197.0,3.02,13.82,13.41,13.46,13.57,0.79,0.84,67.12,1.84,4199551835.0,4199551835.0,0.0,0.07,-18.24,-20.14
2856,603610,麒盛科技,15.17,1.4,0.21,50182.0,75548414.0,3.94,15.32,14.73,14.9,14.96,0.95,1.42,39.7,1.75,5354882891.0,5354882891.0,-0.13,0.0,-14.15,-19.78
2857,300435,中泰股份,16.61,1.4,0.23,76588.0,126306555.0,3.85,16.73,16.1,16.1,16.38,0.49,2.08,24.55,1.85,6406692930.0,6127007687.0,-0.06,-0.12,-10.7,-24.4
2858,600307,酒钢宏兴,1.45,1.4,0.02,255530.0,36961308.0,2.8,1.46,1.42,1.43,1.43,1.05,0.41,-12.48,1.71,9081868265.0,9081868265.0,-0.68,0.0,-13.17,-12.12
2859,920080,奥美森,21.04,1.4,0.29,1736.0,3643648.69,2.65,21.15,20.6,20.67,20.75,0.55,0.76,22.44,3.12,1746320000.0,483408749.0,-0.09,0.29,-7.19,-22.3
2860,688186,广大特材,13.73,1.4,0.19,53252.0,71440471.0,8.42,13.84,12.7,13.12,13.54,1.57,1.9,156.0,0.84,3851118858.0,3851118858.0,-0.22,-0.15,-33.99,-39.46
2861,300886,华业香料,24.69,1.4,0.34,11148.0,27394129.07,3.16,24.85,24.08,24.17,24.35,0.53,2.36,135.72,3.09,1854663420.0,1164586562.0,-0.44,-0.44,-0.96,-4.52
2862,000985,大庆华科,15.93,1.4,0.22,22229.0,35293272.0,2.93,16.1,15.64,15.71,15.71,0.94,1.71,271.65,3.39,2065157235.0,2065157235.0,0.06,0.06,-9.95,-16.6
2863,000700,模塑科技,10.89,1.4,0.15,230439.0,248871776.57,4.75,10.98,10.47,10.62,10.74,0.66,2.51,15.37,2.52,9997187586.0,9997187586.0,-0.18,0.0,-20.51,-22.49
2864,301036,双乐股份,22.44,1.4,0.31,11571.0,25629376.69,3.48,22.49,21.72,21.82,22.13,1.46,1.66,807.1,1.38,2244000000.0,1563605916.0,0.0,0.09,-8.59,-34.19
2865,600215,派斯林,6.51,1.4,0.09,56958.0,36964296.0,3.43,6.58,6.36,6.39,6.42,0.87,1.25,-33.07,1.21,2974307549.0,2974307549.0,0.15,0.0,-4.41,-8.95
2866,002268,电科网安,13.78,1.4,0.19,71303.0,97734993.09,2.28,13.82,13.51,13.57,13.59,1.0,0.84,-18.7,2.13,11652865224.0,11647606776.0,-0.07,0.0,-3.77,-32.85
2867,002624,完美世界,10.97,1.39,0.15,291197.0,318048963.49,3.6,11.02,10.63,10.75,10.82,0.8,1.59,-89.84,3.27,21281453392.0,20050231460.0,-0.09,0.09,-19.46,-31.69
2868,600235,民丰特纸,5.82,1.39,0.08,55968.0,32259785.0,3.14,5.83,5.65,5.69,5.74,1.4,1.59,-418.08,1.36,2044566000.0,2044566000.0,0.17,0.17,-5.67,-14.29
2869,000544,中原环保,7.27,1.39,0.1,38956.0,28199806.5,2.65,7.3,7.11,7.13,7.17,1.12,0.4,5.44,0.75,7085956228.0,7085956228.0,-0.14,-0.14,-7.39,-9.69
2870,301173,毓恬冠佳,32.03,1.39,0.44,3886.0,12311015.0,3.51,32.18,31.07,31.59,31.59,0.62,1.26,39.05,1.86,2813347747.0,987441948.0,-0.28,-0.19,-13.55,-28.23
2871,600208,衢州发展,2.92,1.39,0.04,474144.0,137448128.0,2.08,2.92,2.86,2.87,2.88,0.63,0.56,19.75,0.59,24846107136.0,24843290904.0,0.34,0.34,-2.99,-24.55
2872,300641,正丹股份,13.93,1.38,0.19,47791.0,66446562.0,2.33,14.02,13.7,13.73,13.74,0.67,0.91,15.45,2.3,7320839203.0,7320789055.0,0.0,0.14,-6.57,-18.78
2873,300084,海默科技,10.25,1.38,0.14,49182.0,50109127.0,4.06,10.38,9.97,10.23,10.11,0.57,1.04,-86.14,3.86,5624788965.0,4827179014.0,0.1,0.29,-12.84,2.6
2874,600107,*ST尔雅,5.88,1.38,0.08,14378.0,8402202.0,1.72,5.89,5.79,5.8,5.8,1.08,0.4,141.62,5.22,2116800000.0,2116800000.0,0.0,0.0,-8.55,-15.27
2875,002550,千红制药,6.59,1.38,0.09,138663.0,90775639.26,2.62,6.6,6.43,6.5,6.5,0.32,1.45,27.59,3.08,8433882000.0,6284628501.0,0.15,0.15,4.11,-14.53
2876,600690,海尔智家,21.23,1.38,0.29,328892.0,698408987.0,2.05,21.39,20.96,21.08,20.94,0.79,0.53,10.7,1.66,199087077470.0,132751793166.0,0.09,0.09,5.05,-15.82
2877,301590,优优绿能,72.59,1.38,0.99,6576.0,47387658.44,4.11,73.24,70.3,71.0,71.6,1.07,2.7,-229.11,2.24,4273691172.0,1769207034.0,0.18,0.28,-39.21,-42.42
2878,600737,中粮糖业,14.74,1.38,0.2,842404.0,1257727802.0,8.18,15.4,14.21,14.21,14.54,0.72,3.94,36.5,2.89,31526622881.0,31526622881.0,-0.14,0.2,6.43,-12.63
2879,688600,皖仪科技,27.2,1.38,0.37,21935.0,58876171.0,5.48,27.38,25.91,26.46,26.83,0.78,1.63,59.05,4.59,3664070928.0,3664070928.0,0.04,0.26,5.75,9.41
2880,300058,蓝色光标,13.33,1.37,0.18,1716917.0,2269192472.53,3.8,13.42,12.92,13.16,13.15,0.74,4.94,94.88,6.04,47857648956.0,46360810659.0,0.0,0.08,-25.74,15.81
2881,688052,纳芯微,235.18,1.37,3.18,28671.0,666432298.0,5.44,237.36,224.73,229.14,232.0,0.77,2.0,-269.0,5.02,38453163989.0,33727221889.0,-0.39,0.08,-0.56,48.68
2882,603589,口子窖,19.2,1.37,0.26,32125.0,61451785.0,1.11,19.2,18.99,19.1,18.94,0.75,0.54,8.73,1.1,11483893862.0,11483893862.0,0.0,0.05,-11.19,-35.03
2883,603577,汇金通,10.34,1.37,0.14,47625.0,48878828.0,4.02,10.45,10.04,10.13,10.2,1.33,1.4,64.45,1.79,3506698294.0,3506698294.0,0.19,0.29,-2.54,-1.15
2884,688281,华秦科技,45.11,1.37,0.61,23314.0,103868215.0,4.16,45.45,43.6,44.51,44.5,0.82,0.61,50.27,3.56,17213928409.0,17213928409.0,0.0,0.33,-16.89,-14.17
2885,605186,健麾信息,25.95,1.37,0.35,13994.0,35892432.0,3.55,26.0,25.09,25.72,25.6,0.76,1.03,258.52,3.19,3529200000.0,3529200000.0,0.23,0.46,-4.81,32.06
2886,603773,沃格光电,95.88,1.37,1.3,169710.0,1583831352.0,8.23,96.59,88.81,90.07,94.58,0.59,7.55,-105.39,20.36,21542187332.0,21542187332.0,0.04,0.2,-16.25,171.0
2887,001234,泰慕士,22.2,1.37,0.3,15123.0,33381322.0,2.92,22.31,21.67,21.72,21.9,0.77,1.65,51.77,2.61,2410689120.0,2032221300.0,-0.13,-0.13,-9.94,-17.26
2888,601965,中国汽研,14.09,1.37,0.19,53520.0,75379016.0,3.09,14.23,13.8,13.84,13.9,0.99,0.54,16.46,1.76,14127315773.0,14067536693.0,0.07,0.14,-9.51,-13.88
2889,688679,通源环境,39.2,1.37,0.53,32304.0,125188084.0,6.85,39.99,37.34,38.53,38.67,0.49,2.45,2411.15,4.7,5162235260.0,5162235260.0,0.1,0.0,-32.52,47.37
2890,002348,高乐股份,11.21,1.36,0.15,126912.0,140896388.76,3.8,11.26,10.84,10.96,11.06,0.72,1.4,-191.71,18.36,11133090432.0,10128604919.0,0.0,-0.09,-23.74,94.96
2891,001255,博菲电气,26.15,1.36,0.35,11781.0,30401771.92,3.95,26.29,25.27,25.7,25.8,1.14,1.53,1099.88,2.47,2275264012.0,2019140452.0,0.0,-0.04,-17.74,-18.26
2892,600990,四创电子,17.83,1.36,0.24,21589.0,38303762.0,2.9,17.92,17.41,17.5,17.59,0.7,0.8,-17.94,3.26,4796496370.0,4796496370.0,0.0,0.0,-7.33,-43.67
2893,601800,中国交建,5.95,1.36,0.08,280584.0,166347474.0,1.53,5.96,5.87,5.87,5.87,1.11,0.24,5.88,0.33,96472028360.0,69751094820.0,0.0,0.0,-7.61,-26.09
2894,920765,美之高,14.13,1.36,0.19,5172.0,7214872.7,2.94,14.13,13.72,13.83,13.94,0.34,0.98,58.96,4.09,1228180688.0,746164380.0,1.44,1.36,2.84,-31.51
2895,600941,中国移动,98.86,1.36,1.33,126961.0,1253319403.0,1.56,99.06,97.54,97.6,97.53,1.4,1.41,13.58,1.51,2143997993143.0,89247631332.0,0.01,0.0,2.23,0.01
2896,000862,银星能源,5.22,1.36,0.07,150835.0,78462057.0,2.91,5.25,5.1,5.13,5.15,1.23,2.4,21.95,1.09,4791723513.0,3277988199.0,-0.19,-0.19,-29.84,-10.62
2897,688818,电科蓝天,45.33,1.36,0.61,56676.0,252570852.0,5.64,45.57,43.05,44.11,44.72,0.47,3.99,1320.76,14.77,78734759934.0,6437812791.0,-0.15,-0.22,-30.4,382.23
2898,002232,启明信息,14.17,1.36,0.19,39987.0,56664986.0,3.29,14.33,13.87,13.98,13.98,1.18,0.98,187.82,4.08,5789131607.0,5789131607.0,-0.07,-0.14,-10.32,-24.55
2899,688711,宏微科技,25.32,1.36,0.34,85854.0,212633728.0,7.09,25.45,23.68,24.46,24.98,0.82,3.96,1509.23,4.75,5488174034.0,5488174034.0,0.0,0.0,-23.2,-20.2
2900,920942,恒立钻具,16.36,1.36,0.22,3552.0,5806480.22,3.53,16.57,16.0,16.07,16.14,0.65,0.86,72.63,2.01,1000652856.0,677549629.0,-0.55,-0.85,-24.4,-46.48
2901,920992,中科美菱,11.28,1.35,0.15,4088.0,4598963.92,2.88,11.37,11.05,11.06,11.13,0.52,0.83,55.52,1.74,1091124936.0,552914952.0,0.0,-0.27,-15.7,-34.8
2902,601068,中铝国际,4.52,1.35,0.06,98243.0,44218327.0,2.02,4.53,4.44,4.45,4.46,0.92,0.38,63.04,4.35,13500869211.0,11569349815.0,-0.22,0.0,-18.12,-14.56
2903,688008,澜起科技,194.42,1.35,2.59,237094.0,4544079846.0,5.04,196.16,186.5,189.48,191.83,0.67,2.07,70.01,11.65,237297002043.0,222565118173.0,-0.01,0.37,-16.17,65.59
2904,605488,福莱新材,29.99,1.35,0.4,53177.0,158817527.0,5.0,30.54,29.06,29.32,29.59,0.73,1.93,119.41,4.06,8996649687.0,8276583069.0,-0.03,-0.1,-9.83,-12.31
2905,300076,*ST宁视,4.49,1.35,0.06,47027.0,20782084.0,3.84,4.5,4.33,4.4,4.43,1.26,1.11,-53.6,2.27,1903760000.0,1903760000.0,0.22,0.0,-7.8,-45.9
2906,003039,顺控发展,12.02,1.35,0.16,31225.0,37351314.7,1.26,12.02,11.87,11.99,11.86,1.15,0.51,29.14,2.57,7422575135.0,7422575135.0,0.25,0.17,-7.04,-23.44
2907,301087,可孚医疗,48.06,1.35,0.64,11250.0,53812606.04,2.66,48.28,47.02,47.14,47.42,0.71,0.58,26.48,2.53,11337209820.0,9323220436.0,0.0,-0.02,2.23,10.51
2908,000012,南  玻Ａ,3.75,1.35,0.05,169917.0,63495317.32,2.43,3.77,3.68,3.7,3.7,0.88,0.87,-28.92,0.88,11409258041.0,7347437243.0,0.0,0.0,-9.42,-14.97
2909,688351,微电生理,20.2,1.35,0.27,26857.0,53987723.0,4.26,20.35,19.5,19.96,19.93,0.7,0.57,81.71,5.29,9506120000.0,9506120000.0,-0.2,-0.25,-19.68,-12.67
2910,300188,国投智能,10.54,1.35,0.14,112473.0,117788239.14,3.08,10.6,10.28,10.41,10.4,1.19,1.31,-17.77,3.81,9058890847.0,9017060539.0,0.09,0.09,-7.22,-27.86
2911,002706,良信股份,9.78,1.35,0.13,314802.0,303881429.41,4.66,9.84,9.39,9.51,9.65,0.53,3.44,35.66,2.6,10984162696.0,8948598190.0,0.1,0.1,-32.69,-7.56
2912,301565,中仑新材,20.2,1.35,0.27,58024.0,116003313.01,2.76,20.25,19.7,19.99,19.93,1.4,4.53,59.41,3.28,8080202000.0,2585802000.0,0.0,-0.2,-25.9,-16.32
2913,300980,祥源新材,22.75,1.34,0.3,45643.0,102721367.72,5.48,23.06,21.83,22.55,22.45,0.92,4.64,45.34,2.25,3140983255.0,2237267942.0,-0.18,-0.22,-15.71,-29.85
2914,920198,微创光电,7.55,1.34,0.1,8014.0,6041591.67,2.82,7.6,7.39,7.6,7.45,0.33,1.14,157.38,2.8,1218297234.0,532018323.0,0.0,0.4,-8.71,-24.65
2915,920242,建邦科技,13.59,1.34,0.18,2598.0,3547340.63,2.61,13.75,13.4,13.54,13.41,0.55,0.49,18.07,1.91,1280364183.0,716642353.0,-0.59,0.07,-18.87,-33.87
2916,688299,长阳科技,12.9,1.34,0.17,40414.0,51853251.0,3.61,13.0,12.54,12.61,12.73,0.89,1.41,83.17,1.89,3707368333.0,3707368333.0,0.0,-0.15,-23.89,-23.76
2917,002490,山东墨龙,8.29,1.34,0.11,746572.0,620940898.48,5.87,8.5,8.02,8.09,8.18,1.05,13.78,305.65,13.55,6827037172.0,4490875380.0,-0.12,0.0,4.02,27.54
2918,300558,贝达药业,49.18,1.34,0.65,156565.0,762140090.74,4.31,49.78,47.69,47.98,48.53,0.48,3.71,34.45,3.09,20819452268.0,20762781023.0,0.0,0.04,-3.7,5.67
2919,600117,西宁特钢,2.27,1.34,0.03,114693.0,25974567.0,2.23,2.28,2.23,2.24,2.24,0.85,0.35,-7.31,2.15,7389110725.0,7389110725.0,0.0,0.0,-6.97,-20.07
2920,002174,游族网络,12.13,1.34,0.16,187269.0,224195385.74,3.34,12.17,11.77,11.92,11.97,0.58,1.91,28.64,2.62,11885107030.0,11878412179.0,-0.08,0.0,8.01,-0.9
2921,920519,万德股份,9.8,1.34,0.13,3808.0,3713556.29,2.17,9.82,9.61,9.61,9.67,0.65,0.48,19.78,1.69,874729419.0,777799432.0,0.1,0.1,-9.43,-17.51
2922,603517,ST绝味,11.38,1.34,0.15,34933.0,39372512.0,2.14,11.38,11.14,11.22,11.23,0.89,0.58,25.58,1.14,6896302032.0,6896302032.0,0.09,0.26,-16.63,-10.82
2923,600640,国脉文化,10.58,1.34,0.14,70331.0,73551301.0,3.74,10.59,10.2,10.28,10.44,0.9,0.89,265.45,2.14,8374613177.0,8374613177.0,0.09,0.09,-11.69,-15.63
2924,600562,国睿科技,26.46,1.34,0.35,93098.0,244253450.0,3.68,26.65,25.69,26.08,26.11,1.07,0.75,56.08,4.87,32859558446.0,32859558446.0,0.0,0.0,13.42,-5.87
2925,603237,五芳斋,14.36,1.34,0.19,11120.0,15926487.0,1.91,14.4,14.13,14.39,14.17,0.92,0.59,-12.28,1.85,2814728385.0,2725627457.0,0.07,0.14,-10.03,-11.3
2926,002295,精艺股份,9.17,1.33,0.12,29081.0,26503721.96,3.31,9.25,8.95,9.0,9.05,0.9,1.16,79.74,1.77,2298148720.0,2296415590.0,-0.33,-0.33,-10.8,-31.16
2927,002472,双环传动,35.7,1.33,0.47,108179.0,384986108.83,2.75,35.93,34.96,34.98,35.23,0.43,1.45,26.7,3.01,30344917604.0,26724854566.0,0.0,0.11,-7.27,-24.25
2928,300024,机器人,14.45,1.33,0.19,207442.0,298562359.87,2.95,14.56,14.14,14.15,14.26,0.4,1.33,-59.82,5.58,22623208278.0,22616774516.0,0.0,-0.07,-3.15,-20.56
2929,601208,东材科技,44.3,1.33,0.58,488695.0,2106863729.0,8.46,45.0,41.3,42.6,43.72,0.78,4.84,71.78,7.26,44751104375.0,44751104375.0,-0.07,-0.05,-7.21,64.44
2930,600170,上海建工,2.28,1.33,0.03,1064956.0,241665002.0,2.22,2.29,2.24,2.24,2.25,1.21,1.2,5098.0,0.65,20259942616.0,20259942616.0,0.0,0.0,-10.94,-12.98
2931,600573,惠泉啤酒,9.89,1.33,0.13,42523.0,41953810.0,2.15,9.92,9.71,9.75,9.76,0.62,1.7,25.34,1.79,2472500000.0,2472500000.0,0.0,-0.1,-26.63,-16.4
2932,688716,中研股份,27.5,1.33,0.36,11683.0,31715087.0,4.68,27.72,26.45,27.14,27.14,0.74,1.67,-173.79,2.9,3346200000.0,1922997175.0,-0.15,0.07,-15.77,-34.76
2933,600405,动力源,4.57,1.33,0.06,85023.0,38654240.0,2.66,4.58,4.46,4.51,4.51,0.9,1.39,-25.89,72.61,2800631217.0,2800631217.0,0.0,0.0,0.0,-12.28
2934,605055,迎丰股份,9.87,1.33,0.13,38040.0,37247765.0,3.8,9.95,9.58,9.61,9.74,1.2,0.86,-59.36,4.54,4342800000.0,4342800000.0,-0.2,-0.2,-23.49,2.28
2935,300137,先河环保,11.46,1.33,0.15,234287.0,264914709.8,7.52,11.66,10.81,11.24,11.31,1.38,4.44,-144.67,3.81,6149232127.0,6049177090.0,0.0,-0.17,-38.32,10.94
2936,920378,泰德股份,6.89,1.32,0.09,2680.0,1837331.53,1.91,6.89,6.76,6.8,6.8,0.37,0.24,64.64,2.76,1071574140.0,756065910.0,0.29,0.0,-12.78,-30.12
2937,002531,天顺风能,6.12,1.32,0.08,232350.0,141349002.0,2.81,6.16,5.99,6.03,6.04,0.74,1.3,66.4,1.27,10996897387.0,10935126030.0,0.0,-0.16,-42.26,-10.79
2938,600694,大商股份,14.62,1.32,0.19,34394.0,50074190.0,2.01,14.64,14.35,14.44,14.43,1.24,0.91,5.04,0.63,5537962593.0,5537962593.0,0.0,0.07,-6.4,-5.0
2939,603612,索通发展,16.83,1.32,0.22,82256.0,137657311.0,2.83,16.93,16.46,16.64,16.61,1.08,1.65,10.32,1.39,8383098045.0,8383098045.0,0.18,0.12,-18.85,-28.02
2940,300571,平治信息,29.97,1.32,0.39,51801.0,152569705.0,5.34,30.13,28.55,29.01,29.58,0.72,4.48,214.15,3.39,4181662971.0,3465646135.0,0.07,0.1,-34.03,8.39
2941,920974,凯大催化,6.15,1.32,0.08,6718.0,4107547.76,1.98,6.15,6.03,6.09,6.07,0.49,0.54,26.82,1.53,1007370000.0,771666447.0,0.49,0.0,-17.0,-22.05
2942,600839,四川长虹,6.92,1.32,0.09,426064.0,292068126.0,2.2,6.92,6.77,6.78,6.83,0.62,0.92,81.1,2.11,31944410016.0,31935513727.0,0.14,0.29,-4.42,-23.45
2943,603313,梦百合,6.13,1.32,0.08,138063.0,84163775.0,2.64,6.14,5.98,5.98,6.05,0.69,2.42,-22.94,1.03,3497697605.0,3497697605.0,0.16,0.49,6.06,-31.12
2944,002617,露笑科技,6.14,1.32,0.08,486324.0,295590391.0,3.47,6.16,5.95,5.99,6.06,0.61,2.59,41.33,1.82,11722328071.0,11528597926.0,0.0,0.0,-33.33,-24.2
2945,688570,天玛智控,15.4,1.32,0.2,6952.0,10689310.0,2.11,15.47,15.15,15.17,15.2,0.64,0.37,135.29,1.56,6668200000.0,2898280000.0,-0.06,-0.06,-4.76,-15.94
2946,600739,辽宁成大,10.78,1.32,0.14,135851.0,145528553.0,1.88,10.8,10.6,10.63,10.64,0.65,0.89,7.45,0.56,16410565704.0,16410565704.0,0.0,0.0,0.65,-2.27
2947,600006,东风股份,5.37,1.32,0.07,138545.0,74256157.0,2.08,5.39,5.28,5.3,5.3,1.34,0.69,13.06,1.34,10740000000.0,10740000000.0,-0.19,0.0,-13.53,-25.21
2948,002883,*ST中设,9.3,1.31,0.12,8337.0,7668361.0,1.74,9.3,9.14,9.2,9.18,0.75,0.54,-89.25,3.16,1452261644.0,1432050995.0,0.54,0.65,-5.49,-14.99
2949,920363,莱赛激光,10.05,1.31,0.13,4064.0,4047118.11,2.22,10.05,9.83,9.92,9.92,0.4,0.58,475.91,3.73,1246421100.0,708649630.0,0.3,0.3,-14.1,-31.86
2950,600897,厦门空港,14.65,1.31,0.19,13050.0,19061963.0,1.94,14.68,14.4,14.4,14.46,0.92,0.31,13.01,1.27,6108083100.0,6108083100.0,0.0,0.0,-0.54,-12.9
2951,600581,*ST八钢,2.32,1.31,0.03,57804.0,13324207.0,1.75,2.32,2.28,2.29,2.29,1.03,0.38,-5.2,-6.88,3556323058.0,3556323058.0,0.0,0.43,-12.78,-30.54
2952,000002,万  科Ａ,3.09,1.31,0.04,671713.0,206479686.55,2.3,3.1,3.03,3.05,3.05,0.67,0.69,-1.55,0.33,36865892265.0,30025331823.0,0.32,0.0,-10.95,-33.55
2953,300847,中船汉光,13.94,1.31,0.18,24185.0,33524539.0,2.69,13.98,13.61,13.65,13.76,0.76,0.82,37.27,2.72,4126379400.0,4126379400.0,0.0,0.0,-4.65,-18.1
2954,301308,江波龙,369.66,1.3,4.76,95741.0,3483171823.41,5.14,372.65,353.88,360.0,364.9,0.69,3.4,7.51,7.14,158831127959.0,104189370397.0,-0.01,0.04,-26.77,51.59
2955,002044,美年健康,4.67,1.3,0.06,448978.0,207898883.56,2.17,4.68,4.58,4.58,4.61,0.51,1.16,-17.92,2.33,18279565820.0,18092643018.0,0.21,0.0,-17.93,-11.39
2956,688271,联影医疗,106.77,1.3,1.37,31138.0,331316874.0,1.58,106.97,105.3,105.98,105.4,0.55,0.38,49.05,3.99,87995348379.0,87995348379.0,0.07,0.0,-8.88,-14.8
2957,300388,节能国祯,7.0,1.3,0.09,60796.0,42329665.45,2.03,7.0,6.86,6.88,6.91,0.99,0.89,13.24,1.0,4767295617.0,4767295617.0,0.0,0.14,-9.91,-11.84
2958,002003,伟星股份,10.89,1.3,0.14,137126.0,147785439.24,2.7,10.91,10.62,10.75,10.75,0.88,1.34,34.77,3.08,12947008321.0,11130678453.0,0.0,0.0,17.1,6.76
2959,920100,三协电机,31.87,1.3,0.41,10356.0,32607292.77,4.8,32.21,30.7,31.0,31.46,0.54,3.78,65.29,7.09,3293223347.0,873180411.0,0.0,0.31,-22.51,-39.19
2960,605151,西上海,19.43,1.3,0.25,10965.0,21183364.0,2.82,19.54,19.0,19.0,19.18,0.75,0.81,32.84,1.9,2614388533.0,2614388533.0,-0.15,-0.1,-11.76,2.86
2961,301091,深城交,18.68,1.3,0.24,55280.0,102309039.06,3.2,18.72,18.13,18.29,18.44,0.92,1.05,127.77,4.06,9849590400.0,9849590400.0,0.0,0.16,0.0,-30.12
2962,600192,长城电工,7.03,1.3,0.09,85863.0,60006974.0,3.75,7.05,6.79,6.94,6.94,0.99,1.94,-13.69,4.09,3105488440.0,3105488440.0,-0.14,0.0,-8.1,-30.67
2963,002612,朗姿股份,14.86,1.3,0.19,73980.0,108951248.0,3.75,14.98,14.43,14.7,14.67,1.24,2.91,33.31,2.34,6574738273.0,3781264113.0,0.0,-0.07,8.71,-22.77
2964,920670,数字人,12.51,1.3,0.16,6030.0,7533022.24,1.94,12.57,12.33,12.33,12.35,0.53,0.9,-83.22,5.65,1328341824.0,833586436.0,-0.16,0.0,-12.09,-25.45
2965,600076,康欣新材,3.15,1.29,0.04,135886.0,42691410.0,2.89,3.16,3.07,3.09,3.11,0.86,1.01,-20.41,1.19,4235311606.0,4235311606.0,-0.32,0.0,-12.26,-6.53
2966,600979,广安爱众,3.93,1.29,0.05,188697.0,73791882.0,3.09,3.96,3.84,3.86,3.88,1.14,1.52,30.54,1.17,4955044671.0,4879827772.0,0.0,0.26,-25.43,-10.48
2967,002650,ST加加,6.29,1.29,0.08,36258.0,22725807.56,3.38,6.35,6.14,6.21,6.21,1.16,0.33,51.47,4.0,6963557253.0,6963321378.0,0.16,0.32,-16.8,-2.63
2968,688448,磁谷科技,65.41,1.29,0.83,24477.0,156229924.0,7.6,66.24,61.33,64.15,64.58,0.77,2.51,2637.84,6.22,6378713865.0,6378713865.0,-0.21,0.18,26.76,82.1
2969,001365,天海电子,34.56,1.29,0.44,35023.0,119579172.25,3.58,34.67,33.45,33.8,34.12,0.81,6.09,31.49,2.43,18144000000.0,1987395126.0,0.03,0.0,-25.47,27.11
2970,688562,航天软件,14.08,1.29,0.18,22128.0,31001405.0,3.45,14.19,13.71,13.8,13.9,0.7,0.55,-23.98,3.38,5632000000.0,5632000000.0,-0.28,-0.14,-18.71,-41.04
2971,300985,致远新能,38.6,1.29,0.49,53175.0,198740986.02,7.79,38.97,36.0,37.6,38.11,1.04,2.85,159.99,8.14,7199381728.0,7199381728.0,0.05,0.0,61.98,110.35
2972,920879,基康技术,12.59,1.29,0.16,4470.0,5613546.23,1.93,12.66,12.42,12.57,12.43,0.55,0.3,39.0,4.05,2528938368.0,1892411952.0,-0.24,-0.24,-24.43,-28.91
2973,920982,锦波生物,119.71,1.29,1.53,5961.0,71109109.34,2.44,119.88,117.0,117.49,118.18,0.52,1.07,24.52,6.96,13774471851.0,6639727839.0,0.08,0.08,-25.61,-48.67
2974,002010,传化智联,4.7,1.29,0.06,115723.0,54133181.27,1.94,4.71,4.62,4.64,4.64,0.92,0.42,12.23,0.73,12990945268.0,12959427528.0,0.21,0.0,-11.15,-17.69
2975,603778,国晟科技,9.39,1.29,0.12,215343.0,200046308.0,4.75,9.45,9.01,9.19,9.27,0.71,3.35,-44.48,21.96,6197795507.0,6036428563.0,0.11,0.0,-48.94,-46.65
2976,688234,天岳先进,106.41,1.29,1.36,100982.0,1063475672.0,6.21,108.2,101.68,102.68,105.05,0.76,2.35,-439.88,7.25,51568259267.0,45725552192.0,0.08,0.13,-21.75,19.72
2977,300894,火星人,11.0,1.29,0.14,50356.0,54765108.0,4.05,11.11,10.67,10.71,10.86,0.68,1.71,-20.93,4.6,4455046321.0,3234871321.0,0.09,0.18,16.65,-6.7
2978,920735,德源药业,24.25,1.29,0.31,12967.0,31341531.46,2.26,24.36,23.82,23.94,23.94,0.55,1.14,14.09,2.38,3129404033.0,2767724135.0,0.12,0.08,-4.53,-20.6
2979,000949,新乡化纤,7.04,1.29,0.09,455558.0,319849162.54,5.32,7.18,6.81,6.91,6.95,0.8,2.75,25.14,1.72,11664575451.0,11661770898.0,0.0,0.0,5.07,28.47
2980,688022,ST瀚川,8.64,1.29,0.11,14903.0,12723796.0,2.34,8.64,8.44,8.58,8.53,0.6,0.85,142.71,2.28,1519588719.0,1519588719.0,0.23,0.58,-9.34,-43.53
2981,605050,福然德,10.28,1.28,0.13,12817.0,13148878.0,1.87,10.32,10.13,10.13,10.15,0.69,0.26,14.63,1.16,5066283981.0,5066283981.0,0.0,0.0,-4.99,-21.35
2982,600879,航天电子,14.23,1.28,0.18,541033.0,762709386.0,3.77,14.32,13.79,13.9,14.05,0.51,1.64,375.26,2.26,46949029523.0,46949029523.0,-0.07,-0.07,-25.81,-33.19
2983,002546,新联电子,7.92,1.28,0.1,105639.0,83144861.0,2.94,7.95,7.72,7.78,7.82,0.52,1.32,7.29,1.59,6605668840.0,6345720778.0,0.0,0.0,4.07,15.28
2984,301630,同宇新材,164.01,1.28,2.08,11416.0,182996014.02,6.63,165.34,154.6,160.0,161.93,1.01,5.44,50.98,5.53,9184560000.0,3440880597.0,-0.13,-0.18,-5.36,36.68
2985,688790,昂瑞微-UW,95.19,1.28,1.2,2204.0,20796094.0,4.12,95.98,92.11,92.15,93.99,0.67,1.74,-35.29,3.49,9474421381.0,1206606832.0,-0.09,-0.3,-24.79,-35.59
2986,000404,长虹华意,7.14,1.28,0.09,78546.0,55883490.6,1.99,7.15,7.01,7.05,7.05,0.9,1.13,9.92,1.16,4969411290.0,4947912614.0,0.14,0.14,-10.3,10.7
2987,688702,盛科通信-U,355.88,1.28,4.49,55612.0,1952226216.0,6.92,361.68,337.35,348.99,351.39,0.65,2.74,-2142.01,65.38,145910800000.0,72240715734.0,0.19,0.24,40.66,151.17
2988,920575,*ST康乐,5.54,1.28,0.07,47633.0,26413148.41,4.2,5.64,5.41,5.48,5.47,0.54,2.54,-8.17,-12.78,1556407600.0,1040626287.0,0.36,0.36,41.33,-33.01
2989,603409,汇通控股,18.21,1.28,0.23,18911.0,34232165.0,2.95,18.25,17.72,17.93,17.98,1.06,3.51,20.55,2.26,3419435432.0,981118599.0,0.33,0.28,-32.83,-26.54
2990,600639,浦东金桥,9.48,1.28,0.12,31068.0,29335631.0,1.71,9.49,9.33,9.37,9.36,0.71,0.37,36.81,0.73,10640474226.0,8060243944.0,0.0,0.0,-1.56,-4.05
2991,000062,深圳华强,22.15,1.28,0.28,112137.0,245749724.71,3.75,22.22,21.4,21.58,21.87,0.68,1.07,28.83,3.43,23166891482.0,23144536706.0,0.0,0.05,-27.31,-9.67
2992,002106,莱宝高科,10.29,1.28,0.13,120053.0,121805546.92,4.43,10.34,9.89,10.0,10.16,0.66,1.7,52.04,1.31,7262848286.0,7253446375.0,0.0,-0.1,-12.8,-5.25
2993,300068,ST南都,3.96,1.28,0.05,247447.0,97112462.72,3.84,3.97,3.82,3.85,3.91,0.73,2.9,-2.92,3.23,3557534504.0,3380579330.0,0.0,0.25,-16.28,-74.52
2994,002955,鸿合科技,35.05,1.27,0.44,36274.0,125713240.0,5.43,35.65,33.77,34.35,34.61,0.73,1.85,-56.81,2.58,8294228916.0,6857422163.0,0.0,0.06,38.21,15.79
2995,920121,江天科技,28.73,1.27,0.36,2106.0,6020706.26,1.73,28.8,28.31,28.33,28.37,1.13,1.77,15.87,2.44,1898138898.0,342613122.0,-0.03,0.17,-16.46,-36.97
2996,300741,华宝股份,13.52,1.27,0.17,14784.0,19896006.64,2.25,13.58,13.28,13.28,13.35,0.6,0.24,46.65,1.23,8326697600.0,8326652308.0,0.0,0.07,-7.9,-26.92
2997,002641,公元股份,3.98,1.27,0.05,82044.0,32575762.86,2.04,3.99,3.91,3.92,3.93,1.15,0.72,-38.33,0.9,4891793607.0,4513298719.0,0.0,0.25,-6.79,-7.44
2998,300811,铂科新材,75.22,1.27,0.94,91445.0,674407500.48,6.1,75.8,71.27,73.73,74.28,0.68,2.73,86.64,9.95,30676959437.0,25179246453.0,0.0,0.21,-8.77,48.1
2999,603879,永悦科技,5.58,1.27,0.07,73405.0,40746000.0,3.99,5.62,5.4,5.5,5.51,0.85,2.04,-79.9,8.65,2005141975.0,2005141975.0,0.0,0.18,7.31,-21.19
3000,301269,华大九天,92.4,1.26,1.15,45570.0,415051373.54,4.22,92.86,89.01,90.33,91.25,0.64,0.83,-173.36,9.65,50623617475.0,50623617475.0,0.0,0.05,-12.62,-12.98
3001,002233,塔牌集团,7.23,1.26,0.09,90387.0,64913712.46,1.96,7.24,7.1,7.11,7.14,0.95,0.77,19.34,0.72,8489108173.0,8485297240.0,0.0,0.0,-11.94,-15.24
3002,000078,ST海王,1.61,1.26,0.02,515869.0,82764273.95,4.4,1.63,1.56,1.58,1.59,0.8,1.97,73.07,3.41,4236108444.0,4226597283.0,0.0,0.0,-8.52,-53.47
3003,600982,宁波能源,4.82,1.26,0.06,116605.0,55981130.0,2.1,4.84,4.74,4.77,4.76,0.79,1.04,18.57,1.23,5386964478.0,5386964478.0,0.0,0.0,-27.74,15.59
3004,002573,清新环境,3.21,1.26,0.04,113394.0,36195387.8,1.89,3.21,3.15,3.17,3.17,0.76,0.8,52.65,0.83,4543007324.0,4535740205.0,0.31,0.31,-8.55,-14.17
3005,002100,天康生物,7.26,1.26,0.09,169075.0,122631852.29,2.65,7.32,7.13,7.16,7.17,0.89,1.24,-15.18,1.47,9911725999.0,9911725999.0,-0.14,0.0,10.67,-0.41
3006,000881,中广核技,6.43,1.26,0.08,58726.0,37563769.1,2.05,6.45,6.32,6.34,6.35,0.94,0.65,-25.81,1.22,6079087990.0,5810999017.0,-0.16,0.0,-13.34,-28.95
3007,002160,常铝股份,4.03,1.26,0.05,158999.0,63652631.91,3.02,4.05,3.93,3.95,3.98,1.24,1.54,81.88,1.1,4162108103.0,4153839841.0,0.0,0.0,-12.39,-22.5
3008,920230,欧康医药,10.44,1.26,0.13,11849.0,12323688.72,1.75,10.48,10.3,10.4,10.31,0.43,2.51,118.95,2.58,1048954855.0,493266489.0,0.0,0.19,-3.06,-12.42
3009,600021,上海电力,13.7,1.26,0.17,217444.0,297588645.0,2.73,13.84,13.47,13.53,13.53,0.91,0.77,17.04,1.96,38659698529.0,38659698529.0,0.0,0.07,-32.25,-30.28
3010,688561,奇安信-U,24.94,1.26,0.31,27599.0,68536322.0,2.15,25.03,24.5,24.6,24.63,0.51,0.4,-10.96,2.41,17015382962.0,17015382962.0,-0.12,-0.04,-9.93,-29.9
3011,000819,岳阳兴长,12.07,1.26,0.15,38604.0,46175013.0,2.94,12.1,11.75,11.92,11.92,0.86,1.05,155.41,2.11,4417862679.0,4417862679.0,-0.08,0.0,-19.43,-25.63
3012,688348,昱能科技,32.08,1.26,0.4,10569.0,33550579.0,3.38,32.18,31.11,31.87,31.68,0.94,0.68,-20.34,1.5,5013380115.0,5013380115.0,0.0,0.03,-22.81,-36.34
3013,002054,德美化工,7.25,1.26,0.09,111533.0,80284253.9,2.93,7.26,7.05,7.11,7.16,1.22,2.9,18.0,1.33,3495337027.0,2786723600.0,0.28,0.28,-7.76,-0.82
3014,688507,索辰科技,151.03,1.25,1.86,33764.0,502755471.0,6.2,153.05,143.8,146.51,149.17,0.57,6.86,-99.13,4.89,13458099648.0,7436072302.0,0.0,0.06,-7.06,50.8
3015,000521,长虹美菱,4.87,1.25,0.06,53609.0,26033270.8,1.46,4.88,4.81,4.83,4.81,0.91,0.61,43.25,0.85,5015728492.0,4262656768.0,-0.2,0.0,-13.19,-23.31
3016,600917,重庆燃气,4.85,1.25,0.06,50731.0,24506757.0,1.88,4.85,4.76,4.76,4.79,1.14,0.32,50.45,1.3,7571042836.0,7571042836.0,0.21,0.21,-7.44,-11.01
3017,601375,中原证券,4.04,1.25,0.05,289462.0,116557334.0,1.75,4.05,3.98,3.99,3.99,1.04,0.84,27.8,1.3,18757254188.0,13927979588.0,0.0,0.0,0.0,-5.61
3018,603396,金辰股份,25.85,1.25,0.32,26874.0,69077875.0,3.41,26.06,25.19,25.21,25.53,0.97,1.94,41.07,1.38,3580935306.0,3580935306.0,-0.27,-0.23,-18.38,-22.6
3019,601633,长城汽车,15.4,1.25,0.19,84081.0,128585190.0,1.38,15.4,15.19,15.21,15.21,0.72,0.14,34.93,1.53,132108433611.0,95683785459.0,0.06,0.13,-7.45,-30.88
3020,301120,新特电气,14.7,1.24,0.18,52577.0,76599571.0,4.75,14.82,14.13,14.3,14.52,0.72,2.33,-730.52,3.54,5484950069.0,3318678027.0,-0.07,-0.14,-45.86,-14.63
3021,300834,星辉环材,38.35,1.24,0.47,7909.0,29937785.0,3.8,38.5,37.06,37.75,37.88,0.48,0.41,88.71,2.6,7428868738.0,7363133041.0,-0.1,-0.03,-16.47,66.16
3022,688425,铁建重工,4.07,1.24,0.05,102390.0,41436363.0,1.49,4.07,4.01,4.01,4.02,0.75,0.19,21.51,1.16,21707332790.0,21707332790.0,0.0,0.25,-7.5,-18.44
3023,301622,英思特,40.11,1.24,0.49,20570.0,81848916.96,4.42,40.56,38.81,39.6,39.62,1.92,3.18,-92.08,3.03,4650027707.0,2593488374.0,-0.05,0.12,-26.91,-37.57
3024,600059,古越龙山,8.14,1.24,0.1,100336.0,81392746.0,1.37,8.15,8.04,8.07,8.04,0.54,1.1,29.9,1.27,7419955242.0,7419955242.0,0.0,0.12,-1.33,-11.23
3025,603189,*ST网达,9.0,1.24,0.11,17759.0,15877409.0,3.15,9.05,8.77,8.81,8.89,0.45,0.66,-100.63,1.69,2425935141.0,2425935141.0,0.0,0.0,-26.77,-52.46
3026,301067,显盈科技,28.67,1.24,0.35,20504.0,58057773.9,5.16,28.96,27.5,28.2,28.32,0.75,3.21,-111.5,3.62,2787756120.0,1829974563.0,0.14,-0.14,-11.27,-12.48
3027,002630,*ST华西,1.63,1.24,0.02,71386.0,11601958.4,3.11,1.64,1.59,1.61,1.61,0.74,0.66,-16.85,-17.19,1924704000.0,1754758268.0,-0.61,-0.61,1.88,-34.8
3028,688135,利扬芯片,25.3,1.24,0.31,92492.0,229381185.0,6.6,25.53,23.88,24.36,24.99,0.91,3.97,431.29,3.72,5897529707.0,5897529707.0,-0.24,-0.2,-29.66,-8.86
3029,600846,同济科技,11.56,1.23,0.14,36152.0,41497410.0,4.38,11.69,11.19,11.3,11.42,0.72,0.58,29.28,1.67,7222243125.0,7222243125.0,0.09,0.0,3.96,-11.21
3030,920682,球冠电缆,5.74,1.23,0.07,11885.0,6788846.71,1.76,5.75,5.65,5.67,5.67,0.82,0.53,34.39,1.99,2235018240.0,1296130952.0,0.0,0.17,-11.69,-23.26
3031,603153,上海建科,13.21,1.23,0.16,13232.0,17438602.0,2.15,13.26,12.98,13.02,13.05,1.1,0.33,87.98,1.43,5414265210.0,5333936032.0,0.3,0.08,-8.83,-21.04
3032,002851,麦格米特,121.32,1.23,1.48,202341.0,2419377652.84,5.87,122.79,115.76,117.0,119.84,0.66,4.12,154.71,7.92,70973454934.0,59651724281.0,0.01,0.03,-9.78,34.74
3033,000733,振华科技,39.58,1.23,0.48,82100.0,322903962.69,3.02,39.76,38.58,38.71,39.1,0.72,1.48,344.71,1.41,21934026079.0,21931069453.0,0.05,-0.03,-21.61,-23.93
3034,600337,ST美克,3.29,1.23,0.04,185850.0,60425110.0,4.0,3.3,3.17,3.18,3.25,0.88,1.29,-5.59,12.05,4727723871.0,4727723871.0,-0.3,0.0,0.0,12.67
3035,603116,红蜻蜓,6.57,1.23,0.08,68074.0,44402796.0,4.47,6.64,6.35,6.4,6.49,1.0,1.18,102.55,1.57,3785639256.0,3785639256.0,0.31,0.0,-7.07,11.17
3036,920267,鑫汇科,15.58,1.23,0.19,4525.0,7016235.5,2.86,15.72,15.28,15.34,15.39,0.39,1.66,-51.91,3.07,739784221.0,423418408.0,-0.26,0.13,-5.75,-31.37
3037,688479,友车科技,32.85,1.23,0.4,26085.0,84597194.0,6.41,33.46,31.38,32.46,32.45,1.01,3.01,283.49,3.58,6613505226.0,2842325226.0,-0.03,-0.03,12.89,146.81
3038,000089,深圳机场,6.59,1.23,0.08,213580.0,140858666.0,2.46,6.65,6.49,6.52,6.51,1.33,1.04,9.17,1.12,13514571064.0,13514571064.0,-0.15,-0.15,-1.64,-3.51
3039,920454,同心传动,10.68,1.23,0.13,2511.0,2669089.08,1.52,10.71,10.55,10.55,10.55,0.44,0.51,39.61,3.44,1122468000.0,525781740.0,0.0,0.0,-18.1,-35.08
3040,920556,雅达股份,6.6,1.23,0.08,12002.0,7884138.25,2.91,6.66,6.47,6.54,6.52,0.74,1.03,52.72,2.06,1060231141.0,768107314.0,0.15,0.0,-19.22,-33.87
3041,603019,中科曙光,83.19,1.23,1.01,206939.0,1711619377.0,3.16,83.67,81.07,81.25,82.18,0.59,1.41,62.24,5.28,121716602071.0,121711490877.0,-0.01,-0.02,-2.59,-2.35
3042,688023,安恒信息,37.81,1.23,0.46,14696.0,55353407.0,3.03,38.06,36.93,37.35,37.35,0.81,1.44,-8.46,1.72,3863242157.0,3863242157.0,-0.16,-0.13,-10.21,-26.45
3043,603916,苏博特,11.6,1.22,0.14,74432.0,85395642.0,2.88,11.61,11.28,11.38,11.46,0.51,1.77,32.94,1.15,4875802376.0,4875802376.0,0.0,0.61,-14.77,24.2
3044,000066,中国长城,14.05,1.22,0.17,470525.0,657434708.67,2.67,14.1,13.73,13.76,13.88,0.48,1.46,-135.51,4.15,45322477186.0,45318975224.0,0.0,0.0,-23.97,-2.5
3045,300406,九强生物,11.65,1.22,0.14,45854.0,52912694.64,2.78,11.68,11.36,11.4,11.51,0.7,1.08,16.23,1.99,6828536429.0,4942898965.0,0.0,0.0,-2.84,-5.82
3046,300581,晨曦航空,9.92,1.22,0.12,84218.0,83240088.2,4.39,10.01,9.58,9.61,9.8,0.86,1.53,-82.02,5.96,5457086696.0,5457086696.0,0.1,0.0,-9.98,-39.84
3047,000551,创元科技,12.41,1.22,0.15,136124.0,166903118.92,3.51,12.45,12.02,12.1,12.26,0.44,2.81,16.74,1.96,6015537101.0,6010932135.0,-0.08,0.08,-20.35,-15.23
3048,301391,卡莱特,46.56,1.22,0.56,10130.0,46836918.21,4.48,47.14,45.08,45.56,46.0,0.97,1.09,176.42,2.11,4423889600.0,4322433498.0,-0.47,-0.19,-26.04,-45.06
3049,600171,上海贝岭,22.44,1.22,0.27,92224.0,204825778.0,3.2,22.49,21.78,22.02,22.17,0.76,1.3,177.4,3.56,15908238919.0,15908238919.0,0.0,0.09,-17.1,-27.92
3050,003002,壶化股份,16.66,1.22,0.2,18284.0,30203193.0,3.52,16.74,16.16,16.35,16.46,0.61,1.0,52.1,2.2,3332000000.0,3046235602.0,0.06,0.0,-25.46,-48.21
3051,002669,康达新材,11.59,1.22,0.14,107849.0,122793860.08,5.24,11.65,11.05,11.28,11.45,0.91,3.56,61.31,1.28,3516406000.0,3508499302.0,0.0,-0.09,-27.15,-23.25
3052,002739,儒意电影,8.31,1.22,0.1,383428.0,317816199.95,2.07,8.33,8.16,8.18,8.21,0.49,1.84,50.48,2.3,17548881063.0,17301435357.0,0.12,0.12,-11.5,-26.59
3053,603711,香飘飘,11.57,1.22,0.14,48181.0,55545746.0,3.32,11.66,11.28,11.45,11.43,0.84,1.17,219.94,1.38,4776953337.0,4776953337.0,0.09,0.0,-21.19,-13.4
3054,600137,浪莎股份,18.26,1.22,0.22,13526.0,24463364.0,3.94,18.29,17.58,17.86,18.04,1.24,1.39,102.15,3.26,1775193157.0,1775193157.0,0.27,0.27,-14.03,-4.05
3055,300905,宝丽迪,35.55,1.22,0.43,35186.0,123212961.66,4.67,35.78,34.14,34.91,35.12,0.55,2.53,46.38,3.24,6364007993.0,4953111786.0,0.11,0.06,-43.1,11.34
3056,000519,中兵红箭,14.09,1.22,0.17,284113.0,397328348.04,2.73,14.11,13.73,13.74,13.92,0.94,2.04,263.74,1.89,19621156056.0,19621156056.0,-0.07,0.0,-26.84,-22.54
3057,688660,电气风电,7.45,1.22,0.09,147552.0,108365481.0,4.21,7.49,7.18,7.38,7.36,0.82,1.11,-9.17,2.75,9933333830.0,9933333830.0,0.13,0.0,-26.67,-56.2
3058,688027,国盾量子,373.59,1.22,4.49,11239.0,416436788.0,4.49,377.58,361.0,364.43,369.1,0.79,1.4,-829.07,11.93,38427841364.0,30027060888.0,0.0,0.1,-31.7,-25.84
3059,001391,国货航,4.14,1.22,0.05,184089.0,76013239.27,1.71,4.15,4.08,4.09,4.09,0.87,1.21,26.77,1.93,50544768272.0,6290125643.0,0.0,0.0,-19.61,-28.99
3060,000977,浪潮信息,74.11,1.22,0.89,400854.0,2937106208.01,4.88,74.99,71.42,71.43,73.22,0.54,2.73,44.98,4.89,108828804902.0,108706904994.0,0.0,0.09,15.54,11.34
3061,301525,儒竞科技,39.12,1.22,0.47,8524.0,33130699.8,3.8,39.48,38.01,38.66,38.65,0.94,1.23,123.28,1.6,5165266902.0,2705604765.0,-0.1,0.2,-22.95,-36.35
3062,603435,嘉德利,49.16,1.21,0.59,17804.0,85990152.0,6.11,49.67,46.7,48.42,48.57,0.67,4.99,88.98,10.6,22572676266.0,1754399565.0,0.06,0.12,-42.41,211.93
3063,301077,星华新材,20.83,1.21,0.25,17308.0,35741903.34,3.89,20.92,20.12,20.13,20.58,0.55,1.81,27.02,3.08,3546259945.0,1990752345.0,0.0,-0.29,-24.28,-18.57
3064,001287,中电港,22.52,1.21,0.27,165981.0,368645582.07,5.21,22.72,21.56,21.95,22.25,0.8,2.18,16.68,2.94,17112950184.0,17112950184.0,-0.04,-0.09,-10.56,-0.09
3065,688316,青云科技-U,46.71,1.21,0.56,17825.0,82328332.0,4.92,47.07,44.8,45.99,46.15,0.72,3.72,-40.77,42.1,2237321606.0,2237321606.0,-0.09,-0.23,-25.59,-22.37
3066,600197,伊力特,10.06,1.21,0.12,46733.0,47009817.0,2.01,10.12,9.92,9.92,9.94,0.79,0.99,11.35,1.26,4760137653.0,4760137653.0,0.1,0.1,-18.48,-24.98
3067,603075,热威股份,19.27,1.21,0.23,17107.0,32803772.0,2.1,19.3,18.9,18.91,19.04,0.72,4.03,23.72,3.79,7754265324.0,817065324.0,0.05,0.05,-31.4,-8.85
3068,603926,铁流股份,15.93,1.21,0.19,55046.0,87338067.0,4.83,16.2,15.44,15.95,15.74,1.16,2.38,31.3,2.16,3711476713.0,3677259073.0,0.0,-0.25,-21.37,-5.96
3069,301329,信音电子,19.17,1.21,0.23,43269.0,81239400.67,6.65,19.33,18.07,18.65,18.94,1.46,6.55,39.55,2.08,3262734000.0,1265986800.0,-0.16,-0.05,-38.6,-18.01
3070,300577,开润股份,17.53,1.21,0.21,11907.0,20718791.64,2.71,17.57,17.1,17.24,17.32,0.47,0.84,10.64,1.98,4204329410.0,2492148786.0,0.0,-0.06,3.54,-16.96
3071,002666,德联集团,4.22,1.2,0.05,256755.0,108407280.14,6.47,4.38,4.11,4.3,4.17,2.59,5.13,29.65,0.93,3325357050.0,2113349946.0,-0.24,-0.24,-9.64,-23.41
3072,600790,轻纺城,3.38,1.2,0.04,140423.0,47219872.0,2.1,3.39,3.32,3.32,3.34,1.41,0.96,6.53,0.88,4954373337.0,4954373337.0,0.0,0.0,-16.75,-9.14
3073,002121,科陆电子,5.04,1.2,0.06,248007.0,124497221.5,2.81,5.08,4.94,4.96,4.98,1.31,1.76,-52.19,23.76,8429655064.0,7114741573.0,-0.2,0.2,-36.04,-34.55
3074,600955,维远股份,12.6,1.2,0.15,31149.0,39053166.0,2.33,12.66,12.37,12.38,12.45,0.68,0.57,-154.69,0.92,6930000000.0,6930000000.0,0.08,0.0,-23.36,-21.98
3075,688807,优迅股份,339.01,1.2,4.01,26871.0,872601673.0,12.23,342.0,301.03,320.0,335.0,0.79,16.79,225.34,15.0,27120800000.0,5424160000.0,-0.83,-0.73,-12.99,81.35
3076,688188,柏楚电子,99.73,1.2,1.18,18233.0,181641029.0,3.33,100.49,97.21,97.8,98.55,0.55,0.45,25.69,6.38,40446233817.0,40446233817.0,0.01,-0.1,-8.46,4.22
3077,600586,金晶科技,4.22,1.2,0.05,152984.0,64200404.0,2.4,4.23,4.13,4.14,4.17,0.97,1.08,-9.54,1.23,5981165094.0,5981165094.0,0.24,0.0,-17.58,-25.04
3078,301100,风光股份,16.0,1.2,0.19,12039.0,19240553.0,3.29,16.13,15.61,15.61,15.81,1.06,1.36,-76.46,1.6,3219632000.0,1419632000.0,-0.06,0.06,-4.59,-24.92
3079,920227,美登科技,47.34,1.2,0.56,1212.0,5741113.36,3.27,47.95,46.42,46.42,46.78,0.44,0.68,39.72,4.73,1843490610.0,838780393.0,-0.5,-0.15,-26.83,-19.63
3080,920262,太湖雪,13.58,1.19,0.16,3263.0,4411014.95,2.53,13.67,13.33,13.33,13.42,0.56,0.85,20.81,2.97,1126284759.0,523597256.0,0.37,0.52,-8.49,-32.94
3081,601016,节能风电,3.41,1.19,0.04,732949.0,247946971.0,2.08,3.41,3.34,3.35,3.37,0.95,1.21,27.35,1.25,22316701604.0,20590456217.0,0.0,0.0,-30.41,15.59
3082,603043,广州酒家,13.62,1.19,0.16,28071.0,38268216.0,1.86,13.73,13.48,13.5,13.46,0.66,0.5,124.94,2.06,7703994599.0,7660601279.0,0.0,-0.07,-4.95,-20.95
3083,920896,旺成科技,11.92,1.19,0.14,1936.0,2295762.1,2.55,11.97,11.67,11.7,11.78,0.39,0.44,21.58,2.82,1206592941.0,529269575.0,0.0,0.34,-19.73,-43.13
3084,600779,水井坊,27.15,1.19,0.32,16608.0,44838835.0,1.53,27.15,26.74,26.8,26.83,0.84,0.34,19.35,2.56,13235711826.0,13235711826.0,0.07,0.15,-18.88,-28.95
3085,600064,南京高科,7.68,1.19,0.09,149298.0,114321183.0,1.71,7.7,7.57,7.62,7.59,0.77,0.86,5.29,0.67,13289008466.0,13289008466.0,0.0,0.0,3.36,-8.13
3086,603500,祥和实业,9.35,1.19,0.11,36251.0,33720263.0,3.14,9.43,9.14,9.26,9.24,0.68,1.09,19.78,3.09,3111523350.0,3109894795.0,0.11,0.21,-11.21,-20.49
3087,000928,中钢国际,5.11,1.19,0.06,144678.0,73758293.26,1.98,5.12,5.02,5.03,5.05,1.21,1.01,9.93,0.88,7331034013.0,7330944333.0,-0.2,0.0,-12.5,-20.16
3088,002960,青鸟智控,8.48,1.19,0.1,58520.0,49475245.15,2.63,8.52,8.3,8.4,8.38,0.53,0.6,32.21,1.44,8935669628.0,8212447138.0,0.12,0.0,2.29,-1.97
3089,603109,神驰机电,17.85,1.19,0.21,22017.0,39062804.0,3.0,17.93,17.4,17.64,17.64,1.34,1.05,28.62,1.91,3727943226.0,3727943226.0,0.0,0.0,-7.18,-30.11
3090,001386,马可波罗,15.36,1.19,0.18,23014.0,35295142.76,2.04,15.43,15.12,15.12,15.18,0.48,2.14,28.75,1.55,18353971200.0,1651857408.0,0.07,0.2,-5.71,-31.52
3091,300686,智动力,14.4,1.19,0.17,79393.0,112782775.5,5.55,14.52,13.73,13.93,14.23,0.66,3.07,-120.24,4.8,3752988768.0,3728272608.0,0.07,0.07,-6.8,-4.38
3092,688252,天德钰,19.59,1.19,0.23,42541.0,82506471.0,3.72,19.66,18.94,19.2,19.36,0.71,1.04,29.03,3.19,8012728070.0,8012728070.0,0.05,0.15,-9.6,-6.98
3093,000692,惠天热电,4.24,1.19,0.05,180568.0,75966844.18,3.58,4.26,4.11,4.17,4.19,0.6,3.39,-11.81,57.98,2259211818.0,2259211818.0,0.0,0.0,-22.63,23.26
3094,920943,优机股份,15.38,1.18,0.18,14787.0,22697215.58,2.89,15.54,15.1,15.33,15.2,0.31,2.85,-49.28,2.47,1561398794.0,796804472.0,0.13,0.13,0.13,-41.41
3095,301638,南网数字,22.36,1.18,0.26,59000.0,130772037.87,2.58,22.38,21.81,21.85,22.1,0.76,2.36,230.26,6.45,71096979143.0,5595232352.0,0.0,0.04,-19.6,19.25
3096,300430,*ST益通,4.27,1.18,0.05,40420.0,17192692.0,2.61,4.29,4.18,4.18,4.22,0.75,1.56,-4.93,0.91,1165909819.0,1109561460.0,0.0,-0.47,-24.16,-77.78
3097,600848,上海临港,8.54,1.18,0.1,42695.0,36342358.0,1.78,8.57,8.42,8.44,8.44,0.7,0.18,64.22,1.32,21542039014.0,20444010811.0,-0.12,-0.12,-4.47,-25.74
3098,002767,先锋电子,18.06,1.18,0.21,15903.0,28449999.0,3.59,18.12,17.48,17.85,17.85,0.62,1.22,100.98,3.11,2709000000.0,2352926710.0,0.0,-0.11,1.69,-21.07
3099,920578,巨能股份,16.24,1.18,0.19,5307.0,8615600.46,3.18,16.44,15.93,15.93,16.05,0.32,1.49,-293.1,4.7,1242020535.0,576536549.0,-0.06,0.12,-2.75,-37.66
3100,603180,金牌家居,15.43,1.18,0.18,9823.0,15109628.0,2.43,15.54,15.17,15.27,15.25,0.45,0.64,-41.99,0.89,2380187670.0,2380187670.0,-0.32,-0.32,-12.13,-23.95
3101,600104,上汽集团,10.31,1.18,0.12,350414.0,359628424.0,1.28,10.32,10.19,10.23,10.19,1.0,0.3,9.79,0.4,118516311066.0,118516311066.0,0.0,0.1,-13.72,-31.08
3102,601567,三星电气,14.56,1.18,0.17,115130.0,167400845.0,2.64,14.68,14.3,14.35,14.39,0.96,0.82,30.57,1.78,20459848864.0,20459848864.0,-0.21,0.0,-11.06,-36.36
3103,002416,爱施德,9.44,1.18,0.11,127888.0,120333516.74,2.25,9.5,9.29,9.35,9.33,0.78,1.05,125.9,2.22,11698820249.0,11547781825.0,0.11,0.11,-10.61,-21.85
3104,000677,ST海龙,1.72,1.18,0.02,217281.0,37224355.61,3.53,1.74,1.68,1.68,1.7,0.83,2.51,42.43,2.82,1486042071.0,1486042071.0,0.0,0.0,-18.1,-60.82
3105,920050,爱伦医疗,29.09,1.18,0.34,1670.0,4844707.64,2.57,29.26,28.52,28.86,28.75,0.52,0.92,15.71,1.88,1968791826.0,526606118.0,0.0,-0.27,0.52,94.19
3106,688606,奥泰生物,48.2,1.18,0.56,2044.0,9784589.0,2.1,48.25,47.25,47.25,47.64,0.48,0.27,47.01,0.96,3646539815.0,3646539815.0,0.1,-0.02,1.64,-23.39
3107,300500,启迪设计,9.55,1.17,0.11,44103.0,41807816.0,4.03,9.66,9.28,9.31,9.44,1.56,2.63,20.84,1.64,1661459999.0,1600560470.0,0.0,0.0,-16.67,-31.05
3108,603508,思维列控,21.65,1.17,0.25,28172.0,60666820.0,2.01,21.74,21.31,21.38,21.4,0.92,0.74,12.99,2.0,8254590262.0,8254590262.0,0.09,-0.05,-3.91,-20.7
3109,300133,华策影视,6.91,1.17,0.08,321452.0,220829819.76,2.2,6.92,6.77,6.78,6.83,0.67,1.93,38.82,1.74,12954672205.0,11498242529.0,0.14,0.14,-17.34,-16.85
3110,002091,江苏国泰,7.79,1.17,0.09,89967.0,69895512.72,2.08,7.81,7.65,7.65,7.7,0.77,0.56,13.52,0.81,12679999048.0,12482478433.0,0.0,0.0,-10.56,-10.77
3111,600685,中船防务,25.9,1.17,0.3,77389.0,199842653.0,1.91,26.0,25.51,25.58,25.6,1.06,0.94,23.1,2.03,36609815190.0,21275171188.0,0.08,0.15,-7.37,-8.55
3112,920471,美邦科技,12.15,1.17,0.14,39038.0,47856024.21,3.66,12.49,12.05,12.3,12.01,1.27,7.36,29.38,1.96,1010880000.0,644321875.0,0.0,0.08,0.41,-3.49
3113,601163,三角轮胎,12.97,1.17,0.15,19542.0,25288208.0,1.56,13.0,12.8,12.83,12.82,0.79,0.24,11.91,0.75,10376000000.0,10376000000.0,0.08,-0.08,-6.22,-6.62
3114,920002,万达轴承,52.61,1.17,0.61,9274.0,48791797.48,4.6,53.3,50.91,51.5,52.0,0.45,2.08,47.3,4.41,3351475595.0,2346256219.0,0.02,0.0,-9.91,-32.86
3115,000030,富奥股份,4.31,1.17,0.05,66151.0,28481496.11,2.11,4.33,4.24,4.24,4.26,0.73,0.4,14.86,0.9,7412384742.0,7201605162.0,-0.23,0.0,-4.86,-22.9
3116,000767,晋控电力,3.46,1.17,0.04,617473.0,212684956.62,2.92,3.48,3.38,3.4,3.42,0.68,2.12,44.48,1.76,10646220078.0,10076372669.0,0.0,0.0,-43.65,23.57
3117,300329,海伦钢琴,12.1,1.17,0.14,29576.0,35709871.0,3.18,12.23,11.85,11.96,11.96,1.35,1.17,-37.1,5.04,3059954238.0,3050899215.0,0.33,0.41,-7.14,-25.26
3118,002283,天润工业,8.68,1.17,0.1,137930.0,118770608.5,3.73,8.73,8.41,8.58,8.58,0.79,1.38,17.0,1.65,9890488305.0,8704534272.0,0.0,-0.12,-21.09,44.19
3119,002284,亚太股份,9.54,1.17,0.11,302613.0,283450996.33,4.88,9.57,9.11,9.29,9.43,0.67,4.13,13.15,1.98,7051017320.0,6985076840.0,-0.1,0.1,-16.39,-35.67
3120,601618,中国中冶,2.59,1.17,0.03,652825.0,168526573.0,1.17,2.59,2.56,2.56,2.56,1.03,0.37,8.21,0.52,53591293650.0,46238283650.0,0.39,0.39,-8.48,-12.79
3121,002749,国光股份,8.68,1.17,0.1,27904.0,24164171.3,1.86,8.72,8.56,8.56,8.58,0.45,0.51,13.16,2.75,4830173037.0,4724670666.0,0.0,0.12,-7.95,-20.66
3122,002556,辉隆股份,5.17,1.17,0.06,142398.0,73718054.6,3.33,5.23,5.06,5.06,5.11,0.83,1.52,21.47,1.33,4833644205.0,4828991986.0,0.19,0.19,-1.34,-12.96
3123,603100,川仪股份,17.5,1.16,0.2,20669.0,36074691.0,1.85,17.56,17.24,17.3,17.3,0.75,0.4,15.89,1.85,8980530580.0,8951935405.0,0.06,0.11,-11.17,-22.19
3124,301178,天亿马,34.88,1.16,0.4,18566.0,64314495.08,4.38,35.1,33.59,34.4,34.48,0.84,2.7,893.01,4.18,3247476728.0,2395824290.0,0.2,0.14,-8.43,-0.94
3125,001395,亚联机械,28.78,1.16,0.33,13700.0,39246423.18,2.85,28.97,28.16,28.25,28.45,0.79,2.58,10.37,2.57,3263997360.0,1525368780.0,0.0,-0.1,6.04,-11.77
3126,920086,科马材料,20.13,1.16,0.23,4415.0,8867392.35,2.11,20.22,19.8,19.88,19.9,0.74,1.61,17.35,1.96,1684478400.0,551000373.0,-0.2,-0.2,-27.93,80.38
3127,300723,一品红,35.01,1.16,0.4,58074.0,202659419.8,2.98,35.16,34.13,34.27,34.61,0.38,1.39,6.65,8.17,15813763738.0,14675798418.0,-0.03,0.0,-17.43,4.35
3128,301633,港迪技术,56.45,1.16,0.65,11471.0,64964660.52,6.7,57.88,54.14,54.58,55.8,1.02,4.5,-65.71,3.48,3143136000.0,1440075741.0,0.68,0.37,5.83,-18.68
3129,301665,泰禾股份,24.51,1.16,0.28,38998.0,95649218.89,4.0,25.02,24.05,24.2,24.23,1.15,3.74,20.57,3.1,11029500000.0,2553206700.0,0.08,0.08,5.37,-11.96
3130,920396,常辅股份,19.25,1.16,0.22,5550.0,10623253.3,1.89,19.26,18.9,19.0,19.03,0.52,1.12,51.96,3.85,1390256868.0,957050537.0,0.63,0.42,-21.46,-40.79
3131,603898,好莱客,11.29,1.16,0.13,19248.0,21698995.0,1.7,11.34,11.15,11.17,11.16,0.54,0.64,-38.33,1.11,3389590852.0,3389590852.0,0.44,0.27,-10.61,-14.92
3132,920007,酉立智能,33.03,1.16,0.38,1412.0,4650932.34,3.19,33.4,32.36,32.61,32.65,0.38,1.21,35.03,2.26,1470906824.0,386657438.0,-0.06,0.0,-26.37,-51.95
3133,603357,设计总院,6.09,1.16,0.07,34662.0,20955940.0,1.83,6.09,5.98,5.98,6.02,0.99,0.62,-57.38,0.88,3413708411.0,3413708411.0,0.16,0.16,-13.12,-24.06
3134,603681,永冠新材,18.25,1.16,0.21,41054.0,73984047.0,3.05,18.27,17.72,18.05,18.04,0.88,1.73,40.5,1.29,4338788398.0,4338788398.0,0.16,0.16,-25.02,-3.34
3135,300506,名家汇,5.24,1.16,0.06,208862.0,107985736.0,4.25,5.27,5.05,5.1,5.18,0.55,2.74,-111.69,5.55,7470126022.0,3987621728.0,0.38,0.77,7.6,24.76
3136,605018,长华集团,12.23,1.16,0.14,65874.0,79700753.0,3.8,12.28,11.82,11.88,12.09,0.81,1.4,93.17,2.08,5748904648.0,5748904648.0,-0.16,0.0,-10.73,7.0
3137,002145,钛能化学,4.35,1.16,0.05,308407.0,133354670.77,1.63,4.35,4.28,4.29,4.3,0.87,0.81,19.72,1.26,16559023996.0,16558163022.0,0.0,0.0,-0.91,-10.49
3138,920033,康普化学,14.83,1.16,0.17,11097.0,16334542.21,4.16,15.0,14.39,14.9,14.66,1.57,1.34,16.98,2.31,1766775758.0,1228402342.0,0.34,0.34,-5.54,-16.83
3139,603267,鸿远电子,47.34,1.15,0.54,57630.0,268863451.0,5.45,47.75,45.2,46.19,46.8,0.81,2.49,28.39,2.45,10939369427.0,10939369427.0,0.06,-0.06,-34.07,-12.62
3140,688010,福光股份,26.32,1.15,0.3,27125.0,69893998.0,6.0,26.45,24.89,25.57,26.02,0.72,1.69,-58.49,2.47,4225980733.0,4225980733.0,0.27,0.15,-26.77,-15.42
3141,688180,君实生物-U,35.25,1.15,0.4,160432.0,557749277.0,3.56,35.32,34.08,34.54,34.85,0.6,2.09,-439.98,6.14,36190817953.0,27015394528.0,0.06,0.14,6.72,3.19
3142,688631,莱斯信息,39.7,1.15,0.45,7535.0,29664972.0,3.24,39.95,38.68,39.01,39.25,0.65,0.46,-127.17,3.46,6489759000.0,6489759000.0,-0.08,-0.03,-17.53,-41.54
3143,300399,天利科技,18.45,1.15,0.21,107297.0,196845301.4,3.95,18.58,17.86,18.44,18.24,1.22,5.43,141.26,7.19,3645720000.0,3645364376.0,-0.05,-0.32,-10.39,-27.08
3144,601019,山东出版,7.04,1.15,0.08,71275.0,50167748.0,1.72,7.08,6.96,6.98,6.96,0.84,0.34,11.19,0.96,14691776000.0,14691776000.0,-0.14,-0.14,-0.85,-16.29
3145,920768,拾比佰,7.05,1.15,0.08,10145.0,7108802.35,1.58,7.05,6.94,6.96,6.97,1.11,0.94,17.52,1.55,1095273900.0,757096095.0,0.14,0.14,-12.64,-17.06
3146,001696,宗申动力,15.01,1.15,0.17,285458.0,425114309.98,3.64,15.1,14.56,14.67,14.84,0.61,3.2,25.03,3.23,17186854069.0,13379887357.0,0.0,0.13,2.39,-30.15
3147,300002,神州泰岳,7.95,1.15,0.09,196112.0,155637896.36,2.16,7.98,7.81,7.85,7.86,0.69,1.06,22.85,2.03,15639032235.0,14715839971.0,-0.13,-0.25,-1.12,-30.63
3148,600528,中铁工业,7.04,1.15,0.08,84587.0,59499337.0,2.16,7.07,6.92,6.92,6.96,1.04,0.38,12.26,0.62,15639723180.0,15639723180.0,-0.14,0.0,-5.38,-12.98
3149,600101,明星电力,7.94,1.15,0.09,66498.0,52551059.0,1.78,7.95,7.81,7.86,7.85,1.07,1.21,40.93,1.39,4350028020.0,4350028020.0,0.0,0.0,-23.51,-13.13
3150,000962,东方钽业,51.99,1.15,0.59,256824.0,1346264003.72,7.84,54.04,50.01,50.01,51.4,1.02,5.11,112.11,6.82,27418754468.0,26152065845.0,0.08,0.15,-5.82,57.78
3151,605259,绿田机械,17.53,1.15,0.2,6964.0,12204955.0,2.48,17.67,17.24,17.32,17.33,0.71,0.4,17.09,1.65,3023574400.0,3023574400.0,0.06,-0.17,-8.36,-20.61
3152,603218,日月股份,9.69,1.15,0.11,37800.0,36468392.0,2.4,9.71,9.48,9.58,9.58,0.8,0.37,29.39,0.99,9979212585.0,9970394685.0,0.0,0.0,-16.39,-24.71
3153,300496,中科创达,56.32,1.15,0.64,65852.0,368932155.13,2.87,56.63,55.03,55.03,55.68,0.58,1.78,63.5,2.51,26003904481.0,20814007808.0,-0.05,-0.21,-14.36,-16.34
3154,002511,中顺洁柔,7.12,1.14,0.08,108171.0,76945479.9,2.13,7.17,7.02,7.06,7.04,0.95,0.86,20.23,1.65,9121706925.0,9006828003.0,-0.14,-0.14,-3.78,-16.43
3155,600025,华能水电,9.79,1.14,0.11,317395.0,309720679.0,1.86,9.84,9.66,9.72,9.68,1.17,0.17,29.55,2.72,182398412776.0,182398412776.0,0.0,0.2,-1.11,10.25
3156,002500,山西证券,5.31,1.14,0.06,153140.0,81125007.2,1.33,5.32,5.25,5.28,5.25,1.07,0.43,18.68,1.03,19061686915.0,19061686915.0,-0.19,-0.19,3.11,-10.15
3157,600062,华润双鹤,16.01,1.14,0.18,66618.0,106008224.0,1.9,16.05,15.75,15.76,15.83,0.71,0.64,8.79,1.36,16627544957.0,16621988462.0,-0.12,-0.06,-3.03,-10.61
3158,300932,三友联众,10.65,1.14,0.12,263839.0,279709379.99,9.21,11.27,10.3,11.25,10.53,2.27,8.27,28.95,2.67,4772750608.0,3399387526.0,0.0,0.09,5.97,26.33
3159,600246,万通发展,11.5,1.14,0.13,775608.0,871727112.0,6.07,11.54,10.85,11.06,11.37,0.69,4.1,-49.75,4.89,22344355974.0,21739743474.0,0.0,0.0,-27.4,-6.5
3160,688595,芯海科技,27.46,1.14,0.31,22128.0,59921347.0,4.97,27.67,26.32,27.01,27.15,0.77,1.54,-25.37,6.11,3956808224.0,3956808224.0,0.04,-0.15,-21.5,-16.28
3161,002389,航天彩虹,17.69,1.14,0.2,82796.0,145901268.34,1.89,17.73,17.4,17.45,17.49,0.69,0.84,43.09,2.16,17423164411.0,17420425203.0,0.0,0.0,-10.43,-26.05
3162,000981,山子高科,2.67,1.14,0.03,1864338.0,496868848.31,3.79,2.7,2.6,2.61,2.64,1.08,1.96,26.58,8.61,26693247271.0,25400660768.0,0.0,-0.37,-25.63,-35.82
3163,001369,双欣材料,12.44,1.14,0.14,51709.0,64286811.83,2.76,12.58,12.24,12.29,12.3,0.93,2.49,27.92,2.07,14268680000.0,2580720707.0,-0.08,-0.08,-13.97,-23.96
3164,000958,电投产融,5.31,1.14,0.06,103298.0,54590436.62,1.52,5.32,5.24,5.25,5.25,0.86,0.19,21.76,1.93,97260747500.0,28585952341.0,0.0,-0.19,-14.35,-17.93
3165,002498,汉缆股份,6.26,1.13,0.07,411340.0,256302781.71,2.75,6.28,6.11,6.18,6.19,0.65,1.24,32.46,2.4,20825742960.0,20825742960.0,0.0,0.16,-23.47,65.17
3166,603816,顾家家居,25.06,1.13,0.28,55795.0,139698281.0,1.82,25.25,24.8,24.82,24.78,0.86,0.68,11.69,1.96,23198869281.0,20445961471.0,-0.16,-0.04,-9.95,-14.65
3167,601216,君正集团,4.47,1.13,0.05,409033.0,182632852.0,2.04,4.5,4.41,4.41,4.42,1.02,0.48,13.14,1.42,37717937733.0,37717937733.0,0.22,0.0,-7.45,0.68
3168,603800,洪田股份,66.16,1.13,0.74,38695.0,252506320.0,6.92,67.4,62.87,64.7,65.42,0.74,1.86,-214.74,17.4,13761280000.0,13761280000.0,0.0,0.02,0.26,35.66
3169,300654,世纪天鸿,9.88,1.13,0.11,59922.0,58851928.19,3.07,9.93,9.63,9.63,9.77,0.45,1.7,165.75,4.31,3617313538.0,3484046041.0,0.0,-0.1,2.6,0.2
3170,920278,鹿得医疗,6.27,1.13,0.07,7180.0,4498462.81,2.26,6.33,6.19,6.19,6.2,0.44,0.73,401.97,2.84,1094115000.0,618506031.0,0.0,0.0,-9.39,-29.63
3171,002544,普天科技,16.1,1.13,0.18,93145.0,149504288.97,3.77,16.33,15.73,15.85,15.92,0.76,1.37,-165.3,2.95,10956595629.0,10955540532.0,-0.06,0.0,-23.81,-53.29
3172,300424,航新科技,14.3,1.13,0.16,78110.0,110947708.58,3.89,14.43,13.88,14.03,14.14,1.01,3.05,33.63,4.21,3669735112.0,3667663299.0,0.14,0.21,-28.89,-21.9
3173,600105,永鼎股份,38.48,1.13,0.43,1129524.0,4314972769.0,8.07,39.63,36.56,36.99,38.05,0.87,7.73,55.87,15.46,56257559981.0,56257559981.0,0.0,0.0,-14.68,53.37
3174,688125,安达智能,120.08,1.13,1.34,8499.0,99607907.0,7.75,121.2,112.0,116.12,118.74,0.66,1.03,-79.14,5.49,9897648756.0,9871001804.0,-0.4,0.76,-35.57,-11.08
3175,601668,中国建筑,4.47,1.13,0.05,2307944.0,1024201848.0,1.81,4.48,4.4,4.42,4.42,1.21,0.56,3.33,0.38,184702145285.0,184702145285.0,0.22,0.22,-2.4,-8.02
3176,300656,民德电子,25.86,1.13,0.29,52630.0,133962953.84,6.73,26.13,24.41,25.28,25.57,0.77,3.9,-42.21,5.66,4425294362.0,3489823602.0,0.04,0.15,-14.09,17.44
3177,002986,宇新股份,13.4,1.13,0.15,27648.0,37099675.8,2.57,13.5,13.16,13.24,13.25,0.61,0.92,-21.33,1.34,5093626653.0,4044621723.0,0.0,0.0,11.48,24.54
3178,605122,四方新材,11.67,1.13,0.13,27613.0,32152339.0,2.86,11.74,11.41,11.41,11.54,0.8,1.6,75.51,1.16,2011371180.0,2011371180.0,-0.26,-0.17,-13.1,-11.25
3179,603325,博隆技术,53.87,1.13,0.6,3868.0,20720194.0,2.48,54.15,52.83,53.0,53.27,1.07,1.13,22.05,1.56,4309815480.0,1841448984.0,0.04,0.02,-2.02,-29.83
3180,002872,ST天圣,5.38,1.13,0.06,19890.0,10608543.5,1.69,5.38,5.29,5.31,5.32,0.75,0.93,-35.39,0.89,1710840000.0,1156259561.0,0.19,0.19,-2.18,10.7
3181,300353,东土科技,18.86,1.13,0.21,146104.0,271939329.77,6.49,19.16,17.95,18.47,18.65,0.99,2.71,-73.28,5.26,11596879736.0,10185555118.0,-0.05,-0.37,-8.84,-7.37
3182,600319,亚星化学,6.33,1.12,0.07,87281.0,55170507.0,3.99,6.4,6.15,6.15,6.26,1.52,2.25,-11.55,7.27,2454200401.0,2454200401.0,0.0,-0.31,-15.15,-31.79
3183,920579,机科股份,14.4,1.12,0.16,4808.0,6915026.14,2.18,14.48,14.17,14.24,14.24,0.57,1.08,-34.78,4.11,1864512000.0,641871648.0,0.0,-0.21,-14.89,-44.85
3184,688190,云路股份,72.54,1.12,0.8,5846.0,42099162.0,2.41,72.8,71.07,71.11,71.74,0.65,0.49,35.15,3.33,8704800000.0,8704800000.0,0.0,0.3,-36.04,-24.67
3185,603181,皇马科技,12.67,1.12,0.14,33480.0,42269172.0,2.23,12.73,12.45,12.47,12.53,0.66,0.57,16.07,2.06,7458829000.0,7458829000.0,0.08,0.0,-9.56,-9.95
3186,600051,宁波联合,6.34,1.12,0.07,56600.0,35501954.0,3.03,6.35,6.16,6.23,6.27,1.17,1.82,53.76,0.58,1970979200.0,1970979200.0,0.32,0.32,-8.12,-15.24
3187,300416,苏试试验,14.5,1.12,0.16,104006.0,150064793.03,3.21,14.61,14.15,14.23,14.34,0.67,2.06,28.48,2.61,7373943187.0,7324313501.0,-0.34,-0.21,-21.88,-18.03
3188,600491,ST龙元,1.8,1.12,0.02,920231.0,164823237.0,6.18,1.85,1.74,1.75,1.78,0.68,6.02,-5.33,0.4,2753564319.0,2753564319.0,0.56,0.56,28.57,-31.82
3189,301069,凯盛新材,16.24,1.12,0.18,36069.0,57992780.81,3.3,16.28,15.75,15.94,16.06,0.59,0.85,39.05,3.18,7359549479.0,6930813479.0,0.06,0.06,-15.99,-41.48
3190,300275,梅安森,9.06,1.12,0.1,48413.0,43511152.62,2.68,9.1,8.86,8.92,8.96,0.84,1.78,53.51,2.91,2790525916.0,2459440764.0,0.0,0.0,-7.08,-31.78
3191,688016,心脉医疗,91.39,1.12,1.01,10031.0,91244909.0,2.15,91.74,89.8,90.4,90.38,0.62,0.81,18.19,2.75,11264924873.0,11264924873.0,-0.09,0.14,-8.17,0.78
3192,603020,爱普股份,9.97,1.12,0.11,36698.0,36377488.0,2.64,10.03,9.77,9.86,9.86,0.78,0.98,27.92,1.14,3745108607.0,3745108607.0,-0.1,-0.3,-1.29,-0.7
3193,002459,晶澳科技,7.23,1.12,0.08,226369.0,162282815.2,2.1,7.24,7.09,7.12,7.15,0.78,0.68,-5.61,1.15,23929259058.0,23907982137.0,0.0,0.14,-20.2,-36.86
3194,603444,吉比特,385.09,1.12,4.27,10317.0,395235797.0,2.41,386.48,377.3,379.65,380.82,0.55,1.43,12.71,4.58,27742307584.0,27742307584.0,-0.01,0.0,12.58,-7.63
3195,301397,溯联股份,25.43,1.11,0.28,42353.0,107676101.66,4.45,25.99,24.87,25.16,25.15,1.04,4.58,60.91,2.64,5141116779.0,2351228962.0,0.08,0.28,5.34,-3.78
3196,600845,宝信软件,17.34,1.11,0.19,73591.0,126993693.0,1.75,17.35,17.05,17.13,17.15,0.51,0.34,35.06,4.47,49556057736.0,37004499013.0,0.0,0.06,-15.25,-15.33
3197,920985,海泰新能,4.55,1.11,0.05,13951.0,6309581.13,1.56,4.55,4.48,4.52,4.5,0.52,0.64,-4.93,2.71,1408116710.0,997896258.0,0.0,0.22,-20.18,-36.72
3198,000883,湖北能源,4.54,1.11,0.05,218174.0,99043623.9,2.0,4.57,4.48,4.48,4.49,1.1,0.34,15.88,0.88,32140419840.0,29417317961.0,-0.22,-0.22,-13.85,3.42
3199,300516,久之洋,30.92,1.11,0.34,27371.0,84049098.6,3.6,31.15,30.05,30.77,30.58,0.58,1.09,-128.8,6.1,7791840000.0,7791840000.0,-0.06,-0.06,-8.49,-46.32
3200,000990,诚志股份,6.38,1.11,0.07,283631.0,180736521.04,3.01,6.45,6.26,6.28,6.31,0.63,1.67,18.72,0.6,10854501663.0,10854501663.0,-0.16,-0.16,-8.07,12.72
3201,002572,索菲亚,8.19,1.11,0.09,66754.0,54590222.0,1.73,8.23,8.09,8.1,8.1,0.58,1.02,-51.31,1.2,7887356273.0,5335487048.0,-0.24,-0.12,-13.06,-36.07
3202,603656,泰禾智能,17.35,1.11,0.19,10346.0,17874785.0,1.98,17.38,17.04,17.16,17.16,0.6,0.57,104.4,2.39,3174101961.0,3174101961.0,0.17,0.17,-3.98,-24.5
3203,601607,上海医药,16.37,1.11,0.18,102913.0,167744405.0,1.36,16.37,16.15,16.26,16.19,0.79,0.37,10.7,0.8,60705882813.0,45659326857.0,0.12,0.06,1.74,-5.87
3204,600425,青松建化,3.66,1.1,0.04,180388.0,65825967.0,1.93,3.67,3.6,3.6,3.62,1.24,1.12,23.63,0.91,5873215568.0,5873215568.0,0.0,0.27,-0.54,-9.85
3205,603269,海鸥股份,18.43,1.1,0.2,221740.0,403154332.0,6.2,18.65,17.52,18.0,18.23,1.06,5.13,88.83,8.15,7960755381.0,7960755381.0,0.11,-0.05,22.62,99.67
3206,600967,内蒙一机,11.02,1.1,0.12,155177.0,171398586.0,3.21,11.17,10.82,10.83,10.9,0.9,0.91,33.9,1.59,18753777230.0,18753777230.0,0.0,0.0,-12.89,-34.01
3207,603286,日盈电子,41.37,1.1,0.45,17437.0,71029200.0,4.69,41.62,39.7,40.52,40.92,0.5,1.49,-219.14,5.95,4881398169.0,4835500223.0,0.02,0.02,-26.09,-40.18
3208,688302,海创药业-U,35.04,1.1,0.38,12550.0,43349985.0,4.5,35.16,33.6,34.7,34.66,0.6,1.27,-29.03,3.36,3469506554.0,3469506554.0,-0.11,-0.14,-14.54,-28.74
3209,601858,中国科传,21.98,1.1,0.24,96151.0,208149974.0,4.74,22.21,21.18,21.25,21.74,1.07,1.22,115.81,3.18,17375190000.0,17375190000.0,-0.09,-0.09,-11.8,23.21
3210,600081,东风科技,10.14,1.1,0.11,28698.0,29035033.0,2.59,10.21,9.95,9.95,10.03,1.1,0.52,31.38,1.2,5607685364.0,5607685364.0,0.1,0.3,-7.06,-14.21
3211,920023,*ST田野,1.84,1.1,0.02,52281.0,9582088.62,2.2,1.85,1.81,1.81,1.82,0.8,1.94,314.79,0.5,602239360.0,494607695.0,0.55,1.1,-22.03,-61.02
3212,600027,华电国际,4.6,1.1,0.05,596224.0,273598443.0,1.98,4.62,4.53,4.53,4.55,1.02,0.65,7.47,1.1,53414161246.0,42392115704.0,-0.22,-0.22,-20.42,-4.56
3213,003030,祖名股份,22.04,1.1,0.24,23167.0,50665810.0,2.94,22.19,21.55,21.6,21.8,0.77,2.86,-205.55,2.79,2750151200.0,1784334707.0,0.36,0.32,-13.87,9.98
3214,002840,华统股份,8.26,1.1,0.09,171817.0,141294769.47,4.65,8.38,8.0,8.12,8.17,0.76,2.16,-6.89,1.84,6625894406.0,6580143637.0,0.0,0.0,-6.56,-14.14
3215,000581,威孚高科,17.49,1.1,0.19,51014.0,88768340.2,1.91,17.54,17.21,17.28,17.3,1.06,0.64,11.29,0.86,16909081771.0,13885403680.0,-0.11,-0.11,-5.71,-12.2
3216,603859,能科科技,37.61,1.1,0.41,36540.0,136067043.0,3.6,37.77,36.43,36.7,37.2,0.7,1.49,51.04,2.42,10019269737.0,9203080535.0,0.0,0.08,-14.15,-10.37
3217,920110,雷特科技,25.69,1.1,0.28,666.0,1707257.69,3.03,25.8,25.03,25.41,25.41,0.73,0.41,34.47,2.76,1001910000.0,417179910.0,0.0,0.2,-7.26,-27.12
3218,603159,上海亚虹,22.23,1.09,0.24,20829.0,45788851.0,5.64,22.46,21.22,21.75,21.99,0.79,1.49,-172.47,6.28,3112200000.0,3112200000.0,0.0,0.05,-16.21,-13.54
3219,603466,风语筑,11.14,1.09,0.12,361344.0,399870256.0,2.9,11.17,10.85,11.01,11.02,0.82,6.07,38.88,3.2,6626389401.0,6626389401.0,0.0,0.09,-2.28,19.27
3220,000034,神州数码,23.24,1.09,0.25,138359.0,319167170.36,3.22,23.34,22.6,22.68,22.99,0.41,1.63,25.03,2.11,23629029768.0,19734195825.0,-0.04,-0.04,-12.6,-16.22
3221,920665,科强股份,8.34,1.09,0.09,5221.0,4332172.1,2.3,8.36,8.17,8.2,8.25,0.51,0.81,38.5,1.5,1084116600.0,535270449.0,0.6,0.48,-34.74,-40.39
3222,600744,华银电力,6.47,1.09,0.07,586506.0,378045658.0,3.28,6.51,6.3,6.4,6.4,0.73,2.89,23.73,10.19,13141374053.0,13141374053.0,0.0,0.0,-25.03,10.03
3223,002179,中航光电,33.37,1.09,0.36,215202.0,712500378.03,4.7,33.92,32.37,32.87,33.01,1.01,1.03,43.99,2.98,70085218931.0,69957877242.0,0.03,-0.03,-6.89,-4.36
3224,301002,崧盛股份,27.88,1.09,0.3,48342.0,131536509.14,5.47,27.98,26.47,27.0,27.58,0.62,5.51,49.74,3.36,3762034583.0,2447735613.0,-0.14,0.14,-42.33,-23.43
3225,603139,康惠股份,34.29,1.09,0.37,14971.0,50824803.0,3.83,34.53,33.23,33.5,33.92,0.95,1.5,43.71,5.39,3650328234.0,3424885200.0,-0.03,-0.06,-9.76,67.51
3226,601518,吉林高速,2.79,1.09,0.03,166955.0,46454020.0,1.81,2.8,2.75,2.75,2.76,1.6,0.88,11.45,0.94,5274643342.0,5274643342.0,0.0,0.0,-7.0,3.72
3227,301589,诺瓦星云,140.66,1.09,1.51,8134.0,114103577.8,2.97,142.13,138.0,138.0,139.15,0.92,2.36,19.59,3.18,13003735680.0,4847841274.0,-0.1,-0.1,-10.75,-14.07
3228,601368,绿城水务,4.64,1.09,0.05,45411.0,21024863.0,2.18,4.66,4.56,4.56,4.59,1.13,0.51,40.52,0.85,4096995077.0,4096995077.0,0.0,-0.22,-2.32,-5.88
3229,300196,长海股份,16.7,1.09,0.18,111216.0,182304990.0,5.51,16.8,15.89,16.25,16.52,0.82,4.5,21.83,1.44,6829588714.0,4127657370.0,0.06,0.0,-36.79,17.52
3230,920091,大鹏工业,28.17,1.08,0.3,3352.0,9382465.26,4.2,28.5,27.33,27.33,27.87,0.4,2.31,-91.34,3.83,1731474684.0,408470634.0,-0.32,-0.6,-31.94,-64.65
3231,601689,拓普集团,46.8,1.08,0.5,139840.0,648883896.0,3.67,47.18,45.48,45.8,46.3,0.64,0.8,36.85,3.43,81330705144.0,81330705144.0,0.02,0.06,-23.5,-38.98
3232,300283,温州宏丰,13.12,1.08,0.14,237607.0,306466126.31,5.62,13.21,12.48,12.85,12.98,0.67,6.25,35.3,5.43,6520354273.0,4983874576.0,0.0,-0.15,-18.66,74.47
3233,002230,科大讯飞,39.35,1.08,0.42,215572.0,844042713.34,1.59,39.35,38.73,38.87,38.93,0.59,0.98,-231.85,4.14,94521841743.0,86175199089.0,0.03,0.05,-19.76,-21.6
3234,603551,奥普科技,9.33,1.08,0.1,49393.0,45604725.0,3.47,9.35,9.03,9.14,9.23,1.28,1.3,16.73,2.8,3589098455.0,3556851110.0,0.11,0.11,-13.37,-15.49
3235,600243,*ST海华,3.74,1.08,0.04,53622.0,19866583.0,2.43,3.75,3.66,3.71,3.7,0.95,1.22,-57.48,3.01,1641299000.0,1641299000.0,0.0,0.0,-3.61,-29.43
3236,688112,鼎阳科技,68.95,1.08,0.74,34814.0,236024007.0,6.92,69.85,65.13,68.16,68.21,0.53,2.18,59.94,6.93,11004205083.0,11004205083.0,0.16,0.17,7.75,87.42
3237,000037,深南电A,9.39,1.08,0.1,94581.0,88066429.52,2.58,9.4,9.16,9.28,9.29,0.69,2.79,142.69,3.37,5659940776.0,3182347529.0,0.11,0.11,-25.59,13.82
3238,603803,瑞斯康达,11.25,1.08,0.12,392790.0,437419735.0,3.86,11.3,10.87,10.87,11.13,1.34,9.24,174.65,3.11,4779940016.0,4779940016.0,-0.09,-0.18,-15.35,1.44
3239,920415,恒拓开源,8.52,1.07,0.09,9354.0,7965838.05,2.37,8.58,8.38,8.4,8.43,0.69,0.86,225.05,2.16,1197157869.0,922131042.0,0.0,0.0,-21.26,-39.4
3240,600143,金发科技,14.12,1.07,0.15,283358.0,403574833.0,2.15,14.39,14.09,14.39,13.97,0.45,1.08,27.55,1.92,37746972928.0,37203743515.0,0.07,0.14,-15.95,-26.99
3241,603183,建研院,4.71,1.07,0.05,112039.0,52397917.0,4.72,4.78,4.56,4.61,4.66,0.75,2.25,-190.86,1.47,2341591812.0,2341591812.0,0.0,0.0,11.08,9.28
3242,688665,四方光电,43.61,1.07,0.46,4607.0,19928568.0,3.87,44.02,42.35,42.98,43.15,0.74,0.46,27.41,3.63,4412997991.0,4412997991.0,0.02,0.07,-13.98,-9.84
3243,600918,中泰证券,5.65,1.07,0.06,515898.0,291877745.0,1.79,5.7,5.6,5.6,5.59,1.25,1.13,12.76,0.99,44738626627.0,25779955956.0,0.0,0.0,3.67,-12.4
3244,688602,康鹏科技,6.6,1.07,0.07,48892.0,32007929.0,3.52,6.65,6.42,6.54,6.53,0.89,0.94,-42.02,1.28,3427875000.0,3427875000.0,-0.3,-0.3,-5.17,-23.96
3245,300343,联创股份,5.69,1.07,0.06,148876.0,83864116.87,1.95,5.69,5.58,5.6,5.63,0.49,1.4,107.2,3.07,6079053062.0,6063509854.0,0.35,0.35,-18.48,-5.64
3246,600004,白云机场,7.53,1.07,0.08,95489.0,72034617.0,2.01,7.59,7.44,7.45,7.45,0.95,0.4,28.93,0.95,19406651823.0,17821388671.0,0.0,0.0,-6.11,-17.97
3247,300200,高盟新材,8.53,1.07,0.09,62568.0,52850382.0,3.55,8.56,8.26,8.37,8.44,0.77,1.47,35.14,2.26,3676201447.0,3628485386.0,0.12,0.0,-7.48,-26.27
3248,001393,维通利,41.6,1.07,0.44,16925.0,70014649.82,3.28,41.87,40.52,41.16,41.16,0.83,3.52,38.18,2.8,10372266694.0,1998471530.0,-0.1,-0.07,-39.32,36.93
3249,300170,汉得信息,15.18,1.07,0.16,275408.0,414110884.79,3.4,15.29,14.78,14.99,15.02,0.73,2.77,101.17,2.75,15793571213.0,15082140749.0,0.0,0.0,-24.85,-19.73
3250,300472,*ST新元,6.61,1.07,0.07,14200.0,9372216.4,3.36,6.69,6.47,6.47,6.54,0.55,0.58,-22.34,79.12,1819459485.0,1625698618.0,0.0,0.0,-22.6,-14.16
3251,601888,中国中免,52.61,1.06,0.55,192471.0,1010235050.0,1.79,52.86,51.93,51.93,52.06,1.04,0.99,17.59,1.9,109312881441.0,102719738370.0,0.02,0.02,-9.65,-44.1
3252,688669,聚石化学,76.5,1.06,0.8,31634.0,239340755.0,5.94,77.55,73.05,75.0,75.7,0.77,2.61,-44.28,8.92,9282000051.0,9282000051.0,0.04,-0.16,89.83,229.17
3253,301618,长联科技,32.39,1.06,0.34,13302.0,42752954.0,3.37,32.59,31.51,32.01,32.05,0.4,2.76,163.31,4.36,4090928388.0,1559624202.0,-0.09,-0.03,-18.58,-5.01
3254,601886,江河集团,13.37,1.06,0.14,296299.0,397352635.0,8.31,14.0,12.9,13.06,13.23,0.85,2.62,17.19,2.09,15148237542.0,15148237542.0,0.0,0.15,51.07,71.19
3255,300871,回盛生物,22.91,1.06,0.24,36282.0,82340778.08,3.31,23.03,22.28,22.46,22.67,0.49,1.8,11.23,2.0,4622879619.0,4622879619.0,-0.04,-0.13,8.73,11.59
3256,600269,赣粤高速,3.82,1.06,0.04,191651.0,73149407.0,1.85,3.85,3.78,3.79,3.78,1.15,0.82,21.48,0.46,8921254793.0,8921254793.0,0.26,0.0,-10.12,-23.9
3257,605178,时空科技,66.04,1.06,0.69,26657.0,173089921.0,4.5,66.17,63.23,64.88,65.35,0.66,2.69,-240.72,5.93,6543243200.0,6543243200.0,0.06,-0.06,3.41,27.51
3258,603885,吉祥航空,10.53,1.06,0.11,68878.0,72208961.0,1.54,10.55,10.39,10.44,10.42,0.85,0.32,12.96,2.3,22839625472.0,22839625472.0,0.1,0.1,-10.23,-28.32
3259,002111,威海广泰,9.54,1.06,0.1,64232.0,60862885.0,2.12,9.55,9.35,9.35,9.44,0.98,1.31,16.43,1.71,5075385436.0,4662690235.0,0.0,0.1,-5.54,-7.2
3260,920027,交大铁发,11.55,1.05,0.12,6303.0,7240573.84,2.27,11.57,11.31,11.4,11.43,0.51,0.87,39.67,2.58,1189240553.0,832165084.0,-0.09,-0.09,-7.75,-29.27
3261,920011,晨光电机,18.32,1.05,0.19,4984.0,9075438.0,2.43,18.34,17.9,18.1,18.13,0.37,2.68,23.83,1.78,1514453339.0,340752018.0,0.11,0.0,-26.6,18.19
3262,600649,城投控股,3.85,1.05,0.04,304352.0,117286617.0,2.62,3.89,3.79,3.8,3.81,0.49,1.22,330.06,0.46,9593432957.0,9593432957.0,-0.26,-0.26,-2.28,-12.7
3263,300718,长盛轴承,55.9,1.05,0.58,54793.0,305560093.26,2.06,56.2,55.06,55.07,55.32,0.41,2.79,68.4,9.68,16701747777.0,10993142455.0,-0.04,-0.07,-22.33,-34.31
3264,603806,福斯特,15.37,1.05,0.16,219203.0,334489816.0,3.29,15.43,14.93,15.15,15.21,0.77,0.84,23.8,2.46,40096421440.0,40096421440.0,0.07,0.13,-11.87,11.3
3265,002255,海陆重工,7.7,1.05,0.08,87990.0,67205920.91,2.23,7.72,7.55,7.56,7.62,0.63,1.38,19.86,1.38,6397784124.0,4912174521.0,0.0,0.0,-21.67,-38.79
3266,600746,江苏索普,6.74,1.05,0.07,149097.0,100192558.0,2.7,6.81,6.63,6.69,6.67,1.29,1.28,57.71,1.46,7871261038.0,7871261038.0,0.15,0.3,2.12,-1.46
3267,920419,路斯股份,10.54,1.05,0.11,6774.0,7085965.4,2.78,10.56,10.27,10.37,10.43,0.42,0.7,26.27,1.78,1088849456.0,1019126028.0,0.48,0.48,-9.06,-33.46
3268,003006,百亚股份,13.49,1.05,0.14,94631.0,127674101.19,3.0,13.64,13.24,13.3,13.35,1.26,2.21,16.19,4.03,5795948687.0,5781449298.0,0.07,0.07,-21.43,-37.08
3269,300853,申昊科技,26.98,1.05,0.28,34025.0,89852964.0,5.21,27.1,25.71,26.84,26.7,0.57,3.46,-33.07,8.17,3964686718.0,2652513797.0,0.0,0.04,-29.19,30.21
3270,002521,齐峰新材,6.76,1.05,0.07,38296.0,25847975.0,2.09,6.81,6.67,6.68,6.69,0.97,0.91,23.8,0.98,3786012698.0,2833613468.0,-0.29,-0.15,-11.63,-17.06
3271,600446,金证股份,10.73,1.04,0.11,131269.0,140507035.0,1.6,10.77,10.6,10.66,10.62,0.97,1.39,400.88,2.82,10099800050.0,10099800050.0,0.0,0.09,-20.04,-32.6
3272,688667,菱电电控,86.39,1.04,0.89,4287.0,36674460.0,4.82,86.99,82.87,83.25,85.5,0.45,0.81,35.18,2.51,4552360530.0,4552360530.0,0.0,-0.28,-24.81,24.09
3273,688221,前沿生物-U,19.36,1.04,0.2,124973.0,237121654.0,5.53,19.51,18.45,18.96,19.16,0.61,3.34,7.97,6.54,7251842722.0,7251842722.0,0.0,0.0,-0.82,7.26
3274,600032,浙江新能,6.83,1.04,0.07,119375.0,81220830.0,2.07,6.84,6.7,6.76,6.76,0.76,0.5,144.59,1.28,16423932463.0,16423932463.0,0.0,0.15,-35.81,-7.45
3275,300986,志特新材,11.62,1.04,0.12,185654.0,212971978.83,4.09,11.67,11.2,11.38,11.5,0.56,3.23,43.44,3.06,6689899412.0,6685183226.0,0.0,0.0,-17.3,46.53
3276,600780,通宝能源,5.85,1.04,0.06,62951.0,36689320.0,1.73,5.86,5.76,5.78,5.79,0.99,0.55,9.74,0.8,6707039760.0,6707039760.0,0.0,0.17,-23.83,6.36
3277,002392,北京利尔,7.75,1.04,0.08,118298.0,91133689.0,3.78,7.79,7.5,7.62,7.67,0.87,1.02,17.69,1.56,9226304002.0,8970985925.0,0.13,0.26,-3.37,4.03
3278,600815,厦工股份,3.9,1.04,0.04,416712.0,161537986.0,3.11,3.92,3.8,3.86,3.86,0.62,2.35,-236.37,4.76,6918968472.0,6918968472.0,0.26,0.52,14.71,13.04
3279,001336,楚环科技,18.72,1.03,0.19,12247.0,22902091.9,3.83,18.92,18.21,18.45,18.53,0.88,1.9,46.17,2.42,1955969496.0,1203670971.0,-0.85,-0.69,-10.52,0.0
3280,600600,青岛啤酒,51.24,1.03,0.52,29976.0,153074171.0,0.97,51.26,50.77,50.77,50.72,0.68,0.42,9.71,2.39,69901358000.0,36335613319.0,0.0,0.08,-13.33,-12.93
3281,000826,*ST启环,1.97,1.03,0.02,239914.0,47854370.89,3.59,2.04,1.97,2.01,1.95,0.91,1.68,-3.87,-1.12,2807945899.0,2807555612.0,0.0,-0.51,-13.6,-11.26
3282,603607,京华激光,21.65,1.03,0.22,28220.0,60232389.0,3.13,21.65,20.98,21.26,21.43,0.72,1.58,39.81,3.86,3864888720.0,3864888720.0,0.23,0.37,-0.37,-19.22
3283,300360,炬华科技,11.73,1.03,0.12,38847.0,45410250.9,1.89,11.78,11.56,11.56,11.61,0.97,0.78,15.83,1.47,6031414988.0,5868244952.0,-0.09,0.0,-19.99,-31.36
3284,300492,华图山鼎,23.43,1.03,0.24,26942.0,62479236.9,5.05,23.77,22.6,23.19,23.19,0.83,0.98,13.29,27.35,6450418666.0,6450418666.0,0.04,-0.09,-25.0,-55.8
3285,600283,钱江水利,7.87,1.03,0.08,18799.0,14714630.0,2.05,7.89,7.73,7.76,7.79,1.02,0.34,29.18,1.45,4413691947.0,4413691947.0,0.0,0.0,-9.33,-11.57
3286,002246,北化股份,19.65,1.03,0.2,81666.0,159158867.93,2.88,19.76,19.2,19.32,19.45,0.59,1.49,23.94,3.31,10788533702.0,10788533702.0,0.0,0.0,-5.21,9.41
3287,601333,广深铁路,2.95,1.03,0.03,596203.0,175182268.0,1.71,2.96,2.91,2.91,2.92,1.07,1.05,9.01,0.74,20896434150.0,16674099150.0,0.0,0.0,-1.67,0.0
3288,688101,三达膜,14.66,1.03,0.15,24257.0,35228158.0,2.69,14.69,14.3,14.38,14.51,0.63,0.73,13.24,1.08,4867296888.0,4867296888.0,0.14,0.07,-17.27,-8.89
3289,301548,崇德科技,61.32,1.02,0.62,11960.0,72237740.67,5.3,61.74,58.52,60.32,60.7,0.92,4.56,34.12,3.45,5334840000.0,1608729096.0,0.23,0.08,-19.84,11.67
3290,300955,嘉亨家化,29.79,1.02,0.3,11864.0,35107819.0,3.76,30.05,28.94,29.62,29.49,0.76,1.18,-164.78,3.49,3002832000.0,3002832000.0,0.44,0.47,-29.91,-28.23
3291,600551,时代出版,6.9,1.02,0.07,35880.0,24725026.0,1.9,6.93,6.8,6.84,6.83,1.06,0.53,23.11,0.8,4678581149.0,4678581149.0,0.0,0.0,-5.99,-12.88
3292,002309,中利集团,2.96,1.02,0.03,755739.0,222450986.0,3.07,2.98,2.89,2.9,2.93,0.66,3.14,38.73,4.49,8902689540.0,7122151632.0,0.0,-0.34,-18.01,-12.68
3293,603499,翔港科技,11.84,1.02,0.12,34492.0,40546571.0,4.27,11.97,11.47,11.64,11.72,0.77,0.81,30.37,5.26,5015804609.0,5015804609.0,0.0,0.17,-9.69,-18.57
3294,300560,中富通,17.83,1.02,0.18,104401.0,182964735.0,5.67,18.01,17.01,17.63,17.65,0.77,5.58,126.69,4.61,4096328780.0,3333582117.0,0.56,0.45,-6.84,10.33
3295,002668,TCL智家,9.9,1.02,0.1,183739.0,180644780.8,3.47,9.96,9.62,9.7,9.8,0.42,1.69,10.49,2.8,10732703137.0,10732703137.0,-0.1,0.1,3.66,-2.75
3296,002157,正邦科技,2.96,1.02,0.03,964125.0,284098901.8,1.71,2.97,2.92,2.93,2.93,0.71,1.24,-18.59,2.7,27380481263.0,23052169236.0,-0.34,0.0,-5.13,-8.64
3297,300092,科新机电,11.97,1.01,0.12,50893.0,60624972.11,2.95,12.02,11.67,11.84,11.85,1.24,2.43,39.58,1.99,3278861554.0,2512009309.0,0.08,-0.08,-15.05,-23.71
3298,920189,康美特,21.08,1.01,0.21,38652.0,79932850.58,5.08,21.14,20.08,20.49,20.87,0.67,4.55,30.15,3.82,2980922800.0,1789004792.0,-0.24,-0.09,158.97,158.97
3299,600877,电科芯片,12.03,1.01,0.12,113522.0,134655538.0,4.11,12.1,11.61,11.79,11.91,0.84,0.96,-565.9,5.72,14244235689.0,14244235689.0,0.0,0.08,-15.28,-31.45
3300,601200,上海环境,7.0,1.01,0.07,63377.0,44321434.0,1.73,7.02,6.9,6.92,6.93,1.0,0.47,15.0,0.81,9423611757.0,9423611757.0,-0.14,-0.14,-9.21,-11.62
3301,002992,宝明科技,34.14,1.01,0.34,8281.0,28052877.8,3.46,34.33,33.16,33.5,33.8,0.64,0.53,-110.02,8.39,6174855199.0,5333866382.0,-0.03,-0.06,-18.77,-28.29
3302,600196,复星医药,23.02,1.01,0.23,230533.0,526735205.0,2.37,23.05,22.51,22.72,22.79,0.48,1.09,17.65,1.28,61473283062.0,48767612752.0,-0.04,-0.04,1.86,-11.8
3303,000538,云南白药,50.0,1.01,0.5,67370.0,335744057.58,1.09,50.03,49.49,49.5,49.5,0.84,0.38,10.95,2.27,89213130150.0,88646668500.0,0.0,0.02,0.36,-9.39
3304,000425,徐工机械,8.02,1.01,0.08,526675.0,421303199.11,1.39,8.03,7.92,7.93,7.94,0.58,0.59,11.42,1.56,93923907801.0,72184453971.0,0.0,0.25,-16.55,-29.53
3305,600329,达仁堂,36.08,1.01,0.36,18419.0,66387242.0,1.76,36.23,35.6,35.6,35.72,0.67,0.32,21.55,4.68,27785004364.0,20460583964.0,0.0,0.06,-4.42,-11.63
3306,688459,哈铁科技,8.01,1.01,0.08,9506.0,7605499.0,1.89,8.04,7.89,7.94,7.93,1.01,0.2,-588.3,1.13,3844800000.0,3844800000.0,0.0,-0.37,-5.43,-15.95
3307,301186,超达装备,33.9,1.01,0.34,13288.0,44347751.3,4.23,33.97,32.55,33.56,33.56,1.1,1.23,60.95,2.4,3889804786.0,3657236853.0,0.09,0.09,-26.61,-1.25
3308,600959,江苏有线,3.04,1.0,0.03,205232.0,62210541.0,2.33,3.05,2.98,2.99,3.01,1.06,0.41,73.09,0.67,15202181765.0,15202181765.0,0.0,0.33,-14.61,-11.11
3309,920932,科达自控,11.11,1.0,0.11,7878.0,8749381.83,2.36,11.21,10.95,11.18,11.0,0.3,0.9,-14.71,2.06,1170442389.0,967259098.0,0.09,0.0,-27.34,-48.42
3310,001269,欧晶科技,19.15,1.0,0.19,11750.0,22318168.0,2.64,19.23,18.73,18.92,18.96,0.69,0.61,-84.73,5.47,3684696809.0,3684696809.0,-0.05,-0.05,-26.57,-20.47
3311,688526,科前生物,13.1,1.0,0.13,11902.0,15617282.0,2.0,13.17,12.91,13.04,12.97,0.5,0.26,19.27,1.52,6106277534.0,6106277534.0,-0.15,0.15,-1.28,-10.4
3312,603825,ST华扬,8.11,1.0,0.08,12112.0,9808336.0,1.99,8.17,8.01,8.03,8.03,0.73,0.48,-21.55,65.96,2054559437.0,2054559437.0,0.25,0.12,-3.68,-10.49
3313,300627,华测导航,27.25,1.0,0.27,48835.0,132752920.2,1.67,27.36,26.91,27.0,26.98,0.59,0.74,32.47,4.93,21635700540.0,17906843076.0,-0.04,-0.04,-2.33,-20.92
3314,002485,ST雪发,6.05,1.0,0.06,18814.0,11348012.0,3.01,6.12,5.94,6.02,5.99,0.74,0.35,-52.47,3.24,3291200000.0,3291200000.0,0.0,0.33,27.37,44.05
3315,600861,北京人力,13.07,1.0,0.13,17522.0,22889830.0,2.09,13.15,12.88,12.9,12.94,0.69,0.31,7.04,1.06,7399093224.0,7399093224.0,0.0,0.15,-3.47,-24.49
3316,601619,嘉泽新能,4.05,1.0,0.04,214370.0,86646512.0,1.75,4.06,3.99,4.0,4.01,0.52,0.85,25.71,1.48,12195912857.0,10259657879.0,0.0,0.25,-28.7,-8.37
3317,601975,招商南油,4.04,1.0,0.04,1897835.0,760127700.0,3.25,4.07,3.94,4.0,4.0,0.87,4.05,10.95,1.59,18908592499.0,18908592499.0,0.0,0.5,-18.38,35.12
3318,301098,金埔园林,9.06,1.0,0.09,99410.0,88847159.67,5.57,9.22,8.72,8.89,8.97,1.05,5.15,-31.78,1.48,2096952592.0,1748459692.0,-0.88,-0.77,-6.4,5.59
3319,600398,海澜之家,6.04,1.0,0.06,249807.0,150305719.0,1.34,6.06,5.98,5.99,5.98,0.95,0.52,7.64,1.68,29008732588.0,29008732588.0,0.17,0.0,2.9,7.09
3320,688343,云天励飞-U,55.6,1.0,0.55,56141.0,310233839.0,3.96,56.28,54.1,54.77,55.05,0.7,1.56,-37.3,5.37,19993947928.0,19993947928.0,0.0,-0.16,-15.71,-26.92
3321,300855,图南股份,34.34,1.0,0.34,66929.0,226849586.06,3.24,34.47,33.37,33.83,34.0,0.49,2.28,27.27,6.18,13582551710.0,10060113779.0,-0.09,-0.03,-4.66,6.81
3322,600211,西藏药业,38.54,1.0,0.38,48217.0,184584936.0,2.41,38.58,37.66,37.85,38.16,0.53,1.5,10.22,3.17,12422181814.0,12422181814.0,-0.03,0.03,0.36,-7.53
3323,300138,晨光生物,11.07,1.0,0.11,61006.0,66495663.0,3.92,11.11,10.68,10.9,10.96,0.92,1.53,14.98,1.57,5347918030.0,4409328142.0,0.0,-0.09,4.24,-8.59
3324,300715,凯伦股份,14.2,1.0,0.14,83105.0,117768484.0,5.76,14.54,13.73,13.9,14.06,0.92,2.66,92.6,3.06,5368387106.0,4444012944.0,0.0,-0.77,-34.74,36.02
3325,301668,昊创瑞通,34.32,1.0,0.34,9344.0,31605043.67,3.53,34.4,33.2,33.67,33.98,0.42,3.84,117.56,3.73,3775200000.0,834956625.0,0.0,-0.12,-14.44,-27.76
3326,000898,鞍钢股份,2.02,1.0,0.02,295533.0,59628435.34,2.0,2.03,1.99,1.99,2.0,1.04,0.37,-3.25,0.45,18925826941.0,16074099516.0,0.0,0.0,-2.88,-20.16
3327,002226,江南化工,5.1,0.99,0.05,211283.0,105760261.4,5.15,5.14,4.88,5.0,5.05,1.31,0.8,26.55,1.41,13509506561.0,13509482769.0,0.0,-0.39,0.39,-10.84
3328,002254,泰和新材,12.25,0.99,0.12,134038.0,163629816.44,2.8,12.35,12.01,12.12,12.13,0.77,1.58,94.39,1.47,10431220242.0,10419518123.0,-0.08,-0.08,-9.53,22.5
3329,002452,长高电气,11.27,0.99,0.11,70775.0,79149130.68,2.6,11.32,11.03,11.09,11.16,0.78,1.37,30.87,2.57,6991142598.0,5836509843.0,-0.09,0.09,-4.89,38.45
3330,002932,*ST明德,15.33,0.99,0.15,5464.0,8317162.04,1.52,15.33,15.1,15.1,15.18,0.58,0.35,-2361.24,0.64,3564546271.0,2392936273.0,0.52,0.2,-4.72,-20.07
3331,001389,广合科技,151.08,0.99,1.48,53443.0,801389441.44,6.26,154.68,145.31,149.29,149.6,0.72,3.51,37.37,9.01,71416900497.0,23018079546.0,-0.01,-0.02,-16.83,86.56
3332,301160,翔楼新材,45.7,0.99,0.45,30251.0,136617091.51,4.73,45.98,43.84,45.7,45.25,0.59,2.73,39.92,4.11,7618963016.0,5062517720.0,-0.04,-0.04,25.07,-6.92
3333,002374,中锐股份,3.07,0.99,0.03,135625.0,41690980.0,2.63,3.1,3.02,3.04,3.04,0.98,1.25,-6.89,6.23,3331592499.0,3331592499.0,0.0,0.0,-10.76,-14.72
3334,300229,拓尔思,13.27,0.99,0.13,152947.0,201512688.34,3.35,13.37,12.93,13.09,13.14,0.75,1.75,-37.44,3.08,11592949768.0,11585111192.0,0.08,0.0,-23.6,-33.32
3335,301696,三瑞智能,96.63,0.99,0.95,13605.0,130479861.76,3.47,97.43,94.11,96.0,95.68,0.46,4.52,72.89,19.61,38652966300.0,2906954497.0,0.06,0.08,-20.23,305.84
3336,688266,泽璟制药-U,119.0,0.99,1.17,46477.0,550476617.0,5.12,120.84,114.81,116.56,117.83,0.51,1.76,24.61,18.31,31500274134.0,31500274134.0,-0.08,-0.08,19.45,28.37
3337,600048,保利发展,5.11,0.99,0.05,926043.0,472892570.0,2.17,5.15,5.04,5.05,5.06,0.69,0.77,15.87,0.31,61168965866.0,61168965866.0,0.0,0.0,-10.51,-15.82
3338,600570,恒生电子,21.35,0.99,0.21,162553.0,345496080.0,2.08,21.43,20.99,21.06,21.14,0.81,0.86,72.84,4.21,40429383562.0,40429383562.0,0.0,0.05,-12.68,-28.71
3339,688795,摩尔线程-U,532.88,0.99,5.22,6875.0,363404769.0,3.36,533.98,516.23,523.5,527.66,0.64,2.27,-10830.52,20.57,250468636275.0,16106559111.0,0.0,0.22,-11.19,-9.36
3340,688525,佰维存储,227.82,0.99,2.23,150876.0,3399192218.0,4.95,230.26,219.09,220.0,225.59,0.64,3.2,7.5,8.46,107432315570.0,107432315570.0,-0.03,0.05,-25.25,98.83
3341,002533,金杯电工,11.26,0.99,0.11,34744.0,39020073.0,1.97,11.29,11.07,11.13,11.15,0.71,0.54,13.04,1.85,8264176358.0,7275581249.0,0.0,0.18,-11.62,-6.4
3342,301325,曼恩斯特,30.67,0.99,0.3,14893.0,44966117.24,3.85,30.78,29.61,30.07,30.37,0.85,1.04,-26.94,1.67,4413187882.0,4413187882.0,-0.13,-0.23,-34.49,-39.33
3343,688577,浙海德曼,42.28,0.98,0.41,8372.0,35205722.0,3.2,42.6,41.26,41.87,41.87,0.71,0.54,99.41,6.65,6586869694.0,6586869694.0,-0.35,-0.07,-16.76,-38.64
3344,600764,中国海防,17.6,0.98,0.17,36648.0,64324316.0,1.72,17.67,17.37,17.41,17.43,0.82,0.52,120.82,1.52,12507077194.0,12507077194.0,0.0,0.0,-16.59,-35.46
3345,601228,广州港,3.08,0.98,0.03,220551.0,68089865.0,1.97,3.11,3.05,3.05,3.05,1.05,0.29,20.9,1.08,23237156561.0,23237156561.0,0.0,-0.32,-1.28,-4.05
3346,002890,弘宇股份,14.47,0.98,0.14,16325.0,23369861.5,3.49,14.51,14.01,14.03,14.33,1.03,1.01,138.35,4.07,2458093565.0,2336567994.0,0.49,0.35,-7.24,-0.69
3347,603210,泰鸿万立,13.37,0.98,0.13,18179.0,24243016.0,1.81,13.42,13.18,13.24,13.24,0.68,0.78,20.27,2.4,4551148000.0,3110898175.0,0.22,0.07,-5.31,-30.87
3348,603172,万丰股份,17.54,0.98,0.17,9809.0,17112093.0,2.71,17.6,17.13,17.3,17.37,0.77,0.74,41.92,2.12,2339485200.0,2339485200.0,0.23,0.17,-14.61,-1.07
3349,920112,巴兰仕,15.49,0.98,0.15,1964.0,3024992.37,1.96,15.52,15.22,15.37,15.34,0.8,0.56,16.66,2.01,1840057100.0,539822705.0,0.06,0.26,-24.7,-42.42
3350,920093,信胜科技,19.58,0.98,0.19,70789.0,138062928.39,5.72,19.99,18.88,19.35,19.39,0.39,28.09,11.25,2.28,2760780000.0,493416000.0,0.2,0.56,36.45,36.45
3351,301226,祥明智能,28.74,0.98,0.28,10418.0,29591767.84,4.5,28.93,27.65,28.31,28.46,0.67,0.96,810.56,3.46,3126912000.0,3126912000.0,0.07,0.07,-20.96,-15.4
3352,300081,ST恒信,3.08,0.98,0.03,71174.0,21831749.0,2.62,3.1,3.02,3.05,3.05,0.49,1.18,-10.9,2.36,1862769884.0,1862418533.0,0.33,0.98,-27.53,-40.66
3353,001231,农心科技,20.91,0.97,0.2,14320.0,29884319.0,2.66,21.12,20.57,20.6,20.71,0.86,2.81,26.96,2.07,2084301168.0,1065634971.0,0.05,0.29,-5.08,-15.65
3354,600720,中交设计,5.19,0.97,0.05,51746.0,26843648.0,2.14,5.22,5.11,5.11,5.14,0.5,0.51,41.67,0.76,11908950982.0,5236968311.0,0.0,0.0,-14.78,-26.8
3355,603309,维力医疗,11.41,0.97,0.11,42185.0,47936540.0,2.39,11.45,11.18,11.3,11.3,0.74,1.45,16.32,1.87,3330252879.0,3330252879.0,-0.17,-0.17,-9.37,-12.83
3356,603173,福斯达,31.19,0.97,0.3,5155.0,15997541.0,2.46,31.35,30.59,30.99,30.89,0.56,0.32,13.49,2.56,4990400000.0,4990400000.0,0.0,0.0,-9.33,-25.76
3357,603014,威高血净,32.25,0.97,0.31,7449.0,23950994.0,1.53,32.28,31.79,31.8,31.94,0.54,0.73,28.47,1.9,13472568629.0,3272887445.0,0.0,0.0,-4.73,-17.88
3358,002304,洋河股份,39.43,0.97,0.38,34325.0,134649610.15,1.2,39.44,38.97,38.97,39.05,0.82,0.23,6.07,1.26,59399129268.0,59397727531.0,-0.03,0.15,-10.63,-33.47
3359,920098,科隆新材,16.64,0.97,0.16,3971.0,6578792.72,2.73,16.8,16.35,16.36,16.48,0.55,0.72,41.14,1.46,1353170940.0,921451049.0,0.0,0.0,-24.19,-45.6
3360,600391,航发科技,31.2,0.97,0.3,56689.0,175722486.0,3.85,31.49,30.3,31.33,30.9,0.65,1.72,-226.92,5.8,10300036250.0,10300036250.0,0.0,-0.06,-10.65,-15.9
3361,920906,舜宇精工,15.61,0.97,0.15,3255.0,5077668.6,2.26,15.72,15.37,15.37,15.46,0.52,0.98,588.45,1.78,1014181700.0,520682836.0,0.0,-0.13,-24.55,-46.38
3362,920118,太湖远大,20.76,0.97,0.2,7487.0,15493701.75,2.63,20.93,20.39,20.58,20.56,0.91,2.39,11.96,1.8,1073520360.0,650599716.0,0.0,0.53,4.06,-6.53
3363,688207,格灵深瞳,17.89,0.96,0.17,81416.0,143802341.0,5.02,18.07,17.18,17.58,17.72,0.74,3.14,-24.38,1.88,4633029600.0,4633029600.0,0.0,-0.06,13.23,17.7
3364,603489,八方股份,28.28,0.96,0.27,20840.0,58345384.0,2.86,28.35,27.55,27.99,28.01,1.12,0.89,37.07,2.43,6634996446.0,6634996446.0,-0.04,0.07,-17.89,-7.07
3365,601566,九牧王,8.4,0.96,0.08,43269.0,36272699.0,2.52,8.45,8.24,8.25,8.32,0.69,0.75,60.6,1.29,4826952060.0,4826952060.0,0.12,0.12,-31.37,-33.39
3366,603279,景津装备,12.62,0.96,0.12,47456.0,59833784.0,2.4,12.68,12.38,12.51,12.5,0.9,0.82,14.73,1.63,7273827260.0,7273827260.0,0.0,0.0,-15.87,-23.84
3367,920185,贝特瑞,21.12,0.96,0.2,37214.0,77777682.31,2.01,21.12,20.7,20.72,20.92,0.96,0.33,37.37,1.92,24038581206.0,23642989223.0,0.09,0.14,-22.41,-34.12
3368,002915,中欣氟材,16.76,0.96,0.16,46913.0,78392246.0,2.71,16.85,16.4,16.6,16.6,0.72,1.61,634.92,3.74,5619181011.0,4880333690.0,0.06,0.0,-12.89,-31.59
3369,300770,新媒股份,33.61,0.96,0.32,9556.0,32114405.82,1.32,33.74,33.3,33.45,33.29,0.57,0.42,13.37,2.15,7657655044.0,7657655044.0,0.0,0.0,-6.2,-19.42
3370,603719,良品铺子,9.42,0.96,0.09,48777.0,45826241.0,2.89,9.5,9.23,9.29,9.33,1.17,1.23,115.75,1.96,3749003628.0,3749003628.0,0.11,0.0,-10.11,-17.8
3371,603072,天和磁材,31.56,0.96,0.3,15929.0,50064839.0,2.18,31.8,31.12,31.26,31.26,0.89,1.26,43.56,3.85,8340676800.0,3983818800.0,0.16,0.0,-11.89,-21.96
3372,300460,ST惠伦,8.46,0.95,0.08,15622.0,13118919.0,2.39,8.48,8.28,8.36,8.38,0.49,0.56,-31.26,5.53,2375603963.0,2375603963.0,-0.12,0.0,-12.24,10.3
3373,002294,信立泰,31.92,0.95,0.3,145667.0,463335601.85,2.85,32.11,31.21,31.48,31.62,0.55,1.31,45.96,4.15,35584943797.0,35576938293.0,-0.06,-0.06,-2.68,-34.86
3374,001400,江顺科技,81.92,0.95,0.77,47969.0,392102097.31,7.3,84.5,78.58,78.61,81.15,0.99,14.89,62.06,5.4,6881280000.0,2638970880.0,0.02,0.05,-22.8,48.24
3375,002865,钧达股份,40.18,0.95,0.38,73568.0,291403649.68,4.95,40.4,38.43,39.39,39.8,0.64,3.22,-24.71,3.31,12506669969.0,9194045941.0,-0.02,0.07,-46.48,-26.42
3376,002078,太阳纸业,13.88,0.95,0.13,100125.0,138670861.81,2.04,13.94,13.66,13.66,13.75,0.73,0.36,10.93,1.28,39616089452.0,38538898309.0,0.0,-0.07,0.95,-10.74
3377,688232,新点软件,18.08,0.95,0.17,14828.0,26724920.0,2.74,18.24,17.75,17.88,17.91,0.76,0.46,-60.56,1.09,5821434108.0,5821434108.0,0.06,-0.06,-12.7,-26.86
3378,920028,新恒泰,13.78,0.95,0.13,5989.0,8184213.53,1.98,13.8,13.53,13.62,13.65,0.42,0.92,25.63,2.0,2264880800.0,895143288.0,0.29,0.44,-22.06,46.6
3379,688551,科威尔,38.41,0.95,0.36,31735.0,119682828.0,7.23,38.85,36.1,37.21,38.05,0.93,2.91,138.9,3.19,4186482932.0,4186482932.0,-0.03,-0.08,-25.01,36.3
3380,603813,原尚股份,28.75,0.95,0.27,6901.0,19671283.0,16.33,30.5,25.85,25.85,28.48,0.69,0.66,-37.93,6.09,3019181250.0,3019181250.0,-0.35,-0.35,-17.86,-24.64
3381,600079,ST人福,18.02,0.95,0.17,54203.0,97233513.0,1.18,18.02,17.81,17.85,17.85,0.63,0.35,12.5,1.58,29412711889.0,27808081435.0,0.06,0.11,4.22,2.21
3382,002048,宁波华翔,19.14,0.95,0.18,110809.0,210012265.1,3.64,19.24,18.55,18.88,18.96,0.63,1.56,14.24,1.32,15545533303.0,13554380346.0,-0.05,0.05,-25.12,-38.65
3383,300634,彩讯股份,19.11,0.95,0.18,64514.0,122729299.45,2.96,19.25,18.69,18.77,18.93,0.54,1.49,85.16,2.89,8622640299.0,8298966585.0,-0.05,-0.26,-27.09,-23.83
3384,688209,英集芯,22.51,0.94,0.21,86813.0,190830190.0,6.55,22.66,21.2,21.95,22.3,0.85,2.0,54.09,4.42,9764478943.0,9764478943.0,-0.04,-0.13,-2.47,13.23
3385,001221,悍高集团,38.47,0.94,0.36,18687.0,70895467.09,3.38,38.5,37.21,37.8,38.11,0.43,2.43,26.32,5.21,15388384700.0,2957171742.0,0.0,0.16,-22.69,-33.37
3386,000722,湖南发展,12.93,0.94,0.12,84537.0,108535433.68,2.81,12.96,12.6,12.83,12.81,1.05,1.82,158.04,1.74,8272476244.0,6001566586.0,0.0,0.15,-20.48,10.04
3387,600621,华鑫股份,12.82,0.94,0.12,43864.0,55995233.0,1.42,12.85,12.67,12.7,12.7,0.64,0.41,21.9,1.48,13600728923.0,13600728923.0,-0.08,-0.08,-1.91,-15.1
3388,603987,康德莱,7.53,0.94,0.07,54541.0,40915635.0,2.41,7.56,7.38,7.38,7.46,1.04,1.25,15.21,1.19,3289035326.0,3289035326.0,-0.26,-0.26,0.0,-10.68
3389,300836,佰奥智能,49.63,0.94,0.46,18178.0,89267765.0,5.47,50.2,47.51,48.74,49.17,0.67,2.86,162.97,7.39,4599986824.0,3149026577.0,0.0,-0.16,-28.77,-9.27
3390,920101,志高机械,16.1,0.94,0.15,1664.0,2666105.83,1.44,16.13,15.9,15.96,15.95,0.36,0.16,22.34,1.9,2009399832.0,1644418838.0,0.44,0.06,-24.8,-43.23
3391,001256,炜冈科技,22.61,0.94,0.21,35157.0,79317577.0,4.02,22.87,21.97,22.23,22.4,0.83,3.29,21.44,2.54,3224469936.0,2417292936.0,0.22,0.22,-0.09,2.59
3392,301566,达利凯普,24.81,0.94,0.23,137848.0,336432450.88,6.55,25.1,23.49,24.19,24.58,0.67,6.53,45.99,6.57,9924248100.0,5237062863.0,0.04,-0.08,-20.17,27.89
3393,688566,吉贝尔,25.65,0.94,0.24,12945.0,32904413.0,3.27,25.7,24.87,25.36,25.41,0.46,0.64,30.71,2.11,5158256681.0,5158256681.0,0.27,0.23,2.35,-13.32
3394,002461,珠江啤酒,8.65,0.93,0.08,41888.0,36221171.0,1.63,8.69,8.55,8.58,8.57,0.89,0.19,26.72,1.77,19145291352.0,19145291352.0,-0.35,-0.12,-13.5,-4.95
3395,601801,皖新传媒,5.44,0.93,0.05,121648.0,66107727.0,2.97,5.48,5.32,5.32,5.39,1.07,0.62,7.96,0.91,10651145929.0,10651145929.0,0.0,0.0,-3.37,-13.38
3396,600038,中直股份,27.2,0.93,0.25,57929.0,156740882.0,1.34,27.24,26.88,26.92,26.95,0.96,0.87,147.28,1.28,22301095394.0,18195038011.0,0.0,0.04,-0.98,-24.21
3397,920541,铁大科技,9.75,0.93,0.09,3296.0,3191579.47,2.28,9.76,9.54,9.66,9.66,0.6,0.37,17.64,2.9,1332825000.0,878072169.0,0.0,0.0,-8.54,-25.06
3398,600969,郴电国际,8.64,0.93,0.08,54234.0,46785824.0,2.57,8.67,8.45,8.45,8.56,0.83,1.47,30.77,0.88,3197236182.0,3197236182.0,0.12,0.0,-23.4,-14.46
3399,300140,节能环境,5.45,0.93,0.05,93863.0,50878876.0,1.67,5.46,5.37,5.37,5.4,0.94,0.3,14.38,1.17,16889915237.0,16869199308.0,0.0,-0.18,-10.95,-18.78
3400,688531,日联科技,134.03,0.93,1.24,35719.0,469395840.0,7.57,136.15,126.1,130.44,132.79,0.69,3.11,86.68,6.47,22194555644.0,15383806183.0,-0.21,0.12,-20.08,104.84
3401,300481,濮阳惠成,14.12,0.93,0.13,71226.0,99419400.51,3.72,14.17,13.65,13.83,13.99,0.65,2.46,33.11,1.7,4120998785.0,4095538194.0,0.0,0.07,-3.29,-7.71
3402,603459,红板科技,87.04,0.93,0.8,99313.0,847866874.0,7.5,88.27,81.8,83.55,86.24,0.91,12.56,132.49,16.1,65606712300.0,6880673720.0,0.0,-0.17,-5.08,391.75
3403,300251,光线传媒,10.86,0.93,0.1,213064.0,231662180.76,1.86,10.95,10.75,10.76,10.76,0.78,0.77,342.19,3.32,31858770372.0,30140483557.0,0.0,-0.09,-15.81,-33.09
3404,603689,皖天然气,7.61,0.93,0.07,28038.0,21244570.0,1.46,7.61,7.5,7.5,7.54,0.8,0.54,8.73,1.11,4001439555.0,3983439014.0,0.13,0.13,-8.64,-2.56
3405,301592,六九一二,103.72,0.92,0.95,6608.0,67876817.84,3.79,104.44,100.54,101.8,102.77,0.7,2.83,-134.53,7.78,7260400000.0,2422735737.0,-0.03,0.12,-3.96,-15.07
3406,601811,新华文轩,12.08,0.92,0.11,23419.0,28316802.0,1.75,12.14,11.93,11.93,11.97,1.35,0.3,14.49,0.99,14904799280.0,9566199112.0,0.0,0.0,-4.73,-7.08
3407,002631,德尔未来,8.81,0.92,0.08,289406.0,250058761.62,6.41,8.9,8.34,8.5,8.73,0.79,3.65,-125.03,3.47,7024062182.0,6991372421.0,-0.11,-0.11,25.68,47.32
3408,600179,安通控股,4.4,0.92,0.04,343797.0,151414807.0,1.38,4.43,4.37,4.43,4.36,0.94,0.89,14.19,1.49,18618718708.0,16994025378.0,-0.23,-0.23,-1.12,-20.29
3409,002774,快意电梯,16.5,0.92,0.15,123798.0,202482572.0,5.26,16.74,15.88,16.2,16.35,0.78,4.39,157.83,4.91,5555350350.0,4649236928.0,0.0,0.18,36.59,83.74
3410,688449,联芸科技,66.65,0.92,0.61,92609.0,615308731.0,6.81,68.29,63.79,65.0,66.04,0.76,3.16,865.07,16.1,30659000000.0,19542055598.0,0.18,-0.1,-5.83,47.68
3411,600610,中毅达,8.74,0.92,0.08,1216312.0,1091539676.0,10.97,9.53,8.58,8.66,8.66,1.82,17.16,134.8,60.18,9362940048.0,6194271402.0,-0.11,-0.11,9.66,-11.98
3412,002134,天津普林,20.93,0.92,0.19,52930.0,108541610.82,5.16,20.99,19.92,20.18,20.74,0.85,2.14,111.87,10.11,5186826470.0,5183478152.0,0.0,0.34,-25.94,-21.87
3413,600768,富邦新材,15.32,0.92,0.14,33461.0,50981646.0,2.7,15.45,15.04,15.07,15.18,0.69,2.5,17.51,4.26,2049007104.0,2049007104.0,-0.26,-0.13,-8.15,9.82
3414,002057,中钢天源,8.81,0.92,0.08,147135.0,128395543.16,2.52,8.83,8.61,8.68,8.73,0.94,1.95,19.55,2.0,6641715450.0,6636193500.0,0.0,0.0,-3.82,-13.03
3415,688333,铂力特,105.86,0.91,0.95,148743.0,1527953100.0,11.33,108.8,96.91,97.92,104.91,1.04,5.42,283.93,5.54,29039745340.0,29039745340.0,-0.04,-0.12,7.77,-5.0
3416,688759,必贝特-U,25.38,0.91,0.23,34745.0,87073587.0,4.77,25.5,24.3,24.71,25.15,0.69,4.83,-58.65,7.17,11421930355.0,1827360000.0,-0.24,-0.08,-26.16,-12.66
3417,603235,天新药业,23.19,0.91,0.21,3528.0,8171606.0,2.35,23.29,22.75,22.99,22.98,0.63,0.08,17.27,2.1,10152118200.0,10152118200.0,0.0,-0.26,-3.21,-12.23
3418,002458,益生股份,8.85,0.91,0.08,349811.0,308334850.65,2.17,8.89,8.7,8.75,8.77,0.69,3.62,20.59,2.86,12666058395.0,8552512348.0,-0.11,0.0,7.4,39.81
3419,603507,振江股份,23.35,0.91,0.21,81333.0,189898480.0,7.0,24.13,22.51,22.92,23.14,1.42,3.44,14.37,2.19,5579108760.0,5517694524.0,0.43,0.34,-22.24,16.69
3420,600009,上海机场,23.38,0.91,0.21,86900.0,203215813.0,1.77,23.52,23.11,23.16,23.17,0.95,0.35,23.92,1.35,58176758875.0,57987516479.0,0.04,0.04,-4.88,-28.06
3421,300695,兆丰股份,49.0,0.91,0.44,6715.0,32685977.0,4.49,49.46,47.28,48.98,48.56,0.78,0.66,-75.7,1.75,5010589276.0,5010589276.0,0.12,-0.22,-21.11,-50.96
3422,002350,北京科锐,14.36,0.91,0.13,58913.0,83772682.1,2.95,14.42,14.0,14.11,14.23,0.66,1.11,-81.5,4.39,7787878200.0,7618719124.0,0.0,0.0,-9.11,77.07
3423,002597,金禾实业,19.94,0.91,0.18,35607.0,70917723.44,1.67,20.05,19.72,19.76,19.76,0.87,0.63,29.53,1.45,11332298367.0,11310901571.0,-0.1,0.0,-5.63,-3.02
3424,605011,杭州热电,16.64,0.91,0.15,22723.0,37682448.0,1.82,16.68,16.38,16.59,16.49,0.62,0.57,34.8,2.68,6657664000.0,6657664000.0,0.0,0.06,-27.84,-18.19
3425,920346,威贸电子,14.41,0.91,0.13,1770.0,2541915.09,2.17,14.48,14.17,14.18,14.28,0.51,0.39,30.61,2.53,1162211214.0,646695842.0,0.0,0.07,-20.17,-41.61
3426,600871,石化油服,2.23,0.9,0.02,1044653.0,232988353.0,3.17,2.25,2.18,2.19,2.21,0.65,0.77,41.48,4.22,42274212208.0,30209837543.0,-0.45,0.0,-6.3,3.24
3427,605162,新中港,9.0,0.9,0.08,275878.0,248022654.0,7.62,9.39,8.71,8.71,8.92,0.87,6.23,48.9,2.41,3985616799.0,3985616799.0,0.11,0.45,-10.36,7.4
3428,920914,远航精密,16.74,0.9,0.15,9089.0,15134203.26,2.47,16.85,16.44,16.69,16.59,0.82,0.91,26.68,1.68,1668693420.0,1667375145.0,-0.3,-0.18,-21.99,-36.23
3429,002068,黑猫股份,7.82,0.9,0.07,145926.0,113478287.0,3.23,7.87,7.62,7.66,7.75,0.69,1.99,-15.12,2.47,5750399433.0,5747538290.0,0.13,0.26,-24.88,-11.34
3430,688618,三旺通信,30.39,0.9,0.27,19457.0,57949962.0,7.07,30.83,28.7,29.98,30.12,0.53,1.77,-978.9,4.14,3344354101.0,3344354101.0,0.03,0.16,-11.3,14.68
3431,603978,深圳新星,19.03,0.9,0.17,53893.0,101390719.0,4.4,19.16,18.33,18.95,18.86,0.74,2.55,55.67,2.42,4017124510.0,4017124510.0,-0.26,-0.05,-32.76,-32.61
3432,000609,*ST中迪,10.08,0.9,0.09,53058.0,52499592.0,5.81,10.24,9.66,9.9,9.99,1.02,1.83,-14.29,-20.0,3016596462.0,2930387262.0,0.4,0.5,-19.3,13.26
3433,002825,纳尔股份,9.02,0.89,0.08,40031.0,35837289.93,3.69,9.08,8.75,8.9,8.94,1.12,1.55,33.9,1.96,3084304456.0,2325444017.0,0.11,-0.11,-11.83,-20.67
3434,600035,楚天高速,3.4,0.89,0.03,91539.0,30996056.0,1.19,3.4,3.36,3.36,3.37,1.07,0.57,5.72,0.62,5474394063.0,5474394063.0,0.0,0.0,-9.81,-8.6
3435,001202,炬申股份,13.6,0.89,0.12,23774.0,32183993.8,4.23,13.7,13.13,13.54,13.48,1.29,2.04,38.59,2.58,2266999096.0,1588805788.0,0.0,-0.15,-15.05,-14.25
3436,002265,建设工业,18.22,0.89,0.16,149013.0,273147107.04,4.65,18.82,17.98,18.01,18.06,1.29,1.44,136.44,4.93,18821996216.0,18821996216.0,0.0,-0.05,-10.51,-31.86
3437,600379,宝光股份,14.78,0.89,0.13,222029.0,326414503.0,5.26,15.1,14.33,14.6,14.65,0.94,6.72,63.06,6.04,4880379116.0,4880379116.0,0.0,-0.14,6.71,27.09
3438,002484,江海股份,60.03,0.89,0.53,337505.0,1993415836.88,6.94,61.0,56.87,59.48,59.5,0.63,4.11,66.6,7.79,51056952178.0,49252815000.0,0.0,-0.02,-24.16,103.91
3439,002885,京泉华,28.45,0.89,0.25,133820.0,374903381.37,7.45,28.94,26.84,27.55,28.2,0.81,5.64,62.6,5.0,7707587740.0,6749928221.0,-0.04,0.04,-34.42,10.87
3440,688323,瑞华泰,27.19,0.89,0.24,142500.0,377734376.0,10.09,28.04,25.32,26.66,26.95,0.64,7.11,-69.66,4.47,5448829424.0,5448829424.0,-0.07,-0.11,-8.39,20.79
3441,600063,皖维高新,5.68,0.89,0.05,283488.0,160476615.0,2.13,5.72,5.6,5.62,5.63,0.7,1.37,18.76,1.37,11752524630.0,11752524630.0,0.0,0.0,-20.56,-3.24
3442,300441,鲍斯股份,6.77,0.89,0.06,31289.0,21050269.4,2.68,6.82,6.64,6.64,6.71,0.28,0.5,54.14,1.76,4362695426.0,4237573593.0,0.0,-0.15,6.28,-9.61
3443,000088,盐 田 港,4.53,0.89,0.04,243768.0,110076107.32,1.56,4.54,4.47,4.47,4.49,1.13,0.77,16.91,1.3,23553659557.0,14328030961.0,0.0,0.22,3.19,4.38
3444,300020,ST银江,3.42,0.88,0.03,52449.0,17997800.57,2.36,3.47,3.39,3.39,3.39,0.67,0.68,-9.55,2.04,2717798671.0,2621715601.0,0.29,0.29,-4.2,-2.29
3445,000063,中兴通讯,33.42,0.88,0.29,433398.0,1442725355.8,2.02,33.5,32.83,32.92,33.13,0.47,1.08,29.04,2.12,159865735924.0,134603101573.0,0.0,0.0,-3.66,-10.71
3446,600611,大众交通,4.6,0.88,0.04,868023.0,390581406.0,8.55,4.71,4.32,4.33,4.56,1.05,5.55,-16.35,1.14,10874965174.0,7191255274.0,0.0,0.0,-3.16,-15.44
3447,601799,星宇股份,84.42,0.88,0.74,32547.0,270726175.0,3.85,85.0,81.78,82.84,83.68,0.98,1.14,16.98,2.18,24117056552.0,24117056552.0,-0.07,-0.08,-33.26,-30.57
3448,000680,山推股份,10.34,0.88,0.09,112882.0,116277327.0,1.37,10.37,10.23,10.24,10.25,0.72,0.86,11.39,2.33,15511474608.0,13592659456.0,-0.1,0.0,-7.26,-12.89
3449,688757,胜科纳米,30.98,0.88,0.27,66164.0,200368122.0,8.01,31.44,28.98,30.3,30.71,0.57,3.65,421.35,14.35,12494589836.0,5614206350.0,-0.32,-0.55,-15.98,18.02
3450,300758,七彩化学,11.43,0.88,0.1,154654.0,173378960.17,3.8,11.43,11.0,11.1,11.33,1.75,4.3,41.15,2.54,4561891674.0,4111849871.0,0.44,0.79,-10.56,-9.43
3451,920158,长江能科,8.03,0.88,0.07,8040.0,6453536.36,2.64,8.1,7.89,7.99,7.96,0.68,1.51,-143.05,3.14,1602884360.0,428763135.0,-0.12,0.25,-18.89,-25.16
3452,601136,首创证券,13.82,0.88,0.12,56801.0,78197419.0,1.46,13.86,13.66,13.72,13.7,0.8,0.21,48.02,2.71,37774673116.0,37774673116.0,-0.07,0.0,-5.21,-26.18
3453,002065,东华软件,6.86,0.88,0.06,236391.0,161649796.0,1.76,6.88,6.76,6.76,6.8,0.58,0.8,49.38,1.75,21989609093.0,20207772140.0,-0.15,0.0,-9.62,-24.62
3454,600885,宏发股份,34.36,0.88,0.3,84786.0,289338863.0,2.85,34.49,33.52,33.75,34.06,0.62,0.55,23.0,4.02,53175340595.0,53175340595.0,0.0,-0.03,-1.52,14.34
3455,688538,和辉光电-U,2.31,0.87,0.02,476427.0,109776360.0,1.75,2.32,2.28,2.29,2.29,0.87,0.83,-16.97,4.2,31899800914.0,13287664525.0,-0.43,-0.43,-2.12,-13.16
3456,003042,中农联合,13.9,0.87,0.12,83571.0,116929096.09,5.22,14.32,13.6,13.64,13.78,0.66,6.78,247.82,1.62,1980472000.0,1713883831.0,-0.43,-0.43,-8.61,-13.45
3457,002202,金风科技,18.46,0.87,0.16,811666.0,1496442634.99,2.95,18.62,18.08,18.13,18.3,0.36,2.41,21.49,2.0,77971138424.0,62090303795.0,0.05,0.05,-20.64,-8.61
3458,605339,南侨食品,13.95,0.87,0.12,13136.0,18322703.0,2.68,14.08,13.71,13.71,13.83,0.41,0.31,1140.9,1.74,5918854093.0,5918854093.0,-0.14,-0.21,-3.86,-28.79
3459,000528,柳    工,8.12,0.87,0.07,187324.0,151657133.63,1.24,8.12,8.02,8.02,8.05,0.89,0.92,6.83,0.9,16547206688.0,16524222549.0,0.12,0.12,-7.09,-29.7
3460,300415,伊之密,19.68,0.87,0.17,40630.0,79353365.06,3.33,19.75,19.1,19.33,19.51,0.87,0.89,14.39,2.79,9221301813.0,8943126096.0,-0.1,0.0,-7.87,-22.73
3461,920357,雅葆轩,15.15,0.87,0.13,6040.0,9145573.22,2.2,15.27,14.94,14.99,15.02,0.43,0.96,19.01,3.79,1577175600.0,953781582.0,-0.2,-0.13,-16.07,-14.74
3462,603285,键邦股份,34.6,0.87,0.3,52527.0,179631508.0,6.71,35.3,33.0,33.85,34.3,0.64,8.43,39.7,3.22,5536000000.0,2155468588.0,-0.12,-0.14,-24.9,43.57
3463,688166,博瑞医药,34.85,0.87,0.3,111470.0,384337324.0,3.65,35.04,33.78,34.31,34.55,0.7,2.56,408.54,5.23,15187455436.0,15187455436.0,0.0,0.03,-32.04,-28.94
3464,600075,新疆天业,4.66,0.87,0.04,220534.0,103220929.0,2.81,4.73,4.6,4.63,4.62,0.99,1.29,179.05,0.89,7958335618.0,7958335618.0,0.0,0.0,-10.38,-5.86
3465,002563,森马服饰,5.88,0.86,0.05,176604.0,103777737.03,2.23,5.94,5.81,5.83,5.83,0.77,0.8,16.53,1.38,15841250141.0,13015332742.0,0.0,0.0,4.26,11.57
3466,600012,皖通高速,16.39,0.86,0.14,55785.0,91480693.0,2.58,16.58,16.16,16.26,16.25,0.93,0.48,13.05,2.29,28003821061.0,19104184000.0,0.18,0.24,0.31,15.75
3467,688657,浩辰软件,32.74,0.86,0.28,7953.0,25797895.0,3.36,32.89,31.8,32.46,32.46,0.5,1.33,70.77,2.23,3124062979.0,1954399338.0,0.0,-0.15,-11.03,-9.36
3468,300841,康华生物,53.73,0.86,0.46,54495.0,288836363.73,4.04,53.81,51.66,52.9,53.27,0.59,4.48,24.73,1.93,6982046883.0,6532242696.0,0.52,0.49,11.82,-25.13
3469,920553,凯腾精工,7.04,0.86,0.06,10417.0,7316775.05,3.87,7.09,6.82,6.98,6.98,0.3,1.11,107.41,2.89,1011580838.0,660375830.0,0.14,0.14,-7.97,-28.74
3470,603858,步长制药,15.31,0.86,0.13,38032.0,58036865.0,1.52,15.33,15.1,15.1,15.18,0.41,0.36,12.6,1.61,16145442847.0,16145442847.0,0.0,-0.07,2.2,-0.97
3471,920003,中诚咨询,15.32,0.86,0.13,2677.0,4071170.48,2.3,15.41,15.06,15.13,15.19,0.44,1.37,14.2,2.32,1387992000.0,298225554.0,0.33,0.33,-23.82,-32.63
3472,603985,恒润股份,16.4,0.86,0.14,71677.0,116132810.0,4.55,16.5,15.76,16.07,16.26,0.71,1.63,52.89,2.18,7230071249.0,7230071249.0,0.0,0.0,-28.6,8.04
3473,002580,圣阳股份,21.23,0.86,0.18,1112412.0,2338854257.63,8.84,22.05,20.19,21.42,21.05,1.76,24.59,39.53,4.02,9635638721.0,9603152724.0,0.05,-0.19,-20.4,71.21
3474,300739,明阳电路,22.28,0.86,0.19,66493.0,146237663.16,5.48,22.5,21.29,21.81,22.09,0.73,2.19,142.16,3.03,8320580898.0,6750297638.0,-0.04,-0.09,-29.34,21.68
3475,920689,克莱特,19.84,0.86,0.17,2940.0,5802650.1,2.19,19.91,19.48,19.67,19.67,0.51,0.78,28.88,3.11,1456256000.0,752543441.0,0.0,0.0,-17.98,-34.43
3476,603130,云中马,41.56,0.85,0.35,9794.0,40458526.0,2.79,41.78,40.63,41.23,41.21,0.67,0.71,99.43,4.07,5715090152.0,5715090152.0,0.0,0.1,0.12,-26.34
3477,000655,金岭矿业,7.12,0.85,0.06,99660.0,70801431.5,2.41,7.17,7.0,7.06,7.06,1.69,1.67,17.87,1.2,4238822438.0,4238822438.0,0.14,0.28,-2.33,-24.01
3478,601319,中国人保,7.1,0.85,0.06,656036.0,463765393.0,1.14,7.1,7.02,7.03,7.04,1.36,0.18,8.91,1.0,313990333139.0,252034071739.0,0.0,0.0,5.97,-19.41
3479,603639,海利尔,10.73,0.85,0.09,15265.0,16369127.0,1.69,10.76,10.58,10.61,10.64,0.7,0.45,12.45,1.1,3751725572.0,3646894545.0,-0.09,0.09,-3.16,-13.47
3480,603899,晨光股份,22.65,0.85,0.19,27676.0,62688752.0,2.05,22.77,22.31,22.46,22.46,0.93,0.3,15.38,2.38,20742765289.0,20742765289.0,-0.18,-0.18,-2.54,-13.12
3481,000959,首钢股份,3.56,0.85,0.03,301898.0,107035315.48,1.98,3.58,3.51,3.52,3.53,1.16,0.41,39.65,0.55,27607683837.0,26527722358.0,0.0,0.28,-1.39,-26.75
3482,301287,康力源,41.49,0.85,0.35,9084.0,37169992.0,4.06,41.76,40.09,40.88,41.14,0.79,5.33,119.73,2.37,2766138300.0,706630712.0,0.07,0.19,11.05,0.02
3483,688177,百奥泰,20.14,0.85,0.17,29558.0,58951463.0,3.3,20.23,19.57,19.97,19.97,0.52,0.71,-13.73,37.21,8339571200.0,8339571200.0,0.05,0.15,5.22,-12.96
3484,300696,爱乐达,20.27,0.85,0.17,82476.0,162479308.4,7.86,20.55,18.97,19.5,20.1,1.57,3.01,-227.74,3.16,5964426885.0,5551596289.0,0.05,0.0,-33.12,-36.34
3485,000726,鲁  泰Ａ,5.95,0.85,0.05,41944.0,24868655.94,2.03,5.96,5.84,5.87,5.9,0.81,0.71,12.98,0.5,4864277362.0,3506552026.0,0.0,0.0,-1.33,-14.63
3486,000830,鲁西化工,11.89,0.85,0.1,309344.0,369639870.86,3.22,12.11,11.73,11.74,11.79,1.15,1.62,12.92,1.19,22642353041.0,22640655660.0,0.0,0.0,-10.06,-27.37
3487,688122,西部超导,48.3,0.84,0.4,59310.0,285600740.0,2.25,48.76,47.68,47.89,47.9,0.73,0.91,178.95,4.54,31378795205.0,31378795205.0,0.08,0.19,-27.82,-34.89
3488,601005,重庆钢铁,1.2,0.84,0.01,507408.0,60562871.0,1.68,1.2,1.18,1.18,1.19,1.3,0.61,-14.48,0.78,11531207429.0,9976363880.0,0.0,0.0,-9.09,-17.81
3489,301280,珠城科技,44.59,0.84,0.37,27322.0,119326913.08,4.77,44.76,42.65,43.9,44.22,1.37,2.75,37.85,4.38,8538637020.0,4433737357.0,-0.27,0.36,13.81,17.65
3490,605123,派克新材,75.96,0.84,0.63,13249.0,100347483.0,3.49,76.92,74.29,74.91,75.33,0.52,1.09,26.86,1.99,9204140956.0,9204140956.0,-0.47,-0.54,-23.4,-26.69
3491,300316,晶盛机电,43.35,0.84,0.36,133428.0,571169011.35,4.09,43.6,41.84,42.74,42.99,0.86,1.08,122.22,3.31,56768290100.0,53387928021.0,0.0,-0.05,-9.02,18.44
3492,603665,康隆达,20.7,0.83,0.17,31540.0,64622972.0,4.38,20.9,20.0,20.4,20.53,1.42,1.97,38.69,5.1,3315471535.0,3315471535.0,-0.19,-0.19,-28.13,-34.82
3493,688013,天臣医疗,25.43,0.83,0.21,8331.0,21108878.0,3.61,25.71,24.8,25.13,25.22,0.7,1.03,53.23,4.03,2063786908.0,2063786908.0,-0.35,-0.59,-11.15,-46.23
3494,603368,柳药集团,15.87,0.83,0.13,42024.0,66679858.0,1.97,15.97,15.66,15.71,15.74,0.66,1.06,7.02,0.81,6303744204.0,6303744204.0,-0.13,-0.06,1.02,-7.52
3495,301046,能辉科技,23.11,0.83,0.19,39242.0,89094900.27,5.41,23.26,22.02,22.8,22.92,0.85,3.01,-201.82,3.52,3896057818.0,3008807143.0,0.17,0.22,-11.42,-1.24
3496,000937,冀中能源,4.86,0.83,0.04,260559.0,126949806.89,2.49,4.92,4.8,4.81,4.82,1.02,0.69,42.39,1.0,18890341460.0,18354924737.0,0.0,-0.21,-3.76,1.25
3497,001216,华瓷股份,14.52,0.83,0.12,17657.0,25598970.8,2.01,14.6,14.31,14.31,14.4,0.98,0.72,24.24,1.72,4239235068.0,3565432449.0,0.28,0.35,-11.79,-13.16
3498,300128,锦富技术,4.86,0.83,0.04,419640.0,200267135.97,5.81,4.91,4.63,4.77,4.82,0.92,3.23,-28.86,14.97,6313700902.0,6305681173.0,0.0,0.0,-39.93,-33.42
3499,601162,天风证券,3.64,0.83,0.03,838768.0,303985520.0,1.66,3.65,3.59,3.59,3.61,0.79,0.98,41007.23,1.34,36669306252.0,31296612525.0,0.0,0.0,8.33,-12.5
3500,001367,海森药业,20.61,0.83,0.17,71671.0,146982418.73,4.21,20.87,20.01,20.37,20.44,1.31,5.89,23.88,2.03,3139958232.0,2506451597.0,0.05,0.15,-0.58,-5.59
3501,920792,东和新材,9.82,0.82,0.08,4397.0,4294723.58,1.95,9.87,9.68,9.68,9.74,1.07,0.43,16.76,1.55,1625602800.0,997970639.0,0.41,1.13,-3.82,-17.76
3502,600258,首旅酒店,12.27,0.82,0.1,133078.0,163666979.0,2.14,12.37,12.11,12.11,12.17,1.0,1.19,20.25,1.17,13700720356.0,13700720356.0,0.0,0.0,-6.55,-24.72
3503,603310,巍华新材,14.71,0.82,0.12,11730.0,17176622.0,1.44,14.72,14.51,14.53,14.59,0.89,0.6,30.87,1.27,5079951400.0,2853887100.0,0.07,0.07,-8.29,-11.44
3504,601766,中国中车,6.13,0.82,0.05,1000580.0,611337580.0,1.48,6.15,6.06,6.09,6.08,0.65,0.41,11.01,1.0,175924036859.0,149129402034.0,0.0,0.0,8.3,-8.51
3505,301302,华如科技,20.81,0.82,0.17,37603.0,77264614.41,4.7,21.0,20.03,20.28,20.64,1.01,2.71,-25.84,2.28,3243550650.0,2892381900.0,-0.34,-0.34,-20.6,-9.01
3506,688370,丛麟科技,23.36,0.82,0.19,6520.0,15123207.0,4.53,23.6,22.55,23.3,23.17,1.32,0.48,71.43,1.22,3202840053.0,3202840053.0,-0.3,-0.51,2.37,-3.31
3507,920496,许昌智能,6.14,0.82,0.05,6848.0,4190914.52,1.97,6.16,6.04,6.04,6.09,0.5,0.47,345.03,1.81,1016630500.0,890290372.0,0.16,0.16,-24.38,-38.54
3508,603789,ST星农,6.17,0.82,0.05,24270.0,15049246.0,2.29,6.27,6.13,6.13,6.12,0.87,0.93,-13.31,15.64,1636374082.0,1604200000.0,0.0,-0.16,7.3,15.98
3509,920926,鸿智科技,9.96,0.81,0.08,2427.0,2412682.93,1.72,10.0,9.83,9.87,9.88,0.63,0.3,444.8,3.45,880082901.0,798616495.0,0.0,0.2,-19.94,-41.03
3510,603819,神力股份,13.72,0.81,0.11,34546.0,47100933.0,2.94,13.8,13.4,13.45,13.61,0.5,1.59,108.38,3.72,2987258166.0,2987258166.0,0.0,0.0,-0.44,13.39
3511,603288,海天味业,35.96,0.81,0.29,127301.0,456690960.0,1.51,36.09,35.55,35.8,35.67,1.0,0.23,21.52,5.63,210403579782.0,199931150358.0,-0.03,0.03,3.01,0.11
3512,603170,宝立食品,12.43,0.81,0.1,18164.0,22532896.0,1.7,12.48,12.27,12.27,12.33,0.73,0.45,18.96,3.48,4972124300.0,4972124300.0,-0.16,-0.08,-1.89,-11.09
3513,300522,世名科技,13.76,0.81,0.11,197786.0,265092855.22,6.37,13.88,13.01,13.28,13.65,0.96,7.5,1489.83,5.7,4436932736.0,3628443792.0,-0.07,-0.07,11.42,9.73
3514,920018,宏远股份,14.92,0.81,0.12,6297.0,9332080.5,2.43,14.98,14.62,14.81,14.8,0.57,1.1,21.85,2.68,2469684220.0,857764825.0,0.07,0.07,-23.84,-28.13
3515,002928,华夏航空,6.25,0.81,0.05,143763.0,89391907.88,2.1,6.28,6.15,6.16,6.2,0.82,1.12,14.9,2.01,7989009688.0,7988969219.0,0.16,0.0,-18.94,-43.44
3516,920000,安徽凤凰,13.67,0.81,0.11,3729.0,5075515.14,1.7,13.69,13.46,13.46,13.56,0.47,0.65,22.44,1.84,1253265600.0,787308955.0,0.0,0.51,-2.91,-28.99
3517,300119,瑞普生物,17.48,0.81,0.14,42724.0,74654825.6,2.6,17.62,17.17,17.17,17.34,0.55,1.28,18.84,1.75,8123912261.0,5831953260.0,-0.11,-0.29,6.0,-4.9
3518,000333,美的集团,86.69,0.81,0.7,253055.0,2195605977.04,1.59,87.4,86.03,86.2,85.99,0.99,0.37,13.04,3.2,661340506595.0,596848045707.0,0.06,0.05,11.17,16.47
3519,300211,*ST亿通,7.5,0.81,0.06,16294.0,12173059.13,2.82,7.56,7.35,7.4,7.44,0.41,0.55,-64.28,5.24,2279472923.0,2238613680.0,0.0,-0.13,-13.29,-11.45
3520,600061,国投资本,6.31,0.8,0.05,196174.0,123487807.0,0.96,6.31,6.25,6.26,6.26,0.78,0.31,13.17,0.75,40346756948.0,40346756948.0,0.0,0.0,-0.47,-15.87
3521,300093,金刚光伏,25.22,0.8,0.2,156348.0,382539156.94,9.11,25.84,23.56,24.37,25.02,0.93,6.77,-53.47,7.0,13618800000.0,5825258981.0,0.0,-0.59,6.86,51.02
3522,601985,中国核电,8.84,0.8,0.07,794242.0,700856076.0,1.03,8.85,8.76,8.76,8.77,1.55,0.42,22.02,1.56,181821138334.0,166928238224.0,-0.11,-0.11,-2.0,4.37
3523,300080,易成新能,3.78,0.8,0.03,145769.0,54998768.44,2.4,3.81,3.72,3.73,3.75,1.27,0.78,-14.61,1.65,7081378048.0,7071740515.0,-0.26,-0.26,-8.47,-22.22
3524,603877,太平鸟,12.61,0.8,0.1,13587.0,17118040.0,2.8,12.76,12.41,12.48,12.51,0.76,0.29,29.13,1.35,5925499566.0,5918170092.0,-0.08,0.08,-7.01,-11.38
3525,000920,沃顿科技,11.41,0.8,0.09,51973.0,58876651.0,3.18,11.48,11.12,11.25,11.32,0.69,1.1,20.32,2.67,5392606956.0,5392341674.0,-0.09,-0.17,-5.7,-7.16
3526,601369,陕鼓动力,8.81,0.8,0.07,65974.0,57852696.0,1.49,8.81,8.68,8.71,8.74,0.74,0.39,19.8,1.72,15183810275.0,15031721483.0,0.11,0.23,-7.46,-10.65
3527,000987,越秀资本,7.55,0.8,0.06,229521.0,172568379.94,1.47,7.56,7.45,7.48,7.49,1.05,0.46,7.3,1.16,37879350088.0,37850752017.0,0.0,-0.13,-3.7,-5.74
3528,601112,振石股份,15.13,0.8,0.12,29455.0,44403954.0,2.53,15.28,14.9,14.98,15.01,0.6,1.61,28.32,4.01,26331743133.0,2764833505.0,0.0,-0.07,-15.71,37.42
3529,920221,易实精密,12.58,0.8,0.1,5973.0,7497923.97,2.8,12.64,12.29,12.39,12.48,0.6,0.96,26.54,3.43,1492617000.0,779090823.0,-0.16,-0.08,-16.08,-26.56
3530,300538,同益股份,15.19,0.8,0.12,28091.0,42139505.0,3.85,15.26,14.68,14.92,15.07,0.65,2.32,83.32,3.05,2763343124.0,1837765917.0,0.0,0.07,-9.31,-5.42
3531,603257,中国瑞林,64.21,0.8,0.51,8016.0,50936787.0,3.06,64.49,62.54,63.65,63.7,0.69,3.22,37.41,3.07,7705200000.0,1598829000.0,0.0,-0.08,5.09,9.2
3532,601868,中国能建,2.52,0.8,0.02,1837998.0,461881288.0,1.6,2.53,2.49,2.49,2.5,1.0,0.57,19.16,0.94,111485261772.0,81720393643.0,-0.4,-0.4,-12.5,8.62
3533,920570,坤博精工,23.89,0.8,0.19,3103.0,7350370.71,2.91,23.91,23.22,23.7,23.7,0.63,1.22,52.48,3.41,1198557024.0,608973205.0,0.55,0.46,-9.85,-29.24
3534,920075,柏星龙,15.2,0.8,0.12,3309.0,5002296.82,1.92,15.24,14.95,15.16,15.08,0.58,0.94,30.85,2.55,985188000.0,533956255.0,0.2,-0.13,-23.23,-41.96
3535,000656,金科股份,1.26,0.8,0.01,1501576.0,187967944.92,4.0,1.28,1.23,1.24,1.25,1.14,1.98,359.41,3.2,13341801856.0,9559741756.0,0.0,0.0,-13.7,-12.5
3536,300531,优博讯,16.49,0.79,0.13,115413.0,189441889.0,3.67,16.61,16.01,16.2,16.36,1.53,3.7,27.91,3.55,5294592133.0,5138421494.0,0.0,-0.12,3.65,-8.18
3537,920275,驱动力,6.34,0.79,0.05,4541.0,2877508.97,4.61,6.49,6.2,6.26,6.29,0.39,0.34,-973.41,4.42,1010453984.0,836338063.0,0.32,0.16,0.32,-27.04
3538,920108,宏海科技,8.96,0.79,0.07,2693.0,2398301.63,2.47,9.02,8.8,8.86,8.89,0.55,0.37,40.5,3.23,1542912000.0,653790144.0,0.22,0.22,-14.67,-33.33
3539,688334,西高院,17.9,0.79,0.14,8785.0,15689011.0,1.52,17.93,17.66,17.66,17.76,0.6,0.28,20.36,1.9,5666772441.0,5587862135.0,0.11,0.11,-8.53,-6.58
3540,600810,神马股份,6.34,0.79,0.05,60216.0,38088510.0,1.59,6.35,6.25,6.28,6.29,0.86,0.56,-55.18,0.97,6914270911.0,6851974071.0,-0.16,0.0,4.97,-29.48
3541,002501,*ST利源,1.27,0.79,0.01,207155.0,26301803.43,1.59,1.28,1.26,1.26,1.26,0.91,0.58,-87.37,28.1,4508500000.0,4504015892.0,0.0,-0.78,-11.19,-49.0
3542,301115,联检科技,28.23,0.79,0.22,53871.0,149923738.0,8.21,28.92,26.62,27.3,28.01,0.83,3.61,-39.96,2.09,5139477014.0,4211976695.0,0.0,0.04,-2.42,79.92
3543,688806,泰诺麦博-U,24.11,0.79,0.19,35269.0,84204431.0,2.68,24.12,23.48,23.83,23.92,0.46,6.91,-28.8,12.29,11103768641.0,1230228663.0,-0.04,0.25,66.74,66.74
3544,002996,顺博合金,6.35,0.79,0.05,76132.0,48100439.28,1.9,6.36,6.24,6.25,6.3,1.18,1.66,8.41,1.31,4250923909.0,2910697068.0,0.0,0.0,-7.7,-14.77
3545,300747,锐科激光,35.7,0.79,0.28,120169.0,422623757.07,6.24,36.24,34.03,34.77,35.42,0.69,2.3,63.28,5.67,20049120000.0,18634611744.0,-0.17,-0.14,-8.7,32.42
3546,603332,苏州龙杰,11.58,0.78,0.09,35394.0,40782054.0,2.0,11.61,11.38,11.39,11.49,0.59,1.64,22.94,1.92,2505300391.0,2505300391.0,0.26,0.09,-4.53,-14.85
3547,301303,真兰仪表,14.16,0.78,0.11,35965.0,50764696.2,2.42,14.24,13.9,14.02,14.05,1.01,1.14,24.52,1.68,5788608000.0,4453914692.0,0.0,0.0,2.53,-4.71
3548,300474,景嘉微,50.27,0.78,0.39,39141.0,196631424.04,1.82,50.53,49.62,49.8,49.88,0.64,0.96,-121.69,3.88,26272068340.0,20433733715.0,-0.02,-0.02,-11.2,-30.05
3549,601727,上海电气,6.5,0.78,0.05,279388.0,181051939.0,1.4,6.51,6.42,6.45,6.45,0.62,0.22,66.38,1.85,101010790634.0,82001657634.0,0.0,0.0,-20.63,-24.42
3550,600757,长江传媒,7.75,0.78,0.06,72833.0,56503300.0,1.82,7.8,7.66,7.66,7.69,0.89,0.6,7.03,0.96,9405789616.0,9404602548.0,-0.26,-0.13,0.39,-8.5
3551,688038,中科通达,18.01,0.78,0.14,16211.0,29136593.0,3.64,18.23,17.58,17.9,17.87,0.87,1.39,-226.19,3.54,2095884934.0,2095884934.0,0.0,0.0,-3.43,1.92
3552,688498,源杰科技,1553.0,0.78,12.0,30482.0,4717290571.0,6.8,1589.99,1485.2,1500.0,1541.0,0.82,2.48,269.38,78.45,193349085481.0,190851499632.0,-0.06,-0.06,44.68,250.8
3553,600452,涪陵电力,9.1,0.78,0.07,146957.0,133376427.0,1.99,9.14,8.96,9.0,9.03,0.58,0.96,33.82,2.44,13982529051.0,13982529051.0,0.0,0.11,-31.48,-2.15
3554,920508,殷图网联,14.19,0.78,0.11,2088.0,2952787.49,4.47,14.25,13.62,14.0,14.08,0.51,0.65,-91.85,4.49,851400000.0,452745076.0,-0.07,0.5,-16.23,-36.08
3555,002204,大连重工,5.14,0.78,0.04,161780.0,83088410.34,1.37,5.16,5.09,5.1,5.1,0.93,0.84,13.39,1.24,9927241964.0,9927241964.0,0.0,0.0,-14.33,-32.01
3556,002588,史丹利,7.73,0.78,0.06,130669.0,101062805.0,1.96,7.79,7.64,7.66,7.67,0.56,1.52,8.18,1.14,8904125005.0,6637260686.0,0.13,0.13,-14.21,-20.39
3557,002323,*ST雅博,1.29,0.78,0.01,294131.0,37840052.12,2.34,1.3,1.27,1.28,1.28,0.86,1.39,-61.41,14.28,2735903133.0,2735433315.0,-0.77,0.0,-16.23,-21.34
3558,301200,大族数控,269.06,0.77,2.06,30152.0,799599125.79,7.69,275.6,255.08,261.59,267.0,0.73,0.71,68.75,10.92,131572422793.0,114414555921.0,-0.04,-0.19,-2.44,127.69
3559,000957,中通客车,10.42,0.77,0.08,65409.0,67958338.0,1.74,10.45,10.27,10.31,10.34,0.95,1.1,15.52,1.93,6178059013.0,6178059013.0,0.0,0.0,0.48,-8.36
3560,002981,朝阳科技,23.64,0.77,0.18,15035.0,35439491.0,3.07,23.75,23.03,23.28,23.46,0.63,1.24,217.81,3.09,3228248023.0,2874265878.0,0.0,-0.04,-13.85,-16.76
3561,603211,晋拓股份,22.18,0.77,0.17,70379.0,153299672.0,5.22,22.34,21.19,21.99,22.01,0.75,2.59,133.04,4.89,6028701440.0,6028701440.0,-0.09,-0.09,-16.62,-1.29
3562,920260,中寰股份,7.89,0.77,0.06,4290.0,3370712.58,1.53,7.91,7.79,7.83,7.83,0.74,0.43,64.35,1.89,817009500.0,780153803.0,0.25,0.13,-7.39,-26.81
3563,300535,达威股份,17.12,0.77,0.13,37653.0,65044610.7,7.36,17.75,16.5,16.66,16.99,0.78,4.64,-105.68,1.93,1832180055.0,1389477108.0,0.12,-0.06,3.32,-3.6
3564,002049,紫光国微,61.46,0.77,0.47,107331.0,655552001.15,2.44,61.69,60.2,60.3,60.99,0.51,1.27,32.48,3.66,51825141727.0,51818146841.0,-0.05,-0.02,-19.34,-21.71
3565,002594,比亚迪,91.36,0.77,0.7,274502.0,2492097983.68,1.75,91.5,89.91,90.49,90.66,1.11,0.79,50.98,3.64,832947169538.0,318537009360.0,0.01,0.02,-2.07,-6.16
3566,301517,陕西华达,37.95,0.77,0.29,25685.0,95102621.0,5.97,38.07,35.82,36.9,37.66,0.84,2.63,-76.12,4.59,5739458571.0,3701816811.0,0.16,0.03,-29.93,-45.38
3567,300651,金陵体育,16.99,0.77,0.13,50896.0,84742047.76,6.64,17.1,15.98,16.16,16.86,1.62,4.92,-74.08,2.26,2399152599.0,1756876690.0,-0.18,-0.23,-40.18,-15.81
3568,603199,九华旅游,34.13,0.77,0.26,31050.0,106256727.0,2.6,34.68,33.8,33.95,33.87,1.02,2.81,12.43,2.2,3777508400.0,3777508400.0,0.0,-0.15,2.19,-5.17
3569,600071,凤凰光学,15.72,0.77,0.12,15958.0,24987845.0,2.31,15.77,15.41,15.41,15.6,0.83,0.57,335.03,8.53,4426341535.0,4426341535.0,0.19,0.0,-11.19,-26.88
3570,601038,一拖股份,13.03,0.77,0.1,62120.0,80482385.0,3.4,13.2,12.76,12.76,12.93,0.87,0.85,6.51,1.83,14641097933.0,9534119733.0,0.23,-0.08,1.8,-6.73
3571,920685,新芝生物,11.76,0.77,0.09,8318.0,9748537.38,1.54,11.79,11.61,11.61,11.67,0.42,1.43,38.67,1.94,1076227466.0,685772334.0,0.0,0.0,2.26,-12.95
3572,600221,海航控股,1.31,0.77,0.01,1786636.0,232573305.0,1.54,1.31,1.29,1.3,1.3,0.9,0.42,104.77,10.31,56612478621.0,56127624562.0,0.0,0.0,-13.82,-27.62
3573,000550,江铃汽车,15.74,0.77,0.12,32008.0,50374782.81,1.86,15.83,15.54,15.6,15.62,0.94,0.62,9.2,1.14,13586988360.0,8160610138.0,-0.06,0.0,-2.72,-12.8
3574,300731,科创新源,42.18,0.76,0.32,100188.0,414805233.02,7.88,42.83,39.53,41.85,41.86,1.08,5.95,-623.56,12.19,7477861265.0,7096821444.0,0.31,0.19,-32.0,5.11
3575,603779,威龙股份,7.96,0.76,0.06,147010.0,116335107.0,3.92,8.02,7.71,7.87,7.9,1.32,4.43,-110.48,5.48,2643378722.0,2643378722.0,0.0,0.13,-19.43,23.6
3576,600826,兰生股份,7.94,0.76,0.06,40215.0,31879200.0,2.66,7.98,7.77,7.85,7.88,1.05,0.56,-108.54,1.38,5750017530.0,5750017530.0,0.13,0.0,-9.15,-22.91
3577,688429,时创能源,10.61,0.76,0.08,11671.0,12273936.0,3.32,10.65,10.3,10.53,10.53,0.84,0.29,-9.99,3.29,4244008488.0,4244008488.0,0.0,0.0,-13.03,-18.95
3578,301609,山大电力,33.25,0.76,0.25,19151.0,63141249.29,3.42,33.35,32.22,32.68,33.0,0.8,1.95,57.54,4.29,5415760000.0,3264008195.0,-0.03,-0.12,-33.82,-18.98
3579,688182,灿勤科技,28.0,0.76,0.21,49777.0,137306771.0,5.69,28.3,26.72,27.36,27.79,0.54,1.24,99.59,4.89,11200000000.0,11200000000.0,0.25,0.0,-17.23,-4.83
3580,603730,岱美股份,10.66,0.76,0.08,179283.0,187635282.0,5.77,10.74,10.13,10.49,10.58,1.08,0.83,30.71,5.16,22904008639.0,22904008639.0,0.0,0.0,-14.31,25.26
3581,603230,内蒙新华,9.23,0.76,0.07,16745.0,15435815.0,1.53,9.25,9.11,9.11,9.16,1.05,0.47,13.12,1.17,3263017290.0,3263017290.0,-0.11,0.0,-7.61,-24.34
3582,300206,理邦仪器,12.02,0.75,0.09,49881.0,59651370.85,2.43,12.08,11.79,11.95,11.93,1.02,1.47,16.58,3.29,6967553419.0,4067322371.0,-0.08,-0.08,-11.36,-3.69
3583,600011,华能国际,6.69,0.75,0.05,455091.0,303195273.0,1.2,6.69,6.61,6.63,6.64,0.59,0.41,7.97,1.63,105020244572.0,73574679358.0,0.0,0.15,-28.53,-5.24
3584,001248,华润新能,12.12,0.75,0.09,346128.0,416228670.99,1.83,12.12,11.9,12.01,12.03,0.74,3.26,24.97,1.42,161457947863.0,12876333947.0,0.08,0.17,19.88,19.88
3585,301632,广东建科,13.43,0.75,0.1,29881.0,39996315.57,1.35,13.46,13.28,13.35,13.33,0.57,1.63,402.36,2.07,5621260800.0,2468601875.0,0.07,0.07,-22.01,-44.18
3586,002190,成飞集成,22.85,0.75,0.17,38275.0,86993094.36,2.73,23.02,22.4,22.53,22.68,0.63,1.07,-69.57,2.34,8196965488.0,8196965488.0,0.04,0.18,-17.89,-38.38
3587,600580,卧龙电驱,29.74,0.75,0.22,284201.0,842580135.0,3.08,29.93,29.02,29.05,29.52,0.39,1.82,42.09,4.27,46457374777.0,46323990877.0,0.0,0.1,-26.0,-39.21
3588,600567,山鹰国际,1.34,0.75,0.01,545859.0,73133856.0,2.26,1.35,1.32,1.32,1.33,1.33,0.88,-6.1,0.57,8315313862.0,8315313862.0,-0.74,0.0,-2.19,-20.71
3589,688270,ST臻镭,59.23,0.75,0.44,45404.0,265262520.0,4.52,59.43,56.77,57.65,58.79,0.52,1.52,112.05,7.73,17740252305.0,17740252305.0,0.0,0.05,-21.74,-32.11
3590,920729,永顺生物,6.74,0.75,0.05,10303.0,6995534.87,4.48,6.91,6.61,6.66,6.69,0.46,1.33,143.58,2.82,1842042000.0,522397456.0,-0.59,-0.59,-7.67,-21.17
3591,000966,长源电力,4.01,0.75,0.03,264671.0,105801126.0,1.51,4.02,3.96,3.97,3.98,0.81,0.76,40.36,1.03,13958950414.0,13958950414.0,0.0,0.0,-24.77,-6.09
3592,002600,领益智造,12.17,0.75,0.09,663805.0,797426430.38,4.3,12.25,11.73,11.91,12.08,0.71,0.92,63.08,4.08,98823873647.0,87623752523.0,-0.08,-0.08,-18.7,-21.59
3593,688357,建龙微纳,26.76,0.75,0.2,8038.0,21306762.0,3.84,26.92,25.9,26.15,26.56,1.57,0.8,35.54,1.54,2677602255.0,2677602255.0,-0.04,0.15,-8.01,-18.29
3594,600017,日照港,2.7,0.75,0.02,316384.0,85492033.0,1.87,2.72,2.67,2.68,2.68,1.18,1.03,21.77,0.6,8304265498.0,8304265498.0,-0.37,0.0,-3.91,-8.78
3595,300657,弘信电子,33.67,0.75,0.25,236626.0,806363435.13,4.85,35.03,33.41,33.72,33.42,0.97,4.95,65.48,10.39,16233170501.0,16084375767.0,-0.03,-0.03,-15.93,21.73
3596,300592,华凯易佰,14.81,0.75,0.11,91471.0,133648583.0,4.83,14.92,14.21,14.56,14.7,0.8,2.66,20.25,2.52,5794106362.0,5092953496.0,0.0,0.14,22.9,39.59
3597,300819,聚杰微纤,45.91,0.75,0.34,24954.0,112658874.0,6.12,46.37,43.58,45.06,45.57,0.61,1.85,164.73,7.95,6850001550.0,6186934898.0,0.11,-0.02,-28.94,33.3
3598,603690,至纯科技,25.69,0.75,0.19,286099.0,719362231.0,7.41,26.0,24.11,24.68,25.5,0.99,7.47,-17.16,3.05,9838351583.0,9838351583.0,-0.04,0.04,4.73,-18.31
3599,301531,春光集团,48.71,0.74,0.36,15070.0,72854207.6,4.07,49.25,47.28,48.35,48.35,0.6,3.21,71.41,7.17,10703210991.0,2283702738.0,-0.14,-0.1,-36.99,266.24
3600,920475,三友科技,12.22,0.74,0.09,5032.0,6121707.76,3.54,12.29,11.86,12.19,12.13,0.52,0.9,114.54,3.48,1234953200.0,686722574.0,0.16,0.0,-8.05,-28.95
3601,688410,山外山,10.95,0.74,0.08,74435.0,81264552.0,3.4,11.08,10.71,10.88,10.87,0.87,1.66,22.48,2.77,4899477527.0,4899477527.0,-0.45,-0.45,-5.6,3.79
3602,688199,久日新材,23.05,0.74,0.17,34126.0,77501540.0,4.33,23.13,22.14,22.88,22.88,0.94,2.12,91.22,1.44,3716288136.0,3716288136.0,0.0,-0.26,-10.42,-1.96
3603,605117,德业股份,95.01,0.74,0.7,101729.0,961957398.0,5.13,96.5,91.66,92.88,94.31,0.79,0.8,25.46,12.15,120969680730.0,120969680730.0,-0.04,-0.05,-16.66,57.59
3604,603948,建业股份,20.47,0.74,0.15,8135.0,16629529.0,2.56,20.65,20.13,20.21,20.32,0.99,0.5,15.71,1.62,3326153248.0,3326153248.0,0.05,-0.2,-18.87,-22.17
3605,300185,通裕重工,2.71,0.74,0.02,515832.0,139626772.98,1.86,2.72,2.67,2.68,2.69,0.98,1.34,70.62,1.54,10938106453.0,10423903134.0,0.0,0.0,-4.58,-4.58
3606,601236,红塔证券,6.83,0.74,0.05,72989.0,49696456.0,1.03,6.83,6.76,6.76,6.78,0.72,0.16,40.9,1.29,32054786212.0,32054786212.0,0.0,0.15,-1.16,-14.94
3607,002117,东港股份,8.19,0.74,0.06,92403.0,74885212.0,2.71,8.19,7.97,8.04,8.13,1.4,1.76,21.75,3.12,4289274621.0,4287912829.0,0.24,0.37,-14.51,-39.38
3608,300860,锋尚文化,27.45,0.73,0.2,11263.0,30764047.08,2.28,27.5,26.88,27.25,27.25,0.74,1.03,266.57,1.68,5172972346.0,3003494152.0,0.0,0.0,4.45,3.23
3609,300121,阳谷华泰,9.64,0.73,0.07,59476.0,57072913.0,2.4,9.68,9.45,9.48,9.57,0.63,1.39,17.87,1.21,4292107074.0,4139492869.0,0.0,-0.1,-15.07,-23.13
3610,920099,瑞华技术,17.89,0.73,0.13,4182.0,7430885.89,3.38,17.97,17.37,17.73,17.76,0.53,0.71,-40.41,1.91,1683091146.0,1054319349.0,0.0,0.17,-22.92,-34.32
3611,920247,华密新材,13.85,0.73,0.1,11145.0,15431100.5,2.33,13.93,13.61,13.76,13.75,0.51,0.81,65.34,5.43,2618384036.0,1899436298.0,-0.29,0.0,-18.72,-38.74
3612,002867,周大生,12.37,0.73,0.09,77642.0,95612293.65,1.79,12.44,12.22,12.35,12.28,1.09,0.72,11.44,2.21,13427312056.0,13348427465.0,0.32,0.41,4.04,7.29
3613,603196,璞源材料,19.38,0.73,0.14,10082.0,19364220.0,2.81,19.45,18.91,19.07,19.24,0.52,0.43,68.58,4.0,8114162587.0,4592832905.0,-0.1,-0.15,-19.69,-24.09
3614,601158,重庆水务,4.15,0.73,0.03,57250.0,23664453.0,0.97,4.15,4.11,4.12,4.12,0.95,0.12,18.48,1.17,19920124994.0,19920124994.0,0.0,0.24,-2.12,-5.03
3615,001872,招商港口,23.34,0.73,0.17,34426.0,80257191.0,2.89,23.72,23.05,23.39,23.17,0.97,0.15,12.8,0.91,57933340972.0,53734581636.0,0.13,0.04,8.96,25.96
3616,603195,公牛集团,40.13,0.73,0.29,21153.0,84724313.0,1.36,40.3,39.76,39.8,39.84,0.51,0.12,17.1,5.03,72372288341.0,72240555436.0,-0.05,-0.07,-0.94,3.08
3617,601065,江盐集团,6.88,0.73,0.05,39231.0,26937153.0,1.61,6.9,6.79,6.8,6.83,1.17,0.61,50.32,0.99,4422299424.0,4422299424.0,0.15,0.15,-11.0,-15.89
3618,688319,欧林生物,28.02,0.72,0.2,46917.0,130442337.0,5.07,28.45,27.04,27.58,27.82,0.39,1.16,-172.78,13.07,11359568586.0,11359568586.0,-0.32,-0.32,-14.94,10.49
3619,002569,*ST步森,11.25,0.72,0.08,11830.0,13301130.0,7.16,11.5,10.7,10.98,11.17,0.7,0.84,-60.83,53.0,1620112500.0,1575112500.0,-0.79,-0.79,-30.34,-9.64
3620,920204,沪江材料,12.56,0.72,0.09,1659.0,2084915.32,2.0,12.65,12.4,12.4,12.47,0.34,0.33,33.38,2.4,1184254730.0,627883732.0,-0.08,-0.32,-12.9,-28.92
3621,688222,成都先导,34.93,0.72,0.25,190599.0,660649861.0,5.48,35.53,33.63,34.34,34.68,0.86,4.76,84.31,9.42,13995752400.0,13995752400.0,0.03,0.17,28.04,49.79
3622,603073,彩蝶实业,16.75,0.72,0.12,12517.0,20971349.0,2.89,16.89,16.41,16.62,16.63,0.89,2.46,38.17,1.4,1943000000.0,852455204.0,-0.3,-0.3,-8.97,-10.38
3623,600288,大恒科技,11.15,0.72,0.08,195031.0,215361183.0,3.16,11.19,10.84,10.91,11.07,0.46,4.46,31.03,2.43,4870320000.0,4870320000.0,0.0,0.09,-15.66,-25.47
3624,920089,禾昌聚合,9.84,0.72,0.07,6402.0,6291951.64,1.84,9.89,9.71,9.77,9.77,0.76,0.57,15.71,1.47,1927345056.0,1097767876.0,0.1,-0.4,-19.01,-35.14
3625,920770,艾能聚,9.79,0.72,0.07,8477.0,8300927.44,2.57,9.9,9.65,9.76,9.72,0.6,1.04,99.68,2.13,1273993993.0,801740302.0,0.2,0.2,-21.18,-42.11
3626,603213,镇洋发展,13.99,0.72,0.1,23356.0,32667551.0,2.02,14.08,13.8,13.89,13.89,1.1,0.52,47.62,3.38,6224061954.0,6224061954.0,0.14,0.07,-3.05,8.62
3627,300181,佐力药业,14.08,0.72,0.1,107538.0,150629687.06,1.93,14.11,13.84,13.9,13.98,0.4,1.78,12.37,3.1,9875533677.0,8488985740.0,0.0,0.0,-0.78,-10.94
3628,600326,西藏天路,7.14,0.71,0.05,181221.0,128137555.0,2.12,7.14,6.99,7.05,7.09,0.51,1.33,-56.62,2.53,9727995980.0,9727995980.0,0.0,0.28,-10.3,-35.27
3629,002267,陕天然气,7.08,0.71,0.05,53357.0,37754017.0,1.28,7.11,7.02,7.02,7.03,0.84,0.48,5.3,1.16,7873494151.0,7873494151.0,0.0,-0.14,-5.73,-3.41
3630,002507,涪陵榨菜,11.27,0.71,0.08,79919.0,90190278.5,1.25,11.33,11.19,11.19,11.19,0.8,0.69,11.93,1.48,13004667446.0,12969280829.0,-0.18,0.0,-5.45,-9.77
3631,601179,中国西电,12.82,0.71,0.09,520029.0,663310033.0,2.2,12.85,12.57,12.72,12.73,0.6,1.01,47.75,2.81,65713811753.0,65713811753.0,0.0,0.08,-24.37,41.66
3632,002372,伟星新材,8.46,0.71,0.06,89409.0,75802377.53,2.38,8.56,8.36,8.37,8.4,0.78,0.61,17.27,2.85,13468641378.0,12437114602.0,-0.12,-0.24,-15.9,-16.07
3633,603511,爱慕股份,12.7,0.71,0.09,11636.0,14726308.0,1.82,12.76,12.53,12.7,12.61,0.78,0.29,13.74,1.18,5154603762.0,5103968862.0,0.0,0.0,-6.55,-16.01
3634,601026,道生天合,15.59,0.71,0.11,37973.0,58737029.0,2.39,15.59,15.22,15.4,15.48,0.42,3.42,57.5,4.04,10280046000.0,1731825907.0,0.26,0.19,-10.66,-21.18
3635,000531,穗恒运Ａ,5.64,0.71,0.04,48711.0,27423752.43,1.25,5.65,5.58,5.58,5.6,0.78,0.54,7.59,0.85,5873503512.0,5130964552.0,0.0,0.0,-30.97,-11.32
3636,000625,长安汽车,7.1,0.71,0.05,279560.0,197735198.98,1.28,7.11,7.02,7.03,7.05,0.75,0.34,50.2,0.93,70381629391.0,58697172618.0,0.14,0.0,-10.69,-39.52
3637,000591,太阳能,4.28,0.71,0.03,233751.0,99700398.25,1.41,4.29,4.23,4.25,4.25,0.75,0.6,22.78,0.7,16712770733.0,16706534991.0,0.0,0.0,-27.58,-1.83
3638,300428,立中集团,18.49,0.71,0.13,46268.0,85175523.59,2.07,18.56,18.18,18.42,18.36,0.99,0.78,15.95,1.44,12676402915.0,11034114570.0,0.0,0.0,-9.98,-19.47
3639,688127,蓝特光学,62.26,0.7,0.43,76778.0,469463170.0,6.65,63.32,59.21,61.08,61.83,0.76,1.89,46.44,10.58,25271190802.0,25271190802.0,0.1,0.03,-22.62,63.03
3640,000828,东莞控股,10.0,0.7,0.07,96881.0,96617790.6,1.81,10.05,9.87,9.89,9.93,1.04,0.93,9.44,1.0,10395169920.0,10395169920.0,-0.2,-0.2,-2.15,-4.21
3641,301379,天山电子,21.65,0.7,0.15,109909.0,233774512.56,5.44,21.83,20.66,21.19,21.5,0.64,5.03,76.22,4.2,6007479195.0,4734415548.0,0.14,0.14,-3.95,17.73
3642,603599,广信股份,10.08,0.7,0.07,116942.0,118137060.0,3.5,10.25,9.9,10.0,10.01,1.43,1.28,12.85,0.9,9175514998.0,9175514998.0,0.2,0.2,-9.6,-10.48
3643,688691,灿芯股份,63.46,0.7,0.44,27470.0,170523680.0,5.62,63.76,60.22,62.5,63.02,0.7,3.76,-66.73,6.31,7615200000.0,4630359535.0,0.17,0.0,-35.31,-37.77
3644,600577,精达股份,8.61,0.7,0.06,929126.0,791881274.0,3.98,8.69,8.35,8.48,8.55,0.83,4.16,29.58,2.93,19215921450.0,19215921450.0,-0.12,0.0,-31.56,-30.4
3645,301203,国泰环保,34.34,0.7,0.24,4733.0,16180710.0,3.11,34.58,33.52,34.22,34.1,0.78,1.08,32.3,2.03,2747200000.0,1502975950.0,-0.12,-0.06,-21.6,7.85
3646,600008,首创环保,2.86,0.7,0.02,479138.0,136878723.0,1.41,2.87,2.83,2.83,2.84,0.95,0.65,12.22,1.02,20994089336.0,20994089336.0,0.35,0.35,-8.33,-0.69
3647,002217,ST合力泰,1.46,0.69,0.01,683428.0,98938634.72,2.07,1.46,1.43,1.44,1.45,0.78,0.94,2186.15,5.84,10919922435.0,10627838628.0,0.69,0.0,-43.41,-52.13
3648,603301,振德医疗,82.86,0.69,0.57,13390.0,110178458.0,2.58,83.07,80.95,82.2,82.29,0.8,0.51,100.39,3.87,21864784004.0,21864784004.0,-0.17,0.31,0.22,18.03
3649,002032,苏 泊 尔,40.72,0.69,0.28,13900.0,56607067.0,1.24,40.98,40.48,40.5,40.44,0.94,0.17,18.77,6.45,32569816912.0,32554992796.0,-0.17,-0.05,-11.82,-1.78
3650,603053,成都燃气,8.76,0.69,0.06,22178.0,19393938.0,1.72,8.78,8.63,8.63,8.7,1.13,0.25,15.52,1.6,7786676400.0,7786676400.0,-0.11,0.0,-6.11,-5.81
3651,601021,春秋航空,43.77,0.69,0.3,25406.0,110747190.0,1.13,43.77,43.28,43.67,43.47,0.71,0.26,10.89,2.36,42821653925.0,42821653925.0,0.0,0.05,-8.56,-25.8
3652,603212,赛伍技术,11.66,0.69,0.08,63617.0,73578272.0,3.11,11.72,11.36,11.55,11.58,0.91,1.45,-110.58,2.13,5101140816.0,5101140816.0,0.0,0.09,-19.48,-18.4
3653,601880,辽港股份,1.46,0.69,0.01,531759.0,77683702.0,1.38,1.47,1.45,1.45,1.45,0.93,0.29,23.95,0.86,34414780131.0,26883054772.0,0.0,-0.68,-8.18,-7.01
3654,605138,盛泰集团,5.81,0.69,0.04,69157.0,39381167.0,5.03,5.84,5.55,5.72,5.77,2.2,1.24,10.07,1.32,3227871461.0,3227871461.0,0.0,-0.17,-18.17,-15.92
3655,600419,天润乳业,8.7,0.69,0.06,44652.0,38918553.0,1.5,8.76,8.63,8.67,8.64,0.73,1.42,25.3,1.11,2744983075.0,2744983075.0,0.12,0.0,-1.02,-11.94
3656,001228,永泰运,29.34,0.69,0.2,17658.0,51739393.0,2.09,29.46,28.85,29.08,29.14,0.88,2.21,22.05,1.8,3047387628.0,2343227628.0,0.0,0.1,-1.64,13.06
3657,300881,盛德鑫泰,31.16,0.68,0.21,14799.0,45944978.05,3.3,31.48,30.46,30.68,30.95,0.93,2.58,28.44,2.73,3427600000.0,1788778750.0,0.0,0.1,-38.84,-7.97
3658,601111,中国国航,5.92,0.68,0.04,422556.0,249258541.0,1.19,5.93,5.86,5.87,5.88,0.87,0.36,17.69,1.9,121315961298.0,68897608086.0,0.0,0.17,-12.68,-36.82
3659,601311,骆驼股份,7.4,0.68,0.05,86785.0,64009802.0,1.5,7.42,7.31,7.31,7.35,0.79,0.74,15.53,0.87,8681281273.0,8681281273.0,0.0,0.14,-12.53,-16.0
3660,920961,创远信科,19.38,0.68,0.13,12350.0,23685543.92,2.65,19.4,18.89,19.23,19.25,0.45,1.17,-68.7,3.69,2768249045.0,2043895285.0,0.05,0.26,13.93,-31.59
3661,688439,振华风光,38.38,0.68,0.26,17422.0,66314761.0,2.05,38.5,37.72,37.81,38.12,0.86,0.87,-142.9,1.54,7676000000.0,7676000000.0,-0.16,-0.05,-22.18,-40.43
3662,000166,申万宏源,4.47,0.68,0.03,419087.0,186723128.5,0.9,4.47,4.43,4.43,4.44,0.84,0.19,11.88,0.99,111928552183.0,100733717703.0,0.22,0.22,2.52,-14.04
3663,300319,麦捷科技,17.78,0.68,0.12,809237.0,1413578588.48,7.87,18.11,16.72,17.35,17.66,0.62,9.51,52.27,3.19,15781320401.0,15135584512.0,0.0,0.11,15.83,53.54
3664,300307,慈星股份,7.45,0.68,0.05,173883.0,128610542.05,3.38,7.5,7.25,7.31,7.4,0.43,2.21,16.43,1.82,5964125631.0,5862400783.0,-0.13,0.0,9.56,5.67
3665,002092,中泰化学,4.46,0.68,0.03,438619.0,195932249.0,2.71,4.52,4.4,4.4,4.43,0.97,1.7,77.17,0.53,11551487046.0,11487344998.0,0.0,-0.22,-5.91,-10.44
3666,601900,南方传媒,11.85,0.68,0.08,50245.0,59502257.0,1.61,11.92,11.73,11.73,11.77,0.97,0.57,11.01,1.19,10451345614.0,10451345614.0,-0.08,0.0,0.17,-7.78
3667,002072,凯瑞德,7.35,0.68,0.05,47229.0,34390717.5,2.19,7.36,7.2,7.27,7.3,0.88,1.29,-165.11,11.88,2702448000.0,2701358730.0,0.0,0.0,-4.55,1.52
3668,688183,生益电子,103.0,0.68,0.7,106151.0,1086361865.0,6.64,105.9,99.11,100.48,102.3,0.8,1.27,38.84,13.25,86271897102.0,86271897102.0,0.0,0.07,-15.86,8.31
3669,920139,华岭股份,14.8,0.68,0.1,20941.0,30923850.42,1.84,14.87,14.6,14.66,14.7,0.61,0.8,-224.29,3.85,3988709402.0,3853320141.0,-0.27,0.0,-18.23,-29.19
3670,600875,东方电气,25.6,0.67,0.17,219407.0,557191205.0,3.38,25.81,24.95,25.09,25.43,0.59,0.97,13.96,1.97,88534024346.0,57942184832.0,0.04,0.23,-26.37,7.79
3671,920981,晶赛科技,28.71,0.67,0.19,10836.0,30784525.85,4.24,28.92,27.71,28.0,28.52,0.61,2.82,132.9,4.25,2195396280.0,1104264031.0,-0.31,-0.28,-15.76,-10.17
3672,002214,大立科技,15.08,0.67,0.1,64400.0,96100807.07,2.67,15.11,14.71,14.76,14.98,0.58,1.35,-33.05,7.18,9027833320.0,7214523127.0,0.07,-0.2,6.72,-16.32
3673,920005,鼎佳精密,22.57,0.67,0.15,2272.0,5106080.22,2.01,22.67,22.22,22.41,22.42,0.43,0.59,32.37,2.99,1873310000.0,864695588.0,0.0,0.0,-37.34,-44.19
3674,003036,泰坦股份,51.45,0.67,0.34,59464.0,302598370.14,7.55,52.97,49.11,50.47,51.11,0.75,2.75,181.7,7.84,11144401595.0,11144116048.0,-0.02,-0.1,-28.34,233.87
3675,688157,松井股份,19.41,0.67,0.13,20665.0,39750901.0,4.15,19.6,18.8,19.15,19.28,0.98,1.1,-133.2,2.72,3643592715.0,3643592715.0,-0.15,-0.05,-20.78,-35.64
3676,920077,吉林碳谷,13.55,0.67,0.09,25166.0,34134260.28,2.23,13.65,13.35,13.4,13.46,0.73,0.83,37.83,2.96,7943550008.0,4090900906.0,0.15,-0.07,-15.37,-19.92
3677,300586,美联新材,9.03,0.67,0.06,132371.0,117554465.36,4.91,9.09,8.65,8.8,8.97,0.81,2.48,1128.04,3.48,6422286304.0,4827406106.0,0.22,0.22,-20.09,-17.08
3678,000969,安泰科技,16.63,0.67,0.11,143814.0,237328874.5,2.78,16.69,16.23,16.38,16.52,0.74,1.38,44.02,3.08,17470137572.0,17317648355.0,0.06,-0.06,-25.46,-20.09
3679,002050,三花智控,35.95,0.67,0.24,336061.0,1202989463.04,3.19,36.27,35.13,35.48,35.71,0.55,0.91,40.77,4.81,151278100963.0,132693067462.0,-0.06,0.03,-18.83,-34.53
3680,920130,立方控股,16.74,0.66,0.11,16517.0,27842979.51,4.09,17.08,16.4,16.6,16.63,0.56,2.88,-47.98,3.31,1544151771.0,959120292.0,-0.18,0.12,-3.63,-42.2
3681,600389,江山股份,18.4,0.66,0.12,118547.0,220749461.0,4.76,19.05,18.18,18.2,18.28,1.15,2.75,11.34,1.84,7923960000.0,7923960000.0,0.11,-0.05,-25.6,-26.93
3682,300041,回天新材,10.67,0.66,0.07,168563.0,177583380.03,4.25,10.74,10.29,10.55,10.6,0.92,3.1,17.88,1.96,5969181288.0,5809008593.0,-0.19,0.0,-23.02,-2.38
3683,002424,ST百灵,4.58,0.66,0.03,60259.0,27413375.88,2.2,4.58,4.48,4.5,4.55,0.87,0.52,106.58,2.01,6401000672.0,5275600970.0,0.0,0.22,-2.97,5.29
3684,300286,安科瑞,19.74,0.66,0.13,37473.0,72732859.0,3.93,19.75,18.98,19.33,19.61,0.96,1.8,24.62,2.23,4950489090.0,4101479566.0,0.1,0.2,-36.83,-13.15
3685,601611,中国核建,10.63,0.66,0.07,181447.0,192680261.0,2.08,10.68,10.46,10.52,10.56,0.68,0.6,19.88,1.43,32037057674.0,32037057674.0,0.0,-0.09,-9.38,-20.85
3686,601878,浙商证券,9.21,0.66,0.06,114744.0,105344504.0,0.77,9.21,9.14,9.15,9.15,0.74,0.25,14.02,1.13,42124667045.0,42124667045.0,0.0,0.0,-1.18,-13.44
3687,000610,*ST西旅,6.13,0.66,0.04,25442.0,15609538.0,3.28,6.23,6.03,6.03,6.09,0.9,1.08,-12.41,-12.84,1451264633.0,1443641322.0,0.0,0.33,-20.18,-50.8
3688,920261,一诺威,13.67,0.66,0.09,6089.0,8341684.45,2.36,13.79,13.47,13.5,13.58,0.47,0.38,14.35,2.44,3979784665.0,2190565513.0,-0.15,-0.15,-2.29,-6.56
3689,600210,紫江企业,6.08,0.66,0.04,88388.0,53687830.0,1.16,6.09,6.02,6.05,6.04,0.77,0.58,10.56,1.45,9221755841.0,9221755841.0,0.0,0.0,-4.1,-13.14
3690,000537,绿发电力,7.57,0.66,0.05,129080.0,97495540.2,1.99,7.6,7.45,7.5,7.52,0.46,0.63,43.73,0.79,15561784495.0,15561784495.0,0.0,-0.13,-29.78,-6.43
3691,605028,世茂能源,24.26,0.66,0.16,5593.0,13502909.0,2.45,24.38,23.79,24.2,24.1,0.48,0.35,323.67,3.04,3881600000.0,3881600000.0,-0.04,0.0,4.21,-16.17
3692,300735,光弘科技,19.71,0.66,0.13,147066.0,285744591.76,4.6,19.8,18.9,19.2,19.58,1.11,1.93,144.04,2.89,15947666131.0,14990220142.0,0.0,-0.05,-10.61,-19.91
3693,300458,全志科技,30.7,0.66,0.2,247793.0,752696336.47,3.51,30.82,29.75,30.11,30.5,0.51,3.04,37.56,9.57,30504666614.0,24996174088.0,0.03,0.07,-9.17,-11.93
3694,920188,悦龙科技,21.25,0.66,0.14,2117.0,4482040.74,1.71,21.36,21.0,21.12,21.11,0.42,1.07,16.0,2.21,1763605458.0,420619929.0,0.0,0.0,-16.21,56.94
3695,301230,泓博医药,34.06,0.65,0.22,151218.0,509901595.28,4.93,34.37,32.7,33.84,33.84,0.71,9.29,64.79,6.15,6162854752.0,5543194121.0,-0.26,-0.15,24.67,49.32
3696,002096,易普力,9.3,0.65,0.06,30008.0,27810292.0,1.3,9.32,9.2,9.28,9.24,0.59,0.24,26.84,1.48,11536099161.0,11536079547.0,0.0,-0.11,-12.84,-28.79
3697,920124,南特科技,12.35,0.65,0.08,4052.0,4978627.95,1.96,12.41,12.17,12.21,12.27,0.36,0.53,18.68,1.74,1836856440.0,945780401.0,0.0,0.24,-18.91,-31.62
3698,300709,精研科技,40.42,0.65,0.26,139643.0,557270256.39,7.52,41.22,38.2,38.84,40.16,1.03,9.32,-37.93,3.5,7544141628.0,6056697592.0,0.22,0.15,-9.39,-14.2
3699,600805,悦达投资,4.64,0.65,0.03,151124.0,70156842.0,2.6,4.68,4.56,4.56,4.61,1.82,1.78,33.38,0.92,3948150452.0,3945277708.0,0.22,0.22,-3.33,-14.23
3700,920478,峆一药业,10.76,0.65,0.07,25520.0,27356301.4,2.43,10.81,10.55,10.65,10.69,0.47,3.81,-234.22,2.35,1185667857.0,720965095.0,0.0,0.47,7.92,-18.17
3701,601669,中国电建,4.65,0.65,0.03,664334.0,307826477.0,1.08,4.65,4.6,4.62,4.62,0.95,0.51,10.26,0.55,80101640903.0,60782595203.0,0.0,0.0,-11.93,-8.64
3702,688047,龙芯中科,103.4,0.65,0.67,26470.0,271285451.0,3.1,103.88,100.7,101.97,102.73,0.65,0.66,-90.95,17.29,41463400000.0,41463400000.0,-0.01,-0.07,-28.31,-21.73
3703,300413,芒果超媒,14.07,0.64,0.09,112668.0,158104264.34,2.22,14.12,13.81,13.85,13.98,0.68,1.1,65.25,1.14,26321041867.0,14375318409.0,-0.07,-0.07,-20.24,-41.76
3704,002315,焦点科技,25.3,0.64,0.16,42729.0,108327889.39,2.27,25.59,25.02,25.14,25.14,0.6,1.63,26.63,3.93,10433887714.0,6651705655.0,0.0,0.12,-10.57,-27.01
3705,300127,银河磁体,25.21,0.64,0.16,69934.0,176870607.12,5.55,25.98,24.59,24.95,25.05,1.62,3.01,34.71,5.42,8146519736.0,5864479401.0,0.0,0.04,-9.41,-15.77
3706,688819,天能股份,21.96,0.64,0.14,16966.0,37149966.0,2.47,22.04,21.5,21.79,21.82,0.86,0.17,71.08,1.29,21347316000.0,21347316000.0,0.0,0.0,-10.0,-32.78
3707,688018,乐鑫科技,109.0,0.64,0.69,26370.0,288343888.0,4.26,111.41,106.8,106.88,108.31,0.65,1.13,38.22,5.43,25547889899.0,25547889899.0,-0.09,-0.06,-7.11,-9.97
3708,300772,运达股份,11.01,0.64,0.07,106671.0,116619169.32,2.74,11.06,10.76,10.95,10.94,0.99,1.53,45.31,1.3,8663193232.0,7683609519.0,0.0,0.0,-27.13,-42.05
3709,300224,正海磁材,11.09,0.64,0.07,101966.0,112970296.15,2.9,11.24,10.92,10.98,11.02,1.01,1.1,54.84,2.06,10321467625.0,10283464734.0,-0.09,-0.09,-8.95,-27.33
3710,000686,东北证券,7.85,0.64,0.05,119738.0,93687644.12,1.03,7.86,7.78,7.79,7.8,0.69,0.51,12.02,0.9,18372555383.0,18372555383.0,0.13,0.13,-1.51,-14.39
3711,603239,浙江仙通,14.19,0.64,0.09,25833.0,36539710.0,2.55,14.32,13.96,14.03,14.1,0.66,0.95,19.56,2.97,3841516800.0,3841516800.0,0.0,-0.14,-27.53,-29.79
3712,300958,建工修复,12.59,0.64,0.08,44829.0,55969080.0,3.6,12.66,12.21,12.29,12.51,1.04,4.92,489.83,1.6,1973313530.0,1146312286.0,0.08,-0.16,-5.12,1.45
3713,600095,湘财股份,7.88,0.64,0.05,166831.0,130951456.0,1.53,7.89,7.77,7.78,7.83,0.85,0.58,233.72,1.83,22530399415.0,22530399415.0,0.0,0.0,-7.29,-28.75
3714,300293,蓝英装备,15.8,0.64,0.1,32739.0,51210634.38,3.63,15.88,15.31,15.55,15.7,0.88,0.97,-1257.72,7.19,5347322075.0,5347322075.0,-0.13,-0.06,-9.51,-25.19
3715,601969,海南矿业,9.43,0.64,0.06,245903.0,232867354.0,3.52,9.65,9.32,9.44,9.37,1.61,1.25,18.19,2.63,18713923180.0,18600454489.0,0.11,0.0,-3.38,-20.08
3716,301169,零点有数,51.07,0.63,0.32,7056.0,35639702.0,4.81,51.57,49.13,50.75,50.75,0.5,0.98,-55.65,8.49,3679110174.0,3677501469.0,-0.12,0.14,-36.07,1.94
3717,600345,长江通信,48.0,0.63,0.3,122079.0,580329587.0,7.71,49.38,45.7,46.7,47.7,1.54,5.77,17.72,3.77,15821382336.0,10154846256.0,0.08,0.1,2.3,38.93
3718,000546,金圆股份,4.81,0.63,0.03,124439.0,59496230.0,2.51,4.83,4.71,4.74,4.78,0.9,1.79,-7.94,1.02,3740488140.0,3351152041.0,0.0,0.21,-14.26,-24.61
3719,601788,光大证券,14.34,0.63,0.09,110367.0,157819797.0,1.05,14.37,14.22,14.25,14.25,0.71,0.28,14.83,1.09,66118694743.0,56022061351.0,0.07,0.07,0.14,-18.29
3720,002797,第一创业,6.37,0.63,0.04,291879.0,185154366.32,1.11,6.38,6.31,6.32,6.33,0.84,0.69,19.46,1.55,26769288000.0,26769288000.0,0.16,0.0,-8.61,-6.32
3721,300281,金明精机,6.43,0.63,0.04,73726.0,46974535.0,3.6,6.48,6.25,6.35,6.39,1.21,1.86,174.29,2.17,2693678619.0,2554805614.0,0.16,0.16,-13.58,-21.1
3722,000007,全新好,12.82,0.63,0.08,140870.0,179395211.77,3.92,12.91,12.41,12.49,12.74,0.82,4.07,-511.53,24.8,4441463924.0,4441463924.0,0.71,0.39,10.42,12.06
3723,002090,金智科技,9.56,0.63,0.06,79013.0,75416175.0,3.26,9.66,9.35,9.45,9.5,1.41,1.98,43.79,2.47,3829516799.0,3806683790.0,0.1,0.1,-10.15,-18.71
3724,300815,玉禾田,16.06,0.63,0.1,31842.0,50767340.98,2.63,16.12,15.7,15.78,15.96,0.63,0.82,9.74,1.4,6401387520.0,6269507939.0,-0.06,0.12,-20.46,-28.4
3725,603939,益丰药房,23.8,0.63,0.15,78590.0,186574192.0,2.03,23.97,23.49,23.71,23.65,1.03,0.65,14.44,2.53,28854941167.0,28854941167.0,-0.25,0.04,15.93,11.63
3726,920564,天润科技,12.72,0.63,0.08,5014.0,6370999.49,2.45,12.84,12.53,12.73,12.64,0.5,1.02,-17.29,4.84,1360077668.0,625681994.0,-0.31,-0.08,-31.43,-32.77
3727,603124,江南新材,127.01,0.63,0.79,43826.0,543741176.0,8.56,129.07,118.26,125.1,126.22,1.05,5.65,59.21,9.95,18511097725.0,9857094958.0,-0.01,-0.42,-3.59,61.98
3728,002215,诺 普 信,9.52,0.63,0.06,318421.0,304844762.54,3.07,9.7,9.41,9.44,9.46,0.84,3.94,6.25,2.09,9560543871.0,7692749992.0,0.11,-0.1,3.03,-7.48
3729,920174,五新智能,28.72,0.63,0.18,6053.0,17358336.81,1.86,28.95,28.42,28.78,28.54,0.48,1.08,26.5,2.39,6229508470.0,1602393054.0,0.03,-0.35,-25.6,-40.22
3730,603001,奥康国际,8.12,0.62,0.05,80011.0,64707226.0,4.83,8.22,7.83,8.02,8.07,0.56,2.0,92.63,1.38,3255957600.0,3255957600.0,-0.12,0.25,-18.31,-9.27
3731,002584,西陇科学,8.14,0.62,0.05,204370.0,164692276.88,3.71,8.18,7.88,7.98,8.09,1.08,4.36,99.4,2.18,4763661675.0,3812991930.0,0.0,-0.12,7.11,-11.62
3732,600023,浙能电力,4.89,0.62,0.03,315049.0,153924460.0,1.65,4.92,4.84,4.87,4.86,1.31,0.23,17.31,0.89,65568703143.0,65568703143.0,0.0,0.0,-23.83,4.71
3733,002896,中大力德,64.75,0.62,0.4,79698.0,514909014.39,3.59,65.43,63.12,63.5,64.35,0.53,4.06,287.58,10.77,12724842883.0,12724842883.0,0.0,-0.08,-12.68,-27.44
3734,300456,赛微电子,31.04,0.62,0.19,145045.0,443703560.95,4.96,31.32,29.79,30.41,30.85,0.71,2.43,-115.72,3.58,22727895679.0,18544814725.0,0.06,0.03,-30.25,-44.16
3735,688111,金山办公,234.75,0.62,1.45,47536.0,1114944679.0,2.57,237.0,231.0,231.0,233.3,0.59,1.02,21.63,7.22,108927153866.0,108927153866.0,0.11,0.15,-7.89,-23.24
3736,920663,明阳科技,12.91,0.62,0.08,2850.0,3669265.92,2.26,12.97,12.68,12.75,12.83,0.5,0.44,20.3,4.26,1724162904.0,827227873.0,-0.08,-0.15,-14.5,-27.43
3737,000993,闽东电力,9.81,0.62,0.06,39740.0,38850038.14,2.36,9.85,9.62,9.62,9.75,0.73,0.87,76.36,1.78,4492503774.0,4492503774.0,0.0,-0.1,-31.16,-16.86
3738,600456,宝钛股份,27.4,0.62,0.17,41415.0,113049053.0,2.17,27.55,26.96,27.21,27.23,0.66,0.87,55.55,1.84,13091104569.0,13091104569.0,0.04,0.04,-13.37,-30.01
3739,300050,世纪鼎利,6.61,0.61,0.04,200174.0,132554830.0,3.04,6.7,6.5,6.5,6.57,0.67,3.68,300.5,8.68,3601436806.0,3599241169.0,0.0,0.15,-8.32,19.53
3740,002848,高斯贝尔,13.23,0.61,0.08,31364.0,41267074.0,3.5,13.28,12.82,13.2,13.15,0.55,1.9,-210.94,31.49,2211394500.0,2188517991.0,0.08,0.0,-21.99,47.33
3741,002926,华西证券,8.28,0.61,0.05,135578.0,112255049.0,1.7,8.35,8.21,8.21,8.23,1.22,0.52,11.19,0.87,21735000000.0,21735000000.0,0.0,0.0,3.24,-9.11
3742,601990,南京证券,6.61,0.61,0.04,74970.0,49468876.0,0.76,6.61,6.56,6.57,6.57,0.64,0.18,24.82,1.25,29081539725.0,27971700928.0,0.0,0.0,-0.45,-15.69
3743,300337,银邦股份,9.82,0.61,0.06,116520.0,113576562.17,3.18,9.87,9.56,9.68,9.76,0.77,1.64,36.92,4.59,8071536008.0,6986063002.0,0.1,0.1,-19.57,-36.65
3744,603335,迪生力,6.66,0.6,0.04,102641.0,67916689.0,4.23,6.75,6.47,6.64,6.62,0.98,2.4,-34.53,11.02,2851443036.0,2851443036.0,-0.6,-0.3,-11.9,18.29
3745,920180,爱得科技,11.83,0.6,0.07,3597.0,4237647.28,1.36,11.87,11.71,11.81,11.76,0.7,1.01,27.5,1.81,1397395634.0,421969877.0,0.0,0.0,-14.28,60.52
3746,002803,吉宏股份,18.58,0.6,0.11,59489.0,109561621.41,2.92,18.63,18.09,18.33,18.47,0.61,2.0,26.97,3.07,8508093921.0,5528742390.0,0.16,0.22,-16.0,14.83
3747,600315,上海家化,18.34,0.6,0.11,97798.0,180156935.0,2.25,18.63,18.22,18.29,18.23,0.8,1.45,16.18,1.74,12328624473.0,12328624473.0,0.0,-0.05,-1.03,-17.83
3748,601609,金田股份,13.46,0.6,0.08,732257.0,978161080.0,3.36,13.55,13.1,13.12,13.38,0.57,4.24,26.3,2.28,23267470078.0,23267470078.0,-0.07,0.0,10.6,26.27
3749,600029,南方航空,5.06,0.6,0.03,398770.0,201157484.0,0.99,5.06,5.01,5.02,5.03,0.88,0.3,15.48,2.47,91692107411.0,68193481032.0,0.0,0.0,-6.81,-36.83
3750,601901,方正证券,6.69,0.6,0.04,419094.0,279688074.0,1.2,6.72,6.64,6.65,6.65,1.06,0.51,9.27,1.06,55072758333.0,55072758333.0,0.0,0.15,-0.45,-13.34
3751,600482,中国动力,31.85,0.6,0.19,97312.0,308872131.0,3.0,32.05,31.1,31.1,31.66,0.63,0.43,30.72,1.79,72243646821.0,72243646821.0,0.0,0.03,-12.33,55.37
3752,000429,粤高速Ａ,13.45,0.6,0.08,91653.0,122667238.77,1.8,13.51,13.27,13.29,13.37,1.15,0.7,16.54,2.66,28121342395.0,17529787236.0,0.15,0.22,-0.81,20.3
3753,002815,崇达技术,13.44,0.6,0.08,285482.0,379235973.0,3.52,13.5,13.03,13.19,13.36,0.5,3.67,127.91,1.9,16586993795.0,10444788668.0,0.0,0.07,-18.94,-0.67
3754,688297,中无人机,38.52,0.6,0.23,34166.0,131194621.0,1.65,38.64,38.01,38.01,38.29,0.64,0.51,236.69,4.69,26001000000.0,26001000000.0,0.03,0.03,-14.4,-19.45
3755,301256,华融化学,10.08,0.6,0.06,27921.0,27932210.81,2.79,10.13,9.85,9.9,10.02,0.78,0.58,78.12,2.83,4838400000.0,4838400000.0,0.0,-0.1,-13.48,-25.28
3756,920059,双英集团,15.05,0.6,0.09,72122.0,109281775.27,5.55,15.55,14.72,14.76,14.96,0.4,22.32,32.0,1.98,2288897912.0,486390806.0,0.07,0.13,35.22,35.22
3757,601088,中国神华,47.17,0.6,0.28,257966.0,1217687475.0,1.64,47.5,46.73,46.89,46.89,0.9,0.16,23.98,2.23,1023090616120.0,777882260337.0,0.0,0.02,-1.67,19.51
3758,000507,珠海港,5.0,0.6,0.03,76224.0,38101496.08,1.41,5.02,4.95,4.95,4.97,0.78,0.84,16.86,0.78,4598674475.0,4511772275.0,-0.2,0.0,-7.41,-3.1
3759,688400,凌云光,46.17,0.59,0.27,62414.0,285742827.0,4.97,46.79,44.51,45.37,45.9,0.6,1.36,27.49,3.88,21965361110.0,21122589535.0,0.04,0.04,-16.89,9.15
3760,002317,众生药业,25.49,0.59,0.15,391001.0,955928464.88,8.6,25.57,23.39,24.06,25.34,1.14,5.09,97.22,5.41,21664727859.0,19576889217.0,-0.23,-0.12,10.11,35.73
3761,600339,中油工程,3.41,0.59,0.02,413574.0,141121074.0,2.06,3.44,3.37,3.37,3.39,0.59,0.74,22.61,0.71,19038532876.0,19038532876.0,0.0,-0.29,-5.28,2.1
3762,002322,理工能科,11.89,0.59,0.07,99469.0,117884295.0,2.71,11.95,11.63,11.69,11.82,0.5,2.83,18.04,1.54,4346127563.0,4177919246.0,-0.08,0.0,2.41,1.71
3763,002051,中工国际,8.49,0.59,0.05,161909.0,136506842.7,2.25,8.5,8.31,8.36,8.44,0.74,1.32,39.97,0.91,10412841901.0,10412237243.0,0.12,0.24,-22.54,-5.25
3764,300320,海达股份,8.48,0.59,0.05,44050.0,37078958.01,2.49,8.5,8.29,8.35,8.43,0.68,0.91,19.27,1.93,5098465940.0,4125847506.0,0.12,0.24,-4.83,-8.82
3765,688601,力芯微,49.69,0.59,0.29,33055.0,161091989.0,5.61,49.96,47.19,48.96,49.4,0.79,2.47,-1192.26,5.38,6643190263.0,6643190263.0,0.0,0.02,-6.72,16.95
3766,002690,美亚光电,15.31,0.59,0.09,26973.0,41349668.5,1.38,15.43,15.22,15.3,15.22,0.53,0.62,29.12,5.61,13506924459.0,6640666800.0,-0.07,0.0,-1.67,-22.95
3767,601099,太平洋,3.39,0.59,0.02,624386.0,211226091.0,1.78,3.4,3.34,3.35,3.37,0.6,0.92,236.94,2.33,23107312494.0,23107312494.0,0.0,0.0,0.0,-17.52
3768,300070,碧水源,3.45,0.58,0.02,370359.0,127591963.65,1.75,3.47,3.41,3.43,3.43,1.41,1.06,205.11,0.46,12503522302.0,11998230762.0,0.0,0.29,-3.9,-11.99
3769,601686,友发集团,5.23,0.58,0.03,46009.0,24028192.0,2.5,5.29,5.16,5.17,5.2,0.98,0.31,13.89,1.12,7736986515.0,7736986515.0,-0.19,0.0,-2.97,-12.69
3770,920060,万源通,20.78,0.58,0.12,13219.0,27465545.72,2.13,21.04,20.6,20.62,20.66,0.88,1.39,42.82,2.9,3159488097.0,1970448372.0,-0.24,-0.05,-33.1,-35.82
3771,300384,三联虹普,12.22,0.58,0.07,30192.0,36826520.56,3.21,12.32,11.93,12.1,12.15,0.53,1.37,21.5,1.4,3898268778.0,2689786836.0,-0.16,-0.08,-4.16,-23.96
3772,605580,恒盛能源,17.45,0.58,0.1,31920.0,55056879.0,3.8,17.58,16.92,17.2,17.35,0.94,1.14,25.13,4.94,4886000000.0,4886000000.0,0.0,0.29,-35.27,-21.61
3773,601018,宁波港,3.45,0.58,0.02,508674.0,175562173.0,1.17,3.47,3.43,3.44,3.43,0.8,0.26,14.34,0.84,67117639977.0,67117639977.0,0.0,0.0,-1.71,-2.54
3774,920208,青矩技术,12.05,0.58,0.07,16617.0,20005508.29,2.42,12.16,11.87,12.03,11.98,1.16,1.03,15.03,2.14,2244221221.0,1943148067.0,0.17,0.17,-18.58,-29.45
3775,600971,恒源煤电,8.73,0.58,0.05,322771.0,281403333.0,2.07,8.81,8.63,8.68,8.68,1.31,2.69,32.49,0.89,10476042637.0,10476042637.0,0.0,0.0,5.95,45.74
3776,688552,航天南湖,26.02,0.58,0.15,14545.0,37469024.0,2.98,26.05,25.28,25.87,25.87,0.54,0.43,-564.88,3.41,8775192960.0,8775192960.0,-0.04,0.04,-16.5,-28.3
3777,601360,三六零,8.62,0.58,0.05,543888.0,467615137.0,1.63,8.65,8.51,8.55,8.57,0.65,0.78,139.87,2.14,60336188917.0,60336188917.0,0.0,0.0,-17.12,-22.13
3778,600719,大连热电,6.94,0.58,0.04,75194.0,51761211.0,3.77,6.98,6.72,6.85,6.9,0.69,1.86,28.0,7.82,2807921224.0,2807921224.0,0.0,0.14,-28.6,6.44
3779,002206,海 利 得,5.24,0.58,0.03,61176.0,32036128.0,1.54,5.26,5.18,5.2,5.21,1.01,0.58,12.36,1.56,6089022633.0,5538527967.0,0.0,0.19,-5.24,-7.26
3780,002208,合肥城建,10.5,0.57,0.06,287526.0,296609423.56,4.79,10.54,10.04,10.4,10.44,0.93,3.58,-21.88,1.47,8434564887.0,8431906413.0,0.0,0.0,-39.13,-15.19
3781,002901,大博医疗,45.77,0.57,0.26,20462.0,93290270.33,2.37,45.98,44.9,45.52,45.51,0.97,0.71,32.32,5.44,18949672790.0,13200627447.0,-0.09,-0.2,13.74,-2.16
3782,002980,华盛昌,94.52,0.57,0.54,86204.0,807904087.44,6.44,96.9,90.85,91.68,93.98,0.65,8.51,250.68,15.77,17808628892.0,9573630132.0,0.04,0.04,-7.27,348.6
3783,600268,国电南自,10.55,0.57,0.06,72973.0,76615868.0,1.72,10.57,10.39,10.41,10.49,0.56,0.72,27.64,2.87,10714439812.0,10713476998.0,0.09,0.0,-24.48,2.63
3784,601330,绿色动力,7.05,0.57,0.04,61157.0,43103994.0,1.14,7.08,7.0,7.02,7.01,1.06,0.62,12.21,1.27,10084355447.0,6973121414.0,0.0,0.0,-25.71,8.29
3785,600469,风神股份,5.25,0.57,0.03,76302.0,40113061.0,2.11,5.3,5.19,5.2,5.22,1.34,0.9,22.95,1.02,4672682763.0,4442755758.0,0.19,0.0,-12.35,-23.25
3786,920489,佳先股份,12.45,0.57,0.07,18682.0,23287789.56,3.47,12.62,12.19,12.3,12.38,0.63,2.15,-273.02,3.56,1698917040.0,1080977836.0,-0.24,-0.4,-17.55,-30.83
3787,601778,晶科科技,3.61,0.56,0.02,838184.0,301012225.0,3.62,3.64,3.51,3.55,3.59,0.75,2.25,-26.08,0.82,13440190638.0,13440190638.0,-0.55,-0.28,-37.97,-2.17
3788,603855,华荣股份,16.04,0.56,0.09,10073.0,16093117.0,1.38,16.06,15.84,15.98,15.95,0.93,0.3,14.34,2.83,5413676440.0,5381941300.0,0.06,0.12,-5.98,-12.64
3789,002258,利尔化学,14.24,0.56,0.08,138377.0,196541287.35,2.61,14.4,14.03,14.1,14.16,0.43,1.73,24.77,1.45,11398226127.0,11379874569.0,0.07,0.14,14.56,10.82
3790,600028,中国石化,5.36,0.56,0.03,3025686.0,1623479532.0,1.69,5.4,5.31,5.33,5.33,1.02,0.32,12.65,0.77,648160756230.0,507873268010.0,0.19,0.0,12.61,-11.7
3791,301596,瑞迪智驱,46.76,0.56,0.26,12611.0,58530956.82,4.17,47.25,45.31,46.0,46.5,0.52,2.88,62.29,5.74,5051549199.0,2050110744.0,-0.06,0.0,-10.23,-16.51
3792,920368,连城数控,23.18,0.56,0.13,20405.0,46903586.84,3.25,23.32,22.57,23.09,23.05,0.59,0.91,111.67,1.29,5442210599.0,5177694208.0,0.13,0.22,-29.24,-6.8
3793,920690,捷众科技,16.28,0.56,0.09,7165.0,11580217.64,2.16,16.3,15.95,16.19,16.19,0.35,1.28,24.4,2.4,1403173200.0,912148929.0,0.0,0.31,-10.99,-35.52
3794,002795,永和智控,7.12,0.56,0.04,117775.0,82858804.0,3.95,7.15,6.87,7.09,7.08,0.89,2.71,24.81,7.14,3144814480.0,3089925831.0,-0.14,-0.14,-15.24,13.02
3795,002281,光迅科技,167.32,0.56,0.93,268359.0,4433016360.77,5.81,169.98,160.31,164.23,166.39,0.71,3.41,118.96,9.58,138515667574.0,131518498105.0,0.04,-0.01,-18.1,139.2
3796,920029,开发科技,34.99,0.55,0.19,5142.0,17945615.19,1.55,35.14,34.6,34.6,34.8,0.59,0.26,33.88,2.03,7240870244.0,7045754632.0,0.2,0.06,-20.71,-42.13
3797,601222,林洋能源,5.51,0.55,0.03,119048.0,65568977.0,1.64,5.54,5.45,5.48,5.48,0.96,0.58,46.7,0.74,11247123060.0,11247123060.0,0.0,0.0,-16.52,0.73
3798,600332,白云山,20.22,0.55,0.11,82330.0,165942427.0,1.24,20.23,19.98,20.11,20.11,0.7,0.59,7.84,0.84,32873492989.0,28427114989.0,0.0,0.0,-4.89,-20.05
3799,688599,天合光能,12.71,0.55,0.07,137097.0,173235471.0,1.98,12.72,12.47,12.53,12.64,0.59,0.59,-55.16,1.46,29774035289.0,29774035289.0,0.08,0.24,-16.22,-23.2
3800,002053,云南能投,9.21,0.55,0.05,43690.0,40208064.2,1.42,9.26,9.13,9.19,9.16,0.35,0.47,10.29,1.13,8479918363.0,8479858268.0,0.0,0.11,-22.93,-19.14
3801,300724,捷佳伟创,56.6,0.55,0.31,69846.0,390339413.0,4.35,57.0,54.55,55.84,56.29,0.48,2.43,18.24,1.5,19713327540.0,16284637813.0,-0.05,-0.04,-26.89,-40.04
3802,000932,华菱钢铁,3.66,0.55,0.02,616049.0,224092820.37,1.37,3.66,3.61,3.63,3.64,0.96,0.9,55.65,0.46,25080549526.0,25080549526.0,0.0,0.0,-6.63,-32.97
3803,920076,国亮新材,12.75,0.55,0.07,3245.0,4130491.02,1.26,12.78,12.62,12.63,12.68,0.55,0.88,16.38,1.53,1492875659.0,469607171.0,0.79,0.16,-10.46,70.68
3804,600372,中航机载,10.88,0.55,0.06,144586.0,156558816.0,1.48,10.9,10.74,10.8,10.82,0.71,0.3,73.1,1.4,52647195334.0,52647195334.0,0.0,0.09,-3.72,-18.62
3805,688777,中控技术,88.8,0.55,0.49,97787.0,870319089.0,3.63,90.26,87.05,88.0,88.31,0.81,1.24,235.19,7.16,70257629998.0,69903281412.0,0.01,-0.22,0.7,81.0
3806,002539,云图控股,12.88,0.55,0.07,171245.0,221318265.63,3.2,13.1,12.69,12.83,12.81,0.89,1.92,12.81,1.64,15555482055.0,11460541890.0,0.39,0.23,4.29,10.84
3807,600125,铁龙物流,5.44,0.55,0.03,142113.0,77243224.0,1.48,5.47,5.39,5.41,5.41,1.65,1.09,9.22,0.9,7102038995.0,7102038995.0,0.18,0.0,-5.56,-14.6
3808,300580,贝斯特,20.01,0.55,0.11,68045.0,136020041.51,3.67,20.28,19.55,19.88,19.9,0.65,1.44,34.38,3.0,10051478468.0,9456575365.0,-0.1,-0.1,-12.51,-23.48
3809,300624,万兴科技,47.4,0.55,0.26,55093.0,258614762.46,3.18,47.7,46.2,47.09,47.14,0.76,3.22,-66.42,9.53,9164141758.0,8116454438.0,0.06,0.06,-24.64,-32.91
3810,920871,派特尔,10.94,0.55,0.06,3261.0,3558962.28,2.39,11.01,10.75,10.88,10.88,0.48,0.69,41.18,3.58,928338217.0,514334134.0,0.18,0.09,-13.93,-27.07
3811,688623,双元科技,58.03,0.54,0.31,4029.0,23283103.0,2.79,58.42,56.81,57.01,57.72,0.58,1.13,56.79,2.35,4962268150.0,2061201460.0,-0.1,-0.15,-20.97,-9.85
3812,603515,欧普照明,16.66,0.54,0.09,8231.0,13663593.0,1.63,16.67,16.4,16.4,16.57,0.6,0.11,23.59,1.9,12366380618.0,12290924146.0,-0.06,0.18,-6.67,-4.42
3813,000543,皖能电力,7.47,0.54,0.04,143636.0,107175905.96,1.21,7.49,7.4,7.44,7.43,0.82,0.63,9.53,1.01,16933469083.0,16933469083.0,0.0,-0.13,-20.87,-1.32
3814,688041,海光信息,232.06,0.54,1.25,182566.0,4223331422.0,3.83,234.59,225.75,226.98,230.81,0.66,0.79,149.96,21.26,539385897397.0,539385897397.0,0.02,0.0,-15.68,3.52
3815,000750,国海证券,3.72,0.54,0.02,228879.0,84934029.45,1.08,3.72,3.68,3.69,3.7,0.68,0.39,23.12,1.05,23756569054.0,21561878794.0,0.0,0.0,0.54,-11.64
3816,300161,华中数控,26.29,0.54,0.14,31843.0,82755434.72,3.33,26.33,25.46,25.67,26.15,0.43,1.63,-16.52,3.39,5223741659.0,5126400226.0,0.0,0.31,-18.0,-9.41
3817,603375,盛景微,37.51,0.54,0.2,13213.0,49054966.0,4.23,37.69,36.11,36.56,37.31,0.87,2.07,648.47,2.45,3776006679.0,2392422647.0,0.19,0.37,-18.91,3.05
3818,300931,通用电梯,15.01,0.54,0.08,40181.0,59900132.68,3.48,15.14,14.62,14.78,14.93,0.38,2.06,-71.88,6.07,3649996710.0,2934476059.0,-0.27,-0.13,-3.78,35.59
3819,601718,ST际华,1.85,0.54,0.01,126786.0,23455359.0,2.17,1.87,1.83,1.84,1.84,0.54,0.29,-13.98,0.68,8067978581.0,8067978581.0,0.0,0.0,-13.15,-44.78
3820,000903,ST云动,1.87,0.54,0.01,122934.0,23025041.0,2.15,1.89,1.85,1.87,1.86,0.69,0.64,-23.31,5.88,3618159047.0,3590889282.0,-0.53,0.0,-3.61,-28.9
3821,600905,三峡能源,3.72,0.54,0.02,774439.0,287612776.0,1.08,3.73,3.69,3.7,3.7,1.39,0.27,25.56,1.2,106346058528.0,106346058528.0,0.0,0.27,-14.29,-8.15
3822,601921,浙版传媒,7.41,0.54,0.04,69168.0,51329029.0,1.76,7.47,7.34,7.36,7.37,0.42,0.31,12.75,1.13,16466666672.0,16466666672.0,-0.13,-0.27,0.41,-2.5
3823,603887,城地香江,9.28,0.54,0.05,427646.0,393872578.0,8.56,9.57,8.78,9.07,9.23,0.83,7.1,-432.88,1.59,5586833027.0,5586833027.0,0.11,0.22,-24.49,-31.36
3824,603693,江苏新能,11.25,0.54,0.06,39625.0,44441654.0,1.61,11.29,11.11,11.19,11.19,0.85,0.44,22.9,1.42,10029103650.0,10029103650.0,0.0,0.09,-33.67,-3.93
3825,603648,畅联股份,9.46,0.53,0.05,19240.0,18160889.0,1.49,9.48,9.34,9.41,9.41,0.65,0.53,25.76,1.93,3428425088.0,3428425088.0,0.0,0.0,5.35,-10.59
3826,002620,*ST瑞和,5.74,0.53,0.03,164324.0,95267637.26,7.88,6.05,5.6,5.89,5.71,2.39,5.2,-24.71,-29.4,2166815560.0,1814253452.0,0.7,0.7,-21.8,13.89
3827,603997,继峰股份,11.45,0.53,0.06,117196.0,133637540.0,2.19,11.5,11.25,11.38,11.39,0.54,0.92,19.95,2.65,14567432693.0,14567432693.0,0.17,0.26,-16.48,-16.97
3828,600765,中航重机,13.24,0.53,0.07,67674.0,89176738.0,1.29,13.25,13.08,13.14,13.17,0.61,0.44,32.53,1.43,20555022586.0,20555022586.0,0.0,0.0,-7.54,-30.86
3829,002112,三变科技,15.3,0.53,0.08,99647.0,150907347.8,3.09,15.32,14.85,15.2,15.22,0.57,3.8,84.95,5.17,4500208615.0,4009824000.0,0.07,0.07,-18.96,15.47
3830,601568,北元化工,3.78,0.53,0.02,136743.0,51672866.0,1.86,3.8,3.73,3.74,3.76,0.91,0.34,183.25,1.34,15015000007.0,15015000007.0,0.27,0.0,0.27,3.0
3831,688226,威腾电气,29.08,0.52,0.15,30647.0,88108958.0,5.18,29.48,27.98,28.5,28.93,0.8,1.62,204.44,2.85,5702173377.0,5489592122.0,-0.14,-0.17,-37.78,-21.62
3832,920414,欧普泰,7.7,0.52,0.04,6914.0,5324859.36,3.39,7.83,7.57,7.61,7.66,0.76,1.23,-21.96,2.33,614060917.0,431797420.0,-0.52,-0.13,-23.54,-31.56
3833,300345,华民股份,9.65,0.52,0.05,776812.0,748779495.73,6.25,9.95,9.35,9.63,9.6,0.76,16.16,-22.47,16.31,5609859358.0,4639176715.0,-0.31,-0.52,58.72,53.91
3834,688318,财富趋势,73.98,0.52,0.38,29696.0,219507464.0,3.21,75.08,72.72,73.48,73.6,0.6,0.83,192.01,7.03,26526805895.0,26526805895.0,0.07,-0.01,-9.24,-21.5
3835,688382,益方生物-U,19.16,0.52,0.1,154706.0,292619640.0,6.4,19.45,18.23,19.08,19.06,0.65,2.67,-40.51,7.87,11104982797.0,11104982797.0,-0.21,-0.57,2.51,-29.66
3836,002273,水晶光电,25.37,0.52,0.13,435339.0,1081557158.58,6.14,25.63,24.08,24.87,25.24,0.84,3.19,33.64,3.46,35280339447.0,34657484534.0,-0.08,0.0,-30.17,1.81
3837,002297,博云新材,17.55,0.52,0.09,467786.0,805280052.55,6.64,17.78,16.62,17.0,17.46,0.98,8.16,29.54,4.38,10057989573.0,10057989573.0,0.0,0.06,-10.73,46.62
3838,920175,东方碳素,7.72,0.52,0.04,6563.0,5053274.55,1.69,7.76,7.63,7.65,7.68,0.61,0.83,-16.52,1.42,918680000.0,612009639.0,0.0,0.13,-15.72,-31.8
3839,603111,康尼机电,5.85,0.52,0.03,46665.0,27207791.0,1.89,5.87,5.76,5.8,5.82,1.14,0.56,22.6,1.31,5042879431.0,4899931897.0,-0.17,0.0,-3.31,-10.82
3840,000600,建投能源,7.96,0.51,0.04,106211.0,84259631.02,1.39,7.97,7.86,7.93,7.92,0.62,0.97,5.99,1.19,14353745633.0,8676804973.0,0.0,0.0,-33.61,-3.05
3841,002736,国信证券,9.88,0.51,0.05,122364.0,120730391.41,0.71,9.89,9.82,9.82,9.83,0.76,0.13,12.02,1.05,101188421433.0,94970802245.0,0.1,0.0,0.82,-22.02
3842,300854,中兰环保,17.71,0.51,0.09,39405.0,69562735.6,4.6,17.93,17.12,17.36,17.62,0.67,3.46,168.93,2.76,2476151986.0,2018607849.0,0.06,-0.17,-38.76,47.22
3843,300910,瑞丰新材,25.39,0.51,0.13,29628.0,75030050.83,1.5,25.46,25.08,25.08,25.26,0.57,1.1,17.38,2.76,9725443413.0,6811530331.0,0.12,0.08,-26.62,-40.33
3844,688107,安路科技,30.15,0.5,0.15,56954.0,170167030.0,4.0,30.4,29.2,29.76,30.0,0.89,1.42,-74.04,13.39,12085608415.0,12085608415.0,0.33,0.3,-34.7,10.93
3845,603518,锦泓集团,8.12,0.5,0.04,109977.0,87563428.0,5.57,8.14,7.69,7.95,8.08,1.99,3.2,9.61,0.74,2804258110.0,2793880750.0,0.0,0.12,-11.83,-14.62
3846,002939,长城证券,7.99,0.5,0.04,137619.0,109670881.9,0.75,7.99,7.93,7.93,7.95,0.72,0.38,12.98,1.0,32235071378.0,28785250452.0,0.0,0.13,-3.73,-20.73
3847,002236,大华股份,16.18,0.5,0.08,208679.0,336378231.0,1.37,16.21,15.99,16.02,16.1,0.55,0.87,11.1,1.35,52896660357.0,38688637353.0,0.0,0.06,-3.98,-12.87
3848,601186,中国铁建,6.06,0.5,0.03,245400.0,148574246.0,0.66,6.07,6.03,6.04,6.03,0.86,0.21,4.68,0.3,82292021490.0,69709667730.0,0.0,0.0,-2.1,-17.77
3849,920892,广咨国际,9.99,0.5,0.05,3311.0,3297393.14,2.11,10.08,9.87,9.87,9.94,0.56,0.22,57.93,4.94,1701810016.0,1507016925.0,-0.3,0.1,-22.56,-33.88
3850,600369,西南证券,4.03,0.5,0.02,224824.0,90670329.0,1.0,4.05,4.01,4.01,4.01,0.82,0.34,22.15,1.02,26779789770.0,26779789770.0,0.0,-0.25,2.03,-8.41
3851,688278,特宝生物,59.77,0.5,0.3,34873.0,208337549.0,3.5,60.76,58.68,59.0,59.47,0.4,0.85,25.6,7.86,24397485220.0,24397485220.0,0.0,-0.05,6.73,-28.05
3852,001260,坤泰股份,18.05,0.5,0.09,38887.0,69513101.98,4.62,18.23,17.4,17.64,17.96,0.65,3.38,204.58,2.57,2075750000.0,2075750000.0,0.06,0.06,-7.81,-9.34
3853,001299,美能能源,9.98,0.5,0.05,27646.0,27656372.4,1.91,10.08,9.89,9.94,9.93,0.86,0.98,28.31,2.79,3135867566.0,2823095254.0,0.0,0.2,-25.19,-9.11
3854,300527,ST应急,8.03,0.5,0.04,51563.0,41315934.48,1.13,8.06,7.97,8.0,7.99,1.02,0.51,-71.84,2.83,8164666087.0,8164666087.0,0.0,0.0,5.1,-0.37
3855,301168,通灵股份,41.81,0.5,0.21,7055.0,29418017.0,2.28,42.05,41.1,41.75,41.6,0.64,0.74,481.33,2.36,5017200000.0,3985050578.0,0.17,0.05,1.51,-10.43
3856,002077,大港股份,12.14,0.5,0.06,152239.0,182548810.88,4.06,12.2,11.71,11.92,12.08,0.78,2.62,45.87,2.08,7045430948.0,7045430948.0,0.0,0.08,-29.38,-18.36
3857,000683,博源化工,6.17,0.49,0.03,689368.0,422941129.24,2.61,6.22,6.06,6.15,6.14,1.13,2.06,13.75,1.86,22932850725.0,20598950819.0,0.0,0.33,-11.35,-13.59
3858,920802,保丽洁,10.35,0.49,0.05,4056.0,4190073.77,1.55,10.39,10.23,10.38,10.3,0.38,1.12,41.22,1.93,848785802.0,374852595.0,-0.29,0.0,-15.37,-32.31
3859,600588,用友网络,10.18,0.49,0.05,404223.0,408010503.0,2.47,10.2,9.95,10.12,10.13,0.84,1.18,-18.73,5.18,34785033624.0,34785033624.0,0.2,0.3,-10.78,-23.23
3860,600377,宁沪高速,12.25,0.49,0.06,113309.0,139032265.0,1.72,12.36,12.15,12.16,12.19,1.28,0.3,11.29,1.51,61712406875.0,46576741762.0,0.0,0.0,-1.53,5.42
3861,603068,博通集成,36.55,0.49,0.18,76790.0,278013952.0,4.67,36.8,35.1,35.8,36.37,0.72,5.06,54.93,3.1,5547826509.0,5547826509.0,-0.08,-0.11,5.36,-2.56
3862,601098,中南传媒,10.26,0.49,0.05,72565.0,74547641.0,1.18,10.32,10.2,10.2,10.21,0.96,0.4,12.14,1.17,18426960000.0,18426960000.0,-0.19,-0.29,-4.91,-5.09
3863,000027,深圳能源,6.17,0.49,0.03,193487.0,119246310.08,0.98,6.19,6.13,6.14,6.14,1.2,0.41,5.87,0.9,29353095782.0,29353095782.0,0.0,0.16,-21.5,-2.99
3864,000032,深桑达Ａ,14.33,0.49,0.07,274006.0,389795171.85,3.23,14.44,13.98,14.1,14.26,0.64,2.25,-52.83,2.37,17413519527.0,17413519527.0,0.0,-0.07,-12.99,-25.87
3865,688635,长进光子,316.7,0.49,1.55,21061.0,670879640.0,9.84,333.0,302.0,302.0,315.15,0.71,11.86,372.93,19.83,29665289000.0,5623488934.0,0.0,0.06,-46.84,672.82
3866,300766,每日互动,21.0,0.48,0.1,108466.0,226128578.04,2.39,21.05,20.55,20.77,20.9,0.63,3.03,-128.79,5.29,8289744897.0,7516675173.0,0.0,0.19,-18.22,-35.92
3867,601139,深圳燃气,6.32,0.48,0.03,126519.0,80154490.0,1.43,6.38,6.29,6.3,6.29,0.79,0.44,11.68,1.08,18181024956.0,18181024956.0,0.0,-0.16,-3.81,-1.86
3868,000709,河钢股份,2.11,0.48,0.01,595505.0,125564685.48,1.43,2.12,2.09,2.09,2.1,0.89,0.58,16.88,0.42,21811325504.0,21807720160.0,-0.47,0.0,-4.95,-7.05
3869,600702,舍得酒业,35.3,0.48,0.17,48881.0,171988692.0,2.19,35.66,34.89,35.4,35.13,0.78,1.47,40.39,1.68,11722807535.0,11717865535.0,0.0,0.11,-20.35,-36.7
3870,920207,众诚科技,20.75,0.48,0.1,9424.0,19489468.83,2.52,20.81,20.29,20.44,20.65,0.39,1.67,136.28,6.57,1913046250.0,1168525211.0,-0.05,0.1,-19.48,-6.74
3871,603011,合锻智能,22.8,0.48,0.11,239254.0,538988391.0,5.95,23.18,21.83,22.35,22.69,0.56,4.84,-98.25,6.05,11272649164.0,11272649164.0,0.09,0.04,-16.82,-3.84
3872,000963,华东医药,27.28,0.48,0.13,128970.0,350600748.05,1.44,27.32,26.93,27.05,27.15,0.34,0.74,11.93,1.94,47841941213.0,47822197313.0,-0.04,-0.04,-4.21,-29.82
3873,301108,洁雅股份,38.0,0.48,0.18,17084.0,63783615.0,4.31,38.13,36.5,37.37,37.82,0.92,2.64,104.13,2.28,4277137576.0,2463669770.0,0.0,0.03,55.55,14.77
3874,301039,中集车辆,8.3,0.48,0.04,257157.0,209810185.14,6.3,8.35,7.83,8.18,8.26,1.48,1.78,23.29,1.1,15555232686.0,12009746213.0,0.12,0.0,6.41,-5.68
3875,603701,德宏股份,19.26,0.47,0.09,24744.0,47369454.0,3.08,19.39,18.8,18.9,19.17,0.9,0.95,205.46,6.25,5033830213.0,5033830213.0,-0.1,-0.26,-22.65,-4.27
3876,600927,永安期货,12.91,0.47,0.06,57061.0,73659005.0,1.32,13.0,12.83,12.9,12.85,1.3,0.39,24.13,1.42,18725240509.0,18725240509.0,0.08,-0.08,-6.45,-19.06
3877,300056,中创环保,8.49,0.47,0.04,61531.0,52155964.12,2.6,8.59,8.37,8.38,8.45,0.72,1.6,-61.23,45.67,3272813861.0,3270331810.0,-0.24,-0.12,-14.24,3.28
3878,688198,佰仁医疗,76.44,0.47,0.36,4561.0,34843648.0,1.96,76.99,75.5,76.1,76.08,0.52,0.33,63.62,8.37,10529467287.0,10529467287.0,0.0,0.24,-9.42,-28.03
3879,600644,乐山电力,8.8,0.46,0.04,126907.0,111036348.0,2.51,8.82,8.6,8.65,8.76,0.72,2.19,369.65,2.46,5089223198.0,5089223198.0,0.0,0.11,-23.28,-9.65
3880,300880,迦南智能,19.86,0.46,0.09,26341.0,52056100.42,3.14,20.02,19.4,19.51,19.77,0.97,1.35,77.6,3.71,3875426381.0,3875426381.0,0.05,0.3,-16.2,13.94
3881,920839,万通液压,23.8,0.46,0.11,2951.0,7086118.58,3.63,24.38,23.52,23.64,23.69,0.37,0.45,22.9,4.33,2813397310.0,1551821785.0,-1.33,-1.37,-12.56,-42.88
3882,300475,香农芯创,153.7,0.46,0.7,149549.0,2269006407.5,5.38,155.43,147.2,151.98,153.0,0.56,3.32,13.59,14.74,72168569588.0,69170497388.0,-0.01,-0.03,-7.97,6.54
3883,600550,保变电气,10.96,0.46,0.05,130427.0,142723033.0,2.2,11.03,10.79,10.91,10.91,0.56,0.71,75.5,20.58,20183152141.0,20183152141.0,0.09,0.0,-20.69,3.89
3884,603418,友升股份,43.45,0.46,0.2,6488.0,28161384.0,1.04,43.61,43.16,43.55,43.25,0.8,1.57,16.81,1.82,8388823892.0,1797292391.0,-0.09,0.09,-15.07,-27.18
3885,688589,力合微,19.62,0.46,0.09,40161.0,78321841.0,3.89,19.82,19.06,19.31,19.53,0.73,2.76,73.92,2.97,2851345523.0,2851345523.0,-0.15,0.0,-8.4,-13.38
3886,603040,新坐标,52.34,0.46,0.24,8938.0,46819500.0,3.9,53.11,51.08,52.06,52.1,0.63,0.45,39.05,7.11,10329690084.0,10329310619.0,-0.06,-0.27,-4.37,-16.83
3887,600285,羚锐制药,19.67,0.46,0.09,57448.0,113017764.0,1.07,19.75,19.54,19.58,19.58,0.47,1.01,11.27,3.45,11155161610.0,11142867860.0,0.05,0.1,-5.43,0.31
3888,601390,中国中铁,4.38,0.46,0.02,678576.0,296752981.0,1.15,4.39,4.34,4.35,4.36,0.93,0.33,6.16,0.34,107447139241.0,89018771041.0,-0.23,0.0,-7.4,-17.67
3889,600130,波导股份,4.36,0.46,0.02,226429.0,97269968.0,4.84,4.39,4.18,4.27,4.34,1.14,3.02,445.61,3.6,3270000000.0,3270000000.0,0.0,0.46,-13.32,4.06
3890,600273,嘉化能源,6.57,0.46,0.03,187230.0,123659425.0,2.6,6.66,6.49,6.51,6.54,1.11,1.43,19.68,0.86,8615300932.0,8615300932.0,-0.3,-0.15,-12.17,-22.61
3891,301157,华塑科技,60.08,0.45,0.27,7273.0,43267652.0,3.64,60.34,58.16,60.08,59.81,0.94,3.52,92.18,3.27,3604800000.0,1241120924.0,0.15,0.15,-12.41,15.83
3892,002368,太极股份,13.48,0.45,0.06,59108.0,79324623.71,2.01,13.53,13.26,13.42,13.42,0.51,0.95,-11.9,2.26,8401157735.0,8378852177.0,-0.07,0.0,-14.79,-44.96
3893,605060,联德股份,42.38,0.45,0.19,41405.0,174981719.0,5.95,43.3,40.79,41.74,42.19,0.84,1.73,36.62,3.92,10196288960.0,10123903920.0,0.17,0.0,-13.81,15.76
3894,300867,圣元环保,17.76,0.45,0.08,90772.0,161527032.67,3.56,18.19,17.56,17.6,17.68,0.73,4.74,10.74,1.21,4826121101.0,3403310119.0,-0.06,-0.06,-12.64,-6.38
3895,002439,启明星辰,13.27,0.45,0.06,96653.0,127684780.1,1.82,13.3,13.06,13.08,13.21,0.61,1.33,261.08,1.48,16075280720.0,9667973073.0,0.0,0.0,-8.36,-6.02
3896,300151,昌红科技,16.16,0.44,0.07,117429.0,185484874.86,5.66,16.27,15.36,15.88,16.09,0.61,3.18,213.17,5.62,8605353504.0,5958156238.0,0.0,-0.12,-29.77,7.73
3897,002102,ST能特,2.26,0.44,0.01,95862.0,21533752.0,2.22,2.27,2.22,2.27,2.25,1.0,0.46,29.1,1.81,5460712898.0,4679484867.0,0.0,0.0,-3.83,-32.13
3898,600323,瀚蓝环境,29.73,0.44,0.13,37906.0,112855851.0,1.79,30.1,29.57,29.79,29.6,0.74,0.46,10.06,1.6,24240270651.0,24240270651.0,-0.1,-0.03,-2.91,6.94
3899,002376,新北洋,6.78,0.44,0.03,118888.0,80263419.96,2.22,6.81,6.66,6.71,6.75,0.67,1.51,51.68,1.49,5495614028.0,5339009683.0,0.15,0.15,1.19,-9.84
3900,920375,派诺科技,6.83,0.44,0.03,9675.0,6606053.27,2.06,6.89,6.75,6.75,6.8,0.47,1.06,-16.54,1.36,1038948114.0,620728588.0,0.15,0.0,-27.26,-26.56
3901,000869,张  裕Ａ,16.0,0.44,0.07,19311.0,30926750.45,1.57,16.13,15.88,15.92,15.93,0.91,0.42,37.42,1.02,10515842048.0,7280889920.0,-0.12,-0.12,-12.28,-21.3
3902,300840,酷特智能,18.21,0.44,0.08,44903.0,81116377.0,3.97,18.38,17.66,17.98,18.13,0.7,2.54,88.06,3.47,4370400000.0,3224720308.0,0.05,0.17,-20.24,-10.52
3903,600732,爱旭股份,11.5,0.44,0.05,155647.0,177671812.0,2.53,11.52,11.23,11.44,11.45,0.59,0.74,-13.83,5.13,24324737935.0,24210413272.0,0.0,0.0,-6.35,-14.18
3904,000623,吉林敖东,18.06,0.44,0.08,77871.0,140078195.35,0.78,18.06,17.92,17.92,17.98,0.7,0.65,6.23,0.69,21597870689.0,21512961545.0,0.06,0.11,5.68,-6.13
3905,600409,三友化工,6.95,0.43,0.03,388956.0,272241067.0,3.32,7.11,6.88,6.89,6.92,1.37,1.88,-39.19,1.05,14347228664.0,14347228664.0,0.0,0.0,7.42,12.82
3906,001286,陕西能源,9.42,0.43,0.04,190539.0,179911451.12,2.03,9.54,9.35,9.38,9.38,0.53,1.41,13.1,1.33,35325000000.0,12717000000.0,-0.11,-0.11,-29.39,5.84
3907,920925,锦好医疗,11.68,0.43,0.05,5996.0,7017027.05,2.24,11.83,11.57,11.68,11.63,0.55,1.08,-42.99,3.17,1151421910.0,645846219.0,-0.6,-0.51,-11.72,-63.27
3908,603938,三孚股份,41.59,0.43,0.18,133128.0,542399213.0,7.8,42.33,39.1,40.37,41.41,0.72,3.48,66.8,6.09,15913352830.0,15913352830.0,0.0,0.14,-0.48,117.86
3909,300959,线上线下,90.97,0.43,0.39,17116.0,153047591.65,4.96,91.5,87.01,89.0,90.58,0.72,3.27,-850.38,6.62,7311058766.0,4760297900.0,-0.01,0.2,-56.03,-3.94
3910,603091,众鑫股份,49.5,0.43,0.21,4679.0,23202119.0,2.92,50.19,48.75,49.49,49.29,0.58,1.06,18.88,3.24,7085148345.0,2178904217.0,-0.1,-0.5,-1.77,-11.43
3911,601006,大秦铁路,4.72,0.43,0.02,1088502.0,514919911.0,1.28,4.76,4.7,4.71,4.7,0.91,0.55,11.02,0.57,93752853912.0,93752853912.0,0.0,-0.21,-7.09,-5.98
3912,301258,富士莱,26.17,0.42,0.11,14901.0,38469735.64,4.41,26.25,25.1,25.8,26.06,1.22,1.63,-82.06,1.31,2399003900.0,2385029120.0,0.15,0.35,-3.72,-18.95
3913,002005,德豪润达,2.38,0.42,0.01,127887.0,30382937.0,2.11,2.4,2.35,2.36,2.37,1.05,0.73,-454.46,13.75,4170771162.0,4169743716.0,0.42,0.0,-19.87,-4.03
3914,301129,瑞纳智能,23.93,0.42,0.1,50065.0,117975575.69,6.67,24.1,22.51,23.12,23.83,0.53,7.42,140.36,1.78,3251306882.0,1614616925.0,0.34,0.42,-8.56,1.36
3915,000899,赣能股份,9.49,0.42,0.04,107851.0,101699371.1,2.96,9.53,9.25,9.3,9.45,0.96,1.11,18.46,1.52,9259181942.0,9259181942.0,-0.11,0.0,-31.97,1.71
3916,300702,天宇股份,21.57,0.42,0.09,17421.0,37315191.0,1.96,21.63,21.21,21.45,21.48,0.53,0.83,44.48,2.05,7505867320.0,4538543506.0,0.05,-0.05,12.05,-8.41
3917,001382,新亚电缆,16.8,0.42,0.07,22335.0,37264730.41,3.95,16.96,16.3,16.47,16.73,1.24,3.55,77.76,4.25,6921600000.0,1058400000.0,0.06,-0.24,-20.15,-17.77
3918,300534,陇神戎发,16.77,0.42,0.07,677467.0,1153838166.0,12.4,17.87,15.8,16.72,16.7,0.85,22.43,51.57,7.0,5087095650.0,5065403454.0,-0.12,0.18,105.26,77.27
3919,688032,禾迈股份,74.2,0.42,0.31,8446.0,62311628.0,2.68,74.42,72.44,73.89,73.89,0.96,0.68,-37.01,1.62,9206257039.0,9206257039.0,0.26,0.15,-23.51,-26.38
3920,603536,惠发食品,9.54,0.42,0.04,56923.0,54080222.0,2.21,9.59,9.38,9.42,9.5,1.13,2.37,315.88,6.49,2294677760.0,2294677760.0,0.1,0.32,-2.55,-14.21
3921,002678,珠江钢琴,4.82,0.42,0.02,110666.0,53289472.84,2.29,4.86,4.75,4.78,4.8,0.45,0.82,-25.97,2.21,6547103957.0,6543508839.0,0.0,0.0,-20.59,-9.57
3922,688567,孚能科技,9.56,0.42,0.04,75777.0,72310031.0,2.42,9.64,9.41,9.53,9.52,0.87,0.62,-20.83,1.28,11683313141.0,11683313141.0,0.0,-0.1,-27.36,-38.91
3923,920057,百甲科技,4.89,0.41,0.02,6538.0,3183012.18,2.67,4.9,4.77,4.84,4.87,0.76,0.56,121.82,1.24,886377522.0,569843167.0,0.0,0.0,-11.41,-24.42
3924,000885,城发环境,12.15,0.41,0.05,50581.0,61334306.78,1.07,12.18,12.05,12.09,12.1,0.76,0.79,6.84,0.8,7801250798.0,7801250798.0,-0.08,-0.08,-7.32,-8.85
3925,600478,科力远,4.93,0.41,0.02,237335.0,116209078.0,2.44,4.95,4.83,4.89,4.91,1.16,1.4,73.9,2.74,8351020256.0,8351020256.0,0.2,0.41,-19.31,-28.45
3926,000541,佛山照明,4.93,0.41,0.02,47540.0,23400317.64,1.43,4.94,4.87,4.88,4.91,0.78,0.39,90.77,1.12,7571386674.0,6066462156.0,0.0,0.0,-1.4,-17.28
3927,002538,ST司特,7.33,0.41,0.03,64547.0,47256541.0,1.78,7.38,7.25,7.32,7.3,0.66,0.76,22.63,1.2,6256563743.0,6252462886.0,0.14,0.14,18.23,16.35
3928,000651,格力电器,41.62,0.41,0.17,485757.0,2024059699.09,1.38,41.98,41.41,41.46,41.45,1.0,0.88,9.58,1.66,233130506940.0,229826034308.0,-0.07,-0.07,6.47,6.12
3929,603568,伟明环保,14.71,0.41,0.06,56883.0,83788013.0,2.32,14.91,14.57,14.7,14.65,0.62,0.28,16.21,2.06,30132808619.0,30132808619.0,-0.07,0.07,-4.17,-28.77
3930,000009,中国宝安,7.26,0.41,0.03,176285.0,127554713.12,1.66,7.29,7.17,7.25,7.23,0.83,0.68,268.07,1.88,18725093386.0,18701908576.0,0.0,0.14,-2.81,-26.29
3931,600995,南网储能,12.29,0.41,0.05,76650.0,94102029.0,1.14,12.34,12.2,12.23,12.24,0.78,0.24,17.66,1.68,39278911343.0,39278911343.0,0.24,0.24,-24.79,-1.29
3932,300444,双杰电气,9.79,0.41,0.04,186814.0,181593098.0,3.18,9.84,9.53,9.65,9.75,0.67,2.98,7.0,3.79,7877230681.0,6142654233.0,-0.1,-0.1,-34.07,2.3
3933,600733,北汽蓝谷,4.98,0.4,0.02,875389.0,433148730.0,2.82,5.02,4.88,4.94,4.96,1.12,1.45,-9.11,5.27,31708426731.0,30103829989.0,0.0,0.4,-18.76,-37.98
3934,600671,天目药业,19.92,0.4,0.08,17147.0,34294680.0,3.18,20.16,19.53,19.81,19.84,0.79,1.41,158.92,32.86,2425835389.0,2425669017.0,-0.1,0.05,11.78,15.08
3935,600516,方大炭素,5.06,0.4,0.02,227843.0,115218890.0,1.39,5.08,5.01,5.02,5.04,0.61,0.57,574.88,1.25,20371410062.0,20371410062.0,0.0,0.0,-0.39,-10.92
3936,600589,大位科技,7.45,0.4,0.03,368470.0,272201319.0,3.91,7.5,7.21,7.3,7.42,0.68,2.49,-79.13,18.88,11037695681.0,11014600681.0,0.0,0.0,-28.64,4.05
3937,300852,四会富仕,45.0,0.4,0.18,42150.0,187479098.2,5.22,45.75,43.41,44.25,44.82,0.6,2.72,41.11,3.18,7223452425.0,6973033995.0,0.02,0.02,-11.89,18.3
3938,002261,拓维信息,25.18,0.4,0.1,202720.0,509546096.43,1.99,25.3,24.8,24.9,25.08,0.38,1.77,229.16,12.15,31725998621.0,28858936012.0,0.0,-0.04,-17.39,-23.93
3939,000498,山东路桥,5.0,0.4,0.02,105309.0,52687904.0,1.0,5.02,4.97,4.98,4.98,1.45,0.73,11.57,0.47,7762210120.0,7246738895.0,-0.2,-0.2,-2.91,-14.38
3940,600753,ST海钦,10.0,0.4,0.04,6694.0,6667673.0,2.11,10.05,9.84,9.99,9.96,0.61,0.29,54.89,26.64,2303071750.0,2303071750.0,0.0,0.0,-25.54,17.79
3941,605007,五洲特纸,14.88,0.4,0.06,31673.0,47058874.0,1.69,14.97,14.72,14.83,14.82,0.85,0.67,15.4,1.94,7078862445.0,7061707293.0,0.07,-0.33,5.68,11.46
3942,603071,物产环能,12.67,0.4,0.05,43217.0,54688321.0,2.46,12.78,12.47,12.48,12.62,0.47,0.77,9.77,1.19,7069282780.0,7069282780.0,0.0,0.08,-13.75,-0.63
3943,301276,嘉曼服饰,20.18,0.4,0.08,24481.0,48860520.22,5.52,20.4,19.29,20.1,20.1,0.97,3.39,13.0,1.24,2615328000.0,1458360309.0,-0.49,0.25,-21.78,-31.55
3944,600388,紫金龙净,17.42,0.4,0.07,73943.0,128310653.0,1.84,17.49,17.17,17.36,17.35,0.6,0.58,19.86,2.03,22124206424.0,22124206424.0,-0.06,-0.06,-5.84,9.35
3945,601528,瑞丰银行,4.99,0.4,0.02,165695.0,82662304.0,2.41,5.06,4.94,4.98,4.97,1.02,0.89,5.45,0.48,9791185361.0,9260296721.0,0.2,0.0,2.89,-9.11
3946,300826,测绘股份,14.94,0.4,0.06,50119.0,73838733.11,2.62,14.97,14.58,14.8,14.88,0.59,2.28,122.13,2.28,3409607233.0,3279991962.0,-0.13,0.95,10.01,13.27
3947,300517,海波重科,10.22,0.39,0.04,56231.0,56614139.0,5.01,10.29,9.78,10.08,10.18,1.75,4.45,-131.75,2.02,2048266339.0,1290099727.0,0.2,0.1,-13.1,-6.75
3948,301155,海力风电,41.16,0.39,0.16,16476.0,67393987.49,2.29,41.31,40.37,41.0,41.0,0.56,1.34,167.01,1.56,8947833234.0,5073313398.0,0.02,0.07,-32.49,-49.04
3949,000691,亚太实业,10.22,0.39,0.04,49270.0,50306625.1,3.83,10.44,10.05,10.12,10.18,0.54,1.52,-1423.44,11.03,4955729100.0,3303819400.0,0.0,-0.1,9.66,44.96
3950,300366,ST创意,5.14,0.39,0.02,37176.0,19056014.0,1.95,5.16,5.06,5.12,5.12,0.6,0.7,-14.65,2.71,3122941411.0,2726782799.0,0.39,0.19,-7.39,-24.52
3951,603530,神马电力,46.9,0.39,0.18,26950.0,125009717.0,3.53,47.18,45.53,46.3,46.72,0.57,0.63,47.1,11.15,20232865281.0,20048097901.0,0.15,0.13,-20.25,15.12
3952,600929,雪天盐业,5.22,0.38,0.02,155370.0,81270987.0,2.12,5.27,5.16,5.21,5.2,0.93,0.95,54.06,1.12,8561391196.0,8561391196.0,0.19,0.19,-6.45,-7.45
3953,920171,志晟信息,15.91,0.38,0.06,9018.0,14411694.77,2.84,16.16,15.71,15.71,15.85,0.77,1.33,743.36,7.28,1594710769.0,1076024802.0,-0.06,0.19,-19.44,-32.01
3954,301195,北路智控,26.2,0.38,0.1,11339.0,29388613.0,4.21,26.35,25.25,25.8,26.1,1.32,1.29,37.87,1.43,3460229808.0,2297473494.0,0.08,0.15,-7.49,-22.78
3955,920407,驰诚股份,10.5,0.38,0.04,3660.0,3859419.26,2.49,10.67,10.41,10.41,10.46,0.29,0.81,49.03,4.21,1165491600.0,474486222.0,0.0,-0.47,-13.22,-45.37
3956,600970,中材国际,7.85,0.38,0.03,126769.0,99478440.0,1.66,7.89,7.76,7.82,7.82,1.03,0.48,11.32,0.93,20581231453.0,20581231453.0,-0.13,0.0,-7.65,-20.79
3957,000552,甘肃能化,2.63,0.38,0.01,972034.0,257124261.48,3.44,2.69,2.6,2.6,2.62,1.31,2.61,40.42,0.85,14075278121.0,9798889615.0,0.0,0.0,-8.04,13.85
3958,603008,ST喜临门,8.17,0.37,0.03,37841.0,30886006.0,1.47,8.22,8.1,8.15,8.14,0.81,1.03,-20.97,0.86,3008949194.0,3008949194.0,0.12,0.25,-11.96,-60.11
3959,000553,安道麦A,5.48,0.37,0.02,81377.0,44759603.46,2.38,5.54,5.41,5.41,5.46,0.85,0.37,14.76,0.72,12767368478.0,11930354346.0,0.37,0.18,-14.51,0.0
3960,920392,佳合科技,13.53,0.37,0.05,1468.0,1981715.37,1.71,13.62,13.39,13.62,13.48,0.31,0.41,93.73,3.04,1037327511.0,487619847.0,0.59,0.74,-17.95,-61.33
3961,000839,国安股份,2.73,0.37,0.01,384800.0,105172147.0,2.21,2.75,2.69,2.7,2.72,0.75,0.98,-832.1,6.89,10701125941.0,10701125941.0,0.0,0.0,-9.9,3.41
3962,688418,震有科技,32.24,0.37,0.12,35357.0,111923738.0,5.6,32.5,30.7,32.0,32.12,0.72,1.84,-23.76,8.49,6207961400.0,6207961400.0,0.0,-0.03,-29.76,-25.85
3963,920001,纬达光电,10.97,0.37,0.04,12855.0,13958150.77,3.66,11.05,10.65,11.05,10.93,0.54,1.43,-76.29,2.38,1685497761.0,987876079.0,0.0,-0.09,-29.09,-43.69
3964,603931,格林达,35.08,0.37,0.13,41086.0,142029271.0,5.98,35.47,33.38,34.3,34.95,0.74,2.06,59.7,3.57,7000507970.0,7000507970.0,0.11,-0.17,-46.55,11.72
3965,002367,康力电梯,5.37,0.37,0.02,119905.0,63336321.68,5.42,5.38,5.09,5.29,5.35,1.53,1.51,22.32,1.19,4283893099.0,4268313520.0,0.0,-0.19,-10.35,-32.11
3966,300473,德尔股份,24.59,0.37,0.09,131640.0,321428970.2,4.86,24.89,23.7,24.39,24.5,2.45,8.75,22.68,2.22,4245767998.0,3701194292.0,0.08,0.08,-30.54,-17.43
3967,605399,晨光新材,10.75,0.37,0.04,29014.0,30931156.0,2.71,10.79,10.5,10.63,10.71,1.0,0.93,-43.24,1.63,3347241518.0,3343726268.0,-0.09,0.09,-24.08,-20.49
3968,002957,科瑞技术,41.01,0.37,0.15,129360.0,523555168.99,6.98,41.87,39.02,40.0,40.86,0.53,3.09,62.03,5.37,17223480931.0,17170011929.0,0.07,0.07,-32.08,91.64
3969,688690,纳微科技,40.72,0.37,0.15,122758.0,489611987.0,5.72,41.0,38.68,40.6,40.57,0.93,3.04,60.33,8.21,16443337231.0,16443337231.0,-0.22,-0.05,6.76,58.38
3970,002579,中京电子,13.92,0.36,0.05,535150.0,729793352.22,6.42,14.02,13.13,13.65,13.87,0.74,9.17,-47.46,3.71,8527651190.0,8121460537.0,-0.43,-0.36,-26.23,14.29
3971,920425,乐创技术,14.07,0.36,0.05,16143.0,22580374.72,2.5,14.2,13.85,13.89,14.02,0.51,1.95,18.84,4.93,1417006120.0,1166383541.0,0.07,0.14,-16.4,-4.22
3972,600965,*ST福成,2.76,0.36,0.01,67328.0,18662215.0,3.64,2.82,2.72,2.72,2.75,0.5,0.82,26.27,1.03,2259614636.0,2259614636.0,-0.72,0.0,-15.34,-53.61
3973,603214,爱婴室,13.79,0.36,0.05,34080.0,46633143.0,4.0,13.86,13.31,13.33,13.74,1.94,2.46,22.6,1.61,1910467096.0,1910467096.0,0.0,-0.07,-9.34,-18.45
3974,300984,金沃股份,31.08,0.36,0.11,35443.0,109367250.12,4.68,31.45,30.0,30.0,30.97,0.95,2.86,106.49,3.37,5981429108.0,3854836767.0,-0.1,0.06,-22.24,-48.55
3975,600651,飞乐音响,5.68,0.35,0.02,185522.0,105010969.0,2.83,5.75,5.59,5.65,5.66,0.99,0.74,564.23,5.64,14239919125.0,14239919125.0,-0.18,-0.18,-14.33,-22.09
3976,600688,上海石化,2.85,0.35,0.01,774561.0,221183775.0,1.76,2.88,2.83,2.83,2.84,1.27,1.06,50.01,1.28,30046459875.0,20887118475.0,-0.35,0.0,3.26,2.52
3977,920402,硅烷科技,8.59,0.35,0.03,26028.0,22276966.6,3.5,8.75,8.45,8.45,8.56,0.33,0.95,-25.16,2.47,3625495976.0,2343981449.0,-0.23,0.0,-14.78,-14.95
3978,601636,旗滨集团,5.75,0.35,0.02,327658.0,187248305.0,2.62,5.78,5.63,5.68,5.73,0.47,1.11,324.3,1.16,17012258936.0,17012258936.0,0.0,0.0,-13.53,-1.2
3979,301060,兰卫医学,11.47,0.35,0.04,282458.0,320753350.42,6.12,11.6,10.9,11.3,11.43,0.61,7.84,36.12,2.96,4593929990.0,4131108688.0,0.09,0.17,18.86,26.46
3980,301003,江苏博云,57.7,0.35,0.2,20043.0,114228543.63,3.88,57.88,55.65,57.51,57.5,0.86,2.67,49.98,4.85,5604592737.0,4335585443.0,0.0,0.17,11.95,30.25
3981,605333,沪光股份,17.22,0.35,0.06,51933.0,88089999.0,4.08,17.28,16.58,16.87,17.16,0.64,1.12,66.02,2.38,7990775791.0,7990775791.0,-0.06,-0.06,-15.63,-41.88
3982,605118,力鼎光电,28.69,0.35,0.1,17976.0,51048567.0,3.46,28.82,27.83,28.5,28.59,0.78,0.44,41.87,7.9,11797873110.0,11730437265.0,-0.07,0.14,-19.68,-3.76
3983,600166,福田汽车,2.86,0.35,0.01,902058.0,257470252.0,2.11,2.88,2.82,2.83,2.85,0.86,1.14,11.29,1.41,22643765050.0,22643765050.0,-0.35,0.0,-4.03,-2.05
3984,000682,东方电子,11.52,0.35,0.04,84613.0,97342693.49,1.05,11.56,11.44,11.47,11.48,0.67,0.63,19.17,2.47,15445175121.0,15443712219.0,0.09,0.0,-19.44,-2.46
3985,603377,ST东时,2.89,0.35,0.01,31873.0,9256629.0,3.47,2.96,2.86,2.87,2.88,1.5,0.44,-7.8,66.74,2088982810.0,2088982810.0,-0.34,0.0,-20.39,-23.14
3986,600132,重庆啤酒,39.71,0.35,0.14,35745.0,141751403.0,1.14,39.95,39.5,39.5,39.57,0.77,0.74,12.07,12.13,19218496273.0,19218496273.0,0.05,0.1,-24.09,-22.2
3987,600039,四川路桥,8.58,0.35,0.03,112151.0,96415577.0,1.87,8.69,8.53,8.57,8.55,0.78,0.13,12.47,1.52,74608167734.0,74608167734.0,-0.23,-0.12,7.12,-9.59
3988,002689,ST远智,2.87,0.35,0.01,33488.0,9581135.7,1.75,2.88,2.83,2.86,2.86,0.51,0.32,-24.08,2.51,2994301781.0,2993156074.0,-0.35,0.0,-13.03,-9.18
3989,601377,兴业证券,5.83,0.34,0.02,327038.0,190165492.0,0.69,5.83,5.79,5.81,5.81,0.7,0.38,11.82,0.91,50347805924.0,50347805924.0,0.0,0.17,2.82,-20.36
3990,920200,振宏股份,26.89,0.34,0.09,7253.0,19348980.33,3.36,27.06,26.16,26.55,26.8,0.47,1.63,28.73,2.29,2730948400.0,1193082410.0,0.0,-0.04,-50.64,30.66
3991,002324,普利特,8.98,0.34,0.03,168395.0,150079933.28,3.58,9.04,8.72,8.93,8.95,1.15,2.17,52.52,2.16,9988779507.0,6970958139.0,-0.11,0.0,-26.93,-43.66
3992,600584,长电科技,74.05,0.34,0.25,861808.0,6322392205.0,5.75,75.3,71.06,72.57,73.8,0.67,4.82,78.44,4.58,132506148909.0,132506148909.0,0.01,-0.01,-1.99,101.88
3993,600958,东方证券,8.96,0.34,0.03,271860.0,243144359.0,0.56,8.97,8.92,8.94,8.93,0.79,0.36,8.43,0.9,76129941816.0,66926566461.0,0.0,0.11,-1.54,-16.26
3994,688520,神州细胞,36.51,0.33,0.12,33425.0,121722055.0,4.04,37.09,35.62,36.02,36.39,0.63,0.75,-24.44,242.46,17171956918.0,16259206918.0,0.0,-0.03,-6.91,-15.7
3995,301636,泽润新能,40.11,0.33,0.13,7376.0,29446940.68,3.03,40.39,39.18,39.62,39.98,0.89,1.95,2320.88,2.45,2594881274.0,1514410127.0,-0.22,-0.17,-23.37,-17.98
3996,000422,湖北宜化,12.32,0.33,0.04,150805.0,185769071.01,1.79,12.38,12.16,12.2,12.28,0.71,1.41,20.98,2.19,13399043652.0,13148962436.0,0.0,-0.08,-12.93,-11.75
3997,300919,中伟新材,40.13,0.33,0.13,193175.0,787385779.18,5.43,42.15,39.98,40.97,40.0,1.92,2.11,16.09,1.78,41914429088.0,36712287336.0,0.02,-0.05,-22.12,-12.68
3998,688191,智洋创新,21.37,0.33,0.07,56523.0,118671834.0,5.77,21.49,20.26,21.3,21.3,0.83,1.72,-156.76,8.04,7009418511.0,7009418511.0,0.47,0.0,-40.52,-7.05
3999,300223,君正股份,134.1,0.33,0.44,210697.0,2780927511.25,4.84,134.98,128.51,131.58,133.66,0.64,4.98,54.12,5.45,69055018545.0,56715378059.0,-0.25,-0.12,-6.95,26.64
4000,688443,智翔金泰-U,24.68,0.33,0.08,40108.0,98162284.0,3.5,24.86,24.0,24.44,24.6,0.8,2.8,-15.14,6.3,9049662400.0,3538865200.0,-0.12,0.0,-0.44,-9.4
4001,000970,中科三环,12.13,0.33,0.04,225242.0,272842555.01,2.4,12.26,11.97,12.09,12.09,0.73,1.85,149.83,2.25,14746753626.0,14746753626.0,0.08,0.17,9.67,-10.41
4002,600751,海航科技,3.15,0.32,0.01,235050.0,73815315.0,2.23,3.18,3.11,3.18,3.14,0.97,0.91,101.71,1.22,9132914016.0,8105545514.0,0.0,0.0,-5.12,-17.32
4003,002822,ST中装,3.14,0.32,0.01,39821.0,12485611.0,0.96,3.15,3.12,3.13,3.13,0.61,0.37,-208.97,5.66,6123000000.0,3356491988.0,0.0,-0.32,4.67,-19.9
4004,920138,杰理科技,37.87,0.32,0.12,27041.0,102827345.49,3.47,38.44,37.13,37.15,37.75,0.52,7.81,26.35,3.14,16396005850.0,1310822978.0,-0.13,0.05,100.8,100.8
4005,002921,联诚精密,21.75,0.32,0.07,30104.0,65275105.28,3.23,21.97,21.27,21.68,21.68,0.61,2.34,405.83,2.47,3240100262.0,2800445828.0,-0.09,-0.28,-16.67,27.79
4006,601128,常熟银行,6.33,0.32,0.02,453497.0,285649908.0,1.58,6.35,6.25,6.31,6.31,1.03,1.24,4.79,0.73,23092974615.0,23092974615.0,0.16,0.16,-1.86,0.64
4007,300795,米奥会展,12.69,0.32,0.04,237310.0,297258094.86,5.85,12.95,12.21,12.6,12.65,0.72,13.62,-128.46,6.6,3792963210.0,2210500998.0,-0.24,-0.39,18.82,-5.44
4008,600333,长春燃气,6.28,0.32,0.02,69101.0,43445208.0,1.6,6.34,6.24,6.25,6.26,0.63,1.13,49.83,1.97,3824712696.0,3824712696.0,0.16,0.0,5.19,13.56
4009,600707,彩虹股份,9.27,0.32,0.03,925278.0,839388136.0,6.39,9.34,8.75,9.08,9.24,0.41,2.58,1503.6,1.54,33264372816.0,33257698416.0,0.0,0.0,-5.5,44.39
4010,601808,中海油服,12.43,0.32,0.04,141024.0,175549427.0,1.69,12.54,12.33,12.38,12.39,0.7,0.48,17.33,1.28,59310888560.0,36798617240.0,0.08,0.08,-2.97,-9.67
4011,001220,世盟股份,31.86,0.31,0.1,6640.0,21095754.43,1.73,32.0,31.45,31.63,31.76,0.94,2.88,35.62,1.93,2940359400.0,735089850.0,-0.03,-0.22,-2.95,15.64
4012,688206,概伦电子,41.42,0.31,0.13,73146.0,297424872.0,5.35,41.61,39.4,40.82,41.29,0.68,1.68,-424.63,6.57,20877155919.0,18083095346.0,-0.07,-0.1,14.51,19.02
4013,600962,国投中鲁,26.02,0.31,0.08,68249.0,174671208.0,4.55,26.09,24.91,25.6,25.94,0.96,2.6,400.48,7.2,6822704200.0,6822704200.0,0.04,0.08,1.4,18.65
4014,002585,双星新材,9.85,0.31,0.03,517777.0,499510835.67,6.01,9.9,9.31,9.61,9.82,0.76,5.84,122.8,1.34,11242027728.0,8732929112.0,0.0,0.2,-6.81,46.8
4015,920245,威博液压,12.84,0.31,0.04,4555.0,5804525.52,3.83,12.85,12.36,12.76,12.8,0.47,0.86,25.69,2.57,886899888.0,683015415.0,0.47,0.55,-18.68,-35.74
4016,002991,甘源食品,39.27,0.31,0.12,11799.0,46182438.0,1.97,39.45,38.68,38.78,39.15,1.01,2.36,22.86,2.15,3660585683.0,1960896635.0,-0.03,-0.28,-17.81,-29.76
4017,600906,财达证券,6.44,0.31,0.02,219294.0,140430152.0,1.56,6.45,6.35,6.4,6.42,0.89,1.03,13.64,1.64,20897800000.0,13680073078.0,0.0,0.16,-2.87,-2.28
4018,603049,中策橡胶,49.25,0.31,0.15,13940.0,68539450.0,1.36,49.55,48.88,48.91,49.1,0.44,0.28,8.82,1.71,43068415702.0,24870277904.0,-0.06,0.02,6.95,-9.67
4019,600382,广东明珠,6.46,0.31,0.02,110386.0,70674208.0,2.48,6.47,6.31,6.4,6.44,0.92,1.59,19.1,1.5,4485876255.0,4485876255.0,0.16,0.16,-20.25,-4.15
4020,002643,万润股份,13.02,0.31,0.04,165618.0,212440758.77,4.31,13.07,12.51,12.81,12.98,0.8,1.84,33.61,1.68,11925018326.0,11746838909.0,-0.08,0.0,-9.9,-12.44
4021,600367,红星发展,38.27,0.31,0.12,878201.0,3381717669.0,10.54,40.38,36.36,38.15,38.15,1.3,27.28,77.5,5.13,13055079620.0,12321913675.0,0.0,-0.05,8.41,119.19
4022,603327,福蓉科技,9.61,0.31,0.03,351850.0,336034848.0,3.13,9.68,9.38,9.5,9.58,0.97,3.37,52.04,4.21,10046864450.0,10046864450.0,0.0,0.1,-10.35,-10.6
4023,688130,晶华微,23.53,0.3,0.07,18027.0,42102565.0,4.73,23.8,22.69,23.58,23.46,0.84,2.99,-704.32,2.29,2844567442.0,1418508262.0,-0.04,-0.34,-9.43,12.37
4024,601598,中国外运,6.63,0.3,0.02,115785.0,76622287.0,1.51,6.66,6.56,6.57,6.61,0.78,0.22,17.45,1.17,47561970635.0,34194027605.0,0.3,0.0,11.24,12.18
4025,603668,天马科技,9.99,0.3,0.03,42773.0,42797022.0,1.81,10.11,9.93,9.98,9.96,0.53,0.85,188.39,2.38,5052909353.0,5052909353.0,0.1,0.1,-13.36,-40.04
4026,000615,*ST美谷,3.31,0.3,0.01,40443.0,13317185.5,1.21,3.31,3.27,3.27,3.3,0.68,0.44,-13.23,3.6,5916600814.0,3062638586.0,0.0,0.3,-13.35,-5.16
4027,603983,丸美生物,26.36,0.3,0.08,20886.0,54876730.0,2.36,26.57,25.95,26.36,26.28,0.8,0.52,26.16,3.17,10570360000.0,10570360000.0,0.04,0.11,9.47,-19.88
4028,600665,天地源,3.46,0.29,0.01,74545.0,25790706.0,2.9,3.5,3.4,3.45,3.45,0.61,0.86,-4.76,2.11,2989863923.0,2989863923.0,0.0,0.29,-1.14,5.49
4029,603989,艾华集团,27.41,0.29,0.08,131824.0,355259927.0,6.81,27.84,25.98,26.82,27.33,0.52,3.31,39.71,2.82,10930555963.0,10930555963.0,0.18,0.0,-14.42,65.32
4030,301139,*ST元道,3.44,0.29,0.01,88713.0,29918346.0,11.66,3.5,3.1,3.39,3.43,0.79,11.65,132.78,0.22,418237952.0,262014989.0,0.29,0.88,-33.46,-81.26
4031,301513,尚水智能,49.05,0.29,0.14,10615.0,51557369.18,3.48,49.3,47.6,47.88,48.91,1.03,5.27,41.66,3.75,4905000000.0,988307910.0,-0.06,0.04,-28.93,87.29
4032,920599,同力股份,17.54,0.29,0.05,37202.0,64999463.96,2.17,17.6,17.22,17.47,17.49,1.59,1.06,10.74,2.32,8112688500.0,6149074029.0,0.06,0.23,5.09,-12.43
4033,601326,秦港股份,3.4,0.29,0.01,183067.0,62319245.0,1.77,3.43,3.37,3.38,3.39,0.97,0.38,11.1,0.95,18997200800.0,16175700600.0,-0.29,0.0,3.66,0.59
4034,920160,北矿检测,20.43,0.29,0.06,2757.0,5617416.45,1.42,20.49,20.2,20.37,20.37,0.69,1.08,21.94,4.36,2314310400.0,520719840.0,-0.05,0.25,-2.95,-20.1
4035,300088,长信科技,7.01,0.29,0.02,819738.0,567887554.04,5.15,7.08,6.72,6.87,6.99,0.65,3.3,91.35,2.05,17509112389.0,17423371803.0,0.0,-0.28,-1.41,16.64
4036,920183,海菲曼,27.83,0.29,0.08,985.0,2737051.02,1.84,27.97,27.46,27.46,27.75,0.48,0.88,18.11,3.16,1362334160.0,313082685.0,0.0,0.0,-24.89,48.74
4037,002997,瑞鹄模具,28.4,0.28,0.08,24784.0,69946854.82,1.66,28.43,27.96,28.25,28.32,0.64,1.18,12.34,2.24,5944725630.0,5944725630.0,0.04,0.04,-7.61,-23.45
4038,603737,三棵树,25.14,0.28,0.07,80525.0,201635008.0,2.39,25.3,24.7,25.0,25.07,0.53,0.91,52.16,7.55,22258477536.0,22258477536.0,0.04,0.04,-20.14,-34.7
4039,002608,江苏国信,7.04,0.28,0.02,90431.0,63719638.0,1.28,7.08,6.99,7.0,7.02,0.66,0.24,7.31,0.71,26597681116.0,26597681116.0,-0.28,-0.14,-29.53,-3.03
4040,605287,德才股份,38.78,0.28,0.11,26539.0,102913401.0,2.84,39.2,38.1,38.5,38.67,0.89,1.9,40.16,3.45,5429200000.0,5429200000.0,0.0,-0.05,-10.4,49.9
4041,002170,芭田股份,11.15,0.27,0.03,157193.0,176290730.82,2.7,11.37,11.07,11.1,11.12,0.92,1.99,9.89,3.09,10819917708.0,8795952760.0,-0.09,-0.18,-8.0,-3.96
4042,301458,钧崴电子,36.54,0.27,0.1,46535.0,167909489.46,5.79,37.05,34.94,35.94,36.44,0.66,3.96,66.33,5.93,9744001218.0,4292791805.0,0.0,-0.11,-23.48,15.12
4043,600361,创新新材,3.72,0.27,0.01,369703.0,137311990.0,1.89,3.74,3.67,3.7,3.71,1.04,0.99,13.03,1.25,13885506036.0,13885506036.0,0.0,-0.27,-16.59,-10.36
4044,601117,中国化学,7.52,0.27,0.02,442048.0,332242249.0,1.2,7.56,7.47,7.47,7.5,0.95,0.73,7.32,0.67,45913816178.0,45782266562.0,0.13,0.27,-2.72,2.73
4045,920096,嘉晨智能,33.29,0.27,0.09,5967.0,19743475.73,2.83,33.54,32.6,33.0,33.2,0.39,3.68,33.22,3.31,2297010000.0,539298000.0,0.09,0.09,-42.62,130.7
4046,688569,铁科轨道,18.5,0.27,0.05,12093.0,22230337.0,2.93,18.67,18.13,18.67,18.45,0.32,0.57,21.99,1.31,3897333950.0,3897333950.0,0.05,0.27,-3.9,-14.75
4047,002796,世嘉科技,29.5,0.27,0.08,60256.0,175372390.0,5.81,29.87,28.16,29.0,29.42,0.68,2.65,-91.46,8.95,7444824966.0,6717259239.0,-0.2,-0.3,-35.52,6.38
4048,605366,宏柏新材,7.76,0.26,0.02,143723.0,110107758.0,4.52,7.82,7.47,7.74,7.74,0.76,1.86,-53.5,2.24,5997142952.0,5997142952.0,0.13,0.0,-27.34,25.16
4049,600020,中原高速,3.8,0.26,0.01,147746.0,56154878.0,1.32,3.82,3.77,3.78,3.79,1.06,0.66,6.22,0.72,8540012962.0,8540012962.0,0.0,0.0,-4.04,-8.21
4050,600699,均胜电子,19.14,0.26,0.05,162802.0,308814537.0,2.72,19.2,18.68,18.88,19.09,0.75,1.17,18.45,1.72,29681748576.0,26713134576.0,0.0,0.05,-26.36,-38.61
4051,000001,平安银行,11.59,0.26,0.03,994881.0,1152242456.67,0.95,11.64,11.53,11.57,11.56,0.91,0.51,4.38,0.48,224914591915.0,224911889046.0,0.26,0.26,9.03,4.89
4052,300876,蒙泰高新,15.54,0.26,0.04,17496.0,27128449.73,4.9,15.78,15.02,15.02,15.5,0.84,1.54,-70.75,2.33,2362663589.0,1762279574.0,0.06,0.06,-16.68,-38.38
4053,002541,鸿路钢构,19.57,0.26,0.05,71518.0,140496712.06,2.41,19.87,19.4,19.57,19.52,0.68,1.44,22.87,1.4,13503673591.0,9710243950.0,-0.05,-0.15,6.53,21.1
4054,603271,永杰新材,42.88,0.26,0.11,13160.0,56126541.0,2.22,43.08,42.13,42.53,42.77,0.89,1.39,17.8,2.85,8496028800.0,4055418708.0,-0.09,-0.07,-8.12,5.54
4055,600160,巨化股份,37.92,0.26,0.1,289254.0,1089821526.0,3.2,38.2,36.99,37.46,37.82,0.89,1.07,21.82,4.97,102374371392.0,102374371392.0,0.0,0.08,5.51,0.16
4056,300599,雄塑科技,11.65,0.26,0.03,47284.0,54584672.0,3.27,11.72,11.34,11.56,11.62,0.72,2.51,32.34,2.17,4172232756.0,2190600667.0,0.09,0.17,-10.8,44.72
4057,688079,美迪凯,15.61,0.26,0.04,132005.0,202643935.0,7.71,15.85,14.65,15.25,15.57,0.99,3.26,-36.02,5.3,6426638218.0,6316279888.0,0.0,0.13,-30.0,37.9
4058,603893,瑞芯微,175.06,0.26,0.46,67148.0,1171206029.0,3.22,176.5,170.88,171.23,174.6,0.48,1.59,43.12,15.04,74075509863.0,74066056623.0,0.03,0.03,-2.45,-0.97
4059,920885,星辰科技,11.74,0.26,0.03,11721.0,13726031.93,2.31,11.82,11.55,11.62,11.71,0.36,1.34,90.96,4.84,2005425626.0,1028082671.0,0.09,0.26,-19.92,-49.83
4060,603658,安图生物,34.17,0.26,0.09,46251.0,156094849.0,4.4,34.23,32.73,33.51,34.08,0.73,0.81,19.64,2.25,19525584323.0,19525584323.0,-0.12,-0.09,6.35,0.18
4061,301275,汉朔科技,42.7,0.26,0.11,51200.0,217480072.94,3.4,43.2,41.75,42.36,42.59,1.16,1.7,24.95,4.38,18036480000.0,12846689249.0,0.21,-0.05,-5.78,-19.92
4062,002653,海思科,64.32,0.25,0.16,41716.0,266600485.07,3.58,64.98,62.68,64.13,64.16,0.68,0.78,33.08,12.7,73382204314.0,34526084075.0,-0.4,-0.14,28.31,25.99
4063,603468,津富士达,23.74,0.25,0.06,26386.0,62451700.0,2.07,23.84,23.35,23.43,23.68,0.57,6.6,25.95,2.73,9786143158.0,949328747.0,-0.04,0.04,35.97,35.97
4064,300383,光环新网,12.15,0.25,0.03,266905.0,323855850.08,1.9,12.22,11.99,12.01,12.12,0.56,1.49,243.05,1.85,21840753091.0,21800850304.0,-0.08,0.0,-9.93,-2.72
4065,002168,ST惠程,3.98,0.25,0.01,67104.0,26758838.0,2.52,4.05,3.95,3.96,3.97,1.2,0.86,-162.73,278.42,3120970205.0,3120970205.0,0.0,0.25,6.42,-5.24
4066,300167,ST迪威迅,4.02,0.25,0.01,51133.0,20309440.0,3.99,4.05,3.89,3.98,4.01,0.6,1.44,-18.99,13.01,1673642178.0,1423421700.0,-0.25,-0.25,-24.72,-18.79
4067,600869,远东股份,16.2,0.25,0.04,1987135.0,3173416664.0,10.21,16.8,15.15,16.15,16.16,1.1,8.95,87.52,8.22,35953514485.0,35953514485.0,0.0,-0.12,-29.47,101.49
4068,300184,力源信息,11.87,0.25,0.03,436440.0,511292892.99,5.15,11.98,11.37,11.72,11.84,0.86,4.15,22.92,2.92,13639330674.0,12487605074.0,0.08,0.0,-25.16,18.82
4069,600930,华电新能,3.97,0.25,0.01,742164.0,293507590.0,1.01,3.97,3.93,3.94,3.96,0.62,0.69,20.08,1.52,165605714285.0,42650485881.0,0.0,0.25,-37.77,-36.28
4070,600198,大唐电信,7.87,0.25,0.02,343534.0,270499469.0,4.08,7.97,7.65,7.65,7.85,0.95,2.64,-84.06,50.03,10259359868.0,10246344957.0,0.0,0.0,-2.24,-18.45
4071,000922,佳电股份,11.83,0.25,0.03,45013.0,53130855.0,1.53,11.88,11.7,11.71,11.8,0.56,0.64,26.62,2.09,9866009237.0,8339312471.0,0.0,0.17,-10.11,3.95
4072,002298,中电鑫龙,7.96,0.25,0.02,192035.0,151318014.21,3.9,7.98,7.67,7.79,7.94,0.66,2.91,34.29,3.16,5891282772.0,5259625617.0,0.13,0.25,-16.03,-23.75
4073,002395,双象股份,12.23,0.25,0.03,28879.0,34864535.0,5.49,12.28,11.61,11.85,12.2,1.09,1.08,20.2,2.05,3280196070.0,3280196070.0,0.0,-0.08,-15.6,-26.01
4074,601882,海天精工,19.8,0.25,0.05,44215.0,87086464.0,2.33,19.88,19.42,19.67,19.75,0.55,0.85,23.2,3.56,10335600000.0,10335600000.0,0.1,0.2,-7.09,3.34
4075,300442,润泽科技,62.6,0.24,0.15,143149.0,889703586.85,3.81,63.18,60.8,61.0,62.45,0.55,0.87,44.11,7.4,102729227510.0,102427896150.0,-0.1,-0.08,-23.61,19.1
4076,301190,善水科技,21.2,0.24,0.05,135509.0,280964613.8,9.69,21.8,19.75,20.55,21.15,1.06,7.45,26.72,2.28,4550293800.0,3855304800.0,0.05,-0.14,-2.93,0.62
4077,001207,联科科技,16.84,0.24,0.04,41402.0,68880615.0,3.57,16.87,16.27,16.68,16.8,0.68,1.41,16.05,2.11,5104839609.0,4927756029.0,0.06,0.12,-8.28,-5.18
4078,601677,明泰铝业,16.39,0.24,0.04,218659.0,357516810.0,2.39,16.57,16.18,16.28,16.35,0.73,1.76,7.24,1.0,20377533377.0,20377533377.0,-0.06,0.0,-13.1,12.41
4079,600133,东湖高新,8.26,0.24,0.02,111773.0,91876849.0,2.43,8.32,8.12,8.22,8.24,0.82,1.05,-272.85,0.99,8807141368.0,8807141368.0,0.0,0.0,-3.28,-7.3
4080,600168,武汉控股,4.42,0.23,0.01,39287.0,17344685.0,1.36,4.43,4.37,4.37,4.41,0.61,0.4,21.68,0.81,4390817255.0,4390817255.0,0.23,0.0,-10.71,-12.65
4081,600717,天津港,4.31,0.23,0.01,192644.0,83131248.0,1.4,4.34,4.28,4.3,4.3,0.93,0.67,9.21,0.61,12473144474.0,12473144474.0,0.0,0.0,-3.15,-1.37
4082,301061,匠心家居,34.64,0.23,0.08,26050.0,90730138.36,5.09,35.58,33.82,34.34,34.56,0.85,1.38,14.8,2.32,9851533591.0,6544830471.0,-0.06,0.06,-18.93,-52.25
4083,688698,伟创电气,44.42,0.23,0.1,23112.0,102612162.0,4.15,45.29,43.45,43.68,44.32,0.73,1.07,49.43,4.07,9551773589.0,9551773589.0,-0.09,-0.07,-31.07,-54.92
4084,600887,伊利股份,25.9,0.23,0.06,418803.0,1083943141.0,1.43,26.1,25.73,25.94,25.84,0.67,0.67,7.59,3.04,163826841275.0,163012779774.0,0.0,0.0,-0.77,-6.5
4085,688223,晶科能源,4.34,0.23,0.01,469679.0,203081628.0,1.85,4.36,4.28,4.33,4.33,0.74,0.46,-8.25,1.79,44569249213.0,44569249213.0,0.0,-0.23,-25.04,-23.05
4086,601456,国联民生,8.76,0.23,0.02,129333.0,113159484.0,0.69,8.78,8.72,8.75,8.74,1.02,0.3,25.04,0.94,49761992981.0,38342358965.0,0.11,0.11,-0.57,-13.35
4087,000596,古井贡酒,90.86,0.23,0.21,27951.0,253934106.65,2.97,92.69,90.0,91.51,90.65,0.68,0.68,7.47,1.97,48028596000.0,37125396000.0,0.0,0.07,-0.69,-29.13
4088,603578,三星新材,13.3,0.23,0.03,60939.0,80633785.0,5.05,13.5,12.83,13.24,13.27,1.04,3.38,-257.93,2.2,3113005501.0,2398748526.0,0.0,0.23,-11.69,10.1
4089,603197,保隆科技,30.48,0.23,0.07,23304.0,70305093.0,2.27,30.48,29.79,30.08,30.41,0.85,1.1,22.8,2.05,6523501111.0,6435916831.0,0.07,0.16,-3.85,-17.17
4090,600925,苏能股份,4.46,0.22,0.01,153866.0,68761700.0,1.35,4.5,4.44,4.45,4.45,1.49,0.96,39.28,1.99,30724444445.0,7162976694.0,0.0,0.45,-7.66,-1.33
4091,920249,利尔达,9.09,0.22,0.02,30593.0,27812588.67,2.09,9.17,8.98,9.05,9.07,0.39,2.45,40.37,4.71,3832616700.0,1133246446.0,-0.11,-0.11,0.89,-30.34
4092,600976,健民集团,27.64,0.22,0.06,15124.0,41767347.0,2.03,27.78,27.22,27.5,27.58,0.53,0.99,11.96,1.57,4239937304.0,4237173304.0,-0.04,-0.11,-6.87,-15.4
4093,601000,唐山港,4.55,0.22,0.01,315478.0,143512203.0,1.76,4.59,4.51,4.53,4.54,0.8,0.53,14.32,1.3,26962975194.0,26962975194.0,0.0,-0.22,5.32,25.0
4094,603297,永新光学,105.13,0.22,0.23,9938.0,102972254.0,4.74,105.85,100.88,102.27,104.9,0.72,0.9,63.08,5.81,11640950283.0,11640950283.0,-0.16,0.15,-15.84,0.7
4095,600461,洪城环境,8.93,0.22,0.02,82262.0,73655514.0,1.23,9.01,8.9,8.92,8.91,1.08,0.64,9.07,1.18,11467520331.0,11467520331.0,0.0,0.11,-9.25,1.48
4096,300777,中简科技,22.45,0.22,0.05,45865.0,102383203.0,2.86,22.62,21.98,22.3,22.4,0.52,1.06,129.34,2.2,9871434206.0,9673867560.0,-0.04,-0.09,-29.8,-44.66
4097,600250,南京商旅,9.51,0.21,0.02,444611.0,430866951.0,6.85,10.07,9.42,9.49,9.49,1.59,14.21,161.16,4.76,2974646252.0,2974646252.0,-0.52,-0.63,-0.73,-17.38
4098,001205,盛航股份,14.63,0.21,0.03,24066.0,35037850.0,1.44,14.69,14.48,14.55,14.6,0.7,1.45,18.95,1.27,2750491790.0,2435665733.0,0.14,0.21,1.95,-13.69
4099,688543,国科军工,38.27,0.21,0.08,42423.0,162161947.0,4.45,38.95,37.25,37.68,38.19,0.93,1.69,81.2,4.15,9590861271.0,9590861271.0,0.0,0.0,-11.94,-24.92
4100,600900,长江电力,28.21,0.21,0.06,901486.0,2546238002.0,0.96,28.39,28.12,28.16,28.15,1.03,0.37,25.52,3.31,690248421768.0,690248421768.0,-0.07,0.0,4.56,7.71
4101,600663,陆家嘴,9.37,0.21,0.02,124061.0,116163574.0,1.82,9.43,9.26,9.26,9.35,0.71,0.32,21.29,1.85,47179389972.0,36865493652.0,-0.11,-0.11,25.44,19.36
4102,300743,天地数码,14.64,0.21,0.03,60857.0,86344446.74,7.32,14.77,13.7,14.18,14.61,3.02,4.78,16.44,3.65,2213631289.0,1865295517.0,-0.2,-0.41,-15.72,-32.47
4103,300638,广和通,18.69,0.21,0.04,73187.0,135808448.21,3.27,18.85,18.24,18.5,18.65,0.64,1.38,434.69,2.77,16807278624.0,9914085904.0,0.0,-0.11,-18.92,-36.45
4104,600219,南山铝业,4.81,0.21,0.01,1425590.0,682953258.0,2.29,4.84,4.73,4.81,4.8,0.49,1.24,12.29,1.11,55236604499.0,55236604499.0,0.0,-0.21,-8.38,-8.21
4105,002436,兴森科技,33.31,0.21,0.07,789557.0,2597840891.05,6.77,34.06,31.81,32.2,33.24,0.65,5.2,256.16,10.04,56616126384.0,50562200200.0,0.0,-0.03,-13.75,57.57
4106,000755,山西高速,4.81,0.21,0.01,37734.0,18056623.8,1.46,4.82,4.75,4.75,4.8,0.91,0.26,15.68,1.32,7057762043.0,7057762043.0,0.21,0.42,-6.05,-0.21
4107,000628,高新发展,47.86,0.21,0.1,159414.0,750018276.76,4.77,48.11,45.83,47.37,47.76,0.87,8.29,173.69,7.6,16860120800.0,9200538678.0,0.0,0.04,-15.07,7.57
4108,689009,九号公司-WD,43.5,0.21,0.09,133717.0,592112221.0,5.04,45.49,43.3,43.57,43.41,1.44,2.38,15.87,4.35,32009409663.0,24457065422.0,-0.25,-0.11,16.15,-19.99
4109,002628,成都路桥,4.8,0.21,0.01,114786.0,54943383.39,2.51,4.84,4.72,4.76,4.79,0.55,1.52,-55.18,1.31,3634081992.0,3625617403.0,0.0,0.0,-5.7,16.79
4110,301526,国际复材,30.15,0.2,0.06,1069712.0,3193035852.77,6.88,30.94,28.87,29.55,30.09,0.71,7.62,88.87,12.99,113691973147.0,42342446628.0,0.07,0.1,41.28,331.95
4111,600704,物产中大,4.89,0.2,0.01,301086.0,147152030.0,1.02,4.91,4.86,4.87,4.88,0.91,0.58,6.37,0.6,25287069662.0,25287069662.0,0.2,0.0,0.2,-8.6
4112,603261,立航科技,50.0,0.2,0.1,14327.0,70823863.0,5.51,50.39,47.64,49.5,49.9,0.92,1.85,-84.87,7.91,3875251100.0,3875251100.0,-0.3,-0.26,46.89,107.04
4113,002480,新筑股份,5.34,0.19,0.01,60596.0,32297101.0,1.88,5.37,5.27,5.33,5.33,0.89,0.79,-20.49,5.51,4107360698.0,4098383095.0,-0.19,0.19,-11.74,-14.15
4114,002558,巨人网络,26.71,0.19,0.05,703712.0,1898847857.73,4.05,27.4,26.32,26.6,26.66,1.28,3.7,11.75,3.18,50764010245.0,50764010245.0,0.0,-0.3,1.37,-38.03
4115,000539,粤电力Ａ,5.33,0.19,0.01,344550.0,182847396.91,1.88,5.34,5.24,5.28,5.32,0.7,1.35,-46.13,1.21,27984013645.0,13620212172.0,0.19,0.0,-45.33,21.14
4116,301215,中汽股份,5.36,0.19,0.01,143651.0,77059797.98,1.87,5.4,5.3,5.31,5.35,1.21,1.09,27.09,2.39,7096104000.0,7088064000.0,-0.19,-0.19,-8.84,-21.06
4117,601995,中金公司,33.68,0.18,0.06,105205.0,353399078.0,0.89,33.77,33.47,33.63,33.62,0.71,0.36,11.36,1.6,162582011314.0,98464909379.0,0.03,0.15,0.18,-3.13
4118,601857,中国石油,11.19,0.18,0.02,785547.0,881286428.0,1.43,11.3,11.14,11.21,11.17,0.56,0.05,10.59,1.3,2048004741783.0,1811908050783.0,0.0,0.09,5.87,10.14
4119,000685,中山公用,11.13,0.18,0.02,104058.0,115931961.86,2.07,11.3,11.07,11.15,11.11,0.93,0.83,7.0,0.87,16335847477.0,13874456992.0,0.0,0.18,-0.18,-1.24
4120,300566,激智科技,28.54,0.18,0.05,190743.0,538003062.29,5.3,29.0,27.49,28.0,28.49,0.81,8.41,32.41,2.97,7480465940.0,6469459501.0,0.11,-0.04,25.18,57.25
4121,301678,新恒汇,44.36,0.18,0.08,19562.0,85672866.1,4.13,44.56,42.73,43.6,44.28,0.69,1.41,157.1,5.9,10626680516.0,6164752096.0,-0.07,-0.07,-17.04,-30.38
4122,300969,恒帅股份,74.18,0.18,0.13,12725.0,93430907.69,4.15,74.97,71.9,73.07,74.05,0.58,1.63,75.79,7.0,12174410918.0,5806461680.0,0.0,-0.13,-27.47,-15.81
4123,301366,一博科技,54.97,0.18,0.1,61384.0,334075636.43,4.87,55.68,53.01,54.02,54.87,0.54,5.25,90.23,5.22,11518204969.0,6431289909.0,0.02,-0.02,30.08,56.3
4124,301563,云汉芯城,120.57,0.18,0.22,10620.0,126678760.52,4.34,121.49,116.27,118.5,120.35,0.65,5.55,30.76,7.59,10206362389.0,2307190867.0,0.02,0.02,-31.66,2.61
4125,600874,创业环保,5.58,0.18,0.01,52017.0,28974905.0,1.44,5.6,5.52,5.54,5.57,0.87,0.42,7.93,0.86,8762932914.0,6865732914.0,0.0,0.0,-1.76,-2.62
4126,600864,哈投股份,5.45,0.18,0.01,206585.0,112508639.0,1.29,5.47,5.4,5.42,5.44,0.59,0.99,14.03,0.86,11339109334.0,11339109334.0,0.0,0.0,-2.85,-17.17
4127,688683,莱尔科技,30.08,0.17,0.05,10382.0,30673874.0,4.26,30.17,28.89,30.08,30.03,0.46,0.64,95.74,4.01,4845821824.0,4845821824.0,0.27,0.2,-19.91,-4.87
4128,001390,古麒绒材,17.27,0.17,0.03,10136.0,17501236.0,1.33,17.34,17.11,17.11,17.24,0.88,0.85,18.57,2.06,3454000000.0,2051317648.0,-0.06,0.0,-4.53,-29.02
4129,002386,天原股份,5.91,0.17,0.01,130525.0,76853069.3,1.86,5.94,5.83,5.89,5.9,0.98,1.0,25.12,1.01,7692734201.0,7691300814.0,0.17,0.17,0.0,8.84
4130,601991,大唐发电,5.9,0.17,0.01,1555630.0,912700665.0,2.55,5.92,5.77,5.85,5.89,0.54,1.25,9.43,3.11,109189591974.0,73136925725.0,0.0,-0.17,-29.51,69.05
4131,600585,海螺水泥,17.6,0.17,0.03,150990.0,265549959.0,0.91,17.68,17.52,17.57,17.57,0.8,0.38,15.82,0.49,92876256774.0,70003296774.0,0.0,0.0,-10.66,-17.18
4132,300454,深信服,116.93,0.17,0.2,162416.0,1884724958.7,5.08,119.23,113.3,116.53,116.73,1.08,5.64,109.12,4.56,50462200301.0,33676008145.0,-0.01,0.02,0.17,1.63
4133,300001,特锐德,36.32,0.17,0.06,122204.0,441244643.59,2.92,36.49,35.43,36.2,36.26,0.76,1.19,44.83,4.34,38329502536.0,37452230527.0,0.06,0.17,-3.99,42.54
4134,601318,中国平安,55.01,0.16,0.09,739290.0,4060610155.0,1.4,55.42,54.65,55.06,54.92,0.86,0.69,5.38,0.97,996101386145.0,586410180216.0,0.04,0.04,5.59,-17.46
4135,688033,*ST天宜,6.09,0.16,0.01,29809.0,18099172.0,1.81,6.12,6.01,6.11,6.08,0.79,0.53,-10.05,2.58,3423789450.0,3423789450.0,0.33,0.0,-17.59,-20.91
4136,920526,凯华材料,19.09,0.16,0.03,8140.0,15407391.32,2.73,19.2,18.68,19.06,19.06,0.46,1.55,89.62,6.88,1578743000.0,999695308.0,0.21,-0.05,-23.33,-18.49
4137,603685,晨丰科技,24.5,0.16,0.04,11959.0,28985255.0,3.31,24.7,23.89,24.46,24.46,0.47,0.59,155.41,3.07,6197288916.0,4935910802.0,0.08,0.04,-25.19,25.9
4138,688148,芳源股份,6.3,0.16,0.01,154160.0,95891611.0,3.5,6.34,6.12,6.2,6.29,0.93,3.02,35.62,8.71,3214090234.0,3214090234.0,0.16,0.16,-27.25,-28.16
4139,601988,中国银行,6.14,0.16,0.01,2524132.0,1552663831.0,1.47,6.2,6.11,6.14,6.13,0.92,0.12,8.73,0.73,1978384208538.0,1294100261154.0,0.16,0.16,5.68,9.45
4140,605033,美邦股份,19.28,0.16,0.03,38367.0,73752244.0,3.38,19.47,18.82,18.9,19.25,0.54,2.84,25.52,2.19,2606656000.0,2606656000.0,0.05,0.05,-5.49,-3.5
4141,601012,隆基绿能,12.17,0.16,0.02,466846.0,565592876.0,1.4,12.19,12.02,12.09,12.15,0.67,0.62,-12.01,1.83,92225101531.0,92225009696.0,0.08,0.0,-11.04,-33.13
4142,688709,成都华微,25.0,0.16,0.04,27897.0,68955990.0,3.93,25.16,24.18,24.69,24.96,0.63,1.26,-59.32,5.53,15921175650.0,5543656275.0,0.16,-0.08,-28.45,-45.58
4143,600256,广汇能源,6.17,0.16,0.01,1187229.0,738740996.0,2.6,6.3,6.14,6.14,6.16,0.86,1.86,15.43,1.58,39438658288.0,39438658288.0,-0.16,0.0,-7.77,26.95
4144,002318,久立特材,19.58,0.15,0.03,111825.0,217447644.0,3.73,19.73,19.0,19.4,19.55,1.58,1.17,24.36,2.38,19133002698.0,18679811438.0,-0.1,0.0,-16.89,-29.95
4145,300408,三环集团,109.1,0.15,0.16,376898.0,4055427224.43,6.71,110.76,103.45,108.0,108.94,0.63,2.02,68.86,10.11,217841996096.0,203995858275.0,0.39,0.4,-13.16,140.84
4146,300163,先锋新材,6.64,0.15,0.01,180667.0,119386998.0,3.77,6.71,6.46,6.55,6.63,0.63,3.96,-74.05,5.73,3147360000.0,3031799047.0,0.0,0.0,7.1,63.95
4147,920509,同惠电子,19.97,0.15,0.03,12444.0,24743353.5,1.81,20.03,19.67,19.76,19.94,0.6,1.48,49.44,9.03,3201304749.0,1677190675.0,-0.1,-0.2,-35.06,-46.45
4148,920166,海圣医疗,20.46,0.15,0.03,3671.0,7420553.15,3.67,20.55,19.8,20.01,20.43,0.62,1.54,25.12,2.4,1540517654.0,486225905.0,0.1,0.54,-13.78,61.87
4149,688262,国芯科技,26.38,0.15,0.04,64345.0,167539799.0,4.56,26.55,25.35,26.0,26.34,0.69,1.92,-45.53,4.6,8863677705.0,8863677705.0,-0.04,0.0,-27.53,-13.08
4150,300057,万顺新材,6.54,0.15,0.01,211739.0,137778935.95,2.6,6.58,6.41,6.45,6.53,0.83,2.55,74.8,1.17,6563357368.0,5434582962.0,0.0,-0.15,-26.02,15.14
4151,603280,南方路机,26.39,0.15,0.04,20471.0,53350631.0,3.57,26.46,25.52,25.84,26.35,0.56,1.89,44.51,2.08,2860851942.0,2860851942.0,0.11,0.04,-10.51,-28.91
4152,688227,品高股份,68.9,0.15,0.1,18081.0,123172781.0,5.0,69.54,66.1,68.0,68.8,0.62,1.6,880.29,6.16,7789508448.0,7789508448.0,-0.03,0.03,-14.53,5.98
4153,920445,龙竹科技,6.91,0.14,0.01,12505.0,8656548.62,2.03,6.98,6.84,6.85,6.9,0.34,1.16,52.8,3.3,1023751223.0,746336185.0,0.0,0.14,-13.63,-40.69
4154,605289,罗曼股份,106.95,0.14,0.15,30320.0,320040093.0,4.96,108.0,102.7,105.03,106.8,0.75,1.99,87.7,12.23,16321692975.0,16308151394.0,0.01,-0.09,0.13,128.57
4155,920719,宁新新材,6.98,0.14,0.01,20615.0,14372478.26,2.58,7.06,6.88,6.97,6.97,1.13,2.77,-3.23,9.79,649791932.0,518911781.0,-0.14,-0.14,-31.64,-45.89
4156,000608,阳光股份,7.25,0.14,0.01,154928.0,112162174.64,4.83,7.35,7.0,7.11,7.24,0.54,2.08,-57.9,2.65,5436871490.0,5404349803.0,0.14,0.14,47.06,175.67
4157,603369,今世缘,27.82,0.14,0.04,111489.0,311037516.0,2.27,28.27,27.64,27.8,27.78,0.58,0.89,8.33,2.02,34685977029.0,34685977029.0,0.04,0.22,-3.27,-17.15
4158,603306,华懋科技,73.08,0.14,0.1,104140.0,755978776.0,5.23,74.39,70.57,72.02,72.98,0.83,3.16,514.68,7.55,24079545537.0,24079545537.0,0.11,0.23,-28.57,16.13
4159,920026,卓兆点胶,20.96,0.14,0.03,31232.0,64616296.84,4.92,21.22,20.19,20.79,20.93,0.91,3.61,69.42,3.8,2408474698.0,1815599992.0,0.05,1.11,-6.6,-16.63
4160,300596,利安隆,42.68,0.14,0.06,26606.0,113181629.75,3.26,43.07,41.68,42.18,42.62,0.44,1.16,16.48,1.97,9800167388.0,9800167388.0,0.31,0.33,-9.46,2.2
4161,600956,新天绿能,7.06,0.14,0.01,52481.0,37138423.0,1.56,7.12,7.01,7.03,7.05,0.91,0.22,11.1,1.33,31771888359.0,16577506060.0,-0.14,0.0,-26.84,0.14
4162,300243,瑞丰高材,16.0,0.13,0.02,211449.0,333425913.0,5.76,16.2,15.28,15.95,15.98,0.4,9.45,37.95,2.89,4472993184.0,3578381712.0,-0.06,0.0,-13.7,54.74
4163,920593,鼎智科技,23.47,0.13,0.03,22004.0,51977454.05,3.07,23.93,23.21,23.6,23.44,0.73,1.36,157.98,6.22,4465070616.0,3805773297.0,0.21,0.09,-14.87,-35.59
4164,300593,新雷能,30.42,0.13,0.04,242367.0,723171604.82,6.81,30.7,28.63,29.93,30.38,0.93,5.38,-110.9,7.11,16502803427.0,13696974633.0,0.03,-0.1,-13.58,2.22
4165,301008,宏昌科技,38.12,0.13,0.05,75827.0,283002671.22,5.07,38.2,36.27,37.51,38.07,0.56,6.56,869.02,3.32,4992318480.0,4408224780.0,-0.16,0.32,50.37,10.59
4166,002114,罗平锌电,7.45,0.13,0.01,76426.0,56605915.31,2.82,7.5,7.29,7.33,7.44,1.09,2.36,-18.31,3.47,2409294739.0,2409261631.0,0.0,-0.13,-6.52,-11.52
4167,601398,工商银行,7.9,0.13,0.01,2918582.0,2307681767.0,1.27,7.97,7.87,7.92,7.89,0.79,0.11,8.1,0.73,2815609431003.0,2129936479058.0,0.0,0.13,8.22,1.8
4168,920082,方正阀门,7.86,0.13,0.01,7740.0,6067173.68,3.44,7.93,7.66,7.66,7.85,1.12,1.35,37.33,3.0,1599486420.0,449783139.0,-0.25,-0.25,-14.94,-38.35
4169,601698,中国卫通,23.79,0.13,0.03,168845.0,398908382.0,2.95,23.91,23.21,23.51,23.76,0.49,0.4,444.41,6.33,100498128951.0,100498128951.0,-0.04,0.0,-19.74,-33.36
4170,601827,三峰环境,8.27,0.12,0.01,41697.0,34456613.0,0.85,8.3,8.23,8.25,8.26,0.87,0.25,8.04,1.15,13826888391.0,13826888391.0,0.12,0.0,-0.48,0.85
4171,600150,中国船舶,33.84,0.12,0.04,425124.0,1435938642.0,1.48,34.08,33.58,33.73,33.8,0.69,0.56,13.18,1.73,254667024386.0,254667024386.0,0.03,0.06,-6.98,2.86
4172,000859,国风新材,8.68,0.12,0.01,243677.0,210349883.0,3.23,8.74,8.46,8.55,8.67,0.65,2.72,-122.25,2.89,7777074032.0,7776592292.0,-0.12,0.0,-17.57,-14.23
4173,600299,安迪苏,8.38,0.12,0.01,275503.0,232078373.0,2.03,8.5,8.33,8.34,8.37,0.7,0.89,14.26,1.31,25808550174.0,25808550174.0,-0.12,-0.12,-23.75,-4.99
4174,002978,安宁股份,26.05,0.12,0.03,21024.0,54548735.0,1.69,26.12,25.68,25.97,26.02,0.89,0.57,20.1,1.42,12295338406.0,9619732486.0,-0.04,0.08,-5.75,-20.46
4175,920821,则成电子,17.28,0.12,0.02,12760.0,22156226.56,2.26,17.56,17.17,17.48,17.26,0.8,1.75,675.2,4.57,2390893615.0,1258907132.0,0.06,-0.12,-20.26,-33.69
4176,600109,国金证券,8.54,0.12,0.01,138804.0,118469270.0,1.76,8.64,8.49,8.54,8.53,0.84,0.37,11.43,0.88,31643816331.0,31643816331.0,0.0,0.0,-0.23,-7.38
4177,920427,华维设计,8.32,0.12,0.01,6382.0,5291698.86,1.93,8.37,8.21,8.3,8.31,0.77,1.26,489.2,2.74,857750400.0,423088964.0,0.12,0.36,-39.27,-32.52
4178,000338,潍柴动力,27.02,0.11,0.03,821511.0,2225506350.46,3.89,27.55,26.5,26.84,26.99,1.14,1.66,18.92,2.53,233458761179.0,133921726512.0,-0.15,-0.07,-18.93,60.55
4179,920718,合肥高科,9.28,0.11,0.01,2689.0,2499351.03,2.48,9.39,9.16,9.26,9.27,0.53,0.58,-750.92,1.47,841386976.0,431613440.0,-0.22,-0.11,-17.36,-38.26
4180,601126,四方股份,44.19,0.11,0.05,177135.0,775141159.0,7.16,45.37,42.21,44.0,44.14,0.64,2.15,34.0,8.05,36814932045.0,36460523826.0,0.02,0.02,-41.59,50.51
4181,920211,新睿电子,103.4,0.1,0.1,3025.0,31249219.97,2.99,104.39,101.3,102.84,103.3,0.3,2.61,56.96,8.57,3556960000.0,1199095781.0,-0.11,-0.07,310.48,310.48
4182,600650,锦江在线,10.46,0.1,0.01,25406.0,26534881.0,2.78,10.58,10.29,10.3,10.45,0.79,0.65,50.26,1.32,5769841719.0,4085258385.0,-0.19,-0.19,-8.89,-30.68
4183,600618,氯碱化工,10.15,0.1,0.01,68148.0,69381960.0,2.17,10.28,10.06,10.09,10.14,1.21,0.91,15.73,1.25,11737459756.0,7610875756.0,0.1,0.0,-2.68,-12.8
4184,603098,森特股份,10.14,0.1,0.01,37296.0,37817505.0,2.27,10.22,9.99,10.03,10.13,0.86,0.69,63.56,1.95,5470732577.0,5463431777.0,0.1,0.1,-20.28,-26.57
4185,600113,浙江东日,29.72,0.1,0.03,41778.0,123718484.0,2.63,29.85,29.07,29.4,29.69,0.43,1.02,141.1,5.03,12517370335.0,12227734075.0,0.07,0.0,-23.46,-52.86
4186,603713,密尔克卫,63.66,0.09,0.06,16977.0,107990537.0,3.52,64.57,62.33,63.63,63.6,0.61,0.98,14.53,1.94,11079930184.0,11079930184.0,-0.2,-0.06,10.41,16.23
4187,920258,聚仁新材,11.53,0.09,0.01,22205.0,25553105.97,2.69,11.67,11.36,11.41,11.52,0.53,6.17,23.37,4.34,4612000000.0,415080000.0,0.0,0.09,157.37,157.37
4188,000729,燕京啤酒,11.41,0.09,0.01,218955.0,250565101.68,2.72,11.61,11.3,11.38,11.4,0.62,0.87,11.49,1.91,32159533881.0,28634612070.0,0.0,0.0,-10.79,3.45
4189,600078,澄星股份,10.84,0.09,0.01,206243.0,223345347.0,5.17,11.05,10.49,10.65,10.83,0.79,3.11,31.32,4.07,7367545413.0,7182289813.0,0.0,0.0,-10.34,13.03
4190,600601,方正科技,11.55,0.09,0.01,1266542.0,1447712512.0,5.89,11.76,11.08,11.27,11.54,0.69,3.04,43.03,9.4,49361730345.0,48166887465.0,0.0,-0.09,-7.08,-1.45
4191,600989,宝丰能源,23.24,0.09,0.02,561441.0,1314448577.0,3.27,23.78,23.02,23.04,23.22,0.69,0.77,8.76,3.09,170427286400.0,170427286400.0,-0.04,0.0,-5.64,20.98
4192,002271,东方雨虹,10.83,0.09,0.01,328358.0,355554796.39,1.85,10.93,10.73,10.74,10.82,0.49,1.68,21.09,1.26,25869619549.0,21125786283.0,0.09,0.09,-22.31,-20.31
4193,001399,惠科股份,22.6,0.09,0.02,198531.0,443360690.32,3.28,22.69,21.95,22.35,22.58,0.5,4.61,45.06,4.87,167405030534.0,9730808121.0,-0.18,-0.04,123.32,123.32
4194,002943,宇晶股份,32.72,0.09,0.03,78444.0,253897384.68,6.52,33.29,31.16,32.13,32.69,0.66,4.15,-111.97,10.07,8730873527.0,6179244638.0,-0.24,-0.24,-43.01,7.21
4195,300490,华自科技,11.56,0.09,0.01,96776.0,111244516.0,3.64,11.68,11.26,11.54,11.55,0.89,2.46,13.88,2.07,4608632991.0,4546000195.0,-0.09,0.09,-26.18,-3.59
4196,000021,深科技,36.82,0.08,0.03,626336.0,2278034198.46,6.09,37.33,35.09,36.04,36.79,0.64,3.98,59.84,4.45,57968295300.0,57960408456.0,0.0,0.03,1.68,46.93
4197,601225,陕西煤业,26.52,0.08,0.02,322635.0,856007138.0,2.0,26.82,26.29,26.65,26.5,0.76,0.33,15.27,2.76,257111400000.0,257111400000.0,0.04,0.0,2.55,29.94
4198,920576,天力复合,38.83,0.08,0.03,9982.0,38744580.53,2.42,39.19,38.25,39.15,38.8,0.35,0.93,666.58,9.65,4230528500.0,4188598080.0,0.0,-0.18,-32.73,-44.94
4199,002972,科安达,12.63,0.08,0.01,44865.0,56038199.0,5.15,12.78,12.13,12.5,12.62,0.59,3.24,33.09,2.52,3107091144.0,1749111523.0,0.24,0.24,3.52,7.03
4200,003019,宸展光电,24.79,0.08,0.02,43896.0,108248619.0,3.39,25.02,24.18,24.48,24.77,0.84,2.54,39.59,2.68,4386648980.0,4286888442.0,0.0,0.08,-38.65,-24.83
4201,601881,中国银河,12.04,0.08,0.01,135308.0,162619545.0,0.83,12.08,11.98,12.02,12.03,0.64,0.19,9.91,1.11,131650203162.0,87210748181.0,0.0,0.08,-0.74,-22.32
4202,002969,嘉美包装,12.44,0.08,0.01,291461.0,357961229.15,5.07,12.59,11.96,12.32,12.43,0.87,2.67,51.04,4.2,13665286632.0,13593626435.0,-0.56,-0.4,-33.3,-1.74
4203,002891,中宠股份,28.8,0.07,0.02,70198.0,201824396.46,4.62,29.36,28.03,28.23,28.78,1.01,2.18,36.6,2.74,9270655085.0,9270655085.0,-0.1,-0.07,-7.07,-44.19
4204,605507,国邦医药,15.39,0.07,0.01,29285.0,45171418.0,1.63,15.54,15.29,15.36,15.38,0.48,0.37,17.64,1.43,12040411131.0,12040411131.0,0.33,0.2,-2.78,-10.99
4205,600933,爱柯迪,13.85,0.07,0.01,59007.0,81808573.0,1.59,13.95,13.73,13.85,13.84,0.78,0.6,16.29,1.51,14265767208.0,13587030687.0,-0.22,-0.07,-9.83,-29.7
4206,688475,萤石网络,29.1,0.07,0.02,32525.0,94604712.0,1.93,29.31,28.75,28.89,29.08,0.84,0.41,27.97,3.89,22916250000.0,22916250000.0,0.52,0.38,4.04,-2.05
4207,603052,可川科技,56.86,0.07,0.04,65085.0,363405269.0,7.15,57.78,53.72,54.0,56.82,1.01,3.46,-188.89,10.2,10683839455.0,10683839455.0,0.25,0.25,-35.39,80.22
4208,688248,南网科技,40.66,0.07,0.03,25273.0,101869897.0,3.1,40.88,39.62,40.81,40.63,0.41,0.45,116.39,7.16,22960702000.0,22960702000.0,0.0,0.02,-30.28,-8.75
4209,920656,海昇药业,14.48,0.07,0.01,4338.0,6254826.05,2.35,14.55,14.21,14.5,14.47,0.52,1.34,15.4,2.04,1448000000.0,468808549.0,0.28,0.21,1.83,-15.12
4210,688582,芯动联科,41.59,0.07,0.03,33826.0,140467523.0,3.08,42.19,40.91,41.12,41.56,0.45,0.84,229.02,6.59,16708327339.0,16708327339.0,0.0,0.1,-11.13,-36.95
4211,603317,天味食品,13.44,0.07,0.01,108874.0,147353027.0,3.28,13.77,13.33,13.42,13.43,0.88,1.03,14.27,3.42,14274316399.0,14274316399.0,-0.15,-0.07,-10.1,12.28
4212,001212,中旗新材,32.82,0.06,0.02,24011.0,78141561.08,2.84,32.98,32.05,32.3,32.8,0.82,1.33,-1523.99,3.45,6595494860.0,5928160056.0,0.0,0.03,-35.24,-35.27
4213,000858,五 粮 液,71.52,0.06,0.04,180303.0,1287974014.66,0.85,71.8,71.19,71.5,71.48,0.9,0.46,8.61,2.35,277612604518.0,277605837724.0,0.03,0.08,-11.52,-30.8
4214,688563,航材股份,49.28,0.06,0.03,7584.0,37416726.0,1.42,49.58,48.88,49.1,49.25,0.59,0.56,46.01,2.14,22144438525.0,6679542975.0,-0.18,-0.02,-4.07,-15.38
4215,603312,西典新能,31.91,0.06,0.02,8752.0,27878763.0,2.51,32.15,31.35,31.89,31.89,0.77,1.72,30.46,2.82,5105584045.0,1624841245.0,0.0,0.44,-17.37,-31.24
4216,003033,征和工业,64.61,0.05,0.03,10522.0,67074175.0,5.22,65.39,62.02,63.7,64.58,0.37,1.3,40.12,3.8,5281867500.0,5216846710.0,-0.09,-0.06,3.28,-17.28
4217,301396,宏景科技,172.94,0.05,0.08,111548.0,1904251199.56,5.94,175.45,165.19,170.07,172.86,0.68,7.88,307.11,30.78,37169054271.0,24472185127.0,0.02,-0.1,1.87,266.32
4218,301150,中一科技,38.64,0.05,0.02,108439.0,412340717.59,6.34,39.23,36.78,38.11,38.62,0.79,3.57,44.17,3.47,12515646580.0,11740339192.0,0.0,-0.03,-14.87,28.63
4219,300059,东方财富,18.93,0.05,0.01,1301221.0,2455256289.72,1.11,18.97,18.76,18.92,18.92,0.7,0.97,18.57,3.04,299514243634.0,253517482852.0,0.0,0.0,-0.21,-17.98
4220,300537,广信材料,19.49,0.05,0.01,52615.0,101023027.0,4.98,19.6,18.63,19.12,19.48,0.72,3.47,134.67,4.45,4038510309.0,2957843972.0,-0.1,-0.05,-25.98,-10.72
4221,002289,宇顺电子,39.19,0.05,0.02,36860.0,142860664.0,4.54,39.57,37.79,38.83,39.17,0.54,1.34,55.75,41.4,10983143796.0,10754960021.0,0.05,0.33,-10.44,34.35
4222,603920,世运电路,37.17,0.05,0.02,158537.0,582947615.0,4.6,37.55,35.84,36.17,37.15,0.62,2.2,159.27,4.24,26784416423.0,26784416423.0,0.0,0.0,-33.24,-22.74
4223,301629,矽电股份,255.9,0.04,0.11,11462.0,289196058.02,8.08,260.7,240.02,245.0,255.79,1.17,5.97,-859.84,9.08,10678009417.0,4912295809.0,0.01,0.13,-27.51,17.41
4224,000880,潍柴重机,23.05,0.04,0.01,54441.0,125191642.26,2.86,23.32,22.66,22.86,23.04,0.45,2.4,48.96,5.08,10691715762.0,5232967740.0,0.04,0.09,-21.22,-15.26
4225,300850,新强联,25.07,0.04,0.01,73632.0,183571139.76,3.43,25.45,24.59,25.04,25.06,0.86,2.45,17.35,1.48,10381131883.0,7540684814.0,0.04,0.0,-26.05,-38.97
4226,605389,长龄液压,69.5,0.04,0.03,6094.0,42183877.0,3.93,70.6,67.87,69.28,69.47,0.64,0.34,86.2,6.21,12996306095.0,12311701766.0,0.22,0.01,-16.18,16.51
4227,688668,鼎通科技,248.11,0.04,0.11,39913.0,981128471.0,6.59,254.5,238.16,239.9,248.0,0.69,2.87,94.02,16.46,34554430055.0,34554430055.0,0.04,0.38,-6.76,100.74
4228,603392,万泰生物,28.1,0.04,0.01,92481.0,257236139.0,2.88,28.22,27.41,27.82,28.09,0.89,0.73,-138.44,3.03,35529437792.0,35529437792.0,-0.14,-0.28,-22.76,-37.47
4229,300085,银之杰,28.87,0.03,0.01,211329.0,611561386.48,2.53,29.25,28.52,28.7,28.86,0.73,3.24,-236.19,48.61,20400712245.0,18823611268.0,-0.03,0.0,-30.6,-27.99
4230,920015,锦华新材,39.5,0.03,0.01,10280.0,40583432.09,3.44,40.0,38.64,39.2,39.49,0.65,2.57,41.98,3.18,5354883347.0,1580491380.0,0.0,-0.15,-6.77,-16.44
4231,688155,先惠技术,60.01,0.02,0.01,23660.0,139484009.0,3.7,60.04,57.82,59.29,60.0,1.11,1.86,12.44,3.18,7642864178.0,7642864178.0,0.32,0.35,-28.19,0.44
4232,688001,华兴源创,51.29,0.02,0.01,62765.0,317165757.0,6.9,52.18,48.64,50.64,51.28,0.57,1.33,2070.98,5.93,24186600599.0,24186600599.0,0.04,-0.02,-26.36,70.23
4233,688336,三生国健,43.46,0.02,0.01,79098.0,342006284.0,5.04,44.2,42.01,43.37,43.45,0.58,0.88,52.45,4.58,38949957144.0,38949957144.0,0.0,0.02,-2.71,6.6
4234,605376,博迁新材,147.55,0.01,0.01,92717.0,1348459513.0,7.74,150.3,138.88,144.92,147.54,0.69,3.54,134.72,22.26,38599080000.0,38599080000.0,0.16,0.16,-17.42,125.96
4235,600509,天富能源,7.4,0.0,0.0,132755.0,97645284.0,1.76,7.42,7.29,7.37,7.4,0.63,0.97,16.88,1.28,10170540812.0,10170540812.0,0.14,0.14,-23.87,-9.54
4236,600526,菲达环保,4.72,0.0,0.0,111786.0,52579137.0,1.27,4.74,4.68,4.69,4.72,0.88,1.28,14.35,0.9,4193596525.0,4120593701.0,0.21,0.21,-2.28,-11.11
4237,600537,*ST亿晶,2.1,0.0,0.0,183550.0,38481797.0,2.38,2.12,2.07,2.08,2.1,0.94,1.55,-9.49,-17.1,2485801538.0,2485801538.0,0.48,0.0,-32.26,-49.52
4238,605368,蓝天燃气,6.73,0.0,0.0,35000.0,23613021.0,1.04,6.78,6.71,6.74,6.73,0.92,0.49,14.01,1.45,4809499708.0,4809499708.0,0.0,0.0,-6.79,-12.82
4239,002024,ST易购,1.18,0.0,0.0,170117.0,20080695.18,1.69,1.19,1.17,1.17,1.18,0.89,0.18,94.55,0.89,10932425789.0,10918882869.0,0.0,-0.84,-6.35,-30.59
4240,601658,邮储银行,5.04,0.0,0.0,1375991.0,694479705.0,0.99,5.07,5.02,5.05,5.04,0.93,0.19,5.88,0.59,605279069600.0,365540115049.0,0.0,0.0,2.44,-3.63
4241,600340,*ST华幸,1.09,0.0,0.0,232640.0,25194726.0,1.83,1.09,1.07,1.08,1.09,0.74,0.6,-0.62,-0.22,4243757018.0,4243757018.0,0.93,0.0,-13.49,-50.23
4242,605336,*ST帅电,10.76,0.0,0.0,8202.0,8830811.0,1.77,10.85,10.66,10.66,10.76,0.44,0.45,-68.51,1.09,1973517962.0,1973517962.0,0.09,0.0,-35.57,-31.64
4243,002360,ST同德,5.71,0.0,0.0,33937.0,19184359.0,2.63,5.73,5.58,5.66,5.71,0.82,1.1,-23.66,2.6,2294130956.0,1761536736.0,0.0,0.0,-6.24,17.98
4244,002967,广电计量,17.15,0.0,0.0,37057.0,63549967.0,1.92,17.3,16.97,17.06,17.15,0.88,0.61,45.03,2.22,10969502757.0,10356365098.0,-0.12,-0.17,-17.03,-21.4
4245,300786,国林科技,15.63,0.0,0.0,65256.0,100070174.0,5.95,15.78,14.85,15.78,15.63,1.0,4.46,148.85,2.57,2876168189.0,2288141643.0,0.06,-0.06,-13.88,-4.05
4246,600997,开滦股份,5.66,0.0,0.0,142703.0,81200849.0,2.12,5.74,5.62,5.65,5.66,0.94,0.9,-20.56,0.67,8986947157.0,8986947157.0,0.0,0.18,-0.88,-1.22
4247,603936,博敏电子,17.21,0.0,0.0,438317.0,745519375.0,5.11,17.44,16.56,16.57,17.21,0.5,6.95,-108.27,2.61,11106439149.0,10849149649.0,0.06,0.12,-23.0,35.62
4248,601860,紫金银行,2.56,0.0,0.0,522496.0,133810662.0,1.95,2.59,2.54,2.56,2.56,0.98,1.47,5.47,0.46,9372426949.0,9092321180.0,0.0,0.0,-1.16,-3.76
4249,300027,ST华谊,1.84,0.0,0.0,249182.0,45772007.19,1.63,1.85,1.82,1.83,1.84,0.7,0.97,-44.43,-445.44,5105090891.0,4718823242.0,-0.54,0.0,-3.16,-15.21
4250,601818,光大银行,3.07,0.0,0.0,1913820.0,587086739.0,1.3,3.09,3.05,3.08,3.07,1.13,0.41,3.96,0.36,181392641757.0,142468923772.0,0.33,0.0,0.0,-7.53
4251,600236,桂冠电力,9.89,0.0,0.0,71122.0,70059608.0,1.62,9.9,9.74,9.88,9.89,0.6,0.09,22.16,4.31,77956716462.0,77956716462.0,0.1,0.2,-16.89,30.3
4252,600187,*ST国中,1.35,0.0,0.0,214595.0,28814308.0,2.22,1.36,1.33,1.34,1.35,0.77,1.33,375.25,0.74,2178604489.0,2178604489.0,0.75,0.0,-3.57,-45.78
4253,601696,中银证券,11.61,0.0,0.0,202698.0,234125360.0,1.72,11.65,11.45,11.58,11.61,0.76,0.73,22.3,1.67,32252580000.0,32252580000.0,0.0,0.0,2.29,-22.44
4254,601928,凤凰传媒,8.81,0.0,0.0,95777.0,84586904.0,1.36,8.89,8.77,8.81,8.81,0.94,0.38,13.25,1.16,22420569000.0,22420569000.0,-0.11,-0.11,0.23,-8.61
4255,001209,洪兴股份,17.5,0.0,0.0,18890.0,33056233.6,1.83,17.67,17.35,17.5,17.5,0.8,1.97,25.6,1.78,2301647600.0,1681656130.0,-0.17,-0.17,-16.86,-15.62
4256,600018,上港集团,5.24,0.0,0.0,412142.0,215596875.0,1.53,5.27,5.19,5.22,5.24,0.97,0.18,7.61,0.86,121986993041.0,121812804154.0,0.0,0.0,4.8,0.19
4257,688496,*ST清越,0.92,0.0,0.0,43640.0,3984738.0,3.26,0.93,0.9,0.92,0.92,0.44,1.83,-3.19,0.46,414000000.0,218909952.0,1.1,1.1,-14.02,-84.51
4258,688677,海泰新光,84.25,0.0,0.0,91410.0,759519209.0,9.21,86.7,78.94,82.45,84.25,0.63,7.63,66.18,7.54,10099637250.0,10099637250.0,-0.05,-0.27,-41.06,97.91
4259,688663,新风光,53.59,0.0,0.0,21761.0,115234779.0,6.48,54.47,51.0,52.99,53.59,0.53,1.1,631.4,7.79,10570519463.0,10570519463.0,0.13,0.11,-17.82,93.82
4260,688267,中触媒,18.45,0.0,0.0,9851.0,18136547.0,2.38,18.6,18.16,18.51,18.45,0.51,0.43,26.15,1.46,4209114624.0,4209114624.0,-0.05,-0.27,-28.87,-14.58
4261,601939,建设银行,10.66,0.0,0.0,1268952.0,1355164934.0,1.5,10.76,10.6,10.68,10.66,1.04,1.32,8.08,0.8,2788660066353.0,102268390080.0,0.19,0.09,7.89,17.4
4262,603166,福达股份,11.0,0.0,0.0,80805.0,87918178.0,3.09,11.08,10.74,11.06,11.0,0.7,1.26,22.62,2.6,7102157161.0,7047872161.0,-0.09,0.0,-11.36,-29.03
4263,002431,ST棕榈,1.39,0.0,0.0,186255.0,26060875.4,2.88,1.42,1.38,1.38,1.39,0.79,1.03,-4.94,8.43,2505342623.0,2505342623.0,-0.71,-0.71,-17.26,-41.84
4264,920751,惠同新材,15.61,0.0,0.0,4828.0,7569749.94,2.5,15.89,15.5,15.61,15.61,0.72,0.58,28.21,3.28,1354635800.0,1296677821.0,0.39,-0.13,-29.08,-24.66
4265,603566,普莱柯,10.22,0.0,0.0,29249.0,29693178.0,1.66,10.23,10.06,10.1,10.22,0.81,0.85,22.87,1.39,3536756430.0,3536756430.0,0.0,0.1,-2.94,-15.05
4266,000620,盈新发展,3.47,0.0,0.0,6228493.0,2146220495.66,10.95,3.64,3.26,3.31,3.47,1.19,13.33,118.32,5.48,20375198189.0,16210968388.0,-0.29,0.29,23.49,29.48
4267,000010,*ST美丽,1.53,0.0,0.0,172954.0,26497673.0,2.61,1.55,1.51,1.51,1.53,1.03,1.88,16.24,5.98,1758968007.0,1403961186.0,0.0,0.0,-30.77,-56.66
4268,688181,八亿时空,38.07,0.0,0.0,36967.0,137990440.0,5.2,38.23,36.25,37.55,38.07,0.68,2.78,57.95,2.43,5064446808.0,5064446808.0,-0.08,0.29,-5.58,18.45
4269,688184,ST帕瓦,10.93,0.0,0.0,6438.0,7037962.0,1.65,11.01,10.83,10.88,10.93,1.23,0.66,19.01,1.56,1713036319.0,1072975519.0,-0.18,-0.36,-15.79,17.78
4270,000065,北方国际,9.98,0.0,0.0,688486.0,684326754.5,3.91,10.14,9.75,9.98,9.98,2.5,6.46,17.77,1.04,11591192747.0,10628885359.0,-0.1,-0.2,-17.25,-18.99
4271,300397,天和防务,11.32,0.0,0.0,121494.0,137027851.0,3.18,11.41,11.05,11.14,11.32,0.62,2.98,137.83,4.09,5859647953.0,4620403066.0,0.0,-0.09,-13.85,-23.62
4272,603277,银都股份,12.56,0.0,0.0,64367.0,80662070.0,7.17,12.92,12.02,12.34,12.56,0.66,1.06,46.4,2.91,7683127400.0,7658410074.0,0.0,0.0,7.35,-23.79
4273,300205,*ST天喻,4.72,0.0,0.0,8506.0,4021751.0,1.69,4.76,4.68,4.68,4.72,0.43,0.2,-14.1,5.25,2029864320.0,2029864320.0,-0.42,-0.21,-21.2,-1.67
4274,002568,百润股份,17.9,0.0,0.0,69108.0,123768928.86,1.56,18.09,17.81,17.81,17.9,0.72,0.91,19.47,3.73,18645064248.0,13641742705.0,0.0,0.06,-10.01,-16.78
4275,603559,中通国脉,9.04,0.0,0.0,83534.0,75298640.0,3.21,9.1,8.81,8.82,9.04,0.44,2.08,134.57,4.63,3627543890.0,3627543890.0,0.0,-0.11,-4.44,29.33
4276,603290,斯达半导,92.99,0.0,0.0,100129.0,913889008.0,5.58,93.7,88.51,89.98,92.99,0.63,4.18,171.3,3.24,22268637603.0,22268637603.0,0.01,0.11,-20.25,-2.71
4277,603227,雪峰科技,7.65,0.0,0.0,52897.0,40507805.0,2.22,7.73,7.56,7.61,7.65,0.51,0.49,16.17,1.55,8198449071.0,8198449071.0,0.0,0.13,-16.21,-6.36
4278,300476,胜宏科技,244.99,0.0,-0.01,210253.0,5132799789.23,5.08,249.55,237.1,240.0,245.0,0.72,2.43,46.72,15.37,240772451337.0,211964109576.0,0.0,0.03,-28.44,-14.22
4279,300135,宝利国际,3.51,0.0,0.0,359708.0,126458727.0,2.56,3.56,3.47,3.48,3.51,1.49,3.9,124.58,3.72,3234816000.0,3234816000.0,-0.28,-0.28,-2.77,-11.14
4280,920079,乔路铭,14.01,0.0,0.0,30133.0,41977523.22,2.28,14.08,13.76,13.99,14.01,0.73,4.15,15.02,2.37,5832508704.0,1017140935.0,0.0,0.0,-2.44,-2.44
4281,600784,鲁银投资,7.68,0.0,0.0,70726.0,54174918.0,2.47,7.73,7.54,7.63,7.68,0.71,1.05,24.07,1.54,5189009487.0,5189009487.0,0.0,0.0,1.05,10.82
4282,002936,郑州银行,1.77,0.0,0.0,847854.0,149875000.02,1.69,1.78,1.75,1.76,1.77,0.99,1.21,3.76,0.35,16093001704.0,12441853727.0,-0.56,-0.56,-1.67,-8.29
4283,600578,京能电力,5.57,0.0,0.0,539798.0,298771395.0,2.33,5.59,5.46,5.53,5.57,0.65,0.81,9.37,1.5,37289039054.0,37289039054.0,0.0,0.0,-32.65,12.98
4284,600619,海立股份,14.27,0.0,0.0,168909.0,240929601.0,2.66,14.48,14.1,14.26,14.27,0.85,2.14,52.87,2.49,15316624674.0,11261524367.0,0.07,0.0,-6.24,-32.27
4285,601866,中远海发,2.4,0.0,0.0,446295.0,107146319.0,0.83,2.41,2.39,2.39,2.4,0.74,0.46,19.07,1.02,31516936128.0,23305026528.0,0.0,-0.41,-6.61,-4.38
4286,600180,*ST瑞茂,1.53,0.0,0.0,156420.0,24022482.0,3.27,1.56,1.51,1.52,1.53,0.86,1.44,-1.37,0.39,1662540020.0,1662540020.0,0.0,0.0,8.51,-56.29
4287,300072,海新能科,3.72,0.0,0.0,193461.0,72062699.86,2.15,3.76,3.68,3.7,3.72,0.45,0.83,-45.75,1.67,8740959523.0,8672663924.0,0.0,0.27,-5.58,-19.13
4288,000793,ST华闻,2.14,0.0,0.0,77772.0,16612682.4,1.4,2.15,2.12,2.14,2.14,0.68,0.29,80.67,3.55,9403031611.0,5702464769.0,-0.47,-0.47,-13.36,-19.25
4289,600089,特变电工,19.0,0.0,0.0,549324.0,1043977784.0,1.89,19.17,18.81,19.01,19.0,0.72,1.09,18.81,1.35,96003058849.0,96003058849.0,0.0,0.0,-27.2,-13.08
4290,600157,永泰能源,1.57,0.0,0.0,2702084.0,424374088.0,1.27,1.58,1.56,1.56,1.57,0.87,1.24,138.48,0.73,34253889708.0,34253889708.0,-0.63,-0.63,-16.04,0.0
4291,688689,银河微电,39.4,0.0,0.0,44713.0,173180194.0,5.99,39.78,37.42,38.7,39.4,0.63,3.09,59.15,3.21,5709376579.0,5709376579.0,-0.05,0.0,-0.23,40.06
4292,600365,ST通葡,2.84,0.0,0.0,39495.0,11326555.0,3.52,2.92,2.82,2.82,2.84,1.81,0.92,-21.15,6.33,1289161200.0,1213475200.0,0.0,0.35,0.71,-12.62
4293,002327,富安娜,6.69,0.0,0.0,39567.0,26368938.0,1.64,6.72,6.61,6.69,6.69,1.0,0.81,21.58,1.62,5578575843.0,3284678739.0,0.0,0.15,-0.89,5.69
4294,600998,九州通,4.92,0.0,0.0,265666.0,130248171.0,1.42,4.93,4.86,4.9,4.92,0.72,0.53,10.33,0.92,24808953551.0,24808953551.0,0.0,0.0,4.68,0.0
4295,002001,新 和 成,26.32,0.0,0.0,246871.0,649968057.7,1.56,26.54,26.13,26.26,26.32,0.53,0.81,10.08,2.32,80892458618.0,79929969065.0,0.04,0.08,-11.83,7.91
4296,603815,交建股份,5.43,0.0,0.0,95172.0,51617407.0,2.39,5.47,5.34,5.42,5.43,1.23,1.54,14.65,2.13,3360758596.0,3360758596.0,0.37,0.18,-23.63,-27.02
4297,000157,中联重科,7.07,0.0,0.0,290603.0,205170706.06,1.27,7.11,7.02,7.04,7.07,0.66,0.41,17.29,1.08,61145144119.0,49982564072.0,0.0,0.0,0.71,-14.09
4298,603797,联泰环保,4.74,0.0,0.0,74804.0,35487859.0,2.11,4.78,4.68,4.68,4.74,0.44,1.3,16.66,0.81,2733108601.0,2733108601.0,0.21,0.0,3.72,1.5
4299,002958,青农商行,2.95,0.0,0.0,687810.0,202477483.51,1.69,2.97,2.92,2.94,2.95,0.98,1.26,3.28,0.43,16389101098.0,16046703864.0,0.34,0.34,4.98,-1.01
4300,002038,双鹭药业,6.37,0.0,0.0,952691.0,594468665.07,6.59,6.41,5.99,6.08,6.37,1.84,11.18,-19.0,1.29,6544219500.0,5426675083.0,0.0,0.16,7.6,-13.45
4301,003004,声迅股份,68.84,0.0,0.0,12329.0,83174653.88,6.51,69.55,65.07,67.9,68.84,0.89,1.79,-418.05,8.93,5635507021.0,4732255660.0,-0.13,-0.17,4.81,207.32
4302,301338,凯格精机,97.49,-0.01,-0.01,40639.0,391362858.56,6.4,99.66,93.42,96.7,97.5,0.75,3.74,52.83,8.47,14522110400.0,10581077150.0,0.0,0.03,-41.66,55.83
4303,688719,爱科赛博,49.17,-0.02,-0.01,24967.0,121198469.0,5.67,49.86,47.07,48.64,49.18,0.65,2.78,-80.74,3.37,5673501003.0,4411645393.0,0.84,0.59,-31.1,11.37
4304,920106,林泰新材,34.72,-0.03,-0.01,3200.0,11117548.88,3.66,35.29,34.02,34.74,34.73,0.66,0.73,21.52,3.28,1964926320.0,1515940404.0,-0.06,-0.2,-25.04,-55.54
4305,301205,联特科技,303.9,-0.03,-0.08,92056.0,2715603240.94,7.24,306.0,284.0,300.0,303.98,1.04,10.99,3244.83,24.47,39532679550.0,25450169319.0,-0.03,-0.08,-2.75,80.56
4306,002648,卫星化学,26.56,-0.04,-0.01,359348.0,959911034.69,2.45,27.09,26.44,26.64,26.57,0.66,1.07,7.18,2.35,89471229526.0,89413774802.0,0.15,0.19,13.94,54.6
4307,300890,翔丰华,26.98,-0.04,-0.01,64589.0,172591422.58,2.85,27.05,26.28,26.7,26.99,1.63,5.91,34.41,1.51,3226267968.0,2948876201.0,0.15,0.3,-24.87,-9.16
4308,300801,泰和科技,22.45,-0.04,-0.01,43529.0,96522481.94,3.12,22.51,21.81,22.35,22.46,0.9,3.16,17.52,1.84,4903753500.0,3087916141.0,-0.04,0.09,-16.67,-18.45
4309,688321,微芯生物,25.88,-0.04,-0.01,118803.0,305280205.0,3.24,26.09,25.25,25.78,25.89,0.61,2.91,80.3,4.72,11463320508.0,10554074948.0,0.0,0.04,-4.82,-11.25
4310,300908,仲景食品,24.98,-0.04,-0.01,18409.0,45788933.33,1.92,25.1,24.62,24.7,24.99,0.43,1.5,16.83,2.07,3647080000.0,3072353250.0,0.0,0.08,0.48,-6.44
4311,002270,华明装备,19.51,-0.05,-0.01,83137.0,162456201.58,2.2,19.77,19.34,19.47,19.52,0.65,0.93,26.81,5.6,17485358159.0,17485077956.0,0.1,0.1,-10.22,-21.43
4312,600519,贵州茅台,1304.0,-0.05,-0.66,21111.0,2757527115.0,1.22,1317.0,1301.11,1311.89,1304.66,0.58,0.17,18.31,6.49,1630106407704.0,1630106407704.0,-0.05,0.02,1.75,-3.35
4313,920394,民士达,42.28,-0.05,-0.02,8516.0,36252902.38,3.0,43.37,42.1,42.1,42.3,0.53,0.59,53.5,7.35,6183450000.0,6137906491.0,0.19,-0.12,-5.2,3.83
4314,688282,理工导航,55.15,-0.05,-0.03,7503.0,41460272.0,4.78,56.32,53.68,55.43,55.18,0.64,0.84,-88.25,3.78,4909965895.0,4909965895.0,0.0,-0.2,-26.32,-13.15
4315,688836,C宇树-W,602.8,-0.05,-0.28,53215.0,3244776858.0,6.28,625.89,588.0,588.0,603.08,0.39,17.69,444.91,27.71,243811104152.0,18136877616.0,0.0,-0.13,299.73,299.73
4316,002508,老板电器,16.56,-0.06,-0.01,69142.0,114733558.04,1.75,16.72,16.43,16.43,16.57,0.57,0.74,12.76,1.38,15648188449.0,15459617593.0,-0.06,0.06,-1.55,-12.15
4317,002517,恺英网络,16.54,-0.06,-0.01,404953.0,669999176.9,2.3,16.68,16.3,16.38,16.55,0.73,2.14,11.32,3.48,35336771090.0,31245493571.0,0.0,0.0,3.5,-24.02
4318,002352,顺丰控股,32.92,-0.06,-0.02,146685.0,483534299.19,1.24,33.2,32.79,33.04,32.94,0.79,0.31,17.16,1.76,173333941928.0,157986874326.0,0.03,0.09,-6.29,-13.14
4319,300585,奥联电子,15.68,-0.06,-0.01,50354.0,76962948.0,6.05,15.74,14.79,15.38,15.69,0.88,2.94,-89.8,4.29,2683022220.0,2683022220.0,0.0,-0.13,-14.18,-11.86
4320,600563,法拉电子,126.18,-0.07,-0.09,28250.0,355673051.0,4.34,128.48,123.0,125.29,126.27,0.56,1.26,24.38,4.66,28390500000.0,28390500000.0,0.01,0.0,-17.04,22.92
4321,300012,华测检测,15.15,-0.07,-0.01,281472.0,424041302.37,2.11,15.22,14.9,15.02,15.16,0.56,1.97,22.61,3.18,25494847442.0,21693980961.0,0.07,0.0,5.06,13.06
4322,300989,蕾奥规划,14.19,-0.07,-0.01,31243.0,44039573.17,3.1,14.29,13.85,14.05,14.2,0.56,1.92,-25.25,3.1,2987821809.0,2311470003.0,-0.63,-0.14,-1.94,-19.56
4323,600539,狮头股份,14.85,-0.07,-0.01,114771.0,169649812.0,3.63,14.97,14.43,14.72,14.86,0.51,4.99,1622.51,11.37,3415500000.0,3415500000.0,0.0,0.0,-7.3,45.87
4324,688002,睿创微纳,158.27,-0.08,-0.13,88252.0,1377474097.0,3.58,159.08,153.41,156.1,158.4,0.67,1.9,29.25,9.28,73682546271.0,73682546271.0,-0.18,-0.04,31.08,57.47
4325,002169,智光电气,12.22,-0.08,-0.01,146951.0,177753659.86,3.6,12.31,11.87,12.16,12.23,0.78,1.93,109.1,3.41,9564644029.0,9298490877.0,0.0,0.0,-24.89,6.35
4326,002828,贝肯能源,12.25,-0.08,-0.01,130012.0,159432918.0,3.1,12.39,12.01,12.18,12.26,0.85,6.47,-9.9,4.08,2462098100.0,2462098100.0,-0.08,-0.08,24.11,14.92
4327,300521,爱司凯,23.36,-0.09,-0.02,25454.0,59554422.0,4.79,23.93,22.81,23.03,23.38,0.77,1.72,-170.77,6.56,3497692800.0,3453892800.0,-0.17,-0.17,-7.49,-18.04
4328,002262,恩华药业,21.83,-0.09,-0.02,84682.0,184652575.93,2.01,21.99,21.55,21.72,21.85,0.53,0.96,14.97,2.64,22174621107.0,19292836738.0,-0.09,0.05,5.66,-8.01
4329,002911,佛燃能源,11.04,-0.09,-0.01,59050.0,65276885.78,1.81,11.16,10.96,11.05,11.05,1.14,0.47,21.72,3.24,14331861163.0,13988099531.0,0.09,0.0,-4.58,-4.83
4330,688039,当虹科技,32.79,-0.09,-0.03,16947.0,55346335.0,4.11,33.33,31.98,32.56,32.82,1.05,1.53,-59.59,3.49,3626620693.0,3626620693.0,0.15,-0.18,-26.81,-26.73
4331,301377,鼎泰高科,392.6,-0.1,-0.41,28302.0,1113452866.99,4.68,404.4,386.01,388.88,393.01,0.71,2.86,122.57,53.3,166480041088.0,38812802688.0,0.02,0.01,16.03,183.26
4332,603016,新宏泰,28.82,-0.1,-0.03,32416.0,92766795.0,3.22,28.99,28.06,28.57,28.85,0.68,2.19,83.46,5.24,4269971200.0,4269971200.0,0.0,0.17,-32.54,-3.22
4333,300570,太辰光,202.7,-0.1,-0.2,206399.0,4162646307.31,5.32,206.6,195.8,199.9,202.9,0.67,10.74,130.56,27.6,46038615941.0,38957480155.0,0.41,0.08,38.13,76.95
4334,688568,中科星图,30.97,-0.1,-0.03,89099.0,277309014.0,3.23,31.63,30.63,30.85,31.0,0.87,1.1,-42.04,6.9,25026203905.0,25026203905.0,-0.03,0.0,-33.92,-47.5
4335,002039,黔源电力,19.46,-0.1,-0.02,53251.0,103340470.8,1.54,19.58,19.28,19.4,19.48,0.88,1.25,17.86,1.84,8320281132.0,8320281132.0,0.0,-0.1,-13.97,9.45
4336,600596,新安股份,10.37,-0.1,-0.01,296855.0,308289083.0,2.7,10.51,10.23,10.3,10.38,0.94,2.2,27.53,1.11,13995321398.0,13995321398.0,0.0,0.1,-21.2,-8.8
4337,603822,ST嘉澳,57.5,-0.1,-0.06,3625.0,20764977.0,2.55,57.99,56.52,57.5,57.56,0.51,0.47,32.89,9.79,4417488445.0,4417488445.0,0.02,0.0,-27.29,-40.33
4338,300005,探路者,10.38,-0.1,-0.01,343357.0,351948961.62,4.91,10.47,9.96,10.21,10.39,0.64,3.92,89.49,4.27,9172828691.0,9098582108.0,-0.19,-0.1,-30.57,-4.07
4339,601628,中国人寿,37.6,-0.11,-0.04,289137.0,1084469860.0,1.91,37.88,37.16,37.67,37.64,0.98,0.14,13.62,1.83,1062752908000.0,782964728000.0,0.03,0.11,14.08,-16.22
4340,301677,欣兴工具,54.02,-0.11,-0.06,16820.0,90311238.87,2.5,54.19,52.84,53.3,54.08,0.51,7.85,28.54,2.51,5402000000.0,1158189772.0,0.07,0.07,60.87,60.87
4341,688215,瑞晟智能,44.6,-0.11,-0.05,10938.0,48895447.0,6.56,45.95,43.02,45.05,44.65,0.77,1.21,75.96,8.07,4029666241.0,4029666241.0,-0.2,0.09,-6.03,-10.78
4342,605133,嵘泰股份,28.05,-0.11,-0.03,47626.0,132998492.0,3.38,28.45,27.5,27.8,28.08,0.46,1.69,44.78,2.11,8001968014.0,7913413042.0,0.07,0.18,-21.07,-17.69
4343,301536,星宸科技,114.18,-0.11,-0.13,108799.0,1225499337.98,5.79,115.33,108.71,113.18,114.31,0.93,5.81,54.66,15.54,48151445190.0,21373726655.0,-0.09,-0.03,42.72,91.55
4344,600153,建发股份,8.78,-0.11,-0.01,119859.0,105372079.0,1.37,8.87,8.75,8.77,8.79,0.59,0.41,9.08,0.61,25457948478.0,25457948478.0,0.0,-0.11,-6.89,2.69
4345,688550,瑞联新材,37.83,-0.11,-0.04,32990.0,122860891.0,4.15,38.08,36.51,37.53,37.87,0.57,1.87,25.81,2.01,6660656828.0,6660656828.0,0.53,0.58,-17.78,-14.82
4346,603869,ST智知,8.73,-0.11,-0.01,6789.0,5890557.0,2.63,8.78,8.55,8.66,8.74,0.75,0.14,218.12,1.14,4265669955.0,4265669955.0,0.0,0.0,-16.14,-17.41
4347,002079,苏州固锝,9.37,-0.11,-0.01,256935.0,236980802.08,4.58,9.42,8.99,9.23,9.38,1.03,3.17,25.05,2.1,8512537461.0,7600254162.0,-0.11,-0.11,-23.26,-1.68
4348,301707,展芯股份,78.33,-0.11,-0.09,37141.0,289774508.41,3.69,79.39,76.5,77.0,78.42,0.54,13.73,112.32,13.15,32208507217.0,2119027338.0,-0.03,-0.05,234.03,234.03
4349,600664,哈药股份,8.21,-0.12,-0.01,2936821.0,2413145659.0,5.72,8.39,7.92,8.1,8.22,0.76,11.66,32.08,3.53,20676966082.0,20676966082.0,0.0,0.0,142.18,137.97
4350,601336,新华保险,59.36,-0.12,-0.07,141983.0,840470702.0,1.92,59.86,58.72,59.5,59.43,0.91,0.68,7.12,1.58,185176286176.0,123791679222.0,0.02,0.07,4.71,-12.24
4351,300832,新产业,51.41,-0.12,-0.06,51558.0,265549192.18,2.74,52.22,50.81,51.3,51.47,0.5,0.75,23.28,4.5,40393802737.0,35119316826.0,0.0,-0.04,10.39,-6.61
4352,600623,华谊集团,8.07,-0.12,-0.01,139244.0,112716213.0,2.1,8.19,8.02,8.11,8.08,1.26,0.74,17.44,0.76,17104290869.0,15139600295.0,0.25,0.12,-8.61,6.18
4353,688458,美芯晟,33.28,-0.12,-0.04,10781.0,35450956.0,3.69,33.48,32.25,33.06,33.32,0.63,1.15,-172.06,2.04,3711939013.0,3119387282.0,-0.03,0.21,-12.61,-16.04
4354,601108,财通证券,8.37,-0.12,-0.01,372945.0,312490122.0,1.19,8.43,8.33,8.35,8.38,0.58,0.8,15.75,1.03,38868346446.0,38868346446.0,-0.12,-0.12,7.17,-3.46
4355,300433,蓝思科技,37.9,-0.13,-0.05,1309981.0,4919180588.4,8.46,39.0,35.79,37.49,37.95,0.94,2.64,173.42,3.79,200064278973.0,188256466890.0,-0.03,-0.13,-8.41,27.1
4356,688728,格科微,15.26,-0.13,-0.02,194323.0,291807854.0,4.38,15.33,14.66,15.03,15.28,0.59,0.75,7035.71,5.04,39684952538.0,39657560838.0,0.07,0.07,9.94,2.14
4357,001289,龙源电力,15.7,-0.13,-0.02,34505.0,54219556.32,0.7,15.78,15.67,15.67,15.72,0.97,0.07,20.21,1.72,131249113775.0,79158366375.0,0.0,0.13,-17.02,4.81
4358,920020,泰凯英,15.16,-0.13,-0.02,2040.0,3100600.68,0.86,15.26,15.13,15.18,15.18,0.45,0.37,20.8,2.99,3410166200.0,842909659.0,-0.33,-0.13,3.2,-10.51
4359,002429,兆驰股份,7.94,-0.13,-0.01,513815.0,403504666.04,5.28,8.05,7.63,7.82,7.95,0.72,1.14,45.94,2.16,35943908420.0,35923183320.0,0.0,0.0,-28.85,8.32
4360,603161,科华控股,15.98,-0.13,-0.02,24723.0,39337724.0,2.38,16.07,15.69,15.69,16.0,0.52,1.3,57.06,1.97,3582098421.0,3048165025.0,0.13,0.5,15.97,17.85
4361,605128,上海沿浦,23.23,-0.13,-0.03,28711.0,66699333.0,3.4,23.66,22.87,23.1,23.26,0.55,0.91,39.31,3.34,7293912040.0,7293912040.0,0.09,0.17,0.35,-5.57
4362,688301,奕瑞科技,97.01,-0.14,-0.14,33458.0,323000666.0,3.59,98.1,94.61,95.6,97.15,0.51,1.07,37.47,3.89,30403845409.0,30403845409.0,0.31,0.05,-26.56,35.64
4363,300976,达瑞电子,57.26,-0.14,-0.08,40411.0,227865095.2,5.86,57.88,54.52,57.32,57.34,0.61,3.36,32.97,2.91,10715175171.0,6892711609.0,0.05,0.1,-3.85,34.57
4364,000598,兴蓉环境,7.14,-0.14,-0.01,121363.0,86770677.0,1.82,7.23,7.1,7.16,7.15,0.86,0.41,10.1,1.09,21305822268.0,21302964304.0,-0.28,0.0,3.48,3.03
4365,601288,农业银行,6.85,-0.15,-0.01,3774904.0,2595171804.0,1.75,6.94,6.82,6.87,6.86,0.81,0.12,7.97,0.86,2397383782030.0,2186822843822.0,0.0,0.15,5.55,-9.27
4366,002120,韵达股份,6.61,-0.15,-0.01,246772.0,163003761.6,0.91,6.63,6.57,6.6,6.62,0.97,0.88,9.84,0.93,19163720765.0,18608008725.0,0.0,0.0,-2.51,1.07
4367,301109,军信股份,13.11,-0.15,-0.02,38577.0,50409048.07,2.06,13.2,12.93,12.98,13.13,1.15,0.62,12.09,1.39,10345112039.0,8184426273.0,0.08,0.08,-10.02,-8.7
4368,688518,联赢激光,20.09,-0.15,-0.03,107115.0,211960966.0,3.48,20.1,19.4,19.8,20.12,0.96,3.14,37.31,2.11,6857221159.0,6857221159.0,0.1,0.1,-22.52,-16.78
4369,301165,锐捷网络,115.73,-0.15,-0.17,141454.0,1622605236.35,5.95,118.0,111.1,113.28,115.9,0.57,1.27,92.83,24.15,128881136290.0,128881136290.0,0.03,0.02,88.49,83.55
4370,603324,盛剑科技,27.13,-0.15,-0.04,29763.0,79679349.0,5.41,27.42,25.95,26.98,27.17,0.69,2.04,-39.21,2.42,4096177472.0,3957681535.0,0.04,0.07,-17.46,9.53
4371,002773,康弘药业,20.45,-0.15,-0.03,44577.0,91096508.0,1.27,20.56,20.3,20.3,20.48,0.42,0.65,15.32,2.1,18841123939.0,14044514169.0,-0.1,-0.1,-0.49,-30.13
4372,002698,博实股份,12.35,-0.16,-0.02,82638.0,101562327.93,2.67,12.45,12.12,12.27,12.37,0.5,0.98,40.26,2.99,12628635451.0,10425108314.0,-0.16,-0.08,-0.16,-25.42
4373,688045,必易微,57.91,-0.16,-0.09,16977.0,96212094.0,5.97,58.2,54.74,57.0,58.0,0.61,2.41,54.35,2.8,4087113433.0,4087113433.0,-0.03,0.21,-10.99,49.87
4374,300290,ST荣科,6.08,-0.16,-0.01,200605.0,122927544.5,3.28,6.24,6.04,6.08,6.09,0.7,3.14,-54.3,5.29,3889574020.0,3888418060.0,0.0,0.0,-41.26,-77.91
4375,300818,耐普矿机,18.54,-0.16,-0.03,19157.0,35265954.12,2.8,18.61,18.09,18.33,18.57,0.64,1.35,-172.95,2.28,4067757298.0,2635070214.0,0.16,0.16,-24.17,-36.2
4376,301421,波长光电,76.43,-0.16,-0.12,34178.0,256564855.58,5.37,76.96,72.85,75.55,76.55,0.76,5.63,153.3,7.29,8844326740.0,4640953799.0,0.03,-0.09,-14.94,-26.54
4377,002557,洽洽食品,18.62,-0.16,-0.03,75899.0,142581675.16,2.84,19.14,18.61,18.85,18.65,1.32,1.51,19.15,1.88,9419024867.0,9389486099.0,0.0,0.0,-13.76,-9.79
4378,920748,路桥信息,25.73,-0.16,-0.04,23806.0,61054189.2,9.43,26.98,24.55,25.23,25.77,1.21,6.46,-81.43,9.54,1974520200.0,947791155.0,0.0,0.04,-10.5,-44.71
4379,301191,菲菱科思,87.47,-0.16,-0.14,29762.0,257257677.29,5.07,88.44,84.0,86.06,87.61,0.63,4.07,110.5,5.02,8475587588.0,6390359993.0,0.08,-0.06,-13.31,13.89
4380,301232,飞沃科技,96.05,-0.16,-0.15,48335.0,456298742.66,7.72,97.77,90.34,94.98,96.2,0.49,7.72,560.58,7.14,10112763042.0,6012089443.0,0.26,-0.28,-25.39,-20.21
4381,688303,大全能源,17.6,-0.17,-0.03,53221.0,93749965.0,1.3,17.75,17.52,17.73,17.63,0.57,0.25,-11.76,1.0,37530993509.0,37530993509.0,0.0,0.06,-9.97,-34.38
4382,000725,京东方Ａ,5.74,-0.17,-0.01,10082392.0,5719471670.1,4.52,5.79,5.53,5.65,5.75,0.5,2.85,31.14,1.59,212634443087.0,203007349832.0,-0.17,0.0,8.3,38.31
4383,600019,宝钢股份,5.85,-0.17,-0.01,840669.0,492487532.0,1.19,5.9,5.83,5.86,5.86,0.8,0.39,13.94,0.62,127425195782.0,125272460132.0,-0.17,0.0,-0.17,-19.53
4384,600366,宁波韵升,11.54,-0.17,-0.02,278464.0,320790620.0,2.77,11.68,11.36,11.47,11.56,0.74,2.53,23.14,1.98,12682933729.0,12682933729.0,0.09,0.09,-4.31,-15.7
4385,300779,惠城环保,66.39,-0.17,-0.11,45130.0,298005377.02,2.23,66.73,65.25,66.34,66.5,0.43,1.99,2315.59,8.86,19738281572.0,15081965478.0,0.12,0.29,14.41,-28.6
4386,603861,白云电器,11.93,-0.17,-0.02,53265.0,63404112.0,2.51,12.0,11.7,11.81,11.95,0.82,1.01,37.37,1.63,6448498503.0,6306036683.0,0.0,0.17,-32.1,-1.32
4387,688350,富淼科技,29.35,-0.17,-0.05,10479.0,30534226.0,3.84,29.64,28.51,29.11,29.4,0.69,0.73,55.11,2.27,4204229832.0,4204229832.0,-0.1,0.31,-17.42,14.38
4388,603380,易德龙,33.93,-0.18,-0.06,34772.0,116842238.0,3.88,34.32,33.0,33.99,33.99,1.06,2.17,23.58,3.43,5443769916.0,5443769916.0,-0.06,-0.12,-6.24,-9.28
4389,688825,长鑫科技,56.5,-0.18,-0.1,2368430.0,13316746353.0,4.03,57.19,54.91,55.35,56.6,0.68,5.26,38.15,27.11,3778770063351.0,254421701862.0,-0.16,-0.26,552.42,552.42
4390,603856,东宏股份,11.39,-0.18,-0.02,36897.0,41795566.0,1.31,11.4,11.25,11.38,11.41,1.04,1.31,15.59,1.16,3212618523.0,3212618523.0,0.09,0.26,-11.22,-6.94
4391,603786,科博达,39.37,-0.18,-0.07,15861.0,62343914.0,2.46,39.67,38.7,39.4,39.44,0.82,0.39,26.29,2.88,15899838279.0,15899838279.0,0.03,0.05,-18.71,-49.19
4392,002942,新农股份,15.71,-0.19,-0.03,14362.0,22549803.5,1.97,15.84,15.53,15.55,15.74,0.7,1.04,13.24,2.01,2442602111.0,2179889484.0,-0.06,-0.13,-9.4,-16.52
4393,688755,汉邦科技,26.81,-0.19,-0.05,8709.0,23210731.0,2.76,26.95,26.21,26.76,26.86,0.5,1.09,34.54,2.39,3067064000.0,2141238533.0,-0.26,-0.19,-8.81,-11.69
4394,603596,伯特利,25.7,-0.19,-0.05,108933.0,277973539.0,2.83,25.83,25.1,25.5,25.75,0.9,1.21,21.47,2.95,23069394260.0,23069394260.0,-0.04,0.0,-19.96,-25.27
4395,002540,亚太科技,5.12,-0.19,-0.01,74369.0,38028984.0,1.56,5.15,5.07,5.11,5.13,1.1,0.87,39.85,1.15,6387579197.0,4393990953.0,0.0,0.0,-6.91,-26.86
4396,600176,中国巨石,39.79,-0.2,-0.08,1679290.0,6567402894.0,7.05,40.64,37.83,38.61,39.87,0.73,4.23,27.15,4.8,159284810407.0,158029447844.0,-0.03,0.03,3.84,135.3
4397,688237,超卓航科,55.0,-0.2,-0.11,9446.0,51901311.0,2.94,55.73,54.11,55.0,55.11,0.52,1.05,334.04,4.17,4932507360.0,4932507360.0,-0.24,-0.15,14.68,13.61
4398,000100,TCL科技,4.91,-0.2,-0.01,2552987.0,1247025801.46,2.03,4.93,4.83,4.87,4.92,0.57,1.27,16.4,1.68,102132234615.0,98780982663.0,0.0,0.2,13.92,10.34
4399,688009,中国通号,4.96,-0.2,-0.01,306826.0,151704446.0,1.81,4.98,4.89,4.96,4.97,1.2,0.36,17.82,1.16,52525502240.0,42760249280.0,0.2,0.0,4.86,-6.42
4400,300587,天铁科技,5.03,-0.2,-0.01,258867.0,129343293.0,3.97,5.09,4.89,5.01,5.04,0.82,2.46,90.12,2.91,6530292049.0,5294640930.0,0.2,0.0,-0.59,-17.94
4401,600036,招商银行,39.5,-0.2,-0.08,634183.0,2512181928.0,1.26,39.92,39.42,39.7,39.58,0.76,0.31,6.58,0.9,996183901240.0,814843304946.0,0.0,0.08,6.18,-1.45
4402,600114,东睦股份,29.41,-0.2,-0.06,132687.0,387907893.0,3.87,29.64,28.5,29.31,29.47,0.72,2.15,38.99,5.04,19631591593.0,18127838059.0,-0.03,-0.17,-16.59,-2.78
4403,601717,中创智领,15.09,-0.2,-0.03,106686.0,160629898.0,1.46,15.21,14.99,15.12,15.12,0.55,0.69,7.55,1.18,26941684944.0,23271280866.0,0.07,0.13,-11.75,-35.24
4404,603661,恒林股份,32.74,-0.21,-0.07,13351.0,43688348.0,2.04,32.97,32.3,32.65,32.81,0.54,0.96,19.3,1.23,4553054595.0,4553054595.0,-0.18,0.0,4.3,2.28
4405,600396,华电辽能,14.14,-0.21,-0.03,1195991.0,1697901585.0,5.58,14.59,13.8,14.08,14.17,0.72,8.12,33.01,13.57,20824074392.0,20824074392.0,0.0,0.21,-23.57,396.14
4406,300453,三鑫医疗,9.7,-0.21,-0.02,111803.0,108201866.64,2.78,9.81,9.54,9.63,9.72,0.69,3.09,19.17,3.39,5064217468.0,3512629048.0,0.21,0.21,3.74,13.85
4407,300633,开立医疗,19.07,-0.21,-0.04,62322.0,118588655.82,3.4,19.31,18.66,19.05,19.11,1.11,2.4,294.04,2.69,8101651220.0,4960418127.0,-0.05,-0.05,-6.47,-27.32
4408,603496,恒为科技,23.87,-0.21,-0.05,61099.0,145763031.0,2.38,24.08,23.51,23.56,23.92,0.43,1.91,328.49,5.51,7643394630.0,7643394630.0,0.0,-0.08,2.53,-12.44
4409,688796,百奥赛图,124.65,-0.22,-0.27,22350.0,277181095.0,5.21,127.86,121.35,124.35,124.92,0.67,5.79,133.86,24.41,55705888053.0,4812424626.0,0.0,-0.28,24.65,136.98
4410,688105,诺唯赞,22.46,-0.22,-0.05,156611.0,351533835.0,4.31,22.97,22.0,22.12,22.51,0.75,3.03,694.19,3.22,11611484537.0,11611484537.0,-0.04,0.09,55.54,49.53
4411,688559,海目星,55.33,-0.22,-0.12,96250.0,525023045.0,4.94,55.84,53.1,55.39,55.45,0.64,3.88,135.94,5.66,13708507905.0,13708507905.0,0.36,0.51,-9.56,15.13
4412,002559,亚威股份,9.2,-0.22,-0.02,217817.0,197210106.0,4.77,9.26,8.82,9.04,9.22,1.19,4.26,65.1,2.45,5905145276.0,4707597082.0,0.0,0.11,-4.27,-8.46
4413,000902,新洋丰,13.72,-0.22,-0.03,130102.0,178834182.44,2.69,13.95,13.58,13.82,13.75,0.65,1.14,8.96,1.39,17214954075.0,15678988852.0,0.22,0.07,3.94,-11.02
4414,300606,金太阳,35.63,-0.22,-0.08,57854.0,200830787.0,7.95,36.03,33.19,35.04,35.71,0.75,4.92,128.87,7.48,4929333040.0,4192741936.0,0.0,-0.06,7.0,52.85
4415,001316,润贝航科,26.74,-0.22,-0.06,31939.0,84408136.2,3.96,26.88,25.82,26.54,26.8,1.32,2.12,19.26,3.17,4309460863.0,4020840320.0,0.0,0.15,-26.09,-4.12
4416,601198,东兴证券,13.64,-0.22,-0.03,112149.0,153063960.0,1.1,13.74,13.59,13.65,13.67,0.57,0.35,21.51,1.45,44090556893.0,44090556893.0,-0.07,0.0,3.41,-1.09
4417,688380,中微半导,41.4,-0.22,-0.09,107527.0,437425055.0,5.95,42.05,39.58,40.7,41.49,0.68,2.69,48.29,5.13,16575111000.0,16575111000.0,0.0,0.05,-3.74,29.98
4418,603167,渤海轮渡,8.75,-0.23,-0.02,28364.0,24890656.0,0.91,8.81,8.73,8.77,8.77,1.01,0.6,21.57,1.24,4105014401.0,4105014401.0,0.0,0.0,0.11,-2.02
4419,688375,国博电子,77.23,-0.23,-0.18,29062.0,225089896.0,5.18,79.4,75.39,76.64,77.41,0.65,0.49,234.5,7.29,46030230727.0,46030230727.0,-0.03,-0.3,-13.67,-16.67
4420,300945,曼卡龙,12.93,-0.23,-0.03,314950.0,420152422.47,9.18,14.0,12.81,13.19,12.96,1.92,13.19,14.83,1.99,3388586163.0,3086440095.0,-0.31,-0.23,0.47,-19.44
4421,920039,国义招标,8.53,-0.23,-0.02,8081.0,6934302.03,3.98,8.74,8.4,8.53,8.55,0.39,0.53,42.54,2.48,1312084600.0,1312083747.0,0.0,-0.47,1.31,-23.43
4422,002185,华天科技,16.84,-0.24,-0.04,1914223.0,3175221081.74,6.28,17.06,16.0,16.5,16.88,0.8,5.76,34.44,2.95,56022603171.0,56010286799.0,0.06,0.12,-8.53,53.79
4423,300861,美畅股份,16.59,-0.24,-0.04,126642.0,206053512.16,4.69,16.6,15.82,16.4,16.63,1.21,3.0,14.34,1.72,11145832900.0,6998738509.0,0.0,0.12,-12.73,12.47
4424,002275,桂林三金,12.54,-0.24,-0.03,34319.0,43018611.37,1.83,12.64,12.41,12.5,12.57,0.97,0.61,14.13,2.26,7368110244.0,7081981365.0,0.24,0.24,-6.56,-9.13
4425,688515,裕太微-U,148.44,-0.24,-0.36,29067.0,423333144.0,6.3,149.49,140.12,145.0,148.8,0.82,5.83,-68.63,8.1,11875200000.0,7395191736.0,-0.05,-0.17,-19.34,44.75
4426,300588,熙菱信息,21.07,-0.24,-0.05,25020.0,52533718.0,3.31,21.33,20.63,21.01,21.12,0.49,1.41,-46.73,15.75,4034294602.0,3725640172.0,0.0,0.05,9.45,-21.96
4427,688291,金橙子,42.13,-0.24,-0.1,17184.0,71626788.0,4.71,42.49,40.5,41.98,42.23,1.02,1.67,20.41,4.31,4325348071.0,4325348071.0,0.02,-0.17,-9.18,-1.15
4428,688766,普冉股份,410.0,-0.24,-1.0,107070.0,4276684969.0,8.21,418.8,385.05,385.05,411.0,0.69,7.2,36.87,18.24,60968456730.0,60968456730.0,0.0,0.17,9.91,222.61
4429,002870,香山股份,47.08,-0.25,-0.12,24378.0,114377910.0,2.84,47.5,46.16,46.89,47.2,0.48,1.88,-171.69,3.19,7191862977.0,6107810526.0,0.15,0.02,17.09,20.13
4430,920088,科力股份,44.09,-0.25,-0.11,50960.0,226547609.51,6.63,46.2,43.27,43.69,44.2,0.8,15.65,223.24,5.61,3883072435.0,1435845081.0,-0.02,0.05,20.93,51.51
4431,600873,梅花生物,7.85,-0.25,-0.02,183456.0,143744891.0,1.78,7.92,7.78,7.85,7.87,0.65,0.65,16.63,1.4,22013296953.0,22013296953.0,0.13,0.0,-12.58,-19.07
4432,301356,天振股份,19.82,-0.25,-0.05,16188.0,31816884.52,3.72,19.92,19.18,19.51,19.87,0.87,1.28,27.68,1.45,4281120000.0,2511144450.0,-0.05,0.05,-19.66,-5.66
4433,600968,海油发展,4.01,-0.25,-0.01,326635.0,131020879.0,1.99,4.06,3.98,4.0,4.02,0.66,0.32,15.99,1.42,40762067838.0,40762067838.0,0.0,0.0,2.82,8.67
4434,600612,老凤祥,35.55,-0.25,-0.09,20182.0,71853271.0,2.47,36.18,35.3,35.64,35.64,0.85,0.64,8.5,1.43,18596836510.0,11273247347.0,0.11,0.06,0.2,-17.61
4435,600292,电投水电,12.12,-0.25,-0.03,60121.0,72874153.0,1.65,12.2,12.0,12.15,12.15,0.66,1.37,36.73,2.68,57741922976.0,5324117026.0,0.0,0.08,-13.55,-6.7
4436,688258,卓易信息,92.5,-0.25,-0.23,21685.0,197960979.0,5.74,93.5,88.18,91.7,92.73,0.74,1.79,47.11,11.85,11205656923.0,11205656923.0,-0.03,-0.02,-35.81,20.96
4437,000049,德赛电池,23.38,-0.26,-0.06,57610.0,134423078.73,1.54,23.49,23.13,23.29,23.44,0.54,1.5,21.9,1.32,8992848925.0,8990425074.0,0.04,-0.04,-8.39,-12.27
4438,601339,百隆东方,7.73,-0.26,-0.02,69084.0,53295624.0,1.42,7.78,7.67,7.75,7.75,0.88,0.46,10.36,1.3,11591668370.0,11591668370.0,0.13,0.0,4.18,39.53
4439,603358,华达科技,45.98,-0.26,-0.12,52625.0,240642917.0,3.64,46.5,44.82,45.71,46.1,0.46,1.14,-70.2,6.31,21598786634.0,21232214165.0,0.0,-0.04,23.14,-8.21
4440,688055,龙腾光电,3.7,-0.27,-0.01,111590.0,40838839.0,3.77,3.72,3.58,3.7,3.71,0.91,0.33,-44.25,3.08,12333333580.0,12333333580.0,0.27,0.0,-22.11,2.78
4441,603033,三维股份,7.37,-0.27,-0.02,64143.0,47087997.0,2.71,7.44,7.24,7.35,7.39,0.98,0.63,-16.23,3.01,7599675393.0,7462353603.0,0.27,0.0,-26.88,-31.82
4442,300018,中元股份,11.21,-0.27,-0.03,65812.0,73842923.24,3.29,11.38,11.01,11.14,11.24,0.47,1.81,47.51,3.82,5478445109.0,4072481337.0,0.0,0.0,-13.03,2.84
4443,601688,华泰证券,18.59,-0.27,-0.05,346317.0,642495938.0,1.39,18.72,18.46,18.65,18.64,0.63,0.47,8.74,0.96,167809397782.0,135832633191.0,0.0,0.16,2.54,-19.84
4444,301096,百诚医药,48.07,-0.27,-0.13,20097.0,96153006.64,2.55,48.38,47.15,47.84,48.2,0.77,2.42,102.45,2.1,5250603612.0,3994134666.0,0.27,0.29,-17.69,-15.87
4445,603262,技源集团,18.35,-0.27,-0.05,30405.0,55570879.0,2.17,18.5,18.1,18.21,18.4,0.82,2.91,80.04,4.78,7340183500.0,1914781598.0,0.11,0.11,-31.81,-35.39
4446,002990,盛视科技,47.57,-0.27,-0.13,68302.0,319734064.38,5.68,48.18,45.47,47.0,47.7,0.68,4.95,58.39,4.84,12456306205.0,6565543042.0,0.0,0.11,-1.86,68.63
4447,000632,ST三木,3.64,-0.27,-0.01,65280.0,24023679.56,4.66,3.74,3.57,3.66,3.65,0.53,1.4,-7.31,27.01,1694491235.0,1694353046.0,-0.27,-0.55,-11.22,-35.58
4448,603330,天洋新材,10.94,-0.27,-0.03,1178608.0,1295313994.0,10.12,11.46,10.35,10.94,10.97,1.06,28.98,351.02,3.63,4733449720.0,4449442736.0,-1.35,-1.44,54.96,51.1
4449,688068,热景生物,99.02,-0.27,-0.27,31228.0,303657550.0,5.44,99.9,94.5,98.05,99.29,0.76,3.37,-33.74,3.78,9184512566.0,9184512566.0,-0.02,-0.28,15.38,-38.88
4450,600131,国网信通,14.88,-0.27,-0.04,69139.0,103109616.0,2.28,15.15,14.81,14.93,14.92,1.2,0.58,38.49,2.77,17811146755.0,17795068617.0,0.07,0.07,-15.02,-6.88
4451,000933,神火股份,26.01,-0.27,-0.07,282682.0,733317962.52,2.19,26.22,25.65,25.9,26.08,0.73,1.26,6.12,2.11,58496604418.0,58459281629.0,0.15,0.19,-14.02,-2.51
4452,605066,天正电气,7.21,-0.28,-0.02,72412.0,52080299.0,2.07,7.25,7.1,7.21,7.23,0.38,1.44,53.48,2.14,3622542831.0,3622542831.0,0.0,0.14,-4.88,0.14
4453,000738,航发控制,17.77,-0.28,-0.05,72358.0,128231810.54,2.19,17.92,17.53,17.74,17.82,0.63,0.55,53.87,1.86,23370819698.0,23370819698.0,0.0,0.17,-6.91,-16.3
4454,600928,西安银行,3.57,-0.28,-0.01,206481.0,73901838.0,1.68,3.61,3.55,3.58,3.58,0.97,0.47,5.25,0.45,15866666669.0,15791374016.0,-0.28,-0.28,2.29,-0.83
4455,920062,科润智控,7.13,-0.28,-0.02,13193.0,9397528.63,2.24,7.18,7.02,7.08,7.15,0.76,0.99,147.62,1.81,1345475755.0,947320177.0,-0.28,-0.28,-33.8,-25.57
4456,300996,普联软件,14.05,-0.28,-0.04,276586.0,386357075.04,3.05,14.13,13.7,14.1,14.09,0.72,8.3,236.24,4.3,5560860768.0,4680649371.0,0.21,0.07,11.16,19.57
4457,000533,顺钠股份,10.55,-0.28,-0.03,314461.0,329599262.81,2.93,10.6,10.29,10.5,10.58,0.6,4.59,70.34,7.14,7288108800.0,7225720320.0,0.0,0.0,-16.86,26.65
4458,002592,ST八菱,7.05,-0.28,-0.02,69187.0,48266525.0,4.1,7.15,6.86,6.95,7.07,0.82,2.63,17.35,2.03,2002384407.0,1853028888.0,0.28,0.14,-2.08,-14.55
4459,300031,宝通科技,21.44,-0.28,-0.06,106066.0,227583925.6,2.51,21.7,21.16,21.29,21.5,0.75,3.01,20.28,2.22,8977929141.0,7544776564.0,0.0,-0.05,-12.17,-5.26
4460,002487,大金重工,35.16,-0.28,-0.1,321536.0,1117760099.83,5.36,35.66,33.77,34.71,35.26,1.53,5.1,21.66,1.8,26021418451.0,22183156553.0,0.06,0.06,-51.77,-32.18
4461,600016,民生银行,3.5,-0.28,-0.01,2227334.0,780609665.0,1.42,3.53,3.48,3.51,3.51,1.15,0.63,3.33,0.27,153238464757.0,124117431246.0,0.29,0.0,-1.13,-7.41
4462,688811,有研复材,21.03,-0.28,-0.06,31026.0,64505340.0,3.75,21.1,20.31,20.93,21.09,0.55,3.37,9915.83,6.8,10550195913.0,1937411820.0,-0.05,0.05,-23.91,230.14
4463,605365,立达信,14.31,-0.28,-0.04,87739.0,124587600.0,2.79,14.4,14.0,14.08,14.35,1.58,1.75,51.47,1.93,7183804256.0,7183804256.0,0.42,0.0,-16.36,-45.49
4464,600886,国投电力,13.9,-0.29,-0.04,194348.0,271025395.0,1.43,14.05,13.85,13.99,13.94,0.68,0.26,13.13,1.71,111262470242.0,103613099178.0,-0.07,-0.14,-0.71,10.23
4465,603296,华勤技术,75.0,-0.29,-0.22,158314.0,1183973154.0,3.26,75.96,73.51,74.67,75.22,0.76,1.98,26.8,4.46,113685227400.0,59894703825.0,0.08,0.15,-9.37,17.26
4466,688312,燕麦科技,48.22,-0.29,-0.14,43440.0,207099624.0,6.82,49.3,46.0,47.48,48.36,0.62,2.96,716.39,4.82,7074596143.0,7074596143.0,0.04,-0.06,-39.36,47.78
4467,688558,国盛智科,31.06,-0.29,-0.09,10359.0,32004386.0,3.21,31.41,30.41,31.04,31.15,0.82,0.78,24.97,2.47,4099920000.0,4099920000.0,0.32,0.23,-7.72,10.18
4468,605006,山东玻纤,13.71,-0.29,-0.04,175638.0,237518010.0,5.96,13.91,13.09,13.47,13.75,0.55,2.69,153.29,2.81,8960873878.0,8960873878.0,0.0,-0.07,-16.86,87.81
4469,300802,矩子科技,23.47,-0.3,-0.07,84337.0,197714046.8,6.12,23.94,22.5,23.35,23.54,1.19,4.17,51.24,4.54,6667316645.0,4749382042.0,0.0,0.21,9.01,23.72
4470,688371,菲沃泰,26.92,-0.3,-0.08,59006.0,155696172.0,6.93,27.18,25.31,26.48,27.0,0.72,1.76,-106.44,4.66,9030915824.0,9030915824.0,0.04,-0.04,-21.65,46.15
4471,688216,气派科技,29.8,-0.3,-0.09,28697.0,84300685.0,6.02,30.1,28.3,29.36,29.89,0.77,2.7,-228.83,4.65,3409248766.0,3166003286.0,-0.07,-0.13,-10.13,33.75
4472,300147,*ST香雪,6.69,-0.3,-0.02,66480.0,44374434.7,2.98,6.8,6.6,6.8,6.71,0.8,1.01,-9.92,-9.38,4423956811.0,4397784273.0,-0.15,0.0,-31.73,-26.48
4473,920706,铁拓机械,13.4,-0.3,-0.04,5278.0,7048335.49,3.35,13.49,13.04,13.31,13.44,0.58,1.11,43.62,2.02,1267710283.0,638803058.0,0.15,0.37,-31.46,-46.08
4474,300016,北陆药业,9.71,-0.31,-0.03,682810.0,654591034.08,4.21,9.79,9.38,9.74,9.74,1.11,12.15,35.41,2.26,5648207288.0,5458907750.0,-0.31,-0.21,16.99,22.29
4475,601728,中国电信,6.45,-0.31,-0.02,823892.0,531388809.0,1.7,6.51,6.4,6.49,6.47,0.71,0.11,15.07,1.25,590221044609.0,500711750109.0,-0.31,-0.31,8.22,3.86
4476,002340,格林美,6.51,-0.31,-0.02,573643.0,372077758.88,1.99,6.56,6.43,6.5,6.53,0.82,1.13,15.89,1.56,33216361393.0,33044642052.0,0.0,0.31,-14.79,-21.28
4477,300301,ST长方,3.24,-0.31,-0.01,39593.0,12817547.0,2.15,3.27,3.2,3.27,3.25,0.71,0.5,-32.59,37.03,2688774812.0,2558949956.0,0.0,0.0,-3.86,36.71
4478,300790,宇瞳光学,19.14,-0.31,-0.06,155421.0,294226145.57,4.11,19.29,18.5,18.89,19.2,0.58,3.4,43.89,3.72,9959804723.0,8745888561.0,-0.05,0.05,-15.83,-10.27
4479,301683,慧谷新材,99.69,-0.31,-0.31,5450.0,53665159.06,3.31,99.83,96.52,98.98,100.0,0.77,3.82,28.42,2.67,6292073916.0,1422142649.0,-0.01,0.06,-26.25,29.0
4480,603080,新疆火炬,19.58,-0.31,-0.06,16144.0,31599312.0,1.93,19.78,19.4,19.56,19.64,0.75,1.14,13.19,1.72,2770570000.0,2770570000.0,0.2,0.1,-13.29,-15.24
4481,000601,韶能股份,6.14,-0.32,-0.02,312275.0,190746507.74,3.25,6.2,6.0,6.06,6.16,0.89,2.98,19.39,1.56,6533481464.0,6435549047.0,0.16,0.16,-24.38,32.04
4482,600057,厦门象屿,6.16,-0.32,-0.02,171052.0,105623079.0,1.94,6.24,6.12,6.12,6.18,1.12,0.82,8.2,1.15,17488335720.0,12889862610.0,-0.16,-0.16,-3.3,-26.67
4483,600674,川投能源,15.54,-0.32,-0.05,207287.0,322451768.0,1.35,15.66,15.45,15.58,15.59,0.78,0.43,16.26,1.7,75751390107.0,75751390107.0,0.0,-0.13,1.97,15.97
4484,688408,中信博,24.82,-0.32,-0.08,23881.0,59266363.0,2.69,25.14,24.47,24.91,24.9,0.77,1.09,-28.03,1.34,5437215291.0,5437215291.0,0.0,-0.12,-28.55,-41.06
4485,688607,康众医疗,41.13,-0.32,-0.13,10944.0,44666017.0,7.0,41.76,38.87,41.38,41.26,0.72,1.38,-55.92,4.32,3624746881.0,3262802881.0,0.17,-0.02,-26.4,-3.9
4486,000893,亚钾国际,46.38,-0.32,-0.15,164923.0,783940257.56,5.52,48.81,46.24,46.39,46.53,1.0,2.03,20.12,3.11,42857494053.0,37651577307.0,0.0,0.04,1.51,-3.09
4487,688268,华特气体,142.3,-0.32,-0.45,48036.0,671205985.0,6.93,144.4,134.51,139.5,142.75,0.77,3.76,134.08,7.4,18169154007.0,18169154007.0,0.0,-0.04,-3.3,150.13
4488,920834,三维装备,9.19,-0.33,-0.03,7702.0,7099366.84,3.15,9.39,9.1,9.18,9.22,0.57,1.23,39.58,3.74,1102800046.0,577099274.0,-0.65,0.22,-12.97,-39.54
4489,002056,横店东磁,21.24,-0.33,-0.07,156711.0,330771024.38,4.04,21.49,20.63,21.21,21.31,0.63,0.96,18.22,3.26,34551364452.0,34515402052.0,0.09,0.14,-10.53,12.32
4490,000629,钒钛股份,3.03,-0.33,-0.01,780843.0,236053651.43,1.32,3.04,3.0,3.02,3.04,0.89,0.84,63.57,2.24,28151571970.0,28150046623.0,-0.33,0.33,-12.17,-2.26
4491,601298,青岛港,8.97,-0.33,-0.03,72426.0,65094045.0,1.44,9.05,8.92,8.98,9.0,0.76,0.13,10.59,1.27,58225167000.0,48366912750.0,-0.44,-0.33,-2.39,10.2
4492,300338,*ST开元,3.04,-0.33,-0.01,81638.0,24569616.0,2.95,3.06,2.97,3.03,3.05,1.1,2.33,-13.38,-9.62,1223979064.0,1063807696.0,0.0,0.66,-6.17,-20.0
4493,002595,豪迈科技,47.9,-0.33,-0.16,23690.0,113223455.16,1.73,48.14,47.31,48.0,48.06,0.6,0.21,26.96,4.74,55564000000.0,55179775898.0,0.02,0.0,-8.94,-16.83
4494,002244,滨江集团,8.98,-0.33,-0.03,217700.0,196089643.54,2.11,9.13,8.94,8.97,9.01,0.56,0.79,8.62,0.93,27940766132.0,24762793073.0,0.11,0.22,-14.23,-10.02
4495,002479,富春环保,5.78,-0.34,-0.02,221731.0,128092539.02,2.41,5.84,5.7,5.73,5.8,0.77,2.57,7.79,1.13,4999700000.0,4988561038.0,0.0,0.0,3.96,20.42
4496,603078,江化微,34.68,-0.34,-0.12,243637.0,822920423.0,6.35,34.91,32.7,34.01,34.8,0.78,6.32,116.19,6.78,13373899761.0,13373899761.0,-0.12,0.2,2.18,94.94
4497,300626,华瑞股份,31.5,-0.35,-0.11,54263.0,167929776.78,7.91,32.18,29.68,31.34,31.61,1.05,3.02,208.16,10.72,5670000000.0,5666898038.0,0.0,-0.16,-7.43,98.24
4498,000783,长江证券,8.6,-0.35,-0.03,665335.0,568864754.59,1.97,8.64,8.47,8.57,8.63,0.75,1.2,8.0,1.35,47558627353.0,47558627353.0,0.0,0.0,12.42,9.55
4499,600980,北矿科技,19.86,-0.35,-0.07,21457.0,42533343.0,2.86,20.17,19.6,19.69,19.93,0.62,1.13,28.11,2.5,3838213626.0,3758773626.0,0.0,-0.05,-4.79,-13.05
4500,300882,万胜智能,14.08,-0.35,-0.05,21650.0,30405099.28,3.96,14.23,13.67,13.91,14.13,1.11,0.81,37.29,3.18,4029712727.0,3749884582.0,-0.07,-0.07,-17.08,-24.3
4501,300419,ST浩丰,8.5,-0.35,-0.03,47862.0,40823437.68,4.57,8.7,8.31,8.53,8.53,0.6,1.3,-86.39,9.38,3125907045.0,3125907045.0,-0.35,-0.47,25.74,34.92
4502,688210,统联精密,31.0,-0.35,-0.11,50184.0,154413460.0,5.56,31.45,29.72,30.12,31.11,0.83,3.09,-63.3,3.94,5042475748.0,5042475748.0,0.06,0.0,-33.5,-43.96
4503,688506,百利天恒,264.04,-0.35,-0.94,14181.0,372701508.0,2.72,266.67,259.47,266.67,264.98,0.75,0.34,-35.19,19.32,109015202641.0,109015202641.0,0.0,0.02,23.88,-18.28
4504,920627,力王股份,14.33,-0.35,-0.05,23574.0,33666092.71,3.06,14.55,14.11,14.28,14.38,1.59,5.04,34.63,2.89,1353468500.0,670894775.0,0.28,0.99,-19.94,-32.53
4505,920971,天马新材,25.31,-0.35,-0.09,23198.0,57690505.13,3.35,25.32,24.47,25.09,25.4,0.72,2.71,124.58,5.83,2631430131.0,2169137919.0,0.04,0.16,-29.66,-17.02
4506,600548,深高速,8.22,-0.36,-0.03,26857.0,22115997.0,0.85,8.27,8.2,8.2,8.25,1.06,0.16,10.24,0.91,20861177364.0,14092581580.0,-0.12,-0.12,-6.48,-3.97
4507,600726,华电能源,5.55,-0.36,-0.02,725305.0,401961944.0,2.69,5.6,5.45,5.52,5.57,0.65,0.97,37.09,8.33,43885715966.0,41488115954.0,0.0,0.18,-41.58,132.22
4508,002312,川发龙蟒,8.21,-0.36,-0.03,171841.0,141061561.9,2.43,8.3,8.1,8.1,8.24,0.82,0.91,34.31,1.6,15498092893.0,15472863736.0,0.0,0.0,-9.38,-24.26
4509,600895,张江高科,30.24,-0.36,-0.11,228658.0,695472759.0,3.92,31.05,29.86,30.5,30.35,0.95,1.48,71.08,3.47,46832371992.0,46832371992.0,0.0,0.1,-10.13,-30.91
4510,603063,禾望电气,30.67,-0.36,-0.11,137340.0,418973417.0,4.39,31.13,29.78,30.41,30.78,0.72,2.97,45.51,2.61,14235272987.0,14176693287.0,0.0,0.16,-42.13,-6.89
4511,603679,华体科技,22.44,-0.36,-0.08,56539.0,125199650.0,4.26,22.66,21.7,22.66,22.52,0.77,3.18,-70.65,4.6,3987278709.0,3987278709.0,0.09,0.31,33.18,38.86
4512,002138,顺络电子,47.49,-0.36,-0.17,206725.0,971678425.3,5.18,48.23,45.76,47.0,47.66,0.64,2.7,42.82,5.83,38292058631.0,36393713982.0,0.36,0.59,2.13,36.7
4513,688173,希荻微,13.72,-0.36,-0.05,86425.0,117171824.0,4.72,13.8,13.15,13.5,13.77,0.83,2.1,-186.43,3.99,5697236805.0,5643814116.0,0.15,0.0,-15.62,-6.67
4514,002818,富森美,10.97,-0.36,-0.04,42196.0,46195893.9,1.54,11.04,10.87,11.01,11.01,1.24,1.41,5.3,1.43,8210594572.0,3272733699.0,0.09,0.0,-3.94,1.57
4515,920122,中纺标,22.22,-0.36,-0.08,6267.0,13839638.71,3.99,22.47,21.58,22.0,22.3,0.41,1.68,493.48,6.17,2049619640.0,830475566.0,-0.22,-0.22,-3.22,-33.51
4516,600395,盘江股份,5.48,-0.36,-0.02,432916.0,239583506.0,4.0,5.65,5.43,5.43,5.5,1.03,2.02,92.76,1.11,11763504419.0,11763504419.0,0.0,0.0,-8.51,19.13
4517,688486,龙迅股份,42.92,-0.37,-0.16,40702.0,172358611.0,4.48,43.14,41.21,42.65,43.08,0.92,2.18,52.66,5.44,8020512290.0,8020131933.0,0.26,0.23,-12.25,-18.0
4518,300022,吉峰科技,8.09,-0.37,-0.03,61697.0,50027314.0,1.72,8.18,8.04,8.17,8.12,1.03,1.25,363.84,7.79,3998404674.0,3998288178.0,-0.12,-0.12,-4.37,3.45
4519,301505,苏州规划,16.0,-0.37,-0.06,45659.0,71871032.0,5.79,16.1,15.17,15.8,16.06,2.31,5.01,-60.39,1.94,1830399856.0,1458710416.0,0.19,0.19,-21.34,-27.7
4520,002819,东方中科,21.07,-0.38,-0.08,37710.0,78617759.0,3.4,21.15,20.43,20.85,21.15,0.54,1.59,-44.03,1.61,6312784807.0,5009213110.0,0.1,0.1,-11.25,-22.79
4521,601555,东吴证券,7.86,-0.38,-0.03,228370.0,180272310.0,1.52,7.98,7.86,7.88,7.89,0.74,0.46,12.19,0.92,39054004299.0,39054004299.0,-0.13,-0.13,1.81,-11.09
4522,300700,岱勒新材,18.51,-0.38,-0.07,73855.0,135500210.96,4.31,18.65,17.85,18.5,18.58,0.8,2.08,462.67,9.46,7349003514.0,6578623496.0,-0.22,0.05,-1.23,49.88
4523,600809,山西汾酒,116.66,-0.38,-0.44,38377.0,447186829.0,1.6,117.88,116.01,117.2,117.1,0.73,0.31,6.61,3.84,142321026139.0,142321026139.0,-0.03,0.0,-4.04,-29.36
4524,002988,豪美新材,23.69,-0.38,-0.09,64734.0,152058343.53,3.28,23.85,23.07,23.7,23.78,0.59,2.59,37.2,2.2,5917868510.0,5917868510.0,-0.08,0.0,-18.39,-35.63
4525,688622,*ST禾信,97.19,-0.39,-0.38,6041.0,56712728.0,10.43,99.98,89.8,95.0,97.57,2.6,0.86,-223.02,23.14,6848543986.0,6848543986.0,-0.4,-0.4,-17.64,-3.9
4526,600795,国电电力,5.14,-0.39,-0.02,1232917.0,632802594.0,1.55,5.17,5.09,5.16,5.16,0.72,0.69,15.21,1.52,91675082081.0,91675082081.0,-0.19,-0.19,0.59,4.9
4527,603123,翠微股份,9.89,-0.4,-0.04,710472.0,703547640.0,7.96,10.22,9.43,9.68,9.93,1.4,10.89,-65.02,4.85,7899505617.0,6451009136.0,-0.1,-0.3,-3.79,-41.17
4528,600862,中航高科,17.44,-0.4,-0.07,60426.0,105276356.0,1.14,17.53,17.33,17.52,17.51,0.63,0.43,24.2,3.19,24294776426.0,24294776426.0,0.0,-0.06,-1.13,-25.5
4529,000911,*ST广糖,4.93,-0.4,-0.02,81785.0,40822387.91,5.25,5.12,4.86,4.97,4.95,0.53,2.04,-61.56,-23.97,1973576703.0,1973576703.0,0.2,0.0,-14.71,-32.56
4530,002881,美格智能,39.8,-0.4,-0.16,62262.0,245532714.28,3.63,40.15,38.7,39.58,39.96,0.8,3.4,64.42,4.46,12022433760.0,7284234208.0,0.08,0.08,-13.29,-10.48
4531,301393,昊帆生物,61.07,-0.41,-0.25,38993.0,228536511.37,9.21,61.29,55.64,60.32,61.32,1.19,8.87,46.61,2.75,6595560000.0,2685107439.0,0.54,-0.16,8.68,21.12
4532,601138,工业富联,60.15,-0.41,-0.25,755994.0,4520906457.0,3.48,60.85,58.75,58.75,60.4,0.72,0.38,25.14,6.79,1193622150883.0,1193622150883.0,0.0,0.27,-17.72,-1.51
4533,300046,台基股份,24.31,-0.41,-0.1,65185.0,156279543.28,3.73,24.41,23.5,23.98,24.41,0.52,2.76,85.59,5.07,5750077629.0,5750077629.0,0.04,0.04,-21.68,-29.64
4534,002683,广东宏大,29.2,-0.41,-0.12,71714.0,210026857.56,3.68,29.79,28.71,29.0,29.32,0.88,1.04,21.33,3.13,22188643840.0,20222785843.0,0.07,0.14,-7.92,-38.33
4535,002900,哈三联,14.09,-0.42,-0.06,432847.0,585288188.6,10.32,14.2,12.74,13.4,14.15,1.22,26.86,-157.91,2.52,4457435610.0,2270214616.0,0.0,0.36,33.3,13.08
4536,920145,恒合股份,9.59,-0.42,-0.04,5718.0,5528526.19,3.74,9.88,9.52,9.61,9.63,1.29,1.17,-36.64,2.68,676574500.0,468301278.0,0.0,-0.1,-21.07,-62.09
4537,920078,族兴新材,21.4,-0.42,-0.09,42011.0,87767231.25,6.28,21.5,20.15,21.0,21.49,1.18,10.78,67.61,2.63,2568000000.0,834338920.0,0.09,0.52,-32.96,211.05
4538,688733,壹石通,30.05,-0.43,-0.13,45813.0,134977974.0,5.47,30.3,28.65,29.7,30.18,0.77,2.29,3579.31,2.9,6003244460.0,6003244460.0,-0.07,-0.03,-15.83,4.05
4539,000517,荣安地产,2.31,-0.43,-0.01,498781.0,114166894.36,4.31,2.34,2.24,2.32,2.32,1.19,2.0,-64.62,1.58,7354860940.0,5756488621.0,0.43,0.43,18.46,27.62
4540,688091,上海谊众,36.8,-0.43,-0.16,38317.0,140607074.0,3.06,37.26,36.13,36.88,36.96,0.73,1.86,104.67,5.25,7606693952.0,7583488277.0,0.08,-0.22,-17.49,-21.7
4541,601156,东航物流,18.59,-0.43,-0.08,107847.0,200604270.0,3.0,18.92,18.36,18.63,18.67,1.15,1.14,12.76,1.54,29512657786.0,17560031386.0,-0.05,0.11,13.7,4.85
4542,002733,雄韬股份,18.54,-0.43,-0.08,84439.0,154733201.5,3.65,18.64,17.96,18.36,18.62,0.85,2.29,84.18,2.66,7123344487.0,6838715552.0,0.05,0.05,-38.16,-5.07
4543,000035,中国天楹,4.6,-0.43,-0.02,222212.0,102616591.76,1.3,4.65,4.59,4.62,4.62,0.96,0.96,24.8,1.03,10984950737.0,10639918441.0,0.0,0.0,-21.5,-16.06
4544,600096,云天化,29.78,-0.43,-0.13,401334.0,1209501543.0,3.58,30.68,29.61,30.2,29.91,1.0,2.2,9.25,2.14,54288663969.0,54288663969.0,0.0,0.0,-3.97,-7.54
4545,300198,*ST纳川,2.31,-0.43,-0.01,67286.0,15543097.0,2.16,2.34,2.29,2.33,2.32,0.52,0.66,-14.41,5.48,2382877127.0,2366564610.0,-0.43,0.0,-1.28,-9.77
4546,600309,万华化学,72.87,-0.44,-0.32,406065.0,2998733819.0,3.98,75.43,72.52,74.03,73.19,1.42,1.3,11.33,2.01,228117467387.0,228117467387.0,-0.01,0.0,-3.93,-3.39
4547,603203,快克智能,42.66,-0.44,-0.19,58833.0,248241800.0,6.3,43.5,40.8,42.16,42.85,0.81,1.8,45.67,10.25,14078297117.0,13917187190.0,-0.12,-0.05,-18.56,53.56
4548,600010,包钢股份,2.25,-0.44,-0.01,3787159.0,851874075.0,2.21,2.28,2.23,2.24,2.26,0.99,1.21,182.12,1.94,101758574133.0,70465976746.0,0.0,0.0,-5.06,-5.46
4549,600030,中信证券,27.15,-0.44,-0.12,628597.0,1705382681.0,1.03,27.33,27.05,27.28,27.27,0.68,0.52,9.09,1.44,424198990556.0,330593358944.0,-0.04,-0.04,7.48,-3.07
4550,688611,杭州柯林,61.19,-0.44,-0.27,9623.0,59237002.0,4.18,62.75,60.18,61.61,61.46,0.61,0.63,-780.58,10.88,9385909624.0,9385909624.0,0.03,0.08,-22.33,20.33
4551,000029,深深房Ａ,22.52,-0.44,-0.1,41860.0,93852156.0,2.7,22.79,22.18,22.63,22.62,0.62,0.47,-1450.41,6.37,22782583200.0,20080183200.0,-0.09,0.04,-5.77,2.41
4552,688187,时代电气,47.41,-0.44,-0.21,31240.0,147941703.0,2.16,47.8,46.77,47.59,47.62,0.47,0.36,18.42,1.49,63088648763.0,41194905144.0,-0.11,-0.15,-16.85,-6.32
4553,002745,木林森,11.2,-0.44,-0.05,343011.0,380282648.16,3.38,11.25,10.87,11.06,11.25,0.69,3.22,9.92,1.4,16622663669.0,11917796845.0,0.09,0.09,11.44,17.03
4554,001268,联合精密,22.32,-0.45,-0.1,138839.0,325402833.01,11.28,24.66,22.13,23.39,22.42,4.2,14.72,-479.81,3.41,3363683527.0,2105615611.0,0.0,-0.04,-22.95,-11.53
4555,601963,重庆银行,11.16,-0.45,-0.05,129542.0,144986044.0,1.78,11.3,11.1,11.21,11.21,0.83,0.64,5.75,0.68,40463681085.0,22700079256.0,0.0,0.0,-3.63,7.51
4556,301021,英诺激光,75.0,-0.45,-0.34,100084.0,741414922.97,10.45,77.87,70.0,74.0,75.34,0.85,6.55,248.77,11.13,11465245575.0,11452512225.0,-0.01,-0.08,-22.04,54.48
4557,300774,倍杰特,11.08,-0.45,-0.05,123216.0,135365763.0,3.23,11.16,10.8,10.97,11.13,1.5,6.04,-37.86,3.13,4529101353.0,2261178434.0,-0.09,-0.09,-21.97,-41.62
4558,002920,德赛西威,86.2,-0.45,-0.39,45161.0,386307213.43,2.41,86.4,84.31,86.0,86.59,0.72,0.76,20.67,3.2,51444961143.0,51428798643.0,0.24,0.31,-14.57,-27.6
4559,688372,伟测科技,121.66,-0.46,-0.56,63758.0,766503758.0,6.74,123.6,115.36,120.94,122.22,0.91,3.77,72.54,4.98,20560117840.0,20560117840.0,-0.11,-0.25,-18.04,12.09
4560,600568,ST中珠,2.15,-0.46,-0.01,44730.0,9615931.0,1.85,2.17,2.13,2.15,2.16,0.69,0.27,-53.43,2.65,4284669814.0,3588494650.0,-0.92,-0.92,-18.56,-14.34
4561,003007,直真科技,39.16,-0.46,-0.18,27718.0,107423361.68,3.05,39.3,38.1,38.75,39.34,1.12,3.82,-91.66,3.09,4682535149.0,2842532648.0,-0.23,0.0,-7.31,5.1
4562,002634,*ST棒杰,4.24,-0.47,-0.02,36617.0,15477763.15,2.35,4.28,4.18,4.22,4.26,0.97,0.83,-8.66,-2.5,1947654655.0,1875077303.0,0.0,-0.24,-11.48,-24.96
4563,600535,天士力,14.75,-0.47,-0.07,124380.0,183721458.0,1.55,14.91,14.68,14.9,14.82,0.72,0.83,12.34,1.69,22035762574.0,22035762574.0,0.0,0.0,2.86,-1.47
4564,000520,凤凰航运,4.24,-0.47,-0.02,324890.0,137238921.0,4.23,4.31,4.13,4.29,4.26,0.71,3.21,71.78,9.6,4291233849.0,4291233849.0,-0.24,0.0,10.7,-12.4
4565,688325,赛微微电,105.5,-0.47,-0.5,6155.0,64910504.0,4.23,107.5,103.02,105.47,106.0,0.6,0.75,203.46,5.45,9122208049.0,8670135063.0,-0.31,0.13,-2.85,22.3
4566,002338,奥普光电,42.7,-0.47,-0.2,32547.0,137920130.94,3.33,42.94,41.51,42.6,42.9,0.65,1.36,82.39,7.17,10248000000.0,10248000000.0,0.02,0.07,-21.22,-26.78
4567,920438,戈碧迦,105.5,-0.47,-0.5,45613.0,469426718.35,9.08,107.62,98.0,107.62,106.0,0.77,3.27,330.78,15.72,15240635500.0,14706072275.0,-0.63,-0.64,55.83,163.42
4568,688981,中芯国际,120.0,-0.48,-0.58,310643.0,3718701204.0,3.12,121.64,117.88,118.58,120.58,0.64,1.55,188.68,6.86,1027327141560.0,239947505880.0,0.04,-0.05,-9.39,-2.3
4569,301511,德福科技,81.48,-0.48,-0.39,374970.0,2994433775.64,7.18,82.88,77.0,81.32,81.87,1.1,9.41,97.47,12.15,51358636560.0,32481790722.0,0.44,0.46,-36.61,128.3
4570,002831,裕同科技,25.13,-0.48,-0.12,70145.0,175844748.24,3.56,25.46,24.56,24.89,25.25,0.95,0.98,32.93,2.79,32375758759.0,17948398031.0,0.0,0.12,-8.65,26.92
4571,600098,广州发展,6.28,-0.48,-0.03,145014.0,91411428.0,1.43,6.34,6.25,6.29,6.31,0.94,0.41,10.28,0.82,22016832081.0,22016832081.0,0.0,0.0,-19.38,-0.16
4572,688455,科捷智能,16.68,-0.48,-0.08,64366.0,105193920.0,8.23,17.2,15.82,16.68,16.76,1.88,3.83,-15.97,3.05,2802751509.0,2802751509.0,0.0,0.0,-20.11,-16.97
4573,600230,沧州大化,14.37,-0.48,-0.07,92737.0,133873445.0,3.32,14.69,14.21,14.31,14.44,0.77,2.24,29.53,1.45,5948619786.0,5948619786.0,-0.07,-0.07,-6.2,-5.71
4574,301535,浙江华远,14.42,-0.48,-0.07,22106.0,31432397.36,3.45,14.46,13.96,14.35,14.49,0.75,1.3,69.48,5.19,6132741182.0,2448460022.0,0.21,0.14,-12.98,-33.85
4575,300404,博济医药,14.08,-0.49,-0.07,462115.0,646628372.45,3.6,14.23,13.72,14.1,14.15,0.64,16.19,82.49,5.11,5431345047.0,4020059817.0,-0.42,-0.14,40.94,51.07
4576,301682,宏明电子,109.14,-0.49,-0.54,15320.0,165448421.26,3.6,109.65,105.7,109.01,109.68,0.77,5.96,34.78,2.68,13265896932.0,2803459644.0,0.05,0.04,-31.12,58.61
4577,000967,盈峰环境,8.17,-0.49,-0.04,432191.0,350897596.97,3.53,8.24,7.95,8.08,8.21,0.57,1.29,32.02,1.5,27444572668.0,27432152070.0,0.0,0.12,-20.45,13.31
4578,300785,值得买,34.3,-0.49,-0.17,65304.0,219351508.0,5.66,34.52,32.57,33.88,34.47,1.18,5.02,377.92,3.53,6820734835.0,4462540720.0,0.0,-0.03,-29.53,-21.38
4579,002807,江阴银行,4.03,-0.49,-0.02,381730.0,154034160.64,1.73,4.08,4.01,4.06,4.05,0.77,1.41,6.3,0.54,10911354230.0,10895130655.0,0.0,0.25,-1.47,-0.49
4580,300736,百邦科技,29.6,-0.5,-0.15,44873.0,131921248.0,4.07,29.96,28.75,29.46,29.75,0.56,3.6,-201.25,57.55,3786855990.0,3691341615.0,0.1,0.0,-11.06,90.84
4581,301468,博盈特焊,33.52,-0.5,-0.17,38821.0,128870101.2,3.62,33.75,32.53,33.69,33.69,0.98,3.98,180.91,2.48,5669842301.0,3268313566.0,0.18,0.09,-24.59,-16.33
4582,002150,正泰电源,21.79,-0.5,-0.11,55398.0,119345725.79,4.43,22.02,21.05,21.72,21.9,0.54,1.55,57.55,3.63,7863331217.0,7811812990.0,-0.05,0.05,-32.52,8.95
4583,001896,豫能控股,11.85,-0.5,-0.06,462223.0,547650914.18,2.69,11.99,11.67,11.8,11.91,0.87,3.03,154.38,5.07,18080508761.0,18080508761.0,0.0,-0.08,-32.86,127.88
4584,603390,通达电气,9.89,-0.5,-0.05,78557.0,76470239.0,4.73,9.92,9.45,9.81,9.94,1.6,2.24,23.95,2.05,3477838122.0,3472121544.0,0.1,0.0,-23.27,-23.98
4585,603119,浙江荣泰,49.88,-0.5,-0.25,62330.0,309262335.0,3.49,50.41,48.66,49.92,50.13,0.61,1.32,78.54,11.24,23586255204.0,23586255204.0,-0.08,-0.12,-26.05,-43.83
4586,920703,广厦环能,9.86,-0.5,-0.05,3396.0,3359942.26,2.02,10.02,9.82,9.85,9.91,0.66,0.64,33.57,1.3,1486138640.0,524705293.0,0.1,0.0,-5.74,-31.58
4587,300803,指南针,79.86,-0.5,-0.4,89375.0,714689391.34,1.89,80.8,79.28,80.0,80.26,0.71,1.48,109.47,16.99,48697982332.0,48342387075.0,0.03,0.05,-12.37,-38.94
4588,600884,杉杉股份,12.04,-0.5,-0.06,301513.0,360941368.0,1.82,12.08,11.86,12.02,12.1,0.7,1.64,20.42,1.2,27037496666.0,22094721342.0,0.0,0.08,-15.39,-10.88
4589,301349,信德新材,42.86,-0.51,-0.22,49833.0,209185188.58,6.59,43.34,40.5,43.04,43.08,1.26,5.75,43.36,2.2,6107484853.0,3714814938.0,0.16,0.05,-30.62,28.48
4590,301307,美利信,52.55,-0.51,-0.27,105864.0,553342775.02,6.23,53.8,50.51,52.08,52.82,1.52,9.69,-33.42,4.76,11067030000.0,5739346256.0,0.0,-0.23,-9.83,51.97
4591,600731,湖南海利,5.85,-0.51,-0.03,71483.0,41494963.0,3.74,5.88,5.66,5.71,5.88,0.9,1.32,20.53,0.99,3240036634.0,3168843590.0,0.0,0.17,0.0,-13.59
4592,000723,美锦能源,3.87,-0.51,-0.02,2759387.0,1092286392.9,5.91,4.09,3.86,3.92,3.89,1.79,6.28,-12.67,1.38,17041553754.0,17009331283.0,-0.26,0.0,-12.64,-17.66
4593,688478,晶升股份,47.8,-0.52,-0.25,48478.0,227807250.0,7.41,48.6,45.04,46.59,48.05,0.75,3.5,-188.77,4.41,6613899389.0,6613899389.0,0.57,0.06,-23.59,27.77
4594,600406,国电南瑞,23.15,-0.52,-0.12,221041.0,512125097.0,1.2,23.31,23.03,23.27,23.27,0.64,0.28,64.45,3.74,185935155011.0,185389278150.0,0.09,0.13,-6.46,5.18
4595,600026,中远海能,19.04,-0.52,-0.1,570147.0,1081345923.0,3.66,19.43,18.73,19.37,19.14,0.68,1.49,11.98,2.26,104171917949.0,72884966842.0,-0.16,-0.05,3.37,68.5
4596,001368,通达创智,23.13,-0.52,-0.12,19465.0,44803692.0,2.75,23.38,22.74,23.25,23.25,0.7,1.8,22.67,1.85,2616469393.0,2499904255.0,0.22,0.04,-9.29,-5.32
4597,688106,金宏气体,26.87,-0.52,-0.14,133485.0,355601307.0,4.15,27.13,26.01,26.8,27.01,0.64,2.52,739.93,3.69,14411076718.0,14256009948.0,-0.07,-0.07,6.08,38.93
4598,301217,铜冠铜箔,110.53,-0.52,-0.58,238582.0,2603015545.03,5.22,111.8,106.0,110.0,111.11,0.66,2.88,215.41,16.66,91631088078.0,91631088078.0,0.02,-0.04,5.38,222.43
4599,000786,北新建材,17.0,-0.53,-0.09,199346.0,338713885.77,1.93,17.19,16.86,16.99,17.09,0.68,1.18,10.52,1.06,28938012714.0,28721633314.0,0.06,0.12,-24.68,-30.01
4600,300418,昆仑万维,40.32,-0.54,-0.22,414204.0,1666777617.66,2.74,40.71,39.6,40.51,40.54,0.56,3.53,23.81,3.5,51812599709.0,47354134343.0,-0.1,-0.07,-10.38,-3.31
4601,301055,张小泉,29.66,-0.54,-0.16,37848.0,112063808.62,5.3,30.28,28.7,29.59,29.82,1.24,2.48,39.66,7.08,4626960000.0,4528123270.0,0.0,-0.03,-9.27,53.6
4602,688586,江航装备,11.0,-0.54,-0.06,99564.0,109332426.0,2.71,11.15,10.85,10.98,11.06,1.43,1.26,136.6,3.52,8704730716.0,8704730716.0,0.09,0.0,-14.66,-15.45
4603,000803,山高环能,7.31,-0.54,-0.04,64901.0,47639785.45,2.99,7.48,7.26,7.26,7.35,0.65,1.41,19.48,2.29,3408624878.0,3361048672.0,0.0,0.14,-11.93,2.24
4604,603818,曲美家居,3.71,-0.54,-0.02,122829.0,45722512.0,2.14,3.76,3.68,3.68,3.73,0.51,1.79,513.49,1.23,2547077702.0,2547077702.0,-0.27,-0.27,11.75,2.77
4605,600426,华鲁恒升,19.96,-0.55,-0.11,420124.0,851254273.0,3.94,20.69,19.9,20.11,20.07,1.05,1.53,11.66,1.57,54888862579.0,54881597099.0,0.0,0.15,-12.19,-16.76
4606,603256,宏和科技,133.16,-0.55,-0.74,109448.0,1440385268.0,6.3,135.9,127.46,130.53,133.9,0.65,1.24,158.71,40.84,120454731016.0,117144513900.0,-0.01,-0.12,-26.78,262.44
4607,600188,兖矿能源,21.71,-0.55,-0.12,491513.0,1080464485.0,5.68,22.66,21.42,21.8,21.83,1.02,0.82,13.77,2.92,217900057354.0,129420952354.0,0.0,0.09,-8.24,69.21
4608,300617,安靠智电,39.78,-0.55,-0.22,35095.0,137863373.74,4.08,40.03,38.4,39.04,40.0,0.81,2.53,43.13,2.16,6591850874.0,5524356961.0,-0.05,0.18,-41.84,24.7
4609,600123,兰花科创,7.26,-0.55,-0.04,243480.0,178570566.0,2.6,7.44,7.25,7.3,7.3,0.97,1.65,64.35,0.7,10695722552.0,10695722552.0,0.0,0.0,1.97,22.84
4610,300643,万通智控,17.83,-0.56,-0.1,30812.0,54574391.68,3.18,17.92,17.35,17.87,17.93,0.75,1.33,26.12,3.26,4129104457.0,4119698222.0,0.0,-0.22,3.97,-7.23
4611,920193,吉和昌,31.85,-0.56,-0.18,25755.0,81165557.33,4.65,32.19,30.7,31.6,32.03,0.56,10.22,31.12,4.57,3545885980.0,802620000.0,-0.16,-0.16,273.83,273.83
4612,601328,交通银行,7.16,-0.56,-0.04,1442891.0,1034974142.0,1.53,7.25,7.14,7.23,7.2,0.86,0.55,6.05,0.55,632684695037.0,186678667314.0,0.28,0.28,8.16,1.13
4613,605589,圣泉集团,37.31,-0.56,-0.21,215893.0,795187350.0,5.14,37.79,35.86,36.72,37.52,0.58,2.55,35.29,2.92,31578531000.0,31561237815.0,0.0,-0.03,-23.15,34.94
4614,002156,通富微电,60.9,-0.56,-0.34,635927.0,3864744967.69,4.46,62.06,59.33,60.0,61.24,0.49,4.19,70.22,5.95,92421651941.0,92412840320.0,0.08,0.02,-0.8,61.88
4615,000752,*ST西发,8.82,-0.56,-0.05,17276.0,15290835.0,1.58,8.95,8.81,8.82,8.87,1.23,0.65,52.45,3.66,2326349891.0,2326349891.0,-0.11,-0.11,-3.18,-19.75
4616,688235,百济神州,275.1,-0.57,-1.57,35034.0,967947096.0,2.84,279.87,272.01,274.58,276.67,0.57,3.04,64.86,11.98,424282653293.0,31651702026.0,0.0,0.0,17.25,2.42
4617,301053,远信工业,40.07,-0.57,-0.23,38208.0,151647017.02,4.86,40.96,39.0,40.17,40.3,0.61,3.12,78.27,5.64,5284644652.0,4907491427.0,-0.02,0.18,-7.25,59.39
4618,002313,日海智能,8.7,-0.57,-0.05,150510.0,130488358.8,3.77,8.86,8.53,8.8,8.75,0.76,4.02,112.56,37.84,3257280000.0,3257099910.0,-0.46,-0.34,-4.71,-14.62
4619,688646,逸飞激光,69.8,-0.57,-0.4,14447.0,98919415.0,6.05,70.5,66.25,69.52,70.2,0.61,2.38,-208.38,4.62,6572550038.0,4239105536.0,0.33,0.17,2.65,95.57
4620,603630,拉芳家化,13.96,-0.57,-0.08,72639.0,101026230.0,4.63,14.23,13.58,14.04,14.04,1.1,3.23,42.28,1.65,3143855937.0,3143855937.0,0.0,-0.07,-4.9,-27.89
4621,300033,同花顺,215.48,-0.57,-1.24,75925.0,1633225443.8,2.08,217.32,212.82,216.72,216.72,0.7,1.73,85.15,21.14,162178867200.0,94468573656.0,-0.01,0.13,-5.85,-4.86
4622,600276,恒瑞医药,46.49,-0.58,-0.27,770143.0,3583608995.0,1.41,46.88,46.22,46.53,46.76,0.67,1.21,34.55,4.79,308563422142.0,296559815718.0,-0.04,0.0,-5.45,-21.69
4623,002832,比音勒芬,24.03,-0.58,-0.14,61610.0,148915301.92,2.98,24.64,23.92,24.15,24.17,0.55,1.58,8.88,2.57,13714091229.0,9357721365.0,-0.08,-0.04,22.29,68.51
4624,002938,鹏鼎控股,87.44,-0.58,-0.51,165679.0,1443342394.84,5.12,89.38,84.88,86.88,87.95,0.74,0.72,78.93,5.89,202645405376.0,202058648612.0,0.0,-0.08,-14.56,76.36
4625,002945,华林证券,13.81,-0.58,-0.08,67438.0,92892685.86,1.66,13.91,13.68,13.81,13.89,0.62,0.25,99.42,5.18,37287000000.0,37287000000.0,-0.07,0.0,-4.56,-9.56
4626,688360,德马科技,15.33,-0.58,-0.09,31874.0,48570182.0,3.31,15.48,14.97,15.02,15.42,0.73,1.21,25.54,2.7,4043221075.0,4043221075.0,0.0,-0.13,-28.86,-27.52
4627,601169,北京银行,5.14,-0.58,-0.03,1290804.0,665121435.0,1.16,5.19,5.13,5.17,5.17,1.04,0.61,3.35,0.39,108674939158.0,108674939158.0,0.19,0.19,5.11,-1.15
4628,301246,宏源药业,20.72,-0.58,-0.12,68021.0,139585181.64,3.45,20.86,20.14,20.52,20.84,0.88,4.0,14.35,1.81,8288140896.0,3524004764.0,-0.1,0.0,-34.55,-16.95
4629,601998,中信银行,8.51,-0.58,-0.05,1050937.0,899664576.0,2.1,8.66,8.48,8.58,8.56,1.36,0.26,5.89,0.65,473540330867.0,346893123932.0,0.12,0.12,17.54,13.32
4630,688257,新锐股份,54.32,-0.59,-0.32,135532.0,725195391.0,6.55,55.26,51.68,53.75,54.64,0.88,3.81,15.45,7.37,19297901315.0,19297901315.0,-0.02,0.13,-15.99,123.45
4631,300745,欣锐科技,28.56,-0.59,-0.17,56003.0,157547949.72,6.37,28.91,27.08,28.28,28.73,1.02,3.94,224.86,2.17,4814259811.0,4064417325.0,0.11,0.04,-33.66,10.87
4632,300710,万隆光电,30.48,-0.59,-0.18,46351.0,140718044.1,3.91,30.81,29.61,30.33,30.66,0.75,6.21,-83.24,7.0,3032464344.0,2273198796.0,-0.78,-0.65,-17.44,-2.15
4633,688170,德龙激光,52.41,-0.59,-0.31,30506.0,157268918.0,6.98,53.28,49.6,51.81,52.72,0.69,2.95,-53.04,4.4,5417097600.0,5417097600.0,-0.17,-0.13,-25.19,66.59
4634,600312,平高电气,20.06,-0.59,-0.12,140672.0,282309796.0,1.78,20.26,19.9,20.08,20.18,0.63,1.04,16.66,2.29,27219841459.0,27219841459.0,0.0,-0.05,-5.29,16.56
4635,601168,西部矿业,36.48,-0.6,-0.22,494673.0,1780293161.0,4.82,37.16,35.39,37.0,36.7,0.9,2.08,10.43,3.88,86931840000.0,86931840000.0,0.22,0.25,18.48,32.46
4636,603895,天永智能,24.94,-0.6,-0.15,12448.0,30819778.0,4.54,25.25,24.11,24.92,25.09,0.7,1.15,129.11,13.13,2695515200.0,2695515200.0,0.0,-0.04,-32.76,-14.47
4637,603236,移远通信,56.65,-0.6,-0.34,79930.0,452302576.0,2.33,57.26,55.93,56.48,56.99,0.47,1.97,19.06,3.2,22963936201.0,22963936201.0,0.09,0.18,6.09,-16.54
4638,002606,大连电瓷,13.18,-0.6,-0.08,150632.0,196057453.32,3.32,13.21,12.77,13.13,13.26,0.79,3.58,18.7,2.83,5786985040.0,5553287969.0,-0.08,0.23,-25.2,51.49
4639,600901,江苏金租,6.59,-0.6,-0.04,258819.0,170815054.0,2.26,6.69,6.54,6.65,6.63,0.64,0.45,11.17,1.48,38168399780.0,38159081520.0,0.0,0.0,4.27,10.76
4640,002549,凯美特气,13.36,-0.6,-0.08,115590.0,153876162.71,2.23,13.44,13.14,13.27,13.44,0.75,1.67,211.89,4.52,9289847957.0,9249923267.0,-0.07,0.0,-12.79,-36.89
4641,000807,云铝股份,26.13,-0.61,-0.16,441383.0,1150212371.65,2.21,26.35,25.77,26.16,26.29,0.72,1.27,6.29,2.64,90617726993.0,90616778369.0,-0.08,-0.08,-8.41,-19.5
4642,601665,齐鲁银行,6.52,-0.61,-0.04,425600.0,279264787.0,1.37,6.61,6.52,6.55,6.56,0.92,0.69,6.41,0.81,40123053263.0,40123053263.0,-0.31,-0.31,6.89,18.76
4643,300270,中威电子,11.37,-0.61,-0.07,138976.0,158509700.57,4.02,11.6,11.14,11.31,11.44,1.03,5.41,187.18,6.17,3442904538.0,2919949074.0,-0.09,-0.09,-9.55,3.74
4644,601083,锦江航运,13.03,-0.61,-0.08,395612.0,514249876.0,6.41,13.48,12.64,13.11,13.11,2.33,20.38,12.57,1.9,16862383600.0,2529383600.0,0.0,-0.08,18.56,23.51
4645,601066,中信建投,24.64,-0.61,-0.15,152402.0,374386619.0,1.53,24.79,24.41,24.78,24.79,0.76,0.23,12.51,2.18,191124959798.0,160053334302.0,-0.04,0.0,2.11,-6.77
4646,001223,欧克科技,39.95,-0.62,-0.25,12476.0,49659773.68,3.41,40.47,39.1,40.2,40.2,0.67,1.79,42.42,2.74,5221177360.0,2789900260.0,-0.45,-0.5,2.17,15.63
4647,300864,南大环境,25.53,-0.62,-0.16,74971.0,189611644.13,6.11,26.0,24.43,25.7,25.69,1.25,4.71,22.06,3.17,4061929409.0,4061929409.0,-0.23,-0.04,11.68,35.29
4648,600938,中国海油,33.51,-0.62,-0.21,355507.0,1197100988.0,1.6,33.95,33.41,33.8,33.72,0.83,1.19,10.17,1.91,1592728758004.0,100194900000.0,0.03,0.06,-2.42,12.83
4649,688386,泛亚微透,49.48,-0.62,-0.31,14866.0,73872291.0,4.52,50.78,48.53,48.88,49.79,0.7,1.63,67.85,3.32,4928651242.0,4502680000.0,-0.08,0.12,-37.88,-43.29
4650,300673,佩蒂股份,12.6,-0.63,-0.08,25304.0,31706982.0,2.76,12.69,12.34,12.53,12.68,1.21,1.58,64.06,1.85,3116053773.0,2021812052.0,0.24,0.4,-18.45,-28.73
4651,301658,首航新能,23.7,-0.63,-0.15,59437.0,139642686.22,2.98,23.81,23.1,23.54,23.85,1.32,6.1,-70.03,3.09,9773195900.0,2308775340.0,-0.13,-0.08,-34.78,-16.81
4652,600983,惠而浦,7.85,-0.63,-0.05,44465.0,34464547.0,3.92,7.86,7.55,7.81,7.9,1.81,0.58,16.97,2.28,6016546150.0,6016546150.0,0.13,-0.13,-4.5,-11.7
4653,300201,海伦哲,14.21,-0.63,-0.09,192105.0,272570554.64,5.17,14.49,13.75,14.0,14.3,0.56,1.91,56.22,7.59,14338509655.0,14262823757.0,0.0,0.07,-26.6,108.97
4654,603379,三美股份,59.52,-0.63,-0.38,84580.0,498855228.0,6.08,60.65,57.01,58.0,59.9,1.62,1.39,16.97,4.28,36335712282.0,36335712282.0,-0.13,-0.12,-1.16,0.0
4655,600300,维维股份,3.16,-0.63,-0.02,360635.0,113656944.0,2.83,3.2,3.11,3.15,3.18,1.21,2.23,19.49,1.43,5110169289.0,5110169289.0,-0.32,0.0,-4.53,-7.33
4656,688328,深科达,88.54,-0.63,-0.56,92023.0,810571872.0,8.92,91.29,83.34,88.66,89.1,0.97,9.74,68.05,9.53,8363160359.0,8363160359.0,0.07,0.24,19.81,205.1
4657,600116,三峡水利,6.27,-0.63,-0.04,166009.0,104524388.0,1.9,6.37,6.25,6.26,6.31,0.88,0.87,15.86,1.04,11989136008.0,11989136008.0,0.0,0.0,-10.04,-2.34
4658,000923,河钢资源,15.61,-0.64,-0.1,186124.0,288675165.56,5.41,15.95,15.1,15.8,15.71,1.13,2.96,-39.47,1.05,10189099081.0,9801540136.0,-0.26,-0.06,3.86,-24.11
4659,000731,四川美丰,6.17,-0.64,-0.04,80540.0,49808722.0,2.09,6.24,6.11,6.2,6.21,0.89,1.47,-31.67,0.89,3386255803.0,3386255803.0,0.0,-0.16,0.0,-5.66
4660,688063,派能科技,43.5,-0.64,-0.28,48935.0,211765312.0,3.27,43.93,42.5,43.49,43.78,0.94,1.99,67.31,1.15,10673127332.0,10673127332.0,0.09,0.09,-34.31,-23.28
4661,002785,万里石,34.14,-0.64,-0.22,49481.0,167666797.73,3.46,34.49,33.3,34.36,34.36,0.98,2.56,3219.28,9.73,7736796387.0,6605920085.0,-0.12,-0.12,-21.66,-3.34
4662,688435,英方软件,29.66,-0.64,-0.19,18503.0,53620531.0,4.59,29.66,28.29,28.3,29.85,1.23,3.3,-65.83,2.3,2476610000.0,1662388129.0,0.07,0.03,-30.38,-36.58
4663,000758,中色股份,6.1,-0.65,-0.04,252155.0,153503309.22,2.77,6.17,6.0,6.13,6.14,0.9,1.27,11.68,1.98,12137451009.0,12094793758.0,0.0,0.0,-9.09,-7.44
4664,688103,国力电子,73.65,-0.65,-0.48,20086.0,145941652.0,5.49,74.53,70.46,74.53,74.13,0.74,2.11,260.99,6.35,7019991436.0,7019991436.0,-0.16,0.11,19.14,22.02
4665,300885,海昌新材,19.87,-0.65,-0.13,63609.0,125511692.34,3.75,20.05,19.3,19.9,20.0,1.65,3.81,56.09,5.39,4930776266.0,3318643189.0,0.0,-0.2,-24.91,-41.04
4666,600595,中孚实业,6.15,-0.65,-0.04,560494.0,343362422.0,1.62,6.18,6.08,6.14,6.19,0.73,1.4,6.55,1.35,24648616451.0,24648616451.0,0.16,0.0,-15.87,-19.92
4667,920047,诺思兰德,16.77,-0.65,-0.11,26128.0,44067758.2,2.01,17.07,16.73,17.02,16.88,0.57,1.45,-96.76,17.32,4599541004.0,3020384781.0,0.06,0.06,-22.72,-29.27
4668,688629,华丰科技,133.08,-0.65,-0.87,80244.0,1063364494.0,4.98,135.72,129.05,130.04,133.95,0.56,1.74,148.21,21.52,62315370875.0,61348925949.0,-0.02,-0.22,1.56,33.0
4669,300017,网宿科技,15.1,-0.66,-0.1,1346421.0,2023292586.17,2.43,15.19,14.82,15.08,15.2,0.71,5.69,54.16,3.7,37684840133.0,35733691005.0,0.07,0.2,1.68,51.0
4670,600583,海油工程,6.06,-0.66,-0.04,264927.0,161007621.0,2.3,6.15,6.01,6.07,6.1,0.3,0.6,12.28,0.93,26793410088.0,26793410088.0,-0.16,-0.16,9.58,14.56
4671,000099,中信海直,13.6,-0.66,-0.09,90149.0,121358853.36,3.14,13.67,13.24,13.61,13.69,1.49,1.16,42.1,1.9,10550473863.0,10550473863.0,0.0,0.22,-13.27,-34.14
4672,002290,禾盛新材,62.06,-0.66,-0.41,52709.0,323940084.19,6.19,63.43,59.56,61.2,62.47,0.58,2.13,56.52,14.63,15397851200.0,15349102325.0,0.0,-0.08,-28.78,36.43
4673,688553,汇宇制药-W,11.96,-0.66,-0.08,120475.0,143897789.0,4.07,12.2,11.71,12.07,12.04,0.77,2.37,64.93,2.01,7485774274.0,6068643358.0,0.34,0.08,2.4,0.42
4674,002073,软控股份,5.95,-0.67,-0.04,235960.0,140366256.45,1.34,6.0,5.92,5.95,5.99,0.78,2.33,22.41,0.94,6095402250.0,6033685875.0,0.0,0.17,2.94,-26.81
4675,301581,黄山谷捷,36.94,-0.67,-0.25,7031.0,25670843.8,3.39,37.01,35.75,37.0,37.19,1.09,1.66,211.37,2.99,2955200000.0,1562358830.0,-0.05,0.38,-26.52,-21.57
4676,603185,弘元绿能,16.42,-0.67,-0.11,62044.0,101745951.0,3.45,16.62,16.05,16.38,16.53,1.02,0.91,-9.64,0.96,11216121089.0,11149544557.0,0.0,-0.18,-8.42,-45.9
4677,000831,中国稀土,57.83,-0.67,-0.39,323540.0,1881551525.72,4.67,59.85,57.13,58.22,58.22,0.82,3.05,129.5,12.12,61370399269.0,61370399269.0,-0.03,0.02,18.46,24.61
4678,300207,欣旺达,17.78,-0.67,-0.12,271150.0,481129703.09,2.12,17.94,17.56,17.76,17.9,0.82,1.58,72.03,1.34,32847882290.0,30473599497.0,0.0,0.11,-21.74,-31.77
4679,301387,光大同创,55.97,-0.67,-0.38,20605.0,113309242.3,6.14,56.74,53.28,55.79,56.35,0.85,4.83,-181.64,3.69,6005687567.0,2388945234.0,-0.37,-0.2,-38.66,1.21
4680,603228,景旺电子,91.03,-0.67,-0.61,262591.0,2383003622.0,4.26,92.5,88.6,90.08,91.64,0.64,2.67,75.75,6.59,91147721544.0,89392429378.0,0.09,0.04,26.43,25.49
4681,002839,张家港行,4.37,-0.68,-0.03,238983.0,104633162.4,1.82,4.43,4.35,4.42,4.4,0.82,0.98,4.63,0.57,10681787536.0,10671627649.0,0.23,0.23,0.69,-1.8
4682,688309,恒誉科技,72.5,-0.68,-0.5,13246.0,95191164.0,4.33,73.34,70.18,72.5,73.0,0.69,1.67,35.5,6.86,5756592003.0,5756592003.0,0.0,-0.23,7.71,202.59
4683,002543,万和电气,7.33,-0.68,-0.05,181275.0,131353765.74,3.93,7.35,7.06,7.25,7.38,0.63,2.74,17.12,1.17,5450588000.0,4849660680.0,0.0,0.14,-0.81,-26.48
4684,688011,新光光电,77.27,-0.68,-0.53,17143.0,131143626.0,5.57,78.49,74.16,77.72,77.8,0.78,1.73,-124.77,7.33,7688365000.0,7662288152.0,0.01,-0.12,37.22,21.04
4685,601916,浙商银行,2.93,-0.68,-0.02,1292507.0,379302477.0,2.03,2.97,2.91,2.95,2.95,1.16,0.6,3.36,0.45,80471383372.0,63125197372.0,0.34,0.0,0.0,0.69
4686,301080,百普赛斯,92.0,-0.68,-0.63,156338.0,1425698458.86,5.41,94.01,89.0,93.0,92.63,0.64,12.33,83.37,5.91,15426473336.0,11669036752.0,0.03,0.04,133.03,72.28
4687,300166,东方国信,12.96,-0.69,-0.09,281259.0,361761595.99,3.75,13.08,12.59,12.9,13.05,0.63,3.11,-136.53,2.59,14758144894.0,11738638117.0,-0.08,-0.08,-21.69,26.81
4688,300687,赛意信息,25.92,-0.69,-0.18,153839.0,392839289.11,4.14,26.18,25.1,25.79,26.1,0.62,4.58,94.48,3.89,10586028931.0,8705595891.0,0.0,-0.12,-0.61,12.84
4689,300672,国科微,157.45,-0.69,-1.1,69786.0,1077452664.16,5.82,158.98,149.75,155.34,158.55,0.57,3.32,155.54,8.86,34182781067.0,33117664724.0,0.01,-0.09,-49.63,46.3
4690,300508,维宏股份,41.56,-0.69,-0.29,24886.0,102899821.0,4.95,42.34,40.27,41.68,41.85,0.62,3.04,375.45,5.23,4523653475.0,3404683847.0,-0.1,-0.17,2.97,13.12
4691,600295,鄂尔多斯,12.95,-0.69,-0.09,60960.0,79425883.0,1.99,13.18,12.92,12.99,13.04,0.54,0.31,13.82,1.77,36244152489.0,25583712489.0,-0.15,-0.15,-0.54,11.06
4692,003035,南网能源,5.69,-0.7,-0.04,1458399.0,854243251.29,8.03,6.13,5.67,5.9,5.73,4.64,3.85,62.96,3.1,21553030298.0,21553030298.0,-0.18,-0.35,-23.73,24.78
4693,603163,圣晖集成,79.54,-0.7,-0.56,17066.0,133624492.0,5.83,80.39,75.72,78.38,80.1,0.6,1.71,56.92,6.8,7954000000.0,7954000000.0,-0.01,-0.11,-21.24,17.06
4694,920833,美心翼申,9.92,-0.7,-0.07,9462.0,9413952.26,3.4,10.15,9.81,10.06,9.99,0.81,1.09,83.08,1.87,1135879680.0,858624291.0,0.4,0.51,-1.59,-14.48
4695,603323,苏农银行,4.22,-0.71,-0.03,374165.0,158319778.0,1.41,4.27,4.21,4.25,4.25,1.19,1.69,5.07,0.49,9370069352.0,9370069352.0,-0.24,-0.24,-1.4,-5.8
4696,688031,星环科技-U,101.46,-0.71,-0.73,29672.0,297246981.0,4.49,102.19,97.6,101.51,102.19,0.62,2.45,-54.87,15.24,12290450037.0,12290450037.0,-0.08,-0.12,-24.98,-6.22
4697,300693,盛弘股份,42.0,-0.71,-0.3,95113.0,399412209.3,4.14,42.75,41.0,42.0,42.3,0.78,3.53,28.84,5.85,13137424566.0,11324191326.0,0.02,0.0,-17.55,11.17
4698,601699,潞安环能,16.73,-0.71,-0.12,362782.0,614067266.0,3.15,17.18,16.65,16.71,16.85,1.05,1.21,17.4,1.09,50046275916.0,50046275916.0,-0.06,-0.06,-3.91,44.1
4699,300540,蜀道装备,28.16,-0.71,-0.2,109711.0,304685849.0,5.32,28.52,27.01,28.0,28.36,0.66,5.31,94.2,5.55,6408985933.0,5821438121.0,0.04,-0.04,9.4,41.15
4700,301015,百洋医药,24.69,-0.72,-0.18,67739.0,166580898.02,2.41,24.88,24.28,24.76,24.87,0.56,1.29,26.18,5.93,12977658461.0,12975991886.0,0.12,0.12,13.15,7.21
4701,002171,楚江新材,9.7,-0.72,-0.07,376101.0,361639203.17,3.07,9.75,9.45,9.62,9.77,0.89,2.33,28.08,1.79,15742497358.0,15653292259.0,0.0,0.0,-16.88,-26.4
4702,002741,光华科技,24.97,-0.72,-0.18,213353.0,529346022.26,5.92,25.5,24.01,25.0,25.15,0.56,4.96,62.05,5.77,11700999681.0,10737764077.0,0.04,0.0,-8.7,25.1
4703,600316,洪都航空,28.9,-0.72,-0.21,75323.0,216473729.0,3.16,29.37,28.45,29.11,29.11,0.85,1.05,895.88,3.85,20724609397.0,20724609397.0,0.0,0.07,-0.86,-17.17
4704,000697,炼石航空,8.28,-0.72,-0.06,48536.0,40000476.0,2.16,8.33,8.15,8.22,8.34,0.71,0.74,-113.76,3.55,11559611124.0,5407728841.0,0.0,0.0,-30.42,-4.28
4705,601058,赛轮轮胎,13.81,-0.72,-0.1,153097.0,212699424.0,2.8,14.13,13.74,13.93,13.91,0.56,0.47,10.75,2.08,45408664577.0,45408664577.0,0.0,0.15,10.57,-13.69
4706,300623,捷捷微电,29.6,-0.74,-0.22,284989.0,834028936.35,5.63,30.2,28.52,29.21,29.82,0.74,3.71,41.36,3.97,24629565602.0,22722682424.0,0.0,0.03,-11.08,9.55
4707,920156,海昌智能,37.5,-0.74,-0.28,9475.0,35283193.8,2.83,37.9,36.83,37.77,37.78,0.77,4.36,15.11,3.14,3904500000.0,814050000.0,0.03,0.05,-35.18,79.17
4708,688108,赛诺医疗,17.5,-0.74,-0.13,73013.0,126720733.0,3.46,17.62,17.01,17.22,17.63,0.59,1.75,74.75,7.37,7314160000.0,7314160000.0,-0.06,0.06,-18.94,-9.04
4709,000155,川能动力,12.02,-0.74,-0.09,352468.0,424467552.03,4.05,12.33,11.84,12.05,12.11,1.04,1.91,15.72,1.98,22190943471.0,22190943471.0,0.08,0.08,-17.67,3.18
4710,600919,江苏银行,12.04,-0.74,-0.09,920759.0,1112371661.0,1.57,12.19,12.0,12.16,12.13,0.86,0.5,5.05,0.81,220949946535.0,220949946535.0,0.08,0.17,7.89,22.36
4711,300113,顺网科技,16.02,-0.74,-0.12,179230.0,282731424.41,3.72,16.1,15.5,15.9,16.14,0.98,3.52,34.12,4.12,10800105390.0,8154505222.0,-0.06,0.06,-26.61,-20.38
4712,301327,华宝新能,44.41,-0.74,-0.33,17458.0,76808642.5,3.02,44.75,43.4,44.01,44.74,1.28,1.0,136.67,1.27,7744276020.0,7744276020.0,-0.16,-0.05,-20.51,-22.99
4713,301345,涛涛车业,241.0,-0.74,-1.79,6305.0,152445158.72,2.8,244.87,238.08,240.01,242.79,0.68,1.8,37.27,7.27,26280826111.0,8442168786.0,-0.12,-0.12,13.51,-3.53
4714,603281,江瀚新材,18.74,-0.74,-0.14,29927.0,56132161.0,1.96,18.92,18.55,18.88,18.88,0.46,0.58,27.29,1.95,9719254250.0,9719254250.0,0.11,0.16,-22.63,-2.75
4715,300873,海晨股份,14.82,-0.74,-0.11,99660.0,146086041.38,4.22,14.93,14.3,14.73,14.93,0.87,4.26,970.52,1.52,4775702467.0,3466812945.0,0.2,0.0,-5.61,-4.33
4716,000534,万泽股份,24.15,-0.74,-0.18,168221.0,398342751.63,7.11,24.75,23.02,23.91,24.33,1.33,3.35,49.07,6.58,12305596661.0,12136293690.0,0.37,-0.25,-25.3,9.77
4717,603171,税友股份,41.16,-0.75,-0.31,52781.0,216384386.0,2.12,41.46,40.58,41.2,41.47,0.81,1.3,88.96,6.54,16725160200.0,16706432400.0,0.02,0.12,-21.42,-25.07
4718,688758,赛分科技,26.35,-0.75,-0.2,82062.0,214383962.0,3.77,26.55,25.55,25.81,26.55,0.65,2.75,77.31,8.08,10973828613.0,7857139757.0,0.0,0.15,44.54,49.21
4719,603276,恒兴新材,15.76,-0.76,-0.12,19142.0,30198380.0,2.2,15.96,15.61,15.9,15.88,0.69,2.54,31.56,1.85,3272556073.0,1189524391.0,0.25,0.13,-4.19,-4.19
4720,002811,郑中设计,13.12,-0.76,-0.1,137787.0,182039380.62,3.78,13.45,12.95,13.03,13.22,0.69,4.87,18.76,2.7,4040566466.0,3713790352.0,-0.08,-0.38,8.7,-10.99
4721,688799,华纳药厂,43.0,-0.76,-0.33,23664.0,101422772.0,3.18,43.46,42.08,42.53,43.33,0.74,1.77,44.48,2.71,5746391000.0,5746391000.0,-0.19,-0.14,-14.12,-9.51
4722,688596,正帆科技,70.6,-0.77,-0.55,310197.0,2132506535.0,10.96,72.1,64.3,69.19,71.15,1.15,9.76,-219.05,4.84,22427534970.0,22427534970.0,0.03,0.09,85.3,123.91
4723,002916,深南电路,341.0,-0.77,-2.63,76448.0,2593118312.98,4.22,346.5,332.0,339.99,343.63,0.83,1.15,68.3,14.12,232277808895.0,226700022450.0,0.0,0.19,-10.26,48.33
4724,603291,联合水务,8.99,-0.77,-0.07,42947.0,38820519.0,3.09,9.18,8.9,8.99,9.06,0.86,1.01,63.92,2.18,3804753230.0,3804753230.0,-0.11,0.0,-13.06,-4.77
4725,002353,杰瑞股份,141.38,-0.77,-1.1,114250.0,1612420852.32,3.9,144.05,138.5,139.86,142.48,0.58,1.65,60.52,6.22,144752737670.0,97703542342.0,0.0,0.05,-3.36,101.6
4726,605369,拱东医疗,16.84,-0.77,-0.13,16120.0,26829920.0,3.71,16.95,16.32,16.95,16.97,1.04,0.73,33.84,2.18,3701483008.0,3701483008.0,0.0,0.12,-8.53,-9.02
4727,688788,科思科技,30.43,-0.78,-0.24,37725.0,111856535.0,8.12,30.99,28.5,30.99,30.67,0.88,1.72,-18.91,4.03,6661253924.0,6661253924.0,0.0,-0.1,-4.28,-36.95
4728,600741,华域汽车,15.36,-0.78,-0.12,112406.0,173017071.0,1.42,15.55,15.33,15.49,15.48,0.96,0.36,9.73,0.75,48425840394.0,48425840394.0,-0.13,0.0,-3.88,-19.16
4729,601865,福莱特,10.2,-0.78,-0.08,116326.0,118602799.0,1.65,10.28,10.11,10.16,10.28,0.62,0.61,156.62,1.1,23897381539.0,19390460539.0,0.0,-0.1,-12.22,-34.28
4730,301183,东田微,233.35,-0.78,-1.84,49411.0,1154137787.26,5.9,239.88,226.0,235.21,235.19,0.64,8.42,107.44,18.06,18685816273.0,13697546526.0,-0.18,-0.29,6.83,50.64
4731,688109,品茗科技,70.93,-0.78,-0.56,5424.0,38229817.0,4.49,72.41,69.2,71.26,71.49,0.64,0.69,1538.41,7.25,5592284339.0,5592284339.0,0.47,0.01,-13.11,-44.08
4732,688084,晶品特装,42.6,-0.79,-0.34,20510.0,84497829.0,7.87,42.96,39.58,41.05,42.94,1.71,2.71,-95.09,2.12,3223076212.0,3223076212.0,-0.16,0.21,-19.58,-48.55
4733,920090,*ST同辉,3.76,-0.79,-0.03,20119.0,7522637.67,2.64,3.79,3.69,3.79,3.79,0.62,1.49,-37.82,21.63,749494133.0,507271647.0,0.0,0.53,-10.48,-40.79
4734,601059,信达证券,16.4,-0.79,-0.13,80767.0,132636720.0,1.15,16.57,16.38,16.5,16.53,1.25,0.25,24.23,2.49,53185200000.0,53185200000.0,0.06,0.0,-3.98,-7.19
4735,301446,福事特,34.99,-0.79,-0.28,12394.0,42364163.5,5.3,35.27,33.4,35.27,35.27,1.47,3.9,41.74,2.98,3638960000.0,1111702280.0,-0.11,1.77,-25.46,9.82
4736,600428,中远海特,11.26,-0.79,-0.09,427746.0,484233315.0,3.0,11.5,11.16,11.36,11.35,0.96,1.75,19.03,1.91,30896543648.0,27533915665.0,-0.18,-0.09,45.29,66.08
4737,301571,国科天成,64.39,-0.8,-0.52,19554.0,125611686.03,3.77,65.38,62.93,64.87,64.91,0.63,1.64,115.9,5.65,11553234216.0,7673136730.0,-0.12,-0.05,7.96,11.85
4738,300091,*ST金灵,2.49,-0.8,-0.02,30406.0,7585071.49,1.59,2.51,2.47,2.51,2.51,0.65,0.19,-4.11,5.44,7076692217.0,4039080028.0,-0.4,-0.4,-16.16,-11.39
4739,688426,康为世纪,21.05,-0.8,-0.17,21827.0,45658181.0,2.73,21.2,20.62,20.95,21.22,0.61,1.94,-38.56,1.77,2367992722.0,2362390306.0,-0.57,-0.28,10.85,-11.67
4740,601816,京沪高铁,4.87,-0.81,-0.04,1320847.0,646954727.0,2.24,4.97,4.86,4.92,4.91,1.05,0.27,18.95,1.16,238268058532.0,238268058532.0,-0.2,-0.2,-1.02,-3.56
4741,003023,彩虹集团,26.85,-0.81,-0.22,39863.0,107251281.24,2.92,27.39,26.6,27.26,27.07,0.54,3.79,60.33,1.82,2828421960.0,2822480431.0,0.0,-0.11,2.64,20.35
4742,300398,飞凯材料,34.87,-0.82,-0.29,212619.0,730780483.93,7.11,35.57,33.07,34.57,35.16,0.68,3.75,37.88,3.95,19877059428.0,19769094620.0,-0.03,0.11,-0.57,56.09
4743,688385,复旦微电,52.1,-0.82,-0.43,90394.0,470958048.0,4.15,53.1,50.92,51.51,52.53,0.55,1.68,25.27,6.14,42915772925.0,28102179925.0,0.04,-0.04,-12.3,-29.25
4744,003026,中晶科技,29.0,-0.82,-0.24,50721.0,145283837.9,4.38,29.18,27.9,28.57,29.24,0.66,3.51,98.3,8.31,5445258950.0,4192265491.0,0.0,0.07,-2.82,36.92
4745,603200,上海洗霸,38.81,-0.82,-0.32,199492.0,795988176.0,11.86,42.98,38.34,41.0,39.13,6.49,11.37,915.53,6.22,6810382797.0,6810382797.0,0.03,-0.08,-21.23,-45.42
4746,001331,胜通能源,43.31,-0.82,-0.36,62530.0,268056113.44,6.18,44.5,41.8,44.0,43.67,0.64,2.19,-531.01,12.19,17724530880.0,12379477037.0,-0.09,0.16,-9.92,35.77
4747,001979,招商蛇口,7.18,-0.83,-0.06,840585.0,603163414.29,2.35,7.28,7.11,7.2,7.24,1.09,0.95,413.71,0.67,64735110988.0,63684544187.0,-0.14,0.14,-20.66,-16.41
4748,000791,甘肃能源,7.21,-0.83,-0.06,159302.0,114893388.0,1.51,7.29,7.18,7.23,7.27,0.96,0.82,13.93,1.54,23388084540.0,13955908782.0,0.0,0.14,-25.13,15.92
4749,603881,数据港,24.99,-0.83,-0.21,378739.0,938312788.0,5.44,25.44,24.07,24.51,25.2,0.45,4.39,125.42,6.37,21542689451.0,21542689451.0,-0.04,0.0,-15.94,-1.34
4750,002345,潮宏基,9.55,-0.83,-0.08,193898.0,186612811.0,3.43,9.86,9.53,9.65,9.63,0.69,2.24,8.05,2.29,8485296352.0,8282040436.0,-0.21,0.0,1.06,-21.4
4751,603198,迎驾贡酒,39.46,-0.83,-0.33,42451.0,167700629.0,2.54,40.19,39.18,39.37,39.79,0.67,0.53,9.46,3.07,31568000000.0,31568000000.0,0.08,0.13,9.46,3.68
4752,688158,优刻得-W,29.75,-0.83,-0.25,143784.0,423539511.0,4.1,30.03,28.8,29.3,30.0,0.66,3.51,848.43,5.57,13705976160.0,12193748763.0,0.0,-0.13,-23.21,5.91
4753,001309,德明利,397.03,-0.83,-3.33,105314.0,4179621566.9,5.17,406.85,386.15,390.0,400.36,0.67,6.38,6.73,13.6,90063424676.0,65521485310.0,-0.01,-0.02,-33.54,71.51
4754,000895,双汇发展,25.17,-0.83,-0.21,98987.0,250114502.1,2.05,25.58,25.06,25.39,25.38,1.11,0.29,16.88,4.39,87205522731.0,87194152284.0,-0.04,0.08,0.56,-1.95
4755,688035,德邦科技,64.56,-0.83,-0.54,45580.0,290025657.0,5.99,65.5,61.6,63.9,65.1,0.6,3.2,67.47,3.83,9183014400.0,9183014400.0,0.08,0.09,-14.38,34.22
4756,600282,南钢股份,4.74,-0.84,-0.04,319794.0,151415075.0,2.51,4.81,4.69,4.77,4.78,0.66,0.52,11.05,1.05,29222531392.0,29222531392.0,0.21,0.0,-5.2,-7.42
4757,601033,永兴股份,14.17,-0.84,-0.12,29846.0,42453193.0,1.68,14.39,14.15,14.29,14.29,1.13,1.24,13.43,1.22,12753000000.0,3400800000.0,-0.07,0.07,-3.41,-2.28
4758,301607,富特科技,41.9,-0.85,-0.36,73214.0,303545235.22,4.78,42.4,40.38,41.94,42.26,0.68,4.82,31.87,5.43,9809993745.0,6360054506.0,0.05,0.24,10.93,46.81
4759,603083,剑桥科技,173.5,-0.85,-1.49,173660.0,2996121599.0,5.74,178.11,168.07,169.5,174.99,0.73,6.3,97.47,6.82,63891439716.0,47814582716.0,0.11,-0.02,-7.22,29.38
4760,001226,拓山重工,46.79,-0.85,-0.4,6533.0,30293950.0,5.0,47.97,45.61,47.97,47.19,0.64,1.93,83.08,4.7,3493654893.0,1587416256.0,-0.13,0.0,-4.7,5.86
4761,300395,菲利华,83.28,-0.85,-0.71,142690.0,1184683173.2,4.66,84.96,81.05,83.0,83.99,0.78,2.78,74.26,8.36,43782551389.0,42684114672.0,0.22,0.1,-28.48,-16.97
4762,605588,冠石科技,46.81,-0.85,-0.4,11111.0,51284087.0,4.6,47.11,44.94,46.82,47.21,0.9,1.52,-37.27,3.72,3430025266.0,3421790450.0,-0.09,-0.17,-16.78,-7.29
4763,601838,成都银行,18.72,-0.85,-0.16,167413.0,314393399.0,1.43,18.95,18.68,18.9,18.88,0.71,0.39,6.28,0.9,79343509864.0,79343509864.0,0.05,-0.05,3.83,23.16
4764,600033,福建高速,3.51,-0.85,-0.03,309128.0,108425300.0,1.98,3.55,3.48,3.52,3.54,1.37,1.13,9.47,0.77,9632844000.0,9632844000.0,0.0,0.0,-1.96,-13.55
4765,600909,华安证券,8.12,-0.85,-0.07,972225.0,785555328.0,2.81,8.19,7.96,8.09,8.19,0.96,1.94,9.73,1.49,40796579337.0,40796579337.0,0.0,0.0,14.21,21.92
4766,603922,ST金鸿顺,13.84,-0.86,-0.12,12609.0,17506881.0,2.51,14.05,13.7,13.96,13.96,0.66,0.7,105.14,2.65,2480128000.0,2480128000.0,0.0,0.22,-9.66,-33.33
4767,300650,太龙股份,11.53,-0.86,-0.1,77639.0,87674467.8,5.93,11.64,10.95,11.11,11.63,1.43,4.56,114.53,1.95,2783372808.0,1964081782.0,-0.26,-0.43,-17.29,-30.29
4768,300757,罗博特科,492.12,-0.86,-4.28,50555.0,2472826252.27,4.71,501.76,478.4,489.0,496.4,0.75,3.11,-531.22,50.74,82483303585.0,80002372140.0,-0.12,-0.21,-17.43,110.94
4769,600893,航发动力,36.28,-0.87,-0.32,239276.0,861798931.0,2.92,36.57,35.5,36.25,36.6,0.94,0.9,330.69,2.41,96707758955.0,96690726220.0,0.06,0.0,-12.47,-9.21
4770,002080,中材科技,49.0,-0.87,-0.43,592293.0,2859534616.51,6.23,49.67,46.59,48.3,49.43,1.16,3.53,34.04,4.03,82228055616.0,82228055616.0,0.0,0.41,-23.49,36.45
4771,300655,晶瑞电材,12.55,-0.87,-0.11,266357.0,330717853.01,4.19,12.66,12.13,12.64,12.66,0.7,2.38,528.23,5.52,14139162211.0,14074725428.0,-0.08,-0.08,-9.39,-18.24
4772,600126,杭钢股份,6.81,-0.87,-0.06,564058.0,379655408.0,4.08,6.89,6.61,6.87,6.87,0.75,1.67,598.45,1.18,22998657655.0,22998657655.0,0.0,0.0,-13.47,-16.54
4773,603706,东方环宇,19.26,-0.87,-0.17,10493.0,20270900.0,1.96,19.57,19.19,19.33,19.43,0.87,0.55,8.88,2.18,3647511072.0,3647511072.0,0.1,0.0,-12.57,4.11
4774,688349,三一重能,13.72,-0.87,-0.12,70491.0,97535349.0,1.88,13.97,13.71,13.78,13.84,1.34,0.45,30.46,1.57,21860573419.0,21488100663.0,-0.15,-0.07,-10.44,-28.43
4775,603776,永安行,20.44,-0.87,-0.18,12912.0,26273405.0,1.79,20.55,20.18,20.28,20.62,0.5,0.46,-281.06,1.68,5738746092.0,5738746092.0,-0.1,0.0,5.04,14.32
4776,301033,迈普医学,54.82,-0.87,-0.48,17319.0,95130965.61,3.87,56.2,54.06,54.8,55.3,0.86,3.07,32.5,4.53,3677474107.0,3091121580.0,0.0,0.11,11.24,-17.93
4777,002074,国轩高科,26.93,-0.88,-0.24,255066.0,692886200.89,3.24,27.73,26.85,27.17,27.17,1.27,1.47,17.63,1.62,48870553460.0,46768191592.0,0.0,-0.07,-17.09,-30.97
4778,688700,东威科技,55.14,-0.88,-0.49,79046.0,431982349.0,6.11,56.2,52.8,54.67,55.63,0.63,2.65,83.0,8.49,16453850990.0,16453850990.0,0.0,0.15,-30.89,57.18
4779,920299,灿能电力,14.61,-0.88,-0.13,6438.0,9391000.32,2.04,14.74,14.44,14.74,14.74,0.65,1.42,104.97,4.69,1316496522.0,663509717.0,0.07,0.0,-38.15,-26.73
4780,603336,宏辉果蔬,8.99,-0.88,-0.08,156165.0,140908738.0,4.52,9.25,8.84,8.91,9.07,0.54,2.57,454.69,3.82,5472383316.0,5472383316.0,0.0,0.0,-6.65,5.15
4781,601872,招商轮船,18.83,-0.89,-0.17,914453.0,1733802104.0,4.05,19.4,18.63,19.32,19.0,0.64,1.13,13.76,3.53,152043559993.0,152043559993.0,0.0,0.0,23.23,115.69
4782,301528,多浦乐,54.7,-0.89,-0.49,10528.0,57297741.18,4.44,55.79,53.34,54.63,55.19,0.6,2.28,115.22,3.09,4909598500.0,2530221415.0,0.0,0.07,20.19,16.83
4783,603002,宏昌电子,15.52,-0.89,-0.14,442632.0,680655975.0,5.11,15.78,14.98,15.0,15.66,0.53,3.9,223.41,5.06,17600898460.0,17600898460.0,0.06,0.06,-8.87,110.3
4784,000415,渤海租赁,4.46,-0.89,-0.04,532317.0,238785245.32,4.0,4.61,4.43,4.52,4.5,0.95,0.99,4.3,0.88,27582964918.0,24052395918.0,-0.22,-0.22,9.58,10.12
4785,002860,星帅尔,15.52,-0.89,-0.14,147478.0,226854428.81,4.09,15.71,15.07,15.15,15.66,0.77,4.26,27.25,2.32,5465292200.0,5368963813.0,-0.26,0.32,19.11,10.86
4786,301585,蓝宇股份,26.46,-0.9,-0.24,7547.0,19859450.5,3.45,26.82,25.9,26.82,26.7,1.06,1.11,59.29,2.78,2751840000.0,1802240504.0,0.08,-0.08,-0.9,-13.84
4787,605377,华旺科技,8.85,-0.9,-0.08,137212.0,122843802.0,6.27,9.28,8.72,8.93,8.93,1.74,2.46,18.93,1.28,4926531872.0,4926531872.0,0.0,-0.11,-3.38,6.24
4788,688305,科德数控,61.52,-0.9,-0.56,26511.0,163004109.0,3.14,62.45,60.5,61.47,62.08,0.52,2.01,90.42,4.31,8155005257.0,8133791623.0,0.0,0.0,1.89,-0.11
4789,300576,容大感光,29.62,-0.9,-0.27,127169.0,371781547.4,5.25,29.98,28.41,29.44,29.89,0.66,5.01,111.34,6.94,11957249608.0,7525872556.0,0.07,0.03,-23.24,-15.32
4790,603505,金石资源,15.2,-0.91,-0.14,79076.0,120057807.0,1.69,15.3,15.04,15.28,15.34,0.72,0.94,71.29,6.79,12793365958.0,12793365958.0,0.07,0.07,-19.28,-18.41
4791,600438,通威股份,12.01,-0.91,-0.11,293908.0,352981203.0,1.82,12.12,11.9,12.04,12.12,0.67,0.65,-5.53,1.55,54068911189.0,54068911189.0,-0.17,-0.17,-17.34,-41.47
4792,000568,泸州老窖,84.73,-0.91,-0.78,88289.0,747357635.99,2.68,86.29,84.0,85.53,85.51,1.09,0.6,8.41,2.77,124714210960.0,124642925408.0,-0.04,-0.01,-6.27,-26.23
4793,603137,恒尚节能,21.77,-0.91,-0.2,137059.0,296737688.0,4.05,21.99,21.1,21.86,21.97,0.7,7.49,27.5,3.33,3982458681.0,3982458681.0,0.0,-0.64,69.02,58.44
4794,603125,常青科技,22.8,-0.91,-0.21,36197.0,81926890.0,3.78,22.99,22.12,22.77,23.01,0.71,0.89,28.38,3.67,9230269350.0,9230269350.0,0.0,-0.04,-5.9,35.39
4795,603107,上海汽配,11.82,-0.92,-0.11,18515.0,21683992.0,2.93,11.86,11.51,11.7,11.93,1.21,0.85,31.61,1.9,3987299700.0,2578816656.0,0.0,0.0,-10.66,-18.65
4796,688484,南芯科技,34.53,-0.92,-0.32,51029.0,174616830.0,3.5,34.86,33.64,34.57,34.85,0.48,1.19,-165.3,3.69,14834456711.0,14834456711.0,0.09,0.29,-15.33,-14.55
4797,688259,创耀科技,29.75,-0.93,-0.28,16559.0,48262073.0,5.29,29.8,28.21,29.01,30.03,1.28,1.48,141.36,2.11,3323075000.0,3323075000.0,-0.03,-0.03,-20.11,-28.4
4798,300258,精锻科技,9.57,-0.93,-0.09,91412.0,85647011.75,4.76,9.62,9.16,9.21,9.66,0.89,1.6,-101.91,1.2,5598902116.0,5453868718.0,0.1,0.21,-24.35,-32.98
4799,600860,京城股份,8.49,-0.93,-0.08,127190.0,107096748.0,5.13,8.68,8.24,8.39,8.57,0.84,2.86,-37.11,5.85,4648156038.0,3769906290.0,0.24,0.0,-9.58,-32.3
4800,000708,中信特钢,13.81,-0.93,-0.13,110084.0,151848504.56,2.3,13.98,13.66,13.94,13.94,0.74,0.22,11.66,1.59,69701260653.0,69700949928.0,-0.22,-0.07,-1.92,-13.25
4801,688488,艾迪药业,15.78,-0.94,-0.15,68281.0,107278173.0,3.58,15.97,15.4,15.51,15.93,0.53,1.62,218.24,6.81,6639952710.0,6639952710.0,0.19,0.0,5.34,-3.37
4802,300333,兆日科技,10.57,-0.94,-0.1,204550.0,216778570.74,5.34,10.87,10.3,10.37,10.67,0.5,6.11,-199.87,6.3,3551520000.0,3538625308.0,-0.19,-0.56,1.83,-8.09
4803,920476,海能技术,25.21,-0.94,-0.24,13488.0,34334447.76,3.69,25.94,25.0,25.37,25.45,0.51,1.68,99.56,4.22,2258456505.0,2025117611.0,-0.08,-0.12,31.17,22.5
4804,688621,阳光诺和,64.39,-0.94,-0.61,20190.0,130034301.0,4.31,66.0,63.2,66.0,65.0,0.41,1.8,87.39,5.85,7211680000.0,7211680000.0,-0.02,-0.02,23.07,3.91
4805,688693,锴威特,74.92,-0.94,-0.71,23806.0,174390460.0,7.21,75.78,70.33,73.7,75.63,0.81,6.12,-76.61,7.11,5520421088.0,2914718697.0,0.0,0.03,-28.8,100.11
4806,300317,珈伟新能,4.23,-0.94,-0.04,569216.0,236290758.03,4.92,4.25,4.04,4.17,4.27,0.9,6.87,-183.78,2.48,3511696953.0,3506303703.0,-0.24,0.0,-28.43,10.16
4807,300109,新开源,15.8,-0.94,-0.15,340771.0,529834243.46,4.95,15.99,15.2,15.67,15.95,0.73,6.58,45.11,2.53,9114333111.0,8176587485.0,0.0,0.19,9.04,13.59
4808,000887,中鼎股份,20.87,-0.95,-0.2,367268.0,765597931.13,3.89,21.19,20.37,20.96,21.07,0.49,2.79,21.33,1.9,27475141020.0,27430914589.0,-0.05,-0.33,-0.52,-9.5
4809,002645,华宏科技,18.85,-0.95,-0.18,316896.0,594322729.74,4.73,19.26,18.36,18.76,19.03,0.9,4.66,20.72,3.27,14196320143.0,12822024230.0,0.05,0.16,-20.6,55.53
4810,300897,山科智能,16.77,-0.95,-0.16,45229.0,74932802.12,5.26,16.9,16.01,16.79,16.93,1.28,3.75,207.87,3.38,3284341344.0,2020486041.0,0.0,0.24,-13.78,-8.76
4811,920339,恒太照明,10.43,-0.95,-0.1,8559.0,8923569.5,2.37,10.56,10.31,10.45,10.53,0.91,0.57,281.87,3.94,2296725634.0,1576777518.0,0.19,0.29,7.86,6.43
4812,603010,万盛股份,11.34,-0.96,-0.11,74487.0,83490362.0,3.32,11.37,10.99,11.28,11.45,0.72,1.31,1531.62,2.57,6634243523.0,6472625843.0,0.09,-0.09,-22.12,7.9
4813,600360,华微电子,10.36,-0.96,-0.1,392407.0,402084428.0,4.3,10.45,10.0,10.25,10.46,0.59,4.09,42.95,2.85,9948659349.0,9948659349.0,0.0,0.0,-10.61,30.48
4814,688787,海天瑞声,100.28,-0.96,-0.97,10522.0,104636718.0,4.01,101.19,97.13,100.0,101.25,0.51,1.74,179.98,8.12,6049409050.0,6049409050.0,0.0,0.09,-27.34,-13.47
4815,300487,蓝晓科技,62.63,-0.96,-0.61,52724.0,327384044.6,4.74,63.11,60.11,62.97,63.24,0.64,1.71,37.91,6.97,31887489932.0,19291576001.0,-0.22,0.05,6.5,1.71
4816,300409,道氏技术,18.29,-0.97,-0.18,165492.0,301543267.7,3.25,18.5,17.9,18.4,18.47,0.85,2.38,24.66,1.77,14307333350.0,12733612422.0,0.05,0.05,-17.98,-17.76
4817,600169,ST太重,2.05,-0.97,-0.02,102573.0,21021659.0,1.93,2.07,2.03,2.05,2.07,1.3,0.31,65.82,1.3,6832940075.0,6832940075.0,0.0,0.0,-10.87,-10.09
4818,002810,山东赫达,21.45,-0.97,-0.21,59840.0,126970530.82,4.06,21.66,20.78,21.66,21.66,0.9,1.85,17.52,3.28,7464791184.0,6929106456.0,-0.05,0.14,-8.49,46.62
4819,301095,广立微,72.31,-0.97,-0.71,40735.0,291394732.86,5.89,73.3,69.0,72.1,73.02,0.79,2.35,-337.84,4.67,14482325473.0,12511096519.0,0.01,-0.03,-18.93,1.12
4820,603663,三祥新材,41.2,-0.99,-0.41,218636.0,894986804.0,6.44,42.5,39.82,41.31,41.61,0.64,3.69,158.78,16.9,24455089232.0,24438477392.0,0.1,0.05,-2.94,63.62
4821,688523,航天环宇,40.2,-0.99,-0.4,32056.0,128403459.0,4.33,40.94,39.18,40.68,40.6,0.48,0.79,2057.71,9.72,16356576000.0,16356576000.0,-0.25,-0.2,-29.82,-28.16
4822,603667,五洲新春,50.84,-0.99,-0.51,103641.0,524915426.0,3.7,51.66,49.76,50.43,51.35,0.58,2.83,158.11,4.94,19479443714.0,18617748827.0,0.0,0.0,-25.47,-27.23
4823,002468,申通快递,13.96,-0.99,-0.14,105817.0,148364930.07,1.63,14.17,13.94,14.1,14.1,0.66,0.72,11.65,1.9,21369998237.0,20609003249.0,-0.14,-0.29,-7.12,4.8
4824,301007,德迈仕,29.05,-0.99,-0.29,37841.0,109600160.08,3.24,29.55,28.6,28.93,29.34,0.91,2.5,146.32,6.81,4454527000.0,4395994881.0,0.03,-0.07,-14.76,-28.18
4825,600777,新潮能源,3.99,-0.99,-0.04,261373.0,105095116.0,1.99,4.06,3.98,4.04,4.03,1.27,0.41,47.52,1.22,27133978342.0,25400948040.0,0.0,0.0,-25.42,3.91
4826,300340,科恒股份,8.95,-1.0,-0.09,112974.0,100414844.6,2.99,9.05,8.78,8.8,9.04,1.37,4.13,-28.76,38.29,2465856699.0,2447494405.0,0.0,0.0,-8.67,-27.35
4827,002142,宁波银行,33.56,-1.0,-0.34,245061.0,825329515.03,1.89,34.12,33.48,33.91,33.9,0.72,0.37,6.69,0.91,221616506980.0,221475335531.0,-0.06,0.06,10.0,23.43
4828,301122,采纳股份,38.61,-1.0,-0.39,67555.0,261134769.98,6.03,39.88,37.53,38.73,39.0,1.0,8.93,90.01,2.56,4719904855.0,2920485805.0,0.26,0.13,38.49,48.39
4829,688699,明微电子,58.56,-1.0,-0.59,33230.0,191416722.0,6.71,59.3,55.33,57.62,59.15,0.77,3.02,37.92,5.02,6445385318.0,6445385318.0,0.0,-0.09,-2.48,37.76
4830,600400,红豆股份,2.96,-1.0,-0.03,385567.0,114063487.0,5.35,3.03,2.87,2.99,2.99,0.63,1.68,302.75,4.89,6782460682.0,6782460682.0,0.34,0.34,2.78,24.37
4831,920873,中设咨询,6.86,-1.01,-0.07,5698.0,3924826.9,1.73,6.95,6.83,6.89,6.93,0.48,0.48,-21.16,4.51,1052234834.0,821871870.0,0.0,0.0,-14.57,-11.37
4832,688152,麒麟信安,31.5,-1.01,-0.32,38625.0,120369413.0,3.52,31.72,30.6,31.28,31.82,0.47,3.79,-93.01,2.65,3209789394.0,3209789394.0,0.1,-0.13,-5.66,-21.93
4833,002149,西部材料,36.3,-1.01,-0.37,216370.0,779346854.97,4.61,36.82,35.13,36.03,36.67,0.64,4.43,197.83,2.68,17722178146.0,17719450201.0,0.08,0.03,-35.81,-20.06
4834,605196,华通线缆,33.8,-1.02,-0.35,114805.0,382011649.0,4.25,34.2,32.75,34.2,34.15,1.05,2.26,66.89,5.1,17270859718.0,17148448252.0,1.26,1.14,-20.58,-2.71
4835,000776,广发证券,20.43,-1.02,-0.21,353852.0,722286579.71,1.7,20.63,20.28,20.51,20.64,0.75,0.6,8.49,1.19,159861593790.0,120619727424.0,0.0,0.05,10.43,-5.07
4836,002532,天山铝业,12.57,-1.02,-0.13,590191.0,741075501.45,2.44,12.72,12.41,12.65,12.7,0.75,1.44,6.96,1.89,58183229307.0,51623198172.0,0.08,0.08,-14.26,-19.11
4837,688012,中微公司,354.0,-1.02,-3.65,143005.0,5029704935.0,4.95,359.36,341.64,356.34,357.65,0.7,1.52,60.01,11.29,339076191192.0,333537751452.0,0.34,0.21,29.67,93.65
4838,301381,赛维时代,23.3,-1.02,-0.24,42514.0,98955879.36,4.42,23.88,22.84,23.58,23.54,0.78,1.05,55.64,3.46,9471099055.0,9462291655.0,0.04,0.04,20.98,14.55
4839,920274,宏裕包材,15.45,-1.02,-0.16,7249.0,11175163.09,2.18,15.61,15.27,15.61,15.61,0.7,0.89,37.51,2.54,1256600010.0,1256600010.0,-0.26,-0.26,-21.57,-46.0
4840,688603,天承科技,103.32,-1.02,-1.06,44839.0,451572880.0,8.3,104.84,96.18,97.56,104.38,0.95,3.6,107.61,10.69,12886537820.0,12886537820.0,0.13,-0.05,-35.32,38.09
4841,301362,民爆光电,113.94,-1.03,-1.18,36573.0,409350614.66,6.66,115.77,108.1,111.92,115.12,1.04,8.93,149.98,6.78,16628936383.0,4665236383.0,0.11,0.1,-25.29,295.63
4842,601877,正泰电器,25.95,-1.03,-0.27,248011.0,644610120.0,2.48,26.45,25.8,26.04,26.22,0.75,1.15,8.91,1.21,55765744927.0,55765744927.0,0.04,0.08,-9.99,-4.95
4843,002966,苏州银行,8.61,-1.03,-0.09,277454.0,240257740.88,3.1,8.85,8.58,8.7,8.7,0.77,0.63,5.72,0.75,38492399915.0,37845088336.0,0.0,0.23,5.64,5.77
4844,688290,景业智能,65.6,-1.03,-0.68,8390.0,54930586.0,5.24,67.05,63.58,67.05,66.28,0.77,0.82,-267.96,5.3,6703645238.0,6703645238.0,-0.7,-0.73,5.77,10.36
4845,301045,天禄科技,63.39,-1.03,-0.66,31158.0,194348216.0,6.84,64.36,59.98,62.92,64.05,0.8,4.47,181.2,6.81,6993080714.0,4419299268.0,0.05,-0.19,23.95,139.84
4846,301040,中环海陆,27.0,-1.03,-0.28,16200.0,43872591.0,3.59,27.78,26.8,27.28,27.28,0.73,1.72,-29.43,3.97,2700029754.0,2547833292.0,0.45,0.33,-9.79,-4.9
4847,920523,德瑞锂电,15.23,-1.04,-0.16,7467.0,11383292.86,1.95,15.41,15.11,15.19,15.39,0.87,0.92,15.19,2.19,1542819850.0,1234231768.0,-0.07,0.0,-20.09,-40.74
4848,688163,赛伦生物,34.29,-1.04,-0.36,10947.0,37340891.0,4.47,34.85,33.3,34.1,34.65,0.68,1.01,52.04,3.31,3710863800.0,3710863800.0,0.23,0.0,-3.33,59.41
4849,920239,长虹能源,21.82,-1.04,-0.23,14685.0,32076064.39,3.13,22.25,21.56,22.19,22.05,1.54,0.82,15.03,3.69,3972859131.0,3924981164.0,0.0,0.0,-18.52,-32.02
4850,001280,中国铀业,68.87,-1.05,-0.73,90050.0,616112723.63,3.64,69.61,67.08,69.6,69.6,0.88,5.18,166.33,8.64,142435681806.0,11964597292.0,-0.07,-0.06,-2.45,13.53
4851,603283,赛腾股份,47.1,-1.05,-0.5,240201.0,1122485616.0,7.52,48.38,44.8,47.08,47.6,0.97,6.81,45.85,4.74,16603986045.0,16603986045.0,0.04,0.11,-2.28,43.12
4852,002371,北方华创,700.4,-1.06,-7.5,75217.0,5211216972.47,4.36,707.5,676.66,707.5,707.9,0.93,1.04,77.73,13.12,508272715680.0,507866937539.0,-0.01,0.06,18.89,52.82
4853,600415,小商品城,12.17,-1.06,-0.13,551201.0,670876776.0,3.09,12.43,12.05,12.26,12.3,0.64,1.01,16.84,3.16,66734915780.0,66734915780.0,0.0,0.16,-2.33,-21.23
4854,605188,国光连锁,12.05,-1.07,-0.13,58002.0,69698341.0,3.28,12.24,11.84,12.06,12.18,1.15,1.14,141.15,4.94,6118345325.0,6118345325.0,0.42,0.42,-17.97,-37.82
4855,603099,长白山,38.08,-1.07,-0.41,77966.0,300332913.0,3.46,39.28,37.95,38.55,38.49,1.29,2.86,4087.99,6.91,10371311149.0,10371311149.0,-0.05,0.08,-2.51,-15.4
4856,688720,艾森股份,64.6,-1.07,-0.7,39999.0,253855555.0,6.92,65.56,61.04,64.01,65.3,0.78,5.12,210.33,7.66,7922413573.0,5051032914.0,-0.12,-0.15,2.26,27.79
4857,301369,联动科技,129.67,-1.08,-1.42,19513.0,247585067.2,6.93,131.08,122.0,128.02,131.09,0.85,3.56,971.35,8.86,13266249703.0,7112301080.0,-0.15,-0.02,-29.01,40.67
4858,688820,盛合晶微,121.12,-1.08,-1.32,70935.0,854881364.0,4.26,123.0,117.78,122.41,122.44,0.47,4.1,251.05,11.69,225619198629.0,20941968120.0,0.02,0.14,-32.28,515.45
4859,688347,华虹宏力,226.56,-1.08,-2.47,117779.0,2645323044.0,4.34,229.11,219.17,224.57,229.03,0.64,2.89,705.24,8.7,393699293637.0,92379840000.0,-0.54,-0.02,1.64,110.03
4860,603890,春秋电子,18.37,-1.08,-0.2,327426.0,594437657.0,5.6,18.63,17.59,17.85,18.57,0.85,6.89,35.94,2.41,8729851948.0,8729851948.0,-0.11,0.66,-32.19,15.32
4861,301557,常友科技,85.87,-1.09,-0.95,10462.0,90052312.97,2.93,87.36,84.82,86.81,86.82,0.91,4.21,-261.89,5.34,5326603602.0,2135670795.0,0.28,0.13,-4.05,-7.45
4862,301360,荣旗科技,54.5,-1.09,-0.6,34041.0,185478844.24,5.19,55.74,52.88,54.16,55.1,0.77,10.0,-1725.65,3.19,3803313020.0,1855970686.0,-0.16,-0.24,-26.62,0.42
4863,002427,尤夫股份,4.54,-1.09,-0.05,328046.0,150095076.43,5.66,4.74,4.48,4.55,4.59,0.98,3.33,-55.77,4.73,4473864808.0,4469711656.0,0.0,0.22,-4.82,-32.34
4864,302132,中航成飞,56.08,-1.09,-0.62,42955.0,241679825.57,1.9,56.98,55.9,56.5,56.7,0.64,0.73,105.67,7.17,149850884366.0,32866777504.0,-0.09,-0.11,-9.75,-28.66
4865,603558,XD健盛集,11.78,-1.09,-0.13,38980.0,46160421.0,2.1,11.97,11.72,11.88,11.91,1.07,1.14,11.55,1.88,4036276217.0,4036276217.0,-0.08,0.0,1.46,11.03
4866,605198,安德利,64.07,-1.11,-0.72,75448.0,483964374.0,8.95,67.55,61.75,63.79,64.79,1.77,2.79,86.85,7.91,21411425160.0,17333241520.0,0.11,0.2,11.27,71.68
4867,002463,沪电股份,114.29,-1.11,-1.28,411054.0,4734042965.61,5.11,118.12,112.22,113.08,115.57,0.97,2.14,44.27,13.9,219935508644.0,219758010445.0,0.02,-0.01,-6.71,57.49
4868,688619,罗普特,14.25,-1.11,-0.16,29570.0,42277451.0,4.93,14.57,13.86,14.27,14.41,0.64,1.59,-31.72,4.08,2642492099.0,2642492099.0,0.21,-0.07,-18.85,4.78
4869,601825,沪农商行,8.81,-1.12,-0.1,323527.0,286033265.0,2.58,8.97,8.74,8.92,8.91,1.21,0.34,5.92,0.65,84967555560.0,83098555926.0,0.11,0.23,4.26,-3.19
4870,000636,风华高科,51.33,-1.12,-0.58,838385.0,4275621042.43,6.03,52.59,49.46,50.79,51.91,0.59,7.31,166.28,4.76,58900683207.0,58900660109.0,0.21,0.14,-6.59,217.24
4871,688269,凯立新材,30.92,-1.12,-0.35,11778.0,36391822.0,3.26,31.47,30.45,31.31,31.27,0.92,0.9,20.9,3.81,4041367680.0,4041367680.0,0.0,-0.1,-16.41,-22.14
4872,600520,三佳科技,23.94,-1.12,-0.27,53879.0,127511762.0,4.67,24.15,23.02,23.76,24.21,0.95,3.4,635.46,9.63,3792814200.0,3792814200.0,0.0,-0.17,-20.78,-2.68
4873,600999,招商证券,17.66,-1.12,-0.2,393627.0,695411333.0,1.85,17.88,17.55,17.85,17.86,0.99,0.53,11.74,1.28,153580663394.0,131072613104.0,-0.06,0.0,5.94,9.08
4874,605020,永和股份,30.97,-1.12,-0.35,85911.0,265001746.0,2.75,31.3,30.44,31.19,31.32,0.66,1.71,15.42,2.62,15820055851.0,15575555877.0,-0.03,-0.03,-11.79,17.13
4875,688376,美埃科技,65.74,-1.13,-0.75,12330.0,80316217.0,5.76,66.86,63.03,65.7,66.49,0.75,0.91,70.14,4.59,8891462799.0,8891462799.0,-0.24,-0.23,-3.02,13.99
4876,688059,华锐精密,85.99,-1.13,-0.98,41805.0,353484112.0,5.68,86.5,81.56,86.0,86.97,0.91,3.19,25.3,5.54,12037007035.0,11265549212.0,0.22,0.17,-12.62,55.33
4877,002203,海亮股份,19.1,-1.14,-0.22,250006.0,478107773.61,4.71,19.43,18.52,19.13,19.32,1.4,1.13,25.1,2.61,43772525733.0,42251898238.0,-0.1,-0.1,-4.21,52.31
4878,688003,天准科技,81.8,-1.14,-0.94,48908.0,394435537.0,5.89,82.73,77.86,81.41,82.74,0.57,2.51,80.89,8.0,15933193449.0,15933193449.0,0.0,-0.12,-13.16,40.07
4879,300618,寒锐钴业,34.68,-1.14,-0.4,62610.0,215415367.65,3.14,35.0,33.9,34.54,35.08,0.88,2.3,54.45,1.93,10740295116.0,9450184099.0,0.0,0.03,-9.52,-23.0
4880,688332,中科蓝讯,87.85,-1.14,-1.01,48279.0,418128945.0,5.81,88.98,83.82,86.01,88.86,0.87,2.7,16.35,2.75,15679936768.0,15679936768.0,0.06,0.02,-4.92,0.55
4881,002913,奥士康,56.84,-1.15,-0.66,50259.0,281818390.5,5.32,57.77,54.71,56.36,57.5,0.73,1.65,258.43,4.16,18038771047.0,17361148440.0,-0.54,0.11,3.06,33.93
4882,300939,秋田微,61.01,-1.15,-0.71,26774.0,162445119.73,3.68,61.8,59.53,60.81,61.72,0.79,2.23,106.11,5.06,7321200000.0,7321200000.0,0.0,-0.02,-11.78,77.98
4883,600754,锦江酒店,18.85,-1.15,-0.22,125764.0,239644769.0,3.36,19.48,18.84,19.08,19.07,1.39,1.39,36.63,1.29,20057879009.0,17078930588.0,0.05,-0.11,-9.55,-23.87
4884,001333,光华股份,20.57,-1.15,-0.24,40068.0,81364726.45,3.65,20.64,19.88,20.45,20.81,0.85,5.41,31.31,1.51,2632960000.0,1522180000.0,0.15,0.44,-7.51,-2.7
4885,301106,骏成科技,20.62,-1.15,-0.24,105021.0,216018869.96,8.49,21.17,19.4,20.11,20.86,0.68,7.35,91.17,2.34,2947851057.0,2947851057.0,-0.05,-0.05,-22.36,-1.86
4886,603129,春风动力,305.03,-1.15,-3.55,9845.0,301874703.0,2.31,310.64,303.51,305.53,308.58,0.45,0.64,21.99,5.85,46816847198.0,46816847198.0,-0.09,-0.22,29.08,11.13
4887,300797,钢研纳克,13.78,-1.15,-0.16,63046.0,86633026.96,2.08,13.87,13.58,13.8,13.94,0.45,1.65,34.28,3.9,5273994734.0,5259748612.0,0.0,-0.07,-2.27,-18.07
4888,605555,德昌股份,12.02,-1.15,-0.14,57723.0,69743511.0,2.8,12.25,11.91,11.91,12.16,1.25,1.19,86.61,2.03,5818509861.0,5818509861.0,0.08,0.0,-18.62,-33.3
4889,920300,辰光医疗,9.46,-1.15,-0.11,11558.0,10964415.64,3.34,9.63,9.31,9.63,9.57,0.95,1.74,-27.9,5.06,812113812.0,629389466.0,-0.11,-0.21,-10.5,-38.45
4890,300857,协创数据,238.02,-1.15,-2.78,104443.0,2474025442.33,3.98,241.57,231.99,236.69,240.8,0.61,2.15,31.27,19.14,116478190781.0,115882416724.0,0.02,0.02,0.66,97.95
4891,601177,杭齿前进,13.63,-1.16,-0.16,160860.0,219629229.0,4.71,14.1,13.45,13.63,13.79,1.45,4.0,17.5,1.86,5557135005.0,5484936895.0,0.22,0.15,-22.95,-21.12
4892,002876,三利谱,28.94,-1.16,-0.34,27177.0,78694412.68,3.31,29.32,28.35,28.99,29.28,0.58,1.82,37.76,2.1,5032229932.0,4310370425.0,0.03,-0.07,4.7,21.44
4893,603223,恒通股份,10.21,-1.16,-0.12,65499.0,66504481.0,2.9,10.33,10.03,10.33,10.33,0.9,0.93,19.34,1.78,7206444591.0,7206444591.0,0.1,0.2,2.3,10.62
4894,603311,金海高科,28.0,-1.16,-0.33,27253.0,76171493.0,3.35,28.28,27.33,27.81,28.33,0.66,1.16,46.67,5.0,6604749396.0,6604749396.0,0.18,0.36,-9.33,84.7
4895,301552,科力装备,25.55,-1.16,-0.3,20867.0,52763591.45,4.41,25.84,24.7,25.4,25.85,0.85,6.74,30.69,2.84,3162068000.0,790517000.0,-0.04,-0.12,-4.2,-8.98
4896,688390,固德威,63.75,-1.16,-0.75,59451.0,375848329.0,3.86,64.42,61.93,63.22,64.5,0.94,2.45,38.18,5.45,15499099601.0,15499099601.0,0.03,0.16,-55.87,2.61
4897,688472,阿特斯,10.13,-1.17,-0.12,258628.0,261492921.0,2.73,10.26,9.98,10.25,10.25,0.72,0.71,17.76,1.59,36905009335.0,36905009335.0,0.0,-0.1,-21.41,-31.6
4898,603995,甬金股份,24.47,-1.17,-0.29,52494.0,128259317.0,3.68,25.04,24.13,24.39,24.76,0.53,1.44,12.35,1.5,8897525517.0,8897525517.0,0.08,0.04,22.41,39.19
4899,301310,鑫宏业,48.73,-1.18,-0.58,39497.0,189793724.7,4.64,49.28,46.99,49.28,49.31,0.57,4.05,82.04,3.95,9305423104.0,4753120497.0,0.02,-0.12,48.84,59.56
4900,600380,健康元,9.24,-1.18,-0.11,227898.0,210194739.0,2.35,9.38,9.16,9.28,9.35,0.9,1.25,13.05,1.11,16904149287.0,16904149287.0,0.0,0.22,-7.78,-18.45
4901,600642,申能股份,8.39,-1.18,-0.1,180349.0,151945594.0,1.88,8.54,8.38,8.54,8.49,0.8,0.37,13.03,1.15,41061325965.0,41059092379.0,0.0,-0.24,-18.54,14.62
4902,605183,确成股份,14.25,-1.18,-0.17,17843.0,25524231.0,1.87,14.48,14.21,14.37,14.42,1.94,0.43,18.72,1.63,5916377771.0,5877119591.0,0.0,0.0,-8.6,-27.0
4903,301459,丰茂股份,31.75,-1.18,-0.38,17823.0,56768265.3,3.8,32.47,31.25,32.0,32.13,0.65,6.83,38.1,2.64,3305867785.0,828642964.0,0.03,0.25,-8.92,-28.13
4904,001311,多利科技,17.51,-1.19,-0.21,36306.0,63752651.5,2.48,17.77,17.33,17.5,17.72,0.66,2.0,20.97,1.48,7068123966.0,3184573274.0,0.0,-0.23,-19.12,-29.05
4905,600926,杭州银行,16.62,-1.19,-0.2,299285.0,499132251.0,1.78,16.88,16.58,16.85,16.82,0.7,0.41,4.54,0.87,120478422348.0,120478422348.0,-0.06,0.06,3.29,10.8
4906,002428,云南锗业,94.23,-1.2,-1.14,590606.0,5507400914.04,4.99,95.37,90.61,90.61,95.37,0.69,9.04,1689.44,42.08,61543497600.0,61535546944.0,0.01,0.0,14.84,196.88
4907,688006,杭可科技,22.17,-1.2,-0.27,88163.0,193806603.0,3.79,22.43,21.58,22.43,22.44,0.55,1.46,26.12,2.46,13383411610.0,13383411610.0,0.05,0.18,-39.53,-23.87
4908,300938,信测标准,27.22,-1.2,-0.33,93306.0,250343271.98,5.15,27.5,26.08,27.34,27.55,0.89,3.15,42.95,4.82,9278264538.0,8053039831.0,-0.04,0.04,-27.06,17.99
4909,002115,三维通信,10.69,-1.2,-0.13,606771.0,637950304.59,4.62,10.75,10.25,10.52,10.82,0.93,8.13,85.39,4.15,8605849079.0,7977585753.0,-0.19,-0.19,-12.73,-16.09
4910,600348,华阳股份,8.97,-1.21,-0.11,304392.0,275367835.0,2.64,9.19,8.95,9.04,9.08,1.09,0.84,16.73,1.2,32359275000.0,32359275000.0,-0.11,0.0,-6.17,11.85
4911,600007,中国国贸,18.77,-1.21,-0.23,18474.0,34832805.0,1.58,19.07,18.77,18.9,19.0,0.74,0.18,14.92,2.03,18906693163.0,18906693163.0,-0.11,-0.11,-9.15,0.11
4912,600066,宇通客车,29.99,-1.22,-0.37,129192.0,389815065.0,3.16,30.8,29.84,30.49,30.36,0.75,0.58,17.78,5.12,66396037298.0,66396037298.0,0.0,0.1,-8.2,-2.31
4913,002008,大族激光,85.05,-1.22,-1.05,304219.0,2564813697.09,5.03,86.66,82.33,84.04,86.1,0.68,3.18,33.99,4.08,87567769850.0,81369878250.0,0.0,0.01,-31.91,107.49
4914,605338,巴比食品,18.57,-1.22,-0.23,19689.0,36637749.0,1.91,18.8,18.44,18.68,18.8,0.56,0.82,16.52,2.04,4448752913.0,4448752913.0,0.0,-0.11,-15.82,-38.35
4915,920344,三元基因,24.3,-1.22,-0.3,82094.0,199962056.45,11.14,25.64,22.9,23.8,24.6,1.25,7.22,692.46,4.72,2959983000.0,2763594264.0,0.0,0.54,20.36,3.62
4916,600801,华新建材,23.3,-1.23,-0.29,68407.0,159254942.0,3.31,23.8,23.02,23.25,23.59,0.68,0.51,19.22,1.49,48440598622.0,31261555222.0,-0.43,-0.34,25.0,-4.23
4917,688146,中船特气,247.0,-1.23,-3.08,108822.0,2661538604.0,5.12,250.8,238.0,242.88,250.08,0.6,7.51,187.94,21.76,130764705955.0,35807797974.0,0.0,-0.12,45.47,514.43
4918,002266,浙富控股,4.8,-1.23,-0.06,522895.0,251134583.98,2.06,4.86,4.76,4.81,4.86,0.85,1.08,10.4,2.03,25052502730.0,23244409099.0,-0.41,0.0,-4.19,17.07
4919,603077,和邦生物,2.39,-1.24,-0.03,1536076.0,368170677.0,2.07,2.42,2.37,2.38,2.42,1.07,1.74,27.76,1.12,21107776690.0,21107776690.0,-0.42,-0.42,-4.4,5.75
4920,301550,斯菱智驱,85.8,-1.24,-1.08,74565.0,630861018.95,4.86,86.87,82.65,86.74,86.88,0.58,3.63,183.35,16.0,28772922750.0,17610374582.0,0.0,0.08,-20.78,-10.11
4921,603260,合盛硅业,33.21,-1.25,-0.42,96602.0,320470984.0,2.02,33.49,32.81,33.4,33.63,1.07,0.82,126.91,1.33,39261092511.0,39261092511.0,-0.3,-0.33,-12.03,-36.98
4922,300035,中科电气,13.46,-1.25,-0.17,185335.0,248338296.87,2.71,13.59,13.22,13.49,13.63,0.52,3.18,35.68,1.9,9225842992.0,7851907556.0,0.07,0.15,-19.11,-36.03
4923,300331,苏大维格,47.81,-1.26,-0.61,131981.0,616891007.96,8.12,48.63,44.7,47.94,48.42,0.98,5.94,124.74,7.96,12414453894.0,10620074409.0,0.0,0.13,-6.77,47.74
4924,301319,唯特偶,101.22,-1.26,-1.29,94010.0,934150895.6,7.71,103.5,95.6,99.94,102.51,0.61,6.84,177.29,15.34,18468325376.0,13919137423.0,-0.06,0.02,-7.09,167.14
4925,688530,欧莱新材,62.13,-1.26,-0.79,86340.0,527692073.0,8.61,63.63,58.21,61.19,62.92,0.82,12.37,61.1,11.74,9943584915.0,4335354607.0,-0.02,0.08,31.74,277.92
4926,605177,东亚药业,20.38,-1.26,-0.26,40123.0,81640029.0,3.54,20.63,19.9,20.59,20.64,0.56,3.53,-16.6,1.41,2338002037.0,2316235158.0,-0.2,0.0,-10.46,14.49
4927,002119,康强电子,22.75,-1.26,-0.29,251140.0,561138899.96,5.69,22.96,21.65,22.53,23.04,0.74,6.69,67.42,5.93,8537711000.0,8537711000.0,0.0,0.44,6.06,38.47
4928,920169,七丰精工,19.65,-1.26,-0.25,28040.0,55435256.58,5.88,20.5,19.33,19.91,19.9,0.47,5.52,359.01,4.71,1587721769.0,999037165.0,0.15,0.15,-19.04,-37.32
4929,600908,无锡银行,5.46,-1.27,-0.07,185305.0,101569606.0,2.35,5.57,5.44,5.51,5.53,0.99,0.93,4.72,0.52,11982962055.0,10916247151.0,0.0,0.0,0.0,-5.86
4930,600863,华能蒙电,4.67,-1.27,-0.06,1122775.0,520353802.0,2.96,4.72,4.58,4.63,4.73,0.93,1.59,13.17,1.91,36590335245.0,32985728016.0,0.0,-0.21,-39.35,9.62
4931,603688,石英股份,46.7,-1.27,-0.6,111767.0,516854816.0,5.84,47.6,44.84,46.5,47.3,0.9,2.06,138.42,4.32,25296376096.0,25296376096.0,0.0,-0.06,-23.87,27.98
4932,688625,呈和科技,52.28,-1.27,-0.67,42705.0,220327961.0,5.65,53.0,50.01,51.82,52.95,0.72,1.64,52.73,8.26,13575387623.0,13575387623.0,0.38,0.29,-25.63,76.86
4933,001211,双枪科技,23.99,-1.28,-0.31,27962.0,67192676.75,2.02,24.33,23.84,24.19,24.3,0.61,3.0,110.15,2.78,2399000000.0,2239229527.0,0.13,0.21,-24.01,26.0
4934,001301,尚太科技,63.0,-1.28,-0.82,58688.0,366510733.15,3.76,63.79,61.39,63.51,63.82,0.51,2.26,28.73,3.19,22970871126.0,16385658534.0,0.16,0.08,-3.39,3.62
4935,002922,伊戈尔,24.45,-1.29,-0.32,130675.0,316497953.15,5.41,24.9,23.56,24.3,24.77,0.67,3.42,46.21,2.75,10332152492.0,9342953218.0,0.0,0.04,-40.83,-19.36
4936,688138,清溢光电,33.77,-1.29,-0.44,69297.0,230167801.0,6.61,34.25,31.99,33.5,34.21,0.8,2.2,47.72,3.79,10630796000.0,10630796000.0,0.12,0.06,11.09,20.31
4937,300314,戴维医疗,12.29,-1.29,-0.16,114435.0,140140150.6,2.73,12.4,12.06,12.13,12.45,0.45,7.96,73.47,2.87,3539520000.0,1766582396.0,-0.49,-0.49,17.72,-1.68
4938,603979,金诚信,73.37,-1.3,-0.97,65245.0,480770776.0,3.91,75.12,72.21,74.25,74.34,0.9,1.05,19.02,4.15,45767661595.0,45767661595.0,-0.04,-0.03,0.99,-2.81
4939,688593,新相微,31.09,-1.3,-0.41,116792.0,359207489.0,6.76,31.8,29.67,30.9,31.5,0.52,2.54,1213.39,9.28,14286769419.0,14286769419.0,-0.06,0.0,-10.69,54.37
4940,601022,宁波远洋,8.34,-1.3,-0.11,76952.0,64081461.0,2.13,8.45,8.27,8.41,8.45,0.67,0.59,21.72,1.67,12126668897.0,10914002006.0,0.12,0.0,-1.65,-8.45
4941,301005,超捷股份,70.39,-1.3,-0.93,100907.0,692019806.85,7.19,71.13,66.0,68.47,71.32,0.55,5.48,575.66,16.58,13230885562.0,12961340149.0,-0.11,-0.01,-28.81,-36.51
4942,920809,安达科技,7.6,-1.3,-0.1,82893.0,62849737.33,3.38,7.74,7.48,7.66,7.7,1.01,1.81,17.0,2.68,4552780000.0,3489214325.0,0.0,0.26,-8.32,8.26
4943,300450,先导智能,33.4,-1.3,-0.44,234147.0,778399367.69,2.81,33.75,32.8,33.75,33.84,0.83,1.5,34.48,3.21,55918995896.0,52084439724.0,-0.06,0.03,-31.71,-32.8
4944,301583,托伦斯,123.07,-1.31,-1.63,40987.0,502987807.56,4.47,125.7,120.13,122.41,124.7,0.53,13.29,389.75,12.33,22826247274.0,3794417075.0,0.02,0.07,444.56,444.56
4945,600459,贵研铂业,21.07,-1.31,-0.28,233439.0,489980635.0,3.61,21.43,20.66,21.36,21.35,0.56,3.07,24.81,1.92,17346469967.0,16007010856.0,0.0,0.0,0.0,14.76
4946,605088,冠盛股份,20.33,-1.31,-0.27,50214.0,100522463.0,3.88,20.4,19.6,20.0,20.6,1.54,2.5,16.4,1.42,4121420657.0,4090271845.0,0.1,0.1,-39.96,-41.93
4947,300598,诚迈科技,32.35,-1.31,-0.43,132630.0,427751104.95,2.96,32.77,31.8,32.48,32.78,0.5,6.11,-51.42,4.97,7019359321.0,7017393541.0,0.19,-0.31,-6.5,-29.63
4948,603175,超颖电子,88.74,-1.32,-1.19,13124.0,115733674.0,4.0,90.38,86.78,88.27,89.93,0.52,2.89,-101.36,14.53,38781981946.0,4035384058.0,0.0,0.06,2.38,30.42
4949,002718,友邦吊顶,84.52,-1.32,-1.13,11411.0,95442082.0,5.11,85.26,80.88,84.54,85.65,1.14,1.19,-6091.65,11.91,10940930507.0,8132115719.0,-0.01,-0.11,-8.48,135.17
4950,688802,沐曦股份-U,655.25,-1.32,-8.75,8331.0,545855784.0,3.43,666.68,643.88,657.99,664.0,0.82,4.5,-663.09,20.01,262165525000.0,12140861874.0,0.04,0.04,2.77,12.95
4951,300895,铜牛信息,52.92,-1.32,-0.71,41658.0,221000200.38,3.75,54.0,51.99,52.22,53.63,0.44,6.11,-101.31,10.26,7451170768.0,3610621791.0,0.02,0.0,-11.8,19.86
4952,688499,利元亨,35.08,-1.32,-0.47,35138.0,122111204.0,3.77,35.34,34.0,35.18,35.55,0.8,2.08,75.98,2.5,5918996131.0,5918996131.0,0.03,0.0,-37.19,-39.22
4953,300820,英杰电气,51.95,-1.33,-0.7,30052.0,154960325.0,4.73,52.7,50.21,52.1,52.65,0.82,2.69,79.42,4.63,11543504969.0,5807367794.0,0.1,0.12,-18.85,9.25
4954,605168,三人行,46.87,-1.33,-0.63,56340.0,265673597.0,4.76,48.31,46.05,47.5,47.5,0.88,2.67,224.6,3.83,9880992134.0,9880992134.0,0.04,-0.04,-6.84,23.8
4955,600486,扬农化工,54.02,-1.33,-0.73,54175.0,298481406.0,4.46,56.25,53.81,54.74,54.75,1.15,1.34,13.82,1.83,21830126891.0,21830126891.0,-0.06,0.0,-6.64,-21.35
4956,300304,云意电气,11.17,-1.33,-0.15,177192.0,196524170.92,5.12,11.36,10.78,11.15,11.32,0.79,2.08,29.27,2.82,9808865330.0,9522915743.0,-0.18,0.0,-15.51,-3.62
4957,688295,中复神鹰,37.81,-1.33,-0.51,34101.0,128489691.0,3.08,38.31,37.13,37.7,38.32,0.63,0.38,279.34,7.21,34029000000.0,34029000000.0,0.03,0.11,-20.15,15.34
4958,600888,新疆众和,10.39,-1.33,-0.14,677197.0,700628720.0,5.03,10.59,10.06,10.59,10.53,1.16,4.36,15.44,1.24,16136563010.0,16136563010.0,0.1,0.1,-11.12,28.91
4959,300520,科大国创,23.04,-1.33,-0.31,88610.0,199303086.46,5.44,23.17,21.9,22.96,23.35,1.3,3.14,-31.26,4.09,6728394655.0,6502329446.0,0.0,0.04,-34.04,-33.96
4960,000838,*ST发展,2.94,-1.34,-0.04,549913.0,164540051.86,7.72,3.11,2.88,3.0,2.98,1.1,5.22,-32.22,-12.92,3235358780.0,3098071614.0,0.34,0.0,53.93,-4.85
4961,300584,海辰药业,32.35,-1.34,-0.44,45193.0,143681648.0,4.76,32.58,31.02,31.98,32.79,0.98,5.5,60.53,3.62,3882000000.0,2656954704.0,-0.03,-0.09,-6.12,-35.45
4962,300285,国瓷材料,63.24,-1.34,-0.86,680988.0,4256398848.99,6.94,64.67,60.22,61.79,64.1,0.56,7.98,86.91,8.66,63053334429.0,53948335445.0,0.21,0.14,22.92,131.99
4963,920037,广信科技,41.78,-1.35,-0.57,7836.0,32526657.68,2.76,41.99,40.82,41.72,42.35,1.0,1.0,23.38,6.31,5349848406.0,3270869715.0,-0.26,-0.12,-8.7,-29.82
4964,688779,五矿新能,8.04,-1.35,-0.11,223229.0,179472740.0,2.94,8.17,7.93,8.12,8.15,0.52,1.16,20.54,2.12,15510928671.0,15510928671.0,-0.12,0.0,-9.46,7.92
4965,688535,华海诚科,98.2,-1.35,-1.34,42880.0,414819928.0,5.38,99.26,93.9,96.6,99.54,0.67,3.21,260.02,6.56,14069511710.0,13113017294.0,0.0,0.06,-13.97,29.67
4966,300548,长芯博创,196.23,-1.36,-2.71,151347.0,2935492684.38,7.46,200.52,185.67,190.31,198.94,0.8,5.14,89.99,27.68,57849546493.0,57732544748.0,-0.03,0.1,-10.42,38.47
4967,688253,英诺特,54.5,-1.36,-0.75,16992.0,92721442.0,2.99,55.5,53.85,54.76,55.25,0.77,1.24,45.93,3.67,7465645222.0,7465645222.0,0.0,-0.33,-4.5,83.25
4968,605288,凯迪股份,55.99,-1.37,-0.78,12927.0,71802431.0,3.63,56.56,54.5,56.1,56.77,0.74,1.32,-114.29,2.55,5524674451.0,5502611927.0,-0.02,-0.05,-8.42,-11.98
4969,601600,中国铝业,9.37,-1.37,-0.13,1352368.0,1263138881.0,2.74,9.48,9.22,9.42,9.5,0.84,1.02,7.27,2.06,160742081334.0,123715294910.0,0.11,0.11,-15.89,-22.37
4970,920810,春光智能,9.38,-1.37,-0.13,9303.0,8731787.83,3.36,9.53,9.21,9.38,9.51,0.32,1.49,-287.29,3.95,899542000.0,585382772.0,0.0,0.11,-3.79,-28.61
4971,001356,富岭股份,9.32,-1.38,-0.13,85438.0,79170183.91,1.59,9.36,9.21,9.29,9.45,0.82,4.04,93.05,2.72,5492462400.0,1973011380.0,0.22,0.32,-8.18,-27.7
4972,000782,恒申新材,7.88,-1.38,-0.11,165362.0,129010518.51,3.75,7.94,7.64,7.91,7.99,0.81,3.13,-58.29,3.43,5410262291.0,4161740229.0,0.0,-0.13,7.36,58.87
4973,600239,ST云城,1.43,-1.38,-0.02,187292.0,26729284.0,2.76,1.45,1.41,1.44,1.45,1.27,1.17,16.85,2.09,2296132280.0,2296132280.0,-0.69,-0.69,-7.74,-39.15
4974,301202,朗威股份,36.83,-1.39,-0.52,31966.0,116181407.14,4.93,37.14,35.3,36.75,37.35,0.74,4.01,70.5,4.18,5023612000.0,2932312525.0,-0.08,-0.03,-6.59,-8.38
4975,600106,重庆路桥,4.27,-1.39,-0.06,154258.0,65322122.0,3.0,4.3,4.17,4.29,4.33,1.47,1.16,36.88,1.07,5674937015.0,5674937015.0,-0.23,0.0,-19.89,-31.46
4976,002129,TCL中环,9.22,-1.39,-0.13,680929.0,628527095.36,2.14,9.32,9.12,9.25,9.35,0.54,1.69,-5.66,1.86,37277417838.0,37245121451.0,0.11,0.0,-3.56,7.58
4977,603903,中持股份,14.19,-1.39,-0.2,80941.0,114449175.0,3.54,14.4,13.89,14.29,14.39,0.65,3.17,52.52,2.54,3622983421.0,3622983421.0,-0.28,-0.28,22.75,-2.47
4978,605111,新洁能,58.67,-1.39,-0.83,209051.0,1213937525.0,6.5,59.96,56.09,56.44,59.5,0.85,5.03,52.21,5.41,24367561706.0,24367561706.0,-0.02,0.03,-5.16,65.08
4979,920237,力佳科技,11.96,-1.4,-0.17,12191.0,14666151.04,3.87,12.3,11.83,12.01,12.13,1.42,1.31,40.62,2.18,1136583677.0,1115072636.0,0.25,0.34,-31.5,-43.42
4980,000690,宝新能源,4.93,-1.4,-0.07,713110.0,351264686.79,2.0,4.98,4.88,4.94,5.0,1.12,3.28,8.48,0.83,10727127160.0,10720128349.0,0.0,0.0,-18.91,23.56
4981,000513,丽珠集团,25.97,-1.4,-0.37,111862.0,290207677.02,2.35,26.36,25.74,26.05,26.34,0.97,1.97,12.37,1.73,23058949231.0,14741916934.0,-0.04,0.0,-11.88,-21.37
4982,920119,美德乐,50.8,-1.4,-0.72,4793.0,24258374.33,3.71,51.52,49.61,50.83,51.52,1.36,1.74,15.69,2.54,5129406708.0,1400573120.0,0.0,0.06,-8.96,71.85
4983,300756,金马游乐,28.74,-1.41,-0.41,38143.0,109781209.0,2.78,29.12,28.31,29.01,29.15,1.04,1.99,58.27,4.33,6341120198.0,5517964149.0,0.0,0.03,-11.1,-29.11
4984,301209,联合化学,57.97,-1.41,-0.83,24433.0,142169189.61,3.98,59.55,57.21,58.7,58.8,0.61,1.82,506.7,12.13,9089696000.0,7765440914.0,0.0,0.0,-11.08,-27.98
4985,920351,华光源海,12.62,-1.41,-0.18,21402.0,27092061.67,3.83,12.93,12.44,12.91,12.8,0.58,5.37,36.97,2.46,1111007240.0,502785091.0,0.24,0.32,-11.56,-45.44
4986,600111,北方稀土,39.85,-1.41,-0.57,383304.0,1531977636.0,3.29,40.84,39.51,40.0,40.42,0.74,1.06,35.08,5.49,144060373804.0,144060373804.0,-0.03,-0.03,-16.51,-13.35
4987,301382,蜂助手,39.16,-1.41,-0.56,86608.0,337640921.53,5.66,40.15,37.9,39.06,39.72,0.75,3.66,77.03,5.89,11173421101.0,9255723360.0,-0.1,-0.05,-6.96,10.65
4988,301265,华新科技,19.45,-1.42,-0.28,72884.0,141555193.0,5.73,19.99,18.86,19.73,19.73,1.05,2.99,45.56,2.81,5892828390.0,4744499028.0,0.05,-0.05,-27.53,40.84
4989,920252,天宏锂电,15.98,-1.42,-0.23,28945.0,46103229.04,3.52,16.25,15.68,16.0,16.21,1.33,4.24,176.68,6.27,1640357627.0,1090335199.0,0.0,0.06,-26.56,-47.0
4990,601166,兴业银行,18.02,-1.42,-0.26,1199415.0,2170514668.0,2.41,18.42,17.98,18.28,18.28,1.19,0.57,4.0,0.47,381354728424.0,381354728424.0,0.0,0.06,0.45,-9.85
4991,688308,欧科亿,92.76,-1.42,-1.34,64410.0,588587038.0,6.74,94.78,88.44,93.84,94.1,0.71,4.06,18.06,5.27,14728591234.0,14728591234.0,-0.04,-0.04,-31.22,195.51
4992,300174,元力股份,18.75,-1.42,-0.27,111033.0,206203530.34,4.31,18.97,18.15,18.81,19.02,0.79,3.07,41.0,1.98,6828944250.0,6791147981.0,0.11,0.0,-31.29,22.55
4993,688707,振华新材,10.39,-1.42,-0.15,82492.0,86171343.0,2.56,10.61,10.34,10.54,10.54,1.26,1.62,-15.17,1.39,5285810730.0,5285810730.0,0.1,-0.1,-36.02,-24.98
4994,603009,北特科技,44.65,-1.43,-0.65,48320.0,215679225.0,2.87,45.25,43.95,44.27,45.3,0.52,1.39,122.5,7.59,15466305240.0,15466305240.0,-0.11,-0.04,-6.8,-7.02
4995,002384,东山精密,190.84,-1.43,-2.76,553985.0,10599337091.6,5.52,196.99,186.3,187.08,193.6,0.9,4.0,59.11,14.35,349543981407.0,264565637617.0,0.0,-0.03,-0.47,125.45
4996,301655,C绿控,26.6,-1.44,-0.39,207830.0,564623700.94,13.26,28.6,25.02,25.38,26.99,0.71,46.22,51.65,8.16,12119179051.0,1196153801.0,0.08,0.15,212.94,212.94
4997,603557,*ST起步,3.42,-1.44,-0.05,77243.0,26241701.0,3.46,3.45,3.33,3.43,3.47,1.8,1.24,-18.25,38.1,2132154157.0,2132154157.0,-0.87,0.59,-27.39,35.18
4998,002506,协鑫集成,2.74,-1.44,-0.04,5210446.0,1397306147.21,5.4,2.76,2.61,2.69,2.78,1.84,8.92,-21.45,17.03,16029867010.0,16013758481.0,-0.36,-0.36,-21.49,-2.14
4999,603666,亿嘉和,26.08,-1.44,-0.38,43958.0,113793802.0,5.03,26.4,25.07,26.28,26.46,0.71,2.14,-21.11,2.62,5360233354.0,5360233354.0,0.31,0.19,-11.62,-12.19
5000,002859,洁美科技,63.66,-1.44,-0.93,129310.0,814247416.53,6.04,64.98,61.08,64.0,64.59,0.68,3.02,104.81,7.56,28878847365.0,27266545632.0,0.02,0.11,-15.18,131.66
5001,600458,时代新材,11.55,-1.45,-0.17,189053.0,217397359.0,2.82,11.65,11.32,11.61,11.72,0.92,2.18,15.9,1.33,10996902378.0,10038902123.0,0.0,0.0,-7.82,-11.9
5002,300382,斯莱克,17.67,-1.45,-0.26,231505.0,404218860.07,4.74,17.93,17.08,17.81,17.93,0.72,3.57,-131.14,5.03,11457227894.0,11456136383.0,0.06,-0.39,11.98,13.56
5003,601577,长沙银行,9.54,-1.45,-0.14,173124.0,166428094.0,2.69,9.79,9.53,9.69,9.68,0.94,0.43,4.17,0.53,38365622813.0,38357321783.0,-0.1,-0.1,0.85,0.74
5004,600602,云赛智联,18.41,-1.45,-0.27,334511.0,622521483.0,4.12,18.93,18.16,18.28,18.68,0.81,3.11,141.29,5.18,25178868307.0,19777918046.0,0.0,0.05,-0.97,-1.29
5005,301662,宏工科技,70.44,-1.45,-1.04,36241.0,257526579.92,5.55,73.45,69.48,70.06,71.48,1.58,8.13,26.86,5.44,8171040000.0,3141061748.0,0.04,0.07,-27.74,-14.66
5006,603882,金域医学,29.3,-1.45,-0.43,126808.0,372391946.0,3.03,29.81,28.91,29.59,29.73,0.88,2.76,35.68,2.15,13573467458.0,13481943106.0,0.07,0.31,12.39,6.62
5007,301323,新莱福,68.0,-1.45,-1.0,13778.0,93642536.47,4.72,69.88,66.62,68.18,69.0,0.87,2.01,42.29,3.19,7247738520.0,4662261084.0,0.07,-0.1,-12.19,25.51
5008,600015,华夏银行,6.75,-1.46,-0.1,1082134.0,735303636.0,2.63,6.89,6.71,6.85,6.85,1.4,0.7,5.39,0.34,107425767159.0,103863761885.0,0.15,0.15,3.21,4.65
5009,605189,富春染织,14.81,-1.46,-0.22,99386.0,145473173.0,5.32,14.9,14.1,14.8,15.03,0.79,4.17,12.03,1.46,3528259447.0,3528259447.0,0.14,-0.13,1.79,-4.88
5010,601061,中信金属,11.44,-1.46,-0.17,228081.0,264857442.0,5.51,11.97,11.33,11.5,11.61,1.0,0.47,10.49,2.26,56056000000.0,56056000000.0,-0.17,0.0,-10.83,-19.32
5011,603867,新化股份,28.91,-1.47,-0.43,63995.0,184205541.0,2.73,29.21,28.41,29.03,29.34,0.9,2.97,19.38,2.01,6287541740.0,6235503740.0,-0.14,-0.14,-20.79,15.64
5012,301070,开勒股份,63.72,-1.47,-0.95,27934.0,174290900.87,8.15,65.0,59.73,63.83,64.67,0.72,3.29,380.97,10.83,8039828690.0,5404339796.0,-0.3,-0.22,-4.98,44.75
5013,603179,新泉股份,37.52,-1.47,-0.56,178464.0,667032177.0,4.07,38.1,36.55,37.62,38.08,0.74,2.5,33.3,3.39,27583152548.0,26796733348.0,0.0,0.0,-25.72,-28.61
5014,300044,*ST赛为,5.36,-1.47,-0.08,162612.0,87818374.0,3.31,5.5,5.32,5.39,5.44,1.14,2.27,-95.45,-3.58,4094339062.0,3834427168.0,0.19,0.19,-10.67,34.34
5015,688411,海博思创,198.35,-1.47,-2.96,13158.0,260021978.0,3.05,200.72,194.57,198.88,201.31,0.67,0.99,44.42,7.65,36189916721.0,26296107645.0,0.0,0.03,-31.94,-20.17
5016,600490,鹏欣资源,7.34,-1.48,-0.11,645017.0,474491342.0,6.31,7.61,7.14,7.5,7.45,0.99,3.24,36.82,2.58,16242591160.0,14625840973.0,0.14,0.27,-0.54,-4.68
5017,002414,高德红外,13.21,-1.49,-0.2,769895.0,1001548196.44,4.7,13.39,12.76,13.28,13.41,1.31,2.27,38.55,7.62,56416423987.0,44895670214.0,0.08,0.15,1.93,-9.95
5018,600226,亨通股份,5.97,-1.49,-0.09,1243088.0,726127288.0,6.27,6.03,5.65,5.96,6.06,0.91,4.18,96.91,4.76,17757055907.0,17757055907.0,-0.17,-0.17,-1.81,12.01
5019,002512,ST达华,3.97,-1.49,-0.06,178624.0,70679888.0,2.48,4.0,3.9,3.98,4.03,0.68,1.63,30.03,13.45,4376594029.0,4344973575.0,0.0,0.0,-14.44,-36.28
5020,002637,赞宇科技,11.16,-1.5,-0.17,216850.0,242652694.72,6.09,11.56,10.87,11.02,11.33,0.65,4.67,18.84,1.42,5249675160.0,5186843132.0,-0.27,0.09,-5.58,10.17
5021,603608,天创时尚,17.73,-1.5,-0.27,113375.0,199819673.0,5.06,18.01,17.1,17.88,18.0,0.75,2.67,134.69,6.35,7535776297.0,7535776297.0,-0.17,-0.23,-6.49,72.14
5022,000060,中金岭南,6.56,-1.5,-0.1,1028964.0,673677203.95,3.45,6.67,6.44,6.61,6.66,0.99,2.32,14.46,1.48,29134091324.0,29133722324.0,0.0,-0.15,-14.02,13.1
5023,000510,新金路,16.37,-1.5,-0.25,380853.0,614465309.13,6.62,16.7,15.6,16.45,16.62,0.87,6.28,-52.25,10.29,10616658552.0,9930212117.0,0.06,0.0,-10.64,41.36
5024,688048,长光华芯,289.6,-1.5,-4.4,64241.0,1848945711.0,5.83,296.15,279.0,287.52,294.0,0.62,3.64,2849.04,16.94,51050671493.0,51050671493.0,0.0,0.05,-14.82,131.03
5025,603097,江苏华辰,18.98,-1.5,-0.29,18453.0,35137728.0,2.34,19.25,18.8,19.01,19.27,0.7,0.82,8364.19,4.14,4364182775.0,4264365057.0,0.0,-0.05,-4.19,-5.95
5026,002948,青岛银行,5.91,-1.5,-0.09,399123.0,236701161.5,2.33,6.02,5.88,5.99,6.0,0.94,1.13,5.64,0.83,34398296419.0,20816171008.0,0.17,0.17,7.65,37.44
5027,600177,雅戈尔,7.9,-1.5,-0.12,262592.0,207430906.0,2.74,8.05,7.83,8.0,8.02,1.05,0.58,9.91,0.88,36525191026.0,35577191271.0,0.13,0.25,5.9,7.92
5028,601229,上海银行,9.72,-1.52,-0.15,608623.0,594536522.0,2.63,9.95,9.69,9.92,9.87,0.8,0.43,5.45,0.55,138111856524.0,138111856524.0,0.21,0.1,7.52,-1.62
5029,002695,煌上煌,11.03,-1.52,-0.17,155469.0,171620158.36,3.21,11.21,10.85,11.2,11.2,1.73,3.04,35.78,2.21,6172231385.0,5641333032.0,0.36,0.55,-3.75,-5.24
5030,603790,雅运股份,24.0,-1.52,-0.37,27716.0,66565477.0,2.09,24.27,23.76,24.26,24.37,0.39,1.45,36.34,3.52,4592640000.0,4592640000.0,-0.21,-0.41,-4.69,23.97
5031,600000,浦发银行,9.08,-1.52,-0.14,881756.0,804478557.0,2.39,9.28,9.06,9.24,9.22,1.32,0.26,4.89,0.36,302417011764.0,302417011764.0,0.11,0.0,2.02,-24.46
5032,688313,仕佳光子,151.7,-1.53,-2.35,171188.0,2592817854.0,5.26,154.78,146.68,149.0,154.05,0.62,3.79,108.91,39.93,68566325958.0,68566325958.0,-0.06,-0.18,3.9,71.45
5033,688128,中国电研,21.24,-1.53,-0.33,33324.0,70295719.0,2.92,21.44,20.81,21.37,21.57,1.88,0.82,16.29,2.39,8591580000.0,8591580000.0,0.0,0.05,-15.45,-25.55
5034,920117,龙鑫智能,29.67,-1.53,-0.46,33143.0,96146105.15,7.2,30.19,28.02,29.8,30.13,0.73,16.4,31.2,2.56,2665553156.0,599749469.0,0.0,0.13,66.4,66.4
5035,000612,焦作万方,10.94,-1.53,-0.17,256485.0,281412664.98,3.15,11.15,10.8,11.06,11.11,0.89,2.15,6.38,1.78,13042661370.0,13042661370.0,0.09,0.0,-7.13,2.24
5036,601009,南京银行,11.6,-1.53,-0.18,607642.0,710835976.0,2.12,11.85,11.6,11.83,11.78,0.82,0.49,5.25,0.74,143417380042.0,143417380042.0,-0.17,-0.09,5.36,3.48
5037,688150,莱特光电,37.85,-1.53,-0.59,61582.0,229993882.0,4.76,38.2,36.37,37.99,38.44,0.73,1.53,82.82,8.01,15232262592.0,15232262592.0,0.08,0.11,-24.1,40.65
5038,605286,同力天启,26.99,-1.53,-0.42,110707.0,291113923.0,6.35,27.29,25.55,26.86,27.41,1.46,6.59,124.64,2.11,4534320000.0,4534320000.0,0.26,0.63,-24.4,-33.44
5039,600673,东阳光,32.07,-1.54,-0.5,219615.0,701991234.0,3.72,32.56,31.35,31.95,32.57,0.56,0.73,123.97,9.21,96516430742.0,96259962719.0,0.0,-0.03,-10.29,42.98
5040,920149,旭杰科技,7.67,-1.54,-0.12,11844.0,9160779.2,4.49,7.94,7.59,7.73,7.79,1.89,1.87,50.86,4.8,586625991.0,485257913.0,-0.52,-0.13,-15.71,-33.71
5041,603958,哈森股份,22.26,-1.55,-0.35,456149.0,1055211310.0,11.32,24.44,21.88,22.61,22.61,2.11,20.79,70.92,7.5,4882953600.0,4882953600.0,-0.18,0.0,4.46,67.37
5042,603105,芯能科技,7.62,-1.55,-0.12,436722.0,335979300.0,6.07,8.01,7.54,7.75,7.74,4.16,8.73,416.19,1.86,3810086678.0,3810086678.0,0.26,0.13,-15.43,-15.24
5043,601133,柏诚股份,24.81,-1.55,-0.39,89378.0,219413005.0,5.24,25.2,23.88,24.8,25.2,0.73,1.7,105.01,4.37,13055086084.0,13010035119.0,0.0,-0.04,-1.9,61.84
5044,603132,金徽股份,18.46,-1.55,-0.29,78548.0,144971197.0,4.85,18.99,18.08,18.81,18.75,1.02,0.8,22.08,5.88,18053880000.0,18053880000.0,0.49,0.49,8.02,30.83
5045,300738,奥飞数据,20.9,-1.55,-0.33,308733.0,643332937.79,2.03,21.02,20.59,20.9,21.23,0.63,3.13,52.37,5.61,20590765251.0,20584287087.0,-0.05,0.0,-3.73,13.1
5046,002975,博杰股份,107.18,-1.56,-1.7,265231.0,2851208677.67,10.08,114.0,103.02,108.0,108.88,1.9,19.18,84.62,9.48,22307452284.0,14819041094.0,0.07,0.03,-20.65,80.96
5047,601199,江南水务,6.29,-1.56,-0.1,96695.0,60769057.0,2.82,6.42,6.24,6.4,6.39,0.65,1.03,17.05,1.27,5882472737.0,5882472737.0,0.0,0.16,8.64,14.78
5048,688228,开普云,81.15,-1.56,-1.29,22778.0,184929828.0,5.62,83.68,79.05,82.28,82.44,0.81,3.37,-162.56,4.4,5481744174.0,5481744174.0,-0.1,-0.11,-9.83,-58.3
5049,688120,华海清科,262.5,-1.56,-4.16,87603.0,2281119051.0,5.29,268.18,254.07,264.07,266.66,0.86,1.77,115.65,16.37,130273877475.0,130273877475.0,0.36,0.17,50.31,145.33
5050,002104,恒宝股份,11.33,-1.56,-0.18,1128505.0,1288630411.59,8.17,11.89,10.95,11.22,11.51,1.65,18.82,-96.14,3.8,8025607245.0,6794618924.0,0.0,-0.09,-6.83,-47.5
5051,688065,凯赛生物,43.31,-1.57,-0.69,48701.0,209315756.0,2.55,43.47,42.35,42.84,44.0,0.95,0.83,41.91,1.76,31239060978.0,25266102869.0,0.05,0.05,8.41,-12.24
5052,920186,中科仪,72.96,-1.57,-1.16,25520.0,184044894.25,3.85,73.4,70.55,73.29,74.12,0.61,2.18,23.8,4.77,16331300736.0,8541846209.0,0.07,0.01,-23.22,350.09
5053,300726,宏达电子,51.48,-1.57,-0.82,89402.0,452974221.14,6.18,52.28,49.05,51.26,52.3,0.82,4.17,56.42,4.42,21201515221.0,11039290016.0,0.0,0.04,-12.98,3.15
5054,600483,福能股份,10.66,-1.57,-0.17,148699.0,159779228.0,3.42,10.98,10.61,10.78,10.83,0.98,0.53,11.16,1.07,29636362852.0,29636362852.0,-0.19,-0.19,-4.91,16.89
5055,002586,ST围海,4.38,-1.57,-0.07,94801.0,41339617.0,4.72,4.48,4.27,4.47,4.45,0.88,0.87,336.6,1.57,5011699867.0,4763328853.0,0.23,0.46,0.92,-2.45
5056,601678,滨化股份,6.23,-1.58,-0.1,823128.0,513028961.0,3.0,6.33,6.14,6.26,6.33,0.87,4.03,25.62,1.29,15007834979.0,12729984999.0,0.0,0.0,11.45,48.33
5057,301680,固德电材,96.6,-1.58,-1.55,11578.0,111441754.15,4.06,98.18,94.2,95.84,98.15,1.04,6.89,40.52,4.43,7998480000.0,1623119568.0,0.0,0.39,-16.9,67.85
5058,300295,*ST三六,12.45,-1.58,-0.2,39259.0,49559979.0,3.79,12.87,12.39,12.58,12.65,1.04,2.34,456.62,2.18,2360690739.0,2087608480.0,0.0,0.0,5.78,-0.64
5059,300767,震安科技,18.0,-1.59,-0.29,71455.0,126896316.0,6.4,18.37,17.2,18.3,18.29,0.68,2.98,506.6,3.25,4973238504.0,4318053678.0,-0.06,-0.11,-8.21,-13.46
5060,300983,尤安设计,38.73,-1.6,-0.63,10715.0,41034036.66,3.33,39.08,37.77,38.05,39.36,1.0,0.7,-224.87,2.43,6692544000.0,5918340518.0,-0.54,1.33,10.69,44.51
5061,603928,兴业股份,12.26,-1.61,-0.2,99404.0,120330593.0,3.69,12.31,11.85,12.23,12.46,0.73,2.92,32.83,2.64,4177031040.0,4177031040.0,0.0,0.08,3.46,0.08
5062,600506,统一股份,15.28,-1.61,-0.25,137736.0,209014261.0,3.03,15.47,15.0,15.03,15.53,1.97,5.52,27.5,7.54,3814264102.0,3814264102.0,0.07,0.0,-15.77,-24.09
5063,000983,山西焦煤,7.32,-1.61,-0.12,1132061.0,837056104.47,3.36,7.54,7.29,7.38,7.44,1.23,1.99,12.86,1.14,41556379752.0,41556124833.0,-0.14,0.14,1.53,15.64
5064,000039,中集集团,9.1,-1.62,-0.15,262887.0,239802977.99,2.7,9.28,9.03,9.19,9.25,0.65,1.14,58.71,1.06,49071935504.0,20942804983.0,-0.22,-0.11,-14.47,-8.27
5065,688197,首药控股-U,35.61,-1.63,-0.59,17237.0,61455813.0,5.36,36.8,34.86,34.86,36.2,0.51,2.69,-87.73,7.96,5295895804.0,2279213848.0,0.06,-0.2,-1.33,2.5
5066,605100,华丰股份,33.21,-1.63,-0.55,47616.0,163059533.0,6.22,35.1,33.0,33.97,33.76,1.22,2.0,153.91,4.41,7937920620.0,7900818408.0,0.0,0.06,-9.16,3.39
5067,000672,上峰材料,13.82,-1.64,-0.23,181143.0,249101695.45,3.91,14.03,13.48,13.89,14.05,1.06,1.87,4.91,1.35,13397045119.0,13397045119.0,-0.07,-0.14,-16.95,10.38
5068,002816,*ST和科,24.06,-1.64,-0.4,12470.0,29945137.0,2.86,24.38,23.68,24.34,24.46,0.87,1.25,-65.79,10.74,2406000000.0,2406000000.0,0.0,-0.12,-3.02,7.08
5069,600760,中航沈飞,44.32,-1.64,-0.74,111161.0,495432474.0,1.6,45.04,44.32,45.0,45.06,0.82,0.39,190.41,5.46,125644072382.0,125405773492.0,-0.07,-0.07,1.19,-20.5
5070,300497,富祥股份,16.74,-1.65,-0.28,188402.0,314841213.29,2.7,16.96,16.5,16.89,17.02,0.69,4.13,25.48,3.86,9016983155.0,7637835656.0,0.06,0.0,9.13,11.16
5071,605318,法狮龙,73.9,-1.65,-1.24,9861.0,72354785.0,3.67,74.84,72.08,73.2,75.14,0.62,0.78,-353.19,14.81,9291375169.0,9291375169.0,-0.15,-0.18,-20.49,13.4
5072,688073,毕得医药,65.0,-1.66,-1.1,53640.0,343286116.0,5.73,65.8,62.01,64.55,66.1,0.87,5.9,31.54,2.95,5907391620.0,5907391620.0,-0.2,0.29,32.98,8.42
5073,688419,耐科装备,55.84,-1.66,-0.94,74454.0,408454314.0,7.41,56.79,52.58,56.51,56.78,1.3,6.5,64.96,6.14,6396565197.0,6396565197.0,0.0,0.09,16.53,102.39
5074,300385,ST雪浪,12.41,-1.66,-0.21,39824.0,49753641.08,2.54,12.67,12.35,12.5,12.62,0.68,1.37,-27.94,-723.99,4134341016.0,3607123276.0,-0.24,-0.24,-15.29,99.52
5075,688785,恒运昌,268.95,-1.66,-4.55,4460.0,117759023.0,7.53,272.6,252.01,267.0,273.5,0.72,3.29,258.9,8.36,18208368988.0,3642779290.0,-0.02,0.35,-19.04,194.32
5076,001257,盛龙股份,25.54,-1.66,-0.43,268780.0,681148347.78,4.89,26.0,24.73,25.36,25.97,1.64,19.63,33.24,6.09,46890183866.0,3497651614.0,-0.04,-0.04,3.15,232.99
5077,688153,唯捷创芯,24.79,-1.67,-0.42,64662.0,156677415.0,6.62,25.03,23.36,24.26,25.21,1.7,1.55,-55.84,2.46,10667459468.0,10366316151.0,-0.2,-0.32,-13.59,-34.0
5078,002245,蔚蓝锂芯,17.65,-1.67,-0.3,463462.0,812234528.6,4.18,17.95,17.2,17.95,17.95,0.64,2.88,29.54,3.79,30184533576.0,28400592726.0,0.06,0.11,-12.97,47.58
5079,002064,华峰化学,11.2,-1.67,-0.19,317335.0,358069707.78,3.78,11.53,11.1,11.34,11.39,0.67,0.64,14.02,1.93,55580491646.0,55462294406.0,0.0,0.0,11.22,2.75
5080,301613,新铝时代,35.88,-1.67,-0.61,13600.0,48256280.0,3.43,35.98,34.73,35.05,36.49,1.35,1.62,34.74,3.21,5161023942.0,3010376742.0,0.0,0.06,-16.31,-29.65
5081,600500,中化国际,5.28,-1.68,-0.09,1136096.0,597444880.0,3.54,5.36,5.17,5.27,5.37,0.64,3.17,-33.72,1.86,18946257280.0,18946257280.0,0.0,0.0,-7.37,34.69
5082,300763,锦浪科技,61.6,-1.68,-1.05,78250.0,479756145.91,3.81,62.4,60.01,62.15,62.65,0.83,2.43,99.88,2.73,24436213278.0,19810238694.0,-0.19,-0.02,-47.57,-13.5
5083,603838,*ST四通,11.66,-1.69,-0.2,42826.0,49877915.0,5.14,11.99,11.38,11.87,11.86,0.84,1.34,-78.09,4.25,3731386560.0,3731386560.0,0.0,-0.77,24.97,55.88
5084,920046,亿能电力,19.76,-1.69,-0.34,21035.0,41662098.34,2.19,19.99,19.55,19.87,20.1,0.7,3.76,76.89,7.99,1998724000.0,1105118251.0,-0.05,-0.2,-39.11,47.79
5085,301031,中熔电气,89.74,-1.7,-1.55,22388.0,199034806.09,3.38,90.64,87.55,90.64,91.29,1.15,1.95,28.8,8.07,13115891638.0,10311013197.0,-0.01,0.16,-21.4,18.75
5086,301092,争光股份,43.94,-1.7,-0.76,25506.0,110795742.59,5.23,44.84,42.5,44.71,44.7,0.88,4.19,83.58,3.04,5911480379.0,2677678730.0,0.32,0.18,-12.37,25.9
5087,301090,华润材料,6.9,-1.71,-0.12,281780.0,193592109.88,3.42,7.0,6.76,6.99,7.02,2.19,1.92,20.08,1.58,10149439742.0,10149439742.0,0.15,0.44,-5.22,-1.99
5088,603345,安井食品,77.25,-1.71,-1.34,107386.0,826622264.0,3.75,78.54,75.59,78.54,78.59,1.95,3.66,15.66,1.63,25746569997.0,22656979422.0,0.01,0.04,-21.63,-0.77
5089,300274,阳光电源,109.59,-1.71,-1.91,238070.0,2608411547.18,2.35,111.0,108.38,111.0,111.5,0.61,1.5,24.79,4.81,227203239956.0,173977048204.0,-0.02,0.05,-37.02,-35.67
5090,301051,信濠光电,17.86,-1.71,-0.31,139436.0,250006878.49,4.4,18.35,17.55,17.99,18.17,0.95,6.17,-23.23,2.6,5076898567.0,4033450892.0,0.06,0.22,2.0,27.57
5091,688456,有研粉材,79.39,-1.72,-1.39,55759.0,434439089.0,6.62,80.38,75.03,78.38,80.78,0.69,5.38,67.92,6.52,8229567400.0,8229567400.0,0.04,0.09,4.76,2.49
5092,002726,ST龙大,2.85,-1.72,-0.05,1376976.0,407693400.53,10.34,3.09,2.79,2.85,2.9,1.0,10.12,-976.11,3.36,3879233624.0,3876899474.0,-0.35,0.35,61.93,-30.66
5093,600916,中国黄金,7.98,-1.72,-0.14,881110.0,715841987.0,7.02,8.5,7.93,8.25,8.12,1.33,5.24,20.47,1.9,13406400000.0,13406400000.0,0.0,-0.13,1.53,-0.25
5094,301171,易点天下,34.3,-1.72,-0.6,393971.0,1344523184.36,4.7,35.0,33.36,34.96,34.9,0.74,7.85,135.21,5.56,21215270026.0,17214643872.0,-0.17,-0.23,-26.13,10.15
5095,920522,纳科诺尔,18.32,-1.72,-0.32,50009.0,91932799.09,4.02,18.9,18.15,18.73,18.64,1.03,2.75,86.64,3.75,4020342467.0,3334683710.0,-0.05,0.11,-45.86,-57.94
5096,301292,海科新源,65.21,-1.73,-1.15,72258.0,466112566.05,3.99,65.8,63.15,65.2,66.36,0.68,8.48,18.04,5.08,14528512683.0,5555184928.0,-0.29,-0.12,-9.49,1.24
5097,603826,坤彩科技,15.8,-1.74,-0.28,78151.0,123801197.0,3.42,16.15,15.6,16.09,16.08,1.34,0.92,45.29,7.59,13457808000.0,13457808000.0,0.06,0.19,-33.64,21.91
5098,688793,倍轻松,19.8,-1.74,-0.35,23928.0,47873349.0,4.02,20.5,19.69,19.97,20.15,0.8,2.81,-36.16,7.55,1683061756.0,1683061756.0,-0.2,-0.5,2.75,-9.17
5099,300545,联得装备,33.6,-1.75,-0.6,172258.0,567859843.76,8.16,34.17,31.38,33.79,34.2,1.03,14.41,57.32,2.89,6231502234.0,4017180216.0,0.09,0.03,-0.41,9.84
5100,002241,歌尔股份,23.07,-1.75,-0.41,851458.0,1959858081.43,4.0,23.62,22.68,23.49,23.48,0.81,2.71,27.95,2.16,81950896076.0,72571537798.0,0.0,0.0,-12.94,-19.14
5101,002721,金一文化,2.8,-1.75,-0.05,1572442.0,439493909.0,4.91,2.88,2.74,2.82,2.85,1.03,5.91,55.02,3.46,7446260122.0,7446260122.0,0.0,0.0,1.82,-11.11
5102,688729,屹唐股份,22.89,-1.76,-0.41,274206.0,621293468.0,5.15,23.23,22.03,22.9,23.3,0.95,1.57,106.14,7.57,67652768400.0,40017146464.0,0.04,0.04,-5.3,-6.38
5103,002469,三维化学,6.66,-1.77,-0.12,318068.0,208219172.01,6.34,6.82,6.39,6.61,6.78,1.24,5.06,60.84,1.69,4321425116.0,4189039507.0,-0.15,-0.3,1.52,-18.28
5104,688726,拉普拉斯,46.19,-1.77,-0.83,136111.0,615721104.0,9.89,47.49,42.84,47.49,47.02,1.5,6.19,29.6,4.36,18722016670.0,10158311454.0,-0.17,-0.19,-19.5,29.42
5105,001283,豪鹏科技,44.45,-1.77,-0.8,56036.0,244151128.61,5.75,44.9,42.3,44.35,45.25,1.77,5.42,23.44,1.59,5764281334.0,4596081016.0,-0.07,0.09,-18.86,-17.16
5106,600667,太极实业,19.94,-1.77,-0.36,1691266.0,3343860868.0,6.55,20.38,19.05,19.5,20.3,0.69,8.09,80.75,4.85,41705351029.0,41705351029.0,0.0,-0.1,47.49,152.09
5107,920125,鸿仕达,117.86,-1.78,-2.14,11080.0,128696833.8,5.98,119.85,112.68,117.69,120.0,0.63,4.84,138.15,9.38,6619017600.0,2698819449.0,-0.03,0.07,-33.22,611.29
5108,688676,金盘科技,74.0,-1.79,-1.35,112519.0,829817901.0,4.09,75.1,72.02,74.66,75.35,0.62,2.45,56.21,6.67,34024133512.0,34024133512.0,0.0,0.09,-26.51,-17.47
5109,002534,西子洁能,14.83,-1.79,-0.27,83385.0,123230187.03,4.24,15.09,14.45,14.95,15.1,1.02,1.01,-123.1,2.26,12396918675.0,12240163187.0,0.07,0.0,-26.03,-11.04
5110,601212,白银有色,6.58,-1.79,-0.12,6886997.0,4646263147.0,10.15,7.13,6.45,7.13,6.7,3.41,9.3,81.22,3.07,48723416282.0,48723416282.0,-0.3,-0.3,4.78,12.48
5111,601702,华峰铝业,15.84,-1.8,-0.29,84817.0,134637594.0,2.48,16.08,15.68,15.93,16.13,0.53,0.85,14.19,2.36,15816724704.0,15816724704.0,0.19,0.19,-20.64,-21.47
5112,688123,聚辰股份,130.03,-1.8,-2.38,70595.0,907031871.0,6.17,132.17,124.0,130.72,132.41,0.62,4.44,19.67,6.62,20662101047.0,20662101047.0,-0.09,-0.19,1.85,4.12
5113,603150,万朗磁塑,51.93,-1.8,-0.95,10299.0,53847950.0,3.31,53.04,51.29,51.99,52.88,0.77,1.2,41.31,2.57,4439132190.0,4439132190.0,0.04,0.1,-18.52,37.38
5114,600821,金开新能,5.97,-1.81,-0.11,612780.0,363272487.0,2.14,5.99,5.86,5.9,6.08,0.78,3.11,-152.93,1.3,11744929969.0,11744929969.0,0.17,0.17,-26.75,17.06
5115,300244,迪安诊断,19.46,-1.82,-0.36,339923.0,653584934.15,5.2,19.85,18.82,19.84,19.82,0.9,6.78,26.17,1.87,12162099825.0,9758197754.0,-0.56,-0.41,9.02,25.47
5116,002083,孚日股份,10.2,-1.83,-0.19,313577.0,318948009.08,2.69,10.3,10.02,10.25,10.39,0.53,3.31,11.98,2.0,9655717922.0,9652344782.0,0.1,0.29,5.37,-12.14
5117,688110,东芯股份,113.97,-1.83,-2.13,176689.0,1996754472.0,4.16,114.93,110.1,112.81,116.1,0.87,3.99,38.24,12.13,50417751252.0,50417751252.0,0.01,0.08,-9.21,-13.23
5118,000833,粤桂股份,20.88,-1.83,-0.39,221477.0,466243247.75,3.53,21.55,20.8,21.0,21.27,0.71,4.88,12.63,3.76,16747476774.0,9473394894.0,0.05,0.0,-12.34,8.3
5119,603733,仙鹤股份,20.75,-1.84,-0.39,56336.0,117667517.0,2.51,21.25,20.72,21.08,21.14,0.54,0.69,16.9,1.65,16958004523.0,16958004523.0,0.0,0.05,-12.19,-11.59
5120,688097,博众精工,47.47,-1.86,-0.9,64257.0,301864504.0,5.83,48.37,45.55,48.11,48.37,0.73,1.44,41.21,4.18,21202369405.0,21202369405.0,0.06,0.0,-19.34,26.25
5121,601211,国泰海通,17.31,-1.87,-0.33,898834.0,1564554591.0,2.72,17.72,17.24,17.67,17.64,0.9,0.67,7.51,0.92,304328113080.0,232804336855.0,-0.06,0.0,11.53,-14.31
5122,688359,三孚新科,92.8,-1.88,-1.78,39997.0,364134057.0,7.79,94.6,87.23,93.64,94.58,0.86,4.01,415.23,12.56,9250317642.0,9250317642.0,0.05,0.3,-30.74,39.28
5123,300096,ST易联众,9.39,-1.88,-0.18,38694.0,36288699.85,4.08,9.66,9.27,9.66,9.57,0.93,0.9,-36.26,12.11,4037700000.0,4037700000.0,0.0,0.11,4.33,26.38
5124,301392,汇成真空,170.92,-1.89,-3.29,43996.0,740441349.13,6.69,172.66,161.0,171.49,174.21,1.0,10.78,155.42,22.87,17092000000.0,6972837108.0,0.24,0.11,2.66,32.56
5125,688656,浩欧博,93.07,-1.91,-1.81,7122.0,65846411.0,3.26,93.96,90.87,93.11,94.88,0.57,1.12,177.23,7.11,5911678056.0,5911678056.0,-0.95,-0.79,-16.24,-39.41
5126,300346,南大光电,54.95,-1.91,-1.07,284383.0,1544085793.02,5.18,55.69,52.79,55.34,56.02,0.72,4.34,76.45,11.15,37979071820.0,36046652753.0,0.02,0.02,11.44,28.93
5127,003000,劲仔食品,9.76,-1.91,-0.19,118727.0,114056591.44,3.82,9.8,9.42,9.8,9.95,2.79,3.85,20.68,3.19,4400726992.0,3006668479.0,0.0,0.1,-9.38,-11.99
5128,688721,龙图光罩,41.19,-1.91,-0.8,28951.0,117852281.0,5.76,41.8,39.38,41.0,41.99,0.68,5.25,134.58,4.49,5498865000.0,2271764015.0,0.46,0.02,-2.28,-11.48
5129,920304,迪尔化工,9.7,-1.92,-0.19,58736.0,58777733.48,8.8,10.4,9.53,9.8,9.89,1.5,4.34,49.85,3.11,1644518600.0,1313669526.0,0.21,0.41,-3.87,-28.15
5130,920206,彩客科技,46.5,-1.92,-0.91,62041.0,311026639.2,21.28,55.99,45.9,46.0,47.41,1.75,22.54,19.35,3.77,3326899556.0,1279917290.0,0.09,-1.44,53.57,53.57
5131,002884,凌霄泵业,15.73,-1.93,-0.31,42241.0,66430170.87,2.62,15.92,15.5,15.81,16.04,2.37,1.54,13.23,2.48,5626345867.0,4318782774.0,0.06,0.06,-6.09,-5.75
5132,001360,南矿集团,17.83,-1.93,-0.35,103384.0,181251933.92,5.83,18.17,17.11,18.0,18.18,1.38,8.24,70.26,2.62,3637320000.0,2237386032.0,-0.06,0.22,-10.98,-16.49
5133,300721,怡达股份,22.3,-1.93,-0.44,88305.0,194976347.0,4.18,22.55,21.6,22.13,22.74,0.9,6.38,59.7,3.3,3676082280.0,3086227321.0,-0.13,-0.04,-33.23,75.18
5134,920111,聚星科技,28.53,-1.93,-0.56,24046.0,69006705.9,3.44,29.36,28.36,29.06,29.09,0.58,3.19,12.05,4.02,4426557885.0,2147970206.0,-0.21,-0.21,-12.48,22.82
5135,688826,频准激光,960.0,-1.94,-19.0,14462.0,1412968863.0,5.93,1008.98,950.95,957.0,979.0,0.48,18.98,343.58,17.18,38400000000.0,7313051520.0,0.0,-0.72,413.7,413.7
5136,002167,东方锆业,16.19,-1.94,-0.32,581323.0,948865029.25,7.75,17.01,15.73,16.53,16.51,0.99,7.63,78.13,6.84,12541960727.0,12339964945.0,0.0,-0.18,24.44,31.09
5137,300054,鼎龙股份,72.19,-1.94,-1.43,243614.0,1735257967.56,4.6,72.75,69.36,72.69,73.62,0.86,3.27,68.65,12.84,68914447547.0,53740185202.0,0.06,0.1,9.84,92.51
5138,600378,昊华科技,43.34,-1.95,-0.86,372832.0,1604294522.0,4.95,44.2,42.01,42.51,44.2,0.73,3.48,45.38,3.09,55908583531.0,46484982832.0,0.21,0.18,7.04,37.28
5139,688617,惠泰医疗,253.52,-1.95,-5.05,17714.0,453065680.0,4.17,262.79,252.02,258.49,258.57,0.7,1.25,33.39,11.62,35880473150.0,35880473150.0,0.36,0.28,23.92,4.64
5140,688469,芯联集成-U,8.51,-1.96,-0.17,997117.0,849806220.0,3.0,8.62,8.36,8.58,8.68,0.73,1.7,128.15,5.34,71336667834.0,49951998000.0,0.12,0.0,10.95,27.2
5141,000710,贝瑞基因,9.51,-1.96,-0.19,406707.0,385953411.3,4.85,9.8,9.33,9.61,9.7,1.29,12.12,-38.25,2.36,3361989132.0,3190865175.0,-0.11,0.11,5.9,-15.77
5142,688114,华大智造,69.18,-1.96,-1.38,154940.0,1078653506.0,6.7,71.9,67.17,69.21,70.56,0.93,3.73,-91.47,4.09,28814587603.0,28753810828.0,-0.03,-0.12,41.68,13.86
5143,920152,昆工科技,12.52,-1.96,-0.25,7914.0,9993790.68,2.9,12.87,12.5,12.8,12.77,0.76,0.96,-12.74,9.3,1378498324.0,1027916201.0,0.08,-0.79,-35.1,-43.6
5144,600536,中国软件,32.55,-1.96,-0.65,248614.0,809703263.0,3.04,33.2,32.19,33.0,33.2,0.45,2.95,-103.08,8.65,30394753309.0,27460999382.0,-0.03,0.03,-14.95,-29.7
5145,920699,海达尔,80.0,-1.96,-1.6,10320.0,80474304.5,6.36,80.39,75.2,79.96,81.6,0.94,3.53,134.24,14.89,5110033600.0,2338033600.0,0.54,0.59,63.07,139.31
5146,002237,恒邦股份,14.89,-1.97,-0.3,461528.0,692709028.17,5.33,15.45,14.64,15.4,15.19,1.02,3.87,15.83,1.55,21292259375.0,17754180959.0,0.0,0.0,10.79,12.04
5147,603529,爱玛科技,21.37,-1.97,-0.43,88746.0,189546319.0,3.53,21.87,21.1,21.42,21.8,1.58,1.04,13.89,1.89,18468981641.0,18180867732.0,0.05,-0.09,-4.3,-26.71
5148,300438,鹏辉能源,60.6,-1.97,-1.22,132190.0,803853751.24,3.22,61.99,60.0,61.81,61.82,0.68,3.27,23.57,5.38,30502607616.0,24492352823.0,-0.07,0.03,-21.97,14.0
5149,688697,纽威数控,14.4,-1.97,-0.29,60141.0,86339973.0,3.88,14.6,14.03,14.51,14.69,0.62,0.94,34.58,5.4,9219840941.0,9219840941.0,-0.07,0.14,-0.62,35.08
5150,920019,铜冠矿建,14.33,-1.98,-0.29,17413.0,25109574.81,4.72,14.81,14.12,14.62,14.62,1.03,1.04,45.08,3.3,3013121811.0,2400786094.0,-0.14,0.0,-17.55,-31.3
5151,301251,威尔高,46.96,-1.98,-0.95,63104.0,294049274.04,4.01,47.64,45.72,47.27,47.91,0.61,8.35,99.96,5.72,8854969479.0,3549693627.0,0.02,0.19,-6.38,25.86
5152,300671,富满微,55.0,-1.98,-1.11,109659.0,599575140.32,5.11,55.95,53.08,55.46,56.11,0.8,4.97,67.17,7.27,12176255300.0,12143172525.0,0.04,-0.11,22.49,72.47
5153,688205,德科立,152.9,-1.99,-3.1,66816.0,1017322526.0,4.01,155.86,149.6,151.0,156.0,0.48,4.2,123.9,9.92,24347411915.0,24347411915.0,0.0,0.0,-30.5,11.22
5154,002407,多氟多,33.88,-2.0,-0.69,1014449.0,3410138011.38,4.89,34.38,32.69,34.17,34.57,0.66,9.39,39.4,4.65,40331855438.0,36621511868.0,0.03,0.03,-1.57,0.47
5155,601011,宝泰隆,2.94,-2.0,-0.06,1435791.0,417663296.0,3.67,2.97,2.86,2.9,3.0,0.97,7.5,-23.91,1.05,5632053745.0,5632053745.0,-0.34,-1.01,-0.68,-13.53
5156,300827,上能电气,25.52,-2.0,-0.52,79174.0,202120650.82,3.11,26.09,25.28,25.92,26.04,0.72,1.81,36.32,3.35,14206769096.0,11140507818.0,0.0,0.0,-23.87,-25.16
5157,002483,润邦股份,5.35,-2.01,-0.11,201911.0,105906300.0,4.76,5.37,5.11,5.19,5.46,1.51,2.28,20.33,1.05,4742606010.0,4736091775.0,0.38,0.0,-7.6,-23.46
5158,601919,中远海控,17.07,-2.01,-0.35,1341843.0,2300184209.0,2.53,17.42,16.98,17.4,17.42,1.1,1.07,11.09,1.14,260626859013.0,214340085993.0,0.0,0.06,18.38,15.81
5159,300942,易瑞生物,6.84,-2.01,-0.14,274623.0,188069021.5,5.16,7.05,6.69,6.9,6.98,2.02,6.78,-67.52,3.37,2770732802.0,2770732802.0,-0.15,-0.15,-0.58,-27.16
5160,601121,宝地矿业,7.27,-2.02,-0.15,167590.0,121969783.0,3.37,7.45,7.2,7.39,7.42,1.39,2.09,48.4,1.66,7155444778.0,5816000000.0,0.14,0.14,10.99,-0.55
5161,920058,华洋赛车,28.56,-2.02,-0.59,3371.0,9726618.45,3.09,29.3,28.4,29.0,29.15,0.29,1.22,52.19,4.76,1600962502.0,788095721.0,0.39,-0.87,16.29,-17.02
5162,301487,盟固利,16.4,-2.03,-0.34,180368.0,294192350.25,5.14,16.85,15.99,16.58,16.74,1.68,3.92,94.86,3.91,7537709583.0,7537709583.0,0.06,0.24,-34.66,-25.18
5163,688286,敏芯股份,46.18,-2.04,-0.96,59560.0,269913951.0,7.0,46.8,43.5,45.91,47.14,0.63,7.61,-87.71,3.49,3616518400.0,3616518400.0,0.02,0.11,0.83,-18.0
5164,603629,利通电子,119.3,-2.04,-2.48,280554.0,3345357251.0,5.47,122.32,115.66,117.1,121.78,0.67,7.78,40.32,20.37,43750650400.0,43034301620.0,0.0,0.13,-22.89,534.57
5165,600234,科新发展,20.66,-2.04,-0.43,21118.0,43481684.0,3.84,21.0,20.19,20.98,21.09,1.07,0.8,7717.89,12.0,5423683302.0,5423683302.0,-0.1,0.05,-19.49,60.78
5166,301013,利和兴,39.43,-2.06,-0.83,209454.0,806619455.44,8.92,40.2,36.61,39.01,40.26,0.83,11.07,-126.59,14.64,9216488698.0,7461797786.0,0.03,-0.1,-14.84,40.77
5167,920270,天铭科技,12.34,-2.06,-0.26,8655.0,10828916.52,3.89,12.79,12.3,12.53,12.6,0.47,1.06,53.95,3.17,1290961440.0,1003020707.0,-0.8,-0.24,-18.01,-51.82
5168,300457,赢合科技,20.82,-2.07,-0.44,191573.0,401921311.5,4.84,21.63,20.6,21.5,21.26,1.49,3.02,19.15,1.89,13432635691.0,13216426924.0,0.0,-0.14,-21.02,-25.03
5169,300765,石药创新,44.29,-2.1,-0.95,316509.0,1386741435.99,4.55,44.7,42.64,44.0,45.24,0.69,2.25,24.66,15.8,62209421490.0,62209421490.0,-0.14,-0.16,70.67,22.79
5170,688512,慧智微-U,13.46,-2.11,-0.29,91871.0,124038546.0,3.56,13.69,13.2,13.68,13.75,0.73,2.83,-23.95,3.99,6365187536.0,4368716184.0,-0.15,-0.15,0.67,20.61
5171,001359,平安电工,86.81,-2.11,-1.87,36717.0,314166238.86,4.63,87.71,83.6,87.65,88.68,0.68,6.09,84.06,10.14,20934588636.0,5233842785.0,0.05,-0.06,24.26,59.84
5172,603209,兴通股份,14.34,-2.12,-0.31,82688.0,119002887.0,2.8,14.69,14.28,14.56,14.65,0.82,2.57,10.94,1.36,4660500000.0,4610189501.0,-0.14,-0.21,4.22,-4.08
5173,603162,海通发展,11.96,-2.13,-0.26,327764.0,399009778.0,5.81,12.64,11.93,12.13,12.22,1.01,7.76,15.71,3.37,16443715257.0,5051271663.0,0.17,0.08,3.91,48.2
5174,603977,国泰集团,11.51,-2.13,-0.25,96737.0,109751294.0,4.51,11.54,11.01,11.3,11.76,1.49,1.56,36.49,2.08,7150493440.0,7150493440.0,-0.09,0.0,-25.02,-16.41
5175,600338,西藏珠峰,13.63,-2.15,-0.3,411984.0,562506671.0,4.45,13.98,13.36,13.91,13.93,0.95,4.51,17.55,2.62,12460684590.0,12460684590.0,0.0,0.07,-23.68,-9.25
5176,600058,五矿发展,10.01,-2.15,-0.22,97351.0,97583293.0,3.42,10.25,9.9,10.22,10.23,1.11,0.91,157.8,2.22,10729826217.0,10729826217.0,0.1,0.1,-0.5,-12.88
5177,000778,新兴铸管,3.64,-2.15,-0.08,820979.0,297773441.71,2.69,3.68,3.58,3.61,3.72,2.14,2.11,19.41,0.55,14425983517.0,14172162696.0,0.0,0.0,-16.89,-11.44
5178,600352,浙江龙盛,12.66,-2.16,-0.28,396687.0,505494566.0,3.63,13.0,12.53,12.81,12.94,0.95,1.22,20.51,1.28,41187181348.0,41187181348.0,-0.16,-0.16,17.33,24.0
5179,688502,茂莱光学,427.12,-2.17,-9.48,17652.0,738692394.0,7.21,434.76,403.28,422.0,436.6,0.87,3.34,-507.57,19.14,22552255486.0,22552255486.0,-0.11,0.03,-1.29,7.11
5180,300040,九洲集团,5.86,-2.17,-0.13,389562.0,221604829.95,5.51,5.87,5.54,5.8,5.99,1.37,7.49,80.74,1.45,3770385155.0,3049301056.0,0.17,0.17,-26.29,-2.33
5181,000408,藏格矿业,75.72,-2.17,-1.68,122755.0,937548415.28,4.74,78.85,75.18,78.8,77.4,0.84,0.78,16.33,6.91,118798225173.0,118796975793.0,-0.07,-0.08,-0.43,-8.66
5182,300480,光力科技,31.98,-2.17,-0.71,162889.0,513851304.6,6.06,32.48,30.5,32.16,32.69,0.88,6.29,79.82,6.6,11839718748.0,8282765378.0,0.03,-0.03,-1.54,91.38
5183,300432,富临精工,15.7,-2.18,-0.35,266272.0,418341867.35,3.12,16.0,15.5,15.88,16.05,0.84,1.57,33.09,5.67,26843235799.0,26543949824.0,0.06,0.13,-32.91,-5.42
5184,688783,西安奕材-U,30.92,-2.18,-0.69,273342.0,829096066.0,6.9,31.45,29.27,30.53,31.61,0.59,10.17,-197.14,10.18,124848776000.0,8314388000.0,-0.03,-0.26,-12.03,29.92
5185,688727,恒坤新材,48.5,-2.2,-1.09,44322.0,211075444.0,6.88,49.21,45.8,48.57,49.59,1.09,8.2,213.03,8.62,21792000600.0,2620369883.0,0.21,-0.08,-4.47,1.53
5186,000712,锦龙股份,8.86,-2.21,-0.2,387749.0,343227140.73,5.08,9.2,8.74,8.89,9.06,1.26,4.33,278.57,2.96,7938560000.0,7936204348.0,0.0,0.0,-19.82,-26.29
5187,600641,先导基电,31.46,-2.21,-0.71,591107.0,1822516814.0,6.78,31.88,29.7,31.21,32.17,0.86,6.35,70.88,3.54,29788401843.0,29277617283.0,-0.06,0.0,20.77,78.34
5188,003022,联泓新科,19.8,-2.22,-0.45,86688.0,171796590.5,2.86,20.18,19.6,20.04,20.25,0.83,0.65,30.97,3.39,26444246400.0,26421750135.0,0.0,0.0,-22.69,0.3
5189,002326,永太科技,19.41,-2.22,-0.44,241972.0,468979008.63,3.98,19.8,19.01,19.72,19.85,0.57,2.98,42.89,6.46,17956727415.0,15756437571.0,0.0,0.0,-9.26,-22.11
5190,603051,鹿山新材,20.58,-2.23,-0.47,34026.0,69903228.0,3.33,20.97,20.27,20.96,21.05,0.82,2.11,37.61,1.93,3351101000.0,3326405000.0,0.05,-0.05,-5.38,-2.88
5191,603061,金海通,339.57,-2.23,-7.73,38435.0,1305196839.0,5.47,347.0,328.01,335.0,347.3,0.81,4.42,89.52,17.53,29542590000.0,29542590000.0,0.05,-0.26,17.85,251.63
5192,001258,立新能源,12.29,-2.23,-0.28,1104809.0,1351908790.09,7.16,12.75,11.85,12.31,12.57,0.95,11.84,78.54,3.71,11470666675.0,11470522575.0,0.0,0.16,14.75,73.59
5193,605099,共创草坪,33.27,-2.23,-0.76,44215.0,141567268.0,8.29,33.45,30.63,33.08,34.03,3.04,1.1,17.68,4.24,13396589227.0,13378743199.0,-0.3,-0.18,-24.57,-4.56
5194,300720,海川智能,71.87,-2.24,-1.65,122049.0,864386842.16,6.96,73.12,68.0,71.34,73.52,0.77,6.63,643.28,24.07,14005828389.0,13234517033.0,0.5,0.29,9.42,112.38
5195,300014,亿纬锂能,54.57,-2.24,-1.25,322126.0,1758401653.32,2.35,55.27,53.96,55.27,55.82,0.87,1.52,17.96,2.36,118596813743.0,115305433361.0,-0.04,-0.07,-16.03,-16.73
5196,000878,云南铜业,16.17,-2.24,-0.37,406685.0,656169585.46,5.08,16.67,15.83,16.5,16.54,1.06,2.03,14.51,2.19,39215225927.0,32398548498.0,0.0,0.0,-9.66,-20.27
5197,688661,和林微纳,98.45,-2.24,-2.26,40159.0,383000762.0,8.75,99.81,91.0,97.81,100.71,0.99,2.64,-1106.8,12.37,14953356470.0,14953356470.0,0.05,-0.06,-9.74,90.5
5198,600233,圆通速递,16.91,-2.25,-0.39,198042.0,337446421.0,3.53,17.43,16.82,17.35,17.3,0.67,0.58,9.12,1.56,57900117967.0,57900117967.0,0.06,0.06,-8.0,4.58
5199,300613,富瀚微,66.86,-2.25,-1.54,100122.0,663673474.03,4.62,67.74,64.58,67.3,68.4,0.97,4.56,45.76,5.37,15571368392.0,14688480353.0,-0.04,-0.22,13.05,45.41
5200,300470,中密控股,27.66,-2.26,-0.64,54024.0,148392003.42,3.85,27.98,26.89,27.71,28.3,3.56,2.74,21.32,1.95,5751474825.0,5458277387.0,0.04,0.04,-12.8,-25.44
5201,688383,新益昌,120.0,-2.26,-2.77,13820.0,164824117.0,4.98,122.3,116.18,120.0,122.77,0.53,1.36,129.05,9.52,12197580000.0,12197580000.0,0.0,0.09,-10.51,53.32
5202,300037,新宙邦,60.6,-2.26,-1.4,156914.0,946729324.03,4.53,62.0,59.19,61.88,62.0,1.03,2.87,23.22,4.08,45685524930.0,33134840609.0,0.12,0.17,-14.6,16.76
5203,605008,长鸿高科,12.91,-2.27,-0.3,74182.0,95464073.0,5.15,13.33,12.65,13.14,13.21,0.82,1.15,-72.25,4.27,8339374765.0,8339374765.0,-0.08,0.0,14.25,-9.53
5204,600141,兴发集团,29.52,-2.28,-0.69,317887.0,945920826.0,3.87,30.47,29.3,30.0,30.21,0.91,2.65,21.23,1.42,35475360579.0,35475360579.0,0.03,0.03,-5.17,-13.38
5205,300685,艾德生物,17.99,-2.28,-0.42,147830.0,265168170.7,3.59,18.28,17.62,18.26,18.41,1.17,3.79,21.12,3.7,7017991990.0,7008667665.0,-0.06,-0.06,-11.86,-10.14
5206,600988,赤峰黄金,47.66,-2.28,-1.11,859635.0,4054300199.0,6.56,49.2,46.0,49.01,48.77,0.99,5.17,22.91,6.62,90573596743.0,79302016275.0,0.13,0.23,42.27,54.14
5207,603407,长裕集团,55.79,-2.28,-1.3,50752.0,279939657.0,4.73,56.4,53.7,55.9,57.09,0.52,14.13,82.67,10.62,22755359137.0,2003530034.0,0.02,0.02,-6.42,302.53
5208,301297,富乐德,35.08,-2.28,-0.82,169564.0,585236305.35,5.29,35.4,33.5,34.85,35.9,1.19,3.21,58.92,4.28,24356372419.0,18530208106.0,0.03,0.09,-12.32,-1.54
5209,600392,盛和资源,22.32,-2.28,-0.52,498868.0,1114165977.0,4.64,22.95,21.89,22.4,22.84,0.88,2.85,29.88,3.17,39123089042.0,39123089042.0,-0.04,0.0,4.35,5.13
5210,688172,燕东微,52.03,-2.29,-1.22,116055.0,597330356.0,7.55,53.3,49.28,53.0,53.25,0.9,0.97,-85.46,4.1,74278969587.0,62371176395.0,-0.19,-0.06,-18.29,79.79
5211,688126,沪硅产业,24.16,-2.3,-0.57,619125.0,1472245879.0,6.07,24.52,23.02,24.0,24.73,0.58,2.17,-41.37,4.12,79849365175.0,69040048440.0,0.0,-0.04,-6.65,11.65
5212,603303,得邦照明,22.93,-2.3,-0.54,31138.0,71095323.0,5.28,23.58,22.34,23.58,23.47,1.18,0.65,71.58,3.52,10936339105.0,10936339105.0,0.0,-0.04,-11.33,82.13
5213,301035,润丰股份,54.76,-2.3,-1.29,25833.0,142601798.04,4.69,57.0,54.37,56.08,56.05,1.23,0.71,19.89,2.6,19960308366.0,19919006184.0,0.09,-0.16,0.31,6.39
5214,688548,广钢气体,34.29,-2.31,-0.81,194509.0,664416200.0,4.42,34.99,33.44,34.5,35.1,0.68,1.47,123.22,7.52,45242175285.0,45242175285.0,-0.03,0.06,28.19,136.81
5215,300748,金力永磁,27.07,-2.31,-0.64,200760.0,547404416.52,4.55,28.0,26.74,27.54,27.71,0.84,1.77,40.47,4.9,37409930526.0,30640153695.0,0.0,-0.07,-12.02,-20.12
5216,688786,悦安新材,26.5,-2.32,-0.63,51075.0,133505365.0,6.08,26.9,25.25,26.21,27.13,0.94,2.95,63.08,5.73,4592992190.0,4592992190.0,-0.04,-0.19,-13.09,13.54
5217,002971,和远气体,42.82,-2.33,-1.02,145963.0,618231209.76,4.24,43.28,41.42,42.84,43.84,0.86,9.07,125.31,4.23,9018962500.0,6894214660.0,0.16,0.07,24.01,43.55
5218,301418,协昌科技,36.27,-2.34,-0.87,20012.0,72176868.94,3.45,36.66,35.38,36.01,37.14,1.46,6.49,307.41,1.66,2659800024.0,1118325024.0,-0.03,-0.19,-7.83,-0.36
5219,002378,章源钨业,24.95,-2.35,-0.6,264991.0,659839383.59,4.23,25.5,24.42,25.2,25.55,0.81,2.22,21.8,10.39,29975370767.0,29837653753.0,0.04,0.08,-13.82,77.45
5220,300263,隆华科技,9.95,-2.36,-0.24,490079.0,483858615.8,4.22,10.06,9.63,9.91,10.19,0.9,5.02,39.92,2.49,10298312705.0,9706502565.0,0.0,0.1,-14.81,13.33
5221,688772,珠海冠宇,14.06,-2.36,-0.34,254460.0,359853472.0,3.82,14.39,13.84,14.3,14.4,1.14,2.24,-47.23,2.31,16004211513.0,16004211513.0,-0.07,-0.14,-12.83,-33.77
5222,300920,润阳科技,32.3,-2.36,-0.78,11537.0,37484337.5,4.14,33.3,31.93,32.97,33.08,0.51,1.34,333.1,3.59,4199000000.0,2789070278.0,-0.52,-0.4,-10.2,-8.65
5223,603106,恒银科技,7.45,-2.36,-0.18,226648.0,169160365.0,3.28,7.58,7.33,7.5,7.63,0.68,4.35,340.63,2.95,3877874000.0,3877874000.0,0.13,0.27,-4.85,-30.18
5224,601101,昊华能源,13.19,-2.37,-0.32,553739.0,734856409.0,5.7,13.75,12.98,13.44,13.51,0.83,3.85,12.75,1.53,18993572644.0,18993572644.0,0.38,0.3,1.31,90.88
5225,000301,东方盛虹,13.02,-2.4,-0.32,269728.0,354993001.79,3.97,13.5,12.97,13.3,13.34,0.81,0.41,15.02,2.48,86078246759.0,86041016759.0,0.0,0.08,6.72,19.56
5226,300927,江天化学,28.5,-2.4,-0.7,212410.0,615979127.85,13.49,31.13,27.19,27.68,29.2,1.31,15.08,34.62,4.03,4114260000.0,4015334505.0,-0.11,-0.25,16.8,22.63
5227,301188,力诺药包,36.56,-2.4,-0.9,157991.0,565279009.58,8.12,37.42,34.38,35.97,37.46,0.83,5.91,156.96,5.0,9781138644.0,9781100732.0,-0.38,-0.41,-17.14,108.91
5228,688662,富信科技,87.3,-2.4,-2.15,82173.0,711644650.0,5.8,88.99,83.8,88.0,89.45,0.67,7.16,226.75,13.93,10013802721.0,10013802721.0,-0.09,-0.02,29.83,123.16
5229,601077,渝农商行,6.87,-2.41,-0.17,566158.0,392104689.0,3.13,7.06,6.84,7.03,7.04,0.97,0.64,4.78,0.53,78022590000.0,60718725350.0,0.0,-0.15,4.73,11.89
5230,002409,雅克科技,137.19,-2.42,-3.4,217640.0,2940007964.1,6.63,139.5,130.18,135.2,140.59,0.89,6.83,61.21,8.21,65292518145.0,43698135661.0,0.04,0.02,30.67,85.92
5231,688628,优利德,81.68,-2.43,-2.03,48270.0,390491426.0,4.72,82.8,78.85,81.0,83.71,0.7,4.32,32.61,6.88,9129176588.0,9129176588.0,0.1,0.28,1.76,163.14
5232,601187,厦门银行,7.23,-2.43,-0.18,218367.0,159468031.0,3.91,7.49,7.2,7.45,7.41,0.96,0.83,6.88,0.71,19080894630.0,19039338065.0,0.0,0.14,-1.5,0.0
5233,002387,维信诺,7.24,-2.43,-0.18,207458.0,149681610.07,2.96,7.35,7.13,7.32,7.42,0.79,1.49,-4.04,3.88,10112803351.0,10099538223.0,-0.28,-0.28,-10.84,-16.01
5234,601666,平煤股份,9.56,-2.45,-0.24,367022.0,355319609.0,3.67,9.9,9.54,9.71,9.8,0.81,1.49,37.26,1.07,23607130442.0,23607130442.0,0.1,0.0,15.88,22.41
5235,601015,陕西黑猫,3.59,-2.45,-0.09,1005695.0,364351486.0,4.35,3.72,3.56,3.65,3.68,0.84,4.92,-5.85,1.52,7332566524.0,7332566524.0,-0.28,0.0,-5.53,-0.83
5236,600346,恒力石化,18.3,-2.45,-0.46,318693.0,589632638.0,4.58,19.04,18.18,18.72,18.76,0.68,0.45,8.94,1.79,128815526084.0,128815526084.0,0.0,-0.05,4.75,-17.72
5237,002293,罗莱生活,11.54,-2.45,-0.29,75925.0,88035983.3,2.28,11.78,11.51,11.71,11.83,0.87,0.91,19.38,2.36,9663929287.0,9583478835.0,0.09,-0.17,15.63,17.16
5238,301237,和顺科技,53.95,-2.46,-1.36,14486.0,78488576.88,4.45,55.5,53.04,54.18,55.31,1.18,2.49,277.05,3.73,4316000000.0,3142587500.0,-0.06,0.0,-18.6,-6.84
5239,002545,东方铁塔,17.03,-2.46,-0.43,149269.0,257045695.0,4.07,17.64,16.93,17.4,17.46,0.82,1.32,13.18,2.15,21186377273.0,19246687947.0,0.0,-0.12,-21.34,-6.17
5240,300236,上海新阳,86.7,-2.47,-2.2,97238.0,832767593.1,5.37,87.77,83.0,87.54,88.9,0.78,3.49,63.71,3.98,27170232665.0,24163212490.0,-0.09,-0.06,-3.46,37.01
5241,688521,芯原股份,164.49,-2.47,-4.17,144634.0,2383631709.0,3.93,168.0,161.37,166.33,168.66,0.64,2.75,-70.66,29.57,86507803256.0,86507803256.0,0.0,0.04,-27.63,20.09
5242,920271,邦德股份,8.68,-2.47,-0.22,14703.0,12774386.29,2.47,8.77,8.55,8.77,8.9,2.16,2.54,30.53,1.81,1135543640.0,502488941.0,-0.12,-0.23,-21.66,-46.32
5243,002762,金发拉比,9.47,-2.47,-0.24,97109.0,93085155.0,6.69,9.97,9.32,9.97,9.71,0.99,2.74,1972.41,5.15,3352616750.0,3352616750.0,-0.11,-0.11,3.16,38.65
5244,301235,华康洁净,41.37,-2.48,-1.05,65377.0,268322713.09,5.12,42.08,39.91,41.2,42.42,0.55,6.27,-82.49,2.24,5760775685.0,4311512519.0,0.12,0.1,-32.19,12.79
5245,002432,九安医疗,65.6,-2.48,-1.67,200284.0,1299529944.67,4.92,66.81,63.5,66.81,67.27,1.02,4.58,4.98,1.32,30572261392.0,28685205494.0,-0.03,-0.05,-14.02,70.17
5246,000762,西藏矿业,22.8,-2.48,-0.58,150480.0,344158374.6,4.02,23.37,22.43,23.15,23.38,1.03,2.89,98.85,3.97,11874678672.0,11874254090.0,-0.04,0.04,-22.32,-13.21
5247,601899,紫金矿业,33.68,-2.49,-0.86,2515654.0,8504382603.0,3.76,34.7,33.4,34.7,34.54,0.88,1.22,11.43,4.63,895575268469.0,693868392955.0,-0.03,0.09,14.6,0.03
5248,605167,利柏特,14.5,-2.49,-0.37,78395.0,113212101.0,5.11,14.84,14.08,14.51,14.87,0.69,1.54,55.18,2.67,7393660113.0,7393660113.0,-0.14,-0.14,-4.98,-11.48
5249,300711,广哈通信,18.7,-2.5,-0.48,115760.0,213400787.62,4.22,18.74,17.93,18.25,19.18,1.28,4.66,224.04,3.49,5244108918.0,4645581235.0,0.43,0.05,-3.91,-18.77
5250,300769,德方纳米,45.72,-2.5,-1.17,112499.0,512288086.46,3.52,46.45,44.8,46.27,46.89,0.88,4.47,12.09,2.46,12810196732.0,11510351894.0,-0.02,0.18,-30.1,3.89
5251,002440,闰土股份,12.09,-2.5,-0.31,354830.0,428107729.26,5.24,12.38,11.73,12.22,12.4,1.01,3.75,18.49,1.37,13589158851.0,11441485485.0,-0.25,-0.25,30.99,66.3
5252,600722,金牛化工,14.02,-2.5,-0.36,1378374.0,1988131028.0,10.08,15.2,13.75,14.38,14.38,0.92,20.26,182.76,7.56,9538081858.0,9538081858.0,-0.07,-0.28,33.27,136.03
5253,920641,格利尔,13.55,-2.52,-0.35,19424.0,26655003.65,6.19,14.35,13.49,13.77,13.9,0.58,4.29,394.25,2.98,1017266250.0,614076691.0,0.3,0.0,-11.44,-25.71
5254,601579,会稽山,19.7,-2.52,-0.51,223212.0,443553277.0,5.1,20.64,19.61,20.22,20.21,0.88,4.66,36.71,2.52,9445429157.0,9445429157.0,0.05,-0.2,19.18,-1.4
5255,688808,联讯仪器,2209.0,-2.52,-56.99,5757.0,1278421597.0,4.8,2283.8,2175.0,2208.0,2265.99,0.57,2.98,476.84,77.32,226790667403.0,42625182096.0,-0.18,-0.27,35.62,2597.85
5256,603980,吉华集团,6.55,-2.53,-0.17,237631.0,155460768.0,4.46,6.7,6.4,6.7,6.72,1.26,3.51,46.72,1.15,4433258508.0,4433258508.0,0.0,0.0,16.34,33.95
5257,688813,泰金新能,107.31,-2.53,-2.79,25655.0,274040549.0,5.5,109.68,103.62,109.0,110.1,0.57,8.53,79.17,10.03,17169600000.0,3227560295.0,-0.15,-0.03,-33.87,316.25
5258,603678,火炬电子,45.55,-2.53,-1.18,155114.0,703553318.0,5.61,46.63,44.01,46.57,46.73,0.65,3.26,44.66,3.36,21662060042.0,21662060042.0,0.02,-0.04,-14.38,29.26
5259,603120,肯特催化,46.0,-2.54,-1.2,12472.0,57169618.0,4.13,46.75,44.8,46.75,47.2,0.68,3.29,50.53,3.43,4158400000.0,1743400000.0,-0.11,-0.13,-1.71,19.48
5260,688195,腾景科技,165.98,-2.54,-4.32,80935.0,1336834873.0,5.04,169.58,161.0,162.5,170.3,0.59,4.47,520.61,30.16,30057318200.0,30057318200.0,-0.15,-0.25,-24.8,37.18
5261,688685,迈信林,39.45,-2.54,-1.03,26392.0,103362330.0,4.22,40.23,38.52,39.54,40.48,0.8,1.8,269.04,7.17,5793298263.0,5793298263.0,0.1,0.15,-13.6,-28.84
5262,000737,北方铜业,14.53,-2.55,-0.38,733585.0,1070339058.49,5.1,15.05,14.29,14.9,14.91,0.8,3.85,11.25,3.86,27675529801.0,27672955448.0,0.07,0.14,5.06,-4.72
5263,600497,驰宏锌锗,9.93,-2.55,-0.26,1232937.0,1219141123.0,3.43,10.1,9.75,10.1,10.19,0.92,2.45,18.91,2.97,50050978196.0,50050978196.0,0.1,0.1,5.41,37.15
5264,001267,汇绿生态,38.14,-2.55,-1.0,357060.0,1345176118.73,5.62,38.7,36.5,37.91,39.14,1.03,5.87,552.61,18.43,29940030744.0,23210347122.0,0.03,-0.03,-28.75,74.63
5265,603619,中曼石油,22.97,-2.55,-0.6,320580.0,747140514.0,3.73,23.77,22.89,23.37,23.57,0.84,6.93,83.87,2.47,10619914449.0,10619914449.0,0.17,0.09,-12.16,0.26
5266,600546,山煤国际,13.31,-2.56,-0.35,295068.0,398629506.0,4.47,13.89,13.28,13.66,13.66,1.09,1.49,15.39,1.65,26386491223.0,26386491223.0,0.08,0.08,-10.79,36.65
5267,920181,赛英电子,76.0,-2.56,-2.0,6974.0,52620209.15,5.12,77.5,73.51,76.5,78.0,0.82,6.96,30.41,4.28,3283200000.0,761520000.0,0.0,0.36,-27.47,171.43
5268,605080,浙江自然,22.12,-2.56,-0.58,38304.0,84880554.0,4.1,22.8,21.87,22.49,22.7,0.68,2.73,13.03,1.35,3116911946.0,3104568544.0,0.0,0.05,-9.79,-3.24
5269,600985,淮北矿业,17.53,-2.56,-0.46,288257.0,510841496.0,4.34,18.24,17.46,17.93,17.99,0.87,1.07,24.04,1.14,47212825169.0,47212825169.0,-0.28,0.0,12.66,61.42
5270,002687,乔治白,6.45,-2.57,-0.17,321669.0,202846413.25,8.16,6.54,6.0,6.42,6.62,1.24,7.78,139.78,2.14,3255827717.0,2667826831.0,0.16,-0.31,44.94,36.08
5271,000875,电投绿能,4.91,-2.58,-0.13,470134.0,231914331.0,3.57,5.06,4.88,5.03,5.04,1.73,1.41,22.02,1.01,17809898774.0,16411379747.0,0.0,0.0,-30.65,-12.63
5272,688362,甬矽电子,61.61,-2.58,-1.63,194355.0,1183410458.0,7.24,63.08,58.5,61.93,63.24,0.8,4.29,262.36,7.36,27923123863.0,27923123863.0,-0.02,-0.24,3.27,90.1
5273,601700,风范股份,7.51,-2.59,-0.2,2331481.0,1794086965.0,8.82,8.08,7.4,7.5,7.71,1.26,20.47,75.28,3.98,8552067323.0,8552067323.0,-0.13,0.0,38.82,32.69
5274,600759,ST洲际,2.63,-2.59,-0.07,1677046.0,445855039.0,3.7,2.72,2.62,2.7,2.7,1.11,4.05,28.19,1.21,10911894406.0,10897893601.0,0.0,0.38,-9.31,-15.71
5275,001229,魅视科技,42.37,-2.6,-1.13,42692.0,182082011.0,4.92,44.03,41.89,43.56,43.5,0.7,5.79,722.38,6.08,6077218077.0,3124838598.0,-0.07,0.02,57.57,37.56
5276,600403,大有能源,7.11,-2.6,-0.19,1755511.0,1272534793.0,7.81,7.55,6.98,7.23,7.3,1.26,7.34,-13.22,5.51,16998676178.0,16998676178.0,0.28,0.28,27.88,1.86
5277,002128,电投能源,26.86,-2.61,-0.72,105416.0,286291461.2,3.37,27.77,26.84,27.4,27.58,1.51,0.47,10.49,1.63,83977174046.0,60208664022.0,0.04,0.04,-16.56,0.94
5278,300706,阿石创,51.9,-2.61,-1.39,95344.0,486760741.8,6.46,52.8,49.36,51.3,53.29,1.12,8.38,113.66,11.51,7968533918.0,5907805493.0,-0.04,-0.13,7.72,52.96
5279,600206,有研新材,51.15,-2.61,-1.37,800611.0,4131338745.0,7.14,53.95,50.2,51.21,52.52,0.58,9.46,118.09,10.02,43301202932.0,43301202932.0,0.04,-0.02,88.54,153.34
5280,688630,芯碁微装,415.0,-2.62,-11.15,51520.0,2107486513.0,5.44,420.0,396.8,416.11,426.15,0.87,3.91,140.23,26.13,60799623140.0,54672397140.0,-0.16,-0.17,22.1,210.09
5281,301238,瑞泰新材,16.01,-2.62,-0.43,142312.0,227414894.26,3.59,16.35,15.76,16.15,16.44,1.34,1.94,32.45,1.61,11740666133.0,11740666133.0,-0.12,-0.19,-35.73,-20.74
5282,603221,爱丽家居,26.92,-2.64,-0.73,172167.0,460633215.0,6.15,27.5,25.8,27.5,27.65,0.81,7.11,-109.96,4.17,6521908400.0,6521908400.0,0.11,0.26,108.84,105.97
5283,301177,迪阿股份,23.94,-2.64,-0.65,45711.0,109572336.28,6.71,24.82,23.17,24.59,24.59,1.71,1.14,63.74,1.57,9582572727.0,9576239400.0,0.38,0.63,-6.15,-15.62
5284,300953,震裕科技,95.07,-2.65,-2.59,45393.0,432568150.79,3.73,97.04,93.4,95.91,97.66,0.79,2.59,20.54,4.92,23153219265.0,16642018521.0,-0.01,0.0,-34.59,-20.76
5285,603026,石大胜华,62.2,-2.66,-1.7,67730.0,420074394.0,4.65,63.91,60.94,63.4,63.9,0.86,2.91,12.85,2.79,14474003071.0,14474003071.0,0.0,0.05,-30.54,-16.81
5286,603799,华友钴业,39.13,-2.66,-1.07,527170.0,2067543598.0,3.31,40.0,38.67,39.9,40.2,0.88,2.79,10.56,1.46,74093731740.0,73862069619.0,0.0,0.0,-26.83,-42.25
5287,688605,先锋精科,69.6,-2.66,-1.9,38264.0,264144242.0,5.2,71.2,67.48,70.03,71.5,0.87,3.53,142.15,8.54,14085637978.0,7541280408.0,0.0,-0.1,4.0,8.48
5288,603657,春光科技,24.5,-2.66,-0.67,60255.0,150762782.0,8.86,26.25,24.02,24.02,25.17,1.09,4.46,-23.39,3.8,3312156225.0,3312156225.0,0.08,-0.08,-9.36,-17.79
5289,688549,中巨芯-U,24.56,-2.66,-0.67,565085.0,1374386552.0,5.11,24.9,23.61,24.28,25.23,0.64,9.59,1290.47,12.02,36281898560.0,14473674640.0,-0.16,-0.24,72.35,169.3
5290,002654,万润科技,13.56,-2.66,-0.37,665427.0,900464024.41,5.38,13.91,13.16,13.3,13.93,0.95,7.87,-533.62,7.4,11462302497.0,11461488897.0,0.0,0.0,-10.38,-3.49
5291,001314,亿道信息,51.1,-2.67,-1.4,43637.0,223210840.4,6.76,53.4,49.85,53.35,52.5,1.58,3.52,18.61,3.24,7286553400.0,6341478676.0,-0.06,0.02,-20.5,14.5
5292,300260,新莱应材,57.54,-2.67,-1.58,145299.0,828874494.02,5.67,58.45,55.1,57.6,59.12,1.01,5.05,111.0,11.02,23465200510.0,16550629815.0,-0.21,-0.1,6.16,1.23
5293,688121,*ST卓然,1.82,-2.67,-0.05,65236.0,11944598.0,4.28,1.89,1.81,1.86,1.87,0.78,3.22,-2.44,0.19,425177485.0,368853334.0,0.0,0.0,-71.91,-83.33
5294,688261,东微半导,69.73,-2.67,-1.91,52493.0,361371824.0,5.08,70.65,67.01,68.5,71.64,0.65,4.3,40.23,2.83,8552058652.0,8513795151.0,0.0,-0.13,-17.34,-14.89
5295,920179,凯德石英,49.99,-2.69,-1.38,23692.0,117129600.73,5.24,50.91,48.22,50.91,51.37,0.68,3.97,208.4,4.95,3722098331.0,2985326515.0,0.58,0.18,-19.32,29.78
5296,300502,新易盛,400.87,-2.7,-11.13,350271.0,14132371802.28,4.37,413.02,395.0,405.0,412.0,0.8,2.79,37.12,23.0,558915676915.0,502788453946.0,-0.1,-0.19,-17.32,30.55
5297,601118,海南橡胶,6.11,-2.71,-0.17,1533446.0,977042499.0,10.51,6.74,6.08,6.25,6.28,0.91,3.58,-49.31,2.73,26147303840.0,26147303840.0,-0.16,-0.33,-9.08,4.44
5298,000048,京基智农,21.5,-2.71,-0.6,106975.0,231406078.2,3.98,22.19,21.31,21.88,22.1,0.73,2.02,-11.65,3.27,11399359125.0,11380009125.0,0.37,-0.05,55.91,22.16
5299,300835,龙磁科技,152.26,-2.72,-4.26,28430.0,430527200.94,4.7,155.23,147.87,153.91,156.52,0.9,3.4,164.54,14.54,18156630440.0,12725193906.0,0.02,0.03,-10.85,132.85
5300,603906,龙蟠科技,19.24,-2.73,-0.54,173824.0,334810255.0,4.4,19.8,18.93,19.69,19.78,0.76,3.09,17.76,3.11,15220993071.0,10832052718.0,0.05,0.05,-23.95,-3.85
5301,301516,中远通,23.47,-2.74,-0.66,133241.0,308829259.01,4.72,23.82,22.68,23.76,24.13,0.57,18.99,-201.2,5.2,6588070190.0,1647017553.0,-0.55,-1.3,32.23,50.35
5302,920012,创达新材,53.46,-2.75,-1.51,11730.0,61353362.16,7.35,54.69,50.65,53.93,54.97,0.56,6.08,35.88,3.11,2636507135.0,1031644885.0,-0.02,0.15,-28.72,173.03
5303,002838,道恩股份,23.72,-2.75,-0.67,73739.0,174105276.22,5.04,24.3,23.07,24.19,24.39,0.6,1.75,23.82,3.05,11347610095.0,9977384493.0,0.25,0.0,-28.79,-1.13
5304,002895,川恒股份,32.1,-2.76,-0.91,69363.0,224542453.02,4.12,33.36,32.0,33.03,33.01,0.71,1.16,17.36,2.63,19448375094.0,19239092724.0,-0.09,0.03,-9.96,-8.7
5305,300604,长川科技,263.62,-2.76,-7.48,182369.0,4772992504.66,5.95,269.14,253.0,268.18,271.1,1.01,3.73,120.69,20.95,170188377982.0,129034459695.0,-0.2,-0.15,29.52,160.47
5306,600761,安徽合力,16.19,-2.76,-0.46,203622.0,327561502.0,2.58,16.38,15.95,16.24,16.65,2.34,2.29,10.73,1.31,14420315801.0,14420315801.0,-0.06,0.06,-7.33,-20.6
5307,300214,日科化学,11.93,-2.77,-0.34,409173.0,485522061.0,5.79,12.37,11.66,12.37,12.27,0.7,8.8,91.61,2.28,5546288185.0,5546288185.0,-0.17,0.0,54.13,78.59
5308,300308,中际旭创,846.0,-2.78,-24.22,293560.0,25019267513.25,4.0,871.91,837.12,850.23,870.22,0.99,2.64,36.25,24.83,989595506286.0,939007783188.0,-0.18,-0.12,-25.13,38.92
5309,300620,光库科技,290.68,-2.78,-8.3,79210.0,2290871655.21,4.22,295.61,283.0,294.42,298.98,0.67,3.2,244.05,32.09,72431800821.0,71895640689.0,0.01,-0.08,4.32,97.94
5310,603299,苏盐井神,8.73,-2.78,-0.25,146052.0,127369315.0,2.78,8.89,8.64,8.88,8.98,3.06,1.55,23.84,1.04,8335054259.0,8242746731.0,0.0,0.11,-14.07,-14.16
5311,605358,立昂微,43.22,-2.81,-1.25,414724.0,1774399633.0,5.33,43.89,41.52,43.01,44.47,0.67,5.37,198.72,3.11,33374456901.0,33374456901.0,0.0,0.16,-22.75,24.66
5312,002311,海大集团,45.0,-2.81,-1.3,167614.0,752677764.58,4.73,45.8,43.61,45.28,46.3,2.11,1.01,23.13,3.14,74503458585.0,74431691820.0,-0.22,-0.07,-5.18,-17.1
5313,688392,骄成超声,187.64,-2.83,-5.46,44626.0,827803878.0,6.44,191.5,179.07,189.24,193.1,0.67,3.86,107.92,11.84,21716207670.0,21716207670.0,-0.16,-0.19,25.9,67.52
5314,688167,炬光科技,264.59,-2.83,-7.71,67575.0,1766382082.0,5.88,269.0,253.0,264.23,272.3,0.58,5.19,-256.09,15.14,34433470337.0,34433470337.0,-0.26,-0.12,-8.98,119.14
5315,603660,苏州科达,10.64,-2.83,-0.31,165289.0,176604895.0,4.29,11.0,10.53,11.0,10.95,0.68,2.89,-9.26,8.51,6080682285.0,6080682285.0,0.0,0.09,-9.83,-3.54
5316,603659,璞泰来,23.73,-2.83,-0.69,267504.0,635688738.0,4.42,24.47,23.39,24.29,24.42,0.81,1.25,17.52,2.38,50881490473.0,50881490473.0,0.0,0.0,-22.68,-12.47
5317,688249,晶合集成,37.37,-2.83,-1.09,216618.0,804376027.0,5.15,37.96,35.98,37.5,38.46,1.0,1.08,170.17,3.59,83508705960.0,75023701717.0,-0.13,-0.11,-11.93,12.59
5318,001337,四川黄金,55.0,-2.83,-1.6,358497.0,2019391302.54,8.8,59.05,54.07,56.71,56.6,1.42,8.54,26.7,11.22,23100000000.0,23100000000.0,-0.36,-0.61,11.97,101.02
5319,688233,神工股份,107.71,-2.83,-3.14,71511.0,764030015.0,5.95,109.6,103.0,106.66,110.85,0.61,4.2,180.65,9.73,18343630825.0,18343630825.0,0.15,0.03,33.52,54.2
5320,603876,鼎胜新材,22.56,-2.84,-0.66,214884.0,489441658.0,5.51,23.66,22.38,23.22,23.22,0.77,2.31,27.04,2.79,20964268325.0,20964268325.0,0.09,0.13,-19.23,51.61
5321,688584,上海合晶,28.94,-2.85,-0.85,138097.0,392751922.0,6.81,29.38,27.35,29.38,29.79,0.76,4.02,385.77,4.73,19366513487.0,9935108656.0,0.0,-0.1,14.16,32.51
5322,603650,彤程新材,62.13,-2.85,-1.82,154760.0,952140402.0,5.22,63.18,59.84,62.31,63.95,0.66,2.52,49.19,9.12,38276406485.0,38184283351.0,0.0,-0.1,22.09,42.37
5323,600549,厦门钨业,52.39,-2.86,-1.54,452907.0,2359897285.0,4.06,53.25,51.06,52.6,53.93,0.77,2.91,18.9,4.45,83173621424.0,81410496432.0,0.06,0.04,-0.11,28.85
5324,600773,西藏城投,10.48,-2.87,-0.31,273674.0,285901750.0,5.1,10.78,10.23,10.7,10.79,1.1,2.88,-72.5,2.37,9972630345.0,9972630345.0,0.38,0.48,-38.35,-15.42
5325,002379,宏桥控股,17.93,-2.87,-0.53,335632.0,606108404.21,3.14,18.4,17.82,18.34,18.46,0.66,2.95,7.47,4.04,233647949362.0,20375181391.0,-0.17,0.0,-14.46,-24.25
5326,300750,宁德时代,376.73,-2.88,-11.16,260646.0,9924585378.21,3.89,391.15,376.06,391.0,387.89,1.44,0.61,20.13,4.67,1742999707635.0,1604900322288.0,-0.01,0.06,-10.02,4.95
5327,300699,光威复材,23.3,-2.88,-0.69,163685.0,376027906.37,4.63,23.62,22.51,23.57,23.99,1.55,1.99,48.71,3.54,19370501600.0,19184760967.0,0.09,0.09,-20.01,-40.2
5328,002709,天赐材料,36.4,-2.88,-1.08,556625.0,2019222404.04,4.38,37.14,35.5,37.0,37.48,0.95,3.69,12.97,3.66,74203647482.0,54928001092.0,-0.05,-0.03,-29.63,-20.84
5329,688260,昀冢科技,101.0,-2.88,-3.0,60369.0,596903109.0,9.74,103.72,93.59,100.0,104.0,0.85,5.03,-66.4,86.87,12120000000.0,12120000000.0,0.16,-0.16,21.95,250.69
5330,600301,华锡有色,45.96,-2.89,-1.37,82109.0,375747107.0,4.48,46.88,44.76,46.79,47.33,0.72,2.98,27.23,5.71,29072801335.0,12654427899.0,0.0,-0.07,-23.54,21.04
5331,688005,容百科技,26.09,-2.9,-0.78,105874.0,278050411.0,4.06,26.97,25.88,26.74,26.87,0.95,1.48,85.21,2.4,18644403240.0,18644403240.0,0.0,0.0,-20.65,-26.3
5332,688598,金博股份,35.8,-2.9,-1.07,167880.0,604103094.0,4.77,36.79,35.03,36.03,36.87,0.6,8.25,-23.63,1.93,7431117553.0,7288007053.0,0.03,0.25,19.1,21.93
5333,002906,华阳集团,27.41,-2.9,-0.82,352222.0,1005946837.82,9.35,29.86,27.22,29.86,28.23,6.23,6.71,17.93,2.02,14388030914.0,14382063538.0,0.0,-0.04,-6.29,-8.88
5334,300511,雪榕生物,5.33,-2.91,-0.16,546433.0,289351778.32,6.19,5.44,5.1,5.18,5.49,0.77,9.59,95.65,2.09,3415714595.0,3036488810.0,0.0,0.38,-14.58,-14.58
5335,300676,华大基因,40.68,-2.91,-1.22,134939.0,550810234.64,4.32,42.2,40.39,41.51,41.9,0.59,3.24,179.49,2.0,17017138611.0,16924342446.0,0.12,0.12,11.76,-10.32
5336,002043,兔 宝 宝,12.93,-2.93,-0.39,95149.0,123900253.26,3.83,13.38,12.87,13.31,13.32,0.46,1.18,21.69,3.26,10728725426.0,10422945046.0,0.31,0.23,-4.36,-8.3
5337,920571,国航远洋,8.93,-2.93,-0.27,248749.0,225021934.35,5.65,9.4,8.88,9.31,9.2,0.78,8.4,20.0,3.65,4959788555.0,2644032370.0,0.11,0.11,-11.06,-9.25
5338,688778,厦钨新能,45.51,-2.94,-1.38,50313.0,229999284.0,3.86,46.79,44.98,46.6,46.89,0.91,1.0,23.38,2.42,22968491187.0,22968491187.0,-0.11,-0.13,-25.18,-40.95
5339,688352,颀中科技,17.51,-2.94,-0.53,212406.0,370611254.0,6.54,17.98,16.8,17.8,18.04,0.76,5.8,-34.32,3.61,20829403496.0,6415939047.0,0.11,-0.06,-18.82,39.41
5340,603929,亚翔集成,160.91,-2.96,-4.91,55226.0,884303251.0,4.64,164.33,156.64,160.39,165.82,0.79,2.59,35.0,14.38,34331757600.0,34331757600.0,0.0,0.03,9.79,71.45
5341,688082,盛美上海,292.38,-2.99,-9.02,46035.0,1342796960.0,5.2,298.99,283.31,295.22,301.4,0.61,0.96,71.34,9.66,141101619930.0,139586023466.0,0.44,0.14,36.29,66.66
5342,300628,亿联网络,40.92,-2.99,-1.26,157454.0,652857140.41,4.62,42.73,40.78,42.01,42.18,0.87,2.17,17.01,5.63,51842299987.0,29702628962.0,0.07,0.12,7.26,19.13
5343,603993,洛阳钼业,18.42,-3.0,-0.57,1863339.0,3440586915.0,4.0,18.94,18.18,18.8,18.99,0.83,1.07,12.2,4.39,394083193442.0,321628712882.0,0.0,0.0,0.0,-6.54
5344,300073,当升科技,40.42,-3.0,-1.25,131523.0,533591777.99,4.08,41.68,39.98,41.41,41.67,1.27,2.6,19.87,1.49,22000350061.0,20451360431.0,0.0,-0.05,-27.14,-29.73
5345,688178,万德斯,27.13,-3.0,-0.84,19577.0,53059491.0,6.08,28.1,26.4,27.36,27.97,1.37,2.3,50.74,2.48,2305991508.0,2305991508.0,0.11,-0.18,-27.27,12.9
5346,603110,东方材料,24.61,-3.0,-0.76,84267.0,207080918.0,4.61,25.25,24.08,25.12,25.37,0.52,4.19,118.74,7.11,4952189875.0,4952189875.0,0.0,-0.04,11.41,53.24
5347,688361,中科飞测,338.99,-3.01,-10.51,87600.0,2952986204.0,5.48,346.9,327.75,333.41,349.5,0.91,2.49,-439.0,23.26,119341995952.0,119341995952.0,0.52,0.2,67.32,121.58
5348,688136,科兴制药,22.89,-3.01,-0.71,234785.0,532137500.0,10.72,24.34,21.81,23.6,23.6,2.05,11.62,17.26,2.5,4623436650.0,4623436650.0,-0.09,-0.17,9.73,-27.15
5349,000630,铜陵有色,6.43,-3.02,-0.2,2631474.0,1697481618.27,4.37,6.65,6.36,6.6,6.63,1.0,2.36,16.1,2.34,86222901809.0,71649423302.0,0.0,0.0,-5.02,7.89
5350,000751,锌业股份,5.13,-3.02,-0.16,848301.0,435426248.79,4.73,5.3,5.05,5.22,5.29,1.31,5.25,28.11,2.25,8288184952.0,8288182259.0,0.0,0.0,-1.54,25.74
5351,300221,银禧科技,13.79,-3.02,-0.43,285946.0,389602665.0,5.98,14.1,13.25,14.03,14.22,1.06,6.19,34.98,4.44,6533077106.0,6371224966.0,-0.07,0.0,3.84,34.93
5352,600711,盛屯矿业,11.51,-3.03,-0.36,1103770.0,1265439951.0,6.91,11.97,11.15,11.85,11.87,0.98,3.57,9.86,1.99,35572938952.0,35572938952.0,0.0,0.26,-5.66,-23.83
5353,002827,高争民爆,53.2,-3.03,-1.66,93726.0,504381810.37,4.01,55.08,52.88,55.01,54.86,0.56,3.4,227.1,13.83,14738847200.0,14683140150.0,-0.64,-0.86,87.92,41.53
5354,603155,新亚强,13.4,-3.04,-0.42,88643.0,118182852.0,4.49,13.68,13.06,13.59,13.82,1.06,1.94,42.47,2.87,6135737524.0,6135737524.0,0.0,0.07,8.85,15.82
5355,300254,仟源医药,9.25,-3.04,-0.29,302569.0,278952077.41,5.14,9.54,9.05,9.47,9.54,1.27,13.31,277.56,5.21,2379179208.0,2102875362.0,0.0,-0.11,-13.95,-8.6
5356,301219,腾远钴业,44.81,-3.05,-1.41,85722.0,384556930.01,4.2,46.0,44.06,45.74,46.22,0.99,3.14,9.74,1.73,17154672659.0,12243890897.0,0.02,0.04,-22.94,-13.49
5357,688345,博力威,51.57,-3.05,-1.62,14687.0,75094655.0,4.83,52.68,50.11,52.1,53.19,0.81,1.45,36.24,4.14,5253556574.0,5228483240.0,0.1,0.0,3.6,66.35
5358,603400,华之杰,44.1,-3.06,-1.39,35585.0,155709542.0,5.58,45.0,42.46,45.0,45.49,0.52,9.82,64.69,4.81,5725506308.0,1597746308.0,0.25,0.11,-14.67,11.2
5359,688797,臻宝科技,304.55,-3.07,-9.64,33424.0,979030012.0,9.09,308.86,280.3,300.9,314.19,1.04,11.45,220.76,16.16,47293659647.0,8890636176.0,0.0,0.01,583.46,583.46
5360,002674,兴业科技,26.2,-3.07,-0.83,120324.0,317139083.0,4.44,26.93,25.73,26.22,27.03,0.57,4.11,90.69,3.18,7743434733.0,7665167682.0,0.08,-0.08,75.02,75.37
5361,688503,聚和材料,86.07,-3.07,-2.73,155404.0,1329160161.0,5.66,87.74,82.71,87.24,88.8,0.6,6.42,17.98,4.0,20831835653.0,20831835653.0,-0.15,-0.21,-1.6,42.05
5362,688037,芯源微,355.65,-3.08,-11.3,52936.0,1852491642.0,7.9,366.0,337.01,358.0,366.95,0.81,2.62,5112.61,25.64,71758254302.0,71758254302.0,-0.1,-0.28,49.89,139.54
5363,002052,同洲电子,8.8,-3.08,-0.28,259040.0,227346069.28,4.3,9.0,8.61,8.9,9.08,1.73,3.76,255.22,23.77,6621469307.0,6066606964.0,-0.11,0.0,-10.02,-30.98
5364,688368,晶丰明源,118.24,-3.08,-3.76,44151.0,513747242.0,7.39,120.17,111.16,116.0,122.0,1.04,3.57,139.22,4.8,24098126910.0,14627115089.0,-0.02,-0.14,-18.64,44.39
5365,300862,蓝盾光电,53.4,-3.09,-1.7,249489.0,1348815851.98,5.54,55.66,52.61,54.3,55.1,0.61,16.47,-284.46,5.03,9858595967.0,8088551774.0,-0.45,-0.67,133.6,133.39
5366,301666,大普微-UW,396.0,-3.1,-12.66,18172.0,715433434.11,4.92,403.15,383.06,395.15,408.66,0.66,6.85,64.75,47.37,172741678560.0,10500471828.0,-0.06,0.08,-45.23,759.38
5367,600730,*ST高科,9.39,-3.1,-0.3,111671.0,105546399.0,4.64,9.67,9.22,9.59,9.69,0.86,1.9,-714.69,3.28,5508699859.0,5508699859.0,-0.11,-0.11,-38.55,-14.17
5368,300644,南京聚隆,20.34,-3.14,-0.66,45604.0,90769367.1,7.05,20.46,18.98,19.37,21.0,3.04,5.17,45.37,2.1,2251221152.0,1794254169.0,-0.05,-0.29,-17.85,-44.52
5369,688805,健信超导,38.55,-3.14,-1.25,15653.0,59947489.0,4.05,39.38,37.77,38.88,39.8,1.27,4.67,65.57,5.29,6464064000.0,1292812800.0,0.1,0.23,-25.72,-7.86
5370,000960,锡业股份,34.9,-3.14,-1.13,503200.0,1751294286.31,4.88,35.98,34.22,35.46,36.03,1.05,3.06,19.1,2.67,57425575125.0,57425575125.0,-0.06,-0.11,-11.11,26.82
5371,002493,荣盛石化,13.22,-3.15,-0.43,434121.0,577802798.89,5.64,13.82,13.05,13.65,13.65,0.71,0.46,12.92,2.77,132060426598.0,123768264223.0,0.23,0.0,14.96,13.87
5372,920634,新威凌,16.23,-3.16,-0.53,16241.0,26633114.61,4.3,16.81,16.09,16.51,16.76,1.31,4.0,112.31,3.62,1037076972.0,658513991.0,-0.25,-0.12,-5.75,-32.74
5373,603151,邦基科技,15.25,-3.17,-0.5,32784.0,50554662.0,4.95,15.95,15.17,15.48,15.75,0.69,1.91,-2722.48,1.94,2612047450.0,2612047450.0,0.0,0.07,11.07,-14.66
5374,600238,ST椰岛,4.86,-3.19,-0.16,53491.0,26622298.0,5.78,5.15,4.86,5.15,5.02,0.84,1.2,-144.48,31.3,2178252000.0,2164019879.0,-0.82,-1.02,-6.54,-23.22
5375,002028,思源电气,169.6,-3.2,-5.6,58938.0,1007894706.67,3.32,175.0,169.19,173.2,175.2,0.54,0.96,45.34,8.07,132724428627.0,103587467306.0,-0.05,0.21,-21.23,10.21
5376,603045,福达合金,54.52,-3.21,-1.81,106852.0,581041549.0,5.08,56.05,53.19,55.58,56.33,1.09,7.89,10.2,5.99,7384469851.0,7384469851.0,0.04,0.06,-20.14,179.59
5377,601233,桐昆股份,23.71,-3.22,-0.79,494585.0,1195277886.0,6.33,25.05,23.5,24.5,24.5,1.28,2.08,7.43,1.41,56406125328.0,56303478336.0,0.0,0.17,20.05,38.74
5378,300142,沃森生物,14.42,-3.22,-0.48,2210147.0,3175607442.8,4.83,14.82,14.1,14.5,14.9,1.07,14.01,52.09,3.2,23062605961.0,22742330753.0,-0.21,-0.14,15.92,34.01
5379,301012,扬电科技,24.0,-3.23,-0.8,78903.0,186303415.29,4.88,24.24,23.03,24.12,24.8,0.9,4.01,76.23,3.96,4727043888.0,4727043888.0,0.04,0.17,-26.72,-9.13
5380,002125,湘潭电化,12.87,-3.23,-0.43,391991.0,503833212.26,4.29,13.23,12.66,13.2,13.3,1.63,6.23,18.02,2.34,8101959736.0,8101959736.0,0.0,-0.23,-13.86,-8.4
5381,002651,利君股份,8.33,-3.25,-0.28,364999.0,303290214.53,3.14,8.5,8.23,8.4,8.61,1.03,6.45,68.32,3.14,8608721800.0,4710312130.0,-0.24,0.0,-0.12,-28.37
5382,002410,广联达,8.61,-3.26,-0.29,451330.0,381160438.76,3.82,8.62,8.28,8.49,8.9,2.02,2.84,35.5,2.42,14223240785.0,13673530530.0,0.12,0.12,-14.84,-30.28
5383,300328,宜安科技,16.04,-3.26,-0.54,703533.0,1138123571.82,7.24,16.79,15.59,16.28,16.58,1.25,10.24,-144.36,10.77,11074394544.0,11020162101.0,0.06,-0.06,-10.84,-6.03
5384,688620,安凯微,15.09,-3.27,-0.51,154267.0,231435447.0,5.26,15.43,14.61,15.34,15.6,1.19,3.94,-75.33,4.64,5915280000.0,5915280000.0,-0.07,-0.13,25.75,25.33
5385,300061,旗天科技,5.91,-3.27,-0.2,305473.0,177760172.16,5.4,5.96,5.63,5.81,6.11,2.2,5.01,-90.89,9.02,3894652631.0,3604479728.0,-0.17,-0.17,-38.63,-43.82
5386,002346,柘中股份,20.62,-3.28,-0.7,114941.0,236473334.3,7.5,21.57,19.97,21.53,21.32,0.6,2.6,14.21,2.83,9105285078.0,9105285078.0,-0.15,-0.1,3.31,3.98
5387,688403,汇成股份,22.53,-3.3,-0.77,428397.0,956000552.0,5.92,23.1,21.72,23.0,23.3,0.9,4.31,2231.97,4.95,22374501793.0,22374501793.0,0.0,-0.18,14.13,37.97
5388,600531,豫光金铅,13.43,-3.31,-0.46,682905.0,919891855.0,5.9,13.96,13.14,13.82,13.89,1.03,5.65,14.77,2.37,16240398034.0,16240398034.0,0.0,-0.07,4.27,16.38
5389,688378,奥来德,42.22,-3.32,-1.45,76632.0,322083148.0,5.38,43.46,41.11,42.48,43.67,0.62,3.07,31.39,5.26,11037370424.0,10524570231.0,0.29,0.4,3.79,55.79
5390,002165,红 宝 丽,7.8,-3.35,-0.27,1596662.0,1288822404.09,7.31,8.38,7.79,7.92,8.07,1.0,21.94,-59.71,2.9,5735104729.0,5675156729.0,-0.13,-0.26,12.23,3.59
5391,600259,中稀有色,81.28,-3.36,-2.83,96876.0,797739719.0,6.54,85.88,80.38,84.03,84.11,0.91,2.88,40.0,7.57,27345510765.0,27345510765.0,0.01,-0.02,-0.42,44.86
5392,300004,南风股份,9.17,-3.37,-0.32,453414.0,420435390.17,4.0,9.5,9.12,9.45,9.49,0.66,9.45,-211.01,2.48,4401541294.0,4401541294.0,0.0,-0.11,-32.32,-25.14
5393,688652,京仪装备,143.57,-3.37,-5.01,49011.0,697564472.0,6.19,147.0,137.81,146.0,148.58,0.76,4.06,129.83,10.83,24119760000.0,17336077500.0,-0.28,-0.16,9.86,46.22
5394,603988,中电电机,20.06,-3.37,-0.7,95653.0,194276677.0,6.89,21.1,19.67,20.67,20.76,0.9,4.07,501.77,7.19,4718112000.0,4718112000.0,0.0,0.05,-7.22,-17.31
5395,920161,龙辰科技,26.58,-3.38,-0.93,39027.0,104813149.42,3.74,27.49,26.46,26.97,27.51,0.66,10.58,33.71,3.57,3614718952.0,980771167.0,0.15,0.11,-29.14,188.6
5396,300821,东岳硅材,15.74,-3.38,-0.55,601972.0,943808308.55,4.48,16.08,15.35,16.08,16.29,0.57,5.02,22.03,3.54,18888000000.0,18884706405.0,0.06,0.06,0.45,35.22
5397,688480,赛恩斯,75.0,-3.45,-2.68,10065.0,75466604.0,4.2,76.96,73.7,76.05,77.68,1.0,1.06,52.49,5.82,7149463425.0,7149463425.0,0.09,0.67,-17.86,46.86
5398,605599,菜百股份,16.51,-3.45,-0.59,137531.0,230422417.0,6.55,17.46,16.34,17.3,17.1,1.23,1.77,8.06,2.88,12841111478.0,12841111478.0,0.06,0.06,8.33,5.9
5399,301611,珂玛科技,99.34,-3.46,-3.56,119853.0,1173131122.73,7.11,101.56,94.24,100.48,102.9,0.82,8.18,220.43,23.34,43312240000.0,14561330513.0,0.0,0.14,11.26,16.01
5400,300567,精测电子,206.28,-3.47,-7.42,89266.0,1817035098.41,6.96,211.88,197.0,209.41,213.7,1.4,3.93,337.76,14.0,57706176299.0,46835817273.0,0.0,-0.05,11.97,126.68
5401,300907,康平科技,49.73,-3.47,-1.79,44434.0,219776974.0,6.54,51.18,47.81,51.18,51.52,1.06,4.63,70.2,5.95,4774080000.0,4774080000.0,-0.4,0.02,24.17,69.09
5402,600460,士兰微,34.32,-3.49,-1.24,1746952.0,5952299999.0,5.93,35.16,33.05,34.18,35.56,1.07,10.5,55.35,4.62,57110945720.0,57110945720.0,0.0,0.06,4.89,21.14
5403,600227,赤天化,3.81,-3.54,-0.14,2227487.0,866589495.0,9.87,4.09,3.7,3.9,3.95,0.8,17.43,-56.51,2.87,6434052480.0,4867655249.0,0.0,0.0,22.9,60.08
5404,688409,富创精密,199.92,-3.54,-7.33,78188.0,1550353663.0,6.27,205.0,192.0,205.0,207.25,1.07,2.55,264.12,13.55,61217657338.0,61217657338.0,-0.04,-0.18,40.69,196.62
5405,920856,浩淼科技,12.5,-3.55,-0.46,23252.0,29501064.73,3.63,12.95,12.48,12.76,12.96,0.44,4.38,209.88,2.58,1189082850.0,663250463.0,0.0,-0.79,19.05,-24.65
5406,688115,思林杰,63.37,-3.58,-2.35,24649.0,156841034.0,5.86,66.0,62.15,64.67,65.72,1.03,2.64,280.58,4.65,5914829060.0,5914829060.0,0.25,-0.5,66.28,35.41
5407,000703,恒逸石化,18.34,-3.58,-0.68,1191168.0,2207488955.09,7.26,19.38,18.0,19.29,19.02,0.83,3.13,5.94,2.18,70087449776.0,69735830711.0,0.38,0.49,42.83,71.08
5408,688627,精智达,448.61,-3.58,-16.68,43182.0,1923538268.0,5.82,458.87,431.79,450.0,465.29,0.79,4.59,431.68,23.62,42226831166.0,42226831166.0,0.0,-0.17,28.41,100.84
5409,603801,志邦家居,6.7,-3.6,-0.25,491964.0,324029858.0,8.63,6.86,6.26,6.56,6.95,1.45,11.33,-7.71,0.98,2910154936.0,2910154936.0,-0.74,-1.03,-7.71,-23.52
5410,603225,新凤鸣,18.99,-3.6,-0.71,187690.0,356986663.0,5.74,19.83,18.7,19.71,19.7,1.18,1.12,21.67,1.54,31855606882.0,31685682463.0,-0.05,0.0,6.69,-1.4
5411,688019,安集科技,233.6,-3.6,-8.72,58626.0,1369329100.0,4.06,238.23,228.38,238.0,242.32,0.77,2.57,64.22,11.75,53344088445.0,53344088445.0,-0.03,-0.06,13.52,39.67
5412,002249,大洋电机,6.69,-3.6,-0.25,666639.0,442595652.59,2.74,6.72,6.53,6.65,6.94,2.09,3.58,19.74,1.69,16504144054.0,12468665675.0,-0.15,0.15,-22.48,-37.48
5413,002850,科达利,177.18,-3.61,-6.63,35514.0,637982268.06,3.85,184.14,177.07,181.5,183.81,0.77,1.69,26.9,3.36,50732335121.0,37147715959.0,0.05,-0.08,1.83,14.04
5414,688088,虹软科技,29.32,-3.62,-1.1,92397.0,267778444.0,4.87,29.88,28.4,29.7,30.42,1.87,2.3,76.24,4.29,11762316128.0,11762316128.0,0.1,0.14,-27.05,-40.65
5415,000792,盐湖股份,27.45,-3.62,-1.03,762406.0,2114147007.63,4.6,28.59,27.28,28.38,28.48,1.21,1.44,12.0,3.25,145253666250.0,145252371434.0,0.11,0.18,-9.64,-2.52
5416,920083,金戈新材,42.89,-3.62,-1.61,73517.0,332586654.62,12.81,48.5,42.8,43.0,44.5,0.92,19.33,68.23,6.0,3828767740.0,1630815992.0,0.02,-0.33,344.46,344.46
5417,301717,超纯应材,375.8,-3.64,-14.19,35815.0,1355214347.46,6.93,389.98,362.94,373.0,389.99,0.62,20.55,153.31,15.47,38273784673.0,6548828343.0,0.0,0.21,469.48,469.48
5418,300131,英唐智控,16.28,-3.67,-0.62,541980.0,879783758.49,4.02,16.64,15.96,16.5,16.9,0.78,5.2,1133.9,10.71,18478117216.0,16968115160.0,0.12,0.0,-3.04,11.05
5419,300443,金雷股份,18.65,-3.67,-0.71,75167.0,138247257.72,4.18,18.7,17.89,18.4,19.36,2.18,3.1,20.94,0.93,5970510253.0,4515291261.0,0.05,0.05,-31.08,-33.46
5420,600397,江钨装备,17.56,-3.68,-0.67,811409.0,1432651420.0,5.54,18.21,17.2,18.0,18.23,0.76,8.2,3260.08,90.04,17383695528.0,17383695528.0,-0.11,-0.17,31.24,131.05
5421,002542,*ST中岩,1.82,-3.7,-0.07,319915.0,59441990.0,4.23,1.9,1.82,1.85,1.89,0.9,1.82,-9.58,-11.49,3287132463.0,3201816860.0,0.0,-0.55,7.06,-45.51
5422,688353,华盛锂电,88.48,-3.72,-3.42,57323.0,506337470.0,5.61,91.51,86.35,90.5,91.9,0.77,3.59,31.66,3.87,14112560000.0,14112560000.0,-0.02,-0.01,2.65,-22.18
5423,002841,视源股份,46.91,-3.73,-1.82,69582.0,326569533.38,5.73,48.95,46.16,48.34,48.73,1.3,1.33,33.21,2.5,32798840826.0,24456314872.0,0.0,0.0,26.34,20.56
5424,600489,中金黄金,26.24,-3.74,-1.02,1095869.0,2892912182.0,5.94,27.45,25.83,27.45,27.26,0.96,2.26,13.36,4.16,127193481679.0,127193481679.0,0.0,0.0,18.73,14.59
5425,688800,瑞可达,61.79,-3.75,-2.41,136510.0,860471848.0,6.54,65.85,61.65,63.56,64.2,0.89,4.73,80.35,7.44,17819434089.0,17819434089.0,0.0,-0.06,-27.22,4.46
5426,920038,森合高科,37.82,-3.77,-1.48,48866.0,185255765.99,7.28,39.86,37.0,39.45,39.3,1.09,14.3,16.16,2.89,3952386702.0,1292161183.0,0.24,0.19,30.14,30.14
5427,301328,维峰电子,55.17,-3.77,-2.16,27892.0,156047989.89,5.06,57.4,54.5,56.6,57.33,1.03,2.42,83.43,4.4,8791102876.0,6353601466.0,0.04,-0.31,2.62,69.23
5428,002812,恩捷股份,53.79,-3.77,-2.11,214826.0,1157249262.31,5.64,55.91,52.76,55.59,55.9,1.04,2.61,32.17,2.03,52785123083.0,44248238590.0,0.0,-0.11,-22.09,-5.03
5429,688809,强一股份,421.7,-3.83,-16.8,14429.0,603067720.0,5.82,435.5,410.0,430.0,438.5,0.83,5.57,121.94,13.49,54635156810.0,10927050760.0,-0.12,-0.23,-7.79,64.86
5430,688179,阿拉丁,20.25,-3.85,-0.81,151099.0,303209123.0,6.32,20.95,19.62,20.85,21.06,0.65,4.17,53.97,5.43,7330622654.0,7330622654.0,0.3,0.25,0.15,63.97
5431,002396,星网锐捷,30.84,-3.87,-1.24,684879.0,2124165522.18,3.58,31.66,30.51,30.89,32.08,0.8,9.04,31.47,3.24,23455496832.0,23358681869.0,0.03,-0.23,41.6,33.28
5432,002842,翔鹭钨业,37.41,-3.88,-1.51,284705.0,1063538452.84,5.73,38.63,36.4,38.15,38.92,0.78,10.61,12.21,8.65,12239520307.0,10043176850.0,-0.03,0.03,17.05,161.24
5433,300546,雄帝科技,18.54,-3.89,-0.75,232321.0,438366474.0,11.35,20.19,18.0,18.28,19.29,1.9,16.84,-121.99,3.09,3479025271.0,2557886358.0,-0.05,0.0,5.52,-29.1
5434,002552,宝鼎科技,55.6,-3.89,-2.25,385390.0,2139412611.26,8.8,58.45,53.36,55.99,57.85,0.96,10.46,79.33,13.17,21571984404.0,20488782868.0,-0.11,-0.2,-4.02,236.77
5435,300530,领湃科技,19.02,-3.89,-0.77,94119.0,179443062.0,7.48,20.09,18.61,19.44,19.79,1.77,5.47,-25.64,44.98,3270514753.0,3270514753.0,0.0,0.05,-12.07,-28.76
5436,688708,佳驰科技,39.65,-3.9,-1.61,32217.0,127374398.0,6.47,41.17,38.5,41.17,41.26,2.51,2.26,154.06,4.75,15878936840.0,5659797618.0,0.13,0.18,-21.78,-35.79
5437,600362,江西铜业,44.15,-3.92,-1.8,542380.0,2403270873.0,4.74,45.77,43.59,45.77,45.95,0.99,2.61,13.56,1.84,152879503231.0,91622172931.0,0.0,0.02,3.74,-18.72
5438,603039,泛微网络,40.1,-3.93,-1.64,130826.0,530884791.0,4.46,41.86,40.0,41.5,41.74,0.61,4.25,53.75,4.6,12336329755.0,12336329755.0,-0.32,-0.25,-0.5,-9.99
5439,301093,华兰股份,75.36,-3.93,-3.08,70206.0,521822859.61,7.46,78.27,72.42,78.18,78.44,0.92,3.45,6586.41,7.32,16061580269.0,15334555521.0,-0.01,-0.11,-22.9,91.9
5440,600265,*ST景谷,22.94,-3.98,-0.95,15022.0,34334129.0,5.4,23.7,22.41,23.56,23.89,1.49,1.16,-7112.32,9.02,2977612000.0,2977612000.0,0.0,-0.09,-10.63,14.19
5441,920651,天罡股份,26.02,-3.99,-1.08,8327.0,21770321.27,5.06,26.88,25.51,26.83,27.1,0.86,2.01,36.3,3.12,1587220000.0,1078981045.0,0.58,0.27,11.53,-38.92
5442,002647,仁东控股,11.28,-4.0,-0.47,470273.0,537533758.0,5.7,11.85,11.18,11.62,11.75,1.16,4.63,67.78,20.49,12749689891.0,11452489891.0,-0.27,0.36,-11.88,40.65
5443,002216,三全食品,11.9,-4.03,-0.5,108928.0,130059093.82,3.31,12.12,11.71,12.0,12.4,1.61,1.73,14.34,2.41,10462290171.0,7502978429.0,-0.08,0.0,-8.39,11.01
5444,603307,扬州金泉,25.43,-4.04,-1.07,24197.0,62524299.0,6.68,26.65,24.88,26.49,26.5,2.68,2.49,18.87,1.82,2510237260.0,2470524500.0,0.28,0.32,-6.37,-3.75
5445,002805,丰元股份,18.73,-4.05,-0.79,191671.0,358854874.16,5.48,19.39,18.32,19.29,19.52,1.41,6.87,17.05,5.61,5245570775.0,5222210906.0,-0.11,-0.05,-12.56,5.64
5446,920701,豪声电子,12.55,-4.05,-0.53,19629.0,24567768.4,6.42,13.08,12.24,12.96,13.08,1.04,1.96,156.68,2.15,1721860000.0,1257600862.0,-0.16,-0.4,-3.98,-29.85
5447,601918,新集能源,10.47,-4.12,-0.45,529959.0,563258345.0,5.22,10.99,10.42,10.72,10.92,1.18,2.05,11.14,1.49,27122972646.0,27122972646.0,0.19,0.29,-6.18,62.58
5448,300697,电工合金,15.05,-4.14,-0.65,185413.0,279071416.6,6.75,15.67,14.61,15.53,15.7,1.03,5.6,27.74,5.01,6511232000.0,4985162000.0,0.0,-0.07,-7.78,-9.45
5449,601100,恒立液压,100.74,-4.16,-4.37,143536.0,1448192976.0,7.75,105.4,97.25,103.22,105.11,2.25,1.07,47.02,7.54,135074306734.0,135074306734.0,-0.16,-0.14,-9.03,-7.87
5450,301500,飞南资源,22.28,-4.17,-0.97,121969.0,274084677.11,7.05,23.56,21.92,23.11,23.25,0.99,8.47,9.64,2.31,12500924049.0,3209448883.0,0.0,0.0,-12.11,42.46
5451,603005,晶方科技,30.33,-4.17,-1.32,477088.0,1426844879.0,5.97,30.87,28.98,30.0,31.65,1.31,7.32,74.52,4.27,19780367843.0,19780367843.0,0.0,0.07,-19.61,10.13
5452,600547,山东黄金,34.97,-4.19,-1.53,1371789.0,4807756269.0,8.93,37.5,34.24,36.9,36.5,0.92,3.8,27.88,5.25,161209235489.0,126397083845.0,0.03,0.06,20.05,-9.0
5453,688396,华润微,58.64,-4.21,-2.58,262572.0,1535118567.0,5.18,59.86,56.69,59.05,61.22,0.9,1.98,53.91,3.32,77886274275.0,77886274275.0,0.02,0.05,-10.54,11.04
5454,000768,中航西飞,20.46,-4.21,-0.9,344756.0,708339042.5,2.72,20.9,20.32,20.7,21.36,1.91,1.24,58.09,2.54,56891283362.0,56805430624.0,-0.05,-0.05,-6.53,-18.91
5455,002759,ST天际,17.57,-4.25,-0.78,236830.0,417235193.3,5.83,18.25,17.18,18.0,18.35,0.79,4.73,19.5,2.51,8809292370.0,8803404505.0,0.0,-0.17,-38.0,-62.16
5456,301285,鸿日达,87.12,-4.25,-3.87,40937.0,354146731.6,8.23,90.99,83.5,90.99,90.99,1.32,1.98,-199.41,19.67,18005090400.0,18005090400.0,-0.47,-0.09,-22.37,28.53
5457,603032,德新科技,19.36,-4.25,-0.86,200046.0,382357774.0,7.76,20.2,18.63,20.2,20.22,3.44,8.59,42.3,3.8,4515282464.0,4508587776.0,0.16,0.16,-22.28,1.26
5458,002466,天齐锂业,47.01,-4.26,-2.09,549762.0,2612593444.76,5.09,49.1,46.6,49.1,49.1,1.14,3.73,10.73,1.74,80533075828.0,69380245072.0,0.02,0.02,-24.38,-15.11
5459,301598,博科测试,53.1,-4.26,-2.36,29537.0,156462635.13,7.74,54.9,50.61,54.9,55.46,2.86,16.38,25.76,3.15,3127442541.0,957345104.0,0.02,-0.11,-8.92,-13.63
5460,688072,拓荆科技,654.99,-4.26,-29.14,58194.0,3787903439.0,6.52,677.97,633.35,677.57,684.13,0.92,2.06,70.9,14.97,190391827730.0,185161095930.0,0.06,0.15,12.34,98.68
5461,920284,灵鸽科技,15.94,-4.26,-0.71,35211.0,56592113.14,4.38,16.53,15.8,16.5,16.65,1.45,5.25,-289.13,5.33,1670283181.0,1068947574.0,0.25,0.0,-44.25,-57.21
5462,688585,上纬新材,143.11,-4.26,-6.36,47609.0,675945161.0,6.36,147.0,137.5,145.03,149.47,0.56,1.18,-173.31,49.04,57725096894.0,57725096894.0,-0.01,-0.15,-17.24,12.36
5463,000973,佛塑科技,14.04,-4.29,-0.63,479007.0,677542663.11,4.57,14.58,13.91,14.4,14.67,0.78,4.73,15.5,3.78,34513644195.0,14204902271.0,0.0,-0.43,-4.55,-4.42
5464,920779,武汉蓝电,24.37,-4.32,-1.1,26320.0,64444352.17,4.04,25.19,24.16,25.0,25.47,2.16,13.15,44.12,4.26,1951099242.0,487887449.0,0.29,0.41,-14.16,-26.46
5465,603823,百合花,66.95,-4.33,-3.03,266751.0,1804433360.0,8.4,71.44,65.56,67.01,69.98,1.42,6.41,120.68,11.05,27875817783.0,27875817783.0,-0.04,0.01,139.62,348.73
5466,688401,路维光电,66.02,-4.35,-3.0,51190.0,338578892.0,5.95,68.11,64.0,68.1,69.02,0.99,2.65,49.68,5.24,13558509443.0,12764938942.0,0.0,0.03,-8.91,36.38
5467,920178,锐翔智能,89.3,-4.37,-4.08,8706.0,77774013.39,6.39,92.48,86.51,92.48,93.38,0.85,4.52,45.06,6.29,5888269919.0,1719490610.0,-0.07,-0.13,-38.42,203.02
5468,000670,盈方微,6.99,-4.38,-0.32,679327.0,464643876.78,7.11,7.1,6.58,7.05,7.31,0.94,8.18,-180.21,182.65,5913151894.0,5804846038.0,-0.14,-0.14,-17.76,-5.28
5469,000657,中钨高新,63.81,-4.42,-2.95,788191.0,5027663482.39,5.78,65.86,62.0,65.7,66.76,0.82,5.42,35.01,12.89,145397746764.0,92744772567.0,-0.02,0.06,1.37,132.21
5470,603399,永杉锂业,14.53,-4.47,-0.68,577211.0,847676799.0,5.26,15.2,14.4,14.98,15.21,0.84,11.27,14.04,4.6,7443583130.0,7443583130.0,0.0,-0.07,-23.24,39.85
5471,300716,*ST泉为,19.0,-4.52,-0.9,41014.0,81756729.0,9.2,20.83,19.0,19.9,19.9,1.15,2.56,-50.34,-17.03,3040380000.0,3040380000.0,-0.16,-0.05,25.33,58.73
5472,300323,华灿光电,11.36,-4.54,-0.54,829644.0,931441430.56,5.29,11.48,10.85,11.01,11.9,1.01,9.31,4490.38,2.79,18437266334.0,10123658688.0,-0.09,0.0,-24.32,42.36
5473,688147,微导纳米,111.97,-4.54,-5.33,109229.0,1216092624.0,6.69,116.36,108.51,116.36,117.3,0.97,2.35,618.59,17.85,52005937674.0,52005937674.0,0.57,0.3,43.81,78.72
5474,300615,欣天科技,16.03,-4.58,-0.77,359794.0,590706702.13,9.35,17.43,15.86,16.79,16.8,1.01,23.5,-33.72,6.88,3093616876.0,2453988826.0,0.0,0.19,36.54,21.16
5475,002497,雅化集团,18.64,-4.61,-0.9,485091.0,918218590.93,5.42,19.63,18.57,19.3,19.54,1.26,4.58,15.85,1.96,21483765373.0,19750713144.0,0.05,0.16,-19.72,-24.5
5476,600353,旭光电子,35.31,-4.62,-1.71,829528.0,2962593372.0,5.54,36.95,34.9,35.46,37.02,0.84,10.01,219.24,15.6,29265322024.0,29265322024.0,0.09,0.09,57.7,120.0
5477,002528,*ST英飞,5.75,-4.64,-0.28,492611.0,301535324.23,13.76,6.54,5.71,6.0,6.03,1.88,4.69,-31.22,-31.71,6892381722.0,6038762568.0,0.0,-1.37,32.18,114.55
5478,002460,赣锋锂业,53.05,-4.64,-2.58,459700.0,2474969636.43,5.12,55.77,52.92,54.6,55.63,1.08,3.8,15.14,2.41,111229638132.0,64255116916.0,0.0,0.06,-23.9,-15.44
5479,300373,扬杰科技,93.25,-4.65,-4.55,216760.0,2011179622.5,6.0,95.55,89.68,95.0,97.8,0.85,4.0,32.87,5.06,50667181138.0,50554868320.0,-0.01,0.25,-6.05,38.15
5480,301599,理奇智能,33.71,-4.69,-1.66,71598.0,242014163.8,6.33,35.17,32.93,34.7,35.37,1.01,13.09,61.48,6.72,14549236000.0,1843955069.0,-0.12,-0.18,-38.47,142.34
5481,301026,浩通科技,20.76,-4.77,-1.04,127008.0,264347768.4,6.01,21.6,20.29,21.48,21.8,1.09,7.94,15.77,2.66,4600075142.0,3322280928.0,0.1,0.05,-12.22,4.01
5482,000639,ST西王,1.77,-4.84,-0.09,870569.0,156748185.4,5.91,1.86,1.75,1.82,1.86,0.91,8.07,4.31,1.08,1910587728.0,1910584457.0,-0.56,-0.56,9.94,-46.53
5483,920857,泓禧科技,20.21,-4.85,-1.03,13654.0,28725510.22,7.3,21.68,20.13,21.2,21.24,1.04,1.85,-20.41,4.39,1495684542.0,1495684542.0,-0.1,-0.05,-5.82,-42.89
5484,301216,万凯新材,18.2,-4.86,-0.93,427188.0,776921038.63,7.37,19.2,17.79,19.13,19.13,2.25,7.84,9.4,1.61,10559719334.0,9911916123.0,0.05,-0.05,-26.97,8.92
5485,003031,中瓷电子,128.0,-4.9,-6.6,115626.0,1481613858.81,5.16,131.89,124.95,128.01,134.6,0.71,3.4,71.68,9.07,57734765952.0,43540057088.0,0.15,0.21,-6.07,76.02
5486,688388,嘉元科技,28.31,-4.94,-1.47,380541.0,1076726585.0,4.7,29.02,27.62,28.95,29.78,1.27,5.77,24.44,2.24,18681975861.0,18681975861.0,0.0,-0.04,-10.38,0.14
5487,000975,山金国际,27.8,-4.99,-1.46,558773.0,1571228869.14,6.46,29.39,27.5,29.26,29.26,0.84,2.21,15.95,4.84,77076262721.0,70145371913.0,0.04,0.11,22.47,16.56
5488,003013,地铁设计,18.05,-5.0,-0.95,154034.0,284022655.38,7.32,18.88,17.49,18.27,19.0,1.87,3.83,28.86,2.5,8316678308.0,7264698948.0,0.56,1.98,23.63,30.23
5489,002903,宇环数控,31.04,-5.02,-1.64,196964.0,615503351.38,5.35,32.35,30.6,32.1,32.68,0.91,18.31,-139.71,6.2,4831732960.0,3338847057.0,0.03,-0.13,-21.12,34.96
5490,600449,宁夏建材,12.54,-5.07,-0.67,210436.0,269373017.0,5.83,13.29,12.52,12.98,13.21,1.17,4.4,-331.23,0.82,5996390267.0,5996390267.0,-0.08,-0.24,-12.55,2.79
5491,688315,诺禾致源,16.07,-5.08,-0.86,174875.0,281312532.0,7.38,17.01,15.76,17.01,16.93,0.9,4.2,56.78,2.52,6688334000.0,6688334000.0,-0.06,-0.06,11.29,21.37
5492,301419,阿莱德,39.0,-5.11,-2.1,119448.0,464818211.54,11.0,42.2,37.68,41.72,41.1,0.93,12.05,100.47,6.33,5850000000.0,3867171750.0,0.05,0.15,4.28,45.63
5493,600331,宏达股份,12.37,-5.21,-0.68,500545.0,626962198.0,5.9,13.05,12.28,13.05,13.05,1.19,2.46,-242.38,10.49,32676592000.0,25135840000.0,-0.08,-0.08,-12.64,-3.28
5494,301358,湖南裕能,62.54,-5.24,-3.46,224854.0,1416413968.1,5.82,65.65,61.81,65.0,66.0,0.73,2.94,9.11,2.59,53017137891.0,47801171621.0,0.11,0.13,-26.48,-2.74
5495,601958,金钼股份,22.07,-5.24,-1.22,853686.0,1907648870.0,6.44,23.3,21.8,23.28,23.29,1.56,2.65,20.45,3.45,71211159108.0,71211159108.0,-0.05,-0.09,-3.2,45.39
5496,603065,宿迁联盛,17.82,-5.26,-0.99,485877.0,883992268.0,8.08,19.12,17.6,18.25,18.81,1.0,11.6,343.17,3.9,7466002133.0,7466002133.0,0.0,-0.06,134.17,120.0
5497,301234,五洲医疗,104.0,-5.45,-6.0,29507.0,305573914.44,8.62,106.48,97.0,105.0,110.0,0.89,7.32,230.16,9.27,7072000000.0,4193074704.0,-0.37,-0.09,158.0,145.86
5498,688185,康希诺,71.35,-5.5,-4.15,134641.0,962638691.0,7.68,73.8,68.0,72.52,75.5,1.31,11.77,-109.01,3.58,17626575201.0,8160506486.0,-0.34,-0.11,25.15,13.52
5499,601997,贵阳银行,5.47,-5.53,-0.32,1500078.0,822236040.0,2.94,5.6,5.43,5.59,5.79,3.43,4.1,4.24,0.3,19999403476.0,19999403476.0,0.18,0.18,-4.2,-1.8
5500,600894,广日股份,7.29,-5.57,-0.43,142776.0,102990870.0,3.89,7.35,7.05,7.33,7.72,3.7,1.69,23.51,0.71,6176133409.0,6146523004.0,-0.14,-0.14,-13.83,-17.63
5501,300776,帝尔激光,111.25,-5.65,-6.66,85533.0,954586150.49,7.39,116.91,108.2,114.91,117.91,1.02,4.77,51.88,6.43,31732333230.0,19948489481.0,-0.34,-0.12,-23.6,80.16
5502,300139,晓程科技,55.02,-5.67,-3.31,617903.0,3441232053.24,7.61,58.47,54.03,57.75,58.33,1.07,26.44,135.31,12.78,15075480000.0,12855930560.0,0.0,-0.04,26.45,81.82
5503,301213,观想科技,40.1,-5.69,-2.42,19901.0,79059272.0,5.17,40.51,38.31,39.0,42.52,1.57,2.75,-1308.49,5.7,4491199920.0,2903058267.0,-0.22,-0.1,-14.81,-18.58
5504,688200,华峰测控,382.73,-5.73,-23.26,58022.0,2214504881.0,7.98,404.41,372.01,404.4,405.99,1.63,2.89,203.94,19.02,76851521494.0,76851521494.0,0.16,0.1,50.56,199.62
5505,001332,锡装股份,28.48,-5.88,-1.78,44879.0,124673655.06,8.03,29.66,27.23,28.15,30.26,2.98,6.68,22.55,1.68,4405457280.0,1913995580.0,-0.07,-0.14,-40.65,-28.41
5506,688545,兴福电子,76.63,-5.94,-4.84,115484.0,882310012.0,7.12,79.8,74.0,78.5,81.47,0.75,6.34,112.04,9.29,27586800000.0,13965817500.0,-0.09,-0.2,3.6,105.72
5507,300666,江丰电子,235.5,-5.95,-14.9,195787.0,4538650747.3,5.98,238.98,224.0,233.01,250.4,1.23,8.84,60.21,8.91,64991190047.0,52149977691.0,0.14,0.11,25.23,157.04
5508,301179,泽宇智能,19.95,-5.98,-1.27,112113.0,224342397.17,7.07,20.98,19.48,20.81,21.22,2.24,4.72,68.38,3.23,8067931002.0,4737626829.0,-0.05,-0.1,-14.19,27.72
5509,300619,金银河,25.78,-5.98,-1.64,113368.0,291222573.38,7.73,27.0,24.88,26.6,27.42,1.94,5.95,194.43,3.63,5831424528.0,4909348458.0,0.0,-0.08,-18.6,-23.59
5510,002716,湖南白银,10.77,-6.02,-0.69,4744843.0,5251667582.28,10.38,11.7,10.51,11.55,11.46,1.52,20.43,90.41,7.48,30404664717.0,25013063009.0,-0.09,-0.09,14.7,55.64
5511,000711,ST京蓝,6.2,-6.06,-0.4,1531737.0,976564236.82,7.42,6.67,6.18,6.54,6.6,1.12,6.5,123.39,25.08,18311682783.0,14613492132.0,-0.16,-0.64,5.62,262.57
5512,600604,市北高新,4.64,-6.07,-0.3,598424.0,276853554.0,7.09,4.9,4.55,4.9,4.94,2.28,4.25,-61.11,1.44,8692134291.0,6530590291.0,0.43,0.65,1.75,-16.25
5513,600594,益佰制药,3.84,-6.11,-0.25,896328.0,343976360.0,8.56,4.05,3.7,4.05,4.09,2.25,11.43,-18.75,1.43,3012072576.0,3012072576.0,-0.78,-0.78,4.92,-3.52
5514,002192,融捷股份,72.15,-6.12,-4.7,340005.0,2491756643.32,5.53,75.88,71.63,75.2,76.85,1.24,13.12,9.35,4.12,18734122896.0,18695337798.0,0.04,0.07,-11.25,40.02
5515,600961,株冶集团,26.09,-6.22,-1.73,621184.0,1637876741.0,7.19,27.7,25.7,27.6,27.82,1.09,8.26,7.18,4.78,27991248821.0,19614785464.0,0.0,-0.08,4.61,62.05
5516,002738,中矿资源,50.35,-6.22,-3.34,336260.0,1713947530.45,8.21,53.69,49.28,53.69,53.69,1.5,4.73,16.52,2.77,36724528557.0,35799618542.0,0.0,0.16,-17.23,-35.49
5517,001203,大中矿业,26.1,-6.35,-1.77,274999.0,729356343.54,7.0,27.75,25.8,27.41,27.87,1.02,2.11,62.12,5.56,40013399354.0,34085520034.0,-0.23,-0.27,-30.33,-14.29
5518,688432,有研硅,45.22,-6.36,-3.07,552525.0,2500300094.0,6.23,46.93,43.92,46.07,48.29,0.75,4.42,212.83,12.39,56538650019.0,56538650019.0,-0.07,-0.48,152.77,265.86
5519,601020,华钰矿业,21.8,-6.4,-1.49,398901.0,879908098.0,7.17,23.07,21.4,23.0,23.29,1.18,4.86,146.24,4.22,17875230416.0,17875230416.0,-0.05,-0.05,-11.95,-18.6
5520,002756,永兴材料,44.64,-6.51,-3.11,189966.0,859211045.55,5.28,46.87,44.35,46.5,47.75,1.64,4.82,12.55,1.79,24065492746.0,17576305937.0,-0.04,0.29,-27.77,-17.12
5521,688433,华曙高科,99.1,-6.51,-6.9,115375.0,1148653778.0,11.79,105.42,92.92,104.05,106.0,1.23,2.78,2441.3,19.22,41183734908.0,41183734908.0,0.01,-0.06,10.01,49.88
5522,000426,兴业银锡,39.5,-6.6,-2.79,949069.0,3776710853.27,6.41,41.5,38.79,41.5,42.29,0.94,5.35,13.11,6.6,70137611691.0,70120615828.0,0.0,0.03,-0.48,10.96
5523,002882,金龙羽,22.18,-6.65,-1.58,227579.0,513002627.57,8.54,23.99,21.96,23.72,23.76,2.72,9.21,125.06,4.55,9601722000.0,5478239043.0,0.09,0.23,-2.93,-26.21
5524,000925,众合科技,8.37,-6.69,-0.6,859130.0,725081399.86,9.14,9.01,8.19,9.01,8.97,2.74,12.8,-173.97,1.75,5661215711.0,5617546785.0,0.24,0.12,7.45,-6.69
5525,301656,联合动力,15.32,-6.76,-1.11,111316.0,167265373.86,5.72,15.6,14.66,15.6,16.43,2.64,5.47,-209.1,3.91,36841396741.0,3119634840.0,0.07,0.13,-15.36,-41.97
5526,002240,盛新锂能,30.7,-6.77,-2.23,605326.0,1877895125.62,5.98,32.17,30.2,31.34,32.93,1.38,6.63,13.89,2.49,28099521870.0,28022997515.0,-0.13,-0.07,-29.84,-10.83
5527,000931,中 关 村,5.22,-6.79,-0.38,1325547.0,691985913.77,8.57,5.52,5.04,5.49,5.6,3.23,17.65,-65.97,2.47,3931322846.0,3920374157.0,-0.19,0.19,20.83,7.63
5528,300972,万辰集团,189.01,-6.85,-13.89,48246.0,933269957.96,13.58,212.01,184.45,204.51,202.9,3.68,2.66,14.81,19.46,37298017688.0,34267714296.0,-0.25,0.26,-2.26,-5.6
5529,688275,万润新能,81.1,-7.05,-6.15,64335.0,528292636.0,7.08,86.23,80.05,86.23,87.25,1.14,5.1,6.38,1.86,10228207349.0,10228207349.0,-0.14,-0.16,-40.36,7.56
5530,603565,中谷物流,12.53,-7.32,-0.99,800419.0,1025902442.0,9.76,13.7,12.38,13.7,13.52,2.17,3.81,12.48,2.52,26313790681.0,26313790681.0,0.08,0.0,17.21,27.86
5531,002132,恒星科技,4.81,-7.5,-0.39,2252208.0,1091336186.32,10.77,5.24,4.68,5.19,5.2,2.33,16.1,29.75,1.94,6741429997.0,6730086637.0,0.0,-0.21,0.42,37.43
5532,300390,天华新能,62.11,-7.62,-5.12,480904.0,3040079495.21,7.05,66.2,61.46,65.66,67.23,1.02,6.76,11.25,3.76,51597931443.0,44190731102.0,0.0,-0.11,-26.81,13.73
5533,000506,招金黄金,20.61,-7.74,-1.73,1006232.0,2121703576.84,8.95,22.3,20.3,22.3,22.34,0.85,10.83,42.21,21.23,19147056054.0,19140650466.0,0.0,0.1,46.17,57.81
5534,601069,西部黄金,31.38,-7.92,-2.7,466572.0,1482538328.0,7.57,33.26,30.68,33.0,34.08,1.13,5.26,26.15,5.56,28587152480.0,27839973341.0,-0.03,-0.13,14.86,18.33
5535,300839,博汇股份,12.97,-8.14,-1.15,324256.0,419934748.5,10.62,14.08,12.58,13.96,14.12,2.0,11.45,19.98,4.64,3737097215.0,3672862732.0,-0.08,0.08,-23.25,7.72
5536,301081,严牌股份,13.67,-8.5,-1.27,127700.0,177683071.0,12.18,15.24,13.42,15.18,14.94,1.66,5.69,270.16,2.84,3194863340.0,3068675980.0,0.07,0.29,-30.15,35.62
5537,000688,国城矿业,30.97,-8.64,-2.93,313975.0,991615461.11,9.35,33.68,30.51,33.56,33.9,1.41,2.65,25.98,12.89,36701546855.0,36701413064.0,0.0,0.16,-21.22,11.93
5538,000603,盛达资源,36.27,-9.01,-3.59,951034.0,3512665058.56,9.41,39.7,35.95,39.7,39.86,1.18,14.26,32.08,6.66,25025188179.0,24181802341.0,-0.03,-0.06,17.95,17.61
5539,688653,康希通信,13.9,-9.27,-1.42,308202.0,436893467.0,10.97,15.4,13.72,15.11,15.32,1.45,9.74,107.21,4.02,5900272000.0,4398121198.0,-0.07,0.07,-1.77,14.4
5540,603156,养元饮品,42.96,-9.99,-4.77,219498.0,947448646.0,4.27,45.0,42.96,44.0,47.73,1.01,1.74,31.7,6.17,54141524235.0,54141524235.0,0.0,0.0,4.96,54.81
5541,603226,菲林格尔,36.14,-10.01,-4.02,42231.0,154932295.0,6.23,38.64,36.14,38.64,40.16,1.13,1.19,-224.63,15.09,12847472568.0,12847472568.0,0.0,0.0,-23.11,14.29
5542,002731,*ST萃华,1.15,-10.16,-0.13,608838.0,73957382.88,12.5,1.31,1.15,1.2,1.28,1.45,26.51,1.27,0.16,294579400.0,264104860.0,0.0,0.0,-73.56,-90.84
5543,300901,中胤时尚,16.65,-12.83,-2.45,103176.0,173502827.25,10.37,18.03,16.05,18.0,19.1,1.59,4.3,651.46,4.11,3996000000.0,3996000000.0,0.42,0.6,8.68,1.96
5544,688093,世华科技,21.51,-13.55,-3.37,92362.0,192930888.0,7.84,21.98,20.03,21.98,24.88,4.61,3.29,24.64,2.14,6031033834.0,6031033834.0,0.0,0.09,-29.29,-41.15
5545,688717,艾罗能源,49.16,-16.04,-9.39,157039.0,771665917.0,9.15,52.7,47.34,51.22,58.55,2.11,15.85,-111.94,1.82,7865600000.0,4869190241.0,-0.08,0.1,-54.08,-20.19
5546,301117,ST佳缘,14.18,-19.98,-3.54,19879.0,28188422.0,0.0,14.18,14.18,14.18,17.72,0.25,1.72,-26.52,2.07,2564255444.0,1642823687.0,0.0,0.0,-47.81,-62.72
5547,920680,广道退,,,,,,,,,,0.86,,0.0,,,,,,,0.0,0.0
5548,920305,云创退,,,,,,,,,,0.4,,0.0,,,,,,,-88.8,-96.04
5549,920289,华汇智能,,,,,,,,,,17.71,,0.0,,,,,,,0.0,0.0
5550,920288,华大海天,,,,,,,,,,12.57,,0.0,,,,,,,0.0,0.0
5551,920269,杰锋动力,,,,,,,,,,30.7,,0.0,,,,,,,0.0,0.0
5552,920071,金钛股份,,,,,,,,,,9.72,,0.0,,,,,,,0.0,0.0
5553,833994,翰博高新,,,,,,,,,,32.9,,0.0,,,,,,,0.0,0.0
5554,833874,泰祥股份,,,,,,,,,,20.13,,0.0,,,,,,,2.55,2.55
5555,832317,观典防务,,,,,,,,,,21.88,,0.0,,,,,,,0.0,0.0
5556,810014,莱特定转,,,,,,,,,,100.0,,0.0,,,,200000000.0,,,0.0,-0.83
5557,810013,万通定转,,,,,,,,,,100.0,,0.0,,,,150000000.0,,,,
5558,810011,优机定转,,,,,,,,,,99.8,,0.0,,,,119760000.0,,,-0.2,-0.7
5559,688801,燧原科技,,,,,,,,,,,,0.0,,,,,,,,
5560,688555,退市泽达,,,,,,,,,,1.12,,0.0,,,,,,,0.0,0.0
5561,688287,退市观典,,,,,,,,,,0.37,,0.0,,,,,,,2.78,-93.97
5562,688086,退市紫晶,,,,,,,,,,0.64,,0.0,,,,,,,0.0,0.0
5563,605081,退市太和,,,,,,,,,,0.4,,0.0,,,,,,,-92.05,-96.27
5564,603996,退市中新,,,,,,,,,,0.39,,0.0,,,,,,,0.0,0.0
5565,603963,*ST大药,,,,,,,,,,1.18,,0.0,,,,,,,0.0,0.0
5566,603603,退市博天,,,,,,,,,,0.39,,0.0,,,,,,,0.0,0.0
5567,603555,ST贵人,,,,,,,,,,0.67,,0.0,,,,,,,0.0,0.0
5568,603448,天博智能,,,,,,,,,,62.65,,0.0,17.32,2.95,5638500000.0,,,,0.0,0.0
5569,603388,*ST元成,,,,,,,,,,0.58,,0.0,,,,,,,0.0,0.0
5570,603157,退市拉夏,,,,,,,,,,0.59,,0.0,,,,,,,0.0,0.0
5571,603133,退市碳元,,,,,,,,,,0.29,,0.0,,,,,,,0.0,0.0
5572,603056,德邦股份,,,,,,,,,,18.85,,0.0,,,,,,,0.0,37.89
5573,603003,退市龙宇,,,,,,,,,,2.44,,0.0,,,,,,,0.0,0.0
5574,601989,中国重工,,,,,,,,,,5.1,,0.0,,,,,,,0.0,0.0
5575,601558,退市锐电,,,,,,,,,,0.25,,0.0,,,,,,,0.0,0.0
5576,601299,中国北车,,,,,,,,,,29.98,,0.0,,,,,,,0.0,0.0
5577,601268,*ST二重,,,,,,,,,,2.35,,0.0,,,,,,,0.0,0.0
5578,601258,*ST庞大,,,,,,,,,,0.4,,0.0,,,,,,,0.0,0.0
5579,601123,马矿股份,,,,,,,,,,6.65,,0.0,8.82,1.77,7388888888.0,,,,0.0,0.0
5580,601028,玉龙股份,,,,,,,,,,12.83,,0.0,,,,,,,0.0,0.0
5581,600991,广汽长丰,,,,,,,,,,17.82,,0.0,,,,,,,0.0,0.0
5582,600978,*ST宜生,,,,,,,,,,0.52,,0.0,,,,,,,0.0,0.0
5583,600899,*ST信联,,,,,,,,,,1.13,,0.0,,,,,,,0.0,0.0
5584,600898,*ST美讯,,,,,,,,,,0.74,,0.0,,,,,,,0.0,0.0
5585,600896,退市海医,,,,,,,,,,1.12,,0.0,,,,,,,0.0,0.0
5586,600891,退市秋林,,,,,,,,,,0.38,,0.0,,,,,,,0.0,0.0
5587,600890,退市中房,,,,,,,,,,0.36,,0.0,,,,,,,0.0,0.0
5588,600878,*ST北科,,,,,,,,,,2.64,,0.0,,,,,,,0.0,0.0
5589,600870,退市厦华,,,,,,,,,,0.6,,0.0,,,,,,,0.0,0.0
5590,600856,退市中天,,,,,,,,,,0.27,,0.0,,,,,,,0.0,0.0
5591,600852,*ST中川,,,,,,,,,,0.72,,0.0,,,,,,,0.0,0.0
5592,600849,上药转换,,,,,,,,,,14.73,,0.0,,,,,,,0.0,0.0
5593,600842,中西药业,,,,,,,,,,13.96,,0.0,,,,,,,0.0,0.0
5594,600840,新湖创业,,,,,,,,,,23.8,,0.0,,,,,,,0.0,0.0
5595,600837,海通证券,,,,,,,,,,10.41,,0.0,,,,,,,0.0,0.0
5596,600836,*ST易连,,,,,,,,,,0.45,,0.0,,,,,,,0.0,0.0
5597,600832,东方明珠,,,,,,,,,,23.18,,0.0,,,,,,,0.0,0.0
5598,600823,*ST世茂,,,,,,,,,,0.43,,0.0,,,,,,,0.0,0.0
5599,600813,ST鞍一工,,,,,,,,,,3.83,,0.0,,,,,,,0.0,0.0
5600,600811,*ST东方,,,,,,,,,,0.36,,0.0,,,,,,,0.0,0.0
5601,600806,退市昆机,,,,,,,,,,1.47,,0.0,,,,,,,0.0,0.0
5602,600804,退市鹏博,,,,,,,,,,0.14,,0.0,,,,,,,0.0,0.0
5603,600799,*ST龙科,,,,,,,,,,0.54,,0.0,,,,,,,0.0,0.0
5604,600788,*ST达曼,,,,,,,,,,0.91,,0.0,,,,,,,0.0,0.0
5605,600786,东方锅炉,,,,,,,,,,82.2,,0.0,,,,,,,0.0,0.0
5606,600781,退市辅仁,,,,,,,,,,0.77,,0.0,,,,,,,0.0,0.0
5607,600772,S*ST龙昌,,,,,,,,,,1.3,,0.0,,,,,,,0.0,0.0
5608,600767,退市运盛,,,,,,,,,,0.42,,0.0,,,,,,,0.0,0.0
5609,600766,退市园城,,,,,,,,,,0.42,,0.0,,,,,,,0.0,0.0
5610,600762,S*ST金荔,,,,,,,,,,0.77,,0.0,,,,,,,0.0,0.0
5611,600752,*ST哈慈,,,,,,,,,,0.84,,0.0,,,,,,,0.0,0.0
5612,600747,退市大控,,,,,,,,,,0.26,,0.0,,,,,,,0.0,0.0
5613,600723,首商股份,,,,,,,,,,8.93,,0.0,,,,,,,0.0,0.0
5614,600709,ST生态,,,,,,,,,,3.02,,0.0,,,,,,,0.0,0.0
5615,600705,中航产融,,,,,,,,,,3.47,,0.0,,,,,,,0.0,0.0
5616,600701,退市工新,,,,,,,,,,0.45,,0.0,,,,,,,0.0,0.0
5617,600700,*ST数码,,,,,,,,,,0.64,,0.0,,,,,,,0.0,0.0
5618,600696,退市岩石,,,,,,,,,,0.74,,0.0,,,,,,,34.55,-74.48
5619,600695,退市绿庭,,,,,,,,,,0.51,,0.0,,,,,,,0.0,0.0
5620,600687,退市刚泰,,,,,,,,,,0.3,,0.0,,,,,,,0.0,0.0
5621,600680,*ST上普,,,,,,,,,,7.69,,0.0,,,,,,,0.0,0.0
5622,600677,*ST航通,,,,,,,,,,3.01,,0.0,,,,,,,0.0,0.0
5623,600672,*ST华圣,,,,,,,,,,0.7,,0.0,,,,,,,0.0,0.0
5624,600670,*ST斯达,,,,,,,,,,2.87,,0.0,,,,,,,0.0,0.0
5625,600669,*ST鞍成,,,,,,,,,,2.19,,0.0,,,,,,,0.0,0.0
5626,600659,*ST花雕,,,,,,,,,,1.41,,0.0,,,,,,,0.0,0.0
5627,600656,退市博元,,,,,,,,,,4.49,,0.0,,,,,,,0.0,0.0
5628,600652,退市游久,,,,,,,,,,1.19,,0.0,,,,,,,0.0,0.0
5629,600647,退市同达,,,,,,,,,,1.52,,0.0,,,,,,,0.0,0.0
5630,600646,ST国嘉,,,,,,,,,,5.82,,0.0,,,,,,,0.0,0.0
5631,600636,退市国化,,,,,,,,,,1.71,,0.0,,,,,,,-31.6,-80.32
5632,600634,退市富控,,,,,,,,,,0.28,,0.0,,,,,,,0.0,0.0
5633,600632,华联商厦,,,,,,,,,,9.53,,0.0,,,,,,,0.0,0.0
5634,600631,百联股份,,,,,,,,,,15.68,,0.0,,,,,,,0.0,0.0
5635,600627,上电股份,,,,,,,,,,28.73,,0.0,,,,,,,0.0,0.0
5636,600625,PT水仙,,,,,,,,,,4.8,,0.0,,,,,,,0.0,0.0
5637,600614,退市鹏起,,,,,,,,,,0.26,,0.0,,,,,,,0.0,0.0
5638,600608,退市沪科,,,,,,,,,,0.17,,0.0,,,,,,,-91.79,-94.97
5639,600607,上实医药,,,,,,,,,,23.52,,0.0,,,,,,,0.0,0.0
5640,600599,退市熊猫,,,,,,,,,,0.43,,0.0,,,,,,,-24.56,-95.67
5641,600591,*ST上航,,,,,,,,,,7.27,,0.0,,,,,,,0.0,0.0
5642,600565,ST迪马,,,,,,,,,,0.85,,0.0,,,,,,,0.0,0.0
5643,600555,退市海创,,,,,,,,,,0.26,,0.0,,,,,,,0.0,0.0
5644,600553,太行水泥,,,,,,,,,,14.98,,0.0,,,,,,,0.0,0.0
5645,600532,退市未来,,,,,,,,,,0.72,,0.0,,,,,,,0.0,0.0
5646,600525,ST长园,,,,,,,,,,5.78,,0.0,173.24,2.71,7622549279.0,7622549279.0,,,9.06,63.74
5647,600485,*ST信威,,,,,,,,,,1.39,,0.0,,,,,,,0.0,0.0
5648,600472,包头铝业,,,,,,,,,,51.82,,0.0,,,,,,,0.0,0.0
5649,600466,*ST蓝光,,,,,,,,,,0.4,,0.0,,,,,,,0.0,0.0
5650,600462,退市九有,,,,,,,,,,0.21,,0.0,,,,,,,0.0,0.0
5651,600432,退市吉恩,,,,,,,,,,1.38,,0.0,,,,,,,0.0,0.0
5652,600421,退市华嵘,,,,,,,,,,0.24,,0.0,,,,,,,-38.46,-96.56
5653,600401,退市海润,,,,,,,,,,0.15,,0.0,,,,,,,0.0,0.0
5654,600393,ST粤泰,,,,,,,,,,0.37,,0.0,,,,,,,0.0,0.0
5655,600387,退市海越,,,,,,,,,,0.94,,0.0,,,,,,,0.0,0.0
5656,600385,退市金泰,,,,,,,,,,1.2,,0.0,,,,,,,0.0,0.0
5657,600357,承德钒钛,,,,,,,,,,7.4,,0.0,,,,,,,0.0,0.0
5658,600355,*ST精伦,,,,,,,,,,0.58,,0.0,,,,,,,0.0,-74.11
5659,600321,正源股份,,,,,,,,,,0.5,,0.0,,,,,,,0.0,0.0
5660,600317,营口港,,,,,,,,,,2.6,,0.0,,,,,,,0.0,0.0
5661,600311,*ST荣华,,,,,,,,,,0.61,,0.0,,,,,,,0.0,0.0
5662,600306,退市商城,,,,,,,,,,0.29,,0.0,,,,,,,0.0,0.0
5663,600297,广汇汽车,,,,,,,,,,0.78,,0.0,,,,,,,0.0,0.0
5664,600296,S兰铝,,,,,,,,,,14.61,,0.0,,,,,,,0.0,0.0
5665,600291,退市西水,,,,,,,,,,0.89,,0.0,,,,,,,0.0,0.0
5666,600290,*ST华仪,,,,,,,,,,0.37,,0.0,,,,,,,0.0,0.0
5667,600286,S*ST国瓷,,,,,,,,,,0.67,,0.0,,,,,,,0.0,0.0
5668,600277,ST亿利,,,,,,,,,,0.38,,0.0,,,,,,,0.0,0.0
5669,600275,退市昌鱼,,,,,,,,,,0.41,,0.0,,,,,,,0.0,0.0
5670,600270,外运发展,,,,,,,,,,20.99,,0.0,,,,,,,0.0,0.0
5671,600263,路桥建设,,,,,,,,,,16.43,,0.0,,,,,,,0.0,0.0
5672,600260,*ST凯乐,,,,,,,,,,0.47,,0.0,,,,,,,0.0,0.0
5673,600253,天方药业,,,,,,,,,,6.26,,0.0,,,,,,,0.0,0.0
5674,600247,*ST成城,,,,,,,,,,0.65,,0.0,,,,,,,0.0,0.0
5675,600242,退市中昌,,,,,,,,,,0.25,,0.0,,,,,,,0.0,0.0
5676,600240,退市华业,,,,,,,,,,0.41,,0.0,,,,,,,0.0,0.0
5677,600225,退市卓朗,,,,,,,,,,0.29,,0.0,,,,,,,0.0,0.0
5678,600220,ST阳光,,,,,,,,,,0.37,,0.0,,,,,,,0.0,0.0
5679,600213,*ST亚星,,,,,,,,,,6.36,,0.0,,,,,,,0.0,0.0
5680,600209,退市罗顿,,,,,,,,,,1.18,,0.0,,,,,,,0.0,0.0
5681,600205,S山东铝,,,,,,,,,,25.41,,0.0,,,,,,,0.0,0.0
5682,600200,退市苏吴,,,,,,,,,,0.29,,0.0,,,,,,,0.0,0.0
5683,600193,退市创兴,,,,,,,,,,0.16,,0.0,,,,,,,-92.63,-95.82
5684,600190,退市锦港,,,,,,,,,,0.63,,0.0,,,,,,,0.0,0.0
5685,600181,S*ST云大,,,,,,,,,,1.02,,0.0,,,,,,,0.0,0.0
5686,600175,退市美都,,,,,,,,,,0.21,,0.0,,,,,,,0.0,0.0
5687,600165,ST宁科,,,,,,,,,,3.27,,0.0,-20.54,4.62,5283939944.0,2396627622.0,,,7.57,-21.2
5688,600146,退市环球,,,,,,,,,,0.22,,0.0,,,,,,,0.0,0.0
5689,600145,退市新亿,,,,,,,,,,0.34,,0.0,,,,,,,0.0,0.0
5690,600139,*ST西源,,,,,,,,,,0.74,,0.0,,,,,,,0.0,0.0
5691,600122,*ST宏图,,,,,,,,,,0.38,,0.0,,,,,,,0.0,0.0
5692,600112,*ST天成,,,,,,,,,,0.73,,0.0,,,,,,,0.0,0.0
5693,600102,莱钢股份,,,,,,,,,,7.13,,0.0,,,,,,,0.0,0.0
5694,600093,退市易见,,,,,,,,,,0.5,,0.0,,,,,,,0.0,0.0
5695,600092,S*ST精密,,,,,,,,,,0.96,,0.0,,,,,,,0.0,0.0
5696,600091,退市明科,,,,,,,,,,0.76,,0.0,,,,,,,0.0,0.0
5697,600090,退市济堂,,,,,,,,,,0.27,,0.0,,,,,,,0.0,0.0
5698,600087,退市长油,,,,,,,,,,0.83,,0.0,,,,,,,0.0,0.0
5699,600086,退市金钰,,,,,,,,,,0.16,,0.0,,,,,,,0.0,0.0
5700,600083,*ST博信,,,,,,,,,,0.92,,0.0,,,,,,,0.0,0.0
5701,600077,*ST宋都,,,,,,,,,,0.41,,0.0,,,,,,,0.0,0.0
5702,600074,退市保千,,,,,,,,,,0.17,,0.0,,,,,,,0.0,0.0
5703,600070,*ST富润,,,,,,,,,,0.42,,0.0,,,,,,,0.0,0.0
5704,600069,退市银鸽,,,,,,,,,,0.28,,0.0,,,,,,,0.0,0.0
5705,600068,葛洲坝,,,,,,,,,,9.93,,0.0,,,,,,,0.0,0.0
5706,600065,*ST联谊,,,,,,,,,,1.7,,0.0,,,,,,,0.0,0.0
5707,600005,武钢股份,,,,,,,,,,3.71,,0.0,,,,,,,0.0,0.0
5708,600003,ST东北高,,,,,,,,,,3.87,,0.0,,,,,,,0.0,0.0
5709,600002,齐鲁石化,,,,,,,,,,10.09,,0.0,,,,,,,0.0,0.0
5710,600001,邯郸钢铁,,,,,,,,,,5.29,,0.0,,,,,,,0.0,0.0
5711,301699,洛轴股份,,,,,,,,,,15.88,,0.0,16.68,3.48,9528000000.0,,,,0.0,0.0
5712,301697,贝特利,,,,,,,,,,12.1,,0.0,16.73,3.39,3178670000.0,532291511.0,,,0.0,0.0
5713,301689,电科思仪,,,,,,,,,,,,0.0,,,,,,,,
5714,301688,格林生物,,,,,,,,,,26.33,,0.0,13.36,3.09,2633000000.0,,,,0.0,0.0
5715,300799,左江退,,,,,,,,,,1.08,,0.0,,,,,,,0.0,0.0
5716,300742,越博退,,,,,,,,,,0.18,,0.0,,,,,,,0.0,0.0
5717,300630,普利退,,,,,,,,,,0.89,,0.0,,,,,,,0.0,0.0
5718,300526,中潜退,,,,,,,,,,0.56,,0.0,,,,,,,0.0,0.0
5719,300495,*ST美尚,,,,,,,,,,0.13,,0.0,,,,,,,0.0,0.0
5720,300431,暴风退,,,,,,,,,,0.28,,0.0,,,,,,,0.0,0.0
5721,300392,腾信退,,,,,,,,,,0.21,,0.0,,,,,,,0.0,0.0
5722,300391,长药退,,,,,,,,,,0.19,,0.0,,,,,,,0.0,-78.16
5723,300379,东通退,,,,,,,,,,1.72,,0.0,,,,,,,0.0,38.71
5724,300372,欣泰退,,,,,,,,,,1.48,,0.0,,,,,,,0.0,0.0
5725,300367,网力退,,,,,,,,,,0.29,,0.0,,,,,,,0.0,0.0
5726,300362,天翔退,,,,,,,,,,1.34,,0.0,,,,,,,0.0,0.0
5727,300356,光一退,,,,,,,,,,1.69,,0.0,,,,,,,0.0,0.0
5728,300344,立方退,,,,,,,,,,0.25,,0.0,,,,,,,0.0,-75.49
5729,300336,新文退,,,,,,,,,,0.25,,0.0,,,,,,,0.0,0.0
5730,300330,计通退,,,,,,,,,,2.45,,0.0,,,,,,,0.0,0.0
5731,300325,德威退,,,,,,,,,,0.25,,0.0,,,,,,,0.0,0.0
5732,300312,邦讯退,,,,,,,,,,0.3,,0.0,,,,,,,0.0,0.0
5733,300309,吉艾退,,,,,,,,,,0.23,,0.0,,,,,,,0.0,0.0
5734,300297,蓝盾退,,,,,,,,,,0.23,,0.0,,,,,,,0.0,0.0
5735,300282,三盛退,,,,,,,,,,0.13,,0.0,,,,,,,0.0,0.0
5736,300280,紫天退,,,,,,,,,,0.33,,0.0,,,,,,,0.0,0.0
5737,300273,和佳退,,,,,,,,,,0.38,,0.0,,,,,,,0.0,0.0
5738,300262,*ST巴安,,,,,,,,,,0.68,,0.0,,,,,,,0.0,0.0
5739,300216,千山退,,,,,,,,,,0.19,,0.0,,,,,,,0.0,0.0
5740,300208,中程退,,,,,,,,,,0.28,,0.0,,,,,,,0.0,0.0
5741,300202,聚龙退,,,,,,,,,,0.5,,0.0,,,,,,,0.0,0.0
5742,300186,大华农,,,,,,,,,,45.72,,0.0,,,,,,,0.0,0.0
5743,300178,腾邦退,,,,,,,,,,0.2,,0.0,,,,,,,0.0,0.0
5744,300156,神雾退,,,,,,,,,,0.12,,0.0,,,,,,,0.0,0.0
5745,300117,*ST嘉寓,,,,,,,,,,0.43,,0.0,,,,,,,0.0,0.0
5746,300116,*ST保力,,,,,,,,,,0.11,,0.0,,,,,,,0.0,0.0
5747,300108,*ST吉药,,,,,,,,,,0.21,,0.0,,,,,,,0.0,0.0
5748,300104,乐视退,,,,,,,,,,0.18,,0.0,,,,,,,0.0,0.0
5749,300090,盛运退,,,,,,,,,,0.12,,0.0,,,,,,,0.0,0.0
5750,300089,文化退,,,,,,,,,,0.19,,0.0,,,,,,,0.0,0.0
5751,300064,金刚退,,,,,,,,,,1.32,,0.0,,,,,,,0.0,0.0
5752,300038,数知退,,,,,,,,,,0.3,,0.0,,,,,,,0.0,0.0
5753,300029,天龙退,,,,,,,,,,0.12,,0.0,,,,,,,-95.67,-97.33
5754,300028,金亚退,,,,,,,,,,0.3,,0.0,,,,,,,0.0,0.0
5755,300023,宝德退,,,,,,,,,,1.09,,0.0,,,,,,,0.0,0.0
5756,002898,赛隆退,,,,,,,,,,0.37,,0.0,,,,,,,-95.54,-97.28
5757,002808,恒久退,,,,,,,,,,0.22,,0.0,,,,,,,-92.23,-95.62
5758,002781,奇信退,,,,,,,,,,0.42,,0.0,,,,,,,0.0,0.0
5759,002776,*ST柏龙,,,,,,,,,,0.4,,0.0,,,,,,,0.0,0.0
5760,002770,科迪退,,,,,,,,,,0.6,,0.0,,,,,,,0.0,0.0
5761,002751,易尚退,,,,,,,,,,0.86,,0.0,,,,,,,0.0,0.0
5762,002750,龙津退,,,,,,,,,,0.59,,0.0,,,,,,,0.0,0.0
5763,002740,*ST爱迪,,,,,,,,,,0.38,,0.0,,,,,,,0.0,0.0
5764,002711,欧浦退,,,,,,,,,,0.32,,0.0,,,,,,,0.0,0.0
5765,002699,*ST美盛,,,,,,,,,,0.41,,0.0,,,,,,,0.0,0.0
5766,002684,猛狮退,,,,,,,,,,0.69,,0.0,,,,,,,0.0,0.0
5767,002680,长生退,,,,,,,,,,0.77,,0.0,,,,,,,0.0,0.0
5768,002665,ST航高,,,,,,,,,,0.37,,0.0,,,,,,,0.0,0.0
5769,002621,*ST美吉,,,,,,,,,,0.37,,0.0,,,,,,,0.0,0.0
5770,002619,*ST艾格,,,,,,,,,,0.56,,0.0,,,,,,,0.0,0.0
5771,002618,丹邦退,,,,,,,,,,1.26,,0.0,,,,,,,0.0,0.0
5772,002610,ST爱康,,,,,,,,,,0.37,,0.0,,,,,,,0.0,0.0
5773,002604,龙力退,,,,,,,,,,0.25,,0.0,,,,,,,0.0,0.0
5774,002509,天茂退,,,,,,,,,,0.15,,0.0,,,,,,,0.0,0.0
5775,002505,鹏都农牧,,,,,,,,,,0.36,,0.0,,,,,,,0.0,0.0
5776,002504,*ST弘高,,,,,,,,,,0.38,,0.0,,,,,,,0.0,0.0
5777,002503,*ST搜特,,,,,,,,,,0.42,,0.0,,,,,,,0.0,0.0
5778,002502,ST鼎龙,,,,,,,,,,0.64,,0.0,,,,,,,0.0,0.0
5779,002499,科林退,,,,,,,,,,0.86,,0.0,,,,,,,0.0,0.0
5780,002477,雏鹰退,,,,,,,,,,0.17,,0.0,,,,,,,0.0,0.0
5781,002473,圣莱退,,,,,,,,,,0.79,,0.0,,,,,,,0.0,0.0
5782,002464,众应退,,,,,,,,,,0.26,,0.0,,,,,,,0.0,0.0
5783,002450,康得退,,,,,,,,,,0.2,,0.0,,,,,,,0.0,0.0
5784,002447,晨鑫退,,,,,,,,,,0.19,,0.0,,,,,,,0.0,0.0
5785,002435,ST长康,,,,,,,,,,0.37,,0.0,,,,,,,0.0,0.0
5786,002433,太安退,,,,,,,,,,0.27,,0.0,,,,,,,0.0,0.0
5787,002417,深南退,,,,,,,,,,0.45,,0.0,,,,,,,0.0,0.0
5788,002411,必康退,,,,,,,,,,0.62,,0.0,,,,,,,0.0,0.0
5789,002359,北讯退,,,,,,,,,,0.35,,0.0,,,,,,,0.0,0.0
5790,002341,ST新纶,,,,,,,,,,0.61,,0.0,,,,,,,0.0,0.0
5791,002336,人乐退,,,,,,,,,,0.36,,0.0,,,,,,,0.0,0.0
5792,002325,*ST洪涛,,,,,,,,,,0.38,,0.0,,,,,,,0.0,0.0
5793,002308,*ST威创,,,,,,,,,,0.37,,0.0,,,,,,,0.0,0.0
5794,002288,*ST超华,,,,,,,,,,0.37,,0.0,,,,,,,0.0,0.0
5795,002280,ST联络,,,,,,,,,,0.37,,0.0,,,,,,,0.0,0.0
5796,002260,德奥退,,,,,,,,,,0.53,,0.0,,,,,,,0.0,0.0
5797,002231,*ST奥维,,,,,,,,,,0.6,,0.0,,,,,,,0.0,-57.14
5798,002220,天宝退,,,,,,,,,,0.26,,0.0,,,,,,,0.0,0.0
5799,002155,湖南黄金,,,,,,,,,,24.56,,0.0,20.05,4.46,38378716321.0,38374973402.0,,,1.95,18.13
5800,002147,新光退,,,,,,,,,,0.37,,0.0,,,,,,,0.0,0.0
5801,002143,印纪退,,,,,,,,,,0.25,,0.0,,,,,,,0.0,0.0
5802,002118,*ST紫鑫,,,,,,,,,,0.37,,0.0,,,,,,,0.0,0.0
5803,002113,*ST天润,,,,,,,,,,0.41,,0.0,,,,,,,0.0,0.0
5804,002089,新海退,,,,,,,,,,0.24,,0.0,,,,,,,0.0,0.0
5805,002087,新纺退,,,,,,,,,,0.16,,0.0,,,,,,,0.0,0.0
5806,002071,长城退,,,,,,,,,,0.31,,0.0,,,,,,,0.0,0.0
5807,002070,众和退,,,,,,,,,,0.71,,0.0,,,,,,,0.0,0.0
5808,002018,华信退,,,,,,,,,,0.26,,0.0,,,,,,,0.0,0.0
5809,002013,中航机电,,,,,,,,,,10.78,,0.0,,,,,,,0.0,0.0
5810,002002,ST鸿达,,,,,,,,,,0.58,,0.0,,,,,,,0.0,0.0
5811,000996,中期退,,,,,,,,,,0.38,,0.0,,,,,,,0.0,0.0
5812,000982,中银绒业,,,,,,,,,,0.18,,0.0,,,,,,,0.0,0.0
5813,000979,中弘退,,,,,,,,,,0.22,,0.0,,,,,,,0.0,0.0
5814,000976,*ST华铁,,,,,,,,,,0.41,,0.0,,,,,,,0.0,0.0
5815,000971,*ST高升,,,,,,,,,,0.55,,0.0,,,,,,,0.0,0.0
5816,000961,ST中南,,,,,,,,,,0.56,,0.0,,,,,,,0.0,0.0
5817,000956,中原油气,,,,,,,,,,11.91,,0.0,,,,,,,0.0,0.0
5818,000939,凯迪退,,,,,,,,,,0.15,,0.0,,,,,,,0.0,0.0
5819,000918,*ST嘉凯,,,,,,,,,,0.49,,0.0,,,,,,,0.0,0.0
5820,000916,华北高速,,,,,,,,,,8.82,,0.0,,,,,,,0.0,0.0
5821,000866,扬子石化,,,,,,,,,,13.84,,0.0,,,,,,,0.0,0.0
5822,000861,海印股份,,,,,,,,,,0.62,,0.0,,,,,,,0.0,0.0
5823,000851,*ST高鸿,,,,,,,,,,0.38,,0.0,,,,,,,0.0,0.0
5824,000836,ST富通,,,,,,,,,,0.37,,0.0,,,,,,,0.0,0.0
5825,000835,长动退,,,,,,,,,,0.35,,0.0,,,,,,,0.0,0.0
5826,000832,*ST龙涤,,,,,,,,,,1.45,,0.0,,,,,,,0.0,0.0
5827,000827,*ST长兴,,,,,,,,,,1.16,,0.0,,,,,,,0.0,0.0
5828,000817,辽河油田,,,,,,,,,,8.75,,0.0,,,,,,,0.0,0.0
5829,000806,银河退,,,,,,,,,,0.43,,0.0,,,,,,,0.0,0.0
5830,000805,*ST炎黄,,,,,,,,,,1.88,,0.0,,,,,,,0.0,0.0
5831,000787,*ST创智,,,,,,,,,,4.68,,0.0,,,,,,,0.0,0.0
5832,000780,ST平能,,,,,,,,,,10.95,,0.0,,,,,,,0.0,0.0
5833,000769,*ST大菲,,,,,,,,,,0.9,,0.0,,,,,,,0.0,0.0
5834,000765,*ST华信,,,,,,,,,,2.36,,0.0,,,,,,,0.0,0.0
5835,000763,锦州石化,,,,,,,,,,4.22,,0.0,,,,,,,0.0,0.0
5836,000760,斯太退,,,,,,,,,,0.26,,0.0,,,,,,,0.0,0.0
5837,000748,长城信息,,,,,,,,,,20.31,,0.0,,,,,,,0.0,0.0
5838,000732,ST泰禾,,,,,,,,,,0.43,,0.0,,,,,,,0.0,0.0
5839,000730,*ST环保,,,,,,,,,,2.6,,0.0,,,,,,,0.0,0.0
5840,000699,S*ST佳纸,,,,,,,,,,0.81,,0.0,,,,,,,0.0,0.0
5841,000693,华泽退,,,,,,,,,,0.37,,0.0,,,,,,,0.0,0.0
5842,000689,ST宏业,,,,,,,,,,4.88,,0.0,,,,,,,0.0,0.0
5843,000687,华讯退,,,,,,,,,,0.29,,0.0,,,,,,,0.0,0.0
5844,000675,ST银山,,,,,,,,,,7.94,,0.0,,,,,,,0.0,0.0
5845,000673,当代退,,,,,,,,,,0.25,,0.0,,,,,,,0.0,0.0
5846,000671,ST阳光城,,,,,,,,,,0.37,,0.0,,,,,,,0.0,0.0
5847,000667,ST美置,,,,,,,,,,0.58,,0.0,,,,,,,0.0,0.0
5848,000666,经纬纺机,,,,,,,,,,8.97,,0.0,,,,,,,0.0,0.0
5849,000662,天夏退,,,,,,,,,,0.25,,0.0,,,,,,,0.0,0.0
5850,000660,*ST南华,,,,,,,,,,2.38,,0.0,,,,,,,0.0,0.0
5851,000658,ST海洋,,,,,,,,,,4.24,,0.0,,,,,,,0.0,0.0
5852,000653,ST九州,,,,,,,,,,2.51,,0.0,,,,,,,0.0,0.0
5853,000638,*ST万方,,,,,,,,,,0.89,,0.0,,,,,,,0.0,-80.98
5854,000627,*ST天茂,,,,,,,,,,1.58,,0.0,,,,,,,0.0,0.0
5855,000622,恒立退,,,,,,,,,,0.15,,0.0,,,,,,,0.0,0.0
5856,000621,*ST比特,,,,,,,,,,2.66,,0.0,,,,,,,0.0,0.0
5857,000618,吉林化工,,,,,,,,,,5.24,,0.0,,,,,,,0.0,0.0
5858,000616,*ST海投,,,,,,,,,,0.85,,0.0,,,,,,,0.0,0.0
5859,000613,东海A退,,,,,,,,,,0.58,,0.0,,,,,,,0.0,0.0
5860,000611,天首退,,,,,,,,,,1.39,,0.0,,,,,,,0.0,0.0
5861,000606,顺利退,,,,,,,,,,0.28,,0.0,,,,,,,0.0,0.0
5862,000602,金马集团,,,,,,,,,,13.41,,0.0,,,,,,,0.0,0.0
5863,000594,国恒退,,,,,,,,,,1.29,,0.0,,,,,,,0.0,0.0
5864,000588,PT粤金曼,,,,,,,,,,4.37,,0.0,,,,,,,0.0,0.0
5865,000587,*ST金洲,,,,,,,,,,0.72,,0.0,,,,,,,0.0,0.0
5866,000585,东电退,,,,,,,,,,0.35,,0.0,,,,,,,0.0,0.0
5867,000584,工智退,,,,,,,,,,0.29,,0.0,,,,,,,0.0,0.0
5868,000583,S*ST托普,,,,,,,,,,0.76,,0.0,,,,,,,0.0,0.0
5869,000578,盐湖集团,,,,,,,,,,24.44,,0.0,,,,,,,0.0,0.0
5870,000569,长城股份,,,,,,,,,,7.05,,0.0,,,,,,,0.0,0.0
5871,000562,宏源证券,,,,,,,,,,30.5,,0.0,,,,,,,0.0,0.0
5872,000556,PT南洋,,,,,,,,,,1.5,,0.0,,,,,,,0.0,0.0
5873,000549,S湘火炬,,,,,,,,,,8.9,,0.0,,,,,,,0.0,0.0
5874,000542,TCL通讯,,,,,,,,,,27.34,,0.0,,,,,,,0.0,0.0
5875,000540,*ST中天,,,,,,,,,,0.4,,0.0,,,,,,,0.0,0.0
5876,000535,*ST猴王,,,,,,,,,,0.5,,0.0,,,,,,,0.0,0.0
5877,000527,美的电器,,,,,,,,,,14.02,,0.0,,,,,,,0.0,0.0
5878,000522,白云山A,,,,,,,,,,23.27,,0.0,,,,,,,0.0,0.0
5879,000515,攀渝钛业,,,,,,,,,,15.29,,0.0,,,,,,,0.0,0.0
5880,000511,烯碳退,,,,,,,,,,0.61,,0.0,,,,,,,0.0,0.0
5881,000508,琼民源A,,,,,,,,,,,,0.0,,,,,,,,
5882,000502,绿景退,,,,,,,,,,0.59,,0.0,,,,,,,0.0,0.0
5883,000418,小天鹅A,,,,,,,,,,57.39,,0.0,,,,,,,0.0,0.0
5884,000416,*ST民控,,,,,,,,,,0.45,,0.0,,,,,,,0.0,0.0
5885,000413,ST旭电,,,,,,,,,,0.37,,0.0,,,,,,,0.0,0.0
5886,000412,ST五环,,,,,,,,,,2.89,,0.0,,,,,,,0.0,0.0
5887,000406,石油大明,,,,,,,,,,10.12,,0.0,,,,,,,0.0,0.0
5888,000405,ST鑫光,,,,,,,,,,2.86,,0.0,,,,,,,0.0,0.0
5889,000150,*ST宜康,,,,,,,,,,0.51,,0.0,,,,,,,0.0,0.0
5890,000047,ST中侨,,,,,,,,,,8.03,,0.0,,,,,,,0.0,0.0
5891,000046,*ST泛海,,,,,,,,,,0.38,,0.0,,,,,,,0.0,0.0
5892,000040,*ST旭蓝,,,,,,,,,,0.49,,0.0,,,,,,,0.0,0.0
5893,000038,大通退,,,,,,,,,,0.52,,0.0,,,,,,,0.0,0.0
5894,000033,新都退,,,,,,,,,,1.7,,0.0,,,,,,,0.0,0.0
5895,000024,招商地产,,,,,,,,,,40.5,,0.0,,,,,,,0.0,0.0
5896,000023,*ST深天,,,,,,,,,,1.72,,0.0,,,,,,,0.0,0.0
5897,000018,神城A退,,,,,,,,,,0.27,,0.0,,,,,,,0.0,0.0
5898,000016,*ST康佳A,,,,,,,,,,2.33,,0.0,-7.63,-0.5,5610512801.0,3720063554.0,,,-30.86,-53.12
5899,000015,PT中浩A,,,,,,,,,,6.85,,0.0,,,,,,,0.0,0.0
5900,000013,*ST石化A,,,,,,,,,,2.47,,0.0,,,,,,,0.0,0.0
5901,000005,ST星源,,,,,,,,,,0.83,,0.0,,,,,,,0.0,0.0
5902,000004,国华退,,,,,,,,,,0.51,,0.0,,,,,,,-81.52,-95.4
5903,000003,PT金田A,,,,,,,,,,2.71,,0.0,,,,,,,0.0,0.0
