序号,代码,名称,最新价,涨跌幅,涨跌额,成交量,成交额,振幅,最高,最低,今开,昨收,量比,换手率,市盈率-动态,市净率,总市值,流通市值,涨速,5分钟涨跌,60日涨跌幅,年初至今涨跌幅
1,001232,N嘉立创,208.01,146.28,123.55,332548.0,6883459441.93,53.88,234.5,188.99,234.35,84.46,,75.23,76.74,9.62,115562035600.0,9195404257.0,0.0,-0.36,146.28,146.28
2,920092,汉鑫科技,30.43,29.99,7.02,71178.0,196941901.8,29.6,30.43,23.5,23.5,23.41,3.16,22.01,-179.53,5.38,1889085271.0,983996256.0,0.0,0.0,0.1,-18.72
3,920045,蘅东光,294.09,20.83,50.69,26322.0,736389908.64,17.56,295.78,253.05,253.05,243.4,1.54,9.34,83.32,25.03,28026826113.0,8287029475.0,0.07,0.1,-30.88,33.48
4,300615,欣天科技,12.52,20.04,2.09,8435.0,10561120.8,0.0,12.52,12.52,12.52,10.43,0.18,0.55,-17.96,5.23,2416224784.0,1916652533.0,0.0,0.0,-14.13,-5.37
5,301227,森鹰窗业,21.46,20.02,3.58,66454.0,134973397.04,18.01,21.46,18.24,18.24,17.88,3.22,8.99,-33.42,1.76,2821108788.0,1586075058.0,0.0,0.0,-6.78,-43.33
6,300052,中青宝,12.05,20.02,2.01,503815.0,581857008.58,19.72,12.05,10.07,10.27,10.04,3.41,19.24,-54.97,9.16,3155397456.0,3155307081.0,0.0,0.0,-21.14,-4.06
7,300209,行云科技,33.64,20.01,5.61,1713377.0,5505893655.87,16.55,33.64,29.0,29.66,28.03,1.73,23.06,1299.97,33.25,31239319279.0,24991455430.0,0.0,0.0,45.0,517.25
8,301270,汉仪股份,35.26,20.01,5.88,150294.0,505904063.44,20.32,35.26,29.29,29.29,29.38,2.56,15.91,-482.36,3.68,3526000000.0,3331817679.0,0.0,0.0,2.95,-5.42
9,300489,光智科技,169.2,20.0,28.2,143778.0,2284126303.73,13.65,169.2,149.95,155.36,141.0,1.2,10.37,382.66,30.9,23545505682.0,23459322985.0,0.0,0.0,32.29,233.07
10,300620,光库科技,254.33,20.0,42.39,178090.0,4294898615.12,16.89,254.33,218.54,218.54,211.94,1.6,7.21,354.15,29.41,63374088010.0,62845753804.0,0.0,0.0,-4.34,73.19
11,688808,联讯仪器,1948.8,20.0,324.8,22297.0,4126816354.0,17.17,1948.8,1670.0,1678.99,1624.0,1.19,11.55,420.67,68.21,200076800650.0,37604325427.0,0.0,0.71,65.71,2280.07
12,688661,和林微纳,93.79,20.0,15.63,67814.0,597115673.0,18.78,93.79,79.11,82.49,78.16,1.08,4.46,-277.65,11.84,14245559201.0,14245559201.0,0.0,0.0,-27.68,81.48
13,301047,义翘神州,83.58,20.0,13.93,102546.0,822845925.19,19.48,83.58,70.01,70.01,69.65,6.44,8.58,79.06,1.96,10166398896.0,9994548303.0,0.0,0.0,15.08,25.87
14,300720,海川智能,59.75,20.0,9.96,142327.0,793868664.08,18.58,59.75,50.5,50.79,49.79,1.01,7.73,411.33,20.15,11643916046.0,11002676955.0,0.0,0.0,-12.39,76.57
15,300270,中威电子,12.6,20.0,2.1,321740.0,377660785.3,18.86,12.6,10.62,11.1,10.5,1.66,12.33,470.33,6.93,3815355953.0,3287721125.0,0.0,0.0,-13.76,14.96
16,301396,宏景科技,176.65,20.0,29.44,212051.0,3557850503.37,13.29,176.65,157.08,157.16,147.21,1.41,14.99,313.7,31.44,37966424407.0,24997175337.0,0.0,0.0,-24.06,274.18
17,688316,青云科技-U,55.58,19.99,9.26,27883.0,150554758.0,14.21,55.58,49.0,49.68,46.32,1.33,5.82,-48.51,50.1,2662178010.0,2662178010.0,0.0,0.0,-28.55,-7.63
18,300592,华凯易佰,15.2,19.97,2.53,328481.0,463268595.23,19.65,15.2,12.71,12.75,12.67,0.94,9.55,20.78,2.59,5946685801.0,5227069085.0,0.0,0.0,4.61,43.26
19,300989,蕾奥规划,14.5,18.85,2.3,155236.0,206273135.84,21.39,14.6,11.99,12.22,12.2,2.03,9.53,-25.8,3.17,3053094872.0,2361967234.0,0.0,0.42,-8.29,-17.8
20,688668,鼎通科技,218.8,18.5,34.16,86499.0,1801037886.0,19.78,221.53,185.0,186.11,184.64,1.46,6.21,94.84,15.22,30472408593.0,30472408593.0,0.0,0.08,-4.91,77.02
21,300843,胜蓝股份,112.55,17.88,17.07,115671.0,1244406088.05,19.45,114.58,96.01,99.0,95.48,1.28,7.21,127.74,11.42,18425320431.0,18064218500.0,0.06,0.28,21.81,118.71
22,300857,协创数据,241.0,17.68,36.2,375454.0,8600618356.96,13.35,243.3,215.96,215.96,204.8,1.41,7.71,39.29,23.04,117936492640.0,117333259518.0,0.0,0.02,-15.12,100.43
23,688313,仕佳光子,113.7,17.5,16.93,424692.0,4610696668.0,14.51,113.98,99.94,102.38,96.77,1.41,9.4,81.63,29.93,51390845494.0,51390845494.0,0.71,0.73,-36.23,28.5
24,300394,天孚通信,212.0,17.45,31.5,783303.0,15872876093.62,15.41,216.0,188.18,189.98,180.5,1.53,7.2,117.46,42.3,231254919716.0,230738266600.0,0.11,0.33,-10.39,46.69
25,688530,欧莱新材,44.58,17.04,6.49,143858.0,613659128.0,19.38,45.71,38.33,39.78,38.09,1.41,20.62,43.84,8.42,7134798254.0,3110737299.0,0.22,0.25,-24.84,171.17
26,301171,易点天下,37.6,16.26,5.26,1293278.0,4580696358.66,16.94,37.89,32.41,33.31,32.34,2.35,25.77,-91.5,6.3,23256389299.0,18870863254.0,0.0,0.13,-12.33,20.75
27,301080,百普赛斯,52.3,16.22,7.3,112818.0,565625875.72,18.6,53.88,45.51,45.51,45.0,2.3,8.89,47.4,3.36,8769614733.0,6633593719.0,0.15,0.35,14.54,-2.06
28,301382,蜂助手,41.0,15.49,5.5,226570.0,879623940.63,14.99,41.0,35.68,36.88,35.5,1.55,9.59,80.72,6.18,11709350023.0,9690635278.0,0.07,0.49,-17.09,15.85
29,301603,乔锋智能,114.3,15.38,15.24,43845.0,480493028.31,13.61,114.49,101.01,101.61,99.06,1.87,11.62,32.59,5.57,13802868000.0,4312824750.0,0.0,-0.09,-13.61,51.59
30,688057,金达莱,17.76,15.25,2.35,109887.0,187435930.0,15.44,17.84,15.46,15.59,15.41,1.67,3.98,90.86,1.57,4901760000.0,4901760000.0,0.11,-0.11,42.08,47.75
31,300420,五洋自控,6.59,15.21,0.87,1600634.0,1013403889.5,15.73,6.7,5.8,6.0,5.72,1.44,14.34,453.18,3.11,7356967667.0,7356396314.0,0.46,0.15,57.66,65.58
32,300935,盈建科,31.36,15.21,4.14,98641.0,293156725.6,17.49,32.54,27.78,28.31,27.22,1.99,16.37,-24.57,3.39,2490946125.0,1889737293.0,0.32,-0.32,-8.25,3.36
33,688328,深科达,65.85,14.76,8.47,98719.0,625503329.0,14.26,66.84,58.66,58.66,57.38,0.97,10.45,57.45,7.4,6219947026.0,6219947026.0,0.2,0.29,-6.13,126.91
34,301297,富乐德,32.91,14.75,4.23,276169.0,867217791.65,17.43,33.75,28.75,29.0,28.68,1.25,5.23,58.95,4.08,22849721103.0,17383955210.0,0.0,0.03,-32.85,-7.63
35,300951,博硕科技,59.72,14.74,7.67,81804.0,455738012.76,19.0,59.88,49.99,51.01,52.05,0.98,5.4,-128.04,4.59,10116603653.0,9041271000.0,0.07,0.22,74.93,76.95
36,688758,赛分科技,26.39,14.69,3.38,139396.0,350057285.0,13.86,26.39,23.2,23.5,23.01,1.24,4.67,77.42,8.1,10990487177.0,7869067104.0,0.38,0.73,35.4,49.43
37,688222,成都先导,30.32,14.67,3.88,243980.0,703524448.0,13.46,30.46,26.9,27.38,26.44,1.76,6.09,73.18,8.18,12148617600.0,12148617600.0,0.0,-0.03,10.86,30.02
38,688498,源杰科技,1315.0,14.65,167.99,71073.0,9101998991.0,10.46,1320.0,1200.0,1200.0,1147.01,0.98,5.78,228.09,66.42,163717995755.0,161603169360.0,0.0,0.23,17.35,197.04
39,688699,明微电子,50.84,14.61,6.48,58583.0,286461273.0,17.74,52.12,44.25,44.97,44.36,1.33,5.32,59.07,4.61,5595686298.0,5595686298.0,0.38,0.04,-25.06,19.6
40,688519,南亚新材,236.05,14.59,30.05,93504.0,2095368275.0,16.67,237.49,203.14,208.0,206.0,1.22,3.98,92.44,19.71,55514343334.0,55514343334.0,0.0,0.29,25.96,193.05
41,688571,杭华股份,8.6,14.36,1.08,191239.0,157360957.0,16.62,8.77,7.52,7.52,7.52,2.31,4.51,32.6,2.22,3647868020.0,3647868020.0,-0.12,-0.12,-4.44,17.81
42,688137,近岸蛋白,40.53,14.3,5.07,30741.0,121595880.0,15.74,41.56,35.98,35.98,35.46,5.11,4.4,-66.81,1.4,2833754370.0,2833754370.0,0.32,0.37,-24.78,1.2
43,301169,零点有数,50.75,13.99,6.23,33490.0,163694284.6,16.13,51.48,44.3,45.4,44.52,1.87,4.65,-55.3,8.43,3656057202.0,3654458577.0,0.16,-0.02,-40.86,1.3
44,688046,药康生物,26.62,13.81,3.23,147399.0,372690476.0,12.7,26.68,23.71,24.02,23.39,1.59,3.59,57.95,4.95,10919156644.0,10919156644.0,0.19,0.34,23.18,75.48
45,300502,新易盛,448.0,13.68,53.92,692583.0,29913881018.65,11.21,453.18,409.0,409.0,394.08,0.98,5.52,56.17,32.18,624626994432.0,561900934784.0,0.03,0.07,11.46,45.9
46,688167,炬光科技,201.99,13.66,24.27,113901.0,2194659654.0,12.23,202.8,181.06,185.0,177.72,1.15,8.75,-497.76,11.76,26286770752.0,26286770752.0,0.0,0.49,-38.74,67.29
47,301018,申菱环境,78.0,13.6,9.34,189640.0,1428007618.88,13.69,79.0,69.6,70.58,68.66,0.97,6.71,257.84,10.79,29193944442.0,22060186122.0,0.05,0.18,-19.98,72.6
48,300363,博腾股份,17.73,13.58,2.12,512397.0,904875831.72,14.73,18.5,16.2,16.3,15.61,3.23,10.34,86.45,1.81,9635229780.0,8786177313.0,-0.06,-0.23,-16.92,-23.41
49,301319,唯特偶,92.8,13.43,10.99,98966.0,872585536.33,14.53,92.8,80.91,83.11,81.81,0.95,7.2,142.23,14.65,16927474278.0,12757268061.0,0.92,1.21,29.14,144.92
50,688646,ST逸飞,68.0,13.33,8.0,24108.0,156930437.0,13.33,68.0,60.0,60.22,60.0,2.31,3.97,-66.75,4.53,6403057344.0,4129787628.0,0.16,0.04,11.33,90.53
51,301209,联合化学,46.24,13.33,5.44,36591.0,162665503.92,16.4,46.8,40.11,41.3,40.8,1.57,2.73,404.17,9.68,7250432000.0,6194134688.0,0.15,0.17,-26.2,-42.55
52,300814,中富电路,108.75,13.27,12.74,87832.0,915935952.75,15.28,110.31,95.64,97.19,96.01,0.95,4.59,275.38,12.79,20818026855.0,20818026855.0,-0.18,0.1,-7.68,47.18
53,688202,美迪西,78.01,13.25,9.13,102964.0,774678096.0,11.7,78.56,70.5,70.53,68.88,1.57,7.66,167.8,5.35,10480813874.0,10480813874.0,0.04,0.14,20.05,38.32
54,300308,中际旭创,1021.99,13.24,119.49,505913.0,49789575488.03,11.02,1033.89,934.44,940.0,902.5,0.97,4.56,52.12,34.51,1195457105756.0,1134347353718.0,0.02,0.38,8.71,67.81
55,300548,长芯博创,159.6,13.18,18.58,243212.0,3723403747.89,12.52,160.76,143.11,143.78,141.02,1.24,8.27,90.44,23.0,47050846559.0,46955685378.0,0.0,0.18,-42.04,12.62
56,688593,新相微,30.04,13.15,3.49,237436.0,690183704.0,16.01,30.6,26.35,27.0,26.55,1.28,5.17,642.81,9.0,13804263536.0,13804263536.0,0.0,0.13,-24.41,49.16
57,300131,英唐智控,14.9,13.05,1.72,787880.0,1126324341.25,13.28,14.95,13.2,13.38,13.18,1.3,7.56,1037.78,9.8,16911790327.0,15529785988.0,-0.07,0.0,-18.22,1.64
58,300570,太辰光,133.8,12.92,15.31,332317.0,4217710812.19,11.46,133.88,120.3,121.99,118.49,1.87,17.29,115.5,19.71,30389574805.0,25715396372.0,0.19,0.18,-24.75,16.8
59,301321,翰博高新,32.95,12.84,3.75,82189.0,261094477.94,14.11,33.33,29.21,29.78,29.2,1.07,5.57,333.06,6.3,6143033250.0,4863942719.0,0.15,0.37,12.57,72.97
60,301183,东田微,160.59,12.83,18.26,64005.0,986102946.13,13.35,162.7,143.7,146.0,142.33,1.33,10.9,114.55,13.24,12859461047.0,9426474979.0,0.06,0.33,-30.18,3.67
61,688512,慧智微-U,12.61,12.79,1.43,251600.0,303948326.0,15.65,13.0,11.25,11.27,11.18,2.16,7.75,-22.44,3.74,5963225470.0,4092831433.0,-0.24,0.08,-7.48,12.99
62,688048,长光华芯,266.17,12.65,29.88,200025.0,5118243924.0,14.41,274.1,240.05,246.0,236.29,1.35,11.35,2618.54,15.57,46920432428.0,46920432428.0,-0.02,0.06,-38.57,112.34
63,688025,杰普特,301.3,12.61,33.73,45047.0,1312824464.0,11.3,302.0,271.76,279.55,267.57,0.96,4.74,73.3,12.34,28638391150.0,28638391150.0,0.0,0.1,-19.47,114.17
64,688652,京仪装备,128.45,12.54,14.31,80466.0,987161639.0,14.49,130.56,114.02,115.85,114.14,1.14,6.66,116.16,9.69,21579600000.0,15510337500.0,0.12,0.02,-7.33,30.82
65,688521,芯原股份,207.09,12.49,23.0,201576.0,4009293419.0,13.57,209.98,185.0,189.0,184.09,0.96,3.83,-79.88,34.61,108911793886.0,108911793886.0,0.24,0.05,-22.55,51.19
66,688603,天承科技,91.6,12.45,10.14,56482.0,495561532.0,14.61,92.28,80.38,82.5,81.46,1.05,4.53,95.4,9.48,11424766398.0,11424766398.0,0.01,0.24,-24.32,22.43
67,688293,奥浦迈,54.83,12.38,6.04,52757.0,280067375.0,14.22,55.19,48.25,49.2,48.79,1.67,4.63,49.69,2.55,7796507931.0,6242206556.0,-0.07,0.15,5.77,12.36
68,300487,蓝晓科技,63.42,12.35,6.97,126131.0,775667690.39,14.03,64.43,56.51,56.93,56.45,1.38,4.09,44.37,7.4,32289387489.0,19534591680.0,0.11,0.09,0.68,2.99
69,688508,芯朋微,67.95,12.31,7.45,111323.0,734893313.0,16.13,69.45,59.69,61.0,60.5,1.1,8.41,163.91,3.35,8997962511.0,8997962511.0,0.06,0.27,-21.58,12.41
70,688020,方邦股份,110.38,12.31,12.1,47716.0,503241660.0,15.95,111.79,96.11,98.72,98.28,0.95,5.79,-131.34,6.91,9095643140.0,9095643140.0,0.04,0.46,-30.36,62.28
71,300943,春晖智控,25.1,12.3,2.75,164858.0,398432884.11,13.56,25.38,22.35,23.01,22.35,1.12,12.36,134.6,5.14,5115882000.0,3348981431.0,0.56,0.44,-26.52,21.55
72,301392,汇成真空,133.31,12.3,14.6,46426.0,595032121.54,12.82,133.8,118.58,120.42,118.71,0.68,11.38,121.22,17.84,13331000000.0,5438502895.0,0.84,0.85,-25.71,3.39
73,688418,震有科技,35.43,12.19,3.85,61127.0,209510074.0,13.58,36.0,31.71,32.0,31.58,1.36,3.17,-37.98,8.35,6822210683.0,6822210683.0,-0.14,-0.17,-33.91,-18.51
74,301377,鼎泰高科,375.71,12.15,40.71,56898.0,2045452123.77,14.47,379.5,331.01,336.6,335.0,1.31,5.76,152.85,58.78,159317922153.0,37143041513.0,-0.05,-0.21,59.64,171.08
75,301092,争光股份,41.16,12.06,4.43,64429.0,255194676.0,14.81,41.85,36.41,37.46,36.73,1.2,10.57,78.29,2.85,5537472289.0,2508267103.0,-0.05,0.32,1.53,17.94
76,301248,杰创智能,57.0,12.05,6.13,86785.0,485344161.52,13.9,58.09,51.02,52.0,50.87,1.6,7.73,-153.98,5.81,8761185000.0,6402735900.0,0.0,0.56,-37.27,77.13
77,688630,芯碁微装,340.0,12.02,36.47,62001.0,2042586613.0,12.85,345.0,305.99,310.0,303.53,0.81,4.71,114.89,21.41,49811739440.0,44791843440.0,0.2,0.29,27.61,154.05
78,688158,优刻得-W,35.2,11.99,3.77,538241.0,1856273468.0,9.35,35.85,32.91,33.0,31.43,2.03,13.13,1479.24,6.59,16216818851.0,14427561562.0,-0.03,0.14,-30.16,25.31
79,300182,捷成股份,5.72,11.94,0.61,3902881.0,2177446861.9,20.55,6.13,5.08,5.08,5.11,3.12,17.27,33.74,1.79,15237082615.0,12923579566.0,0.18,0.0,-4.98,3.81
80,688531,日联科技,120.28,11.61,12.51,64946.0,752728427.0,13.7,121.96,107.2,108.0,107.77,1.03,5.66,112.78,6.0,19917638983.0,13805597312.0,-0.02,-0.06,-9.91,83.83
81,301123,奕东电子,62.0,11.59,6.44,87623.0,525640252.2,11.99,62.0,55.34,56.57,55.56,1.03,5.31,383.24,5.19,14547680000.0,10232581432.0,0.0,0.21,-13.77,-15.72
82,688115,思林杰,51.95,11.43,5.33,21417.0,106982308.0,12.72,52.44,46.51,46.97,46.62,1.04,2.29,230.02,3.82,4848909100.0,4848909100.0,-0.33,-0.06,21.18,11.0
83,300749,顶固集创,18.73,11.42,1.92,64824.0,115985862.0,11.06,18.78,16.92,16.92,16.81,1.2,4.12,-51.81,6.98,3842822862.0,2948019588.0,-0.16,0.92,-29.27,55.18
84,688031,星环科技-U,104.28,11.41,10.68,94412.0,948422355.0,12.33,105.65,94.11,95.0,93.6,1.53,7.79,-56.39,15.66,12632053320.0,12632053320.0,-0.11,0.07,-27.51,-3.61
85,300054,鼎龙股份,70.05,11.37,7.15,510451.0,3454524085.53,12.18,70.81,63.15,64.48,62.9,1.14,6.86,66.61,12.46,66862287888.0,52137851300.0,-0.01,-0.2,3.21,86.8
86,300229,拓尔思,15.81,11.26,1.6,759326.0,1166584217.27,15.62,16.65,14.43,14.47,14.21,2.48,8.7,-44.61,3.66,13811946935.0,13802607984.0,-0.13,0.44,-19.54,-20.55
87,688003,天准科技,70.8,11.22,7.14,76072.0,518961578.0,12.25,71.45,63.65,64.08,63.66,1.12,3.91,734.36,7.34,13790587973.0,13790587973.0,-0.01,-0.06,-7.84,21.23
88,300811,铂科新材,63.73,11.2,6.42,199827.0,1229983247.78,9.77,64.0,58.4,61.0,57.31,1.31,5.97,73.41,8.43,25990994747.0,21333068020.0,0.16,0.08,-13.19,25.48
89,300725,药石科技,40.24,11.16,4.04,276481.0,1085311447.85,8.9,40.3,37.08,37.11,36.2,2.05,13.64,48.11,1.73,9408407402.0,8157187296.0,0.0,-0.12,-0.47,5.12
90,688368,晶丰明源,107.3,11.09,10.71,53717.0,550934966.0,11.78,107.33,95.95,96.66,96.59,1.25,4.34,148.73,4.47,21868479512.0,13273760564.0,0.07,0.21,-10.36,31.03
91,688485,九州一轨,51.89,11.07,5.17,66105.0,335245815.0,13.25,53.19,47.0,47.0,46.72,1.49,4.4,-447.91,6.24,7798655097.0,7798655097.0,0.0,0.21,-18.18,190.86
92,920125,鸿仕达,121.9,11.02,12.1,31124.0,364904275.34,14.44,124.96,109.11,112.0,109.8,1.66,18.88,1203.97,10.03,6845904000.0,2009099604.0,-0.8,-0.44,-5.56,635.67
93,688300,联瑞新材,111.18,10.96,10.98,97538.0,1051339662.0,11.68,112.6,100.9,102.95,100.2,0.99,4.04,93.69,16.21,26846544544.0,26846544544.0,-0.01,0.08,16.31,80.52
94,301217,铜冠铜箔,86.16,10.95,8.5,365986.0,3067054197.88,11.91,87.46,78.21,79.0,77.66,1.12,4.41,167.91,12.98,71427979271.0,71427979271.0,0.06,0.0,-1.08,151.34
95,300602,飞荣达,34.37,10.91,3.38,249155.0,829661942.66,12.39,34.76,30.92,31.48,30.99,1.19,6.21,65.14,4.85,20156067597.0,13788532575.0,-0.03,0.15,-8.0,3.84
96,301200,大族数控,247.49,10.85,24.22,36892.0,883952711.52,11.72,249.5,223.34,228.0,223.27,1.01,0.87,93.7,10.96,121024525820.0,105242170687.0,0.04,0.12,22.94,109.44
97,300990,同飞股份,66.84,10.81,6.52,84303.0,545941554.83,12.1,67.8,60.5,61.85,60.32,1.06,10.84,47.86,5.43,11444116876.0,5197740413.0,-0.06,0.41,-27.69,-25.44
98,688403,汇成股份,20.0,10.8,1.95,601600.0,1163684506.0,11.52,20.17,18.09,18.48,18.05,0.86,6.06,-387.65,4.48,19861963420.0,19861963420.0,0.0,-0.1,7.53,22.47
99,688690,纳微科技,36.72,10.77,3.57,151203.0,538672359.0,9.89,36.78,33.5,33.5,33.15,1.69,3.74,54.41,7.4,14828078171.0,14828078171.0,0.0,-0.05,5.97,42.82
100,688352,颀中科技,14.74,10.74,1.43,304782.0,435648555.0,11.87,14.79,13.21,13.45,13.31,1.12,8.32,-14.96,3.04,17534287285.0,5400965413.0,-0.27,0.41,7.04,17.36
101,688548,广钢气体,32.36,10.71,3.13,345227.0,1078167040.0,13.21,32.55,28.69,29.49,29.23,0.92,4.99,116.29,7.1,42695736140.0,22367523305.0,-0.03,-0.03,13.58,123.48
102,920685,新芝生物,13.37,10.68,1.29,89632.0,117449540.09,15.56,13.88,12.0,12.29,12.08,1.48,15.37,43.96,2.21,1223568131.0,779657832.0,0.22,-0.07,4.7,-1.04
103,300759,康龙化成,39.92,10.67,3.85,1059350.0,4178418613.9,7.93,40.43,37.57,37.57,36.07,1.96,7.46,54.68,4.56,73344362430.0,56687675604.0,-0.15,-0.05,43.65,41.41
104,688312,燕麦科技,43.2,10.63,4.15,60678.0,254159501.0,10.37,43.55,39.5,39.83,39.05,1.03,4.14,641.81,4.32,6338086963.0,6338086963.0,-0.02,-0.02,-46.9,32.39
105,688720,艾森股份,54.3,10.52,5.17,72845.0,382983677.0,12.42,55.29,49.19,49.99,49.13,0.84,9.32,176.8,6.44,6659242368.0,4245682465.0,0.04,-0.06,-12.62,7.42
106,300083,创世纪,11.8,10.49,1.12,1032884.0,1181994959.24,11.42,11.88,10.66,10.85,10.68,1.15,6.92,68.07,3.7,19645378550.0,17607042125.0,0.34,0.51,12.81,28.12
107,688401,路维光电,65.65,10.48,6.23,75030.0,477106554.0,11.14,66.44,59.82,60.01,59.42,1.06,3.88,49.41,5.21,13482520805.0,12693397761.0,-0.02,-0.02,-5.66,35.61
108,301611,珂玛科技,85.55,10.46,8.1,155345.0,1277411302.54,13.08,87.06,76.93,78.0,77.45,1.06,10.6,203.21,20.88,37299800000.0,12540148958.0,0.01,0.0,-24.14,-0.09
109,688150,莱特光电,34.93,10.43,3.3,139416.0,474458339.0,12.96,35.44,31.34,31.8,31.63,1.19,3.46,76.43,7.39,14057144844.0,14057144844.0,-0.06,0.03,-36.71,29.8
110,002501,*ST利源,1.38,10.4,0.13,668358.0,88047253.27,11.2,1.38,1.24,1.25,1.25,3.53,1.88,-94.94,30.54,4899000000.0,4894127504.0,0.0,0.0,3.76,-44.58
111,688693,锴威特,60.9,10.37,5.72,31430.0,187777029.0,10.62,61.36,55.5,55.5,55.18,1.36,8.08,-62.27,5.78,4487368450.0,2369278813.0,0.12,0.15,-50.7,62.66
112,300776,帝尔激光,104.75,10.37,9.84,122633.0,1248323968.74,10.24,105.99,96.27,96.27,94.91,1.04,6.84,45.64,6.42,29878309266.0,18782959759.0,0.24,0.04,-12.62,69.64
113,301021,英诺激光,56.2,10.26,5.23,92304.0,503602712.6,13.44,57.2,50.35,51.4,50.97,0.97,6.04,186.41,8.34,8591290684.0,8581749161.0,-0.43,0.0,-15.14,15.76
114,688147,微导纳米,87.7,10.25,8.15,122692.0,1027427886.0,12.03,87.72,78.15,79.0,79.55,0.84,2.64,484.51,13.98,40733417290.0,40733417290.0,0.16,0.24,5.91,39.98
115,300077,国民技术,18.1,10.23,1.68,598728.0,1034931329.6,10.48,18.14,16.42,16.71,16.42,1.45,10.57,-194.89,7.05,12274093270.0,10250534990.0,0.28,0.17,-28.29,-10.48
116,002425,凯撒文化,3.15,10.14,0.29,450767.0,139199160.87,8.74,3.15,2.9,2.9,2.86,0.94,4.9,63.55,1.22,3013494958.0,2898585657.0,0.0,0.0,-12.26,-11.02
117,301338,凯格精机,84.75,10.14,7.8,62295.0,511420746.11,11.35,85.75,77.02,77.37,76.95,1.13,5.74,48.57,7.69,12624360000.0,9198341250.0,0.05,0.17,-40.8,35.47
118,002421,达实智能,3.48,10.13,0.32,3355790.0,1118889852.15,9.49,3.48,3.18,3.45,3.16,2.31,16.75,-113.73,2.72,7379624104.0,6971752607.0,0.0,0.0,14.85,22.11
119,002793,罗欣药业,5.12,10.11,0.47,480578.0,241085612.23,9.89,5.12,4.66,4.71,4.65,1.29,4.43,57.64,5.06,5568453048.0,5559980129.0,0.0,0.0,-7.75,6.67
120,002303,美盈森,4.91,10.09,0.45,900165.0,427939395.29,10.99,4.91,4.42,4.48,4.46,0.99,9.31,30.63,1.72,7518799293.0,4747385990.0,0.0,0.0,40.29,24.3
121,000820,神雾节能,4.26,10.08,0.39,959346.0,376590318.01,17.57,4.26,3.58,3.8,3.87,6.06,32.3,-687.58,32.02,2754325063.0,1265078896.0,0.0,0.0,10.94,25.66
122,603567,珍宝岛,6.67,10.07,0.61,672569.0,437165004.0,9.24,6.67,6.11,6.12,6.06,0.66,7.16,-8.71,1.03,6271369364.0,6265819958.0,0.0,0.0,-8.5,-25.31
123,000595,新能股份,6.56,10.07,0.6,493215.0,323196645.44,2.52,6.56,6.41,6.55,5.96,0.92,4.33,947.64,15.43,7469585761.0,7469585761.0,0.0,0.0,-4.09,17.35
124,300632,光莆股份,17.62,10.06,1.61,226723.0,387641679.68,10.81,17.81,16.08,16.27,16.01,1.5,10.25,1592.75,3.16,5377300144.0,3897465732.0,0.0,0.46,-29.27,28.99
125,002354,天娱数科,7.88,10.06,0.72,4989533.0,3737448765.31,8.94,7.88,7.24,7.29,7.16,2.98,30.69,107.78,9.48,13038136262.0,12810466979.0,0.0,0.0,23.7,23.7
126,600186,莲花控股,9.2,10.05,0.84,1892891.0,1680773578.0,8.97,9.2,8.45,8.45,8.36,1.18,10.58,28.74,8.74,16493434697.0,16460072277.0,0.0,0.0,-10.68,53.85
127,603559,中通国脉,9.2,10.05,0.84,168154.0,148089451.0,11.24,9.2,8.26,8.46,8.36,1.04,4.19,136.95,4.72,3691748207.0,3691748207.0,0.0,0.0,5.14,31.62
128,688689,银河微电,34.49,10.05,3.15,95448.0,319507121.0,9.92,34.78,31.67,31.7,31.34,1.11,6.59,68.24,2.89,4997878127.0,4997878127.0,0.2,0.44,-13.49,22.61
129,000533,顺钠股份,12.6,10.04,1.15,1369798.0,1674373721.69,7.77,12.6,11.71,11.98,11.45,0.85,20.0,128.65,8.83,8704281600.0,8629770240.0,0.0,0.0,-5.05,51.26
130,000609,*ST中迪,9.97,10.04,0.91,60385.0,58416590.0,7.95,9.97,9.25,9.26,9.06,0.98,2.07,-17.23,-9.38,2983677254.0,2901850972.0,0.0,0.0,-35.68,12.02
131,601700,风范股份,5.92,10.04,0.54,609978.0,351291921.0,7.81,5.92,5.5,5.82,5.38,2.3,5.36,59.34,3.13,6741443216.0,6741443216.0,0.0,0.0,5.15,4.59
132,301373,凌玮科技,78.2,10.03,7.13,52466.0,397903167.52,11.48,78.59,70.43,72.11,71.07,1.06,12.86,55.4,5.09,8482517516.0,3189238264.0,0.13,0.08,-43.62,145.91
133,002900,哈三联,12.4,10.03,1.13,123313.0,151244005.5,8.78,12.4,11.41,11.41,11.27,0.41,7.65,-138.97,2.22,3922796420.0,1997917760.0,0.0,0.0,5.44,-0.48
134,000892,欢瑞世纪,4.17,10.03,0.38,1438713.0,573046450.72,9.23,4.17,3.82,3.82,3.79,1.49,20.24,-25.62,6.77,4090688572.0,2964188013.0,0.0,0.0,-9.94,-40.26
135,603222,济民健康,8.67,10.03,0.79,189732.0,158377664.0,9.9,8.67,7.89,8.3,7.88,0.99,3.61,-43.91,4.09,4552535632.0,4552535632.0,0.0,0.0,-14.33,-5.04
136,002536,飞龙股份,34.71,10.02,3.16,365321.0,1218356046.05,12.04,34.71,30.91,31.86,31.55,0.8,6.71,86.24,5.97,19950818172.0,18896161313.0,0.0,0.0,-21.47,18.06
137,600353,旭光电子,23.16,10.02,2.11,327911.0,726520240.0,10.83,23.16,20.88,21.4,21.05,0.72,3.96,143.8,10.23,19195266442.0,19195266442.0,0.0,0.0,24.32,44.3
138,001267,汇绿生态,32.07,10.02,2.92,242348.0,752887198.69,7.92,32.07,29.76,30.04,29.15,0.7,3.98,423.32,15.81,25175059936.0,19516408815.0,0.0,0.0,-49.69,46.84
139,605303,园林股份,21.08,10.02,1.92,37673.0,76263245.0,11.48,21.08,18.88,19.24,19.16,0.87,2.34,-73.37,4.02,3398884561.0,3398884561.0,0.0,0.0,-17.72,21.85
140,002674,兴业科技,24.48,10.02,2.23,344876.0,821592283.52,10.34,24.48,22.18,22.69,22.25,1.13,11.79,80.05,2.95,7235087109.0,7161958201.0,0.0,0.0,83.51,63.86
141,600330,天通股份,18.12,10.02,1.65,826008.0,1453135786.0,9.29,18.12,16.59,16.85,16.47,0.97,6.7,-133.53,2.88,22349831618.0,22349831618.0,0.0,0.0,-43.52,38.0
142,001266,宏英智能,33.28,10.02,3.03,31271.0,100090097.0,9.75,33.28,30.33,30.46,30.25,1.14,5.38,23.75,3.61,3449527311.0,1935153692.0,0.0,0.0,-23.16,-14.84
143,601858,中国科传,23.94,10.02,2.18,220739.0,512416971.0,9.01,23.94,21.98,22.0,21.76,0.97,2.79,126.14,3.46,18924570000.0,18924570000.0,0.0,0.0,-12.95,34.19
144,600397,江钨装备,13.95,10.02,1.27,789503.0,1062855984.0,9.78,13.95,12.71,12.81,12.68,1.22,7.98,2589.87,71.53,13809940354.0,13809940354.0,0.0,0.0,-8.16,83.55
145,603306,华懋科技,61.33,10.01,5.58,124291.0,742316894.0,9.96,61.33,55.78,57.0,55.75,0.83,3.77,431.93,6.34,20207971097.0,20207971097.0,0.0,0.0,-42.72,-2.54
146,003032,传智教育,10.66,10.01,0.97,295860.0,315016971.0,2.37,10.66,10.43,10.65,9.69,1.23,10.4,735.64,3.67,4290090350.0,3032573941.0,0.0,0.0,48.68,67.35
147,002827,高争民爆,41.87,10.01,3.81,585186.0,2401693766.07,8.01,41.87,38.82,41.87,38.06,6.85,21.2,306.22,11.14,11599916020.0,11556066616.0,0.0,0.0,27.81,11.39
148,001388,信通电子,22.42,10.01,2.04,59269.0,130292685.79,8.93,22.42,20.6,20.89,20.38,0.73,4.74,-107.15,3.73,5241033720.0,2805158384.0,0.0,0.0,-12.83,-21.83
149,002289,宇顺电子,31.32,10.01,2.85,64660.0,195658999.0,10.61,31.32,28.3,28.37,28.47,1.3,2.36,44.55,33.08,8777546918.0,8595186218.0,0.0,0.0,-29.54,7.37
150,002361,神剑股份,11.1,10.01,1.01,2317747.0,2492414112.87,9.42,11.1,10.15,10.37,10.09,4.0,28.65,-500.98,4.82,10556488156.0,8980110778.0,0.0,0.0,-50.11,-22.59
151,001229,魅视科技,38.48,10.01,3.5,88459.0,325235516.21,13.44,38.48,33.78,36.68,34.98,1.69,11.99,-294.46,5.62,5519267208.0,2837946368.0,0.0,0.0,42.57,24.94
152,600105,永鼎股份,34.29,10.01,3.12,2089236.0,7010825031.0,8.08,34.29,31.77,31.99,31.17,1.08,14.29,78.91,15.21,50131801761.0,50131801761.0,0.0,0.0,-33.27,36.67
153,603269,海鸥股份,12.31,10.01,1.12,268319.0,321850831.0,10.9,12.31,11.09,11.3,11.19,1.28,6.21,59.33,5.44,5317248982.0,5317248982.0,0.0,0.0,-6.32,33.37
154,000962,东方钽业,46.94,10.01,4.27,203545.0,927357889.08,10.69,46.94,42.38,42.99,42.67,0.8,4.05,113.89,6.28,24758980192.0,23619163116.0,0.0,0.0,-3.3,42.46
155,001326,联域股份,51.66,10.01,4.7,13981.0,68780602.0,10.78,51.66,46.6,46.96,46.96,0.98,5.82,62.28,3.08,3781512000.0,1240735216.0,0.0,0.0,-11.02,9.73
156,605287,德才股份,37.8,10.01,3.44,79652.0,287909721.0,10.97,37.8,34.03,34.19,34.36,1.47,5.69,39.14,3.36,5292000000.0,5292000000.0,0.0,0.0,-39.24,46.12
157,603757,大元泵业,55.72,10.01,5.07,95793.0,518961683.0,8.02,55.72,51.66,51.88,50.65,0.96,5.14,226.77,4.99,10394413271.0,10394413271.0,0.0,0.0,-7.52,26.09
158,002796,世嘉科技,26.81,10.01,2.44,49001.0,129440821.6,7.06,26.81,25.09,25.09,24.37,0.5,2.15,-72.0,8.03,6765957876.0,6104856922.0,0.0,0.0,-54.85,-3.32
159,002364,中恒电气,37.57,10.01,3.42,413331.0,1517493105.52,9.81,37.57,34.22,35.0,34.15,1.16,7.41,212.28,8.66,21173135547.0,20967958263.0,0.0,0.0,-15.82,42.63
160,002655,共达电声,24.61,10.01,2.24,322972.0,776274695.0,8.0,24.61,22.82,22.85,22.37,1.13,8.88,428.96,10.9,8972412240.0,8954665969.0,0.0,0.0,-32.28,90.92
161,002428,云南锗业,75.19,10.01,6.84,392836.0,2891093279.8,6.42,75.19,70.8,71.0,68.35,0.63,6.02,1348.07,33.57,49108092800.0,49101748644.0,0.0,0.0,-18.44,136.89
162,002693,双成药业,9.67,10.01,0.88,292817.0,280734986.8,8.99,9.67,8.88,8.89,8.79,2.11,7.12,290.73,9.64,4010049883.0,3974192033.0,0.0,0.0,-3.88,38.94
163,000815,美利云,18.37,10.0,1.67,369180.0,670304750.48,4.07,18.37,17.69,18.0,16.7,0.41,5.31,143.84,9.08,12771981953.0,12771981953.0,0.0,0.0,-15.89,64.16
164,603800,洪田股份,52.47,10.0,4.77,100741.0,508987708.0,12.03,52.47,46.73,48.0,47.7,1.15,4.84,-170.31,13.8,10913760000.0,10913760000.0,0.0,0.0,-6.04,7.59
165,603373,安邦护卫,36.53,10.0,3.32,46862.0,167331960.0,10.63,36.53,33.0,33.45,33.21,2.89,7.37,58.99,3.0,5499139807.0,2323386576.0,0.0,0.0,11.82,36.0
166,600410,华胜天成,15.62,10.0,1.42,518826.0,790738131.0,9.08,15.62,14.33,14.35,14.2,0.78,4.73,-46.39,3.98,17127246948.0,17127246948.0,0.0,0.0,-31.58,-12.59
167,603124,江南新材,110.18,10.0,10.02,43151.0,458704972.0,9.96,110.18,100.2,102.99,100.16,0.72,5.56,51.36,8.63,16058206026.0,8550938686.0,0.0,0.0,-17.15,40.52
168,603459,红板科技,87.64,10.0,7.97,167033.0,1421204171.0,9.9,87.64,79.75,80.9,79.67,0.91,21.13,133.4,16.21,66058964452.0,6928104835.0,0.0,0.0,-1.7,395.14
169,603435,嘉德利,49.84,10.0,4.53,33751.0,161896452.0,9.69,49.84,45.45,45.5,45.31,0.99,9.46,90.21,10.74,22884910194.0,1778667093.0,0.0,0.0,216.24,216.24
170,603580,艾艾精工,53.79,10.0,4.89,106330.0,549630269.0,10.61,53.79,48.6,48.97,48.9,0.69,8.14,629.83,15.45,7028911428.0,7028911428.0,0.0,0.0,108.65,230.41
171,603163,圣晖集成,73.7,10.0,6.7,52997.0,375886437.0,10.33,73.7,66.78,68.03,67.0,1.37,5.3,47.62,6.52,7370000000.0,7370000000.0,0.0,0.97,-30.18,8.46
172,603203,快克智能,39.05,10.0,3.55,98733.0,372423006.0,9.69,39.05,35.61,35.99,35.5,0.89,3.03,41.8,9.38,12886955050.0,12739478663.0,0.0,0.0,0.83,40.57
173,603186,华正新材,108.46,10.0,9.86,118418.0,1236407792.0,10.6,108.46,98.01,100.57,98.6,0.8,7.55,137.49,7.33,17005499582.0,17005499582.0,0.0,0.0,22.03,119.24
174,600378,昊华科技,41.47,10.0,3.77,458255.0,1826956555.0,9.68,41.47,37.82,38.03,37.7,0.88,4.27,43.42,2.96,53496284241.0,44479285604.0,0.0,0.0,20.13,31.36
175,603358,华达科技,39.61,10.0,3.6,135351.0,520123126.0,9.97,39.61,36.02,36.28,36.01,1.1,2.93,-60.48,5.44,18606523240.0,18290735169.0,0.0,0.0,15.72,-20.92
176,000710,贝瑞基因,9.24,10.0,0.84,330500.0,297998023.0,9.4,9.24,8.45,8.51,8.4,2.63,10.03,-41.37,2.25,3266538337.0,3044856489.0,0.0,0.0,-19.02,-18.16
177,002552,宝鼎科技,35.76,10.0,3.25,142353.0,489360957.0,11.01,35.76,32.18,33.85,32.51,0.85,3.86,52.52,8.86,13874355437.0,13177677615.0,0.0,0.0,17.55,116.6
178,002281,光迅科技,172.32,10.0,15.67,392743.0,6587355813.31,8.01,172.32,159.78,159.83,156.65,0.97,4.99,148.64,10.31,142654911764.0,135500463489.0,0.0,0.0,-13.32,146.35
179,600183,生益科技,112.23,10.0,10.2,609875.0,6695397804.0,8.56,112.23,103.5,105.0,102.03,0.87,2.53,58.85,17.05,272607081884.0,270670574221.0,0.0,0.0,35.45,58.94
180,601208,东材科技,35.75,10.0,3.25,569776.0,1981445899.0,10.68,35.75,32.28,33.0,32.5,0.83,5.64,48.32,5.98,36114040212.0,36114040212.0,0.0,0.0,-21.86,32.7
181,002484,江海股份,59.31,10.0,5.39,427829.0,2464813741.05,10.13,59.31,53.85,54.28,53.92,0.85,5.21,77.84,8.13,50444574941.0,48662210037.0,0.0,0.0,29.3,101.46
182,002463,沪电股份,111.77,10.0,10.16,670502.0,7322469099.54,8.4,111.77,103.23,104.0,101.61,1.02,3.49,43.29,13.59,215086112530.0,214912528020.0,0.0,0.0,2.84,54.02
183,001331,胜通能源,47.09,10.0,4.28,170278.0,786582757.78,9.09,47.09,43.2,43.66,42.81,1.63,5.96,-577.36,13.26,19271488320.0,13459930124.0,0.0,0.0,24.31,47.62
184,001339,智微智能,71.97,10.0,6.54,99409.0,692414181.61,7.52,71.97,67.05,67.33,65.43,0.87,6.14,30.29,8.66,23536547161.0,11651919394.0,0.0,0.0,-8.89,83.18
185,601126,四方股份,42.13,10.0,3.83,208254.0,846201101.0,8.64,42.13,38.82,39.4,38.3,0.83,2.52,32.42,7.68,35098734715.0,34760847902.0,0.0,0.0,-38.14,43.49
186,603938,三孚股份,37.39,10.0,3.4,140905.0,507889459.0,9.68,37.39,34.1,34.37,33.99,1.04,3.68,92.06,5.65,14306329943.0,14306329943.0,0.0,0.0,5.29,95.86
187,603931,格林达,32.23,10.0,2.93,79945.0,245604187.0,10.14,32.23,29.26,29.52,29.3,0.66,4.01,54.85,3.28,6431766587.0,6431766587.0,0.0,0.0,-24.64,2.64
188,603061,金海通,266.24,10.0,24.2,29362.0,758612085.0,10.22,266.24,241.5,245.68,242.04,0.65,3.37,70.19,13.75,23162880000.0,23162880000.0,0.0,0.0,-6.58,175.7
189,603083,剑桥科技,148.69,10.0,13.52,257775.0,3727772327.0,8.2,148.69,137.61,143.33,135.17,1.03,9.35,115.68,7.34,54755147961.0,40977235181.0,0.0,0.0,-24.72,10.88
190,603629,利通电子,102.41,10.0,9.31,140558.0,1428644280.0,3.24,102.41,99.39,100.41,93.1,0.41,3.9,34.61,17.48,37556614480.0,36941683394.0,0.0,0.0,-11.87,444.73
191,603115,海星股份,70.53,10.0,6.41,69978.0,473396973.0,11.29,70.53,63.29,65.0,64.12,0.72,2.86,108.75,8.45,17250410778.0,17250410778.0,0.0,0.0,14.03,289.45
192,002384,东山精密,179.09,10.0,16.28,868174.0,15329027514.63,7.43,179.09,167.0,168.76,162.81,0.85,6.26,73.89,14.49,328022592906.0,248276357372.0,0.0,0.0,-17.96,111.57
193,688596,正帆科技,47.85,10.0,4.35,423280.0,1935996901.0,17.45,49.39,41.8,43.22,43.5,1.03,14.56,-135.9,3.87,13914745500.0,13914745500.0,0.15,0.0,35.94,51.76
194,002199,东晶电子,13.53,10.0,1.23,204605.0,263394849.78,11.38,13.53,12.13,12.75,12.3,0.9,8.86,-458.48,18.19,3293775171.0,3124511218.0,0.0,0.0,7.21,59.36
195,000739,普洛药业,22.12,10.0,2.01,171442.0,373570653.55,7.71,22.12,20.57,20.68,20.11,1.03,1.48,25.73,4.07,25624771901.0,25614511473.0,0.0,0.0,14.79,37.91
196,605167,利柏特,15.84,10.0,1.44,22756.0,36046185.0,0.0,15.84,15.84,15.84,14.4,0.48,0.45,60.28,2.91,8076936289.0,8076936289.0,0.0,0.0,-19.76,-3.3
197,603259,药明康德,141.35,10.0,12.85,747059.0,10502734978.0,4.01,141.35,136.2,137.49,128.5,1.42,3.02,19.03,5.06,421754073859.0,349598162772.0,0.0,0.0,31.93,58.71
198,002957,科瑞技术,34.97,10.0,3.18,217008.0,739767016.48,9.63,34.97,31.91,32.84,31.79,1.34,5.18,52.89,4.58,14686786836.0,14641192810.0,0.0,0.09,-21.1,63.41
199,002938,鹏鼎控股,89.0,10.0,8.09,287943.0,2489714016.87,9.27,89.0,81.5,82.89,80.91,1.03,1.25,111.43,6.38,206260762562.0,205663537585.0,0.0,0.0,12.52,79.51
200,003031,中瓷电子,100.3,10.0,9.12,119145.0,1161919099.33,9.26,100.3,91.86,93.0,91.18,1.19,3.5,58.51,7.06,45240601758.0,34117716609.0,0.0,0.33,-34.72,37.93
201,002975,博杰股份,76.92,10.0,6.99,69021.0,515293212.92,9.92,76.92,69.98,70.93,69.93,0.65,5.03,60.73,6.8,16009416213.0,10565272680.0,0.0,0.0,-27.05,29.87
202,003036,泰坦股份,45.0,10.0,4.09,56841.0,243395633.44,10.76,45.0,40.6,41.66,40.91,0.8,2.62,118.81,6.91,9747290025.0,9747040275.0,0.0,0.0,5.71,192.02
203,002821,凯莱英,161.61,10.0,14.69,56901.0,909513609.35,4.12,161.61,155.55,155.55,146.92,0.67,1.79,47.9,3.33,58305812562.0,51237457891.0,0.0,0.0,25.49,76.37
204,003018,金富科技,34.76,10.0,3.16,83457.0,278145875.91,11.99,34.76,30.97,31.93,31.6,0.66,2.93,132.41,6.68,10912901374.0,9889621617.0,0.0,0.0,-12.13,141.89
205,002980,华盛昌,69.22,10.0,6.29,51963.0,346060557.0,9.57,69.22,63.2,65.01,62.93,0.56,5.13,184.55,11.61,13110348295.0,7011089186.0,0.0,0.0,-18.69,228.52
206,600721,百花医药,7.92,10.0,0.72,107250.0,84941636.0,0.0,7.92,7.92,7.92,7.2,0.64,2.79,114.62,3.84,3045617269.0,3045617269.0,0.0,0.0,-7.15,-35.08
207,002779,中坚科技,67.64,10.0,6.15,32335.0,208216265.2,10.29,67.64,61.31,62.03,61.49,1.23,1.95,109.08,13.76,12499872000.0,11215275779.0,0.0,0.0,-12.77,-40.35
208,002929,润建股份,54.01,10.0,4.91,155495.0,809775170.16,7.94,54.01,50.11,50.15,49.1,1.09,7.18,306.85,2.45,15467266814.0,11696932684.0,0.0,0.0,-30.39,35.87
209,002916,深南电路,332.54,10.0,30.23,105098.0,3422051785.85,8.12,332.54,308.0,308.0,302.31,0.83,1.58,66.6,13.77,226515139501.0,221075734503.0,0.0,0.0,0.43,44.65
210,603400,华之杰,45.03,9.99,4.09,91999.0,401016015.0,10.82,45.03,40.6,41.2,40.94,1.09,25.39,66.06,4.92,5846248277.0,1631440277.0,0.0,0.0,-30.18,13.54
211,000593,德龙汇能,20.47,9.99,1.86,13690.0,28024064.57,0.0,20.47,20.47,20.47,18.61,0.1,0.38,125.17,8.3,7341176754.0,7338150469.0,0.0,0.0,-16.18,82.77
212,000048,京基智农,19.82,9.99,1.8,144632.0,281456662.72,9.88,19.82,18.04,18.2,18.02,0.8,2.73,-11.37,2.8,10508618505.0,10490780505.0,0.0,0.0,30.74,12.61
213,603661,恒林股份,31.49,9.99,2.86,30208.0,92163726.0,9.43,31.49,28.79,28.82,28.63,1.48,2.17,18.56,1.19,4379220806.0,4379220806.0,0.0,0.0,5.6,-1.62
214,605068,明新旭腾,21.47,9.99,1.95,196517.0,394080925.0,15.98,21.47,18.35,19.31,19.52,2.19,12.12,-56.48,2.26,3482401688.0,3482401688.0,0.0,0.0,-23.18,-15.9
215,002080,中材科技,44.37,9.99,4.03,402629.0,1735950960.11,9.22,44.37,40.65,41.05,40.34,0.67,2.4,36.68,3.78,74458343422.0,74458343422.0,0.0,0.0,-29.18,23.56
216,002990,盛视科技,44.81,9.99,4.07,61635.0,268473448.05,8.49,44.81,41.35,41.4,40.74,0.59,4.47,770.03,4.75,11733594304.0,6184611808.0,0.0,0.0,-25.22,58.84
217,002989,中天精装,21.8,9.99,1.98,63063.0,132164144.92,8.68,21.8,20.08,20.45,19.82,0.81,3.19,-122.6,3.15,4395255352.0,4312802302.0,0.0,0.0,-32.42,-29.31
218,002912,中新赛克,21.03,9.99,1.91,81026.0,164605471.37,9.68,21.03,19.18,19.29,19.12,3.07,4.99,-10.94,2.29,3590914560.0,3411523108.0,0.0,0.0,-15.27,-29.29
219,605589,圣泉集团,36.21,9.99,3.29,379282.0,1331243654.0,9.08,36.21,33.22,33.39,32.92,1.01,4.48,43.2,2.96,30647727513.0,30630726918.0,0.0,0.0,-2.66,30.96
220,002913,奥士康,44.8,9.99,4.07,59466.0,257157943.57,8.74,44.8,41.24,41.4,40.73,0.79,1.95,203.69,3.28,14217750579.0,13683663795.0,0.0,0.0,-23.65,5.56
221,603738,泰晶科技,31.81,9.99,2.89,284122.0,870576202.0,8.99,31.81,29.21,29.5,28.92,0.85,7.36,133.17,6.81,12275081121.0,12275081121.0,0.0,0.0,-38.44,103.0
222,002173,创新医疗,20.92,9.99,1.9,449143.0,912092790.99,7.99,20.92,19.4,19.63,19.02,0.61,10.67,-91.77,5.35,9231668644.0,8804496449.0,0.0,0.0,-13.77,-2.74
223,600673,东阳光,32.15,9.99,2.92,628768.0,1963745272.0,7.8,32.15,29.87,29.94,29.23,1.35,2.09,202.8,9.75,96757195147.0,96500087353.0,0.0,0.0,-17.61,43.33
224,603773,沃格光电,71.43,9.99,6.49,108092.0,751999969.0,9.13,71.43,65.5,66.56,64.94,0.63,4.81,-78.54,15.17,16054366295.0,16048794755.0,0.0,0.0,-10.75,101.89
225,000811,冰轮环境,35.88,9.99,3.26,369161.0,1290780854.69,9.96,35.88,32.63,34.3,32.62,0.65,3.77,75.95,5.54,35610110102.0,35104837034.0,0.0,0.0,24.54,94.79
226,000510,新金路,14.65,9.98,1.33,278302.0,396538717.39,9.23,14.65,13.42,13.5,13.32,0.58,4.59,-46.76,9.21,9501163579.0,8886842243.0,0.0,0.0,-12.33,26.51
227,603058,永吉股份,9.81,9.98,0.89,143826.0,137059680.0,9.42,9.81,8.97,8.97,8.92,1.08,3.47,24.83,3.62,4068143882.0,4067849582.0,0.0,0.0,-20.37,4.7
228,603936,博敏电子,13.44,9.98,1.22,443756.0,576514565.0,9.25,13.44,12.31,12.36,12.22,1.14,7.04,-199.77,1.97,8673477174.0,8472549174.0,0.0,0.0,-33.5,5.91
229,002348,高乐股份,11.02,9.98,1.0,65504.0,72185408.0,0.0,11.02,11.02,11.02,10.02,0.39,0.72,-195.31,17.58,10944393984.0,9956933649.0,0.0,0.0,-16.32,91.65
230,603106,恒银科技,9.04,9.98,0.82,212879.0,192368858.0,1.7,9.04,8.9,9.04,8.22,2.43,4.09,413.33,3.58,4705500800.0,4705500800.0,0.0,0.0,-1.42,-15.28
231,002921,联诚精密,22.37,9.98,2.03,107366.0,234362406.0,10.67,22.37,20.2,20.5,20.34,1.0,8.36,-877.79,2.54,3332461741.0,2873272818.0,0.0,0.0,-31.38,31.43
232,603990,麦迪科技,17.96,9.98,1.63,325665.0,559465351.0,13.84,17.96,15.7,16.13,16.33,1.58,10.67,356.33,6.54,5482207941.0,5482207941.0,0.0,0.0,11.07,18.39
233,002792,通宇通讯,28.75,9.98,2.61,183038.0,515545075.34,7.15,28.75,26.88,27.0,26.14,1.12,5.42,-291.25,5.36,15060285863.0,9712453858.0,0.0,0.0,-45.74,-32.64
234,002659,凯文教育,5.07,9.98,0.46,684055.0,335526685.02,11.28,5.07,4.55,4.61,4.61,2.09,11.43,3930.73,1.41,3033281547.0,3033267290.0,0.0,0.0,-5.59,-13.48
235,603466,风语筑,11.13,9.98,1.01,912477.0,979183649.0,9.39,11.13,10.18,10.28,10.12,1.75,15.34,38.85,3.2,6620441116.0,6620441116.0,0.0,0.0,10.75,19.16
236,600228,返利科技,7.83,9.97,0.71,399442.0,297549754.0,10.81,7.83,7.06,7.2,7.12,0.85,9.6,-58.17,8.54,3262545103.0,3257571096.0,0.0,0.0,14.98,39.57
237,002963,豪尔赛,15.99,9.97,1.45,60768.0,95143332.0,9.42,15.99,14.62,15.43,14.54,1.3,4.94,-128.02,2.03,2404255281.0,1966674828.0,0.0,0.0,-10.67,7.46
238,002579,中京电子,11.8,9.97,1.07,358818.0,412303214.2,9.69,11.8,10.76,10.84,10.73,0.62,6.15,321.58,3.01,7228899716.0,6884260349.0,0.0,0.0,-12.33,-3.12
239,600379,宝光股份,12.35,9.97,1.12,262254.0,316081067.0,8.55,12.35,11.39,11.69,11.23,1.41,7.94,110.54,5.24,4077989315.0,4077989315.0,0.0,0.0,-32.88,6.19
240,600712,南宁百货,5.52,9.96,0.5,368869.0,195779491.0,10.76,5.52,4.98,4.98,5.02,1.66,6.85,274.0,3.97,3006497587.0,2973339008.0,0.0,0.0,-13.07,-19.06
241,603912,佳力图,7.84,9.96,0.71,266063.0,203888892.0,9.4,7.84,7.17,7.17,7.13,2.22,4.91,-52.48,2.47,4251838114.0,4251838114.0,0.0,0.0,-31.89,-8.52
242,300536,农尚环境,8.84,9.95,0.8,158189.0,137433484.0,11.69,8.99,8.05,8.08,8.04,1.7,5.39,-43.99,9.2,2592667096.0,2592479140.0,-0.11,-0.23,-33.68,21.93
243,002291,遥望科技,5.76,9.92,0.52,668266.0,369096374.97,10.11,5.76,5.23,5.25,5.24,2.1,7.69,5.92,1.81,5386350833.0,5006161555.0,0.0,0.0,-15.79,-9.86
244,600666,奥瑞德,3.78,9.88,0.34,1074865.0,399252338.0,8.72,3.78,3.48,3.49,3.44,0.94,4.3,-268.21,9.49,10399979749.0,9458026701.0,0.0,0.0,-33.92,12.5
245,600892,大晟文化,3.78,9.88,0.34,210283.0,77422020.0,9.59,3.78,3.45,3.47,3.44,1.82,3.76,-31.0,241.13,2114774631.0,2114227846.0,0.0,0.0,-5.74,3.28
246,301369,联动科技,120.2,9.86,10.79,24425.0,285705863.79,11.39,121.46,109.0,110.84,109.41,0.86,4.45,900.41,8.21,12297395036.0,6592878768.0,0.02,0.02,-21.34,30.4
247,301520,万邦医药,45.95,9.85,4.12,131591.0,587153020.2,9.95,46.87,42.71,42.99,41.83,0.93,40.24,-4088.54,2.86,4281224589.0,1502493456.0,-0.07,0.26,48.08,62.89
248,300260,新莱应材,47.49,9.8,4.24,268919.0,1241812418.54,10.87,48.2,43.5,44.0,43.25,0.68,9.35,91.62,9.1,19366742652.0,13659878518.0,0.06,0.06,-13.02,-16.45
249,300560,中富通,14.23,9.8,1.27,192362.0,268522633.95,9.57,14.46,13.22,13.26,12.96,1.34,10.29,101.11,3.68,3269251741.0,2660508891.0,0.0,0.07,-17.79,-11.94
250,301251,威尔高,30.9,9.77,2.75,73674.0,220211314.03,10.62,31.14,28.15,28.79,28.15,1.1,9.75,214.21,3.76,5826630257.0,2335722595.0,-0.19,0.19,-35.88,-17.18
251,688635,长进光子,238.0,9.77,21.19,21360.0,494629253.0,11.26,243.4,218.99,222.99,216.81,1.56,12.03,280.26,14.9,22293460000.0,4226051046.0,0.0,-0.22,480.77,480.77
252,688143,长盈通,90.2,9.73,8.0,103951.0,911641129.0,10.23,90.98,82.57,85.0,82.2,1.22,8.49,492.31,8.61,11616028340.0,11038173225.0,0.32,0.26,26.07,79.82
253,300795,米奥会展,15.58,9.72,1.38,518354.0,801144860.98,16.2,16.4,14.1,14.69,14.2,1.06,29.79,-47.16,8.2,4656766495.0,2710688808.0,0.06,-0.32,40.74,16.1
254,688456,有研粉材,69.95,9.64,6.15,67538.0,460046599.0,11.58,70.89,63.5,64.32,63.8,1.1,6.52,59.84,5.74,7251017000.0,7251017000.0,0.0,0.13,-13.92,-9.7
255,688028,沃尔德,71.7,9.57,6.26,70016.0,487099778.0,10.94,72.3,65.14,66.66,65.44,0.84,4.64,95.45,5.41,10823043300.0,10823043300.0,0.0,0.08,-43.57,11.32
256,688628,优利德,62.0,9.5,5.38,37587.0,228060830.0,11.14,62.98,56.67,57.5,56.62,0.95,3.36,23.87,5.55,6929590456.0,6929590456.0,0.02,-0.16,-32.83,99.74
257,920670,数字人,13.76,9.47,1.19,60942.0,82189875.27,13.68,14.29,12.57,12.62,12.57,3.18,9.15,-49.06,6.2,1461069824.0,916878446.0,0.0,0.36,-10.12,-18.0
258,301086,鸿富瀚,99.5,9.46,8.6,43277.0,417022333.29,12.42,100.98,89.69,92.53,90.9,0.98,6.2,80.63,6.47,12523487900.0,6941205869.0,-0.34,-0.14,-35.99,25.03
259,300671,富满微,54.79,9.45,4.73,186815.0,991458657.09,13.02,56.17,49.65,50.34,50.06,1.08,8.46,66.91,7.24,12129764143.0,12096807684.0,0.27,0.0,2.91,71.81
260,603391,力聚热能,58.86,9.45,5.08,16040.0,91341929.0,10.39,58.99,53.4,54.0,53.78,1.67,7.05,357.64,2.51,5356260000.0,1339065000.0,0.0,0.17,-10.75,-7.99
261,688479,友车科技,30.79,9.42,2.65,42570.0,129707541.0,10.8,31.66,28.62,29.33,28.14,1.77,4.92,144.75,3.36,6198777044.0,2664085044.0,0.1,0.13,2.22,131.33
262,300561,汇金科技,18.38,9.4,1.58,423215.0,767105348.5,12.86,18.96,16.8,16.96,16.8,1.42,17.56,-531.24,10.57,6030624581.0,4430638210.0,0.0,0.05,-1.39,25.2
263,300983,尤安设计,37.61,9.39,3.23,25634.0,92476051.3,10.73,37.7,34.01,34.34,34.38,0.99,1.68,-1937.45,2.35,6499008000.0,5747193051.0,-0.08,0.4,-14.5,40.34
264,605376,博迁新材,143.32,9.32,12.22,193897.0,2679481882.0,13.47,144.21,126.55,133.31,131.1,1.06,7.41,130.86,21.62,37492512000.0,37492512000.0,0.0,-0.01,3.96,119.48
265,301568,思泰克,59.84,9.3,5.09,50596.0,297629819.2,9.79,60.6,55.24,55.56,54.75,1.22,10.63,58.44,6.13,6178982656.0,2848345702.0,-0.07,0.23,0.66,24.85
266,300567,精测电子,182.52,9.29,15.52,119446.0,2100176864.69,12.57,185.0,164.01,168.15,167.0,1.0,5.26,298.86,12.39,51059391594.0,41441115807.0,0.01,-0.25,17.15,100.57
267,688073,毕得医药,50.65,9.28,4.3,34639.0,172662804.0,7.75,51.09,47.5,47.76,46.35,1.77,3.81,24.57,2.3,4603221316.0,4603221316.0,0.24,0.46,-14.76,-15.51
268,688383,新益昌,97.53,9.28,8.28,21558.0,203639624.0,10.7,97.66,88.11,91.54,89.25,0.83,2.12,116.18,7.9,9913583145.0,9913583145.0,0.25,0.24,-4.28,24.61
269,301230,泓博医药,26.75,9.27,2.27,162541.0,422456576.21,7.88,26.93,25.0,25.0,24.48,1.55,9.99,50.89,4.83,4840175121.0,4353506833.0,-0.26,0.19,-21.55,17.27
270,300571,平治信息,34.22,9.26,2.9,155805.0,520275040.5,8.72,34.68,31.95,32.8,31.32,1.64,13.47,244.52,3.87,4774658221.0,3957104129.0,0.06,0.23,-40.64,23.76
271,002436,兴森科技,28.73,9.24,2.43,1388279.0,3891082916.05,10.46,28.93,26.18,26.58,26.3,1.15,9.15,651.27,9.24,48831621465.0,43610141283.0,-0.03,-0.1,-13.31,35.9
272,688123,聚辰股份,112.5,9.22,9.5,89509.0,983789640.0,12.98,114.87,101.5,103.21,103.0,0.73,5.63,144.9,6.93,17876539013.0,17876539013.0,0.08,-0.12,-25.76,-9.91
273,301393,昊帆生物,56.11,9.21,4.73,40106.0,222145093.69,8.08,56.7,52.55,52.55,51.38,1.44,9.12,45.3,2.57,6059880000.0,2467027647.0,0.18,0.09,-4.22,11.29
274,600206,有研新材,36.19,9.17,3.04,967576.0,3383462579.0,10.35,36.36,32.93,33.67,33.15,0.92,11.43,83.55,7.03,30636765085.0,30636765085.0,-0.03,0.25,10.44,78.89
275,920179,凯德石英,50.1,9.17,4.21,36559.0,179996219.32,8.19,50.48,46.72,47.51,45.89,1.15,6.12,192.75,4.99,3730288586.0,2991895547.0,0.18,0.5,-6.81,30.06
276,300672,国科微,133.8,9.15,11.22,123190.0,1611117457.32,11.62,135.58,121.34,123.11,122.58,0.87,5.86,132.18,7.53,29048308078.0,28143179042.0,0.12,0.13,-43.18,24.33
277,301196,唯科科技,67.73,9.15,5.68,51903.0,342976588.84,10.57,68.49,61.93,62.85,62.05,0.79,4.81,38.97,3.4,11122175072.0,7301002490.0,0.03,-0.04,-30.42,11.07
278,603950,长源东谷,52.71,9.13,4.41,92243.0,472697405.0,11.26,53.13,47.69,48.75,48.3,0.93,2.85,51.56,5.59,17084934468.0,17071124448.0,0.08,0.21,-24.61,82.89
279,301607,富特科技,34.21,9.12,2.86,145375.0,487246824.67,9.92,34.77,31.66,31.91,31.35,1.22,9.58,26.02,4.44,8009543819.0,5192779586.0,0.29,-0.03,-11.05,19.87
280,688629,华丰科技,138.75,9.11,11.59,184863.0,2485354464.0,10.49,140.34,127.0,128.1,127.16,0.93,4.01,154.53,22.43,64970376533.0,63962755301.0,0.0,-0.1,-0.54,38.67
281,688757,胜科纳米,29.26,9.1,2.44,99033.0,280853040.0,9.1,29.35,26.91,27.01,26.82,1.01,5.46,397.96,13.56,11800894080.0,5302507353.0,-0.03,-0.07,-6.34,11.47
282,001223,欧克科技,39.46,9.1,3.29,58753.0,224310415.38,12.5,39.79,35.27,37.0,36.17,2.37,8.41,41.9,2.7,5157137888.0,2755681208.0,-0.1,-0.83,-7.72,14.21
283,300619,金银河,26.41,9.09,2.2,113030.0,291001026.77,10.0,26.7,24.28,24.8,24.21,2.08,5.94,-103.12,3.8,5973930248.0,5029320872.0,0.0,0.04,-29.65,-21.72
284,300757,罗博特科,448.0,9.06,37.2,102074.0,4466888632.16,8.28,454.0,420.0,425.0,410.8,1.15,6.28,-483.59,46.19,75088433728.0,72829925056.0,0.0,0.12,-12.55,92.03
285,300825,阿尔特,10.95,9.06,0.91,372804.0,395842303.14,11.25,11.1,9.97,10.01,10.04,0.87,7.69,90.53,2.67,5418941267.0,5305142505.0,0.09,0.27,3.89,13.12
286,600815,厦工股份,3.49,9.06,0.29,1941097.0,670635066.0,8.13,3.52,3.26,3.36,3.2,2.25,10.94,-211.52,4.26,6191589735.0,6191589735.0,0.0,-0.57,-27.59,1.16
287,688308,欧科亿,86.97,9.01,7.19,99029.0,837269045.0,9.54,87.49,79.88,81.0,79.78,1.04,6.24,16.93,4.94,13809245145.0,13809245145.0,0.01,0.25,-11.54,177.06
288,688090,瑞松科技,53.39,8.98,4.4,87431.0,450526593.0,10.08,53.4,48.46,50.05,48.99,0.81,5.51,102.93,9.28,8474192406.0,8474192406.0,0.66,0.79,-22.23,56.29
289,688337,普源精电,40.44,8.97,3.33,49605.0,195781654.0,9.73,40.92,37.31,37.31,37.11,1.09,2.67,95.5,2.85,8843282391.0,7518481943.0,0.0,0.05,-34.28,10.82
290,300192,科德教育,13.14,8.96,1.08,260338.0,330084953.78,10.03,13.17,11.96,12.0,12.06,1.23,5.72,61.81,6.06,6054920672.0,5984478709.0,0.0,-0.08,-10.98,-12.92
291,300868,杰美特,71.88,8.89,5.87,52567.0,369972827.0,12.13,73.58,65.57,66.19,66.01,1.11,6.51,-283.53,6.23,9141603231.0,5804908401.0,0.31,0.64,-23.25,126.75
292,603256,宏和科技,125.55,8.87,10.23,279474.0,3408937418.0,12.36,126.85,112.6,118.0,115.32,1.18,3.18,202.47,41.91,113570828170.0,110449787625.0,-0.01,0.18,-16.25,241.73
293,300986,志特新材,11.8,8.86,0.96,578946.0,671540850.17,12.82,12.23,10.84,10.84,10.84,1.46,10.06,44.11,3.1,6793529524.0,6788740281.0,-0.17,0.08,-31.28,48.8
294,301121,紫建电子,33.38,8.84,2.71,25131.0,80656649.57,9.06,33.45,30.67,30.67,30.67,0.87,4.97,-189.36,1.99,3298813783.0,1688749010.0,0.0,0.24,-15.52,-16.21
295,688102,斯瑞新材,31.54,8.83,2.56,208558.0,639319315.0,9.8,31.94,29.1,29.36,28.98,1.51,2.68,142.97,12.82,24635105721.0,24563582494.0,-0.28,-0.16,-33.35,-18.42
296,600601,方正科技,9.86,8.83,0.8,2002758.0,1915537791.0,7.95,9.87,9.15,9.19,9.06,1.08,4.8,45.48,8.64,42139104866.0,41119091810.0,0.1,0.41,-26.03,-15.87
297,920924,广脉科技,14.8,8.82,1.2,46829.0,69242515.47,13.9,15.66,13.77,13.77,13.6,3.41,7.16,99.9,4.95,1587988200.0,967507687.0,-0.2,-0.13,-28.91,-29.22
298,000657,中钨高新,52.21,8.79,4.22,809797.0,4147576143.01,9.73,52.79,48.12,48.61,47.99,1.33,5.57,32.29,11.71,118965935724.0,75884729285.0,0.17,0.27,-13.57,89.99
299,002859,洁美科技,60.0,8.75,4.83,264815.0,1537968477.74,13.83,60.69,53.06,56.01,55.17,1.04,6.18,142.5,7.53,27218517780.0,25698912000.0,0.32,0.3,17.0,118.34
300,300031,宝通科技,21.27,8.74,1.71,310933.0,642247391.76,9.36,21.43,19.6,19.68,19.56,1.63,8.84,20.12,2.2,8906742203.0,7484953243.0,-0.14,-0.09,-11.82,-6.01
301,301317,鑫磊股份,41.97,8.73,3.37,38059.0,156381558.77,11.11,42.55,38.26,39.2,38.6,0.99,7.29,-84.94,5.59,6597264300.0,2190696884.0,0.0,0.33,-35.9,31.36
302,301132,满坤科技,30.42,8.72,2.44,57921.0,171318059.01,7.9,30.5,28.29,28.29,27.98,1.22,6.11,62.14,2.54,4504783695.0,2881821695.0,-0.26,0.26,-22.48,-7.48
303,688502,茂莱光学,326.48,8.68,26.07,14241.0,455357786.0,9.58,329.79,301.0,301.0,300.41,0.48,2.7,-387.97,14.63,17238388207.0,17238388207.0,0.01,0.16,-39.49,-18.13
304,301213,观想科技,45.59,8.68,3.64,40508.0,179711653.61,11.97,46.6,41.58,42.38,41.95,1.42,5.6,182.75,6.41,5106079909.0,3300509386.0,0.37,0.6,-16.79,-7.43
305,002008,大族激光,88.25,8.67,7.04,518675.0,4493669084.14,11.09,89.33,80.32,82.29,81.21,1.08,5.42,35.32,4.23,90862500756.0,84431191462.0,0.11,0.15,-34.18,115.3
306,688371,菲沃泰,23.19,8.67,1.85,95920.0,217037767.0,9.14,23.4,21.45,21.45,21.34,0.62,2.86,-91.69,4.01,7779603936.0,7779603936.0,0.0,0.0,-31.0,25.9
307,301176,逸豪新材,41.44,8.65,3.3,100073.0,401762486.09,10.36,41.66,37.71,38.5,38.14,0.85,6.1,186.51,4.71,7006122680.0,6798381516.0,0.22,0.19,1.05,64.64
308,688806,泰诺麦博-U,25.9,8.64,2.06,130306.0,338293553.0,13.0,27.3,24.2,24.35,23.84,0.84,25.54,-30.94,13.2,11928146321.0,1321564594.0,0.0,0.0,79.11,79.11
309,688141,杰华特,115.01,8.64,9.15,163989.0,1851782760.0,11.74,117.44,105.01,109.08,105.86,0.77,3.64,-46.88,41.49,51791488251.0,51791488251.0,0.2,0.35,9.96,164.82
310,001389,广合科技,152.68,8.61,12.1,97024.0,1442399722.05,8.49,153.25,141.32,143.0,140.58,0.96,6.37,45.96,10.45,72173235160.0,23261850576.0,0.01,0.16,-19.49,88.54
311,300715,凯伦股份,12.01,8.59,0.95,144183.0,167832766.94,8.86,12.08,11.1,11.25,11.06,1.3,4.61,78.32,2.59,4540445714.0,3758633483.0,0.33,0.33,-19.93,15.04
312,688247,宣泰医药,8.6,8.59,0.68,129110.0,107203390.0,10.23,8.69,7.88,7.88,7.92,2.5,2.85,58.85,2.99,3898724000.0,3898724000.0,0.0,-0.12,-10.6,-11.25
313,301486,致尚科技,136.81,8.58,10.81,69568.0,931510234.06,9.87,139.0,126.56,126.56,126.0,1.25,9.54,-725.46,6.89,17619579995.0,9974012931.0,0.12,0.08,-45.31,10.29
314,002631,德尔未来,7.1,8.56,0.56,376108.0,258531698.37,11.31,7.15,6.41,6.68,6.54,1.37,4.74,-100.76,2.8,5660708455.0,5634363699.0,1.0,1.57,-21.11,18.73
315,300491,通合科技,26.78,8.55,2.11,155326.0,410210864.65,11.67,27.63,24.75,25.29,24.67,1.1,9.86,-3847.36,3.94,4757915538.0,4220532472.0,0.0,0.07,-6.69,6.91
316,301235,华康洁净,38.2,8.55,3.01,80611.0,299770749.48,9.61,38.7,35.32,36.0,35.19,0.93,7.73,-76.17,2.07,5319352941.0,3981140397.0,0.24,0.42,-40.12,4.14
317,002138,顺络电子,47.23,8.55,3.72,526807.0,2391380950.96,9.93,47.25,42.93,44.32,43.51,1.04,6.87,42.59,5.8,38082415859.0,36194464337.0,0.0,0.34,26.59,35.95
318,300373,扬杰科技,86.8,8.53,6.82,195862.0,1663355850.95,8.81,87.97,80.92,81.98,79.98,1.1,3.61,30.63,4.89,47162587912.0,47057609648.0,0.05,0.12,11.67,28.59
319,688216,气派科技,27.14,8.52,2.13,50559.0,132707422.0,8.64,27.27,25.11,25.38,25.01,0.82,4.76,-208.4,4.23,3104933272.0,2883400308.0,0.18,0.07,-22.35,21.81
320,688388,嘉元科技,24.85,8.52,1.95,368529.0,898467100.0,9.83,25.16,22.91,23.23,22.9,1.16,5.58,34.02,2.03,16398696579.0,16398696579.0,-0.04,-0.04,-24.67,-12.1
321,002290,禾盛新材,54.3,8.51,4.26,84773.0,445596046.88,8.77,54.39,50.0,50.5,50.04,0.88,3.43,49.45,12.8,13472499519.0,13429846217.0,-0.02,0.17,-43.36,19.37
322,688820,盛合晶微,126.33,8.51,9.91,151573.0,1876377369.0,8.7,127.63,117.5,118.73,116.42,1.0,8.77,307.49,12.23,235324251674.0,21842790890.0,0.02,0.04,-12.57,541.92
323,301511,德福科技,68.71,8.5,5.38,293073.0,1963950093.47,11.91,69.98,62.44,64.1,63.33,1.07,7.82,73.54,10.58,43309424620.0,25740899514.0,0.0,0.19,-25.94,92.52
324,688125,安达智能,103.53,8.49,8.1,16810.0,170240502.0,8.68,105.0,96.72,99.01,95.43,1.12,2.04,-68.24,4.74,8533507460.0,8510533117.0,0.0,0.21,-51.19,-23.34
325,688671,碧兴物联,23.5,8.49,1.84,20412.0,46933542.0,9.7,23.66,21.56,21.66,21.66,1.16,4.36,-26.9,1.85,1845194150.0,1100907367.0,-0.47,-0.3,-8.91,-5.13
326,300902,国安达,15.98,8.49,1.25,63454.0,98486484.72,8.49,16.06,14.81,14.95,14.73,1.63,5.08,-106.56,3.58,2905217837.0,1994231035.0,-0.13,-0.06,-13.76,-23.28
327,002353,杰瑞股份,141.82,8.47,11.07,160616.0,2242714143.07,8.8,143.3,131.8,133.0,130.75,0.68,2.32,61.71,6.37,145203234236.0,98003096379.0,0.11,0.13,-1.53,102.22
328,688449,联芸科技,53.1,8.46,4.14,100240.0,516955231.0,9.68,53.44,48.7,49.0,48.96,1.01,3.42,689.2,12.83,24426000000.0,15569139569.0,-0.3,-0.09,-22.39,17.66
329,688138,清溢光电,29.1,8.46,2.27,93431.0,266025008.0,9.24,29.48,27.0,27.17,26.83,0.96,2.97,41.12,3.26,9160680000.0,9160680000.0,0.0,-0.03,-12.03,3.67
330,001256,炜冈科技,25.77,8.46,2.01,57805.0,146011322.6,11.11,26.14,23.5,24.5,23.76,2.19,5.41,24.44,2.9,3675125620.0,2755136620.0,0.39,0.74,0.27,16.92
331,688381,帝奥微,27.72,8.45,2.16,102093.0,277217515.0,9.35,28.07,25.68,26.01,25.56,0.84,4.12,-69.57,2.76,6860700000.0,6860700000.0,-0.07,-0.04,-14.5,22.01
332,002787,华源控股,19.68,8.43,1.53,232647.0,443069157.31,10.8,19.97,18.01,18.46,18.15,1.01,9.38,43.56,3.59,6541606869.0,4882278124.0,0.0,0.1,-15.28,58.07
333,301421,波长光电,68.18,8.43,5.3,87548.0,579337152.1,9.34,68.47,62.6,64.3,62.88,0.86,18.91,304.71,6.6,7889653240.0,3157312507.0,-0.03,0.06,-35.82,-34.47
334,688372,伟测科技,111.88,8.41,8.68,103949.0,1145330256.0,8.82,112.95,103.85,104.48,103.2,0.91,6.15,66.71,4.58,18907331776.0,18907331776.0,0.27,0.22,-30.7,3.08
335,688307,中润光学,40.93,8.4,3.17,55552.0,223333837.0,9.43,41.58,38.02,38.5,37.76,0.8,4.47,85.35,5.76,5086927748.0,5086927748.0,-0.02,0.07,-48.0,33.85
336,688172,燕东微,49.72,8.39,3.85,179325.0,869550142.0,11.77,50.7,45.3,46.57,45.87,0.88,1.5,-68.5,3.91,70981171783.0,59602054399.0,-0.08,0.02,2.94,71.8
337,688286,敏芯股份,40.84,8.39,3.16,41653.0,165870858.0,9.24,41.48,38.0,38.91,37.68,0.97,5.32,-77.17,3.06,3198324198.0,3198324198.0,-0.05,0.0,-20.79,-27.49
338,688627,精智达,403.0,8.37,31.12,51138.0,2007620966.0,10.48,407.0,368.01,379.19,371.88,0.87,5.43,651.75,21.98,37933646062.0,37933646062.0,0.24,-0.07,17.13,80.42
339,301666,大普微-UW,411.59,8.35,31.71,39207.0,1596885227.66,9.73,419.95,383.0,386.71,379.88,1.17,14.79,121.35,66.97,179542291612.0,10913861615.0,0.07,0.39,-17.87,793.21
340,301055,张小泉,27.65,8.35,2.13,56006.0,154189611.4,11.36,28.6,25.7,25.7,25.52,1.24,3.67,36.98,6.6,4313400000.0,4221261241.0,0.04,0.22,-19.32,43.19
341,688030,山石网科,16.99,8.35,1.31,62489.0,103936869.0,8.42,17.14,15.82,15.82,15.68,1.55,3.47,-22.2,4.5,3062207397.0,3062207397.0,0.0,0.0,-0.23,-6.49
342,688257,新锐股份,51.4,8.35,3.96,184867.0,926637034.0,9.87,51.98,47.3,48.0,47.44,0.96,5.2,14.62,6.98,18260532541.0,18260532541.0,0.02,0.04,-0.27,111.44
343,002156,通富微电,55.6,8.3,4.26,1426086.0,7698963519.09,8.32,55.93,51.66,52.84,51.34,0.8,9.4,64.11,5.43,84378388307.0,84370343543.0,0.04,0.05,-9.06,47.79
344,301070,开勒股份,58.14,8.29,4.45,37480.0,212658273.74,9.42,58.55,53.49,53.57,53.69,0.9,4.42,-259.1,10.12,7335775895.0,4931078402.0,0.21,0.4,-25.65,32.08
345,688107,安路科技,29.77,8.29,2.28,106998.0,310755098.0,8.8,29.94,27.52,27.77,27.49,1.03,2.67,-73.1,13.22,11933285656.0,11933285656.0,-0.3,0.4,-24.06,9.53
346,300400,劲拓股份,22.11,8.28,1.69,125734.0,273147485.0,9.55,22.5,20.55,20.55,20.42,1.02,5.2,52.39,7.59,5364456438.0,5346507540.0,0.05,0.05,-30.6,14.03
347,688179,阿拉丁,18.3,8.28,1.4,130778.0,233922326.0,10.06,18.5,16.8,17.02,16.9,1.11,3.61,56.93,5.13,6624710843.0,6624710843.0,-0.27,-0.22,-20.02,48.18
348,601869,长飞光纤,284.0,8.27,21.7,141474.0,3922713483.0,8.71,286.88,264.03,267.0,262.3,1.1,3.48,118.72,16.52,235125050672.0,115400081176.0,0.0,0.07,-29.05,144.07
349,300331,苏大维格,39.69,8.27,3.03,161384.0,626798437.33,9.52,40.2,36.71,37.32,36.66,0.81,7.27,85.8,6.69,10305996131.0,8816372166.0,-0.1,-0.13,-29.62,22.65
350,603989,艾华集团,25.52,8.27,1.95,250208.0,623248778.0,10.61,25.91,23.41,23.8,23.57,0.98,6.27,36.97,2.63,10176862027.0,10176862027.0,-0.08,-0.16,20.83,53.92
351,920651,天罡股份,24.09,8.27,1.84,12189.0,28428950.3,10.83,24.45,22.04,22.15,22.25,0.93,2.94,33.61,2.89,1469490000.0,998949016.0,-0.04,-0.12,-11.27,-43.45
352,300668,杰恩股份,37.24,8.26,2.84,45142.0,163974264.0,10.99,38.18,34.4,34.52,34.4,0.92,4.53,-172.37,5.75,4482998607.0,3712599421.0,0.24,0.24,-45.04,27.62
353,301630,同宇新材,153.7,8.24,11.7,16828.0,251179411.01,8.7,154.47,142.11,143.82,142.0,1.08,8.02,47.77,5.18,8607200000.0,3224579890.0,-0.01,0.27,-15.88,28.08
354,688787,海天瑞声,106.29,8.23,8.08,38008.0,391818024.0,7.55,106.5,99.09,99.09,98.21,1.22,6.3,190.76,8.61,6411963382.0,6411963382.0,0.08,0.05,-27.49,-8.28
355,300456,赛微电子,30.55,8.18,2.31,359347.0,1078630560.23,9.28,30.97,28.35,28.55,28.24,1.37,6.01,-113.9,3.52,22369111244.0,18252064750.0,-0.03,0.03,-39.83,-45.04
356,688677,海泰新光,69.49,8.16,5.24,44699.0,306308157.0,7.61,70.39,65.5,65.7,64.25,0.71,3.73,44.12,6.34,8330252730.0,8330252730.0,0.01,0.27,-49.76,63.24
357,300666,江丰电子,200.08,8.15,15.07,170874.0,3332396143.34,9.42,202.68,185.25,188.02,185.01,0.94,7.73,65.81,7.9,55216294287.0,44240846063.0,0.05,0.04,8.37,118.38
358,688685,迈信林,45.1,8.13,3.39,76781.0,335890962.0,9.69,45.49,41.45,42.67,41.71,0.79,5.23,631.21,8.34,6623010182.0,6623010182.0,-0.07,-0.02,-14.14,-18.65
359,688783,西安奕材-U,26.06,8.13,1.96,318745.0,812508887.0,8.67,26.28,24.19,24.45,24.1,0.66,11.85,-166.15,8.58,105225068000.0,7007534000.0,0.08,0.04,-23.47,9.5
360,688127,蓝特光学,60.5,8.11,4.54,89287.0,529905276.0,8.86,61.19,56.23,57.0,55.96,0.98,2.2,47.39,11.09,24556810850.0,24556810850.0,-0.28,-0.23,-31.9,58.42
361,688350,富淼科技,28.8,8.11,2.16,33884.0,95638037.0,10.59,29.36,26.54,26.98,26.64,1.05,2.37,54.08,2.23,4125445286.0,4125445286.0,0.0,0.17,-26.17,12.24
362,688535,华海诚科,88.28,8.11,6.62,83833.0,722253461.0,10.0,89.75,81.58,83.0,81.66,0.83,6.28,233.76,5.9,12648233134.0,11788362187.0,0.1,0.08,-16.95,16.57
363,001359,平安电工,78.34,8.11,5.88,54198.0,405696286.95,11.83,78.6,70.03,72.54,72.46,0.99,8.99,75.86,9.15,18892013291.0,4723179862.0,-0.14,0.4,3.65,44.25
364,600552,凯盛科技,16.01,8.1,1.2,762155.0,1193227144.0,7.9,16.15,14.98,15.05,14.81,1.05,8.07,135.42,3.54,15123156373.0,15123156373.0,-0.06,-0.06,-5.1,29.64
365,600301,华锡有色,45.0,8.1,3.37,157010.0,689828519.0,7.59,45.16,42.0,42.0,41.63,1.41,5.7,39.12,6.01,28465536555.0,12390105645.0,-0.02,-0.04,-28.0,18.51
366,002824,和胜股份,20.82,8.1,1.56,217964.0,439087441.36,10.33,20.94,18.95,19.58,19.26,1.19,9.64,65.87,2.84,6478618487.0,4708987027.0,0.05,0.14,-25.88,8.27
367,301031,中熔电气,84.57,8.1,6.34,41052.0,340376927.17,9.25,85.48,78.24,78.79,78.23,1.46,3.57,27.14,7.61,12360273633.0,9716986696.0,-0.09,-0.15,-18.99,11.91
368,300604,长川科技,245.82,8.09,18.4,299847.0,7228112164.24,11.31,249.98,224.25,228.59,227.42,0.9,6.13,110.59,31.01,155952783693.0,120321868152.0,0.04,0.01,12.6,142.88
369,300163,先锋新材,6.17,8.06,0.46,432532.0,260226030.0,9.98,6.23,5.66,5.82,5.71,1.22,9.47,-68.81,5.32,2924580000.0,2817198813.0,0.0,0.33,37.11,52.35
370,920699,海达尔,67.1,8.05,5.0,12297.0,80801430.03,9.32,67.92,62.13,62.72,62.1,1.06,4.21,106.15,12.82,4286040682.0,1961025682.0,-0.04,0.55,67.08,100.72
371,603127,昭衍新药,44.35,8.04,3.3,615557.0,2695654987.0,7.11,45.16,42.24,42.35,41.05,1.17,9.81,34.86,3.92,33233593557.0,27839236266.0,0.02,0.02,10.85,27.11
372,300938,信测标准,25.25,8.04,1.88,157330.0,390581873.95,8.26,25.55,23.62,23.84,23.37,0.82,5.32,48.01,4.66,8606766333.0,7470215126.0,0.12,0.16,-43.95,9.45
373,600468,百利电气,6.72,8.04,0.5,1180851.0,775162590.0,7.88,6.84,6.35,6.44,6.22,2.99,10.86,71.57,3.63,7309581357.0,7309581357.0,-0.15,0.15,-13.62,-5.08
374,002851,麦格米特,106.8,8.03,7.94,343104.0,3604246596.12,6.88,107.71,100.91,103.3,98.86,1.09,7.43,136.19,6.98,62479104739.0,49292429600.0,0.2,0.24,-14.54,18.61
375,300404,博济医药,9.96,8.03,0.74,340867.0,337204189.0,10.52,10.33,9.36,9.36,9.22,1.95,11.94,58.35,3.61,3842059422.0,2843735496.0,0.2,0.5,-10.51,6.87
376,000988,华工科技,100.65,8.03,7.48,580696.0,5738890737.11,7.08,101.8,95.2,95.71,93.17,1.02,5.78,39.63,8.85,101203847460.0,101151806377.0,0.05,0.09,-31.67,27.28
377,300480,光力科技,28.68,8.02,2.13,287562.0,801529687.81,10.32,28.97,26.23,26.82,26.55,1.01,10.64,84.19,6.08,10617984168.0,7748243636.0,0.0,0.03,-28.12,71.63
378,300442,润泽科技,68.0,7.99,5.03,454450.0,3038537199.49,5.97,68.36,64.6,64.6,62.97,1.41,2.78,47.92,8.04,111590854164.0,111263529364.0,0.03,0.0,-30.38,29.38
379,688233,神工股份,91.05,7.98,6.73,129832.0,1141961294.0,10.72,92.2,83.16,84.89,84.32,1.13,7.62,152.71,8.23,15506337263.0,15506337263.0,0.0,-0.04,-3.67,30.35
380,002222,福晶科技,52.92,7.96,3.9,334150.0,1731926519.43,8.69,53.46,49.2,49.98,49.02,0.74,7.14,95.36,13.97,24885630000.0,24774588705.0,0.02,0.04,-51.27,-5.9
381,605111,新洁能,49.48,7.96,3.65,217748.0,1049650683.0,8.82,49.99,45.95,46.5,45.83,0.87,5.24,54.34,4.82,20550655415.0,20550655415.0,0.2,0.0,5.52,39.22
382,688347,华虹宏力,236.95,7.95,17.45,244673.0,5681805861.0,12.29,242.58,215.6,221.69,219.5,0.83,6.0,737.58,9.1,411754270954.0,96616362500.0,0.03,-0.02,44.12,119.66
383,688170,德龙激光,44.73,7.94,3.29,44956.0,196648441.0,9.87,45.09,41.0,42.08,41.44,0.93,4.35,-45.27,3.75,4623292800.0,4623292800.0,-0.16,0.11,-32.73,42.18
384,300782,卓胜微,72.34,7.94,5.32,157624.0,1107064349.01,7.3,72.42,67.53,68.5,67.02,1.14,3.52,-72.06,3.16,41594558567.0,32426225597.0,0.0,0.08,-32.64,-11.22
385,002860,星帅尔,16.74,7.93,1.23,206206.0,332751424.01,7.67,16.77,15.58,15.9,15.51,0.65,5.99,25.78,2.55,5894909242.0,5758103299.0,0.0,0.18,24.65,19.57
386,002636,金安国纪,51.07,7.92,3.75,479314.0,2384700525.21,9.47,51.48,47.0,48.01,47.32,1.1,6.62,46.05,9.99,37178960000.0,36990788346.0,0.29,0.24,5.56,207.84
387,300901,中胤时尚,15.32,7.89,1.12,69891.0,103065262.0,10.56,15.57,14.07,14.35,14.2,0.78,2.91,599.42,3.78,3676800000.0,3676800000.0,0.13,0.13,-16.65,-6.18
388,301012,扬电科技,26.73,7.87,1.95,204399.0,537018245.0,6.21,26.73,25.19,25.19,24.78,1.12,10.38,64.04,4.45,5264745130.0,5264745130.0,0.19,0.3,-29.55,1.21
389,688059,华锐精密,74.96,7.87,5.47,64220.0,472460733.0,8.06,75.58,69.98,71.23,69.49,1.05,4.9,14.97,4.97,10493011366.0,9820509000.0,0.12,0.35,-27.23,35.4
390,688183,生益电子,102.79,7.87,7.5,192211.0,1954573313.0,8.85,104.33,95.9,97.0,95.29,0.94,2.29,48.4,15.21,86096002943.0,86096002943.0,0.0,0.0,-2.06,8.09
391,688700,东威科技,52.16,7.86,3.8,140104.0,712063593.0,10.22,53.1,48.16,48.86,48.36,0.91,4.7,87.81,8.56,15564614938.0,15564614938.0,-0.99,-0.65,-20.24,48.69
392,603005,晶方科技,30.46,7.86,2.22,504707.0,1501039842.0,9.24,30.8,28.19,28.55,28.24,1.09,7.74,75.89,4.26,19865150165.0,19865150165.0,0.0,-0.07,-7.13,10.6
393,688200,华峰测控,344.98,7.85,25.1,59552.0,2012841333.0,10.38,351.5,318.29,320.0,319.88,0.82,2.97,183.78,17.15,69255147941.0,69255147941.0,0.04,-0.31,39.32,170.06
394,920367,新赣江,20.91,7.84,1.52,66273.0,137820912.17,9.64,21.99,20.12,20.23,19.39,1.03,15.78,119.19,3.07,1481708738.0,878064806.0,-0.14,0.05,6.79,3.82
395,300870,欧陆通,184.68,7.84,13.43,61010.0,1113700464.68,10.56,188.08,170.0,172.87,171.25,0.72,4.0,-561.94,10.95,28190209337.0,28187106713.0,0.21,0.07,-33.39,17.15
396,688001,华兴源创,45.29,7.83,3.29,77038.0,341462231.0,9.64,45.75,41.7,42.22,42.0,0.78,1.63,1828.71,5.23,21357206885.0,21357206885.0,0.24,0.15,-26.48,50.32
397,301326,捷邦科技,81.8,7.82,5.93,21495.0,170703518.91,10.74,82.27,74.12,74.12,75.87,1.2,2.98,-99.58,4.82,5947655750.0,5895727883.0,0.02,0.16,-57.07,-25.06
398,688079,美迪凯,13.95,7.81,1.01,163016.0,222828959.0,8.35,14.09,13.01,13.09,12.94,1.0,4.03,-34.61,4.59,5743216088.0,5644593494.0,-0.36,-0.5,-17.06,23.23
399,300911,亿田智能,21.7,7.8,1.57,171152.0,363121783.72,9.54,22.3,20.38,20.44,20.13,1.12,9.99,-28.09,3.67,3978534268.0,3718154493.0,-0.14,0.32,-42.46,-34.83
400,603533,掌阅科技,23.12,7.79,1.67,434784.0,974108218.0,8.72,23.3,21.43,21.43,21.45,1.36,9.91,-75.22,4.42,10147294825.0,10147294825.0,0.0,0.0,-14.75,4.52
401,300167,ST迪威迅,4.15,7.79,0.3,95308.0,38526102.0,8.05,4.16,3.85,3.88,3.85,1.76,2.69,-19.6,13.43,1727764935.0,1469452750.0,0.24,0.73,-32.52,-16.16
402,300518,新迅达,18.7,7.78,1.35,97129.0,179087467.78,10.37,19.06,17.26,17.5,17.35,0.9,4.87,-68.03,5.64,3728996471.0,3728265769.0,-0.32,-0.11,-40.22,6.86
403,300562,乐心医疗,14.69,7.78,1.06,143592.0,205865684.89,8.0,14.8,13.71,13.76,13.63,1.19,8.6,25.03,3.11,3210847477.0,2452176477.0,0.34,0.34,2.16,11.29
404,300353,东土科技,19.39,7.78,1.4,254221.0,490084381.98,9.28,19.77,18.1,18.2,17.99,1.88,4.71,-75.34,5.41,11922772963.0,10471787579.0,-0.1,-0.1,-3.0,-4.76
405,688545,兴福电子,66.26,7.76,4.77,126123.0,811256818.0,9.63,67.0,61.08,61.66,61.49,0.93,6.92,93.15,8.2,23853600000.0,12075885000.0,0.03,0.03,-12.01,77.88
406,301302,华如科技,23.89,7.76,1.72,110925.0,258925713.8,12.18,24.8,22.1,22.7,22.17,1.73,7.98,-56.21,2.54,3723614850.0,3320471100.0,-0.04,0.04,-10.66,4.46
407,300819,聚杰微纤,43.75,7.76,3.15,50479.0,217551097.55,9.29,44.37,40.6,40.94,40.6,1.16,3.75,156.98,7.58,6527718750.0,5895848438.0,-0.09,0.05,-48.9,27.03
408,688359,三孚新科,85.5,7.75,6.15,71087.0,585784216.0,11.71,86.8,77.51,79.93,79.35,1.11,7.13,382.57,11.57,8522652569.0,8522652569.0,0.31,0.52,-25.46,28.32
409,688131,皓元医药,81.0,7.74,5.82,58811.0,472643447.0,8.46,82.66,76.3,76.69,75.18,1.15,2.76,63.65,5.56,17271961452.0,17271961452.0,-0.14,0.02,13.56,12.61
410,600234,科新发展,18.29,7.71,1.31,46632.0,84243970.0,10.13,18.68,16.96,16.96,16.98,1.1,1.78,-774.6,10.67,4801508596.0,4801508596.0,-0.05,-0.27,-41.88,42.33
411,688777,中控技术,99.9,7.69,7.13,240492.0,2354246486.0,10.33,102.88,93.3,93.7,92.77,1.07,3.06,264.59,8.05,79039833747.0,78641191589.0,-0.1,-0.08,22.25,103.63
412,688620,安凯微,13.45,7.69,0.96,227713.0,297251282.0,9.37,13.62,12.45,12.56,12.49,1.05,5.81,-67.15,4.14,5272400000.0,5272400000.0,-0.3,0.22,-2.32,11.71
413,300835,龙磁科技,128.06,7.68,9.13,38670.0,486457104.48,8.76,129.36,118.94,120.0,118.93,0.94,4.63,138.39,12.23,15270839972.0,10702668669.0,-0.02,0.05,6.42,95.84
414,600664,哈药股份,6.45,7.68,0.46,4890398.0,3056348902.0,10.85,6.58,5.93,6.0,5.99,1.14,19.42,25.2,2.77,16244388700.0,16244388700.0,0.31,-0.31,60.85,86.96
415,688733,壹石通,26.66,7.67,1.9,59004.0,153357557.0,8.48,26.88,24.78,25.02,24.76,1.02,2.95,3175.52,2.57,5326006565.0,5326006565.0,0.0,-0.26,-19.99,-7.69
416,603838,*ST四通,8.29,7.66,0.59,54646.0,43977110.0,10.26,8.34,7.55,7.63,7.7,2.23,1.71,-55.52,3.02,2652932640.0,2652932640.0,0.12,0.48,-13.28,10.83
417,605060,联德股份,37.68,7.66,2.68,57167.0,210539657.0,9.91,38.15,34.68,34.87,35.0,1.15,2.39,36.35,3.71,9065506560.0,9003274272.0,0.08,0.0,-39.79,2.92
418,002515,金字火腿,6.89,7.66,0.49,773120.0,519355569.07,8.91,6.93,6.36,6.47,6.4,0.82,7.02,-513.07,3.22,8341131590.0,7591759756.0,0.0,0.15,-9.22,13.32
419,301389,隆扬电子,45.32,7.65,3.22,68055.0,302420392.85,8.6,45.72,42.1,43.04,42.1,0.95,2.4,119.31,5.79,12848220000.0,12848220000.0,-0.04,0.11,-38.14,-16.81
420,920176,维琪科技,76.18,7.6,5.38,41843.0,312631172.73,14.38,79.2,69.02,69.02,70.8,1.04,52.65,46.51,5.69,4481669400.0,605402460.0,-0.09,-0.1,243.77,243.77
421,300661,圣邦股份,101.56,7.58,7.16,184782.0,1839520347.9,9.49,103.01,94.05,96.08,94.4,0.95,3.07,140.7,13.03,69616651794.0,61111334301.0,0.32,0.12,3.21,48.39
422,603286,日盈电子,40.28,7.56,2.83,57689.0,227259562.0,9.75,41.0,37.35,37.45,37.45,1.64,4.94,-213.37,5.8,4752785068.0,4708096422.0,0.0,0.07,-41.05,-41.76
423,301313,凡拓数创,35.56,7.56,2.5,133180.0,460455040.88,13.16,36.85,32.5,33.14,33.06,1.77,16.95,-36.59,5.7,3678802904.0,2793362993.0,0.25,0.4,-6.25,34.14
424,688536,思瑞浦,233.2,7.55,16.38,38555.0,890827613.0,9.92,237.5,216.0,219.54,216.82,0.9,2.84,76.37,5.08,32199202636.0,31633341903.0,-0.19,-0.04,-18.07,46.0
425,600340,*ST华幸,1.14,7.55,0.08,1076246.0,118735127.0,10.38,1.16,1.05,1.06,1.06,2.46,2.76,-0.65,-0.23,4438424771.0,4438424771.0,0.88,0.88,2.7,-47.95
426,688205,德科立,126.15,7.54,8.85,93602.0,1153600238.0,8.44,127.2,117.3,120.0,117.3,1.17,5.88,255.71,8.52,20087809111.0,20087809111.0,0.03,0.12,-53.08,-8.24
427,301526,国际复材,29.98,7.53,2.1,2404133.0,7008243357.3,12.7,30.84,27.3,27.76,27.88,0.84,17.12,104.6,13.36,113050923879.0,42103699832.0,-0.03,0.0,63.02,329.51
428,688365,光云科技,15.86,7.53,1.11,195377.0,304888943.0,6.64,15.98,15.0,15.0,14.75,1.32,4.58,280.71,7.06,6760970248.0,6760970248.0,0.0,0.13,-29.42,-5.99
429,002741,光华科技,21.74,7.52,1.52,257791.0,551242895.66,7.27,21.87,20.4,20.6,20.22,1.14,5.99,61.9,5.15,10187414219.0,9348778175.0,0.05,0.09,-4.48,8.92
430,301093,华兰股份,60.01,7.51,4.19,56283.0,327270864.11,7.47,60.28,56.11,56.65,55.82,1.0,2.77,5244.83,5.83,12790013694.0,12211075860.0,0.0,-0.03,-20.56,52.81
431,688619,罗普特,13.32,7.51,0.93,43472.0,56936498.0,7.67,13.48,12.53,12.54,12.39,1.53,2.34,-61.74,3.76,2470034719.0,2470034719.0,0.0,-0.08,-22.11,-2.06
432,688662,富信科技,69.99,7.51,4.89,101285.0,695800767.0,9.03,70.88,65.0,67.5,65.1,1.06,8.83,271.72,11.42,8028248024.0,8028248024.0,0.09,0.32,8.48,78.91
433,688362,甬矽电子,55.58,7.5,3.88,313186.0,1706776984.0,9.67,56.6,51.6,52.5,51.7,0.88,6.91,236.68,6.64,25190183806.0,25190183806.0,0.02,0.16,8.36,71.49
434,300936,中英科技,62.0,7.49,4.32,37436.0,226312880.26,9.64,63.0,57.44,58.77,57.68,1.11,7.89,-1054.46,4.63,4662400000.0,2940114400.0,0.24,0.29,-29.36,58.97
435,688710,益诺思,74.3,7.48,5.17,34816.0,257816013.0,8.03,75.56,70.01,71.0,69.13,1.26,3.84,214.5,4.48,10474785395.0,6738561525.0,0.0,-0.03,17.75,68.29
436,603657,春光科技,23.76,7.46,1.65,33496.0,77115212.0,8.37,23.77,21.92,22.19,22.11,0.7,2.48,-22.68,3.68,3212115588.0,3212115588.0,0.0,0.17,-32.9,-20.27
437,600769,祥龙电业,14.14,7.45,0.98,139984.0,194657009.0,8.28,14.29,13.2,13.2,13.16,1.09,3.73,279.04,41.83,5302177608.0,5302177608.0,0.28,0.28,-27.78,17.44
438,002141,贤丰控股,5.48,7.45,0.38,2199435.0,1177924165.2,7.65,5.51,5.12,5.21,5.1,0.78,21.29,142.3,7.01,5660488173.0,5660488173.0,0.18,0.74,42.34,46.92
439,920021,流金科技,7.65,7.44,0.53,365543.0,272424143.8,8.01,7.69,7.12,7.12,7.12,1.69,14.77,102.29,3.67,2363849870.0,1893793248.0,0.0,0.0,-27.49,14.01
440,300846,首都在线,21.53,7.44,1.49,527458.0,1107639470.58,6.94,21.69,20.3,20.41,20.04,1.53,12.67,-126.11,14.0,10857065854.0,8960401237.0,-0.19,-0.32,-32.57,-5.69
441,688655,迅捷兴,31.57,7.42,2.18,55456.0,171625753.0,8.06,31.82,29.45,29.9,29.39,0.85,4.16,-196.75,6.45,4211122300.0,4211122300.0,-0.03,0.25,-46.71,84.3
442,600818,ST中路,7.12,7.39,0.49,217081.0,152864709.0,7.69,7.29,6.78,7.29,6.63,5.81,9.12,-31.45,4.58,2288709119.0,1694260319.0,0.28,0.56,12.48,-25.76
443,301071,力量钻石,52.0,7.39,3.58,123841.0,630988904.8,7.93,52.35,48.51,49.09,48.42,0.91,6.62,73.44,2.49,13231415236.0,9726553044.0,0.04,0.13,-3.6,46.69
444,300358,楚天科技,9.15,7.39,0.63,681584.0,609058561.84,10.8,9.35,8.43,8.56,8.52,2.34,9.67,24.12,1.19,6543097107.0,6449503422.0,-0.11,0.22,-7.48,-5.86
445,301133,金钟股份,25.43,7.39,1.75,34879.0,86633107.94,8.7,25.57,23.51,23.8,23.68,0.79,3.14,115.09,2.25,3088896248.0,2826187692.0,0.0,0.43,-47.78,-33.62
446,688478,晶升股份,41.3,7.38,2.84,39723.0,159645610.0,9.8,41.65,37.88,39.14,38.46,0.74,2.87,-163.1,3.81,5714519765.0,5714519765.0,0.49,0.41,-14.81,10.4
447,688788,科思科技,29.53,7.38,2.03,54215.0,158039859.0,11.53,30.45,27.28,27.6,27.5,1.15,2.48,-22.26,3.68,6464240170.0,6464240170.0,0.03,0.2,-30.4,-38.81
448,301419,阿莱德,29.27,7.37,2.01,50534.0,145410506.6,7.3,29.5,27.51,27.57,27.26,1.47,5.1,88.7,4.75,4390500000.0,2902361978.0,-0.03,0.07,-14.91,9.3
449,301150,中一科技,34.24,7.37,2.35,169450.0,570024956.16,9.25,34.63,31.68,32.38,31.89,0.97,5.58,39.14,3.08,11090469433.0,10403447565.0,0.06,0.0,-34.34,13.98
450,002645,华宏科技,17.21,7.36,1.18,400383.0,671603609.13,9.05,17.37,15.92,16.21,16.03,1.27,5.89,14.97,3.08,12961202635.0,11706474094.0,-0.06,0.17,-31.13,42.0
451,688182,灿勤科技,23.77,7.36,1.63,68130.0,159024750.0,7.36,23.99,22.36,22.4,22.14,1.04,1.7,1456.1,4.25,9508000000.0,9508000000.0,0.0,-0.08,-33.02,-19.2
452,300499,高澜股份,27.05,7.34,1.85,207854.0,550972375.82,7.3,27.25,25.41,25.63,25.2,1.28,7.66,136.34,6.02,8256973656.0,7341597382.0,0.0,0.22,-38.94,-11.63
453,301312,智立方,57.31,7.34,3.92,64066.0,360690372.3,8.93,58.2,53.43,54.49,53.39,0.98,7.56,167.59,8.06,9657904582.0,4858390490.0,0.21,0.14,-36.58,61.53
454,300976,达瑞电子,48.85,7.34,3.34,49188.0,235559811.12,8.13,49.7,46.0,46.41,45.51,0.94,4.09,31.75,2.56,9141395513.0,5879873385.0,0.0,0.21,-1.63,14.81
455,605289,罗曼股份,87.9,7.33,6.0,58118.0,500670268.0,7.62,88.13,81.89,83.0,81.9,1.07,3.81,72.08,10.05,13414462950.0,13395826744.0,0.45,0.77,-26.72,87.86
456,300550,和仁科技,12.18,7.31,0.83,87999.0,104146962.3,7.31,12.21,11.38,11.38,11.35,1.41,3.35,-87.04,2.82,3197982517.0,3194821137.0,-0.25,0.0,-9.44,-15.88
457,688766,普冉股份,335.76,7.31,22.86,164486.0,5366242063.0,10.26,337.69,305.6,316.21,312.9,0.76,11.06,49.71,18.53,49928704955.0,49928704955.0,0.01,0.08,-11.85,164.19
458,603823,百合花,55.21,7.25,3.73,267084.0,1411472976.0,10.63,55.48,50.01,53.54,51.48,1.74,6.41,133.84,9.38,22987660938.0,22987660938.0,0.04,0.27,207.58,270.04
459,301458,钧崴电子,35.05,7.25,2.37,87839.0,302327900.88,8.05,35.26,32.63,33.01,32.68,1.23,7.48,63.23,5.81,9346667835.0,4117743644.0,0.0,0.06,-19.35,10.43
460,002158,汉钟精机,26.64,7.25,1.8,124528.0,325584868.27,7.97,26.88,24.9,25.0,24.84,0.85,2.33,25.4,3.27,14245051063.0,14214220191.0,-0.08,0.15,-18.9,8.38
461,300547,川环科技,24.4,7.25,1.65,102915.0,246168658.0,7.6,24.59,22.86,23.15,22.75,1.18,5.77,33.51,4.0,5292510646.0,4348655767.0,-0.2,-0.29,-40.81,-37.63
462,688035,德邦科技,56.35,7.25,3.81,47265.0,261231679.0,8.09,56.98,52.73,53.5,52.54,0.84,3.32,58.23,3.42,8015224000.0,8015224000.0,-0.12,-0.09,-32.29,17.15
463,002297,博云新材,16.89,7.24,1.14,599316.0,993783526.73,7.56,16.99,15.8,15.95,15.75,1.44,10.46,18.29,4.28,9679740393.0,9679740393.0,0.0,0.24,-32.84,41.1
464,301379,天山电子,19.88,7.23,1.34,202815.0,395319572.08,7.98,20.08,18.6,18.91,18.54,0.88,9.27,69.99,3.86,5516336554.0,4347352476.0,0.0,0.15,-3.64,8.1
465,600584,长电科技,65.41,7.23,4.41,1435993.0,9186950735.0,8.11,66.1,61.15,61.99,61.0,0.94,8.02,100.81,4.09,117045607024.0,117045607024.0,0.0,0.03,17.37,78.33
466,301628,强达电路,77.74,7.23,5.24,22656.0,172473061.13,7.34,78.1,72.78,72.78,72.5,1.64,8.13,64.74,5.06,5859714692.0,2167064692.0,0.03,-0.03,-32.25,-11.91
467,600707,彩虹股份,8.32,7.22,0.56,1235830.0,1006313758.0,7.35,8.37,7.8,7.91,7.76,1.17,3.44,1349.51,1.39,29855402570.0,29849412170.0,0.0,0.12,-8.37,29.6
468,301328,维峰电子,45.75,7.22,3.08,32849.0,149256995.54,7.36,46.33,43.19,43.43,42.67,0.77,2.85,98.11,3.72,7290066278.0,5268755882.0,-0.2,0.09,-14.28,40.34
469,600226,亨通股份,5.35,7.21,0.36,1480928.0,775384624.0,7.62,5.39,5.01,5.04,4.99,1.1,4.98,55.39,4.29,15912939548.0,15912939548.0,-0.37,-0.19,-4.29,0.38
470,300706,阿石创,45.21,7.21,3.04,103124.0,455708565.0,9.13,45.64,41.79,42.39,42.17,0.89,9.06,99.01,10.02,6941376078.0,5146279120.0,0.07,0.09,-7.56,33.24
471,601138,工业富联,59.93,7.21,4.03,1679347.0,9861684404.0,5.71,60.0,56.81,56.81,55.9,1.32,0.85,28.06,7.28,1189256450580.0,1189256450580.0,0.0,0.02,-8.08,-1.87
472,300657,弘信电子,34.65,7.18,2.32,341620.0,1170918629.98,6.12,35.14,33.16,33.45,32.33,1.48,7.29,110.14,11.76,16705653634.0,16233660585.0,-0.03,-0.03,-10.35,25.27
473,603283,赛腾股份,39.24,7.18,2.63,211600.0,812278883.0,8.74,39.81,36.61,36.99,36.61,0.89,6.0,37.98,4.05,13833129775.0,13833129775.0,-0.03,0.1,-10.8,19.23
474,300553,集智股份,41.81,7.18,2.8,56926.0,232750841.45,10.69,42.64,38.47,40.14,39.01,0.94,6.69,175.73,5.5,4641957215.0,3557579954.0,0.02,0.36,-24.54,3.64
475,920856,浩淼科技,11.34,7.18,0.76,25638.0,28280993.49,8.6,11.36,10.45,10.59,10.58,0.81,4.83,-82.29,2.37,1078735962.0,601700820.0,0.62,-0.09,-7.65,-31.65
476,603929,亚翔集成,146.64,7.18,9.82,77448.0,1109314477.0,9.57,148.39,135.3,138.29,136.82,0.94,3.63,31.9,13.1,31287110400.0,31287110400.0,0.05,-0.08,-28.31,56.25
477,601231,环旭电子,23.6,7.18,1.58,336526.0,781749462.0,8.17,23.89,22.09,22.4,22.02,1.13,1.41,34.29,2.52,56378882001.0,56378882001.0,0.04,0.0,-42.09,-20.19
478,301005,超捷股份,70.82,7.17,4.74,121860.0,847776757.71,6.7,71.12,66.69,67.26,66.08,1.58,6.62,233.88,17.18,13311710690.0,13040518602.0,0.04,0.06,-50.14,-36.12
479,002885,京泉华,25.01,7.16,1.67,169039.0,414575710.8,7.03,25.18,23.54,23.98,23.34,1.11,7.12,55.03,4.39,6775633370.0,5933768183.0,0.0,0.28,-36.2,-2.53
480,688105,诺唯赞,18.46,7.14,1.23,116974.0,211544182.0,7.08,18.63,17.41,17.41,17.23,1.62,2.26,570.56,2.65,9543544281.0,9543544281.0,-0.11,0.0,17.13,22.9
481,600381,*ST春天,4.05,7.14,0.27,116705.0,45744884.0,9.52,4.06,3.7,3.73,3.78,0.89,1.99,-36.52,2.43,2377596001.0,2377596001.0,0.0,0.25,-7.32,-8.58
482,603976,正川股份,25.95,7.14,1.73,50980.0,129418783.0,7.14,26.0,24.27,24.27,24.22,0.94,2.97,163.07,2.88,4453397028.0,4453397028.0,-0.04,-0.12,20.25,36.29
483,301333,诺思格,50.7,7.14,3.38,41285.0,206135667.76,6.51,51.2,48.12,48.38,47.32,2.07,4.28,53.63,2.47,4896669679.0,4890444632.0,-0.02,0.22,-18.41,-14.63
484,688809,强一股份,442.86,7.14,29.53,18833.0,800780283.0,9.14,443.0,405.21,416.44,413.33,0.91,7.27,128.06,14.17,57376631598.0,11475346691.0,0.0,1.03,-1.15,73.13
485,300816,艾可蓝,47.61,7.13,3.17,23242.0,109297226.0,9.11,48.32,44.27,44.97,44.44,1.17,3.98,47.94,4.02,3808800000.0,2778773552.0,-0.23,-0.17,-47.28,-0.94
486,002371,北方华创,687.0,7.13,45.7,145006.0,9652350613.82,10.29,698.0,632.01,640.0,641.3,1.0,2.0,76.24,12.87,498548480400.0,498150465576.0,-0.15,0.0,20.01,49.9
487,688551,科威尔,35.05,7.12,2.33,32590.0,111901745.0,8.25,35.4,32.7,33.37,32.72,1.04,2.99,130.9,2.94,3820261045.0,3820261045.0,0.0,0.23,-24.59,24.38
488,301139,*ST元道,4.06,7.12,0.27,311598.0,124706867.6,12.66,4.26,3.78,3.8,3.79,1.18,40.91,156.71,0.25,493618048.0,309238621.0,0.25,2.78,-77.99,-77.89
489,688796,百奥赛图,116.88,7.12,7.77,27344.0,313993748.0,5.49,117.49,111.5,112.5,109.11,0.68,7.08,125.52,22.89,52233487330.0,4512444366.0,0.01,0.39,21.42,122.21
490,301323,新莱福,70.09,7.11,4.65,21261.0,147477120.4,7.63,71.21,66.22,66.59,65.44,1.16,3.1,45.84,3.36,7470499895.0,4805557050.0,0.01,0.16,-7.93,29.37
491,688719,爱科赛博,45.01,7.09,2.98,38943.0,171929522.0,7.57,45.18,42.0,42.75,42.03,1.02,4.34,-73.91,3.09,5193497664.0,4038400633.0,0.07,0.04,-39.66,1.95
492,603496,恒为科技,25.69,7.09,1.7,251643.0,635338886.0,9.92,26.33,23.95,24.0,23.99,1.33,7.86,353.54,5.93,8226175453.0,8226175453.0,0.12,0.0,-18.86,-5.76
493,002409,雅克科技,129.48,7.09,8.57,401298.0,5031261347.76,9.68,130.64,118.94,122.01,120.91,0.85,12.6,57.77,7.75,61623115747.0,41242325282.0,0.02,0.07,37.39,75.47
494,300702,天宇股份,21.61,7.09,1.43,62708.0,133898198.93,7.04,21.75,20.33,20.33,20.18,2.58,2.98,44.56,2.05,7519786406.0,4546959906.0,-0.09,-0.09,3.45,-8.24
495,301387,光大同创,50.25,7.07,3.32,28795.0,142121176.79,7.86,50.7,47.01,47.61,46.93,1.01,6.75,-854.69,3.29,5393292501.0,2144800751.0,0.14,0.26,-40.24,-9.13
496,920725,惠丰钻石,70.0,7.07,4.62,45300.0,312043913.8,7.49,70.99,66.09,67.23,65.38,0.94,10.25,893.64,10.63,6389250000.0,3092647950.0,0.01,0.34,113.74,107.65
497,300398,飞凯材料,32.1,7.07,2.12,390026.0,1229948965.5,7.27,32.46,30.28,30.54,29.98,0.86,6.88,34.87,3.64,18298067325.0,18198679016.0,-0.03,0.0,-15.62,43.69
498,301626,苏州天脉,220.0,7.06,14.5,27181.0,588268952.24,6.58,222.3,208.78,208.78,205.5,0.94,5.17,510.66,15.98,25449600000.0,11576179560.0,-0.09,0.05,-26.37,18.22
499,600671,天目药业,22.17,7.05,1.46,71126.0,155084717.0,8.16,22.4,20.71,21.12,20.71,1.86,5.84,176.87,36.57,2699837880.0,2699652717.0,-0.05,0.14,11.07,28.08
500,301337,亚华电子,25.1,7.04,1.65,28470.0,70318316.54,6.31,25.2,23.72,23.89,23.45,1.76,2.79,-74.49,2.41,2615420000.0,2558538380.0,-0.16,0.2,-12.51,-8.76
501,300781,因赛集团,29.33,7.04,1.93,109889.0,314658570.75,8.61,29.77,27.41,27.41,27.4,1.64,9.07,103.8,8.75,4815262722.0,3552962318.0,0.07,0.2,-20.99,-15.67
502,688729,屹唐股份,22.99,7.03,1.51,500746.0,1125214644.0,9.4,23.29,21.27,21.66,21.48,0.95,2.86,106.6,7.6,67948324400.0,40191970170.0,0.13,0.13,-9.81,-5.97
503,603228,景旺电子,80.0,7.02,5.25,475776.0,3709239038.0,6.78,80.17,75.1,77.0,74.75,0.92,4.85,86.06,5.98,80095686880.0,78553081440.0,0.04,0.01,6.24,10.28
504,301098,金埔园林,7.93,7.02,0.52,112842.0,88281909.8,8.91,8.07,7.41,7.5,7.41,1.48,5.85,-26.79,1.31,1835412148.0,1530384698.0,-0.13,0.25,-21.17,-7.58
505,300822,贝仕达克,12.22,7.01,0.8,157609.0,196792195.92,17.25,13.4,11.43,11.51,11.42,4.5,5.45,43.14,3.06,3806972364.0,3531360492.0,0.16,0.16,-21.72,-23.77
506,300964,本川智能,49.17,7.01,3.22,39632.0,190934472.27,7.25,49.49,46.16,46.16,45.95,0.91,5.05,110.01,5.19,5254286384.0,3855604432.0,0.06,0.14,-6.41,24.04
507,688056,莱伯泰科,37.55,7.01,2.46,17656.0,64686160.0,7.78,37.76,35.03,35.66,35.09,0.85,2.62,95.76,3.15,2532839873.0,2532839873.0,-0.11,-0.27,2.79,12.22
508,688008,澜起科技,203.25,7.01,13.31,493548.0,9830222561.0,7.36,204.98,191.0,194.0,189.94,0.83,4.31,73.19,12.18,248074352768.0,232673388893.0,-0.04,0.11,-18.32,73.11
509,688112,鼎阳科技,47.8,7.01,3.13,20826.0,98133880.0,8.55,48.38,44.56,45.5,44.67,0.8,1.3,49.74,4.96,7628731007.0,7628731007.0,0.0,-0.13,-21.2,29.93
510,300735,光弘科技,20.63,7.0,1.35,218079.0,437779858.25,7.57,20.68,19.22,19.35,19.28,1.62,2.88,244.85,3.03,16692052373.0,15625509554.0,-0.05,0.44,-4.14,-16.17
511,300849,锦盛新材,20.56,6.97,1.34,29230.0,58592375.0,7.6,20.56,19.1,19.6,19.22,1.39,2.65,-123.71,5.72,3084000000.0,2267148383.0,0.29,0.19,-20.0,31.54
512,688195,腾景科技,118.3,6.96,7.7,91613.0,1066540952.0,7.21,119.97,112.0,114.29,110.6,1.19,5.06,371.06,21.49,21422947000.0,21422947000.0,-0.04,0.08,-55.89,-2.22
513,300302,同有科技,28.11,6.96,1.83,289640.0,798625464.19,7.53,28.36,26.38,26.65,26.28,1.07,7.85,38.63,12.23,13472105362.0,10367358588.0,-0.04,-0.07,-34.01,54.96
514,002943,宇晶股份,29.09,6.95,1.89,98409.0,280885344.48,9.67,29.53,26.9,27.53,27.2,0.91,5.21,-99.54,8.95,7762258891.0,5493711080.0,-0.24,0.0,-53.94,-4.69
515,300188,国投智能,11.7,6.95,0.76,311694.0,359057662.84,9.41,11.96,10.93,10.93,10.94,1.92,3.64,-16.55,4.03,10055884527.0,10009450503.0,-0.09,0.0,-10.96,-19.92
516,301159,三维天地,31.9,6.94,2.07,55579.0,175916633.96,11.23,33.3,29.95,29.98,29.83,2.51,10.48,-40.17,3.8,2467465000.0,1691177734.0,-0.41,-0.31,-23.08,-13.24
517,688039,当虹科技,35.5,6.93,2.3,31609.0,109968207.0,6.14,35.55,33.51,33.69,33.2,1.33,2.86,-64.52,3.78,3926350552.0,3926350552.0,0.11,0.37,-22.06,-20.67
518,001268,联合精密,19.15,6.92,1.24,32573.0,60585405.76,9.77,19.5,17.75,17.94,17.91,0.99,3.45,-411.66,2.93,2885956073.0,1806565366.0,-0.05,0.68,-35.26,-24.1
519,300998,宁波方正,23.82,6.91,1.54,50809.0,117486817.75,7.81,23.86,22.12,22.74,22.28,1.04,4.72,330.07,2.59,3267371059.0,2564951416.0,0.04,0.17,-17.41,9.72
520,688807,优迅股份,235.0,6.9,15.16,16200.0,372208227.0,7.05,237.37,221.88,223.0,219.84,1.2,10.13,176.86,10.63,18800000000.0,3760000000.0,-0.03,0.0,-42.91,25.71
521,301178,天亿马,35.95,6.9,2.32,37738.0,132483091.24,7.67,36.16,33.58,33.88,33.63,1.18,5.49,920.4,4.31,3347098291.0,2469320047.0,0.06,0.17,-15.81,2.1
522,920981,晶赛科技,29.12,6.9,1.88,25941.0,74271999.65,6.13,29.12,27.45,28.0,27.24,1.31,6.74,139.98,4.35,2226748160.0,1120033737.0,0.14,0.38,-29.27,-8.89
523,300975,商络电子,23.66,6.87,1.52,485340.0,1121888840.98,7.72,23.84,22.13,22.53,22.14,0.92,9.86,15.83,6.23,16254552591.0,11642454018.0,-0.04,0.17,0.3,87.48
524,920036,觅睿科技,31.9,6.87,2.05,16861.0,52487329.17,8.88,32.5,29.85,30.17,29.85,1.92,12.91,114.39,2.98,1736056281.0,416654736.0,0.06,0.06,-38.45,49.62
525,300922,天秦装备,17.14,6.86,1.1,99933.0,168013266.48,8.98,17.4,15.96,16.05,16.04,1.19,7.92,2829.2,2.82,2757009793.0,2163256231.0,0.0,0.12,-9.41,-24.39
526,688392,骄成超声,124.2,6.86,7.97,39064.0,479425478.0,10.09,126.88,115.15,117.74,116.23,0.77,3.38,71.44,7.84,14374083312.0,14374083312.0,0.13,0.19,-20.67,10.88
527,688163,赛伦生物,29.33,6.85,1.88,15220.0,44081633.0,8.89,29.87,27.43,27.43,27.45,0.9,1.41,1399.08,2.93,3174092600.0,3174092600.0,0.03,0.27,-24.47,36.36
528,300649,杭州园林,20.27,6.85,1.3,49424.0,97976948.0,9.44,20.59,18.8,19.0,18.97,0.78,4.66,-71.29,6.17,2684084664.0,2150930050.0,0.5,0.55,-0.83,41.65
529,600708,光明地产,3.28,6.84,0.21,405249.0,129716461.0,9.77,3.33,3.03,3.07,3.07,2.53,1.82,-7.8,1.23,7309928517.0,7298911089.0,0.0,-0.3,-19.8,-15.68
530,603721,中广天择,18.77,6.83,1.2,85529.0,154058976.0,8.03,18.77,17.36,17.36,17.57,1.75,6.58,-80.91,5.08,2440100000.0,2440100000.0,0.11,0.91,-27.33,-1.98
531,300751,迈为股份,155.87,6.83,9.96,80364.0,1231221167.03,8.71,158.0,145.29,147.36,145.91,0.88,4.17,92.09,5.5,43472416084.0,30059397790.0,0.06,0.15,-45.38,-24.15
532,688515,裕太微-U,135.54,6.83,8.66,39920.0,529163403.0,8.02,137.19,127.01,128.33,126.88,0.96,8.01,-62.67,7.39,10843200000.0,6752521476.0,-0.21,0.0,-35.63,32.17
533,688582,芯动联科,40.28,6.82,2.57,74123.0,291891542.0,7.9,41.03,38.05,38.26,37.71,1.16,1.85,1584.41,6.69,16182049176.0,16182049176.0,-0.44,-0.25,-26.5,-38.93
534,688168,安博通,33.11,6.81,2.11,52776.0,171471090.0,7.26,33.35,31.1,31.1,31.0,0.89,4.88,73.93,3.58,3577833656.0,3577833656.0,0.0,0.09,-48.27,-38.33
535,605358,立昂微,38.3,6.8,2.44,412190.0,1548365219.0,7.81,38.63,35.83,36.5,35.86,0.91,5.34,1023.42,2.89,29575235986.0,29575235986.0,0.05,0.05,-23.38,10.47
536,688081,兴图新科,29.04,6.8,1.85,16559.0,47004691.0,6.99,29.08,27.18,27.18,27.19,0.84,1.61,-247.04,7.59,2992281600.0,2992281600.0,0.0,0.24,-49.21,-19.51
537,300058,蓝色光标,15.72,6.79,1.0,7760849.0,11924408008.8,9.85,16.1,14.65,14.82,14.72,1.73,22.31,111.89,7.12,56438277688.0,54673064033.0,0.0,0.0,-16.91,36.58
538,600869,远东股份,14.16,6.79,0.9,1159955.0,1606717102.0,7.77,14.28,13.25,13.63,13.26,1.19,5.23,81.31,7.34,31426034883.0,31426034883.0,0.14,0.43,-31.96,76.12
539,603119,浙江荣泰,52.09,6.79,3.31,147198.0,750981304.0,8.41,52.45,48.35,49.32,48.78,1.1,3.11,85.77,12.16,24631275733.0,24631275733.0,0.1,0.06,-25.67,-41.34
540,300179,四方达,30.56,6.78,1.94,283360.0,852787016.59,7.55,30.86,28.7,29.05,28.62,0.85,7.58,86.44,13.18,14843723301.0,11428886192.0,0.03,0.23,10.01,106.21
541,920493,并行科技,126.61,6.78,8.04,40757.0,517914994.61,6.75,131.0,123.0,124.55,118.57,1.83,9.13,165.22,15.09,7670281323.0,5651482340.0,0.02,0.33,-22.29,-4.48
542,300981,中红医疗,15.68,6.74,0.99,342199.0,529194670.59,8.65,15.97,14.7,15.0,14.69,1.38,8.71,340.99,1.32,6724602557.0,6162198903.0,0.26,0.13,5.8,28.42
543,300093,金刚光伏,23.92,6.74,1.51,134918.0,319837349.53,7.99,24.29,22.5,22.59,22.41,1.11,5.84,-50.71,6.64,12916800000.0,5524987900.0,0.0,0.0,7.7,43.23
544,300283,温州宏丰,13.48,6.73,0.85,316079.0,419304616.6,8.08,13.61,12.59,12.79,12.63,0.99,8.61,29.75,5.75,6699266433.0,4950105407.0,-0.07,0.0,-15.06,79.26
545,603456,九洲药业,15.73,6.72,0.99,435660.0,675822428.0,5.5,15.8,14.99,14.99,14.74,2.5,4.94,17.9,1.56,13869298740.0,13869298740.0,0.0,0.0,13.17,-11.63
546,688228,开普云,71.18,6.72,4.48,32663.0,229746483.0,9.07,73.47,67.42,67.42,66.7,1.6,4.84,-142.59,3.86,4808263097.0,4808263097.0,0.0,0.0,-35.99,-63.42
547,002350,北京科锐,15.09,6.72,0.95,187352.0,278169211.72,6.36,15.16,14.26,14.26,14.14,1.41,3.53,-85.64,4.61,8183780087.0,8006000571.0,0.07,0.2,-13.03,86.07
548,300151,昌红科技,14.31,6.71,0.9,181225.0,254939487.0,8.95,14.61,13.41,13.48,13.41,1.13,4.92,112.36,4.96,7620210931.0,5276065332.0,0.0,0.07,-26.46,-4.6
549,003043,华亚智能,62.0,6.71,3.9,60189.0,362226609.97,7.92,62.36,57.76,58.25,58.1,0.89,6.4,286.12,4.37,8928626324.0,5829066028.0,0.65,0.5,5.48,34.43
550,300382,斯莱克,13.38,6.7,0.84,281269.0,367742961.85,8.77,13.5,12.4,12.8,12.54,1.03,4.34,-99.3,3.81,8675591920.0,8674765410.0,-0.07,0.3,-19.06,-14.01
551,603678,火炬电子,44.64,6.69,2.8,330480.0,1425479528.0,12.28,45.34,40.2,41.92,41.84,0.84,6.95,133.81,3.47,21229294408.0,21229294408.0,0.07,0.02,29.54,26.67
552,301378,通达海,26.33,6.69,1.65,86662.0,228992723.97,15.4,28.7,24.9,24.9,24.68,1.56,18.87,-15.49,2.14,2543478000.0,1208929601.0,0.15,0.34,-26.0,-7.29
553,688610,埃科光电,126.41,6.69,7.93,19210.0,238744563.0,9.46,127.87,116.66,119.9,118.48,0.96,4.69,92.61,5.54,8595880000.0,5174285921.0,0.29,0.1,-9.25,104.51
554,300739,明阳电路,20.76,6.68,1.3,126312.0,258167908.66,6.12,20.94,19.75,20.2,19.46,1.22,4.17,132.46,2.82,7752929059.0,6289774639.0,0.05,0.0,-31.3,13.38
555,300005,探路者,10.07,6.67,0.63,637867.0,631338681.76,7.42,10.18,9.48,9.55,9.44,1.01,7.28,39.41,4.13,8898881013.0,8826851814.0,0.1,0.2,-33.31,-6.93
556,300648,星云股份,36.14,6.67,2.26,34357.0,121269910.0,8.23,36.2,33.41,34.45,33.88,1.13,2.59,-98.17,5.43,6298529796.0,4795306120.0,0.0,0.25,-28.34,-29.93
557,301316,慧博云通,38.41,6.66,2.4,142641.0,535477409.95,6.66,38.6,36.2,36.4,36.01,1.07,3.65,505.69,14.51,15502314410.0,15027811751.0,0.03,0.05,-32.9,-13.84
558,300806,斯迪克,41.88,6.65,2.61,327874.0,1345948864.18,9.4,42.39,38.7,39.5,39.27,0.83,7.18,435.72,11.4,26540692600.0,19125288674.0,0.19,0.12,-35.56,90.54
559,600192,长城电工,7.7,6.65,0.48,455646.0,346013780.0,11.22,7.94,7.13,7.39,7.22,3.2,10.31,-14.99,4.48,3401459600.0,3401459600.0,0.0,0.26,-10.47,-24.06
560,603158,腾龙股份,9.95,6.65,0.62,292842.0,287356839.0,7.4,10.07,9.38,9.49,9.33,1.54,5.97,22.99,2.18,4883162973.0,4883162973.0,0.1,0.2,-34.97,-5.6
561,300853,申昊科技,24.88,6.64,1.55,73957.0,181354261.4,8.66,25.27,23.25,23.74,23.33,1.17,7.52,-28.22,7.13,3656093608.0,2446054236.0,0.2,0.32,-28.69,20.08
562,300133,华策影视,7.55,6.64,0.47,1081859.0,801295911.31,7.77,7.62,7.07,7.08,7.08,1.54,6.5,43.55,1.93,14154835923.0,12563902565.0,-0.26,-0.13,-14.11,-9.15
563,301448,开创电气,42.65,6.63,2.65,25683.0,107167963.04,9.15,43.66,40.0,40.49,40.0,1.32,3.62,-894.99,6.45,4461190000.0,3023159950.0,-0.09,0.61,6.87,-14.43
564,688818,电科蓝天,47.98,6.62,2.98,106944.0,500712116.0,6.76,48.1,45.06,45.5,45.0,1.22,8.1,1397.97,15.63,83337608242.0,6334143945.0,-0.02,0.29,-47.89,410.43
565,603052,可川科技,50.08,6.6,3.1,41597.0,205105390.0,6.3,50.41,47.45,48.0,46.98,1.0,2.21,-203.0,8.83,9409895883.0,9409895883.0,0.02,0.2,-42.22,58.73
566,300903,科翔股份,46.86,6.6,2.9,256567.0,1173003742.35,9.01,47.64,43.68,44.41,43.96,0.87,7.76,-98.09,11.17,20402214342.0,15496021077.0,0.06,0.21,-22.8,142.92
567,300476,胜宏科技,201.8,6.6,12.5,414577.0,8235090039.91,6.76,203.99,191.2,192.5,189.3,1.07,4.79,38.48,12.66,198325975263.0,174596339901.0,0.0,0.05,-46.65,-29.34
568,603519,立霸股份,15.84,6.59,0.98,136513.0,215268056.0,7.27,16.08,15.0,15.1,14.86,1.25,5.13,31.19,4.23,4218632970.0,4218632970.0,-0.13,-0.13,17.07,43.48
569,688387,信科移动-U,13.1,6.59,0.81,585599.0,753463141.0,8.06,13.27,12.28,12.64,12.29,1.15,2.9,-87.36,7.63,44785625000.0,26419781320.0,0.08,0.08,-41.65,1.55
570,301356,天振股份,18.43,6.59,1.14,33427.0,60830295.4,7.63,18.62,17.3,17.3,17.29,1.11,2.64,25.74,1.35,3980880000.0,2335034925.0,0.05,0.16,-22.3,-12.28
571,300017,网宿科技,14.73,6.58,0.91,2097724.0,3067523099.76,5.72,14.99,14.2,14.25,13.82,1.3,8.86,76.11,3.63,36761436765.0,34858097252.0,0.0,-0.07,-16.4,47.3
572,920438,戈碧迦,116.08,6.56,7.15,45171.0,518966630.19,5.79,117.0,110.69,110.69,108.93,0.79,3.24,363.95,17.3,16769032880.0,16180861324.0,0.02,0.35,66.35,189.84
573,301099,雅创电子,44.38,6.55,2.73,87357.0,379959628.19,7.97,44.82,41.5,42.0,41.65,0.84,7.6,30.63,6.02,8384514089.0,5102567822.0,0.0,0.27,-13.66,35.22
574,688010,福光股份,25.26,6.54,1.55,48806.0,121262179.0,6.58,25.46,23.9,23.98,23.71,0.74,3.04,-56.14,2.37,4055785460.0,4055785460.0,0.04,0.16,-27.97,-18.83
575,300174,元力股份,18.15,6.51,1.11,229530.0,412887067.92,8.74,18.59,17.1,17.19,17.04,1.32,6.34,39.69,1.91,6610418034.0,6573831246.0,-0.06,-0.11,-1.25,18.63
576,603324,盛剑科技,24.78,6.49,1.51,62944.0,152252530.0,7.22,24.87,23.19,23.37,23.27,0.8,4.26,-35.03,2.24,3659499992.0,3659499992.0,-0.04,0.0,-5.78,0.04
577,603002,宏昌电子,12.51,6.47,0.76,485255.0,596244603.0,7.49,12.61,11.73,11.9,11.75,0.78,4.28,7570.1,4.13,14187322148.0,14187322148.0,-0.08,0.24,-18.24,69.51
578,300221,银禧科技,12.03,6.46,0.73,283335.0,334469009.58,7.96,12.14,11.24,11.45,11.3,1.04,6.13,37.08,3.91,5699268861.0,5558073701.0,0.0,0.17,3.8,17.71
579,003007,直真科技,37.65,6.45,2.28,43002.0,160140829.8,7.04,37.99,35.5,35.64,35.37,2.06,5.92,-47.71,2.96,4501977741.0,2732925286.0,0.0,0.03,-25.4,1.05
580,002329,皇氏集团,3.31,6.43,0.2,1009792.0,331752678.01,10.29,3.42,3.1,3.11,3.11,1.93,15.5,169.17,5.53,2755257190.0,2156772578.0,0.0,0.3,-27.09,-15.13
581,301189,奥尼电子,44.36,6.43,2.68,55915.0,244554363.88,7.1,44.78,41.82,41.82,41.68,1.13,3.54,110.89,3.49,7259067339.0,7006275048.0,0.07,0.14,-34.47,42.82
582,301232,飞沃科技,103.99,6.43,6.28,48765.0,495773309.79,6.3,103.99,97.83,98.39,97.71,1.18,7.81,606.02,7.72,10932502497.0,6492845572.0,0.09,0.25,-41.57,-13.62
583,300889,爱克股份,19.07,6.42,1.15,72858.0,137184585.4,6.53,19.27,18.1,18.59,17.92,1.64,4.98,-58.09,2.97,4199730416.0,2791218290.0,0.21,0.32,-17.45,-7.87
584,002837,英维克,49.43,6.42,2.98,466669.0,2261498599.68,7.45,49.9,46.44,47.03,46.45,1.03,4.13,1818.95,19.09,62991105276.0,55878546157.0,-0.02,0.04,-36.99,-39.79
585,688584,上海合晶,25.39,6.41,1.53,202663.0,500745736.0,8.09,25.53,23.6,23.95,23.86,0.97,5.9,338.45,4.08,16990869987.0,8716392840.0,-0.27,-0.31,-8.8,15.72
586,002937,兴瑞科技,27.54,6.41,1.66,111253.0,300633049.9,9.2,27.98,25.6,25.97,25.88,0.91,3.53,60.14,4.6,8702907937.0,8680186886.0,0.11,0.11,-19.0,17.69
587,600267,海正药业,12.15,6.39,0.73,639635.0,766649012.0,5.25,12.18,11.58,11.59,11.42,2.24,5.42,10.08,1.65,14340305966.0,14340305966.0,0.08,0.25,4.65,25.39
588,301376,致欧科技,19.32,6.39,1.16,43548.0,82876430.75,8.59,19.65,18.09,18.17,18.16,1.26,2.25,25.86,2.32,7775700597.0,3741180326.0,0.47,0.36,5.57,8.11
589,688159,有方科技,32.63,6.39,1.96,42779.0,137762431.0,7.11,33.18,31.0,31.0,30.67,1.31,4.61,27.21,3.23,3026769242.0,3026769242.0,0.06,0.09,-42.41,-32.5
590,600549,厦门钨业,49.38,6.38,2.96,661915.0,3213169123.0,7.04,49.71,46.44,46.65,46.42,1.3,4.26,17.71,4.44,78394988088.0,76733161172.0,0.12,0.14,-16.33,21.45
591,300236,上海新阳,85.22,6.38,5.11,100154.0,839743643.37,8.93,86.65,79.5,80.74,80.11,0.8,3.6,64.39,5.73,26706427079.0,23738039692.0,-0.08,-0.22,-10.57,34.67
592,600246,万通发展,11.02,6.37,0.66,1199832.0,1306180981.0,8.01,11.19,10.36,10.5,10.36,0.9,6.35,-47.67,4.69,21411721986.0,20832345486.0,-0.09,-0.09,-14.51,-10.41
593,301095,广立微,67.7,6.36,4.05,75577.0,501523883.41,7.02,68.38,63.91,65.51,63.65,0.91,4.37,-316.3,4.37,13559029658.0,11713473024.0,-0.06,0.15,-30.13,-5.33
594,603311,金海高科,27.25,6.36,1.63,57173.0,153004946.0,7.1,27.44,25.62,26.0,25.62,1.09,2.42,45.42,4.87,6427836466.0,6427836466.0,0.07,0.07,18.58,79.75
595,600172,黄河旋风,10.2,6.36,0.61,1333981.0,1336002488.0,7.4,10.24,9.53,9.73,9.59,1.1,10.4,-38.1,31.73,14710281655.0,13088625802.0,-0.1,0.2,4.29,78.63
596,603798,康普顿,13.23,6.35,0.79,155278.0,201514842.0,8.28,13.35,12.32,13.0,12.44,2.7,6.05,18.26,2.79,3392828870.0,3392828870.0,0.0,0.46,-27.31,-19.38
597,603389,亚振家居,43.53,6.35,2.6,26690.0,114328783.0,9.72,44.8,40.82,41.49,40.93,0.67,1.02,-193.4,57.04,11437594560.0,11437594560.0,0.0,0.02,-35.02,-3.61
598,605006,山东玻纤,12.91,6.34,0.77,329475.0,416896353.0,8.32,12.96,11.95,12.33,12.14,0.85,5.04,209.23,2.72,8437992835.0,8437992835.0,0.08,0.16,-21.09,76.85
599,603688,石英股份,43.46,6.31,2.58,151017.0,646558278.0,7.02,43.87,41.0,41.6,40.88,0.94,2.79,160.06,4.05,23541338440.0,23541338440.0,0.02,0.07,-34.66,19.1
600,300745,欣锐科技,26.28,6.31,1.56,100952.0,262200904.26,8.09,26.75,24.75,25.19,24.72,1.04,7.09,206.91,2.0,4429928146.0,3739947035.0,0.15,0.15,-40.8,2.02
601,605133,嵘泰股份,25.48,6.3,1.51,81256.0,203359498.0,7.68,25.69,23.85,23.97,23.97,1.11,2.88,40.68,1.91,7268810873.0,7188369494.0,-0.2,0.31,-34.4,-25.23
602,002253,川大智胜,10.12,6.3,0.6,103858.0,103111073.28,6.2,10.16,9.57,9.59,9.52,2.0,4.95,-31.79,2.69,2283336081.0,2124683961.0,0.0,0.0,-16.16,-10.12
603,300872,天阳科技,16.39,6.29,0.97,192863.0,313517669.02,7.46,16.76,15.61,15.88,15.42,1.49,4.57,265.24,2.15,8000304550.0,6917263348.0,-0.18,-0.18,-20.94,-20.28
604,000426,兴业银锡,33.28,6.29,1.97,702372.0,2290953691.43,6.07,33.33,31.43,31.49,31.31,1.11,3.96,11.04,5.46,59093157394.0,59078837842.0,0.06,0.21,-32.48,-6.52
605,002965,祥鑫科技,28.94,6.28,1.71,244129.0,698935117.91,10.47,29.9,27.05,27.48,27.23,1.11,12.82,-112.5,1.83,7680107589.0,5510630647.0,-0.14,0.38,-17.24,-28.51
606,001270,铖昌科技,106.17,6.28,6.27,123104.0,1289347014.99,4.85,106.88,102.03,102.03,99.9,1.3,6.01,122.32,14.4,21883219039.0,21743961690.0,0.0,0.09,-35.26,16.07
607,688045,必易微,49.09,6.28,2.9,18489.0,89037360.0,6.99,49.52,46.29,46.44,46.19,0.81,2.62,63.55,2.42,3464624390.0,3464624390.0,0.0,0.18,-26.46,27.04
608,300626,华瑞股份,28.46,6.27,1.68,64456.0,176676723.0,7.73,28.46,26.39,26.89,26.78,0.87,3.58,188.07,9.68,5122800000.0,5119997402.0,0.81,0.92,-3.46,79.11
609,300700,岱勒新材,16.77,6.27,0.99,176180.0,292813961.3,7.73,16.99,15.77,16.12,15.78,1.13,4.96,675.49,8.63,6658173362.0,5960211563.0,0.06,0.3,-13.02,35.79
610,688226,威腾电气,28.5,6.26,1.68,49125.0,137491305.0,6.34,28.58,26.88,26.97,26.82,0.9,2.6,200.37,2.79,5588443647.0,5380102320.0,-0.18,-0.04,-51.2,-23.18
611,300242,佳云科技,4.58,6.26,0.27,492302.0,220960412.0,7.19,4.59,4.28,4.28,4.31,1.01,7.76,-121.28,11.99,2906262926.0,2906261341.0,0.0,0.22,-8.76,-8.4
612,600176,中国巨石,36.19,6.25,2.13,2892579.0,10302513902.0,8.84,36.73,33.72,34.6,34.06,0.97,7.28,28.58,4.59,144873518186.0,143731734543.0,0.0,0.06,-4.31,114.02
613,603012,创力集团,8.5,6.25,0.5,289626.0,239955807.0,7.13,8.54,7.97,8.05,8.0,2.49,4.48,59.05,1.45,5495250000.0,5495250000.0,0.0,0.24,-13.44,43.1
614,300042,朗科科技,41.66,6.25,2.45,183612.0,748864341.89,6.68,42.2,39.58,39.73,39.21,1.11,9.16,25.49,7.45,8348664000.0,8347895373.0,0.1,0.07,-38.79,62.54
615,600961,株冶集团,24.33,6.24,1.43,539831.0,1299092792.0,6.16,24.49,23.08,23.15,22.9,1.4,7.18,5.71,5.17,26102992864.0,18291595643.0,0.0,0.08,-19.84,51.12
616,300454,深信服,122.5,6.24,7.2,243832.0,2945538900.44,5.35,122.88,116.71,120.04,115.3,1.03,8.47,-204.9,4.89,52865984238.0,35280359905.0,0.41,0.25,-5.08,6.48
617,603687,大胜达,13.27,6.24,0.78,213418.0,277548417.0,6.73,13.33,12.49,12.6,12.49,1.02,3.88,82.7,2.25,7298922835.0,7298922835.0,0.0,0.23,-21.76,39.83
618,688207,格灵深瞳,17.73,6.23,1.04,136871.0,239279560.0,8.63,18.16,16.72,16.85,16.69,1.02,5.29,-28.19,2.52,4591593896.0,4591593896.0,-0.11,-0.06,6.42,16.64
619,300503,昊志机电,68.29,6.22,4.0,242912.0,1629345739.94,8.91,69.26,63.53,65.45,64.29,1.23,10.07,45.3,13.27,21048807148.0,16472471964.0,0.04,0.15,-6.07,7.34
620,688234,天岳先进,86.45,6.22,5.06,108143.0,921025838.0,7.86,88.0,81.6,82.83,81.39,0.83,2.52,-173.09,5.89,41895273129.0,37148519754.0,-0.02,0.07,-30.98,-2.73
621,002134,天津普林,19.64,6.22,1.15,100006.0,194311958.0,6.76,19.76,18.51,18.7,18.49,1.14,4.04,104.97,9.49,4867141513.0,4863999565.0,-0.05,0.0,-33.56,-26.69
622,301372,科净源,28.73,6.21,1.68,18454.0,52442977.69,7.39,29.1,27.1,27.3,27.05,1.57,4.48,85.83,2.66,1970057184.0,1182826885.0,-0.03,0.07,-27.25,13.29
623,301082,久盛电气,11.28,6.21,0.66,487790.0,546797588.27,6.5,11.59,10.9,11.5,10.62,4.48,17.89,-121.84,3.27,3318597725.0,3076144571.0,0.09,0.36,-10.83,-17.72
624,300440,运达科技,17.1,6.21,1.0,134172.0,224616365.2,8.2,17.28,15.96,16.54,16.1,1.11,3.05,-120.97,4.55,7556775570.0,7527790472.0,0.35,0.53,-10.56,39.48
625,301277,新天地,10.43,6.21,0.61,108739.0,112735433.84,8.66,10.7,9.85,9.88,9.82,2.56,2.77,28.32,2.71,4089377712.0,4089377712.0,0.0,0.1,-8.91,-10.01
626,300566,激智科技,24.05,6.18,1.4,217911.0,511271468.96,8.92,24.36,22.34,22.72,22.65,1.05,9.61,27.67,2.9,6303616183.0,5451664366.0,-0.04,0.12,17.49,32.51
627,001212,中旗新材,33.18,6.18,1.93,61848.0,200154484.5,8.61,33.39,30.7,31.4,31.25,1.09,3.56,442.04,3.47,6667840324.0,5768300662.0,0.18,0.24,-44.05,-34.56
628,603813,原尚股份,32.81,6.18,1.91,9123.0,29239035.0,9.58,33.5,30.54,30.92,30.9,1.02,0.87,-43.28,6.94,3445542150.0,3445542150.0,0.0,-0.12,-17.93,-14.0
629,300939,秋田微,54.99,6.18,3.2,53164.0,281225166.5,8.86,55.18,50.59,52.2,51.79,1.2,4.43,114.0,4.64,6598800000.0,6598800000.0,-0.07,0.05,20.57,60.41
630,600367,红星发展,27.2,6.17,1.58,249782.0,667902176.0,9.09,27.51,25.18,25.98,25.62,0.98,7.76,80.97,3.73,9278760534.0,8757670550.0,0.0,0.15,13.24,55.78
631,002976,瑞玛精密,20.17,6.16,1.17,60949.0,121987292.76,7.0,20.4,19.07,19.32,19.0,1.19,5.01,-71.07,2.73,3925301712.0,2455282966.0,0.05,0.25,-20.18,-6.45
632,605168,三人行,37.57,6.16,2.18,83516.0,307286223.0,7.04,37.8,35.31,35.99,35.39,1.63,3.96,180.04,3.07,7920394164.0,7920394164.0,0.0,0.32,-30.01,-0.77
633,301190,善水科技,18.27,6.16,1.06,124839.0,224939060.34,6.51,18.35,17.23,17.28,17.21,1.31,8.72,25.83,2.01,3921408855.0,2614510080.0,0.05,0.11,-28.3,-13.29
634,002842,翔鹭钨业,31.42,6.15,1.82,347342.0,1075172241.24,6.05,31.48,29.69,29.8,29.6,1.38,12.94,10.26,7.27,10279757499.0,8435087320.0,0.0,0.19,-16.39,119.41
635,688577,浙海德曼,39.86,6.15,2.31,15417.0,60186721.0,6.44,39.97,37.55,37.55,37.55,1.06,0.99,93.72,6.27,6209853973.0,6209853973.0,0.15,0.33,-29.26,-42.15
636,300586,美联新材,8.3,6.14,0.48,251842.0,205083867.45,7.8,8.38,7.77,7.84,7.82,0.97,4.71,1036.85,3.2,5903098154.0,4437150684.0,0.0,0.36,-32.79,-23.78
637,920267,鑫汇科,18.16,6.14,1.05,38666.0,68508025.58,8.07,18.3,16.92,17.17,17.11,0.82,14.23,-60.5,3.58,862290209.0,493535192.0,-0.16,0.06,-4.92,-20.0
638,300408,三环集团,120.98,6.12,6.98,791284.0,9252620685.28,13.15,124.1,109.11,112.0,114.0,0.88,4.23,76.02,11.17,240491504958.0,226209156133.0,0.0,-0.01,37.13,167.06
639,600487,亨通光电,50.27,6.12,2.9,2257544.0,11177252487.0,5.62,50.86,48.2,48.5,47.37,1.27,9.2,28.04,3.91,123985538759.0,123344797339.0,0.0,0.14,-32.72,105.52
640,920227,美登科技,51.15,6.12,2.95,10361.0,51866662.85,6.22,51.34,48.34,48.34,48.2,1.44,5.85,42.91,5.12,1991857725.0,906286800.0,0.0,0.04,-20.38,-13.16
641,688523,航天环宇,44.37,6.12,2.56,63940.0,277688146.0,6.46,44.6,41.9,42.58,41.81,1.4,1.57,2957.82,10.74,18053265600.0,18053265600.0,-0.25,-0.29,-49.73,-20.71
642,600556,天下秀,5.04,6.11,0.29,956649.0,471223786.0,7.58,5.09,4.73,4.75,4.75,1.8,5.29,706.53,2.38,9111048116.0,9111048116.0,-0.4,-0.2,-19.1,-16.83
643,301085,亚康股份,64.37,6.1,3.7,76771.0,482276791.67,6.59,64.5,60.5,61.11,60.67,1.39,13.03,58.86,5.85,5585750200.0,3792148833.0,0.0,-0.05,-17.9,22.05
644,301310,鑫宏业,50.82,6.1,2.92,76766.0,377359448.44,8.31,50.98,47.0,48.28,47.9,0.89,12.59,65.65,4.16,9704527029.0,3099304658.0,0.04,0.36,11.86,66.4
645,688258,卓易信息,100.3,6.1,5.77,44738.0,441472063.0,4.87,100.6,96.0,98.0,94.53,1.01,3.69,51.08,12.85,12150566371.0,12150566371.0,-0.01,0.16,-32.04,31.16
646,300223,北京君正,126.26,6.1,7.26,423299.0,5240086351.22,8.76,127.36,116.94,119.21,119.0,0.8,10.04,47.86,4.82,61067462977.0,53243113354.0,0.04,0.09,-13.48,19.24
647,300475,香农芯创,142.2,6.1,8.17,300841.0,4205669724.39,7.25,143.4,133.68,135.28,134.03,0.83,6.68,12.57,13.64,66768839267.0,63995086067.0,0.0,0.16,-26.51,-1.43
648,000032,深桑达Ａ,13.92,6.1,0.8,556675.0,765824244.26,6.78,14.1,13.21,13.39,13.12,0.89,4.58,-51.32,2.3,16915296009.0,16915296009.0,-0.07,-0.14,-26.89,-27.99
649,301295,美硕科技,40.94,6.09,2.35,34221.0,138188867.21,8.76,41.49,38.11,39.36,38.59,1.02,11.64,50.99,4.32,4126752000.0,1203636000.0,0.17,0.22,-18.25,38.36
650,600460,士兰微,29.12,6.08,1.67,994920.0,2845692949.0,6.38,29.36,27.61,27.7,27.45,1.12,5.98,58.01,4.02,48457772126.0,48457772126.0,0.0,-0.03,-4.18,2.79
651,300166,东方国信,14.33,6.07,0.82,809591.0,1149599774.56,5.85,14.57,13.78,13.81,13.51,1.47,8.94,-150.96,2.86,16318226569.0,12979528104.0,-0.14,0.14,-24.9,40.22
652,688380,中微半导,36.67,6.07,2.1,102386.0,369708338.0,6.97,37.09,34.68,34.99,34.57,0.85,2.56,71.62,4.72,14681384550.0,14681384550.0,0.03,-0.05,-28.11,15.13
653,603991,领先股份,116.45,6.07,6.66,31958.0,365192479.0,8.18,116.98,108.0,112.0,109.79,0.87,3.57,87.23,5.06,17783045730.0,10426525192.0,0.0,-0.24,-9.06,58.11
654,300684,中石科技,44.98,6.06,2.57,153259.0,679024105.0,7.9,45.81,42.46,43.0,42.41,0.93,7.49,51.99,6.7,13471924851.0,9201791461.0,-0.04,0.0,-30.47,-7.22
655,002896,中大力德,76.11,6.06,4.35,245926.0,1848374503.72,7.41,77.86,72.54,74.78,71.76,3.67,12.51,338.03,12.66,14957340414.0,14957340414.0,0.0,0.08,0.89,-14.71
656,300873,海晨股份,14.87,6.06,0.85,181112.0,265187007.63,8.2,15.15,14.0,14.14,14.02,1.03,7.74,973.79,1.53,4791814823.0,3478509345.0,0.0,0.13,-1.65,-4.0
657,300346,南大光电,49.45,6.05,2.82,518390.0,2516006186.18,6.99,49.92,46.66,46.91,46.63,0.8,7.9,68.79,10.03,34177708853.0,32438707527.0,-0.04,0.04,-12.09,16.03
658,603078,江化微,28.25,6.04,1.61,189019.0,524104411.0,6.68,28.58,26.8,27.0,26.64,0.7,4.9,94.65,5.52,10894252256.0,10894252256.0,0.0,0.07,-1.05,58.8
659,000887,中鼎股份,18.33,6.02,1.04,438679.0,780720684.45,7.52,18.37,17.07,17.45,17.29,1.9,3.34,18.74,1.67,24131257063.0,24092413245.0,-0.05,0.27,0.88,-20.51
660,600110,诺德股份,8.81,6.02,0.5,1204027.0,1040360446.0,6.02,8.88,8.38,8.38,8.31,1.08,6.94,74.28,2.54,15286944011.0,15286944011.0,-0.11,0.34,-19.54,24.26
661,301202,朗威股份,32.91,6.02,1.87,22343.0,72672151.07,6.64,33.18,31.12,31.12,31.04,1.28,2.81,63.43,3.78,4488924000.0,2620211925.0,-0.36,-0.12,-26.44,-18.13
662,688813,泰金新能,100.72,6.02,5.72,25909.0,257444846.0,7.83,101.8,94.36,96.69,95.0,0.85,8.61,74.31,9.42,16115200000.0,3029353023.0,0.18,0.23,-14.5,290.69
663,300756,金马游乐,26.82,6.01,1.52,50461.0,133422521.6,7.98,27.0,24.98,25.3,25.3,1.19,2.63,54.37,4.04,5917496302.0,5149331889.0,0.04,-0.11,-30.64,-33.84
664,300576,容大感光,26.45,6.01,1.5,206263.0,535567415.79,6.57,26.59,24.95,25.12,24.95,0.76,8.12,99.42,6.19,10677557466.0,6720436499.0,0.08,0.27,-24.82,-24.39
665,301186,超达装备,32.97,6.01,1.87,25257.0,82037189.6,9.13,33.46,30.62,31.12,31.1,1.39,2.34,59.28,2.34,3783093327.0,3556905576.0,-0.06,0.09,-39.05,-3.96
666,300103,达刚控股,7.23,6.01,0.41,68426.0,48744620.3,6.89,7.32,6.85,6.92,6.82,1.3,2.16,-319.89,5.12,2296255230.0,2294372610.0,-0.14,0.0,-17.65,-9.96
667,300522,世名科技,12.0,6.01,0.68,145571.0,170683052.54,7.51,12.04,11.19,11.5,11.32,0.71,5.53,452.54,4.97,3869418084.0,3157267452.0,0.17,0.42,-12.28,-4.31
668,688178,万德斯,25.4,6.01,1.44,20135.0,50748012.0,7.72,25.81,23.96,23.96,23.96,1.12,2.37,47.51,2.32,2158945238.0,2158945238.0,-0.2,0.28,-33.16,5.7
669,688488,艾迪药业,13.98,5.99,0.79,94241.0,130389327.0,6.75,14.09,13.2,13.34,13.19,1.01,2.24,193.35,6.04,5882543656.0,5882543656.0,0.07,0.07,-18.77,-14.39
670,603063,禾望电气,29.9,5.99,1.69,242917.0,714872323.0,6.31,29.98,28.2,28.37,28.21,1.03,5.26,67.87,2.68,13877882697.0,13820773697.0,0.0,0.5,-47.1,-9.23
671,603663,三祥新材,33.87,5.98,1.91,190667.0,632891681.0,8.07,34.17,31.59,32.44,31.96,1.08,3.21,136.25,14.92,20104220201.0,20090563817.0,0.39,0.53,4.83,34.51
672,603650,彤程新材,53.8,5.97,3.03,171030.0,904329675.0,6.91,54.32,50.81,51.33,50.77,0.61,2.78,45.45,8.26,33144546417.0,33064774574.0,-0.04,-0.11,-5.36,23.28
673,301629,矽电股份,223.6,5.97,12.6,11402.0,250324988.0,7.3,225.44,210.04,212.0,211.0,0.95,5.94,-224.31,7.96,9330218466.0,4292237674.0,0.04,-0.03,-43.17,2.59
674,300323,华灿光电,11.03,5.96,0.62,732332.0,800171151.8,6.82,11.19,10.48,10.5,10.41,1.11,6.17,88.32,2.7,17901676731.0,13100264886.0,0.09,0.18,-20.82,38.22
675,688800,瑞可达,49.8,5.96,2.8,104495.0,512659215.0,7.4,50.31,46.83,47.7,47.0,0.75,3.62,60.95,6.14,14361673696.0,14361673696.0,0.02,0.16,-45.36,-15.81
676,920207,众诚科技,23.14,5.95,1.3,39601.0,90055381.88,6.14,23.37,22.03,22.2,21.84,1.36,7.03,-164.08,7.6,2133392300.0,1303116790.0,-0.04,-0.17,-24.18,4.0
677,300319,麦捷科技,15.15,5.94,0.85,946475.0,1408948709.01,7.06,15.29,14.28,14.46,14.3,0.98,11.12,71.3,2.78,13446963109.0,12896743833.0,0.0,0.07,14.08,30.83
678,688322,奥比中光-W,106.18,5.94,5.95,162686.0,1681577662.0,10.13,107.4,97.25,101.97,100.23,1.07,5.08,353.55,10.99,43834791844.0,34005609435.0,0.12,0.23,21.79,18.41
679,688356,键凯科技,66.09,5.93,3.7,15807.0,103879982.0,7.24,67.08,62.56,62.56,62.39,1.3,2.61,44.71,3.04,4008404763.0,4008404763.0,0.2,0.18,-32.9,-19.29
680,301115,联检科技,24.12,5.93,1.35,46023.0,109185255.0,6.54,24.34,22.85,22.9,22.77,1.1,3.08,-34.42,1.8,4426619382.0,3598755858.0,0.0,0.0,-5.19,53.73
681,688181,八亿时空,35.36,5.93,1.98,52563.0,182039827.0,6.44,35.57,33.42,33.95,33.38,0.83,3.95,47.52,2.28,4703935885.0,4703935885.0,0.03,0.03,-4.28,10.02
682,688133,泰坦科技,20.9,5.93,1.17,52010.0,107146650.0,6.94,21.17,19.8,19.8,19.73,1.37,3.16,-26.53,1.26,3436732819.0,3436732819.0,0.0,0.1,-8.61,-5.6
683,301024,霍普股份,32.76,5.92,1.83,15646.0,50329896.44,7.31,32.79,30.53,31.24,30.93,1.17,2.54,-27.19,6.16,2083044600.0,2016705600.0,-0.09,0.12,-28.22,-7.38
684,603067,振华股份,32.94,5.92,1.84,294113.0,959491216.0,7.33,33.48,31.2,31.2,31.1,0.94,3.89,51.16,6.02,24887006808.0,24887006808.0,-0.03,0.09,-17.48,14.97
685,688218,江苏北人,34.42,5.91,1.92,39148.0,132867086.0,7.23,34.75,32.4,32.74,32.5,0.77,3.36,264.08,4.7,4009081134.0,4009081134.0,0.0,0.2,-14.59,50.83
686,002174,游族网络,12.2,5.9,0.68,472767.0,564086153.04,8.77,12.38,11.37,11.5,11.52,1.48,4.83,28.8,2.63,11953693797.0,11946960312.0,-0.49,-0.57,13.07,-0.33
687,688433,华曙高科,73.0,5.9,4.07,40009.0,286676289.0,7.43,73.8,68.68,68.89,68.93,1.0,0.96,-2081.57,14.43,30337160931.0,30337160931.0,0.0,-0.01,-21.95,10.41
688,688215,瑞晟智能,34.46,5.9,1.92,16154.0,54948098.0,7.68,35.0,32.5,32.5,32.54,1.35,1.79,87.47,6.46,3113504454.0,3113504454.0,-0.23,-0.12,-34.46,-31.07
689,001896,豫能控股,12.93,5.9,0.72,1058947.0,1368057082.68,8.52,13.35,12.31,12.45,12.21,1.18,6.94,168.45,5.54,19728352597.0,19728352597.0,0.0,0.15,-23.08,148.65
690,301531,春光集团,48.81,5.9,2.72,40714.0,196365607.97,6.25,49.1,46.22,47.0,46.09,1.23,8.68,90.33,7.41,10725184325.0,2288391103.0,-0.06,0.16,-49.94,266.99
691,601133,柏诚股份,23.19,5.89,1.29,184701.0,420496305.0,9.13,23.54,21.54,22.26,21.9,1.06,3.52,98.15,4.08,12202637900.0,12160528593.0,0.04,0.09,-12.92,51.27
692,000021,深科技,36.54,5.88,2.03,1305718.0,4686872310.83,6.95,36.91,34.51,34.88,34.51,0.81,8.29,59.39,4.42,57527471761.0,57519644893.0,0.05,0.05,11.57,45.81
693,920010,凯添燃气,8.65,5.88,0.48,117610.0,100399110.74,8.81,8.87,8.15,8.18,8.17,1.8,6.75,53.89,2.94,2028425000.0,1507036328.0,0.0,0.0,-36.02,-21.0
694,301395,仁信新材,12.07,5.88,0.67,130923.0,157167203.06,11.05,12.41,11.15,11.68,11.4,2.33,10.28,-7.29,2.03,2931204787.0,1536866317.0,-0.41,-0.25,-20.28,-1.55
695,300395,菲利华,75.05,5.87,4.16,216903.0,1602621333.86,6.25,75.63,71.2,72.0,70.89,1.09,4.23,68.63,8.25,39455817504.0,38466389375.0,0.03,0.05,-42.91,-25.17
696,688249,晶合集成,36.62,5.87,2.03,255449.0,917340772.0,6.48,36.84,34.6,35.0,34.59,0.66,1.27,401.88,3.71,81434043484.0,73518007944.0,0.0,0.03,1.58,10.33
697,300721,怡达股份,20.95,5.86,1.16,99613.0,205902846.45,6.87,21.05,19.69,20.11,19.79,0.89,7.2,200.34,3.1,3453539182.0,2898467466.0,0.0,-0.05,-3.5,64.57
698,300931,通用电梯,11.02,5.86,0.61,47164.0,51329461.26,7.49,11.18,10.4,10.49,10.41,0.78,2.41,-52.77,4.45,2679744420.0,2154425461.0,0.27,0.27,-31.04,-0.45
699,688601,力芯微,38.32,5.86,2.12,51550.0,194671112.0,8.26,38.96,35.97,36.55,36.2,0.95,3.86,-919.45,4.15,5123104264.0,5123104264.0,0.1,-0.03,-33.82,-9.81
700,002131,利欧股份,5.43,5.85,0.3,14953633.0,8079914260.92,6.82,5.62,5.27,5.28,5.13,2.02,25.54,294.05,2.89,36770758357.0,31791555605.0,0.0,0.18,-21.65,-3.21
701,920190,雷神科技,24.81,5.84,1.37,54860.0,133418325.44,6.19,24.9,23.45,23.67,23.44,1.02,5.52,42.31,2.9,2481000025.0,2467182095.0,0.12,-0.08,0.73,-11.04
702,301128,强瑞技术,95.55,5.83,5.26,59020.0,558497664.25,8.12,97.38,90.05,93.34,90.29,1.1,4.63,235.44,16.16,13837338688.0,12172055546.0,0.06,0.25,-28.92,33.62
703,300686,智动力,12.55,5.82,0.69,92166.0,114236545.0,8.01,12.66,11.71,11.93,11.86,1.01,3.56,-15.87,4.33,3270833961.0,3249293141.0,0.08,0.16,-30.43,-16.67
704,301045,天禄科技,52.8,5.81,2.9,53259.0,277261679.67,9.58,53.4,48.62,50.16,49.9,1.08,7.64,150.93,5.67,5824809302.0,3681006490.0,0.11,0.15,-1.68,99.77
705,300623,捷捷微电,24.4,5.81,1.34,277370.0,666899675.67,6.9,24.72,23.13,23.3,23.06,1.11,3.61,50.64,3.38,20302750024.0,18723508580.0,0.04,0.08,-20.34,-9.7
706,301257,普蕊斯,40.83,5.8,2.24,54997.0,224488511.55,5.6,41.66,39.5,39.55,38.59,1.13,7.3,67.07,2.53,3225764759.0,3075271054.0,0.0,0.02,-23.5,-21.42
707,688416,恒烁股份,63.01,5.79,3.45,63978.0,397241206.0,6.87,63.89,59.8,60.37,59.56,0.78,5.93,34.94,5.09,6797562529.0,6797562529.0,0.17,-0.24,-37.33,48.22
708,688277,天智航-U,17.03,5.78,0.93,111738.0,187426230.0,7.2,17.27,16.11,16.15,16.1,0.62,2.4,-42.75,6.6,7943555949.0,7943555949.0,0.0,-0.12,-13.68,12.11
709,300909,汇创达,43.01,5.78,2.35,27169.0,115195205.58,8.19,43.68,40.35,40.68,40.66,0.96,2.1,176.85,3.73,7439567827.0,5554280089.0,-0.16,-0.23,-9.53,-10.58
710,301075,多瑞医药,53.83,5.78,2.94,22431.0,119044653.0,7.64,54.34,50.45,51.52,50.89,1.23,2.8,-77.08,6.98,4306400000.0,4306400000.0,0.19,-0.11,-36.01,-9.79
711,301307,美利信,44.83,5.78,2.45,86618.0,379672179.26,7.79,45.1,41.8,42.68,42.38,0.68,7.96,-44.09,3.87,9441198000.0,4876667472.0,0.29,0.4,-21.6,29.64
712,002250,联化科技,15.95,5.77,0.87,240949.0,380924275.55,6.56,16.12,15.13,15.24,15.08,1.54,2.69,35.21,2.16,14352977811.0,14274863308.0,0.13,0.06,-5.57,21.02
713,002903,宇环数控,24.78,5.76,1.35,153868.0,378488027.0,7.73,25.19,23.38,23.8,23.43,1.09,14.43,-112.27,4.99,3882976440.0,2643174782.0,0.04,0.36,-45.6,7.74
714,688592,司南导航,23.88,5.76,1.3,14830.0,34632876.0,6.69,23.96,22.45,22.76,22.58,1.65,2.68,-95.9,2.94,2773585847.0,1321411549.0,-0.17,0.13,-26.55,-15.97
715,000823,超声电子,13.4,5.76,0.73,555985.0,734812578.44,5.29,13.48,12.81,12.84,12.67,1.14,9.35,60.41,1.45,7972395807.0,7972091038.0,-0.07,0.0,-22.63,0.3
716,688486,龙迅股份,44.68,5.75,2.43,45066.0,199134619.0,7.95,45.69,42.33,42.39,42.25,0.95,2.41,54.82,5.67,8349405618.0,8348900153.0,-0.04,0.25,-24.34,-14.64
717,688135,利扬芯片,21.69,5.75,1.18,122775.0,263309694.0,5.51,21.8,20.67,20.88,20.51,0.85,5.27,369.75,3.19,5056024480.0,5056024480.0,0.09,0.23,-44.16,-21.87
718,300907,康平科技,37.97,5.74,2.06,32582.0,121394317.0,6.77,38.5,36.07,36.34,35.91,1.15,3.39,66.28,4.66,3645120000.0,3645120000.0,0.18,0.29,19.82,29.11
719,600520,三佳科技,22.29,5.74,1.21,108073.0,237000377.0,5.93,22.34,21.09,21.4,21.08,0.81,6.82,591.66,8.97,3531404700.0,3531404700.0,-0.04,0.32,-29.6,-9.39
720,002871,伟隆股份,16.02,5.74,0.87,51755.0,81478726.75,7.19,16.29,15.2,15.2,15.15,1.57,3.47,44.74,3.72,4034698597.0,2391251300.0,-0.06,0.56,-20.97,-9.24
721,301322,绿通科技,34.52,5.73,1.87,34793.0,118373532.46,8.36,35.08,32.35,33.3,32.65,0.75,3.62,-438.28,1.73,4924480909.0,3321261714.0,-0.46,0.29,-17.06,25.85
722,603598,引力传媒,18.83,5.73,1.02,382834.0,695994623.0,8.65,19.0,17.46,17.8,17.81,2.1,14.21,122.21,22.59,5078505607.0,5072856607.0,0.0,0.11,-24.98,10.83
723,300069,金利华电,27.3,5.73,1.48,129667.0,350348977.44,8.29,27.92,25.78,25.95,25.82,1.43,11.08,262.71,11.71,3194100000.0,3194100000.0,0.07,0.33,-10.78,58.26
724,603219,富佳股份,14.22,5.72,0.77,47841.0,66553830.0,6.99,14.39,13.45,13.58,13.45,1.16,0.85,1902.81,5.03,7983108000.0,7983108000.0,0.28,-0.14,-17.95,-15.31
725,300383,光环新网,14.1,5.7,0.76,1185894.0,1654729398.41,4.57,14.24,13.63,13.88,13.34,1.34,6.61,282.06,2.14,25346059143.0,25299752205.0,-0.07,-0.14,-17.78,12.89
726,603380,易德龙,31.37,5.69,1.69,30271.0,93360054.0,6.03,31.46,29.67,30.25,29.68,0.95,1.89,41.22,3.32,5033040444.0,5033040444.0,0.0,-0.1,-16.92,-16.12
727,301509,金凯生科,28.77,5.69,1.55,36628.0,104024451.51,4.92,28.87,27.53,27.58,27.22,1.8,6.46,52.05,1.64,3465250667.0,1632436499.0,0.0,0.14,-16.97,-12.5
728,688227,品高股份,74.79,5.68,4.02,38380.0,282382955.0,6.78,75.8,71.0,71.81,70.77,0.83,3.39,-137.93,6.79,8455404017.0,8455404017.0,0.0,0.11,-35.76,15.04
729,688785,恒运昌,236.7,5.67,12.7,6458.0,149516933.0,7.78,237.8,220.37,226.0,224.0,0.66,4.77,227.85,7.36,16024989550.0,3205970842.0,0.0,-0.03,-36.75,159.03
730,600589,大位科技,8.38,5.67,0.45,1242774.0,1032676366.0,6.68,8.49,7.96,7.96,7.93,1.32,8.41,-97.41,19.99,12415555678.0,12389577678.0,0.12,0.12,-35.64,17.04
731,688037,芯源微,275.73,5.64,14.73,90157.0,2411924017.0,11.53,281.78,251.69,259.86,261.0,0.98,4.47,3963.73,19.88,55633075942.0,55633075942.0,-0.15,-0.39,16.6,85.66
732,603226,菲林格尔,46.33,5.63,2.47,27347.0,124260191.0,6.2,46.65,43.93,44.06,43.86,0.76,0.77,-287.96,19.34,16469933704.0,16469933704.0,0.89,0.46,0.59,46.52
733,688265,南模生物,35.68,5.62,1.9,14458.0,51294997.0,9.03,36.88,33.83,34.48,33.78,1.87,1.85,1017.26,1.63,2781738144.0,2781738144.0,0.0,0.03,-15.93,-12.74
734,300996,普联软件,18.05,5.62,0.96,1050654.0,1863459294.25,10.3,18.5,16.74,17.5,17.09,1.92,31.54,303.5,5.52,7144023976.0,6013218587.0,0.06,0.06,39.6,53.62
735,300812,易天股份,18.43,5.62,0.98,70055.0,127023644.39,6.02,18.56,17.51,17.71,17.45,0.96,3.94,101.15,4.65,3614267491.0,3279428229.0,0.05,0.0,-38.2,-9.61
736,301182,凯旺科技,64.4,5.61,3.42,85373.0,516071428.63,13.63,64.41,56.1,61.78,60.98,2.56,9.77,-43.13,9.31,6170917480.0,5627542480.0,0.0,1.74,-13.42,51.1
737,688333,铂力特,87.49,5.61,4.65,118120.0,1018587014.0,6.58,88.46,83.01,83.75,82.84,1.03,4.31,357.66,4.82,24000447003.0,24000447003.0,0.03,0.16,-8.96,-21.48
738,002012,凯恩股份,6.4,5.61,0.34,338864.0,215273130.77,6.6,6.56,6.16,6.16,6.06,1.76,7.25,181.92,1.93,2992803008.0,2992803008.0,0.16,0.31,-10.11,-0.47
739,002009,天奇股份,18.09,5.6,0.96,264684.0,468766764.88,9.17,18.57,17.0,17.22,17.13,2.03,7.48,73.92,3.58,7276398715.0,6404720523.0,0.0,-0.06,-32.75,-19.85
740,688663,新风光,52.81,5.6,2.8,48927.0,257122384.0,11.0,54.3,48.8,50.71,50.01,0.65,2.48,622.21,7.68,10416666035.0,10416666035.0,0.17,-0.15,9.0,90.99
741,688323,瑞华泰,24.5,5.6,1.3,131437.0,316322057.0,7.54,24.8,23.05,23.59,23.2,0.89,6.56,-54.24,4.29,4909758032.0,4909758032.0,0.49,0.41,-10.97,8.84
742,300818,耐普矿机,20.55,5.6,1.09,60672.0,121782567.32,7.55,20.77,19.3,19.6,19.46,1.15,4.27,-133.03,2.52,4508760112.0,2920757321.0,0.05,0.34,-18.68,-29.28
743,688268,华特气体,128.3,5.6,6.8,73916.0,927308654.0,7.81,129.65,120.16,122.55,121.5,0.85,5.79,120.89,6.67,16381605475.0,16381605475.0,0.02,0.05,-30.16,125.52
744,688691,灿芯股份,61.25,5.6,3.25,50800.0,307069390.0,6.95,61.97,57.94,58.06,58.0,0.87,6.96,-64.41,6.09,7350000000.0,4469106863.0,0.02,0.16,-50.53,-39.94
745,688507,索辰科技,154.29,5.6,8.18,82549.0,1241181990.0,9.73,156.99,142.78,150.19,146.11,1.01,16.77,-101.27,4.99,13748594283.0,7596580782.0,0.03,0.13,57.91,54.06
746,688419,耐科装备,36.18,5.6,1.92,40172.0,142733746.0,6.89,36.66,34.3,34.6,34.26,0.79,3.51,72.35,4.12,4144479384.0,4144479384.0,-0.03,0.3,-22.87,31.13
747,300291,百纳千成,5.48,5.59,0.29,606765.0,325500522.21,6.74,5.54,5.19,5.19,5.19,1.03,6.53,96.42,2.53,5161555287.0,5095659619.0,-0.36,0.0,-15.17,-26.84
748,301231,荣信文化,27.26,5.58,1.44,89521.0,240430122.26,7.09,27.61,25.78,25.78,25.82,1.37,13.68,-48.28,2.83,2300744000.0,1783649060.0,-0.22,0.04,-12.38,-12.29
749,301265,华新科技,17.81,5.57,0.94,63035.0,111020806.06,6.46,17.99,16.9,17.2,16.87,0.79,2.58,41.72,2.57,5395952371.0,4344448725.0,-0.06,-0.06,-34.93,28.96
750,300591,万里马,7.39,5.57,0.39,214559.0,156064151.6,6.71,7.45,6.98,7.08,7.0,0.75,6.12,266.05,17.54,2997929212.0,2589787272.0,0.0,0.0,-13.06,-25.5
751,688500,慧辰股份,34.1,5.57,1.8,18128.0,61144892.0,7.24,34.75,32.41,32.6,32.3,0.94,2.42,-23.5,3.51,2590995680.0,2554684636.0,0.38,0.29,-30.49,-44.79
752,002971,和远气体,34.09,5.57,1.8,118068.0,393984408.61,7.43,34.33,31.93,32.32,32.29,0.69,7.33,99.48,4.0,7180206250.0,5488644973.0,0.0,0.06,-0.38,14.28
753,002119,康强电子,20.27,5.57,1.07,360209.0,719336726.54,6.35,20.5,19.28,19.52,19.2,0.89,9.6,74.67,5.47,7607006680.0,7607006680.0,-0.05,-0.15,-12.97,23.37
754,301489,思泉新材,89.45,5.56,4.71,54052.0,476954187.54,7.38,90.25,84.0,85.42,84.74,0.88,7.77,98.05,6.75,10402464667.0,6223999608.0,0.06,0.06,-46.43,-37.02
755,300170,汉得信息,16.89,5.56,0.89,840193.0,1404291211.48,5.19,17.05,16.22,16.3,16.0,1.15,8.46,112.57,3.06,17572688919.0,16781117078.0,-0.06,0.06,-27.2,-10.68
756,300378,鼎捷数智,35.35,5.55,1.86,202771.0,702741248.27,6.42,35.65,33.5,33.77,33.49,1.02,7.52,-298.67,4.2,9599457302.0,9527290277.0,-0.2,-0.17,-18.57,-21.69
757,688209,英集芯,20.92,5.55,1.1,107628.0,221602192.0,6.1,21.15,19.94,19.94,19.82,0.94,2.48,50.27,4.11,9074762305.0,9074762305.0,-0.1,0.14,-15.1,5.23
758,300191,潜能恒信,29.47,5.55,1.55,272836.0,793545832.14,7.27,29.95,27.92,28.27,27.92,1.06,12.33,77.3,8.27,9430400000.0,6518616650.0,0.03,0.0,-19.85,59.9
759,600396,华电辽能,16.37,5.54,0.86,3053611.0,4943838523.0,6.13,16.75,15.8,16.0,15.51,1.09,20.73,38.22,15.71,24108210594.0,24108210594.0,0.0,0.12,19.66,474.39
760,688583,思看科技,76.6,5.54,4.02,15986.0,121578537.0,6.89,77.5,72.5,72.5,72.58,1.34,3.71,325.65,8.08,9480016000.0,3303361135.0,-0.01,-0.01,-13.16,15.33
761,300196,长海股份,16.43,5.52,0.86,194226.0,314432708.77,5.65,16.51,15.63,15.67,15.57,1.01,7.86,20.72,1.44,6716947563.0,4058700140.0,0.06,0.18,-22.83,15.62
762,688450,光格科技,30.79,5.52,1.61,24406.0,74017827.0,8.74,31.16,28.61,29.35,29.18,1.01,4.99,-112.36,2.17,2032140000.0,1506575391.0,0.46,0.62,-38.54,11.64
763,000839,国安股份,2.87,5.51,0.15,2000320.0,570764073.11,10.29,2.99,2.71,2.74,2.72,1.13,5.1,-874.77,7.24,11249901630.0,11249901630.0,0.35,0.0,-15.59,8.71
764,001257,盛龙股份,25.31,5.5,1.32,209386.0,520095380.08,5.13,25.31,24.08,24.14,23.99,1.72,15.29,30.17,6.31,46467915178.0,3466153576.0,0.04,0.16,-2.43,229.99
765,688041,海光信息,275.35,5.5,14.35,218248.0,5892550475.0,7.01,277.8,259.5,263.99,261.0,0.79,0.94,232.87,27.65,640006493357.0,640006493357.0,-0.02,0.01,-21.11,22.83
766,688191,智洋创新,18.22,5.5,0.95,82141.0,146925213.0,6.6,18.42,17.28,17.5,17.27,0.85,2.5,-133.66,6.86,5976209886.0,5976209886.0,-0.27,-0.33,-50.8,-20.75
767,688503,聚和材料,61.6,5.5,3.21,101287.0,618564252.0,6.87,62.49,58.48,59.0,58.39,0.76,4.18,12.87,2.86,14909272409.0,14909272409.0,-0.02,-0.02,-45.19,1.67
768,301669,高特电子,30.15,5.49,1.57,110915.0,327838516.7,6.3,30.5,28.7,29.09,28.58,0.98,13.54,234.11,8.46,14472000000.0,2468909482.0,0.03,0.07,325.85,325.85
769,688261,东微半导,67.81,5.49,3.53,49679.0,333100296.0,6.32,68.74,64.68,65.0,64.28,0.9,4.07,374.09,2.83,8316579624.0,8279369700.0,0.0,0.03,-14.07,-17.23
770,301566,达利凯普,22.28,5.49,1.16,251111.0,548333549.07,8.43,22.53,20.75,21.26,21.12,1.0,11.9,41.3,5.9,8912222800.0,4703013325.0,0.0,0.0,-15.96,14.85
771,000981,山子高科,2.88,5.49,0.15,7626682.0,2199688568.88,10.62,3.0,2.71,2.74,2.73,3.2,8.02,28.68,9.29,28792716157.0,27398465548.0,0.0,0.35,-26.72,-30.77
772,688262,国芯科技,25.22,5.48,1.31,122856.0,305198980.0,6.65,25.47,23.88,24.29,23.91,1.0,3.66,-43.53,4.4,8473917806.0,8473917806.0,0.0,-0.08,-38.7,-16.9
773,600103,青山纸业,3.08,5.48,0.16,2238540.0,678598222.0,6.16,3.13,2.95,2.99,2.92,2.73,10.12,113.79,1.74,6901746381.0,6813973465.0,0.0,0.0,-36.49,-26.32
774,301160,翔楼新材,36.96,5.48,1.92,52573.0,191452450.58,6.22,37.34,35.16,36.57,35.04,1.1,4.75,32.29,3.33,6161857178.0,4094325053.0,-0.08,0.14,-13.08,-24.73
775,603407,长裕集团,58.19,5.47,3.02,78503.0,446954976.0,8.92,58.62,53.7,55.3,55.17,1.0,21.86,106.4,11.51,23734259692.0,2089718814.0,0.0,-0.1,-36.64,319.84
776,301096,百诚医药,40.71,5.47,2.11,28315.0,113812052.29,4.15,40.85,39.25,39.25,38.6,0.88,3.41,86.76,1.78,4446683442.0,3382592516.0,0.0,0.17,-36.21,-28.75
777,600522,中天科技,29.94,5.46,1.55,2406970.0,7121698471.0,4.79,30.15,28.79,28.89,28.39,1.15,7.05,27.8,2.75,102183712581.0,102183712581.0,0.0,0.03,-31.33,67.64
778,688379,华光新材,45.21,5.46,2.34,34334.0,154018021.0,6.95,45.69,42.71,43.48,42.87,0.97,3.81,28.97,3.16,4293980743.0,4072766359.0,0.04,0.33,-43.36,-17.2
779,301201,诚达药业,29.75,5.46,1.54,63609.0,185138926.56,4.61,29.8,28.5,28.77,28.21,1.12,5.86,164.34,2.22,4602736264.0,3229193044.0,0.0,0.24,-30.81,-26.54
780,688653,康希通信,11.61,5.45,0.6,156937.0,178989001.0,7.18,11.8,11.01,11.16,11.01,1.2,4.96,252.73,3.42,4928212800.0,3673538641.0,0.09,0.17,-27.75,-4.44
781,688052,纳芯微,191.33,5.45,9.89,29520.0,559809337.0,8.43,195.3,180.0,181.01,181.44,0.79,2.06,-218.85,4.09,31283458909.0,27438682559.0,0.0,0.34,-15.51,20.96
782,603065,宿迁联盛,14.54,5.44,0.75,530602.0,749454773.0,11.24,14.61,13.06,13.97,13.79,1.26,12.66,280.0,3.18,6091788497.0,6091788497.0,-0.14,-0.27,79.06,79.51
783,000029,深深房Ａ,21.57,5.43,1.11,58844.0,125025338.24,7.14,21.84,20.38,20.46,20.46,0.82,0.66,-1389.23,6.1,21821506200.0,19233106200.0,-0.14,-0.14,-10.31,-1.91
784,603097,江苏华辰,19.79,5.43,1.02,52702.0,102127958.0,7.41,19.9,18.51,18.89,18.77,0.86,2.35,8721.15,4.32,4550430828.0,4446353239.0,0.05,0.1,-1.25,-1.93
785,688221,前沿生物-U,18.05,5.43,0.93,166403.0,297228329.0,5.43,18.24,17.31,17.4,17.12,1.17,4.44,7.43,6.1,6761144687.0,6761144687.0,-0.11,-0.11,-26.02,0.0
786,688609,九联科技,9.34,5.42,0.48,250868.0,230926699.0,6.21,9.39,8.84,8.92,8.86,1.16,5.02,80.76,5.06,4875040067.0,4670000000.0,0.11,0.11,-20.03,-8.52
787,300572,安车检测,19.12,5.4,0.98,67721.0,128414010.79,6.28,19.28,18.14,18.26,18.14,1.23,3.74,-211.4,2.72,4378266085.0,3466033582.0,-0.05,0.0,-44.9,-32.75
788,300820,英杰电气,45.64,5.4,2.34,67835.0,307486929.49,7.71,46.55,43.21,43.81,43.3,1.09,6.07,69.78,4.07,10141396858.0,5101987798.0,-0.37,-0.09,-15.64,-4.02
789,300136,信维通信,59.55,5.4,3.05,588398.0,3448381310.76,7.22,60.3,56.22,57.99,56.5,1.05,7.13,137.33,7.22,57618712393.0,49140674173.0,0.03,0.2,-48.45,-3.87
790,603538,美诺华,26.8,5.39,1.37,531126.0,1412229644.0,4.95,27.09,25.83,25.9,25.43,1.06,15.76,73.09,3.32,9110075438.0,9029454687.0,0.07,0.41,-34.38,96.63
791,301280,珠城科技,37.73,5.39,1.93,22703.0,84938952.34,6.87,38.38,35.92,36.04,35.8,1.02,2.28,32.03,3.71,7225000555.0,3751623918.0,-0.19,-0.11,-21.56,-0.45
792,002897,意华股份,52.44,5.39,2.68,104924.0,542117218.88,6.33,53.01,49.86,50.49,49.76,0.85,5.69,63.12,3.7,10167103698.0,9671145424.0,0.04,0.11,-22.44,-2.11
793,300920,润阳科技,29.2,5.38,1.49,18875.0,54461958.4,5.74,29.37,27.78,28.49,27.71,1.37,2.19,301.13,3.25,3796000000.0,2521388610.0,-0.51,-0.31,-13.89,-17.42
794,301592,六九一二,98.5,5.37,5.02,16369.0,158457691.48,7.12,99.4,92.74,93.48,93.48,1.18,7.01,-127.76,7.39,6895000000.0,2300804764.0,0.07,0.05,-26.38,-19.34
795,300322,硕贝德,17.1,5.36,0.87,215018.0,362967251.54,6.41,17.3,16.26,16.34,16.23,1.1,4.88,188.59,7.73,7866652416.0,7531366047.0,0.0,-0.06,-48.96,-37.34
796,920178,锐翔智能,88.17,5.35,4.48,11068.0,96146095.61,5.5,88.29,83.69,84.85,83.69,0.94,5.75,44.49,6.21,5813759896.0,1697732218.0,-0.02,0.02,199.19,199.19
797,301563,云汉芯城,118.43,5.35,6.01,19525.0,228386153.01,6.0,119.8,113.06,113.5,112.42,1.13,10.2,48.55,8.13,10025209403.0,2266240359.0,0.0,0.25,-12.69,0.79
798,300878,维康药业,30.73,5.35,1.56,36026.0,108409792.3,6.14,30.8,29.01,29.63,29.17,0.85,2.5,638.11,4.88,4449406595.0,4428929260.0,-0.1,0.36,-3.73,20.46
799,300227,光韵达,9.86,5.34,0.5,169869.0,163534107.55,7.26,9.92,9.24,9.38,9.36,1.0,3.72,-51.22,3.68,5874207315.0,4499662558.0,-0.2,0.0,-16.01,7.06
800,300364,中文在线,25.64,5.34,1.3,1035102.0,2609607640.25,7.15,26.08,24.34,24.34,24.34,1.49,15.67,-101.89,73.99,18678743026.0,16933309128.0,0.04,0.08,-17.53,2.07
801,600667,太极实业,17.15,5.34,0.87,3595757.0,5997221603.0,8.91,17.26,15.81,16.52,16.28,0.92,17.19,69.45,4.17,35869948353.0,35869948353.0,0.06,0.29,54.64,116.81
802,688376,美埃科技,61.94,5.34,3.14,31416.0,191440606.0,6.96,62.89,58.8,59.8,58.8,0.75,2.32,66.09,4.32,8377505411.0,8377505411.0,-0.15,-0.18,-17.3,7.4
803,002491,通鼎互联,14.6,5.34,0.74,1347516.0,1943726110.81,5.84,14.79,13.98,14.17,13.86,0.96,11.45,87.56,7.13,17957919700.0,17176445517.0,0.07,0.07,-35.77,143.33
804,603150,万朗磁塑,48.64,5.33,2.46,15842.0,76140677.0,6.5,49.18,46.18,46.18,46.18,1.05,1.85,38.69,2.41,4157893120.0,4157893120.0,-0.37,-0.23,-33.64,28.68
805,688409,富创精密,154.66,5.33,7.82,112095.0,1698240791.0,9.26,157.6,144.0,149.04,146.84,0.94,3.66,204.33,10.48,47358557843.0,47358557843.0,0.07,-0.03,25.84,129.47
806,301282,金禄电子,21.95,5.33,1.11,66238.0,143266464.35,5.18,21.97,20.89,21.1,20.84,0.89,3.75,129.87,2.72,4629998556.0,3875884356.0,0.0,0.0,-28.62,5.94
807,002654,万润科技,12.08,5.32,0.61,514532.0,610270021.17,6.97,12.17,11.37,11.59,11.47,1.02,6.09,-475.37,6.59,10211254732.0,10210529932.0,0.0,0.0,-21.25,-14.02
808,300472,*ST新元,6.74,5.31,0.34,38204.0,25273086.8,8.28,6.9,6.37,6.38,6.4,1.2,1.55,-22.78,80.68,1855243106.0,1657671511.0,-0.15,-0.15,-25.44,-12.47
809,920478,峆一药业,10.31,5.31,0.52,40505.0,41628041.73,8.07,10.73,9.94,9.94,9.79,1.37,6.05,88.16,2.24,1136081376.0,690813209.0,0.49,0.59,-9.96,-21.6
810,002768,国恩股份,53.6,5.3,2.7,215454.0,1120982784.85,10.29,53.87,48.63,50.9,50.9,1.69,8.54,22.8,3.46,23401760000.0,13521043111.0,-0.26,0.06,31.12,50.86
811,300063,天龙集团,9.53,5.3,0.48,1094828.0,1026820650.96,7.18,9.69,9.04,9.04,9.05,1.49,17.47,104.5,4.09,7228763740.0,5970706467.0,-0.1,0.11,-26.12,11.2
812,603595,ST东尼,22.69,5.29,1.14,24808.0,55433019.0,7.66,23.18,21.53,21.82,21.55,1.05,1.07,55.41,3.47,5274116377.0,5274116377.0,-0.04,0.0,19.8,34.18
813,605588,冠石科技,42.07,5.28,2.11,22340.0,93313900.0,8.71,43.5,40.02,40.17,39.96,1.04,3.06,-35.14,3.26,3082699486.0,3075298531.0,-0.07,-0.19,-28.07,-16.68
814,002335,科华数据,30.99,5.26,1.55,262961.0,801070056.06,4.82,31.1,29.68,29.72,29.44,1.19,3.99,74.92,3.66,23379178575.0,20445177795.0,0.0,0.16,-34.63,-18.34
815,001258,立新能源,13.4,5.26,0.67,1504259.0,1934527354.17,9.27,13.48,12.3,12.5,12.73,0.87,16.12,493.14,4.14,12506666676.0,12506536026.0,0.0,0.45,43.01,89.27
816,002888,惠威科技,16.63,5.25,0.83,41655.0,68681921.0,7.47,16.98,15.8,16.0,15.8,1.5,5.56,-266.68,6.81,2455309942.0,1245969823.0,0.06,-0.06,-19.78,-14.54
817,688329,艾隆科技,18.65,5.25,0.93,24713.0,45544754.0,7.22,18.99,17.71,17.71,17.72,1.31,3.2,-15.57,1.96,1439780000.0,1439780000.0,-0.05,0.11,-25.25,-11.36
818,301046,能辉科技,18.23,5.25,0.91,33853.0,61114865.0,6.0,18.44,17.4,17.49,17.32,0.98,2.6,-159.2,2.77,3073350672.0,2373455397.0,-0.33,-0.27,-34.66,-22.09
819,603175,超颖电子,78.01,5.25,3.89,22295.0,171044456.0,6.15,78.66,74.1,75.25,74.12,0.87,4.9,-89.1,12.77,34092657331.0,3547445462.0,-0.04,-0.09,-21.63,14.65
820,688721,龙图光罩,35.97,5.24,1.79,39472.0,139893333.0,6.47,36.27,34.06,34.34,34.18,0.79,7.38,117.52,3.92,4801995000.0,1923838904.0,-0.08,0.33,-22.89,-22.7
821,300726,宏达电子,49.54,5.23,2.46,142004.0,689047690.18,7.84,50.05,46.36,47.17,47.08,0.95,6.62,54.3,4.26,20402545921.0,10623279475.0,-0.08,-0.14,-8.61,-0.74
822,688230,芯导科技,50.95,5.23,2.53,14472.0,72480907.0,6.88,51.25,47.92,48.35,48.42,0.94,1.23,50.0,2.66,5991720000.0,5991720000.0,0.08,-0.02,-31.56,-29.29
823,600714,金瑞矿业,13.91,5.22,0.69,132215.0,182315495.0,4.46,13.98,13.39,13.48,13.22,1.28,4.59,-925.8,5.32,4008531957.0,4008531957.0,0.0,0.14,-43.84,13.46
824,603308,应流股份,45.47,5.21,2.25,225464.0,1004701197.0,6.8,45.58,42.64,43.85,43.22,1.22,3.32,64.24,6.21,30876436648.0,30876436648.0,0.0,0.02,-40.95,9.33
825,000967,盈峰环境,9.09,5.21,0.45,3537678.0,3206815169.2,8.68,9.43,8.68,8.9,8.64,4.28,10.54,35.62,1.67,30535026383.0,30521207138.0,0.33,0.0,-38.16,26.07
826,301020,密封科技,20.42,5.2,1.01,50887.0,102322829.72,7.68,20.53,19.04,19.5,19.41,1.87,3.48,24.92,3.04,2989488000.0,2989488000.0,0.05,0.0,-14.02,-6.84
827,603386,骏亚科技,11.94,5.2,0.59,95116.0,111500196.0,5.46,11.95,11.33,11.44,11.35,1.1,2.91,-47.63,2.98,3896291366.0,3896291366.0,0.0,0.0,-22.16,-22.11
828,301157,华塑科技,55.94,5.19,2.76,9890.0,54134173.2,6.0,55.99,52.8,52.97,53.18,0.96,4.79,85.83,3.04,3356400000.0,1155597612.0,-0.07,0.39,-26.84,7.85
829,301502,华阳智能,48.44,5.19,2.39,9025.0,43180180.0,7.17,48.8,45.5,46.44,46.05,0.84,3.83,75.11,3.36,2765124740.0,1142554280.0,-0.21,0.25,-25.75,9.05
830,688625,呈和科技,51.04,5.19,2.52,36069.0,181343105.0,7.05,51.5,48.08,48.2,48.52,0.75,1.39,36.74,8.35,13253400618.0,13253400618.0,0.16,0.18,-13.27,72.67
831,688525,佰维存储,217.53,5.19,10.73,318887.0,6826315619.0,6.39,219.54,206.33,209.38,206.8,0.73,6.76,8.85,12.16,102579894680.0,102579894680.0,0.0,0.17,-31.05,89.85
832,300290,ST荣科,6.1,5.17,0.3,563785.0,331903660.87,9.66,6.14,5.58,5.7,5.8,0.92,8.82,-54.48,5.3,3902368671.0,3901208908.0,0.16,0.49,-62.76,-77.83
833,002456,欧菲光,7.73,5.17,0.38,1462178.0,1111562690.87,6.94,7.83,7.32,7.36,7.35,1.82,4.41,-27.3,5.16,27023424620.0,25645164035.0,0.0,0.0,-14.11,-27.21
834,603042,华脉科技,12.42,5.17,0.61,131521.0,161254779.0,4.23,12.49,11.99,11.99,11.81,1.35,6.3,-295.8,3.12,2592883557.0,2592883557.0,0.0,0.08,-29.75,-4.75
835,301172,君逸数码,22.38,5.17,1.1,57303.0,126636123.9,5.36,22.52,21.38,21.59,21.28,0.95,4.48,433.68,2.63,3869994338.0,2862709367.0,0.36,0.49,-34.75,1.68
836,688626,翔宇医疗,43.85,5.16,2.15,29083.0,126034443.0,4.58,43.9,41.99,41.99,41.7,0.73,1.82,69.27,3.38,7016000000.0,7016000000.0,0.05,0.41,-30.56,-27.3
837,603156,养元饮品,44.8,5.16,2.2,170565.0,746993067.0,6.55,45.08,42.29,42.68,42.6,1.35,1.35,17.48,6.53,56460434957.0,56460434957.0,-0.44,-0.18,7.67,61.44
838,603499,翔港科技,11.81,5.16,0.58,72006.0,84066608.0,7.12,11.98,11.18,11.2,11.23,1.22,1.7,40.85,5.55,5003095644.0,5003095644.0,0.0,0.08,-28.08,-18.78
839,002185,华天科技,15.53,5.15,0.76,3135976.0,4798516037.32,5.69,15.65,14.81,14.97,14.77,0.82,9.44,148.68,2.89,51612768756.0,51600781786.0,0.06,0.0,5.5,41.83
840,688711,宏微科技,23.09,5.15,1.13,66485.0,151555016.0,5.24,23.25,22.1,22.24,21.96,0.89,3.07,1376.31,4.33,5004815895.0,5004815895.0,-0.04,0.09,-24.69,-27.23
841,301205,联特科技,266.94,5.14,13.04,117316.0,3093142257.65,9.54,272.22,248.0,260.09,253.9,1.05,14.01,2850.2,21.5,34724756430.0,22354946357.0,-0.03,-0.11,-8.52,58.6
842,688727,恒坤新材,39.7,5.14,1.94,40427.0,158531708.0,5.24,39.99,38.01,38.26,37.76,0.73,7.48,174.37,7.05,17837988120.0,2144921327.0,0.08,0.08,-30.72,-16.89
843,002213,大为股份,26.24,5.13,1.28,133276.0,345880318.92,4.97,26.4,25.16,25.46,24.96,0.94,6.45,99.73,11.3,6233753094.0,5424277670.0,0.04,0.08,-41.83,1.0
844,688217,睿昂基因,22.74,5.13,1.11,15293.0,34485468.0,7.54,23.2,21.57,21.79,21.63,1.57,2.74,-63.72,1.51,1270163075.0,1270163075.0,0.8,1.61,-25.64,-13.7
845,301349,信德新材,38.7,5.13,1.89,49245.0,187757786.48,6.82,39.02,36.51,37.11,36.81,0.94,4.38,44.03,2.02,5514691176.0,4354375431.0,-0.33,-0.05,-15.74,16.01
846,300607,拓斯达,31.8,5.12,1.55,363873.0,1133568001.74,7.27,32.0,29.8,30.86,30.25,1.06,10.78,78.86,5.22,15167722702.0,10732479648.0,0.03,0.13,0.89,-3.37
847,001226,拓山重工,41.1,5.12,2.0,8745.0,35405555.0,5.35,41.18,39.09,39.09,39.1,1.15,2.58,72.97,4.13,3068801370.0,1394375040.0,0.02,0.02,-17.72,-7.01
848,688292,浩瀚深度,17.25,5.12,0.84,37985.0,64882488.0,5.0,17.39,16.57,16.58,16.41,1.16,2.4,-24.47,2.83,2731553905.0,2731553905.0,-0.23,-0.23,-29.82,-40.39
849,603211,晋拓股份,24.25,5.11,1.18,143532.0,334405501.0,7.85,24.25,22.44,23.1,23.07,1.14,5.28,145.46,5.35,6591344000.0,6591344000.0,0.0,0.29,-13.39,7.92
850,688549,中巨芯-U,19.34,5.11,0.94,732433.0,1392786545.0,8.21,19.56,18.05,18.55,18.4,0.8,12.43,1120.11,9.49,28570517840.0,11397429460.0,0.05,-0.05,46.63,112.06
851,301037,保立佳,12.75,5.11,0.62,35825.0,45070807.24,7.5,12.95,12.04,12.32,12.13,1.82,5.27,-17.04,3.25,1772653997.0,866971759.0,-0.31,-0.31,-27.06,-11.46
852,688296,和达科技,15.66,5.1,0.76,31655.0,48629082.0,4.77,15.71,15.0,15.09,14.9,0.99,2.95,-33.17,2.95,1681776886.0,1681776886.0,-0.13,-0.06,-4.34,18.19
853,300842,帝科股份,53.6,5.1,2.6,42265.0,223528071.96,6.82,54.19,50.71,51.55,51.0,0.9,3.27,134.24,4.85,7786994225.0,6920909184.0,0.0,0.24,-45.22,-9.57
854,600602,云赛智联,18.55,5.1,0.9,619262.0,1135178650.0,3.91,18.63,17.94,18.0,17.65,1.43,5.76,142.37,5.22,25370342590.0,19928320465.0,0.11,0.22,-19.87,-0.54
855,600141,兴发集团,30.35,5.09,1.47,434292.0,1299547862.0,7.13,30.86,28.8,29.0,28.88,1.44,3.61,35.53,1.49,36472804660.0,36472804660.0,-0.1,0.03,-7.27,-10.94
856,600539,狮头股份,14.05,5.09,0.68,235699.0,325872171.0,9.27,14.24,13.0,13.38,13.37,0.82,10.25,1535.1,10.75,3231500000.0,3231500000.0,0.0,-0.07,-26.94,38.02
857,301041,金百泽,22.69,5.09,1.1,58021.0,129559256.4,6.02,22.81,21.51,21.88,21.59,1.34,7.35,-3381.46,3.59,2420569200.0,1791857980.0,-0.13,-0.44,-28.74,-16.43
858,301308,江波龙,336.05,5.08,16.25,184630.0,6108860148.11,6.72,338.5,317.01,323.11,319.8,0.8,6.55,9.2,11.94,142169651402.0,94716328307.0,0.02,0.16,-39.52,37.81
859,300792,壹网壹创,25.5,5.07,1.23,138918.0,350904209.2,5.48,25.75,24.42,24.68,24.27,1.56,6.51,48.27,2.06,6060387579.0,5437956626.0,0.0,0.12,-31.41,-9.48
860,688432,有研硅,28.03,5.06,1.35,499446.0,1377150403.0,8.81,28.51,26.16,26.91,26.68,0.78,3.99,174.61,7.89,35045961080.0,35045961080.0,0.0,0.04,47.53,126.78
861,002272,川润股份,13.9,5.06,0.67,294788.0,405589095.85,5.9,13.98,13.2,13.42,13.23,0.89,7.22,-54.57,4.62,6739794470.0,5673050062.0,-0.14,-0.07,-29.19,-14.98
862,300418,昆仑万维,43.7,5.05,2.1,986978.0,4252835237.01,5.14,43.98,41.84,42.55,41.6,1.11,8.4,-15.83,4.38,56156017046.0,51361656484.0,0.23,0.25,-19.27,4.8
863,300921,南凌科技,14.99,5.05,0.72,138429.0,205453114.97,5.19,15.09,14.35,14.35,14.27,1.54,8.55,80.9,4.74,3848614161.0,2426654816.0,-0.13,0.33,-26.05,-8.43
864,002857,三晖电气,16.68,5.04,0.8,32123.0,52746743.2,5.42,16.78,15.92,16.08,15.88,1.01,2.5,-22.04,4.67,2178975120.0,2144800302.0,-0.24,0.06,-27.6,-19.58
865,002175,*ST东智,2.5,5.04,0.12,315587.0,77157938.28,9.24,2.57,2.35,2.38,2.38,1.58,2.47,-378.28,4.12,3191951818.0,3191951818.0,0.0,0.0,-3.47,-43.57
866,301286,侨源股份,38.34,5.04,1.84,14407.0,54506219.0,6.52,38.88,36.5,36.89,36.5,0.77,0.89,62.89,8.31,15339834000.0,6183768424.0,-0.03,-0.08,-35.41,-8.37
867,601678,滨化股份,6.46,5.04,0.31,1543763.0,984353201.0,6.18,6.49,6.11,6.14,6.15,0.66,7.56,26.57,1.34,15561896303.0,13199952343.0,-0.15,0.0,28.43,53.81
868,688786,悦安新材,25.24,5.04,1.21,51741.0,128949179.0,6.45,25.52,23.97,24.14,24.03,0.95,3.0,56.71,5.68,4355414501.0,4355414501.0,0.04,0.16,-8.72,8.14
869,002747,埃斯顿,32.3,5.04,1.55,875533.0,2756962026.39,7.67,32.39,30.03,30.86,30.75,1.07,11.19,79.88,9.65,31259890032.0,25271669484.0,0.03,0.0,33.31,36.29
870,301161,唯万密封,25.74,5.02,1.23,51123.0,129564718.75,6.24,25.91,24.38,24.51,24.51,1.15,6.62,26.38,3.28,3088800000.0,1987065581.0,0.04,0.04,-23.55,-31.71
871,920161,龙辰科技,23.23,5.02,1.11,22543.0,51568941.0,5.65,23.37,22.12,22.33,22.12,0.81,6.11,29.46,3.12,3159139249.0,857160053.0,-0.04,0.3,152.23,152.23
872,688229,博睿数据,69.33,5.01,3.31,10833.0,74198782.0,5.5,70.0,66.37,66.42,66.02,1.29,2.44,-66.12,8.42,3078252000.0,3078252000.0,-0.06,-0.07,-31.63,10.61
873,605098,行动教育,60.1,5.01,2.87,28560.0,169686316.0,6.78,60.88,57.0,57.0,57.23,2.26,2.39,45.86,7.91,7166991110.0,7166991110.0,0.13,0.02,-0.63,47.45
874,603268,松发股份,157.15,5.01,7.5,81362.0,1256281960.0,5.79,157.96,149.3,149.65,149.65,1.07,3.49,36.6,9.16,160091367278.0,36655204813.0,-0.04,0.42,-2.69,88.47
875,688781,视涯科技-UW,37.65,4.99,1.79,28861.0,109271795.0,5.88,38.51,36.4,36.4,35.86,1.21,7.07,-206.79,9.28,37650000000.0,1537441402.0,0.0,-0.13,-17.94,66.01
876,002046,国机精工,43.57,4.99,2.07,106760.0,459271897.56,6.58,43.89,41.16,41.64,41.5,0.8,2.01,-643.17,5.49,23361835509.0,23099854545.0,0.02,0.07,-25.28,1.37
877,300467,迅游科技,33.08,4.98,1.57,38516.0,125925780.29,5.52,33.39,31.65,31.65,31.51,1.05,2.26,276.59,10.35,6722017993.0,5630938103.0,0.0,0.0,-21.5,15.26
878,688767,博拓生物,38.17,4.98,1.81,31425.0,118032228.0,4.46,38.17,36.55,36.8,36.36,0.8,2.1,-139.6,2.53,5700053359.0,5700053359.0,0.08,0.18,-10.65,2.94
879,002774,快意电梯,14.76,4.98,0.7,120458.0,173817830.46,7.89,14.9,13.79,14.34,14.06,0.71,4.28,-628.51,4.46,4969513404.0,4158898411.0,-0.34,0.14,17.99,64.37
880,300679,电连技术,38.84,4.97,1.84,151440.0,580768926.02,5.32,39.12,37.15,37.2,37.0,0.84,4.21,47.34,3.36,16500008800.0,13960701840.0,0.0,0.03,-24.82,-19.82
881,688702,盛科通信-U,338.0,4.97,16.0,94821.0,3145604538.0,7.73,342.98,318.1,323.22,322.0,0.8,4.67,-2034.39,62.09,138580000000.0,68611222654.0,0.04,-0.16,5.62,138.55
882,301363,美好医疗,16.71,4.96,0.79,141143.0,233719228.23,5.46,16.87,16.0,16.02,15.92,0.73,2.7,58.66,3.62,13300605763.0,8723127015.0,0.0,0.0,-28.1,-1.99
883,920065,千岸科技,41.25,4.96,1.95,53183.0,217256220.55,7.12,42.48,39.68,40.5,39.3,0.58,33.77,17.91,3.35,3722812500.0,649687500.0,0.0,-0.12,69.75,69.75
884,688019,安集科技,227.66,4.96,10.75,94598.0,2123958594.0,7.1,231.99,216.58,224.04,216.91,0.93,4.14,62.59,11.55,51987650579.0,51987650579.0,-0.06,-0.01,9.74,36.12
885,688361,中科飞测,317.98,4.95,15.01,108258.0,3400067416.0,9.32,325.57,297.33,304.49,302.97,0.76,3.08,-411.79,21.82,111945390345.0,111945390345.0,0.0,-0.01,64.12,107.84
886,603322,超讯科技,26.35,4.94,1.24,67798.0,177220724.0,4.98,26.63,25.38,25.38,25.11,1.3,4.3,24.92,15.78,4152412075.0,4152412075.0,0.0,0.0,-27.59,-31.31
887,002197,证通电子,7.22,4.94,0.34,751981.0,538287173.0,5.09,7.26,6.91,6.91,6.88,1.02,14.08,620.1,2.52,4435700340.0,3855480087.0,0.0,0.14,-15.16,-28.66
888,688311,盟升电子,23.17,4.94,1.09,68566.0,156930901.0,8.61,23.9,22.0,22.07,22.08,1.74,3.92,-66.38,2.25,4057228981.0,4057228981.0,0.04,0.13,-38.06,-49.19
889,920526,凯华材料,19.17,4.93,0.9,18064.0,34169052.47,4.43,19.18,18.37,18.42,18.27,1.2,3.45,86.85,7.04,1585359000.0,1003884707.0,0.0,-0.05,-27.74,-18.15
890,600857,宁波中百,16.82,4.93,0.79,66112.0,108263348.0,9.86,17.31,15.73,16.2,16.03,0.87,2.95,49.52,4.32,3773061038.0,3773061038.0,-0.3,-0.18,29.19,23.04
891,300766,每日互动,24.28,4.93,1.14,400086.0,960624277.27,4.93,24.39,23.25,23.44,23.14,1.1,11.18,-148.9,6.12,9584524100.0,8690708248.0,0.12,0.04,-23.46,-25.91
892,688235,百济神州,261.96,4.93,12.31,52973.0,1386234057.0,5.98,266.52,251.6,251.6,249.65,1.33,4.6,62.79,12.22,403790149532.0,30139875910.0,0.05,-0.05,-0.05,-2.47
893,600360,华微电子,9.58,4.93,0.45,597466.0,564590958.0,4.82,9.62,9.18,9.23,9.13,0.92,6.22,39.72,2.63,9199629012.0,9199629012.0,0.0,0.1,-16.62,20.65
894,002879,长缆科技,18.76,4.92,0.88,437496.0,815313685.34,5.48,19.03,18.05,18.66,17.88,1.14,31.9,668.38,2.15,3622699326.0,2572728034.0,0.0,0.11,2.18,3.76
895,300528,幸福蓝海,13.86,4.92,0.65,206407.0,282371073.0,6.66,13.97,13.09,13.39,13.21,1.03,5.54,-308.47,13.46,5164347628.0,5164347628.0,-0.07,0.0,-11.72,-33.33
896,603255,鼎际得,26.51,4.91,1.24,18263.0,47789452.0,7.36,27.05,25.19,25.32,25.27,0.95,3.01,79.8,2.26,3568025092.0,1608500824.0,0.0,0.0,-19.15,-9.49
897,300929,华骐环保,13.68,4.91,0.64,56062.0,75612815.92,4.75,13.68,13.06,13.2,13.04,0.77,4.47,-149.7,2.35,1807578838.0,1714929602.0,0.37,0.44,-5.2,27.26
898,300478,杭州高新,26.52,4.91,1.24,64912.0,171950379.19,5.93,27.1,25.6,25.78,25.28,0.91,5.12,-91.27,107.06,3359367960.0,3359367960.0,-0.34,0.15,-24.03,-17.89
899,300359,全通教育,4.5,4.9,0.21,636859.0,282732134.8,11.66,4.73,4.23,4.33,4.29,1.18,10.06,-35.05,5.56,2850000399.0,2849857637.0,0.0,0.0,-10.18,-16.04
900,003041,真爱美家,41.8,4.89,1.95,35318.0,144822402.6,5.85,42.08,39.75,40.21,39.85,1.09,2.58,320.95,4.09,6019200000.0,5719218120.0,0.0,0.26,-40.01,-23.06
901,300617,安靠智电,43.58,4.89,2.03,64037.0,275634860.0,5.92,43.93,41.47,41.69,41.55,1.39,4.61,36.91,2.39,7221539997.0,6054295892.0,0.0,-0.02,-32.38,36.61
902,605389,长龄液压,72.88,4.89,3.4,11850.0,84930939.0,6.39,73.58,69.14,70.87,69.48,1.11,0.67,90.54,6.53,13651385360.0,12910457909.0,0.36,0.55,-17.58,22.18
903,603272,*ST联翔,17.16,4.89,0.8,72439.0,124215005.0,10.39,18.0,16.3,16.58,16.36,1.37,6.99,-79.71,3.3,1778239320.0,1778239320.0,0.18,0.47,-37.4,-14.67
904,688256,寒武纪,1078.21,4.88,50.21,176299.0,18603024973.0,7.67,1097.87,1019.0,1041.0,1028.0,1.13,2.81,167.15,55.35,677431762105.0,677431762105.0,-0.15,0.14,-10.15,18.65
905,300687,赛意信息,24.93,4.88,1.16,189132.0,468105204.16,4.92,25.33,24.16,24.19,23.77,0.97,5.63,80.63,3.8,10181701437.0,8373090492.0,-0.4,0.04,-17.45,8.53
906,301198,喜悦智行,11.62,4.87,0.54,48538.0,56147035.36,6.41,11.79,11.08,11.14,11.08,0.98,2.99,-4102.1,2.17,1963780000.0,1885660832.0,-0.09,0.26,-36.54,-7.48
907,300537,广信材料,18.08,4.87,0.84,95822.0,170473604.06,5.1,18.12,17.24,17.29,17.24,0.87,6.31,124.92,4.13,3746345120.0,2743859365.0,0.06,0.22,-30.0,-17.18
908,301595,太力科技,39.02,4.86,1.81,10491.0,40338874.59,5.62,39.07,36.98,37.25,37.21,1.05,2.57,96.48,4.76,4225085600.0,1593284150.0,-0.03,0.0,-23.26,-20.04
909,688797,臻宝科技,300.99,4.86,13.95,45820.0,1355991175.0,7.25,305.41,284.6,290.01,287.04,0.87,15.7,229.01,16.3,46740826193.0,8786710171.0,0.08,0.1,575.47,575.47
910,002273,水晶光电,25.91,4.86,1.2,493814.0,1265793386.62,5.42,26.19,24.85,24.96,24.71,0.91,3.63,36.52,3.63,36031280846.0,35291450800.0,0.08,0.15,-30.98,3.97
911,300609,汇纳科技,25.04,4.86,1.16,45620.0,112855339.0,4.98,25.28,24.09,24.09,23.88,1.14,3.8,-37.18,3.28,3007664250.0,3003027343.0,-0.08,0.16,-41.47,-35.08
912,300821,东岳硅材,15.12,4.85,0.7,631694.0,941257720.51,5.89,15.2,14.35,14.51,14.42,0.99,5.27,23.38,3.56,18144000000.0,18140836140.0,0.07,0.33,-0.72,29.9
913,603189,*ST网达,9.32,4.84,0.43,30152.0,27777397.0,3.94,9.39,9.04,9.05,8.89,0.97,1.12,-124.42,1.73,2512190613.0,2512190613.0,0.22,0.22,-27.19,-50.77
914,301360,荣旗科技,48.08,4.84,2.22,33395.0,158549731.23,5.39,48.2,45.73,46.13,45.86,1.29,9.81,-1522.38,2.82,3355289725.0,1637340745.0,0.0,0.27,-26.87,-11.41
915,688385,复旦微电,50.74,4.83,2.34,138656.0,696018924.0,5.93,51.29,48.42,48.96,48.4,0.87,2.57,70.45,6.7,41795514745.0,27368610545.0,-0.06,-0.02,-32.05,-31.1
916,688173,希荻微,12.83,4.82,0.59,98229.0,124715139.0,5.56,12.95,12.27,12.4,12.24,0.96,2.39,-174.33,3.73,5327663864.0,5277706641.0,0.08,0.23,-31.43,-12.72
917,688110,东芯股份,101.78,4.82,4.68,198716.0,1998527293.0,7.11,103.0,96.1,98.56,97.1,0.89,4.49,81.4,12.53,45025170856.0,45025170856.0,0.04,0.02,-38.43,-22.51
918,301067,显盈科技,25.72,4.81,1.18,40420.0,101066067.2,6.56,25.85,24.24,24.62,24.54,1.04,6.33,-100.02,3.25,2500909920.0,1641679308.0,-0.5,0.19,-22.25,-21.49
919,603155,新亚强,12.63,4.81,0.58,109321.0,136681449.0,4.48,12.7,12.16,12.25,12.05,0.84,2.39,40.03,2.71,5783161562.0,5783161562.0,-0.16,0.32,0.24,9.16
920,003013,地铁设计,18.11,4.8,0.83,114350.0,204838026.33,7.18,18.3,17.06,17.28,17.28,1.48,2.84,29.67,2.59,8344323776.0,7288847532.0,0.0,0.44,34.35,30.66
921,688598,金博股份,26.2,4.8,1.2,101978.0,264010936.0,6.48,26.5,24.88,25.04,25.0,0.93,5.01,-17.29,1.41,5438415639.0,5333681139.0,-0.11,-0.08,-7.88,-10.76
922,300533,冰川网络,15.52,4.79,0.71,149559.0,229168790.91,6.28,15.64,14.71,14.89,14.81,1.14,6.48,-130.45,3.96,5094389684.0,3584548072.0,-0.13,-0.26,-20.98,-35.57
923,002848,高斯贝尔,12.93,4.78,0.59,61502.0,77875880.0,5.92,12.97,12.24,12.46,12.34,1.28,3.72,-206.16,30.77,2161249500.0,2138891733.0,0.0,0.23,-21.01,43.99
924,603730,岱美股份,9.87,4.78,0.45,125453.0,122065496.0,6.37,9.95,9.35,9.37,9.42,0.6,0.58,28.44,4.78,21206619631.0,21206619631.0,-0.1,0.1,-11.24,15.98
925,688301,奕瑞科技,86.72,4.78,3.96,73373.0,628108136.0,7.6,87.9,81.61,83.5,82.76,1.13,2.34,38.01,3.66,27178862734.0,27178862734.0,-0.09,0.1,6.92,21.25
926,300304,云意电气,10.98,4.77,0.5,250827.0,271378871.74,5.82,11.12,10.51,10.59,10.48,1.18,2.94,34.27,2.87,9642018024.0,9382580563.0,0.0,0.27,-15.93,-5.26
927,688130,晶华微,19.55,4.77,0.89,23634.0,45630178.0,5.14,19.66,18.7,18.93,18.66,1.15,3.92,-133.97,1.91,2363420888.0,1178573588.0,0.05,-0.2,-29.93,-6.64
928,603270,金帝股份,24.84,4.77,1.13,49554.0,121057048.0,5.99,25.1,23.68,23.97,23.71,1.67,7.01,32.52,2.4,5442609608.0,1756602008.0,0.04,0.08,-12.99,-7.69
929,688291,金橙子,39.86,4.76,1.81,22730.0,89058340.0,4.78,39.88,38.06,38.55,38.05,1.01,2.21,19.31,4.08,4092294662.0,4092294662.0,0.03,0.35,-18.47,-6.48
930,300900,广联航空,23.34,4.76,1.06,191392.0,440863889.55,5.88,23.41,22.1,22.73,22.28,1.2,7.45,181.5,3.95,7648992596.0,5993360943.0,0.0,0.21,-52.56,-40.26
931,300669,沪宁股份,21.63,4.75,0.98,20078.0,43486450.0,8.23,22.35,20.65,20.71,20.65,1.79,1.1,498.84,4.82,4168220527.0,3947473637.0,0.0,0.23,-36.1,-17.51
932,300895,铜牛信息,54.68,4.75,2.48,117981.0,636289467.48,9.62,56.62,51.6,52.5,52.2,1.61,8.54,-128.19,10.29,7698979925.0,7555258849.0,0.04,0.11,-22.98,23.85
933,603171,税友股份,48.27,4.75,2.19,181037.0,866942931.0,6.75,49.0,45.89,45.89,46.08,1.36,4.46,156.78,7.86,19614273150.0,19592310300.0,-0.06,0.15,-21.88,-12.12
934,002815,崇达技术,11.91,4.75,0.54,331740.0,390309808.12,4.66,11.96,11.43,11.49,11.37,0.89,4.27,113.35,1.68,14698742269.0,9255761387.0,0.08,0.0,-25.79,-11.97
935,301181,标榜股份,21.64,4.74,0.98,23509.0,50419868.2,7.12,22.06,20.59,20.67,20.66,1.31,2.01,31.6,2.27,3250398633.0,2536978146.0,0.0,0.28,-41.94,-35.6
936,600498,烽火通信,34.46,4.74,1.56,773384.0,2645560076.0,5.56,34.93,33.1,33.3,32.9,1.18,6.08,304.76,2.68,46802451430.0,43820075374.0,0.03,-0.09,-41.1,7.75
937,002217,ST合力泰,1.55,4.73,0.07,2604367.0,404860416.62,10.14,1.62,1.47,1.48,1.48,1.82,3.58,3501.9,6.19,11593068338.0,11282949706.0,0.65,0.0,-56.58,-49.18
938,603985,恒润股份,16.24,4.71,0.73,161231.0,259847566.0,5.22,16.46,15.65,15.65,15.51,0.96,3.66,27.48,2.16,7159533969.0,7159533969.0,0.0,0.12,-41.52,6.98
939,301678,新恒汇,43.38,4.71,1.95,36004.0,154319113.9,5.74,43.78,41.4,42.01,41.43,1.04,2.59,153.63,5.77,10391916158.0,6028560548.0,0.02,0.05,-30.56,-31.92
940,603196,璞源材料,19.8,4.71,0.89,23576.0,45909496.0,5.34,19.96,18.95,19.08,18.91,1.25,0.99,87.55,4.16,8290011312.0,4692367984.0,-0.15,0.1,-31.87,-22.44
941,920186,中科仪,70.47,4.71,3.17,58911.0,410587513.29,6.15,71.44,67.3,68.0,67.3,0.87,5.03,22.98,4.61,15773941377.0,8250327609.0,0.01,0.04,-35.93,334.73
942,603020,爱普股份,9.83,4.69,0.44,63813.0,61822279.0,5.75,9.94,9.4,9.44,9.39,0.98,1.7,27.53,1.13,3692519318.0,3692519318.0,0.2,0.0,-16.91,-2.09
943,002575,群兴玩具,5.37,4.68,0.24,535681.0,285186556.52,4.68,5.44,5.2,5.2,5.13,1.28,9.17,-929.56,3.93,3310605000.0,3137827935.0,0.0,0.0,-23.72,-13.11
944,301252,同星科技,29.99,4.68,1.34,32577.0,96993667.8,5.65,30.28,28.66,28.66,28.65,0.9,2.4,57.52,3.81,5075070946.0,4069854130.0,-0.3,0.0,-32.92,-7.41
945,603316,诚邦股份,12.75,4.68,0.57,145802.0,183244433.0,4.6,12.82,12.26,12.31,12.18,1.12,5.52,36.63,5.74,3442487250.0,3369366000.0,-0.16,0.08,-33.63,-12.07
946,301362,民爆光电,115.0,4.67,5.13,50363.0,575313410.37,9.37,118.12,107.83,110.12,109.87,1.1,12.3,189.59,6.99,16783637740.0,4708637740.0,0.26,0.24,-5.99,299.31
947,688802,沐曦股份-U,696.04,4.67,31.04,11539.0,793448553.0,5.52,704.56,667.87,675.0,665.0,0.72,6.23,-704.37,21.26,278485604000.0,12896643264.0,0.01,0.05,-11.61,19.99
948,300225,金力泰,6.73,4.67,0.3,140785.0,93293115.6,6.38,6.81,6.4,6.48,6.43,1.13,2.98,55.61,3.65,3199641141.0,3176868840.0,0.15,0.15,2.12,18.49
949,603045,福达合金,48.69,4.66,2.17,51283.0,245755534.0,5.18,48.93,46.52,47.29,46.52,0.71,3.79,9.11,5.35,6594824597.0,6594824597.0,0.02,0.16,-28.61,149.69
950,603920,世运电路,33.06,4.65,1.47,246132.0,806372110.0,5.41,33.38,31.67,32.0,31.59,0.85,3.42,162.58,3.78,23822782000.0,23822782000.0,0.06,0.06,-47.42,-31.28
951,002713,东易日盛,9.67,4.65,0.43,239827.0,229010009.82,6.06,9.86,9.3,9.39,9.24,1.17,4.56,-135.11,10.59,9200088129.0,5091263036.0,0.0,0.1,-22.02,7.68
952,300991,创益通,25.65,4.65,1.14,29953.0,76053796.6,5.63,25.96,24.58,25.11,24.51,1.05,3.25,-143.62,5.89,3693600000.0,2363442300.0,-0.16,0.27,-45.81,-39.19
953,600545,卓郎智能,4.05,4.65,0.18,784213.0,312948175.0,5.94,4.07,3.84,3.88,3.87,0.9,4.39,-60.16,2.76,7241044499.0,7241044499.0,0.0,0.25,-33.17,58.2
954,603201,常润股份,16.0,4.64,0.71,67688.0,104950385.0,5.69,16.06,15.19,15.29,15.29,1.23,3.59,23.04,1.75,3039675552.0,3013675872.0,-0.06,0.0,0.88,-3.56
955,603928,兴业股份,10.85,4.63,0.48,255586.0,273240410.0,5.69,10.89,10.3,10.4,10.37,0.78,7.5,29.05,2.34,3696638400.0,3696638400.0,0.0,0.09,-12.64,-11.43
956,002771,真视通,12.89,4.63,0.57,79097.0,100704339.0,4.06,12.93,12.43,12.44,12.32,1.05,4.53,-51.06,4.57,2703859249.0,2249493903.0,-0.15,0.08,-15.36,-14.81
957,920790,联迪信息,23.49,4.63,1.04,42877.0,99321468.08,4.77,23.5,22.43,22.99,22.45,0.89,7.89,-282.21,6.14,1854935300.0,1276797963.0,0.51,0.26,-8.42,-28.6
958,301015,百洋医药,23.6,4.61,1.04,77518.0,181440734.04,6.21,24.0,22.6,22.6,22.56,1.51,1.47,25.02,5.67,12404728217.0,12403135217.0,-0.08,0.08,-0.76,2.48
959,300710,万隆光电,27.43,4.61,1.21,29118.0,79064796.95,6.14,27.71,26.1,26.33,26.22,1.32,3.9,-74.91,6.3,2729018929.0,2045729757.0,0.0,0.0,-18.19,-11.94
960,301548,崇德科技,61.93,4.61,2.73,25777.0,157248986.55,5.35,62.0,58.83,59.84,59.2,1.25,9.83,34.46,3.48,5387910000.0,1624732435.0,0.02,0.16,-28.58,12.78
961,688106,金宏气体,26.58,4.6,1.17,204275.0,535543270.0,5.82,26.86,25.38,25.6,25.41,0.71,3.82,730.66,3.66,14230530323.0,14230530323.0,-0.04,0.15,-18.32,37.44
962,688605,先锋精科,67.2,4.59,2.95,70361.0,468321530.0,3.78,67.51,65.08,66.1,64.25,0.98,6.49,137.25,8.24,13599926323.0,7281236256.0,0.04,0.24,-3.27,4.74
963,300747,锐科激光,33.94,4.59,1.49,215966.0,728532401.46,5.58,34.37,32.56,32.93,32.45,1.09,4.14,60.16,5.39,19060704000.0,17715930605.0,0.0,0.03,-11.18,25.89
964,688327,云从科技-UW,11.4,4.59,0.5,263735.0,298868544.0,5.05,11.57,11.02,11.02,10.9,1.12,3.16,-227.71,15.56,11855718751.0,9517493479.0,-0.18,-0.35,-20.72,-20.67
965,603007,顺景科技,4.81,4.57,0.21,449375.0,216237736.0,8.7,4.99,4.59,4.61,4.6,2.11,6.47,-174.77,18.15,4254185746.0,3343378229.0,0.0,0.0,-30.79,-20.36
966,603726,朗迪集团,22.41,4.57,0.98,58276.0,128415551.0,4.57,22.49,21.51,21.51,21.43,0.56,3.16,11.89,2.98,4158383913.0,4137206463.0,0.0,0.18,-14.17,-5.24
967,300605,恒锋信息,11.21,4.57,0.49,331359.0,366707549.81,8.86,11.47,10.52,10.74,10.72,1.3,26.22,-33.54,4.24,1851265641.0,1416752870.0,0.09,0.09,-16.53,-28.37
968,300786,国林科技,14.43,4.57,0.63,99496.0,141582867.61,4.71,14.45,13.8,13.91,13.8,0.62,6.8,137.42,2.37,2655349134.0,2112468580.0,0.0,0.21,-14.82,-11.42
969,600345,长江通信,43.22,4.57,1.89,84188.0,360417010.0,5.15,43.66,41.53,41.71,41.33,1.0,3.98,198.49,3.78,14245836345.0,9143592816.0,0.0,0.14,-25.3,25.09
970,688686,奥普特,107.26,4.57,4.69,14824.0,156998423.0,5.23,108.36,103.0,103.48,102.57,0.71,1.21,51.31,4.28,13110974903.0,13110974903.0,0.0,-0.21,-13.13,-13.22
971,300753,爱朋医疗,23.63,4.56,1.03,180381.0,422054072.15,5.84,23.87,22.55,22.86,22.6,0.68,20.52,-169.59,4.49,2978514240.0,2076936071.0,-0.08,0.17,-18.26,-14.85
972,000636,风华高科,54.33,4.56,2.37,2003215.0,10422946836.64,14.65,55.69,48.08,50.02,51.96,0.96,17.31,177.45,5.08,62860527754.0,62860503305.0,-0.02,-0.26,91.57,235.78
973,300736,百邦科技,27.49,4.56,1.2,42519.0,113947330.0,8.86,27.93,25.6,26.76,26.29,0.86,3.41,-186.9,53.44,3516914567.0,3428208818.0,-0.22,0.22,-31.55,77.24
974,002757,南兴股份,17.42,4.56,0.76,284013.0,491565732.1,3.96,17.58,16.92,17.0,16.66,1.48,10.07,29.63,2.57,5146842004.0,4913367110.0,-0.06,0.23,-43.97,-9.6
975,301633,港迪技术,58.9,4.56,2.57,17651.0,103353875.61,7.62,59.99,55.7,57.47,56.33,1.13,6.92,-68.56,3.63,3279552000.0,1502576814.0,0.03,0.15,-7.38,-15.15
976,301293,三博脑科,55.86,4.55,2.43,138624.0,766822695.19,4.29,56.1,53.81,53.82,53.43,0.74,6.73,191.34,4.88,11506433094.0,11506433094.0,0.0,-0.04,-20.71,-5.29
977,300863,卡倍亿,34.75,4.54,1.51,65132.0,222452888.96,5.35,34.88,33.1,33.35,33.24,0.88,2.59,22.57,6.26,9083865172.0,8726430773.0,0.32,0.75,-28.62,-3.85
978,688367,工大高科,29.69,4.54,1.29,17178.0,50519821.0,6.94,30.0,28.03,28.45,28.4,0.94,1.96,2148.77,4.44,2601574374.0,2601574374.0,0.13,0.1,-28.09,-3.76
979,002534,西子洁能,14.75,4.54,0.64,234784.0,340011954.69,7.37,14.96,13.92,14.28,14.11,0.98,2.84,51.23,2.21,12330043861.0,12174100518.0,-0.07,0.2,-16.9,-11.52
980,688395,正弦电气,21.91,4.53,0.95,16955.0,36724646.0,6.01,22.18,20.92,21.05,20.96,1.39,1.96,39.57,2.44,1897356045.0,1897356045.0,0.55,0.0,-31.96,-9.24
981,300697,电工合金,13.85,4.53,0.6,99564.0,135598047.38,5.13,13.96,13.28,13.34,13.25,1.03,3.01,24.01,4.82,5992064000.0,4587674000.0,0.0,0.07,-19.34,-16.67
982,000889,中嘉博创,3.92,4.53,0.17,679626.0,265463770.36,6.4,4.05,3.81,3.81,3.75,1.13,7.81,-208.65,52.85,3670261175.0,3409792972.0,0.0,0.26,-25.48,8.89
983,002396,星网锐捷,26.09,4.53,1.13,747948.0,1894088458.34,5.97,26.09,24.6,25.36,24.96,0.74,9.88,133.25,2.89,19842863565.0,19760960116.0,0.58,0.66,7.37,12.75
984,002993,奥海科技,35.4,4.52,1.53,66816.0,232964703.16,4.93,35.57,33.9,34.2,33.87,0.89,2.8,52.37,2.09,9771816000.0,8441021428.0,-0.17,0.03,-32.07,-17.9
985,603011,合锻智能,19.44,4.52,0.84,1002081.0,1912158215.0,6.77,19.86,18.6,19.85,18.6,2.64,20.27,-83.77,5.16,9611416655.0,9611416655.0,0.31,0.47,-12.59,-18.01
986,600162,香江控股,3.24,4.52,0.14,2172998.0,691013633.0,7.42,3.28,3.05,3.05,3.1,1.16,6.65,-120.28,1.85,10589739515.0,10589739515.0,0.0,0.0,67.01,75.14
987,300434,金石亚药,10.4,4.52,0.45,204746.0,212296745.6,5.23,10.53,10.01,10.01,9.95,1.41,5.98,9.0,1.59,4178136269.0,3557997154.0,-0.1,0.1,-12.31,1.96
988,002126,银轮股份,39.6,4.51,1.71,194200.0,763173085.57,7.21,40.23,37.5,38.32,37.89,0.89,2.44,39.17,4.54,33534121223.0,31487841238.0,0.33,0.1,-15.89,5.1
989,301100,风光股份,15.75,4.51,0.68,35117.0,54634155.06,4.45,15.8,15.13,15.37,15.07,1.04,3.96,-75.26,1.58,3169325250.0,1397450250.0,0.9,0.96,-16.71,-26.09
990,603039,泛微网络,41.48,4.51,1.79,573841.0,2329803320.0,8.94,42.42,38.87,40.76,39.69,2.25,18.65,51.35,4.85,12760871776.0,12760871776.0,0.56,0.53,0.41,-6.89
991,688678,福立旺,16.22,4.51,0.7,166391.0,270284613.0,8.83,16.78,15.41,15.62,15.52,1.06,4.13,35.91,2.83,6538387446.0,6538387446.0,0.0,0.25,-37.03,-5.7
992,920199,倍益康,27.56,4.51,1.19,33620.0,92098695.68,7.58,28.37,26.37,26.62,26.37,0.75,8.86,859.26,3.56,1877092308.0,1045261368.0,0.25,0.73,-19.42,-20.32
993,603636,南威软件,7.18,4.51,0.31,203733.0,145746944.0,5.09,7.25,6.9,6.97,6.87,1.16,3.51,-20.91,2.25,4166988555.0,4166988555.0,-0.14,0.14,-34.96,-39.36
994,688017,绿的谐波,326.0,4.5,14.05,127765.0,4057794841.0,8.46,327.49,301.11,314.31,311.95,1.04,6.97,457.85,16.93,59765620750.0,59765620750.0,0.0,0.17,20.39,69.89
995,300321,同大股份,29.47,4.5,1.27,30405.0,88452241.96,6.6,29.82,27.96,28.5,28.2,0.84,3.43,1382.29,4.15,2616936000.0,2613868173.0,0.03,0.07,-36.79,-34.86
996,300149,睿智医药,9.52,4.5,0.41,457806.0,438956449.49,7.24,9.98,9.32,9.39,9.11,1.63,9.65,-65.27,3.64,4740617204.0,4517844225.0,0.0,0.21,-6.11,-0.42
997,002407,多氟多,31.36,4.5,1.35,1259558.0,3905932809.53,6.13,31.71,29.87,30.01,30.01,0.69,11.68,24.85,4.37,37331965364.0,33830143939.0,0.06,0.13,-11.14,-7.0
998,603859,能科科技,41.9,4.49,1.8,107982.0,443981173.0,6.11,42.25,39.8,40.24,40.1,1.08,4.41,56.86,2.7,11162121829.0,10252833672.0,0.1,0.17,0.14,-0.14
999,300071,福石控股,4.65,4.49,0.2,1617294.0,745958982.25,5.84,4.77,4.51,4.53,4.45,1.15,17.11,-1693.87,27.84,4482062162.0,4395881527.0,-0.21,0.0,-8.64,-28.79
1000,603986,兆易创新,356.02,4.48,15.28,632232.0,22165882066.0,6.94,360.76,337.1,341.99,340.74,0.82,9.46,42.74,10.08,249835267005.0,237996498343.0,0.01,0.23,-1.48,66.75
1001,688117,圣诺生物,23.79,4.48,1.02,66362.0,157147541.0,3.78,23.92,23.06,23.06,22.77,1.17,3.01,19.75,4.88,5241897379.0,5241897379.0,0.0,0.13,-8.96,-11.1
1002,300733,西菱动力,14.0,4.48,0.6,87243.0,121178398.35,4.63,14.12,13.5,13.58,13.4,1.04,2.98,126.71,3.19,5552432732.0,4093879216.0,-0.07,-0.07,-9.39,-3.31
1003,920130,立方控股,22.2,4.47,0.95,110879.0,242301990.59,13.65,23.37,20.47,20.93,21.25,1.81,19.35,-63.63,4.39,2047799839.0,1271951642.0,0.0,0.23,12.12,-23.34
1004,300959,线上线下,92.0,4.46,3.93,28074.0,255505853.0,5.17,92.58,88.03,88.09,88.07,1.01,5.36,-860.01,6.69,7393837600.0,4814195964.0,0.35,0.36,-0.98,-2.85
1005,688396,华润微,54.15,4.46,2.31,233311.0,1251424661.0,5.67,55.05,52.11,52.82,51.84,0.97,1.76,54.49,3.12,71922608322.0,71922608322.0,-0.02,0.07,-9.22,2.54
1006,002261,拓维信息,27.38,4.46,1.17,661432.0,1796876268.78,4.39,27.58,26.43,26.5,26.21,1.2,5.77,140.34,13.24,34497928604.0,31380368070.0,0.0,0.04,-22.26,-17.28
1007,000711,ST京蓝,5.16,4.45,0.22,842373.0,432552674.6,6.48,5.28,4.96,5.0,4.94,1.07,3.54,409.58,23.01,15237078671.0,12287443423.0,-0.19,-0.19,-13.28,201.75
1008,003026,中晶科技,26.55,4.45,1.13,89747.0,234877357.4,5.51,26.85,25.45,25.61,25.42,1.03,6.21,89.99,7.61,4985228453.0,3838091337.0,0.0,0.26,-19.55,25.35
1009,301013,利和兴,43.21,4.45,1.84,531106.0,2161456026.54,13.27,43.58,38.09,40.86,41.37,1.17,28.06,783.2,15.09,10100037450.0,8177131178.0,-0.02,-0.09,52.42,54.27
1010,300154,瑞凌股份,8.22,4.45,0.35,92708.0,75099971.83,4.83,8.24,7.86,7.94,7.87,0.97,2.94,33.14,2.16,3695343752.0,2590569587.0,0.37,0.24,-16.55,-14.82
1011,301479,弘景光电,47.39,4.45,2.02,19517.0,91632622.52,4.83,47.73,45.54,45.73,45.37,1.16,2.74,57.84,4.67,5902493974.0,3378950220.0,0.04,0.34,-49.97,-23.32
1012,603458,勘设股份,9.18,4.44,0.39,132660.0,121357405.0,4.78,9.3,8.88,8.89,8.79,0.67,4.33,-44.04,1.09,2810223039.0,2810223039.0,0.11,0.44,-31.54,-8.38
1013,300010,ST豆神,2.35,4.44,0.1,873281.0,205281328.0,8.44,2.44,2.25,2.25,2.25,1.17,5.25,-21.4,2.8,4856539749.0,3908829439.0,0.0,0.43,-29.0,-67.54
1014,603778,国晟科技,10.38,4.43,0.44,1134212.0,1165816404.0,6.24,10.5,9.88,10.2,9.94,1.78,17.64,-49.17,24.27,6851237206.0,6672857134.0,0.1,0.1,-57.27,-41.02
1015,301111,粤万年青,18.62,4.43,0.79,42283.0,77995704.0,4.49,18.65,17.85,18.05,17.83,0.88,2.64,-225.24,4.03,2979200000.0,2979200000.0,0.05,0.32,-19.81,-1.9
1016,688580,伟思医疗,48.8,4.43,2.07,18654.0,90355610.0,4.02,48.88,47.0,47.1,46.73,1.02,1.95,18.98,2.83,4673638854.0,4673638854.0,0.0,0.14,-23.05,3.13
1017,688118,普元信息,21.0,4.43,0.89,37564.0,78746957.0,4.82,21.3,20.33,20.33,20.11,1.24,4.03,-17.16,2.4,1959650973.0,1959650973.0,-0.71,-0.76,-26.7,-16.73
1018,300211,*ST亿通,7.07,4.43,0.3,37489.0,26116981.0,4.87,7.08,6.75,6.79,6.77,1.48,1.26,-45.32,4.88,2148783142.0,2110266496.0,-0.14,0.14,-23.24,-16.53
1019,301188,力诺药包,34.45,4.43,1.46,148643.0,506320540.6,7.0,35.02,32.71,32.99,32.99,0.89,5.56,56.2,4.76,9216636387.0,9216636387.0,0.03,0.06,4.71,96.86
1020,300831,ST派瑞,15.84,4.42,0.67,55644.0,87325636.0,4.88,15.94,15.2,15.35,15.17,0.99,3.02,81.29,5.21,5068800000.0,2922230362.0,0.06,0.19,-23.48,43.74
1021,688103,国力电子,65.41,4.42,2.77,38434.0,248707652.0,7.17,66.49,62.0,63.99,62.64,0.66,4.03,231.79,5.64,6234591172.0,6234591172.0,0.14,0.26,2.27,8.37
1022,301117,佳缘科技,18.2,4.42,0.77,86232.0,154919290.96,6.77,18.43,17.25,17.77,17.43,1.07,7.44,-34.04,2.66,3291216438.0,2108560727.0,-0.16,0.39,-46.28,-52.16
1023,603090,宏盛股份,37.6,4.42,1.59,29682.0,110328009.0,5.83,37.61,35.51,36.16,36.01,0.96,2.97,54.54,6.05,3760000000.0,3760000000.0,0.0,0.03,-43.2,-31.82
1024,300257,开山股份,18.24,4.41,0.77,86150.0,155753159.92,5.67,18.46,17.47,17.63,17.47,0.68,0.9,56.88,2.77,18123902728.0,17413549248.0,0.0,0.0,-48.18,30.75
1025,920943,优机股份,14.45,4.41,0.61,29159.0,41283524.36,5.13,14.5,13.79,13.79,13.84,1.17,5.63,-46.3,2.32,1466983912.0,748623187.0,0.0,0.07,-18.68,-44.95
1026,688343,云天励飞-U,56.7,4.4,2.39,101783.0,571018858.0,5.01,57.22,54.5,55.5,54.31,0.66,2.83,-38.04,5.48,20389511646.0,20389511646.0,0.07,0.09,-34.25,-25.47
1027,300184,力源信息,12.1,4.4,0.51,633022.0,758010844.25,4.49,12.19,11.67,11.77,11.59,0.95,6.02,25.31,3.3,13903614251.0,12729572148.0,0.0,0.0,-19.44,21.12
1028,000960,锡业股份,36.34,4.4,1.53,609290.0,2204174488.27,5.0,36.79,35.05,35.05,34.81,1.06,3.7,17.23,2.94,59794997136.0,59794997136.0,0.0,0.03,-12.03,32.05
1029,601611,中国核建,12.12,4.39,0.51,1728725.0,2116816538.0,7.84,12.77,11.86,12.3,11.61,4.21,5.74,22.67,1.63,36527670649.0,36527670649.0,-0.08,0.17,-11.98,-9.75
1030,600488,津药药业,5.47,4.39,0.23,741100.0,402747460.0,4.2,5.54,5.32,5.38,5.24,0.78,6.79,107.49,2.0,5972620140.0,5972620140.0,0.0,0.0,-16.49,35.4
1031,688435,英方软件,31.24,4.38,1.31,30635.0,94835867.0,5.35,31.88,30.28,30.3,29.93,0.92,5.47,-54.48,2.41,2608540000.0,1750944206.0,-0.1,0.06,-26.01,-33.21
1032,002831,裕同科技,27.38,4.38,1.15,112135.0,301536890.75,6.52,27.75,26.04,26.26,26.23,1.12,1.57,35.88,3.04,35274503574.0,19555397456.0,0.0,0.0,-4.96,38.28
1033,300508,维宏股份,42.22,4.38,1.77,70884.0,288914927.04,9.2,42.25,38.53,41.17,40.45,1.79,8.65,381.41,5.31,4595492053.0,3458752455.0,0.02,0.31,10.84,14.92
1034,002849,威星智能,14.33,4.37,0.6,64203.0,90908582.12,6.48,14.55,13.66,13.8,13.73,1.65,2.93,31.06,2.31,3161685449.0,3136071549.0,0.0,0.0,-22.25,-9.65
1035,600201,生物股份,13.37,4.37,0.56,319552.0,418716883.0,7.18,13.49,12.57,12.74,12.81,1.61,2.88,71.18,2.74,14819926042.0,14819926042.0,-0.37,-0.45,-12.44,-11.04
1036,300433,蓝思科技,32.95,4.37,1.38,1020226.0,3321644418.85,5.13,33.2,31.58,32.0,31.57,0.9,2.05,-290.66,3.32,173934511667.0,163751615297.0,0.0,0.12,8.5,10.5
1037,001259,利仁科技,45.4,4.37,1.9,13203.0,59074516.12,5.1,45.52,43.3,43.84,43.5,0.77,2.78,158.98,4.65,3340935515.0,2158520255.0,-0.07,0.02,10.19,51.89
1038,688373,盟科药业-U,4.78,4.37,0.2,166291.0,79657873.0,5.24,4.87,4.63,4.64,4.58,1.29,2.53,-36.55,17.24,3136771656.0,3136771656.0,0.0,0.0,-20.33,-20.86
1039,000669,ST金鸿,3.59,4.36,0.15,61211.0,21669116.39,5.52,3.63,3.44,3.5,3.44,1.58,0.9,903.78,40.17,2442667581.0,2442667581.0,0.0,0.28,-10.92,21.69
1040,300709,精研科技,35.2,4.36,1.47,94283.0,327080560.31,4.89,35.5,33.85,34.5,33.73,0.84,6.29,-33.03,3.05,6569861091.0,5274511510.0,0.03,0.37,-20.22,-25.28
1041,300368,汇金股份,9.35,4.35,0.39,388874.0,361542813.3,4.69,9.5,9.08,9.14,8.96,0.87,7.35,-133.12,102.6,4945621491.0,4945621491.0,0.0,0.11,-27.35,-38.32
1042,001309,德明利,364.18,4.35,15.18,247688.0,8892958590.44,6.39,369.31,347.0,352.03,349.0,0.86,15.01,6.17,12.47,82612651730.0,60100535812.0,0.01,0.01,-43.03,57.32
1043,000518,四环生物,3.85,4.34,0.16,470814.0,179315405.0,5.42,3.9,3.7,3.74,3.69,1.29,4.57,-87.59,12.26,3963791455.0,3963712418.0,0.0,0.26,25.0,59.75
1044,301557,常友科技,76.5,4.34,3.18,10523.0,79414147.0,4.95,76.97,73.34,75.0,73.32,1.06,4.23,-233.31,4.76,4745372954.0,1902629741.0,0.0,-0.34,-8.37,-17.55
1045,300171,东富龙,12.75,4.34,0.53,175038.0,221331885.98,4.66,12.85,12.28,12.3,12.22,1.71,3.11,88.72,1.24,9764307510.0,7173881276.0,0.08,0.08,-4.42,-18.37
1046,605208,永茂泰,12.75,4.34,0.53,162898.0,207128028.0,4.66,12.93,12.36,12.48,12.22,1.08,4.94,58.89,1.91,4206735000.0,4206735000.0,-0.08,-0.16,-9.06,-5.7
1047,920249,利尔达,9.14,4.34,0.38,76980.0,69286426.86,4.57,9.16,8.76,8.8,8.76,1.47,6.17,65.28,4.97,3853698200.0,1139479925.0,0.0,0.22,-21.75,-29.96
1048,603031,安孚科技,37.83,4.33,1.57,131404.0,493058683.0,6.09,38.22,36.01,36.2,36.26,0.68,4.18,26.45,5.02,14142592289.0,11893387659.0,0.13,0.08,-22.67,24.48
1049,688335,复洁科技,19.74,4.33,0.82,20984.0,40989968.0,5.6,19.92,18.86,19.18,18.92,1.0,1.42,-46.94,2.65,2922202846.0,2922202846.0,-0.2,0.1,-35.74,-26.23
1050,300655,晶瑞电材,12.07,4.32,0.5,593888.0,709864706.67,5.19,12.2,11.6,11.63,11.57,0.8,5.3,508.03,5.31,13598381505.0,13536409237.0,-0.08,-0.17,-19.91,-21.37
1051,603725,天安新材,9.92,4.31,0.41,164248.0,160669364.0,6.2,10.05,9.46,9.57,9.51,0.66,5.39,39.04,3.67,3024188186.0,3024188186.0,0.1,0.3,-2.55,8.65
1052,301097,天益医疗,32.7,4.31,1.35,8684.0,27968627.89,4.02,32.7,31.44,31.44,31.35,1.08,2.22,71.78,2.46,2668627151.0,1280767767.0,0.31,0.15,-24.76,-11.48
1053,301559,中集环科,14.04,4.31,0.58,61606.0,85785178.28,5.35,14.19,13.47,13.56,13.46,2.8,6.85,92.53,1.89,8424000000.0,1263600000.0,0.29,0.36,-16.28,-10.52
1054,300342,天银机电,34.18,4.3,1.41,187781.0,635416042.06,4.64,34.46,32.94,33.4,32.77,1.2,4.48,353.05,9.32,14527700162.0,14314545137.0,-0.12,0.06,-47.48,3.23
1055,920083,金戈新材,32.5,4.3,1.34,21332.0,68469470.09,4.65,32.68,31.23,31.4,31.16,0.67,5.61,51.71,4.55,2901257905.0,1235754715.0,-0.18,-0.28,236.79,236.79
1056,600846,同济科技,12.14,4.3,0.5,88125.0,105225478.0,8.42,12.4,11.42,11.6,11.64,1.0,1.41,33.03,1.75,7584604804.0,7584604804.0,0.08,0.33,-5.67,-7.68
1057,300785,值得买,40.86,4.29,1.68,232416.0,931572199.14,6.43,41.35,38.83,39.81,39.18,1.82,19.0,568.03,4.22,8125225229.0,4998578885.0,0.02,-0.05,-26.88,-6.35
1058,002843,泰嘉股份,15.8,4.29,0.65,103707.0,161230607.62,5.15,15.87,15.09,15.41,15.15,0.87,4.15,40.65,2.96,3977453480.0,3953106470.0,0.32,0.57,-43.12,-21.16
1059,605318,法狮龙,71.07,4.28,2.92,18436.0,129857879.0,6.41,71.98,67.61,68.17,68.15,1.09,1.47,-2271.57,13.97,8935562020.0,8935562020.0,-0.31,-0.1,-25.32,9.05
1060,603360,百傲化学,13.4,4.28,0.55,108042.0,143005448.0,5.99,13.52,12.75,12.89,12.85,0.8,1.53,119.32,6.71,9463396964.0,9463396964.0,0.0,0.15,-32.32,-58.41
1061,688026,洁特生物,13.63,4.28,0.56,27763.0,37566089.0,4.28,13.7,13.14,13.42,13.07,1.17,1.98,-113.25,1.78,1913167140.0,1912556216.0,0.0,0.07,-17.94,-15.02
1062,000034,神州数码,24.9,4.27,1.02,434731.0,1075821744.72,3.69,25.05,24.17,24.38,23.88,0.89,5.12,26.82,2.27,25316817609.0,21143781266.0,0.04,0.12,-18.07,-10.24
1063,600641,先导基电,24.41,4.27,1.0,939320.0,2226281667.0,9.95,24.68,22.35,23.0,23.41,1.3,10.09,55.0,2.75,23112997107.0,22716676347.0,-0.04,-0.04,-17.0,38.38
1064,301072,中捷精工,32.75,4.27,1.34,41565.0,135385203.0,5.92,33.17,31.31,32.04,31.41,0.92,6.19,-80.63,4.82,3440256009.0,2198832478.0,0.03,0.09,28.33,45.43
1065,603223,恒通股份,10.75,4.27,0.44,132427.0,140505327.0,4.66,10.75,10.27,10.31,10.31,1.02,1.88,20.36,1.88,7587588575.0,7587588575.0,0.0,0.28,16.34,16.47
1066,300037,新宙邦,63.57,4.26,2.6,169806.0,1073520005.04,5.74,64.49,60.99,60.99,60.97,0.83,3.11,24.94,4.51,47924560228.0,34758768111.0,0.06,0.03,-5.26,22.49
1067,688799,华纳药厂,44.26,4.26,1.81,30038.0,132432801.0,4.71,44.5,42.5,42.65,42.45,1.14,2.25,55.02,2.84,5914773620.0,5914773620.0,-0.54,-0.07,-29.94,-6.86
1068,002620,*ST瑞和,5.14,4.26,0.21,127460.0,65904933.46,7.3,5.36,5.0,5.0,4.93,1.86,4.03,-22.13,-26.33,1940319160.0,1624610234.0,0.0,0.39,-47.66,1.98
1069,300244,迪安诊断,18.36,4.26,0.75,296398.0,538655186.14,4.03,18.52,17.81,17.81,17.61,0.91,5.91,44.56,1.82,11474622445.0,9206788360.0,0.0,0.11,-11.65,18.38
1070,688319,欧林生物,23.28,4.25,0.95,83364.0,192122687.0,4.97,23.44,22.33,22.77,22.33,0.67,2.06,86.78,10.14,9437928504.0,9437928504.0,0.0,0.22,-35.35,-8.2
1071,603777,来伊份,14.24,4.25,0.58,80602.0,112683399.0,5.93,14.36,13.55,13.84,13.66,1.11,2.41,-84.8,3.06,4762200124.0,4762200124.0,-0.07,0.0,-23.15,3.71
1072,002853,皮阿诺,20.64,4.24,0.84,17514.0,35908922.21,5.56,20.92,19.82,19.9,19.8,1.02,1.36,-84.69,4.24,3775385167.0,2656467382.0,-0.05,0.0,-29.36,-1.53
1073,301137,哈焊华通,38.85,4.24,1.58,194472.0,710482127.95,10.71,39.0,35.01,35.81,37.27,2.55,10.7,260.04,5.14,7063450590.0,7063450590.0,-0.05,-0.05,-14.2,-17.22
1074,001208,华菱线缆,15.28,4.23,0.62,513657.0,777360076.67,4.64,15.4,14.72,15.09,14.66,2.62,16.12,80.1,3.36,9753994601.0,4870250279.0,0.0,0.2,-24.62,-36.28
1075,301516,中远通,15.54,4.23,0.63,71959.0,110116980.51,5.3,15.6,14.81,15.0,14.91,1.04,10.25,-133.22,3.44,4362105273.0,1090526322.0,-0.06,0.0,-27.72,-0.45
1076,600793,宜宾纸业,14.78,4.23,0.6,211389.0,305191791.0,6.28,14.8,13.91,14.5,14.18,1.57,11.95,-25.26,11.54,2614641150.0,2614641150.0,0.07,0.14,-10.21,-29.95
1077,688273,麦澜德,30.28,4.23,1.23,12119.0,36507762.0,4.23,30.56,29.33,29.33,29.05,0.85,1.21,33.02,2.29,3028000000.0,3028000000.0,-0.26,0.03,-32.55,-27.96
1078,603138,海量数据,13.34,4.22,0.54,127275.0,168425891.0,4.77,13.58,12.97,12.98,12.8,1.46,4.41,-23.44,4.84,3916766871.0,3846493619.0,0.0,0.08,-33.96,-6.19
1079,688400,凌云光,45.18,4.22,1.83,133875.0,599578201.0,5.49,45.65,43.27,43.59,43.35,1.17,2.93,26.9,3.79,21494368961.0,20669668512.0,0.07,0.04,-31.93,6.81
1080,300689,澄天伟业,45.5,4.21,1.84,35915.0,162569913.58,6.57,46.45,43.58,44.29,43.66,1.01,3.53,963.05,7.54,5259800000.0,4629348542.0,0.26,0.49,-20.43,1.31
1081,301285,鸿日达,65.3,4.21,2.64,35382.0,231082600.85,6.46,66.83,62.78,64.07,62.66,1.0,1.71,-194.95,14.3,13495551000.0,13495551000.0,0.08,0.15,-40.21,-3.66
1082,001330,博纳影业,5.2,4.21,0.21,647697.0,334074139.0,4.41,5.25,5.03,5.06,4.99,0.97,5.57,-40.36,1.88,7147498717.0,6046806074.0,-0.38,-0.19,-42.22,-31.58
1083,688618,三旺通信,26.98,4.21,1.09,28557.0,75866760.0,4.21,27.0,25.91,25.91,25.89,1.11,2.59,-869.06,3.67,2969090939.0,2969090939.0,0.37,0.15,-42.15,1.81
1084,603956,威派格,7.18,4.21,0.29,727237.0,504955466.0,10.16,7.3,6.6,6.87,6.89,1.93,12.76,-17.62,2.22,4091927133.0,4091927133.0,-0.42,-0.42,19.67,11.15
1085,301380,挖金客,31.47,4.21,1.27,46075.0,141056436.15,5.53,31.52,29.85,30.36,30.2,1.46,5.71,70.48,4.34,3190819867.0,2540844151.0,0.03,0.32,-14.65,-16.3
1086,688021,奥福科技,19.82,4.21,0.8,20739.0,40692169.0,5.15,20.1,19.12,19.12,19.02,1.2,2.71,34.65,1.73,1514519871.0,1514519871.0,0.0,0.81,-33.65,8.6
1087,600745,*ST闻泰,17.11,4.2,0.69,510526.0,857379033.0,5.36,17.28,16.4,16.5,16.42,1.51,4.01,-28.79,0.9,21795902850.0,21795902850.0,0.06,0.0,-25.28,-54.1
1088,920357,雅葆轩,15.89,4.2,0.64,22214.0,34821616.57,4.33,15.91,15.25,15.4,15.25,1.27,3.53,19.94,3.98,1654212560.0,1000368933.0,-0.06,0.06,-24.33,-10.58
1089,300692,中赋科技,8.44,4.2,0.34,220159.0,184737903.86,5.43,8.55,8.11,8.11,8.1,1.47,4.29,66.23,1.5,4745610419.0,4330412426.0,0.0,0.12,-3.1,0.48
1090,002861,瀛通通讯,15.68,4.19,0.63,70226.0,108615393.6,6.91,16.0,14.96,15.14,15.05,0.88,4.68,-26.97,2.83,2920932524.0,2354636592.0,0.0,0.26,-13.37,-11.86
1091,603557,*ST起步,3.73,4.19,0.15,57190.0,20972320.0,5.87,3.75,3.54,3.59,3.58,1.06,0.92,-19.91,41.56,2325419592.0,2325419592.0,0.0,0.27,-21.14,47.43
1092,600877,电科芯片,12.68,4.19,0.51,210336.0,263730728.0,5.51,12.82,12.15,12.19,12.17,1.16,1.78,-3105.88,6.0,15013874359.0,15013874359.0,-0.08,-0.08,-28.76,-27.75
1093,300141,和顺电气,10.69,4.19,0.43,204655.0,215767162.0,4.39,10.79,10.34,10.44,10.26,1.03,8.04,-103.16,4.45,2756358774.0,2721874544.0,0.09,0.38,-20.1,-14.96
1094,300613,富瀚微,70.3,4.18,2.82,338190.0,2300221183.36,9.88,70.77,64.1,69.0,67.48,2.73,15.39,48.11,5.65,16372527639.0,15444214311.0,0.04,0.11,13.35,52.89
1095,300683,海特生物,26.65,4.18,1.07,63309.0,167881447.0,3.48,26.9,26.01,26.15,25.58,0.96,5.19,-37.84,1.63,3488335520.0,3253006693.0,0.08,0.19,-27.11,-3.89
1096,688811,有研复材,21.69,4.18,0.87,74929.0,161012049.0,4.71,21.79,20.81,21.12,20.82,1.06,8.13,10227.03,7.01,10881300492.0,1998215044.0,0.0,0.05,-24.82,240.5
1097,002346,柘中股份,18.18,4.18,0.73,55411.0,99076816.93,4.53,18.26,17.47,17.64,17.45,0.86,1.41,2989.1,2.99,8027841063.0,7128622976.0,-0.05,-0.27,0.78,-8.32
1098,300287,飞利信,4.0,4.17,0.16,776189.0,306323253.09,5.21,4.04,3.84,3.86,3.84,1.61,5.89,-50.19,5.8,5741095232.0,5273182424.0,0.0,0.0,-14.89,-18.2
1099,603297,永新光学,92.93,4.17,3.72,14216.0,131016864.0,5.68,94.3,89.23,89.23,89.21,0.61,1.28,55.76,5.13,10290055263.0,10290055263.0,0.01,0.0,-33.67,-10.99
1100,003004,声迅股份,61.9,4.17,2.48,25004.0,153274531.0,5.72,62.81,59.41,60.0,59.42,1.11,3.64,-375.9,8.03,5067371944.0,4255180496.0,0.0,0.85,53.79,176.34
1101,001287,中电港,22.03,4.16,0.88,228973.0,501930950.11,4.07,22.18,21.32,21.55,21.15,0.94,3.01,26.41,3.07,16740599137.0,16740599137.0,0.0,0.09,-28.15,-2.26
1102,688153,唯捷创芯,25.56,4.16,1.02,43053.0,108656525.0,5.13,25.77,24.51,24.8,24.54,0.7,1.03,-57.12,2.77,10998800484.0,10688303381.0,-0.08,-0.2,-23.84,-32.09
1103,300007,汉威科技,35.03,4.16,1.4,144785.0,498028446.95,7.17,35.49,33.08,33.63,33.63,1.13,5.12,115.91,3.9,11470420034.0,9911608504.0,0.03,0.11,-24.44,-34.58
1104,600184,光电股份,17.06,4.15,0.68,140170.0,236659373.0,4.27,17.14,16.44,16.59,16.38,0.86,2.41,2215.82,2.92,9941330604.0,9941330604.0,0.18,0.12,-37.39,-10.35
1105,688099,晶晨股份,96.05,4.15,3.83,134808.0,1277437022.0,6.35,96.98,91.12,92.7,92.22,0.7,3.18,58.69,5.39,40659885520.0,40659885520.0,-0.05,-0.02,-14.92,10.36
1106,301413,安培龙,61.0,4.15,2.43,51888.0,310332870.19,7.43,61.5,57.15,59.36,58.57,1.34,6.79,630.96,6.29,7803277380.0,4658864569.0,0.07,0.23,-34.18,-41.04
1107,002795,永和智控,6.53,4.15,0.26,227362.0,146107027.0,5.42,6.6,6.26,6.36,6.27,0.91,5.23,10.6,6.47,2884218898.0,2836821024.0,1.4,1.24,-31.12,3.65
1108,300826,测绘股份,13.08,4.14,0.52,57988.0,74090426.51,4.94,13.08,12.46,12.61,12.56,0.63,2.64,106.92,2.0,2985117979.0,2871639549.0,1.0,0.93,-1.58,-0.83
1109,301120,新特电气,16.14,4.13,0.64,320705.0,495610659.85,11.23,16.56,14.82,15.25,15.5,2.52,14.56,-802.08,3.89,6022251300.0,3554011247.0,-0.06,0.12,-21.57,-6.27
1110,301262,海看股份,21.18,4.13,0.84,170126.0,357476439.55,7.18,21.62,20.16,20.16,20.34,1.43,13.94,24.55,2.33,8832060000.0,2585556803.0,0.14,0.19,-13.09,-12.91
1111,002378,章源钨业,23.44,4.13,0.93,394318.0,917173391.84,4.26,23.56,22.6,22.7,22.51,1.37,3.3,18.46,10.93,28161230091.0,28013644889.0,0.04,0.13,-29.33,66.71
1112,300852,四会富仕,40.11,4.13,1.59,119154.0,465112965.96,7.45,40.25,37.38,38.52,38.52,1.88,7.69,36.64,2.84,6438503928.0,6215297634.0,0.15,0.3,-27.05,5.44
1113,301052,果麦文化,24.48,4.13,0.97,68140.0,165746890.22,5.74,24.94,23.59,23.59,23.51,1.19,8.5,-73.61,3.53,2422524619.0,1963196097.0,0.0,0.16,-27.96,-35.87
1114,688038,中科通达,17.14,4.13,0.68,25281.0,43399206.0,4.62,17.47,16.71,16.71,16.46,0.92,2.17,-215.26,3.37,1994640076.0,1994640076.0,-0.17,-0.17,-18.69,-3.0
1115,920971,天马新材,25.0,4.12,0.99,33368.0,82397647.49,4.71,25.14,24.01,24.28,24.01,0.78,3.89,123.05,5.76,2599200050.0,2142570050.0,0.0,0.2,-20.79,-18.03
1116,688568,中科星图,36.37,4.12,1.44,171874.0,619601799.0,6.38,37.11,34.88,35.15,34.93,1.48,2.13,-49.37,8.1,29389830029.0,29389830029.0,-0.11,0.11,-44.89,-38.35
1117,301536,星宸科技,108.61,4.12,4.3,177812.0,1898690816.11,7.83,110.2,102.03,107.04,104.31,0.66,9.5,52.0,14.79,45802491348.0,20331060186.0,-0.08,0.08,19.35,82.2
1118,688550,瑞联新材,36.13,4.12,1.43,38948.0,139040471.0,3.83,36.33,35.0,35.0,34.7,0.75,2.21,36.43,1.98,6361341031.0,6361341031.0,0.0,0.06,-14.08,-18.64
1119,300285,国瓷材料,60.18,4.12,2.38,1448985.0,8378210201.0,13.08,61.36,53.8,56.9,57.8,0.99,16.97,105.44,8.44,60002366634.0,51373777913.0,0.03,0.17,55.87,120.36
1120,000504,南华生物,8.11,4.11,0.32,88086.0,70642582.0,3.85,8.11,7.81,7.84,7.79,1.5,2.68,60.28,9.67,2676487325.0,2669182648.0,0.25,0.25,-14.63,-9.39
1121,688238,和元生物,5.83,4.11,0.23,159621.0,92551080.0,3.75,5.86,5.65,5.65,5.6,1.3,2.47,-17.82,2.79,3783883961.0,3774534973.0,0.17,0.0,-14.14,-12.46
1122,603803,瑞斯康达,9.87,4.11,0.39,192100.0,188601184.0,3.48,9.93,9.6,9.6,9.48,0.47,4.52,153.23,2.73,4193600708.0,4193600708.0,-0.2,0.0,-40.58,-11.0
1123,603375,盛景微,34.29,4.1,1.35,30926.0,105118968.0,6.34,35.12,33.03,33.4,32.94,1.26,4.85,349.89,2.24,3451860011.0,2187048055.0,-0.29,0.06,-28.4,-5.8
1124,002432,九安医疗,67.3,4.1,2.65,349336.0,2345328741.19,4.5,68.23,65.32,66.65,64.65,0.91,7.51,26.7,1.5,31354658191.0,31312827136.0,-0.06,-0.12,-6.04,74.58
1125,920808,曙光数创,59.3,4.09,2.33,19834.0,116181595.05,4.9,59.79,57.0,57.82,56.97,0.91,1.02,-62.3,16.84,11860000059.0,11549346395.0,-0.02,0.1,-30.18,-16.44
1126,002192,融捷股份,64.21,4.08,2.52,128131.0,815689727.48,4.88,64.49,61.48,61.7,61.69,0.77,4.94,14.99,4.37,16672460585.0,16637943729.0,0.02,0.02,-36.96,24.61
1127,688336,三生国健,41.62,4.08,1.63,77134.0,318673711.0,2.8,41.78,40.66,40.94,39.99,0.99,0.86,52.35,4.47,37300902355.0,37300902355.0,0.05,0.1,-17.68,2.08
1128,301234,五洲医疗,68.8,4.08,2.7,57235.0,390207554.18,6.7,69.61,65.18,65.38,66.1,0.83,14.25,145.27,6.19,4678400000.0,2763738174.0,0.44,0.1,63.93,62.65
1129,603038,华立股份,13.07,4.06,0.51,53114.0,69011609.0,6.21,13.3,12.52,12.62,12.56,1.12,1.98,12.76,2.47,3511609775.0,3511609775.0,0.0,0.08,-21.03,-18.57
1130,920012,创达新材,45.66,4.06,1.78,7238.0,32787542.37,4.4,46.0,44.07,44.07,43.88,0.91,3.75,35.11,2.72,2251831571.0,881124307.0,0.15,0.35,-34.79,133.2
1131,002169,智光电气,11.78,4.06,0.46,242903.0,281561183.52,4.06,11.78,11.32,11.5,11.32,1.06,3.2,101.12,3.37,9220254227.0,8937179331.0,0.0,0.17,-11.96,2.52
1132,002229,鸿博股份,11.06,4.05,0.43,462271.0,505951632.23,4.23,11.1,10.65,10.7,10.63,1.3,9.37,-43.29,5.13,5487877857.0,5454307163.0,0.0,0.27,-39.1,-28.41
1133,688091,上海谊众,39.32,4.05,1.53,37176.0,145824695.0,5.45,39.85,37.79,37.79,37.79,1.3,1.8,111.84,5.61,8127587125.0,8102792365.0,-0.03,0.0,-39.34,-16.34
1134,300249,依米康,12.58,4.05,0.49,149046.0,185658083.54,4.14,12.6,12.1,12.29,12.09,0.92,3.98,153.63,9.25,5766995306.0,4706299007.0,0.0,0.16,-31.67,-14.01
1135,920701,豪声电子,13.09,4.05,0.51,26551.0,34010810.9,5.64,13.15,12.44,12.52,12.58,0.65,2.65,163.42,2.24,1795948000.0,1311712772.0,-0.23,-0.23,-13.71,-26.83
1136,000782,恒申新材,6.96,4.04,0.27,154562.0,107693955.0,5.98,7.12,6.72,6.82,6.69,1.19,2.93,-222.45,2.96,4778607303.0,3675851776.0,0.14,0.0,-22.41,40.32
1137,301042,安联锐视,28.1,4.04,1.09,74062.0,205503181.44,5.52,28.3,26.81,27.0,27.01,0.87,8.03,60.46,2.59,2719438027.0,2592253774.0,0.04,0.04,-62.36,-55.48
1138,300429,强力新材,9.78,4.04,0.38,244952.0,236897390.33,4.47,9.81,9.39,9.51,9.4,0.78,5.86,-47.13,2.89,5431789790.0,4085514736.0,0.0,0.0,-35.99,-26.63
1139,000935,四川双马,22.15,4.04,0.86,51807.0,113471997.0,6.01,22.48,21.2,21.5,21.29,0.79,0.68,71.9,2.16,16910203376.0,16910203376.0,-0.05,0.0,-22.8,-10.83
1140,301288,清研环境,16.51,4.03,0.64,13963.0,22768478.0,3.47,16.55,16.0,16.0,15.87,1.12,1.79,-41.74,2.28,1783245100.0,1289589843.0,0.0,-0.12,-9.53,-8.02
1141,300534,陇神戎发,13.18,4.03,0.51,800327.0,1062624653.96,7.26,13.73,12.81,13.13,12.67,0.84,26.5,40.53,5.5,3998087100.0,3981038612.0,0.08,0.15,40.66,39.32
1142,688728,格科微,14.96,4.03,0.58,347920.0,517368493.0,5.42,15.19,14.41,14.56,14.38,0.72,1.34,6897.39,4.94,38904776538.0,38877923338.0,0.0,0.0,1.91,0.13
1143,301291,明阳电气,41.02,4.03,1.59,105860.0,427610099.61,5.83,41.5,39.2,40.0,39.43,1.54,6.47,131.09,2.62,12902442204.0,6712797192.0,0.05,0.02,-28.97,-0.34
1144,301631,壹连科技,60.1,4.02,2.32,30523.0,182548277.59,5.3,61.1,58.04,58.47,57.78,0.98,7.0,27.22,2.99,7691622761.0,2620025784.0,0.27,0.2,-31.97,-17.95
1145,920876,慧为智能,16.35,4.01,0.63,13605.0,21954368.81,4.2,16.38,15.72,15.88,15.72,0.9,3.47,-101.48,4.18,1049353775.0,641708871.0,-0.06,0.55,-29.92,-35.3
1146,300199,翰宇药业,21.26,4.01,0.82,397035.0,838461960.16,3.38,21.36,20.67,20.72,20.44,0.99,5.33,36.73,25.32,18777710803.0,15842259881.0,-0.05,0.0,3.66,18.77
1147,000026,飞亚达,16.34,4.01,0.63,156833.0,250479676.5,5.54,16.37,15.5,15.97,15.71,2.07,4.3,25.47,1.98,6630183874.0,5956922377.0,-0.06,0.06,-18.38,0.49
1148,002922,伊戈尔,24.92,4.01,0.96,173076.0,427225600.9,5.59,25.15,23.81,24.15,23.96,1.11,4.59,38.34,2.84,10530766466.0,9394841420.0,-0.04,-0.04,-40.02,-17.81
1149,000070,特发信息,13.51,4.0,0.52,493930.0,662366126.61,3.7,13.59,13.11,13.36,12.99,1.12,5.77,-307.6,11.72,11731988741.0,11574382324.0,-0.07,0.0,-35.36,15.08
1150,688378,奥来德,36.95,4.0,1.42,70770.0,259052915.0,6.05,37.46,35.31,35.88,35.53,0.89,2.94,30.15,4.82,9659659810.0,8903493098.0,0.0,-0.05,-21.27,36.35
1151,300088,长信科技,7.02,4.0,0.27,1599174.0,1118157638.47,4.15,7.1,6.82,6.82,6.75,1.08,6.43,91.48,2.05,17534089725.0,17448226827.0,-0.14,0.0,-3.04,16.81
1152,002995,天地在线,18.23,3.99,0.7,229106.0,409558442.25,6.05,18.46,17.4,17.48,17.53,1.21,20.38,-2375.86,4.03,3234995170.0,2049365702.0,0.0,0.05,-22.03,10.35
1153,688082,盛美上海,257.0,3.99,9.85,73669.0,1865535318.0,6.83,261.88,245.0,248.56,247.15,0.97,1.54,297.32,9.21,124027349073.0,122695150252.0,0.34,0.23,55.18,46.5
1154,605198,安德利,56.68,3.98,2.17,33647.0,189842779.0,5.78,57.66,54.51,55.4,54.51,0.83,1.24,65.13,6.88,18941775840.0,15333980480.0,0.02,0.02,18.13,51.88
1155,920690,捷众科技,17.75,3.98,0.68,40912.0,70739808.83,6.68,17.8,16.66,17.06,17.07,0.72,7.3,26.6,2.62,1529872500.0,994511271.0,0.62,0.4,-15.11,-29.7
1156,301591,肯特股份,27.45,3.98,1.05,39073.0,106126711.6,5.3,27.7,26.3,26.4,26.4,1.03,8.74,44.62,3.28,3001822200.0,1226870833.0,0.18,0.11,-18.86,-11.85
1157,300067,安诺其,5.76,3.97,0.22,1013072.0,575933939.21,5.42,5.79,5.49,5.49,5.54,0.75,10.81,165.1,2.67,6649197546.0,5398638797.0,0.0,0.17,-22.89,15.2
1158,300506,名家汇,6.02,3.97,0.23,183641.0,109419468.1,5.01,6.06,5.77,5.85,5.79,0.74,2.5,-167.22,6.28,8582091345.0,4422873008.0,-0.17,0.0,16.22,43.33
1159,300731,科创新源,33.6,3.96,1.28,60020.0,200593800.54,5.17,33.99,32.32,32.96,32.32,0.69,3.57,-496.72,9.71,5956760040.0,5653229030.0,0.03,0.03,-38.62,-16.27
1160,688981,中芯国际,121.1,3.95,4.6,644307.0,7678158834.0,6.26,122.5,115.21,116.7,116.5,0.9,3.22,190.4,6.92,1036713605995.0,242147024684.0,-0.02,0.01,-1.16,-1.41
1161,300390,天华新能,56.44,3.94,2.14,283678.0,1589827089.43,5.58,56.98,53.95,54.3,54.3,0.87,4.22,12.1,3.8,46887574475.0,37942782272.0,0.11,0.05,-46.5,3.35
1162,688805,健信超导,40.6,3.94,1.54,13528.0,54744711.0,4.92,41.2,39.28,39.72,39.06,1.27,4.03,73.48,5.69,6807808000.0,1361561600.0,-0.07,-0.17,-28.04,-2.96
1163,301003,江苏博云,46.38,3.94,1.76,11494.0,52946314.0,5.29,46.98,44.62,44.62,44.62,0.61,1.53,63.11,4.03,4505043521.0,3485009619.0,0.22,0.19,-17.5,4.7
1164,300612,宣亚国际,12.39,3.94,0.47,107479.0,131361298.0,4.11,12.45,11.96,12.05,11.92,1.14,5.91,-28.76,5.29,2267196490.0,2255116240.0,0.0,0.49,-20.93,-30.43
1165,600107,*ST尔雅,5.28,3.94,0.2,18016.0,9331907.0,6.5,5.35,5.02,5.11,5.08,1.28,0.5,127.17,4.69,1900800000.0,1900800000.0,-0.19,0.0,-21.08,-23.92
1166,603398,*ST沐邦,9.25,3.93,0.35,81151.0,74341442.0,7.42,9.47,8.81,8.85,8.9,0.81,1.87,-13.5,56.08,4011184097.0,4011184097.0,-0.22,-0.11,-34.77,11.85
1167,301051,信濠光电,13.75,3.93,0.52,84657.0,115674927.04,5.37,13.92,13.21,13.23,13.23,1.03,3.75,-17.88,2.0,3908586523.0,3105260345.0,-0.07,0.15,-25.19,-1.79
1168,688225,亚信安全,12.68,3.93,0.48,52392.0,66160363.0,4.02,12.8,12.31,12.42,12.2,0.77,1.31,-6.81,3.27,5072126800.0,5072126800.0,-0.31,-0.39,-25.19,-34.64
1169,600703,三安光电,12.7,3.93,0.48,1722981.0,2171476353.0,3.44,12.77,12.35,12.35,12.22,1.16,3.45,234.7,1.82,63360537833.0,63360537833.0,0.0,0.16,-20.82,-10.12
1170,300469,信息发展,55.2,3.92,2.08,71639.0,388665247.09,6.02,55.8,52.6,53.08,53.12,0.84,2.89,-109.11,58.54,13702783085.0,13695881705.0,0.0,0.33,-10.67,-10.68
1171,603091,众鑫股份,48.85,3.91,1.84,9596.0,46180335.0,5.83,49.28,46.54,47.26,47.01,1.64,2.18,18.63,3.2,6992111044.0,2150292343.0,0.0,0.21,-17.71,-12.6
1172,300203,聚光科技,12.49,3.91,0.47,85866.0,105365516.71,4.99,12.58,11.98,12.04,12.02,1.4,1.92,-19.28,2.16,5604732624.0,5599904302.0,-0.16,-0.48,-10.66,-21.25
1173,300656,民德电子,23.9,3.91,0.9,49446.0,117674681.23,4.0,24.21,23.29,23.38,23.0,0.71,3.72,-38.92,4.76,4089889221.0,3176259619.0,-0.21,0.04,-19.26,8.54
1174,002782,可立克,14.64,3.9,0.55,143722.0,207300322.28,5.32,14.72,13.97,14.18,14.09,1.18,2.93,71.27,3.39,7258717150.0,7172373168.0,0.0,0.21,-34.11,-18.49
1175,920821,则成电子,17.87,3.9,0.67,31939.0,56476489.29,4.59,17.93,17.14,17.38,17.2,1.13,4.38,-227.64,4.77,2472527135.0,1301890651.0,0.11,-0.11,-27.45,-31.43
1176,002077,大港股份,11.98,3.9,0.45,388399.0,460140662.19,3.73,12.01,11.58,11.65,11.53,1.16,6.69,45.26,2.05,6952575186.0,6952575186.0,0.0,0.17,-31.78,-19.44
1177,000691,亚太实业,9.08,3.89,0.34,110448.0,98861486.0,6.29,9.2,8.65,8.83,8.74,0.87,3.42,306.02,9.68,4402937400.0,2935291600.0,0.11,0.22,14.65,28.79
1178,300802,矩子科技,20.57,3.89,0.77,90790.0,183704935.86,4.9,20.68,19.71,19.98,19.8,0.6,4.49,44.91,3.97,5843489705.0,4162538926.0,0.05,0.24,-7.34,8.43
1179,002931,锋龙股份,48.02,3.89,1.8,125669.0,592754242.84,7.1,48.29,45.01,47.17,46.22,1.07,6.2,791.7,11.12,10492651205.0,9727692701.0,0.04,0.1,-21.52,51.72
1180,603618,杭电股份,23.84,3.88,0.89,797916.0,1889962403.0,4.88,24.15,23.03,23.5,22.95,1.24,11.54,50.97,6.09,16482394685.0,16482394685.0,0.0,-0.13,-36.09,195.78
1181,300953,震裕科技,94.67,3.88,3.54,66380.0,619903385.23,5.88,95.48,90.12,91.77,91.13,1.02,3.79,20.45,4.89,23055803806.0,16571998458.0,0.0,0.07,-45.2,-21.1
1182,002962,五方光电,12.6,3.87,0.47,103770.0,129420667.15,4.29,12.69,12.17,12.2,12.13,1.1,4.96,227.35,2.11,3674983435.0,2635718463.0,0.0,0.16,-31.11,-14.4
1183,688248,南网科技,47.26,3.87,1.76,77225.0,361622002.0,7.23,47.99,44.7,46.18,45.5,1.4,1.37,135.29,8.32,26687722000.0,26687722000.0,0.0,0.08,-25.11,6.06
1184,000725,京东方Ａ,5.63,3.87,0.21,17534731.0,9759234704.94,4.24,5.66,5.43,5.46,5.42,0.98,4.96,30.54,1.56,208559567000.0,199116965079.0,0.18,0.18,36.32,35.66
1185,002805,丰元股份,17.43,3.87,0.65,160202.0,276510036.16,5.07,17.54,16.69,16.8,16.78,0.94,5.75,15.86,5.22,4881489514.0,4859750993.0,0.06,0.17,-31.54,-1.69
1186,301306,西测测试,86.16,3.87,3.21,31150.0,266678845.59,4.59,86.77,82.96,83.69,82.95,0.92,5.35,-46.74,8.65,7271904000.0,5019897000.0,0.01,0.09,-49.22,-24.66
1187,000534,万泽股份,25.85,3.86,0.96,118091.0,302745160.13,6.07,26.2,24.69,25.08,24.89,0.79,2.35,42.51,7.67,13171829139.0,12990608360.0,0.0,0.0,-32.63,17.5
1188,688692,达梦数据,239.91,3.86,8.91,20829.0,495002229.0,3.34,240.95,233.23,236.0,231.0,0.91,2.81,44.86,7.2,27167408400.0,17792855096.0,-0.15,-0.04,-15.77,-7.82
1189,688272,富吉瑞,27.5,3.85,1.02,18680.0,51086545.0,5.59,27.96,26.48,27.0,26.48,0.98,2.46,-38.86,5.24,2090000000.0,2090000000.0,0.22,0.4,-38.4,-15.8
1190,002712,思美传媒,4.85,3.85,0.18,243128.0,116241736.6,3.64,4.85,4.68,4.7,4.67,1.01,4.49,202.22,1.91,2639739560.0,2623366324.0,1.04,0.62,-15.8,-12.77
1191,688611,杭州柯林,61.17,3.85,2.27,34260.0,206040368.0,6.45,61.8,58.0,59.49,58.9,2.17,2.23,-780.33,10.88,9382841832.0,9382841832.0,0.13,0.03,-11.35,20.29
1192,300905,宝丽迪,37.07,3.84,1.37,54471.0,200528471.59,5.66,37.52,35.5,35.55,35.7,1.12,3.9,47.18,3.44,6636111851.0,5176685783.0,-0.13,0.03,-52.49,16.1
1193,300153,科泰电源,21.11,3.84,0.78,87098.0,181973996.92,4.67,21.25,20.3,20.42,20.33,1.07,2.74,83.02,7.38,6755200000.0,6719948791.0,-0.05,-0.05,-31.42,-27.21
1194,300540,蜀道装备,26.25,3.84,0.97,94602.0,245561619.85,4.59,26.33,25.17,25.44,25.28,0.78,4.58,121.55,5.27,5974285538.0,5426589158.0,0.11,0.38,-17.92,31.58
1195,688157,松井股份,18.74,3.82,0.69,24365.0,45193978.0,6.04,18.99,17.9,17.9,18.05,0.82,1.3,-128.61,2.62,3517822127.0,3517822127.0,0.0,0.0,-37.74,-37.86
1196,300263,隆华科技,8.97,3.82,0.33,693862.0,615076171.85,4.75,9.01,8.6,8.75,8.64,1.36,7.11,35.99,2.25,9284006529.0,8750485227.0,0.22,0.34,-21.11,2.16
1197,002816,*ST和科,25.25,3.82,0.93,16134.0,40294579.0,3.08,25.25,24.5,24.98,24.32,0.78,1.61,-153.75,10.6,2525000000.0,2525000000.0,0.36,0.36,2.56,12.37
1198,002947,恒铭达,54.16,3.81,1.99,66483.0,358116357.96,5.58,54.97,52.06,52.15,52.17,0.85,3.35,22.92,4.46,13876297638.0,10740130992.0,0.02,0.15,-36.99,5.08
1199,300912,凯龙高科,22.89,3.81,0.84,57257.0,128884557.8,6.39,23.1,21.69,22.0,22.05,1.06,6.66,64.44,5.82,2606823072.0,1967950010.0,0.04,0.13,-25.02,38.73
1200,300111,向日葵,3.0,3.81,0.11,475831.0,142072172.9,3.81,3.03,2.92,2.95,2.89,1.3,3.7,-185.12,5.7,3861632142.0,3861632142.0,0.0,0.33,-26.65,-51.06
1201,603217,元利科技,22.1,3.8,0.81,62959.0,137552611.0,5.12,22.27,21.18,21.78,21.29,2.46,3.03,18.94,1.35,4598735960.0,4598735960.0,0.0,0.05,-24.11,-12.72
1202,920211,新睿电子,103.43,3.8,3.79,7004.0,71139243.7,5.91,103.89,98.0,100.0,99.64,0.87,6.04,56.98,8.57,3557992000.0,1199443682.0,0.03,0.13,310.6,310.6
1203,300840,酷特智能,18.07,3.79,0.66,89221.0,161440243.4,5.69,18.4,17.41,17.41,17.41,0.94,5.04,87.39,3.44,4336800000.0,3199928389.0,0.06,0.17,-26.21,-11.2
1204,688109,品茗科技,71.47,3.79,2.61,11937.0,84282382.0,4.43,71.8,68.75,69.12,68.86,1.11,1.51,-101.88,7.28,5634859181.0,5634859181.0,0.01,0.18,-23.45,-43.66
1205,920169,七丰精工,18.34,3.79,0.67,22300.0,40764598.53,4.13,18.68,17.95,18.1,17.67,1.05,4.39,335.07,4.4,1481873651.0,932434687.0,0.05,0.16,-37.11,-41.5
1206,603122,合富中国,11.23,3.79,0.41,182350.0,204816402.0,5.55,11.44,10.84,11.04,10.82,1.29,4.58,-134.88,4.28,4470131069.0,4470131069.0,-0.18,0.0,-30.81,-53.98
1207,002438,江苏神通,14.5,3.79,0.53,424188.0,627676599.09,7.66,15.37,14.3,14.79,13.97,5.45,9.05,21.52,1.99,7359293185.0,6798769672.0,0.0,0.0,-15.84,-7.64
1208,603895,天永智能,23.56,3.79,0.86,27258.0,63184973.0,6.7,23.95,22.43,22.75,22.7,1.23,2.52,121.97,12.41,2546364800.0,2546364800.0,-0.46,-0.34,-28.99,-19.2
1209,603699,纽威股份,50.4,3.79,1.84,108683.0,543800911.0,6.86,51.39,48.06,49.0,48.56,1.08,1.43,28.3,9.3,39074258110.0,38210393491.0,0.04,0.18,-22.09,-1.06
1210,600497,驰宏锌锗,9.6,3.78,0.35,1538644.0,1466809258.0,3.24,9.61,9.31,9.32,9.25,1.42,3.05,18.28,2.87,48387652637.0,48387652637.0,0.0,0.1,-5.33,32.6
1211,002653,海思科,61.12,3.77,2.22,80477.0,489401296.14,3.24,61.48,59.57,59.99,58.9,0.85,1.5,30.85,15.06,68449386326.0,32808368449.0,-0.03,0.02,10.29,19.73
1212,300624,万兴科技,54.16,3.77,1.97,140831.0,755411232.03,3.83,54.4,52.4,52.53,52.19,0.97,8.22,-54.56,10.72,10471095308.0,9273990979.0,0.0,0.02,-23.41,-23.34
1213,300497,富祥股份,16.5,3.77,0.6,286542.0,471684408.58,3.77,16.68,16.08,16.13,15.9,0.77,6.33,36.31,3.96,8887707411.0,7466912822.0,0.06,0.06,-8.54,9.2
1214,600683,京投发展,8.26,3.77,0.3,244388.0,201486153.0,7.79,8.5,7.88,8.03,7.96,0.94,3.3,-11.92,-4.86,6118822951.0,6118822951.0,0.0,0.24,-56.41,93.44
1215,601929,吉视传媒,2.48,3.77,0.09,1103728.0,269807753.0,3.77,2.49,2.4,2.41,2.39,1.12,3.16,-21.62,1.85,8654674657.0,8654674657.0,0.0,0.0,-18.15,-27.91
1216,300327,中颖电子,22.04,3.77,0.8,128017.0,279993190.07,3.95,22.17,21.33,21.36,21.24,1.19,3.78,91.82,4.24,7523798591.0,7468347251.0,0.05,0.23,-21.93,-21.09
1217,000681,视觉中国,18.77,3.76,0.68,535618.0,989631088.87,3.7,18.78,18.11,18.13,18.09,1.23,7.92,13.76,3.43,13149838474.0,12691054757.0,0.05,0.27,-17.09,-21.17
1218,002635,安洁科技,14.07,3.76,0.51,196073.0,272184706.63,4.2,14.11,13.54,13.69,13.56,0.71,4.96,66.5,1.62,9281792938.0,5565150844.0,0.07,0.14,-14.36,2.63
1219,603192,汇得科技,22.7,3.75,0.82,61293.0,137799305.0,3.43,22.85,22.1,22.3,21.88,2.02,4.4,62.63,1.76,3795289749.0,3164526801.0,0.31,0.4,-2.28,-12.66
1220,688520,神州细胞,35.1,3.75,1.27,34045.0,119674508.0,4.85,35.75,34.11,34.29,33.83,1.81,0.76,-23.49,233.1,16508783561.0,15631283561.0,-0.2,-0.03,-20.61,-18.96
1221,300845,捷安高科,10.51,3.75,0.38,64936.0,67666741.18,3.55,10.56,10.2,10.38,10.13,0.83,4.52,-38.78,2.77,2161287961.0,1511147737.0,-0.19,-0.1,-32.32,-5.06
1222,002718,友邦吊顶,80.8,3.75,2.92,10872.0,86856233.5,3.79,81.12,78.17,79.44,77.88,0.74,1.16,2854.53,11.36,10459384583.0,7593650579.0,0.05,0.37,3.0,124.82
1223,600160,巨化股份,41.35,3.74,1.49,426205.0,1741771063.0,4.94,41.61,39.64,40.0,39.86,1.14,1.58,23.79,5.42,111634500449.0,111634500449.0,0.0,0.12,16.87,9.22
1224,688321,微芯生物,26.88,3.74,0.97,93365.0,250138704.0,3.98,27.15,26.12,26.2,25.91,0.9,2.29,105.28,4.89,11906261795.0,10961883099.0,-0.07,-0.11,-14.23,-7.82
1225,603488,展鹏科技,8.04,3.74,0.29,83648.0,66994414.0,6.06,8.22,7.75,7.8,7.75,0.93,2.86,-31.45,3.03,2347603138.0,2347603138.0,-0.12,-0.12,-33.94,3.08
1226,920768,拾比佰,6.93,3.74,0.25,15824.0,10632259.5,3.74,6.93,6.68,6.72,6.68,0.62,1.47,17.22,1.53,1076630940.0,744209353.0,2.67,2.97,-23.17,-18.47
1227,002245,蔚蓝锂芯,16.37,3.74,0.59,791044.0,1290586650.22,5.83,16.75,15.83,15.9,15.78,1.03,4.92,35.69,3.62,27954060154.0,26300038038.0,-0.12,-0.06,6.85,36.87
1228,300251,光线传媒,12.24,3.73,0.44,812964.0,981417279.33,6.78,12.5,11.7,11.82,11.8,1.55,2.93,385.67,3.74,35907122408.0,33970489754.0,0.0,0.0,-15.88,-24.58
1229,000949,新乡化纤,6.39,3.73,0.23,618054.0,388993360.67,7.63,6.49,6.02,6.18,6.16,1.37,3.73,22.82,1.56,10587590502.0,10585044892.0,0.0,0.16,-15.25,16.61
1230,300551,古鳌科技,9.73,3.73,0.35,104408.0,100204652.68,5.01,9.77,9.3,9.47,9.38,0.74,3.08,-23.99,10.8,3308811423.0,3299178908.0,-0.21,0.21,-38.77,-41.53
1231,301365,矩阵股份,35.29,3.73,1.27,25719.0,89195305.88,3.85,35.33,34.02,34.5,34.02,0.68,2.09,-103.5,3.75,6437912387.0,4345006753.0,0.0,0.11,-9.09,50.11
1232,688656,浩欧博,85.43,3.73,3.07,5293.0,45319823.0,5.31,87.54,83.17,83.17,82.36,1.23,0.83,7645.04,6.66,5426395792.0,5426395792.0,0.06,0.11,-40.18,-44.38
1233,002923,润都股份,10.88,3.72,0.39,129477.0,141186224.0,6.39,11.28,10.61,10.61,10.49,1.92,5.02,58.38,3.46,3643638952.0,2807962983.0,0.09,0.0,-16.82,-10.45
1234,688607,康众医疗,36.49,3.72,1.31,27164.0,98487937.0,5.09,36.97,35.18,35.18,35.18,0.9,3.42,-49.61,3.83,3215828195.0,2894716195.0,0.5,0.27,-45.57,-14.74
1235,000571,新大洲A,6.69,3.72,0.24,581173.0,387114140.88,6.2,6.85,6.45,6.54,6.45,2.06,7.14,-42.49,372.31,5613773010.0,5445607484.0,-0.45,0.15,28.16,14.16
1236,000592,平潭发展,6.43,3.71,0.23,1863372.0,1186877489.6,4.68,6.49,6.2,6.2,6.2,1.32,9.73,-1717.46,7.01,12421351136.0,12314044447.0,0.0,0.16,-45.78,-58.25
1237,603626,科森科技,13.74,3.7,0.49,287701.0,390699217.0,5.13,13.83,13.15,13.37,13.25,0.96,5.18,4.94,3.35,7624046941.0,7624046941.0,-0.07,0.0,-50.25,-34.38
1238,301555,惠柏新材,30.0,3.7,1.07,21740.0,64262327.05,3.77,30.0,28.91,29.16,28.93,1.04,4.5,51.04,2.45,2768001000.0,1450342500.0,0.27,0.13,-22.56,-9.67
1239,301314,科瑞思,39.2,3.7,1.4,12113.0,47289347.0,6.19,39.69,37.35,37.73,37.8,1.28,6.63,529.74,2.08,2165800000.0,715688590.0,0.0,0.51,-29.38,-6.18
1240,688511,天微电子,21.0,3.7,0.75,15700.0,32694084.0,4.44,21.15,20.25,20.25,20.25,0.9,1.17,130.5,3.42,2807235585.0,2807235585.0,0.0,0.1,-12.9,-3.85
1241,300493,润欣科技,13.21,3.69,0.47,157419.0,205168872.63,3.85,13.24,12.75,12.84,12.74,1.04,3.11,100.45,5.9,6770403031.0,6692335233.0,0.0,-0.08,-23.33,-34.18
1242,300128,锦富技术,4.5,3.69,0.16,389445.0,173690850.0,3.46,4.51,4.36,4.37,4.34,1.13,3.0,-26.72,13.86,5846019354.0,5838593679.0,0.0,0.0,-37.41,-38.36
1243,002785,万里石,33.98,3.69,1.21,54048.0,180849637.0,6.07,34.09,32.1,32.77,32.77,1.04,2.79,3204.19,9.68,7700537236.0,6574960882.0,-0.03,0.21,-39.86,-3.79
1244,000938,紫光股份,34.32,3.69,1.22,2391766.0,8125358877.41,5.68,34.59,32.71,33.61,33.1,0.69,8.36,31.15,6.4,98157941276.0,98157694172.0,0.0,0.09,8.5,39.85
1245,301222,浙江恒威,23.69,3.68,0.84,18752.0,44168502.68,4.99,23.94,22.8,22.95,22.85,0.97,1.76,32.23,2.34,3324612906.0,2525357506.0,0.0,0.04,-34.9,18.39
1246,301348,蓝箭电子,19.14,3.68,0.68,120453.0,228347103.95,4.01,19.23,18.49,18.66,18.46,1.17,7.76,-142.92,3.13,4593600000.0,2969363695.0,0.05,0.31,-32.72,-5.2
1247,300948,冠中生态,17.49,3.68,0.62,50541.0,88176260.98,7.88,18.17,16.84,17.37,16.87,0.94,3.26,6455.05,2.89,2874956336.0,2713620933.0,-0.11,-0.11,-24.29,-19.36
1248,301590,优优绿能,73.35,3.67,2.6,7262.0,52911163.49,3.86,73.88,71.15,71.15,70.75,0.77,2.98,-231.51,2.27,4318435700.0,1787730210.0,0.01,0.07,-46.55,-41.82
1249,688097,博众精工,40.64,3.67,1.44,47646.0,192783947.0,6.15,41.22,38.81,38.81,39.2,0.75,1.07,159.34,3.83,18151765170.0,18151765170.0,-0.07,-0.05,-34.71,8.09
1250,300137,先河环保,11.59,3.67,0.41,337257.0,386682077.93,7.69,11.83,10.97,11.17,11.18,0.93,6.36,1195.59,3.83,6218987814.0,6143095289.0,-0.09,0.0,-38.48,12.2
1251,688156,路德科技,19.81,3.66,0.7,29866.0,58405819.0,4.97,19.95,19.0,19.29,19.11,0.82,2.97,45.16,2.58,1995147450.0,1995147450.0,0.05,0.46,-27.96,23.74
1252,688270,ST臻镭,63.03,3.65,2.22,78310.0,490156138.0,4.16,63.63,61.1,61.6,60.81,1.07,2.61,119.24,8.23,18878407948.0,18878407948.0,0.02,0.14,-41.43,-27.75
1253,002518,科士达,32.13,3.65,1.13,113446.0,360649074.42,4.39,32.31,30.95,31.31,31.0,0.94,2.01,33.73,3.97,18706892270.0,18158343303.0,0.03,0.16,-34.04,-33.16
1254,300693,盛弘股份,36.06,3.65,1.27,107954.0,386278623.42,3.62,36.24,34.98,35.28,34.79,1.06,4.02,33.1,5.38,11279417377.0,9694840082.0,0.0,0.14,-38.7,-4.55
1255,300426,华智数媒,5.97,3.65,0.21,118694.0,69776076.0,4.17,5.98,5.74,5.78,5.76,0.85,2.97,-40.09,28.93,2688785376.0,2388000000.0,0.0,0.34,-17.88,-22.67
1256,300232,洲明科技,5.41,3.64,0.19,252337.0,134858468.62,4.6,5.45,5.21,5.27,5.22,1.43,2.85,-17.73,1.31,5883089087.0,4791323696.0,-0.18,-0.37,-16.51,-23.48
1257,002167,东方锆业,15.4,3.63,0.54,845087.0,1290579481.42,5.38,15.52,14.72,14.82,14.86,1.11,11.14,147.32,6.7,11929968820.0,11684179630.0,0.0,0.2,12.24,24.7
1258,300876,蒙泰高新,14.57,3.63,0.51,28047.0,40853230.9,4.69,14.79,14.13,14.31,14.06,0.87,2.47,-64.83,2.17,2215187162.0,1652278854.0,-0.27,-0.21,-34.46,-42.23
1259,603125,常青科技,20.55,3.63,0.72,44865.0,91453277.0,4.74,20.7,19.76,19.9,19.83,0.96,1.11,25.58,3.31,8319387506.0,8319387506.0,-0.15,0.0,-14.52,22.03
1260,002742,冀衡医药,3.72,3.62,0.13,154603.0,57174878.0,5.57,3.8,3.6,3.63,3.59,1.89,2.95,-78.81,15.87,2544859593.0,1949131658.0,0.0,-0.27,-24.7,-17.7
1261,300243,瑞丰高材,13.44,3.62,0.47,136675.0,182281060.18,4.7,13.55,12.94,13.12,12.97,0.72,6.11,31.88,2.42,3757314275.0,3005840638.0,0.0,0.07,-24.96,29.98
1262,603073,彩蝶实业,16.33,3.62,0.57,25552.0,41405962.0,3.49,16.46,15.91,15.91,15.76,1.78,5.02,35.77,1.38,1894280000.0,831080208.0,0.06,0.37,-21.83,-12.63
1263,688310,迈得医疗,13.77,3.61,0.48,21825.0,29714405.0,3.69,13.81,13.32,13.32,13.29,1.08,1.33,-29.72,2.91,2262749742.0,2262749742.0,-0.07,0.0,-21.22,-8.69
1264,301599,理奇智能,34.45,3.61,1.2,34729.0,118174194.28,4.21,34.48,33.08,33.44,33.25,0.98,6.35,58.34,7.06,14868620000.0,1884433465.0,0.0,0.2,-51.99,147.66
1265,603516,淳中科技,94.56,3.6,3.29,51895.0,486195549.0,4.34,95.44,91.48,92.68,91.27,0.87,2.55,2810.36,11.42,19221048462.0,19221048462.0,0.0,0.23,-31.12,-57.67
1266,600482,中国动力,27.92,3.6,0.97,273625.0,751955853.0,6.35,28.15,26.44,26.96,26.95,1.05,1.21,26.93,1.57,63329438595.0,63329438595.0,0.0,0.11,-25.92,36.2
1267,002429,兆驰股份,7.78,3.6,0.27,618024.0,477390089.56,3.99,7.85,7.55,7.59,7.51,0.86,1.37,42.0,2.13,35219597922.0,35199307963.0,0.13,0.39,-40.57,6.14
1268,300046,台基股份,23.88,3.6,0.83,69932.0,165276185.39,3.51,23.96,23.15,23.2,23.05,1.21,2.96,103.46,5.07,5648369139.0,5648369139.0,0.0,0.13,-28.93,-30.88
1269,603296,华勤技术,76.55,3.59,2.65,243735.0,1837681863.0,5.95,77.3,72.9,74.77,73.9,0.73,3.05,27.36,4.56,116065221993.0,61132527704.0,-0.01,0.0,-5.7,19.68
1270,603328,依顿电子,9.8,3.59,0.34,168421.0,163809099.0,3.7,9.85,9.5,9.5,9.46,0.8,1.69,64.94,2.35,9784737588.0,9784737588.0,0.0,0.2,-22.53,-9.18
1271,300599,雄塑科技,10.96,3.59,0.38,105807.0,114447586.76,4.63,11.0,10.51,10.79,10.58,1.37,5.63,30.42,2.04,3925121974.0,2060856936.0,0.0,0.09,-19.05,36.15
1272,301110,青木科技,37.5,3.59,1.3,52091.0,193959113.57,4.42,37.8,36.2,36.65,36.2,0.95,5.72,28.83,3.23,4858104975.0,3416944538.0,0.03,0.05,-25.46,-20.2
1273,002886,沃特股份,18.2,3.59,0.63,100233.0,180645493.03,3.98,18.23,17.53,17.75,17.57,1.13,4.79,92.07,2.61,4790304883.0,3805222585.0,0.0,0.0,-26.43,-15.94
1274,000925,众合科技,7.5,3.59,0.26,203109.0,150974700.0,3.73,7.52,7.25,7.3,7.24,0.74,3.03,-38.2,1.58,5072773935.0,5033643285.0,0.0,0.27,-23.23,-16.39
1275,301122,采纳股份,30.84,3.59,1.07,39805.0,121229962.64,5.64,30.98,29.3,29.6,29.77,0.46,5.26,71.9,2.04,3770056093.0,2332757893.0,-0.1,0.1,-10.3,18.52
1276,688180,君实生物-U,36.68,3.59,1.27,132198.0,480466141.0,3.45,36.84,35.62,35.9,35.41,1.03,1.72,-457.83,6.39,37658984468.0,28111338192.0,0.0,0.14,-12.83,7.38
1277,300558,贝达药业,58.16,3.58,2.01,122411.0,710675173.08,3.76,58.86,56.75,57.28,56.15,1.08,2.9,26.09,3.6,24620970800.0,24542967596.0,0.02,0.05,9.36,24.97
1278,300357,我武生物,24.28,3.58,0.84,108747.0,262143350.59,4.39,24.48,23.45,23.48,23.44,1.66,2.25,26.66,4.78,12712619520.0,11749436897.0,-0.08,0.0,-5.78,-13.59
1279,002079,苏州固锝,9.29,3.57,0.32,505712.0,466427920.71,3.79,9.36,9.02,9.02,8.97,1.11,6.23,24.83,2.08,8439858379.0,7535364052.0,0.0,0.0,-28.15,-2.52
1280,300968,格林精密,10.45,3.57,0.36,167895.0,173087039.25,4.76,10.52,10.04,10.11,10.09,0.74,4.06,-23.97,2.42,4319821000.0,4319821000.0,-0.1,-0.1,-18.1,-29.82
1281,920932,科达自控,12.19,3.57,0.42,26045.0,31354761.7,4.08,12.27,11.79,11.83,11.77,1.24,2.99,-58.84,2.13,1284220767.0,1062889691.0,-0.16,0.16,-21.35,-43.41
1282,605058,澳弘电子,24.72,3.56,0.85,24704.0,60452213.0,3.39,24.8,23.99,23.99,23.87,1.06,1.73,26.69,2.02,3533108966.0,3533108966.0,0.0,0.04,-35.83,-17.65
1283,600114,东睦股份,28.2,3.56,0.97,192135.0,534636198.0,4.81,28.25,26.94,27.33,27.23,0.99,3.12,35.36,5.28,17805014051.0,17382014051.0,0.04,0.11,-18.26,-6.78
1284,300004,南风股份,8.14,3.56,0.28,230096.0,185228672.38,4.33,8.18,7.84,7.89,7.86,1.13,4.79,-187.31,2.2,3907147888.0,3907147888.0,0.0,0.12,-39.79,-33.55
1285,002412,汉森制药,7.01,3.55,0.24,357013.0,250320802.56,6.2,7.24,6.82,6.82,6.77,0.79,7.17,22.96,1.55,3527432000.0,3489893450.0,-0.14,0.14,-1.27,14.73
1286,001358,兴欣新材,25.36,3.55,0.87,78182.0,194935403.73,8.04,25.86,23.89,24.25,24.49,0.86,15.34,36.31,2.19,3124352000.0,1292759171.0,-0.28,-0.04,-18.06,-0.78
1287,603051,鹿山新材,19.86,3.55,0.68,70501.0,140367956.0,7.61,20.45,18.99,19.24,19.18,1.28,4.36,40.14,1.89,3210029315.0,3210029315.0,0.05,0.15,-20.4,-6.28
1288,002181,粤 传 媒,9.04,3.55,0.31,486461.0,436762412.68,3.67,9.08,8.76,8.79,8.73,1.21,4.29,149.84,2.51,10495965893.0,10256215420.0,-0.22,-0.11,-52.57,4.87
1289,601958,金钼股份,21.95,3.54,0.75,491662.0,1072926721.0,4.29,22.16,21.25,21.33,21.2,1.19,1.52,20.35,3.43,70823966580.0,70823966580.0,0.0,0.18,3.34,40.89
1290,688053,ST思科瑞,32.73,3.54,1.12,4986.0,16190399.0,3.73,32.95,31.77,31.77,31.61,0.81,0.5,-235.7,2.07,3273000000.0,3273000000.0,0.09,0.12,-23.94,-10.94
1291,002076,星光股份,2.05,3.54,0.07,338859.0,68760269.0,4.04,2.07,1.99,2.0,1.98,1.19,3.25,-80.87,7.47,2273705207.0,2136653924.0,0.0,0.0,-12.39,1.99
1292,688358,祥生医疗,29.05,3.53,0.99,12085.0,34633627.0,3.99,29.25,28.13,28.77,28.06,1.1,1.08,17.69,2.4,3257249058.0,3252891558.0,0.03,0.21,-15.38,-0.58
1293,301218,华是科技,38.12,3.53,1.3,75642.0,287078127.48,5.13,38.69,36.8,36.8,36.82,0.7,10.8,-368.4,4.79,4347204800.0,2671024028.0,0.0,0.0,6.12,61.25
1294,002577,雷柏科技,18.48,3.53,0.63,60173.0,110275079.8,4.31,18.67,17.9,17.93,17.85,1.05,2.14,173.88,4.42,5187114240.0,5186837040.0,0.05,0.22,3.24,3.76
1295,688331,荣昌生物,111.35,3.52,3.79,57327.0,636886522.0,3.27,112.42,108.9,109.71,107.56,0.96,1.61,47.91,16.0,62854567732.0,39629046769.0,-0.04,0.07,-10.66,43.14
1296,301141,中科磁业,37.37,3.52,1.27,36617.0,135493613.27,4.63,37.73,36.06,36.17,36.1,2.49,8.23,187.63,3.68,4635098449.0,1663436049.0,0.13,0.27,-37.15,-28.16
1297,605020,永和股份,32.63,3.52,1.11,126127.0,407544451.0,3.49,32.75,31.65,31.78,31.52,1.0,2.51,16.25,2.76,16668014931.0,16410409696.0,0.12,0.18,17.8,23.41
1298,603303,得邦照明,19.4,3.52,0.66,27520.0,52915667.0,4.06,19.54,18.78,18.9,18.74,0.62,0.58,52.19,3.01,9252724755.0,9252724755.0,0.0,0.05,-4.48,54.09
1299,300157,新锦动力,4.41,3.52,0.15,695669.0,304948137.28,5.4,4.47,4.24,4.26,4.26,1.12,9.52,-20.58,-18.0,3375172363.0,3221982965.0,-0.23,0.23,-23.17,-2.86
1300,920662,方盛股份,18.84,3.52,0.64,15391.0,28671932.17,3.9,18.92,18.21,18.32,18.2,0.81,5.7,117.75,3.65,1649442038.0,508794585.0,0.05,-0.05,-23.35,-34.81
1301,600879,航天电子,15.59,3.52,0.53,927465.0,1433302145.0,3.98,15.72,15.12,15.21,15.06,1.18,2.81,411.12,2.47,51436076617.0,51436076617.0,0.0,0.06,-41.74,-26.81
1302,300614,百川畅银,10.33,3.51,0.35,39277.0,40483827.88,6.11,10.55,9.94,10.01,9.98,1.27,2.45,-20.41,2.29,1657352720.0,1657352720.0,0.19,0.1,-25.9,-18.53
1303,301381,赛维时代,23.62,3.51,0.8,75371.0,177134236.62,4.82,23.94,22.84,23.0,22.82,0.63,1.86,56.41,3.51,9601174236.0,9592245876.0,-0.08,-0.04,2.43,16.13
1304,688061,灿瑞科技,34.54,3.51,1.17,11250.0,38717112.0,4.61,35.05,33.51,34.32,33.37,0.57,0.98,-47.25,1.75,3968279565.0,3968279565.0,0.09,0.26,-11.91,6.54
1305,301236,软通动力,38.36,3.51,1.3,258496.0,982373484.44,3.16,38.48,37.31,37.41,37.06,1.1,3.29,-28.37,2.99,39709860781.0,30139806983.0,0.03,0.16,-10.08,-19.04
1306,001314,亿道信息,50.72,3.51,1.72,53916.0,269139133.32,3.73,50.9,49.07,49.88,49.0,0.83,4.34,42.15,3.47,7234396480.0,6294320909.0,-0.22,0.06,-13.05,13.65
1307,600078,澄星股份,10.03,3.51,0.34,202357.0,200917966.0,4.33,10.07,9.65,9.69,9.69,1.29,3.05,61.53,3.98,6788432996.0,6645605796.0,0.0,0.1,-38.2,4.59
1308,002733,雄韬股份,18.27,3.51,0.62,115343.0,209312428.52,3.97,18.35,17.65,17.94,17.65,0.88,3.13,82.95,2.62,7019606461.0,6739122607.0,0.05,0.27,-36.45,-6.45
1309,300691,联合光电,13.27,3.51,0.45,54942.0,72150405.65,4.37,13.33,12.77,12.95,12.82,1.07,2.49,-231.0,2.17,3570277125.0,2929194852.0,0.0,0.0,-24.0,-23.16
1310,688199,久日新材,21.32,3.5,0.72,43712.0,92501060.0,3.79,21.49,20.71,20.76,20.6,0.67,2.71,84.37,1.33,3437364991.0,3437364991.0,0.14,0.14,-26.13,-9.32
1311,300097,智云股份,8.27,3.5,0.28,105473.0,86489331.52,7.51,8.5,7.9,8.03,7.99,0.96,3.91,-35.52,12.05,2386305763.0,2232969865.0,-0.24,0.0,-26.88,14.23
1312,688539,高华科技,25.17,3.5,0.85,18337.0,45617162.0,4.48,25.3,24.21,24.5,24.32,0.79,0.99,-321.74,2.72,4679606400.0,4679606400.0,0.28,0.2,-41.82,-48.96
1313,300039,上海凯宝,5.64,3.49,0.19,442075.0,249276421.37,3.49,5.72,5.53,5.54,5.45,0.69,4.82,22.74,1.29,5899440000.0,5171463915.0,-0.18,0.0,-2.59,-4.89
1314,688136,科兴制药,18.43,3.48,0.62,41289.0,75853568.0,3.65,18.57,17.92,17.94,17.81,1.13,2.04,-51.89,2.21,3722583550.0,3722583550.0,0.05,0.11,-29.79,-41.34
1315,301225,恒勃股份,53.19,3.48,1.79,32045.0,169206289.6,8.05,54.15,50.01,52.0,51.4,1.03,7.28,72.05,4.88,7664263107.0,2339720709.0,0.25,0.34,-39.1,-55.12
1316,920117,龙鑫智能,27.06,3.48,0.91,44163.0,117329447.92,5.54,27.2,25.75,26.5,26.15,0.69,21.85,28.46,2.33,2431070725.0,546990921.0,0.11,0.15,51.77,51.77
1317,688489,三未信安,22.92,3.48,0.77,10145.0,23160436.0,3.34,23.1,22.36,22.39,22.15,0.87,0.6,-42.97,2.14,3886740251.0,3856919085.0,0.17,-0.13,-22.07,-26.3
1318,688597,煜邦电力,6.54,3.48,0.22,51180.0,33188335.0,3.32,6.56,6.35,6.38,6.32,1.01,1.52,-24.48,2.76,2197834205.0,2197834205.0,0.31,0.31,-25.17,-20.34
1319,603722,阿科力,29.7,3.48,1.0,21222.0,62523833.0,4.11,29.97,28.79,28.79,28.7,0.8,2.22,-55.83,3.27,2902287594.0,2842293594.0,0.41,0.17,-26.03,-24.75
1320,920047,诺思兰德,16.69,3.47,0.56,44419.0,73639519.28,3.04,16.74,16.25,16.33,16.13,1.18,2.47,-96.3,17.23,4577599246.0,3005976267.0,0.06,0.06,-45.74,-29.61
1321,688718,唯赛勃,12.82,3.47,0.43,24138.0,30923697.0,4.68,12.97,12.39,12.45,12.39,1.06,1.39,55.94,2.76,2227531267.0,2227531267.0,-0.08,0.08,-34.86,-1.99
1322,300347,泰格医药,51.35,3.47,1.72,258134.0,1326961004.99,6.37,52.99,49.83,51.24,49.63,1.59,4.56,225.38,2.12,44213687668.0,29088486423.0,-0.12,-0.35,-1.78,-9.24
1323,000977,浪潮信息,74.14,3.46,2.48,881450.0,6480510019.84,4.47,74.74,71.54,73.03,71.66,0.96,6.01,45.0,4.89,108872859202.0,108750909949.0,0.03,0.26,-2.4,11.39
1324,600118,中国卫星,61.84,3.46,2.07,378386.0,2311317785.0,4.02,62.16,59.76,60.02,59.77,1.18,3.2,-428.23,11.59,73125128108.0,73125128108.0,0.03,0.0,-46.74,-34.86
1325,000551,创元科技,13.14,3.46,0.44,291679.0,381293964.61,3.46,13.2,12.76,12.89,12.7,1.34,6.02,12.82,2.11,6369392224.0,6366950234.0,0.08,0.15,-22.98,-10.25
1326,002362,汉王科技,16.13,3.46,0.54,78616.0,126305295.61,5.32,16.42,15.59,15.62,15.59,1.76,3.79,-23.32,4.34,3943053440.0,3348490123.0,0.0,0.31,-16.47,-25.46
1327,002925,盈趣科技,22.75,3.46,0.76,135966.0,304870214.13,4.87,22.79,21.72,22.05,21.99,0.76,1.86,47.06,3.52,17555470956.0,16631344685.0,0.04,0.18,10.44,36.15
1328,603610,麒盛科技,15.0,3.45,0.5,151855.0,222561169.0,5.52,15.09,14.29,14.66,14.5,1.47,4.3,39.26,1.73,5294874315.0,5294874315.0,-0.4,-0.33,-11.87,-20.68
1329,002798,帝欧水华,5.41,3.44,0.18,80626.0,43129214.57,4.02,5.43,5.22,5.26,5.23,0.73,1.56,-54.34,1.65,3178454597.0,2795613042.0,0.0,0.19,-36.2,-5.58
1330,301191,菲菱科思,85.3,3.44,2.84,54171.0,457337006.5,4.85,85.99,81.99,83.28,82.46,0.85,7.41,107.76,4.89,8265320924.0,6231824710.0,0.02,0.06,-28.45,11.07
1331,603903,中持股份,11.43,3.44,0.38,82904.0,94305522.0,5.52,11.66,11.05,11.09,11.05,0.64,3.25,42.3,2.04,2918301656.0,2918301656.0,0.0,0.09,-9.5,-21.44
1332,600829,人民同泰,9.63,3.44,0.32,289928.0,274739080.0,3.76,9.68,9.33,9.5,9.31,1.22,5.0,28.81,1.82,5584327189.0,5584327189.0,0.1,0.31,-3.89,-10.92
1333,603779,威龙股份,7.53,3.43,0.25,195103.0,146351501.0,4.67,7.59,7.25,7.25,7.28,0.7,5.88,-83.36,5.1,2500583138.0,2500583138.0,0.13,0.13,1.07,16.93
1334,688251,井松智能,20.8,3.43,0.69,23774.0,49085579.0,4.08,20.92,20.1,20.39,20.11,1.02,2.38,-29.96,2.5,2092531272.0,2077988432.0,-0.29,0.05,-32.9,-29.13
1335,603356,华菱精工,15.43,3.42,0.51,25892.0,39420870.0,3.95,15.47,14.88,14.95,14.92,0.77,1.94,-24.69,6.81,2057436200.0,2057436200.0,0.0,0.0,-23.8,8.74
1336,000672,上峰材料,13.29,3.42,0.44,218181.0,287342611.78,4.67,13.4,12.8,12.83,12.85,0.63,2.25,100.95,1.49,12883265531.0,12883265531.0,-0.08,-0.23,-12.28,6.15
1337,603716,塞力医疗,16.64,3.42,0.55,299245.0,497026080.0,6.09,17.03,16.05,16.22,16.09,1.04,13.25,-53.61,3.41,3757158413.0,3757158413.0,0.0,0.24,-21.73,-19.03
1338,003019,宸展光电,22.7,3.42,0.75,50757.0,114417577.81,3.19,22.83,22.13,22.35,21.95,0.93,2.94,36.25,2.46,4016818549.0,3925468642.0,0.0,0.13,-35.29,-31.17
1339,300805,电声股份,8.47,3.42,0.28,172841.0,144666654.0,3.54,8.5,8.21,8.35,8.19,0.91,5.99,347.18,2.32,3595025027.0,2442335951.0,0.12,0.24,-20.99,-19.49
1340,688260,昀冢科技,100.0,3.42,3.31,101465.0,965823682.0,17.71,103.98,86.86,94.77,96.69,0.99,8.46,-56.71,74.31,12000000000.0,12000000000.0,0.0,-0.1,97.28,247.22
1341,603353,和顺石油,28.7,3.42,0.95,35664.0,101437663.0,4.68,28.86,27.56,27.84,27.75,0.81,2.09,55.4,3.08,4890996600.0,4890996600.0,-0.14,0.46,-45.0,5.4
1342,600800,渤海化学,3.34,3.41,0.11,258221.0,85383254.0,4.02,3.36,3.23,3.23,3.23,1.02,2.33,-6.49,3.79,3707551021.0,3706498921.0,0.0,0.0,-30.71,-3.47
1343,603313,梦百合,5.76,3.41,0.19,208732.0,118853183.0,3.95,5.79,5.57,5.58,5.57,1.01,3.66,-21.56,0.97,3286580458.0,3286580458.0,0.17,0.35,-8.43,-35.28
1344,603601,再升科技,8.79,3.41,0.29,920863.0,798367379.0,4.0,8.8,8.46,8.54,8.5,1.23,8.06,175.46,3.73,10041177135.0,10041177135.0,0.0,0.34,-50.87,-29.45
1345,920181,赛英电子,69.48,3.41,2.29,7694.0,53202208.86,4.57,70.37,67.3,67.5,67.19,1.03,7.68,27.8,3.91,3001536000.0,696189600.0,0.0,0.03,-39.03,148.14
1346,688267,中触媒,18.79,3.41,0.62,36133.0,67056594.0,4.9,18.9,18.01,18.42,18.17,0.8,1.58,33.88,1.52,4286680964.0,4286680964.0,-0.37,0.11,-22.8,-13.01
1347,301606,绿联科技,52.45,3.41,1.73,30757.0,159626377.8,5.62,53.11,50.26,51.0,50.72,0.72,1.86,22.89,6.46,21762019325.0,8654186903.0,0.15,0.31,-30.72,-9.79
1348,605255,天普股份,68.0,3.41,2.24,9048.0,60588012.0,3.42,68.0,65.75,66.5,65.76,0.67,0.67,-957.74,11.26,9117440000.0,9117440000.0,0.0,0.18,-40.04,-68.81
1349,603118,共进股份,13.63,3.41,0.45,1086080.0,1449045621.0,6.15,13.69,12.88,13.35,13.18,0.68,13.8,109.72,2.12,10730577414.0,10730577414.0,0.07,0.15,-14.33,18.83
1350,600237,铜峰电子,8.22,3.4,0.27,333273.0,271279793.0,4.03,8.26,7.94,7.98,7.95,1.01,5.34,52.75,2.66,5182625786.0,5134341835.0,0.0,0.24,-13.11,-7.43
1351,000066,中国长城,14.3,3.4,0.47,1155462.0,1635494750.07,3.69,14.34,13.83,13.95,13.83,0.95,3.58,-137.92,4.22,46128926958.0,46125362683.0,0.14,0.14,-38.89,-0.76
1352,300412,迦南科技,4.26,3.4,0.14,140516.0,59365307.05,3.64,4.28,4.13,4.14,4.12,1.23,3.0,-57.47,2.09,2120443274.0,1993090612.0,-0.23,0.0,-19.01,-19.47
1353,688697,纽威数控,13.73,3.39,0.45,105581.0,143187752.0,4.97,13.79,13.13,13.21,13.28,0.69,1.65,32.97,5.15,8790862230.0,8790862230.0,-0.07,-0.15,-5.38,28.8
1354,002025,航天电器,63.47,3.39,2.08,156475.0,995359647.15,4.04,64.68,62.2,63.5,61.39,0.9,3.45,137.93,4.37,28816634929.0,28807211348.0,0.0,0.02,-16.74,26.94
1355,002068,黑猫股份,7.92,3.39,0.26,254398.0,198805777.75,4.7,7.98,7.62,7.67,7.66,0.87,3.46,-15.31,2.5,5823933952.0,5821036222.0,0.13,0.25,-15.83,-10.2
1356,300834,星辉环材,38.68,3.39,1.27,19208.0,73519158.0,5.0,38.81,36.94,37.77,37.41,0.84,1.0,89.47,2.62,7492793814.0,7426492465.0,0.18,0.44,-14.42,67.59
1357,300894,火星人,11.63,3.38,0.38,139490.0,159740251.03,6.04,11.83,11.15,11.26,11.25,1.0,4.74,-22.13,4.86,4710198974.0,3420141224.0,-0.17,-0.09,8.59,-1.36
1358,603978,深圳新星,18.96,3.38,0.62,95650.0,180852519.0,5.94,19.29,18.2,18.7,18.34,1.02,4.53,55.46,2.41,4002347909.0,4002347909.0,0.05,0.26,-38.4,-32.86
1359,605366,宏柏新材,7.34,3.38,0.24,229893.0,167485793.0,3.66,7.37,7.11,7.12,7.1,0.99,2.97,-50.61,2.12,5672555318.0,5672555318.0,0.14,0.27,-39.49,18.39
1360,603637,镇海股份,12.53,3.38,0.41,88908.0,110237616.0,5.94,12.69,11.97,12.12,12.12,1.04,3.72,-397.12,2.93,2990734039.0,2990734039.0,0.08,0.32,-30.58,16.34
1361,301535,浙江华远,16.88,3.37,0.55,67820.0,113425589.5,5.08,17.01,16.18,16.33,16.33,0.83,3.99,65.71,6.17,7178964712.0,2866158472.0,0.0,-0.3,-13.75,-22.57
1362,002730,电光科技,21.19,3.37,0.69,85391.0,179390476.0,4.98,21.38,20.36,20.66,20.5,0.8,2.47,87.75,4.75,7672472657.0,7332373157.0,0.05,0.05,-39.37,41.83
1363,301468,博盈特焊,30.94,3.37,1.01,64554.0,196750636.71,5.45,31.14,29.51,30.13,29.93,1.15,6.62,166.98,2.29,5233440358.0,3016754825.0,-0.03,0.16,-31.21,-22.77
1364,688108,赛诺医疗,16.85,3.37,0.55,113646.0,189866961.0,4.42,17.05,16.33,16.33,16.3,1.11,2.72,71.97,7.1,7042491200.0,7042491200.0,0.0,0.06,-23.65,-12.42
1365,600580,卧龙电驱,35.67,3.36,1.16,1052456.0,3631693845.0,9.82,35.99,32.6,34.0,34.51,2.03,6.76,50.48,5.12,55720731617.0,55560751667.0,0.0,0.17,-12.23,-27.09
1366,920015,锦华新材,42.16,3.36,1.37,12893.0,54220329.66,4.88,42.67,40.68,41.33,40.79,0.44,3.22,49.06,3.47,5715490681.0,1686924470.0,-0.87,-0.57,0.48,-10.81
1367,000547,航天发展,15.06,3.36,0.49,711803.0,1061143050.92,3.98,15.14,14.56,14.71,14.57,1.22,4.48,-54.64,6.38,24072932131.0,23932163194.0,-0.07,0.13,-47.73,-54.38
1368,688589,力合微,17.83,3.36,0.58,42612.0,75184896.0,4.64,17.99,17.19,17.32,17.25,1.35,2.93,-175.48,2.77,2591207476.0,2591207476.0,0.06,0.22,-26.63,-21.28
1369,603887,城地香江,9.54,3.36,0.31,233592.0,222043795.0,3.68,9.64,9.3,9.3,9.23,1.22,3.88,-107.05,1.65,5743360676.0,5743360676.0,-0.1,0.1,-35.84,-29.44
1370,000722,湖南发展,13.55,3.36,0.44,279993.0,379949525.48,4.88,13.77,13.13,13.23,13.11,1.14,6.03,147.9,1.95,7741857364.0,6289344721.0,0.07,0.0,-7.26,15.32
1371,002132,恒星科技,4.0,3.36,0.13,597331.0,237568669.56,3.36,4.02,3.89,3.91,3.87,1.05,4.27,24.74,1.62,5606178792.0,5596745644.0,-0.25,0.0,-28.19,14.29
1372,002728,特一药业,9.24,3.36,0.3,223456.0,206455047.24,4.47,9.4,9.0,9.0,8.94,1.42,4.46,46.02,2.68,4742982663.0,4632094347.0,0.0,0.0,-9.59,-13.64
1373,301025,读客文化,8.95,3.35,0.29,108497.0,96560895.64,5.31,9.01,8.55,8.69,8.66,0.95,3.91,294.19,5.8,3582769130.0,2480499123.0,-0.11,-0.22,-23.44,-8.3
1374,000566,海南海药,5.86,3.35,0.19,2418604.0,1406735478.32,3.88,5.92,5.7,5.74,5.67,0.98,18.65,-24.86,1709.42,7602559638.0,7598870809.0,0.0,0.0,16.04,-18.04
1375,688636,智明达,18.58,3.34,0.6,99975.0,184309220.0,5.56,18.85,17.85,18.33,17.98,0.81,5.75,45.29,2.31,3231180986.0,3231180986.0,-0.16,0.05,-60.03,-56.53
1376,300043,星辉娱乐,4.95,3.34,0.16,611465.0,298551891.79,3.97,4.95,4.76,4.78,4.79,1.03,4.92,29.71,3.57,6158782085.0,6155520530.0,0.0,0.41,-14.66,-11.61
1377,603290,斯达半导,82.8,3.33,2.67,69044.0,566226486.0,4.02,83.5,80.28,80.75,80.13,1.06,2.88,186.17,2.9,19828402985.0,19828402985.0,0.12,0.29,-25.16,-13.37
1378,001306,夏厦精密,51.78,3.33,1.67,7576.0,38511650.0,4.51,51.91,49.65,50.11,50.11,1.13,4.89,-36.94,2.53,3258385950.0,802590000.0,0.0,-0.02,-28.58,-41.82
1379,300234,开尔新材,9.0,3.33,0.29,143214.0,127630809.0,5.28,9.12,8.66,8.87,8.71,0.63,4.16,291.29,4.01,4528539810.0,3095883396.0,0.11,0.0,16.73,63.64
1380,603257,中国瑞林,64.78,3.32,2.08,15452.0,99654864.0,5.28,65.7,62.39,63.3,62.7,1.31,6.21,37.74,3.1,7773600000.0,1613022000.0,0.15,0.28,-2.95,10.17
1381,688484,南芯科技,34.9,3.32,1.12,76204.0,264688640.0,5.21,35.46,33.7,34.0,33.78,0.94,1.77,1122.83,3.69,14993412662.0,14993412662.0,-0.03,0.0,-24.21,-13.64
1382,603880,南卫股份,6.85,3.32,0.22,50496.0,34439604.0,4.22,6.94,6.66,6.75,6.63,1.0,1.75,-97.24,11.5,1979937700.0,1979937700.0,0.15,0.15,-13.94,9.95
1383,920509,同惠电子,19.6,3.32,0.63,24516.0,47572978.18,3.43,19.6,18.95,18.95,18.97,0.64,2.92,68.58,9.42,3141991642.0,1646116035.0,0.31,0.62,-40.61,-47.44
1384,002103,广博股份,6.86,3.31,0.22,264138.0,180431502.96,7.53,7.07,6.57,6.67,6.64,2.99,6.81,45.05,2.92,3665112458.0,2662610134.0,0.15,-0.44,-16.75,-24.78
1385,603588,高能环境,13.12,3.31,0.42,601815.0,786057824.0,4.41,13.26,12.7,12.76,12.7,0.98,3.95,8.29,1.98,19984836076.0,19984836076.0,0.0,0.15,-9.7,72.18
1386,603881,数据港,26.24,3.31,0.84,540506.0,1406815109.0,3.7,26.39,25.45,25.8,25.4,1.55,6.27,126.29,6.77,22620254950.0,22620254950.0,0.0,0.15,-25.52,3.59
1387,600156,华升股份,7.8,3.31,0.25,109336.0,84879173.0,4.9,7.93,7.56,7.61,7.55,0.99,2.72,-135.42,8.58,3136463476.0,3136463476.0,0.0,0.13,-35.48,-5.45
1388,601179,中国西电,14.37,3.31,0.46,2864042.0,4061719562.0,6.4,14.57,13.68,14.1,13.91,1.49,5.59,53.13,3.19,73658929398.0,73658929398.0,0.0,0.07,-20.39,58.78
1389,688259,创耀科技,29.65,3.31,0.95,15994.0,47065577.0,3.73,29.87,28.8,29.0,28.7,0.95,1.43,79.72,2.11,3311905000.0,3311905000.0,0.1,-0.1,-25.6,-28.64
1390,002072,凯瑞德,7.21,3.3,0.23,52534.0,37543724.0,3.72,7.25,6.99,7.06,6.98,0.91,1.43,-147.45,11.47,2650972800.0,2649904278.0,0.0,0.14,1.41,-0.41
1391,603669,灵康药业,5.64,3.3,0.18,202700.0,113024837.0,3.85,5.67,5.46,5.48,5.46,0.63,2.85,339.79,7.14,4017547771.0,4017547771.0,0.18,0.36,20.51,23.68
1392,301617,博苑新材,46.98,3.3,1.5,14288.0,66627426.7,4.77,47.38,45.21,45.21,45.48,1.16,2.07,39.98,4.65,8161929360.0,3239364960.0,-0.02,-0.02,-4.51,-21.27
1393,688171,纬德信息,26.91,3.3,0.86,17787.0,47502472.0,5.11,27.14,25.81,26.6,26.05,0.55,1.52,-5275.59,3.82,3144453952.0,3144453952.0,0.07,0.07,-34.09,-19.48
1394,002475,立讯精密,55.48,3.3,1.77,1291502.0,7098816661.05,4.47,56.0,53.6,54.0,53.71,0.83,1.76,29.28,4.91,428598410402.0,406395169932.0,0.02,0.07,-26.92,-1.65
1395,605118,力鼎光电,29.23,3.29,0.93,44735.0,128155351.0,3.82,29.29,28.21,28.59,28.3,1.69,1.09,42.66,8.05,12021275950.0,11951226255.0,0.07,0.17,-37.27,-1.95
1396,300860,锋尚文化,24.77,3.29,0.79,23539.0,58005405.2,4.42,25.1,24.04,24.3,23.98,0.98,2.15,240.54,1.51,4667924409.0,2710256836.0,0.0,-0.04,-3.96,-6.84
1397,300738,奥飞数据,22.94,3.29,0.73,878776.0,2014427473.13,2.88,23.25,22.61,22.81,22.21,1.29,8.92,57.49,6.16,22600579301.0,22593468819.0,0.13,0.17,-13.43,24.13
1398,301008,宏昌科技,33.58,3.29,1.07,46655.0,155504579.12,7.11,34.39,32.08,33.1,32.51,0.9,4.03,765.52,2.92,4397745398.0,3883215848.0,0.09,0.21,4.32,-2.58
1399,688391,钜泉科技,25.18,3.28,0.8,18903.0,47133618.0,4.1,25.4,24.4,24.69,24.38,1.28,1.64,186.57,1.58,2910655409.0,2910655409.0,0.04,-0.04,-22.97,-10.17
1400,301259,艾布鲁,22.39,3.27,0.71,53489.0,118596363.36,3.74,22.47,21.66,21.88,21.68,0.76,3.69,131.22,5.78,5064618000.0,3247879876.0,0.0,-0.27,-24.13,-1.58
1401,920415,恒拓开源,9.18,3.26,0.29,35306.0,31998868.45,3.15,9.19,8.91,8.91,8.89,1.28,3.26,242.48,2.33,1289895451.0,993563729.0,0.0,0.11,-28.0,-34.71
1402,300102,乾照光电,18.04,3.26,0.57,328079.0,587698428.9,3.89,18.18,17.5,17.73,17.47,1.09,3.58,140.03,3.86,16602822889.0,16523264125.0,-0.06,0.0,-46.02,-34.42
1403,688332,中科蓝讯,81.37,3.26,2.57,48235.0,391438331.0,5.24,82.88,78.75,79.86,78.8,0.79,2.7,-618.64,2.88,14523351790.0,14523351790.0,0.0,-0.11,2.4,-6.87
1404,002709,天赐材料,37.11,3.26,1.17,534242.0,1969227821.16,3.67,37.26,35.94,35.98,35.94,0.82,3.54,11.43,4.1,75651026320.0,55999398915.0,0.03,0.19,-37.69,-19.29
1405,002606,大连电瓷,14.97,3.24,0.47,461878.0,677165291.77,5.17,14.99,14.24,14.76,14.5,0.99,10.96,27.62,3.37,6572926103.0,6307490204.0,0.07,0.13,-2.54,72.07
1406,920039,国义招标,7.98,3.23,0.25,14463.0,11452619.56,5.82,8.16,7.71,7.75,7.73,1.48,0.94,39.8,2.32,1227483600.0,1227482802.0,0.13,-0.13,-16.09,-28.37
1407,920152,昆工科技,13.73,3.23,0.43,9929.0,13370881.69,4.14,13.82,13.27,13.31,13.3,0.97,1.21,-14.5,8.5,1511723801.0,1127259540.0,-0.07,-0.44,-27.24,-38.15
1408,002517,恺英网络,18.58,3.22,0.58,1538981.0,2834736932.14,7.28,19.01,17.7,17.99,18.0,1.32,8.15,12.71,3.91,39695115288.0,35099230384.0,0.16,0.27,1.75,-14.65
1409,301166,优宁维,26.63,3.22,0.83,15053.0,39699448.68,3.68,26.78,25.83,25.9,25.8,1.14,2.67,-67.52,1.18,2294666303.0,1502477063.0,0.08,0.08,-16.83,-8.46
1410,300557,理工光科,25.0,3.22,0.78,27675.0,68742487.53,3.51,25.08,24.23,24.41,24.22,0.81,1.77,112.44,3.97,3928206025.0,3908666425.0,0.0,0.0,-16.16,-7.37
1411,300112,万讯自控,8.35,3.21,0.26,335848.0,276557812.33,8.03,8.49,7.84,8.0,8.09,1.64,14.14,-819.89,2.44,2404416785.0,1983905282.0,0.24,0.12,-2.91,-3.02
1412,600343,航天动力,18.64,3.21,0.58,225851.0,416450770.0,3.6,18.68,18.03,18.19,18.06,0.9,3.54,-133.76,9.34,11896166327.0,11896166327.0,0.0,0.16,-51.19,-61.94
1413,688775,影石创新,135.57,3.21,4.22,66844.0,892852790.0,7.46,137.8,128.0,130.09,131.35,1.57,2.58,160.61,9.37,54363570000.0,35161195377.0,0.16,0.38,-37.29,-42.29
1414,688088,虹软科技,34.7,3.21,1.08,74692.0,257555301.0,3.6,34.9,33.69,33.69,33.62,0.98,1.86,64.35,5.1,13920612880.0,13920612880.0,-0.46,-0.4,-20.78,-29.76
1415,300460,ST惠伦,8.35,3.21,0.26,48281.0,40110379.6,3.34,8.43,8.16,8.3,8.09,1.07,1.72,-70.13,5.1,2344715496.0,2344715496.0,0.0,0.12,-19.01,8.87
1416,300769,德方纳米,44.34,3.21,1.38,130612.0,574956535.46,4.21,44.66,42.85,43.03,42.96,0.98,5.19,11.72,2.38,12423537250.0,11162926575.0,0.02,0.11,-44.78,0.75
1417,603890,春秋电子,17.39,3.2,0.54,214865.0,374404912.0,4.75,17.78,16.98,17.17,16.85,1.21,4.81,31.99,2.42,7770402620.0,7770402620.0,0.06,0.12,-14.55,9.17
1418,688590,新致软件,13.23,3.2,0.41,65685.0,86264016.0,3.59,13.29,12.83,12.83,12.82,0.82,2.33,595.82,2.32,4139205868.0,3724472344.0,0.08,0.15,-16.0,-29.1
1419,300767,震安科技,16.75,3.2,0.52,66572.0,109700014.61,4.5,16.8,16.07,16.22,16.23,0.95,2.78,-608.55,3.05,4627874719.0,4018188136.0,0.0,-0.06,-33.51,-19.47
1420,301332,德尔玛,8.42,3.19,0.26,84971.0,71073371.63,5.02,8.51,8.1,8.16,8.16,2.22,3.21,44.62,1.34,3886356250.0,2229954821.0,0.12,0.12,-11.92,-8.38
1421,600888,新疆众和,9.39,3.19,0.29,643368.0,601428274.0,4.07,9.49,9.12,9.15,9.1,1.0,4.14,13.78,1.16,14583477061.0,14583477061.0,0.0,0.21,10.6,16.5
1422,600400,红豆股份,2.92,3.18,0.09,386155.0,111250281.0,3.89,2.93,2.82,2.85,2.83,0.67,1.69,298.66,4.82,6690805808.0,6690805808.0,0.0,0.34,1.74,22.69
1423,300665,飞鹿股份,9.42,3.18,0.29,143200.0,132502816.73,4.71,9.43,9.0,9.2,9.13,1.44,6.57,-90.38,4.8,2162273677.0,2053663140.0,-0.11,0.0,0.96,-3.48
1424,920046,亿能电力,22.4,3.18,0.69,73285.0,162660256.53,5.25,22.57,21.43,21.91,21.71,1.13,13.1,87.17,9.05,2265760000.0,1252765629.0,0.0,0.0,-21.92,67.54
1425,688585,上纬新材,157.33,3.18,4.85,55649.0,850265213.0,9.84,159.0,144.0,151.72,152.48,0.87,1.38,-386.31,48.79,63460900666.0,63460900666.0,-0.01,0.1,17.59,23.52
1426,300405,科隆股份,5.51,3.18,0.17,128136.0,69909513.3,4.12,5.56,5.34,5.34,5.34,1.43,5.86,320.36,4.02,1566893417.0,1205716708.0,0.0,0.36,-23.68,-13.64
1427,688049,炬芯科技,41.05,3.17,1.26,87007.0,350986254.0,5.91,41.6,39.25,40.1,39.79,0.73,4.97,36.91,3.51,7190632033.0,7190632033.0,-0.1,-0.07,-17.78,-21.57
1428,301269,华大九天,89.81,3.17,2.76,70835.0,633250858.77,2.27,90.18,88.2,89.1,87.05,0.91,1.29,-168.5,9.38,49204622137.0,49204622137.0,0.02,0.1,-4.73,-15.42
1429,601689,拓普集团,49.75,3.17,1.53,455524.0,2237712410.0,5.99,50.49,47.6,48.5,48.22,1.54,2.62,39.17,3.64,86457320105.0,86457320105.0,0.02,-0.02,-25.15,-35.13
1430,300752,隆利科技,9.79,3.16,0.3,73780.0,71572263.96,3.16,9.84,9.54,9.56,9.49,0.71,3.31,50.7,2.51,3160892190.0,2184853586.0,0.0,0.2,-33.22,-24.46
1431,920592,华信永道,21.54,3.16,0.66,26537.0,56683656.16,5.27,21.85,20.75,20.96,20.88,1.02,5.28,-60.13,5.24,1740324300.0,1083154215.0,0.09,0.09,-36.05,-45.29
1432,603319,美湖股份,23.5,3.16,0.72,119820.0,279685231.0,5.09,23.68,22.52,22.98,22.78,0.76,3.53,89.9,3.26,7970017433.0,7970017433.0,0.0,0.13,-39.97,-35.58
1433,301119,正强股份,20.56,3.16,0.63,15117.0,30952628.4,4.06,20.77,19.96,19.98,19.93,0.92,1.28,29.34,2.84,2993536000.0,2421022240.0,-0.24,-0.24,-34.14,-45.25
1434,000908,石药景峰,6.21,3.16,0.19,182647.0,112642835.64,2.99,6.25,6.07,6.07,6.02,0.98,2.08,744.3,5.24,10926797439.0,5463397478.0,0.0,0.0,-12.78,26.22
1435,600722,金牛化工,11.15,3.15,0.34,936719.0,1027373268.0,7.31,11.19,10.4,10.74,10.81,1.19,13.77,145.35,6.01,7585564387.0,7585564387.0,0.09,0.45,-20.87,87.71
1436,300708,聚灿光电,7.87,3.15,0.24,236491.0,183713140.73,3.54,7.89,7.62,7.68,7.63,1.51,3.28,48.18,2.51,7423985095.0,5677664433.0,-0.13,0.0,-15.38,-11.07
1437,300338,*ST开元,2.95,3.15,0.09,87211.0,25636475.96,4.9,3.01,2.87,2.89,2.86,1.26,2.49,-12.98,-9.34,1187742841.0,1032313389.0,0.34,0.34,-18.28,-22.37
1438,300813,泰林生物,19.3,3.15,0.59,25265.0,48559774.07,4.17,19.49,18.71,18.71,18.71,1.32,3.32,120.82,2.91,2339144927.0,1467785709.0,0.05,0.1,-24.11,-21.35
1439,002656,摩登大道,2.95,3.15,0.09,188104.0,55253824.96,6.29,3.02,2.84,2.88,2.86,1.34,2.74,-375.67,5.09,2101933540.0,2025583186.0,0.0,0.34,-9.23,4.61
1440,600711,盛屯矿业,10.84,3.14,0.33,893784.0,961693705.0,3.24,10.9,10.56,10.58,10.51,0.96,2.89,9.29,1.87,33502229213.0,33502229213.0,0.0,0.09,-24.57,-28.26
1441,600962,国投中鲁,27.61,3.14,0.84,118618.0,323673567.0,5.12,27.78,26.41,27.25,26.77,1.21,4.52,424.95,7.64,7239618100.0,7239618100.0,-0.04,-0.07,14.23,25.9
1442,920266,生物谷,7.23,3.14,0.22,40437.0,29069350.33,3.57,7.3,7.05,7.05,7.01,0.84,3.41,-47.74,1.02,896520051.0,856686004.0,0.0,-0.14,-12.04,-20.29
1443,920078,族兴新材,19.05,3.14,0.58,17075.0,32162770.62,3.95,19.12,18.39,18.5,18.47,0.97,4.38,60.19,2.34,2286000000.0,742717590.0,0.0,0.0,-44.04,176.89
1444,002437,誉衡药业,2.97,3.13,0.09,815299.0,241218349.0,3.47,2.99,2.89,2.89,2.88,1.38,3.88,17.44,2.77,6622708334.0,6237456937.0,0.0,0.34,-11.34,-3.26
1445,002023,海特高新,9.89,3.13,0.3,178862.0,174979301.16,3.96,9.93,9.55,9.68,9.59,0.92,2.44,71.81,1.97,7327107724.0,7260845179.0,0.0,0.1,-27.6,-26.96
1446,300634,彩讯股份,20.51,3.12,0.62,128583.0,262361998.59,3.07,20.67,20.06,20.15,19.89,1.09,2.96,91.4,3.1,9254335559.0,8906949485.0,-0.05,-0.15,-16.9,-18.25
1447,603087,甘李药业,70.0,3.12,2.12,99994.0,699735901.0,4.2,70.86,68.01,68.47,67.88,1.08,1.78,54.36,3.72,41855447830.0,39281008200.0,0.0,0.06,18.2,4.37
1448,688528,秦川物联,9.29,3.11,0.28,27081.0,24854478.0,2.66,9.31,9.07,9.07,9.01,1.35,1.61,-16.58,3.51,1560720000.0,1560720000.0,0.22,0.0,-27.25,-13.74
1449,688475,萤石网络,31.12,3.11,0.94,88791.0,275415559.0,4.44,31.49,30.15,30.35,30.18,1.11,1.13,29.91,4.16,24507000000.0,24507000000.0,0.06,-0.13,0.35,4.75
1450,300105,龙源技术,7.95,3.11,0.24,372774.0,297133452.0,5.45,8.12,7.7,7.75,7.71,0.79,7.23,84.33,2.29,4100724639.0,4098009317.0,0.13,0.13,17.26,13.41
1451,688176,亚虹医药-U,11.61,3.11,0.35,125922.0,145471648.0,3.55,11.74,11.34,11.4,11.26,0.89,2.2,-14.78,4.53,6643151070.0,6643151070.0,-0.17,0.0,-11.85,0.87
1452,002643,万润股份,13.28,3.11,0.4,220284.0,290182067.42,3.73,13.35,12.87,12.93,12.88,0.91,2.44,34.62,1.73,12163152332.0,11981414802.0,0.0,-0.08,-22.75,-10.69
1453,600875,东方电气,27.61,3.1,0.83,1126996.0,3077041606.0,6.24,28.07,26.4,27.08,26.78,2.05,4.98,15.06,2.12,95485328601.0,62491551688.0,0.0,0.11,-26.43,16.25
1454,601636,旗滨集团,5.98,3.1,0.18,824678.0,492632706.0,3.62,6.04,5.83,5.84,5.8,0.96,2.79,337.28,1.21,17692749293.0,17692749293.0,0.17,0.0,-7.29,2.75
1455,600126,杭钢股份,6.68,3.09,0.2,1118597.0,741310696.0,3.24,6.71,6.5,6.5,6.48,1.23,3.31,587.02,1.16,22559623074.0,22559623074.0,0.0,0.15,-28.63,-18.14
1456,000700,模塑科技,11.02,3.09,0.33,513681.0,560361692.9,5.99,11.14,10.5,10.86,10.69,0.95,5.6,15.56,2.55,10116529587.0,10116529587.0,0.0,0.0,-22.94,-21.57
1457,002056,横店东磁,20.71,3.09,0.62,275872.0,568386342.23,3.98,20.93,20.13,20.24,20.09,0.84,1.7,21.83,3.35,33689207053.0,33654404622.0,0.0,0.1,7.25,9.52
1458,002723,小崧股份,7.01,3.09,0.21,89925.0,62860944.2,5.29,7.18,6.82,6.84,6.8,1.06,2.84,-19.39,3.18,2329772631.0,2222519329.0,-0.43,0.14,-23.64,-17.24
1459,002633,申科股份,14.36,3.09,0.43,22635.0,32292540.6,3.23,14.44,13.99,14.1,13.93,0.92,1.51,103.51,5.01,2154000000.0,2146366770.0,0.0,0.21,-27.95,-12.71
1460,301290,东星医疗,26.33,3.09,0.79,17302.0,45635039.23,4.31,26.69,25.59,25.6,25.54,0.71,2.17,36.8,1.23,2637563884.0,2095302800.0,-0.15,0.15,-25.66,5.45
1461,301512,智信精密,29.35,3.09,0.88,14245.0,41477192.95,4.0,29.55,28.41,28.6,28.47,0.75,2.92,-21.21,2.12,2191469406.0,1429968981.0,0.0,-0.03,-25.47,-5.26
1462,301261,恒工精密,56.46,3.09,1.69,25921.0,144556244.43,5.53,57.06,54.03,54.7,54.77,1.11,2.48,24.03,3.74,5954736548.0,5904557723.0,0.02,0.04,-29.83,-33.79
1463,603799,华友钴业,40.78,3.08,1.22,606562.0,2448880218.0,3.06,40.86,39.65,39.65,39.56,1.14,3.21,7.73,1.56,77218052143.0,76976621494.0,0.0,0.1,-36.62,-39.82
1464,300913,兆龙互连,35.1,3.08,1.05,82056.0,284747063.67,3.7,35.22,33.96,34.56,34.05,1.16,2.87,61.96,4.64,12031617312.0,10033486632.0,0.0,0.06,-40.4,-33.1
1465,920489,佳先股份,12.72,3.08,0.38,25791.0,32494199.04,3.89,12.78,12.3,12.3,12.34,0.47,2.97,-3359.53,3.62,1735761024.0,1104420729.0,0.0,-0.08,-16.43,-29.33
1466,600831,广电网络,3.35,3.08,0.1,219353.0,73119157.0,6.77,3.46,3.24,3.27,3.25,1.6,3.09,-3.17,6.72,2381672423.0,2381672423.0,0.0,0.3,-14.32,-20.24
1467,688083,中望软件,49.46,3.08,1.48,40317.0,197804055.0,3.54,49.8,48.1,48.31,47.98,0.92,2.38,-54.76,3.25,8390703327.0,8390703327.0,-0.18,-0.18,-15.55,-27.01
1468,600847,万里股份,12.09,3.07,0.36,23530.0,28277774.0,3.84,12.18,11.73,11.92,11.73,0.54,1.54,-32.16,3.87,1853244666.0,1853244666.0,-0.41,-0.33,-18.64,4.04
1469,688448,磁谷科技,47.34,3.07,1.41,24233.0,113659821.0,7.66,48.28,44.76,45.01,45.93,0.92,2.48,-239.25,4.53,4616546620.0,4616546620.0,0.15,-0.11,-15.94,31.79
1470,300293,蓝英装备,15.77,3.07,0.47,98210.0,153046854.1,3.79,15.8,15.22,15.44,15.3,0.48,2.9,-1255.33,7.18,5337168932.0,5337168932.0,0.19,0.25,-19.75,-25.33
1471,300345,华民股份,5.71,3.07,0.17,219801.0,124335352.0,5.96,5.8,5.47,5.56,5.54,0.82,4.57,-13.7,8.19,3319409009.0,2743368506.0,-0.17,-0.17,-22.21,-8.93
1472,600821,金开新能,6.72,3.07,0.2,859428.0,573082601.0,3.83,6.78,6.53,6.6,6.52,1.03,4.37,-172.14,1.47,13220423684.0,13220423684.0,0.0,0.15,-23.81,31.76
1473,920116,星图测控,47.52,3.06,1.41,28760.0,135654431.24,3.58,47.69,46.04,46.11,46.11,1.4,1.29,188.2,18.3,10629511200.0,10629511200.0,0.02,-0.04,-38.9,-21.15
1474,600531,豫光金铅,12.14,3.06,0.36,444781.0,535651639.0,3.9,12.17,11.71,11.75,11.78,1.25,3.68,13.35,2.15,14680449154.0,14680449154.0,0.08,0.25,-26.25,5.2
1475,300977,深圳瑞捷,15.82,3.06,0.47,17784.0,27876107.5,3.84,15.89,15.3,15.3,15.35,1.11,1.88,-173.91,1.77,2408226821.0,1499768953.0,0.19,0.13,-29.41,-7.16
1476,002647,仁东控股,9.81,3.05,0.29,175070.0,169990815.0,3.89,9.85,9.48,9.5,9.52,0.47,1.72,58.95,17.82,11088161155.0,9960011155.0,0.1,0.1,-27.06,22.32
1477,301368,丰立智能,42.87,3.05,1.27,28666.0,121487608.48,5.26,43.12,40.93,41.49,41.6,1.15,2.39,4907.12,5.46,5148687000.0,5148687000.0,0.0,-0.05,-21.01,-31.59
1478,605258,协和电子,25.33,3.05,0.75,17394.0,43784655.0,3.86,25.56,24.61,24.65,24.58,0.95,1.98,109.01,1.9,2229040000.0,2229040000.0,0.04,-0.08,-34.19,-17.68
1479,002036,联创电子,7.09,3.05,0.21,603472.0,428200544.2,7.56,7.34,6.82,6.94,6.88,0.72,5.72,-19.37,7.77,7498370217.0,7483266525.0,0.14,0.0,-19.06,-35.66
1480,688682,霍莱沃,30.41,3.05,0.9,12160.0,36649844.0,4.13,30.72,29.5,29.72,29.51,0.89,1.19,119.34,5.18,3096920797.0,3096920797.0,0.0,-0.1,-40.0,-42.31
1481,605055,迎丰股份,8.78,3.05,0.26,58220.0,51121428.0,7.16,8.96,8.35,8.35,8.52,1.27,1.32,-52.81,4.04,3863200000.0,3863200000.0,-0.23,-0.23,-32.77,-9.02
1482,002485,ST雪发,5.41,3.05,0.16,34500.0,18530446.8,5.33,5.46,5.18,5.27,5.25,1.69,0.63,-46.92,2.9,2943040000.0,2943040000.0,0.19,0.37,8.2,28.81
1483,600500,中化国际,4.73,3.05,0.14,729739.0,342649830.0,3.7,4.77,4.6,4.62,4.59,0.86,2.03,-19.66,1.67,16972688813.0,16972688813.0,0.0,0.0,-8.51,20.66
1484,300949,奥雅股份,21.95,3.05,0.65,15482.0,33529039.56,5.12,22.2,21.11,21.5,21.3,1.17,3.11,-165.77,3.39,1909650000.0,1091717075.0,1.06,1.06,-23.78,-18.79
1485,301107,瑜欣电子,18.22,3.05,0.54,16198.0,29465819.42,5.49,18.45,17.48,17.87,17.68,0.95,1.97,57.28,2.78,2590679717.0,1497879501.0,0.22,0.11,-9.17,-8.72
1486,002005,德豪润达,2.37,3.04,0.07,310311.0,73422945.0,6.52,2.45,2.3,2.31,2.3,1.64,1.77,111.81,12.49,4153246913.0,4152178991.0,0.85,0.42,-17.99,-4.44
1487,300201,海伦哲,14.92,3.04,0.44,341564.0,504633747.14,4.83,15.08,14.38,14.55,14.48,0.89,3.4,87.53,8.12,15054930616.0,14974505968.0,0.0,-0.13,8.51,119.41
1488,300250,初灵信息,15.61,3.04,0.46,149645.0,231725369.05,3.56,15.7,15.16,15.38,15.15,0.7,9.51,-347.2,6.04,3336629367.0,2457395945.0,0.0,0.19,-25.38,-35.04
1489,301211,亨迪药业,10.84,3.04,0.32,121395.0,131423569.04,4.37,11.08,10.62,10.64,10.52,1.38,2.91,122.77,2.01,4526784000.0,4526744976.0,0.18,0.28,-9.44,-10.86
1490,688670,金迪克,14.89,3.04,0.44,12266.0,18183681.0,3.6,14.98,14.46,14.46,14.45,0.89,1.0,-20.49,1.7,1834448000.0,1834448000.0,0.0,-0.07,-25.55,-26.4
1491,300768,迪普科技,16.68,3.03,0.49,137461.0,227586486.3,2.66,16.72,16.29,16.3,16.19,0.89,3.27,58.36,3.08,10739068371.0,7016737386.0,0.0,0.06,-8.05,-9.59
1492,000603,盛达资源,26.5,3.03,0.78,519733.0,1361109894.9,4.04,26.7,25.66,26.0,25.72,0.98,7.8,23.44,4.87,18284187669.0,17667983514.0,0.0,0.08,-32.64,-14.07
1493,002876,三利谱,26.83,3.03,0.79,28007.0,74515042.68,3.69,26.96,26.0,26.04,26.04,0.79,1.88,35.01,1.94,4665332726.0,3996103611.0,0.04,0.07,-13.28,12.59
1494,300065,海兰信,16.33,3.03,0.48,393363.0,638869075.04,3.22,16.41,15.9,16.13,15.85,0.93,5.99,1753.42,6.71,11782734483.0,10727096852.0,-0.06,0.0,-38.45,-10.13
1495,300025,华星创业,4.76,3.03,0.14,186142.0,87453136.0,3.46,4.76,4.6,4.69,4.62,1.21,3.67,-129.18,5.68,2421854309.0,2411670750.0,0.21,0.21,-19.87,-17.36
1496,688126,沪硅产业,23.82,3.03,0.7,873151.0,2065319579.0,4.67,24.2,23.12,23.4,23.12,0.9,3.07,-40.74,4.68,78725657221.0,67698806993.0,0.0,-0.08,-1.53,10.07
1497,603690,至纯科技,21.84,3.02,0.64,482406.0,1040785310.0,5.9,22.17,20.92,21.41,21.2,0.7,12.6,-26.52,2.41,8363939220.0,8363939220.0,0.05,0.09,-17.58,-30.56
1498,002565,顺灏股份,9.21,3.02,0.27,434615.0,396995847.42,4.25,9.27,8.89,9.02,8.94,1.03,4.1,122.13,5.31,9762497972.0,9762187134.0,0.0,0.0,-57.73,-49.75
1499,600259,中稀有色,78.77,3.02,2.31,97507.0,760935225.0,3.15,79.01,76.6,77.95,76.46,0.96,2.9,38.77,7.34,26501056631.0,26501056631.0,0.11,0.41,-27.71,40.38
1500,002115,三维通信,11.6,3.02,0.34,817097.0,941276850.29,2.93,11.64,11.31,11.48,11.26,1.06,10.95,108.04,4.52,9338433051.0,8656688001.0,0.0,0.09,-24.77,-8.95
1501,300458,全志科技,33.14,3.02,0.97,741048.0,2407564388.73,7.71,33.5,31.02,32.5,32.17,0.7,9.1,40.55,10.33,32929141746.0,26982840693.0,0.09,0.12,-11.39,-4.93
1502,002527,新时达,11.58,3.02,0.34,117566.0,134029199.78,5.78,11.71,11.06,11.25,11.24,1.34,2.22,-255.51,6.17,7678249750.0,6124530370.0,-0.17,-0.09,-15.54,-34.72
1503,300984,金沃股份,32.04,3.02,0.94,32380.0,102216715.01,4.34,32.18,30.83,31.38,31.1,0.59,2.61,105.23,3.53,6166183675.0,3973905084.0,0.28,0.22,-36.01,-46.96
1504,301127,武汉天源,14.01,3.01,0.41,316540.0,440471619.26,6.76,14.28,13.36,13.85,13.6,0.77,4.84,52.79,2.81,9443794631.0,9168457586.0,0.07,0.14,0.86,-7.52
1505,301528,多浦乐,45.84,3.01,1.34,16734.0,76856181.4,5.53,46.77,44.31,45.0,44.5,0.75,3.62,-2770.53,2.64,4114369200.0,2120390305.0,0.0,0.09,-10.83,-2.09
1506,300162,雷曼光电,7.56,3.0,0.22,271530.0,203599952.32,3.81,7.6,7.32,7.41,7.34,1.03,7.94,-57.15,3.84,3171495827.0,2586743057.0,0.0,0.27,-18.71,-7.01
1507,688717,艾罗能源,57.69,3.0,1.68,49403.0,284860208.0,3.7,58.47,56.4,58.1,56.01,0.97,4.99,34.63,2.08,9230400000.0,5714068044.0,0.0,-0.26,-52.37,-6.35
1508,002379,宏桥控股,19.25,3.0,0.56,992917.0,1833385468.63,7.33,19.26,17.89,18.7,18.69,1.25,8.74,9.28,5.12,250849025389.0,21875194745.0,0.0,0.36,-16.88,-18.67
1509,688651,盛邦安全,22.65,3.0,0.66,11337.0,25572644.0,2.73,22.8,22.2,22.2,21.99,0.75,2.41,-36.9,2.54,2321465544.0,1064958855.0,0.18,0.09,-26.44,-30.07
1510,688066,*ST航图,9.97,3.0,0.29,131285.0,129360336.0,6.3,10.11,9.5,9.8,9.68,1.51,4.99,-6.06,-2.24,2625394287.0,2625394287.0,0.1,0.4,-31.0,-69.38
1511,002055,ST得润,5.5,3.0,0.16,135268.0,73988514.0,3.75,5.55,5.35,5.39,5.34,1.11,2.28,32.91,2.45,3324695094.0,3266945094.0,0.18,0.18,-10.13,-18.4
1512,002669,康达新材,11.73,2.99,0.34,129471.0,150342432.38,3.42,11.75,11.36,11.46,11.39,0.92,4.28,129.61,1.3,3558882000.0,3550879794.0,0.0,0.09,-17.97,-22.32
1513,688798,艾为电子,55.53,2.99,1.61,26129.0,143613259.0,3.45,55.56,53.7,54.13,53.92,1.01,1.92,63.39,3.12,12945633157.0,7537822117.0,-0.02,-0.02,-23.2,-26.63
1514,300134,大富科技,8.28,2.99,0.24,102901.0,84587012.28,2.36,8.3,8.11,8.14,8.04,1.04,1.34,-29.95,1.74,6354883490.0,6354883490.0,-0.12,0.0,-30.01,-33.76
1515,002208,合肥城建,10.69,2.99,0.31,502178.0,529717968.71,4.05,10.71,10.29,10.4,10.38,0.63,6.25,-86.24,1.45,8587190347.0,8584842534.0,-0.09,0.09,-28.11,-13.65
1516,688370,丛麟科技,22.04,2.99,0.64,5924.0,12999219.0,3.97,22.25,21.4,21.58,21.4,1.75,0.43,70.3,1.14,3021857653.0,3021857653.0,0.14,-0.09,-12.5,-8.77
1517,002580,圣阳股份,19.3,2.99,0.56,830621.0,1588646723.42,7.15,19.84,18.5,18.75,18.74,0.74,18.36,35.93,3.66,8759671565.0,8730138840.0,0.05,0.1,-43.62,55.65
1518,603023,威帝股份,3.79,2.99,0.11,79857.0,30023742.0,2.45,3.79,3.7,3.7,3.68,0.66,1.43,-167.45,2.75,2115264973.0,2115264973.0,0.26,0.26,-21.69,-24.65
1519,300204,舒泰神,22.41,2.99,0.65,231893.0,519922106.07,3.03,22.72,22.06,22.18,21.76,0.96,5.11,-359.7,5.95,12131526771.0,10166621467.0,0.0,0.0,-22.67,-17.97
1520,300727,润禾材料,27.32,2.98,0.79,27223.0,73711300.06,3.32,27.39,26.51,26.51,26.53,1.32,1.68,45.0,3.71,4921325137.0,4428817252.0,0.0,0.15,-21.27,-22.69
1521,301330,熵基科技,24.19,2.98,0.7,37557.0,90332888.4,2.98,24.3,23.6,23.65,23.49,0.92,1.93,112.55,1.7,5693153995.0,4700638561.0,0.0,0.12,-21.46,-25.73
1522,605123,派克新材,81.53,2.98,2.36,37108.0,301266702.0,2.54,82.0,79.99,81.7,79.17,2.09,3.06,28.83,2.14,9879062825.0,9879062825.0,0.05,0.21,-31.17,-21.32
1523,688458,美芯晟,31.49,2.98,0.91,16722.0,52627345.0,4.35,31.99,30.66,30.96,30.58,0.84,1.78,-162.8,1.93,3512288447.0,2951607738.0,-0.16,-0.1,-21.18,-20.56
1524,688069,德林海,34.65,2.97,1.0,26399.0,91495249.0,3.51,35.2,34.02,34.02,33.65,0.91,1.69,-190.23,4.37,5427334697.0,5427334697.0,0.03,-0.12,-11.83,118.89
1525,920072,科莱瑞迪,27.08,2.97,0.78,13255.0,35493475.82,3.8,27.2,26.2,26.64,26.3,0.6,9.16,35.27,2.88,2074328000.0,391712200.0,0.37,0.71,73.37,73.37
1526,000517,荣安地产,2.08,2.97,0.06,411891.0,84355492.07,3.47,2.08,2.01,2.05,2.02,0.67,1.65,-58.19,1.43,6622558769.0,5183331745.0,0.97,0.48,0.0,14.92
1527,688657,浩辰软件,30.84,2.97,0.89,24549.0,75331678.0,3.94,31.18,30.0,30.18,29.95,1.46,4.11,172.89,2.13,2942764272.0,1840979706.0,-0.1,0.59,-16.63,-14.62
1528,300305,裕兴股份,6.24,2.97,0.18,466649.0,278611162.3,9.74,6.3,5.71,5.98,6.06,3.68,14.52,-12.05,1.21,2342498321.0,2006009597.0,0.0,1.63,-8.24,4.87
1529,688206,概伦电子,32.55,2.97,0.94,68799.0,223633995.0,5.85,33.65,31.8,33.0,31.61,0.99,1.58,-289.03,7.09,14210641079.0,14210641079.0,-0.09,-0.12,-9.38,-6.47
1530,300584,海辰药业,33.28,2.97,0.96,36910.0,122805230.0,2.78,33.6,32.7,32.97,32.32,0.81,4.5,57.5,3.77,3993600000.0,2732619003.0,0.0,0.0,-21.88,-33.6
1531,600459,贵研铂业,19.06,2.97,0.55,186176.0,352834231.0,3.19,19.16,18.57,18.57,18.51,1.06,2.45,17.66,1.76,15691680948.0,14480001277.0,0.0,0.11,-10.22,3.81
1532,605299,舒华体育,12.19,2.96,0.35,137855.0,166988301.0,3.38,12.25,11.85,12.08,11.84,0.63,3.38,51.07,4.13,4969366965.0,4969366965.0,0.16,0.16,-51.34,7.97
1533,301089,拓新药业,23.67,2.96,0.68,44340.0,105179242.91,4.18,24.01,23.05,23.18,22.99,1.85,4.9,-71.25,2.03,2995308315.0,2141426391.0,0.13,0.21,-24.01,-15.46
1534,301106,骏成科技,16.35,2.96,0.47,29121.0,47436210.8,3.84,16.51,15.9,15.9,15.88,1.02,2.04,72.29,1.85,2337408573.0,2337408573.0,-0.37,-0.61,-36.28,-22.18
1535,300608,思特奇,10.45,2.96,0.3,132538.0,137417212.92,3.35,10.5,10.16,10.29,10.15,0.87,4.35,-13.42,2.54,3636904220.0,3180625306.0,0.1,0.38,-22.48,-5.6
1536,301696,三瑞智能,103.39,2.96,2.97,29788.0,303979805.1,5.43,104.05,98.6,100.66,100.42,0.86,9.9,79.36,20.85,41357033900.0,3110317970.0,0.01,0.01,-15.66,327.58
1537,688658,悦康药业,12.55,2.95,0.36,116908.0,146350896.0,3.36,12.66,12.25,12.29,12.19,1.02,2.6,-42.65,1.72,5647500000.0,5647500000.0,0.08,0.16,-42.64,-44.49
1538,600449,宁夏建材,13.59,2.95,0.39,128293.0,171314353.0,5.15,13.67,12.99,13.12,13.2,1.47,2.68,-358.96,0.89,6498480361.0,6498480361.0,-0.15,0.07,-1.45,11.39
1539,603183,建研院,4.19,2.95,0.12,160020.0,66154930.0,2.95,4.19,4.07,4.09,4.07,0.82,3.22,-120.77,1.31,2083072122.0,2083072122.0,0.0,0.48,-13.96,-2.78
1540,000158,常山北明,13.95,2.95,0.4,685007.0,956850326.53,7.53,14.57,13.55,13.68,13.55,1.92,4.31,-54.88,4.24,22300703258.0,22151366764.0,0.0,0.22,-21.36,-31.48
1541,002106,莱宝高科,10.14,2.94,0.29,223929.0,224354582.6,3.25,10.15,9.83,9.89,9.85,1.05,3.18,51.28,1.29,7156975862.0,7147711005.0,0.0,0.0,-8.07,-6.63
1542,603666,亿嘉和,23.82,2.94,0.68,42747.0,101426601.0,5.14,24.09,22.9,23.18,23.14,0.84,2.08,-24.11,2.31,4895734604.0,4895734604.0,-0.04,0.13,-22.16,-19.8
1543,603285,键邦股份,31.55,2.94,0.9,41856.0,130127559.0,5.91,31.81,30.0,30.75,30.65,0.84,6.72,39.71,3.0,5048000000.0,1965463409.0,-0.79,-0.54,-35.03,30.91
1544,300520,科大国创,26.37,2.93,0.75,126673.0,329024783.78,3.47,26.37,25.48,25.71,25.62,0.92,4.49,-49.57,4.5,7700857945.0,7442119249.0,0.19,0.27,-33.11,-24.42
1545,920075,柏星龙,15.83,2.93,0.45,17799.0,28041528.31,5.66,16.19,15.32,15.32,15.38,1.41,5.07,32.13,2.65,1026021450.0,556087337.0,-0.31,0.0,-25.96,-39.56
1546,688231,隆达股份,26.32,2.93,0.75,59008.0,154356550.0,6.41,26.76,25.12,25.83,25.57,0.92,1.85,44.2,3.01,8411326886.0,8411326886.0,-0.68,-0.49,-18.08,31.4
1547,300464,星徽股份,6.32,2.93,0.18,83930.0,52723495.0,3.75,6.38,6.15,6.21,6.14,0.65,2.36,229.26,16.67,2953333870.0,2244501706.0,0.16,0.64,-24.85,-0.32
1548,300730,科创信息,11.93,2.93,0.34,53009.0,62960977.0,3.11,12.04,11.68,11.7,11.59,1.1,2.56,-56.74,18.09,2876787638.0,2466591564.0,-0.08,0.0,-23.96,-10.84
1549,002887,绿茵生态,9.84,2.93,0.28,67617.0,66857748.75,7.32,10.26,9.56,9.56,9.56,1.98,3.11,18.69,1.31,3010920090.0,2137556130.0,0.0,0.2,-29.66,8.61
1550,002558,巨人网络,29.94,2.92,0.85,1256535.0,3713106574.66,5.43,30.27,28.69,29.47,29.09,0.98,6.61,13.17,3.57,56902825412.0,56902825412.0,0.1,0.3,-8.27,-30.53
1551,688051,佳华科技,23.62,2.92,0.67,17400.0,40998904.0,2.75,23.8,23.17,23.17,22.95,1.06,2.25,-22.5,3.16,1826629080.0,1826629080.0,0.0,-0.21,-48.65,-40.37
1552,002970,锐明技术,49.71,2.92,1.41,36512.0,180061201.06,4.53,50.19,48.0,49.16,48.3,0.83,2.89,52.59,4.51,9143210010.0,6282670827.0,-0.08,0.14,-34.12,3.78
1553,920198,微创光电,7.77,2.91,0.22,33623.0,25731644.3,3.58,7.78,7.51,7.59,7.55,0.95,4.77,-15.12,3.06,1253797285.0,547520843.0,0.13,0.13,-12.5,-22.46
1554,603660,苏州科达,10.26,2.91,0.29,315951.0,318313766.0,5.02,10.28,9.78,9.99,9.97,0.9,5.53,-8.93,8.21,5863515061.0,5863515061.0,-0.19,0.29,-25.87,-6.98
1555,688244,永信至诚,15.61,2.9,0.44,25181.0,39163291.0,3.1,15.78,15.31,15.4,15.17,1.06,1.67,-25.1,2.49,2356509312.0,2356509312.0,-0.38,-0.06,-23.48,-36.13
1556,300603,立昂技术,8.15,2.9,0.23,167128.0,136008732.07,4.42,8.28,7.93,7.95,7.92,1.32,4.47,-30.83,3.0,3788105583.0,3047539313.0,-0.12,0.0,-24.95,-16.15
1557,300148,天舟文化,3.55,2.9,0.1,342977.0,120263332.43,3.77,3.56,3.43,3.46,3.45,1.24,4.21,74.33,2.9,2993215668.0,2890107881.0,0.0,0.0,-18.39,-19.13
1558,000612,焦作万方,11.38,2.89,0.32,416433.0,471143190.08,3.44,11.47,11.09,11.15,11.06,1.27,3.49,6.64,1.85,13567229104.0,13567229104.0,0.0,0.0,-11.16,6.36
1559,920171,志晟信息,17.09,2.89,0.48,22946.0,38810727.47,3.31,17.2,16.65,16.69,16.61,1.06,3.39,783.87,7.84,1712985986.0,1155830538.0,0.12,0.41,-27.25,-26.97
1560,920510,丰光精密,23.13,2.89,0.65,109981.0,250669650.37,8.9,23.68,21.68,21.99,22.48,1.08,11.71,-1085.44,10.9,4256038634.0,2171885674.0,-0.22,0.04,36.22,10.09
1561,603159,上海亚虹,18.5,2.89,0.52,14639.0,26791868.0,2.78,18.5,18.0,18.15,17.98,0.65,1.05,-143.53,5.22,2590000000.0,2590000000.0,0.33,0.49,-26.09,-28.04
1562,300535,达威股份,14.59,2.89,0.41,31426.0,45650746.0,5.15,14.87,14.14,14.17,14.18,1.51,3.87,-48.39,1.65,1561419801.0,1184139661.0,0.55,0.21,-23.25,-17.85
1563,600693,东百集团,9.66,2.88,0.27,1047408.0,1005494769.0,5.75,9.85,9.31,9.34,9.39,0.88,12.05,46.66,2.35,8402714736.0,8394083874.0,0.0,0.21,-17.29,-45.67
1564,688576,西山科技,39.28,2.88,1.1,5304.0,20673898.0,4.48,39.39,37.68,38.19,38.18,1.25,1.64,91.11,1.55,2657024464.0,1269472094.0,-0.05,-0.25,-24.51,-6.5
1565,301538,骏鼎达,38.17,2.88,1.07,26748.0,100888062.04,5.66,38.46,36.36,37.41,37.1,1.24,6.12,29.32,2.89,4189539200.0,1668316764.0,0.1,0.24,-38.91,-33.11
1566,300352,ST信源,2.5,2.88,0.07,304314.0,76104512.0,5.35,2.57,2.44,2.45,2.43,1.11,2.38,-18.17,3.59,3624560218.0,3190316595.0,0.0,0.4,-34.73,-59.22
1567,002638,勤上股份,3.59,2.87,0.1,248616.0,88590343.0,2.58,3.59,3.5,3.51,3.49,1.19,1.84,-55.18,2.73,5157373713.0,4856121232.0,0.56,0.56,-25.05,16.18
1568,300762,上海瀚讯,30.85,2.87,0.86,246104.0,757629121.65,4.4,31.25,29.93,30.42,29.99,1.07,3.92,-109.54,8.52,19372744066.0,19372744066.0,0.03,-0.1,-35.94,-25.98
1569,920193,吉和昌,31.89,2.87,0.89,35601.0,111458129.43,4.42,31.89,30.52,30.86,31.0,0.63,14.13,35.31,4.78,3550339212.0,803628000.0,0.16,0.35,274.3,274.3
1570,002585,双星新材,8.95,2.87,0.25,1369797.0,1195755166.95,7.01,8.95,8.34,8.66,8.7,1.29,15.45,629.3,1.23,10214837377.0,7936472769.0,0.11,0.22,3.35,33.38
1571,301105,鸿铭股份,46.6,2.87,1.3,8529.0,39813808.0,6.53,48.15,45.19,45.34,45.3,1.34,4.3,-149.39,3.04,2330000000.0,923262407.0,-0.21,0.45,-21.18,-0.15
1572,600366,宁波韵升,11.49,2.86,0.32,520181.0,592603422.0,3.76,11.55,11.13,11.17,11.17,0.87,4.73,27.09,2.02,12627981676.0,12627981676.0,0.0,0.09,-16.8,-16.07
1573,688060,云涌科技,34.18,2.86,0.95,4352.0,14919616.0,4.81,34.95,33.35,33.83,33.23,0.99,0.72,-51.45,2.32,2057319083.0,2057319083.0,0.0,0.09,-28.85,-19.25
1574,300410,正业科技,7.2,2.86,0.2,229526.0,164514431.65,4.14,7.27,6.98,7.05,7.0,1.17,6.25,51.62,9.58,2643226538.0,2643226538.0,0.0,0.14,-29.48,-11.98
1575,300643,万通智控,16.91,2.86,0.47,62811.0,105525695.21,3.65,17.01,16.41,16.47,16.44,0.54,2.72,24.78,3.1,3916049151.0,3907128264.0,0.06,0.12,-9.13,-12.02
1576,688002,睿创微纳,141.56,2.86,3.93,86166.0,1212752664.0,4.8,143.58,136.98,139.99,137.63,0.58,1.83,34.78,9.34,66605854962.0,66605854962.0,-0.03,0.1,-1.87,40.84
1577,300328,宜安科技,14.04,2.86,0.39,509192.0,700430319.68,5.57,14.07,13.31,13.6,13.65,0.84,7.41,-126.36,9.42,9693547344.0,9646077051.0,0.14,0.36,-22.56,-17.75
1578,301580,爱迪特,50.42,2.86,1.4,58694.0,294820007.84,4.67,51.2,48.91,49.17,49.02,0.79,5.82,49.16,3.55,7522177497.0,5082413042.0,-0.04,0.14,-7.72,61.4
1579,300765,石药创新,37.36,2.86,1.04,134844.0,504561097.21,3.25,38.0,36.82,37.05,36.32,0.62,0.96,-139.78,20.36,52475592388.0,52475592388.0,-0.03,0.03,14.64,3.58
1580,300265,通光线缆,14.43,2.85,0.4,416136.0,590838823.27,4.35,14.43,13.82,14.15,14.03,1.44,8.91,420.37,2.88,6747487264.0,6743142030.0,0.07,0.14,-25.35,7.85
1581,301091,深城交,17.66,2.85,0.49,85708.0,149617856.79,4.48,17.8,17.03,17.26,17.17,1.18,1.63,-44.04,3.99,9311764800.0,9311764800.0,0.0,-0.06,-19.87,-33.93
1582,300416,苏试试验,14.79,2.85,0.41,171319.0,251075661.32,3.76,14.85,14.31,14.45,14.38,1.04,3.39,29.05,2.66,7521422051.0,7470799771.0,0.14,0.14,-15.82,-16.39
1583,300056,中创环保,8.65,2.85,0.24,83861.0,71921204.0,3.8,8.69,8.37,8.41,8.41,0.65,2.18,-62.39,46.53,3334492332.0,3331963504.0,0.23,0.12,-26.07,5.23
1584,300286,安科瑞,21.3,2.85,0.59,70250.0,148670173.6,3.09,21.45,20.81,21.0,20.71,1.25,3.38,26.56,2.41,5341713152.0,4425608650.0,0.24,0.38,-15.38,-6.29
1585,300264,佳创视讯,6.5,2.85,0.18,174383.0,112858063.6,3.8,6.6,6.36,6.41,6.32,0.89,4.71,-176.06,321.22,2800573867.0,2407511945.0,-0.15,0.15,-29.5,-3.13
1586,688096,京源环保,8.3,2.85,0.23,67719.0,55853959.0,4.83,8.36,7.97,8.09,8.07,0.61,2.9,-104.22,2.35,1940173132.0,1940173132.0,-0.12,-0.12,-23.92,5.06
1587,600095,湘财股份,8.34,2.84,0.23,535504.0,446615189.0,4.44,8.47,8.11,8.17,8.11,0.9,1.87,247.36,1.94,23845625777.0,23845625777.0,-0.12,0.0,-9.05,-24.59
1588,603893,瑞芯微,189.27,2.84,5.23,186172.0,3479570270.0,5.89,191.84,181.0,188.0,184.04,0.77,4.4,60.79,16.95,80051263862.0,80041043282.0,0.03,0.15,3.58,6.34
1589,300449,汉邦高科,6.87,2.84,0.19,86815.0,59163780.0,3.29,6.9,6.68,6.73,6.68,0.93,2.25,-89.42,9.53,2652067244.0,2652067244.0,0.0,0.15,-28.14,-9.84
1590,603110,东方材料,22.45,2.84,0.62,117511.0,262720219.0,3.62,22.69,21.9,22.26,21.83,0.72,5.84,108.32,6.48,4517540133.0,4517540133.0,0.0,0.0,-6.85,39.79
1591,688595,芯海科技,27.51,2.84,0.76,35039.0,95955096.0,3.59,27.76,26.8,27.07,26.75,0.94,2.43,-25.42,6.12,3964012900.0,3964012900.0,0.0,0.11,-27.7,-16.13
1592,300545,联得装备,27.14,2.84,0.75,64063.0,172027585.25,3.71,27.18,26.2,26.36,26.39,0.81,5.36,46.3,2.33,5033421745.0,3244829496.0,0.0,0.15,-22.12,-11.28
1593,688004,博汇科技,22.79,2.84,0.63,21286.0,48168677.0,4.02,23.05,22.16,22.47,22.16,0.62,2.66,-57.98,3.18,1825205520.0,1825205520.0,0.53,0.22,-7.4,-1.47
1594,300521,爱司凯,22.06,2.84,0.61,24852.0,54255090.0,4.38,22.15,21.21,21.68,21.45,0.69,1.68,-161.27,6.2,3303043800.0,3261681300.0,0.05,0.09,-26.66,-22.6
1595,688058,宝兰德,22.87,2.83,0.63,11989.0,27160236.0,3.37,22.88,22.13,22.57,22.24,0.93,1.58,-12.57,2.81,1734381761.0,1734381761.0,0.22,0.18,-24.65,-16.01
1596,300942,易瑞生物,6.55,2.83,0.18,66791.0,43322711.0,2.51,6.55,6.39,6.39,6.37,1.19,1.65,-64.65,3.23,2653260212.0,2653260212.0,0.31,0.15,-18.43,-30.24
1597,688309,恒誉环保,66.11,2.83,1.82,15177.0,100299829.0,4.64,66.98,64.0,65.28,64.29,0.81,1.91,30.87,6.56,5249217894.0,5249217894.0,0.17,0.36,-23.9,175.92
1598,300006,莱美药业,5.08,2.83,0.14,257666.0,129255666.81,2.63,5.08,4.95,4.95,4.94,0.99,2.44,-89.32,3.08,5364028921.0,5363570162.0,0.0,0.4,-22.8,-1.17
1599,600851,海欣股份,8.01,2.82,0.22,99380.0,79208332.0,3.47,8.08,7.81,7.83,7.79,1.12,1.35,83.53,2.16,9668524103.0,5913030941.0,0.0,0.25,-8.77,18.14
1600,301446,福事特,35.4,2.82,0.97,5756.0,20194526.52,2.56,35.48,34.6,34.69,34.43,0.54,1.81,39.38,3.06,3681600000.0,1124728800.0,0.03,0.03,-20.56,11.11
1601,001378,德冠新材,17.52,2.82,0.48,44975.0,77836475.61,4.11,17.65,16.95,17.05,17.04,1.35,5.33,26.94,1.65,3036806074.0,1477668529.0,0.06,0.23,-16.37,-1.52
1602,002803,吉宏股份,19.79,2.81,0.54,274586.0,535222221.03,6.18,19.99,18.8,19.32,19.25,2.25,9.23,31.31,3.37,9062173235.0,5888795043.0,-0.2,-0.15,-9.92,22.31
1603,002015,协鑫能科,16.1,2.81,0.44,987532.0,1576595726.93,3.83,16.22,15.62,15.8,15.66,1.32,6.08,22.7,2.19,26135526285.0,26135526285.0,-0.06,0.0,-20.22,63.45
1604,300559,佳发教育,11.69,2.81,0.32,164608.0,189728289.31,4.31,11.72,11.23,11.45,11.37,1.08,5.29,-210.34,4.08,4670325288.0,3637189578.0,-0.09,0.17,-6.7,-6.78
1605,002657,中科金财,15.79,2.8,0.43,223389.0,350804417.09,4.3,15.96,15.3,15.55,15.36,1.0,6.65,-18.74,3.37,5369421001.0,5307452278.0,0.0,-0.06,-27.73,-47.12
1606,002559,亚威股份,9.19,2.8,0.25,279149.0,254313393.0,3.36,9.22,8.92,8.97,8.94,0.93,5.54,45.87,2.47,5898726640.0,4631806033.0,0.11,0.0,-16.38,-8.56
1607,688518,联赢激光,19.12,2.8,0.52,101833.0,193296730.0,3.82,19.26,18.55,18.7,18.6,0.83,2.98,35.51,2.01,6526135816.0,6526135816.0,0.1,0.1,-35.32,-20.8
1608,000779,甘咨询,13.63,2.79,0.37,513994.0,705636879.8,5.2,14.02,13.33,13.37,13.26,0.68,11.06,27.19,1.6,6335625431.0,6334856058.0,0.22,-0.87,55.24,66.83
1609,688315,诺禾致源,13.26,2.79,0.36,34215.0,45221162.0,3.57,13.37,12.91,12.91,12.9,1.02,0.82,46.85,2.08,5518812000.0,5518812000.0,-0.08,0.0,-16.92,0.15
1610,301203,国泰环保,32.38,2.79,0.88,8421.0,26993693.0,3.08,32.4,31.43,31.8,31.5,1.21,1.92,34.82,1.86,2590400000.0,1419620150.0,0.25,0.03,-35.7,1.7
1611,002400,省广集团,6.99,2.79,0.19,1383112.0,959338234.56,3.24,7.03,6.81,6.81,6.8,1.09,8.01,199.01,2.44,12185926525.0,12065890680.0,0.0,-0.14,-26.58,-21.2
1612,002738,中矿资源,49.22,2.78,1.33,193698.0,947812735.12,4.09,49.66,47.7,47.89,47.89,0.86,2.72,17.49,2.81,35511830186.0,34996171294.0,0.08,0.06,-42.91,-36.94
1613,601698,中国卫通,26.6,2.78,0.72,278140.0,731101025.0,2.94,26.65,25.89,25.98,25.88,1.3,0.66,1046.6,7.09,112368651959.0,112368651959.0,0.3,0.42,-33.13,-25.49
1614,000607,华媒控股,3.7,2.78,0.1,283592.0,104941247.12,6.39,3.83,3.6,3.63,3.6,2.2,3.2,-34.54,3.17,3765484117.0,3274623743.0,0.0,0.0,-11.06,-10.84
1615,300451,创业慧康,3.7,2.78,0.1,368548.0,135602695.08,2.78,3.72,3.62,3.63,3.6,1.11,2.41,-18.03,1.46,5731761360.0,5648766949.0,-0.27,0.27,-17.96,-23.55
1616,300098,高新兴,4.83,2.77,0.13,529879.0,253228157.59,4.04,4.87,4.68,4.71,4.7,1.16,3.44,90.62,3.17,8393488388.0,7446619666.0,-0.21,0.0,-19.5,-20.82
1617,688667,菱电电控,85.44,2.77,2.3,4981.0,42436989.0,4.74,86.31,82.37,83.66,83.14,0.63,0.95,35.81,2.53,4502299846.0,4502299846.0,-0.12,-0.15,-47.77,22.72
1618,600770,综艺股份,5.2,2.77,0.14,259225.0,133652921.0,3.16,5.23,5.07,5.08,5.06,1.01,1.99,111.83,1.99,6760000000.0,6760000000.0,-0.19,0.0,-37.12,0.58
1619,000920,沃顿科技,11.13,2.77,0.3,97534.0,107663390.0,2.95,11.16,10.84,10.94,10.83,0.66,2.06,29.82,2.72,5260273043.0,5260022618.0,0.0,0.09,-5.84,-9.44
1620,300494,盛天网络,8.9,2.77,0.24,122869.0,108272291.12,3.93,8.94,8.6,8.67,8.66,1.06,3.08,245.16,3.02,4365539676.0,3545297805.0,0.0,0.11,-21.72,-26.93
1621,301428,世纪恒通,29.66,2.77,0.8,38872.0,115101506.23,3.95,30.03,28.89,28.89,28.86,0.97,5.58,44.39,2.43,2926453343.0,2065150315.0,-0.03,-0.13,-17.75,-11.57
1622,301279,金道科技,17.85,2.76,0.48,16443.0,28980786.77,3.97,17.9,17.21,17.45,17.37,0.86,1.26,49.27,2.24,3008166573.0,2329420323.0,0.11,0.11,-30.89,-32.51
1623,000952,广济药业,5.95,2.76,0.16,75444.0,44753141.2,3.28,6.0,5.81,5.86,5.79,1.02,2.19,-16.17,3.28,2046799637.0,2046767483.0,0.34,0.51,-22.83,-15.36
1624,002702,海欣食品,4.86,2.75,0.13,927739.0,444979543.84,4.86,4.88,4.65,4.68,4.73,1.62,20.22,59.01,2.61,2700993600.0,2229494625.0,0.41,0.41,-20.46,-31.74
1625,688080,映翰通,35.18,2.75,0.94,11730.0,40898825.0,2.39,35.18,34.36,34.46,34.24,1.21,1.59,69.71,2.22,2591222724.0,2591222724.0,0.23,0.23,-23.94,-30.18
1626,600222,太龙药业,7.48,2.75,0.2,154699.0,114942968.0,2.75,7.49,7.29,7.29,7.28,1.22,2.77,402.13,2.6,4184036609.0,4184036609.0,0.0,0.0,-3.36,13.85
1627,301488,豪恩汽电,102.14,2.75,2.73,11352.0,114932992.33,3.45,103.0,99.57,100.0,99.41,0.94,2.73,165.69,4.35,10358292974.0,4244212287.0,0.04,0.0,-26.02,-33.09
1628,603166,福达股份,11.2,2.75,0.3,103862.0,115554624.0,3.12,11.24,10.9,10.92,10.9,1.0,1.62,24.07,2.77,7231287291.0,7176015291.0,-0.18,0.0,-21.95,-27.74
1629,603229,奥翔药业,7.84,2.75,0.21,74503.0,58224277.0,2.88,7.88,7.66,7.66,7.63,0.99,0.9,16.84,2.81,6509529617.0,6509529617.0,0.0,0.38,-23.59,-20.49
1630,688295,中复神鹰,39.92,2.75,1.07,51820.0,205778975.0,3.84,40.24,38.75,38.99,38.85,1.0,0.58,294.93,7.61,35928000000.0,35928000000.0,-0.05,0.05,-36.2,21.78
1631,920060,万源通,21.73,2.74,0.58,19982.0,43221521.58,3.17,21.82,21.15,21.15,21.15,1.32,2.11,44.78,3.03,3303930527.0,2060531431.0,-0.18,0.23,-35.0,-32.89
1632,605398,新炬网络,21.05,2.73,0.56,18647.0,39245575.0,2.44,21.24,20.74,20.9,20.49,1.18,1.15,273.21,3.3,3425179778.0,3425179778.0,-0.09,0.24,-25.41,-26.22
1633,300465,高伟达,13.18,2.73,0.35,237148.0,309190400.0,4.91,13.34,12.71,12.8,12.83,0.77,5.34,-102.96,8.75,5848616525.0,5848616525.0,0.08,0.0,-14.14,-34.53
1634,002342,巨力索具,7.89,2.73,0.21,586125.0,458137365.13,4.04,7.93,7.62,7.78,7.68,0.87,6.14,510.19,3.1,7574400000.0,7532504100.0,0.0,0.13,-64.4,-14.15
1635,600737,中粮糖业,12.81,2.73,0.34,582271.0,753954930.0,4.97,13.23,12.61,12.71,12.47,1.67,2.72,31.72,2.51,27398645801.0,27398645801.0,0.0,-0.23,-13.97,-24.07
1636,002745,木林森,10.15,2.73,0.27,445412.0,449076858.49,3.24,10.22,9.9,9.95,9.88,0.7,4.19,8.99,1.27,15064288950.0,10800503391.0,-0.1,-0.1,5.73,6.06
1637,002584,西陇科学,7.55,2.72,0.2,284800.0,213652903.0,2.72,7.58,7.38,7.4,7.35,0.76,6.08,92.2,2.02,4418383986.0,3536620279.0,0.0,0.13,-7.7,-18.02
1638,003020,立方制药,17.39,2.72,0.46,98333.0,170781745.38,2.48,17.51,17.09,17.09,16.93,0.79,5.83,28.11,2.22,3968721767.0,2931054154.0,0.0,0.12,-9.85,-18.43
1639,301503,智迪科技,21.5,2.72,0.57,10198.0,21787517.8,3.11,21.59,20.94,20.94,20.93,1.0,1.77,122.71,2.09,2236000000.0,1239862000.0,-0.09,0.19,-23.46,-21.73
1640,920375,派诺科技,7.92,2.72,0.21,62187.0,49061335.69,3.63,8.03,7.75,7.8,7.71,1.72,6.84,-19.19,1.58,1204753889.0,719790691.0,0.25,0.25,-19.43,-14.84
1641,001210,金房能源,18.9,2.72,0.5,46397.0,86380384.3,3.91,18.95,18.23,18.55,18.4,1.0,3.48,7.82,2.89,4149263399.0,2521635940.0,-0.26,-0.11,16.38,56.72
1642,600455,博通股份,23.8,2.72,0.63,25362.0,59891218.0,3.15,23.84,23.11,23.15,23.17,1.28,4.06,21.83,4.34,1486500400.0,1486500400.0,0.29,0.13,-18.58,-8.36
1643,301500,飞南资源,22.01,2.71,0.58,99926.0,218782973.57,3.59,22.12,21.35,21.53,21.43,1.08,6.94,7.62,2.39,12349431702.0,3170555203.0,-0.05,0.14,-29.59,40.73
1644,603530,神马电力,43.27,2.71,1.14,38831.0,167499288.0,4.51,43.9,42.0,42.2,42.13,1.0,0.91,47.49,10.64,18666867393.0,18496400771.0,-0.02,-0.02,-32.33,6.21
1645,300838,浙江力诺,13.25,2.71,0.35,40728.0,54356275.74,6.05,13.68,12.9,13.03,12.9,1.24,4.0,351.89,1.92,1828208500.0,1348089781.0,-0.15,0.23,-29.26,-13.11
1646,600403,大有能源,5.7,2.7,0.15,694831.0,392535390.0,4.32,5.73,5.49,5.59,5.55,0.68,2.91,-9.23,4.08,13627630691.0,13627630691.0,0.0,0.18,-0.18,-18.34
1647,688386,泛亚微透,51.0,2.7,1.34,24315.0,123002555.0,4.51,51.49,49.25,50.01,49.66,0.86,2.67,69.93,3.43,5080056858.0,4641000000.0,0.12,0.1,-42.27,-41.55
1648,002446,盛路通信,7.99,2.7,0.21,239282.0,190240872.6,3.21,8.04,7.79,7.8,7.78,0.93,2.82,73.12,2.87,7314171635.0,6773740595.0,0.0,0.0,-29.17,-23.83
1649,301125,腾亚精工,13.67,2.7,0.36,49338.0,66532919.09,5.26,13.69,12.99,13.31,13.31,1.06,2.81,-32.64,4.69,2710966159.0,2402911342.0,-0.15,-0.07,-28.39,4.19
1650,603630,拉芳家化,15.2,2.7,0.4,116664.0,177807493.0,5.41,15.65,14.85,15.1,14.8,0.68,5.18,39.88,1.81,3423109616.0,3423109616.0,0.0,0.0,-6.86,-21.49
1651,301515,港通医疗,18.26,2.7,0.48,19220.0,35265295.08,4.33,18.63,17.86,17.91,17.78,1.05,2.84,-688.67,1.49,1826000000.0,1233600863.0,-0.27,-0.27,-26.28,-8.97
1652,603681,永冠新材,17.13,2.7,0.45,67108.0,114716273.0,3.96,17.34,16.68,16.81,16.68,0.96,2.82,38.02,1.21,4072517548.0,4072517548.0,-0.06,0.12,-16.03,-9.27
1653,300486,东杰智能,18.66,2.7,0.49,104940.0,193662040.2,5.89,18.88,17.81,18.53,18.17,0.85,2.2,250.63,5.26,8903599146.0,8900923134.0,-0.11,-0.05,-18.62,-4.8
1654,300485,赛升药业,9.14,2.7,0.24,70660.0,64330597.22,2.36,9.17,8.96,8.97,8.9,1.07,2.58,236.02,1.31,4402430896.0,2502689043.0,0.0,0.11,-16.07,-13.36
1655,688399,硕世生物,27.1,2.69,0.71,16598.0,44941890.0,3.18,27.36,26.52,26.92,26.39,0.52,1.34,39.81,1.14,3363926984.0,3363926984.0,-0.22,-0.18,-41.67,-41.44
1656,301618,长联科技,32.82,2.69,0.86,13598.0,44218895.32,2.75,32.86,31.98,31.98,31.96,0.79,2.82,165.48,4.41,4145238335.0,1580329309.0,-0.03,0.06,-13.15,-3.75
1657,920402,硅烷科技,8.77,2.69,0.23,65501.0,56917161.95,4.1,8.83,8.48,8.55,8.54,1.08,2.4,-26.29,2.46,3701466788.0,2393098639.0,-0.11,0.0,-7.88,-13.17
1658,300235,方直科技,11.51,2.68,0.3,72452.0,82058022.5,4.73,11.53,11.0,11.24,11.21,1.13,3.57,348.76,4.12,2897603769.0,2338058424.0,0.35,0.35,-19.11,-29.34
1659,688759,必贝特-U,22.2,2.68,0.58,44740.0,98655859.0,2.68,22.28,21.7,21.89,21.62,0.47,6.21,-47.36,6.14,9990813785.0,1598400000.0,0.09,0.05,-36.24,-23.61
1660,300861,美畅股份,16.45,2.68,0.43,159231.0,259612023.8,3.37,16.51,15.97,16.08,16.02,0.97,3.77,14.22,1.7,11051775238.0,6939677424.0,0.06,0.24,-21.1,11.53
1661,002865,钧达股份,42.95,2.68,1.12,85893.0,365729862.38,3.42,43.1,41.67,42.67,41.83,0.99,3.84,235.97,3.32,13368876933.0,9600542976.0,0.07,0.12,-59.55,-21.35
1662,300119,瑞普生物,17.68,2.67,0.46,83403.0,146865406.2,7.2,18.24,17.0,17.3,17.22,1.49,2.5,19.06,1.77,8216863202.0,5898680414.0,-0.06,-0.23,-0.17,-3.81
1663,003005,竞业达,13.84,2.67,0.36,94315.0,130066099.72,2.82,13.95,13.57,13.72,13.48,1.86,7.43,-20.77,1.79,3202419483.0,1757378371.0,-0.07,0.07,-24.62,-31.89
1664,300688,创业黑马,32.26,2.67,0.84,172876.0,552781691.2,4.46,32.55,31.15,31.65,31.42,0.84,11.65,-301.59,14.73,5399661509.0,4786689055.0,0.03,-0.09,14.72,10.52
1665,002549,凯美特气,13.48,2.67,0.35,260336.0,347423046.07,3.43,13.53,13.08,13.15,13.13,0.64,3.76,213.79,4.56,9373289705.0,9333006410.0,0.0,0.15,-30.98,-36.32
1666,000802,北京文化,4.23,2.67,0.11,543461.0,226807712.6,4.37,4.25,4.07,4.23,4.12,0.66,7.6,-36.73,4.96,3028258079.0,3026751141.0,-0.24,0.0,-14.2,-7.03
1667,688709,成都华微,25.41,2.67,0.66,58948.0,149046874.0,4.08,25.6,24.59,25.45,24.75,0.71,2.66,-60.29,5.62,16182282931.0,5634572238.0,-0.04,-0.04,-36.47,-44.69
1668,002176,江特电机,9.27,2.66,0.24,1460360.0,1342179296.49,4.76,9.33,8.9,9.1,9.03,2.5,8.59,-21.96,5.34,15779862886.0,15756780586.0,0.11,0.0,-39.45,-4.83
1669,688676,金盘科技,67.53,2.66,1.75,92308.0,620639557.0,5.0,68.49,65.2,66.88,65.78,0.87,2.01,69.04,6.39,31049238101.0,31049238101.0,-0.03,0.04,-23.85,-24.68
1670,301577,美信科技,50.61,2.66,1.31,13773.0,69388025.0,4.36,51.29,49.14,49.52,49.3,0.87,7.31,-44.17,3.1,2278942995.0,953550855.0,-0.04,-0.45,-31.47,-10.36
1671,300253,卫宁健康,7.74,2.65,0.2,746860.0,576775891.08,2.92,7.81,7.59,7.62,7.54,1.0,4.03,303.58,3.09,17037867571.0,14354769396.0,-0.13,0.0,-19.12,-12.24
1672,002294,信立泰,34.08,2.65,0.88,221701.0,754459853.48,1.99,34.28,33.62,33.75,33.2,1.19,1.99,42.16,4.45,37992947513.0,37984400283.0,0.03,0.0,-19.92,-30.45
1673,301158,德石股份,14.7,2.65,0.38,110898.0,162267725.75,3.14,14.77,14.32,14.32,14.32,0.72,5.83,119.97,2.09,2866722896.0,2795300756.0,-0.07,0.07,-29.9,-14.04
1674,002972,科安达,12.41,2.65,0.32,61789.0,76389425.6,3.47,12.51,12.09,12.16,12.09,0.74,4.59,20.46,2.49,3052969208.0,1670960769.0,0.24,0.08,-6.69,5.17
1675,300324,旋极信息,3.88,2.65,0.1,361237.0,139311950.52,2.91,3.9,3.79,3.79,3.78,0.93,2.11,-54.99,2.71,6703051509.0,6634764490.0,-0.26,0.26,-26.24,-35.12
1676,688288,鸿泉技术,17.88,2.64,0.46,16201.0,28955213.0,3.85,18.11,17.44,17.44,17.42,1.04,1.62,-58.17,2.41,1784669028.0,1784669028.0,-0.28,-0.39,-27.41,-33.06
1677,000620,盈新发展,2.72,2.64,0.07,1765575.0,477060328.61,3.4,2.74,2.65,2.65,2.65,0.95,3.78,-33.45,4.36,15971336909.0,12707156777.0,0.0,0.0,-13.38,1.49
1678,002862,实丰文化,13.62,2.64,0.35,38215.0,51674554.9,3.24,13.64,13.21,13.31,13.27,0.94,2.97,86.38,7.6,2308453800.0,1751225387.0,0.22,0.29,-30.44,-30.26
1679,600243,*ST海华,3.5,2.64,0.09,64612.0,22207101.0,7.92,3.58,3.31,3.46,3.41,1.11,1.47,-53.0,2.78,1535975000.0,1535975000.0,0.29,0.57,-20.63,-33.96
1680,301357,北方长龙,93.93,2.64,2.42,43558.0,404053488.68,5.34,94.39,89.5,90.6,91.51,0.61,4.58,-179.5,7.88,8942136000.0,8942136000.0,0.06,0.13,-13.87,-33.34
1681,300515,三德科技,15.94,2.64,0.41,96770.0,153327318.17,5.47,16.19,15.34,15.69,15.53,1.21,4.8,24.75,3.71,3279726730.0,3216018934.0,-0.06,0.5,-7.16,-17.28
1682,603955,大千生态,19.88,2.63,0.51,23117.0,45338445.0,3.56,19.95,19.26,19.38,19.37,0.78,1.7,-53.4,1.89,2698113600.0,2698113600.0,0.2,0.2,-23.09,-31.47
1683,301168,通灵股份,40.6,2.63,1.04,20863.0,84323220.42,3.46,40.98,39.61,40.14,39.56,1.69,2.19,467.4,2.29,4872000000.0,3869721442.0,0.32,0.1,-10.47,-13.02
1684,000062,深圳华强,22.6,2.63,0.58,269269.0,604672542.24,2.82,22.7,22.08,22.18,22.02,1.2,2.58,29.42,3.5,23637550677.0,23614741740.0,0.0,0.04,-42.18,-7.83
1685,603315,福鞍股份,12.11,2.63,0.31,69173.0,83452534.0,4.41,12.28,11.76,11.9,11.8,0.71,2.16,48.32,2.25,3879635457.0,3879635457.0,-0.08,0.08,-36.43,-21.82
1686,688737,中自科技,17.98,2.63,0.46,15235.0,27259353.0,4.11,18.16,17.44,17.44,17.52,1.06,1.27,156.09,1.21,2149769872.0,2149769872.0,-0.06,0.22,-40.09,-19.88
1687,920344,三元基因,18.83,2.62,0.48,8781.0,16542025.17,3.92,19.08,18.36,18.51,18.35,1.44,0.77,536.59,3.66,2293682300.0,2141501234.0,0.16,0.27,-19.12,-19.7
1688,600633,浙数文化,11.36,2.62,0.29,318039.0,358801186.0,2.98,11.42,11.09,11.13,11.07,1.2,2.51,22.5,1.41,14405326002.0,14405326002.0,0.0,0.09,-16.78,-10.48
1689,920206,彩客科技,33.63,2.62,0.86,7928.0,26369090.73,3.23,33.66,32.6,32.88,32.77,0.54,2.88,16.45,2.89,2406099614.0,925669214.0,-0.09,-0.06,11.06,11.06
1690,688275,万润新能,75.99,2.62,1.94,31134.0,235014018.0,4.2,76.61,73.5,74.77,74.05,0.68,2.47,5.98,1.74,9583742003.0,9583742003.0,0.12,0.09,-49.78,0.78
1691,002235,安妮股份,8.26,2.61,0.21,254201.0,208658243.88,3.48,8.33,8.05,8.05,8.05,0.63,4.59,-1639.8,6.56,4787267066.0,4572556775.0,0.0,0.0,-32.95,-20.12
1692,688390,固德威,64.95,2.61,1.65,74491.0,482156392.0,4.36,65.63,62.87,63.3,63.3,0.96,3.06,38.9,5.55,15790847358.0,15790847358.0,0.03,0.05,-43.22,4.54
1693,301002,崧盛股份,27.87,2.61,0.71,51119.0,141516593.04,5.45,28.18,26.7,27.22,27.16,0.99,6.02,61.47,3.43,3760685216.0,2368536855.0,0.14,0.14,-49.06,-23.46
1694,301060,兰卫医学,9.03,2.61,0.23,72069.0,64800554.0,2.95,9.07,8.81,8.86,8.8,1.17,2.0,24.49,2.39,3616668510.0,3252302655.0,0.0,0.11,-18.13,-0.44
1695,300676,华大基因,38.99,2.61,0.99,78551.0,304190412.75,2.42,39.07,38.15,38.25,38.0,1.23,1.89,-428.29,1.94,16310182754.0,16221241691.0,-0.05,-0.15,-13.16,-14.04
1696,002587,奥拓电子,5.53,2.6,0.14,178253.0,97577790.23,2.78,5.54,5.39,5.45,5.39,1.11,3.35,59.47,2.75,3619407983.0,2945901325.0,0.36,0.36,-23.62,-17.59
1697,300459,汤姆猫,3.94,2.6,0.1,1477974.0,577162979.49,3.91,3.97,3.82,3.84,3.84,0.99,4.5,112.63,18.82,13852295100.0,12951534754.0,0.0,0.0,-9.01,-14.16
1698,000922,佳电股份,11.44,2.6,0.29,177755.0,201956136.74,3.77,11.54,11.12,11.25,11.15,1.26,2.52,29.65,2.07,9540756185.0,8064390082.0,-0.09,0.09,-19.09,0.53
1699,600288,大恒科技,10.64,2.6,0.27,347694.0,366901810.0,3.66,10.73,10.35,10.58,10.37,0.86,7.96,22.71,2.34,4647552000.0,4647552000.0,0.0,0.19,-31.97,-28.97
1700,003009,中天火箭,48.66,2.59,1.23,40199.0,192917369.73,3.5,48.71,47.05,48.05,47.43,0.91,2.44,423.02,3.98,8015149560.0,8013684164.0,0.0,-0.08,-28.36,-38.04
1701,300436,广生堂,91.02,2.59,2.3,45544.0,411634899.98,2.64,91.34,89.0,90.01,88.72,0.95,3.33,-139.8,57.62,14496482340.0,12444433618.0,0.02,0.22,-23.67,2.1
1702,301682,宏明电子,124.98,2.59,3.16,21716.0,267841990.0,5.45,125.87,119.23,122.54,121.82,0.85,8.45,27.24,3.1,15191238763.0,3210338889.0,0.01,0.02,-12.0,81.63
1703,688578,艾力斯,108.62,2.59,2.74,67248.0,735138874.0,3.96,111.2,107.01,107.99,105.88,0.74,1.49,19.21,6.54,48879000000.0,48879000000.0,0.01,0.07,13.26,4.9
1704,920809,安达科技,7.96,2.58,0.2,95151.0,74842743.68,3.22,7.97,7.72,7.72,7.76,0.96,2.07,18.31,2.92,4768438000.0,3661891718.0,-0.13,0.51,-10.56,13.39
1705,688469,芯联集成-U,7.95,2.58,0.2,1255762.0,993709260.0,3.35,8.02,7.76,7.8,7.75,0.73,2.14,-188.55,5.14,66642363017.0,46664910000.0,-0.13,0.0,10.11,18.83
1706,301001,凯淳股份,23.82,2.58,0.6,14558.0,34536835.6,3.49,24.08,23.27,23.45,23.22,0.93,2.89,1076.49,2.48,1905600000.0,1198146000.0,-0.25,-0.25,-23.78,-19.36
1707,920139,华岭股份,15.1,2.58,0.38,59156.0,88806423.61,3.06,15.18,14.73,14.91,14.72,0.75,2.27,-80.33,3.95,4069561619.0,3931427982.0,0.27,0.27,-24.88,-27.75
1708,002460,赣锋锂业,51.7,2.58,1.3,380785.0,1958810660.26,3.33,51.98,50.3,50.3,50.4,0.87,3.14,14.75,2.35,108399100687.0,62619972565.0,0.0,0.02,-39.2,-17.6
1709,002149,西部材料,35.8,2.58,0.9,414822.0,1466208026.52,3.72,35.83,34.53,34.88,34.9,1.34,8.5,475.11,4.76,17478071009.0,17475386009.0,0.03,0.0,-52.48,-21.16
1710,002203,海亮股份,19.14,2.57,0.48,288838.0,546832146.18,3.91,19.3,18.57,19.0,18.66,0.76,1.31,25.15,2.61,43864195944.0,42340383889.0,-0.05,0.0,-14.55,52.63
1711,688377,迪威尔,20.33,2.57,0.51,33528.0,67290625.0,5.05,20.4,19.4,19.82,19.82,0.87,1.44,69.25,2.54,4748503858.0,4748503858.0,0.4,0.35,-34.96,-33.17
1712,688466,金科环境,13.55,2.57,0.34,14520.0,19524936.0,4.24,13.68,13.12,13.12,13.21,1.07,1.19,178.23,1.48,1655188760.0,1655188760.0,0.22,0.07,-27.81,-15.21
1713,301113,雅艺科技,15.59,2.57,0.39,14840.0,22950638.2,4.47,15.8,15.12,15.32,15.2,1.08,2.07,-177.11,2.75,1844297000.0,1117245049.0,0.19,0.32,-26.84,-14.58
1714,002983,芯瑞达,18.85,2.56,0.47,18718.0,35203935.36,3.1,18.98,18.41,18.41,18.38,0.88,1.46,34.52,3.16,4205722086.0,2415769214.0,-0.05,-0.05,-19.41,-16.41
1715,300053,航宇微,12.83,2.56,0.32,186571.0,237501421.34,3.6,12.91,12.46,12.72,12.51,1.02,2.87,-119.46,6.32,8940897564.0,8350006846.0,0.0,0.08,-36.26,-32.54
1716,301226,祥明智能,28.44,2.56,0.71,16390.0,46094326.0,3.46,28.49,27.53,27.77,27.73,0.6,1.51,802.1,3.43,3094272000.0,3094272000.0,0.21,0.28,-32.01,-16.28
1717,603016,新宏泰,29.2,2.56,0.73,23987.0,69670991.0,3.55,29.39,28.38,28.65,28.47,1.17,1.62,163.45,5.44,4326272000.0,4326272000.0,0.03,0.17,-44.08,-1.95
1718,300985,致远新能,28.8,2.56,0.72,38785.0,111313867.16,6.59,29.63,27.78,28.08,28.08,0.74,2.08,119.37,6.08,5371559424.0,5371559424.0,-0.31,-0.07,23.08,56.95
1719,000783,长江证券,8.83,2.56,0.22,1160439.0,1020007789.41,2.56,8.87,8.65,8.65,8.61,1.17,2.1,8.21,1.39,48830544131.0,48830544131.0,0.11,0.23,4.37,12.48
1720,301199,迈赫股份,18.48,2.55,0.46,17486.0,32020658.8,3.5,18.48,17.85,18.01,18.02,1.03,0.97,45.4,1.79,3449772480.0,3320410170.0,0.05,0.27,-20.41,-20.41
1721,688565,力源科技,10.47,2.55,0.26,28251.0,29131794.0,3.92,10.5,10.1,10.24,10.21,0.84,1.89,701.63,3.18,1567673100.0,1567673100.0,0.19,0.29,-20.32,-6.18
1722,300303,聚飞光电,7.23,2.55,0.18,458019.0,330050530.27,3.12,7.29,7.07,7.12,7.05,0.88,3.45,50.11,2.79,10243503960.0,9606115901.0,0.0,0.0,-31.73,7.59
1723,688012,中微公司,317.74,2.55,7.89,312977.0,9890334139.0,7.07,327.13,305.23,312.78,309.85,0.95,3.32,81.77,11.06,304344827654.0,299373686854.0,0.02,-0.02,23.52,73.82
1724,603683,晶华新材,14.5,2.55,0.36,218678.0,314582058.0,3.11,14.55,14.11,14.28,14.14,0.6,7.59,41.3,2.54,4222853227.0,4179565507.0,0.07,0.07,-48.45,-43.09
1725,300516,久之洋,29.0,2.55,0.72,50738.0,146693533.6,3.57,29.23,28.22,28.29,28.28,0.92,2.01,-120.8,5.72,7308000000.0,7308000000.0,0.0,0.07,-29.13,-49.65
1726,688556,高测股份,8.44,2.55,0.21,182224.0,152913569.0,2.92,8.49,8.25,8.3,8.23,0.91,2.19,-34.9,1.8,7011732003.0,7011732003.0,0.0,0.24,-43.96,-26.09
1727,301238,瑞泰新材,16.51,2.55,0.41,93388.0,153052108.34,2.73,16.54,16.1,16.15,16.1,0.8,1.27,23.96,1.67,12107332783.0,12107332783.0,0.0,0.12,-25.43,-18.27
1728,002388,新亚制程,4.82,2.55,0.12,465000.0,222132609.4,4.26,4.85,4.65,4.69,4.7,0.45,9.19,133.97,2.57,2461562432.0,2439539105.0,0.0,0.42,-13.62,-24.45
1729,300432,富临精工,16.09,2.55,0.4,357792.0,572542201.15,3.57,16.26,15.7,15.7,15.69,1.05,2.12,33.91,5.82,27510042294.0,27203321826.0,0.06,0.31,-39.62,-3.07
1730,002137,实益达,7.66,2.54,0.19,323736.0,245668662.0,3.75,7.71,7.43,7.49,7.47,0.91,8.17,82.66,2.93,4423687182.0,3036868900.0,0.13,0.0,-9.88,-10.2
1731,301499,维科精密,23.8,2.54,0.59,18441.0,43439716.96,2.97,23.8,23.11,23.23,23.21,0.78,1.33,63.15,2.54,3290465811.0,3290465811.0,0.25,0.42,-38.82,-18.94
1732,600113,浙江东日,30.63,2.54,0.76,74598.0,228212521.0,5.02,31.18,29.68,30.47,29.87,1.15,1.81,148.53,5.04,12900641096.0,12602136431.0,-0.03,0.07,-33.36,-51.41
1733,920017,星昊医药,16.94,2.54,0.42,17975.0,30243706.83,2.78,17.08,16.62,16.62,16.52,1.29,1.47,16.51,1.3,2098739238.0,2076334394.0,0.24,0.53,-4.67,-3.8
1734,001373,翔腾新材,27.07,2.54,0.67,15524.0,41618602.0,2.54,27.12,26.45,26.5,26.4,0.75,3.7,-49.11,2.2,1859354058.0,1135870248.0,0.33,0.48,-34.49,-16.14
1735,002729,好利科技,13.7,2.54,0.34,54120.0,73965253.89,4.57,13.91,13.3,13.39,13.36,1.2,3.08,65.31,4.42,2506687904.0,2403816618.0,0.0,0.15,-33.56,-14.43
1736,002083,孚日股份,11.29,2.54,0.28,870391.0,978807143.65,4.72,11.43,10.91,11.01,11.01,0.76,9.19,14.81,2.32,10687554445.0,10687554445.0,0.09,0.18,4.93,-2.76
1737,920885,星辰科技,11.7,2.54,0.29,18165.0,21044437.68,3.42,11.74,11.35,11.35,11.41,0.77,2.05,844.94,4.98,1998592830.0,1035487393.0,-0.34,0.26,-38.61,-50.0
1738,002846,英联股份,10.48,2.54,0.26,190148.0,197026424.88,3.91,10.55,10.15,10.27,10.22,1.29,7.31,87.86,3.11,4401533305.0,2726430174.0,0.1,0.1,-31.68,-34.99
1739,300637,扬帆新材,8.47,2.54,0.21,68632.0,57601614.0,3.27,8.49,8.22,8.26,8.26,0.53,2.93,-157.0,2.87,1988333601.0,1986112039.0,0.0,0.12,-25.24,-26.98
1740,300168,万达信息,5.24,2.54,0.13,447810.0,238543521.79,8.41,5.62,5.19,5.35,5.11,1.81,3.11,-47.59,7.34,7548893738.0,7541316536.0,-0.19,-0.19,-12.96,-18.89
1741,688375,国博电子,78.01,2.54,1.93,38115.0,294523127.0,4.18,78.88,75.7,76.57,76.08,0.93,0.64,13574.34,7.48,46495122349.0,46495122349.0,-0.27,-0.31,-40.93,-15.83
1742,002266,浙富控股,4.87,2.53,0.12,935331.0,449872935.98,4.0,4.9,4.71,4.71,4.75,1.03,1.93,10.55,2.06,25417851728.0,23583390065.0,0.0,0.21,-11.93,18.78
1743,002188,中天服务,5.26,2.53,0.13,135454.0,71193087.8,5.07,5.39,5.13,5.13,5.13,1.25,5.26,68.05,4.77,1720566325.0,1353729417.0,0.19,0.0,-26.84,-13.49
1744,301083,百胜智能,13.39,2.53,0.33,30986.0,41316312.0,4.44,13.64,13.06,13.11,13.06,1.38,3.62,132.87,2.87,2381634671.0,1146316789.0,-0.22,-0.22,-25.61,-29.0
1745,688078,龙软科技,23.08,2.53,0.57,12462.0,28905281.0,4.66,23.57,22.52,22.83,22.51,1.24,1.71,-56.54,2.54,1682370440.0,1682370440.0,-0.13,-0.3,-15.64,-16.07
1746,301459,丰茂股份,34.41,2.53,0.85,10027.0,34363747.12,4.74,34.79,33.2,33.8,33.56,1.03,3.84,41.29,2.86,3582831826.0,898066280.0,0.03,0.12,-9.59,-22.11
1747,002044,美年健康,4.86,2.53,0.12,1206853.0,584186870.04,2.74,4.91,4.78,4.8,4.74,1.12,3.12,-18.65,2.42,19023274066.0,18828746267.0,-0.21,0.0,-23.7,-7.78
1748,301272,英华特,33.19,2.53,0.82,12308.0,40741056.92,4.73,33.9,32.37,32.5,32.37,1.5,3.33,-392.56,1.94,1941691337.0,1228487425.0,0.0,-0.03,-29.37,-18.47
1749,920578,巨能股份,17.03,2.53,0.42,16173.0,27220538.71,3.55,17.1,16.51,16.71,16.61,1.12,4.56,-307.36,4.93,1302439022.0,604582354.0,0.0,0.29,-13.95,-34.63
1750,000586,汇源通信,11.35,2.53,0.28,51858.0,58715089.13,3.16,11.46,11.11,11.11,11.07,0.85,2.71,-99.0,6.89,2195544000.0,2170006500.0,0.09,0.0,-41.25,-16.11
1751,001399,惠科股份,23.07,2.53,0.57,363138.0,834119029.23,2.71,23.2,22.59,22.66,22.5,0.83,8.43,42.92,5.1,170886462585.0,9933174484.0,0.04,0.26,127.96,127.96
1752,688573,信宇人,15.84,2.52,0.39,27285.0,43343386.0,5.37,16.08,15.25,15.45,15.45,1.2,5.13,-10.89,4.48,1548429506.0,842945004.0,0.0,-0.25,-34.63,-30.5
1753,600538,国发股份,4.88,2.52,0.12,99003.0,48115074.0,3.36,4.92,4.76,4.8,4.76,0.81,1.89,-84.71,3.76,2558087938.0,2558087938.0,0.41,0.41,-31.94,-20.26
1754,300988,津荣天宇,14.62,2.52,0.36,48387.0,70546527.1,3.86,14.79,14.24,14.34,14.26,0.89,2.98,23.6,2.24,2879527407.0,2369925173.0,0.07,0.21,-31.17,-9.25
1755,601609,金田股份,10.19,2.52,0.25,230875.0,233671365.0,3.12,10.27,9.96,9.96,9.94,0.89,1.34,25.86,1.78,17614823187.0,17614823187.0,0.0,0.0,-9.58,-4.41
1756,688355,明志科技,16.7,2.52,0.41,18669.0,31049636.0,3.13,16.86,16.35,16.41,16.29,1.07,1.51,161.06,1.98,2070066402.0,2070066402.0,0.36,0.18,-28.72,-3.47
1757,300252,金信诺,11.38,2.52,0.28,253270.0,285757032.12,3.6,11.46,11.06,11.17,11.1,1.15,4.53,92.14,3.14,7786354785.0,6358625743.0,0.0,0.09,-31.03,-22.16
1758,600751,海航科技,3.27,2.51,0.08,383434.0,124807934.0,3.13,3.29,3.19,3.28,3.19,1.18,1.49,181.73,1.26,9480834550.0,8414328200.0,0.31,0.0,-15.72,-14.17
1759,300274,阳光电源,106.34,2.51,2.6,419508.0,4445025093.89,2.43,107.28,104.76,105.0,103.74,0.76,2.64,24.05,4.67,220465302828.0,168817586513.0,0.01,0.18,-25.82,-37.58
1760,300397,天和防务,10.63,2.51,0.26,154747.0,162761805.6,3.66,10.69,10.31,10.39,10.37,0.97,3.79,129.43,3.84,5502478599.0,4338770723.0,0.19,0.38,-23.19,-28.27
1761,600880,博瑞传播,4.08,2.51,0.1,243306.0,98575889.0,3.02,4.09,3.97,3.97,3.98,0.97,2.23,159.59,1.49,4460794935.0,4459563114.0,0.0,0.0,-23.02,-17.41
1762,605018,长华集团,12.25,2.51,0.3,47835.0,58027359.0,3.77,12.28,11.83,11.94,11.95,0.57,1.02,93.32,2.09,5758305964.0,5758305964.0,-0.08,0.25,-5.84,7.17
1763,300085,银之杰,30.59,2.51,0.75,434306.0,1325609278.02,2.61,30.79,30.01,30.32,29.84,0.91,6.66,-250.26,51.5,21616133966.0,19945073387.0,-0.03,0.1,-29.42,-23.7
1764,300040,九洲集团,6.55,2.5,0.16,569076.0,371047583.4,2.5,6.6,6.44,6.54,6.39,0.78,11.0,41.02,1.62,4214338356.0,3388813095.0,0.0,0.15,-13.93,9.17
1765,688210,统联精密,25.8,2.5,0.63,27969.0,71828578.0,3.34,25.94,25.1,25.4,25.17,0.63,1.72,-52.68,3.27,4196641106.0,4196641106.0,0.43,0.7,-48.76,-53.36
1766,603032,德新科技,17.65,2.5,0.43,74149.0,130195536.0,3.31,17.79,17.22,17.22,17.22,0.92,3.18,40.99,3.55,4116463610.0,4110360240.0,0.0,0.0,-33.04,-7.69
1767,300698,万马科技,25.43,2.5,0.62,27835.0,70163245.93,3.39,25.55,24.71,25.09,24.81,1.03,2.35,140.53,6.37,3407620000.0,3014623330.0,0.0,0.2,-34.84,-39.64
1768,301081,严牌股份,11.52,2.49,0.28,48286.0,55574346.92,4.8,11.72,11.18,11.29,11.24,1.01,2.15,227.67,2.4,2692379347.0,2586038573.0,-0.43,0.0,-31.55,14.29
1769,002047,宝鹰股份,3.29,2.49,0.08,217989.0,71074496.13,4.05,3.32,3.19,3.23,3.21,0.81,1.44,-135.64,122.56,4988458200.0,4988162903.0,-0.3,-0.3,-41.14,-10.6
1770,001211,双枪科技,20.2,2.49,0.49,30395.0,61348460.85,3.75,20.45,19.71,19.89,19.71,0.83,3.26,92.75,2.34,2020000000.0,1885470464.0,0.0,0.25,-42.37,6.09
1771,301525,儒竞科技,40.38,2.49,0.98,11761.0,47050050.5,5.03,40.88,38.9,39.4,39.4,0.86,1.7,127.25,1.65,5331632861.0,2792748477.0,-0.02,0.2,-28.19,-34.3
1772,002725,跃岭股份,11.15,2.48,0.27,48555.0,53896434.1,2.94,11.2,10.88,11.0,10.88,0.68,1.95,-131.74,2.94,2854400000.0,2775942267.0,-0.09,0.0,-36.07,-33.95
1773,300401,花园生物,12.86,2.47,0.31,226833.0,290270434.77,3.59,13.0,12.55,12.55,12.55,0.78,4.23,34.84,2.12,7006341707.0,6893350545.0,-0.16,0.08,-8.27,-14.32
1774,002240,盛新锂能,29.42,2.47,0.71,343060.0,1003201696.21,3.41,29.49,28.51,28.71,28.71,0.75,3.76,14.51,2.51,26927945714.0,26857774601.0,0.14,0.27,-49.11,-14.55
1775,600883,博闻科技,7.48,2.47,0.18,84806.0,63911745.0,6.99,7.82,7.31,7.4,7.3,2.12,3.59,43.05,1.81,1765938240.0,1765938240.0,0.0,0.13,-19.74,-6.85
1776,600391,航发科技,29.82,2.47,0.72,105149.0,313204544.0,4.36,30.27,29.0,29.1,29.1,1.18,3.19,-216.88,5.55,9844457724.0,9844457724.0,0.0,0.0,-32.29,-19.62
1777,300539,横河精密,19.08,2.47,0.46,104903.0,198980347.81,4.4,19.33,18.51,18.67,18.62,1.39,4.81,127.95,4.48,5115360631.0,4157307562.0,0.0,0.16,-42.69,-54.39
1778,603040,新坐标,53.31,2.46,1.28,12714.0,67286104.0,3.19,53.47,51.81,52.44,52.03,0.63,0.65,39.77,7.24,10521126832.0,10466108887.0,0.19,0.23,-4.26,-15.29
1779,301255,通力科技,20.39,2.46,0.49,12791.0,25805505.2,3.82,20.48,19.72,20.05,19.9,1.04,0.96,115.46,2.96,3105804800.0,2725671746.0,0.1,0.39,-33.71,-30.0
1780,301588,美新科技,29.97,2.46,0.72,67856.0,205186483.8,8.51,31.38,28.89,29.92,29.25,1.15,9.25,82.71,3.79,3562466587.0,2198574715.0,-0.37,0.03,-15.46,65.4
1781,688165,埃夫特-U,17.09,2.46,0.41,82065.0,139047071.0,4.44,17.25,16.51,16.68,16.68,0.89,1.57,-227.81,7.38,8917220200.0,8917220200.0,-0.06,-0.06,-11.86,-28.07
1782,688505,复旦张江,7.5,2.46,0.18,54274.0,40462638.0,3.01,7.52,7.3,7.3,7.32,1.16,0.76,252.03,3.66,7774290750.0,5329290750.0,0.0,0.13,-8.98,-9.64
1783,688499,利元亨,35.45,2.46,0.85,29104.0,102249502.0,3.53,35.48,34.26,34.6,34.6,0.82,1.72,79.21,2.55,5981425680.0,5981425680.0,0.03,0.37,-36.32,-38.58
1784,300556,丝路视觉,16.24,2.46,0.39,45560.0,73487166.54,3.79,16.37,15.77,15.77,15.85,0.8,4.2,42.08,4.91,1974221284.0,1762146145.0,-0.06,0.19,-22.3,-14.48
1785,688516,奥特维,39.95,2.46,0.96,79747.0,317165134.0,3.85,40.37,38.87,39.17,38.99,0.98,2.53,36.94,3.67,12574680297.0,12574680297.0,-0.17,0.08,-54.16,-10.14
1786,300788,中信出版,26.64,2.46,0.64,79797.0,211350514.17,4.23,26.96,25.86,26.0,26.0,1.27,4.2,30.44,2.29,5065636360.0,5065636360.0,-0.04,0.3,-26.61,-2.09
1787,002973,侨银股份,9.57,2.46,0.23,77055.0,74103883.06,4.28,9.76,9.36,9.48,9.34,1.1,2.43,28.07,1.54,3910930749.0,3039939956.0,0.1,0.21,-26.78,-29.48
1788,001335,信凯科技,31.4,2.45,0.75,6110.0,19055965.0,3.0,31.5,30.58,30.91,30.65,0.84,2.39,30.4,3.01,2943422184.0,802082542.0,0.32,0.22,-31.59,-36.14
1789,300504,天邑股份,14.2,2.45,0.34,58956.0,83302439.0,2.53,14.25,13.9,14.04,13.86,0.76,2.7,42.03,1.84,3848549036.0,3099171740.0,-0.21,-0.14,-24.23,-4.63
1790,603318,水发燃气,8.77,2.45,0.21,350891.0,306835469.0,3.86,8.93,8.6,8.69,8.56,0.74,7.64,230.83,2.59,4864484122.0,4026052003.0,0.11,0.23,-27.52,30.9
1791,920505,九菱科技,24.69,2.45,0.59,6557.0,16010051.6,3.49,24.69,23.85,24.2,24.1,1.23,1.82,98.82,4.79,1599553131.0,889109763.0,0.37,0.2,-42.49,-42.95
1792,605566,福莱蒽特,23.83,2.45,0.57,35849.0,84867737.0,4.94,24.2,23.05,23.55,23.26,0.85,2.69,31.71,1.57,3177492200.0,3177492200.0,0.25,0.13,-33.12,-24.08
1793,603662,柯力传感,53.14,2.45,1.27,77972.0,409649377.0,3.66,53.3,51.4,51.88,51.87,1.11,2.78,90.73,5.55,14923299186.0,14923299186.0,0.0,0.06,-12.71,-25.82
1794,688023,安恒信息,40.25,2.44,0.96,31619.0,126628435.0,2.09,40.4,39.58,40.0,39.29,0.8,3.09,-9.01,1.83,4112549506.0,4112549506.0,0.02,0.17,-14.18,-21.71
1795,002739,儒意电影,8.81,2.44,0.21,717063.0,623457165.32,3.37,8.84,8.55,8.59,8.6,0.99,3.44,53.51,2.44,18604770417.0,18342436281.0,0.11,0.0,-7.75,-22.17
1796,603267,鸿远电子,50.75,2.44,1.21,110680.0,554019525.0,5.39,51.17,48.5,49.99,49.54,0.83,4.79,30.44,2.63,11727355269.0,11727355269.0,0.02,0.2,-11.09,-6.33
1797,688558,国盛智科,29.41,2.44,0.7,15283.0,44346816.0,3.69,29.52,28.46,29.0,28.71,0.66,1.16,23.64,2.34,3882120000.0,3882120000.0,0.17,0.03,-27.92,4.33
1798,688591,泰凌微,27.78,2.43,0.66,38886.0,107390957.0,3.98,28.06,26.98,27.36,27.12,0.79,2.3,202.42,2.81,6710645948.0,4701980267.0,-0.07,0.04,-23.79,-34.33
1799,920564,天润科技,14.34,2.43,0.34,11879.0,16883889.01,4.21,14.5,13.91,14.12,14.0,0.89,2.42,-21.19,5.07,1533295107.0,705367908.0,-0.07,0.0,-33.55,-24.21
1800,601991,大唐发电,6.33,2.43,0.15,4910648.0,3089038074.0,4.53,6.46,6.18,6.2,6.18,1.11,3.96,10.12,3.18,117147477490.0,78467244041.0,0.0,0.16,3.94,81.38
1801,300061,旗天科技,6.74,2.43,0.16,225293.0,150809789.52,2.74,6.78,6.6,6.6,6.58,1.06,3.62,107.63,9.58,4441617383.0,4193423812.0,0.0,0.0,-32.73,-35.93
1802,603698,航天工程,22.36,2.43,0.53,216377.0,482586113.0,4.44,22.6,21.63,22.27,21.83,1.04,4.04,73.14,3.44,11984736400.0,11984736400.0,-0.36,-0.4,-49.57,-42.19
1803,300217,东方电热,4.63,2.43,0.11,335989.0,153603839.4,3.54,4.65,4.49,4.54,4.52,1.04,2.71,59.86,1.62,6843033232.0,5747747690.0,0.0,0.22,-13.62,-10.27
1804,300316,晶盛机电,40.0,2.43,0.95,132792.0,526820284.46,3.99,40.33,38.77,39.11,39.05,0.85,1.08,127.7,3.08,52381351880.0,49262217320.0,-0.02,-0.07,-15.86,9.29
1805,300568,星源材质,13.51,2.43,0.32,499715.0,676538305.42,4.09,13.8,13.26,13.3,13.19,0.69,4.13,172.51,2.07,20200613218.0,16327671863.0,0.0,0.0,-22.36,-11.35
1806,002370,亚太药业,5.05,2.43,0.12,242340.0,122729102.0,3.25,5.11,4.95,4.96,4.93,1.25,3.25,-363.82,3.37,3765621027.0,3765393777.0,0.0,0.2,-25.95,-30.92
1807,603216,梦天家居,20.23,2.43,0.48,29830.0,60166337.0,3.34,20.41,19.75,19.75,19.75,0.66,1.34,133.15,2.55,4505018700.0,4505018700.0,0.0,0.05,-32.02,-56.77
1808,000751,锌业股份,4.65,2.42,0.11,415812.0,192024867.63,2.86,4.66,4.53,4.56,4.54,1.07,2.57,25.48,2.04,7512682267.0,7512679826.0,0.0,0.0,-27.8,13.97
1809,688320,禾川科技,29.65,2.42,0.7,29683.0,87582093.0,3.32,29.86,28.9,29.1,28.95,0.72,1.97,-198.84,3.69,4477555256.0,4477555256.0,-0.03,0.1,-22.73,-20.55
1810,600735,ST新华锦,6.36,2.42,0.15,47806.0,30101431.0,4.83,6.48,6.18,6.23,6.21,1.6,1.12,182.18,2.56,2727029473.0,2705873620.0,0.0,0.32,0.32,33.89
1811,001218,丽臣实业,22.86,2.42,0.54,22332.0,50890645.6,3.58,23.06,22.26,22.35,22.32,1.01,1.87,9.94,1.28,3069143824.0,2737223482.0,-0.31,-0.13,-16.36,2.88
1812,688795,摩尔线程-U,576.63,2.42,13.63,11609.0,666769542.0,2.49,581.0,567.0,567.0,563.0,0.81,3.84,2307.9,23.53,271032370769.0,17428924299.0,0.01,0.07,-19.58,-1.92
1813,600726,华电能源,5.95,2.41,0.14,1860449.0,1109305648.0,6.71,6.22,5.83,5.85,5.81,0.85,2.49,19.55,9.45,47048650450.0,44478250438.0,0.0,0.17,-23.72,148.95
1814,600986,浙文互联,8.08,2.41,0.19,1726236.0,1390702544.0,4.44,8.24,7.89,7.89,7.89,1.39,11.61,-132.32,2.33,12017982421.0,12017982421.0,0.0,0.0,-26.14,3.32
1815,300018,中元股份,11.9,2.41,0.28,102171.0,121109067.18,3.18,11.97,11.6,11.75,11.62,0.77,2.81,49.67,4.14,5815655378.0,4332130014.0,-0.08,-0.17,-16.32,9.17
1816,603001,奥康国际,6.79,2.41,0.16,109788.0,73845663.0,4.07,6.83,6.56,6.63,6.63,0.77,2.74,26.81,1.15,2722654200.0,2722654200.0,-0.15,0.15,-26.2,-24.13
1817,300809,华辰装备,23.84,2.41,0.56,57519.0,135753459.8,3.69,23.89,23.03,23.28,23.28,0.46,3.82,118.16,3.35,6044374528.0,3589576975.0,0.0,0.17,-31.4,-37.21
1818,688410,山外山,11.06,2.41,0.26,95391.0,104853370.0,2.69,11.13,10.84,10.88,10.8,0.72,2.13,22.71,2.8,4948696022.0,4948696022.0,0.09,0.09,-9.2,4.83
1819,301237,和顺科技,48.29,2.4,1.13,17424.0,83979632.9,6.28,49.5,46.54,47.24,47.16,0.84,2.99,247.99,3.34,3863200000.0,2812892500.0,0.48,0.1,-36.46,-16.61
1820,301040,中环海陆,25.6,2.4,0.6,56701.0,141565961.51,5.64,25.65,24.24,24.64,25.0,1.84,6.01,-24.75,3.65,2560028211.0,2415723418.0,0.2,0.31,-22.26,-9.83
1821,000688,国城矿业,29.1,2.39,0.68,170540.0,497370243.54,4.54,29.69,28.4,28.41,28.42,0.86,1.44,24.41,12.11,34485470245.0,34485344533.0,-0.03,0.03,-33.92,5.17
1822,300268,佳沃食品,11.16,2.39,0.26,20140.0,22412220.25,3.85,11.32,10.9,10.95,10.9,0.81,1.51,-62.01,-1.88,1944072000.0,1492175700.0,-0.09,-0.09,-21.68,-12.54
1823,003022,联泓新科,19.7,2.39,0.46,104455.0,204810392.61,3.17,19.84,19.23,19.3,19.24,0.88,0.78,45.45,3.51,26310689600.0,26288306953.0,0.0,0.0,-21.36,-0.2
1824,002940,昂利康,25.24,2.39,0.59,99341.0,249858388.82,2.39,25.39,24.8,25.0,24.65,1.1,5.36,72.1,3.15,5091619415.0,4676336154.0,0.0,0.16,-25.98,-24.36
1825,920394,民士达,45.91,2.39,1.07,9157.0,41679194.78,4.08,46.3,44.47,44.85,44.84,0.63,0.63,54.89,8.25,6714337500.0,6664883799.0,-0.02,-0.15,-9.3,12.75
1826,688698,伟创电气,48.74,2.39,1.14,48561.0,235472409.0,6.32,49.83,46.82,47.98,47.6,0.99,2.26,54.24,4.47,10480716901.0,10480716901.0,0.0,-0.02,-33.12,-50.53
1827,300488,恒锋工具,30.29,2.37,0.7,52791.0,158981977.65,4.49,30.53,29.2,29.8,29.59,1.0,3.25,34.89,2.69,5792077941.0,4914656667.0,0.17,0.33,-22.29,-6.63
1828,603819,神力股份,13.4,2.37,0.31,69455.0,92135688.0,3.36,13.44,13.0,13.16,13.09,0.94,3.19,105.86,3.63,2917584506.0,2917584506.0,0.07,0.0,-11.43,10.74
1829,920218,新天力,17.26,2.37,0.4,14505.0,24676948.2,3.56,17.26,16.66,16.91,16.86,0.74,6.88,26.7,1.88,1616765602.0,363775713.0,0.0,0.17,41.59,41.59
1830,920184,国源科技,11.64,2.37,0.27,22936.0,26410615.68,3.08,11.65,11.3,11.39,11.37,1.12,2.57,242.84,2.48,1533307146.0,1040241797.0,0.0,0.43,-28.41,-33.18
1831,603048,浙江黎明,19.41,2.37,0.45,29613.0,56590704.0,3.9,19.43,18.69,18.97,18.96,0.91,2.02,44.97,2.3,2850940800.0,2850940800.0,-0.05,0.1,-17.3,-6.64
1832,002828,贝肯能源,12.07,2.37,0.28,331886.0,393499162.4,6.96,12.28,11.46,11.66,11.79,1.17,16.51,-8.28,3.71,2425920332.0,2425920332.0,0.0,0.0,3.87,13.23
1833,000752,*ST西发,8.23,2.36,0.19,28173.0,22910661.0,3.11,8.25,8.0,8.04,8.04,1.51,1.07,71.79,3.49,2170732381.0,2170732381.0,0.12,0.0,-12.82,-25.11
1834,301219,腾远钴业,46.03,2.36,1.06,69695.0,319001948.05,3.05,46.27,44.9,45.2,44.97,0.97,2.55,8.3,1.84,17621726902.0,12577243920.0,0.0,0.0,-32.75,-11.14
1835,300435,中泰股份,16.48,2.36,0.38,106979.0,175151853.15,3.11,16.52,16.02,16.19,16.1,1.09,2.9,37.35,1.89,6356550240.0,6079053985.0,0.0,0.18,-27.66,-24.99
1836,301662,宏工科技,70.78,2.36,1.63,24655.0,173935810.18,3.82,71.41,68.77,70.0,69.15,0.66,5.53,26.99,5.47,8210480000.0,3156223034.0,0.0,0.1,-43.73,-14.25
1837,002042,华孚时尚,3.9,2.36,0.09,362592.0,140489486.58,3.94,3.95,3.8,3.84,3.81,1.42,2.13,65.48,1.13,6632657285.0,6632657285.0,0.0,0.0,-23.53,-8.02
1838,300164,通源石油,11.26,2.36,0.26,1461307.0,1638474637.63,6.55,11.54,10.82,10.99,11.0,0.8,25.06,-128.4,4.81,6626044163.0,6566953360.0,0.09,0.36,-13.91,103.99
1839,301309,万得凯,29.89,2.36,0.69,10174.0,30350230.0,2.84,30.18,29.35,29.45,29.2,0.97,1.68,23.07,1.83,3004973216.0,1810763101.0,0.2,0.13,-17.23,7.83
1840,600734,*ST实达,1.74,2.35,0.04,415987.0,71817529.0,2.94,1.75,1.7,1.71,1.7,1.15,1.91,-79.28,16.54,3790247404.0,3789464404.0,0.58,0.58,-21.97,-62.17
1841,600362,江西铜业,44.0,2.35,1.01,533623.0,2314073587.0,4.07,44.26,42.51,42.99,42.99,1.28,2.57,13.52,1.84,152360093820.0,91310885820.0,0.02,0.05,-7.7,-19.0
1842,300455,航天智装,19.2,2.35,0.44,76020.0,144640673.49,3.2,19.3,18.7,18.84,18.76,1.06,1.07,1135.13,8.26,13781144371.0,13605550771.0,-0.16,0.0,-32.42,-36.09
1843,920374,云里物里,15.24,2.35,0.35,9062.0,13712243.66,4.43,15.48,14.82,15.21,14.89,1.27,2.59,163.75,5.1,1304451036.0,532255293.0,0.33,0.33,-21.4,-33.85
1844,301325,曼恩斯特,31.09,2.34,0.71,14847.0,45819984.8,3.29,31.33,30.33,30.65,30.38,0.9,1.03,-27.3,1.69,4473622799.0,4473622799.0,0.1,0.16,-29.69,-38.5
1845,002130,沃尔核材,17.53,2.34,0.4,559843.0,971391998.25,5.02,17.82,16.96,17.08,17.13,1.09,4.88,26.53,2.75,24540025456.0,20106073013.0,0.0,0.11,-24.89,-32.99
1846,603014,威高血净,33.74,2.34,0.77,39088.0,133839210.0,5.03,35.39,33.73,34.5,32.97,2.26,3.85,29.79,1.98,14095022187.0,3424099919.0,0.03,-0.21,-6.77,-14.08
1847,600563,法拉电子,139.53,2.34,3.19,49684.0,690326208.0,4.11,140.98,135.38,137.3,136.34,0.93,2.21,29.31,5.43,31394250000.0,31394250000.0,-0.01,0.02,10.39,35.93
1848,301329,信音电子,19.25,2.34,0.44,32548.0,62056809.0,3.03,19.3,18.73,18.85,18.81,0.84,4.93,28.7,2.1,3276350000.0,1271270000.0,0.05,0.16,-26.75,-17.66
1849,688252,天德钰,17.57,2.33,0.4,53317.0,93680807.0,3.9,17.87,17.2,17.38,17.17,0.9,1.3,39.02,2.92,7186504961.0,7186504961.0,-0.06,0.06,-26.15,-17.01
1850,002992,宝明科技,32.9,2.33,0.75,18620.0,60711127.9,3.36,33.04,31.96,32.15,32.15,1.16,1.19,-106.02,8.08,5950578092.0,5140134856.0,-0.15,-0.06,-34.37,-30.9
1851,002195,岩山科技,7.03,2.33,0.16,2800234.0,1966948980.73,4.22,7.15,6.86,6.86,6.87,0.87,4.99,472.76,4.03,39835795856.0,39479309062.0,0.0,0.0,-22.58,-0.85
1852,300638,广和通,21.1,2.33,0.48,245004.0,511852477.0,3.35,21.21,20.52,20.75,20.62,0.88,4.62,490.74,3.13,18974509308.0,11192467232.0,0.0,0.05,-10.93,-28.26
1853,605188,国光连锁,12.76,2.33,0.29,112899.0,143296995.0,3.61,12.83,12.38,12.57,12.47,0.75,2.22,60.98,5.32,6478845340.0,6478845340.0,0.0,0.08,-18.73,-34.16
1854,002331,皖通科技,7.04,2.33,0.16,80098.0,56158485.0,3.78,7.13,6.87,6.89,6.88,0.87,1.99,-26.14,2.09,3016004633.0,2830633316.0,0.0,0.14,-27.87,-21.08
1855,002825,纳尔股份,8.36,2.33,0.19,41089.0,34079929.8,3.06,8.42,8.17,8.17,8.17,1.52,1.6,41.24,1.76,2858623642.0,2145402673.0,0.36,0.24,-16.65,-26.47
1856,300552,万集科技,20.73,2.32,0.47,39687.0,82009441.2,2.81,20.85,20.28,20.35,20.26,0.8,2.94,-42.38,2.55,4418249412.0,2800377287.0,-0.1,-0.1,-27.03,-31.72
1857,300933,中辰股份,6.61,2.32,0.15,253422.0,164914850.65,3.56,6.63,6.4,6.42,6.46,0.88,4.63,54.72,1.7,3616267901.0,3616267901.0,-0.3,0.0,-23.14,-20.27
1858,603679,华体科技,21.58,2.32,0.49,168107.0,359262504.0,7.92,21.98,20.31,21.2,21.09,1.58,9.46,-67.94,4.36,3834468563.0,3834468563.0,0.0,0.09,33.05,33.54
1859,688420,美腾科技,21.6,2.32,0.49,5419.0,11643486.0,2.61,21.67,21.12,21.24,21.11,0.97,0.61,123.38,1.34,1910088000.0,1910088000.0,0.09,-0.09,-23.13,-9.51
1860,002422,科伦药业,42.29,2.32,0.96,266402.0,1128416918.46,3.17,42.97,41.66,42.0,41.33,0.71,2.05,37.07,2.82,67274137286.0,54918315901.0,-0.02,0.02,27.42,46.43
1861,300833,浩洋股份,34.45,2.32,0.78,7183.0,24447178.5,3.18,34.59,33.52,34.0,33.67,1.07,0.88,26.2,1.82,4357597725.0,2799189448.0,-0.17,0.32,-10.1,-13.83
1862,688398,赛特新材,20.4,2.31,0.46,14059.0,28574121.0,4.21,20.65,19.81,20.15,19.94,0.73,0.84,2245.76,3.35,3423409782.0,3423409782.0,0.05,0.0,-40.25,20.35
1863,001400,江顺科技,70.45,2.31,1.59,20477.0,142730330.4,4.68,70.83,67.61,70.23,68.86,1.28,4.43,39.38,4.7,5917800000.0,3257009175.0,0.01,0.2,-52.05,27.49
1864,688007,光峰科技,10.62,2.31,0.24,60929.0,64422207.0,2.89,10.69,10.39,10.39,10.38,0.97,1.33,-32.73,2.02,4881118044.0,4881118044.0,-0.09,0.09,-32.27,-42.81
1865,300084,海默科技,11.06,2.31,0.25,81540.0,89471027.0,3.15,11.11,10.77,10.85,10.81,0.7,1.73,-92.95,4.16,6069284483.0,5208643892.0,0.0,-0.09,-12.64,10.71
1866,002955,鸿合科技,31.86,2.31,0.72,42596.0,135222247.0,3.63,32.19,31.06,31.49,31.14,0.52,2.18,-51.64,2.35,7539347596.0,6233308705.0,-0.13,0.13,24.99,5.25
1867,301216,万凯新材,16.4,2.31,0.37,102194.0,166879233.9,3.68,16.55,15.96,16.04,16.03,0.82,1.88,6.25,1.47,9515351488.0,8931616726.0,0.0,0.12,-44.37,-1.86
1868,688302,海创药业-U,33.15,2.31,0.75,14041.0,46601415.0,4.26,33.58,32.2,32.42,32.4,1.17,1.42,-27.46,3.18,3282367074.0,3282367074.0,-0.03,0.18,-27.48,-32.58
1869,300578,会畅科技,15.99,2.3,0.36,45667.0,72798572.0,3.71,16.2,15.62,15.84,15.63,0.9,2.3,-66.25,2.75,3170333143.0,3169475679.0,0.19,0.38,-28.3,-22.38
1870,002466,天齐锂业,46.8,2.3,1.05,383453.0,1787559747.44,3.67,46.98,45.3,45.75,45.75,0.84,2.6,10.68,1.73,80178617423.0,69063882966.0,0.02,0.13,-39.51,-15.49
1871,688443,智翔金泰-U,23.15,2.3,0.52,41657.0,95984814.0,3.0,23.37,22.69,22.83,22.63,1.18,2.91,-14.2,5.91,8488642000.0,3319478500.0,-0.26,-0.22,-25.49,-15.01
1872,688011,新光光电,70.18,2.3,1.58,19755.0,137362478.0,3.35,70.3,68.0,68.93,68.6,1.12,1.99,-113.32,6.66,6982910000.0,6959225864.0,-0.01,-0.06,5.38,9.93
1873,301066,万事利,12.45,2.3,0.28,44088.0,54458858.33,4.11,12.58,12.08,12.29,12.17,0.9,1.89,49.04,2.29,2924792732.0,2902302542.0,0.0,0.16,-23.9,-36.61
1874,002578,闽发铝业,3.13,2.29,0.07,319117.0,100198603.0,4.9,3.22,3.07,3.08,3.06,1.42,3.71,69.72,1.95,2937912473.0,2695438816.0,0.32,0.0,-25.3,-30.29
1875,603578,三星新材,11.6,2.29,0.26,26830.0,30895756.0,3.53,11.66,11.26,11.48,11.34,0.93,1.49,-224.96,1.92,2715102542.0,2092141571.0,0.0,0.17,-19.22,-3.97
1876,300267,尔康制药,3.13,2.29,0.07,342077.0,106546098.87,2.29,3.14,3.07,3.07,3.06,1.04,2.4,123.12,1.61,6455953243.0,4452043425.0,0.32,0.32,-30.75,-8.21
1877,301162,国能日新,41.75,2.28,0.93,38730.0,159917854.0,7.79,42.68,39.5,40.82,40.82,1.77,3.2,86.18,4.96,7793696531.0,5057237578.0,0.0,0.02,-11.47,15.05
1878,688765,禾元生物-U,34.53,2.28,0.77,36215.0,124378728.0,2.31,34.69,33.91,34.3,33.76,0.42,5.03,-85.62,4.3,12344475000.0,2485153312.0,0.06,-0.03,-40.77,-50.04
1879,300950,德固特,16.63,2.28,0.37,18121.0,30095813.0,5.04,16.85,16.03,16.26,16.26,0.74,1.85,117.94,3.2,2555099720.0,1630546971.0,-0.06,-0.06,-27.41,-26.61
1880,002418,康盛股份,3.61,2.27,0.08,305428.0,109710020.77,2.83,3.63,3.53,3.59,3.53,0.86,2.69,212.2,2.82,4102404000.0,4102393307.0,0.0,0.28,-43.24,-24.32
1881,603619,中曼石油,21.66,2.27,0.48,369163.0,799111152.0,3.92,21.98,21.15,21.15,21.18,0.66,7.98,79.09,2.33,10014251065.0,10014251065.0,-0.05,0.0,-25.34,-5.46
1882,001365,天海电子,37.18,2.26,0.82,58770.0,216441639.48,3.8,37.33,35.95,36.53,36.36,1.03,10.22,41.74,2.68,19519500000.0,2138059918.0,0.16,0.16,36.74,36.74
1883,301193,家联科技,16.75,2.26,0.37,31203.0,52167282.77,3.79,16.96,16.34,16.38,16.38,0.97,1.69,-10.23,1.94,4034765644.0,3085038601.0,0.0,0.06,-34.03,-22.35
1884,600775,南京熊猫,9.97,2.26,0.22,396930.0,395249416.0,4.31,10.18,9.76,9.76,9.75,0.83,5.91,-170.81,2.94,9110970134.0,6698230134.0,0.0,0.0,-26.37,-18.35
1885,688317,之江生物,16.75,2.26,0.37,23852.0,39754065.0,3.48,16.92,16.35,16.4,16.38,1.28,1.26,-31.16,0.96,3179882176.0,3179882176.0,0.12,0.12,-21.91,-16.96
1886,300255,常山药业,25.78,2.26,0.57,327296.0,843861296.1,2.54,26.1,25.46,25.6,25.21,0.96,3.57,1008.91,19.58,23693389435.0,23656330685.0,0.08,0.08,-43.97,-58.49
1887,603958,哈森股份,14.03,2.26,0.31,37168.0,52213638.0,3.21,14.19,13.75,13.79,13.72,0.61,1.69,44.7,4.73,3077620800.0,3077620800.0,-0.5,-0.43,-39.19,5.49
1888,002049,紫光国微,65.55,2.26,1.45,219506.0,1427379212.26,2.26,65.7,64.25,64.35,64.1,0.94,2.6,41.34,4.05,55273967462.0,55266507085.0,0.05,0.11,-19.7,-16.5
1889,002513,蓝丰生化,4.98,2.26,0.11,85403.0,42335297.0,3.08,5.02,4.87,4.92,4.87,0.99,2.95,-31.51,46.66,1870458010.0,1439425684.0,0.4,0.4,-25.56,-25.89
1890,301359,东南电子,15.9,2.25,0.35,27189.0,43286329.34,3.92,16.25,15.64,15.65,15.55,1.44,3.82,92.62,2.32,1910798400.0,1131237745.0,0.06,0.25,-32.46,-15.52
1891,603897,长城科技,25.85,2.25,0.57,70767.0,181940094.0,4.15,26.12,25.07,25.63,25.28,0.99,3.43,29.91,2.33,5336362354.0,5336362354.0,0.12,0.27,-52.66,-0.58
1892,605100,华丰股份,29.96,2.25,0.66,38168.0,114210547.0,5.26,30.5,28.96,29.35,29.3,0.78,1.6,138.85,3.97,7161099120.0,7127627808.0,-0.07,0.03,-20.97,-6.72
1893,300113,顺网科技,19.12,2.25,0.42,414159.0,789504012.85,3.53,19.3,18.64,18.75,18.7,1.2,8.14,40.04,5.05,12890013424.0,9732468155.0,0.05,0.21,-31.17,-4.97
1894,000955,欣龙控股,4.11,2.24,0.09,101915.0,41686736.98,2.24,4.12,4.03,4.05,4.02,0.94,1.89,-727.5,3.41,2212803450.0,2212465916.0,0.24,0.24,-20.96,-33.92
1895,002326,永太科技,18.75,2.24,0.41,234126.0,435739549.24,3.05,18.81,18.25,18.34,18.34,0.59,2.88,41.43,6.24,17346143175.0,15220669988.0,-0.05,0.16,-19.94,-24.76
1896,920035,精创电气,23.75,2.24,0.52,7307.0,17159519.88,2.8,23.76,23.11,23.5,23.23,1.32,4.64,36.93,2.92,1648725000.0,373749000.0,0.04,0.04,-27.61,-28.49
1897,688239,航宇科技,43.14,2.23,0.94,41560.0,177781499.0,3.25,43.37,42.0,42.57,42.2,0.98,2.18,36.51,4.02,8235963093.0,8235963093.0,-0.23,-0.35,-39.99,-36.11
1898,688426,康为世纪,17.84,2.23,0.39,11290.0,19979839.0,3.04,17.97,17.44,17.49,17.45,0.92,1.01,-32.68,1.5,2006887893.0,2002139813.0,0.62,0.22,-18.65,-25.14
1899,603103,横店影视,15.1,2.23,0.33,55022.0,82520811.0,2.84,15.18,14.76,14.85,14.77,0.95,0.87,59.67,7.49,9576420000.0,9576420000.0,0.07,0.0,-28.03,-8.93
1900,920799,艾融软件,30.68,2.23,0.67,45133.0,137182658.94,3.97,30.89,29.7,30.3,30.01,1.01,3.76,400.42,16.53,6416580872.0,3683745176.0,0.03,0.23,-17.86,-35.55
1901,603019,中科曙光,85.55,2.22,1.86,461857.0,3917302899.0,2.83,85.6,83.23,84.05,83.69,0.78,3.16,137.34,5.69,125169555321.0,125164299129.0,0.0,0.18,-14.17,0.42
1902,920005,鼎佳精密,24.83,2.22,0.54,3080.0,7595076.53,1.93,24.85,24.38,24.67,24.29,0.57,1.43,39.64,3.33,2060890000.0,533845000.0,0.08,0.0,-29.52,-38.6
1903,688152,麒麟信安,28.05,2.22,0.61,15195.0,42526879.0,2.0,28.23,27.68,27.8,27.44,1.06,1.49,-82.83,2.36,2858241032.0,2858241032.0,0.25,0.29,-27.43,-30.48
1904,603713,密尔克卫,60.8,2.22,1.32,29007.0,176586165.0,4.19,61.8,59.31,59.48,59.48,0.92,1.82,13.16,1.85,9704080550.0,9704080550.0,-0.02,-0.33,7.0,11.01
1905,688093,世华科技,26.8,2.21,0.58,17005.0,45562000.0,3.32,27.1,26.23,26.23,26.22,0.75,0.61,22.01,2.7,7514258799.0,7514258799.0,-0.19,-0.07,-16.61,-26.68
1906,688121,*ST卓然,2.77,2.21,0.06,71126.0,19659723.0,4.43,2.83,2.71,2.71,2.71,0.52,3.51,8.86,0.26,647110788.0,561386668.0,0.36,0.73,-57.25,-74.63
1907,600152,维科技术,7.86,2.21,0.17,172584.0,134917300.0,3.51,7.9,7.63,7.84,7.69,0.79,3.26,-41.26,2.54,4158563888.0,4158563888.0,-0.13,0.13,-46.35,7.67
1908,002301,齐心集团,6.93,2.21,0.15,152217.0,105244422.82,3.1,6.99,6.78,6.81,6.78,0.87,2.12,29.36,1.62,5017374976.0,4975672245.0,-0.14,-0.29,-5.59,-9.29
1909,002413,雷科防务,8.31,2.21,0.18,420466.0,347603113.63,2.71,8.35,8.13,8.25,8.13,0.97,3.25,-302.53,3.33,10963721425.0,10765027430.0,0.12,0.12,-39.91,-33.78
1910,300002,神州泰岳,8.78,2.21,0.19,731369.0,638233607.0,3.26,8.84,8.56,8.61,8.59,0.97,3.95,25.24,2.24,17271786543.0,16252210685.0,0.0,0.0,-11.85,-23.39
1911,601360,三六零,9.71,2.21,0.21,1527328.0,1475516853.0,3.37,9.8,9.48,9.6,9.5,1.13,2.18,155.51,2.38,67965707005.0,67965707005.0,-0.21,0.1,-16.15,-12.29
1912,300563,神宇股份,23.2,2.2,0.5,35461.0,81777334.18,3.26,23.35,22.61,22.75,22.7,1.05,2.8,78.28,3.78,4225604245.0,2940133239.0,0.04,0.09,-30.97,-36.4
1913,002200,交投生态,6.96,2.2,0.15,45875.0,31875491.0,3.38,7.03,6.8,6.8,6.81,1.04,2.34,54.69,2.41,3139834044.0,1362252751.0,-0.14,0.14,-11.68,-7.32
1914,603826,坤彩科技,15.78,2.2,0.34,63725.0,100832100.0,4.27,16.02,15.36,15.59,15.44,1.02,0.75,45.23,7.58,13440772800.0,13440772800.0,0.0,0.0,-40.3,21.76
1915,688357,建龙微纳,26.94,2.2,0.58,12130.0,32622144.0,2.54,27.27,26.6,26.78,26.36,1.11,1.21,40.99,1.56,2695613033.0,2695613033.0,0.0,0.22,-24.11,-17.74
1916,300317,珈伟新能,4.66,2.19,0.1,906050.0,421668538.26,4.82,4.79,4.57,4.65,4.56,0.65,10.93,375.84,2.72,3868677967.0,3862736467.0,0.0,0.22,-14.34,21.35
1917,002380,科远智慧,29.41,2.19,0.63,68546.0,200486258.0,4.03,29.76,28.6,29.18,28.78,0.9,4.82,23.14,2.96,7058154397.0,4182219346.0,-0.07,0.03,-15.68,8.93
1918,002935,天奥电子,15.88,2.19,0.34,46301.0,73171109.23,2.38,15.96,15.59,15.61,15.54,0.85,1.12,-329.02,4.22,6734747827.0,6591643222.0,0.0,0.19,-29.73,-28.79
1919,688255,凯尔达,25.24,2.19,0.54,40103.0,99877647.0,3.81,25.31,24.37,24.97,24.7,0.89,3.65,62.86,2.63,2772837879.0,2772837879.0,-0.04,-0.04,-21.52,-30.81
1920,301077,星华新材,19.69,2.18,0.42,17629.0,34529820.68,1.97,19.75,19.37,19.4,19.27,1.05,1.84,25.54,2.92,3352177548.0,1881800945.0,0.1,0.46,-38.24,-23.03
1921,600255,鑫科材料,3.28,2.18,0.07,706074.0,230077542.0,2.49,3.29,3.21,3.24,3.21,1.08,3.91,89.98,4.01,5924162012.0,5924162012.0,0.0,0.0,-11.83,-14.81
1922,301299,卓创资讯,44.05,2.18,0.94,14585.0,64146072.16,2.2,44.34,43.39,43.43,43.11,1.09,3.26,35.85,4.72,2672188411.0,1972524156.0,0.0,-0.02,-29.69,-17.79
1923,300269,联建光电,4.69,2.18,0.1,167398.0,78143295.0,2.61,4.71,4.59,4.6,4.59,0.64,3.18,-37.21,30.88,2565316638.0,2465276588.0,0.0,0.21,-27.17,-28.51
1924,001696,宗申动力,15.47,2.18,0.33,608559.0,935067570.91,2.91,15.61,15.17,15.2,15.14,1.21,6.83,25.8,3.32,17713566452.0,13789930541.0,0.13,0.19,-10.63,-28.01
1925,300238,冠昊生物,11.32,2.17,0.24,41569.0,46919446.02,2.71,11.36,11.06,11.15,11.08,0.76,1.57,73.84,5.17,3001562535.0,3001317808.0,0.0,0.09,-22.09,-18.27
1926,603379,三美股份,61.63,2.17,1.31,87893.0,537196762.0,2.82,61.72,60.02,60.33,60.32,0.86,1.44,18.6,4.77,37623823050.0,37623823050.0,0.0,0.21,1.35,3.55
1927,002360,ST同德,5.19,2.17,0.11,50518.0,26111191.34,3.54,5.26,5.08,5.08,5.08,0.96,1.55,-46.97,2.27,2085208347.0,1689447336.0,0.0,0.19,-17.49,7.23
1928,300339,润和软件,38.67,2.17,0.82,264951.0,1020947301.11,2.83,38.99,37.92,38.0,37.85,0.98,3.41,99.66,8.58,30797207221.0,30073137612.0,0.0,0.03,-19.29,-21.77
1929,002343,慈文传媒,5.17,2.17,0.11,116284.0,59639688.75,3.36,5.2,5.03,5.09,5.06,0.9,2.45,-46.62,2.56,2448927079.0,2448927079.0,0.0,0.0,-16.34,-27.79
1930,300718,长盛轴承,66.37,2.17,1.41,149108.0,973807372.37,6.16,67.0,63.0,64.06,64.96,1.3,7.58,81.21,11.49,19829964221.0,13052144271.0,-0.02,0.08,-14.27,-22.01
1931,002602,世纪华通,14.12,2.17,0.3,1278989.0,1788889314.52,3.62,14.16,13.66,14.0,13.82,0.79,1.88,12.83,3.27,104074034387.0,95971206093.0,-0.07,0.07,-7.23,-16.94
1932,605580,恒盛能源,17.52,2.16,0.37,52817.0,91917778.0,2.74,17.58,17.11,17.34,17.15,0.89,1.89,25.23,4.96,4905600000.0,4905600000.0,0.06,0.23,-18.21,-21.29
1933,301408,华人健康,14.67,2.16,0.31,118726.0,173447631.51,2.3,14.73,14.4,14.49,14.36,0.9,5.19,18.49,2.75,5868146700.0,3358834442.0,0.0,0.34,-30.87,-20.53
1934,603330,天洋新材,7.1,2.16,0.15,142311.0,100530373.0,3.45,7.15,6.91,7.0,6.95,0.53,3.5,227.81,2.36,3071982908.0,2887663933.0,0.14,0.14,-1.25,-1.93
1935,603026,石大胜华,65.33,2.16,1.38,83997.0,549461505.0,2.86,65.88,64.05,64.6,63.95,0.69,3.61,13.5,2.93,15202357245.0,15202357245.0,0.02,-0.06,-37.55,-12.63
1936,688290,景业智能,59.94,2.16,1.27,8564.0,50449991.0,4.36,60.36,57.8,59.3,58.67,0.99,0.84,-197.67,4.57,6125251457.0,6125251457.0,0.15,0.1,-9.93,0.84
1937,300277,汽轮科技,12.29,2.16,0.26,137047.0,167507785.57,2.74,12.34,12.01,12.18,12.03,0.84,1.79,54.9,1.85,18638942190.0,9407359435.0,-0.08,0.08,-32.02,-5.68
1938,300386,飞天诚信,10.4,2.16,0.22,62377.0,64553404.0,3.05,10.49,10.18,10.24,10.18,1.01,2.49,-38.96,3.03,4347657600.0,2607879591.0,0.0,-0.1,-21.39,-42.38
1939,301148,嘉戎技术,44.43,2.16,0.94,7743.0,34156882.83,3.75,44.64,43.01,43.88,43.49,0.88,1.32,673.83,3.02,5175965264.0,2615730944.0,0.36,0.61,-42.75,-5.79
1940,002762,金发拉比,9.03,2.15,0.19,89553.0,81131273.79,5.09,9.29,8.84,8.84,8.84,1.32,4.24,6743.84,4.91,3196845750.0,1908747259.0,0.0,0.11,-1.31,32.21
1941,002452,长高电气,11.39,2.15,0.24,165588.0,186377869.99,3.05,11.4,11.06,11.22,11.15,1.17,3.2,31.2,2.6,7065582448.0,5898655467.0,0.18,0.09,1.61,39.93
1942,002123,梦网科技,8.6,2.14,0.18,364964.0,314495124.0,8.67,9.16,8.43,8.67,8.42,1.27,5.07,-39.37,4.55,6926634274.0,6196575707.0,-0.12,-0.12,-13.13,-29.28
1943,300369,绿盟科技,7.62,2.14,0.16,763885.0,577720061.66,4.96,7.75,7.38,7.74,7.46,0.71,9.46,-15.73,2.41,6176938779.0,6154695778.0,-0.13,0.0,-2.56,1.87
1944,688013,天臣医疗,24.8,2.14,0.52,13814.0,34276301.0,3.17,25.08,24.31,24.66,24.28,1.01,1.7,51.91,3.93,2012658880.0,2012658880.0,0.24,0.12,-28.63,-47.56
1945,688072,拓荆科技,604.5,2.14,12.64,89408.0,5363788981.0,8.26,618.86,570.0,596.01,591.86,0.99,3.16,76.99,14.97,175715445828.0,170887925754.0,-0.12,-0.11,19.98,83.37
1946,002870,香山股份,39.06,2.14,0.82,29181.0,113924419.0,3.09,39.33,38.15,38.25,38.24,1.31,2.26,-123.16,3.19,5158874342.0,5037239315.0,0.05,0.15,-4.05,-0.33
1947,300413,芒果超媒,16.67,2.14,0.35,338461.0,559605205.24,5.58,17.0,16.09,16.43,16.32,1.63,3.31,39.1,1.35,31184915986.0,17031738300.0,0.3,0.24,-16.48,-31.0
1948,920189,康美特,21.43,2.14,0.45,49960.0,106378060.64,4.58,21.66,20.7,21.0,20.98,0.73,5.89,35.07,4.02,3030416300.0,1818708382.0,0.0,0.05,163.27,163.27
1949,603665,康隆达,22.01,2.13,0.46,13484.0,29506834.0,2.97,22.19,21.55,21.55,21.55,0.57,0.84,55.14,5.53,3525291231.0,3525291231.0,0.23,-0.27,-27.5,-30.7
1950,002194,武汉凡谷,9.12,2.13,0.19,156509.0,142106280.55,2.8,9.2,8.95,8.99,8.93,0.93,3.06,-1061.38,2.52,6231566551.0,4659215112.0,-0.11,-0.11,-27.85,-30.11
1951,002624,完美世界,11.53,2.13,0.24,663812.0,758651199.45,3.9,11.65,11.21,11.29,11.29,0.86,3.63,54.46,3.41,22367835698.0,21073761963.0,0.0,0.35,-30.08,-28.21
1952,301079,邵阳液压,28.33,2.13,0.59,35012.0,98807742.0,3.6,28.55,27.55,28.0,27.74,0.97,4.55,249.15,6.44,3072607604.0,2179523562.0,0.04,0.07,-40.33,-10.32
1953,300716,*ST泉为,17.3,2.13,0.36,20687.0,35938061.0,5.55,17.88,16.94,17.0,16.94,0.88,1.29,-45.84,-15.51,2768346000.0,2768346000.0,0.12,0.06,1.59,44.53
1954,002338,奥普光电,39.91,2.12,0.83,61533.0,244681755.95,2.61,40.07,39.05,39.29,39.08,0.62,2.56,77.0,6.7,9578400000.0,9578400000.0,0.0,-0.08,-36.76,-31.57
1955,688330,宏力达,33.79,2.12,0.7,12709.0,42986775.0,2.9,34.15,33.19,33.19,33.09,1.28,0.91,83.36,1.09,4730600000.0,4730600000.0,0.0,-0.12,-17.18,-5.27
1956,301581,黄山谷捷,35.58,2.12,0.74,6131.0,21707366.0,2.9,35.69,34.68,35.13,34.84,0.8,1.45,87.02,2.88,2846400000.0,1504838310.0,-0.08,0.23,-27.89,-24.46
1957,688351,微电生理,20.32,2.11,0.42,45594.0,93173593.0,4.77,20.78,19.83,19.89,19.9,1.36,0.97,82.2,5.32,9562592000.0,9562592000.0,-0.05,-0.1,-20.25,-12.15
1958,300780,德恩精工,18.37,2.11,0.38,64850.0,118924597.6,3.84,18.56,17.87,18.18,17.99,0.79,6.03,-62.94,2.69,2694327900.0,1975383727.0,-0.16,0.0,-38.87,-4.72
1959,605066,天正电气,6.78,2.11,0.14,74818.0,50157613.0,2.56,6.79,6.62,6.68,6.64,1.5,1.49,44.07,1.96,3406496588.0,3406496588.0,0.0,0.3,-13.3,-5.83
1960,002716,湖南白银,8.21,2.11,0.17,971342.0,792102717.75,2.74,8.23,8.01,8.04,8.04,0.74,4.18,37.26,5.71,23177557784.0,19067525284.0,0.12,0.12,-33.95,18.64
1961,000970,中科三环,13.07,2.11,0.27,503403.0,651932981.45,4.53,13.18,12.6,12.77,12.8,0.75,4.14,161.42,2.43,15889535853.0,15889535853.0,0.08,0.0,2.51,-3.47
1962,002617,露笑科技,6.3,2.11,0.13,781714.0,489039536.56,2.43,6.31,6.16,6.2,6.17,0.86,4.16,42.4,1.87,12027795904.0,11829017416.0,0.16,0.0,-23.82,-22.22
1963,601606,长城军工,33.5,2.1,0.69,405524.0,1335707838.0,5.61,33.5,31.66,32.35,32.81,0.58,5.6,-108.95,11.13,24261651400.0,24261651400.0,0.0,0.09,-13.32,-30.38
1964,301022,海泰科,22.82,2.1,0.47,16295.0,36933009.0,3.22,22.92,22.2,22.41,22.35,0.85,2.43,-105.71,1.65,2270227755.0,1533183105.0,0.26,0.44,-27.07,-30.41
1965,688600,皖仪科技,22.87,2.1,0.47,44493.0,102628589.0,4.82,23.58,22.5,22.54,22.4,2.91,3.3,62.8,3.96,3080783166.0,3080783166.0,0.0,0.04,-20.84,-8.0
1966,600331,宏达股份,13.1,2.1,0.27,583849.0,759092118.0,6.16,13.32,12.53,12.8,12.83,1.19,2.87,-256.68,11.11,34604960000.0,26619200000.0,0.08,0.15,-26.03,2.42
1967,300145,南方泵业,4.38,2.1,0.09,621920.0,270617323.5,2.8,4.4,4.28,4.29,4.29,0.99,3.25,26.0,2.92,8410660118.0,8369429697.0,0.23,0.23,-13.1,-6.21
1968,300254,仟源医药,8.25,2.1,0.17,77988.0,64394610.0,2.97,8.33,8.09,8.09,8.08,0.74,3.43,158.72,4.75,2121970645.0,1875537485.0,-0.12,0.0,-43.49,-18.48
1969,300301,ST长方,3.4,2.1,0.07,68690.0,23278462.0,3.6,3.45,3.33,3.35,3.33,1.1,0.87,-34.2,38.85,2821553815.0,2685317855.0,0.0,0.0,-5.29,43.46
1970,002907,华森制药,13.16,2.09,0.27,50591.0,66676424.0,3.41,13.38,12.94,12.94,12.89,1.27,1.51,41.9,3.22,5495567492.0,4419347627.0,0.08,0.15,-5.39,-10.9
1971,605598,上海港湾,26.88,2.09,0.55,36065.0,96103600.0,3.72,27.04,26.06,26.85,26.33,0.75,1.48,409.12,3.86,6532291826.0,6532291826.0,-0.22,0.45,-54.76,-61.27
1972,002830,名雕股份,12.73,2.09,0.26,28315.0,35940388.6,2.81,12.82,12.47,12.55,12.47,0.69,3.05,175.66,3.6,2366456080.0,1181783185.0,0.0,0.0,-25.69,-8.09
1973,688559,海目星,45.4,2.09,0.93,103439.0,467891295.0,4.16,45.96,44.11,44.99,44.47,0.83,4.17,111.55,4.64,11248260598.0,11248260598.0,0.0,0.04,-31.74,-5.53
1974,000417,合百集团,5.87,2.09,0.12,378130.0,220539075.67,2.43,5.88,5.74,5.77,5.75,0.75,4.85,17.8,0.97,4577920254.0,4572891137.0,-0.17,0.17,-15.9,-26.99
1975,603429,*ST集友,7.8,2.09,0.16,28673.0,22083694.0,4.58,7.89,7.54,7.66,7.64,0.68,0.55,-230.97,3.24,4090986627.0,4090986627.0,0.0,0.0,-20.73,-21.29
1976,600382,广东明珠,6.34,2.09,0.13,169341.0,106942627.0,2.9,6.39,6.21,6.25,6.21,0.78,2.44,18.74,1.47,4402547284.0,4402547284.0,0.0,0.0,-21.82,-5.93
1977,002467,二六三,4.88,2.09,0.1,506810.0,245977285.93,2.09,4.9,4.8,4.8,4.78,0.88,3.71,-137.65,4.29,6711814740.0,6670026480.0,0.0,0.0,-31.07,-19.87
1978,000863,三湘印象,3.92,2.08,0.08,125414.0,48901152.94,3.13,3.95,3.83,3.84,3.84,0.75,1.08,-227.9,1.06,4628342275.0,4559805811.0,-0.25,0.0,-31.59,-37.08
1979,001203,大中矿业,27.51,2.08,0.56,121772.0,333873984.66,3.15,27.7,26.85,27.3,26.95,0.82,0.93,66.9,5.99,42175042767.0,35926921691.0,0.0,0.07,-40.45,-9.66
1980,300790,宇瞳光学,17.21,2.08,0.35,207448.0,356688775.97,4.39,17.46,16.72,17.12,16.86,0.85,4.52,39.65,3.36,8997301485.0,7905791707.0,-0.23,0.17,-28.11,-19.32
1981,688681,科汇股份,16.19,2.08,0.33,23391.0,37557348.0,3.28,16.32,15.8,15.87,15.86,0.92,2.23,165.77,2.82,1694607300.0,1694607300.0,0.5,0.56,-23.05,-6.9
1982,603701,德宏股份,19.13,2.08,0.39,38991.0,74046576.0,1.97,19.17,18.8,19.02,18.74,0.94,1.49,149.66,6.24,4999853166.0,4999853166.0,-0.16,0.16,-26.37,-4.92
1983,300965,恒宇信通,42.62,2.08,0.87,10377.0,44130967.5,4.5,43.16,41.28,41.7,41.75,0.6,1.92,-188.51,2.11,2557200000.0,2305475625.0,0.0,-0.05,-34.97,-39.27
1984,603282,亚光股份,14.69,2.08,0.3,16070.0,23677951.0,2.85,14.9,14.49,14.49,14.39,1.33,1.2,-150.78,1.53,1965815800.0,1965815800.0,0.0,0.34,-20.12,-25.09
1985,000668,荣丰控股,19.21,2.07,0.39,28757.0,54827720.92,5.1,19.5,18.54,18.82,18.82,0.52,1.96,-55.61,3.9,2820832707.0,2820832707.0,-0.31,-0.41,0.58,98.86
1986,300670,大烨智能,5.92,2.07,0.12,69287.0,40921391.0,2.59,5.96,5.81,5.85,5.8,0.95,3.08,-48.38,4.43,1876169236.0,1330189818.0,0.0,0.17,-18.01,-16.74
1987,002930,宏川智慧,8.88,2.07,0.18,103521.0,91894242.81,4.6,9.09,8.69,8.9,8.7,1.29,2.39,55.28,2.07,4067086318.0,3848752026.0,0.0,0.0,-45.35,-20.22
1988,600895,张江高科,31.06,2.07,0.63,308283.0,951110241.0,3.55,31.3,30.22,30.44,30.43,0.5,1.99,144.0,3.57,48102297423.0,48102297423.0,0.03,0.16,-18.95,-29.04
1989,920363,莱赛激光,10.35,2.07,0.21,14756.0,15160473.08,2.17,10.35,10.13,10.22,10.14,1.14,2.09,490.12,3.84,1283627700.0,729803350.0,0.0,0.1,-20.14,-29.83
1990,603888,新华网,17.27,2.07,0.35,139811.0,239689529.0,2.72,17.32,16.86,16.92,16.92,1.2,1.88,81.39,3.46,12818000981.0,12818000981.0,-0.06,0.0,-8.62,-1.48
1991,688338,赛科希德,26.57,2.07,0.54,8415.0,22265098.0,3.11,26.8,25.99,25.99,26.03,0.91,0.79,36.5,1.68,2820203568.0,2820203568.0,0.15,0.19,-11.34,3.67
1992,920163,方大新材,11.33,2.07,0.23,12974.0,14550982.3,4.14,11.43,10.97,11.09,11.1,0.65,2.14,22.18,2.89,1457493013.0,687521792.0,0.44,0.18,-10.51,-21.16
1993,002366,融发核电,6.44,2.06,0.13,2223070.0,1443526846.44,7.45,6.78,6.31,6.43,6.31,2.29,12.01,331.99,2.89,13401238402.0,11916297953.0,-0.16,-0.31,-16.04,-14.25
1994,688146,中船特气,253.1,2.06,5.11,205969.0,5172587162.0,7.02,258.5,241.08,250.0,247.99,0.79,14.21,192.58,22.3,133994117722.0,36692120110.0,0.04,0.04,164.72,529.6
1995,000737,北方铜业,13.84,2.06,0.28,454920.0,623978753.47,3.17,13.88,13.45,13.58,13.56,1.16,2.39,10.72,3.68,26361275460.0,26358823358.0,0.0,0.07,-8.04,-9.25
1996,002910,庄园牧场,8.9,2.06,0.18,95776.0,85074335.48,3.1,8.99,8.72,8.8,8.72,0.65,5.6,-13.81,1.76,1740300188.0,1522451355.0,-0.11,-0.11,-22.61,-19.89
1997,002826,易明医药,16.45,2.05,0.33,33488.0,54943784.3,2.11,16.59,16.25,16.25,16.12,1.19,1.81,39.91,3.87,3136648988.0,3038797166.0,0.0,0.3,-15.55,-9.76
1998,300315,掌趣科技,4.49,2.05,0.09,968223.0,432174046.02,2.95,4.51,4.38,4.41,4.4,0.96,3.81,56.19,2.6,12157173403.0,11411245052.0,-0.22,0.0,-12.98,-9.11
1999,688280,精进电动-W,5.98,2.05,0.12,265338.0,155603184.0,5.63,5.98,5.65,5.82,5.86,1.0,5.1,-9.65,5.47,3529525569.0,3112853987.0,0.17,1.01,-14.94,-31.26
2000,600844,金煤科技,3.48,2.05,0.07,797906.0,274883460.0,4.69,3.51,3.35,3.4,3.41,0.83,9.7,86.65,44.65,3537504355.0,2863102606.0,0.29,0.58,-3.6,20.83
2001,300109,新开源,12.95,2.05,0.26,73373.0,94103573.29,4.02,13.05,12.54,12.78,12.69,0.88,1.42,28.84,2.07,7470292012.0,6701696704.0,-0.23,-0.15,-22.96,-6.9
2002,300696,爱乐达,19.99,2.04,0.4,77267.0,153633000.24,3.88,20.18,19.42,19.69,19.59,1.42,2.89,997.09,3.1,5882037170.0,5339203043.0,0.2,0.3,-53.65,-37.22
2003,300334,津膜科技,8.02,2.04,0.16,95592.0,76376258.0,3.05,8.09,7.85,7.91,7.86,0.95,3.16,268.61,4.42,2422564155.0,2422278683.0,0.0,0.0,-5.65,15.23
2004,300016,北陆药业,8.01,2.04,0.16,138786.0,111170271.47,2.93,8.11,7.88,7.88,7.85,0.85,2.47,25.9,1.89,4659334745.0,4502932142.0,0.0,0.25,-17.42,0.88
2005,603030,全筑股份,2.0,2.04,0.04,371328.0,73908805.0,3.57,2.02,1.95,1.96,1.96,1.01,2.82,292.99,3.77,2633867040.0,2633867040.0,0.0,0.0,-33.77,-32.43
2006,002465,海格通信,10.49,2.04,0.21,545658.0,570144456.57,3.02,10.59,10.28,10.42,10.28,0.98,2.2,1116.88,2.31,26034438115.0,25993035773.0,0.1,0.1,-38.44,-33.14
2007,300407,凯发电气,12.52,2.04,0.25,263268.0,325959469.34,9.13,12.84,11.72,12.16,12.27,0.78,10.16,127.58,2.02,4337418934.0,3243597791.0,0.16,-0.08,-8.35,11.39
2008,300681,英搏尔,20.54,2.04,0.41,88938.0,182078833.06,3.23,20.73,20.08,20.21,20.13,1.02,3.85,27.7,2.05,6286376684.0,4740524411.0,0.05,0.2,-38.21,-17.84
2009,600428,中远海特,11.58,2.03,0.23,620426.0,711850133.0,4.76,11.73,11.19,11.35,11.35,0.91,2.54,19.57,1.96,31774598174.0,28316407051.0,-0.17,0.09,46.03,70.8
2010,920284,灵鸽科技,17.62,2.03,0.35,31195.0,54763873.66,4.4,17.83,17.07,17.31,17.27,0.53,4.65,288.71,5.85,1846323065.0,1181609552.0,0.0,-0.06,-54.68,-52.7
2011,300955,嘉亨家化,30.25,2.02,0.6,25399.0,76552886.25,3.31,30.56,29.58,29.59,29.65,0.69,2.52,-182.2,3.52,3049200000.0,3049200000.0,-0.1,-0.03,-31.55,-27.13
2012,300045,华力创通,13.15,2.02,0.26,156846.0,205091168.3,3.03,13.21,12.82,13.0,12.89,0.59,3.04,-182.2,5.74,8714179353.0,6789518264.0,0.0,0.08,-44.51,-54.51
2013,600268,国电南自,11.59,2.02,0.23,246336.0,283631698.0,2.9,11.62,11.29,11.53,11.36,1.11,2.43,69.97,3.29,11770649992.0,11769592266.0,0.09,0.17,-25.99,12.74
2014,688151,华强科技,16.28,2.01,0.32,44643.0,71916293.0,2.82,16.28,15.83,16.0,15.96,0.72,1.3,218.82,1.33,5608460000.0,5608460000.0,0.25,0.43,-20.78,-20.82
2015,688428,诺诚健华,25.36,2.01,0.5,78914.0,199752894.0,3.06,25.66,24.9,25.0,24.86,0.78,2.89,106.0,6.08,44864553571.0,6918785371.0,-0.04,-0.16,-5.09,23.59
2016,002065,东华软件,7.6,2.01,0.15,733999.0,555286764.05,3.49,7.69,7.43,7.45,7.45,1.33,2.52,98.3,1.99,24361666050.0,22100204532.0,0.0,0.13,-12.34,-16.48
2017,002919,名臣健康,17.27,2.01,0.34,49932.0,86632335.39,4.73,17.65,16.85,17.26,16.93,1.14,1.89,125.28,5.72,4596169860.0,4562875441.0,-0.46,-0.29,-28.96,-24.72
2018,603806,福斯特,15.24,2.01,0.3,307416.0,466345705.0,3.15,15.37,14.9,14.96,14.94,0.89,1.18,31.88,2.52,39757284498.0,39757284498.0,-0.07,-0.07,-20.04,10.35
2019,920002,万达轴承,55.34,2.01,1.09,16190.0,88058919.81,6.23,55.81,52.43,55.08,54.25,0.92,3.63,49.75,4.64,3525387938.0,2468006447.0,0.09,0.16,-18.31,-29.38
2020,300588,熙菱信息,22.36,2.01,0.44,43941.0,98063723.94,3.38,22.59,21.85,22.03,21.92,0.94,2.49,-49.59,16.71,4281292231.0,3953740591.0,0.0,0.04,-3.12,-17.19
2021,301300,远翔新材,29.99,2.01,0.59,9580.0,28772404.0,3.16,30.33,29.4,29.58,29.4,1.26,2.44,38.71,2.39,1962215710.0,1179027250.0,0.17,0.07,-28.71,-28.61
2022,000628,高新发展,39.15,2.01,0.77,86354.0,334634248.49,3.23,39.35,38.11,38.88,38.38,0.79,4.49,1926.3,6.37,13791762000.0,7526140603.0,0.0,0.2,-38.03,-12.0
2023,300650,太龙股份,11.2,2.0,0.22,57620.0,64246369.0,2.91,11.24,10.92,11.03,10.98,0.82,3.38,88.03,1.89,2703709926.0,1907867819.0,0.0,0.09,-34.35,-32.29
2024,300531,优博讯,17.32,2.0,0.34,153601.0,263148673.75,3.0,17.32,16.81,17.06,16.98,1.01,4.93,32.18,3.94,5561087674.0,5397056414.0,0.0,0.12,-16.57,-3.56
2025,300152,*ST动力,1.53,2.0,0.03,264589.0,40805007.74,4.67,1.58,1.51,1.52,1.5,1.43,3.71,-80.45,5.16,1090584000.0,1090542422.0,0.0,0.66,-22.34,-28.5
2026,300123,ST亚光,4.59,2.0,0.09,323426.0,146375808.61,5.33,4.64,4.4,4.52,4.5,0.94,3.25,-39.7,15.03,4690218625.0,4562553558.0,0.0,0.22,-8.02,-43.33
2027,301418,协昌科技,35.18,2.0,0.69,15356.0,53776006.0,3.45,35.48,34.29,34.65,34.49,0.74,5.22,75.98,1.6,2579866690.0,1035570230.0,0.03,0.06,-19.5,-3.35
2028,688237,超卓航科,52.02,2.0,1.02,22070.0,113568309.0,4.75,52.12,49.7,51.05,51.0,0.46,2.46,315.94,3.94,4665255143.0,4665255143.0,0.04,0.12,-2.8,7.46
2029,603137,恒尚节能,26.02,2.0,0.51,333507.0,845053763.0,8.86,26.2,23.94,25.55,25.51,0.98,18.23,32.87,3.98,4759925351.0,4759925351.0,-0.04,-0.12,84.02,89.37
2030,920640,富士达,27.09,2.0,0.53,31547.0,85064262.04,2.26,27.15,26.55,26.66,26.56,1.11,1.75,100.55,5.58,5085551520.0,4892949910.0,0.11,0.15,-29.84,-27.7
2031,300139,晓程科技,39.96,1.99,0.78,263535.0,1044403781.58,3.27,40.09,38.81,39.02,39.18,0.71,11.28,60.96,9.41,10949040000.0,9337022631.0,0.13,0.2,-31.1,32.06
2032,301388,欣灵电气,23.59,1.99,0.46,16600.0,38816983.85,2.03,23.62,23.15,23.15,23.13,1.23,2.28,121.93,2.51,2416738884.0,1714592819.0,0.08,0.08,-29.62,-21.84
2033,688113,联测科技,34.8,1.99,0.68,9350.0,32465873.0,3.49,35.49,34.3,34.45,34.12,1.3,1.45,19.72,2.24,2241035053.0,2241035053.0,0.4,0.26,-22.91,-11.56
2034,300417,南华仪器,10.74,1.99,0.21,48778.0,52152234.0,3.13,10.83,10.5,10.61,10.53,1.13,5.84,-122.29,3.25,1445208768.0,897760896.0,-0.19,0.0,-31.07,-22.84
2035,002315,焦点科技,27.71,1.99,0.54,145526.0,402810804.56,4.38,28.28,27.09,27.27,27.17,1.07,5.54,29.17,4.3,11427787690.0,7285326629.0,-0.07,0.14,-14.37,-20.05
2036,002708,光洋股份,10.28,1.98,0.2,138748.0,141221412.46,3.77,10.32,9.94,10.26,10.08,0.79,2.69,45.06,3.27,5778367101.0,5311229344.0,0.1,0.19,-32.9,-22.59
2037,001336,楚环科技,17.48,1.98,0.34,20507.0,36054984.87,4.49,17.94,17.17,17.21,17.14,0.99,3.19,43.11,2.26,1826407414.0,1123940629.0,-0.06,-0.06,-25.55,-6.62
2038,600289,ST信通,4.63,1.98,0.09,36749.0,16919628.0,3.52,4.68,4.52,4.59,4.54,0.78,0.65,-14.65,3.25,2921771079.0,2620222027.0,-0.22,-0.22,-24.35,-30.27
2039,603281,江瀚新材,20.61,1.98,0.4,28026.0,57423648.0,2.82,20.68,20.11,20.21,20.21,0.81,0.54,25.85,2.36,10689105128.0,10689105128.0,-0.05,0.1,-19.68,6.95
2040,301179,泽宇智能,19.62,1.98,0.38,45567.0,88747329.66,3.22,19.72,19.1,19.34,19.24,1.33,1.92,77.89,3.22,7934476504.0,4659260069.0,-0.05,0.05,-20.86,25.61
2041,301057,汇隆新材,21.1,1.98,0.41,31680.0,66533949.0,5.03,21.39,20.35,20.86,20.69,0.91,3.91,37.8,3.24,2468055142.0,1709464777.0,0.19,0.19,-37.67,-41.26
2042,603727,博迈科,18.15,1.97,0.35,32959.0,59215987.0,3.15,18.15,17.59,17.91,17.8,0.57,1.17,-36.29,1.66,5113204878.0,5113204878.0,0.0,0.28,3.13,31.71
2043,002107,沃华医药,6.2,1.97,0.12,97257.0,60197911.4,2.47,6.25,6.1,6.1,6.08,1.16,1.7,26.48,5.06,3578699520.0,3542657624.0,0.16,0.16,-15.99,1.81
2044,603828,*ST利达,4.14,1.97,0.08,27132.0,11181440.0,4.93,4.23,4.03,4.06,4.06,1.46,0.46,202.46,4.82,2467275054.0,2467190048.0,0.24,0.24,-28.87,-50.6
2045,688411,海博思创,210.56,1.97,4.07,24927.0,523451582.0,3.79,213.64,205.81,207.7,206.49,0.8,1.88,47.16,8.12,38417690268.0,27914839555.0,-0.15,-0.07,-21.11,-15.25
2046,300414,中光防雷,11.39,1.97,0.22,140400.0,158585125.34,2.95,11.41,11.08,11.2,11.17,0.7,4.48,113.44,3.73,3713361718.0,3571218664.0,0.18,0.18,-24.67,-23.71
2047,603733,仙鹤股份,20.28,1.96,0.39,94469.0,190474307.0,2.97,20.39,19.8,19.92,19.89,0.76,1.16,16.52,1.61,16573895504.0,16573895504.0,-0.1,-0.05,-4.07,-13.59
2048,688659,元琛科技,9.35,1.96,0.18,28738.0,26958960.0,3.93,9.53,9.17,9.3,9.17,0.91,1.8,89.74,2.89,1496000000.0,1496000000.0,-0.11,-0.21,-23.23,-1.06
2049,002236,大华股份,17.13,1.96,0.33,542279.0,923553231.97,2.08,17.15,16.8,16.84,16.8,1.0,2.27,20.06,1.5,56002459328.0,40960004910.0,0.0,0.12,-4.19,-7.75
2050,688184,ST帕瓦,11.49,1.95,0.22,9312.0,10551479.0,2.93,11.49,11.16,11.25,11.27,1.27,0.95,22.33,1.68,1800803962.0,1127949562.0,0.7,1.06,-18.91,23.81
2051,688177,百奥泰,17.77,1.95,0.34,22526.0,39918473.0,3.38,17.88,17.29,17.43,17.43,0.88,0.54,-12.12,32.83,7358201600.0,7358201600.0,0.34,0.11,-12.68,-23.21
2052,300448,浩云科技,5.74,1.95,0.11,220840.0,126049058.0,3.73,5.8,5.59,5.68,5.63,1.12,3.44,710.56,3.22,3883208033.0,3688335452.0,-0.17,0.17,-28.96,-26.5
2053,301029,怡合达,25.6,1.95,0.49,90835.0,231548720.27,3.42,25.86,25.0,25.25,25.11,1.02,2.01,31.52,3.88,16276139827.0,11593287885.0,-0.23,-0.31,-13.22,-1.61
2054,300481,濮阳惠成,13.56,1.95,0.26,106355.0,143298879.86,2.63,13.6,13.25,13.39,13.3,1.06,3.67,53.83,1.66,3957559739.0,3933425461.0,0.07,0.15,-8.75,-11.37
2055,002878,元隆雅图,12.56,1.95,0.24,85472.0,107137889.0,2.76,12.71,12.37,12.62,12.32,1.13,3.62,-272.12,2.63,3290616091.0,2962882887.0,0.0,0.16,-36.82,-31.06
2056,002455,百川股份,6.82,1.94,0.13,289638.0,196305132.52,2.84,6.84,6.65,6.73,6.69,0.84,4.38,66.43,1.8,4927194250.0,4506737656.0,0.15,0.0,-33.66,-4.88
2057,688047,龙芯中科,109.72,1.94,2.09,40533.0,442701336.0,2.38,110.3,107.74,108.37,107.63,0.77,1.01,-96.51,18.34,43997720000.0,43997720000.0,0.02,0.02,-38.74,-16.95
2058,920008,成电光信,19.96,1.94,0.38,12536.0,24797950.12,3.63,20.1,19.39,19.59,19.58,0.55,3.68,-7688.31,3.97,1272450000.0,680011112.0,0.4,0.25,-25.13,-33.42
2059,603444,吉比特,392.49,1.94,7.48,22756.0,887097911.0,3.01,394.59,383.0,386.77,385.01,0.74,3.16,13.66,5.14,28275411731.0,28275411731.0,0.01,0.01,1.57,-5.85
2060,603075,热威股份,18.9,1.94,0.36,26600.0,50001244.0,3.29,19.04,18.43,18.6,18.54,1.24,6.27,26.59,3.89,7605376991.0,801376991.0,0.16,0.0,-22.06,-10.6
2061,300932,三友联众,9.5,1.93,0.18,170374.0,161257299.48,3.43,9.63,9.31,9.44,9.32,1.16,5.34,70.47,2.48,4257383172.0,3032317512.0,0.0,0.32,-9.44,12.69
2062,300987,川网传媒,13.72,1.93,0.26,46400.0,63686766.44,2.23,13.85,13.55,13.62,13.46,1.03,2.68,273.93,3.02,2378608960.0,2378608960.0,0.0,-0.07,-22.13,-17.8
2063,300492,华图山鼎,26.9,1.93,0.51,84306.0,225602725.19,3.94,27.15,26.11,26.34,26.39,0.87,3.06,15.26,31.4,7405730351.0,7405730351.0,-0.15,0.37,-26.8,-49.25
2064,301112,信邦智能,31.7,1.93,0.6,24185.0,75738253.96,5.27,31.98,30.34,31.1,31.1,0.66,2.19,496.18,3.14,3495451220.0,3495451220.0,0.03,-0.03,-14.72,-19.52
2065,688203,海正生材,10.02,1.93,0.19,29716.0,29681761.0,2.75,10.1,9.83,9.85,9.83,0.99,1.47,485.42,1.38,2030834241.0,2030834241.0,0.1,-0.2,-30.13,-21.6
2066,001393,维通利,44.99,1.93,0.85,34656.0,154714558.15,3.67,45.26,43.64,44.53,44.14,1.21,7.21,57.06,3.1,11217506697.0,2161327743.0,0.04,0.2,48.09,48.09
2067,603901,永创智能,9.49,1.93,0.18,91983.0,86974163.0,2.36,9.54,9.32,9.35,9.31,1.12,1.62,19.19,1.6,5473410616.0,5398852905.0,0.42,0.64,-25.98,-32.79
2068,002498,汉缆股份,7.38,1.93,0.14,2447150.0,1797641298.27,6.91,7.57,7.07,7.27,7.24,1.03,7.36,38.27,2.83,24551754480.0,24551754480.0,0.14,0.14,-18.54,94.72
2069,688148,芳源股份,6.87,1.93,0.13,123315.0,84431726.0,3.41,6.92,6.69,6.75,6.74,0.8,2.42,14.26,9.12,3504888874.0,3504888874.0,0.0,0.15,-36.27,-21.66
2070,600845,宝信软件,19.01,1.93,0.36,220805.0,418829205.0,2.36,19.14,18.7,18.7,18.65,1.07,1.03,35.62,5.05,54328757644.0,40568369449.0,0.05,0.0,-20.76,-7.18
2071,300074,华平股份,3.7,1.93,0.07,210829.0,77677074.7,2.75,3.73,3.63,3.63,3.63,1.09,3.83,-159.82,2.39,2036138120.0,2034403745.0,-0.27,0.0,-17.78,-19.74
2072,002439,启明星辰,14.34,1.92,0.27,365370.0,520830092.26,2.56,14.42,14.06,14.24,14.07,0.87,5.01,89.15,1.6,17371478940.0,10448112542.0,0.07,0.07,-12.67,1.56
2073,300956,英力股份,10.61,1.92,0.2,43556.0,46167292.0,3.55,10.77,10.4,10.42,10.41,0.87,2.07,-100.57,1.7,2285687473.0,2232899922.0,0.0,0.09,-34.3,-35.85
2074,301560,众捷汽车,23.4,1.92,0.44,17895.0,41621279.0,4.79,23.73,22.63,23.06,22.96,1.34,2.93,-169.11,2.98,2845440000.0,1428804000.0,0.43,0.3,-47.67,-31.14
2075,603717,天域生物,5.83,1.92,0.11,85540.0,49823495.0,2.45,5.9,5.76,5.77,5.72,0.73,2.95,-40.2,4.42,1691552579.0,1691552579.0,-0.17,-0.17,-23.89,-25.64
2076,000697,炼石航空,8.51,1.92,0.16,62273.0,52685806.0,2.75,8.53,8.3,8.35,8.35,0.9,0.95,2436.04,3.53,11880711433.0,5557943531.0,0.12,0.24,-30.93,-1.62
2077,688188,柏楚电子,105.49,1.92,1.99,32308.0,338521034.0,4.75,107.2,102.28,103.49,103.5,0.94,0.8,33.8,7.3,42782244113.0,42782244113.0,-0.15,-0.18,-5.5,10.24
2078,301298,东利机械,12.24,1.92,0.23,20064.0,24470997.26,2.83,12.35,12.01,12.05,12.01,0.99,1.85,103.61,1.97,1796832000.0,1324162882.0,0.0,-0.08,-26.31,-21.13
2079,301687,新广益,46.8,1.92,0.88,43175.0,200727630.57,3.53,47.02,45.4,46.02,45.92,1.32,13.86,65.2,4.61,6873235200.0,1457953193.0,0.02,0.17,-33.13,-34.1
2080,002571,德力股份,10.59,1.92,0.2,51872.0,54766614.0,2.89,10.69,10.39,10.39,10.39,0.88,1.74,-57.43,5.22,4150757913.0,3159062531.0,0.0,0.0,-12.98,-9.95
2081,301131,聚赛龙,32.89,1.92,0.62,10800.0,35451355.97,2.14,33.16,32.47,32.47,32.27,1.06,2.76,48.54,1.64,1797847421.0,1287803905.0,-0.18,-0.24,-24.56,-31.61
2082,000559,万向钱潮,11.7,1.92,0.22,433914.0,502785097.32,3.4,11.72,11.33,11.48,11.48,1.05,1.31,39.29,4.78,38789693795.0,38777881416.0,0.0,0.09,-33.52,-31.18
2083,002531,天顺风能,6.92,1.91,0.13,503149.0,344785154.9,4.12,6.98,6.7,6.77,6.79,0.9,2.82,75.08,1.43,12434400313.0,12364554269.0,0.0,0.14,-38.82,0.87
2084,688615,合合信息,116.28,1.91,2.18,78718.0,913914308.0,3.58,118.18,114.1,115.77,114.1,0.96,5.82,36.7,7.96,22790880000.0,15737142408.0,0.15,0.01,-22.47,-27.95
2085,688581,安杰思,53.47,1.91,1.0,5777.0,30806250.0,2.23,53.65,52.48,52.6,52.47,1.86,1.4,19.0,1.73,4317202876.0,2201802525.0,0.0,0.06,-14.56,-7.15
2086,600977,中国电影,12.81,1.91,0.24,401997.0,512051718.0,2.63,12.88,12.55,12.57,12.57,0.97,2.15,-52.45,2.19,23916270000.0,23916270000.0,0.16,0.23,-9.6,-18.36
2087,301518,长华化学,24.6,1.91,0.46,15512.0,37945922.0,2.69,24.74,24.09,24.31,24.14,0.93,2.64,70.89,2.2,3578550069.0,1444992659.0,-0.24,0.0,-32.92,-30.31
2088,605117,德业股份,82.48,1.9,1.54,98384.0,808147604.0,2.43,82.97,81.0,82.0,80.94,0.77,0.77,22.1,10.55,105016095849.0,105016095849.0,0.07,-0.02,-27.73,36.81
2089,300779,惠城环保,84.0,1.9,1.57,137544.0,1152416772.44,4.2,85.47,82.01,84.0,82.43,0.72,6.05,2929.8,11.21,24973876368.0,19082468748.0,-0.01,0.02,67.4,-9.66
2090,605222,起帆电缆,19.32,1.9,0.36,85179.0,163906403.0,3.27,19.54,18.92,19.04,18.96,1.01,2.06,20.92,1.7,7977377788.0,7977377788.0,0.0,0.1,-52.72,5.4
2091,002201,九鼎新材,8.03,1.9,0.15,160153.0,127870604.98,2.79,8.07,7.85,7.89,7.88,0.99,2.66,83.56,4.45,5232639015.0,4834245895.0,0.12,0.25,-43.85,-29.56
2092,300351,永贵电器,13.93,1.9,0.26,99711.0,138432685.81,3.44,14.07,13.6,13.71,13.67,0.96,3.79,-62.29,2.24,5417545734.0,3669407976.0,0.07,0.0,-48.71,-22.57
2093,002607,中公教育,2.14,1.9,0.04,2440806.0,520784072.3,3.81,2.17,2.09,2.1,2.1,0.78,4.4,69.72,16.4,13198234692.0,11862962054.0,-0.47,-0.47,-22.18,-21.9
2094,300642,透景生命,12.9,1.9,0.24,32938.0,42495914.4,2.53,12.99,12.67,12.75,12.66,1.02,2.39,-94.11,1.49,2093311909.0,1776401866.0,0.0,0.08,-24.78,-29.47
2095,603825,ST华扬,7.52,1.9,0.14,40436.0,30465662.0,6.1,7.76,7.31,7.41,7.38,2.25,1.6,-19.99,61.17,1905090871.0,1905090871.0,-0.27,0.27,-13.96,-17.0
2096,300740,水羊股份,20.91,1.9,0.39,233208.0,486145657.72,3.61,21.18,20.44,20.44,20.52,0.65,5.73,65.96,3.25,9157487494.0,8510836711.0,0.05,0.14,-21.71,-11.92
2097,603131,上海沪工,15.12,1.89,0.28,64975.0,97616148.0,2.96,15.19,14.75,14.89,14.84,1.13,1.93,108.21,3.09,5094037166.0,5094037166.0,0.13,0.2,-39.01,-50.02
2098,600265,*ST景谷,22.11,1.89,0.41,5955.0,13046912.0,2.76,22.2,21.6,21.8,21.7,1.26,0.46,-684.28,13.56,2869878000.0,2869878000.0,0.0,0.05,-1.95,10.05
2099,301600,慧翰股份,90.9,1.89,1.69,9151.0,82931664.59,2.67,91.49,89.11,89.5,89.21,0.68,2.84,57.93,7.8,9501186150.0,2932297650.0,0.11,0.06,-23.91,-29.7
2100,002487,大金重工,41.57,1.89,0.77,264661.0,1093547485.21,3.55,41.89,40.44,40.81,40.8,0.81,4.19,17.7,3.56,30765368743.0,26227355458.0,0.29,0.19,-51.09,-19.81
2101,688579,地纬智能,8.09,1.89,0.15,52942.0,42856990.0,3.02,8.2,7.96,7.96,7.94,1.12,1.32,-40.65,2.37,3236080900.0,3236080900.0,-0.25,0.0,-21.3,-24.6
2102,601168,西部矿业,38.21,1.89,0.71,538796.0,2045373143.0,3.44,38.45,37.16,37.8,37.5,0.82,2.26,10.92,4.06,91054430000.0,91054430000.0,0.1,0.21,18.52,38.74
2103,300241,瑞丰光电,5.4,1.89,0.1,203016.0,109127231.5,2.45,5.42,5.29,5.31,5.3,0.89,3.38,33.28,1.71,3869911334.0,3245699657.0,0.0,0.19,-24.9,-2.88
2104,300763,锦浪科技,62.1,1.89,1.15,100911.0,623417235.87,4.27,63.0,60.4,60.84,60.95,0.92,3.14,100.69,2.75,24634559165.0,19971036086.0,0.03,0.13,-39.53,-12.79
2105,301007,德迈仕,27.44,1.89,0.51,16718.0,45335260.95,3.45,27.44,26.51,27.01,26.93,0.38,1.1,118.68,6.5,4207649600.0,4152361430.0,0.04,0.4,-29.3,-32.16
2106,603590,康辰药业,30.4,1.88,0.56,27807.0,84782383.0,3.18,30.95,30.0,30.03,29.84,1.09,1.76,25.6,1.53,4833918501.0,4809993701.0,0.07,0.1,-15.63,-22.84
2107,605186,健麾信息,23.85,1.88,0.44,46507.0,107702555.0,6.75,23.88,22.3,23.67,23.41,1.24,3.42,237.6,2.93,3243600000.0,3243600000.0,0.04,0.13,6.52,21.37
2108,688282,理工导航,52.98,1.88,0.98,7040.0,37374029.0,3.85,54.0,52.0,53.0,52.0,1.01,0.79,-84.77,3.63,4716772314.0,4716772314.0,-0.02,0.02,-46.62,-16.57
2109,603009,北特科技,40.02,1.88,0.74,69350.0,276555216.0,4.2,40.45,38.8,39.67,39.28,0.82,2.0,127.52,6.9,13862520396.0,13862520396.0,-0.32,-0.05,-23.38,-16.66
2110,688622,*ST禾信,115.12,1.88,2.12,2831.0,32498227.0,3.44,115.88,111.99,111.99,113.0,0.53,0.4,-264.16,27.41,8111990778.0,8111990778.0,0.0,0.01,40.91,13.83
2111,301386,未来电器,20.05,1.88,0.37,11005.0,22013228.0,2.69,20.23,19.7,19.76,19.68,1.08,2.45,46.54,1.93,2807000000.0,902250000.0,0.0,0.0,-22.44,-12.83
2112,301517,陕西华达,38.52,1.88,0.71,25466.0,97804486.28,2.99,38.86,37.73,38.07,37.81,0.82,2.61,-91.07,4.58,5825663878.0,3758091322.0,0.0,-0.05,-47.17,-44.56
2113,300774,倍杰特,10.27,1.88,0.19,64718.0,66109351.75,2.28,10.31,10.08,10.13,10.08,0.88,3.17,-35.09,2.9,4198002788.0,2095875679.0,-0.19,0.2,-40.84,-45.89
2114,002652,扬子新材,3.8,1.88,0.07,134923.0,51154109.4,2.95,3.83,3.72,3.76,3.73,0.76,2.63,-151.37,8.29,1945843200.0,1945843200.0,0.0,0.26,-41.18,-3.8
2115,002945,华林证券,15.18,1.88,0.28,248545.0,374392135.93,3.22,15.19,14.71,14.85,14.9,0.82,0.92,109.28,5.69,40986000000.0,40986000000.0,0.07,0.2,-5.71,-0.59
2116,605305,中际联合,39.65,1.88,0.73,33732.0,132838055.0,2.72,39.74,38.68,39.3,38.92,0.8,1.59,16.35,2.82,8426418000.0,8426418000.0,0.0,0.08,-13.09,-3.95
2117,300871,回盛生物,21.25,1.87,0.39,39191.0,82769350.52,1.87,21.26,20.87,20.87,20.86,0.95,1.94,13.8,1.94,4287917586.0,4287917586.0,0.05,0.19,-17.51,3.51
2118,688076,ST诺泰,27.25,1.87,0.5,13036.0,35436211.0,1.16,27.31,27.0,27.0,26.75,1.04,0.41,16.67,2.87,8633234937.0,8633234937.0,0.04,0.04,-15.08,-27.04
2119,603068,博通集成,36.56,1.87,0.67,115748.0,409458982.0,6.63,36.56,34.18,35.9,35.89,0.83,7.63,85.46,3.16,5549344383.0,5549344383.0,0.11,0.19,-1.85,-2.53
2120,688522,纳睿雷达,19.65,1.87,0.36,50541.0,99558975.0,3.99,19.95,19.18,19.18,19.29,1.17,2.94,78.86,3.59,8332435636.0,3383425150.0,0.15,-0.1,-22.09,-31.03
2121,002951,金时科技,13.65,1.87,0.25,50557.0,68534452.0,3.13,13.75,13.33,13.53,13.4,0.51,1.26,-118.99,3.64,5528250000.0,5475348401.0,0.07,0.07,-17.42,-8.39
2122,300477,ST合纵,2.74,1.86,0.05,317467.0,87664489.4,4.09,2.82,2.71,2.71,2.69,0.72,3.2,-19.93,35.42,2937331202.0,2715375508.0,0.0,-0.36,-12.46,4.58
2123,920953,国子软件,25.15,1.86,0.46,49726.0,124780007.3,5.1,25.78,24.52,24.97,24.69,0.98,8.3,638.38,5.49,3222117149.0,1506126688.0,-0.04,0.12,-20.46,-29.39
2124,688557,兰剑智能,19.18,1.86,0.35,12786.0,24562147.0,2.39,19.41,18.96,19.22,18.83,0.87,0.86,221.72,2.38,2844826087.0,2844826087.0,0.0,-0.1,-20.45,-23.25
2125,002760,凤形股份,16.95,1.86,0.31,38023.0,64618970.0,3.31,17.19,16.64,16.74,16.64,0.98,3.52,68.69,2.19,1830408567.0,1830408567.0,0.0,-0.12,-28.24,-21.93
2126,600212,绿能慧充,5.51,1.85,0.1,108084.0,59341816.0,3.33,5.57,5.39,5.47,5.41,1.11,2.03,-45.12,6.72,3879867674.0,2926802974.0,-0.18,-0.18,-25.14,-31.55
2127,688687,凯因科技,16.53,1.85,0.3,23758.0,39236775.0,2.09,16.6,16.26,16.52,16.23,1.16,1.39,115.16,1.69,2825711296.0,2825711296.0,-0.06,-0.18,-18.61,-33.0
2128,301556,托普云农,59.99,1.85,1.09,18068.0,108172759.28,3.16,60.46,58.6,59.14,58.9,1.06,6.13,208.85,5.27,5115947200.0,1768505200.0,0.03,0.08,-32.9,-38.67
2129,688712,北芯生命,33.1,1.85,0.6,13934.0,45896452.0,2.18,33.27,32.56,32.7,32.5,1.16,3.75,75.49,7.82,13802700000.0,1228496570.0,0.15,0.18,-27.73,88.93
2130,601778,晶科科技,3.86,1.85,0.07,1566826.0,602119706.0,3.17,3.88,3.76,3.77,3.79,1.08,4.21,-27.89,0.88,14370951762.0,14370951762.0,0.0,0.26,-46.91,4.61
2131,000520,凤凰航运,3.86,1.85,0.07,207691.0,79917296.0,4.49,3.93,3.76,3.86,3.79,1.16,2.05,295.78,9.28,3906642136.0,3906642136.0,0.0,0.0,-7.88,-20.25
2132,603095,越剑智能,12.66,1.85,0.23,29947.0,37835675.0,2.33,12.72,12.43,12.5,12.43,0.99,1.16,57.5,1.4,3269688072.0,3269688072.0,-0.16,0.08,-49.72,-29.04
2133,605069,正和生态,10.52,1.84,0.19,111188.0,116381607.0,3.29,10.59,10.25,10.36,10.33,1.02,5.25,-43.15,3.24,2227060625.0,2227060625.0,-0.09,-0.28,-33.75,-28.44
2134,002368,太极股份,14.95,1.84,0.27,87986.0,131145013.22,1.91,15.02,14.74,14.81,14.68,0.76,1.42,-19.47,2.34,9317307726.0,9272257426.0,-0.07,0.07,-13.93,-38.95
2135,000766,通化金马,17.71,1.84,0.32,171363.0,302549372.64,3.39,17.84,17.25,17.5,17.39,0.92,1.77,468.73,7.38,17116621261.0,17107996031.0,-0.06,0.0,-25.05,-35.58
2136,600058,五矿发展,9.94,1.84,0.18,95663.0,94567983.0,3.48,10.01,9.67,9.79,9.76,0.66,0.89,156.69,2.2,10654792467.0,10654792467.0,0.0,-0.2,-15.33,-13.49
2137,600715,文投控股,1.66,1.84,0.03,366628.0,60078612.0,3.68,1.67,1.61,1.64,1.63,0.95,1.28,-520.25,6.23,6739356810.0,4751537920.0,0.0,0.0,-19.81,-23.85
2138,300969,恒帅股份,72.81,1.83,1.31,21188.0,153243182.38,3.9,73.3,70.51,72.0,71.5,0.76,2.71,74.39,6.87,11949566715.0,5699224520.0,0.0,0.07,-30.47,-17.36
2139,300828,锐新科技,15.03,1.83,0.27,46346.0,69276474.0,2.57,15.14,14.76,14.86,14.76,1.32,5.49,97.33,3.21,2501322660.0,1268070804.0,0.0,0.2,-42.85,-10.38
2140,688175,高凌信息,17.22,1.83,0.31,36013.0,62092339.0,3.55,17.45,16.85,16.85,16.91,0.65,2.14,183.31,1.68,2894890362.0,2894890362.0,0.0,0.0,-38.28,-30.28
2141,000890,法尔胜,7.24,1.83,0.13,173466.0,125266137.7,3.66,7.29,7.03,7.16,7.11,1.01,4.14,-82.66,155.37,3037208728.0,3037115173.0,-0.28,-0.14,-45.73,42.8
2142,301246,宏源药业,19.5,1.83,0.35,82230.0,160132979.75,2.87,19.65,19.1,19.29,19.15,0.81,4.83,13.51,1.7,7800132600.0,3316510275.0,0.0,0.1,-38.58,-21.84
2143,300590,移为通信,10.59,1.83,0.19,209172.0,220488211.48,2.6,10.64,10.37,10.54,10.4,1.0,5.85,23.57,2.65,4895084937.0,3789256540.0,0.19,0.28,-30.6,-15.68
2144,605218,伟时电子,13.42,1.82,0.24,35352.0,47080374.0,2.66,13.48,13.13,13.29,13.18,1.13,1.66,-31.82,1.84,3258573556.0,2856225033.0,0.0,0.3,-27.34,-27.18
2145,601020,华钰矿业,20.19,1.82,0.36,198922.0,400503287.0,1.97,20.27,19.88,20.02,19.83,0.97,2.43,135.44,3.91,16555087253.0,16555087253.0,0.0,-0.05,-32.97,-24.61
2146,300501,海顺新材,10.08,1.82,0.18,41408.0,41771861.32,5.45,10.28,9.74,9.99,9.9,0.83,1.49,-64.72,2.19,2804081576.0,2794406016.0,-0.4,-0.2,-31.85,-1.75
2147,002081,金 螳 螂,3.92,1.82,0.07,1038393.0,403466406.1,2.08,3.92,3.84,3.85,3.85,1.06,3.93,14.77,0.77,10408868861.0,10365433987.0,0.0,0.26,-44.94,19.15
2148,300916,朗特智能,20.1,1.82,0.36,24283.0,48542268.0,2.84,20.19,19.63,19.94,19.74,0.73,2.6,606.99,2.19,2907344541.0,1877657319.0,0.15,0.25,-48.93,-38.12
2149,300930,屹通新材,24.1,1.82,0.43,13162.0,31488780.82,2.28,24.1,23.56,23.77,23.67,0.7,2.79,32.93,2.57,2410000000.0,1135712524.0,0.33,0.58,-27.17,-18.58
2150,688543,国科军工,38.7,1.82,0.69,64614.0,249467900.0,3.03,39.0,37.85,37.91,38.01,0.99,2.58,122.79,4.29,9698623757.0,9698623757.0,0.13,0.13,-27.01,-24.07
2151,002254,泰和新材,11.83,1.81,0.21,190984.0,224538084.23,2.84,11.85,11.52,11.64,11.62,0.79,2.25,159.47,1.43,10073578405.0,10062277502.0,0.34,0.42,-1.5,18.3
2152,301102,兆讯传媒,9.58,1.81,0.17,27074.0,25777193.93,2.13,9.62,9.42,9.48,9.41,1.23,0.67,169.81,1.31,3889480000.0,3889480000.0,0.0,0.0,-14.16,-8.59
2153,601519,大智慧,8.45,1.81,0.15,285510.0,241741464.0,2.53,8.54,8.33,8.33,8.3,0.82,1.44,-142.03,12.96,16808402000.0,16808402000.0,-0.12,0.0,-25.68,-34.34
2154,688055,龙腾光电,3.93,1.81,0.07,125861.0,49107161.0,2.33,3.94,3.85,3.87,3.86,1.05,0.38,-47.0,3.27,13100000262.0,13100000262.0,0.26,0.26,-15.67,9.17
2155,300210,森远股份,9.01,1.81,0.16,135819.0,122588804.0,5.2,9.28,8.82,8.85,8.85,1.26,2.8,-93.12,11.64,4362821777.0,4362821777.0,0.11,0.22,-12.44,1.35
2156,300048,合康新能,5.62,1.81,0.1,170750.0,95471145.76,2.72,5.65,5.5,5.54,5.52,0.95,1.51,-137.46,3.47,6363792146.0,6351901631.0,0.0,0.18,-13.54,-5.55
2157,605086,龙高股份,23.19,1.8,0.41,13042.0,30104180.0,2.46,23.34,22.78,23.01,22.78,0.85,0.73,55.08,2.6,4155648000.0,4155648000.0,-0.17,-0.22,-30.44,-49.01
2158,002806,华锋股份,13.0,1.8,0.23,79744.0,102645071.0,4.54,13.08,12.5,12.7,12.77,0.75,4.58,-43.46,2.48,2762229457.0,2263366105.0,-0.08,0.08,-13.56,4.33
2159,301680,固德电材,92.39,1.8,1.63,8592.0,79028745.72,3.02,92.9,90.16,90.79,90.76,0.96,5.11,38.96,4.1,7649892000.0,1552381127.0,0.01,0.16,-23.84,60.54
2160,002415,海康威视,38.63,1.79,0.68,1144505.0,4379823263.89,3.32,38.8,37.54,38.23,37.95,0.85,1.27,22.42,4.2,354038987977.0,349450600017.0,0.0,0.16,11.62,32.79
2161,688455,科捷智能,14.19,1.79,0.25,25746.0,36460037.0,3.3,14.37,13.91,13.99,13.94,1.49,1.53,-13.58,2.59,2384355151.0,2384355151.0,-0.14,-0.07,-31.42,-29.37
2162,300694,蠡湖股份,10.24,1.79,0.18,45908.0,46668930.2,2.49,10.3,10.05,10.18,10.06,0.83,2.12,37.38,1.49,2222800650.0,2219866890.0,0.0,0.1,-19.12,-14.67
2163,920222,益坤电气,29.0,1.79,0.51,44480.0,126226230.62,7.69,29.3,27.11,29.0,28.49,0.97,38.47,57.63,5.44,2483765900.0,335315110.0,0.28,0.24,187.41,187.41
2164,600617,国新能源,3.41,1.79,0.06,651580.0,222276245.0,4.18,3.47,3.33,3.35,3.35,0.41,3.67,13.08,2.06,6578543956.0,6054600569.0,0.29,0.0,-3.67,8.6
2165,300300,海峡创新,7.98,1.79,0.14,816603.0,649000832.53,4.97,8.13,7.74,7.77,7.84,1.5,12.25,-118.19,20.01,5321439555.0,5321100804.0,0.0,0.5,-40.76,-46.91
2166,002927,泰永长征,15.33,1.79,0.27,63709.0,97058704.72,2.72,15.43,15.02,15.27,15.06,1.02,2.89,79.84,3.4,3421536119.0,3383494464.0,0.07,0.07,-21.79,-23.66
2167,300883,龙利得,5.68,1.79,0.1,85721.0,48182974.06,3.58,5.7,5.5,5.58,5.58,0.89,2.59,-145.15,1.39,1965280000.0,1878231586.0,-0.18,0.0,-21.33,-15.85
2168,605377,华旺科技,9.1,1.79,0.16,50739.0,45859807.0,3.02,9.17,8.9,8.94,8.94,0.63,0.91,19.46,1.31,5065699439.0,5065699439.0,0.33,0.22,-7.71,9.24
2169,300057,万顺新材,6.25,1.79,0.11,272287.0,169260380.75,2.44,6.27,6.12,6.16,6.14,0.81,3.28,71.48,1.12,6272321644.0,5193599925.0,0.0,0.16,-33.44,10.04
2170,601666,平煤股份,8.02,1.78,0.14,383250.0,304537006.0,4.44,8.1,7.75,7.93,7.88,1.07,1.55,41.22,0.91,19804308174.0,19804308174.0,-0.12,0.25,-1.72,2.69
2171,605179,一鸣食品,21.69,1.78,0.38,412736.0,898904750.0,15.58,23.32,20.0,20.0,21.31,2.68,10.29,137.48,7.66,8697690000.0,8697690000.0,0.32,-0.37,28.27,3.93
2172,301281,科源制药,36.08,1.78,0.63,22308.0,79575302.08,3.95,36.2,34.8,35.45,35.45,0.57,3.14,32.48,2.82,3907103200.0,2559948160.0,-0.3,-0.06,-11.39,23.35
2173,000682,东方电子,12.56,1.78,0.22,257787.0,323403792.39,2.76,12.67,12.33,12.63,12.34,1.24,1.92,17.85,2.77,16839531208.0,16837926819.0,-0.08,0.08,-6.89,6.35
2174,600984,建设机械,4.0,1.78,0.07,251578.0,99677293.0,2.29,4.0,3.91,3.94,3.93,0.68,2.0,-4.5,2.81,5028175700.0,5028175700.0,0.0,0.25,-18.03,-2.2
2175,603172,万丰股份,16.62,1.78,0.29,18417.0,30613302.0,2.88,16.8,16.33,16.43,16.33,0.92,1.38,39.72,2.01,2216775600.0,2216775600.0,0.12,0.12,-26.95,-6.26
2176,002734,利民股份,13.78,1.77,0.24,87093.0,118948084.5,2.51,13.79,13.45,13.55,13.54,0.85,2.01,12.4,1.69,6557070019.0,5985285055.0,0.07,0.22,-20.07,-11.04
2177,603200,上海洗霸,37.4,1.77,0.65,100843.0,376599281.0,4.9,37.94,36.14,36.38,36.75,1.0,5.75,882.27,6.0,6562955852.0,6562955852.0,0.03,0.08,-39.71,-47.41
2178,603000,人民网,17.25,1.77,0.3,245146.0,420566372.0,3.07,17.35,16.83,16.94,16.95,1.15,2.22,-143.37,5.15,19073170716.0,19073170716.0,0.0,0.12,-14.31,-8.83
2179,300554,三超新材,19.57,1.77,0.34,32098.0,62781462.24,3.07,19.79,19.2,19.37,19.23,0.7,4.06,-146.18,4.51,2235120562.0,1547888093.0,0.0,0.1,-28.78,-15.61
2180,688190,云路股份,71.76,1.77,1.25,14261.0,102267779.0,3.15,72.7,70.48,70.63,70.51,1.05,1.19,34.77,3.29,8611200000.0,8611200000.0,-0.33,0.08,-17.48,-25.48
2181,603332,苏州龙杰,10.91,1.77,0.19,47072.0,51146310.0,2.43,10.99,10.73,10.78,10.72,1.54,2.18,30.52,1.87,2360347777.0,2360347777.0,0.09,0.09,-22.24,-19.78
2182,002038,双鹭药业,5.76,1.77,0.1,277507.0,159103157.44,1.77,5.78,5.68,5.69,5.66,0.91,3.26,-17.18,1.16,5917536000.0,4907009180.0,0.0,0.17,-12.99,-21.74
2183,000630,铜陵有色,6.34,1.77,0.11,2605178.0,1639078173.96,2.41,6.35,6.2,6.24,6.23,1.26,2.34,15.88,2.31,85016049373.0,70646554235.0,0.16,0.0,-7.17,6.38
2184,688092,爱科科技,22.39,1.77,0.39,8005.0,17797933.0,2.77,22.44,21.83,22.05,22.0,1.11,0.97,78.45,2.84,1850841139.0,1850841139.0,0.0,0.13,-24.61,-10.33
2185,920096,嘉晨智能,34.53,1.77,0.6,10201.0,34821030.23,3.42,34.56,33.4,34.3,33.93,0.86,6.3,33.45,3.61,2382570000.0,559386000.0,-0.09,0.15,139.29,139.29
2186,301513,尚水智能,49.11,1.76,0.85,11597.0,56628773.84,3.81,49.9,48.06,48.26,48.26,0.96,5.76,41.71,3.76,4911000000.0,989516850.0,0.04,0.2,-43.25,87.51
2187,002490,山东墨龙,7.53,1.76,0.13,492558.0,370893512.22,3.38,7.6,7.35,7.48,7.4,0.76,9.09,277.63,12.31,6201156804.0,4079166660.0,0.0,0.0,-25.59,15.85
2188,002471,中超控股,5.78,1.76,0.1,1732272.0,992154135.67,3.52,5.81,5.61,5.69,5.68,2.18,12.89,-417.64,4.38,7911432800.0,7768623670.0,0.0,0.0,-34.47,-27.93
2189,688726,拉普拉斯,42.7,1.76,0.74,77082.0,328736055.0,3.46,43.13,41.68,41.96,41.96,0.88,3.5,35.93,4.24,17307428270.0,9390775040.0,0.02,0.07,-42.25,19.64
2190,605277,新亚电子,15.05,1.76,0.26,48826.0,73190520.0,1.49,15.07,14.85,14.85,14.79,0.98,1.28,32.89,3.49,5851220556.0,5745514187.0,0.0,0.13,-24.71,-17.13
2191,301256,华融化学,9.84,1.76,0.17,33458.0,32728105.52,2.48,9.88,9.64,9.7,9.67,0.64,0.7,67.96,2.78,4723200000.0,4723200000.0,-0.3,-0.1,-31.38,-27.06
2192,000679,大连友谊,5.81,1.75,0.1,45268.0,26271394.0,2.8,5.9,5.74,5.76,5.71,0.65,1.27,-41.23,14.32,2070684000.0,2070684000.0,-0.17,-0.17,-15.92,-18.4
2193,301331,恩威医药,20.93,1.75,0.36,14999.0,31384496.4,1.9,21.1,20.71,20.81,20.57,0.62,1.46,43.05,2.12,2153527195.0,2148196805.0,-0.33,-0.24,-22.88,-17.66
2194,300106,西部牧业,9.31,1.75,0.16,164914.0,153747745.04,3.61,9.45,9.12,9.15,9.15,0.77,7.8,99.21,5.22,1967503806.0,1967503806.0,0.0,0.22,-33.31,-13.4
2195,002836,新宏泽,9.3,1.75,0.16,36429.0,34085815.0,2.74,9.45,9.2,9.24,9.14,1.44,1.58,32.3,6.09,2142720000.0,2142720000.0,-0.21,-0.43,-27.91,-37.08
2196,002402,和而泰,20.88,1.75,0.36,272093.0,565882866.52,2.34,20.98,20.5,20.57,20.52,0.95,3.32,28.36,2.87,19280372447.0,17089832980.0,0.05,0.1,-37.26,-46.35
2197,300231,银信科技,8.73,1.75,0.15,192646.0,167820989.38,3.03,8.84,8.58,8.67,8.58,0.84,4.33,75.9,2.45,3882637390.0,3882438215.0,0.11,0.0,-21.91,-15.9
2198,002583,海能达,8.72,1.75,0.15,537635.0,477491096.85,7.12,9.19,8.58,8.58,8.57,2.29,4.19,-127.59,7.79,15858361002.0,11185326292.0,-0.11,0.0,-13.06,-22.97
2199,300143,盈康生命,7.56,1.75,0.13,120582.0,90919563.52,2.02,7.61,7.46,7.46,7.43,0.89,1.45,71.39,2.92,7355364000.0,6291828590.0,0.13,0.13,-15.25,-0.4
2200,688345,博力威,48.58,1.74,0.83,14363.0,70123642.0,4.1,49.75,47.79,47.79,47.75,0.55,1.42,44.25,4.28,4948958277.0,4925338681.0,0.33,0.43,-10.04,56.71
2201,688185,康希诺,51.37,1.74,0.88,15561.0,79836521.0,2.52,51.81,50.54,50.54,50.49,1.14,1.36,-78.48,2.58,12690640057.0,5875335924.0,0.21,0.23,-24.12,-18.27
2202,300663,科蓝软件,10.55,1.74,0.18,947794.0,997076872.36,10.13,10.99,9.94,10.1,10.37,0.87,20.59,-44.62,15.75,5047671828.0,4857093474.0,0.09,-0.19,8.09,-40.19
2203,600619,海立股份,14.03,1.74,0.24,237245.0,330903120.0,3.05,14.12,13.7,13.88,13.79,0.59,3.01,51.98,2.45,15059022016.0,11072122416.0,0.07,0.07,-23.46,-33.41
2204,301391,卡莱特,48.0,1.74,0.82,18697.0,89294938.0,4.35,48.48,46.43,47.62,47.18,1.15,2.01,155.42,2.18,4560710928.0,4456109808.0,0.0,0.19,-43.59,-43.43
2205,300995,奇德新材,25.68,1.74,0.44,15501.0,39617597.0,3.65,25.92,25.0,25.26,25.24,0.93,2.55,86.11,2.63,2365409170.0,1559539775.0,0.39,0.0,-28.25,-37.65
2206,688695,中创股份,19.42,1.73,0.33,17611.0,34165507.0,2.93,19.74,19.18,19.28,19.09,1.12,3.3,-39.95,2.17,1651697761.0,1036940183.0,0.0,0.0,-24.93,-29.2
2207,003029,吉大正元,17.1,1.73,0.29,25541.0,43509665.54,1.96,17.14,16.81,16.81,16.81,0.77,1.45,-61.64,3.23,3310905882.0,3011293122.0,0.12,0.0,-22.24,-34.68
2208,300928,华安鑫创,25.29,1.73,0.43,14487.0,36346992.0,2.7,25.3,24.63,25.0,24.86,1.16,2.7,-28.31,2.0,2023200000.0,1355245654.0,0.36,0.6,-29.1,-18.81
2209,300635,中达安,11.76,1.73,0.2,50647.0,58475055.0,3.81,11.79,11.35,11.49,11.56,0.96,4.21,276.05,5.35,1646564640.0,1416071310.0,0.0,0.26,-25.1,-26.64
2210,688561,奇安信-U,27.05,1.73,0.46,85582.0,231420906.0,2.26,27.3,26.7,26.95,26.59,0.78,1.25,-11.89,2.61,18454936211.0,18454936211.0,-0.07,0.15,-14.53,-23.97
2211,002581,*ST未名,3.53,1.73,0.06,50143.0,17672302.6,3.75,3.58,3.45,3.47,3.47,1.08,1.25,-10.74,1.29,2328866619.0,1414792798.0,0.0,-0.28,-36.96,-52.93
2212,601089,福元医药,17.6,1.73,0.3,31762.0,55910870.0,2.25,17.79,17.4,17.47,17.3,1.18,0.66,22.14,2.32,8448000000.0,8448000000.0,0.0,0.0,-14.93,-25.14
2213,603500,祥和实业,8.86,1.72,0.15,57588.0,50753369.0,2.3,8.9,8.7,8.75,8.71,0.95,1.73,18.75,2.93,2948459560.0,2946916351.0,0.11,0.0,-12.71,-24.66
2214,002845,同兴达,12.42,1.72,0.21,71640.0,88598672.62,2.21,12.47,12.2,12.25,12.21,0.82,2.86,-23.89,1.67,4068192176.0,3107910639.0,0.0,0.24,-17.26,-11.48
2215,000720,新能泰山,3.56,1.71,0.06,341516.0,121393722.0,2.0,3.59,3.52,3.57,3.5,0.78,2.72,-50.22,2.38,4473252393.0,4473252393.0,0.28,0.56,-38.94,8.87
2216,300952,恒辉安防,17.21,1.71,0.29,45975.0,78265069.18,4.91,17.45,16.62,17.08,16.92,0.9,3.09,158.76,2.48,4158306084.0,2557031252.0,0.17,0.29,-34.51,-40.86
2217,600392,盛和资源,21.44,1.71,0.36,594557.0,1271019563.0,2.28,21.58,21.1,21.18,21.08,0.97,3.39,28.7,3.04,37580601661.0,37580601661.0,0.0,0.14,-21.44,0.99
2218,300966,共同药业,24.92,1.71,0.42,28022.0,69082042.31,3.51,25.13,24.27,24.36,24.5,0.8,3.66,224.54,3.95,2872805336.0,1910533391.0,0.52,0.48,-12.75,26.82
2219,603933,睿能科技,18.44,1.71,0.31,44418.0,81516181.0,2.54,18.48,18.02,18.46,18.13,0.89,2.14,27.72,2.89,3827121963.0,3827121963.0,0.05,0.16,-31.3,-29.08
2220,301366,一博科技,44.5,1.71,0.75,174855.0,760094573.47,9.76,45.58,41.31,43.02,43.75,1.93,14.95,73.04,4.23,9324360945.0,5206338020.0,-0.02,-0.07,5.25,26.53
2221,688236,春立医疗,14.87,1.71,0.25,26230.0,38961354.0,2.6,15.01,14.63,14.85,14.62,1.37,0.91,23.11,1.91,5703663595.0,4288924360.0,0.07,-0.2,-17.71,-33.97
2222,300120,经纬辉开,6.58,1.7,0.11,225952.0,148061358.28,2.63,6.62,6.45,6.52,6.47,0.77,4.28,303.51,1.51,3779512053.0,3470601273.0,0.15,0.46,-13.19,-22.59
2223,002902,铭普光磁,23.27,1.7,0.39,394237.0,907815164.12,10.05,24.38,22.08,24.24,22.88,2.86,22.19,-59.81,9.01,5468660873.0,4133497710.0,-0.04,0.0,-38.76,2.56
2224,301683,慧谷新材,101.6,1.7,1.7,7318.0,73715439.06,2.25,101.75,99.5,100.94,99.9,0.74,5.13,28.97,2.72,6412626240.0,1449390040.0,0.02,0.1,-27.12,31.47
2225,300807,天迈科技,37.02,1.7,0.62,10140.0,37584615.1,2.14,37.4,36.62,36.87,36.4,0.75,1.95,-72.11,5.61,2518825511.0,1922818393.0,0.0,0.0,-36.79,-32.92
2226,688220,翱捷科技-U,92.7,1.7,1.55,94774.0,869689418.0,4.45,93.58,89.52,92.46,91.15,0.86,2.27,-345.99,7.13,38776492410.0,38776492410.0,-0.29,0.06,-14.0,12.21
2227,920476,海能技术,20.95,1.7,0.35,6969.0,14549069.16,3.5,21.24,20.52,20.81,20.6,0.89,0.86,-1564.88,4.06,1784516810.0,1689198144.0,0.14,0.58,7.49,1.8
2228,920961,创远信科,17.9,1.7,0.3,23888.0,42666464.69,3.41,18.1,17.5,17.58,17.6,1.1,2.3,-72.27,3.42,2556845093.0,1860711265.0,-0.17,0.11,-13.53,-36.82
2229,300377,赢时胜,14.36,1.7,0.24,318600.0,457370328.44,1.98,14.48,14.2,14.26,14.12,0.85,4.61,-30.75,4.48,10784404229.0,9921641457.0,0.07,0.14,-20.93,-36.32
2230,920879,基康技术,13.16,1.7,0.22,8701.0,11306669.62,2.16,13.16,12.88,12.93,12.94,0.88,0.58,40.77,4.23,2643433592.0,1978089062.0,0.23,0.77,-26.07,-25.69
2231,300622,博士眼镜,16.11,1.7,0.27,194438.0,311899923.48,4.67,16.45,15.71,15.84,15.84,1.05,8.92,32.2,5.8,5139022725.0,3513295285.0,-0.06,-0.12,-11.68,-26.74
2232,688790,昂瑞微-UW,94.9,1.7,1.59,4805.0,45375249.0,3.5,95.68,92.41,92.41,93.31,1.23,3.79,-35.18,3.48,9445557191.0,1202930858.0,-0.01,0.21,-40.21,-35.78
2233,688768,容知日新,46.36,1.69,0.77,8251.0,38063901.0,4.5,46.94,44.89,46.49,45.59,0.85,0.95,-44.67,3.87,4079156735.0,4045538132.0,-0.17,-0.17,7.17,7.46
2234,300884,狄耐克,11.41,1.69,0.19,47256.0,53553943.0,1.6,11.41,11.23,11.3,11.22,0.8,2.47,-371.1,2.31,2896574776.0,2183986799.0,0.09,0.26,-14.6,-22.38
2235,002864,盘龙药业,21.24,1.68,0.35,27009.0,57252420.72,1.77,21.35,20.98,20.98,20.89,1.03,2.74,33.36,1.73,2903527711.0,2094194481.0,0.05,0.14,-11.98,-9.73
2236,688192,迪哲医药-U,50.26,1.68,0.83,90405.0,457905919.0,4.29,51.9,49.78,50.4,49.43,1.0,1.96,-61.17,18.86,23379235219.0,23180620264.0,0.12,0.16,-11.86,-12.74
2237,000969,安泰科技,16.91,1.68,0.28,432047.0,723362816.26,3.49,17.0,16.42,16.68,16.63,1.35,4.15,44.76,3.13,17764283003.0,17609226319.0,0.0,0.06,-24.98,-18.74
2238,603602,纵横通信,10.91,1.68,0.18,35005.0,38150180.0,2.61,11.03,10.75,10.75,10.73,1.06,1.51,126.9,2.83,2520837260.0,2520837260.0,0.0,0.18,-20.19,-25.07
2239,002430,杭氧股份,23.68,1.67,0.39,136955.0,322631964.9,2.58,23.84,23.24,23.4,23.29,1.02,1.4,21.85,2.3,23167557128.0,23157565352.0,0.04,0.17,-22.77,-19.92
2240,300851,交大思诺,23.17,1.67,0.38,14739.0,34207499.0,2.54,23.48,22.9,22.9,22.79,1.14,2.99,152.11,1.57,2014246878.0,1143192948.0,-0.39,0.09,-26.95,-11.26
2241,600797,浙大网新,7.32,1.67,0.12,485091.0,355711237.0,3.06,7.45,7.23,7.23,7.2,1.32,4.72,-39.51,2.29,7521493028.0,7521493028.0,0.0,0.0,-21.54,-25.91
2242,002519,银河电子,5.49,1.67,0.09,296851.0,162450738.12,2.22,5.52,5.4,5.48,5.4,0.85,2.66,964.21,2.79,6184105630.0,6135648546.0,0.0,0.18,-37.11,-15.28
2243,000903,ST云动,1.83,1.67,0.03,171337.0,31420184.91,2.22,1.85,1.81,1.82,1.8,1.13,0.89,-22.82,5.76,3540765270.0,3514078816.0,0.0,-0.54,-15.67,-30.42
2244,603980,吉华集团,6.75,1.66,0.11,415908.0,279712933.0,2.56,6.8,6.63,6.7,6.64,0.61,6.14,48.15,1.18,4568625180.0,4568625180.0,0.15,0.3,8.0,38.04
2245,920641,格利尔,12.84,1.66,0.21,8678.0,11068447.67,2.85,12.87,12.51,12.59,12.63,0.7,1.91,373.59,2.83,963963000.0,581899979.0,0.23,0.16,-27.91,-29.61
2246,301315,威士顿,38.06,1.66,0.62,19642.0,74846284.72,2.51,38.62,37.68,37.68,37.44,1.31,2.23,90.85,3.33,3349280000.0,3349280000.0,-0.05,0.11,-28.05,-33.09
2247,300292,吴通控股,4.28,1.66,0.07,465644.0,198425695.58,1.66,4.29,4.22,4.22,4.21,0.91,4.17,34.75,3.91,5742754089.0,4776243800.0,0.0,0.23,-30.07,-5.1
2248,688648,中邮科技,31.26,1.66,0.51,13974.0,43445662.0,2.99,31.42,30.5,30.92,30.75,0.74,2.01,-34.99,1.97,4251360000.0,2173474164.0,0.35,0.35,-37.59,-49.14
2249,301163,宏德股份,22.7,1.66,0.37,16768.0,38206298.3,4.48,23.13,22.13,22.5,22.33,1.13,3.06,137.05,1.63,1852320000.0,1242272005.0,0.18,-0.22,-32.3,-14.89
2250,002875,安奈儿,12.88,1.66,0.21,30046.0,38513546.0,3.31,12.98,12.56,12.75,12.67,0.66,1.41,45.55,4.43,2735848786.0,2735848786.0,-0.16,-0.08,-48.99,-22.22
2251,002551,尚荣医疗,3.07,1.66,0.05,144297.0,44289701.0,2.98,3.1,3.01,3.02,3.02,1.14,2.36,-359.26,1.05,2595668354.0,1876329756.0,0.0,0.0,-15.19,-15.89
2252,688616,西力科技,10.5,1.65,0.17,19686.0,20568503.0,2.32,10.57,10.33,10.38,10.33,1.02,1.1,25.24,2.2,1883471783.0,1883471783.0,0.77,0.67,-26.62,-12.06
2253,920679,前进科技,15.4,1.65,0.25,2400.0,3678771.44,2.44,15.46,15.09,15.11,15.15,1.09,0.65,52.15,1.75,860090000.0,572495000.0,0.0,0.26,-16.8,-21.71
2254,688193,仁度生物,48.78,1.65,0.79,4508.0,21710019.0,4.61,49.28,47.07,48.26,47.99,1.34,1.13,97.82,2.22,1954608259.0,1954608259.0,0.0,-0.08,-14.71,2.91
2255,301056,森赫股份,9.93,1.64,0.16,24866.0,24621577.29,3.28,10.03,9.71,9.81,9.77,0.82,1.41,65.76,3.57,2649191603.0,1747638592.0,0.0,0.4,-32.49,-40.18
2256,603271,永杰新材,42.08,1.64,0.68,17942.0,75153268.0,2.42,42.39,41.39,41.52,41.4,0.77,1.9,17.47,2.79,8337520800.0,3979757912.0,-0.02,0.19,-16.07,3.57
2257,000818,航锦科技,13.62,1.64,0.22,342074.0,462966807.15,3.13,13.7,13.28,13.4,13.4,1.31,5.2,139.05,4.11,8989200531.0,8964839799.0,0.0,0.07,-24.92,-29.43
2258,603685,晨丰科技,25.46,1.64,0.41,21254.0,53938735.0,3.91,25.88,24.9,25.48,25.05,0.81,1.05,161.5,3.2,6440121461.0,5129317919.0,-0.31,-0.16,-27.34,30.83
2259,002977,*ST天箭,21.71,1.64,0.35,9127.0,19583069.06,2.34,21.75,21.25,21.3,21.36,0.54,1.37,167.24,3.07,2607805200.0,1446910061.0,0.0,0.28,-26.56,-38.52
2260,603191,望变电气,14.3,1.63,0.23,93317.0,133495743.0,3.77,14.56,14.03,14.1,14.07,1.05,2.83,96.01,1.9,4718494338.0,4718494338.0,0.07,0.14,-30.55,-3.12
2261,600596,新安股份,10.63,1.63,0.17,358527.0,379089625.0,3.06,10.73,10.41,10.48,10.46,0.85,2.66,37.25,1.16,14346216631.0,14346216631.0,0.09,0.0,-14.0,-6.51
2262,300041,回天新材,10.63,1.63,0.17,196560.0,208221176.73,2.39,10.71,10.46,10.55,10.46,0.88,3.61,17.74,2.02,5946803851.0,5787231616.0,-0.09,0.09,-9.07,-2.74
2263,002238,天威视讯,6.23,1.63,0.1,51059.0,31657206.35,2.12,6.26,6.13,6.23,6.13,0.95,0.64,-58.03,2.56,4999943567.0,4999943567.0,0.32,0.16,-15.35,-23.37
2264,300313,天山生物,8.13,1.63,0.13,43955.0,35635538.0,2.0,8.18,8.02,8.02,8.0,0.82,2.23,117.11,53.06,1949403221.0,1604478175.0,0.25,0.37,-11.05,1.25
2265,300682,朗新科技,11.84,1.63,0.19,303144.0,359488713.08,4.12,12.08,11.6,11.65,11.65,1.21,2.94,-64.2,1.96,12766312121.0,12210879913.0,-0.17,-0.17,-19.4,-21.17
2266,300001,特锐德,36.24,1.63,0.58,218432.0,786300729.37,5.58,36.84,34.85,35.66,35.66,1.09,2.12,132.92,4.53,38245076319.0,37369736628.0,0.0,0.11,20.64,42.23
2267,300081,ST恒信,3.14,1.62,0.05,117408.0,36462016.0,3.88,3.16,3.04,3.07,3.09,0.63,1.94,-11.12,2.41,1899057609.0,1898699414.0,0.0,0.64,-24.7,-39.5
2268,001360,南矿集团,15.07,1.62,0.24,38448.0,58013503.0,3.3,15.29,14.8,14.93,14.83,1.04,3.06,59.38,2.21,3074280000.0,1891049215.0,0.0,-0.13,-31.81,-29.41
2269,600826,兰生股份,8.15,1.62,0.13,45220.0,36716654.0,2.37,8.21,8.02,8.02,8.02,0.58,0.62,-111.41,1.42,5902096079.0,5902096079.0,0.37,0.25,-16.84,-20.87
2270,688018,乐鑫科技,105.38,1.62,1.68,60981.0,636683595.0,3.71,106.35,102.5,105.38,103.7,0.74,2.6,36.95,5.25,24699418693.0,24699418693.0,0.06,0.2,-16.26,-12.96
2271,002529,海源复材,6.92,1.62,0.11,54761.0,37984080.0,3.82,7.08,6.82,6.85,6.81,1.12,2.11,-22.15,22.58,1799200000.0,1799200000.0,0.14,0.0,-15.4,-0.29
2272,002868,绿康生化,22.52,1.62,0.36,15596.0,35108813.0,3.16,22.8,22.1,22.48,22.16,0.94,1.45,239.2,49.33,3499964649.0,2419396137.0,-0.04,0.09,-38.92,-33.19
2273,300019,硅宝科技,15.11,1.61,0.24,102366.0,153201317.38,3.97,15.27,14.68,14.78,14.87,1.48,2.78,32.28,2.25,5939993337.0,5569695680.0,0.07,0.13,-18.37,-25.75
2274,688393,安必平,18.9,1.61,0.3,23654.0,44563936.0,2.9,19.05,18.51,18.7,18.6,1.14,2.53,-240.98,1.51,1768429511.0,1768429511.0,0.0,-0.16,-25.5,-19.88
2275,600588,用友网络,11.38,1.61,0.18,1579293.0,1803602561.0,4.64,11.72,11.2,11.29,11.2,1.41,4.62,-13.45,5.64,38885430514.0,38885430514.0,0.09,0.18,-8.08,-14.18
2276,300233,金城医药,13.25,1.61,0.21,87336.0,115732763.49,2.15,13.38,13.1,13.16,13.04,1.11,2.36,22.0,1.39,5086338278.0,4900050910.0,0.0,0.08,-17.7,-4.26
2277,600358,国旅联合,5.05,1.61,0.08,66935.0,33713896.0,2.82,5.11,4.97,4.97,4.97,1.09,1.33,-231.95,2.73,5873934815.0,2549930133.0,-0.2,0.0,-22.07,-16.67
2278,688232,新点软件,19.6,1.61,0.31,39439.0,77363280.0,3.32,19.84,19.2,19.35,19.29,0.96,1.22,-65.65,1.18,6310846710.0,6310846710.0,0.0,0.0,-15.3,-20.71
2279,600521,华海药业,17.04,1.61,0.27,335034.0,568176452.0,2.03,17.11,16.77,16.89,16.77,1.05,2.24,15.78,2.7,25513177420.0,25513177420.0,0.0,0.06,-1.84,1.01
2280,600663,陆家嘴,8.81,1.61,0.14,402807.0,349967184.0,5.54,8.84,8.36,8.67,8.67,1.05,1.28,20.02,1.74,44359703912.0,27801573062.0,0.11,0.23,2.44,12.23
2281,002600,领益智造,12.66,1.61,0.2,946194.0,1191264437.27,2.41,12.72,12.42,12.47,12.46,0.89,1.31,65.62,4.24,102801939966.0,91150869019.0,0.08,0.16,-16.82,-18.43
2282,002632,道明光学,8.19,1.61,0.13,141960.0,115531440.0,2.73,8.24,8.02,8.16,8.06,0.85,2.47,31.2,2.41,5115466547.0,4704546983.0,0.0,0.0,-30.71,-33.31
2283,920807,奔朗新材,8.87,1.6,0.14,18788.0,16643105.48,2.06,8.92,8.74,8.79,8.73,0.9,1.52,-172.45,1.76,1613275600.0,1095896678.0,0.0,0.11,-27.3,-38.66
2284,300582,英飞特,10.81,1.6,0.17,69829.0,75124672.0,3.48,10.9,10.53,10.57,10.64,1.02,3.15,96.04,3.67,3227179435.0,2395113261.0,0.0,0.28,-33.11,-32.31
2285,002316,亚联发展,4.44,1.6,0.07,146158.0,64680920.4,4.35,4.51,4.32,4.38,4.37,0.99,4.29,305.5,22.29,1745452800.0,1513085400.0,0.0,0.0,-22.24,-6.13
2286,001333,光华股份,19.0,1.6,0.3,10699.0,20215609.0,2.41,19.08,18.63,18.8,18.7,0.98,0.84,24.73,1.41,2432000000.0,2432000000.0,0.0,0.0,-23.26,-10.12
2287,688665,四方光电,45.04,1.6,0.71,4494.0,20203481.0,2.48,45.4,44.3,44.65,44.33,0.92,0.44,33.74,3.98,4557703039.0,4557703039.0,0.11,0.18,-14.45,-6.88
2288,001278,一彬科技,15.21,1.6,0.24,18765.0,28548399.2,2.67,15.37,14.97,14.99,14.97,0.87,2.2,-11.04,1.59,1881985014.0,1297578424.0,0.0,0.0,-34.44,-21.35
2289,003015,日久光电,10.84,1.59,0.17,48390.0,52176655.6,2.44,10.86,10.6,10.78,10.67,0.61,1.96,73.51,2.76,3046762670.0,2677944136.0,0.0,0.18,-25.85,-29.61
2290,002789,*ST建艺,10.2,1.59,0.16,29683.0,30448654.94,5.58,10.51,9.95,10.22,10.04,1.19,1.9,-7.66,10.71,1628159843.0,1596025100.0,0.2,0.49,-25.66,-2.67
2291,300596,利安隆,39.02,1.59,0.61,37150.0,145162149.0,2.99,39.56,38.41,38.41,38.41,0.82,1.65,16.97,1.85,8959759406.0,8767316395.0,0.0,-0.05,-12.49,-6.56
2292,301263,泰恩康,20.46,1.59,0.32,45239.0,92671863.29,2.14,20.71,20.28,20.5,20.14,0.84,1.24,91.37,6.23,10446814620.0,7453644822.0,-0.15,-0.2,-12.97,-15.17
2293,002230,科大讯飞,43.49,1.59,0.68,618883.0,2679462286.11,2.48,43.76,42.7,42.81,42.81,1.17,2.83,-153.88,4.62,104466452285.0,95241662221.0,0.02,0.05,-13.37,-13.35
2294,600312,平高电气,21.12,1.59,0.33,461040.0,972954466.0,5.19,21.55,20.47,21.01,20.79,1.32,3.4,17.27,2.5,28658178046.0,28658178046.0,-0.05,0.05,-4.91,22.72
2295,002232,启明信息,14.79,1.58,0.23,51207.0,75518024.81,1.92,14.89,14.61,14.72,14.56,1.14,1.25,22389.07,4.3,6042431649.0,6042431649.0,0.0,0.14,-18.56,-21.25
2296,300830,金现代,8.38,1.58,0.13,106566.0,89068405.0,2.3,8.43,8.24,8.29,8.25,0.85,3.16,-120.26,2.88,3784749460.0,2824770389.0,0.0,0.12,-26.1,-17.68
2297,601212,白银有色,5.15,1.58,0.08,1043336.0,534719806.0,2.17,5.16,5.05,5.05,5.07,0.84,1.41,63.57,2.4,38134588732.0,38134588732.0,0.0,0.19,-36.02,-11.97
2298,002063,远光软件,5.77,1.58,0.09,610181.0,351078897.72,4.23,5.88,5.64,5.73,5.68,1.94,3.45,255.33,2.81,11052278154.0,10208065104.0,-0.35,0.17,-12.04,-4.47
2299,920642,通易航天,10.3,1.58,0.16,23963.0,24532345.47,2.27,10.33,10.1,10.15,10.14,0.94,2.4,38.57,4.68,1067803863.0,1029555843.0,0.1,0.29,-19.28,-38.87
2300,600885,宏发股份,36.31,1.57,0.56,177291.0,643088513.0,3.89,36.82,35.43,35.99,35.75,0.78,1.15,24.31,4.25,56193149505.0,56193149505.0,-0.14,-0.14,12.94,20.83
2301,301028,鼎熔岩,12.27,1.57,0.19,53673.0,65953490.5,3.73,12.44,11.99,12.11,12.08,0.91,2.14,20.33,2.81,4740210940.0,3074860761.0,0.0,0.16,-28.41,-15.26
2302,920230,欧康医药,10.34,1.57,0.16,14406.0,14867752.63,3.34,10.5,10.16,10.25,10.18,0.78,3.05,117.81,2.55,1038907395.0,488541714.0,0.0,-0.1,-17.21,-13.26
2303,603387,基蛋生物,9.04,1.57,0.14,98653.0,88777045.0,2.36,9.08,8.87,8.9,8.9,0.96,1.95,15.02,1.67,4584667794.0,4584667794.0,0.22,0.22,-9.51,9.98
2304,920718,合肥高科,9.7,1.57,0.15,5539.0,5359057.64,1.99,9.73,9.54,9.67,9.55,0.3,1.19,163.93,1.53,879466990.0,451147669.0,0.0,0.31,-25.15,-35.46
2305,605286,同力天启,23.34,1.57,0.36,17174.0,39978131.0,3.61,23.54,22.71,22.95,22.98,0.96,1.02,107.79,1.82,3921120000.0,3921120000.0,0.17,-0.04,-44.03,-42.44
2306,000060,中金岭南,6.45,1.57,0.1,1034746.0,665192181.04,2.2,6.48,6.34,6.35,6.35,1.14,2.33,14.22,1.45,28645562354.0,28645199542.0,0.0,0.0,-23.67,11.21
2307,000790,华神科技,3.87,1.57,0.06,132979.0,51329390.55,2.36,3.89,3.8,3.83,3.81,1.03,2.14,249.65,3.36,2413793939.0,2409518556.0,0.0,0.26,-15.87,0.0
2308,301399,英特科技,15.51,1.57,0.24,14791.0,22826431.42,1.64,15.55,15.3,15.35,15.27,0.87,2.7,-256.27,2.21,2869660200.0,848142419.0,0.06,0.58,-29.63,-20.09
2309,002277,友阿股份,5.81,1.57,0.09,191636.0,110733634.21,2.1,5.83,5.71,5.76,5.72,0.75,1.37,47.77,1.27,8100143968.0,8100143968.0,0.0,0.0,-7.19,-16.52
2310,300723,一品红,35.63,1.57,0.55,86930.0,311244387.72,2.82,36.19,35.2,35.3,35.08,1.08,2.07,6.77,8.31,16093813253.0,14935695448.0,0.06,0.11,-16.79,6.2
2311,600121,郑州煤电,3.88,1.57,0.06,462486.0,178959426.0,2.36,3.91,3.82,3.82,3.82,0.95,3.8,-6.04,6.42,4727438707.0,4727438707.0,-0.26,0.0,-8.27,-6.95
2312,600615,鑫源智造,9.14,1.56,0.14,18778.0,17041506.0,2.44,9.15,8.93,9.04,9.0,1.05,0.83,-123.34,2.86,2062208935.0,2058931697.0,0.0,0.11,-22.15,-18.25
2313,301043,绿岛风,40.48,1.56,0.62,9088.0,37178975.0,5.97,41.89,39.51,39.87,39.86,1.05,1.6,36.34,3.26,2752640000.0,2297148920.0,-0.3,-0.12,-29.61,-37.72
2314,600198,大唐电信,7.17,1.56,0.11,176255.0,125969493.0,2.69,7.22,7.03,7.03,7.06,0.91,1.35,-35.71,48.57,9346837389.0,9334980095.0,0.0,0.0,-26.23,-25.7
2315,603790,雅运股份,20.8,1.56,0.32,29287.0,60368936.0,3.56,20.85,20.12,20.6,20.48,0.46,1.53,27.18,3.11,3980288000.0,3980288000.0,0.0,0.24,-19.88,7.44
2316,300587,天铁科技,4.57,1.56,0.07,652963.0,301604820.93,5.33,4.74,4.5,4.54,4.5,1.43,6.2,81.88,2.65,5933088402.0,4810439175.0,-0.22,0.44,-29.26,-25.45
2317,688669,聚石化学,57.18,1.56,0.88,27534.0,157834779.0,5.17,58.48,55.57,56.42,56.3,0.61,2.27,-29.03,6.39,6937840038.0,6937840038.0,0.19,0.37,57.17,146.04
2318,603507,振江股份,23.62,1.55,0.36,76013.0,177749287.0,2.58,23.66,23.06,23.27,23.26,0.76,3.22,14.54,2.22,5643620938.0,5581496559.0,0.34,0.68,-31.08,18.04
2319,300438,鹏辉能源,60.28,1.55,0.92,130234.0,784562664.54,3.62,61.15,59.0,59.55,59.36,0.73,3.22,23.45,5.35,30341537741.0,24363020267.0,0.02,0.08,-31.72,13.39
2320,301613,新铝时代,38.77,1.55,0.59,15063.0,58053504.5,2.17,38.88,38.05,38.4,38.18,1.6,1.8,24.14,3.51,5576725146.0,3252851346.0,0.0,-0.05,-17.86,-23.98
2321,301258,富士莱,24.93,1.55,0.38,15552.0,38724094.04,2.53,25.2,24.58,24.6,24.55,0.61,1.75,-206.43,1.24,2285333100.0,2220390450.0,-0.12,-0.08,-19.22,-22.79
2322,300507,苏奥传感,6.56,1.55,0.1,72823.0,47553270.6,2.32,6.58,6.43,6.46,6.46,0.98,0.94,100.79,2.48,5252243710.0,5083944397.0,0.0,0.31,-29.46,-28.15
2323,002062,宏润建设,7.84,1.55,0.12,112312.0,87440827.76,3.11,7.9,7.66,7.73,7.72,0.95,1.0,32.89,2.0,9700203770.0,8817655526.0,0.0,0.13,-21.05,-14.32
2324,688602,康鹏科技,6.58,1.54,0.1,57427.0,37591828.0,2.47,6.62,6.46,6.46,6.48,0.97,1.11,-67.88,1.26,3417487500.0,3417487500.0,0.0,0.0,-18.16,-24.19
2325,000833,粤桂股份,19.77,1.54,0.3,144278.0,284225749.89,2.21,19.84,19.41,19.53,19.47,0.75,3.18,18.38,3.95,15857165509.0,8969689054.0,0.0,0.2,-27.58,2.54
2326,300055,万邦达,5.95,1.54,0.09,155321.0,91920170.67,2.56,5.97,5.82,5.87,5.86,0.72,2.45,34.59,1.02,4978660156.0,3765453597.0,-0.17,0.0,-47.85,-26.9
2327,002177,御银股份,5.94,1.54,0.09,359994.0,213465429.12,2.22,6.0,5.87,5.88,5.85,0.95,5.33,113.34,2.64,4521476286.0,4009018640.0,0.0,0.34,-24.33,-36.88
2328,002677,浙江美大,6.59,1.54,0.1,85612.0,56565702.04,2.31,6.7,6.55,6.62,6.49,0.83,1.55,365.79,2.91,4257480354.0,3634449912.0,0.0,0.15,-21.55,-20.89
2329,688077,大地熊,23.76,1.54,0.36,25377.0,60098403.0,2.48,23.88,23.3,23.41,23.4,1.17,2.22,58.42,2.5,2720009255.0,2720009255.0,0.04,-0.08,-26.96,-21.69
2330,301292,海科新源,67.29,1.54,1.02,127216.0,850592652.31,5.16,67.92,64.5,65.83,66.27,0.79,14.93,18.61,5.24,14991927902.0,5732378375.0,0.04,0.1,-20.92,4.47
2331,300717,华信新材,17.75,1.54,0.27,34724.0,61155856.0,2.29,17.85,17.45,17.62,17.48,0.84,3.41,36.77,2.5,1824256250.0,1807897850.0,0.8,0.8,-19.86,-5.79
2332,301510,固高科技,26.39,1.54,0.4,65079.0,171448909.82,2.89,26.65,25.9,26.03,25.99,0.84,2.33,120.94,7.41,10672614243.0,7367012871.0,0.0,0.04,-35.74,-29.44
2333,301567,贝隆精密,32.94,1.54,0.5,9020.0,29621126.0,2.25,33.2,32.47,32.84,32.44,0.91,4.25,144.76,3.26,2371680000.0,699640659.0,0.27,0.27,-28.75,-29.91
2334,688162,巨一科技,22.54,1.53,0.34,14050.0,31491364.0,2.03,22.62,22.17,22.32,22.2,1.03,1.02,37.24,1.29,3090251469.0,3090251469.0,0.4,0.4,-31.09,-26.34
2335,000601,韶能股份,6.64,1.53,0.1,555848.0,367947648.77,2.14,6.68,6.54,6.55,6.54,1.14,5.3,167.31,1.71,7065523929.0,6959616559.0,0.0,0.15,-9.66,41.28
2336,301429,森泰股份,16.64,1.53,0.25,18583.0,30635812.0,2.07,16.65,16.31,16.53,16.39,1.34,4.22,30.97,1.47,1967180800.0,732509623.0,0.24,0.24,-28.4,-11.02
2337,605178,时空科技,58.4,1.53,0.88,39018.0,226329654.0,4.28,58.91,56.45,58.67,57.52,0.96,3.94,-212.87,5.24,5786272000.0,5786272000.0,0.05,0.17,-21.51,12.76
2338,600171,上海贝岭,23.4,1.52,0.35,150480.0,351424601.0,1.91,23.5,23.06,23.18,23.05,1.15,2.12,184.99,3.72,16588805290.0,16588805290.0,0.0,0.09,-22.44,-24.83
2339,002324,普利特,9.38,1.52,0.14,189698.0,178266369.76,2.27,9.47,9.26,9.26,9.24,0.69,2.44,54.85,2.25,10433714006.0,7281468524.0,-0.21,-0.11,-40.29,-41.15
2340,603755,日辰股份,22.74,1.52,0.34,11740.0,26703723.0,3.71,23.14,22.31,22.59,22.4,1.09,1.19,30.81,2.95,2242475106.0,2242475106.0,0.31,0.18,-21.78,-37.48
2341,601137,博威合金,17.31,1.52,0.26,107934.0,186592801.0,2.87,17.47,16.98,17.12,17.05,0.71,1.18,-43.52,1.7,15904419899.0,15892649099.0,0.0,-0.06,-10.17,-18.85
2342,300473,德尔股份,21.34,1.52,0.32,40230.0,86041619.99,2.24,21.57,21.1,21.1,21.02,0.93,2.67,19.68,1.92,3684615253.0,3212016519.0,-0.05,-0.19,-38.52,-28.34
2343,002881,美格智能,36.82,1.52,0.55,69089.0,252456577.84,3.72,37.16,35.81,36.2,36.27,0.76,3.77,59.6,4.13,11122261584.0,6738831747.0,0.0,0.08,-11.83,-17.18
2344,300366,ST创意,4.68,1.52,0.07,70530.0,32892157.32,3.04,4.72,4.58,4.62,4.61,0.98,1.33,-13.34,2.47,2843456382.0,2482751653.0,0.21,0.43,-20.27,-31.28
2345,002426,胜利精密,2.67,1.52,0.04,870313.0,231142038.8,2.66,2.69,2.62,2.64,2.63,0.82,2.56,-30.09,5.53,9085011196.0,9084941709.0,0.0,0.38,-32.41,-30.29
2346,688621,阳光诺和,60.94,1.52,0.91,32960.0,202300117.0,6.3,62.88,59.1,59.83,60.03,1.51,2.94,82.71,5.53,6825280000.0,6825280000.0,-0.03,0.31,1.13,-1.66
2347,002496,辉丰股份,2.0,1.52,0.03,210614.0,41989403.0,2.54,2.02,1.97,1.99,1.97,0.98,1.78,1303.93,2.71,3015179354.0,2362497000.0,0.0,0.0,-14.53,8.7
2348,605339,南侨食品,13.4,1.52,0.2,45572.0,61103553.0,4.55,13.7,13.1,13.12,13.2,1.16,1.07,470.7,1.67,5685494254.0,5685494254.0,-0.22,-0.37,-18.14,-31.6
2349,300259,新天科技,4.0,1.52,0.06,387571.0,154721283.48,2.03,4.02,3.94,3.95,3.94,0.99,3.36,59.45,1.54,4620420140.0,4619347000.0,0.0,0.0,-9.71,-7.62
2350,605003,众望布艺,20.16,1.51,0.3,12140.0,24509818.0,2.82,20.42,19.86,19.86,19.86,1.2,1.1,40.49,1.57,2217600000.0,2217600000.0,-0.1,0.0,-29.04,-42.48
2351,603139,康惠股份,33.63,1.51,0.5,26440.0,88765569.0,2.54,33.98,33.14,33.28,33.13,0.96,2.65,40.22,6.15,3358964400.0,3358964400.0,-0.36,0.03,-14.69,64.29
2352,000901,航天科技,14.76,1.51,0.22,129874.0,191198215.88,1.65,14.82,14.58,14.66,14.54,0.9,1.63,195.98,2.78,11781452753.0,11781334304.0,0.0,0.07,-39.76,-48.14
2353,600595,中孚实业,6.73,1.51,0.1,850031.0,568063265.0,3.17,6.79,6.58,6.66,6.63,0.84,2.12,8.21,1.57,26973201417.0,26973201417.0,0.15,0.15,-10.86,-12.37
2354,920123,芭薇股份,10.75,1.51,0.16,15386.0,16371916.03,2.46,10.77,10.51,10.54,10.59,0.47,2.37,29.99,2.96,1199055000.0,698587632.0,0.0,0.0,-18.5,-27.46
2355,688006,杭可科技,21.51,1.51,0.32,111805.0,239984267.0,2.27,21.69,21.21,21.24,21.19,1.02,1.85,25.35,2.39,12984987990.0,12984987990.0,0.0,0.23,-36.25,-26.13
2356,002788,鹭燕医药,10.73,1.51,0.16,139612.0,149247135.6,2.08,10.77,10.55,10.63,10.57,0.75,3.66,15.34,1.29,4168784577.0,4096999772.0,0.0,0.0,-23.68,-48.49
2357,603335,迪生力,6.08,1.5,0.09,165387.0,99654238.0,3.01,6.12,5.94,6.0,5.99,1.17,3.86,-32.84,9.22,2603119168.0,2603119168.0,0.0,0.0,-19.79,7.99
2358,002767,先锋电子,16.89,1.5,0.25,24176.0,40966247.0,3.19,17.18,16.65,16.66,16.64,0.67,1.86,1902.14,2.96,2533500000.0,2199320726.0,0.06,0.18,-20.07,-26.18
2359,300652,雷迪克,29.03,1.5,0.43,17367.0,50185877.8,3.32,29.28,28.33,28.59,28.6,0.79,1.45,36.15,2.53,3872328305.0,3475411421.0,0.0,0.0,-39.1,-46.99
2360,601595,上海电影,18.32,1.5,0.27,77380.0,141997411.0,3.93,18.68,17.97,17.97,18.05,0.82,1.73,157.83,4.85,8211024000.0,8211024000.0,0.0,-0.11,-21.98,-36.01
2361,003027,同兴科技,16.22,1.5,0.24,23117.0,37557598.0,2.07,16.39,16.06,16.09,15.98,1.14,2.2,51.1,1.25,2120330304.0,1700844901.0,0.31,0.43,-38.23,-26.27
2362,301130,西点药业,24.4,1.5,0.36,17932.0,43921360.0,3.87,24.97,24.04,24.2,24.04,1.02,3.04,50.8,2.14,1866470314.0,1440023584.0,0.08,0.12,-27.51,-14.08
2363,920299,灿能电力,16.92,1.5,0.25,30241.0,50741216.94,2.76,16.96,16.5,16.58,16.67,1.01,6.66,123.56,5.49,1524648950.0,768417824.0,0.12,0.0,-28.31,-15.15
2364,000813,德展健康,3.41,1.49,0.05,233608.0,79825600.93,2.08,3.45,3.38,3.4,3.36,0.98,1.11,-51.94,1.55,7151129891.0,7149953441.0,0.0,0.0,-9.79,-11.2
2365,920527,夜光明,13.62,1.49,0.2,6533.0,8858309.78,2.61,13.75,13.4,13.58,13.42,0.68,1.4,37.15,2.13,817781574.0,634110385.0,0.0,-0.07,-24.08,-23.74
2366,603861,白云电器,12.3,1.49,0.18,129689.0,158565390.0,2.64,12.38,12.06,12.22,12.12,1.08,2.45,48.82,1.68,6648493847.0,6501613679.0,0.08,0.08,-26.13,1.74
2367,688305,科德数控,55.73,1.49,0.82,18183.0,101127059.0,2.77,56.18,54.66,55.08,54.91,0.79,1.38,81.91,3.91,7387490945.0,7368273848.0,-0.05,-0.14,-14.25,-9.51
2368,000100,TCL科技,4.77,1.49,0.07,4270069.0,2027668259.94,1.7,4.79,4.71,4.72,4.7,0.73,2.12,15.94,1.63,99220113872.0,95964416966.0,0.21,0.42,12.24,7.19
2369,301638,南网数字,24.59,1.49,0.36,174335.0,426970740.41,2.15,24.7,24.18,24.57,24.23,0.93,6.97,253.23,7.09,78187599156.0,6153254183.0,0.04,0.24,-21.08,31.15
2370,301155,海力风电,44.95,1.49,0.66,48071.0,213783110.53,4.13,45.35,43.52,44.3,44.29,0.88,3.9,182.39,1.7,9771746936.0,5540462518.0,0.09,0.25,-27.21,-44.35
2371,300836,佰奥智能,47.7,1.49,0.7,23648.0,111784262.0,5.64,48.24,45.59,47.0,47.0,0.97,3.73,156.63,7.11,4421103597.0,3026567957.0,0.13,-0.06,-31.41,-12.8
2372,300099,尤洛卡,6.12,1.49,0.09,159067.0,96553518.65,2.82,6.16,5.99,6.03,6.03,1.22,2.73,79.64,1.96,4512063361.0,3559968737.0,0.16,0.33,-36.45,-17.19
2373,000659,珠海中富,2.73,1.49,0.04,211098.0,57665055.8,2.97,2.76,2.68,2.69,2.69,0.51,1.64,-162.72,38.16,3509967880.0,3509967880.0,0.0,-0.36,-37.24,-32.76
2374,301589,诺瓦星云,140.85,1.48,2.05,5181.0,72935345.76,2.41,141.65,138.3,138.8,138.8,0.7,1.5,34.15,3.47,13021300800.0,4854389616.0,0.0,-0.01,-20.87,-13.95
2375,920128,胜业电气,17.84,1.48,0.26,8953.0,15885401.51,2.28,17.9,17.5,17.6,17.58,0.97,3.68,205.75,2.87,1448429600.0,433512000.0,0.0,0.28,-27.39,-35.83
2376,003011,海象新材,18.53,1.48,0.27,23974.0,44668611.0,2.68,18.86,18.37,18.38,18.26,1.01,3.12,41.98,1.4,1902586280.0,1423939796.0,0.0,-0.05,-21.58,-14.77
2377,603320,迪贝电气,16.42,1.48,0.24,25010.0,41250260.0,3.09,16.71,16.21,16.26,16.18,1.18,1.68,38.27,2.09,2448980653.0,2448980653.0,0.0,-0.12,-30.8,-13.08
2378,300980,祥源新材,21.25,1.48,0.31,45947.0,97615106.96,3.49,21.47,20.74,21.36,20.94,0.83,4.67,42.36,2.1,2933885458.0,2089755770.0,0.05,0.09,-36.74,-34.47
2379,301305,朗坤科技,22.06,1.47,0.32,72477.0,159268777.33,4.09,22.35,21.46,21.85,21.74,1.26,5.83,14.3,1.39,5337655336.0,2743195281.0,0.0,-0.14,-15.71,-0.94
2380,001260,坤泰股份,16.58,1.47,0.24,9667.0,15953049.0,1.84,16.64,16.34,16.36,16.34,0.88,0.84,187.92,2.36,1906700000.0,1906700000.0,0.24,0.3,-25.48,-16.73
2381,300169,天晟新材,5.51,1.47,0.08,194278.0,106598274.5,3.5,5.57,5.38,5.43,5.43,0.54,6.44,-731.27,17.46,1870613813.0,1662564159.0,0.18,0.18,-16.01,-11.84
2382,300299,富春股份,5.52,1.47,0.08,295113.0,162145405.8,3.13,5.56,5.39,5.44,5.44,0.82,4.28,57.11,9.61,3810456469.0,3805790689.0,-0.18,0.0,-12.66,-22.25
2383,920992,中科美菱,11.73,1.47,0.17,9357.0,10942316.89,2.25,11.83,11.57,11.63,11.56,1.07,1.91,46.88,1.82,1134653856.0,574972730.0,0.17,0.6,-26.27,-32.2
2384,605177,东亚药业,16.6,1.47,0.24,15279.0,25236738.0,2.32,16.68,16.3,16.36,16.36,0.72,1.34,-13.52,1.15,1904358059.0,1886628412.0,0.24,0.48,-22.72,-6.74
2385,301355,南王科技,9.65,1.47,0.14,37693.0,36309329.0,2.52,9.76,9.52,9.56,9.51,1.19,2.7,246.88,1.28,1882695005.0,1348278005.0,-0.21,-0.31,-26.5,-27.55
2386,002640,跨境通,3.45,1.47,0.05,1064364.0,366238848.16,2.06,3.47,3.4,3.41,3.4,0.8,6.87,8.55,8.35,5375242589.0,5341503917.0,0.0,0.29,-24.01,-23.84
2387,603703,盛洋科技,9.01,1.46,0.13,80376.0,72043724.0,2.7,9.06,8.82,8.88,8.88,0.94,1.94,152.99,4.52,3738988901.0,3738988901.0,0.0,0.11,-38.79,-38.2
2388,003028,振邦智能,22.2,1.46,0.32,10261.0,22725219.83,2.61,22.3,21.73,22.06,21.88,1.22,1.45,140.37,1.86,3199467330.0,1569398919.0,0.05,0.18,-22.92,-24.46
2389,301210,金杨精密,23.64,1.46,0.34,34541.0,81103550.01,3.18,23.8,23.06,23.3,23.3,0.78,5.61,37.4,2.03,3809799989.0,1455005831.0,0.21,0.38,-21.95,-8.69
2390,300279,和晶科技,5.55,1.46,0.08,157575.0,86936134.0,3.11,5.58,5.41,5.48,5.47,1.27,3.24,65.98,2.6,2714502170.0,2702540321.0,0.18,0.36,-29.66,-23.13
2391,920180,爱得科技,11.82,1.46,0.17,5012.0,5891396.41,2.23,11.88,11.62,11.65,11.65,1.0,1.41,28.79,1.85,1396214404.0,421613183.0,0.6,0.6,-25.75,60.38
2392,603869,ST智知,8.32,1.46,0.12,8669.0,7151100.0,1.95,8.32,8.16,8.21,8.2,1.12,0.18,276.21,1.09,4065334940.0,4065334940.0,0.6,0.6,-24.5,-21.29
2393,920748,路桥信息,23.63,1.46,0.34,24590.0,57127433.16,7.51,24.3,22.55,23.3,23.29,1.69,6.68,-74.78,8.76,1813366200.0,870435483.0,0.08,-0.04,-32.16,-49.23
2394,300474,景嘉微,53.59,1.46,0.77,79034.0,422779755.27,3.09,54.15,52.52,52.88,52.82,0.96,1.94,-124.84,4.11,28007164161.0,21782944500.0,-0.02,0.0,-20.6,-25.43
2395,002317,众生药业,27.1,1.46,0.39,347301.0,929799772.95,4.42,27.33,26.15,27.01,26.71,1.13,4.56,57.68,5.77,23033115927.0,20639831703.0,0.04,0.18,22.96,44.3
2396,002532,天山铝业,13.16,1.46,0.19,910406.0,1187669692.89,3.86,13.25,12.75,13.06,12.97,0.86,2.22,6.86,2.02,60914184381.0,54046244068.0,0.15,0.23,-18.97,-16.87
2397,002279,久其软件,7.0,1.45,0.1,750892.0,523038145.98,3.33,7.08,6.85,6.91,6.9,0.84,9.44,-17.61,4.32,6035448097.0,5568494995.0,0.0,0.0,-13.47,-12.39
2398,301383,天键股份,21.73,1.45,0.31,11281.0,24381147.98,1.63,21.78,21.43,21.47,21.42,0.72,1.6,-25.75,1.82,3548139590.0,1534444610.0,0.05,0.18,-26.64,-39.03
2399,301036,双乐股份,20.96,1.45,0.3,15503.0,32478723.0,2.42,21.16,20.66,20.66,20.66,1.03,2.2,-97.72,1.29,2096000000.0,1476299470.0,0.0,0.05,-27.22,-38.53
2400,600518,康美药业,1.4,1.45,0.02,2087279.0,291428255.0,2.9,1.42,1.38,1.38,1.38,1.55,1.51,-292.21,2.66,19360455366.0,19351293063.0,0.0,0.0,-18.13,-26.7
2401,002586,ST围海,3.49,1.45,0.05,40690.0,14098310.0,4.65,3.55,3.39,3.44,3.44,1.51,0.37,-265.49,1.25,3993340762.0,3795437830.0,0.0,0.29,-25.59,-22.27
2402,688776,国光电气,50.3,1.45,0.72,22452.0,112057470.0,3.99,50.98,49.0,49.08,49.58,1.04,2.07,-33.97,3.19,5451685976.0,5451685976.0,0.06,-0.14,-40.03,-50.07
2403,300899,上海凯鑫,27.95,1.45,0.4,9611.0,26787053.77,2.98,28.32,27.5,27.88,27.55,1.32,2.35,-39.55,2.91,1782747875.0,1144163045.0,-0.04,0.0,-28.17,-13.47
2404,002369,卓翼科技,5.6,1.45,0.08,207754.0,115575550.6,2.36,5.61,5.48,5.55,5.52,0.55,3.67,-38.34,16.98,3174955168.0,3170739639.0,0.0,0.18,-25.23,-35.11
2405,688283,坤恒顺维,26.66,1.45,0.38,19208.0,50937475.0,3.73,26.98,26.0,26.72,26.28,1.32,1.58,184.53,3.39,3247188000.0,3247188000.0,0.0,0.38,-44.21,-33.42
2406,300399,天利科技,17.54,1.45,0.25,37566.0,65967447.2,1.97,17.72,17.38,17.46,17.29,0.76,1.9,463.68,6.99,3465904000.0,3465565917.0,0.34,0.52,-25.65,-30.67
2407,002219,新里程,2.12,1.44,0.03,609923.0,129624186.03,1.91,2.14,2.1,2.1,2.09,0.69,1.86,89.4,3.55,7318074116.0,6936367410.0,0.0,-0.47,-10.92,-0.47
2408,301087,可孚医疗,54.35,1.44,0.77,26668.0,143029285.38,4.09,54.47,52.28,53.59,53.58,1.16,1.37,29.94,2.86,12821001950.0,10543425525.0,0.0,-0.04,4.2,24.97
2409,688155,先惠技术,59.35,1.44,0.84,23156.0,137185752.0,2.53,59.74,58.26,58.51,58.51,0.82,1.82,12.31,3.15,7558806682.0,7558806682.0,0.02,0.24,-42.32,-0.67
2410,300877,金春股份,23.9,1.44,0.34,11759.0,27892944.0,3.31,24.08,23.3,23.6,23.56,0.65,0.98,243.59,1.73,2868000000.0,2867974905.0,-0.04,0.0,-21.9,-17.64
2411,920491,奥迪威,23.18,1.44,0.33,19206.0,44314732.9,2.54,23.33,22.75,23.07,22.85,0.75,1.66,62.0,3.14,3271698912.0,2684775888.0,0.09,0.09,-12.06,-21.72
2412,300376,易事特,4.93,1.44,0.07,237988.0,116793702.05,3.5,4.98,4.81,4.86,4.86,0.97,1.02,192.58,1.77,11478225547.0,11474254062.0,-0.4,0.41,-19.44,-24.04
2413,001298,好上好,16.88,1.44,0.24,81703.0,137600119.49,1.86,17.01,16.7,16.76,16.64,0.97,2.01,30.92,4.39,7300836776.0,6877240282.0,0.0,0.06,-30.1,-17.09
2414,002474,榕基软件,6.35,1.44,0.09,204228.0,129070005.43,2.4,6.38,6.23,6.29,6.26,0.65,3.86,-126.71,3.0,3950970000.0,3358084197.0,0.16,0.0,-23.31,-35.6
2415,301167,建研设计,13.43,1.44,0.19,36924.0,49703788.96,3.55,13.65,13.18,13.18,13.24,1.3,3.49,36.35,1.58,1504160000.0,1419745990.0,0.22,-0.22,-25.35,-16.89
2416,601956,东贝集团,4.96,1.43,0.07,149742.0,75102595.0,5.52,5.15,4.88,4.88,4.89,2.42,2.41,-45.9,1.28,3083218286.0,3083218286.0,-0.2,0.4,-15.5,-29.45
2417,301180,万祥科技,11.36,1.43,0.16,35508.0,40058138.22,2.77,11.43,11.12,11.15,11.2,0.8,2.16,-1102.76,3.47,4544113600.0,1864607703.0,-0.09,0.35,-39.7,-31.98
2418,600590,泰豪科技,8.49,1.43,0.12,292313.0,247051074.0,2.75,8.52,8.29,8.4,8.37,0.96,3.47,36.69,2.24,7240864178.0,7161905250.0,0.12,0.12,-47.33,-9.58
2419,600458,时代新材,11.44,1.42,0.16,161590.0,183847784.0,2.3,11.5,11.24,11.28,11.28,0.74,1.86,17.21,1.35,10894272189.0,9943293532.0,0.18,0.26,-8.55,-12.74
2420,300580,贝斯特,21.4,1.42,0.3,136959.0,292525328.23,5.88,21.95,20.71,21.3,21.1,0.93,2.9,36.8,3.27,10749707107.0,10113478901.0,0.05,-0.05,-27.19,-18.16
2421,603333,福华尚纬,8.59,1.42,0.12,134783.0,115200344.0,2.01,8.62,8.45,8.5,8.47,0.81,2.17,2436.3,2.62,5338921964.0,5338921964.0,0.12,0.12,0.47,2.87
2422,688067,爱威科技,21.45,1.42,0.3,13616.0,29006292.0,2.6,21.55,21.0,21.51,21.15,1.33,2.0,49.1,2.83,1458600000.0,1458600000.0,0.0,0.37,-26.01,-12.31
2423,002909,集泰股份,5.0,1.42,0.07,65573.0,32648583.0,2.43,5.03,4.91,4.95,4.93,1.02,1.72,-38.6,2.29,1950000000.0,1901984060.0,0.0,0.0,-25.48,-26.58
2424,002453,华软科技,4.28,1.42,0.06,94092.0,40073537.26,1.9,4.29,4.21,4.26,4.22,0.75,1.56,-22.7,4.66,3476931299.0,2579343519.0,0.0,0.0,-34.15,-32.39
2425,920000,安徽凤凰,14.39,1.41,0.2,16436.0,23286354.88,3.45,14.39,13.9,13.9,14.19,0.49,2.85,25.37,1.98,1319275200.0,828776581.0,0.28,0.56,-10.95,-25.25
2426,603421,鼎信通讯,5.76,1.41,0.08,104000.0,59951250.0,2.46,5.85,5.71,5.79,5.68,1.19,1.59,-10.02,1.56,3756617343.0,3756617343.0,0.0,0.0,-33.56,-19.55
2427,300565,科信技术,9.37,1.41,0.13,78650.0,73288185.0,2.49,9.42,9.19,9.28,9.24,0.81,3.45,-38.57,4.49,2339732214.0,2138282209.0,0.11,0.21,-27.42,-25.69
2428,301529,福赛科技,76.03,1.41,1.06,26976.0,205747893.8,5.75,78.0,73.69,76.7,74.97,0.84,4.24,73.24,6.43,9003760298.0,4832974224.0,0.5,0.5,-33.63,-6.08
2429,301339,通行宝,11.53,1.41,0.16,62778.0,72666692.0,3.08,11.71,11.36,11.36,11.37,0.87,1.1,31.71,2.43,6689906622.0,6569794000.0,-0.09,0.0,-12.98,-20.15
2430,300461,田中精机,30.18,1.41,0.42,36499.0,109841319.95,3.86,30.51,29.36,30.36,29.76,0.97,2.52,-61.86,8.76,4754517725.0,4367385736.0,0.1,0.23,-50.26,58.18
2431,300158,振东制药,5.04,1.41,0.07,140261.0,70827537.68,2.62,5.11,4.98,4.98,4.97,1.09,1.41,-1195.42,1.49,5001207402.0,4997127008.0,0.0,0.2,-14.14,-13.25
2432,300447,全信股份,13.73,1.4,0.19,39198.0,53658769.0,2.51,13.85,13.51,13.57,13.54,1.06,1.95,91.92,2.15,4288021449.0,2765947150.0,0.0,0.44,-32.63,-23.81
2433,600207,安彩高科,4.35,1.4,0.06,164934.0,71440922.0,3.5,4.4,4.25,4.34,4.29,0.88,1.51,-8.01,2.52,4738509610.0,4738509610.0,0.0,0.23,-31.71,-15.53
2434,603811,诚意药业,7.24,1.4,0.1,42518.0,30798036.0,1.96,7.31,7.17,7.17,7.14,1.25,0.93,18.73,2.45,3317556588.0,3317556588.0,0.0,-0.14,-15.62,-0.69
2435,000590,古汉医药,8.67,1.4,0.12,32743.0,28411113.0,2.46,8.78,8.57,8.61,8.55,1.01,1.37,-76.18,3.84,2076215885.0,2075238429.0,-0.12,-0.23,-21.25,-22.66
2436,301016,雷尔伟,12.3,1.4,0.17,27070.0,33212737.04,2.8,12.44,12.1,12.18,12.13,1.11,0.92,361.48,3.76,3768831020.0,3614034806.0,0.16,0.16,-33.76,-23.22
2437,000880,潍柴重机,22.44,1.4,0.31,92115.0,205413264.2,2.35,22.48,21.96,22.37,22.13,1.01,4.06,47.66,4.82,10408767970.0,5094481392.0,0.0,0.09,-24.47,-17.86
2438,605122,四方新材,10.85,1.4,0.15,26116.0,28184592.0,2.8,10.96,10.66,10.8,10.7,0.9,1.52,70.21,1.08,1870040900.0,1870040900.0,1.12,1.21,-27.86,-17.49
2439,603667,五洲新春,54.45,1.4,0.75,159202.0,859362542.0,4.15,54.83,52.6,54.0,53.7,0.97,4.35,169.34,5.29,20862622153.0,19939740827.0,0.02,-0.02,-31.13,-22.06
2440,920001,纬达光电,11.68,1.39,0.16,13038.0,15128997.7,2.43,11.75,11.47,11.48,11.52,0.79,1.45,-81.23,2.53,1794586495.0,1051813364.0,-0.6,-0.26,-23.16,-40.04
2441,605028,世茂能源,26.33,1.39,0.36,16201.0,42416717.0,2.5,26.53,25.88,25.99,25.97,0.47,1.01,351.29,3.29,4212800000.0,4212800000.0,-0.04,-0.15,-4.12,-9.02
2442,301152,天力锂能,19.64,1.39,0.27,96981.0,190766208.0,5.27,20.08,19.06,19.36,19.37,1.61,13.66,68.98,1.93,2332053737.0,1394031625.0,-0.05,0.0,-42.39,-35.73
2443,600825,新华传媒,5.12,1.39,0.07,143108.0,72783045.0,2.38,5.13,5.01,5.05,5.05,1.27,1.37,1014.58,2.15,5349825792.0,5349825792.0,0.0,0.2,-13.95,-17.02
2444,603010,万盛股份,10.23,1.39,0.14,86244.0,88175084.0,2.18,10.3,10.08,10.19,10.09,0.82,1.51,106.48,2.32,5984859897.0,5839061937.0,-0.2,0.0,-35.58,-2.66
2445,300086,康芝药业,6.56,1.39,0.09,178590.0,117344147.0,2.47,6.64,6.48,6.48,6.47,0.74,4.05,-63.53,3.36,2985616136.0,2890824864.0,-0.15,0.0,-15.79,-45.47
2446,920091,大鹏工业,30.62,1.39,0.42,4502.0,13658195.55,2.45,30.75,30.01,30.2,30.2,0.64,3.1,-99.28,4.17,1882064424.0,443996124.0,0.56,0.89,-43.01,-61.57
2447,300198,*ST纳川,2.21,1.38,0.03,81101.0,17866340.0,3.21,2.24,2.17,2.19,2.18,1.0,0.79,-15.72,4.74,2279722273.0,2267938489.0,0.45,0.45,-10.89,-13.67
2448,920576,天力复合,44.04,1.38,0.6,34364.0,149496031.25,4.4,44.3,42.39,42.42,43.44,1.71,3.19,789.13,11.0,4798158000.0,4750601582.0,0.11,0.55,-43.38,-37.55
2449,603108,润达医疗,10.28,1.38,0.14,155295.0,159846301.0,2.76,10.4,10.12,10.14,10.14,0.77,2.57,-29.01,1.68,6215327311.0,6215327311.0,-0.1,0.0,-25.13,-31.24
2450,002623,亚玛顿,16.22,1.38,0.22,97811.0,157797451.54,4.13,16.46,15.8,15.84,16.0,1.72,5.08,-20.2,1.18,3131473961.0,3124558158.0,-0.25,-0.06,-32.25,-8.41
2451,000539,粤电力Ａ,5.88,1.38,0.08,883730.0,518609175.37,3.45,5.99,5.79,5.84,5.8,1.0,3.46,-50.89,1.33,30871669838.0,15025674966.0,0.17,0.17,-20.0,33.64
2452,920009,丹娜生物,35.88,1.38,0.49,2953.0,10520360.19,1.78,35.99,35.36,35.5,35.39,0.74,2.93,37.97,4.16,2782350480.0,361670400.0,0.0,0.25,-29.15,-33.37
2453,300579,数字认证,22.81,1.38,0.31,55943.0,127611696.82,4.49,23.27,22.26,22.75,22.5,1.05,2.15,-146.44,7.78,6158700000.0,5941395494.0,0.04,0.0,-17.74,-32.13
2454,301027,华蓝集团,19.2,1.37,0.26,35696.0,67910140.0,3.48,19.36,18.7,19.1,18.94,1.03,2.95,-86.13,3.14,2822400000.0,2326888205.0,0.1,0.1,-23.35,4.29
2455,300743,天地数码,14.84,1.37,0.2,32493.0,48262966.18,2.46,15.0,14.64,14.66,14.64,1.18,2.55,14.23,3.87,2243872153.0,1890777697.0,0.0,0.2,-23.03,-31.55
2456,600698,湖南天雁,6.67,1.37,0.09,235280.0,156081234.0,1.98,6.68,6.55,6.55,6.58,0.54,2.83,963.51,9.65,7127813672.0,5539113112.0,0.3,0.3,-11.07,-26.22
2457,600475,华光环能,15.55,1.37,0.21,137182.0,212199370.0,3.46,15.75,15.22,15.64,15.34,0.72,1.45,32.0,1.76,14865267086.0,14661873086.0,0.0,0.0,-9.65,-13.23
2458,600665,天地源,2.97,1.37,0.04,89960.0,26550549.0,2.05,2.98,2.92,2.94,2.93,0.85,1.04,-4.08,1.81,2566443887.0,2566443887.0,0.68,0.68,-15.38,-9.45
2459,603829,洛凯股份,14.78,1.37,0.2,36420.0,53846635.0,2.33,14.95,14.61,14.78,14.58,1.07,1.96,212.72,1.88,2753013830.0,2753013830.0,0.0,0.2,-49.26,-33.06
2460,601677,明泰铝业,17.0,1.37,0.23,213585.0,362626612.0,2.15,17.12,16.76,16.82,16.77,0.74,1.72,7.53,1.08,21135940659.0,21135940659.0,-0.12,-0.12,-4.6,16.6
2461,603121,华培动力,11.8,1.37,0.16,41208.0,48291467.0,2.32,11.85,11.58,11.62,11.64,0.63,1.22,-286.3,3.64,3994697837.0,3994697837.0,0.08,0.17,-44.1,-44.23
2462,002890,弘宇股份,13.39,1.36,0.18,17248.0,23144428.0,1.89,13.55,13.3,13.32,13.21,0.73,1.07,102.8,3.78,2274628392.0,2162173147.0,0.3,0.37,-23.4,-8.1
2463,300633,开立医疗,20.8,1.36,0.28,74102.0,153682658.49,3.61,21.1,20.36,20.6,20.52,1.45,2.85,-190.29,2.77,8836620104.0,5410419352.0,0.1,0.14,-12.93,-20.73
2464,600644,乐山电力,10.43,1.36,0.14,728971.0,756203107.0,5.44,10.72,10.16,10.5,10.29,1.39,12.6,438.12,2.92,6031886132.0,6031886132.0,0.1,0.19,-11.76,7.08
2465,002022,科华生物,5.23,1.36,0.07,95216.0,49691362.95,1.94,5.25,5.15,5.19,5.16,1.62,1.85,-13.88,1.06,2690297220.0,2689914776.0,0.0,0.19,-16.19,-11.95
2466,300841,康华生物,46.82,1.36,0.63,16217.0,76024366.75,2.19,47.32,46.31,46.33,46.19,0.88,1.36,55.59,1.74,6084113811.0,5567746238.0,0.11,0.09,-23.76,-34.75
2467,300919,中伟新材,41.05,1.36,0.55,108558.0,443629797.84,2.69,41.29,40.2,40.66,40.5,0.79,1.19,19.3,1.83,42875338003.0,37548756996.0,0.02,0.07,-33.18,-10.68
2468,688132,邦彦技术,13.38,1.36,0.18,11826.0,15792853.0,2.95,13.54,13.15,13.26,13.2,0.85,0.78,-11.74,1.72,2036773230.0,2036773230.0,0.07,0.22,-27.32,-27.36
2469,002639,雪人集团,12.78,1.35,0.17,810553.0,1018592854.5,4.6,12.8,12.22,12.59,12.61,2.07,12.29,694.23,3.88,9955047609.0,8430117919.0,0.0,0.08,-30.24,-31.29
2470,002642,荣联科技,7.52,1.35,0.1,233410.0,174483564.0,1.75,7.53,7.4,7.49,7.42,0.71,3.53,1524.75,4.19,4975083954.0,4975083954.0,0.13,0.4,-17.0,-9.07
2471,603399,永杉锂业,14.99,1.35,0.2,509642.0,758995594.0,4.06,15.1,14.5,14.8,14.79,0.7,9.95,14.49,4.74,7679236829.0,7679236829.0,0.13,0.07,-38.97,44.27
2472,688612,威迈斯,30.06,1.35,0.4,30132.0,90302127.0,3.64,30.39,29.31,29.68,29.66,0.96,1.17,24.03,3.62,12600656250.0,7716382792.0,-0.13,-0.13,-2.31,-6.96
2473,300484,蓝海华腾,12.79,1.35,0.17,34826.0,44386224.97,2.22,12.92,12.64,12.7,12.62,1.05,2.09,55.94,4.02,2649626281.0,2127650074.0,0.08,0.16,-24.05,-32.29
2474,300329,海伦钢琴,11.3,1.35,0.15,37034.0,42269930.0,6.1,11.78,11.1,11.1,11.15,1.29,1.47,-34.65,4.71,2857643214.0,2849186870.0,0.0,-0.09,-21.03,-30.2
2475,300808,久量股份,18.07,1.35,0.24,17948.0,32464610.0,3.7,18.39,17.73,17.91,17.83,1.01,1.51,-42.32,3.08,2891200000.0,2148515374.0,0.0,0.0,-35.63,-39.91
2476,688701,卓锦股份,7.5,1.35,0.1,37015.0,27770409.0,5.41,7.7,7.3,7.52,7.4,1.25,2.76,-25.74,7.75,1007080290.0,1007080290.0,-1.06,-0.53,-31.94,-7.98
2477,000042,中洲控股,8.23,1.35,0.11,52376.0,42973709.72,2.22,8.28,8.1,8.12,8.12,1.08,0.79,-20.65,2.41,5471560274.0,5465563386.0,0.0,0.12,-17.78,8.01
2478,300724,捷佳伟创,59.22,1.35,0.79,90491.0,533802015.27,2.5,59.58,58.12,58.45,58.43,0.94,3.15,19.08,1.56,20625852595.0,17038449670.0,-0.1,0.1,-36.8,-37.27
2479,601789,宁波建工,4.49,1.35,0.06,457906.0,204952757.0,1.81,4.52,4.44,4.44,4.43,0.79,4.21,9.24,1.1,6844519528.0,4879725669.0,0.0,0.22,-26.63,-9.11
2480,300940,南极光,13.65,1.34,0.18,58493.0,79860515.68,2.38,13.77,13.45,13.56,13.47,0.76,3.71,121.65,2.59,3039095678.0,2149594110.0,-0.07,-0.15,-34.09,-52.04
2481,300644,南京聚隆,21.23,1.34,0.28,17495.0,36975321.6,2.63,21.36,20.81,20.95,20.95,0.81,1.98,22.75,2.23,2349725912.0,1872763816.0,0.09,0.19,-27.57,-42.09
2482,300078,思创智联,3.03,1.34,0.04,243600.0,73985311.92,2.34,3.07,3.0,3.0,2.99,0.88,2.19,-93.18,6.72,3387152857.0,3373502458.0,0.0,0.0,-26.81,-31.6
2483,002905,金逸影视,7.6,1.33,0.1,42656.0,32263188.0,3.47,7.68,7.42,7.5,7.5,0.89,1.22,-33.05,43.85,2860032000.0,2655744000.0,0.13,0.0,-17.21,-32.74
2484,002114,罗平锌电,6.86,1.33,0.09,64064.0,43833478.27,2.51,6.91,6.74,6.81,6.77,0.96,1.98,-14.06,3.07,2218491532.0,2218461046.0,0.0,0.15,-25.76,-18.53
2485,300248,新开普,8.39,1.33,0.11,111919.0,93735095.21,2.42,8.45,8.25,8.33,8.28,1.04,2.74,-18.73,1.89,3996563017.0,3431866726.0,0.0,0.12,-16.43,-31.95
2486,002121,科陆电子,5.33,1.33,0.07,289554.0,154102570.69,2.28,5.37,5.25,5.29,5.26,0.97,2.05,-55.19,25.13,8914694741.0,7524121544.0,0.19,0.38,-25.45,-30.78
2487,002629,仁智股份,4.59,1.32,0.06,130561.0,59974731.0,3.75,4.65,4.48,4.55,4.53,1.05,3.6,-123.22,31.01,1955789820.0,1662745814.0,0.0,0.0,-36.16,-32.7
2488,000509,华塑控股,3.07,1.32,0.04,231219.0,70597055.0,3.63,3.1,2.99,3.05,3.03,0.77,2.15,-328.44,27.25,3294503120.0,3294493161.0,0.0,0.0,-22.47,-11.53
2489,002295,精艺股份,8.45,1.32,0.11,31909.0,27005232.02,2.64,8.53,8.31,8.39,8.34,1.07,1.27,73.48,1.63,2117705200.0,2116108150.0,-0.35,-0.35,-29.82,-36.56
2490,000807,云铝股份,26.02,1.32,0.34,880617.0,2288962091.66,2.92,26.45,25.7,25.95,25.68,1.06,2.54,6.27,2.63,90236251678.0,90235307048.0,0.0,0.15,-15.79,-19.84
2491,300881,盛德鑫泰,33.2,1.31,0.43,14429.0,47555398.8,3.2,33.45,32.4,32.98,32.77,1.04,2.51,20.8,2.95,3652000000.0,1905887500.0,0.0,0.39,-36.82,-1.95
2492,688129,东来技术,20.9,1.31,0.27,8597.0,17913596.0,3.64,21.19,20.44,20.96,20.63,0.64,0.71,27.54,2.51,2518006920.0,2518006920.0,-0.1,0.29,-29.2,4.66
2493,688755,汉邦科技,24.92,1.3,0.32,8920.0,22337586.0,3.25,25.37,24.57,24.81,24.6,1.06,1.12,38.62,2.27,2850848000.0,1990289602.0,0.0,0.08,-21.29,-17.92
2494,300161,华中数控,25.74,1.3,0.33,28585.0,72981032.0,2.05,25.75,25.23,25.5,25.41,0.7,1.47,-16.17,3.32,5114458360.0,5019153359.0,-0.04,0.16,-32.95,-11.3
2495,002622,皓宸医疗,2.33,1.3,0.03,245563.0,57476248.5,3.04,2.37,2.3,2.33,2.3,0.81,2.92,-58.67,7.32,1957200000.0,1957142333.0,0.0,-0.43,-18.53,-21.55
2496,601599,浙文影业,3.12,1.3,0.04,290990.0,90267119.0,2.27,3.13,3.06,3.08,3.08,1.62,2.51,50.61,2.36,3620892453.0,3620892453.0,0.32,0.65,-14.75,-21.61
2497,600562,国睿科技,24.88,1.3,0.32,116366.0,290739502.0,3.66,25.4,24.5,24.66,24.56,1.01,0.94,100.07,4.73,30897423059.0,30897423059.0,0.0,0.0,-11.58,-11.49
2498,600929,雪天盐业,5.45,1.3,0.07,175206.0,94587413.0,2.6,5.47,5.33,5.38,5.38,0.82,1.07,150.3,1.19,8938617245.0,8938617245.0,0.0,0.37,-20.09,-3.37
2499,001215,千味央厨,32.66,1.3,0.42,22850.0,74698654.4,3.38,33.09,32.0,32.56,32.24,1.1,2.36,35.1,1.71,3173260166.0,3164807628.0,0.03,0.18,-31.43,-15.17
2500,605162,新中港,8.55,1.3,0.11,217922.0,185627266.0,3.2,8.69,8.42,8.45,8.44,0.57,4.92,77.96,2.38,3786335959.0,3786335959.0,0.12,0.23,-25.78,2.03
2501,688679,通源环境,38.09,1.3,0.49,26514.0,100052831.0,3.67,38.38,37.0,37.0,37.6,0.56,2.01,2342.87,4.57,5016059721.0,5016059721.0,0.0,0.21,-38.35,43.2
2502,603659,璞泰来,24.2,1.3,0.31,191726.0,463331456.0,2.09,24.36,23.86,24.02,23.89,0.68,0.89,18.43,2.47,51889257035.0,51889257035.0,0.12,0.21,-28.21,-10.73
2503,301367,瑞迈特,45.18,1.3,0.58,23696.0,106380280.52,3.18,45.46,44.04,44.79,44.6,0.81,2.42,36.83,1.88,5660347159.0,4432123573.0,0.2,0.16,-7.44,-25.73
2504,002202,金风科技,19.49,1.3,0.25,1275987.0,2455955127.74,3.33,19.58,18.94,19.4,19.24,1.31,3.79,22.69,2.11,82321640730.0,65554714029.0,0.05,0.05,-30.79,-4.46
2505,000597,东北制药,4.68,1.3,0.06,103840.0,48441603.96,1.73,4.7,4.62,4.64,4.62,1.09,0.74,62.69,1.22,6678024280.0,6595073489.0,0.21,0.21,-6.59,-9.48
2506,301371,敷尔佳,25.96,1.29,0.33,26901.0,69729624.1,4.29,26.45,25.35,25.58,25.63,0.93,3.46,19.68,2.48,13501899840.0,2021100224.0,-0.19,-0.12,-12.09,13.41
2507,920346,威贸电子,14.97,1.29,0.19,4128.0,6161766.84,1.89,15.08,14.8,14.91,14.78,0.84,0.92,31.8,2.63,1207376952.0,671827672.0,0.0,0.4,-28.06,-39.34
2508,002576,通达动力,14.97,1.29,0.19,65485.0,96721197.37,3.86,15.08,14.51,14.83,14.78,1.57,4.04,28.19,1.9,2471547000.0,2425552738.0,0.07,-0.47,-21.58,-13.57
2509,301276,嘉曼服饰,19.68,1.29,0.25,25532.0,50474835.43,3.81,20.19,19.45,19.48,19.43,0.94,3.53,12.68,1.21,2550528000.0,1422226506.0,0.36,0.56,-27.38,-33.24
2510,300906,日月明,25.94,1.29,0.33,16521.0,42895128.21,2.5,26.29,25.65,25.71,25.61,0.67,2.29,34.45,2.24,2075200000.0,1874243469.0,-0.19,0.19,-28.81,-25.86
2511,002829,星网宇达,20.38,1.29,0.26,95777.0,194488613.0,2.44,20.49,20.0,20.45,20.12,0.57,6.56,-39.9,2.74,4235155450.0,2976550439.0,0.0,0.05,-14.41,-35.14
2512,001237,惠康科技,54.46,1.28,0.69,19319.0,104804612.73,1.82,54.78,53.8,54.5,53.77,0.97,5.54,24.35,2.45,8079218878.0,1898259285.0,0.02,0.22,2.25,2.25
2513,920212,智新电子,9.47,1.28,0.12,5031.0,4746300.56,1.82,9.5,9.33,9.33,9.35,1.02,0.97,263.75,2.38,1004767000.0,488673431.0,0.21,0.42,-24.72,-29.8
2514,000856,冀东装备,7.91,1.28,0.1,49102.0,38737329.0,2.56,7.96,7.76,7.83,7.81,1.13,2.16,-32.61,4.39,1795570000.0,1795570000.0,0.25,0.38,-24.38,-22.6
2515,002112,三变科技,17.42,1.28,0.22,425125.0,722963094.67,5.35,17.52,16.6,17.03,17.2,1.15,16.22,60.8,5.94,5123766932.0,4565425761.0,0.06,0.11,-16.73,31.47
2516,688325,赛微微电,102.16,1.28,1.29,7117.0,72851122.0,4.16,104.2,100.0,101.17,100.87,0.63,0.87,196.53,5.27,8811507078.0,8373746166.0,0.06,0.29,-17.67,18.43
2517,601777,千里科技,8.69,1.28,0.11,334123.0,292061927.0,3.5,8.86,8.56,8.61,8.58,0.77,0.74,203.06,3.8,39288359617.0,39288359617.0,0.0,0.0,-22.89,-18.25
2518,301318,维海德,20.5,1.28,0.26,17643.0,36120227.35,2.32,20.67,20.2,20.26,20.24,1.15,1.89,176.97,1.51,2773627143.0,1910214498.0,-0.24,-0.15,-19.54,-24.66
2519,300496,中科创达,61.69,1.28,0.78,151006.0,930065099.89,1.92,62.1,60.93,61.4,60.91,0.96,4.09,69.55,2.74,28483325061.0,22798582061.0,-0.02,0.02,-7.57,-8.36
2520,301505,苏州规划,15.99,1.27,0.2,23023.0,36698741.0,2.41,16.13,15.75,15.87,15.79,1.0,2.53,193.13,1.91,1829255856.0,1457798722.0,0.25,0.19,-31.87,-27.75
2521,688119,中钢洛耐,4.0,1.27,0.05,105317.0,42065449.0,2.28,4.04,3.95,3.95,3.95,0.99,0.94,394.81,1.6,4500000000.0,4500000000.0,0.0,0.0,-26.47,-28.44
2522,000950,重药控股,5.57,1.27,0.07,293904.0,162516618.22,1.82,5.58,5.48,5.52,5.5,1.39,1.72,13.97,0.82,9540173995.0,9540173995.0,0.0,0.0,-9.58,-3.3
2523,300748,金力永磁,26.44,1.26,0.33,233118.0,615513196.61,2.41,26.64,26.01,26.22,26.11,0.95,2.06,47.48,4.97,36611290773.0,29878037963.0,0.04,0.08,-28.52,-21.98
2524,000810,创维数字,9.66,1.26,0.12,186368.0,179107970.52,1.99,9.7,9.51,9.56,9.54,0.84,1.68,33.51,1.71,11110889293.0,10728455651.0,-0.1,0.21,-24.65,-17.44
2525,000933,神火股份,25.69,1.26,0.32,511029.0,1310215062.13,2.72,25.94,25.25,25.68,25.37,0.79,2.27,6.04,2.09,57776923010.0,57740059402.0,0.16,0.12,-15.3,-3.71
2526,002866,传艺科技,15.26,1.26,0.19,130104.0,197077679.06,2.39,15.3,14.94,15.1,15.07,0.86,7.18,72.2,2.11,4418109627.0,2765302842.0,0.07,0.2,-44.81,-14.99
2527,001300,三柏硕,10.42,1.26,0.13,31081.0,32355378.0,3.5,10.52,10.16,10.33,10.29,0.93,1.27,-98.71,2.64,2540145024.0,2540145024.0,0.1,-0.1,-45.13,-32.56
2528,600363,联创光电,27.38,1.26,0.34,187838.0,511115665.0,3.14,27.58,26.73,26.8,27.04,1.16,4.17,37.33,2.72,12345325761.0,12345325761.0,0.33,0.4,-42.37,-56.58
2529,002480,新筑股份,5.61,1.26,0.07,122665.0,68215112.0,3.43,5.64,5.45,5.6,5.54,1.42,1.6,-28.43,5.35,4315036239.0,4306403296.0,0.0,0.18,-14.74,-9.81
2530,300598,诚迈科技,29.85,1.26,0.37,44857.0,133706327.61,2.2,30.05,29.4,29.7,29.48,0.79,2.07,-47.44,4.59,6476904969.0,6475091104.0,0.0,0.1,-23.75,-35.07
2531,002560,通达股份,6.43,1.26,0.08,409748.0,262109387.06,3.15,6.52,6.32,6.48,6.35,1.03,6.47,40.89,1.75,4727796870.0,4072428154.0,0.0,0.16,-39.62,-9.94
2532,688660,电气风电,8.87,1.26,0.11,198536.0,175648816.0,2.63,8.94,8.71,8.76,8.76,0.5,1.49,-10.95,3.05,11826667258.0,11826667258.0,0.11,0.0,-29.27,-47.85
2533,002414,高德红外,12.92,1.25,0.16,697370.0,896273171.83,2.98,13.03,12.65,12.8,12.76,0.65,2.05,37.7,7.45,55177910515.0,43910072609.0,0.0,0.16,-13.46,-11.93
2534,920014,特瑞斯,8.93,1.25,0.11,16812.0,14917875.66,2.04,8.95,8.77,8.87,8.82,0.58,2.51,69.68,1.41,1088180715.0,598732371.0,0.0,0.0,-26.32,-22.14
2535,001255,博菲电气,24.3,1.25,0.3,11921.0,28966324.62,1.67,24.48,24.08,24.12,24.0,1.0,1.54,-331.19,2.35,2114298871.0,1877607151.0,0.08,0.08,-32.35,-24.04
2536,300050,世纪鼎利,5.65,1.25,0.07,118306.0,66264931.41,2.69,5.67,5.52,5.6,5.58,0.6,2.17,240.65,7.46,3078383957.0,3076507202.0,0.18,0.18,-26.81,2.17
2537,300606,金太阳,29.26,1.25,0.36,97240.0,287035366.04,5.88,30.44,28.74,29.28,28.9,1.04,8.26,105.83,6.15,4048057389.0,3443155460.0,0.0,0.14,-26.67,25.53
2538,300673,佩蒂股份,12.92,1.25,0.16,45594.0,59593544.0,6.58,13.45,12.61,12.88,12.76,1.16,2.84,99.0,1.88,3195191647.0,2073159660.0,0.16,0.16,-18.54,-26.92
2539,603922,ST金鸿顺,10.52,1.25,0.13,8619.0,9055984.0,2.69,10.6,10.32,10.38,10.39,0.63,0.48,53.88,2.03,1885184000.0,1885184000.0,0.0,0.48,-35.1,-49.33
2540,300365,恒华科技,4.86,1.25,0.06,115518.0,56055887.0,2.29,4.89,4.78,4.82,4.8,0.93,2.26,-55.99,1.82,2915297579.0,2486981639.0,0.21,0.0,-20.59,-23.1
2541,300222,科大智能,10.54,1.25,0.13,346758.0,362448749.78,3.55,10.62,10.25,10.5,10.41,1.07,5.32,43.94,4.5,8244611806.0,6873276385.0,0.09,0.0,-18.92,-3.3
2542,300645,正元智慧,12.92,1.25,0.16,43053.0,55642295.95,2.35,13.1,12.8,12.9,12.76,0.79,3.09,-38.84,1.75,1836016174.0,1800020136.0,-0.08,-0.15,-23.69,-30.95
2543,000408,藏格矿业,80.93,1.25,1.0,139430.0,1114093598.7,4.25,81.08,77.68,80.18,79.93,1.2,0.89,20.17,8.3,126972271041.0,126970935696.0,-0.15,0.05,-6.56,-2.38
2544,002637,赞宇科技,10.57,1.25,0.13,195868.0,206123729.16,4.31,10.75,10.3,10.62,10.44,1.66,4.21,12.28,1.34,4972138570.0,4914782220.0,0.0,0.09,-10.88,4.34
2545,601001,晋控煤业,16.17,1.25,0.2,214267.0,342752237.0,4.51,16.33,15.61,16.0,15.97,1.08,1.28,19.98,1.45,27063729000.0,27063729000.0,-0.06,-0.06,-6.96,28.33
2546,300875,捷强装备,34.3,1.24,0.42,61158.0,209428417.78,2.83,34.53,33.57,33.81,33.88,0.63,6.97,-113.42,4.03,3424331959.0,3011254247.0,0.03,0.18,-13.38,-15.29
2547,300667,必创科技,13.89,1.24,0.17,56517.0,78429339.6,2.55,14.01,13.66,13.78,13.72,0.92,3.27,-599.11,2.75,2842394582.0,2397837284.0,0.07,0.0,-28.33,-21.44
2548,000536,华映科技,3.27,1.24,0.04,448563.0,145885129.72,2.17,3.28,3.21,3.25,3.23,0.9,1.62,-10.18,10.77,9044927266.0,9035255302.0,0.0,0.0,-19.85,-32.99
2549,300289,利德曼,5.73,1.24,0.07,45420.0,25972279.5,2.3,5.75,5.62,5.68,5.66,0.88,0.84,-196.18,1.91,3117185821.0,3112286671.0,0.0,0.17,-18.14,-17.79
2550,300354,东华测试,29.4,1.24,0.36,16906.0,49703806.0,2.75,29.68,28.88,29.04,29.04,0.91,2.08,37.31,4.74,4066613909.0,2390485159.0,0.0,0.07,-24.03,-35.1
2551,300337,银邦股份,9.78,1.24,0.12,133694.0,130306718.12,2.07,9.84,9.64,9.79,9.66,0.84,1.88,36.77,4.57,8038658061.0,6957606534.0,-0.2,0.0,-35.7,-36.9
2552,300839,博汇股份,10.64,1.24,0.13,65371.0,69024734.0,3.33,10.7,10.35,10.52,10.51,0.86,2.31,16.39,3.8,3065745132.0,3013050075.0,0.19,0.38,-38.67,-11.63
2553,300239,东宝生物,4.9,1.24,0.06,73040.0,35642418.58,1.65,4.92,4.84,4.85,4.84,1.06,1.24,36.92,1.7,2908753509.0,2889907374.0,0.0,0.0,-12.5,-16.24
2554,600801,华新建材,21.46,1.23,0.26,166222.0,350258216.0,4.67,21.5,20.51,21.22,21.2,0.87,1.24,17.7,1.38,44615246628.0,28792831548.0,-0.05,0.0,4.79,-11.8
2555,000036,华联控股,4.1,1.23,0.05,208633.0,85462473.24,3.7,4.19,4.04,4.13,4.05,0.75,1.49,55.26,1.12,5755656773.0,5752223047.0,0.24,0.49,-35.23,-37.88
2556,300784,利安科技,39.48,1.23,0.48,7539.0,29798830.95,2.79,40.09,39.0,39.2,39.0,1.17,4.48,71.17,2.76,2220260448.0,663857187.0,0.0,0.56,-25.48,-21.07
2557,920735,德源药业,23.84,1.23,0.29,20534.0,48905595.15,2.72,24.2,23.56,23.78,23.55,1.0,1.8,13.85,2.34,3076494522.0,2720929623.0,-0.08,0.25,-17.19,-21.94
2558,920693,阿为特,23.1,1.23,0.28,6754.0,15512022.25,1.88,23.15,22.72,22.86,22.82,0.38,1.84,995.53,4.8,1679370000.0,845691000.0,0.0,0.22,-28.42,-41.21
2559,300135,宝利国际,3.32,1.22,0.04,158684.0,52598178.92,2.13,3.34,3.27,3.29,3.28,0.85,1.72,86.82,3.53,3059712000.0,3059712000.0,0.3,0.3,-18.23,-15.95
2560,300326,ST凯利,5.79,1.22,0.07,37571.0,21691684.47,1.92,5.82,5.71,5.76,5.72,0.8,0.52,15.7,1.46,4151503429.0,4149795060.0,-0.17,0.17,-18.45,3.76
2561,301151,冠龙节能,15.77,1.22,0.19,26728.0,42050282.06,2.37,15.87,15.5,15.6,15.58,0.63,1.58,-102.52,1.31,2665194657.0,2662666805.0,0.0,0.06,-9.26,-15.22
2562,601015,陕西黑猫,3.33,1.22,0.04,289549.0,95941751.0,2.74,3.35,3.26,3.32,3.29,0.92,1.42,-5.43,1.41,6801517138.0,6801517138.0,0.3,0.3,-14.62,-8.01
2563,603906,龙蟠科技,19.01,1.22,0.23,224540.0,424703923.0,2.08,19.08,18.69,18.75,18.78,0.75,3.99,17.55,3.07,15039037333.0,10702563522.0,0.05,0.26,-36.84,-5.0
2564,002613,北玻股份,3.33,1.22,0.04,270044.0,89532588.0,2.43,3.35,3.27,3.31,3.29,1.03,3.49,531.53,1.66,3664893744.0,2576327480.0,0.0,0.3,-22.56,-10.48
2565,603608,天创时尚,18.3,1.22,0.22,178050.0,324159704.0,3.6,18.49,17.84,18.3,18.08,0.79,4.19,149.53,6.71,7778043217.0,7778043217.0,-0.16,0.33,28.69,77.67
2566,603983,丸美生物,28.3,1.22,0.34,49618.0,140815742.0,4.08,29.0,27.86,27.86,27.96,0.52,1.24,28.08,3.41,11348300000.0,11348300000.0,-0.32,-0.11,9.27,-13.98
2567,300095,华伍股份,8.37,1.21,0.1,64471.0,53868598.0,3.75,8.52,8.21,8.29,8.27,1.01,2.03,48.82,2.26,3301338614.0,2658899808.0,0.12,0.0,-25.07,-30.94
2568,300100,双林股份,23.44,1.21,0.28,83793.0,194965355.15,3.71,23.66,22.8,23.21,23.16,0.88,1.5,40.16,4.13,13571688274.0,13083505574.0,0.0,0.0,-26.29,-40.69
2569,688166,博瑞医药,34.99,1.21,0.42,150975.0,522850710.0,2.26,35.0,34.22,34.79,34.57,0.95,3.46,410.18,5.25,15248466735.0,15248466735.0,0.11,0.09,-46.04,-28.65
2570,001311,多利科技,15.92,1.21,0.19,46128.0,73116222.76,2.48,16.02,15.63,15.74,15.73,0.79,2.6,23.62,1.37,6426301173.0,2819918579.0,0.13,0.19,-33.44,-35.49
2571,000006,深振业Ａ,6.7,1.21,0.08,178472.0,119080489.05,2.42,6.74,6.58,6.6,6.62,0.72,1.32,300.4,1.68,9044966808.0,9044898468.0,0.0,0.3,-29.47,-32.66
2572,300450,先导智能,34.33,1.21,0.41,355779.0,1217666491.32,2.74,34.58,33.65,33.94,33.92,0.88,2.28,35.44,3.3,57476021829.0,53534695082.0,0.0,0.0,-38.99,-30.93
2573,603062,麦加芯彩,37.73,1.21,0.45,3790.0,14271478.0,2.95,38.0,36.9,37.28,37.28,1.01,1.02,101.19,2.04,4074840000.0,1398768063.0,-0.13,-0.03,-31.12,-18.42
2574,001316,润贝航科,26.15,1.2,0.31,18517.0,48237010.0,2.67,26.32,25.63,25.8,25.84,0.91,1.23,17.38,3.21,4214375526.0,3932123200.0,0.04,-0.04,-40.88,-6.24
2575,002189,中光学,18.6,1.2,0.22,32974.0,61126364.36,2.07,18.74,18.36,18.61,18.38,0.74,1.26,-19.39,11.63,4858306478.0,4857574531.0,0.0,0.32,-24.08,-19.45
2576,000007,全新好,9.28,1.2,0.11,84192.0,78051750.0,2.51,9.37,9.14,9.18,9.17,0.99,2.43,-370.28,17.95,3215037848.0,3215037848.0,0.11,0.11,-43.76,-18.88
2577,301050,雷电微力,31.31,1.2,0.37,32728.0,102301300.12,2.78,31.64,30.78,30.9,30.94,0.93,1.55,-35.56,2.53,7751704502.0,6602373233.0,0.0,0.03,-26.42,-39.96
2578,301558,三态股份,6.73,1.2,0.08,75986.0,50937816.0,2.56,6.79,6.62,6.66,6.65,1.09,3.46,93.17,3.84,5308968731.0,1477112864.0,-0.15,0.0,-21.19,-17.42
2579,600728,佳都科技,5.04,1.2,0.06,340265.0,170758819.0,2.61,5.07,4.94,5.01,4.98,0.82,1.6,218.01,1.36,10748300275.0,10748300275.0,0.0,-0.2,-10.48,-24.44
2580,001296,长江材料,17.65,1.2,0.21,13048.0,23006333.2,1.61,17.73,17.45,17.51,17.44,0.76,1.69,30.23,1.48,2640282668.0,1360756226.0,-0.06,0.06,-23.69,-32.3
2581,002310,东方新能,2.55,1.19,0.03,1466184.0,373056194.52,3.17,2.59,2.51,2.53,2.52,0.46,3.33,-276.51,6.39,15298271398.0,11217474103.0,0.0,0.0,-18.53,13.33
2582,300593,新雷能,25.56,1.19,0.3,384394.0,962668092.4,7.28,25.95,24.11,25.65,25.26,1.28,8.54,-80.48,6.04,13866260868.0,11508735086.0,0.08,0.16,-11.59,-14.11
2583,301602,超研股份,15.32,1.19,0.18,25461.0,38876603.84,1.85,15.36,15.08,15.08,15.14,1.05,1.22,179.98,5.03,6562010054.0,3194210670.0,0.0,0.13,-18.81,-28.38
2584,002182,宝武镁业,11.93,1.19,0.14,119308.0,142100181.08,1.95,12.01,11.78,11.88,11.79,0.7,1.38,581.24,2.24,11832073227.0,10325478408.0,0.0,0.25,-27.87,-22.03
2585,000972,中基健康,3.41,1.19,0.04,74801.0,25426504.0,2.37,3.44,3.36,3.39,3.37,0.78,0.97,-33.5,405.08,2630077004.0,2630077004.0,0.29,0.0,-11.66,-13.01
2586,002649,博彦科技,9.33,1.19,0.11,118694.0,110721478.0,2.6,9.48,9.24,9.28,9.22,0.86,2.21,118.67,1.34,5518084184.0,5004286066.0,0.0,0.0,-13.61,-28.56
2587,002365,永安药业,12.77,1.19,0.15,224757.0,287239574.0,2.54,12.96,12.64,12.73,12.62,0.9,9.16,121.6,1.91,3763095525.0,3132333724.0,0.16,0.31,-9.3,-13.83
2588,600405,动力源,4.24,1.19,0.05,81150.0,34316266.0,1.67,4.26,4.19,4.19,4.19,0.84,1.32,-18.45,82.89,2598397453.0,2598397453.0,0.0,0.24,-19.08,-18.62
2589,600578,京能电力,5.97,1.19,0.07,1426068.0,847875142.0,4.07,6.1,5.86,5.91,5.9,0.9,2.13,9.07,1.66,39966887460.0,39966887460.0,0.0,0.17,19.16,21.1
2590,300837,浙矿股份,22.28,1.18,0.26,19472.0,43307279.97,2.09,22.5,22.04,22.04,22.02,1.0,2.58,46.57,1.58,2228150657.0,1684240157.0,0.27,0.27,-36.23,-33.93
2591,600292,电投水电,12.84,1.18,0.15,97149.0,124367594.0,1.89,12.89,12.65,12.68,12.69,0.89,2.21,38.91,2.84,61172136222.0,5640401206.0,0.0,0.08,-19.09,-1.15
2592,920427,华维设计,8.55,1.18,0.1,9129.0,7747025.47,1.66,8.55,8.41,8.46,8.45,0.63,1.79,115.3,2.8,881462250.0,435263520.0,0.12,0.47,-35.23,-30.66
2593,300659,中孚信息,10.27,1.18,0.12,53870.0,55250386.4,1.38,10.33,10.19,10.19,10.15,0.66,2.85,-8.4,2.29,2674229722.0,1943482548.0,0.2,0.1,-22.9,-33.14
2594,301197,工大科雅,23.97,1.18,0.28,26725.0,64105745.67,3.21,24.35,23.59,24.26,23.69,0.54,2.46,-101.58,2.2,2889343800.0,2606719523.0,-0.04,0.17,-29.12,15.3
2595,000633,合金投资,5.16,1.18,0.06,79724.0,41018062.0,2.35,5.21,5.09,5.13,5.1,0.92,2.07,419.14,9.92,1987148885.0,1987148885.0,0.19,0.39,-24.34,-28.43
2596,301233,盛帮股份,31.8,1.18,0.37,6520.0,20727071.2,2.45,32.17,31.4,31.6,31.43,0.73,1.66,29.83,2.34,2282184240.0,1252161188.0,-0.13,0.28,-26.29,-15.25
2597,688517,金冠电气,15.47,1.18,0.18,29252.0,45292413.0,3.34,15.72,15.21,15.36,15.29,1.23,2.14,36.98,2.84,2113405956.0,2113405956.0,0.06,0.06,-35.05,2.38
2598,002670,国盛证券,11.13,1.18,0.13,411179.0,457475545.23,3.45,11.24,10.86,10.87,11.0,1.04,2.53,3666.18,1.9,21537492188.0,18067892556.0,-0.09,0.0,-13.85,-33.91
2599,300026,红日药业,3.46,1.17,0.04,515688.0,178797677.35,2.92,3.51,3.41,3.41,3.42,0.95,1.72,39.54,1.22,10394375736.0,10384585971.0,0.0,0.0,0.0,-1.42
2600,920896,旺成科技,12.15,1.17,0.14,7503.0,9023471.91,2.58,12.18,11.87,12.01,12.01,1.18,1.69,22.0,2.87,1229874516.0,539481992.0,0.25,0.5,-30.73,-42.03
2601,002901,大博医疗,43.2,1.17,0.5,12883.0,55550912.2,1.87,43.35,42.55,42.7,42.7,0.69,0.45,30.51,5.14,17885642659.0,12459408034.0,0.02,0.0,4.3,-7.65
2602,300925,法本信息,15.63,1.17,0.18,90922.0,142424068.82,2.07,15.81,15.49,15.58,15.45,0.82,2.6,74.53,3.01,6700720810.0,5462874858.0,-0.19,0.06,-18.55,-26.24
2603,603112,华翔股份,14.69,1.17,0.17,42535.0,62513214.0,2.07,14.83,14.53,14.55,14.52,0.74,0.8,13.51,1.8,7932032981.0,7853370087.0,0.07,0.14,-33.14,-14.39
2604,300505,川金诺,19.01,1.17,0.22,176040.0,332131655.34,3.19,19.1,18.5,18.9,18.79,0.68,8.1,31.74,1.84,5225231612.0,4132036830.0,0.11,0.21,-26.32,-13.55
2605,600909,华安证券,7.75,1.17,0.09,1149085.0,889527738.0,1.96,7.82,7.67,7.7,7.66,0.55,2.29,22.46,1.51,38937621905.0,38937621905.0,0.0,0.13,36.2,16.37
2606,002908,德生科技,6.89,1.17,0.08,73516.0,50828635.94,2.94,7.03,6.83,6.83,6.81,1.1,2.28,-77.04,2.76,2972567086.0,2217440614.0,-0.14,0.0,-19.7,-34.26
2607,300068,ST南都,4.32,1.17,0.05,430687.0,184980555.0,2.58,4.36,4.25,4.27,4.27,1.02,5.05,-3.19,3.52,3880946732.0,3687904724.0,0.23,0.23,-22.16,-72.2
2608,300611,美力科技,24.35,1.16,0.28,23817.0,57876120.0,2.87,24.57,23.88,24.05,24.07,1.12,1.61,74.18,4.09,5139668458.0,3611177563.0,-0.04,0.04,-3.33,-10.18
2609,688062,迈威生物-U,27.12,1.16,0.31,88970.0,244866916.0,4.51,28.06,26.85,26.85,26.81,0.98,3.86,-12.52,113.42,12115323024.0,6244108800.0,-0.18,-0.18,-27.1,-29.5
2610,301010,晶雪节能,16.6,1.16,0.19,25167.0,41810349.0,2.5,16.84,16.43,16.45,16.41,1.27,2.33,205.4,2.16,1792800000.0,1792800000.0,-0.06,0.06,-28.05,-25.06
2611,001367,海森药业,18.29,1.16,0.21,15750.0,28761891.04,2.38,18.42,17.99,18.2,18.08,1.28,1.29,24.1,1.85,2786503448.0,2224741498.0,-0.05,0.0,-24.36,-16.22
2612,002171,楚江新材,9.6,1.16,0.11,357218.0,341538316.2,2.0,9.64,9.45,9.51,9.49,0.82,2.21,27.79,1.78,15580203571.0,15491918112.0,0.0,0.1,-18.85,-27.16
2613,301212,联盛化学,21.01,1.16,0.24,11843.0,24785320.0,2.17,21.15,20.7,20.87,20.77,0.94,1.26,93.13,1.7,2269080000.0,1969687500.0,0.05,-0.05,-37.86,-29.64
2614,920765,美之高,12.3,1.15,0.14,9334.0,11390594.66,2.47,12.4,12.1,12.23,12.16,0.4,1.77,51.32,3.56,1069116947.0,649527379.0,0.0,0.08,-20.7,-40.38
2615,300195,长荣股份,5.26,1.15,0.06,87713.0,45954219.9,1.92,5.29,5.19,5.24,5.2,0.79,2.79,-16.79,0.84,2228702797.0,1650930063.0,0.0,0.19,-24.1,-34.17
2616,301177,迪阿股份,22.93,1.15,0.26,8788.0,20084970.75,2.16,23.05,22.56,22.62,22.67,0.82,0.22,61.05,1.51,9178295432.0,9172229300.0,0.53,0.44,-24.97,-19.18
2617,002050,三花智控,38.74,1.15,0.44,655334.0,2521922038.29,2.79,38.97,37.9,38.4,38.3,0.95,1.78,43.93,5.18,163018459842.0,142991082990.0,0.0,0.0,-23.93,-29.45
2618,605567,春雪食品,8.8,1.15,0.1,46582.0,41040811.0,2.07,8.89,8.71,8.71,8.7,1.07,2.33,51.15,1.61,1760000000.0,1760000000.0,0.23,0.23,-21.01,-19.27
2619,000929,兰州黄河,8.79,1.15,0.1,33428.0,29324474.8,3.22,8.9,8.62,8.75,8.69,0.82,1.8,-24.48,4.68,1632883140.0,1632779620.0,0.0,0.34,-21.8,-0.23
2620,000301,东方盛虹,12.28,1.15,0.14,266320.0,325276429.89,3.38,12.38,11.97,12.15,12.14,0.83,0.4,14.17,2.34,81185934732.0,81150820722.0,-0.08,0.0,-5.1,12.76
2621,002735,王子新材,11.42,1.15,0.13,293573.0,329823294.66,4.78,11.44,10.9,11.2,11.29,1.46,10.3,106.25,2.74,4285404711.0,3255377674.0,0.0,0.09,-25.89,-36.66
2622,920122,中纺标,22.18,1.14,0.25,7697.0,17017915.19,2.01,22.28,21.84,21.95,21.93,0.78,2.06,492.59,6.16,2045929955.0,828980561.0,0.0,0.09,-16.77,-33.63
2623,600768,宁波富邦,14.16,1.14,0.16,29764.0,42082912.0,1.79,14.25,14.0,14.13,14.0,0.93,2.23,16.92,4.2,1893860352.0,1893860352.0,0.0,-0.21,-25.75,1.51
2624,301138,华研精机,25.8,1.14,0.29,7116.0,18307571.0,1.76,25.9,25.45,25.55,25.51,0.79,1.04,74.13,2.69,3096000000.0,1768851612.0,-0.08,-0.12,-23.94,-32.64
2625,002682,龙洲股份,4.44,1.14,0.05,183918.0,81452712.3,2.96,4.48,4.35,4.4,4.39,0.9,3.27,-13.56,4.74,2496916557.0,2496916557.0,0.45,0.45,-28.39,-48.19
2626,601066,中信建投,25.85,1.13,0.29,222476.0,572881917.0,1.68,25.98,25.55,25.6,25.56,0.91,0.34,13.67,2.32,200510560502.0,167913096255.0,0.0,0.04,11.9,-2.86
2627,002356,鹏飞绿能,2.69,1.13,0.03,156020.0,41716713.0,1.5,2.69,2.65,2.67,2.66,0.99,1.19,-117.57,5.88,3527274661.0,3527254486.0,0.37,0.37,-21.8,-32.07
2628,920429,康比特,8.94,1.13,0.1,9817.0,8735046.5,1.81,9.0,8.84,8.93,8.84,0.56,0.86,-34.99,1.35,1112815440.0,1014693496.0,0.0,0.11,-26.78,-40.99
2629,301361,众智科技,29.5,1.13,0.33,13691.0,40068658.72,1.95,29.55,28.98,29.41,29.17,1.09,2.43,41.38,2.78,3431912000.0,1661912000.0,0.17,0.37,-22.12,-9.17
2630,688100,威胜信息,31.35,1.13,0.35,43102.0,135558276.0,3.03,31.95,31.01,31.01,31.0,0.95,0.88,25.99,4.35,15414330236.0,15281675094.0,-0.03,-0.1,-18.36,-19.62
2631,002685,华东重机,5.36,1.13,0.06,234783.0,125001513.68,1.51,5.36,5.28,5.34,5.3,0.88,2.33,24.94,3.27,5401221836.0,5400497834.0,0.0,0.19,-43.1,-28.44
2632,603528,多伦科技,6.25,1.13,0.07,119657.0,74881559.0,1.94,6.32,6.2,6.2,6.18,0.9,1.7,-54.68,2.35,4412063319.0,4412063319.0,0.16,0.0,-24.24,-35.37
2633,300066,三川智慧,5.37,1.13,0.06,301953.0,162285257.55,4.9,5.52,5.26,5.31,5.31,1.57,3.03,93.14,2.17,5584978617.0,5359793322.0,0.0,0.0,-17.64,-13.11
2634,000917,电广传媒,7.24,1.12,0.08,246780.0,178022083.73,2.37,7.29,7.12,7.18,7.16,0.85,1.74,-27.69,1.0,10263107887.0,10262405788.0,-0.28,-0.28,-18.19,-29.37
2635,600513,联环药业,17.22,1.12,0.19,229841.0,396710921.0,2.82,17.57,17.09,17.1,17.03,0.79,8.05,191.27,3.9,4915556969.0,4915556969.0,0.0,0.06,-18.85,-5.59
2636,300880,迦南智能,19.9,1.12,0.22,43526.0,85338151.78,3.05,19.9,19.3,19.82,19.68,1.41,2.23,77.76,3.72,3883231872.0,3883231872.0,0.1,0.15,-15.68,14.17
2637,600594,益佰制药,3.61,1.12,0.04,271644.0,98320113.0,2.24,3.66,3.58,3.59,3.57,0.61,3.46,-23.98,1.31,2831661979.0,2831661979.0,0.0,0.28,-14.45,-9.3
2638,001206,依依股份,16.27,1.12,0.18,53457.0,86694440.8,1.74,16.34,16.06,16.14,16.09,0.65,5.0,27.16,1.66,3008222256.0,1738684732.0,0.0,0.37,-14.05,-44.26
2639,920247,华密新材,14.42,1.12,0.16,16695.0,23934333.96,2.24,14.48,14.16,14.32,14.26,1.03,1.22,57.46,5.75,2726144246.0,1977608044.0,0.35,0.42,-29.24,-36.22
2640,002506,协鑫集成,2.71,1.12,0.03,2487277.0,674113003.4,2.99,2.75,2.67,2.68,2.68,0.99,4.26,-21.21,16.84,15854357517.0,15838425359.0,0.0,-0.37,-38.55,-3.21
2641,002628,成都路桥,4.56,1.11,0.05,209184.0,94948986.6,3.1,4.61,4.47,4.51,4.51,1.24,2.78,64.06,1.22,3452377892.0,3437258697.0,0.22,0.22,-22.32,10.95
2642,300803,指南针,83.16,1.11,0.91,153625.0,1276832684.66,2.25,83.85,82.0,83.2,82.25,0.71,2.54,113.99,17.7,50710295651.0,50340006375.0,0.01,0.07,-23.38,-36.42
2643,920839,万通液压,24.55,1.11,0.27,4957.0,12089876.23,3.09,24.76,24.01,24.36,24.28,0.85,0.76,27.97,4.73,2902054788.0,1600723732.0,0.0,0.0,-24.37,-41.08
2644,688212,澳华内镜,27.4,1.11,0.3,24728.0,67652405.0,1.88,27.62,27.11,27.55,27.1,0.93,1.84,-37.75,2.87,3689827850.0,3689827850.0,0.18,-0.07,-24.77,-37.31
2645,603655,朗博科技,26.4,1.11,0.29,9821.0,25975218.0,2.91,26.83,26.07,26.57,26.11,0.84,0.93,85.08,5.09,2798400000.0,2798400000.0,0.0,0.15,-43.1,-36.46
2646,920026,卓兆点胶,17.36,1.11,0.19,8761.0,15140311.34,2.33,17.44,17.04,17.22,17.17,1.03,1.01,120.25,3.25,1994805380.0,1503760298.0,0.35,0.12,-32.03,-30.95
2647,600111,北方稀土,40.47,1.1,0.44,472479.0,1903231896.0,1.72,40.59,39.9,40.11,40.03,1.07,1.31,39.85,5.83,146301714626.0,146301714626.0,0.0,0.07,-29.89,-12.0
2648,002392,北京利尔,7.37,1.1,0.08,101617.0,74656853.16,2.33,7.43,7.26,7.33,7.29,0.85,0.88,16.82,1.48,8773917483.0,8531118228.0,0.0,0.0,-26.08,-1.07
2649,301073,君亭酒店,17.49,1.1,0.19,59970.0,104696795.74,3.18,17.7,17.15,17.33,17.3,0.45,3.37,126.53,3.84,3400948795.0,3109560322.0,0.06,0.17,-30.37,-32.89
2650,300288,朗玛信息,10.07,1.1,0.11,55891.0,56195939.0,2.61,10.2,9.94,10.03,9.96,0.98,2.18,-204.16,3.16,3403069918.0,2583653767.0,0.1,0.4,-20.96,-25.13
2651,605151,西上海,17.54,1.1,0.19,15529.0,27161396.0,2.02,17.65,17.3,17.58,17.35,0.83,1.15,29.64,1.71,2360081054.0,2360081054.0,0.06,-0.28,-24.33,-7.15
2652,600903,贵州燃气,6.41,1.1,0.07,225168.0,143943058.0,2.05,6.47,6.34,6.36,6.34,0.86,1.93,18.4,2.37,7461144555.0,7461144555.0,0.0,0.16,0.0,-2.88
2653,300618,寒锐钴业,33.95,1.1,0.37,48279.0,163816412.66,1.91,34.14,33.5,33.76,33.58,0.8,1.77,53.3,1.89,10514216239.0,9251261539.0,0.0,0.15,-28.0,-24.62
2654,000990,诚志股份,6.48,1.09,0.07,402646.0,260386471.16,1.56,6.5,6.4,6.4,6.41,1.03,2.37,11.84,0.61,11024634918.0,11024634918.0,0.0,0.0,-22.02,14.49
2655,002494,华斯股份,4.65,1.09,0.05,115948.0,53802357.0,2.39,4.69,4.58,4.6,4.6,0.92,4.04,52.54,1.39,1754494839.0,1333482537.0,0.0,0.0,-25.96,-13.73
2656,920058,华洋赛车,27.8,1.09,0.3,9014.0,24702925.71,6.76,28.4,26.54,27.77,27.5,0.6,3.27,50.8,4.63,1558359858.0,767123986.0,-0.32,-0.07,2.58,-19.23
2657,301456,盘古智能,23.24,1.09,0.25,25657.0,59459108.68,2.7,23.47,22.85,23.38,22.99,1.38,3.74,49.86,1.59,3534555913.0,1593144715.0,0.09,0.17,-26.6,-25.75
2658,605128,上海沿浦,23.25,1.09,0.25,29697.0,68729014.0,2.26,23.34,22.82,23.16,23.0,0.65,0.95,39.41,3.42,7300191775.0,7300191775.0,0.04,0.17,-0.13,-5.49
2659,920033,康普化学,13.9,1.09,0.15,6277.0,8701029.75,1.53,13.95,13.74,13.83,13.75,0.7,0.76,15.91,2.16,1655979975.0,1151368345.0,0.14,0.07,-20.84,-22.04
2660,600985,淮北矿业,14.79,1.09,0.16,244747.0,357346395.0,4.44,14.9,14.25,14.53,14.63,1.09,0.91,20.28,0.96,39833296306.0,39833296306.0,-0.2,0.0,10.7,36.19
2661,603236,移远通信,46.39,1.09,0.5,74620.0,344826791.0,2.96,46.66,45.3,46.0,45.89,0.61,1.85,33.07,2.71,18692979789.0,18692979789.0,0.0,-0.09,-13.14,-31.66
2662,920634,新威凌,16.7,1.09,0.18,10832.0,18049958.97,3.21,16.93,16.4,16.46,16.52,0.75,2.67,115.58,3.72,1067276392.0,676813008.0,0.06,0.0,-21.19,-30.79
2663,000859,国风新材,8.36,1.09,0.09,414106.0,343745181.87,2.66,8.37,8.15,8.3,8.27,0.73,4.62,-86.94,2.78,7490361626.0,7489935266.0,0.0,0.0,-11.35,-17.39
2664,301065,本立科技,18.61,1.09,0.2,14097.0,26223922.35,1.9,18.77,18.42,18.45,18.41,1.05,1.63,46.58,1.46,1973032200.0,1605810375.0,-0.11,0.05,-23.26,-11.63
2665,600448,华纺股份,2.77,1.09,0.03,140336.0,38745355.0,2.19,2.79,2.73,2.75,2.74,0.95,2.23,-15.49,1.91,1744600464.0,1744600464.0,0.0,0.36,-23.69,-12.06
2666,300024,机器人,15.77,1.09,0.17,388619.0,610347699.24,2.88,15.89,15.44,15.59,15.6,1.06,2.48,-66.73,6.1,24689826612.0,24683041679.0,0.0,0.0,1.41,-13.3
2667,301126,达嘉维康,9.29,1.09,0.1,31596.0,29435878.0,2.39,9.43,9.21,9.24,9.19,0.66,2.29,79.98,1.27,1908195728.0,1280796219.0,0.0,0.0,-24.35,-24.41
2668,301017,漱玉平民,13.85,1.09,0.15,80747.0,110403042.83,2.48,13.85,13.51,13.78,13.7,1.06,3.12,135.59,2.78,5617658681.0,3582927135.0,0.14,0.36,-2.33,-5.85
2669,603307,扬州金泉,24.2,1.09,0.26,7875.0,19060410.0,3.01,24.55,23.83,24.07,23.94,1.05,0.81,17.95,1.73,2388821930.0,2351030000.0,0.12,-0.25,-22.19,-8.4
2670,002612,朗姿股份,14.92,1.08,0.16,188885.0,285203264.74,6.5,15.53,14.57,14.63,14.76,0.67,7.42,33.45,2.35,6601284995.0,3796531667.0,-0.2,-0.07,-0.2,-22.45
2671,300047,天源迪科,10.29,1.08,0.11,193892.0,199789599.03,2.26,10.41,10.18,10.26,10.18,0.82,3.38,105.82,1.99,6562392675.0,5905548110.0,0.0,-0.1,-20.29,-17.94
2672,000973,佛塑科技,12.21,1.08,0.13,252310.0,308171095.64,2.4,12.32,12.03,12.14,12.08,0.74,2.61,13.48,3.29,30015070913.0,11812236918.0,0.0,0.33,-40.09,-16.88
2673,300115,长盈精密,27.97,1.08,0.3,337717.0,936432168.79,3.25,28.1,27.2,27.67,27.67,0.76,2.49,76.01,4.57,38076962325.0,37964656006.0,0.0,0.25,-23.05,-39.69
2674,301228,实朴检测,63.68,1.08,0.68,32577.0,204560606.97,8.1,64.98,59.88,63.2,63.0,0.8,2.73,-439.62,12.75,7641600000.0,7605957922.0,-0.47,-0.44,0.02,64.93
2675,600055,万东医疗,12.15,1.08,0.13,91499.0,109853885.0,3.83,12.21,11.75,12.05,12.02,1.28,1.3,-134.02,1.92,8542191855.0,8542191855.0,-0.16,-0.08,-12.97,-22.02
2676,301000,肇民科技,25.37,1.08,0.27,42777.0,107964831.13,3.19,25.55,24.75,25.09,25.1,0.96,1.86,57.57,4.88,6170507535.0,5825272575.0,0.0,0.24,-28.05,-35.2
2677,300079,数码视讯,4.66,1.08,0.05,304920.0,141191846.82,2.39,4.68,4.57,4.62,4.61,0.87,2.38,161.45,1.63,6645290769.0,5971695197.0,0.22,0.0,-20.48,-13.22
2678,300886,华业香料,22.42,1.08,0.24,14285.0,32043367.2,2.98,22.77,22.11,22.18,22.18,0.8,3.02,96.11,2.82,1684145560.0,1059330427.0,0.0,-0.4,-25.81,-13.3
2679,300197,节能铁汉,1.89,1.07,0.02,874421.0,163882662.0,2.67,1.9,1.85,1.87,1.87,0.83,2.95,-11.55,-15.57,5604413371.0,5604271621.0,0.0,0.0,9.88,6.78
2680,002183,怡 亚 通,4.74,1.07,0.05,367124.0,173309439.17,1.49,4.75,4.68,4.7,4.69,0.76,1.41,183.03,1.36,12309823091.0,12309751991.0,0.0,0.42,-33.98,-0.42
2681,300854,中兰环保,17.08,1.07,0.18,119596.0,202566793.9,4.02,17.34,16.66,17.2,16.9,0.91,10.49,162.92,2.66,2388067528.0,1946799665.0,0.0,0.41,-31.49,41.98
2682,301118,恒光股份,20.8,1.07,0.22,24758.0,51527842.0,2.28,21.05,20.58,20.87,20.58,0.54,2.34,23.86,1.68,2290308800.0,2203413826.0,0.05,0.05,-33.01,-15.99
2683,002869,金溢科技,16.02,1.07,0.17,23941.0,38193761.0,1.77,16.06,15.78,15.88,15.85,0.48,1.52,-28.1,1.41,2834178156.0,2523425608.0,0.13,0.19,-23.09,-31.13
2684,688197,首药控股-U,32.14,1.07,0.34,20125.0,65165537.0,4.34,33.18,31.8,31.8,31.8,0.94,3.14,-79.18,7.19,4779839684.0,2057116907.0,0.0,-0.09,-26.6,-7.48
2685,002520,日发精机,5.69,1.07,0.06,235838.0,133527422.99,2.13,5.71,5.59,5.69,5.63,0.81,3.29,31.55,14.42,4268895023.0,4082234573.0,0.0,0.18,-14.18,-9.68
2686,000757,浩物股份,3.83,1.06,0.04,128899.0,49444742.0,2.9,3.89,3.78,3.82,3.79,1.06,2.42,61.63,1.27,2040302644.0,2040302644.0,-0.26,0.0,-22.47,-21.36
2687,002088,鲁阳节能,7.66,1.06,0.08,28651.0,21878688.5,1.85,7.7,7.56,7.63,7.58,0.76,0.57,334.63,1.64,3902311825.0,3875689089.0,0.0,-0.13,-21.03,-24.68
2688,688246,嘉和美康,19.1,1.06,0.2,32832.0,62238376.0,4.92,19.31,18.38,19.08,18.9,0.96,2.39,-45.89,2.04,2627884922.0,2627884922.0,0.0,0.0,-19.34,-17.85
2689,000503,国新健康,7.63,1.06,0.08,201172.0,153322816.0,2.78,7.7,7.49,7.52,7.55,0.54,2.05,-38.41,7.79,7471696361.0,7471244116.0,-0.13,0.0,-3.66,-14.08
2690,002756,永兴材料,46.84,1.06,0.49,97112.0,454224257.14,2.46,47.3,46.16,46.35,46.35,0.73,2.51,12.91,1.95,25251516134.0,18130730756.0,-0.04,0.09,-40.89,-13.03
2691,300220,金运激光,10.49,1.06,0.11,26011.0,27268609.0,2.41,10.6,10.35,10.5,10.38,0.83,1.72,-148.83,26.16,1586088000.0,1584192961.0,0.1,0.1,-29.97,-26.9
2692,300125,*ST聆达,8.68,1.05,0.09,28215.0,24420165.0,2.79,8.78,8.54,8.65,8.59,0.7,0.78,-178.31,5.53,5779577887.0,3131833855.0,0.0,0.23,-16.86,13.76
2693,300033,同花顺,233.51,1.05,2.42,115218.0,2688830428.15,1.46,235.36,231.98,233.0,231.09,0.73,2.63,171.67,41.37,175748966400.0,102373332528.0,0.03,0.14,-8.45,3.1
2694,920006,晟楠科技,16.29,1.05,0.17,16472.0,26708145.03,2.48,16.42,16.02,16.04,16.12,0.57,3.45,-74.18,4.83,1470778488.0,778614954.0,-0.24,0.0,-20.46,-39.15
2695,920976,视声智能,18.3,1.05,0.19,22781.0,41012727.62,3.42,18.3,17.68,17.68,18.11,1.12,5.16,25.25,4.79,1298447220.0,807388680.0,0.27,0.44,-39.74,-30.58
2696,002997,瑞鹄模具,26.93,1.05,0.28,25250.0,68121652.94,2.7,27.37,26.65,26.65,26.65,0.98,1.21,13.2,2.24,5637023282.0,5637023282.0,0.0,0.04,-23.19,-27.41
2697,600651,飞乐音响,5.78,1.05,0.06,174592.0,100577617.0,2.62,5.81,5.66,5.72,5.72,0.8,0.7,574.16,5.74,14490621927.0,14490621927.0,-0.17,-0.17,-21.15,-20.71
2698,600280,中央商场,2.88,1.05,0.03,296569.0,85048947.0,2.46,2.9,2.83,2.85,2.85,0.6,2.63,-116.19,12.22,3249604189.0,3249604189.0,0.0,0.35,-8.57,-25.19
2699,920433,大唐药业,4.8,1.05,0.05,29116.0,13919178.22,3.79,4.9,4.72,4.74,4.75,1.08,1.72,128.52,3.24,1228414469.0,812718701.0,0.42,0.42,-11.76,-18.23
2700,601600,中国铝业,9.58,1.05,0.1,1632386.0,1563339837.0,1.58,9.65,9.5,9.56,9.48,0.72,1.24,7.43,2.04,164344625313.0,126487996290.0,0.0,0.1,-18.68,-21.6
2701,301149,隆华新材,7.71,1.05,0.08,76682.0,59465840.28,3.01,7.84,7.61,7.63,7.63,1.04,2.25,23.08,2.07,4309890177.0,2622253983.0,-0.39,-0.39,-26.22,-5.05
2702,002104,恒宝股份,10.6,1.05,0.11,408810.0,434482877.54,2.96,10.8,10.49,10.59,10.49,1.0,6.82,-89.95,3.56,7508511632.0,6356836769.0,0.0,0.28,-28.18,-50.88
2703,300219,鸿利智汇,6.72,1.05,0.07,145817.0,97902585.93,1.95,6.78,6.65,6.67,6.65,0.78,2.06,117.87,1.88,4757380360.0,4748626284.0,0.15,0.15,-15.37,-5.49
2704,002328,新朋股份,6.81,1.04,0.07,280632.0,191361348.0,1.78,6.89,6.77,6.77,6.74,1.11,4.92,12.52,1.58,5255753700.0,3887088038.0,-0.15,0.0,-37.41,4.93
2705,603082,北自科技,36.1,1.04,0.37,50300.0,181495764.0,2.66,36.5,35.55,35.9,35.73,0.74,12.4,79.09,3.51,6013289235.0,1464104090.0,0.08,0.17,2.67,-0.58
2706,600774,汉商集团,6.81,1.04,0.07,39041.0,26682533.0,2.97,6.93,6.73,6.78,6.74,0.76,1.32,-92.0,1.36,2009170658.0,2008134005.0,0.29,0.44,-22.35,-25.49
2707,000572,海马汽车,3.9,1.04,0.04,460238.0,179359093.65,2.33,3.94,3.85,3.88,3.86,0.68,2.8,-50.42,4.07,6414082061.0,6404786961.0,0.0,0.26,-30.11,-52.21
2708,603915,国茂股份,13.63,1.04,0.14,60587.0,82973536.0,3.11,13.93,13.51,13.61,13.49,0.97,0.92,41.37,2.39,9103238202.0,8949900702.0,0.0,-0.07,-22.64,-25.56
2709,300318,博晖创新,4.88,1.04,0.05,59082.0,28904376.0,2.48,4.95,4.83,4.83,4.83,0.86,0.75,-136.8,3.12,3986474416.0,3867005437.0,0.0,0.21,-17.43,-22.17
2710,300628,亿联网络,39.65,1.04,0.41,195572.0,772615654.96,3.7,40.18,38.73,39.18,39.24,1.12,2.69,19.15,6.02,50233313648.0,28780773176.0,-0.08,-0.1,5.73,15.43
2711,301195,北路智控,26.25,1.04,0.27,16099.0,42246287.96,2.0,26.44,25.92,26.18,25.98,1.1,1.84,32.61,1.45,3466833300.0,2301857985.0,0.0,0.11,-18.81,-22.63
2712,000063,中兴通讯,34.37,1.03,0.35,1207417.0,4144218546.78,1.29,34.54,34.1,34.24,34.02,1.0,3.0,31.37,2.19,164410094066.0,138429341744.0,0.09,0.17,-11.19,-8.18
2713,603982,泉峰汽车,5.9,1.03,0.06,53524.0,31479037.0,2.74,5.95,5.79,5.89,5.84,1.01,1.58,-5.08,1.02,2154261071.0,2003365933.0,0.17,0.34,-25.13,-29.51
2714,002399,海普瑞,9.81,1.03,0.1,43298.0,42368854.1,1.34,9.84,9.71,9.71,9.71,1.15,0.35,19.18,1.2,14394175761.0,12235048716.0,0.0,0.1,-9.0,-15.79
2715,002470,金正大,1.96,1.03,0.02,767348.0,149587434.0,2.58,1.97,1.92,1.94,1.94,1.0,2.34,140.73,3.02,6440614374.0,6440042397.0,0.51,0.51,-35.74,10.11
2716,600773,西藏城投,10.75,1.03,0.11,194422.0,209539415.0,2.26,10.88,10.64,10.74,10.64,0.78,2.04,-48.22,2.41,10229558799.0,10229558799.0,0.09,0.09,-54.85,-13.24
2717,301287,康力源,34.49,1.03,0.35,7012.0,24182178.0,3.43,34.99,33.82,34.16,34.14,1.35,4.12,66.34,1.98,2299448300.0,587411262.0,0.2,0.41,-24.05,-16.85
2718,300885,海昌新材,20.57,1.03,0.21,37889.0,77443089.95,3.78,20.83,20.06,20.81,20.36,1.0,2.27,52.98,5.7,5104482526.0,3435555632.0,0.0,0.19,-31.57,-38.96
2719,920166,海圣医疗,19.62,1.03,0.2,2640.0,5158585.63,1.75,19.68,19.34,19.42,19.42,0.96,1.11,30.52,2.37,1477270595.0,466263551.0,-0.1,-0.05,-33.42,55.22
2720,603867,新化股份,27.79,1.02,0.28,49807.0,138548935.0,2.14,28.06,27.47,27.78,27.51,0.82,2.31,18.59,1.98,6043956588.0,5993934588.0,0.04,0.14,-25.64,11.16
2721,603036,如通股份,12.89,1.02,0.13,115819.0,148225459.0,3.61,12.97,12.51,12.87,12.76,2.4,5.62,30.03,1.95,2655417662.0,2655417662.0,0.0,0.31,-23.23,-39.05
2722,688553,汇宇制药-W,10.85,1.02,0.11,92632.0,100284627.0,2.79,11.02,10.72,10.75,10.74,0.81,1.83,77.63,1.84,6791024320.0,5505416424.0,0.28,0.46,-23.1,-8.9
2723,000733,振华科技,41.46,1.02,0.42,128667.0,531566857.37,2.36,41.75,40.78,41.17,41.04,0.8,2.32,361.09,1.48,22975864609.0,22972767547.0,0.0,0.02,-10.12,-20.32
2724,600654,中安科,2.96,1.02,0.03,657594.0,195622617.0,1.71,3.0,2.95,2.95,2.93,0.81,2.84,74.22,5.0,8422412597.0,6859598196.0,-0.34,0.0,-28.67,-21.49
2725,003025,思进智能,11.87,1.02,0.12,38627.0,45785656.06,1.7,11.94,11.74,11.78,11.75,0.89,1.71,21.64,2.71,3370528733.0,2687557065.0,-0.08,-0.08,-16.11,-16.23
2726,600143,金发科技,15.79,1.02,0.16,540657.0,847256222.0,3.45,15.9,15.36,15.63,15.63,1.13,2.05,34.58,2.16,42211381199.0,41603902982.0,-0.06,0.0,-10.03,-18.36
2727,300375,鹏翎股份,3.98,1.02,0.04,81501.0,32310915.0,2.03,4.0,3.92,3.97,3.94,1.02,1.53,200.86,1.47,3041292396.0,2119957762.0,0.25,0.0,-20.24,-24.33
2728,002752,昇兴股份,5.97,1.02,0.06,128772.0,76519389.0,1.69,5.99,5.89,5.94,5.91,1.17,1.32,9.62,1.63,5832203254.0,5823895109.0,0.0,0.17,-19.76,-8.72
2729,300427,红相股份,6.92,1.02,0.07,502347.0,348644844.79,1.9,7.01,6.88,6.9,6.85,0.68,9.99,247.52,2.93,3518960462.0,3480793825.0,-0.14,0.14,-38.32,-43.51
2730,300205,*ST天喻,5.01,1.01,0.05,16394.0,8206186.2,2.02,5.06,4.96,4.97,4.96,1.01,0.38,-12.64,5.18,2154580560.0,2154580560.0,-0.4,0.0,-14.07,4.38
2731,002766,索菱股份,3.99,1.01,0.04,194478.0,77501725.0,3.04,4.05,3.93,3.95,3.95,0.67,2.27,-47.19,3.22,3430784838.0,3419342579.0,0.0,0.25,-18.07,-34.05
2732,002841,视源股份,46.14,1.01,0.46,88638.0,407654143.85,2.47,46.38,45.25,45.58,45.68,0.66,1.7,32.67,2.46,32260467186.0,24054878878.0,0.07,0.07,17.88,18.58
2733,002155,湖南黄金,23.04,1.01,0.23,319661.0,736187472.01,2.06,23.19,22.72,22.9,22.81,0.74,2.05,15.11,4.37,36003486321.0,36000251297.0,0.09,0.0,-21.98,10.82
2734,688160,步科股份,112.69,1.01,1.13,20144.0,225031616.0,4.14,113.8,109.18,111.45,111.56,0.83,2.21,193.02,7.84,10279041564.0,10279041564.0,0.21,0.5,-6.52,-25.96
2735,002969,嘉美包装,12.96,1.01,0.13,770236.0,986657164.73,4.29,12.98,12.43,12.77,12.83,0.7,7.05,53.17,4.37,14236504402.0,14161848762.0,0.08,0.15,-44.19,2.37
2736,601696,中银证券,12.01,1.01,0.12,396949.0,477798503.0,2.02,12.15,11.91,11.91,11.89,0.91,1.43,23.07,1.72,33363780000.0,33363780000.0,-0.08,0.08,-4.91,-19.88
2737,000576,甘化科工,7.0,1.01,0.07,87311.0,61266861.84,2.16,7.08,6.93,6.97,6.93,0.84,2.01,394.98,1.85,3054927498.0,3036706827.0,0.14,0.0,-22.31,-33.52
2738,300101,振芯科技,15.06,1.01,0.15,76119.0,114393590.48,2.21,15.16,14.83,14.95,14.91,0.83,1.34,-524.24,4.85,8552659842.0,8523644071.0,0.07,0.13,-30.41,-47.03
2739,603275,众辰科技,36.26,1.0,0.36,7013.0,25313440.0,1.67,36.35,35.75,36.07,35.9,0.95,1.69,29.75,1.8,5394467317.0,1506094018.0,0.03,-0.14,-31.84,-20.24
2740,301049,超越科技,19.19,1.0,0.19,12323.0,23576364.0,1.84,19.25,18.9,19.22,19.0,0.83,2.88,-25.47,3.43,1808721479.0,821837829.0,0.1,0.31,-25.27,-10.66
2741,300581,晨曦航空,10.1,1.0,0.1,119006.0,119682799.35,2.6,10.17,9.91,10.16,10.0,0.76,2.16,-130.29,6.07,5556106415.0,5556106415.0,0.1,0.2,-23.72,-38.75
2742,002179,中航光电,34.41,1.0,0.34,262213.0,902286112.49,1.53,34.6,34.08,34.09,34.07,1.12,1.25,45.36,3.07,72269475080.0,72138164696.0,0.03,0.06,-14.1,-1.38
2743,300823,建科智能,14.21,1.0,0.14,36786.0,52290661.4,2.77,14.39,14.0,14.0,14.07,1.18,4.34,32.29,1.98,1861264551.0,1204857743.0,0.28,0.28,-26.71,-7.55
2744,603262,技源集团,19.2,1.0,0.19,66750.0,127297223.0,1.74,19.28,18.95,19.0,19.01,4.34,6.4,83.74,5.0,7680192000.0,2003477203.0,0.05,0.63,-26.49,-32.39
2745,603877,太平鸟,13.17,1.0,0.13,28529.0,37147091.0,2.38,13.18,12.87,13.07,13.04,0.9,0.61,30.42,1.41,6188646256.0,6180991285.0,0.46,0.53,-5.39,-7.45
2746,002265,建设工业,19.32,0.99,0.19,156171.0,300018511.64,2.3,19.4,18.96,19.12,19.13,0.61,1.51,144.68,5.22,19958340663.0,19958340663.0,0.0,0.16,-19.43,-27.75
2747,920855,浙江大农,12.23,0.99,0.12,1311.0,1597616.58,1.9,12.32,12.09,12.18,12.11,0.45,0.2,35.78,1.6,913988663.0,819861422.0,0.58,0.82,-21.75,-31.41
2748,600338,西藏珠峰,13.27,0.99,0.13,321724.0,426151577.0,1.83,13.33,13.09,13.13,13.14,0.81,3.52,16.87,2.7,12131568929.0,12131568929.0,0.0,0.08,-44.98,-11.65
2749,003017,大洋生物,21.4,0.99,0.21,17512.0,37374796.81,1.89,21.51,21.11,21.35,21.19,0.99,2.11,17.47,1.89,2157120000.0,1779315540.0,0.19,0.09,-19.46,-13.11
2750,300513,恒实科技,7.17,0.99,0.07,70807.0,50852834.2,2.39,7.29,7.12,7.22,7.1,1.17,2.26,-21.21,4.17,2249165581.0,2247711197.0,0.0,-0.14,-23.48,-24.45
2751,300856,科思股份,11.2,0.99,0.11,35953.0,40077566.6,1.26,11.22,11.08,11.13,11.09,0.76,0.78,32.66,1.98,5327696898.0,5149038978.0,0.27,0.27,-21.46,-16.48
2752,000931,中 关 村,4.07,0.99,0.04,81001.0,33084830.0,1.74,4.11,4.04,4.04,4.03,0.63,1.08,-47.14,1.91,3065226817.0,3056690195.0,0.0,-0.25,-13.4,-16.08
2753,300982,苏文电能,15.27,0.99,0.15,24118.0,36723781.0,1.46,15.32,15.1,15.22,15.12,0.97,1.24,-93.3,1.11,3160357779.0,2960809419.0,-0.13,-0.07,-34.8,-24.37
2754,600996,贵广网络,7.12,0.99,0.07,190536.0,135315205.0,2.41,7.18,7.01,7.05,7.05,0.95,1.53,-8.35,5.66,8877214960.0,8877214960.0,-0.28,-0.14,-16.53,-29.08
2755,688360,德马科技,15.26,0.99,0.15,54139.0,82337508.0,3.51,15.45,14.92,15.19,15.11,1.06,2.05,27.15,2.76,4024758878.0,4024758878.0,0.33,0.26,-23.59,-27.85
2756,605319,无锡振华,23.37,0.99,0.23,25552.0,59744151.0,2.72,23.65,23.02,23.3,23.14,1.16,0.73,20.29,2.95,8181783179.0,8136305159.0,0.0,0.09,-11.41,12.41
2757,002454,松芝股份,5.09,0.99,0.05,122799.0,62412908.1,2.78,5.14,5.0,5.04,5.04,1.17,1.4,15.67,1.13,4474485031.0,4465731565.0,0.0,0.2,-23.57,-16.42
2758,001396,誉帆科技,34.53,0.99,0.34,13198.0,45535485.31,2.57,34.9,34.02,34.23,34.19,1.23,5.81,511.3,2.62,3691340424.0,784433203.0,0.06,0.15,-35.14,-19.62
2759,603135,中重科技,9.15,0.99,0.09,79203.0,72162096.0,2.21,9.17,8.97,9.1,9.06,0.75,1.26,78.41,1.96,5803452282.0,5760273432.0,0.0,0.22,-27.73,-0.65
2760,920832,齐鲁华信,6.16,0.98,0.06,5439.0,3323744.98,1.48,6.16,6.07,6.07,6.1,0.79,0.44,-36.69,1.18,854785408.0,763011930.0,0.0,0.98,-9.14,-14.21
2761,300658,延江股份,10.29,0.98,0.1,90257.0,92492745.38,2.94,10.34,10.04,10.2,10.19,0.99,4.09,27.25,2.57,3424142640.0,2272483319.0,0.29,0.39,-54.25,-30.28
2762,603696,安记食品,13.34,0.98,0.13,366001.0,486816390.0,5.75,13.56,12.8,12.93,13.21,1.64,15.56,70.08,5.58,3137568000.0,3137568000.0,0.15,0.15,-15.46,-33.99
2763,603321,梅轮电梯,6.17,0.98,0.06,52557.0,32276519.0,2.13,6.19,6.06,6.12,6.11,1.32,1.53,81.77,1.51,2152648024.0,2125962774.0,0.16,0.16,-19.35,-22.78
2764,601002,晋亿实业,5.14,0.98,0.05,292794.0,151217312.0,4.13,5.27,5.06,5.08,5.09,1.62,3.07,17.03,1.14,4905825301.0,4905825301.0,-0.19,0.19,-13.47,1.58
2765,300127,银河磁体,23.94,0.97,0.23,31422.0,75123385.61,1.43,24.05,23.71,23.79,23.71,0.85,1.36,35.96,5.38,7736123858.0,5525738392.0,0.0,0.0,-26.99,-20.01
2766,002706,良信股份,9.35,0.97,0.09,198383.0,185434067.65,2.27,9.45,9.24,9.28,9.26,0.83,2.17,46.47,2.56,10501218937.0,8549464127.0,0.0,0.0,-21.49,-11.63
2767,002393,力生制药,14.53,0.97,0.14,23365.0,33928963.21,1.74,14.65,14.4,14.48,14.39,1.06,0.78,21.58,1.01,4479498293.0,4362159447.0,0.07,0.07,-12.89,-16.25
2768,300887,谱尼测试,7.26,0.97,0.07,91898.0,66631983.72,1.53,7.3,7.19,7.2,7.19,0.61,2.54,-14.25,1.44,3962052166.0,2629551817.0,0.0,0.41,-30.06,-24.38
2769,300155,安居宝,4.17,0.97,0.04,107920.0,44994817.15,2.91,4.24,4.12,4.15,4.13,1.45,3.28,-68.67,1.96,2340319692.0,1373777998.0,0.24,0.0,-21.32,-36.53
2770,300815,玉禾田,16.65,0.97,0.16,102444.0,168902795.64,2.67,16.65,16.21,16.51,16.49,0.73,2.62,10.1,1.45,6636556800.0,6499832328.0,0.0,0.24,-23.13,-25.77
2771,688631,莱斯信息,42.61,0.97,0.41,13165.0,55925081.0,1.94,42.77,41.95,42.62,42.2,0.8,0.81,-136.49,3.71,6965456700.0,6965456700.0,0.0,0.09,-27.42,-37.26
2772,002838,道恩股份,25.08,0.97,0.24,70822.0,177424777.8,4.59,25.5,24.36,25.1,24.84,1.07,1.68,25.19,3.23,11998231922.0,10549443638.0,0.08,0.08,-29.51,4.54
2773,603351,威尔药业,23.95,0.97,0.23,14133.0,33664721.0,2.7,24.14,23.5,23.75,23.72,1.3,1.04,21.55,1.85,3243767211.0,3243767211.0,0.13,0.21,-13.85,-5.78
2774,002822,ST中装,3.14,0.96,0.03,69858.0,21745919.03,2.57,3.16,3.08,3.13,3.11,0.77,0.65,-208.97,5.66,6123000000.0,3356491988.0,0.0,-0.32,2.28,-19.9
2775,601118,海南橡胶,5.25,0.96,0.05,744974.0,393369624.0,4.81,5.4,5.15,5.2,5.2,1.35,1.74,-42.37,2.35,22466995934.0,22466995934.0,-0.19,0.0,-29.34,-10.26
2776,300509,新美星,8.4,0.96,0.08,65892.0,55573220.0,2.76,8.54,8.31,8.31,8.32,0.97,2.67,24.64,3.9,2489760000.0,2075669593.0,0.0,0.24,-27.59,-33.75
2777,002150,正泰电源,21.06,0.96,0.2,57599.0,121425440.98,2.44,21.3,20.79,20.95,20.86,0.64,1.61,126.26,3.57,7599896991.0,7550104707.0,0.0,0.14,-27.7,5.3
2778,300711,广哈通信,15.78,0.96,0.15,30146.0,47469795.8,2.24,15.85,15.5,15.72,15.63,0.99,1.21,-133.34,2.99,4425242713.0,3920157451.0,0.0,0.19,-26.71,-31.45
2779,600637,东方明珠,8.38,0.96,0.08,417291.0,347942327.0,2.05,8.4,8.23,8.29,8.3,0.7,1.24,114.26,0.95,28172720466.0,28172720466.0,-0.12,0.0,-19.81,-13.79
2780,300159,新研股份,3.15,0.96,0.03,719527.0,224316713.11,2.24,3.15,3.08,3.11,3.12,1.29,3.91,50.99,3.71,10364826248.0,5803393689.0,0.0,0.0,-22.03,-0.94
2781,001368,通达创智,21.06,0.96,0.2,14108.0,29734717.07,3.36,21.5,20.8,21.0,20.86,0.91,1.31,18.45,1.7,2382310654.0,2276177415.0,-0.05,-0.19,-30.13,-13.79
2782,300804,广康生化,38.36,0.95,0.36,13345.0,50871792.5,2.37,38.48,37.58,38.01,38.0,0.6,4.85,-1233.21,2.09,2838640000.0,1054900000.0,0.18,0.42,-23.98,10.07
2783,600129,太极集团,15.97,0.95,0.15,213788.0,341693091.0,2.4,16.18,15.8,15.82,15.82,0.93,3.88,33.55,2.47,8806148414.0,8806148414.0,0.19,0.31,0.5,-11.52
2784,002596,海南瑞泽,3.2,0.95,0.03,195390.0,62183449.0,1.89,3.21,3.15,3.17,3.17,0.82,1.7,-284.64,6.91,3672257658.0,3668880858.0,0.0,0.31,-16.88,-40.63
2785,600611,大众交通,4.26,0.95,0.04,670959.0,286473861.0,4.5,4.36,4.17,4.18,4.22,1.26,4.29,-15.15,1.06,10071163401.0,6659727711.0,-0.23,0.0,-7.79,-21.69
2786,002066,瑞泰科技,20.09,0.95,0.19,19678.0,39436707.69,1.71,20.16,19.82,20.0,19.9,0.61,0.85,-369.15,7.59,4719281630.0,4640790000.0,0.0,0.35,-21.71,7.55
2787,301208,中亦科技,29.68,0.95,0.28,12955.0,38483347.2,1.6,29.98,29.51,29.6,29.4,0.95,1.96,137.88,2.3,3561601781.0,1961018741.0,0.0,0.0,-15.8,-24.96
2788,002555,三七互娱,20.18,0.95,0.19,599940.0,1202804902.62,3.0,20.35,19.75,20.29,19.99,0.89,3.78,12.78,3.39,44642956403.0,32032901573.0,0.1,0.1,-5.61,-12.22
2789,300541,先进数通,10.75,0.94,0.1,116154.0,124747360.74,2.07,10.8,10.58,10.63,10.65,0.92,2.99,-110.39,2.69,4622978289.0,4171194650.0,0.19,0.09,-16.41,-28.29
2790,603959,ST百利,4.28,0.94,0.04,51799.0,22017506.0,3.3,4.3,4.16,4.3,4.24,0.86,1.06,-10.99,5367.27,2098479686.0,2098479686.0,0.0,0.0,-15.75,-25.44
2791,301023,奕帆传动,29.12,0.94,0.27,15340.0,44292547.12,3.33,29.29,28.33,28.8,28.85,1.05,2.96,51.76,3.34,2717497037.0,1507388559.0,0.14,0.07,-21.19,-18.93
2792,300479,神思电子,13.93,0.94,0.13,51146.0,71085699.77,2.75,14.04,13.66,13.9,13.8,1.07,2.6,-19.77,5.2,2744779249.0,2743212124.0,0.14,0.22,-20.63,-27.14
2793,002045,国光电器,8.6,0.94,0.08,218806.0,187096759.29,2.46,8.62,8.41,8.55,8.52,0.68,3.9,-46.98,1.14,4837354935.0,4830833985.0,0.0,0.12,-25.73,-39.27
2794,603908,牧高笛,18.35,0.94,0.17,12069.0,22126994.0,2.2,18.5,18.1,18.3,18.18,0.98,1.3,20.87,3.52,1708880230.0,1708880230.0,-0.27,-0.11,-24.73,-21.41
2795,002151,北斗星通,29.45,0.93,0.27,124751.0,366257355.71,1.61,29.57,29.1,29.48,29.18,0.88,2.82,294.88,3.31,15988726388.0,13040905048.0,0.03,0.14,-33.6,-35.17
2796,600629,华建集团,14.15,0.93,0.13,208822.0,294833979.0,2.07,14.28,13.99,14.15,14.02,0.53,1.82,990.64,3.1,16269739024.0,16269739024.0,0.0,0.07,-18.96,-21.65
2797,301088,戎美股份,12.0,0.93,0.11,18615.0,22387055.07,2.61,12.2,11.89,11.9,11.89,1.1,0.99,49.9,1.14,2734800000.0,2256000000.0,-0.08,-0.08,-20.11,-27.8
2798,300651,金陵体育,17.44,0.93,0.16,65666.0,114322103.8,2.6,17.63,17.18,17.18,17.28,0.77,6.35,1123.76,2.28,2462696959.0,1802899502.0,-0.06,0.06,-46.75,-13.58
2799,001221,悍高集团,40.25,0.93,0.37,25587.0,102515887.14,3.26,40.7,39.4,40.09,39.88,0.76,3.33,31.32,5.6,16100402500.0,3093999549.0,0.07,0.12,-36.47,-30.29
2800,600481,双良节能,4.33,0.93,0.04,539691.0,231982037.0,2.56,4.35,4.24,4.24,4.29,1.11,2.61,-5.66,2.06,8937991581.0,8937991581.0,0.23,0.0,-32.97,-33.79
2801,002458,益生股份,8.81,0.92,0.08,304165.0,266226134.53,2.41,8.86,8.65,8.75,8.73,0.68,3.15,20.5,2.72,12608810674.0,8513856925.0,0.0,0.0,-0.79,35.96
2802,002309,中利集团,3.3,0.92,0.03,2314692.0,764682960.55,5.81,3.43,3.24,3.33,3.27,0.82,9.62,158.9,5.29,9925295771.0,7940236616.0,0.3,0.3,-27.63,-2.65
2803,300082,奥克股份,7.72,0.92,0.07,59561.0,45948373.7,2.09,7.76,7.6,7.72,7.65,0.65,0.88,635.27,1.91,5250358104.0,5236641694.0,0.13,0.13,-37.34,-22.02
2804,000600,建投能源,8.76,0.92,0.08,264732.0,232448237.04,2.19,8.89,8.7,8.72,8.68,0.85,2.43,6.59,1.31,15796333134.0,9548845674.0,-0.11,0.0,-10.15,6.7
2805,603815,交建股份,5.51,0.92,0.05,80809.0,44515666.0,1.83,5.55,5.45,5.46,5.46,0.64,1.31,14.87,2.17,3410272535.0,3410272535.0,-0.18,-0.18,-24.52,-25.94
2806,600906,财达证券,6.56,0.92,0.06,276591.0,180905138.0,1.85,6.6,6.48,6.48,6.5,0.57,1.3,21.0,1.74,21287200000.0,13934981272.0,0.0,0.0,1.86,-0.46
2807,300296,利亚德,5.48,0.92,0.05,466160.0,255153082.16,1.47,5.51,5.43,5.45,5.43,0.94,2.01,218.39,1.9,14861635177.0,12692992345.0,0.0,0.0,-18.33,-11.9
2808,688816,易思维,50.49,0.92,0.46,3483.0,17512027.0,1.52,50.57,49.81,50.45,50.03,0.7,1.81,-41.83,2.81,5049000000.0,973661379.0,0.12,0.28,-28.43,-9.37
2809,300962,中金辐照,13.1,0.92,0.12,40863.0,53429549.0,2.23,13.24,12.95,12.98,12.98,1.9,1.55,36.59,3.36,3458424851.0,3458424851.0,0.54,0.77,-14.82,-18.84
2810,688339,亿华通-U,17.51,0.92,0.16,25742.0,44914227.0,2.71,17.67,17.2,17.39,17.35,0.99,1.31,-20.63,2.19,4211716738.0,3428232454.0,0.0,0.06,-33.12,-35.05
2811,001230,劲旅环境,18.57,0.92,0.17,49210.0,91068087.21,2.72,18.7,18.2,18.51,18.4,0.78,4.47,20.59,1.77,3487009215.0,2042305907.0,0.0,0.27,-7.66,21.45
2812,002492,恒基达鑫,5.47,0.92,0.05,63253.0,34613370.08,1.85,5.52,5.42,5.49,5.42,0.87,1.59,28.22,1.36,2215350000.0,2176155946.0,-0.18,0.18,-31.88,-37.41
2813,000909,*ST数源,4.4,0.92,0.04,34864.0,15202029.0,3.44,4.42,4.27,4.4,4.36,0.42,0.8,-71.09,3.14,1925942678.0,1925926508.0,0.0,0.23,-4.35,-21.01
2814,301501,恒鑫生活,28.56,0.92,0.26,10881.0,30851491.0,1.94,28.58,28.03,28.4,28.3,1.0,2.5,32.7,2.04,4224024000.0,1242360000.0,0.35,0.28,-14.9,-34.06
2815,600992,贵绳股份,9.85,0.92,0.09,89562.0,87567985.0,1.84,9.86,9.68,9.74,9.76,0.79,3.65,-11.05,1.69,2414136500.0,2414136500.0,-0.1,0.51,-21.14,-27.41
2816,920080,奥美森,21.16,0.91,0.19,2345.0,4955361.96,2.72,21.32,20.75,20.95,20.97,0.99,1.02,19.84,3.24,1756280000.0,486165833.0,-0.19,-0.56,-16.43,-21.86
2817,000519,中兵红箭,14.46,0.91,0.13,411082.0,592747410.79,2.02,14.55,14.26,14.34,14.33,0.83,2.95,92.15,1.94,20136402880.0,20136402880.0,0.0,0.07,-20.51,-20.51
2818,300310,宜通世纪,4.45,0.91,0.04,263864.0,117253182.11,2.27,4.49,4.39,4.44,4.41,0.96,3.82,-194.15,2.08,3923380463.0,3076608266.0,-0.22,-0.22,-24.96,-24.7
2819,002212,天融信,6.66,0.91,0.06,849069.0,562012116.34,2.12,6.68,6.54,6.63,6.6,0.8,7.28,-19.49,0.82,7855162834.0,7771180594.0,0.15,0.15,-13.17,-26.57
2820,603686,福龙马,13.37,0.91,0.12,166757.0,221924226.0,1.96,13.41,13.15,13.29,13.25,1.32,4.01,21.27,1.61,5554304501.0,5554304501.0,0.0,0.07,-31.44,-54.8
2821,600536,中国软件,33.13,0.91,0.3,199049.0,659506343.0,2.28,33.45,32.7,32.9,32.83,0.82,2.36,-104.92,8.8,30936349528.0,27950319801.0,0.0,0.06,-21.64,-28.44
2822,002952,亚世光电,18.95,0.91,0.17,33243.0,63012863.75,1.76,19.12,18.79,18.9,18.78,1.09,2.53,87.18,3.57,3114243000.0,2494673356.0,0.11,0.0,-34.79,-3.27
2823,600550,保变电气,12.25,0.91,0.11,650117.0,791190214.0,3.21,12.36,11.97,12.1,12.14,1.01,3.53,94.68,25.28,22558723880.0,22558723880.0,0.08,0.33,-21.92,16.11
2824,920471,美邦科技,11.06,0.91,0.1,9584.0,10594722.56,2.37,11.15,10.89,10.96,10.96,0.74,1.81,41.83,1.83,920192000.0,586518513.0,-0.45,-0.36,-23.3,-12.15
2825,002264,新 华 都,6.63,0.91,0.06,195023.0,128809673.0,1.98,6.65,6.52,6.57,6.57,0.93,3.0,14.25,2.37,4772348919.0,4315519191.0,0.15,0.15,-22.73,-24.05
2826,002190,成飞集成,23.32,0.91,0.21,47130.0,109457142.01,2.08,23.43,22.95,23.2,23.11,0.78,1.31,-101.8,1.92,8365568279.0,8365568279.0,0.09,0.13,-22.73,-37.11
2827,300970,华绿生物,16.78,0.9,0.15,46965.0,78208218.54,1.56,16.78,16.52,16.6,16.63,1.01,3.83,6.06,1.58,2662782123.0,2055224686.0,0.24,0.3,-38.69,8.47
2828,603176,汇通集团,4.49,0.9,0.04,32609.0,14607958.0,2.47,4.54,4.43,4.47,4.45,0.86,0.71,-8.79,2.01,2133816501.0,2073556211.0,0.22,0.0,-21.91,-14.48
2829,300741,华宝股份,13.44,0.9,0.12,24496.0,32696886.16,2.1,13.5,13.22,13.33,13.32,0.67,0.4,46.38,1.22,8277427200.0,8277382176.0,0.15,0.15,-19.71,-27.35
2830,002715,登云股份,13.38,0.9,0.12,25656.0,34350615.0,2.79,13.6,13.23,13.36,13.26,0.87,1.86,69.74,3.97,1846440000.0,1846440000.0,0.07,0.22,-24.49,-22.93
2831,002678,珠江钢琴,4.49,0.9,0.04,76216.0,34149498.64,2.47,4.53,4.42,4.44,4.45,0.98,0.56,-33.55,2.0,6098858250.0,6095509272.0,0.0,0.22,-28.39,-15.76
2832,002247,聚力文化,2.24,0.9,0.02,241124.0,53759767.0,2.7,2.26,2.2,2.23,2.22,1.03,3.75,555.6,2.83,1905948910.0,1441531105.0,0.45,0.0,-23.81,-20.28
2833,300022,吉峰科技,7.85,0.9,0.07,81793.0,64270439.0,2.96,7.97,7.74,7.9,7.78,1.41,1.65,229.71,7.59,3879786983.0,3879672373.0,0.13,0.13,-12.78,0.38
2834,603999,读者传媒,5.64,0.89,0.05,75400.0,42417313.0,3.22,5.73,5.55,5.61,5.59,1.2,1.31,85.38,1.58,3248640000.0,3248640000.0,0.0,0.0,-16.57,-19.31
2835,002256,兆新股份,3.41,0.89,0.03,579134.0,197200379.0,2.37,3.44,3.36,3.4,3.38,1.02,2.88,162.25,5.76,6958569186.0,6868923018.0,0.29,0.0,-38.22,-2.29
2836,300758,七彩化学,10.25,0.89,0.09,48758.0,49757299.2,1.97,10.3,10.1,10.18,10.16,0.7,1.36,64.68,2.33,4090935228.0,3687354434.0,0.0,0.1,-27.97,-18.78
2837,300224,正海磁材,11.31,0.89,0.1,105429.0,118982033.59,1.52,11.36,11.19,11.21,11.21,0.89,1.14,55.93,2.1,10526221716.0,10487464936.0,0.18,0.18,-18.4,-25.88
2838,920810,春光智能,9.1,0.89,0.08,41269.0,36946706.39,8.31,9.47,8.72,9.01,9.02,1.39,6.61,-143.73,3.82,872690000.0,567908660.0,0.78,0.89,-20.59,-30.75
2839,688480,赛恩斯,75.15,0.89,0.66,8992.0,67963786.0,5.03,76.8,73.05,74.4,74.49,0.66,0.94,55.74,6.14,7163762352.0,7163762352.0,-0.01,0.03,-33.25,47.15
2840,300549,优德精密,13.66,0.89,0.12,18660.0,25383250.82,2.51,13.75,13.41,13.67,13.54,1.08,1.85,661.26,3.34,1821424400.0,1380399689.0,0.0,0.15,-26.44,-27.38
2841,300844,山水比德,22.84,0.88,0.2,11780.0,26849492.29,3.14,23.23,22.52,23.07,22.64,0.8,1.31,-13.59,2.78,2128936499.0,2052194099.0,0.13,0.18,-35.75,-35.64
2842,301636,泽润新能,39.99,0.88,0.35,14384.0,57053985.32,3.13,40.3,39.06,39.63,39.64,1.16,3.81,2313.94,2.44,2587117979.0,1509879356.0,0.28,0.1,-39.67,-18.22
2843,920392,佳合科技,13.76,0.88,0.12,2800.0,3815692.61,1.91,13.77,13.51,13.64,13.64,0.52,0.78,95.33,3.09,1055046624.0,495909024.0,0.95,0.95,-30.47,-60.67
2844,300500,启迪设计,9.14,0.88,0.08,32349.0,29498698.0,1.77,9.2,9.04,9.06,9.06,0.93,1.93,17.6,1.6,1590130303.0,1531845309.0,0.33,0.22,-25.87,-34.01
2845,000727,冠捷科技,2.3,0.88,0.02,634024.0,145621518.0,1.75,2.32,2.28,2.29,2.28,0.88,1.4,-9.21,5.78,10418004054.0,10418004054.0,0.44,0.44,-19.3,-9.45
2846,002988,豪美新材,20.75,0.88,0.18,26589.0,54998351.77,2.38,20.88,20.39,20.57,20.57,0.82,1.06,32.58,1.93,5183443292.0,5183443292.0,-0.14,-0.05,-38.74,-43.61
2847,920111,聚星科技,26.27,0.88,0.23,18110.0,47531976.77,3.26,26.77,25.92,26.28,26.04,0.95,2.41,11.12,4.04,4075908715.0,1977819044.0,0.0,0.19,-25.79,13.09
2848,920656,海昇药业,13.81,0.88,0.12,4072.0,5629242.29,2.19,13.99,13.69,13.69,13.69,1.39,1.26,17.18,2.02,1381000000.0,447116441.0,0.15,-0.07,-14.01,-19.05
2849,000878,云南铜业,16.1,0.88,0.14,315093.0,505313324.28,2.19,16.16,15.81,15.97,15.96,0.97,1.57,14.45,2.18,39045463044.0,32258295041.0,0.0,0.12,-20.02,-20.61
2850,600577,精达股份,8.16,0.87,0.07,840229.0,680843575.0,3.58,8.22,7.93,8.12,8.09,1.06,3.76,33.32,2.86,18211604998.0,18211604998.0,-0.12,0.12,-40.52,-34.03
2851,600063,皖维高新,5.83,0.87,0.05,386998.0,225235313.0,1.56,5.86,5.77,5.81,5.78,0.69,1.87,22.15,1.43,12062890598.0,12062890598.0,-0.17,0.0,-13.5,-0.68
2852,002178,延华智能,4.64,0.87,0.04,119376.0,55200339.0,2.39,4.67,4.56,4.62,4.6,1.04,1.68,-144.97,7.65,3304389925.0,3302673853.0,0.0,0.22,-20.82,-27.39
2853,002759,ST天际,15.07,0.87,0.13,312849.0,468838426.79,3.48,15.2,14.68,14.96,14.94,0.63,6.25,9.58,2.17,7555835857.0,7549192821.0,0.07,0.2,-60.54,-67.54
2854,300961,深水海纳,10.48,0.87,0.09,43728.0,45958625.68,3.27,10.67,10.33,10.49,10.39,0.77,2.88,-17.58,3.36,1857894400.0,1592194289.0,-0.1,0.1,-26.76,-26.76
2855,603810,丰山集团,11.54,0.87,0.1,27639.0,32018615.0,2.62,11.75,11.45,11.55,11.44,1.22,1.67,35.59,1.25,1908048746.0,1908048746.0,0.0,0.0,-25.84,-27.19
2856,688778,厦钨新能,46.58,0.87,0.4,57213.0,266540161.0,1.99,46.93,46.01,46.2,46.18,0.84,1.13,23.93,2.47,23508510646.0,23508510646.0,0.0,0.06,-41.71,-39.56
2857,920946,森萱医药,9.27,0.87,0.08,20654.0,19174194.31,1.96,9.38,9.2,9.24,9.19,1.14,0.48,21.03,3.18,3957533012.0,3956316324.0,-0.11,-0.22,-12.55,-10.78
2858,002084,海鸥住工,3.52,0.86,0.03,162922.0,57593180.02,2.58,3.57,3.48,3.5,3.49,1.0,2.53,-25.26,1.76,2274117261.0,2268785277.0,-0.28,-0.28,-8.09,-9.28
2859,603017,中衡设计,9.35,0.86,0.08,42108.0,39382999.0,1.19,9.4,9.29,9.29,9.27,0.85,1.52,30.81,1.78,2582379240.0,2582379240.0,0.0,0.0,-41.38,-14.46
2860,920694,中裕科技,14.0,0.86,0.12,5768.0,8044831.13,2.16,14.13,13.83,13.93,13.88,0.65,0.92,13.75,2.09,1841132748.0,874534962.0,0.0,0.79,-22.57,-27.27
2861,300381,溢多利,5.89,0.86,0.05,82507.0,48959719.82,3.08,6.02,5.84,5.84,5.84,1.19,1.72,42.89,1.11,2828224041.0,2818089195.0,-0.17,0.0,-18.19,-8.96
2862,300701,森霸传感,9.37,0.86,0.08,49268.0,45866922.64,3.44,9.48,9.16,9.25,9.29,1.03,1.95,80.84,2.78,2619789474.0,2362680488.0,0.11,-0.11,-22.24,-26.97
2863,600537,*ST亿晶,2.34,0.86,0.02,124250.0,28788789.0,2.16,2.34,2.29,2.32,2.32,0.75,1.05,-10.57,-19.06,2769893142.0,2769893142.0,0.43,0.43,-29.09,-43.75
2864,301584,建发致新,22.17,0.86,0.19,32497.0,71999246.91,2.55,22.47,21.91,21.98,21.98,0.93,6.05,35.82,4.48,9339966245.0,1190845698.0,0.05,0.09,-17.74,-23.6
2865,603206,嘉环科技,14.13,0.86,0.12,62303.0,87145502.0,4.28,14.3,13.7,13.93,14.01,1.6,2.04,68.92,1.89,4312475830.0,4312475830.0,0.0,0.28,-19.26,-17.99
2866,605228,神通科技,10.53,0.86,0.09,55787.0,58722211.0,2.87,10.64,10.34,10.57,10.44,0.86,1.17,27.26,2.21,5044452509.0,5024234909.0,-0.09,0.0,-29.28,-28.95
2867,002017,东信和平,14.02,0.86,0.12,143500.0,202029331.78,2.23,14.25,13.94,13.96,13.9,0.95,2.47,41.17,4.56,8137655364.0,8132804066.0,0.0,0.14,-29.62,-36.73
2868,600792,云煤能源,3.55,0.85,0.03,141651.0,50237300.0,4.55,3.65,3.49,3.58,3.52,0.88,1.28,-10.12,1.61,3940228780.0,3940228780.0,0.0,0.28,-15.88,-8.51
2869,600759,ST洲际,2.37,0.85,0.02,1129413.0,266491793.0,1.7,2.38,2.34,2.36,2.35,0.75,2.73,22.18,1.08,9833151994.0,9820535299.0,0.0,0.42,-37.8,-24.04
2870,605388,均瑶健康,5.96,0.85,0.05,450762.0,270255985.0,4.06,6.14,5.9,5.9,5.91,1.64,7.51,103.26,2.33,3578884640.0,3578884640.0,0.0,0.0,-16.99,-19.89
2871,603162,海通发展,10.73,0.85,0.09,302131.0,324977559.0,3.67,10.99,10.6,10.64,10.64,0.75,7.16,14.09,3.03,14751549170.0,4530736480.0,0.0,0.19,-12.76,32.96
2872,301397,溯联股份,24.8,0.85,0.21,30026.0,74813668.82,2.56,25.23,24.6,24.61,24.59,0.74,3.25,59.4,2.58,5013751322.0,2292979877.0,0.0,0.08,-20.39,-6.17
2873,688075,安旭生物,28.32,0.85,0.24,10243.0,28878875.0,1.25,28.37,28.02,28.13,28.08,1.56,0.81,-86.85,0.71,3598985038.0,3598985038.0,0.0,0.18,-24.58,-25.22
2874,002057,中钢天源,8.27,0.85,0.07,240361.0,197871712.78,1.46,8.29,8.17,8.21,8.2,1.01,3.19,19.42,1.88,6234618249.0,6229906027.0,0.0,0.24,-15.78,-18.36
2875,002810,山东赫达,20.16,0.85,0.17,54067.0,109184977.86,2.15,20.39,19.96,20.39,19.99,0.85,1.67,17.07,3.25,7014367846.0,6510899123.0,0.0,0.25,-26.8,37.8
2876,688219,会通股份,10.73,0.85,0.09,33584.0,36068346.0,1.32,10.79,10.65,10.75,10.64,0.73,0.61,26.76,1.99,5897208000.0,5897208000.0,0.19,0.19,-7.74,-12.55
2877,600571,信雅达,10.68,0.85,0.09,95894.0,102944006.0,2.46,10.85,10.59,10.59,10.59,0.84,2.09,-15.29,4.38,4980279540.0,4888788188.0,-0.09,-0.09,-19.03,-32.58
2878,920871,派特尔,10.7,0.85,0.09,4761.0,5072974.73,3.2,10.87,10.53,10.61,10.61,1.13,1.01,52.75,3.61,907972479.0,503050752.0,0.47,0.56,-17.94,-28.67
2879,300403,汉宇集团,9.56,0.84,0.08,107276.0,102123490.04,3.06,9.63,9.34,9.44,9.48,0.95,2.51,43.32,2.63,5764680000.0,4082682988.0,0.0,0.1,-18.43,-33.29
2880,688114,华大智造,50.19,0.84,0.42,37927.0,191069486.0,1.89,50.93,49.99,50.2,49.77,0.91,0.91,-49.69,2.95,20904945819.0,20860852349.0,0.14,0.24,-6.59,-17.4
2881,300200,高盟新材,8.45,0.84,0.07,83994.0,70688126.78,1.31,8.46,8.35,8.39,8.38,0.96,1.98,36.95,2.29,3641723591.0,3582134309.0,0.12,0.36,-16.83,-26.97
2882,600202,哈空调,4.83,0.84,0.04,88320.0,42781225.0,2.71,4.9,4.77,4.8,4.79,1.16,2.3,-15.16,2.28,1851535446.0,1851535446.0,0.0,0.21,-24.88,-17.72
2883,603350,安乃达,27.68,0.84,0.23,6371.0,17547186.0,1.75,27.7,27.22,27.43,27.45,0.91,1.44,29.75,2.42,3224553920.0,1221366160.0,0.0,0.07,-22.38,-26.75
2884,301551,无线传媒,21.66,0.84,0.18,58670.0,126875304.17,2.33,21.84,21.34,21.58,21.48,0.84,3.8,31.27,3.81,8664216600.0,3347633575.0,0.0,0.09,-22.2,-29.97
2885,600135,乐凯胶片,7.29,0.83,0.06,50985.0,37201525.0,1.8,7.34,7.21,7.23,7.23,0.76,0.92,-42.51,1.71,4033608752.0,4033608752.0,-0.14,0.0,-40.1,-29.36
2886,300546,雄帝科技,15.83,0.83,0.13,33777.0,53517719.0,2.61,16.13,15.72,15.8,15.7,0.42,2.5,-33.84,2.65,2970494609.0,2135957493.0,0.19,0.19,-30.6,-39.46
2887,920504,博迅生物,16.95,0.83,0.14,3063.0,5182610.46,2.2,17.05,16.68,16.96,16.81,1.0,1.79,122.77,3.69,734496045.0,289707790.0,-0.06,0.12,-22.67,-29.46
2888,002451,摩恩电气,7.3,0.83,0.06,146962.0,107177835.75,1.66,7.36,7.24,7.27,7.24,0.71,3.35,135.1,4.19,3216891000.0,3205787700.0,0.27,0.41,-27.65,-27.87
2889,301656,联合动力,17.05,0.83,0.14,49093.0,83304558.84,1.66,17.08,16.8,16.9,16.91,1.03,2.41,211.2,4.3,41001685016.0,3471874740.0,0.06,0.18,-15.68,-35.42
2890,603633,徕木股份,6.06,0.83,0.05,80616.0,48579350.0,2.66,6.1,5.94,6.01,6.01,0.91,1.89,-18.05,1.49,2586473557.0,2586473557.0,-0.16,-0.33,-27.16,-40.18
2891,002122,ST汇洲,2.43,0.83,0.02,105247.0,25469740.0,1.66,2.44,2.4,2.42,2.41,0.86,0.53,89.13,2.23,4863646397.0,4830159510.0,0.41,0.0,-17.06,-19.0
2892,603293,埃泰克,36.59,0.83,0.3,15849.0,57817617.0,1.35,36.69,36.2,36.3,36.29,0.91,4.52,28.23,2.25,6552927176.0,1284181337.0,0.08,0.14,-32.76,9.26
2893,002755,奥赛康,13.44,0.83,0.11,78195.0,105624671.4,2.03,13.65,13.38,13.42,13.33,0.84,0.84,36.92,3.91,12474475117.0,12474342061.0,-0.07,0.07,-23.24,-17.09
2894,300941,创识科技,14.61,0.83,0.12,34453.0,50337051.5,1.52,14.72,14.5,14.55,14.49,0.77,2.78,3289.37,2.34,2991397500.0,1808406252.0,0.21,0.21,-20.21,-37.94
2895,000821,ST京机,7.29,0.83,0.06,63919.0,46464877.76,2.21,7.35,7.19,7.29,7.23,1.03,1.06,47.69,1.09,4540757132.0,4407904070.0,0.0,0.14,-30.44,-45.76
2896,002153,石基信息,8.55,0.83,0.07,381021.0,325319487.16,2.59,8.65,8.43,8.48,8.48,0.8,2.38,246.74,3.5,23334607341.0,13677980524.0,0.0,0.12,-18.18,-20.98
2897,600973,宝胜股份,6.18,0.82,0.05,234588.0,144836229.0,1.63,6.21,6.11,6.15,6.13,1.22,1.71,42.67,2.5,8475043413.0,8475043413.0,0.0,0.0,-17.93,-15.34
2898,300890,翔丰华,25.81,0.82,0.21,40921.0,105801090.63,2.15,26.17,25.62,25.65,25.6,0.88,3.74,32.92,1.44,3086359387.0,2820996840.0,0.04,0.08,-37.52,-13.1
2899,603728,鸣志电器,51.82,0.82,0.42,71990.0,369277948.0,3.93,52.08,50.06,51.0,51.4,1.03,1.72,392.75,7.33,21706491150.0,21706491150.0,0.0,0.14,-18.89,-28.36
2900,002268,电科网安,14.82,0.82,0.12,117464.0,174034442.88,1.97,14.98,14.69,14.81,14.7,0.88,1.39,-20.11,2.29,12532326750.0,12526671438.0,0.0,0.07,-9.3,-27.78
2901,002024,ST易购,1.23,0.82,0.01,216162.0,26358224.0,1.64,1.23,1.21,1.23,1.22,0.77,0.23,98.56,0.92,11395664170.0,11381547397.0,0.82,0.82,-6.11,-27.65
2902,601016,节能风电,3.67,0.82,0.03,1235920.0,451880406.0,2.2,3.71,3.63,3.67,3.64,0.89,2.05,29.44,1.35,24018268296.0,22160403025.0,0.0,0.55,-28.32,24.41
2903,920339,恒太照明,12.32,0.82,0.1,13627.0,16711521.2,5.65,12.69,12.0,12.22,12.22,0.98,0.9,-325.69,4.69,2712910816.0,1862502303.0,0.65,-0.08,46.49,25.71
2904,301507,民生健康,12.26,0.82,0.1,30799.0,37850810.47,1.81,12.38,12.16,12.16,12.16,1.11,2.8,17.41,2.75,4371356086.0,1349480979.0,-0.08,-0.08,-17.5,-19.4
2905,300787,海能实业,8.6,0.82,0.07,33371.0,28702341.6,1.76,8.7,8.55,8.63,8.53,0.66,1.7,-69.58,1.82,2695523972.0,1690180936.0,0.0,0.35,-21.6,-25.54
2906,000045,深纺织Ａ,9.85,0.82,0.08,64981.0,63550850.0,1.54,9.85,9.7,9.8,9.77,0.55,1.42,56.16,1.68,4989240213.0,4501665213.0,0.2,0.51,-19.39,-19.06
2907,003023,彩虹集团,20.86,0.82,0.17,29299.0,61400794.6,3.0,21.21,20.59,20.75,20.69,0.82,2.79,28.78,1.42,2197425776.0,2192809750.0,-0.05,0.05,-36.86,-6.5
2908,920304,迪尔化工,8.58,0.82,0.07,8239.0,7035009.65,1.65,8.6,8.46,8.6,8.51,0.72,0.6,40.01,2.82,1454636040.0,1170775595.0,-0.12,0.12,-25.07,-36.44
2909,688369,致远互联,21.24,0.81,0.17,98878.0,208798081.0,7.4,22.22,20.66,21.49,21.07,1.06,8.58,-9.41,3.2,2447231828.0,2447231828.0,-0.05,0.0,-15.75,-16.48
2910,603317,天味食品,14.93,0.81,0.12,124486.0,185314000.0,2.43,15.06,14.7,14.77,14.81,0.62,1.17,15.85,3.8,15856811297.0,15856811297.0,0.07,0.07,-5.74,24.73
2911,603577,汇金通,9.95,0.81,0.08,156683.0,157423561.0,3.14,10.24,9.93,10.22,9.87,3.52,4.62,62.02,1.73,3374434045.0,3374434045.0,-0.2,-0.2,-12.18,-4.88
2912,300091,*ST金灵,2.5,0.81,0.02,32278.0,8045235.0,1.21,2.51,2.48,2.49,2.48,0.56,0.2,-2.06,5.47,7105112668.0,4088554540.0,0.0,0.0,-19.35,-11.03
2913,601162,天风证券,3.75,0.81,0.03,1166151.0,436346907.0,1.08,3.76,3.72,3.74,3.72,0.83,1.36,42246.46,1.38,37777444628.0,32242389278.0,0.27,0.27,-2.09,-9.86
2914,605507,国邦医药,16.15,0.81,0.13,46484.0,75028893.0,1.69,16.27,16.0,16.16,16.02,0.72,0.59,18.51,1.5,12634999335.0,12634999335.0,0.0,-0.12,-1.76,-6.59
2915,002211,ST宏达,3.77,0.8,0.03,103971.0,38928449.0,2.67,3.79,3.69,3.7,3.74,0.42,2.4,212.56,33.77,1630433687.0,1630433687.0,0.0,0.27,-0.53,18.18
2916,920238,长鹰硬科,77.92,0.8,0.62,53120.0,408558762.31,8.2,79.86,73.52,76.0,77.3,0.65,27.37,11.11,6.04,7420964985.0,1512188843.0,-1.12,-1.32,312.49,312.49
2917,002599,盛通股份,6.29,0.8,0.05,170370.0,107397020.1,3.53,6.42,6.2,6.21,6.24,1.45,4.12,-109.09,2.71,3400467010.0,2600104131.0,0.16,0.32,-13.95,-26.26
2918,920418,苏轴股份,18.82,0.8,0.15,15553.0,29149020.52,2.3,18.95,18.52,18.83,18.67,0.8,0.99,25.49,3.42,3058054272.0,2953207149.0,0.05,0.05,-26.66,-36.55
2919,300810,中科海讯,24.0,0.8,0.19,16599.0,39682103.34,2.65,24.15,23.52,24.01,23.81,0.78,1.46,-50.55,3.69,2833200000.0,2736107400.0,0.04,0.04,-29.06,-37.27
2920,000400,许继电气,23.83,0.8,0.19,312388.0,742044564.29,3.93,24.24,23.31,23.64,23.64,1.29,3.08,54.65,2.01,24273768194.0,24189013462.0,0.04,0.13,-11.45,-6.51
2921,603505,金石资源,16.36,0.8,0.13,106374.0,173645515.0,1.36,16.42,16.2,16.23,16.23,0.96,1.26,56.19,7.42,13769701781.0,13769701781.0,0.0,0.06,-14.26,-12.18
2922,603220,中贝通信,19.03,0.79,0.15,488526.0,899090690.0,8.9,19.18,17.5,18.81,18.88,3.17,9.11,-896351.38,2.68,10206896679.0,10206896679.0,0.05,0.69,-38.67,-10.36
2923,688298,东方生物,19.05,0.79,0.15,11836.0,22542762.0,1.59,19.21,18.91,18.91,18.9,1.06,0.59,-10.23,0.65,3840480000.0,3840480000.0,0.0,0.21,-27.76,-18.69
2924,300073,当升科技,42.08,0.79,0.33,125242.0,525614385.64,1.63,42.24,41.56,41.93,41.75,0.86,2.48,20.68,1.55,22903877549.0,21291272809.0,-0.02,0.12,-32.43,-26.84
2925,920062,科润智控,7.61,0.79,0.06,27625.0,20855723.66,1.59,7.61,7.49,7.6,7.55,1.09,2.08,59.56,1.93,1436054768.0,1011094888.0,0.13,0.13,-28.0,-20.56
2926,301136,招标股份,11.53,0.79,0.09,51435.0,59229147.0,2.01,11.61,11.38,11.58,11.44,0.84,1.87,147.21,2.19,3173111575.0,3169566100.0,-0.26,0.09,-30.37,-43.09
2927,002968,新大正,8.9,0.79,0.07,38045.0,33958351.0,2.15,9.02,8.83,8.86,8.83,0.99,1.79,14.77,1.62,2013872269.0,1895801976.0,0.0,0.34,-26.45,-26.81
2928,603309,维力医疗,11.47,0.79,0.09,76749.0,88046402.0,1.41,11.55,11.39,11.41,11.38,1.14,2.63,16.41,1.88,3347765164.0,3347765164.0,0.0,0.0,-21.33,-12.38
2929,300014,亿纬锂能,54.94,0.79,0.43,347832.0,1908976314.54,1.8,55.23,54.25,54.68,54.51,0.81,1.65,20.64,2.48,119400933609.0,116059947656.0,0.02,0.15,-21.32,-16.16
2930,600276,恒瑞医药,53.42,0.79,0.42,730069.0,3913843856.0,2.45,54.35,53.05,53.28,53.0,1.18,1.14,38.84,5.69,354559217269.0,340766301477.0,-0.07,0.07,0.19,-10.02
2931,600989,宝丰能源,23.09,0.79,0.18,430471.0,987494519.0,1.79,23.1,22.69,22.82,22.91,0.61,0.59,11.56,3.45,169327282400.0,169327282400.0,0.0,0.13,-18.53,20.2
2932,300892,品渥食品,21.73,0.79,0.17,59299.0,128881274.04,2.5,21.98,21.44,21.57,21.56,0.58,9.18,-310.04,2.12,2173000000.0,1402943125.0,0.0,-0.09,-22.53,-28.21
2933,603355,莱克电气,28.57,0.78,0.22,35608.0,99430045.0,6.95,28.82,26.85,28.35,28.35,1.22,0.62,235.95,2.9,16381948919.0,16381948919.0,0.42,0.0,-15.85,-9.96
2934,920066,科拜尔,16.74,0.78,0.13,3459.0,5770073.51,1.51,16.8,16.55,16.61,16.61,0.71,1.74,45.4,2.62,1052164677.0,332679477.0,0.36,0.24,-23.91,-31.92
2935,002152,广电运通,10.34,0.78,0.08,275214.0,283934450.24,1.56,10.39,10.23,10.3,10.26,0.84,1.11,28.37,2.1,25678179165.0,25665262592.0,0.0,0.29,-13.18,-23.07
2936,603855,华荣股份,16.85,0.78,0.13,19386.0,32476520.0,1.91,16.88,16.56,16.75,16.72,1.28,0.58,15.07,2.97,5687060350.0,5653722625.0,0.0,0.12,-5.76,-8.22
2937,000831,中国稀土,49.16,0.78,0.38,193327.0,947759099.57,1.66,49.39,48.58,48.78,48.78,0.98,1.82,94.13,10.61,52169614872.0,52169614872.0,0.02,0.1,-15.42,5.93
2938,600776,东方通信,12.88,0.78,0.1,148503.0,191327299.0,1.72,13.0,12.78,12.85,12.78,0.97,1.55,93.73,4.31,16177280824.0,12313280824.0,-0.08,0.0,-31.16,-21.7
2939,603536,惠发食品,9.01,0.78,0.07,71299.0,64478089.0,2.24,9.14,8.94,8.94,8.94,0.77,2.96,778.94,6.24,2183850828.0,2167195663.0,-0.33,-0.22,-14.27,-18.97
2940,603033,三维股份,7.71,0.78,0.06,69405.0,53619742.0,2.22,7.8,7.63,7.64,7.65,0.83,0.69,-16.98,3.15,7950271001.0,7806614149.0,0.13,0.26,-31.22,-28.68
2941,920751,惠同新材,16.71,0.78,0.13,6423.0,10646514.56,2.29,16.87,16.49,16.6,16.58,0.94,0.77,30.99,3.62,1450093800.0,1388051659.0,0.06,0.24,-35.11,-19.35
2942,002820,桂发祥,9.1,0.78,0.07,79459.0,72573440.4,3.54,9.33,9.01,9.08,9.03,0.93,3.96,62.44,2.16,1827901485.0,1827901485.0,0.22,0.0,-21.01,-23.53
2943,920068,天工股份,14.46,0.77,0.11,10053.0,14460025.63,1.81,14.56,14.3,14.49,14.35,1.0,0.58,23817.59,7.43,9479976217.0,2511449514.0,0.0,0.28,-26.97,-25.46
2944,000050,深天马Ａ,6.58,0.77,0.05,270265.0,178087061.22,1.84,6.64,6.52,6.56,6.53,0.8,1.11,-28.79,0.59,16027403441.0,16027277599.0,0.0,0.0,-15.96,-27.13
2945,920957,汉维科技,9.22,0.77,0.07,7240.0,6671406.07,1.75,9.3,9.14,9.14,9.15,0.4,1.7,55.52,2.56,989318299.0,393737647.0,0.0,-0.11,-22.65,-25.82
2946,002609,捷顺科技,7.84,0.77,0.06,60748.0,47680744.0,2.31,7.93,7.75,7.79,7.78,1.07,1.32,682.43,2.15,5044560513.0,3597461741.0,-0.13,0.0,-9.89,-14.88
2947,605090,九丰能源,32.71,0.77,0.25,103047.0,336997754.0,2.0,32.97,32.32,32.45,32.46,0.55,1.46,13.29,1.96,23090521126.0,23067205438.0,0.0,0.03,-30.92,-23.66
2948,002031,巨轮智能,5.25,0.77,0.04,1144150.0,593054296.06,4.03,5.28,5.07,5.16,5.21,1.44,5.98,-80.54,5.95,11546827268.0,10046508024.0,0.0,0.19,-27.69,-33.21
2949,603004,鼎龙科技,18.38,0.77,0.14,22547.0,41343527.0,1.81,18.5,18.17,18.48,18.24,0.53,3.83,37.68,2.13,4328857600.0,1082214400.0,0.0,0.05,-14.75,-21.01
2950,300214,日科化学,13.07,0.77,0.1,698977.0,898827119.82,8.71,13.4,12.27,12.7,12.97,1.03,15.03,731.14,2.54,6076277165.0,6076277165.0,0.15,0.23,42.07,95.66
2951,600506,统一股份,14.37,0.77,0.11,39405.0,56371850.0,1.61,14.42,14.19,14.27,14.26,0.82,1.58,14.22,7.17,3587105703.0,3587105703.0,0.0,0.14,-22.2,-28.61
2952,000792,盐湖股份,27.61,0.77,0.21,417149.0,1149047135.57,1.9,27.74,27.22,27.27,27.4,0.65,0.79,12.07,3.27,146100317857.0,146099015493.0,0.0,0.04,-26.45,-1.95
2953,920580,科创新材,10.61,0.76,0.08,15671.0,16557034.25,1.8,10.63,10.44,10.54,10.53,0.63,2.86,43.59,2.68,912460000.0,581036215.0,-0.09,0.0,-23.23,-28.17
2954,002403,爱仕达,9.31,0.76,0.07,52259.0,48866342.8,2.71,9.45,9.2,9.35,9.24,0.63,1.76,-75.63,2.29,3171345170.0,2766573137.0,0.11,0.11,-19.39,-26.46
2955,002979,雷赛智能,56.75,0.76,0.43,132411.0,746875857.38,4.67,57.29,54.66,56.32,56.32,0.96,5.94,62.17,9.88,17935162175.0,12643026504.0,-0.32,0.02,5.76,35.7
2956,601086,国芳集团,7.96,0.76,0.06,200238.0,159144390.0,2.28,8.01,7.83,7.93,7.9,0.72,3.01,31.87,3.39,5301360000.0,5301360000.0,-0.13,0.0,-11.85,-20.95
2957,002799,环球印务,6.63,0.76,0.05,53651.0,35605895.0,2.58,6.73,6.56,6.59,6.58,1.09,1.68,226.94,1.67,2121865200.0,2121828072.0,0.0,-0.15,-25.34,-22.27
2958,300847,中船汉光,14.49,0.76,0.11,50350.0,72727392.97,1.53,14.52,14.3,14.39,14.38,0.75,1.7,41.82,2.89,4289184900.0,4289184900.0,0.14,0.42,-11.97,-14.86
2959,300295,*ST三六,11.98,0.76,0.09,21052.0,24961489.0,2.69,12.06,11.74,11.87,11.89,0.44,1.26,848.7,2.1,2271572294.0,2007300945.0,0.08,0.76,-1.88,-4.39
2960,300773,拉卡拉,15.94,0.76,0.12,341981.0,544730758.69,1.58,16.05,15.8,15.91,15.82,0.75,3.32,7.29,3.8,17332054833.0,16396055036.0,-0.06,0.06,-17.92,-20.54
2961,300647,超频三,5.27,0.76,0.04,109964.0,57833345.75,1.72,5.3,5.21,5.23,5.23,0.92,2.41,69.13,5.62,2410081796.0,2406504094.0,0.0,0.19,-25.46,-23.51
2962,300490,华自科技,11.98,0.76,0.09,161678.0,193147387.88,2.94,12.1,11.75,11.89,11.89,1.01,4.11,14.38,2.15,4776074675.0,4711166292.0,0.08,0.08,-40.81,-0.08
2963,000011,深物业A,8.0,0.76,0.06,136747.0,110298995.41,2.9,8.19,7.96,7.96,7.94,0.45,2.6,-43.77,1.42,4767832736.0,4211804344.0,0.13,0.0,-0.87,-11.01
2964,688070,纵横股份,33.28,0.76,0.25,16528.0,54548310.0,4.09,33.76,32.41,33.02,33.03,1.4,1.87,-40.07,4.93,2942634240.0,2942634240.0,0.24,0.36,-29.22,-39.93
2965,603677,奇精机械,13.23,0.76,0.1,19516.0,25656075.0,1.83,13.25,13.01,13.14,13.13,1.02,1.01,54.58,2.26,2548109444.0,2548109444.0,0.3,0.46,-17.98,-26.42
2966,600088,中视传媒,11.86,0.76,0.09,59520.0,70621512.0,3.48,12.12,11.71,11.74,11.77,1.33,1.5,1742.26,3.79,4716797904.0,4716797904.0,-0.08,0.0,-29.7,-26.61
2967,301358,湖南裕能,63.28,0.76,0.48,122156.0,774132362.93,2.28,64.08,62.65,62.8,62.8,0.74,1.6,9.89,2.85,53644459318.0,48366775506.0,0.02,0.03,-35.42,-1.59
2968,603937,丽岛新材,10.67,0.76,0.08,36865.0,39242148.0,1.79,10.73,10.54,10.59,10.59,0.67,1.76,21.51,1.44,2228877544.0,2228877544.0,0.09,0.28,-40.32,-11.01
2969,300653,正海生物,14.72,0.75,0.11,11631.0,17075133.3,1.71,14.77,14.52,14.61,14.61,0.73,0.65,44.91,3.1,2649600000.0,2649600000.0,-0.07,-0.07,-19.69,-25.24
2970,000665,湖北广电,4.02,0.75,0.03,134178.0,53679416.0,2.26,4.04,3.95,4.0,3.99,0.88,1.18,-9.95,1.43,4571340970.0,4571221516.0,0.25,0.0,-18.29,-30.93
2971,000506,招金黄金,14.82,0.75,0.11,619450.0,917933006.38,3.2,15.14,14.67,14.96,14.71,0.7,6.67,18.37,15.49,13768043218.0,13763437162.0,0.0,0.2,-12.1,13.48
2972,002313,日海智能,8.1,0.75,0.06,66045.0,53368316.0,2.36,8.19,8.0,8.04,8.04,0.84,1.76,76.89,39.54,3032640000.0,3032426768.0,0.12,0.12,-20.67,-20.51
2973,688638,誉辰智能,32.09,0.75,0.24,6896.0,22246404.0,4.27,32.82,31.46,32.2,31.85,1.05,2.61,-9.82,2.35,1797040000.0,849134196.0,0.03,0.09,-28.59,-11.67
2974,600137,浪莎股份,17.66,0.74,0.13,21758.0,38310462.0,2.28,17.8,17.4,17.55,17.53,0.91,2.24,54.81,3.16,1716862604.0,1716862604.0,0.06,0.0,-23.58,-7.2
2975,603085,天成自控,9.54,0.74,0.07,60535.0,57861964.0,1.69,9.65,9.49,9.5,9.47,1.11,1.52,37.71,3.92,3788334000.0,3788334000.0,-0.1,0.0,-33.05,-19.49
2976,300147,*ST香雪,6.8,0.74,0.05,77113.0,52735048.34,2.81,6.95,6.76,6.76,6.75,0.67,1.17,-10.09,-9.54,4496697506.0,4470094628.0,-0.15,0.0,-36.09,-25.27
2977,002933,新兴装备,25.85,0.74,0.19,11432.0,29475377.8,1.71,25.95,25.51,25.66,25.66,1.16,0.98,-341.7,1.97,3033497500.0,3017824206.0,0.0,0.0,-17.96,-28.55
2978,001382,新亚电缆,17.73,0.74,0.13,50984.0,90279124.08,2.44,17.88,17.45,17.6,17.6,0.72,8.09,70.96,4.54,7304760000.0,1116990000.0,0.06,0.17,-14.64,-13.22
2979,300110,华仁药业,2.74,0.74,0.02,224383.0,61736456.88,2.21,2.78,2.72,2.74,2.72,1.03,1.9,50.74,3.79,3239263571.0,3236426643.0,0.37,0.37,-12.46,-13.02
2980,603992,松霖科技,24.4,0.74,0.18,23043.0,56037711.0,2.6,24.63,24.0,24.18,24.22,0.76,0.52,28.33,3.05,10810220408.0,10810220408.0,0.0,-0.2,-26.46,-39.99
2981,300444,双杰电气,10.91,0.74,0.08,918552.0,994775403.97,5.26,11.13,10.56,11.12,10.83,0.89,14.64,7.8,4.23,8778405182.0,6845388936.0,0.09,0.18,-31.98,14.0
2982,300276,三丰智能,6.93,0.73,0.05,309557.0,212671868.93,2.62,6.95,6.77,6.88,6.88,1.01,2.93,-197.12,5.55,9709227921.0,7325869743.0,0.0,0.29,-5.46,-28.56
2983,920300,辰光医疗,9.6,0.73,0.07,19306.0,18425240.38,2.2,9.63,9.42,9.48,9.53,1.36,2.9,-28.32,5.14,824132410.0,638703898.0,0.1,0.42,-17.81,-37.54
2984,600303,曙光股份,2.77,0.73,0.02,293822.0,81339002.0,2.18,2.8,2.74,2.75,2.75,0.72,4.34,-7.86,2.01,1893583664.0,1876708824.0,0.0,0.0,-16.82,-15.03
2985,300946,恒而达,39.75,0.73,0.29,10114.0,40051559.44,2.08,39.92,39.1,39.4,39.46,0.63,1.33,107.93,5.27,6201310050.0,3013220925.0,0.0,0.23,-25.81,-28.51
2986,301552,科力装备,23.61,0.73,0.17,17795.0,41825638.94,1.83,23.69,23.26,23.5,23.44,0.61,5.75,28.95,2.62,2921973600.0,730493400.0,0.04,0.13,-25.45,-15.89
2987,002918,蒙娜丽莎,9.6,0.73,0.07,108848.0,104151908.84,2.94,9.68,9.4,9.64,9.53,0.73,5.08,-54.14,1.23,3924671165.0,2056367654.0,0.21,0.21,-24.11,-32.16
2988,688276,百克生物,15.18,0.73,0.11,18069.0,27517631.0,1.73,15.38,15.12,15.13,15.07,1.05,0.44,-451.86,1.63,6279322338.0,6279322338.0,-0.2,0.07,-20.36,-19.51
2989,603212,赛伍技术,11.02,0.73,0.08,107151.0,117863546.0,3.2,11.22,10.87,11.0,10.94,0.9,2.45,-104.51,2.02,4821146809.0,4821146809.0,0.18,0.09,-25.08,-22.88
2990,002769,普路通,6.92,0.73,0.05,65592.0,45597112.0,1.75,7.02,6.9,6.92,6.87,1.0,1.76,173.18,2.21,2583360934.0,2581230792.0,-0.14,0.0,-30.94,-41.01
2991,002006,精工科技,13.79,0.73,0.1,60317.0,83019825.78,1.68,13.87,13.64,13.75,13.69,0.79,1.16,35.96,2.99,7167951538.0,7167951538.0,0.07,0.15,-24.11,-39.94
2992,300867,圣元环保,16.61,0.73,0.12,41971.0,70157223.65,2.06,16.84,16.5,16.5,16.49,1.17,2.19,10.04,1.13,4513618890.0,3182938123.0,-0.12,-0.12,-24.02,-12.44
2993,000759,中百集团,6.91,0.73,0.05,661025.0,456061400.66,2.77,7.0,6.81,6.85,6.86,0.63,10.08,-11.75,6.32,4577623407.0,4530928633.0,0.0,0.14,27.26,-8.84
2994,920571,国航远洋,8.34,0.72,0.06,110765.0,91723122.18,2.29,8.38,8.19,8.24,8.28,1.03,3.74,39.57,3.36,4632098158.0,2469342662.0,0.0,0.12,-28.17,-15.24
2995,300575,中旗股份,5.6,0.72,0.04,142079.0,79551897.13,1.8,5.65,5.55,5.56,5.56,0.68,4.1,995.8,1.38,2680078520.0,1939254610.0,0.18,0.36,-18.49,-3.95
2996,300882,万胜智能,15.31,0.72,0.11,33261.0,50654354.26,2.24,15.39,15.05,15.19,15.2,1.2,1.25,49.12,3.55,4381740188.0,4077466829.0,0.07,0.13,-17.64,-17.69
2997,002030,达安基因,5.57,0.72,0.04,201530.0,112249236.56,1.45,5.61,5.53,5.55,5.53,0.93,1.44,-19.91,1.11,7817194398.0,7817194398.0,0.0,0.18,-23.7,-6.54
2998,300705,九典制药,11.13,0.72,0.08,67604.0,75393439.0,2.35,11.3,11.04,11.18,11.05,1.08,1.83,24.54,2.27,5568240989.0,4117502942.0,0.0,0.09,-12.64,-23.66
2999,600839,四川长虹,7.02,0.72,0.05,796081.0,557384927.0,1.29,7.04,6.95,6.96,6.97,1.17,1.73,82.27,2.14,32406034438.0,32397009590.0,0.14,0.29,-19.86,-22.86
3000,920566,梓橦宫,9.77,0.72,0.07,17134.0,16849792.84,2.78,9.99,9.72,9.72,9.7,1.11,1.53,14.59,1.7,1411392568.0,1097625901.0,-0.41,-0.2,-11.18,-10.53
3001,688506,百利天恒,286.85,0.72,2.06,18306.0,526334399.0,4.61,295.8,282.66,291.0,284.79,0.94,0.44,-38.23,20.98,118432854406.0,118432854406.0,0.0,-0.12,4.42,-11.22
3002,600605,汇通能源,22.38,0.72,0.16,32203.0,72385627.0,2.34,22.69,22.17,22.29,22.22,0.73,1.56,132.88,3.25,4616600761.0,4616600761.0,0.0,-0.04,-33.9,-25.3
3003,600470,六国化工,5.59,0.72,0.04,138939.0,77145429.0,2.16,5.6,5.48,5.55,5.55,0.62,2.66,-8.07,1.91,2915744000.0,2915744000.0,0.0,0.36,-16.32,-6.52
3004,002218,拓日新能,4.18,0.72,0.03,721163.0,300850675.29,2.65,4.24,4.13,4.16,4.15,0.66,5.2,-36.52,1.5,5886694623.0,5800493409.0,0.24,0.24,-28.91,-3.69
3005,002550,千红制药,7.01,0.72,0.05,194433.0,136561971.99,1.72,7.09,6.97,6.97,6.96,1.24,2.07,26.37,3.37,8971398000.0,6598093662.0,0.14,0.14,-0.14,-9.08
3006,002813,路畅科技,21.03,0.72,0.15,15402.0,32130722.0,3.21,21.26,20.59,21.23,20.88,0.76,1.29,-34.15,12.22,2523600000.0,2520573257.0,0.0,0.05,-22.88,-27.56
3007,301353,普莱得,17.04,0.71,0.12,20465.0,35003727.06,2.3,17.3,16.91,16.97,16.92,1.31,5.01,36.82,1.71,2164367516.0,695689916.0,-0.35,-0.53,-27.02,-15.56
3008,300713,英可瑞,12.75,0.71,0.09,38229.0,48627070.4,3.4,12.99,12.56,12.67,12.66,1.12,4.28,-26.34,4.55,2025220328.0,1139943470.0,0.08,-0.23,-31.41,-26.3
3009,300817,双飞集团,15.57,0.71,0.11,21720.0,33765802.68,3.04,15.73,15.26,15.45,15.46,0.85,1.73,51.09,3.31,3398903597.0,1950317709.0,-0.26,0.32,-25.04,-26.14
3010,920665,科强股份,8.51,0.71,0.06,8359.0,7111091.49,1.18,8.56,8.46,8.52,8.45,0.9,1.3,29.14,1.54,1106214900.0,546181238.0,0.0,0.0,-25.68,-39.17
3011,600203,福日电子,9.97,0.71,0.07,223225.0,221252900.0,2.22,9.98,9.76,9.84,9.9,1.08,3.76,31.84,3.58,5912091178.0,5912091178.0,0.1,0.1,-24.53,-25.26
3012,000953,中哲精化,5.65,0.71,0.04,62325.0,35289522.4,1.6,5.71,5.62,5.64,5.61,1.08,1.7,542.3,13.4,2068590402.0,2068590402.0,-0.18,0.0,-19.63,-21.75
3013,300226,上海钢联,16.92,0.71,0.12,106943.0,180708734.4,2.32,17.09,16.7,16.73,16.8,1.0,2.91,30.51,2.91,6471319746.0,6221430973.0,-0.06,0.3,-21.01,-19.0
3014,002387,维信诺,7.06,0.71,0.05,140869.0,99019383.79,1.57,7.08,6.97,7.0,7.01,0.59,1.01,-3.94,3.78,9861380064.0,9848444732.0,0.0,0.43,-13.69,-18.1
3015,300971,博亚精工,18.4,0.71,0.13,21312.0,39267161.2,1.53,18.55,18.27,18.27,18.27,0.99,2.31,44.31,2.05,2163840000.0,1697451520.0,0.27,0.22,-27.56,-24.0
3016,920221,易实精密,12.97,0.7,0.09,11490.0,14811102.43,2.17,13.02,12.74,12.89,12.88,0.69,1.86,25.18,3.65,1538890500.0,801090857.0,0.0,-0.08,-16.86,-24.28
3017,300175,朗源股份,5.79,0.7,0.04,74077.0,42685130.84,3.48,5.87,5.67,5.75,5.75,0.88,1.57,-121.36,5.47,2725932000.0,2725932000.0,0.0,0.17,-11.06,2.66
3018,001366,播恩集团,11.5,0.7,0.08,25679.0,29545561.0,2.1,11.64,11.4,11.53,11.42,0.77,1.6,50.49,2.3,1847820000.0,1847820000.0,0.17,0.17,-26.14,-13.99
3019,603120,肯特催化,44.79,0.7,0.31,32965.0,148323809.0,3.91,45.8,44.06,44.55,44.48,0.89,8.7,52.28,3.4,4049016000.0,1697541000.0,0.04,-0.07,0.54,16.34
3020,600084,*ST尼雅,4.29,0.7,0.03,31873.0,13567303.0,2.35,4.32,4.22,4.26,4.26,0.7,0.28,221.64,3.79,4820788101.0,4820788101.0,0.0,0.0,-9.87,-18.29
3021,300314,戴维医疗,10.09,0.7,0.07,26788.0,26988282.4,3.19,10.26,9.94,10.03,10.02,0.91,1.86,73.49,2.38,2905920000.0,1450351210.0,0.3,0.3,-14.56,-19.28
3022,000626,远大控股,7.18,0.7,0.05,94238.0,67891268.0,2.38,7.3,7.13,7.19,7.13,0.95,1.87,15.58,1.66,3637580884.0,3616648721.0,0.0,0.0,-22.38,-9.46
3023,600718,东软集团,8.6,0.7,0.06,133033.0,114661656.0,1.87,8.72,8.56,8.56,8.54,0.98,1.11,-17.44,1.16,10289374127.0,10289374127.0,0.12,0.12,-8.12,-14.6
3024,002269,美邦服饰,1.43,0.7,0.01,337945.0,48047966.0,2.11,1.44,1.41,1.42,1.42,0.64,1.44,578.06,16.78,3592875000.0,3351532577.0,0.7,0.7,-15.38,-24.34
3025,688063,派能科技,44.82,0.7,0.31,54770.0,245804969.0,1.55,45.18,44.49,44.56,44.51,0.87,2.23,123.35,1.19,10997001540.0,10997001540.0,-0.24,-0.24,-43.32,-20.95
3026,603116,红蜻蜓,5.75,0.7,0.04,87842.0,50809104.0,5.25,6.0,5.7,5.82,5.71,1.17,1.52,89.75,1.38,3313154600.0,3313154600.0,0.0,0.35,-17.97,-2.71
3027,920200,振宏股份,30.09,0.7,0.21,35272.0,106644832.55,10.84,32.49,29.25,30.31,29.88,1.17,7.95,21.0,2.66,3055940400.0,1335063210.0,0.03,0.2,-57.18,46.21
3028,301398,星源卓镁,33.26,0.7,0.23,14290.0,47354367.4,2.79,33.5,32.58,33.16,33.03,0.97,1.31,-59.5,3.43,3725160112.0,3631391857.0,0.09,0.06,-30.37,-38.4
3029,603291,联合水务,8.59,0.7,0.06,60555.0,51911802.0,3.28,8.74,8.46,8.51,8.53,1.53,1.43,61.08,2.09,3635464988.0,3635464988.0,0.0,0.12,-29.65,-9.0
3030,603336,宏辉果蔬,10.03,0.7,0.07,275781.0,275358283.0,3.21,10.12,9.8,9.83,9.96,0.8,4.53,507.29,4.26,6105451018.0,6105451018.0,0.2,0.3,-19.44,17.31
3031,600676,久事动娱,7.26,0.69,0.05,227470.0,165694348.0,5.83,7.49,7.07,7.18,7.21,1.39,2.21,-30.25,1.57,7466858773.0,7466858773.0,0.0,0.55,-15.78,23.47
3032,603070,万控智造,11.64,0.69,0.08,29277.0,34009189.0,1.73,11.72,11.52,11.54,11.56,1.16,0.73,-61.06,2.19,4667640000.0,4667640000.0,0.0,0.09,-16.68,-9.63
3033,300118,东方日升,10.25,0.69,0.07,478364.0,486205192.63,3.05,10.29,9.98,10.22,10.18,1.19,5.16,-8.09,1.41,11685142096.0,9499900695.0,0.29,0.49,-46.59,-30.08
3034,600865,百大集团,8.75,0.69,0.06,64559.0,56537308.0,2.07,8.85,8.67,8.71,8.69,0.46,1.72,29.76,1.42,3292102765.0,3292102765.0,0.11,0.23,-25.28,-46.65
3035,301598,博科测试,48.12,0.69,0.33,5620.0,27073886.36,1.84,48.6,47.72,47.99,47.79,1.22,3.2,40.08,2.99,2834134371.0,844396431.0,0.0,0.06,-26.75,-21.73
3036,605399,晨光新材,10.22,0.69,0.07,38717.0,39503808.0,2.17,10.28,10.06,10.15,10.15,1.0,1.24,-41.11,1.55,3182214727.0,3178872787.0,-0.1,-0.1,-28.18,-24.41
3037,688085,三友医疗,13.11,0.69,0.09,44901.0,58566602.0,2.69,13.22,12.87,13.09,13.02,1.29,1.28,170.38,2.28,4808862686.0,4596570162.0,-0.08,0.0,-24.78,-19.87
3038,603367,辰欣药业,14.68,0.69,0.1,145579.0,213367249.0,1.71,14.77,14.52,14.6,14.58,1.22,3.22,12.71,1.06,6646430614.0,6646430614.0,0.0,0.07,-6.56,-14.45
3039,603477,巨星农牧,14.58,0.69,0.1,139058.0,201653740.0,2.9,14.65,14.23,14.5,14.48,0.97,2.73,-5.35,2.78,7625042918.0,7436832454.0,0.07,0.0,-23.66,-15.18
3040,002530,金财互联,7.29,0.69,0.05,145725.0,106080457.19,2.07,7.35,7.2,7.24,7.24,0.94,2.1,88.1,4.28,5680354696.0,5067449105.0,0.14,0.14,-20.5,-32.19
3041,603370,华新精科,33.34,0.69,0.23,5641.0,18669675.0,1.51,33.34,32.84,33.28,33.11,0.89,1.61,43.64,3.04,5832833000.0,1166566600.0,0.12,0.33,-23.67,-29.08
3042,603339,四方科技,13.18,0.69,0.09,84174.0,110002528.0,2.67,13.25,12.9,13.09,13.09,1.04,2.72,23.63,1.46,4078434687.0,4078434687.0,0.0,0.15,-5.18,3.94
3043,002899,英派斯,19.3,0.68,0.13,36649.0,70654754.21,2.87,19.55,19.0,19.26,19.17,0.87,2.48,47.53,1.62,2852481637.0,2852481637.0,-0.21,-0.1,-44.17,-29.28
3044,600131,国网信通,16.17,0.68,0.11,92552.0,150172510.0,2.43,16.42,16.03,16.16,16.06,1.07,0.77,41.83,2.95,19355258268.0,19337786259.0,-0.12,0.0,-10.71,0.5
3045,300685,艾德生物,17.72,0.68,0.12,60782.0,108390881.94,3.01,18.14,17.61,17.61,17.6,1.03,1.56,20.29,3.67,6912663595.0,6903208717.0,-0.06,0.11,-12.23,-11.49
3046,688211,中科微至,29.53,0.68,0.2,4278.0,12597959.0,1.47,29.65,29.22,29.45,29.33,0.78,0.33,327.61,1.11,3871172215.0,3871172215.0,0.03,0.17,-21.5,-4.12
3047,603072,天和磁材,32.61,0.68,0.22,14633.0,47699603.0,1.7,32.85,32.3,32.59,32.39,0.79,1.16,45.01,3.98,8618170800.0,4116360300.0,0.0,0.03,-16.75,-19.36
3048,688772,珠海冠宇,14.74,0.68,0.1,160845.0,236731634.0,1.71,14.85,14.6,14.65,14.64,0.68,1.41,-49.51,2.43,16778241658.0,16778241658.0,-0.14,0.07,-7.59,-30.57
3049,002237,恒邦股份,13.39,0.68,0.09,143145.0,191607496.64,1.95,13.49,13.23,13.33,13.3,0.71,1.2,26.24,1.44,19147303763.0,15965646947.0,-0.07,0.07,-20.53,0.75
3050,001280,中国铀业,64.13,0.68,0.43,92706.0,598643401.57,2.54,65.33,63.71,63.71,63.7,1.33,5.34,154.88,8.04,132632499988.0,11141130017.0,0.0,-0.14,-25.78,5.72
3051,002300,太阳电缆,7.4,0.68,0.05,621349.0,457578740.49,4.22,7.48,7.17,7.28,7.35,1.03,8.6,82.97,2.88,5345269380.0,5344983081.0,0.0,0.14,-23.16,-18.95
3052,001209,洪兴股份,16.33,0.68,0.11,15646.0,25681399.0,1.85,16.53,16.23,16.37,16.22,0.99,1.63,23.88,1.66,2147766018.0,1569225406.0,-0.18,-0.24,-26.64,-21.26
3053,603015,弘讯科技,10.37,0.68,0.07,44708.0,46295421.0,1.94,10.43,10.23,10.29,10.3,0.78,1.11,154.89,3.08,4191751030.0,4191751030.0,0.0,0.0,-17.04,-16.84
3054,920261,一诺威,13.28,0.68,0.09,5411.0,7173735.09,1.44,13.37,13.18,13.34,13.19,0.51,0.34,15.93,2.51,3866242893.0,2128069496.0,0.0,0.0,-12.63,-9.23
3055,603177,德创环保,9.05,0.67,0.06,46028.0,41791204.0,3.45,9.27,8.96,9.04,8.99,1.18,2.25,-39.93,5.72,1847937600.0,1847937600.0,-0.11,-0.22,-24.52,-18.69
3056,300206,理邦仪器,12.04,0.67,0.08,41439.0,49980075.14,1.51,12.16,11.98,12.03,11.96,0.85,1.22,16.61,3.3,6979146686.0,4074089963.0,0.0,0.08,-20.95,-3.53
3057,002915,中欣氟材,16.55,0.67,0.11,59802.0,98557491.58,1.76,16.61,16.32,16.57,16.44,1.0,2.08,-277.91,3.73,5548773612.0,4767626769.0,0.0,0.0,-22.55,-32.45
3058,300918,南山智尚,10.47,0.67,0.07,55446.0,57869491.06,2.4,10.55,10.3,10.4,10.4,0.83,1.1,43.03,1.37,5299227451.0,5299227451.0,0.19,0.1,-32.67,-43.56
3059,920892,广咨国际,10.5,0.67,0.07,3474.0,3631332.1,1.63,10.57,10.4,10.44,10.43,0.66,0.23,60.89,5.19,1788689207.0,1583951723.0,0.0,0.67,-27.79,-30.51
3060,600699,均胜电子,21.14,0.67,0.14,262637.0,552593196.0,2.76,21.3,20.72,21.01,21.0,1.05,1.88,20.38,1.9,32783289702.0,29504475702.0,0.05,0.05,-26.47,-32.2
3061,600076,康欣新材,3.0,0.67,0.02,191619.0,57327190.0,1.68,3.01,2.96,2.98,2.98,0.66,1.43,-19.43,1.13,4033630101.0,4033630101.0,-0.33,0.0,-24.24,-10.98
3062,003030,祖名股份,21.05,0.67,0.14,41435.0,86772894.88,2.97,21.39,20.77,21.05,20.91,0.91,5.12,-196.31,2.66,2626619000.0,1704185371.0,0.29,0.86,-10.81,5.04
3063,301550,斯菱智驱,70.62,0.67,0.47,58491.0,411565263.55,3.88,71.32,68.6,70.21,70.15,0.94,2.85,150.91,13.17,23682328725.0,14494692925.0,-0.16,-0.04,-45.81,-26.01
3064,600232,金鹰股份,6.01,0.67,0.04,51180.0,30813176.0,2.18,6.1,5.97,6.07,5.97,0.82,1.4,47.13,2.28,2191958449.0,2191958449.0,0.0,0.33,-33.59,-24.02
3065,000676,智度股份,7.64,0.66,0.05,1862928.0,1426535107.86,5.01,7.89,7.51,7.58,7.59,0.96,14.8,52.16,2.25,9624789603.0,9618977984.0,0.0,0.39,1.73,-11.47
3066,603638,艾迪精密,19.86,0.66,0.13,96047.0,190066118.0,2.89,20.0,19.43,19.78,19.73,0.9,1.09,28.87,3.84,17490583813.0,17490583813.0,0.05,0.15,-21.96,5.47
3067,002263,大东南,3.03,0.66,0.02,569566.0,171868355.01,1.66,3.04,2.99,3.02,3.01,1.11,3.03,329.32,2.05,5691431103.0,5691385653.0,0.0,0.66,-28.37,-9.01
3068,688027,国盾量子,406.17,0.66,2.67,20376.0,822158601.0,1.98,408.0,400.03,403.5,403.5,0.82,2.54,-549.33,12.96,41779052776.0,32645657863.0,-0.04,0.17,-34.85,-19.37
3069,002337,赛象科技,4.58,0.66,0.03,116398.0,53833760.0,3.74,4.7,4.53,4.59,4.55,1.45,1.98,90.42,2.04,2695860135.0,2693024117.0,-0.22,0.22,-26.37,-29.97
3070,300893,松原安全,16.76,0.66,0.11,23471.0,39274245.83,3.18,16.94,16.41,16.65,16.65,0.72,0.94,26.35,3.82,7927501218.0,4204729442.0,0.0,0.06,-27.98,-28.86
3071,688095,福昕软件,69.98,0.66,0.46,117164.0,817530568.0,6.5,72.65,68.13,70.0,69.52,1.75,12.82,141.87,2.46,6393339490.0,6393339490.0,0.53,0.46,-14.26,-21.34
3072,300393,中来股份,6.13,0.66,0.04,197117.0,120176800.0,2.79,6.17,6.0,6.1,6.09,0.85,2.06,-6.65,3.77,6679415705.0,5859697957.0,0.0,0.16,-50.6,-8.51
3073,002591,恒大高新,6.07,0.66,0.04,100044.0,60892166.0,2.49,6.15,6.0,6.03,6.03,0.92,4.48,73.27,2.85,1822210868.0,1356720644.0,-0.33,-0.33,-32.48,-25.25
3074,000762,西藏矿业,23.32,0.65,0.15,137748.0,321034303.83,1.86,23.5,23.07,23.15,23.17,0.81,2.64,159.93,4.13,12145504677.0,12145070412.0,0.0,0.04,-37.7,-11.23
3075,605080,浙江自然,20.23,0.65,0.13,13510.0,27268938.0,2.29,20.46,20.0,20.2,20.1,0.86,0.96,9.94,1.26,2850593521.0,2839304776.0,0.0,0.05,-26.46,-11.5
3076,920942,恒立钻具,16.95,0.65,0.11,5841.0,9859103.27,1.84,17.02,16.71,16.84,16.84,0.49,1.41,52.42,2.09,1036739970.0,701984487.0,0.41,-0.06,-33.08,-44.55
3077,301068,大地海洋,27.97,0.65,0.18,21397.0,59150994.2,4.53,28.18,26.92,28.07,27.79,1.47,2.13,72.64,4.91,3952601304.0,2805993054.0,0.04,-0.07,-21.63,6.27
3078,000756,新华制药,13.84,0.65,0.09,93555.0,129451813.64,1.75,13.98,13.74,13.8,13.75,1.12,1.88,28.73,1.83,9642098740.0,6904766464.0,0.07,0.14,-8.34,-9.31
3079,603709,中源家居,10.83,0.65,0.07,31618.0,34386112.0,2.32,11.01,10.76,10.76,10.76,0.84,1.94,216.89,3.54,1767835689.0,1761413412.0,0.0,0.0,-28.23,-13.29
3080,603161,科华控股,14.01,0.65,0.09,39631.0,55226954.0,3.45,14.17,13.69,13.87,13.92,0.73,2.08,43.38,1.82,2723651947.0,2672389988.0,-0.07,0.14,-3.98,3.32
3081,600173,卧龙新能,6.24,0.65,0.04,60760.0,37915102.0,2.9,6.35,6.17,6.32,6.2,0.67,0.87,91.65,1.22,4371158963.0,4370597363.0,0.0,0.16,-17.35,-12.48
3082,000989,九芝堂,9.24,0.65,0.06,296526.0,272941227.18,2.4,9.28,9.06,9.18,9.18,0.92,4.27,11.99,2.19,7908904191.0,6413980678.0,0.0,0.11,-1.6,9.61
3083,301320,豪江智能,12.52,0.64,0.08,17427.0,21824182.4,1.37,12.6,12.43,12.52,12.44,0.85,1.53,275.7,2.18,2278765200.0,1429898871.0,0.08,0.16,-30.41,-26.0
3084,300121,阳谷华泰,9.5,0.64,0.06,116557.0,110442665.29,1.69,9.55,9.39,9.43,9.44,1.02,2.71,17.61,1.19,4229763252.0,4079365436.0,0.0,0.0,-24.6,-24.24
3085,603789,ST星农,6.31,0.64,0.04,31838.0,20097729.0,1.91,6.37,6.25,6.3,6.27,0.63,1.22,-13.61,15.99,1673504126.0,1640600000.0,0.16,0.32,3.61,18.61
3086,920260,中寰股份,7.89,0.64,0.05,5004.0,3924864.87,1.91,7.9,7.75,7.82,7.84,0.65,0.51,64.35,1.89,817009500.0,780153803.0,-0.13,0.0,-19.08,-26.81
3087,603527,众源新材,9.43,0.64,0.06,48739.0,45907634.0,1.28,9.48,9.36,9.4,9.37,0.74,1.54,19.46,1.43,2989038416.0,2989038416.0,-0.11,0.21,-30.1,-14.19
3088,920870,恒进感应,11.06,0.64,0.07,8109.0,8908716.33,2.0,11.1,10.88,11.0,10.99,1.01,1.23,60.27,3.33,1482040000.0,729992074.0,0.55,0.36,-27.71,-36.58
3089,920720,吉冈精密,9.47,0.64,0.06,10584.0,10012706.61,2.44,9.61,9.38,9.38,9.41,0.79,1.43,61.92,4.82,2508520990.0,700942628.0,0.0,0.0,-23.94,-32.11
3090,300858,科拓生物,14.23,0.64,0.09,33468.0,47636827.5,1.77,14.34,14.09,14.14,14.14,1.02,1.71,62.7,2.05,3749535529.0,2785382363.0,0.0,-0.07,-23.16,-14.64
3091,002528,*ST英飞,4.7,0.64,0.03,61588.0,28673556.5,2.78,4.73,4.6,4.67,4.67,0.67,0.59,-72.04,-42.99,5633772885.0,4936017837.0,0.0,0.0,1.51,75.37
3092,603607,京华激光,20.42,0.64,0.13,26321.0,53777028.0,1.97,20.6,20.2,20.37,20.29,0.5,1.47,34.11,3.72,3645313056.0,3645313056.0,0.1,0.2,-11.72,-23.81
3093,301390,经纬股份,30.02,0.64,0.19,9086.0,27305392.0,1.88,30.39,29.83,30.19,29.83,0.81,1.85,-104.26,1.92,1801200000.0,1472666524.0,0.13,0.0,-22.27,-9.85
3094,688299,长阳科技,12.72,0.63,0.08,76066.0,95554343.0,2.85,12.73,12.37,12.47,12.64,1.08,2.65,82.01,1.86,3655637612.0,3655637612.0,0.16,0.63,-35.07,-24.82
3095,688562,航天软件,14.42,0.63,0.09,27245.0,39297924.0,1.61,14.53,14.3,14.48,14.33,0.82,0.68,-24.56,3.46,5768000000.0,5768000000.0,0.21,0.0,-27.79,-39.61
3096,603160,汇顶科技,52.69,0.63,0.33,46995.0,247284628.0,1.45,52.99,52.23,52.75,52.36,0.73,1.01,52.38,2.66,24552631361.0,24552631361.0,-0.02,0.02,-21.18,-32.97
3097,300385,ST雪浪,11.21,0.63,0.07,64402.0,70748763.0,4.22,11.23,10.76,11.1,11.14,1.1,2.22,-25.24,-653.98,3734565898.0,3258328116.0,0.45,0.27,-31.31,80.23
3098,002663,普邦股份,1.61,0.63,0.01,295290.0,47462463.74,3.13,1.63,1.58,1.62,1.6,0.79,1.73,-116.45,1.44,2774591732.0,2748457050.0,0.0,0.0,-33.47,-14.81
3099,688084,晶品特装,42.8,0.63,0.27,15580.0,66188377.0,2.87,43.05,41.83,42.56,42.53,0.83,2.06,-385.59,2.11,3238208025.0,3238208025.0,-0.09,0.23,-37.96,-48.31
3100,002148,北纬科技,6.39,0.63,0.04,165061.0,105615306.76,3.62,6.56,6.33,6.48,6.35,0.84,3.66,369.52,2.93,3570420999.0,2881350754.0,-0.16,0.16,-22.45,-28.2
3101,600753,ST海钦,9.64,0.63,0.06,8264.0,7946247.0,2.4,9.73,9.5,9.58,9.58,0.43,0.36,24.81,25.27,2220161167.0,2220161167.0,0.0,0.1,-28.91,13.55
3102,601388,怡球资源,3.19,0.63,0.02,336206.0,106631017.0,2.52,3.21,3.13,3.18,3.17,0.88,1.53,29.27,1.52,7021900145.0,7021900145.0,0.0,0.31,-19.04,6.69
3103,920547,无锡晶海,17.9,0.62,0.11,2868.0,5163798.31,2.47,18.25,17.81,17.99,17.79,0.58,0.76,17.58,1.95,1390615200.0,675991710.0,0.45,0.34,-21.73,-23.67
3104,300577,开润股份,17.85,0.62,0.11,56402.0,100479993.8,2.93,18.07,17.55,17.85,17.74,0.75,3.97,10.83,2.01,4281077009.0,2537641519.0,0.28,0.11,-13.6,-15.44
3105,300589,江龙船艇,12.89,0.62,0.08,136743.0,175645633.7,2.19,12.97,12.69,12.78,12.81,0.65,5.83,380.19,7.01,4868140468.0,3021784873.0,0.0,0.23,-23.5,-28.59
3106,002687,乔治白,4.9,0.62,0.03,145215.0,71143593.58,3.08,5.0,4.85,4.89,4.87,0.55,3.51,55.81,1.62,2473419506.0,2025628331.0,0.0,0.41,0.0,3.38
3107,301487,盟固利,16.16,0.62,0.1,113957.0,184336225.88,1.74,16.28,16.0,16.06,16.06,0.87,4.18,93.47,3.85,7427401638.0,4408351105.0,-0.06,0.12,-36.6,-26.28
3108,300030,阳普医疗,6.54,0.62,0.04,59070.0,38703542.59,1.69,6.61,6.5,6.55,6.5,0.8,2.17,23.32,3.15,2022085040.0,1780368177.0,-0.15,0.0,-23.6,-11.14
3109,920274,宏裕包材,14.78,0.61,0.09,7802.0,11482580.41,1.7,14.87,14.62,14.69,14.69,0.56,0.96,31.03,2.46,1202106677.0,1202106677.0,0.0,0.14,-34.75,-48.34
3110,600021,上海电力,14.91,0.61,0.09,437787.0,650662815.0,2.56,15.05,14.67,14.88,14.82,1.06,1.55,18.55,2.13,42074168253.0,42074168253.0,0.0,0.07,-15.81,-24.12
3111,920056,能之光,16.42,0.61,0.1,4528.0,7435330.85,3.06,16.7,16.2,16.38,16.32,0.91,1.47,22.63,2.49,1341377714.0,506456526.0,-0.36,-0.36,-28.14,-33.31
3112,300132,青松股份,6.64,0.61,0.04,232125.0,154994880.21,3.48,6.79,6.56,6.6,6.6,1.12,4.57,39.11,2.33,3430097083.0,3373659726.0,0.0,0.15,-23.41,-23.77
3113,603096,新经典,14.79,0.61,0.09,23030.0,34008210.0,2.52,14.98,14.61,14.78,14.7,1.43,1.49,27.63,1.27,2281130089.0,2281130089.0,0.07,0.48,-19.62,-12.07
3114,003008,开普检测,18.29,0.61,0.11,14458.0,26450467.2,1.87,18.44,18.1,18.25,18.18,1.23,1.86,68.18,1.87,1902160000.0,1421557401.0,0.27,0.16,-20.62,-13.11
3115,301006,迈拓股份,13.12,0.61,0.08,21555.0,28340537.0,2.84,13.36,12.99,13.11,13.04,1.14,2.57,136.4,1.42,1827353600.0,1099730208.0,0.0,-0.23,-27.27,-19.46
3116,300712,永福股份,21.33,0.61,0.13,11773.0,25080718.0,1.46,21.46,21.15,21.3,21.2,0.97,0.63,398.41,3.15,4000356927.0,3983155348.0,0.05,0.19,-20.71,-18.84
3117,000599,青岛双星,4.96,0.61,0.03,164122.0,80683621.96,2.84,4.97,4.83,4.93,4.93,1.17,2.01,71.64,1.1,12117841070.0,4051040876.0,0.2,0.4,-14.92,-25.08
3118,002172,澳洋健康,3.3,0.61,0.02,167694.0,55584274.0,2.74,3.36,3.27,3.29,3.28,1.09,2.19,120.65,13.95,2526916788.0,2524964409.0,0.0,0.3,-13.84,-16.88
3119,600758,辽宁能源,3.35,0.6,0.02,402353.0,134177843.0,3.0,3.39,3.29,3.33,3.33,0.89,3.05,-9.58,0.83,4428758270.0,4424490370.0,0.0,0.3,-17.08,-7.97
3120,920445,龙竹科技,6.68,0.6,0.04,56921.0,37050786.21,5.27,6.68,6.33,6.38,6.64,2.05,5.27,51.04,3.19,989675567.0,721494315.0,0.45,0.91,-31.35,-42.66
3121,002630,*ST华西,1.69,0.6,0.01,127307.0,21289911.68,2.38,1.69,1.65,1.68,1.68,0.79,1.18,-27.15,-26.21,1995552000.0,1819350597.0,0.6,0.0,-15.92,-32.4
3122,603839,安正时尚,6.73,0.6,0.04,51610.0,34613864.0,4.04,6.88,6.61,6.72,6.69,1.09,1.33,21.42,1.55,2604619026.0,2604619026.0,0.0,0.15,-16.4,-17.63
3123,688098,申联生物,8.37,0.6,0.05,24328.0,20385724.0,2.28,8.5,8.31,8.31,8.32,1.2,0.59,-496.42,2.48,3437090280.0,3437090280.0,0.12,0.24,-6.58,-5.74
3124,600613,神奇制药,5.02,0.6,0.03,74656.0,37656676.0,2.2,5.11,5.0,5.02,4.99,0.97,1.56,52.02,1.17,2681039573.0,2406186290.0,0.2,0.2,-13.3,-16.33
3125,600490,鹏欣资源,6.7,0.6,0.04,278999.0,187164908.0,1.65,6.75,6.64,6.65,6.66,0.7,1.4,33.61,2.35,14826343429.0,13350563286.0,-0.15,0.0,-26.54,-12.99
3126,300737,科顺股份,5.01,0.6,0.03,194122.0,96988229.76,1.81,5.03,4.94,4.97,4.98,0.8,2.19,21.88,1.41,5562384148.0,4444757922.0,0.4,0.2,-33.91,-7.9
3127,300409,道氏技术,18.3,0.6,0.11,177817.0,326333489.63,1.92,18.47,18.12,18.27,18.19,0.69,2.55,24.67,1.77,14315155840.0,12740574485.0,-0.05,0.11,-33.28,-17.72
3128,920082,方正阀门,8.34,0.6,0.05,14219.0,11768943.39,1.69,8.35,8.21,8.29,8.29,0.62,2.48,36.97,3.25,1697164980.0,477250812.0,0.72,0.97,-22.92,-34.59
3129,300062,中能电气,6.81,0.59,0.04,477590.0,324992090.73,2.22,6.86,6.71,6.85,6.77,0.75,10.42,382.53,2.78,4289873490.0,3121419683.0,0.15,0.29,-13.69,-18.25
3130,920806,云星宇,10.18,0.59,0.06,22302.0,22689805.52,2.27,10.3,10.07,10.2,10.12,0.72,0.74,41.87,2.0,3061499270.0,3061499270.0,-0.1,0.0,-14.67,-25.58
3131,600433,冠豪高新,3.41,0.59,0.02,276332.0,94072581.0,2.36,3.45,3.37,3.43,3.39,0.87,1.58,8.29,1.35,5968452185.0,5968452185.0,0.0,0.29,-29.98,3.96
3132,603132,金徽股份,17.11,0.59,0.1,78697.0,135131598.0,3.59,17.51,16.9,17.01,17.01,1.41,0.8,20.41,5.25,16733580000.0,16733580000.0,-0.06,-0.06,-12.88,18.49
3133,600071,凤凰光学,15.43,0.59,0.09,30635.0,47340188.0,2.09,15.65,15.33,15.42,15.34,1.22,1.09,-609.48,8.53,4344685107.0,4344685107.0,0.0,-0.13,-24.4,-28.23
3134,603916,苏博特,10.27,0.59,0.06,63028.0,64768121.0,2.06,10.41,10.2,10.22,10.21,0.72,1.5,35.75,1.03,4316766414.0,4316766414.0,-0.1,0.0,-22.43,9.96
3135,002334,英威腾,6.78,0.59,0.04,108318.0,73213773.22,1.48,6.8,6.7,6.75,6.74,0.91,1.47,-45.74,1.85,5559997308.0,4983381997.0,0.0,0.15,-25.41,-24.33
3136,002791,坚朗五金,15.41,0.59,0.09,45242.0,69554452.94,1.7,15.5,15.24,15.5,15.32,0.72,2.08,-28.29,1.02,5453368050.0,3354826992.0,0.13,0.26,-20.69,-27.35
3137,002538,ST司特,6.88,0.58,0.04,108647.0,74393317.0,1.75,6.92,6.8,6.8,6.84,1.01,1.27,21.24,1.13,5872463649.0,5868614551.0,0.15,0.15,-0.86,9.21
3138,601112,振石股份,15.5,0.58,0.09,45508.0,70473536.0,1.75,15.6,15.33,15.46,15.41,0.73,2.49,33.69,4.3,26975678689.0,2832446750.0,0.0,0.06,-26.08,40.78
3139,603776,永安行,19.16,0.58,0.11,12446.0,23672063.0,1.78,19.17,18.83,19.05,19.05,0.79,0.44,-263.46,1.57,5379372560.0,5379372560.0,0.05,0.16,-6.67,7.16
3140,603385,惠达卫浴,5.22,0.58,0.03,38400.0,20032726.0,2.12,5.28,5.17,5.21,5.19,0.83,1.01,-16.3,0.56,1987071133.0,1987071133.0,0.77,0.58,-22.32,-23.68
3141,002405,四维图新,6.91,0.58,0.04,447333.0,308333689.8,2.62,6.97,6.79,6.88,6.87,0.84,1.9,-28.34,1.86,16377638475.0,16278287352.0,0.0,-0.14,-26.49,-23.31
3142,002949,华阳国际,10.39,0.58,0.06,28327.0,29461364.98,2.32,10.5,10.26,10.37,10.33,0.92,1.86,114.02,1.43,2037353136.0,1578507358.0,-0.19,-0.1,-29.08,-32.31
3143,001282,三联锻造,15.84,0.57,0.09,21328.0,33639683.03,2.22,15.95,15.6,15.75,15.75,0.86,1.4,32.14,2.15,3519419904.0,2419198848.0,0.06,0.13,-25.49,-25.42
3144,000995,皇台酒业,10.62,0.57,0.06,122691.0,129795762.55,2.65,10.71,10.43,10.56,10.56,0.62,6.92,-97.68,11.4,1884072960.0,1884072960.0,0.0,0.09,-25.42,-15.11
3145,002052,同洲电子,8.8,0.57,0.05,77276.0,68252017.1,2.29,8.9,8.7,8.83,8.75,0.71,1.12,255.22,23.77,6621469307.0,6066606964.0,-0.11,0.0,-25.23,-30.98
3146,600881,亚泰集团,1.77,0.57,0.01,776406.0,137192186.0,2.27,1.79,1.75,1.77,1.76,0.38,2.4,-6.37,13.3,5720907249.0,5720907249.0,0.0,0.57,9.26,-4.84
3147,002397,梦洁股份,3.54,0.57,0.02,133771.0,47563036.45,2.56,3.61,3.52,3.53,3.52,0.89,2.06,41.8,2.16,2647146308.0,2293382267.0,0.28,0.0,-38.22,-12.16
3148,000968,蓝焰控股,7.04,0.57,0.04,237348.0,166695140.94,2.14,7.09,6.94,7.0,7.0,0.64,2.45,11.53,1.07,6811218726.0,6811218726.0,0.0,0.14,-16.69,7.32
3149,000788,北大医药,5.31,0.57,0.03,127244.0,67707571.24,1.52,5.37,5.29,5.32,5.28,1.07,2.14,29.31,2.13,3164693227.0,3164693227.0,0.19,0.19,-16.25,-10.61
3150,300439,美康生物,8.83,0.57,0.05,28712.0,25338926.15,1.82,8.9,8.74,8.83,8.78,0.98,0.98,25.13,1.14,3393535136.0,2581292010.0,0.0,-0.11,-16.46,-10.08
3151,301053,远信工业,38.9,0.57,0.22,19437.0,74800741.36,2.07,38.9,38.1,38.69,38.68,0.47,1.59,75.98,5.47,5130338831.0,4764198066.0,0.26,0.83,-18.17,54.73
3152,301129,瑞纳智能,21.15,0.57,0.12,16006.0,33821811.2,2.09,21.35,20.91,20.99,21.03,0.98,2.37,-33.51,1.61,2873595510.0,1427043375.0,0.0,-0.05,-23.56,-10.42
3153,603520,司太立,8.87,0.57,0.05,71195.0,63355399.0,2.38,9.03,8.82,8.89,8.82,0.85,1.62,46.4,1.58,3888695644.0,3888695644.0,0.0,0.11,-25.21,-3.06
3154,301289,国缆检测,43.76,0.57,0.25,6009.0,26250941.88,2.09,44.0,43.09,43.51,43.51,0.9,0.78,33.82,3.41,3413280000.0,3391439384.0,0.0,0.0,-23.04,-24.94
3155,000338,潍柴动力,28.64,0.56,0.16,1032673.0,2969565667.59,3.37,29.22,28.26,28.5,28.48,0.94,2.08,20.05,2.59,247455918585.0,141951082432.0,-0.24,-0.03,-14.58,66.51
3156,600456,宝钛股份,28.91,0.56,0.16,53189.0,153084753.0,1.84,29.0,28.47,28.82,28.75,0.84,1.11,58.61,1.95,13812548652.0,13812548652.0,0.07,0.1,-19.47,-26.16
3157,605196,华通线缆,32.44,0.56,0.18,176338.0,570337447.0,3.87,32.8,31.55,32.2,32.26,0.6,3.48,64.2,4.9,16575937552.0,16458451518.0,-0.06,0.0,-22.61,-6.62
3158,920188,悦龙科技,21.57,0.56,0.12,4557.0,9813333.03,0.75,21.61,21.45,21.45,21.45,0.82,2.3,13.95,2.31,1790163281.0,426953970.0,0.09,0.19,-28.93,59.31
3159,000980,众泰汽车,1.78,0.56,0.01,1407996.0,248857153.41,3.95,1.8,1.73,1.78,1.77,1.02,2.79,-27.36,274.49,8975734975.0,8975651679.0,0.0,0.56,-35.74,-49.58
3160,301069,凯盛新材,16.45,0.55,0.09,55308.0,90941420.32,1.59,16.55,16.29,16.29,16.36,0.92,1.3,45.12,3.27,7454716067.0,7020436067.0,0.06,0.12,-28.97,-40.72
3161,600501,航天晨光,14.55,0.55,0.08,56454.0,82003371.0,2.14,14.63,14.32,14.45,14.47,0.88,1.32,-25.11,4.26,6224842110.0,6224842110.0,0.0,0.0,-41.28,-51.71
3162,301578,辰奕智能,22.05,0.55,0.12,17844.0,39182384.21,2.42,22.34,21.81,21.93,21.93,1.09,5.92,-133.14,2.57,2335778726.0,664165184.0,-0.05,0.27,-19.67,-14.5
3163,300032,金龙机电,3.67,0.55,0.02,188574.0,68749071.0,2.19,3.67,3.59,3.66,3.65,0.85,2.35,-36.59,4.55,2947632461.0,2947632461.0,0.55,0.27,-30.89,-31.66
3164,920220,朗信电气,41.78,0.55,0.23,5922.0,24637043.5,2.21,42.0,41.08,41.66,41.55,0.65,2.86,42.43,2.46,2766097626.0,866343270.0,0.0,0.12,47.68,47.68
3165,001395,亚联机械,29.5,0.55,0.16,25420.0,74619089.51,3.48,29.82,28.8,29.5,29.34,0.75,4.89,10.63,2.64,3345654000.0,1534191750.0,-0.1,-0.17,-1.67,-9.56
3166,002800,天顺股份,13.14,0.54,0.07,31366.0,41332704.58,3.21,13.32,12.9,13.18,13.07,0.88,2.12,283.01,4.05,2000605300.0,1942655259.0,0.08,0.08,-29.7,-16.62
3167,603344,星德胜,22.18,0.54,0.12,15761.0,35040766.0,2.18,22.48,22.0,22.34,22.06,1.09,2.92,32.13,1.99,4314697136.0,1198407136.0,-0.05,0.0,-22.53,-40.63
3168,603088,宁波精达,9.27,0.54,0.05,43311.0,40272551.0,2.28,9.41,9.2,9.22,9.22,0.66,0.99,145.11,4.38,4657136445.0,4059071957.0,-0.11,-0.11,-24.63,-8.76
3169,003010,若羽臣,26.11,0.54,0.14,85989.0,225050155.59,3.04,26.59,25.8,26.25,25.97,0.64,3.8,28.07,11.61,8121762918.0,5904572372.0,0.04,0.0,-9.84,-24.69
3170,600640,国脉文化,11.13,0.54,0.06,52660.0,58620211.0,1.72,11.19,11.0,11.04,11.07,0.76,0.67,278.41,2.22,8809966414.0,8809966414.0,0.0,-0.09,-12.77,-11.24
3171,601101,昊华能源,11.16,0.54,0.06,281965.0,313421087.0,3.96,11.32,10.88,11.14,11.1,1.04,1.96,12.56,1.34,16070376854.0,16070376854.0,-0.09,-0.09,1.55,61.51
3172,920469,富恒新材,5.56,0.54,0.03,16645.0,9222128.67,3.07,5.63,5.46,5.6,5.53,0.71,1.61,-13.09,2.72,783659760.0,575171781.0,0.18,0.18,-16.39,-54.54
3173,300865,大宏立,22.41,0.54,0.12,12403.0,27839297.0,2.29,22.7,22.19,22.43,22.29,0.94,2.16,50.49,2.47,2144188800.0,1288176998.0,-0.04,0.04,-32.23,-17.61
3174,002225,濮耐股份,3.75,0.54,0.02,183615.0,68488468.98,2.41,3.77,3.68,3.76,3.73,0.72,1.94,57.49,1.07,4347146801.0,3557332845.0,0.54,0.0,-19.87,-33.63
3175,002051,中工国际,9.31,0.54,0.05,302249.0,278606888.3,2.59,9.34,9.1,9.28,9.26,0.77,2.46,43.56,0.99,11418558080.0,11417895022.0,0.0,0.11,-19.88,3.91
3176,300597,吉大通信,7.52,0.53,0.04,42823.0,32171106.0,2.41,7.59,7.41,7.5,7.48,0.86,1.58,-97.48,2.19,2049726626.0,2040719230.0,0.0,0.27,-25.17,-18.61
3177,301565,中仑新材,20.79,0.53,0.11,84214.0,173969256.89,3.58,20.93,20.19,20.5,20.68,1.74,6.58,65.4,3.41,8316207900.0,2661327900.0,0.1,0.19,-8.62,-13.88
3178,688566,吉贝尔,24.53,0.53,0.13,11748.0,28866236.0,2.09,24.88,24.37,24.6,24.4,0.78,0.58,29.37,2.01,4933022861.0,4933022861.0,0.12,0.08,-12.95,-17.1
3179,300245,ST天玑,5.71,0.53,0.03,55571.0,31600127.76,1.94,5.73,5.62,5.73,5.68,0.67,1.89,-24.46,1.44,1741835323.0,1676761788.0,0.0,0.18,-28.89,-52.77
3180,000767,晋控电力,3.79,0.53,0.02,1352596.0,514343075.51,3.45,3.9,3.77,3.84,3.77,0.89,4.64,46.36,1.93,11661611010.0,11037413992.0,-0.26,0.0,-10.4,35.36
3181,002086,东方海洋,1.88,0.53,0.01,336888.0,63210600.37,2.14,1.9,1.86,1.87,1.87,0.91,2.13,-81.7,2.9,3682819420.0,2972816058.0,0.0,0.53,-7.39,-18.61
3182,920753,天纺标,15.15,0.53,0.08,4954.0,7481627.38,2.39,15.36,15.0,15.06,15.07,0.78,1.51,53.21,3.2,1233276175.0,495551198.0,0.0,0.53,-19.41,-31.42
3183,301165,锐捷网络,107.59,0.53,0.57,280749.0,2964465378.48,7.57,110.0,101.9,109.11,107.02,0.88,2.52,243.68,25.41,119816136295.0,119816136295.0,0.42,0.55,47.99,70.64
3184,600783,鲁信创投,17.06,0.53,0.09,285221.0,485856326.0,4.3,17.41,16.68,16.97,16.97,1.18,3.83,-204.21,2.92,12698769556.0,12698769556.0,-0.12,-0.35,-29.71,-30.85
3185,603416,信捷电气,51.57,0.53,0.27,16860.0,86779222.0,1.95,52.0,51.0,51.51,51.3,0.68,1.21,37.22,3.11,8095239582.0,7196393408.0,0.0,0.02,-18.56,-4.99
3186,600645,中源协和,19.03,0.53,0.1,77352.0,148130689.0,2.06,19.36,18.97,18.98,18.93,1.14,1.65,91.82,2.39,8905067377.0,8901666240.0,-0.05,0.11,-24.36,-24.48
3187,300517,海波重科,9.43,0.53,0.05,33707.0,31796064.0,2.88,9.57,9.3,9.4,9.38,0.91,2.67,135.1,1.84,1889936554.0,1190375776.0,-0.21,-0.32,-23.33,-13.96
3188,300421,力星股份,17.22,0.53,0.09,60095.0,103031223.67,2.57,17.35,16.91,17.24,17.13,0.78,2.61,179.43,4.06,5063204934.0,3965814595.0,0.12,0.17,-35.89,-52.99
3189,002786,银宝山新,7.68,0.52,0.04,66721.0,51066635.0,1.05,7.68,7.6,7.68,7.64,0.8,1.35,66.22,19.1,3806300160.0,3794780160.0,0.13,0.13,-4.95,-10.7
3190,002321,华英农业,1.92,0.52,0.01,197147.0,37657513.0,2.09,1.93,1.89,1.92,1.91,0.79,0.93,-67.85,4.44,4095148936.0,4077822929.0,0.0,0.52,-9.43,-16.52
3191,002790,瑞尔特,5.75,0.52,0.03,51379.0,29540557.69,2.1,5.81,5.69,5.75,5.72,1.16,1.97,674.03,1.17,2402765725.0,1499010625.0,0.17,0.17,-23.23,-31.38
3192,688696,极米科技,66.34,0.52,0.34,9254.0,61325995.0,1.8,66.9,65.71,65.88,66.0,0.78,1.32,23.1,1.59,4645126800.0,4645126800.0,0.3,0.29,-30.21,-39.88
3193,300471,厚普股份,9.65,0.52,0.05,81243.0,78177668.0,1.98,9.7,9.51,9.54,9.6,1.32,2.22,-495.56,2.9,4537031754.0,3537226665.0,0.0,0.1,-19.65,-23.41
3194,300629,新劲刚,17.55,0.52,0.09,50896.0,89388149.5,1.15,17.65,17.45,17.48,17.46,0.85,2.35,102.9,2.52,4412481091.0,3804640263.0,0.0,0.11,-34.49,-25.89
3195,600543,*ST莫高,3.87,0.52,0.02,13129.0,5051728.0,2.08,3.89,3.81,3.83,3.85,0.55,0.41,-34.65,1.79,1242734400.0,1242734400.0,0.26,0.26,-22.75,-27.12
3196,600540,新赛股份,3.85,0.52,0.02,752322.0,291242899.0,6.01,4.01,3.78,4.01,3.83,4.08,12.94,13.38,5.82,2238301296.0,2238301296.0,-0.26,0.26,-32.22,-15.75
3197,301239,普瑞眼科,32.61,0.52,0.17,14811.0,48401032.34,1.63,32.98,32.45,32.55,32.44,0.77,1.04,17.27,2.31,4879077155.0,4632056405.0,0.03,0.03,-27.4,-0.85
3198,300247,融捷健康,3.88,0.52,0.02,116431.0,45285789.0,3.37,3.97,3.84,3.87,3.86,1.3,1.45,32.86,2.7,3119676414.0,3119676414.0,0.26,0.26,-19.33,-24.37
3199,002548,金新农,3.9,0.52,0.02,192252.0,75135436.16,3.61,3.99,3.85,3.95,3.88,0.81,2.39,-4.37,3.09,3229877266.0,3137438819.0,-0.26,0.0,-24.42,-35.86
3200,920541,铁大科技,9.59,0.52,0.05,6133.0,5868342.23,1.26,9.63,9.51,9.54,9.54,0.84,0.68,17.35,2.86,1310953000.0,863662780.0,0.21,0.0,-21.39,-26.29
3201,300051,琏升科技,7.85,0.51,0.04,156742.0,122873049.0,2.43,7.95,7.76,7.84,7.81,0.86,4.27,-35.12,30.56,2920338867.0,2884212382.0,0.13,0.26,-52.19,21.71
3202,688510,航亚科技,21.61,0.51,0.11,40980.0,88766644.0,2.51,22.0,21.46,21.93,21.5,0.63,1.58,70.09,4.76,5616927559.0,5616927559.0,0.32,0.0,-40.52,-19.06
3203,002020,京新药业,13.74,0.51,0.07,143062.0,197203485.27,2.12,13.97,13.68,13.71,13.67,1.2,1.98,17.9,2.04,11830540384.0,9947324923.0,0.07,0.0,-7.66,-26.33
3204,002809,红墙股份,7.95,0.51,0.04,59666.0,47739538.74,2.53,8.1,7.9,7.9,7.91,1.05,3.51,-42.68,1.06,1910068693.0,1351263758.0,-0.25,-0.25,-25.14,-24.93
3205,002184,海得控制,9.89,0.51,0.05,73993.0,72868913.52,1.83,9.96,9.78,9.9,9.84,1.07,3.08,284.29,2.74,3480373779.0,2377263266.0,0.2,0.2,-19.66,-24.45
3206,603882,金域医学,27.65,0.51,0.14,58258.0,160828794.0,2.36,27.85,27.2,27.71,27.51,0.9,1.27,74.84,2.02,12809091304.0,12722721054.0,0.0,0.04,-1.95,0.62
3207,300237,ST美晨,1.97,0.51,0.01,133132.0,26041930.0,2.04,1.98,1.94,1.98,1.96,0.92,0.92,-71.01,63.62,2840572412.0,2840545817.0,0.51,0.51,-15.09,-23.64
3208,603860,中公高科,25.87,0.51,0.13,14576.0,37764961.0,1.98,26.22,25.71,25.87,25.74,1.04,2.19,632.21,2.09,1725011600.0,1725011600.0,0.04,0.19,-20.81,-13.65
3209,600936,北投科技,5.87,0.51,0.03,1563209.0,900736116.0,8.22,6.02,5.54,6.0,5.84,1.69,9.35,98.24,9.87,9808924023.0,9808924023.0,0.0,-0.17,15.1,39.1
3210,300927,江天化学,21.58,0.51,0.11,27359.0,58772943.35,1.44,21.62,21.31,21.56,21.47,0.81,1.94,60.43,3.2,3115288800.0,3039525671.0,0.14,0.33,-26.17,-7.14
3211,600130,波导股份,3.93,0.51,0.02,150525.0,59287959.0,2.3,4.0,3.91,3.92,3.91,0.64,2.01,288.2,3.24,2947500000.0,2947500000.0,0.0,0.26,-39.35,-6.21
3212,600333,长春燃气,5.97,0.51,0.03,113190.0,67533437.0,1.18,6.0,5.93,5.98,5.94,1.04,1.86,47.37,1.88,3635913183.0,3635913183.0,-0.17,0.0,5.11,7.96
3213,300278,华昌达,3.92,0.51,0.02,188784.0,74300202.95,2.56,3.99,3.89,3.9,3.9,0.88,1.34,871.07,3.32,5542435111.0,5525025106.0,0.0,0.26,-21.91,-35.74
3214,600828,茂业商业,3.94,0.51,0.02,159649.0,62933562.0,1.79,3.97,3.9,3.92,3.92,0.59,0.92,-92.56,1.01,6824011231.0,6821559113.0,-0.25,0.25,-22.13,-32.53
3215,600738,丽尚国潮,4.02,0.5,0.02,109911.0,43963687.0,2.0,4.05,3.97,4.02,4.0,1.03,1.44,12.46,1.47,3060567649.0,3057878108.0,0.75,0.75,-13.73,-20.55
3216,001872,招商港口,22.21,0.5,0.11,28817.0,63406595.62,2.26,22.22,21.72,22.19,22.1,0.79,0.13,12.18,0.87,55128513410.0,51133035910.0,0.09,0.18,2.87,19.86
3217,002889,东方嘉盛,12.02,0.5,0.06,68039.0,81602519.21,1.76,12.1,11.89,11.96,11.96,0.5,2.71,29.34,1.82,4539563013.0,3019974444.0,0.08,0.25,-9.56,-21.59
3218,002801,微光股份,28.34,0.5,0.14,14504.0,41107634.22,1.81,28.55,28.04,28.19,28.2,1.29,1.25,11.78,3.32,6507770880.0,3281848518.0,-0.04,0.07,-14.35,-19.17
3219,000017,深中华A,6.07,0.5,0.03,70856.0,43067307.09,1.99,6.14,6.02,6.09,6.04,0.69,1.61,171.01,10.72,4183352543.0,2675789243.0,0.0,0.17,-4.56,-22.87
3220,688683,莱尔科技,28.0,0.5,0.14,16187.0,45653864.0,2.84,28.66,27.87,28.5,27.86,0.81,1.0,80.61,3.77,4510738400.0,4510738400.0,-0.78,-0.99,-38.07,-11.45
3221,603305,旭升集团,12.06,0.5,0.06,193325.0,233026109.0,2.33,12.19,11.91,12.03,12.0,0.89,1.67,27.84,1.52,13937845185.0,13937845185.0,0.0,0.0,-26.69,-24.72
3222,300129,泰胜风能,8.04,0.5,0.04,223573.0,178795289.64,1.88,8.08,7.93,8.08,8.0,0.92,3.11,163.73,1.56,8915180090.0,5778429895.0,0.63,0.5,-35.0,-22.69
3223,300947,德必集团,14.11,0.5,0.07,33735.0,47734343.75,2.07,14.29,14.0,14.09,14.04,1.08,2.23,291.55,1.8,2132552891.0,2131746476.0,0.0,0.07,-22.73,-29.94
3224,688120,华海清科,228.11,0.49,1.12,170245.0,3894628164.0,6.02,236.16,222.5,227.36,226.99,0.87,3.43,114.44,14.84,113206758822.0,113206758822.0,-0.13,0.0,54.54,113.19
3225,920914,远航精密,18.4,0.49,0.09,14758.0,26955384.78,2.13,18.46,18.07,18.36,18.31,0.7,1.48,25.17,1.88,1834167200.0,1832718200.0,0.05,0.33,-28.21,-29.9
3226,603233,大参林,18.59,0.49,0.09,67869.0,125846117.0,2.32,18.71,18.28,18.49,18.5,0.66,0.6,10.35,2.97,21171305527.0,21171305527.0,0.27,0.32,1.53,8.52
3227,920158,长江能科,8.25,0.49,0.04,13608.0,11196641.94,1.1,8.28,8.19,8.28,8.21,0.65,2.55,-146.97,3.23,1646799000.0,440510070.0,-0.24,0.0,-31.99,-23.11
3228,601116,三江购物,10.57,0.48,0.05,126416.0,133832172.0,1.9,10.67,10.47,10.49,10.52,0.78,2.31,24.06,1.76,5788960688.0,5788960688.0,0.19,0.38,-25.72,-22.68
3229,300096,ST易联众,8.3,0.48,0.04,29373.0,24311449.0,2.54,8.39,8.18,8.26,8.26,1.3,0.68,-32.05,10.7,3569000000.0,3569000000.0,0.36,0.24,-16.08,11.71
3230,000776,广发证券,20.91,0.48,0.1,599914.0,1253341297.93,1.3,21.03,20.76,20.9,20.81,0.9,1.02,8.69,1.21,163617519635.0,123453671093.0,0.05,0.19,-0.57,-5.04
3231,605488,福莱新材,27.11,0.48,0.13,172997.0,464265058.0,4.23,27.45,26.31,26.76,26.98,2.53,6.27,107.94,3.67,8132683328.0,7481766155.0,-0.18,0.26,-25.42,-20.73
3232,603041,美思德,10.53,0.48,0.05,30509.0,32181045.0,3.72,10.8,10.41,10.62,10.48,1.43,1.67,33.84,1.28,1928545197.0,1928545197.0,0.29,0.38,-24.84,-11.74
3233,601059,信达证券,16.74,0.48,0.08,75364.0,126338404.0,1.56,16.86,16.6,16.6,16.66,1.05,0.23,24.73,2.54,54287820000.0,54287820000.0,0.0,0.06,-1.41,-5.26
3234,600884,杉杉股份,12.68,0.48,0.06,446150.0,564752719.0,1.66,12.79,12.58,12.61,12.62,0.75,2.43,21.5,1.26,28474705791.0,23269191579.0,0.16,0.32,-23.24,-6.14
3235,002611,东方精工,16.59,0.48,0.08,301947.0,499390334.02,2.12,16.7,16.35,16.51,16.51,0.67,3.01,2.63,2.19,20194773214.0,16655736216.0,0.0,0.06,-14.0,-13.5
3236,002135,东南网架,6.23,0.48,0.03,84191.0,52489887.17,1.77,6.29,6.18,6.23,6.2,0.59,0.81,113.9,1.12,6949707356.0,6503325251.0,0.0,0.32,-33.3,37.53
3237,002569,*ST步森,12.66,0.48,0.06,8476.0,10773980.0,2.22,12.88,12.6,12.63,12.6,0.38,0.61,-109.27,45.91,1823166600.0,1772526600.0,-0.08,0.08,-20.23,1.69
3238,920099,瑞华技术,19.2,0.47,0.09,6305.0,12144331.27,2.83,19.5,18.96,19.29,19.11,0.42,1.08,-37.37,2.01,1806335942.0,1117041715.0,0.1,0.1,-22.33,-29.52
3239,920100,三协电机,34.32,0.47,0.16,21324.0,72549187.27,3.02,34.58,33.55,34.04,34.16,1.1,7.78,54.78,7.78,3546389246.0,940305984.0,0.06,0.23,-12.78,-34.52
3240,300695,兆丰股份,49.35,0.47,0.23,14796.0,72016305.0,4.28,49.82,47.72,49.61,49.12,1.36,1.45,-76.24,1.76,5046379199.0,5046379199.0,0.18,0.28,-31.82,-50.61
3241,688707,振华新材,10.65,0.47,0.05,53554.0,56958931.0,1.23,10.7,10.57,10.65,10.6,0.89,1.05,-14.17,1.39,5418083183.0,5418083183.0,0.38,0.47,-38.3,-23.1
3242,688586,江航装备,10.78,0.47,0.05,64115.0,69444438.0,3.17,10.99,10.65,10.78,10.73,1.13,0.81,133.87,3.45,8530636102.0,8530636102.0,0.0,0.0,-25.71,-17.14
3243,300963,中洲特材,12.77,0.47,0.06,364346.0,448634442.21,5.98,12.77,12.01,12.42,12.71,1.98,10.83,76.17,5.27,5856832800.0,4295727807.0,0.0,0.16,-27.28,-38.46
3244,920016,中草香料,12.74,0.47,0.06,6352.0,8063229.68,1.58,12.77,12.57,12.77,12.68,0.66,1.86,39.0,2.55,980749775.0,436182157.0,0.0,0.31,-25.1,-33.89
3245,300370,安控科技,2.14,0.47,0.01,320818.0,68485342.8,2.35,2.16,2.11,2.14,2.13,1.43,2.05,-32.23,7.76,3349905122.0,3341545980.0,-0.47,0.0,-18.32,-18.01
3246,000926,福星股份,2.13,0.47,0.01,284986.0,59673248.2,2.83,2.13,2.07,2.12,2.12,1.13,1.81,-6.37,0.65,3393014969.0,3350935479.0,0.47,0.95,-1.84,-5.33
3247,301283,聚胶股份,25.5,0.47,0.12,13244.0,33924269.17,1.58,25.8,25.4,25.51,25.38,1.03,1.45,18.64,1.86,2963680278.0,2329710651.0,-0.27,-0.08,-22.75,-20.39
3248,301439,泓淋电力,15.13,0.46,0.07,106985.0,161028106.26,2.32,15.22,14.87,15.15,15.06,0.88,5.84,26.67,1.98,5887110370.0,2772525960.0,0.0,0.07,-11.21,2.86
3249,920523,德瑞锂电,15.24,0.46,0.07,8413.0,12849461.95,1.25,15.36,15.17,15.17,15.17,0.68,1.04,15.2,2.19,1543832864.0,1235042163.0,0.0,-0.13,-34.51,-40.7
3250,002165,红 宝 丽,6.6,0.46,0.03,414684.0,272927932.97,2.28,6.66,6.51,6.63,6.57,0.59,5.7,-50.52,2.45,4852780924.0,4802055694.0,0.0,0.15,-26.09,-12.35
3251,603409,汇通控股,17.4,0.46,0.08,20922.0,36345905.0,1.67,17.5,17.21,17.37,17.32,1.06,3.88,19.64,2.16,3267335338.0,937477409.0,0.0,0.23,-41.94,-29.81
3252,603170,宝立食品,13.15,0.46,0.06,33882.0,44611037.0,1.91,13.3,13.05,13.09,13.09,0.49,0.85,20.05,3.68,5260131500.0,5260131500.0,0.15,0.08,1.15,-5.94
3253,301011,华立科技,15.13,0.46,0.07,27343.0,41401519.0,2.12,15.27,14.95,15.0,15.06,1.18,1.86,-55.74,2.52,2336936316.0,2219140188.0,-0.07,0.13,-24.65,-40.76
3254,300992,泰福泵业,22.03,0.46,0.1,17488.0,38731818.0,4.29,22.43,21.49,22.01,21.93,1.1,2.24,-57.97,2.45,2099470412.0,1718076037.0,-0.23,-0.68,-28.91,-18.2
3255,688101,三达膜,15.4,0.46,0.07,37742.0,57824962.0,1.37,15.42,15.21,15.34,15.33,0.83,1.14,12.98,1.14,5112985816.0,5112985816.0,0.13,0.2,-24.18,-4.29
3256,002880,卫光生物,20.27,0.45,0.09,12003.0,24510835.0,1.93,20.63,20.24,20.28,20.18,0.98,0.53,37.09,1.92,4597236000.0,4597236000.0,0.0,0.0,-21.71,-19.88
3257,300777,中简科技,24.81,0.45,0.11,54991.0,136247111.01,1.34,24.93,24.6,24.71,24.7,0.69,1.28,142.93,2.43,10909143993.0,10690808649.0,0.04,-0.08,-39.91,-38.85
3258,001248,华润新能,13.32,0.45,0.06,1056106.0,1401446141.19,1.73,13.37,13.14,13.31,13.26,0.56,9.94,27.44,1.56,177443883295.0,14151218496.0,0.0,0.08,31.75,31.75
3259,301156,美农生物,11.05,0.45,0.05,32134.0,35530022.3,3.18,11.2,10.85,11.0,11.0,1.0,2.74,37.58,2.78,2022371851.0,1295122598.0,0.64,0.36,-30.72,-16.54
3260,920475,三友科技,11.28,0.45,0.05,6037.0,6782505.91,3.12,11.36,11.01,11.3,11.23,0.87,1.07,82.02,3.23,1139956800.0,633918245.0,0.27,0.71,-22.74,-34.42
3261,605500,森林包装,6.77,0.45,0.03,45362.0,30717075.0,2.23,6.84,6.69,6.75,6.74,1.0,1.09,-238.37,1.1,2805488000.0,2805488000.0,-0.15,0.15,-27.28,-23.76
3262,300937,药易购,24.46,0.45,0.11,56920.0,139433875.42,2.87,24.9,24.2,24.73,24.35,0.81,8.78,-215.06,2.86,2340007042.0,1586577892.0,0.0,0.2,-13.14,-28.25
3263,600648,外高桥,8.88,0.45,0.04,34670.0,30651872.0,2.38,8.96,8.75,8.84,8.84,0.79,0.3,203.67,0.78,12076020496.0,10103403736.0,0.11,0.23,-9.02,-8.83
3264,002777,久远银海,13.48,0.45,0.06,109592.0,147935599.78,2.09,13.66,13.38,13.5,13.42,1.04,2.71,117.24,3.32,5502954392.0,5452814899.0,0.0,0.3,-16.89,-24.44
3265,920223,荣亿精密,11.07,0.45,0.05,12636.0,13922365.65,1.63,11.12,10.94,11.1,11.02,0.88,1.55,-107.38,7.3,1741144950.0,904145018.0,0.36,0.09,-37.81,-50.56
3266,600889,*ST京化,13.53,0.45,0.06,18450.0,24900500.0,1.48,13.58,13.38,13.38,13.47,0.8,0.5,163.3,5.14,7936553865.0,4956661515.0,0.0,0.0,-14.64,-19.94
3267,000546,金圆股份,4.5,0.45,0.02,115630.0,51890460.0,2.01,4.53,4.44,4.51,4.48,0.75,1.66,-15.05,0.91,3499417179.0,3135173427.0,0.22,0.22,-42.16,-29.47
3268,001379,腾达科技,15.61,0.45,0.07,17230.0,26865577.02,2.19,15.76,15.42,15.6,15.54,0.98,2.56,41.65,2.1,3122000000.0,1050516707.0,-0.06,0.19,-30.41,-33.46
3269,600999,招商证券,17.75,0.45,0.08,537221.0,952118682.0,1.3,17.82,17.59,17.68,17.67,0.68,0.72,11.8,1.28,154363350807.0,131740593578.0,0.17,0.11,12.91,9.64
3270,603926,铁流股份,15.47,0.45,0.07,39611.0,61608672.0,3.31,15.88,15.37,15.81,15.4,0.57,1.72,30.39,2.1,3604302872.0,3571073312.0,0.0,0.13,-34.37,-8.68
3271,300422,博世科,4.42,0.45,0.02,99524.0,44052987.14,2.27,4.49,4.39,4.44,4.4,0.95,1.93,12.75,3.56,2359751319.0,2283761110.0,0.0,0.45,-23.79,-3.7
3272,603327,福蓉科技,8.99,0.45,0.04,331266.0,297760252.0,1.79,9.05,8.89,8.99,8.95,0.61,3.17,48.68,3.93,9398679646.0,9398679646.0,0.11,0.11,-16.91,-16.37
3273,603556,海兴电力,26.75,0.45,0.12,139565.0,373288718.0,2.4,27.06,26.42,26.63,26.63,0.86,2.87,35.76,1.84,13007566548.0,13007566548.0,0.26,0.45,-8.95,-24.88
3274,300801,泰和科技,22.6,0.44,0.1,88236.0,199078323.0,2.31,22.75,22.23,22.54,22.5,0.81,6.45,14.34,1.92,4936518000.0,3093475005.0,0.09,0.13,-26.77,-17.91
3275,603123,翠微股份,9.11,0.44,0.04,239443.0,217904875.0,1.76,9.16,9.0,9.05,9.07,0.59,3.67,-59.89,4.47,7276491018.0,5942233895.0,0.0,0.22,-23.57,-45.81
3276,002102,ST能特,2.27,0.44,0.01,90342.0,20533309.0,1.33,2.29,2.26,2.27,2.26,0.83,0.42,59.25,1.81,5619672813.0,4834988021.0,0.44,0.44,-8.84,-31.83
3277,920351,华光源海,11.41,0.44,0.05,10057.0,11388533.09,1.58,11.43,11.25,11.36,11.36,1.0,2.52,35.74,2.31,1004484359.0,454578279.0,0.09,0.44,-34.05,-50.67
3278,300189,神农种业,4.63,0.43,0.02,774091.0,355427680.5,2.6,4.64,4.52,4.59,4.61,1.0,8.73,-182.42,6.89,4741120000.0,4103339463.0,0.22,0.43,-25.8,-37.77
3279,300755,华致酒行,11.66,0.43,0.05,49642.0,57689889.2,2.58,11.75,11.45,11.63,11.61,0.61,1.19,22.91,1.73,4859869344.0,4857333294.0,0.0,0.34,-26.57,-33.83
3280,300424,航新科技,14.01,0.43,0.06,81485.0,114396219.38,2.29,14.19,13.87,13.99,13.95,0.87,3.18,32.95,4.13,3595313910.0,3593284114.0,0.0,0.0,-29.24,-23.48
3281,002486,嘉麟杰,2.34,0.43,0.01,193185.0,45199416.0,2.58,2.37,2.31,2.33,2.33,0.77,2.35,316.58,1.81,1928822454.0,1919824920.0,0.0,0.0,-19.03,-24.52
3282,688306,均普智能,9.42,0.43,0.04,113331.0,106593476.0,2.35,9.52,9.3,9.39,9.38,0.99,0.92,-84.31,6.65,11570423976.0,11570423976.0,0.0,-0.11,-5.61,-18.72
3283,002950,奥美医疗,9.37,0.43,0.04,57878.0,54211529.35,1.61,9.45,9.3,9.34,9.33,0.72,1.35,13.62,1.64,5933696864.0,4025588639.0,0.11,0.11,-25.69,-13.08
3284,000524,岭南控股,9.39,0.43,0.04,86945.0,81405935.0,2.35,9.45,9.23,9.36,9.35,0.67,1.3,47.87,2.76,6293258726.0,6290993304.0,0.0,-0.11,-6.19,-21.36
3285,300430,*ST益通,4.72,0.43,0.02,84312.0,39640090.96,2.98,4.79,4.65,4.7,4.7,0.7,3.24,-5.45,1.0,1288780877.0,1226494166.0,0.21,0.64,-35.25,-75.44
3286,002383,合众思壮,7.01,0.43,0.03,99796.0,69625359.14,2.29,7.04,6.88,6.99,6.98,1.06,1.35,3065.54,3.46,5189925738.0,5189925738.0,0.14,0.29,-28.32,-44.32
3287,600100,同方股份,7.23,0.42,0.03,270398.0,195327512.0,1.94,7.29,7.15,7.21,7.2,0.88,0.81,-33.0,1.54,24222652465.0,24222652465.0,0.0,0.14,-20.55,-18.58
3288,605555,德昌股份,11.87,0.42,0.05,30956.0,36701290.0,2.28,12.02,11.75,11.87,11.82,0.64,0.64,113.46,2.01,5745899505.0,5745899505.0,0.0,0.0,-26.86,-34.13
3289,920263,中航泰达,7.14,0.42,0.03,6388.0,4557364.03,1.41,7.2,7.1,7.2,7.11,0.78,0.62,-13.81,1.87,1008474277.0,732201231.0,0.0,0.14,-29.45,-42.74
3290,300800,力合科技,9.5,0.42,0.04,36616.0,34947577.0,2.64,9.7,9.45,9.49,9.46,1.11,1.56,37.69,1.1,2249210500.0,2225911750.0,0.21,0.0,-26.36,-17.61
3291,002603,以岭药业,16.79,0.42,0.07,207690.0,349331626.69,1.91,16.99,16.67,16.76,16.72,0.87,1.51,17.15,2.66,28051143263.0,23112005591.0,-0.06,0.18,-2.61,1.33
3292,688722,同益中,14.23,0.42,0.06,34462.0,48918605.0,1.41,14.27,14.07,14.23,14.17,1.16,1.54,22.0,2.21,3189016996.0,3189016996.0,0.0,0.0,-23.9,-26.84
3293,920019,铜冠矿建,14.34,0.42,0.06,13977.0,20030985.17,1.54,14.47,14.25,14.44,14.28,0.79,0.83,45.12,3.3,3015224478.0,2402461450.0,0.21,0.28,-22.65,-31.26
3294,300332,天壕能源,4.8,0.42,0.02,213327.0,102387137.03,1.67,4.84,4.76,4.8,4.78,0.87,2.63,38.14,1.05,4068906437.0,3899840957.0,0.21,0.42,-14.59,-8.05
3295,300775,三角防务,21.73,0.42,0.09,130838.0,284381238.14,2.36,21.96,21.45,21.65,21.64,0.92,2.46,277.03,2.02,11898334621.0,11552611104.0,0.0,-0.05,-31.77,-28.28
3296,300348,长亮科技,9.66,0.42,0.04,168589.0,163278393.87,1.56,9.76,9.61,9.64,9.62,0.74,2.31,-51.11,3.71,7847535883.0,7056167991.0,0.21,0.21,-19.77,-37.56
3297,301229,纽泰格,11.95,0.42,0.05,34926.0,41783853.0,2.18,12.08,11.82,11.95,11.9,1.03,2.7,-55.95,1.75,2172276987.0,1544903648.0,0.0,-0.17,-32.64,-47.33
3298,920061,西磁科技,16.68,0.42,0.07,6831.0,11376838.99,2.59,16.93,16.5,16.93,16.61,0.76,1.74,233.14,4.29,1180777200.0,656598192.0,0.06,0.12,-43.32,-40.7
3299,605016,百龙创园,21.39,0.42,0.09,43507.0,93002089.0,2.3,21.59,21.1,21.35,21.3,0.52,1.04,18.63,4.46,8984063525.0,8984063525.0,-0.47,-0.28,-23.09,-0.23
3300,300532,今天国际,7.14,0.42,0.03,116514.0,82836911.78,1.97,7.18,7.04,7.1,7.11,0.94,1.93,21.92,2.59,4538471742.0,4316711981.0,0.0,0.28,-11.41,-13.66
3301,301185,鸥玛软件,16.83,0.42,0.07,27685.0,46478287.0,2.21,17.0,16.63,16.85,16.76,0.8,2.0,168.69,2.44,2582018208.0,2333771888.0,0.3,0.3,-8.83,-10.95
3302,300722,新余国科,21.97,0.41,0.09,33052.0,72251297.0,1.37,21.99,21.69,21.88,21.88,1.01,1.19,429.83,9.72,6080339866.0,6080339866.0,-0.05,0.14,-23.93,-37.83
3303,605056,咸亨国际,14.87,0.41,0.06,180810.0,267988127.0,6.55,15.4,14.43,15.4,14.81,2.98,4.48,58.54,3.56,6087676884.0,5998456884.0,-0.13,0.07,-41.48,-7.7
3304,300583,赛托生物,12.28,0.41,0.05,27719.0,34119538.6,1.88,12.42,12.19,12.25,12.23,1.03,1.49,161.03,1.32,2329542107.0,2285908811.0,0.08,-0.08,-22.47,-10.3
3305,688750,金天钛业,14.57,0.41,0.06,26165.0,38035494.0,1.17,14.62,14.45,14.56,14.51,1.0,1.12,174.21,2.74,6738625000.0,3393620010.0,0.0,0.14,-24.74,-26.97
3306,002892,科力尔,9.89,0.41,0.04,79563.0,78392309.33,2.44,9.97,9.73,9.86,9.85,0.99,1.59,-157.81,5.85,7348562428.0,4956115717.0,0.0,0.0,-7.83,-26.19
3307,300542,新晨科技,12.12,0.41,0.05,49745.0,60574832.0,1.91,12.3,12.07,12.18,12.07,0.68,2.01,-52.1,6.79,3618545976.0,3000693646.0,0.0,0.0,-23.63,-40.85
3308,601608,中信重工,4.85,0.41,0.02,394520.0,191085704.0,1.66,4.87,4.79,4.83,4.83,0.87,0.86,58.4,2.39,22210834169.0,22210834169.0,-0.21,0.0,-21.27,-26.07
3309,000837,秦川机床,9.87,0.41,0.04,125187.0,123607399.0,1.83,9.94,9.76,9.88,9.83,0.74,1.24,104.04,2.05,10098449411.0,9943070936.0,0.0,0.1,-16.21,-23.37
3310,002703,浙江世宝,14.8,0.41,0.06,544799.0,800348380.95,3.87,14.91,14.34,14.52,14.74,1.1,9.3,72.7,5.75,12174959283.0,8673511495.0,0.07,0.14,-19.08,-28.16
3311,300678,中科信息,24.28,0.41,0.1,101878.0,247394624.0,2.27,24.54,23.99,24.19,24.18,0.76,3.5,387.57,8.54,7196259194.0,7070267288.0,-0.04,0.0,-17.89,-20.91
3312,300610,晨化股份,9.73,0.41,0.04,36094.0,35217567.2,1.44,9.82,9.68,9.75,9.69,0.91,2.18,19.95,1.79,2063609234.0,1611070320.0,-0.1,0.0,-21.15,-15.1
3313,300228,富瑞特装,7.39,0.41,0.03,146498.0,107964423.8,2.04,7.44,7.29,7.31,7.36,1.02,2.62,19.37,1.79,4414974807.0,4130300922.0,0.0,0.14,-21.63,-24.36
3314,603879,永悦科技,4.95,0.41,0.02,95089.0,47083633.0,2.03,5.0,4.9,4.95,4.93,0.49,2.65,-70.88,7.68,1778754978.0,1778754978.0,0.0,0.41,-17.64,-30.08
3315,603969,银龙股份,7.41,0.41,0.03,91475.0,67560622.0,1.49,7.43,7.32,7.36,7.38,0.51,1.07,24.61,2.33,6458065458.0,6310013658.0,0.0,0.27,-21.17,-26.2
3316,601699,潞安环能,14.74,0.41,0.06,241848.0,353918552.0,2.86,14.82,14.4,14.67,14.68,0.79,0.81,15.33,0.96,44093371608.0,44093371608.0,-0.07,0.14,-4.22,26.96
3317,920422,润普食品,9.7,0.41,0.04,24864.0,23800577.53,3.31,9.72,9.4,9.6,9.66,1.37,3.75,29.58,2.02,858282287.0,642360287.0,0.31,0.31,-14.69,-24.1
3318,920982,锦波生物,129.49,0.4,0.51,8290.0,107092752.0,2.87,131.95,128.25,129.12,128.98,0.75,1.49,26.52,7.53,14899810877.0,7182176576.0,0.0,0.0,-26.97,-44.47
3319,301173,毓恬冠佳,30.45,0.4,0.12,11029.0,33564826.65,2.27,30.69,30.0,30.32,30.33,1.51,3.58,37.12,1.76,2674568807.0,938732667.0,0.23,0.16,-30.06,-31.77
3320,920245,威博液压,12.69,0.4,0.05,4041.0,5130948.99,2.93,12.87,12.5,12.62,12.64,0.52,0.76,25.39,2.54,876538908.0,675036263.0,0.0,0.0,-31.55,-36.49
3321,600990,四创电子,17.73,0.4,0.07,35331.0,62483075.0,1.64,17.8,17.51,17.65,17.66,0.96,1.31,-20.8,3.08,4769595100.0,4769595100.0,0.11,0.17,-24.07,-43.98
3322,300261,雅本化学,5.17,0.39,0.02,221447.0,114797218.16,2.14,5.25,5.14,5.21,5.15,0.51,2.35,-21.62,2.73,4980309965.0,4874433628.0,0.19,0.0,-14.69,-23.18
3323,600337,ST美克,2.6,0.39,0.01,143712.0,37291212.0,4.25,2.65,2.54,2.58,2.59,0.53,1.0,-4.42,9.52,3736195156.0,3736195156.0,-0.38,0.0,-9.72,-10.96
3324,688281,华秦科技,48.4,0.39,0.19,30156.0,144923135.0,2.07,48.55,47.55,48.47,48.21,0.78,0.79,58.4,3.9,18469388938.0,18469388938.0,0.04,0.08,-15.37,-7.91
3325,688633,星球石墨,23.07,0.39,0.09,38002.0,87410291.0,2.74,23.45,22.82,23.08,22.98,0.9,2.23,13.41,1.72,3931142534.0,3931142534.0,0.13,0.17,-39.75,-0.04
3326,300349,金卡智能,10.39,0.39,0.04,66979.0,69596759.38,1.35,10.45,10.31,10.34,10.35,1.07,1.81,36.47,0.98,4334846322.0,3841387195.0,0.0,0.1,-27.49,-32.44
3327,002981,朝阳科技,23.09,0.39,0.09,24604.0,56856221.1,2.09,23.33,22.85,23.15,23.0,1.2,2.02,212.74,3.02,3153140729.0,2807394210.0,-0.04,-0.13,-9.42,-18.7
3328,603579,荣泰健康,18.0,0.39,0.07,23739.0,42662991.0,2.01,18.12,17.76,18.1,17.93,0.82,1.18,12.97,1.31,3618942552.0,3618942552.0,0.11,0.11,-18.74,-22.78
3329,000016,*ST康佳A,2.58,0.39,0.01,156353.0,40103301.0,1.95,2.59,2.54,2.58,2.57,0.88,0.98,-8.45,-0.55,6212499153.0,4119212004.0,0.39,0.39,-17.31,-48.09
3330,688253,英诺特,56.03,0.38,0.21,7684.0,43254152.0,2.81,57.2,55.63,56.0,55.82,0.44,0.56,47.22,3.77,7675231225.0,7675231225.0,-0.02,-0.11,7.07,88.4
3331,688208,道通科技,29.02,0.38,0.11,95747.0,278867503.0,2.25,29.45,28.8,28.84,28.91,0.62,1.43,24.98,5.52,19448809647.0,19448809647.0,-0.38,-0.14,-20.93,-20.06
3332,301268,铭利达,13.28,0.38,0.05,30635.0,40872676.46,2.57,13.49,13.15,13.22,13.23,0.8,0.85,241.69,3.55,5323270922.0,4814470696.0,0.0,-0.08,-44.44,-27.15
3333,300256,星星科技,2.66,0.38,0.01,192919.0,51165433.0,2.26,2.68,2.62,2.65,2.65,0.77,0.86,-81.5,6.65,6033926407.0,5967426407.0,-0.37,-0.37,-22.22,-34.0
3334,601011,宝泰隆,2.62,0.38,0.01,223934.0,58553921.0,1.92,2.64,2.59,2.61,2.61,0.87,1.17,-23.11,0.93,5019041092.0,5019041092.0,0.0,0.0,-13.82,-22.94
3335,688196,卓越新能,34.66,0.38,0.13,18345.0,63031502.0,3.19,34.95,33.85,34.95,34.53,1.13,1.44,36.58,1.4,4408432955.0,4408432955.0,0.14,0.26,-33.11,-40.65
3336,000009,中国宝安,7.91,0.38,0.03,851746.0,671777824.31,3.17,7.99,7.74,7.78,7.88,1.14,3.31,292.07,2.03,20401582463.0,20376321878.0,0.13,0.13,-7.81,-19.7
3337,920802,保丽洁,10.5,0.38,0.04,5105.0,5328254.8,2.77,10.61,10.32,10.46,10.46,1.05,1.41,45.7,1.97,861087045.0,380285241.0,0.0,1.55,-27.39,-31.33
3338,000702,正虹科技,5.33,0.38,0.02,73152.0,38926035.62,2.07,5.38,5.27,5.31,5.31,0.94,2.74,-36.74,5.57,1847510973.0,1421162290.0,0.0,0.19,-24.07,-20.21
3339,920826,盖世食品,7.89,0.38,0.03,23363.0,18352122.18,3.05,7.95,7.71,7.83,7.86,0.52,3.73,29.18,2.94,1108669772.0,493613967.0,-0.13,0.38,-23.84,-40.36
3340,300335,迪森股份,5.38,0.37,0.02,163245.0,87902725.67,2.05,5.45,5.34,5.45,5.36,0.79,4.25,39.92,1.36,2566326647.0,2066777244.0,0.0,0.19,-19.34,-4.95
3341,000663,永安林业,5.37,0.37,0.02,59513.0,32118495.0,2.43,5.46,5.33,5.35,5.35,1.02,1.94,-36.35,1.99,1807992699.0,1644837423.0,-0.37,-0.56,-22.73,-27.24
3342,002526,山东矿机,2.7,0.37,0.01,212440.0,57045341.95,1.86,2.71,2.66,2.7,2.69,0.9,1.2,119.63,1.49,4813543357.0,4781927983.0,0.37,0.75,-21.05,-24.79
3343,603214,爱婴室,13.39,0.37,0.05,33240.0,44667202.0,2.7,13.64,13.28,13.46,13.34,1.06,2.4,54.16,1.61,1855051082.0,1855051082.0,0.07,0.07,-19.0,-20.82
3344,600939,重庆建工,2.7,0.37,0.01,90070.0,24244556.0,1.49,2.71,2.67,2.71,2.69,0.89,0.47,-34.19,0.73,5136682349.0,5136682349.0,0.0,0.37,-11.76,-14.83
3345,603729,ST龙韵,10.98,0.37,0.04,17926.0,19646648.0,2.38,11.06,10.8,10.8,10.94,1.43,1.95,105.12,3.66,1011972798.0,1011972798.0,0.0,0.09,-23.27,-31.76
3346,600365,ST通葡,2.74,0.37,0.01,26614.0,7297521.0,1.83,2.77,2.72,2.73,2.73,1.33,0.62,-27.0,5.65,1243768200.0,1170747200.0,0.0,0.0,-8.67,-15.69
3347,300680,隆盛科技,21.92,0.37,0.08,70340.0,153907313.23,2.34,22.09,21.58,22.09,21.84,0.89,3.11,27.72,3.18,6446976425.0,4961934105.0,0.05,0.0,-34.13,-48.81
3348,603168,莎普爱思,5.38,0.37,0.02,60206.0,32602176.0,3.17,5.51,5.34,5.36,5.36,0.85,1.62,-19.28,1.52,2012800597.0,2004125347.0,0.0,0.19,-20.53,-26.9
3349,002048,宁波华翔,19.1,0.37,0.07,164096.0,312418837.97,2.68,19.27,18.76,19.03,19.03,0.88,2.32,14.21,1.32,15513045250.0,13526053532.0,-0.05,0.1,-35.14,-38.78
3350,920003,中诚咨询,16.7,0.36,0.06,1494.0,2486348.31,1.14,16.74,16.55,16.64,16.64,0.41,0.77,9.0,2.56,1513020000.0,325089214.0,0.3,0.36,-24.71,-26.56
3351,920819,颖泰生物,2.76,0.36,0.01,35583.0,9807687.83,1.82,2.79,2.74,2.76,2.75,0.65,0.29,-42.83,0.71,3383208000.0,3344085000.0,0.36,0.36,-19.77,-28.68
3352,600868,梅雁吉祥,2.79,0.36,0.01,496834.0,138640477.0,2.52,2.82,2.75,2.79,2.78,0.75,2.62,-90.08,2.74,5295834814.0,5295834814.0,0.0,0.36,-22.28,-16.47
3353,600293,三峡新材,2.76,0.36,0.01,303337.0,83334105.0,1.82,2.77,2.72,2.75,2.75,0.97,2.61,-32.06,1.88,3202000327.0,3202000327.0,0.0,0.0,-14.29,-12.38
3354,002589,瑞康医药,2.79,0.36,0.01,197288.0,55154109.98,1.8,2.83,2.78,2.79,2.78,0.8,1.44,101.19,0.79,4198142214.0,3810000419.0,0.0,0.36,-13.08,-13.35
3355,300009,安科生物,8.39,0.36,0.03,159690.0,134728870.74,1.79,8.52,8.37,8.4,8.36,1.09,1.3,20.91,3.24,14017178940.0,10321774276.0,-0.12,-0.12,-5.73,-9.98
3356,600133,东湖高新,8.39,0.36,0.03,154478.0,129234352.0,1.91,8.44,8.28,8.39,8.36,0.74,1.45,-1266.64,1.0,8945752551.0,8945752551.0,0.12,0.24,-7.4,-5.84
3357,600067,冠城新材,2.77,0.36,0.01,172941.0,48080274.0,2.54,2.82,2.75,2.81,2.76,0.91,1.24,-46.81,0.69,3854922407.0,3854922407.0,0.0,0.36,-19.01,-32.77
3358,601198,东兴证券,13.97,0.36,0.05,261732.0,367138137.0,1.65,14.13,13.9,13.9,13.92,1.04,0.81,22.03,1.48,45157263914.0,45157263914.0,-0.14,0.0,6.16,1.31
3359,600408,安泰集团,2.75,0.36,0.01,319531.0,87643140.0,2.55,2.77,2.7,2.75,2.74,0.86,3.17,-13.86,2.39,2768700000.0,2768700000.0,-0.36,0.0,-16.67,-31.76
3360,002161,远 望 谷,5.5,0.36,0.02,151545.0,83913817.54,3.1,5.64,5.47,5.49,5.48,0.7,2.05,-26.55,2.69,4068665700.0,4067851425.0,0.18,0.18,-24.24,-24.66
3361,002802,洪汇新材,11.12,0.36,0.04,24014.0,26713158.55,2.08,11.23,11.0,11.21,11.08,1.01,1.6,39.41,3.17,2015454297.0,1664477262.0,0.0,0.0,-24.3,-9.89
3362,300879,大叶股份,16.71,0.36,0.06,40260.0,67519870.95,2.7,16.97,16.52,16.69,16.65,1.02,2.0,36.1,2.74,3382084499.0,3359185366.0,-0.18,0.24,-31.91,-44.02
3363,603977,国泰集团,11.59,0.35,0.04,75642.0,87725342.0,2.42,11.75,11.47,11.54,11.55,0.87,1.22,45.08,2.13,7200192787.0,7200192787.0,0.0,0.09,-20.83,-15.83
3364,688326,经纬恒润-W,69.4,0.35,0.24,15268.0,106921087.0,2.59,70.99,69.2,69.5,69.16,1.02,1.37,-11.72,2.12,8323303008.0,7746672357.0,-0.06,-0.22,-23.2,-40.8
3365,300271,华宇软件,5.69,0.35,0.02,235676.0,135030013.9,3.0,5.82,5.65,5.65,5.67,0.8,2.97,-20.53,1.31,4619487229.0,4519939814.0,0.0,0.0,-15.45,-21.63
3366,300771,智莱科技,11.36,0.35,0.04,63082.0,72293263.49,3.09,11.66,11.31,11.39,11.32,0.79,3.34,43.28,1.4,2726400000.0,2147917821.0,-0.18,0.0,-19.6,-25.75
3367,600997,开滦股份,5.74,0.35,0.02,130020.0,73802791.0,3.85,5.77,5.55,5.7,5.72,0.93,0.82,-20.85,0.67,9113971145.0,9113971145.0,0.35,0.17,1.06,0.17
3368,688552,航天南湖,26.12,0.35,0.09,24807.0,64827432.0,1.73,26.35,25.9,25.96,26.03,0.83,0.74,-567.06,3.42,8808917760.0,8808917760.0,0.0,0.08,-36.11,-28.02
3369,301063,海锅股份,17.34,0.35,0.06,22834.0,39664639.38,2.49,17.59,17.16,17.41,17.28,1.25,2.36,68.95,1.16,1809614954.0,1675864234.0,-0.29,0.0,-27.96,-28.52
3370,603739,蔚蓝生物,11.57,0.35,0.04,25895.0,29966230.0,2.08,11.71,11.47,11.47,11.53,1.0,1.02,40.96,1.65,2927543980.0,2927543980.0,0.17,0.43,-23.78,-17.65
3371,603822,ST嘉澳,56.7,0.35,0.2,6403.0,36276395.0,3.04,57.6,55.88,55.88,56.5,1.13,0.83,-24.54,13.46,4356027736.0,4356027736.0,0.0,-0.07,-22.59,-41.16
3372,688005,容百科技,28.3,0.35,0.1,126350.0,359667543.0,2.87,28.79,27.98,28.14,28.2,0.83,1.77,92.43,2.6,20223710682.0,20223710682.0,-0.07,0.11,-25.99,-20.06
3373,002554,惠博普,2.87,0.35,0.01,110401.0,31545263.0,1.75,2.88,2.83,2.87,2.86,0.64,0.83,-35.25,2.0,3827776607.0,3827061483.0,0.0,0.35,-19.83,-10.03
3374,603917,合力科技,11.5,0.35,0.04,30605.0,35222034.0,2.09,11.62,11.38,11.58,11.46,0.7,1.5,-106.99,1.42,2344160000.0,2344160000.0,0.35,0.35,-8.73,-21.45
3375,002347,泰尔股份,5.9,0.34,0.02,130110.0,76587767.68,1.7,5.93,5.83,5.92,5.88,0.96,2.64,-97.5,2.7,2977743428.0,2910959116.0,0.17,0.34,-30.67,-52.34
3376,300343,联创股份,5.87,0.34,0.02,291096.0,170577184.78,2.39,5.94,5.8,5.83,5.85,1.46,2.73,192.69,3.2,6271360540.0,6258707813.0,0.17,0.17,-18.13,-2.65
3377,000159,国际实业,5.82,0.34,0.02,135242.0,78692049.1,3.97,5.98,5.75,5.9,5.8,1.1,2.81,95.89,1.36,2797592479.0,2797490629.0,-0.17,0.17,-8.2,1.04
3378,002700,万憬能源,5.9,0.34,0.02,61891.0,36563140.4,2.89,6.0,5.83,5.92,5.88,0.63,1.51,50.73,1.76,2440406292.0,2415229599.0,0.17,0.17,-18.06,-11.81
3379,920779,武汉蓝电,23.58,0.34,0.08,12919.0,30363621.2,2.09,23.79,23.3,23.32,23.5,0.46,6.45,52.97,4.25,1887850642.0,472071647.0,0.26,0.55,-28.55,-28.85
3380,605180,华生科技,11.64,0.34,0.04,12691.0,14765994.0,1.98,11.77,11.54,11.67,11.6,0.86,0.75,134.93,1.73,1967160000.0,1967160000.0,0.26,0.69,-26.14,-19.61
3381,002434,万里扬,5.82,0.34,0.02,201718.0,116701107.62,2.24,5.84,5.71,5.8,5.8,1.27,1.54,26.56,1.3,7639332000.0,7631884146.0,0.0,0.34,-24.71,-38.61
3382,300631,久吾高科,20.98,0.33,0.07,23196.0,48666607.11,2.01,21.25,20.83,21.09,20.91,1.13,1.91,41.43,1.98,2623159276.0,2551274599.0,-0.1,0.24,-31.35,-26.75
3383,000948,南天信息,15.24,0.33,0.05,289773.0,440346484.49,2.9,15.42,14.98,15.22,15.19,0.72,7.45,-62.36,2.2,5941904916.0,5930635195.0,0.2,0.33,-0.46,-14.96
3384,001228,永泰运,27.27,0.33,0.09,10503.0,28727077.0,2.1,27.57,27.0,27.0,27.18,1.23,1.32,20.49,1.67,2832387887.0,2177907887.0,0.0,-0.04,-10.62,5.09
3385,002374,中锐股份,3.07,0.33,0.01,159459.0,48737815.6,2.61,3.11,3.03,3.1,3.06,0.71,1.47,-6.89,6.23,3331592499.0,3331592499.0,0.33,0.66,-2.85,-14.72
3386,600476,*ST湘邮,9.01,0.33,0.03,15338.0,13749951.0,2.45,9.13,8.91,8.94,8.98,1.19,0.95,138.09,-3.28,1451240700.0,1451240700.0,0.56,0.78,-30.64,-43.72
3387,920124,南特科技,12.73,0.32,0.04,10884.0,13837978.68,1.42,12.8,12.62,12.73,12.69,0.82,1.42,19.26,1.79,1893375100.0,974881337.0,0.0,0.0,-21.18,-29.51
3388,600725,云维股份,3.16,0.32,0.01,151226.0,47926384.0,2.86,3.23,3.14,3.2,3.15,0.64,1.23,-604.75,15.18,3894605200.0,3894605200.0,0.0,0.32,-22.93,-24.4
3389,920278,鹿得医疗,6.26,0.32,0.02,15958.0,9974746.45,2.24,6.35,6.21,6.26,6.24,0.88,1.62,401.33,2.84,1092370000.0,617519578.0,0.16,0.32,-23.19,-29.74
3390,002125,湘潭电化,12.61,0.32,0.04,178342.0,224078179.46,2.07,12.68,12.42,12.55,12.57,0.9,2.83,22.21,2.38,7938283782.0,7938283782.0,0.0,0.08,-16.82,-10.25
3391,601881,中国银河,12.61,0.32,0.04,318852.0,402785140.0,1.27,12.73,12.57,12.64,12.57,1.1,0.44,10.38,1.16,137882812448.0,91339496226.0,0.08,0.16,-1.79,-18.65
3392,688297,中无人机,41.22,0.32,0.13,63240.0,260221728.0,1.83,41.55,40.8,41.05,41.09,0.78,0.94,412.46,4.98,27823500000.0,27823500000.0,0.0,-0.02,-11.94,-13.8
3393,000615,*ST美谷,3.18,0.32,0.01,73248.0,23337800.1,2.52,3.23,3.15,3.19,3.17,1.2,0.79,-6.58,3.48,5684226764.0,2942353687.0,0.32,0.0,-8.88,-8.88
3394,920204,沪江材料,12.59,0.32,0.04,5994.0,7533195.93,1.43,12.68,12.5,12.68,12.55,0.76,1.2,33.46,2.4,1187083364.0,629383454.0,0.48,0.24,-25.37,-28.75
3395,603207,小方制药,22.58,0.31,0.07,10095.0,22870114.0,1.87,22.9,22.48,22.6,22.51,0.79,1.85,16.19,3.33,3628002256.0,1232934521.0,0.09,-0.09,-14.53,-20.07
3396,601933,永辉超市,3.27,0.31,0.01,1327279.0,434072115.0,2.15,3.3,3.23,3.26,3.26,0.58,1.49,25.43,13.64,29184871530.0,29184871530.0,0.0,0.0,-12.33,-30.28
3397,002069,獐子岛,3.26,0.31,0.01,101661.0,33207508.0,2.15,3.31,3.24,3.27,3.25,1.04,1.43,226.52,84.44,2318225752.0,2315304792.0,0.31,0.31,-15.32,-12.6
3398,001231,农心科技,19.2,0.31,0.06,12141.0,23400598.0,1.72,19.43,19.1,19.28,19.14,0.85,2.38,24.76,1.87,1913848992.0,978488352.0,-0.05,-0.21,-24.71,-23.02
3399,920112,巴兰仕,16.21,0.31,0.05,2547.0,4128657.23,1.61,16.39,16.13,16.32,16.16,0.46,0.73,17.43,2.1,1925585900.0,564914529.0,0.06,0.06,-31.63,-39.74
3400,600227,赤天化,3.27,0.31,0.01,1229953.0,399796023.0,3.99,3.29,3.16,3.23,3.26,0.74,9.63,-48.5,2.46,5522139530.0,4177751356.0,0.0,0.31,-16.58,37.39
3401,300215,电科院,6.39,0.31,0.02,115545.0,73803612.0,2.2,6.45,6.31,6.36,6.37,1.02,1.54,588.75,2.41,4786711855.0,4786711855.0,0.0,0.0,-27.71,0.47
3402,000430,张家界,6.57,0.31,0.02,86342.0,56367375.0,1.83,6.57,6.45,6.55,6.55,1.06,2.33,4.35,2.93,5319304394.0,2434556113.0,0.0,0.31,-16.73,-15.34
3403,603376,大明电子,26.18,0.31,0.08,17949.0,46841718.0,1.34,26.2,25.85,26.05,26.1,0.89,5.61,193.49,6.19,10472026180.0,837780944.0,0.11,0.27,-14.94,-28.78
3404,688588,凌志软件,9.75,0.31,0.03,43822.0,42773346.0,2.16,9.88,9.67,9.73,9.72,1.01,1.12,-479.51,3.3,3802597529.0,3802597529.0,0.31,0.21,-20.21,-30.95
3405,002340,格林美,6.75,0.3,0.02,877075.0,590685668.69,1.49,6.77,6.67,6.73,6.73,0.87,1.73,16.48,1.61,34440927712.0,34262877704.0,0.0,0.15,-24.83,-18.38
3406,600621,华鑫股份,13.4,0.3,0.04,70031.0,94073114.0,1.05,13.5,13.36,13.37,13.36,0.84,0.66,22.89,1.54,14216050513.0,14216050513.0,0.0,0.07,-6.88,-11.26
3407,601898,中煤能源,13.53,0.3,0.04,348087.0,467326845.0,2.52,13.6,13.26,13.51,13.49,0.81,0.38,11.67,1.09,179389715802.0,123826565412.0,0.07,0.0,-17.95,8.76
3408,002811,郑中设计,10.05,0.3,0.03,45327.0,45781285.85,2.3,10.24,10.01,10.07,10.02,0.83,1.6,21.66,2.18,3095098550.0,2839998928.0,-0.1,-0.1,-26.59,-31.82
3409,688739,成大生物,20.26,0.3,0.06,17150.0,34723302.0,1.19,20.33,20.09,20.26,20.2,1.04,0.42,-1105.68,0.91,8437277000.0,8339732211.0,0.0,0.15,-17.78,-21.04
3410,920126,永大股份,10.34,0.29,0.03,25645.0,26381741.25,1.65,10.39,10.22,10.31,10.31,0.77,5.74,13.53,1.69,1924067200.0,461867120.0,0.1,0.19,32.73,32.73
3411,920926,鸿智科技,10.29,0.29,0.03,6974.0,7175209.94,2.73,10.48,10.2,10.35,10.26,0.54,0.87,513.33,3.57,909242274.0,825076680.0,-0.19,0.19,-28.54,-39.08
3412,300307,慈星股份,6.95,0.29,0.02,205041.0,141803966.91,2.74,7.02,6.83,6.94,6.93,1.09,2.61,15.33,1.69,5563848743.0,5468951066.0,0.29,0.58,-4.14,-1.42
3413,300446,航天智造,13.93,0.29,0.04,69171.0,96196258.0,1.44,13.99,13.79,13.9,13.89,0.96,1.85,21.42,2.04,11776562846.0,5203693182.0,0.07,0.0,-28.45,-44.32
3414,000558,天府文旅,3.46,0.29,0.01,217132.0,75107120.61,2.61,3.51,3.42,3.46,3.45,0.77,1.68,271.08,4.25,4460714864.0,4458848744.0,0.0,0.0,-16.02,-32.82
3415,002037,保利联合,6.85,0.29,0.02,122562.0,83297576.53,3.22,6.92,6.7,6.85,6.83,0.97,2.53,-10.14,3.23,3314602427.0,3314602427.0,0.0,0.15,-20.81,-27.89
3416,003003,天元股份,10.47,0.29,0.03,44073.0,46046723.99,1.92,10.55,10.35,10.41,10.44,1.2,3.74,29.31,1.44,1850258400.0,1233327523.0,0.1,0.1,-23.97,-19.59
3417,601121,宝地矿业,6.94,0.29,0.02,108404.0,75256867.0,2.31,7.03,6.87,7.01,6.92,0.83,1.36,46.2,1.59,6830644671.0,5552000000.0,0.0,0.29,-7.96,-5.06
3418,600151,航天机电,10.35,0.29,0.03,245203.0,253411159.0,3.2,10.55,10.22,10.53,10.32,0.65,1.71,-222.45,3.37,14844511170.0,14844511170.0,-0.1,0.0,-31.91,-41.03
3419,001216,华瓷股份,13.9,0.29,0.04,17577.0,24402391.0,1.44,13.98,13.78,13.86,13.86,0.7,0.72,23.21,1.65,4058220898.0,3413189466.0,0.0,0.22,-21.34,-16.87
3420,001225,和泰机电,41.11,0.29,0.12,16252.0,66570227.0,2.0,41.38,40.56,41.28,40.99,0.85,7.72,100.55,1.96,2695615588.0,864903958.0,0.02,0.15,-20.67,-27.7
3421,605365,立达信,13.76,0.29,0.04,38839.0,53431711.0,2.19,13.87,13.57,13.78,13.72,1.08,0.77,86.87,1.87,6907697174.0,6907697174.0,0.07,0.22,-52.22,-47.58
3422,002819,东方中科,20.82,0.29,0.06,24661.0,51429877.0,1.73,21.03,20.67,20.71,20.76,0.83,1.04,-43.51,1.59,6237882282.0,4949777739.0,-0.05,0.19,-26.38,-23.71
3423,920556,雅达股份,6.83,0.29,0.02,21312.0,14487320.2,1.76,6.86,6.74,6.84,6.81,1.02,1.83,54.56,2.13,1097178590.0,794874690.0,0.15,0.29,-26.95,-31.56
3424,002765,蓝黛科技,7.03,0.29,0.02,84666.0,59306817.83,2.14,7.07,6.92,7.06,7.01,0.75,1.42,60.16,1.74,4584460473.0,4189235982.0,0.0,0.14,-28.7,-47.22
3425,002168,ST惠程,3.56,0.28,0.01,25536.0,9078052.0,1.13,3.58,3.54,3.55,3.55,0.51,0.33,-145.56,249.04,2791621590.0,2791621590.0,0.0,0.0,-17.02,-15.24
3426,603927,中科软,14.25,0.28,0.04,137366.0,197097917.0,2.04,14.5,14.21,14.28,14.21,0.98,1.65,-186.88,3.99,11842320000.0,11842320000.0,0.0,0.07,-15.48,-24.36
3427,002497,雅化集团,17.99,0.28,0.05,287597.0,518048354.32,1.84,18.14,17.81,17.83,17.94,0.78,2.71,15.3,1.89,20734599735.0,19061981194.0,0.06,0.06,-40.27,-27.14
3428,920081,欧伦电气,39.66,0.28,0.11,17107.0,67719722.35,1.82,39.77,39.05,39.56,39.55,0.69,10.0,12.0,1.8,2879316000.0,678186000.0,0.03,-0.08,2.51,2.51
3429,000020,深华发Ａ,10.85,0.28,0.03,47347.0,51420954.0,2.22,10.99,10.75,10.88,10.82,1.18,2.61,147.62,6.91,3072299313.0,1965644492.0,-0.18,-0.09,-25.12,-21.77
3430,300660,江苏雷利,28.17,0.28,0.08,94885.0,266675847.97,2.74,28.4,27.63,28.09,28.09,1.11,1.63,62.3,4.69,16374587513.0,16364738661.0,0.07,0.18,-18.21,-32.96
3431,002339,积成电子,7.43,0.27,0.02,219805.0,163768265.15,1.75,7.52,7.39,7.41,7.41,0.93,4.59,-12.76,2.16,3745405596.0,3556893159.0,0.0,0.13,-26.87,-15.57
3432,600236,桂冠电力,11.08,0.27,0.03,338039.0,371915683.0,3.17,11.25,10.9,11.06,11.05,0.85,0.43,24.83,4.83,87336746046.0,87336746046.0,0.09,0.27,-2.72,45.98
3433,300411,金盾股份,7.45,0.27,0.02,105874.0,78327598.39,2.69,7.5,7.3,7.4,7.43,1.05,3.43,253.74,3.14,3028574052.0,2302910475.0,0.0,0.27,-28.5,-35.72
3434,300190,维尔利,3.68,0.27,0.01,95590.0,35095003.5,1.63,3.7,3.64,3.66,3.67,0.89,1.01,138.51,1.12,3488967704.0,3474809243.0,0.0,0.0,-11.96,-14.22
3435,600052,东望时代,3.78,0.27,0.01,71967.0,27164390.0,1.59,3.8,3.74,3.79,3.77,0.59,0.85,-40.92,1.48,3191056121.0,3191056121.0,0.0,0.0,-17.47,-19.75
3436,002293,罗莱生活,10.95,0.27,0.03,85760.0,93297247.63,1.74,10.99,10.8,10.96,10.92,1.06,1.03,15.53,2.3,9167462432.0,9091125131.0,-0.09,0.0,3.69,11.17
3437,300013,新宁物流,3.67,0.27,0.01,139351.0,51103931.0,2.19,3.7,3.62,3.69,3.66,0.8,2.5,86.19,11.4,2049177141.0,2046844812.0,0.27,0.0,-22.9,-6.85
3438,003033,征和工业,57.9,0.26,0.15,14328.0,82720271.0,1.9,58.3,57.2,58.2,57.75,0.75,1.77,35.96,3.41,4733325000.0,4675056872.0,0.05,0.07,3.17,-25.87
3439,002259,升达林业,3.86,0.26,0.01,117934.0,45591804.0,3.12,3.93,3.81,3.9,3.85,0.66,1.57,9.44,6.34,2903987111.0,2903987111.0,-0.26,-0.26,-35.13,2.12
3440,601061,中信金属,11.63,0.26,0.03,145311.0,169569991.0,2.07,11.8,11.56,11.63,11.6,0.55,0.3,10.35,2.4,56987000000.0,56987000000.0,-0.09,-0.17,-18.78,-17.98
3441,300130,新国都,19.15,0.26,0.05,156135.0,301097899.14,2.67,19.57,19.06,19.18,19.1,0.97,3.6,25.46,2.5,10863899061.0,8314312298.0,0.05,0.05,-16.3,-30.19
3442,002644,佛慈制药,7.84,0.26,0.02,35584.0,27932303.15,1.66,7.92,7.79,7.84,7.82,0.9,0.7,44.17,2.18,4003550880.0,4003550880.0,0.13,0.26,-6.33,-9.05
3443,000796,凯撒旅业,3.91,0.26,0.01,254500.0,99406518.1,2.05,3.96,3.88,3.9,3.9,0.72,1.91,559.37,6.9,6270814662.0,5203279166.0,-0.26,0.0,-19.88,-45.69
3444,002743,富煌钢构,3.87,0.26,0.01,99910.0,38854421.7,2.85,3.95,3.84,3.92,3.86,1.12,2.3,-9.34,0.73,1684489010.0,1681789685.0,0.0,0.0,-29.38,-28.86
3445,688708,佳驰科技,47.06,0.26,0.12,15650.0,73224127.0,2.11,47.28,46.29,47.17,46.94,1.13,1.1,182.85,5.63,18846475856.0,6717530287.0,0.15,0.32,-11.14,-23.79
3446,002443,金洲管道,8.17,0.25,0.02,136392.0,112320772.84,1.84,8.31,8.16,8.18,8.15,0.98,2.62,26.64,1.22,4252775198.0,4252775198.0,0.0,-0.24,-31.75,0.49
3447,605136,丽人丽妆,8.17,0.25,0.02,97796.0,79999706.0,2.09,8.25,8.08,8.13,8.15,0.64,2.44,79.12,1.36,3271745945.0,3271745945.0,-0.24,0.0,-26.2,-25.39
3448,000428,华天酒店,4.0,0.25,0.01,1062604.0,423796668.53,6.77,4.13,3.86,3.91,3.99,1.22,10.43,-16.31,3.19,4075704000.0,4075704000.0,0.25,0.25,3.36,21.21
3449,002398,垒知集团,4.08,0.25,0.01,131061.0,53813641.0,1.72,4.14,4.07,4.08,4.07,0.97,2.19,24.93,0.79,2808178752.0,2446941448.0,-0.24,-0.24,-18.73,-26.35
3450,301586,佳力奇,31.5,0.25,0.08,9083.0,28635944.0,2.61,31.95,31.13,31.43,31.42,1.03,1.72,174.26,2.03,2613728345.0,1666698705.0,0.03,0.35,-29.4,-37.08
3451,002448,中原内配,11.83,0.25,0.03,224323.0,261998536.95,3.9,11.88,11.42,11.78,11.8,0.67,3.86,8.78,1.82,6960886112.0,6867427480.0,0.08,0.25,-26.34,-7.07
3452,920208,青矩技术,12.24,0.25,0.03,17212.0,21040111.24,1.39,12.33,12.16,12.16,12.21,0.86,1.07,32.3,2.3,2279607282.0,1973786916.0,-0.08,0.08,-25.18,-28.34
3453,002692,远程股份,4.07,0.25,0.01,139222.0,56845499.0,2.22,4.13,4.04,4.1,4.06,0.82,1.94,-19.86,2.59,2922854220.0,2921177482.0,-0.25,0.0,-27.58,-19.57
3454,603188,亚邦股份,4.03,0.25,0.01,76338.0,30803322.0,1.49,4.06,4.0,4.04,4.02,0.7,1.34,41.07,3.26,2297785100.0,2297785100.0,-0.25,0.0,-21.44,-12.2
3455,600983,惠而浦,7.92,0.25,0.02,35791.0,28299108.0,2.03,7.96,7.8,7.94,7.9,0.92,0.47,15.94,2.37,6070196880.0,6070196880.0,0.0,0.0,-7.69,-10.91
3456,000795,英洛华,8.53,0.24,0.02,108811.0,92769974.06,0.71,8.55,8.49,8.53,8.51,0.95,0.97,34.33,3.69,9521618590.0,9521604200.0,0.0,0.0,-11.05,-13.4
3457,300674,宇信科技,16.7,0.24,0.04,183786.0,306778810.14,1.68,16.8,16.52,16.66,16.66,0.88,2.61,64.45,2.66,11757752902.0,11740299064.0,0.06,0.06,-12.75,-30.3
3458,920950,迅安科技,12.74,0.24,0.03,1677.0,2128838.12,2.28,12.86,12.57,12.86,12.71,0.53,0.47,23.5,3.09,934096800.0,455074074.0,0.08,0.0,-19.52,-27.98
3459,300457,赢合科技,20.46,0.24,0.05,101525.0,206924008.14,1.37,20.52,20.24,20.39,20.41,0.68,1.6,53.31,1.92,13200371097.0,12988953989.0,0.0,0.15,-28.24,-26.54
3460,600777,新潮能源,4.23,0.24,0.01,230034.0,97752389.0,1.66,4.29,4.22,4.23,4.22,0.9,0.36,50.38,1.3,28766097340.0,26928824614.0,0.0,0.24,-27.07,10.16
3461,300340,科恒股份,8.48,0.24,0.02,46205.0,39212008.0,1.77,8.55,8.4,8.5,8.46,0.63,1.69,-27.25,36.28,2336364783.0,2318966766.0,0.24,0.0,-26.83,-31.17
3462,603022,新通联,8.4,0.24,0.02,41422.0,34790668.0,1.79,8.47,8.32,8.47,8.38,1.04,2.07,33.97,2.01,1680000000.0,1680000000.0,0.12,0.24,-27.27,-17.4
3463,300389,艾比森,12.45,0.24,0.03,53985.0,67268298.73,1.61,12.57,12.37,12.45,12.42,1.09,2.46,29.25,2.74,4595298947.0,2731995680.0,0.08,0.08,-24.09,-23.29
3464,601108,财通证券,8.52,0.24,0.02,414370.0,354199041.0,1.53,8.61,8.48,8.52,8.5,0.77,0.89,16.03,1.04,39564911795.0,39564911795.0,-0.12,-0.12,-0.7,-1.73
3465,301587,中瑞股份,21.32,0.24,0.05,49522.0,104481567.2,3.39,21.49,20.77,21.24,21.27,1.06,6.74,52.11,1.57,3141033813.0,1566018813.0,0.0,0.14,-25.53,-8.89
3466,300627,华测导航,28.66,0.24,0.07,87354.0,250804304.87,2.2,29.06,28.43,28.61,28.59,0.82,1.33,45.37,5.51,22755199173.0,18845006293.0,0.0,-0.14,-13.15,-16.83
3467,600376,首开股份,4.23,0.24,0.01,2509891.0,1035670061.0,12.09,4.44,3.93,4.08,4.22,1.34,9.73,-3.61,4.63,10911560974.0,10911560974.0,0.0,0.0,-10.95,-36.01
3468,920925,锦好医疗,12.33,0.24,0.03,21144.0,25970295.66,3.33,12.57,12.16,12.29,12.3,0.75,3.82,-45.38,3.34,1215499328.0,681788003.0,0.08,-0.16,-19.52,-61.23
3469,300555,ST路通,12.31,0.24,0.03,4972.0,6121668.0,1.55,12.39,12.2,12.39,12.28,0.81,0.25,-85.98,5.98,2462000000.0,2437193664.0,0.0,-0.08,-14.87,-16.03
3470,920101,志高机械,16.85,0.24,0.04,3807.0,6381754.56,1.84,16.93,16.62,16.83,16.81,0.74,0.98,23.38,1.99,2103005415.0,656239325.0,0.18,0.36,-33.08,-40.59
3471,300150,世纪瑞尔,4.12,0.24,0.01,68730.0,28444826.6,1.95,4.18,4.1,4.13,4.11,0.98,1.48,-49.25,1.53,2410636938.0,1910292516.0,0.0,0.0,-20.77,-22.12
3472,688509,正元地信,4.19,0.24,0.01,47723.0,19997213.0,2.39,4.25,4.15,4.21,4.18,0.87,1.24,-24.8,2.93,3226300000.0,1612279318.0,0.24,0.0,-10.09,-23.68
3473,002427,尤夫股份,4.31,0.23,0.01,91421.0,39310258.56,2.33,4.35,4.25,4.34,4.3,0.8,0.93,-52.95,4.49,4247215269.0,4243272520.0,0.23,0.47,-25.56,-35.77
3474,688353,华盛锂电,89.63,0.23,0.21,48145.0,430017406.0,4.03,90.49,86.89,88.8,89.42,0.65,3.02,36.84,4.05,14295985000.0,14295985000.0,0.04,0.03,-16.48,-21.17
3475,600094,大名城,4.39,0.23,0.01,282362.0,123966258.0,3.65,4.47,4.31,4.39,4.38,1.09,1.33,546.15,0.99,10206530698.0,9334149481.0,-0.23,-0.23,-8.73,5.53
3476,300468,四方精创,22.16,0.23,0.05,249286.0,553283507.17,2.13,22.47,22.0,22.1,22.11,0.74,4.71,277.18,7.26,11759187934.0,11740530145.0,-0.05,-0.05,-24.47,-42.84
3477,688161,威高骨科,21.8,0.23,0.05,7849.0,17181829.0,1.98,22.17,21.74,21.75,21.75,0.93,0.2,49.29,2.13,8720000000.0,8720000000.0,-0.18,0.18,-24.44,-21.24
3478,603102,百合股份,34.13,0.23,0.08,6550.0,22522320.0,2.09,34.75,34.04,34.1,34.05,0.93,1.02,18.9,1.3,2184320000.0,2184320000.0,0.26,0.09,-18.02,-20.57
3479,000516,国际医学,4.29,0.23,0.01,141284.0,60806958.0,1.4,4.34,4.28,4.31,4.28,0.62,0.64,-49.67,2.94,9604867070.0,9458692219.0,-0.23,0.0,-7.54,0.0
3480,688793,倍轻松,17.52,0.23,0.04,19432.0,34142717.0,3.09,17.84,17.3,17.83,17.48,0.81,2.29,-31.99,6.68,1489254645.0,1489254645.0,-0.23,-0.06,-27.63,-19.63
3481,000065,北方国际,9.24,0.22,0.02,214979.0,198011481.38,2.28,9.32,9.11,9.22,9.22,1.18,2.02,24.29,0.97,10731725549.0,9840771615.0,0.11,0.11,-29.57,-25.0
3482,300180,华峰超纤,4.51,0.22,0.01,317577.0,143584258.81,2.22,4.57,4.47,4.51,4.5,0.96,1.85,-1028.07,1.7,7942381299.0,7724137830.0,0.0,0.22,-16.94,-34.92
3483,301026,浩通科技,17.91,0.22,0.04,47664.0,85407332.52,1.96,18.1,17.75,17.88,17.87,1.18,2.98,15.47,2.43,3968561936.0,2866187448.0,0.22,0.28,-21.52,-10.27
3484,600310,广西能源,4.46,0.22,0.01,559640.0,249801463.0,2.47,4.53,4.42,4.46,4.45,0.88,3.82,-47.47,2.45,6537069820.0,6537069820.0,0.0,0.22,-16.17,17.99
3485,301665,泰禾股份,22.48,0.22,0.05,19740.0,44320922.54,1.43,22.63,22.31,22.44,22.43,0.77,1.89,18.87,2.84,10116000000.0,2341741600.0,0.13,0.22,-16.71,-19.25
3486,000619,海螺新材,4.65,0.22,0.01,65558.0,30561762.63,2.16,4.72,4.62,4.64,4.64,0.97,1.82,-19.69,0.83,2051435064.0,1674000000.0,0.0,0.22,-25.48,-25.12
3487,300625,三雄极光,9.32,0.22,0.02,12751.0,11877705.4,1.18,9.37,9.26,9.35,9.3,0.78,0.79,-25.26,1.4,2603364920.0,1509576766.0,0.32,0.0,-21.48,-19.66
3488,920857,泓禧科技,18.51,0.22,0.04,20860.0,38532343.64,4.28,18.79,18.0,18.37,18.47,0.85,2.82,-18.69,4.02,1369872384.0,1369872384.0,0.16,0.0,-4.93,-47.7
3489,603341,龙旗科技,35.8,0.22,0.08,69714.0,249423153.0,1.99,36.13,35.42,35.83,35.72,0.58,2.62,303.54,2.69,18708745055.0,9530419350.0,0.14,0.11,-9.89,-14.27
3490,300864,南大环境,18.52,0.22,0.04,14755.0,27463163.75,1.89,18.82,18.47,18.49,18.48,1.02,0.93,16.01,2.3,2946609191.0,2946609191.0,0.05,0.0,-22.12,-1.85
3491,000712,锦龙股份,8.92,0.22,0.02,171851.0,154027152.09,1.46,9.04,8.91,8.96,8.9,0.68,1.92,-127.31,2.99,7992320000.0,7989948395.0,0.0,-0.11,-21.82,-25.79
3492,920108,宏海科技,8.94,0.22,0.02,4766.0,4241131.6,1.46,8.97,8.84,8.92,8.92,0.6,0.65,40.41,3.22,1539468000.0,652330791.0,0.22,0.22,-23.26,-33.48
3493,603949,雪龙集团,13.65,0.22,0.03,25991.0,35498381.0,1.91,13.78,13.52,13.71,13.62,0.73,1.24,30.66,2.72,2876556037.0,2869301990.0,0.0,0.15,-23.66,-26.42
3494,301260,格力博,13.97,0.22,0.03,31742.0,44243134.38,2.3,14.12,13.8,13.87,13.94,1.21,1.55,12.45,1.57,6752475972.0,2868518355.0,0.14,0.36,-20.63,-18.06
3495,002605,姚记科技,18.99,0.21,0.04,71642.0,135975151.0,2.74,19.26,18.74,19.0,18.95,0.69,2.12,14.18,2.15,7929602210.0,6423034301.0,0.0,0.05,-6.27,-16.71
3496,600219,南山铝业,4.72,0.21,0.01,1528098.0,716938531.0,2.34,4.77,4.66,4.71,4.71,0.67,1.33,12.31,1.1,54203071358.0,54203071358.0,0.0,0.0,-12.43,-9.92
3497,000715,中兴商业,4.84,0.21,0.01,58903.0,28579401.08,2.48,4.93,4.81,4.85,4.83,0.79,1.21,31.68,1.31,2615703570.0,2353948181.0,0.0,-0.21,-16.84,-22.31
3498,920579,机科股份,14.58,0.21,0.03,8004.0,11676440.38,1.65,14.7,14.46,14.56,14.55,1.01,1.8,-35.98,4.04,1887818400.0,649895044.0,-0.27,-0.21,-22.12,-44.16
3499,920119,美德乐,46.9,0.21,0.1,2698.0,12603067.11,1.92,47.12,46.22,47.12,46.8,0.62,1.02,16.6,2.46,4735613674.0,1246014484.0,-0.02,0.21,-33.91,58.66
3500,600812,华北制药,4.87,0.21,0.01,130016.0,63685456.0,1.65,4.94,4.86,4.88,4.86,0.91,0.76,58.89,1.52,8355606902.0,8355606902.0,0.0,0.0,-8.46,-11.45
3501,300514,友讯达,9.46,0.21,0.02,37017.0,35210380.0,2.22,9.62,9.41,9.48,9.44,1.11,2.31,-14.67,1.89,1892000000.0,1516043755.0,0.21,0.11,-24.8,-27.84
3502,603615,茶花股份,15.4,0.2,0.03,24591.0,38011973.0,1.5,15.58,15.35,15.55,15.37,0.8,1.02,185.66,3.25,3724028000.0,3724028000.0,-0.06,-0.06,-31.56,-34.08
3503,300059,东方财富,20.05,0.2,0.04,2077503.0,4158028332.97,1.2,20.14,19.9,20.09,20.01,0.79,1.56,21.22,3.36,317235107494.0,267733580309.0,0.0,0.15,-5.78,-13.13
3504,300165,天瑞仪器,4.98,0.2,0.01,129782.0,64934183.0,2.21,5.05,4.94,5.0,4.97,0.8,3.09,49.08,2.34,2467648391.0,2094262701.0,0.0,0.0,-37.04,3.53
3505,601788,光大证券,14.87,0.2,0.03,161424.0,239789071.0,0.67,14.91,14.81,14.83,14.84,0.82,0.41,14.7,1.1,68562412192.0,58092611736.0,0.07,0.13,-4.74,-15.27
3506,688187,时代电气,49.9,0.2,0.1,67634.0,335426536.0,2.25,50.14,49.02,49.46,49.8,0.82,0.78,25.8,1.57,66402100259.0,43358484849.0,-0.14,0.06,1.26,-2.71
3507,600080,ST金花,4.94,0.2,0.01,14955.0,7376811.0,2.03,4.98,4.88,4.93,4.93,0.76,0.4,117.96,1.16,1843955208.0,1843955208.0,0.61,0.41,-20.45,-34.48
3508,301585,蓝宇股份,25.59,0.2,0.05,6012.0,15356233.0,1.49,25.7,25.32,25.54,25.54,0.81,0.88,48.61,2.71,2661360000.0,1742907544.0,0.0,0.04,-16.48,-16.67
3509,688570,天玛智控,14.91,0.2,0.03,7392.0,11022392.0,1.68,15.02,14.77,14.88,14.88,1.05,0.39,130.99,1.51,6456030000.0,2806062000.0,-0.13,-0.2,-15.76,-18.61
3510,603276,恒兴新材,14.71,0.2,0.03,21520.0,31774661.0,2.38,14.9,14.55,14.88,14.68,0.96,2.85,29.46,1.73,3054524101.0,1110273084.0,0.07,-0.27,-19.57,-10.58
3511,920792,东和新材,9.84,0.2,0.02,2372.0,2327907.1,1.12,9.88,9.77,9.82,9.82,0.58,0.23,16.79,1.55,1628913600.0,1000003166.0,0.31,0.0,-14.51,-17.59
3512,000037,深南电A,10.1,0.2,0.02,630837.0,639287297.96,4.86,10.45,9.96,10.2,10.08,2.39,18.61,126.56,3.64,6087902220.0,3422972315.0,0.1,0.2,-9.42,22.42
3513,001337,四川黄金,39.34,0.2,0.08,100861.0,396730758.34,1.63,39.7,39.06,39.2,39.26,0.58,2.4,15.56,8.73,16522800000.0,16522800000.0,-0.05,-0.03,-33.73,43.79
3514,600796,钱江生化,5.03,0.2,0.01,70415.0,35244260.0,2.59,5.09,4.96,5.01,5.02,1.08,2.26,29.8,1.26,4358926403.0,1566733782.0,0.2,0.6,-17.94,-16.58
3515,600697,欧亚集团,10.47,0.19,0.02,46464.0,48725112.0,2.87,10.68,10.38,10.54,10.45,1.31,2.99,115.8,0.75,1665652145.0,1626786877.0,0.29,0.38,-17.1,-20.02
3516,920168,通宝光电,15.94,0.19,0.03,1898.0,3020834.07,1.38,16.05,15.83,15.93,15.91,0.49,0.67,47.37,1.54,1198263996.0,449101753.0,0.63,0.38,-25.72,1.72
3517,300044,*ST赛为,5.21,0.19,0.01,122773.0,63886449.8,1.54,5.25,5.17,5.2,5.2,0.8,1.72,-92.78,-3.48,3979758678.0,3727120438.0,0.19,0.0,-24.71,30.58
3518,600778,友好集团,5.38,0.19,0.01,68679.0,36969679.0,2.61,5.44,5.3,5.4,5.37,0.88,2.21,19.83,6.63,1675823474.0,1674336065.0,0.37,0.56,-22.25,-19.34
3519,603266,天龙股份,15.51,0.19,0.03,15757.0,24515709.0,1.74,15.69,15.42,15.69,15.48,0.86,0.79,25.87,1.93,3084733493.0,3084733493.0,-0.06,0.0,-22.99,-31.49
3520,688366,昊海生科,31.95,0.19,0.06,5048.0,16114156.0,1.38,32.15,31.71,31.79,31.89,0.72,0.26,24.85,1.38,7311188630.0,6199956767.0,0.03,0.09,-18.14,-26.23
3521,300415,伊之密,20.81,0.19,0.04,51442.0,106924697.46,1.83,20.96,20.58,20.84,20.77,0.69,1.14,18.04,3.13,9750776968.0,9428847413.0,0.05,0.1,-18.74,-18.3
3522,301076,新瀚新材,21.81,0.18,0.04,42248.0,92127150.22,3.49,22.21,21.45,22.21,21.77,0.92,2.77,79.03,4.18,4976375377.0,3327023047.0,0.0,0.14,-31.57,-42.38
3523,000610,*ST西旅,5.72,0.18,0.01,26132.0,14852986.0,2.1,5.76,5.64,5.71,5.71,1.01,1.11,-12.71,-16.68,1354197994.0,1347068832.0,0.88,0.88,-26.48,-54.09
3524,002196,方正电机,10.97,0.18,0.02,326760.0,356481965.66,3.74,11.16,10.75,11.0,10.95,1.27,6.69,116.95,3.81,5439715072.0,5357862165.0,0.0,0.18,-25.53,-30.88
3525,003040,楚天龙,11.24,0.18,0.02,117857.0,133466848.0,2.5,11.49,11.21,11.29,11.22,0.84,2.58,-105.53,3.61,5183168325.0,5134996900.0,0.0,0.09,-25.76,-45.62
3526,300869,康泰医学,11.22,0.18,0.02,26185.0,29429476.0,1.52,11.32,11.15,11.25,11.2,0.74,0.99,-136.75,2.66,4508241452.0,2959105758.0,-0.09,0.0,-16.46,-25.2
3527,301221,光庭信息,28.18,0.18,0.05,26461.0,74412569.2,3.59,28.69,27.68,28.45,28.13,1.4,2.96,-263.69,1.8,3702859890.0,2517623631.0,0.11,0.18,-23.67,-29.48
3528,300437,清水源,10.85,0.18,0.02,64242.0,69863838.78,2.12,11.01,10.78,10.82,10.83,0.83,3.7,-643.3,1.92,2660453602.0,1885193977.0,0.0,0.09,-35.8,-32.06
3529,600576,祥源文旅,5.64,0.18,0.01,65533.0,37006021.0,2.66,5.75,5.6,5.63,5.63,0.76,0.99,82.19,2.3,5947653202.0,3724600068.0,0.0,0.18,-4.08,-9.62
3530,600560,金自天正,11.09,0.18,0.02,21422.0,23702227.0,3.07,11.29,10.95,11.28,11.07,0.8,0.96,97.75,2.55,2480228595.0,2480228595.0,0.73,0.64,-24.35,-31.84
3531,002164,宁波东力,11.19,0.18,0.02,87990.0,98352293.62,1.61,11.28,11.1,11.2,11.17,0.9,1.83,68.37,3.75,5955023580.0,5368683850.0,0.0,0.27,-18.97,-30.11
3532,300750,宁德时代,395.1,0.18,0.7,261654.0,10351812239.34,1.68,397.86,391.22,395.0,394.4,0.71,0.61,21.12,4.9,1827991358497.0,1683158010607.0,-0.31,-0.13,-11.43,9.64
3533,002696,百洋股份,5.44,0.18,0.01,65875.0,35814064.23,1.84,5.48,5.38,5.44,5.43,0.77,1.97,-24.48,1.4,1880903022.0,1818368514.0,0.0,0.18,-19.88,-22.51
3534,601865,福莱特,11.11,0.18,0.02,497827.0,554694475.0,3.07,11.37,11.03,11.3,11.09,2.35,2.62,170.59,1.2,26029402566.0,21120393516.0,0.0,0.09,-18.91,-28.41
3535,688439,振华风光,40.03,0.18,0.07,14500.0,58173775.0,1.0,40.29,39.89,40.09,39.96,0.79,0.72,-149.04,1.61,8006000000.0,8006000000.0,-0.07,-0.1,-22.62,-37.87
3536,920405,海希通讯,17.16,0.18,0.03,7018.0,11986192.92,1.98,17.24,16.9,17.07,17.13,1.11,0.66,633.41,2.81,2341830056.0,1823945649.0,0.35,0.41,-4.67,-32.92
3537,002850,科达利,181.33,0.18,0.32,30146.0,544864544.52,2.7,182.89,178.01,181.11,181.01,0.6,1.44,28.15,3.58,51920613655.0,38017808640.0,-0.08,-0.02,-6.42,16.72
3538,002180,奔图科技,17.13,0.18,0.03,152499.0,257841496.53,3.51,17.25,16.65,17.11,17.1,1.03,1.12,94.34,2.67,24356785951.0,23301724841.0,0.06,0.0,-9.03,-15.28
3539,600493,凤竹纺织,5.81,0.17,0.01,63737.0,37191529.0,2.76,5.92,5.76,5.82,5.8,1.0,2.34,-58.49,1.42,1580320000.0,1580320000.0,0.0,0.0,-22.43,-21.06
3540,688139,海尔生物,28.81,0.17,0.05,28845.0,83511308.0,2.02,29.28,28.7,28.83,28.76,0.97,0.91,28.69,2.1,9118161083.0,9118161083.0,-0.21,-0.24,-13.12,-8.39
3541,605199,ST葫芦娃,5.83,0.17,0.01,10477.0,6108252.0,1.72,5.89,5.79,5.82,5.82,0.8,0.26,-20.14,6.08,2332634024.0,2332634024.0,0.17,0.34,-11.93,-23.49
3542,000758,中色股份,6.04,0.17,0.01,236545.0,142856712.61,1.66,6.09,5.99,6.03,6.03,0.89,1.19,11.57,1.96,12022257177.0,11975828573.0,-0.17,0.0,-20.63,-8.35
3543,600196,复星医药,23.19,0.17,0.04,219733.0,511957200.0,1.68,23.54,23.15,23.28,23.15,1.31,1.04,17.78,1.29,61927256047.0,49127755852.0,0.0,0.09,-7.24,-11.15
3544,600319,亚星化学,5.83,0.17,0.01,48819.0,28404297.0,2.23,5.89,5.76,5.82,5.82,0.77,1.26,-10.64,6.69,2260345709.0,2260345709.0,0.34,0.17,-31.25,-37.18
3545,920533,骏创科技,17.93,0.17,0.03,15431.0,27658496.52,2.18,18.13,17.74,17.8,17.9,1.11,2.11,74.32,6.37,2344478891.0,1311348795.0,0.06,0.22,-29.13,-43.31
3546,001239,永达股份,11.56,0.17,0.02,24439.0,28185669.0,2.08,11.68,11.44,11.6,11.54,0.69,2.14,269.79,2.04,2774400000.0,1317840000.0,0.26,0.43,-25.37,-29.17
3547,603656,泰禾智能,17.41,0.17,0.03,15738.0,27342174.0,1.73,17.55,17.25,17.5,17.38,0.99,0.86,141.88,2.42,3185078683.0,3185078683.0,0.06,0.12,-12.38,-24.24
3548,301108,洁雅股份,35.18,0.17,0.06,29052.0,100949048.75,4.61,35.5,33.88,35.12,35.12,0.65,4.48,96.4,2.11,3959728945.0,2280839540.0,0.06,0.03,30.98,6.25
3549,300142,沃森生物,12.34,0.16,0.02,520668.0,647616879.53,2.44,12.6,12.3,12.38,12.32,1.12,3.3,44.58,2.74,19735960996.0,19461883599.0,0.0,0.0,-22.29,14.68
3550,920177,恒道科技,24.49,0.16,0.04,2676.0,6534915.47,1.31,24.52,24.2,24.44,24.45,0.73,1.44,18.61,1.93,1281316800.0,453763112.0,0.12,0.2,-35.21,12.34
3551,688111,金山办公,274.45,0.16,0.44,177972.0,4878571665.0,3.7,280.0,269.86,279.0,274.01,1.05,3.84,14.5,8.7,127348487236.0,127348487236.0,0.02,0.16,1.03,-10.26
3552,302132,中航成飞,57.99,0.16,0.09,53407.0,309240651.13,1.21,58.25,57.55,57.96,57.9,0.7,0.91,200.99,7.6,154954578894.0,33986170247.0,-0.02,-0.19,-16.45,-26.23
3553,300360,炬华科技,12.69,0.16,0.02,62723.0,79795503.0,2.29,12.89,12.6,12.66,12.67,1.01,1.25,17.12,1.59,6525034629.0,6348510524.0,0.24,0.4,-13.79,-25.75
3554,002449,国星光电,6.4,0.16,0.01,75851.0,48496754.0,1.25,6.44,6.36,6.42,6.39,0.92,1.23,-29.47,1.05,3958253882.0,3958253882.0,0.0,0.16,-22.42,-24.35
3555,300915,海融科技,19.97,0.15,0.03,23770.0,47437328.99,1.96,20.08,19.69,19.69,19.94,0.82,4.13,34.23,1.69,2513010182.0,1149059581.0,-0.1,0.0,-20.44,-14.48
3556,600510,黑牡丹,6.51,0.15,0.01,67712.0,44001474.0,2.46,6.59,6.43,6.51,6.5,0.82,0.66,29.99,0.64,6718485725.0,6718485725.0,-0.15,0.0,-40.28,-22.22
3557,301327,华宝新能,45.95,0.15,0.07,8353.0,38387758.26,1.24,46.26,45.69,46.26,45.88,0.64,0.48,141.41,1.32,8012823308.0,8012823308.0,0.22,0.31,-26.87,-20.32
3558,002906,华阳集团,25.98,0.15,0.04,55494.0,143664406.1,2.51,26.27,25.62,26.0,25.94,0.9,1.06,20.57,1.98,13637396685.0,13629434906.0,0.0,0.0,-18.04,-13.63
3559,301278,快可电子,27.39,0.15,0.04,13660.0,37404865.4,1.9,27.65,27.13,27.52,27.35,1.04,2.66,108.86,1.73,2457106037.0,1407899794.0,-0.04,0.07,-33.89,-17.97
3560,001234,泰慕士,20.28,0.15,0.03,17364.0,35545204.0,3.65,20.97,20.23,20.7,20.25,1.36,1.9,39.86,2.41,2202197088.0,1855325940.0,0.0,0.1,-35.08,-24.41
3561,605116,奥锐特,20.22,0.15,0.03,33638.0,68473250.0,2.63,20.69,20.16,20.32,20.19,1.46,0.83,32.12,3.21,8213024991.0,8213024991.0,0.05,0.15,-9.25,-18.17
3562,000422,湖北宜化,13.31,0.15,0.02,159092.0,211341632.84,1.2,13.35,13.19,13.3,13.29,0.65,1.49,19.98,2.43,14475752517.0,14205575489.0,0.08,0.23,-17.53,-4.66
3563,603326,我乐家居,6.56,0.15,0.01,69122.0,45687313.0,2.75,6.71,6.53,6.6,6.55,0.96,2.17,58.1,1.88,2093800661.0,2093800661.0,0.15,0.15,-20.58,-24.16
3564,603028,赛福天,6.61,0.15,0.01,34460.0,22760691.0,2.58,6.67,6.5,6.65,6.6,0.92,1.21,-97.92,4.09,1897334400.0,1878495900.0,0.0,0.3,-31.57,-29.08
3565,600182,S佳通,13.02,0.15,0.02,14240.0,18533385.0,1.23,13.12,12.96,13.01,13.0,0.93,0.84,23.33,4.19,4426800000.0,2213400000.0,0.0,0.15,-6.73,-10.82
3566,300636,同和药业,6.85,0.15,0.01,66341.0,45734785.88,2.19,6.98,6.83,6.86,6.84,1.2,1.81,38.3,1.22,2876667741.0,2516400135.0,0.0,-0.15,-12.52,-8.3
3567,000670,盈方微,6.72,0.15,0.01,427679.0,287858256.0,2.83,6.82,6.63,6.82,6.71,0.6,5.15,-121.47,184.79,5684746885.0,5580624517.0,0.0,0.0,-17.95,-8.94
3568,603025,大豪科技,13.7,0.15,0.02,68221.0,93310061.0,1.61,13.78,13.56,13.75,13.68,0.75,0.62,16.08,6.21,15298170390.0,15195694390.0,0.0,0.0,-20.4,-21.76
3569,002797,第一创业,6.67,0.15,0.01,428437.0,285648573.97,1.05,6.7,6.63,6.66,6.66,0.85,1.02,20.38,1.62,28030008000.0,28030008000.0,0.0,0.15,-14.27,-1.91
3570,000705,浙江震元,6.67,0.15,0.01,50217.0,33520600.98,2.25,6.75,6.6,6.69,6.66,1.08,1.78,-25.55,1.15,2228602318.0,1880709058.0,0.0,0.15,-18.36,-26.3
3571,600630,龙头股份,6.63,0.15,0.01,133533.0,88181837.0,2.57,6.68,6.51,6.64,6.62,0.96,3.14,28.46,3.53,2816832388.0,2816832388.0,0.15,0.15,-19.93,-26.58
3572,920395,朗鸿科技,7.12,0.14,0.01,5807.0,4130713.64,1.27,7.17,7.08,7.11,7.11,0.64,0.55,27.37,4.94,1086410212.0,748226731.0,0.0,0.42,-26.9,-36.6
3573,301170,锡南科技,22.06,0.14,0.03,10245.0,22715152.0,1.59,22.33,21.98,22.2,22.03,1.13,2.7,23.33,1.24,2206000000.0,838362174.0,0.0,0.09,-27.27,-20.36
3574,002095,生 意 宝,14.45,0.14,0.02,36004.0,52115867.4,2.43,14.7,14.35,14.51,14.43,1.05,1.43,797.17,4.23,3651804000.0,3637186597.0,0.14,0.42,-13.47,-19.68
3575,601901,方正证券,7.13,0.14,0.01,397963.0,283686080.0,0.56,7.15,7.11,7.12,7.12,0.72,0.48,9.87,1.12,58694882946.0,58694882946.0,0.0,0.14,-2.06,-8.47
3576,300396,ST迪瑞,7.0,0.14,0.01,24342.0,16866817.0,2.72,7.02,6.83,7.0,6.99,0.95,0.89,-419.5,1.24,1908901127.0,1905842575.0,1.01,0.86,-16.57,-45.74
3577,600211,西藏药业,39.1,0.13,0.05,32575.0,127989288.0,1.36,39.6,39.07,39.09,39.05,0.97,1.01,10.55,3.48,12602680564.0,12602680564.0,0.0,0.03,-5.9,-6.19
3578,603231,索宝蛋白,15.04,0.13,0.02,15339.0,23018346.0,1.73,15.14,14.88,15.04,15.02,0.9,1.44,22.65,1.46,2879544939.0,1598240369.0,0.2,0.13,-14.25,-16.21
3579,920508,殷图网联,15.47,0.13,0.02,10208.0,15822632.79,4.53,15.75,15.05,15.39,15.45,0.82,3.2,-100.13,4.89,928200000.0,493584660.0,0.0,-0.13,-21.39,-30.32
3580,300193,佳士科技,7.61,0.13,0.01,34859.0,26534252.4,1.18,7.64,7.55,7.6,7.6,0.97,0.83,35.01,1.61,3624261016.0,3191450599.0,0.0,-0.13,-11.1,-12.02
3581,002778,中晟高科,14.99,0.13,0.02,26492.0,39947340.4,2.2,15.27,14.94,14.97,14.97,0.82,2.15,-82.73,5.83,1870051967.0,1850196813.0,0.27,0.13,-26.74,-29.09
3582,600719,大连热电,7.53,0.13,0.01,172976.0,129895654.0,2.26,7.61,7.44,7.49,7.52,1.1,4.28,8.03,7.56,3046634988.0,3046634988.0,0.13,0.27,-21.97,15.49
3583,002873,新天药业,7.84,0.13,0.01,67942.0,53663543.0,2.17,7.99,7.82,7.86,7.83,1.08,2.83,136.89,1.53,1913773839.0,1879173896.0,0.0,0.0,-22.68,-20.73
3584,300543,朗科智能,7.61,0.13,0.01,73320.0,55642571.5,1.58,7.65,7.53,7.59,7.6,1.07,2.93,-70.48,1.66,2331485852.0,1904012929.0,0.13,0.13,-22.82,-31.38
3585,600789,鲁抗医药,7.47,0.13,0.01,178740.0,134132289.0,1.88,7.59,7.45,7.5,7.46,0.98,1.77,36.65,1.53,7807567642.0,7546927532.0,-0.13,0.0,-14.73,-16.91
3586,600706,曲江文旅,7.66,0.13,0.01,66144.0,50942823.0,2.61,7.8,7.6,7.65,7.65,0.67,2.6,-33.86,4.35,1953757953.0,1945871217.0,-0.13,0.0,-19.11,-27.74
3587,600785,新华百货,8.64,0.12,0.01,117496.0,101850983.0,3.01,8.85,8.59,8.66,8.63,0.71,3.72,10.49,1.19,2729235963.0,2729235963.0,0.0,0.23,-33.49,-10.09
3588,920273,一致魔芋,16.56,0.12,0.02,14606.0,24044270.73,3.87,16.71,16.07,16.4,16.54,0.46,2.13,36.7,2.71,1706307690.0,1135853778.0,-0.12,-0.12,-24.07,-48.23
3589,002163,海南发展,8.35,0.12,0.01,208697.0,174138068.12,2.4,8.43,8.23,8.34,8.34,0.78,2.6,-448.11,11.87,7055398189.0,6709633106.0,0.0,0.12,-33.31,-64.97
3590,000049,德赛电池,24.82,0.12,0.03,68810.0,170491854.96,2.14,25.15,24.62,24.92,24.79,0.78,1.79,29.86,1.42,9546728414.0,9544155275.0,0.08,0.16,-12.7,-6.87
3591,920069,普昂医疗,33.65,0.12,0.04,3160.0,10630512.98,1.43,33.84,33.36,33.61,33.61,0.69,2.14,18.81,2.33,1780556100.0,496554240.0,0.0,0.15,-24.37,88.3
3592,002544,普天科技,16.48,0.12,0.02,134084.0,221699775.0,2.61,16.79,16.36,16.46,16.46,1.14,1.97,-169.2,3.02,11215198507.0,11214118507.0,0.06,0.18,-40.44,-52.19
3593,600867,通化东宝,8.37,0.12,0.01,228492.0,192432112.0,1.79,8.5,8.35,8.4,8.36,0.81,1.17,32.32,2.46,16393003479.0,16393003479.0,0.0,0.0,-5.96,6.35
3594,002967,广电计量,17.35,0.12,0.02,37827.0,65512415.3,1.04,17.41,17.23,17.3,17.33,0.86,0.69,163.86,2.3,11097426987.0,9537865659.0,0.0,0.0,-21.99,-20.49
3595,300034,钢研高纳,16.07,0.12,0.02,104140.0,167414744.89,1.99,16.24,15.92,16.1,16.05,0.9,1.36,47.51,3.35,12807172317.0,12326601603.0,-0.06,-0.12,-24.2,-17.76
3596,002296,辉煌科技,9.01,0.11,0.01,116012.0,104309593.0,1.67,9.09,8.94,9.01,9.0,1.2,3.34,14.87,1.41,3510119584.0,3130213150.0,0.0,0.33,-24.48,-18.61
3597,002546,新联电子,8.81,0.11,0.01,721268.0,637440773.06,5.34,9.08,8.61,8.66,8.8,1.74,9.0,20.15,1.94,7347972536.0,7058854766.0,0.0,0.0,3.89,28.24
3598,000678,襄阳轴承,8.89,0.11,0.01,140399.0,124712203.0,3.04,8.97,8.7,8.83,8.88,1.26,3.05,-53.77,5.24,4085948875.0,4085948875.0,-0.11,0.0,-31.19,-40.85
3599,688575,亚辉龙,9.34,0.11,0.01,53652.0,50192110.0,1.61,9.43,9.28,9.33,9.33,0.85,0.94,74.33,1.98,5336766722.0,5336766722.0,0.0,0.0,-30.09,-34.13
3600,301207,华兰疫苗,17.83,0.11,0.02,51027.0,91415327.76,1.97,18.12,17.77,17.93,17.81,1.13,0.85,71.7,2.04,10716320325.0,10709556515.0,-0.06,0.06,-21.21,-0.06
3601,603260,合盛硅业,35.19,0.11,0.04,120174.0,421808129.0,2.25,35.37,34.58,35.15,35.15,1.06,1.02,134.47,1.41,41601862254.0,41601862254.0,0.03,0.2,-22.44,-33.23
3602,301009,可靠股份,9.0,0.11,0.01,35980.0,32491883.0,3.34,9.26,8.96,9.02,8.99,0.86,2.38,325.4,1.87,2446740000.0,1359315252.0,0.0,0.22,-20.63,-28.34
3603,001286,陕西能源,10.27,0.1,0.01,265357.0,271693686.4,1.75,10.34,10.16,10.3,10.26,0.92,1.97,10.84,1.48,38512500000.0,13864500000.0,0.0,0.1,-8.95,15.39
3604,002205,国统股份,10.22,0.1,0.01,23079.0,23730430.2,1.86,10.39,10.2,10.29,10.21,1.04,1.24,-13.89,7.4,1899317790.0,1899317790.0,-0.29,0.0,-27.88,-25.83
3605,300898,熊猫乳品,20.35,0.1,0.02,43010.0,87630557.37,3.1,20.77,20.14,20.32,20.33,0.52,3.75,37.35,2.61,2523400000.0,2335031202.0,0.25,0.25,-16.26,-22.71
3606,002772,众兴菌业,10.42,0.1,0.01,86014.0,89538748.54,1.25,10.47,10.34,10.43,10.41,0.63,2.31,6.0,1.11,3904817194.0,3872453653.0,0.19,0.19,-35.36,-26.36
3607,920837,华原股份,9.63,0.1,0.01,9788.0,9400361.89,2.81,9.79,9.52,9.79,9.62,1.08,0.72,16.59,2.62,1470757996.0,1317266389.0,0.73,0.63,-28.51,-32.75
3608,300306,远方信息,9.59,0.1,0.01,32261.0,31027993.98,1.67,9.71,9.55,9.62,9.58,1.11,2.05,62.38,1.81,2579314681.0,1511407879.0,0.0,-0.1,-24.25,-28.91
3609,920136,永励精密,20.27,0.1,0.02,14482.0,29347206.42,1.09,20.36,20.14,20.14,20.25,0.55,6.9,17.42,1.43,1621600000.0,425670000.0,0.05,0.15,5.13,5.13
3610,920689,克莱特,20.3,0.1,0.02,12903.0,25976506.72,3.11,20.41,19.78,20.0,20.28,1.39,3.4,29.55,3.18,1490020000.0,769991525.0,0.2,0.59,-27.68,-32.91
3611,603711,香飘飘,11.34,0.09,0.01,51211.0,57779745.0,2.29,11.44,11.18,11.33,11.33,0.72,1.24,12.53,1.32,4681992294.0,4681992294.0,0.09,0.27,-22.06,-15.12
3612,002319,乐通股份,10.69,0.09,0.01,112487.0,120800653.0,3.46,10.94,10.57,10.64,10.68,1.05,5.37,106.18,12.53,2239261132.0,2239261132.0,-0.09,0.47,-11.43,-11.21
3613,300923,研奥股份,22.25,0.09,0.02,15533.0,34600073.24,2.07,22.49,22.03,22.32,22.23,1.04,2.04,261.09,1.58,1748850000.0,1698267406.0,0.04,0.18,-23.54,-11.28
3614,920088,科力股份,46.81,0.09,0.04,59395.0,279555523.51,5.9,48.33,45.57,47.0,46.77,0.69,18.24,237.02,5.96,4122626915.0,1524425226.0,0.06,0.15,4.51,60.86
3615,001317,三羊马,54.08,0.09,0.05,61032.0,332056925.55,2.89,55.36,53.8,54.25,54.03,0.74,7.14,-3879.6,4.56,4627398356.0,4622835356.0,0.15,0.07,-4.6,-1.87
3616,301519,舜禹股份,11.44,0.09,0.01,27136.0,31089511.0,2.89,11.66,11.33,11.45,11.43,1.11,3.57,-30.72,1.36,1849194536.0,870502536.0,0.35,0.0,-27.13,-14.11
3617,603700,宁水集团,11.13,0.09,0.01,47966.0,53442423.0,3.69,11.42,11.01,11.19,11.12,1.08,2.4,51.55,1.41,2225576325.0,2225576325.0,-0.09,-0.09,-10.1,-16.25
3618,601615,明阳智能,11.64,0.09,0.01,528091.0,614262127.0,2.75,11.8,11.48,11.58,11.63,1.01,2.34,266.88,1.01,26323821658.0,26323821658.0,-0.09,0.0,-31.33,-18.6
3619,600557,康缘药业,12.82,0.08,0.01,61358.0,79247260.0,2.19,13.09,12.81,12.85,12.81,0.97,1.08,22.89,1.48,7258155893.0,7258155893.0,0.0,-0.08,-6.56,-9.14
3620,603151,邦基科技,12.44,0.08,0.01,38451.0,47823892.0,2.49,12.57,12.26,12.52,12.43,1.02,2.24,131.78,1.57,2130745592.0,2130745592.0,0.08,0.08,-21.61,-30.39
3621,300848,美瑞新材,12.84,0.08,0.01,30013.0,38602892.8,1.25,12.93,12.77,12.93,12.83,1.14,1.19,50.49,3.57,5494077131.0,3250093054.0,0.0,0.16,-24.6,-18.58
3622,603331,百达精工,11.84,0.08,0.01,41020.0,48595186.0,1.52,11.92,11.74,11.84,11.83,0.68,2.03,986.59,2.3,2393759530.0,2393759530.0,0.0,0.0,-20.0,-16.91
3623,920593,鼎智科技,25.26,0.08,0.02,25391.0,63619496.75,3.21,25.46,24.65,25.08,25.24,0.98,1.57,170.02,6.69,4805610727.0,4082275597.0,0.16,0.36,-14.86,-30.68
3624,600855,航天长峰,12.56,0.08,0.01,60804.0,76387933.0,1.27,12.63,12.47,12.56,12.55,0.79,1.3,-39.48,4.21,5884896664.0,5873554984.0,-0.08,-0.08,-39.88,-40.3
3625,300003,乐普医疗,12.93,0.08,0.01,226818.0,294110445.38,1.63,13.09,12.88,12.98,12.92,0.71,1.44,24.14,1.48,23835481578.0,20415332858.0,0.08,0.08,-11.07,-17.38
3626,688599,天合光能,14.29,0.07,0.01,328976.0,471085790.0,2.17,14.46,14.15,14.15,14.28,0.91,1.4,-29.56,1.64,33475292233.0,33475292233.0,-0.28,-0.14,-20.52,-13.66
3627,605005,合兴股份,15.03,0.07,0.01,8102.0,12182978.0,1.13,15.13,14.96,15.12,15.02,0.87,0.2,33.79,2.94,6027030000.0,6027030000.0,-0.53,-0.13,-20.35,-20.81
3628,301019,宁波色母,14.81,0.07,0.01,25613.0,38018526.18,1.62,14.97,14.73,14.97,14.8,0.95,1.76,25.05,2.84,2931729382.0,2149622005.0,0.0,-0.13,-22.5,-19.99
3629,300585,奥联电子,14.3,0.07,0.01,60517.0,86022369.0,4.06,14.5,13.92,14.3,14.29,0.71,3.54,-107.83,3.86,2446888887.0,2446888887.0,0.14,-0.21,-32.42,-19.62
3630,301303,真兰仪表,13.82,0.07,0.01,51805.0,71360265.86,2.39,13.95,13.62,13.85,13.81,1.21,5.07,26.22,1.67,5649616000.0,1412404000.0,0.07,0.0,-5.99,-7.0
3631,603352,至信股份,27.03,0.07,0.02,23444.0,63212380.0,1.15,27.06,26.75,27.01,27.01,0.75,5.17,63.26,2.09,6126800009.0,1225360018.0,0.04,0.07,-26.63,24.16
3632,002258,利尔化学,14.7,0.07,0.01,367698.0,528333951.59,4.02,14.7,14.11,14.51,14.69,0.83,4.6,25.57,1.5,11766427252.0,11747482877.0,0.14,0.14,20.79,14.4
3633,600980,北矿科技,18.15,0.06,0.01,23796.0,43295399.0,1.93,18.39,18.04,18.3,18.14,0.68,1.26,25.8,2.29,3507732997.0,3435132997.0,0.0,0.0,-24.56,-20.53
3634,920252,天宏锂电,16.03,0.06,0.01,19914.0,31982655.29,1.56,16.21,15.96,16.16,16.02,0.53,2.92,177.23,6.29,1645490160.0,1093746761.0,0.19,-0.06,-39.3,-46.83
3635,301616,浙江华业,34.44,0.06,0.02,7007.0,24187882.0,1.37,34.76,34.29,34.4,34.42,1.05,2.47,46.7,1.93,2755200000.0,978157682.0,0.0,0.06,-24.19,-32.04
3636,002956,西麦食品,17.61,0.06,0.01,61735.0,108651409.22,3.3,17.9,17.32,17.71,17.6,0.66,1.98,13.58,3.45,5503928703.0,5503314589.0,-0.11,-0.11,-20.6,-10.61
3637,603993,洛阳钼业,19.19,0.05,0.01,1845298.0,3517465136.0,2.97,19.33,18.76,19.18,19.18,0.99,1.06,13.23,4.96,410556812277.0,335073561357.0,0.05,0.1,-2.69,-2.64
3638,600188,兖矿能源,18.96,0.05,0.01,519713.0,976541260.0,3.38,19.12,18.48,18.95,18.95,1.02,0.87,12.03,2.55,190298714299.0,113027234299.0,-0.05,0.05,-10.1,47.78
3639,603059,倍加洁,23.87,0.04,0.01,11666.0,27892626.0,2.1,24.2,23.7,23.99,23.86,0.78,1.16,30.63,2.2,2401744499.0,2397710469.0,0.04,0.0,-29.06,-19.93
3640,920110,雷特科技,25.89,0.04,0.01,2045.0,5282150.11,3.01,26.24,25.46,26.08,25.88,0.66,1.26,45.39,2.84,1009710000.0,420427710.0,0.08,0.94,-19.65,-26.55
3641,301336,趣睡科技,40.02,0.02,0.01,6653.0,26711056.5,2.47,40.76,39.77,40.31,40.01,0.57,1.66,64.34,2.49,2077219691.0,1607440359.0,0.08,-0.07,-8.15,1.04
3642,688825,长鑫科技,55.0,0.02,0.01,5082056.0,27763260695.0,5.71,56.16,53.02,55.0,54.99,0.62,11.29,37.14,26.39,3678448734235.0,247667143405.0,0.0,-0.04,535.1,535.1
3643,600653,申华控股,1.67,0.0,0.0,165240.0,27619278.0,2.99,1.7,1.65,1.68,1.67,0.89,0.85,-36.52,5.2,3250455129.0,3250455129.0,0.6,0.6,-8.74,-12.11
3644,600748,上实发展,3.8,0.0,0.0,113230.0,42947568.0,2.63,3.85,3.75,3.79,3.8,0.57,0.61,-14.99,0.68,7009338990.0,7009338990.0,0.0,0.26,-36.98,-29.89
3645,300510,金冠股份,3.52,0.0,0.0,306325.0,107932509.0,2.27,3.57,3.49,3.49,3.52,0.89,3.71,-23.75,1.51,2902911264.0,2902911264.0,0.0,0.28,-17.56,-14.77
3646,002307,北新路桥,3.1,0.0,0.0,175946.0,54398086.16,1.61,3.12,3.07,3.1,3.1,0.79,1.08,-20.71,1.18,5111215074.0,5050281415.0,0.0,0.32,-29.71,-38.61
3647,600731,湖南海利,5.83,0.0,0.0,78115.0,45357406.0,1.89,5.86,5.75,5.83,5.83,0.82,1.44,18.09,1.0,3228959585.0,3158009937.0,0.0,0.0,-12.99,-13.88
3648,002285,世联行,2.15,0.0,0.0,283645.0,60890995.65,2.79,2.18,2.12,2.15,2.15,0.79,1.44,-265.25,1.96,4284582432.0,4246762670.0,-0.46,0.0,-34.85,-24.56
3649,300519,新光药业,13.73,0.0,0.0,46139.0,63645612.5,2.91,14.08,13.68,13.73,13.73,0.69,4.04,20.83,2.69,2196800000.0,1566593000.0,0.0,0.07,-16.59,-5.96
3650,002305,*ST南置,2.01,0.0,0.0,175674.0,35199778.0,1.49,2.02,1.99,2.0,2.01,1.02,1.01,55.19,13.93,3485773698.0,3485547585.0,0.5,0.5,-15.19,-9.87
3651,002210,飞马国际,2.3,0.0,0.0,544178.0,124900584.69,2.61,2.32,2.26,2.3,2.3,0.92,2.05,131.88,6.53,6120835380.0,6107116053.0,0.0,-0.43,-27.67,-36.11
3652,300173,ST福能,3.22,0.0,0.0,55937.0,17965698.0,1.86,3.24,3.18,3.23,3.22,0.9,0.76,-23.15,2.91,2365816748.0,2365816748.0,0.0,0.0,-23.52,-23.88
3653,002996,顺博合金,6.26,0.0,0.0,57454.0,35962591.56,1.6,6.31,6.21,6.27,6.26,0.89,1.25,8.29,1.29,4190674593.0,2869443094.0,0.0,0.16,-15.63,-15.97
3654,002323,*ST雅博,1.33,0.0,0.0,404611.0,53692740.41,2.26,1.34,1.31,1.32,1.33,1.1,1.91,-63.32,14.72,2820737339.0,2820252953.0,0.0,-0.75,-2.21,-18.9
3655,600503,华丽家族,2.11,0.0,0.0,303317.0,63905235.0,2.84,2.14,2.08,2.13,2.11,1.03,1.89,-163.71,0.98,3380831900.0,3380831900.0,0.0,0.48,-17.58,-21.27
3656,002431,ST棕榈,1.35,0.0,0.0,174884.0,23461159.0,2.22,1.36,1.33,1.35,1.35,0.9,0.97,-4.8,8.19,2433246433.0,2433246433.0,0.0,0.0,-20.59,-43.51
3657,920262,太湖雪,13.56,0.0,0.0,10087.0,13704257.73,2.58,13.84,13.49,13.59,13.56,0.57,2.62,20.78,2.96,1124626018.0,522826126.0,-0.07,0.15,-20.79,-33.04
3658,002489,浙江永强,2.77,0.0,0.0,212612.0,58657478.0,1.81,2.79,2.74,2.77,2.77,0.81,1.11,9.69,1.35,6008175187.0,5299069389.0,0.0,0.73,-27.49,-26.53
3659,300463,迈克生物,9.23,0.0,0.0,73792.0,68244498.14,1.84,9.34,9.17,9.27,9.23,0.93,1.5,81.46,0.88,5581072940.0,4537458198.0,0.0,0.33,-17.74,-17.52
3660,002476,新叶股份,4.5,0.0,0.0,89912.0,40710773.0,2.0,4.57,4.48,4.52,4.5,1.08,1.47,56.58,2.86,2754000000.0,2754000000.0,0.22,0.0,-26.59,-37.85
3661,600720,中交设计,5.37,0.0,0.0,102646.0,54847472.0,1.49,5.39,5.31,5.37,5.37,1.13,1.02,43.12,0.78,12321978184.0,5418597270.0,0.0,0.19,-18.26,-24.26
3662,002160,常铝股份,3.88,0.0,0.0,156015.0,60477163.89,2.06,3.91,3.83,3.88,3.88,0.94,1.51,78.83,1.06,4007190928.0,3999230417.0,0.0,0.26,-20.98,-25.38
3663,600509,天富能源,7.75,0.0,0.0,192866.0,149535163.0,1.55,7.83,7.71,7.75,7.75,0.55,1.4,15.2,1.39,10651579904.0,10651579904.0,-0.13,0.0,-14.84,-5.26
3664,600491,ST龙元,1.25,0.0,0.0,418324.0,51936108.0,1.6,1.25,1.23,1.25,1.25,0.82,2.73,-3.7,0.28,1912197444.0,1912197444.0,0.81,0.0,-22.84,-52.65
3665,600724,宁波富达,5.11,0.0,0.0,72186.0,36717162.0,1.76,5.14,5.05,5.14,5.11,0.87,0.5,30.75,2.68,7385181873.0,7383657013.0,0.2,0.0,-35.32,-9.4
3666,002357,富临运业,8.82,0.0,0.0,58737.0,51784512.44,3.06,9.0,8.73,8.85,8.82,0.73,1.87,10.55,1.56,2764973298.0,2764874073.0,0.11,0.23,-30.66,-17.34
3667,920271,邦德股份,9.38,0.0,0.0,9034.0,8466551.07,1.81,9.47,9.3,9.34,9.38,1.5,1.56,18.84,1.96,1227119740.0,543012243.0,-0.11,0.11,-26.49,-41.99
3668,603077,和邦生物,2.39,0.0,0.0,1258371.0,301217488.0,2.09,2.42,2.37,2.38,2.39,0.86,1.42,30.4,1.19,21107776690.0,21107776690.0,0.0,0.0,-16.72,5.75
3669,002442,龙星科技,4.9,0.0,0.0,75536.0,37105699.67,1.63,4.95,4.87,4.9,4.9,0.75,1.54,69.81,1.34,2466531061.0,2408402758.0,0.2,0.2,-20.97,-21.1
3670,600467,好当家,2.26,0.0,0.0,211317.0,47680475.0,2.65,2.29,2.23,2.27,2.26,0.78,1.45,105.32,0.97,3301847127.0,3301847127.0,0.0,0.44,-7.38,-12.74
3671,600791,京能置业,6.7,0.0,0.0,151340.0,101983862.0,3.73,6.86,6.61,6.84,6.7,1.02,3.35,-10.19,-5.0,3034296000.0,3030501763.0,-0.45,-0.45,-53.79,43.16
3672,600684,珠江股份,3.5,0.0,0.0,106978.0,37415557.0,2.29,3.54,3.46,3.48,3.5,0.68,1.25,-149.08,3.07,3871259991.0,2987112531.0,0.0,0.29,-21.35,-19.72
3673,600736,苏州高新,6.62,0.0,0.0,211042.0,138946630.0,2.11,6.65,6.51,6.62,6.62,0.76,1.83,8.86,1.03,7621559044.0,7621559044.0,0.15,0.3,-33.06,-1.78
3674,300525,博思软件,9.01,0.0,0.0,299327.0,271096118.76,3.0,9.21,8.94,8.94,9.01,0.77,4.85,-27.13,2.76,6772236558.0,5555921363.0,-0.11,-0.22,-12.35,-35.83
3675,002355,兴民智通,4.49,0.0,0.0,115130.0,51830479.5,2.45,4.56,4.45,4.5,4.49,1.01,1.86,-4.49,3.67,3001479690.0,2775568259.0,0.0,0.22,-32.07,-25.91
3676,600568,ST中珠,2.29,0.0,0.0,59383.0,13636560.0,1.75,2.32,2.28,2.3,2.29,0.79,0.36,-56.91,2.82,4563671569.0,3822164069.0,0.0,0.0,-8.03,-8.76
3677,920436,大地电气,10.27,0.0,0.0,6342.0,6533168.93,1.75,10.41,10.23,10.3,10.27,0.68,0.71,115.81,2.5,977474363.0,917973074.0,-0.48,-0.1,-32.03,-40.77
3678,920425,乐创技术,14.4,0.0,0.0,17778.0,25656497.78,1.53,14.56,14.34,14.43,14.4,1.04,2.14,17.11,5.16,1450240805.0,1193740085.0,0.0,0.07,-25.93,-1.97
3679,300512,中亚股份,7.0,0.0,0.0,54721.0,38431738.09,2.71,7.14,6.95,6.99,7.0,1.31,1.69,32.77,1.76,2864661625.0,2267350407.0,0.0,0.14,-26.0,-26.32
3680,600743,华远控股,2.18,0.0,0.0,168121.0,36452771.0,2.29,2.2,2.15,2.19,2.18,0.61,0.72,-132.0,9.23,5114499905.0,5114499905.0,0.0,0.0,-18.96,9.0
3681,000736,中交发展,4.42,0.0,0.0,120016.0,53287302.42,2.94,4.51,4.38,4.4,4.42,0.64,1.61,240.34,2.72,3302174932.0,3302174932.0,-0.23,0.0,-21.77,-17.69
3682,000750,国海证券,3.86,0.0,0.0,355313.0,137388454.78,1.04,3.89,3.85,3.87,3.86,0.73,0.61,23.99,1.09,24650633481.0,22373347351.0,0.0,0.0,-1.78,-8.31
3683,603060,国检集团,5.51,0.0,0.0,66787.0,36791337.0,2.0,5.57,5.46,5.51,5.51,1.16,0.83,-41.67,2.25,4429841943.0,4429841943.0,0.18,0.18,-19.56,-8.32
3684,603616,韩建河山,5.12,0.0,0.0,104941.0,53811831.0,1.76,5.16,5.07,5.13,5.12,0.92,2.73,-50.53,9.32,1982556160.0,1967580160.0,-0.19,0.0,-23.92,-1.35
3685,603613,国联股份,19.87,0.0,0.0,106151.0,210957562.0,3.42,20.24,19.56,19.8,19.87,0.92,1.47,13.06,1.53,14317086344.0,14317086344.0,0.0,-0.05,-30.04,-29.04
3686,603617,君禾股份,6.81,0.0,0.0,201273.0,138656434.0,4.99,7.09,6.75,7.0,6.81,2.77,5.2,37.93,1.73,2654615205.0,2633606355.0,0.29,0.29,-11.79,-9.08
3687,603363,傲农生物,2.85,0.0,0.0,186961.0,53087854.0,1.4,2.86,2.82,2.85,2.85,0.88,0.87,-145.98,2.31,7783526204.0,6117780554.0,0.0,0.35,-13.11,-38.18
3688,603348,文灿股份,14.48,0.0,0.0,32927.0,47781305.0,1.52,14.63,14.41,14.58,14.48,0.77,1.05,-14.27,1.17,4553629740.0,4553629740.0,0.0,0.0,-24.35,-24.82
3689,300993,玉马科技,9.99,0.0,0.0,23815.0,23745063.0,1.7,10.05,9.88,10.05,9.99,0.88,0.98,27.62,2.0,3078230688.0,2416134887.0,0.2,0.2,-20.21,-31.2
3690,002332,仙琚制药,8.68,0.0,0.0,99465.0,86481893.94,1.5,8.78,8.65,8.69,8.68,0.98,1.01,22.86,1.46,8586298237.0,8546099811.0,0.0,-0.12,-0.12,-1.48
3691,002349,精华制药,6.79,0.0,0.0,91308.0,62188508.0,1.91,6.89,6.76,6.8,6.79,1.05,1.12,21.42,2.05,5643361211.0,5528288365.0,-0.15,0.15,-10.42,-5.3
3692,002333,罗普斯金,5.33,0.0,0.0,49928.0,26579998.0,1.69,5.37,5.28,5.34,5.33,0.68,0.75,86.12,1.87,3597349184.0,3552495438.0,0.38,0.38,-2.38,-4.99
3693,002251,步步高,3.75,0.0,0.0,676257.0,253948210.11,1.87,3.79,3.72,3.77,3.75,0.63,3.04,21.65,1.19,10082623834.0,8334270446.0,0.27,0.27,-8.54,-29.38
3694,603205,健尔康,21.08,0.0,0.0,6393.0,13511854.0,2.89,21.5,20.89,21.2,21.08,0.93,1.55,29.92,2.22,3288480000.0,871447200.0,0.0,0.0,-19.17,-25.62
3695,603178,圣龙股份,17.13,0.0,0.0,140621.0,240530657.0,2.1,17.27,16.91,17.12,17.13,0.81,5.95,53.63,3.54,4049735522.0,4049735522.0,0.0,0.29,-14.9,-9.22
3696,600187,*ST国中,1.41,0.0,0.0,307375.0,43126871.0,2.13,1.42,1.39,1.41,1.41,1.08,1.9,32.48,0.76,2275431355.0,2275431355.0,0.0,0.0,-7.24,-43.37
3697,600249,两面针,5.08,0.0,0.0,60358.0,30665713.0,1.57,5.13,5.05,5.08,5.08,0.91,1.1,-18.25,1.31,2794000000.0,2794000000.0,0.0,0.0,-17.93,-11.65
3698,600252,中恒集团,2.25,0.0,0.0,365793.0,82883723.0,2.22,2.29,2.24,2.25,2.25,0.91,1.15,-53.42,1.36,7164366908.0,7164366908.0,-0.44,-0.44,-6.25,-17.88
3699,600272,开开实业,10.79,0.0,0.0,25982.0,28157778.0,2.13,10.98,10.75,10.83,10.79,1.02,1.62,39.26,3.58,2834014487.0,1726400000.0,0.0,0.19,-15.77,-20.78
3700,600302,ST标准,6.12,0.0,0.0,35392.0,21523401.0,2.94,6.16,5.98,6.13,6.12,0.61,1.02,-25.67,4.37,2117580000.0,2117580000.0,-0.33,0.0,-23.98,-41.66
3701,002545,东方铁塔,17.84,0.0,0.0,182477.0,326757424.37,2.24,18.12,17.72,17.84,17.84,0.62,1.61,13.81,2.25,22194067561.0,20162120551.0,-0.06,0.17,-23.7,-1.71
3702,300075,数字政通,11.48,0.0,0.0,124762.0,144184747.12,2.18,11.7,11.45,11.55,11.48,0.86,2.42,167.37,2.25,7130574214.0,5917233704.0,0.0,0.0,-19.55,-25.16
3703,000631,顺发恒能,2.94,0.0,0.0,96127.0,28241445.0,2.38,2.98,2.91,2.97,2.94,0.9,0.42,238.92,1.24,6762000250.0,6762000250.0,0.0,0.34,-14.04,-9.26
3704,002483,润邦股份,5.26,0.0,0.0,119155.0,62424200.55,1.9,5.29,5.19,5.28,5.26,1.09,1.35,17.04,1.04,4662823852.0,4656419203.0,-0.19,0.19,-17.3,-24.75
3705,300027,ST华谊,1.85,0.0,0.0,383863.0,71028194.87,3.24,1.89,1.83,1.85,1.85,0.99,1.5,-44.67,-447.86,5132835950.0,4744469021.0,0.54,0.0,-7.96,-14.75
3706,603117,万林物流,3.69,0.0,0.0,83640.0,30841533.0,2.44,3.74,3.65,3.69,3.69,1.0,1.4,-90.97,2.16,2211039668.0,2211039668.0,0.54,0.54,-28.9,-21.82
3707,000718,苏宁环球,1.9,0.0,0.0,211908.0,40087271.7,2.63,1.92,1.87,1.91,1.9,0.93,0.93,289.82,0.63,5765809130.0,4335476567.0,0.0,0.53,-12.44,-17.03
3708,601949,中国出版,5.58,0.0,0.0,151913.0,84822392.0,2.33,5.66,5.53,5.6,5.58,1.05,0.8,-26.46,1.09,10624141741.0,10624141741.0,0.0,0.36,-3.46,-12.13
3709,600322,津投城开,2.59,0.0,0.0,146176.0,37762045.0,2.7,2.63,2.56,2.59,2.59,0.64,1.32,6262.85,37.65,2863763000.0,2863763000.0,0.39,0.39,-5.47,11.16
3710,002514,*ST宝馨,2.0,0.0,0.0,665208.0,135307462.0,6.5,2.1,1.97,2.0,2.0,1.0,12.01,-28.68,-27.28,1440068528.0,1108065228.0,-0.5,0.0,-34.85,-65.99
3711,600327,大东方,3.63,0.0,0.0,77449.0,28193084.0,1.65,3.67,3.61,3.65,3.63,0.75,0.88,44.27,1.14,3211749650.0,3211749650.0,-0.27,-0.27,-8.79,-26.67
3712,000692,惠天热电,3.85,0.0,0.0,102295.0,39453943.32,2.34,3.91,3.82,3.85,3.85,0.88,1.92,10.4,11.06,2051406958.0,2051406958.0,0.0,0.52,-26.25,11.92
3713,603079,圣达生物,11.43,0.0,0.0,30318.0,34776232.0,2.19,11.61,11.36,11.49,11.43,0.97,1.6,41.0,1.37,2160608602.0,2160608602.0,0.0,0.26,-28.11,-35.13
3714,603107,上海汽配,12.29,0.0,0.0,43295.0,53063040.0,1.06,12.34,12.21,12.24,12.29,0.78,1.98,23.15,1.99,4145847150.0,2681358435.0,0.0,0.24,-14.06,-15.42
3715,600819,耀皮玻璃,5.47,0.0,0.0,61604.0,33700088.0,1.65,5.52,5.43,5.48,5.47,0.59,0.78,55.21,1.38,5342861189.0,4317236178.0,0.18,0.18,-19.44,-32.22
3716,300266,兴源环境,1.87,0.0,0.0,190377.0,35650181.0,2.67,1.9,1.85,1.87,1.87,0.92,1.23,-22.8,95.13,2905619677.0,2904186883.0,0.0,0.0,-15.77,-27.24
3717,600807,济高发展,2.51,0.0,0.0,127919.0,32174527.0,2.39,2.55,2.49,2.51,2.51,0.99,1.63,-24.28,7.51,2220433175.0,1975416345.0,-0.4,0.4,-20.32,-18.51
3718,002445,中南文化,2.95,0.0,0.0,423361.0,125286207.8,2.03,2.99,2.93,2.95,2.95,1.03,1.79,66.56,3.07,7010992216.0,6980602620.0,-0.34,0.0,-23.77,13.46
3719,000567,海德股份,6.25,0.0,0.0,193493.0,120376457.62,1.76,6.28,6.17,6.25,6.25,0.69,0.99,7.28,2.03,12216200969.0,12178373956.0,0.0,0.0,-9.29,-2.65
3720,603235,天新药业,24.06,0.0,0.0,3017.0,7249958.0,1.29,24.19,23.88,24.07,24.06,0.96,0.07,17.91,2.18,10532986800.0,10532986800.0,0.04,-0.04,-5.61,-8.93
3721,920187,通领科技,20.08,0.0,0.0,6773.0,13528364.73,1.89,20.2,19.82,20.12,20.08,0.73,2.04,17.21,1.46,1816838400.0,666560921.0,0.25,0.1,-19.23,0.0
3722,920191,瑞尔竞达,8.79,0.0,0.0,9090.0,7984642.96,1.59,8.86,8.72,8.82,8.79,0.75,2.28,18.31,1.53,1559305566.0,350852850.0,0.0,0.11,-35.98,14.01
3723,603898,好莱客,10.53,0.0,0.0,33692.0,35565679.0,3.99,10.82,10.4,10.74,10.53,1.05,1.12,-35.75,1.04,3161416445.0,3161416445.0,0.29,0.29,-19.98,-20.65
3724,301622,英思特,42.48,0.0,0.0,10492.0,44623754.24,1.41,42.95,42.35,42.75,42.48,0.8,1.62,-97.53,3.2,4924786262.0,2746731142.0,-0.02,0.19,-29.51,-33.88
3725,000822,山东海化,4.36,0.0,0.0,232769.0,101910259.75,3.9,4.49,4.32,4.4,4.36,1.67,2.6,-12.16,1.04,3902600797.0,3902600797.0,0.23,0.23,-21.86,-16.95
3726,601877,正泰电器,25.88,0.0,0.0,210167.0,543273874.0,1.66,26.03,25.6,25.88,25.88,0.96,0.98,10.97,1.26,55615317099.0,55615317099.0,0.0,0.0,-20.42,-5.2
3727,002688,金河生物,5.11,0.0,0.0,54804.0,27956087.2,1.57,5.14,5.06,5.11,5.11,0.83,0.73,15.78,1.78,3932167474.0,3819539083.0,0.2,0.2,-14.55,-12.65
3728,002676,顺威股份,5.05,0.0,0.0,81627.0,41188439.0,1.78,5.08,4.99,5.06,5.05,0.76,1.13,34.6,2.72,3636000000.0,3635881118.0,0.0,0.4,-33.9,-38.64
3729,000862,银星能源,5.63,0.0,0.0,341775.0,192896411.94,1.95,5.71,5.6,5.66,5.63,0.61,5.44,23.29,1.19,5168084938.0,3535454705.0,0.0,0.18,-19.46,-3.6
3730,600089,特变电工,21.38,0.0,0.0,1220433.0,2604961295.0,2.29,21.56,21.07,21.44,21.38,1.14,2.42,14.88,1.54,108028705168.0,108028705168.0,0.0,0.05,-22.59,-2.2
3731,002694,*ST顾地,2.13,0.0,0.0,42704.0,9085396.0,4.23,2.17,2.08,2.16,2.13,0.95,0.59,-43.29,-21.6,1625370624.0,1531038728.0,0.0,0.47,-26.55,-43.35
3732,600165,ST宁科,2.37,0.0,0.0,52871.0,12483136.0,5.06,2.41,2.29,2.29,2.37,0.75,0.72,-14.89,3.35,3829644547.0,1737005341.0,0.42,0.42,-23.55,-42.89
3733,600157,永泰能源,1.6,0.0,0.0,3331933.0,533067740.0,1.88,1.62,1.59,1.61,1.6,0.84,1.53,141.12,0.74,34908422632.0,34908422632.0,0.63,0.63,-12.09,1.91
3734,600136,ST明诚,1.43,0.0,0.0,86826.0,12438250.0,1.4,1.44,1.42,1.43,1.43,0.99,0.45,-346.11,12.89,2918381081.0,2778617976.0,-0.69,-0.69,-18.29,-15.38
3735,000629,钒钛股份,3.12,0.0,0.0,835601.0,260415604.05,1.92,3.15,3.09,3.13,3.12,0.87,0.9,100.84,2.34,28987757276.0,28986186622.0,0.0,0.32,-20.41,0.65
3736,600239,ST云城,1.4,0.0,0.0,117053.0,16340935.0,2.14,1.41,1.38,1.4,1.4,0.82,0.73,-24.33,2.23,2247961673.0,2247961673.0,0.0,0.0,-16.17,-40.43
3737,600241,时代万恒,7.09,0.0,0.0,58187.0,41540216.0,2.54,7.24,7.06,7.11,7.09,0.5,1.98,-44.3,2.04,2086601995.0,2086601995.0,0.28,0.14,-26.07,-15.09
3738,300011,鼎汉技术,5.97,0.0,0.0,42188.0,25119405.0,1.84,6.01,5.9,6.0,5.97,0.89,0.83,-59.96,2.39,3615165660.0,3028318344.0,0.0,0.17,-19.11,-30.42
3739,300423,昇辉科技,5.82,0.0,0.0,133367.0,77572897.62,1.72,5.86,5.76,5.83,5.82,1.36,4.0,-30.62,2.52,2895515708.0,1939163460.0,-0.17,0.0,-28.33,-30.55
3740,600208,衢州发展,2.92,0.0,0.0,786550.0,228797750.0,2.4,2.94,2.87,2.92,2.92,0.82,0.92,19.75,0.59,24846107136.0,24843290904.0,0.0,0.0,-42.75,-24.55
3741,603948,建业股份,19.82,0.0,0.0,11595.0,23038998.0,1.46,20.01,19.72,19.89,19.82,0.88,0.71,15.21,1.57,3220535290.0,3220535290.0,0.1,0.1,-24.9,-24.64
3742,000545,金浦钛业,2.54,0.0,0.0,254687.0,64688220.0,2.36,2.57,2.51,2.56,2.54,0.78,2.58,-22.06,4.02,2506556064.0,2502923864.0,0.0,0.4,-17.53,-9.93
3743,002818,富森美,10.9,0.0,0.0,31461.0,34208090.0,1.28,10.96,10.82,10.93,10.9,0.56,1.05,5.26,1.42,8158202446.0,3251850257.0,0.0,0.0,-5.63,0.93
3744,003035,南网能源,5.72,0.0,0.0,283459.0,161993847.78,1.92,5.79,5.68,5.76,5.72,0.84,0.75,63.29,3.11,21666666662.0,21666666662.0,0.18,0.35,-27.5,25.44
3745,605050,福然德,10.76,0.0,0.0,34435.0,36848681.0,1.86,10.79,10.59,10.7,10.76,1.01,0.7,15.32,1.21,5302841988.0,5302841988.0,0.09,0.09,-13.57,-17.67
3746,300194,福安药业,3.75,0.0,0.0,193855.0,73120498.5,2.67,3.83,3.73,3.76,3.75,1.33,2.0,20.31,1.02,4461421433.0,3631290810.0,0.0,0.27,-9.2,-14.38
3747,603508,思维列控,23.4,0.0,0.0,51455.0,120085202.0,2.22,23.62,23.1,23.5,23.4,1.27,1.35,13.89,2.25,8921820422.0,8921820422.0,-0.04,-0.17,-10.72,-14.29
3748,000561,烽火电子,7.67,0.0,0.0,89771.0,68744162.19,2.22,7.75,7.58,7.68,7.67,0.8,1.16,-31.14,2.28,6627019885.0,5953817251.0,0.0,0.26,-22.84,-37.23
3749,300732,设研院,5.94,0.0,0.0,51455.0,30643219.52,1.85,6.02,5.91,5.97,5.94,0.84,1.39,-80.73,0.79,2201126828.0,2198688559.0,0.0,0.0,-24.91,-20.8
3750,603900,莱绅通灵,5.86,0.0,0.0,75837.0,44748658.0,2.05,5.97,5.85,5.86,5.86,1.12,2.21,9.39,1.01,2009768102.0,2008361702.0,0.17,-0.17,-25.92,-30.73
3751,688223,晶科能源,4.55,0.0,0.0,967276.0,438941938.0,1.76,4.58,4.5,4.54,4.55,0.86,0.94,-8.65,1.87,46725825788.0,46725825788.0,0.22,0.22,-38.35,-19.33
3752,920146,华阳变速,5.03,0.0,0.0,12271.0,6151153.34,2.19,5.08,4.97,5.07,5.03,0.84,1.13,-13.52,3.7,679001928.0,546223504.0,-0.2,0.0,-27.73,-41.71
3753,601177,杭齿前进,13.21,0.0,0.0,56906.0,75034992.0,1.67,13.27,13.05,13.21,13.21,0.97,1.41,21.46,1.87,5385895335.0,5315921965.0,0.08,0.08,-22.48,-23.55
3754,300827,上能电气,25.91,0.0,0.0,164375.0,426823114.79,1.54,26.2,25.8,25.99,25.91,1.18,3.77,36.87,3.41,14423878812.0,11310758525.0,0.0,0.12,-34.49,-24.02
3755,920675,秉扬科技,7.26,0.0,0.0,10728.0,7802846.91,1.93,7.37,7.23,7.3,7.26,0.9,1.36,23.53,2.09,1249910640.0,573669736.0,0.14,-0.27,-23.98,-24.69
3756,601226,华电科工,6.32,0.0,0.0,133957.0,84658856.0,1.9,6.37,6.25,6.32,6.32,1.02,1.15,-35.17,1.71,7345253784.0,7345253784.0,0.16,0.16,-30.7,-18.87
3757,300187,永清环保,4.63,0.0,0.0,108702.0,50472418.82,1.73,4.69,4.61,4.66,4.63,1.13,1.69,16.79,2.62,2989230624.0,2971889084.0,0.22,0.22,-20.31,-4.34
3758,920011,晨光电机,19.21,0.0,0.0,7730.0,14820222.67,2.34,19.34,18.89,19.22,19.21,0.83,4.16,24.98,1.87,1588026673.0,357306019.0,0.0,0.05,-30.9,23.94
3759,603310,巍华新材,14.69,0.0,0.0,16414.0,24051553.0,1.02,14.74,14.59,14.71,14.69,1.12,0.85,30.83,1.27,5073044600.0,2850006900.0,0.14,0.14,-10.7,-11.56
3760,000530,冰山冷热,5.02,0.0,0.0,118913.0,59431366.0,1.59,5.03,4.95,5.01,5.02,1.03,1.98,49.95,1.35,4232926785.0,3012585960.0,0.0,0.2,-17.02,-30.95
3761,601515,衢州东峰,3.34,0.0,0.0,123882.0,41346904.0,1.2,3.36,3.32,3.33,3.34,0.92,0.64,-151.86,1.31,6427732041.0,6427732041.0,0.0,0.0,-32.11,-22.33
3762,001202,炬申股份,12.83,0.0,0.0,34123.0,43682599.51,3.12,12.96,12.56,12.82,12.83,0.79,2.92,60.72,2.49,2138646941.0,1498851343.0,-0.08,0.08,-26.22,-19.1
3763,920627,力王股份,13.99,0.0,0.0,11122.0,15535349.5,1.79,14.11,13.86,14.03,13.99,0.71,2.38,33.81,2.82,1321355500.0,654976825.0,0.0,0.29,-33.03,-34.13
3764,002877,智能自控,7.2,0.0,0.0,46879.0,33719950.32,1.39,7.25,7.15,7.22,7.2,1.03,1.95,105.43,2.13,2562074604.0,1731705494.0,0.14,0.14,-21.74,-21.4
3765,002872,ST天圣,5.05,0.0,0.0,26881.0,13682677.5,1.58,5.13,5.05,5.07,5.05,1.53,1.25,-41.03,0.83,1605900000.0,1085336577.0,0.0,0.0,-9.17,3.91
3766,688201,ST信安,7.14,0.0,0.0,26329.0,18728167.0,1.54,7.17,7.06,7.17,7.14,1.08,0.83,-39.47,1.76,2264478246.0,2264478246.0,0.14,0.14,-18.49,-51.13
3767,688186,广大特材,14.78,0.0,0.0,50273.0,73884245.0,2.3,14.82,14.48,14.7,14.78,1.13,1.79,196.8,0.88,4145632682.0,4145632682.0,0.14,0.27,-30.58,-34.83
3768,002953,日丰股份,9.76,0.0,0.0,86734.0,84628446.2,1.84,9.88,9.7,9.84,9.76,0.79,3.08,26.79,2.2,4797817364.0,2745378376.0,0.1,0.21,-17.5,-14.24
3769,000911,*ST广糖,4.44,0.0,0.0,35569.0,15675433.0,2.93,4.48,4.35,4.45,4.44,0.93,0.89,-17.24,-19.3,1777419992.0,1777419992.0,0.45,0.45,-22.78,-39.26
3770,000919,金陵药业,6.36,0.0,0.0,90902.0,57906392.0,1.42,6.42,6.33,6.37,6.36,0.95,1.46,35.31,1.06,3955439998.0,3954436390.0,0.0,0.0,-12.4,-18.98
3771,605336,*ST帅电,10.45,0.0,0.0,8434.0,8773115.0,2.3,10.55,10.31,10.45,10.45,0.78,0.46,-66.54,1.06,1916660103.0,1916660103.0,0.48,0.77,-44.21,-33.61
3772,000936,华西股份,5.26,0.0,0.0,131973.0,69814668.27,2.66,5.37,5.23,5.27,5.26,1.12,1.49,182.19,0.92,4660427786.0,4659767393.0,0.0,0.19,-31.06,-35.93
3773,301059,金三江,11.18,0.0,0.0,24271.0,27031968.41,1.61,11.23,11.05,11.22,11.18,0.96,1.18,28.48,4.24,2584301720.0,2309168337.0,0.0,0.18,-24.15,-9.84
3774,920076,国亮新材,12.6,0.0,0.0,5665.0,7136406.78,0.87,12.66,12.55,12.63,12.6,0.81,1.54,16.19,1.52,1475312416.0,464082381.0,0.16,0.16,-20.05,68.67
3775,000993,闽东电力,10.29,0.0,0.0,95790.0,98614257.3,1.85,10.42,10.23,10.3,10.29,1.0,2.09,-43.33,1.91,4712320472.0,4712320472.0,0.19,0.39,-18.91,-12.8
3776,601688,华泰证券,19.6,0.0,0.0,514908.0,1010920787.0,1.07,19.75,19.54,19.64,19.6,0.67,0.7,9.21,0.99,176926530206.0,143212458878.0,-0.1,-0.05,1.19,-16.91
3777,920717,瑞星股份,8.36,0.0,0.0,14893.0,12310526.75,3.11,8.39,8.13,8.32,8.36,0.36,3.36,94.03,1.74,958724800.0,370180800.0,0.48,-0.12,-9.62,-24.68
3778,000978,桂林旅游,6.01,0.0,0.0,73239.0,43905433.0,1.66,6.03,5.93,6.0,6.01,0.61,1.56,-59.45,2.63,2813461300.0,2813402703.0,0.0,0.0,-9.9,-16.99
3779,000078,ST海王,1.67,0.0,0.0,841069.0,140980628.76,4.19,1.72,1.65,1.69,1.67,0.9,3.2,75.8,3.54,4393975839.0,4384110226.0,-0.6,0.6,-35.52,-51.73
3780,920974,凯大催化,6.04,0.0,0.0,10502.0,6324278.65,1.99,6.1,5.98,6.03,6.04,0.81,0.82,18.85,1.52,989352000.0,775848836.0,0.0,0.0,-24.31,-23.45
3781,000008,神州高铁,2.44,0.0,0.0,353952.0,86745552.04,3.69,2.51,2.42,2.47,2.44,1.16,1.3,-54.5,3.07,6627961547.0,6627764563.0,0.0,0.0,-12.86,-14.39
3782,000153,丰原药业,5.54,0.0,0.0,63549.0,35457483.0,2.17,5.64,5.52,5.55,5.54,0.9,1.38,17.39,1.21,2574357792.0,2542131473.0,0.0,0.0,-13.03,-10.21
3783,300124,汇川技术,64.1,-0.02,-0.01,228906.0,1464816091.59,2.03,64.64,63.34,64.54,64.11,0.67,0.95,42.81,4.95,173557412810.0,154501173552.0,-0.19,-0.05,-16.74,-14.34
3784,002472,双环传动,38.84,-0.03,-0.01,237565.0,921450342.73,2.34,39.13,38.22,38.8,38.85,0.86,3.17,29.05,3.28,33013910357.0,29075444015.0,-0.03,-0.03,-7.85,-17.59
3785,300770,新媒股份,35.5,-0.03,-0.01,25226.0,89485647.87,2.51,35.97,35.08,35.51,35.51,0.96,1.11,14.12,2.28,8088269981.0,8088269981.0,-0.03,-0.11,-8.95,-14.89
3786,603979,金诚信,71.53,-0.04,-0.03,71484.0,511328873.0,3.94,72.96,70.14,71.65,71.56,0.92,1.15,18.55,4.04,44619883247.0,44619883247.0,-0.24,-0.11,11.18,-5.25
3787,688623,双元科技,59.56,-0.05,-0.03,3935.0,23381455.0,2.15,60.28,59.0,59.0,59.59,0.85,1.11,68.39,2.44,5093101689.0,2115546423.0,0.0,0.0,-9.07,-7.47
3788,920599,同力股份,17.09,-0.06,-0.01,18103.0,30919833.37,2.4,17.36,16.95,17.13,17.1,0.56,0.52,10.46,2.26,7904552250.0,5991315573.0,0.18,0.23,-7.47,-14.68
3789,688563,航材股份,52.99,-0.06,-0.03,20032.0,105914245.0,1.83,53.28,52.31,53.02,53.02,0.88,1.48,49.48,2.3,23811562449.0,7182406295.0,0.02,0.02,-13.65,-9.01
3790,920906,舜宇精工,16.68,-0.06,-0.01,6154.0,10260229.63,1.44,16.83,16.59,16.68,16.69,0.94,1.85,628.79,1.9,1083699600.0,556373460.0,-0.12,-0.12,-31.22,-42.7
3791,002664,信质集团,16.16,-0.06,-0.01,47848.0,77200027.45,2.35,16.3,15.92,16.2,16.17,0.98,1.19,59.22,1.86,6596512000.0,6505629582.0,0.0,0.0,-31.18,-32.38
3792,600062,华润双鹤,16.3,-0.06,-0.01,86047.0,141117669.0,1.47,16.54,16.3,16.37,16.31,0.66,0.83,8.73,1.44,16928894929.0,16923073824.0,-0.06,-0.06,-7.6,-8.99
3793,300703,创源股份,13.39,-0.07,-0.01,64604.0,86794460.86,2.76,13.65,13.28,13.48,13.4,0.98,3.89,-31.53,3.18,2415446738.0,2226388213.0,0.22,0.3,-30.37,-45.03
3794,603029,天鹅股份,14.83,-0.07,-0.01,25134.0,37333907.0,2.02,15.03,14.73,14.95,14.84,1.23,2.07,60.76,1.92,1799501860.0,1799501860.0,0.27,0.2,-25.18,-17.88
3795,002626,金达威,14.3,-0.07,-0.01,26565.0,38228935.0,1.89,14.57,14.3,14.4,14.31,0.7,0.44,33.23,2.1,8722085258.0,8721012758.0,-0.07,-0.42,-8.98,-25.95
3796,002942,新农股份,15.06,-0.07,-0.01,19222.0,28849925.9,2.19,15.16,14.83,15.12,15.07,1.19,1.39,12.7,1.93,2341539643.0,2089696730.0,0.0,0.2,-23.16,-19.98
3797,301220,亚香股份,27.99,-0.07,-0.02,15406.0,43411333.47,4.21,28.69,27.51,28.11,28.01,1.31,1.97,50.12,1.83,3163062963.0,2183697565.0,0.0,0.04,-31.36,-25.56
3798,300746,汉嘉数智,13.98,-0.07,-0.01,100438.0,140672407.0,3.36,14.25,13.78,14.08,13.99,0.72,4.49,98.6,3.83,3155821825.0,3125165391.0,-0.14,-0.36,-2.44,10.34
3799,300012,华测检测,14.19,-0.07,-0.01,240790.0,342404331.69,2.68,14.46,14.08,14.28,14.2,0.76,1.68,33.48,3.13,23879332357.0,20309326293.0,0.28,0.28,-11.7,5.9
3800,603213,镇洋发展,13.89,-0.07,-0.01,15005.0,20797277.0,0.94,13.93,13.8,13.88,13.9,0.62,0.34,47.28,3.36,6179572590.0,6179572590.0,0.07,0.29,1.83,7.84
3801,300380,安硕信息,30.46,-0.07,-0.02,30671.0,93990513.83,2.26,30.99,30.3,30.6,30.48,0.86,2.41,117.92,10.58,4216853463.0,3879554440.0,0.23,0.07,-18.84,-26.19
3802,000923,河钢资源,14.51,-0.07,-0.01,103361.0,150056648.7,2.62,14.74,14.36,14.65,14.52,0.7,1.65,104.66,0.98,9471097224.0,9110848647.0,0.07,-0.07,-17.46,-29.46
3803,603418,友升股份,44.75,-0.07,-0.03,8419.0,37699206.0,1.16,45.09,44.57,44.76,44.78,0.99,2.04,20.93,1.93,8639812869.0,1851066387.0,0.02,0.13,-22.0,-25.0
3804,300564,筑博设计,11.8,-0.08,-0.01,27019.0,32117840.0,2.54,12.06,11.76,11.89,11.81,0.82,2.39,-86.06,1.58,1903519360.0,1335662650.0,-0.25,-0.25,-29.13,-23.87
3805,002395,双象股份,12.25,-0.08,-0.01,29047.0,35735434.73,1.55,12.38,12.19,12.27,12.26,1.12,1.08,27.15,2.19,3285560250.0,3285275511.0,0.0,0.16,-39.77,-25.89
3806,300036,超图软件,11.99,-0.08,-0.01,143503.0,172169785.62,2.08,12.12,11.87,12.07,12.0,1.03,3.22,-35.17,2.25,5908271738.0,5336181309.0,0.0,0.08,-23.14,-33.87
3807,600438,通威股份,12.84,-0.08,-0.01,1063265.0,1368381519.0,2.49,13.0,12.68,12.97,12.85,1.54,2.36,-5.91,1.65,57805563670.0,57805563670.0,0.16,0.16,-25.44,-37.43
3808,301206,三元生物,23.69,-0.08,-0.02,10175.0,24097696.57,1.14,23.84,23.57,23.72,23.71,0.66,0.78,45.93,1.15,4793095833.0,3086229509.0,0.13,0.08,-12.13,-8.18
3809,002722,物产金轮,12.71,-0.08,-0.01,39889.0,50901954.68,2.52,12.96,12.64,12.77,12.72,1.24,1.79,17.14,0.96,2826348247.0,2826157597.0,0.32,0.24,-18.26,-14.12
3810,301667,纳百川,70.34,-0.09,-0.06,63838.0,436140388.26,5.95,70.68,66.49,69.07,70.4,1.52,26.9,270.94,6.14,7854839664.0,1669153429.0,0.01,-0.01,-39.88,-12.24
3811,300406,九强生物,11.74,-0.09,-0.01,44990.0,52909164.23,1.7,11.88,11.68,11.83,11.75,0.95,1.06,16.29,2.06,6881289071.0,4981084451.0,0.0,0.09,-7.7,-5.09
3812,300183,东软载波,10.64,-0.09,-0.01,52269.0,55782389.08,1.88,10.8,10.6,10.72,10.65,0.98,1.41,-54.48,1.59,4922161218.0,3947748688.0,0.0,0.09,-22.17,-28.25
3813,603006,联明股份,10.64,-0.09,-0.01,25087.0,26743551.0,2.07,10.8,10.58,10.64,10.65,0.72,0.99,30.65,2.12,2705265220.0,2705265220.0,0.09,0.09,-23.12,-16.88
3814,002019,亿帆医药,10.35,-0.1,-0.01,90400.0,93855925.61,1.74,10.48,10.3,10.37,10.36,1.0,1.07,29.46,1.43,12589637380.0,8720064457.0,0.0,0.0,-7.34,-12.73
3815,920407,驰诚股份,10.48,-0.1,-0.01,6084.0,6365582.92,1.62,10.55,10.38,10.46,10.49,0.78,1.35,329.1,4.38,1163271616.0,473582439.0,0.1,0.29,-24.87,-45.47
3816,688363,华熙生物,39.05,-0.1,-0.04,42112.0,164447653.0,1.53,39.3,38.7,39.01,39.09,0.67,0.87,72.73,2.67,18809535350.0,18809535350.0,0.0,0.15,-6.38,-10.21
3817,603506,南都物业,9.99,-0.1,-0.01,32409.0,32692993.0,3.3,10.28,9.95,10.13,10.0,1.05,1.73,9.83,1.56,1875900012.0,1875900012.0,0.2,0.0,-24.89,-22.26
3818,600650,锦江在线,10.4,-0.1,-0.01,27983.0,29063933.0,1.06,10.45,10.34,10.45,10.41,0.8,0.72,103.83,1.37,5736745113.0,4061824780.0,0.1,0.0,-17.13,-31.08
3819,920519,万德股份,9.98,-0.1,-0.01,6614.0,6594494.18,1.5,10.05,9.9,9.99,9.99,0.61,0.83,20.14,1.72,890795878.0,792085544.0,0.0,0.1,-17.79,-15.99
3820,002082,ST万邦,9.99,-0.1,-0.01,98452.0,98611397.0,3.4,10.25,9.91,10.02,10.0,0.54,1.73,14.84,2.34,6110773659.0,5672798243.0,0.1,0.2,-56.96,-28.28
3821,002855,捷荣技术,9.72,-0.1,-0.01,29069.0,28246043.4,2.98,9.91,9.62,9.88,9.73,0.72,1.18,-32.48,11.56,2395199309.0,2393328695.0,0.0,0.21,-23.64,-40.66
3822,920089,禾昌聚合,10.38,-0.1,-0.01,9999.0,10384239.63,2.31,10.51,10.27,10.46,10.39,0.83,0.9,15.91,1.58,2033113992.0,1158011235.0,0.29,0.29,-24.12,-31.58
3823,603230,内蒙新华,9.15,-0.11,-0.01,17661.0,16175591.0,1.64,9.26,9.11,9.19,9.16,0.81,0.5,13.01,1.16,3234735450.0,3234735450.0,0.22,0.0,-14.49,-25.0
3824,600329,达仁堂,37.81,-0.11,-0.04,24405.0,92463449.0,1.59,38.3,37.7,37.98,37.85,0.59,0.43,17.18,5.09,29117267600.0,21441648550.0,0.13,0.13,-6.64,-7.4
3825,601918,新集能源,9.33,-0.11,-0.01,452956.0,420940979.0,3.53,9.44,9.11,9.39,9.34,1.26,1.75,11.02,1.41,24169754994.0,24169754994.0,-0.11,-0.11,7.61,42.23
3826,301370,国科恒泰,8.76,-0.11,-0.01,37856.0,33179547.57,2.05,8.88,8.7,8.74,8.77,1.0,0.8,828.45,1.68,4122456000.0,4122456000.0,0.23,0.34,-16.57,-24.22
3827,003021,兆威机电,79.9,-0.11,-0.09,35341.0,281144573.59,2.48,80.5,78.52,79.68,79.99,1.2,1.7,130.51,4.25,21378383575.0,16570125420.0,-0.01,0.0,-21.72,-35.46
3828,000409,云鼎科技,9.0,-0.11,-0.01,64781.0,58233058.0,1.78,9.07,8.91,9.03,9.01,0.84,1.1,77.17,3.71,6098970645.0,5314265406.0,0.11,0.11,-12.2,-19.21
3829,603909,建发合诚,8.98,-0.11,-0.01,27601.0,24940883.0,3.11,9.15,8.87,9.1,8.99,1.03,1.06,23.16,2.04,2340844797.0,2340844797.0,0.34,0.45,-26.75,-19.39
3830,603836,海程邦达,8.73,-0.11,-0.01,26799.0,23339445.0,1.83,8.81,8.65,8.74,8.74,0.71,0.96,51.83,1.47,2498607468.0,2435053068.0,0.46,0.34,-13.48,-10.19
3831,600109,国金证券,8.79,-0.11,-0.01,214535.0,188887883.0,1.36,8.86,8.74,8.79,8.8,0.75,0.58,11.76,0.91,32570157559.0,32570157559.0,0.0,0.0,-4.14,-4.66
3832,600099,林海股份,8.56,-0.12,-0.01,35945.0,30867809.0,2.33,8.68,8.48,8.58,8.57,0.99,1.64,112.67,3.47,1875667200.0,1875667200.0,0.0,0.12,-27.21,-17.77
3833,000686,东北证券,8.17,-0.12,-0.01,137390.0,112382574.71,1.1,8.23,8.14,8.2,8.18,0.67,0.59,11.65,0.94,19121500316.0,19121500316.0,-0.12,-0.12,-5.0,-10.91
3834,688459,哈铁科技,8.18,-0.12,-0.01,9861.0,8066207.0,0.85,8.21,8.14,8.18,8.19,1.05,0.21,-57.06,1.16,3926400000.0,3926400000.0,0.12,0.0,-10.21,-14.17
3835,002117,东港股份,8.17,-0.12,-0.01,68230.0,56130691.68,2.57,8.36,8.15,8.15,8.18,1.02,1.3,21.56,3.23,4278800202.0,4277367282.0,0.12,0.12,-19.98,-39.53
3836,600969,郴电国际,8.32,-0.12,-0.01,75146.0,62546883.0,2.28,8.44,8.25,8.39,8.33,0.88,2.03,68.02,0.86,3078820027.0,3078820027.0,0.0,0.36,-25.18,-17.62
3837,688266,泽璟制药-U,107.29,-0.12,-0.13,95400.0,1034221674.0,4.98,111.67,106.32,108.1,107.42,1.21,3.6,22.19,16.51,28400541276.0,28400541276.0,-0.2,0.04,1.91,15.74
3838,920833,美心翼申,8.66,-0.12,-0.01,8176.0,7077606.13,2.54,8.81,8.59,8.71,8.67,0.96,0.94,72.53,1.63,991604640.0,749565157.0,0.58,0.35,-23.7,-25.34
3839,920570,坤博精工,24.55,-0.12,-0.03,6533.0,15956523.85,1.95,24.7,24.22,24.67,24.58,1.34,2.56,53.93,3.5,1231669106.0,625797078.0,0.66,0.24,-21.47,-27.28
3840,000987,越秀资本,7.85,-0.13,-0.01,229046.0,179798678.67,1.53,7.91,7.79,7.87,7.86,0.72,0.46,7.59,1.21,39384489827.0,39354755408.0,0.13,0.26,-12.0,-2.0
3841,300527,ST应急,7.55,-0.13,-0.01,51056.0,38421351.15,1.72,7.6,7.47,7.57,7.56,0.8,0.5,-67.54,2.66,7676616309.0,7676616309.0,0.13,0.13,-6.44,-6.33
3842,601798,蓝科高新,7.58,-0.13,-0.01,63294.0,48220327.0,2.37,7.72,7.54,7.6,7.59,1.0,1.79,54.62,2.08,2687323741.0,2687323741.0,0.13,0.13,-17.52,-14.54
3843,000791,甘肃能源,7.9,-0.13,-0.01,247752.0,196558253.3,2.28,8.04,7.86,7.96,7.91,0.91,1.28,13.15,1.73,25626333962.0,15291495059.0,0.0,0.13,-20.12,27.01
3844,002658,雪迪龙,7.31,-0.14,-0.01,48464.0,35441711.0,1.37,7.36,7.26,7.32,7.32,0.88,1.35,81.52,1.81,4647412354.0,2621084558.0,0.14,0.14,-17.59,-17.21
3845,600838,上海九百,7.35,-0.14,-0.01,56931.0,41945693.0,1.9,7.43,7.29,7.36,7.36,0.67,1.42,74.68,1.93,2946482560.0,2946482560.0,-0.14,-0.14,-23.44,-32.07
3846,000156,华数传媒,7.16,-0.14,-0.01,107421.0,76937823.0,1.53,7.21,7.1,7.16,7.17,0.95,0.63,31.56,0.89,13266996285.0,12171111279.0,0.0,0.0,-5.42,-5.42
3847,301539,宏鑫科技,14.31,-0.14,-0.02,15417.0,22097912.0,1.95,14.46,14.18,14.33,14.33,1.03,2.05,-35.99,2.8,2117880000.0,1074133614.0,-0.21,-0.07,-24.68,-31.2
3848,600037,歌华有线,7.23,-0.14,-0.01,170127.0,123167672.0,2.21,7.34,7.18,7.25,7.24,0.87,1.22,37.23,0.79,10062554101.0,10062554101.0,0.0,-0.14,-11.4,-0.28
3849,603366,日出东方,6.91,-0.14,-0.01,116972.0,80699182.0,2.02,7.0,6.86,7.0,6.92,0.72,1.44,-35.36,1.32,5618162378.0,5618162378.0,0.0,0.29,-19.28,-27.8
3850,600230,沧州大化,13.92,-0.14,-0.02,177629.0,247050204.0,3.52,14.15,13.66,13.85,13.94,0.92,4.29,24.91,1.42,5762337329.0,5762337329.0,0.14,0.22,-19.68,-8.66
3851,600592,龙溪股份,14.4,-0.14,-0.02,81422.0,117218462.0,2.57,14.53,14.16,14.48,14.42,1.02,2.04,-5930.31,2.26,5753571422.0,5753571422.0,0.07,0.07,-28.32,-47.12
3852,688613,奥精医疗,14.77,-0.14,-0.02,36476.0,54491563.0,3.31,15.23,14.74,14.93,14.79,1.48,2.66,358.55,1.41,2023616786.0,2023616786.0,0.07,0.07,-30.1,-27.28
3853,600843,上工申贝,7.04,-0.14,-0.01,66413.0,46805517.0,1.84,7.12,6.99,7.06,7.05,0.81,1.42,1107.77,1.85,5020692019.0,3303328019.0,0.0,0.14,-24.06,-43.86
3854,920729,永顺生物,6.56,-0.15,-0.01,4171.0,2744894.38,1.37,6.64,6.55,6.64,6.57,0.67,0.54,88.18,2.78,1792848000.0,508446189.0,-0.46,-0.15,-17.9,-23.27
3855,000881,中广核技,6.6,-0.15,-0.01,109144.0,71771810.92,1.36,6.62,6.53,6.59,6.61,1.17,1.21,-26.49,1.25,6239810379.0,5964633517.0,0.0,0.15,-18.82,-27.07
3856,300122,智飞生物,13.21,-0.15,-0.02,236134.0,312238855.17,2.12,13.36,13.08,13.28,13.23,1.05,1.67,-20.36,2.05,31621962558.0,18682985536.0,0.23,0.3,-19.7,-29.99
3857,600444,国机通用,13.35,-0.15,-0.02,29952.0,40188359.0,1.8,13.55,13.31,13.39,13.37,1.25,2.05,51.71,2.64,1954732792.0,1954732792.0,0.0,0.07,-22.52,-26.53
3858,000799,酒鬼酒,40.82,-0.15,-0.06,91059.0,370889050.01,1.49,41.0,40.39,40.61,40.88,0.64,2.8,99.93,3.61,13263600964.0,13262345749.0,0.12,0.12,-7.21,-24.8
3859,002698,博实股份,13.26,-0.15,-0.02,130514.0,173259483.82,2.26,13.45,13.15,13.25,13.28,0.7,1.55,43.23,3.21,13559166485.0,11193274190.0,0.0,-0.15,-9.36,-19.93
3860,300796,贝斯美,6.61,-0.15,-0.01,44573.0,29457594.0,1.81,6.68,6.56,6.62,6.62,1.04,1.23,201.34,1.4,2387154384.0,2387154384.0,0.0,0.15,-25.56,-23.76
3861,300213,佳讯飞鸿,6.34,-0.16,-0.01,154034.0,97682908.0,2.52,6.45,6.29,6.32,6.35,0.93,2.79,1205.31,1.84,3768271944.0,3501086643.0,0.16,0.16,-26.19,-33.4
3862,603988,中电电机,18.77,-0.16,-0.03,116950.0,218691117.0,3.3,19.02,18.4,18.99,18.8,0.59,4.97,245.19,6.73,4414704000.0,4414704000.0,0.11,0.27,-28.79,-22.63
3863,002753,永东股份,6.11,-0.16,-0.01,40020.0,24549194.26,1.96,6.19,6.07,6.13,6.12,1.3,1.35,490.81,0.99,2619231910.0,1807270197.0,-0.16,-0.16,-15.26,-13.7
3864,300384,三联虹普,12.38,-0.16,-0.02,27159.0,33599773.0,1.94,12.52,12.28,12.4,12.4,0.67,1.23,21.78,1.42,3949309941.0,2725004994.0,0.08,0.08,-14.21,-22.96
3865,688334,西高院,18.49,-0.16,-0.03,14720.0,27233410.0,1.46,18.66,18.39,18.66,18.52,0.84,0.47,22.04,2.01,5853554326.0,5772043066.0,-0.05,-0.05,-13.88,-3.5
3866,301658,首航新能,24.91,-0.16,-0.04,49267.0,123108748.77,2.16,25.24,24.7,25.0,24.95,0.89,5.06,-73.61,3.25,10272164973.0,2426649524.0,0.0,0.0,-40.78,-12.57
3867,301296,新巨丰,6.34,-0.16,-0.01,25171.0,15947821.0,2.36,6.43,6.28,6.37,6.35,0.87,0.59,112.34,1.02,2707950399.0,2707888584.0,0.16,0.16,-19.13,-25.59
3868,300675,建科院,12.48,-0.16,-0.02,27359.0,34235883.0,2.08,12.66,12.4,12.5,12.5,0.83,1.87,-23.33,3.72,1830400416.0,1830400416.0,0.0,0.16,-24.0,-20.1
3869,002227,*ST特迅,6.3,-0.16,-0.01,25275.0,15808061.0,2.38,6.34,6.19,6.34,6.31,1.05,1.03,-24.86,1.69,1561178871.0,1549401626.0,0.32,1.12,-30.69,-47.67
3870,600546,山煤国际,12.31,-0.16,-0.02,214425.0,262047239.0,3.16,12.4,12.01,12.27,12.33,0.83,1.08,14.24,1.53,24404035083.0,24404035083.0,0.08,0.24,-8.07,26.39
3871,688468,科美诊断,6.16,-0.16,-0.01,30132.0,18505956.0,1.94,6.22,6.1,6.2,6.17,1.06,0.75,68.93,1.74,2470825280.0,2470825280.0,0.0,0.16,-19.48,-16.08
3872,603126,中材节能,6.08,-0.16,-0.01,76141.0,46289793.0,1.64,6.14,6.04,6.09,6.09,0.92,1.25,86.82,1.81,3711840000.0,3711840000.0,0.0,0.16,-27.88,-9.39
3873,603261,立航科技,49.85,-0.16,-0.08,47187.0,239160995.0,7.21,53.0,49.4,52.78,49.93,2.19,6.09,-79.59,7.73,3863625347.0,3863625347.0,-1.07,-0.6,36.43,106.42
3874,002382,蓝帆医疗,5.96,-0.17,-0.01,148177.0,88422039.34,2.01,6.05,5.93,5.99,5.97,0.53,1.49,1559.24,0.87,6005240727.0,5946841673.0,0.0,0.17,-16.06,6.43
3875,000531,穗恒运Ａ,5.99,-0.17,-0.01,137246.0,82565277.09,2.83,6.12,5.95,6.07,6.0,1.38,1.51,8.06,0.9,6237993979.0,5449375473.0,0.0,0.17,-16.81,-5.82
3876,688680,海优新材,35.53,-0.17,-0.06,7794.0,27743376.0,1.8,35.9,35.26,35.78,35.59,0.85,0.8,-22.76,2.13,3466696138.0,3466696138.0,-0.2,-0.06,-29.78,-7.11
3877,300719,安达维尔,11.52,-0.17,-0.02,33719.0,38826215.0,2.17,11.65,11.4,11.58,11.54,1.05,1.88,-53.31,2.9,2928696768.0,2068935921.0,0.26,0.35,-26.62,-36.39
3878,002404,嘉欣丝绸,5.88,-0.17,-0.01,80075.0,47157484.0,1.7,5.95,5.85,5.89,5.89,1.1,1.76,14.99,1.73,3293103061.0,2678595374.0,0.0,0.17,-17.3,-12.37
3879,001390,古麒绒材,17.67,-0.17,-0.03,10758.0,19014165.0,1.02,17.77,17.59,17.77,17.7,1.28,0.91,22.1,2.15,3534000000.0,2098829348.0,0.06,0.11,-15.21,-27.37
3880,600051,宁波联合,6.05,-0.17,-0.01,60460.0,36835392.0,2.15,6.16,6.03,6.13,6.06,1.14,1.94,87.22,0.55,1880824000.0,1880824000.0,0.17,0.17,-23.03,-19.12
3881,002358,森源电气,5.76,-0.17,-0.01,248441.0,142648551.96,2.08,5.8,5.68,5.77,5.77,0.8,2.67,25.17,1.61,5355400188.0,5355392844.0,0.0,0.0,-23.91,6.67
3882,002592,ST八菱,5.99,-0.17,-0.01,34477.0,20681165.0,1.17,6.04,5.97,5.99,6.0,0.92,1.31,14.74,1.72,1701316680.0,1574417452.0,0.0,0.17,-24.84,-27.39
3883,002386,天原股份,5.83,-0.17,-0.01,130226.0,75862958.3,1.54,5.88,5.79,5.86,5.84,0.97,1.0,24.78,0.99,7588602436.0,7587188451.0,0.34,0.34,-10.58,7.37
3884,300994,久祺股份,11.04,-0.18,-0.02,23952.0,26555615.1,2.62,11.19,10.9,11.06,11.06,1.1,2.05,37.7,2.34,2573291520.0,1287970560.0,0.09,0.09,-21.54,-27.51
3885,301491,汉桑科技,39.45,-0.18,-0.07,8903.0,35135179.33,1.11,39.69,39.25,39.65,39.52,0.86,3.11,43.64,2.36,5089050000.0,1127617103.0,0.05,0.03,-23.75,-29.44
3886,000650,仁和药业,5.48,-0.18,-0.01,126096.0,69401424.11,1.64,5.56,5.47,5.49,5.49,0.7,0.95,13.66,1.23,7671661522.0,7295994370.0,0.18,0.0,-2.32,-0.36
3887,605001,威奥股份,5.43,-0.18,-0.01,55971.0,30524564.0,2.76,5.55,5.4,5.44,5.44,0.96,1.42,43.69,0.79,2133370980.0,2133370980.0,0.0,0.37,-26.12,-27.89
3888,600223,福瑞达,5.62,-0.18,-0.01,77834.0,43908629.0,1.6,5.69,5.6,5.65,5.63,1.0,0.77,44.78,1.36,5713116516.0,5713116516.0,0.18,0.0,-16.12,-23.01
3889,002510,天汽模,5.67,-0.18,-0.01,156119.0,88603204.3,1.41,5.72,5.64,5.68,5.68,0.85,1.55,97.98,2.27,5755836474.0,5697482184.0,0.0,0.18,-17.35,-22.65
3890,002479,富春环保,5.54,-0.18,-0.01,142939.0,79144943.0,2.34,5.62,5.49,5.59,5.55,0.76,1.66,11.59,1.14,4792100000.0,4781423556.0,0.18,0.0,-0.36,15.42
3891,300654,世纪天鸿,11.1,-0.18,-0.02,214519.0,238506331.8,4.95,11.33,10.78,11.19,11.12,1.04,6.08,186.22,4.84,4063985857.0,3914262253.0,-0.36,-0.54,-4.88,12.58
3892,003037,三和管桩,5.64,-0.18,-0.01,49478.0,28128974.4,2.3,5.76,5.63,5.76,5.65,1.32,0.83,38.54,1.22,3378781184.0,3378781184.0,0.0,0.18,-22.1,-29.94
3893,002941,新疆交建,11.0,-0.18,-0.02,167682.0,183582461.98,2.63,11.07,10.78,11.0,11.02,0.98,2.3,-126.29,1.77,8027262892.0,8027262892.0,0.0,0.09,-20.63,-29.71
3894,603918,金桥信息,11.14,-0.18,-0.02,265153.0,295924583.0,3.58,11.4,11.0,11.24,11.16,0.72,7.26,-33.38,4.16,4067297840.0,4067297840.0,-0.09,-0.09,-19.39,-29.0
3895,300272,开能健康,5.63,-0.18,-0.01,62598.0,35261459.9,2.13,5.7,5.58,5.63,5.64,0.93,1.35,161.07,2.79,3442573127.0,2614836694.0,0.0,0.36,-25.23,-24.23
3896,002105,信隆健康,5.47,-0.18,-0.01,79225.0,43659915.0,2.74,5.59,5.44,5.5,5.48,0.98,2.17,-257.64,2.51,2003343467.0,1993656233.0,-0.18,0.0,-19.32,-25.27
3897,300616,尚品宅配,10.26,-0.19,-0.02,48611.0,49726896.36,2.53,10.36,10.1,10.26,10.28,0.85,3.13,-5.93,0.81,2303533955.0,1592518643.0,0.0,0.29,-41.03,-25.33
3898,920419,路斯股份,10.39,-0.19,-0.02,13730.0,14112351.17,2.98,10.49,10.18,10.39,10.41,0.59,1.42,25.89,1.76,1073353496.0,1004622337.0,0.1,0.58,-20.5,-34.41
3899,002144,宏达高科,10.41,-0.19,-0.02,43426.0,45268821.0,2.49,10.6,10.34,10.49,10.43,1.0,3.15,38.13,0.86,1840097916.0,1432954988.0,0.39,0.48,-26.22,-17.64
3900,603300,海南华铁,5.14,-0.19,-0.01,458516.0,236364636.0,2.14,5.22,5.11,5.16,5.15,0.86,2.29,23.59,1.53,10275827435.0,10275827435.0,0.0,0.19,-23.85,-34.52
3901,002026,山东威达,10.37,-0.19,-0.02,67043.0,69451570.5,2.69,10.53,10.25,10.47,10.39,1.11,1.52,17.81,1.19,4568316207.0,4567921888.0,-0.1,-0.1,-22.38,-31.0
3902,001332,锡装股份,30.78,-0.19,-0.06,21930.0,67649106.96,2.82,31.18,30.31,30.99,30.84,1.17,3.26,13.04,1.83,4761235080.0,2068566853.0,0.0,0.36,-34.13,-22.62
3903,002209,达 意 隆,10.76,-0.19,-0.02,41896.0,45453543.0,1.86,10.95,10.75,10.86,10.78,1.14,2.65,30.28,2.49,2200743338.0,1698452959.0,0.0,-0.09,-25.23,-32.92
3904,002540,亚太科技,5.22,-0.19,-0.01,94996.0,49625680.52,2.49,5.3,5.17,5.24,5.23,0.7,1.11,41.06,1.19,6512336604.0,4479811089.0,0.19,0.19,-11.53,-25.43
3905,300859,西域旅游,26.75,-0.19,-0.05,28039.0,75076516.75,2.87,27.22,26.45,26.79,26.8,0.72,1.81,-38.83,5.85,4146250000.0,4146250000.0,0.26,0.41,-11.57,-27.05
3906,688015,交控科技,16.01,-0.19,-0.03,16239.0,25934321.0,2.06,16.18,15.85,16.07,16.04,1.02,0.86,46.26,1.16,3020778679.0,3020778679.0,0.25,0.19,-25.4,-28.4
3907,600191,华资实业,10.28,-0.19,-0.02,85009.0,87903239.0,2.33,10.48,10.24,10.3,10.3,0.48,1.75,60.78,2.92,4985100960.0,4985100960.0,0.0,-0.29,-14.83,-19.88
3908,600229,城市传媒,5.12,-0.19,-0.01,39412.0,20116392.0,2.73,5.2,5.06,5.13,5.13,0.75,0.6,31.59,1.22,3382823854.0,3382823854.0,0.2,0.39,-17.95,-19.24
3909,002522,浙江众成,5.0,-0.2,-0.01,268610.0,133976027.44,1.8,5.04,4.95,5.02,5.01,0.78,2.97,74.07,1.96,4528896935.0,4525099395.0,0.2,0.4,-28.67,-11.03
3910,001279,强邦新材,24.87,-0.2,-0.05,8755.0,21790525.0,2.93,25.42,24.69,25.42,24.92,0.68,2.19,153.82,3.99,3979200000.0,994800000.0,0.04,0.04,-28.1,-27.11
3911,601579,会稽山,15.25,-0.2,-0.03,62499.0,94834073.0,3.14,15.49,15.01,15.49,15.28,0.58,1.3,15.24,1.95,7311816987.0,7311816987.0,-0.13,0.0,-10.97,-23.67
3912,603396,金辰股份,24.43,-0.2,-0.05,24626.0,60226164.0,2.17,24.78,24.25,24.48,24.48,0.82,1.78,38.82,1.3,3384226288.0,3384226288.0,0.04,0.12,-34.66,-26.86
3913,600148,长春一东,15.15,-0.2,-0.03,17283.0,26204778.0,2.64,15.37,14.97,15.25,15.18,1.03,1.22,115.14,4.51,2143974218.0,2143974218.0,0.13,0.26,-22.55,-22.43
3914,601995,中金公司,35.18,-0.2,-0.07,226133.0,798294625.0,1.3,35.49,35.03,35.19,35.25,1.1,0.77,11.87,1.65,169822896616.0,102850223039.0,0.0,0.2,1.3,0.51
3915,603037,凯众股份,10.05,-0.2,-0.02,31837.0,31972228.0,1.59,10.14,9.98,10.11,10.07,0.67,1.2,70.31,2.85,2678706880.0,2674806676.0,0.0,0.5,-28.21,-29.52
3916,600713,南京医药,5.11,-0.2,-0.01,94197.0,48153388.0,1.56,5.16,5.08,5.13,5.12,1.04,0.73,9.57,0.94,6684718204.0,6590948068.0,0.0,0.0,-1.92,-3.4
3917,000411,英特集团,9.6,-0.21,-0.02,38082.0,36721688.0,3.01,9.85,9.56,9.65,9.62,1.08,0.68,16.91,1.04,5422551802.0,5411864986.0,0.1,0.21,-13.28,-22.58
3918,002302,西部建设,4.68,-0.21,-0.01,49536.0,23183488.0,1.71,4.73,4.65,4.69,4.69,0.73,0.39,-6.55,0.76,5907818143.0,5907818143.0,0.21,0.43,-17.61,-23.53
3919,002094,青岛金王,4.8,-0.21,-0.01,211505.0,101324812.0,1.66,4.83,4.75,4.81,4.81,0.93,3.06,106.48,2.25,3316308235.0,3314177035.0,0.21,0.42,-21.7,-37.25
3920,002614,奥佳华,4.79,-0.21,-0.01,67545.0,32424913.0,1.67,4.84,4.76,4.79,4.8,1.07,1.53,-11.29,0.7,2987710787.0,2113663474.0,0.0,-0.21,-15.37,-33.56
3921,600251,冠农股份,9.38,-0.21,-0.02,88609.0,82876190.0,1.7,9.46,9.3,9.37,9.4,0.87,1.14,6.25,1.82,7288199809.0,7288199809.0,0.32,0.32,-23.68,2.29
3922,920156,海昌智能,38.82,-0.21,-0.08,10681.0,41514033.31,1.77,39.21,38.52,39.18,38.9,0.91,4.92,11.6,3.36,4041938400.0,842704560.0,0.15,-0.08,-45.14,85.48
3923,603998,方盛制药,9.54,-0.21,-0.02,66623.0,63872650.0,1.67,9.68,9.52,9.57,9.56,0.87,1.52,11.85,2.51,4188836174.0,4188836174.0,0.0,0.21,-14.21,-12.8
3924,000166,申万宏源,4.67,-0.21,-0.01,654730.0,306146278.93,1.5,4.72,4.65,4.69,4.68,0.9,0.29,12.41,1.02,116936541095.0,105240819166.0,0.0,0.21,-2.1,-11.39
3925,600149,廊坊发展,4.8,-0.21,-0.01,87520.0,42053593.0,2.29,4.87,4.76,4.82,4.81,0.84,2.3,58.89,7.15,1824768000.0,1824768000.0,0.21,0.42,-25.0,-3.81
3926,601096,宏盛华源,4.49,-0.22,-0.01,230813.0,103883479.0,2.44,4.57,4.46,4.55,4.5,0.84,1.4,29.53,2.55,12011446345.0,7376964669.0,-0.22,0.22,-21.5,8.72
3927,603066,音飞储存,9.0,-0.22,-0.02,50578.0,45571125.0,1.44,9.08,8.95,9.03,9.02,1.18,1.72,5.31,1.75,2647620666.0,2647620666.0,0.11,0.0,-24.94,-16.04
3928,002059,云南旅游,4.5,-0.22,-0.01,104412.0,47197935.02,2.88,4.59,4.46,4.51,4.51,1.04,1.06,-34.03,4.31,4555956659.0,4423707261.0,-0.22,0.0,-5.46,-16.36
3929,000623,吉林敖东,18.29,-0.22,-0.04,103279.0,189280205.57,0.87,18.41,18.25,18.39,18.33,0.8,0.87,6.31,0.7,21872926628.0,21786936138.0,0.0,0.05,-1.77,-4.94
3930,002574,明牌珠宝,4.53,-0.22,-0.01,50684.0,22998510.24,2.64,4.61,4.49,4.56,4.54,0.69,0.96,48.57,0.88,2391840000.0,2391840000.0,0.22,0.22,-22.03,-19.4
3931,600958,东方证券,9.22,-0.22,-0.02,405430.0,373726601.0,0.97,9.28,9.19,9.22,9.24,0.52,0.54,8.67,0.93,78339069592.0,68868632006.0,0.0,0.11,-1.39,-13.83
3932,002129,TCL中环,9.04,-0.22,-0.02,1012795.0,913153016.57,1.32,9.09,8.97,9.06,9.06,0.94,2.51,-5.55,1.83,36549659138.0,36517993266.0,0.0,0.11,-0.55,5.48
3933,300664,鹏鹞环保,4.61,-0.22,-0.01,94265.0,43394680.68,1.95,4.66,4.57,4.63,4.62,1.13,1.3,11.93,0.8,3470686131.0,3343079274.0,0.22,0.66,-17.68,-13.18
3934,301301,川宁生物,8.87,-0.22,-0.02,114983.0,102029646.84,2.02,8.98,8.8,8.89,8.89,0.96,1.85,44.71,2.53,19800438910.0,5499241289.0,-0.22,0.0,-12.78,-11.03
3935,301275,汉朔科技,46.15,-0.22,-0.1,68281.0,314359725.43,2.51,46.56,45.4,46.38,46.25,0.79,2.27,26.97,4.74,19493760000.0,13884653603.0,-0.17,-0.11,0.13,-13.45
3936,920055,隆源股份,27.22,-0.22,-0.06,3545.0,9661417.38,1.58,27.52,27.09,27.47,27.28,0.61,2.32,13.19,1.56,1850960000.0,416466000.0,-0.04,-0.07,-29.3,12.71
3937,600572,康恩贝,4.37,-0.23,-0.01,390403.0,171104748.0,1.83,4.43,4.35,4.39,4.38,0.94,1.54,13.98,1.61,11093384975.0,11063923078.0,-0.23,0.0,1.39,1.39
3938,920029,开发科技,34.4,-0.23,-0.08,11034.0,38030974.11,3.48,35.32,34.12,34.2,34.48,0.88,0.55,33.3,2.0,7118774975.0,6926949395.0,0.0,0.12,-24.46,-43.1
3939,002570,贝因美,4.41,-0.23,-0.01,197142.0,87199319.92,1.81,4.47,4.39,4.41,4.42,0.59,1.83,30.57,2.92,4762991099.0,4762779419.0,0.0,0.23,-14.7,-27.94
3940,002593,日上集团,4.36,-0.23,-0.01,148231.0,64701308.0,1.83,4.41,4.33,4.39,4.37,1.23,2.64,27.17,1.44,3504821006.0,2443798874.0,0.23,0.23,-17.89,-25.6
3941,002248,华东数控,8.82,-0.23,-0.02,70719.0,62105969.0,2.15,8.89,8.7,8.89,8.84,0.72,2.3,83.42,23.64,2712111192.0,2712111192.0,0.0,0.23,-35.48,-23.5
3942,301266,宇邦新材,21.29,-0.23,-0.05,44229.0,93605586.96,3.19,21.5,20.82,21.3,21.34,1.26,3.26,23.83,1.7,3043926360.0,2887613434.0,0.05,0.42,-32.94,-23.44
3943,600281,华阳新材,4.26,-0.23,-0.01,73041.0,31182688.0,1.87,4.31,4.23,4.29,4.27,0.75,1.42,6068.32,38.95,2191352627.0,2191352627.0,-0.23,0.24,-24.73,-27.8
3944,600930,华电新能,4.34,-0.23,-0.01,1639064.0,709461915.0,2.3,4.4,4.3,4.37,4.35,0.99,1.53,21.96,1.66,181039999999.0,46625468192.0,0.23,0.46,-31.55,-30.34
3945,002075,沙钢股份,4.1,-0.24,-0.01,882452.0,359997565.28,4.62,4.18,3.99,4.07,4.11,2.1,4.02,43.78,1.37,8994684325.0,8994669872.0,-0.24,0.24,-10.48,-28.45
3946,920834,三维装备,8.25,-0.24,-0.02,6840.0,5653790.44,2.18,8.39,8.21,8.3,8.27,1.0,1.09,35.53,3.35,990000041.0,518070622.0,0.0,0.0,-30.85,-45.72
3947,002292,奥飞娱乐,8.34,-0.24,-0.02,622880.0,517264604.29,4.78,8.55,8.15,8.35,8.36,0.76,6.12,56.35,4.15,12332355473.0,8489148232.0,0.0,0.24,2.58,-5.76
3948,603863,松炀资源,12.47,-0.24,-0.03,45073.0,56567292.0,2.72,12.77,12.43,12.51,12.5,1.08,2.2,-125.33,10.54,2551985500.0,2551985500.0,0.0,0.16,-35.49,-37.49
3949,300230,永利股份,4.24,-0.24,-0.01,112762.0,47731251.0,1.41,4.27,4.21,4.24,4.25,1.28,1.79,21.05,1.1,3448024990.0,2670447396.0,0.0,0.47,-14.0,-7.83
3950,601339,百隆东方,8.17,-0.24,-0.02,102219.0,83779985.0,2.56,8.31,8.1,8.18,8.19,0.81,0.68,12.63,1.37,12251478730.0,12251478730.0,-0.12,0.12,-2.51,47.47
3951,920132,泰鹏智能,8.45,-0.24,-0.02,6529.0,5480831.64,2.24,8.52,8.33,8.46,8.47,0.66,1.79,24.89,3.46,909821640.0,308933631.0,0.0,0.12,-22.55,-31.91
3952,000850,华茂股份,4.04,-0.25,-0.01,86254.0,34773506.0,2.47,4.09,3.99,4.06,4.05,1.42,0.91,-4.83,0.87,3812406636.0,3811236467.0,0.0,0.25,-7.76,-24.77
3953,002373,千方科技,8.13,-0.25,-0.02,202937.0,165364453.86,1.96,8.23,8.07,8.19,8.15,0.82,1.47,859.7,1.12,12846930188.0,11199840244.0,0.0,-0.12,-11.53,-30.63
3954,300425,中建环能,3.99,-0.25,-0.01,132573.0,52938549.05,2.25,4.04,3.95,4.02,4.0,1.15,1.95,5458.11,1.15,2722077163.0,2716146140.0,0.5,0.25,-20.2,-19.39
3955,002162,悦心健康,3.99,-0.25,-0.01,152921.0,60993353.84,2.0,4.03,3.95,4.02,4.0,0.79,1.67,344.18,4.43,3669606850.0,3664103268.0,0.0,0.25,-11.33,-14.38
3956,300972,万辰集团,205.3,-0.25,-0.51,22634.0,460355230.0,4.02,207.29,199.02,206.04,205.81,0.63,1.25,16.08,21.13,40512581510.0,37221108645.0,-0.2,-0.13,-9.93,2.53
3957,002961,瑞达期货,19.86,-0.25,-0.05,51300.0,102225482.37,1.71,20.13,19.79,20.01,19.91,0.8,1.08,11.63,2.37,9471897979.0,9471853294.0,-0.1,0.2,-23.23,-26.01
3958,301103,何氏眼科,16.23,-0.25,-0.04,17828.0,29035195.3,2.09,16.48,16.14,16.32,16.27,1.03,1.47,19.62,1.35,2564769624.0,1974113588.0,-0.18,-0.25,-18.69,-16.64
3959,002278,神开股份,7.99,-0.25,-0.02,88623.0,70977985.39,1.62,8.08,7.95,8.06,8.01,0.84,2.47,-356.99,2.23,3105057133.0,2866820885.0,-0.13,0.0,-27.95,-36.79
3960,920149,旭杰科技,7.96,-0.25,-0.02,5550.0,4411201.42,1.63,8.01,7.88,8.01,7.98,0.83,0.88,52.78,4.98,608806113.0,503605344.0,0.38,-0.13,-23.75,-31.2
3961,300908,仲景食品,24.06,-0.25,-0.06,14627.0,35217598.57,2.16,24.35,23.83,24.05,24.12,0.57,1.19,16.35,2.06,3512760000.0,2969087584.0,0.67,0.63,-14.04,-9.89
3962,601003,柳钢股份,3.98,-0.25,-0.01,491810.0,195045857.0,3.01,4.02,3.9,4.0,3.99,1.12,1.92,111.16,1.15,10484202649.0,10199916936.0,0.0,0.0,-10.36,-19.27
3963,600979,广安爱众,4.07,-0.25,-0.01,266853.0,108774787.0,1.72,4.12,4.05,4.09,4.08,1.01,2.15,31.62,1.21,5131560257.0,5053663876.0,0.0,0.25,-21.88,-7.29
3964,002128,电投能源,26.63,-0.26,-0.07,118132.0,314370084.16,3.52,27.15,26.21,27.02,26.7,0.95,0.53,10.4,1.62,83258084321.0,59693102119.0,-0.22,0.0,-11.88,0.08
3965,002858,力盛体育,11.53,-0.26,-0.03,67997.0,78733774.0,3.37,11.8,11.41,11.54,11.56,1.1,4.61,89.21,2.56,2152402621.0,1699665122.0,0.0,0.09,-31.94,-23.13
3966,601616,广电电气,3.89,-0.26,-0.01,587796.0,224235441.0,3.59,3.89,3.75,3.81,3.9,1.19,6.89,-35.29,1.39,3320796991.0,3320796991.0,0.26,0.52,-17.06,0.78
3967,688089,ST嘉必优,7.42,-0.27,-0.02,48680.0,36215027.0,4.17,7.65,7.34,7.38,7.44,0.58,2.93,-7.08,0.78,1234391222.0,1234391222.0,0.27,0.13,-53.77,-68.13
3968,600739,辽宁成大,10.9,-0.27,-0.03,108655.0,118812716.0,1.28,11.02,10.88,10.95,10.93,0.73,0.71,7.53,0.56,16593243615.0,16593243615.0,0.0,0.0,-9.69,-2.5
3969,002524,光正眼科,3.72,-0.27,-0.01,98642.0,36923042.0,1.88,3.79,3.72,3.75,3.73,0.85,1.93,-124.96,20.82,1917033455.0,1899984695.0,0.0,-0.27,-17.33,-9.71
3970,601069,西部黄金,25.4,-0.27,-0.07,194731.0,495375099.0,2.79,25.91,25.2,25.6,25.47,0.72,2.19,11.07,4.52,23139377724.0,22534586452.0,0.0,0.08,-26.38,-4.22
3971,301101,明月镜片,30.1,-0.27,-0.08,18617.0,56109421.14,1.86,30.5,29.94,30.5,30.18,0.69,0.96,27.01,3.53,6065514210.0,5842504604.0,0.0,-0.03,-16.8,-26.46
3972,000728,国元证券,7.35,-0.27,-0.02,192838.0,142199551.41,1.22,7.43,7.34,7.38,7.37,0.66,0.44,14.79,0.83,32073767499.0,32073767499.0,0.0,-0.14,0.68,-10.91
3973,002191,劲嘉股份,3.76,-0.27,-0.01,119828.0,45083594.2,1.33,3.79,3.74,3.77,3.77,1.04,0.85,36.38,0.85,5316560416.0,5274210415.0,0.0,0.27,-5.05,-10.26
3974,920225,利通科技,14.66,-0.27,-0.04,21903.0,31920679.71,2.65,14.82,14.43,14.73,14.7,0.75,2.65,48.98,2.56,1860630986.0,1213586378.0,-0.07,0.14,-46.16,-54.12
3975,000555,神州信息,11.03,-0.27,-0.03,293212.0,324041043.32,1.99,11.18,10.96,11.07,11.06,0.7,3.01,-29.1,1.9,10762792040.0,10750186405.0,0.0,0.18,-25.72,-33.31
3976,688501,青达环保,18.36,-0.27,-0.05,26969.0,49187819.0,2.82,18.55,18.03,18.41,18.41,1.08,2.17,20.17,2.05,2280789360.0,2280789360.0,0.0,-0.16,-25.24,-30.53
3977,300466,赛摩智能,7.38,-0.27,-0.02,48855.0,36128839.09,1.62,7.45,7.33,7.41,7.4,0.89,1.09,189.99,5.7,3952210721.0,3312676556.0,0.14,0.14,-20.56,-26.57
3978,000685,中山公用,11.11,-0.27,-0.03,137307.0,152759086.42,1.35,11.23,11.08,11.15,11.14,0.86,1.1,6.99,0.87,16306492854.0,13849525353.0,0.0,0.0,-0.89,-1.42
3979,000963,华东医药,28.49,-0.28,-0.08,204685.0,585095862.31,2.0,28.96,28.39,28.7,28.57,1.1,1.17,12.46,2.02,49963962800.0,49943343162.0,0.04,0.14,-13.27,-26.7
3980,600575,淮河能源,3.57,-0.28,-0.01,554207.0,198606226.0,1.68,3.62,3.56,3.6,3.58,0.75,1.43,19.75,1.22,25585448047.0,13873952002.0,0.0,0.0,0.0,11.21
3981,600579,中化装备,7.13,-0.28,-0.02,50516.0,36071874.0,1.26,7.19,7.1,7.18,7.15,0.8,1.02,-24.95,2.32,3519373412.0,3519373412.0,-0.14,-0.14,-7.88,-14.1
3982,300621,维业股份,7.11,-0.28,-0.02,59411.0,42152266.0,4.35,7.24,6.93,7.08,7.13,1.01,2.93,-8.11,2.75,1479283137.0,1439981282.0,-0.14,0.71,-22.04,-15.46
3983,002457,青龙管业,10.83,-0.28,-0.03,245366.0,264166779.0,2.12,10.88,10.65,10.88,10.86,0.92,7.36,-142.39,1.45,3611662044.0,3609317880.0,0.0,0.09,-7.28,0.19
3984,300072,海新能科,3.56,-0.28,-0.01,215836.0,76713223.16,1.4,3.58,3.53,3.56,3.57,0.96,0.93,-43.78,1.6,8365004275.0,8299646121.0,0.0,0.0,-21.93,-22.61
3985,301596,瑞迪智驱,49.68,-0.28,-0.14,59388.0,289546171.58,5.38,49.78,47.1,48.59,49.82,2.5,13.55,66.18,6.1,5367000946.0,2178133057.0,0.24,0.24,-4.64,-11.3
3986,300035,中科电气,14.02,-0.28,-0.04,142443.0,200356541.08,1.78,14.22,13.97,14.01,14.06,0.75,2.44,37.16,1.98,9609681927.0,8178584245.0,0.07,0.21,-30.97,-33.37
3987,300387,富邦科技,7.12,-0.28,-0.02,59930.0,42926037.6,2.94,7.3,7.09,7.18,7.14,1.15,2.07,19.34,1.43,2058085968.0,2057371312.0,0.14,0.14,-22.1,-15.74
3988,603208,江山欧派,10.86,-0.28,-0.03,18273.0,19849727.0,3.31,11.1,10.74,11.1,10.89,0.85,1.04,-13.13,1.88,1910049708.0,1910049708.0,-0.09,0.28,-24.58,-25.36
3989,002093,国脉科技,7.09,-0.28,-0.02,184042.0,130770567.66,1.83,7.19,7.06,7.13,7.11,1.09,1.83,-95.35,1.89,7143175000.0,7143175000.0,-0.14,-0.28,-17.84,-38.02
3990,920706,铁拓机械,14.33,-0.28,-0.04,14371.0,20499801.3,2.71,14.49,14.1,14.35,14.37,1.25,3.01,49.4,2.19,1355693161.0,683137897.0,0.0,0.28,-39.71,-42.33
3991,920077,吉林碳谷,14.01,-0.28,-0.04,35924.0,50454744.33,1.92,14.21,13.94,14.21,14.05,1.01,1.19,49.86,3.14,8213220341.0,4229780199.0,0.0,0.14,-27.63,-17.2
3992,600271,航天信息,7.08,-0.28,-0.02,172938.0,122882371.0,1.83,7.18,7.05,7.14,7.1,1.02,0.93,-12.49,1.01,13118423237.0,13118423237.0,0.14,0.14,-19.36,-39.44
3993,002224,三 力 士,3.51,-0.28,-0.01,98345.0,34579546.0,1.99,3.56,3.49,3.55,3.52,1.0,1.22,-59.49,0.99,3166428297.0,2830395095.0,0.0,0.0,-18.56,-19.86
3994,002672,东江环保,3.52,-0.28,-0.01,78514.0,27804422.0,1.98,3.59,3.52,3.55,3.53,0.96,0.87,-6.47,1.75,3890500423.0,3186016423.0,-0.28,0.0,-19.45,-23.81
3995,300258,精锻科技,10.25,-0.29,-0.03,74906.0,76910059.25,1.75,10.33,10.15,10.29,10.28,0.92,1.31,510.13,1.28,5996734241.0,5841387752.0,0.0,0.0,-24.74,-28.22
3996,003016,欣贺股份,6.77,-0.29,-0.02,33686.0,22863981.96,2.06,6.87,6.73,6.8,6.79,0.94,0.82,39.43,1.06,2846931313.0,2781676840.0,0.0,0.15,-20.82,-30.13
3997,002673,西部证券,6.81,-0.29,-0.02,220137.0,150342632.51,1.17,6.88,6.8,6.85,6.83,0.7,0.49,26.75,1.01,30437851411.0,30437851411.0,0.0,0.0,-5.29,-12.69
3998,002625,光启技术,30.9,-0.29,-0.09,168918.0,520861840.8,1.94,31.13,30.53,31.01,30.99,0.67,0.78,94.49,6.86,66576764936.0,66576282896.0,-0.03,-0.06,-26.53,-36.59
3999,300891,惠云钛业,6.82,-0.29,-0.02,53861.0,36746616.0,2.05,6.88,6.74,6.82,6.84,0.73,1.62,-89.67,2.26,2728056927.0,2274294535.0,0.0,0.0,-21.79,-22.5
4000,603818,曲美家居,3.42,-0.29,-0.01,226536.0,78315237.0,4.66,3.55,3.39,3.47,3.43,0.91,3.3,473.36,1.14,2347979984.0,2347979984.0,0.59,0.59,-11.4,-5.26
4001,300778,新城市,10.35,-0.29,-0.03,30885.0,32005333.7,2.99,10.59,10.28,10.48,10.38,0.74,1.52,-30.96,1.75,2107877295.0,2107314493.0,0.1,0.1,-24.56,-25.43
4002,603848,好太太,13.4,-0.3,-0.04,14101.0,18883841.0,1.41,13.49,13.3,13.49,13.44,0.61,0.35,33.18,2.14,5392247247.0,5392247247.0,0.07,0.0,-24.51,-25.84
4003,300341,麦克奥迪,13.41,-0.3,-0.04,52423.0,70512170.57,1.78,13.6,13.36,13.45,13.45,0.56,1.02,40.95,3.58,6938472606.0,6911092068.0,0.07,0.07,-14.15,-17.58
4004,002582,好想你,9.99,-0.3,-0.03,236097.0,235356280.27,2.2,10.08,9.86,10.08,10.02,0.52,6.86,1.01,0.92,4472601831.0,3438953384.0,0.0,0.0,-14.1,-4.49
4005,002598,ST章鼓,6.62,-0.3,-0.02,25263.0,16707434.0,1.66,6.68,6.57,6.66,6.64,0.97,0.88,30.04,1.69,2065790714.0,1896828759.0,0.15,0.3,-17.25,-37.49
4006,002978,安宁股份,26.65,-0.3,-0.08,24842.0,66260506.95,1.5,26.88,26.48,26.81,26.73,0.91,0.67,20.56,1.46,12578532381.0,9841300221.0,0.04,0.04,-14.96,-18.63
4007,605169,洪通燃气,10.12,-0.3,-0.03,29030.0,29521554.0,3.55,10.33,9.97,10.19,10.15,1.05,1.03,163.11,1.46,2862745600.0,2862745600.0,0.0,0.1,-23.1,-22.03
4008,002198,ST嘉应,3.34,-0.3,-0.01,46569.0,15550415.0,1.79,3.38,3.32,3.37,3.35,0.95,0.92,34.02,2.32,1695082892.0,1694983861.0,0.3,0.3,-29.83,-52.49
4009,603390,通达电气,9.83,-0.3,-0.03,59943.0,59089623.0,1.62,9.93,9.77,9.9,9.86,1.1,1.71,13.53,2.05,3456739003.0,3451057105.0,0.0,0.0,-29.69,-24.44
4010,300904,威力传动,41.14,-0.31,-0.13,13747.0,56841987.92,3.49,42.2,40.76,41.18,41.27,0.95,6.3,-29.89,5.1,2977846164.0,897617122.0,0.02,0.17,-33.94,-34.29
4011,001319,铭科精技,19.03,-0.31,-0.06,13127.0,24996437.0,1.68,19.24,18.92,19.09,19.09,0.69,2.07,29.0,1.98,2690842000.0,1207730862.0,0.0,0.05,-21.4,-29.83
4012,920895,花溪科技,12.71,-0.31,-0.04,16503.0,21122497.95,7.22,13.27,12.35,12.69,12.75,1.52,5.74,-75.93,3.75,718420040.0,365245999.0,0.0,2.17,-23.43,-37.88
4013,601878,浙商证券,9.58,-0.31,-0.03,207272.0,198687499.0,1.04,9.65,9.55,9.61,9.61,0.9,0.45,14.58,1.18,43816971802.0,43816971802.0,0.21,0.21,-2.54,-9.96
4014,688128,中国电研,22.63,-0.31,-0.07,24172.0,54935548.0,1.32,22.88,22.58,22.65,22.7,1.01,0.6,17.09,2.63,9153835000.0,9153835000.0,0.09,0.04,-15.97,-20.68
4015,603501,豪威集团,87.95,-0.31,-0.27,229979.0,2017086722.0,2.12,88.88,87.01,88.68,88.22,1.07,1.91,54.97,3.38,110597390873.0,106134711128.0,0.02,0.14,-13.16,-30.09
4016,600535,天士力,15.85,-0.31,-0.05,149187.0,236712240.0,1.89,16.05,15.75,16.0,15.9,0.8,1.0,13.26,1.81,23679107579.0,23679107579.0,-0.19,-0.13,6.38,5.88
4017,000554,泰山石油,6.47,-0.31,-0.02,192522.0,124687669.56,2.16,6.54,6.4,6.47,6.49,0.75,5.36,11.48,2.69,3089068619.0,2324702037.0,-0.31,0.15,-19.02,-0.15
4018,603248,锡华科技,19.34,-0.31,-0.06,38042.0,73534406.0,2.11,19.53,19.12,19.49,19.4,0.86,5.32,77.13,3.93,8896400000.0,1382905752.0,0.0,0.1,-35.64,-11.33
4019,000635,英 力 特,6.42,-0.31,-0.02,33583.0,21546934.0,2.33,6.51,6.36,6.44,6.44,0.74,0.92,-4.9,2.29,2530337860.0,2354983219.0,0.16,0.31,-22.46,-27.78
4020,600108,亚盛集团,3.13,-0.32,-0.01,445493.0,139060693.0,2.55,3.17,3.09,3.13,3.14,0.7,2.29,72.41,1.41,6093844329.0,6093844329.0,0.0,0.0,-28.7,-0.63
4021,300452,山河药辅,12.28,-0.32,-0.04,35130.0,43430202.08,2.27,12.55,12.27,12.35,12.32,1.27,1.77,15.29,3.02,2879123180.0,2439172556.0,0.08,-0.08,-11.53,-6.12
4022,300177,中海达,6.31,-0.32,-0.02,92553.0,58379865.0,2.21,6.38,6.24,6.32,6.33,1.01,1.53,-40.25,3.72,4695706806.0,3825773514.0,0.16,0.16,-26.2,-38.92
4023,600959,江苏有线,3.16,-0.32,-0.01,296361.0,93530832.0,1.89,3.19,3.13,3.17,3.17,0.92,0.59,62.39,0.69,15802267888.0,15802267888.0,0.0,0.0,-21.59,-8.14
4024,301187,欧圣电气,15.81,-0.32,-0.05,34316.0,54742657.0,3.22,16.2,15.69,15.95,15.86,0.8,1.35,90.63,2.85,4030499030.0,4030499030.0,-0.25,0.0,-23.88,-40.81
4025,002127,南极电商,3.16,-0.32,-0.01,405369.0,128360118.49,1.89,3.2,3.14,3.17,3.17,0.86,2.03,59.43,2.07,7757390473.0,6303356271.0,0.0,-0.32,0.32,-4.53
4026,002648,卫星化学,25.2,-0.32,-0.08,395852.0,997292777.82,2.73,25.49,24.8,25.27,25.28,0.93,1.18,10.02,2.51,84889871388.0,84835358622.0,0.0,0.04,-4.4,46.68
4027,300960,通业科技,15.74,-0.32,-0.05,14065.0,22155596.88,2.03,15.94,15.62,15.92,15.79,0.91,1.07,-47.5,3.56,2284588596.0,2071059756.0,0.0,0.25,-27.86,-37.49
4028,300797,钢研纳克,12.32,-0.32,-0.04,34373.0,42386707.0,1.54,12.45,12.26,12.36,12.36,1.0,0.9,49.98,3.63,4715211547.0,4702474811.0,0.08,0.08,-23.62,-26.75
4029,002817,黄山胶囊,6.29,-0.32,-0.02,63016.0,39868308.3,2.22,6.41,6.27,6.33,6.31,1.01,2.17,27.09,1.96,1881327489.0,1824347166.0,-0.16,-0.16,-23.29,-16.69
4030,920275,驱动力,6.29,-0.32,-0.02,3325.0,2097400.34,2.22,6.4,6.26,6.37,6.31,0.46,0.25,661.94,4.36,1002485104.0,829742337.0,0.0,-0.16,-13.6,-27.62
4031,001220,世盟股份,30.41,-0.33,-0.1,12524.0,37916702.65,2.13,30.6,29.95,30.48,30.51,1.27,5.43,34.0,1.85,2806538900.0,701634725.0,-0.07,-0.03,-22.6,10.38
4032,002833,弘亚数控,17.87,-0.33,-0.06,50217.0,89581725.4,2.01,18.01,17.65,17.93,17.93,0.59,1.71,13.2,2.5,7667474806.0,5237100285.0,-0.06,0.0,-16.77,13.32
4033,601999,出版传媒,6.03,-0.33,-0.02,52295.0,31621558.0,2.64,6.13,5.97,6.04,6.05,1.08,0.95,125.13,1.24,3322015641.0,3322015641.0,-0.5,-0.33,-15.9,-12.23
4034,300967,晓鸣股份,14.93,-0.33,-0.05,31560.0,46987230.0,2.34,15.11,14.76,14.99,14.98,0.88,2.53,-30.82,4.3,2800493809.0,1863215000.0,0.34,0.47,-13.15,-19.64
4035,300355,蒙草生态,2.98,-0.33,-0.01,242291.0,72349603.11,2.01,3.02,2.96,2.99,2.99,0.96,1.77,-95.62,1.13,4780641401.0,4071546566.0,0.34,0.0,-19.02,-26.24
4036,920970,大禹生物,5.98,-0.33,-0.02,19317.0,11479197.07,2.83,6.06,5.89,6.02,6.0,0.76,2.76,-9.51,2.69,662588784.0,419026374.0,1.18,0.34,-17.97,-22.24
4037,603712,七一二,12.08,-0.33,-0.04,115788.0,140303849.0,2.23,12.27,12.0,12.27,12.12,1.13,1.5,-35.76,2.44,9325760000.0,9325760000.0,0.0,0.08,-27.71,-41.84
4038,600967,内蒙一机,11.58,-0.34,-0.04,216946.0,251208720.0,1.98,11.68,11.45,11.62,11.62,0.61,1.27,35.62,1.67,19706782244.0,19706782244.0,-0.09,-0.09,-19.25,-30.66
4039,001233,海安集团,44.61,-0.34,-0.15,13310.0,59379023.4,1.68,45.05,44.3,44.77,44.76,0.93,3.53,39.04,1.76,8296270430.0,1682382595.0,0.11,0.09,-25.87,-22.63
4040,002469,三维化学,5.87,-0.34,-0.02,61142.0,36065521.5,2.04,5.97,5.85,5.9,5.89,0.96,0.97,-988.68,1.51,3808823638.0,3688725088.0,0.0,0.0,-14.18,-27.98
4041,002537,海联金汇,5.89,-0.34,-0.02,228864.0,135218722.42,1.52,5.96,5.87,5.93,5.91,0.87,1.95,33.26,1.58,6914958628.0,6895527518.0,0.0,0.34,-21.05,-34.99
4042,603081,大丰实业,8.89,-0.34,-0.03,34068.0,30327680.0,1.57,8.99,8.85,8.93,8.92,0.76,0.81,247.5,1.18,3756017435.0,3756017435.0,0.0,0.11,-26.83,-36.36
4043,688560,明冠新材,11.66,-0.34,-0.04,46944.0,54953903.0,3.76,11.99,11.55,11.68,11.7,1.11,2.33,-36.46,0.91,2347180364.0,2347180364.0,0.0,0.26,-32.8,-18.4
4044,002255,海陆重工,8.71,-0.34,-0.03,310059.0,267415792.02,3.2,8.77,8.49,8.62,8.74,1.38,4.86,17.48,1.58,7236973989.0,5556738237.0,0.11,0.0,-23.8,-30.76
4045,603093,南华期货,17.81,-0.34,-0.06,79911.0,142758990.0,2.01,18.04,17.68,17.8,17.87,0.88,1.31,16.66,2.39,13645513400.0,10865273554.0,0.0,0.0,-18.82,-8.62
4046,603173,福斯达,32.25,-0.34,-0.11,8268.0,26821604.0,1.92,32.82,32.2,32.37,32.36,1.24,0.52,13.95,2.65,5160000000.0,5160000000.0,0.0,0.03,-16.73,-23.23
4047,603737,三棵树,23.7,-0.34,-0.08,82617.0,195290476.0,2.65,23.9,23.27,23.75,23.78,0.61,0.93,49.17,7.11,20983528942.0,20983528942.0,0.04,0.08,-37.86,-38.44
4048,002468,申通快递,14.32,-0.35,-0.05,137100.0,196757886.95,2.16,14.52,14.21,14.4,14.37,0.73,0.94,11.95,1.95,21921087017.0,20966000770.0,-0.14,-0.14,-10.78,7.51
4049,300094,国联水产,2.81,-0.35,-0.01,277569.0,78213269.8,2.13,2.85,2.79,2.83,2.82,0.83,2.51,183.29,33.37,3170149981.0,3106503891.0,0.0,0.0,-12.73,-21.07
4050,300958,建工修复,11.42,-0.35,-0.04,41665.0,47733832.82,2.01,11.57,11.34,11.47,11.46,1.17,4.58,-21.28,1.48,1789931732.0,1039784456.0,0.09,-0.09,-22.31,-7.98
4051,605378,野马电池,13.9,-0.36,-0.05,23340.0,32526176.0,1.65,14.08,13.85,13.91,13.95,0.76,0.89,-123.71,3.01,3632714960.0,3632714960.0,0.07,0.22,-29.97,-37.75
4052,601199,江南水务,5.61,-0.36,-0.02,130329.0,73274279.0,2.31,5.71,5.58,5.64,5.63,1.19,1.39,15.21,1.14,5246529738.0,5246529738.0,0.0,0.18,-10.95,2.37
4053,600864,哈投股份,5.51,-0.36,-0.02,192311.0,106470224.0,1.45,5.58,5.5,5.55,5.53,0.74,0.92,36.06,0.9,11463943565.0,11463943565.0,-0.18,0.0,-9.97,-16.26
4054,000899,赣能股份,11.04,-0.36,-0.04,175051.0,193503554.92,2.98,11.27,10.94,10.98,11.08,0.86,1.79,13.33,1.77,10771482470.0,10771482470.0,0.09,0.09,-15.01,18.33
4055,600235,民丰特纸,5.51,-0.36,-0.02,52704.0,28997661.0,3.07,5.61,5.44,5.56,5.53,1.06,1.5,-395.81,1.29,1935663000.0,1935663000.0,0.36,0.55,-21.4,-18.85
4056,600678,ST金顶,5.55,-0.36,-0.02,103981.0,57458250.0,2.51,5.61,5.47,5.61,5.57,1.01,2.98,261.4,7.51,1936894500.0,1936894500.0,0.18,0.0,-34.4,-59.46
4057,002099,海翔药业,5.49,-0.36,-0.02,95356.0,52587220.63,2.36,5.59,5.46,5.55,5.51,0.58,0.59,84.01,1.8,8886746739.0,8876469459.0,0.0,0.0,-10.88,-12.02
4058,605155,西大门,13.47,-0.37,-0.05,41431.0,56418385.0,4.22,13.98,13.41,13.54,13.52,1.29,2.22,31.99,1.93,2566295941.0,2516579895.0,0.07,0.07,-21.04,-20.76
4059,603876,鼎胜新材,21.54,-0.37,-0.08,127553.0,275658989.0,1.85,21.87,21.47,21.62,21.62,0.54,1.37,25.82,2.66,20016415768.0,20016415768.0,0.0,-0.05,-29.77,44.76
4060,920160,北矿检测,19.09,-0.37,-0.07,3622.0,6925377.08,1.67,19.33,19.01,19.33,19.16,1.31,1.42,20.5,4.07,2162515200.0,486565920.0,0.1,0.1,-21.79,-25.34
4061,600256,广汇能源,5.39,-0.37,-0.02,926849.0,501316324.0,2.22,5.47,5.35,5.42,5.41,0.89,1.45,36.44,1.44,34452895976.0,34452895976.0,0.0,-0.19,-13.34,10.91
4062,600469,风神股份,5.37,-0.37,-0.02,75087.0,40311192.0,2.04,5.43,5.32,5.39,5.39,1.07,1.03,23.47,1.04,4779486940.0,3917151177.0,-0.19,0.0,-16.74,-21.49
4063,000852,石化机械,5.41,-0.37,-0.02,102862.0,55624206.9,2.03,5.47,5.36,5.43,5.43,0.9,1.08,-202.04,1.65,5170716436.0,5140900503.0,0.37,0.37,-25.99,-25.58
4064,603008,ST喜临门,8.14,-0.37,-0.03,40605.0,32714167.0,2.82,8.2,7.97,8.2,8.17,0.73,1.1,-20.89,0.85,2997900421.0,2997900421.0,0.25,0.62,-3.1,-60.25
4065,002367,康力电梯,5.4,-0.37,-0.02,90312.0,48794489.0,1.66,5.45,5.36,5.42,5.42,0.9,1.14,29.26,1.22,4307825462.0,4290708947.0,0.0,0.19,-13.18,-31.73
4066,920370,新安洁,2.71,-0.37,-0.01,9241.0,2504843.07,1.84,2.74,2.69,2.71,2.72,0.47,0.35,-27.93,1.44,813767860.0,711066602.0,0.0,0.37,-22.57,-34.54
4067,002027,分众传媒,5.32,-0.37,-0.02,2054682.0,1091438284.17,2.81,5.39,5.24,5.34,5.34,0.84,1.42,10.73,6.05,76832502542.0,76832502542.0,0.0,-0.19,-10.14,-25.91
4068,001318,阳光乳业,10.91,-0.37,-0.04,51140.0,56064615.0,2.65,11.16,10.87,10.95,10.95,0.55,1.81,40.41,2.18,3083820600.0,3083820600.0,0.0,0.0,-17.54,-28.93
4069,002187,广百股份,5.37,-0.37,-0.02,92503.0,49714841.43,1.67,5.42,5.33,5.4,5.39,0.57,1.32,38.98,0.94,3763804179.0,3763804179.0,0.0,0.37,-12.54,-29.06
4070,002021,中捷资源,2.59,-0.38,-0.01,249676.0,64883538.51,2.69,2.65,2.58,2.61,2.6,0.68,2.09,-131.28,5.05,3096286267.0,3096184138.0,0.39,0.0,-21.99,4.86
4071,002133,广宇集团,2.6,-0.38,-0.01,96129.0,25157197.0,2.3,2.65,2.59,2.62,2.61,0.81,1.25,-120.87,0.69,2012774855.0,2001662523.0,-0.38,0.39,-21.92,-23.3
4072,002377,国创高新,2.59,-0.38,-0.01,196298.0,50916777.0,2.69,2.64,2.57,2.62,2.6,0.96,2.25,86.89,5.97,2373282271.0,2259574718.0,0.0,0.0,-28.85,-9.44
4073,601868,中国能建,2.63,-0.38,-0.01,3161861.0,831291617.0,2.27,2.67,2.61,2.66,2.64,1.0,0.98,20.0,0.97,116351681929.0,85287553683.0,0.0,0.0,-19.08,11.91
4074,001369,双欣材料,12.95,-0.38,-0.05,98178.0,127006405.7,1.15,13.01,12.86,13.0,13.0,0.88,4.73,29.07,2.16,14853650000.0,2686521957.0,0.0,0.08,-20.89,-20.84
4075,002823,凯中精密,13.24,-0.38,-0.05,60368.0,80405593.96,2.11,13.5,13.22,13.49,13.29,1.27,2.76,20.79,2.14,4347604885.0,2898085819.0,0.0,0.0,-19.95,-16.31
4076,603966,法兰泰克,7.89,-0.38,-0.03,48724.0,38502443.0,1.64,7.98,7.85,7.97,7.92,0.75,0.94,18.92,2.03,4105915729.0,4100409772.0,0.0,-0.13,-27.61,-11.74
4077,300798,锦鸡股份,7.93,-0.38,-0.03,582989.0,467282656.85,7.29,8.3,7.72,7.92,7.96,1.0,14.37,-61.44,2.13,3910696859.0,3217229437.0,-0.38,0.13,-28.36,11.53
4078,605033,美邦股份,18.05,-0.39,-0.07,48945.0,87974368.0,2.32,18.22,17.8,18.14,18.12,1.03,3.62,23.89,2.05,2440360000.0,2440360000.0,0.17,0.33,-22.43,-9.66
4079,300600,国瑞科技,10.13,-0.39,-0.04,51700.0,52278036.8,2.36,10.27,10.03,10.21,10.17,0.53,1.76,-177.61,2.48,2980595282.0,2980595282.0,0.2,0.4,-22.38,-32.01
4080,600742,富维股份,7.62,-0.39,-0.03,66969.0,50916178.0,1.18,7.66,7.57,7.66,7.65,0.95,0.9,17.26,0.67,5662101046.0,5662101046.0,0.13,0.0,-19.02,-21.93
4081,000151,中成股份,9.94,-0.4,-0.04,71175.0,70834371.8,2.61,10.12,9.86,10.01,9.98,1.02,2.31,51.98,3.98,3488008483.0,3060870868.0,0.2,0.1,-18.19,-16.33
4082,600638,新黄浦,4.92,-0.4,-0.02,96579.0,47583150.0,1.62,4.98,4.9,4.97,4.94,0.64,1.43,5.99,0.71,3313112187.0,3313112187.0,-0.2,0.0,-22.4,-23.6
4083,002401,中远海科,12.49,-0.4,-0.05,34013.0,42605392.2,1.83,12.65,12.42,12.56,12.54,0.71,0.92,158.99,2.81,4642138816.0,4638155630.0,0.08,0.16,-19.32,-21.45
4084,002783,凯龙股份,7.44,-0.4,-0.03,57657.0,42694922.51,1.74,7.47,7.34,7.47,7.47,0.99,1.25,96.28,1.42,3714921806.0,3430707400.0,0.13,0.13,-16.69,-21.44
4085,603878,武进不锈,4.97,-0.4,-0.02,142745.0,70874089.0,2.4,5.03,4.91,4.99,4.99,1.01,2.54,-39.72,1.09,2788915430.0,2788915430.0,0.0,0.4,-40.12,-46.04
4086,600691,潞化科技,2.47,-0.4,-0.01,194496.0,47983906.0,2.42,2.5,2.44,2.48,2.48,0.7,0.82,-30.12,1.89,5868675421.0,5867697301.0,0.41,0.41,-21.09,-10.51
4087,600406,国电南瑞,24.97,-0.4,-0.1,741543.0,1849642555.0,2.47,25.34,24.72,25.21,25.07,1.07,0.93,69.51,4.04,200552951215.0,199964158765.0,0.0,0.0,-5.34,13.45
4088,000521,长虹美菱,5.01,-0.4,-0.02,66673.0,33375863.53,1.19,5.05,4.99,5.02,5.03,0.72,0.76,18.36,0.88,5159917812.0,4384901398.0,0.0,0.0,-10.54,-21.1
4089,301575,艾芬达,27.19,-0.4,-0.11,7118.0,19344288.6,1.65,27.41,26.96,27.3,27.3,0.82,2.92,28.36,2.38,3299180220.0,662673321.0,0.04,0.15,-20.43,-25.1
4090,600189,泉阳泉,7.35,-0.41,-0.03,72381.0,53156635.0,1.63,7.41,7.29,7.36,7.38,0.59,1.01,130.86,4.25,5256703918.0,5256703918.0,0.0,0.27,-14.63,6.37
4091,920663,明阳科技,12.23,-0.41,-0.05,7442.0,9090468.11,2.12,12.38,12.12,12.25,12.28,1.39,1.16,18.58,4.27,1633347197.0,783655840.0,0.08,0.25,-25.11,-31.25
4092,600668,尖峰集团,7.37,-0.41,-0.03,46337.0,34155457.0,1.62,7.45,7.33,7.41,7.4,1.04,1.12,-41.53,0.56,3043077378.0,3043077378.0,0.14,0.41,-19.8,-34.2
4093,000701,厦门信达,4.9,-0.41,-0.02,107334.0,52888223.0,3.25,5.03,4.87,4.94,4.92,0.9,1.61,76.14,-5.34,3274734219.0,3271958492.0,0.0,0.0,-20.33,-25.42
4094,688538,和辉光电-U,2.44,-0.41,-0.01,658775.0,160683897.0,2.04,2.47,2.42,2.45,2.45,0.75,1.15,-17.92,4.44,33695027805.0,14035455169.0,0.41,0.0,4.72,-8.27
4095,001299,美能能源,9.8,-0.41,-0.04,25892.0,25595178.31,2.13,10.0,9.79,9.86,9.84,0.99,0.92,27.8,2.74,3079308833.0,2772177705.0,0.0,-0.1,-13.66,-10.75
4096,600178,东安动力,9.67,-0.41,-0.04,62981.0,60841133.0,1.44,9.72,9.58,9.69,9.71,0.41,1.35,-56.66,1.78,4510824477.0,4510824477.0,0.0,0.1,-6.93,-24.33
4097,002535,林州重机,2.43,-0.41,-0.01,150649.0,36772566.9,3.28,2.48,2.4,2.45,2.44,1.0,2.02,92.46,3.27,1948089870.0,1813505379.0,0.0,0.0,-28.32,-37.37
4098,920145,恒合股份,9.76,-0.41,-0.04,4994.0,4868850.54,2.35,9.9,9.67,9.73,9.8,0.77,1.02,-49.3,2.67,688568000.0,476602760.0,0.1,0.0,-32.55,-61.42
4099,003039,顺控发展,12.16,-0.41,-0.05,36887.0,45054001.0,1.64,12.34,12.14,12.29,12.21,0.98,0.6,28.81,2.65,7509027757.0,7509027757.0,0.0,-0.16,-15.38,-22.55
4100,603987,康德莱,7.37,-0.41,-0.03,41375.0,30587985.0,2.16,7.48,7.32,7.45,7.4,1.18,0.95,14.88,1.16,3219148786.0,3219148786.0,-0.14,0.14,-9.68,-12.57
4101,920086,科马材料,21.21,-0.42,-0.09,8272.0,17553086.45,2.02,21.53,21.1,21.38,21.3,0.96,3.02,18.2,2.12,1774852800.0,580562241.0,0.05,0.14,-32.15,90.05
4102,001380,华纬科技,16.49,-0.42,-0.07,15397.0,25526063.23,1.39,16.7,16.47,16.61,16.56,0.98,0.66,26.77,2.3,4466385890.0,3837756699.0,0.0,-0.12,-14.56,-27.61
4103,300917,特发服务,26.17,-0.42,-0.11,49608.0,129512460.86,1.98,26.38,25.86,26.15,26.28,0.68,2.94,33.7,3.76,4422730000.0,4422730000.0,0.27,0.54,-25.42,-32.55
4104,000716,黑芝麻,4.71,-0.42,-0.02,140609.0,66388482.0,2.11,4.78,4.68,4.75,4.73,0.67,1.91,26.95,1.4,3546083876.0,3465260685.0,0.0,0.21,-9.6,-24.4
4105,600976,健民集团,28.58,-0.42,-0.12,28060.0,80632005.0,3.28,29.4,28.46,28.63,28.7,1.19,1.83,12.49,1.68,4384131988.0,4381273988.0,-0.31,-0.03,-11.74,-12.52
4106,600610,中毅达,7.07,-0.42,-0.03,177245.0,124666620.0,2.82,7.14,6.94,7.11,7.1,0.97,2.5,102.37,54.47,7573911457.0,5010697804.0,0.0,0.28,-35.79,-28.8
4107,002462,嘉事堂,11.93,-0.42,-0.05,30316.0,36219435.0,2.0,12.11,11.87,11.97,11.98,1.01,1.04,22.85,0.79,3480065942.0,3477242099.0,0.08,0.25,-14.17,-16.92
4108,920985,海泰新能,4.76,-0.42,-0.02,32418.0,15367169.57,2.3,4.82,4.71,4.77,4.78,0.96,1.48,-9.55,2.34,1473106712.0,1043953009.0,0.0,0.42,-28.74,-33.8
4109,920028,新恒泰,13.77,-0.43,-0.06,10842.0,14930627.39,2.24,13.94,13.63,13.94,13.83,0.92,1.67,25.61,2.0,2263237200.0,894493692.0,0.22,0.15,-34.99,46.49
4110,600117,西宁特钢,2.29,-0.43,-0.01,159105.0,36395589.0,1.74,2.31,2.27,2.31,2.3,1.16,0.49,-7.38,2.17,7454213023.0,7454213023.0,0.0,0.44,-13.26,-19.37
4111,300445,康斯特,18.4,-0.43,-0.08,24190.0,44644467.44,1.79,18.64,18.31,18.62,18.48,0.7,1.72,28.93,3.02,3908712239.0,2586156377.0,0.11,0.11,-23.21,-29.12
4112,600570,恒生电子,23.08,-0.43,-0.1,461213.0,1070024389.0,2.11,23.5,23.01,23.28,23.18,0.92,2.44,78.74,4.56,43705394501.0,43705394501.0,-0.04,0.09,-17.01,-22.94
4113,688269,凯立新材,30.42,-0.43,-0.13,14250.0,43297867.0,2.32,30.75,30.04,30.55,30.55,0.92,1.09,20.56,3.75,3976015680.0,3976015680.0,-0.07,0.2,-28.42,-23.39
4114,002495,佳隆股份,2.3,-0.43,-0.01,232273.0,53491789.2,2.6,2.34,2.28,2.31,2.31,0.98,3.35,219.35,1.96,2151938880.0,1596011876.0,0.44,0.44,-15.13,-13.21
4115,600371,万向德农,6.91,-0.43,-0.03,43886.0,30513817.0,2.59,7.06,6.88,6.97,6.94,1.02,1.5,483.57,3.99,2021713980.0,2021713980.0,-0.14,-0.14,-20.02,-19.84
4116,600351,亚宝药业,6.88,-0.43,-0.03,429062.0,293745833.0,2.46,6.95,6.78,6.85,6.91,1.9,6.2,13.4,1.69,4760960316.0,4760960316.0,0.15,0.15,1.03,12.05
4117,000785,居然智家,2.3,-0.43,-0.01,440737.0,101338709.02,3.03,2.34,2.27,2.33,2.31,0.61,0.76,57.65,0.75,14322212272.0,13350308329.0,0.0,0.44,-11.88,-21.23
4118,000886,海南高速,4.68,-0.43,-0.02,136707.0,64058059.0,3.62,4.8,4.63,4.78,4.7,1.02,1.4,-49.24,1.46,4627716444.0,4576233393.0,0.21,0.43,-14.6,-31.78
4119,002543,万和电气,6.79,-0.44,-0.03,29193.0,19789589.11,1.76,6.86,6.74,6.83,6.82,0.72,0.44,15.85,1.09,5049044000.0,4492386906.0,0.3,0.3,-16.38,-31.9
4120,300793,佳禾智能,11.19,-0.44,-0.05,54184.0,60658958.6,2.14,11.32,11.08,11.29,11.24,0.71,1.46,-122.82,1.52,4258318983.0,4163668368.0,-0.18,-0.09,-23.83,-31.39
4121,001201,东瑞股份,11.37,-0.44,-0.05,26676.0,30297490.2,1.66,11.49,11.3,11.46,11.42,1.04,1.32,-3.89,0.97,2931004091.0,2290373198.0,0.18,0.18,-14.96,-21.96
4122,000793,ST华闻,2.25,-0.44,-0.01,111462.0,25071376.25,1.77,2.28,2.24,2.28,2.26,0.68,0.42,-88.4,2.79,9886365011.0,5995582117.0,-0.44,-0.44,-11.42,-15.09
4123,002424,ST百灵,4.57,-0.44,-0.02,53904.0,24645741.0,0.87,4.6,4.56,4.6,4.59,0.92,0.47,56.64,2.01,6387024688.0,5264082190.0,0.0,0.0,-8.05,5.06
4124,603648,畅联股份,9.11,-0.44,-0.04,20600.0,18827239.0,1.2,9.21,9.1,9.15,9.15,0.76,0.57,24.81,1.74,3301580608.0,3301580608.0,0.0,0.0,-11.04,-16.42
4125,605259,绿田机械,18.2,-0.44,-0.08,6981.0,12715651.0,1.53,18.37,18.09,18.37,18.28,1.0,0.4,17.46,1.71,3139136000.0,3139136000.0,0.22,0.33,-5.6,-17.57
4126,002406,远东传动,6.79,-0.44,-0.03,125421.0,85254005.0,1.76,6.87,6.75,6.84,6.82,0.95,2.08,27.53,1.27,4958228307.0,4089025577.0,-0.15,-0.15,-13.72,-11.13
4127,603583,捷昌驱动,24.95,-0.44,-0.11,36003.0,90139151.0,1.56,25.2,24.81,25.06,25.06,0.93,0.94,47.67,2.1,9624735827.0,9537061527.0,0.0,-0.04,-13.16,-33.92
4128,603053,成都燃气,9.02,-0.44,-0.04,22887.0,20696235.0,1.43,9.12,8.99,9.06,9.06,1.0,0.26,12.01,1.68,8017787800.0,8017787800.0,0.33,0.11,-4.25,-3.01
4129,600436,片仔癀,137.5,-0.44,-0.61,55366.0,764404406.0,2.22,139.89,136.83,138.12,138.11,0.75,0.92,27.89,5.82,82956116375.0,82956116375.0,0.01,-0.04,-1.31,-17.77
4130,603167,渤海轮渡,8.81,-0.45,-0.04,72199.0,63452451.0,1.58,8.86,8.72,8.84,8.85,1.68,1.54,21.72,1.25,4133163071.0,4133163071.0,0.0,0.0,2.44,-1.34
4131,603586,金麒麟,13.28,-0.45,-0.06,15443.0,20509459.0,1.5,13.38,13.18,13.38,13.34,0.88,0.79,76.47,1.17,2603580918.0,2603580918.0,0.0,-0.08,-22.7,-28.72
4132,920030,德众汽车,4.43,-0.45,-0.02,12979.0,5762509.43,2.25,4.5,4.4,4.45,4.45,0.88,1.15,106.96,1.82,792259787.0,498260002.0,0.0,0.0,-23.62,-35.33
4133,002615,哈尔斯,6.59,-0.45,-0.03,67119.0,44502535.0,2.27,6.72,6.57,6.62,6.62,0.93,2.22,763.46,1.55,3689159248.0,1990988006.0,0.15,-0.15,-26.12,-14.08
4134,920786,骑士乳业,6.67,-0.45,-0.03,112860.0,74690039.64,3.43,6.75,6.52,6.57,6.7,0.6,8.18,27.98,1.86,1394383510.0,920803205.0,0.15,0.45,-19.44,-31.52
4135,301090,华润材料,6.58,-0.45,-0.03,87208.0,57237260.06,1.51,6.63,6.53,6.58,6.61,0.69,0.59,115.88,1.47,9688796183.0,9678675288.0,-0.15,0.3,-26.07,-6.53
4136,002564,天沃科技,4.44,-0.45,-0.02,105179.0,46908134.0,1.79,4.5,4.42,4.47,4.46,0.85,1.22,292.42,20.08,3813535878.0,3813535878.0,0.0,0.0,-30.63,-42.34
4137,920553,凯腾精工,6.57,-0.45,-0.03,7472.0,4923295.28,1.97,6.66,6.53,6.63,6.6,0.92,0.8,100.24,2.69,944046322.0,616288239.0,-0.61,-0.15,-26.67,-33.5
4138,600622,光大嘉宝,2.18,-0.46,-0.01,210593.0,45775490.0,3.65,2.22,2.14,2.2,2.19,0.83,1.4,-7.32,1.64,3269314176.0,3269314176.0,0.0,0.46,-19.85,-23.78
4139,603535,嘉诚国际,6.47,-0.46,-0.03,39140.0,25464359.0,1.69,6.57,6.46,6.56,6.5,0.59,0.77,44.86,1.33,3305641602.0,3305641602.0,0.0,0.0,-18.0,-39.59
4140,002675,东诚药业,12.89,-0.46,-0.06,64844.0,84199641.54,2.16,13.14,12.86,12.99,12.95,1.11,0.87,79.47,2.52,10629038637.0,9582219683.0,-0.08,0.0,-1.83,-5.64
4141,688606,奥泰生物,45.08,-0.46,-0.21,4096.0,18470574.0,1.74,45.7,44.91,45.31,45.29,1.05,0.52,46.07,0.94,3573980943.0,3573980943.0,0.16,0.18,-19.7,-28.35
4142,300699,光威复材,26.17,-0.46,-0.12,121508.0,318415756.87,1.79,26.56,26.09,26.41,26.29,1.02,1.48,44.8,4.03,21756481840.0,21496323227.0,-0.11,0.11,-27.53,-32.83
4143,301508,中机认检,23.65,-0.46,-0.11,10373.0,24581935.0,1.09,23.84,23.58,23.84,23.76,0.9,1.76,42.82,2.65,5346914980.0,1391480860.0,0.13,0.17,-20.66,-23.76
4144,601882,海天精工,19.43,-0.46,-0.09,37648.0,73539366.0,2.31,19.8,19.35,19.59,19.52,0.73,0.72,22.77,3.49,10142460000.0,10142460000.0,-0.05,0.21,-16.43,1.41
4145,600995,南网储能,13.03,-0.46,-0.06,127240.0,166240806.0,2.22,13.27,12.98,13.25,13.09,0.83,0.4,17.83,1.78,41643955639.0,41643955639.0,-0.15,0.08,-11.9,4.66
4146,600061,国投资本,6.54,-0.46,-0.03,290450.0,190034762.0,1.22,6.6,6.52,6.57,6.57,0.88,0.45,13.66,0.78,41817399435.0,41817399435.0,0.0,0.15,-0.91,-12.8
4147,300160,秀强股份,4.36,-0.46,-0.02,67759.0,29746836.28,1.83,4.44,4.36,4.4,4.38,1.12,0.89,22.5,1.29,3370045833.0,3323015494.0,-0.23,-0.23,-15.83,-18.81
4148,300275,梅安森,8.6,-0.46,-0.04,63246.0,54458913.0,1.97,8.69,8.52,8.64,8.64,1.02,2.33,59.67,2.8,2648843585.0,2334568496.0,0.12,0.12,-24.43,-35.24
4149,300350,华鹏飞,4.3,-0.46,-0.02,139627.0,60050222.2,2.55,4.37,4.26,4.34,4.32,0.94,2.96,-88.2,2.76,2416652800.0,2027731293.0,0.47,0.47,-20.81,-31.85
4150,603381,永臻股份,14.98,-0.47,-0.07,40263.0,60568032.0,1.93,15.21,14.92,15.0,15.05,0.91,2.83,36.47,1.06,3554099763.0,2129222536.0,0.0,0.07,-39.72,-24.57
4151,688016,心脉医疗,93.46,-0.47,-0.44,18242.0,170568120.0,3.27,95.27,92.2,94.1,93.9,1.3,1.48,18.6,2.81,11520077455.0,11520077455.0,-0.03,-0.04,-10.32,3.07
4152,301062,上海艾录,6.33,-0.47,-0.03,64335.0,40723467.8,2.04,6.4,6.27,6.39,6.36,0.82,2.34,-346.71,2.06,2742739278.0,1742340362.0,-0.16,-0.16,-24.28,-22.71
4153,920079,乔路铭,14.78,-0.47,-0.07,68627.0,101343126.33,1.62,14.94,14.7,14.94,14.85,0.51,15.25,15.84,2.5,6153067712.0,665100000.0,0.0,0.07,2.92,2.92
4154,920098,科隆新材,17.02,-0.47,-0.08,4993.0,8504773.62,2.05,17.27,16.92,17.27,17.1,0.93,0.9,42.08,1.49,1384072680.0,942493801.0,0.47,0.53,-31.81,-44.36
4155,002363,隆基机械,6.42,-0.47,-0.03,47335.0,30424735.0,1.86,6.48,6.36,6.46,6.45,0.94,1.14,38.16,1.25,2676467832.0,2669167432.0,0.0,0.0,-23.93,-35.93
4156,920185,贝特瑞,21.25,-0.47,-0.1,44114.0,94009578.52,2.67,21.6,21.03,21.39,21.35,0.8,0.39,37.6,1.93,24186545958.0,23788518986.0,0.0,0.19,-31.16,-33.72
4157,600369,西南证券,4.21,-0.47,-0.02,292638.0,123363261.0,1.18,4.25,4.2,4.23,4.23,0.64,0.44,22.54,1.07,27975909412.0,27975909412.0,0.0,0.24,0.24,-4.32
4158,601827,三峰环境,8.41,-0.47,-0.04,98596.0,83321786.0,2.01,8.55,8.38,8.53,8.45,0.97,0.59,8.18,1.17,14060959053.0,14060959053.0,0.0,0.12,6.59,2.56
4159,605088,冠盛股份,21.12,-0.47,-0.1,44439.0,93868585.0,3.82,21.72,20.91,21.5,21.22,0.87,2.21,13.76,1.51,4281574239.0,4249215020.0,0.0,0.09,-43.32,-39.67
4160,600620,天宸股份,4.24,-0.47,-0.02,46446.0,19689890.0,2.11,4.3,4.21,4.28,4.26,0.79,0.68,-76.1,2.04,2911510959.0,2911510959.0,-0.24,0.24,-24.96,-34.77
4161,300419,ST浩丰,8.45,-0.47,-0.04,212053.0,184431206.27,7.3,9.07,8.45,8.5,8.49,1.46,5.77,-85.88,9.33,3107519357.0,3107519357.0,-0.12,-0.59,18.35,34.13
4162,002376,新北洋,6.36,-0.47,-0.03,78816.0,50357866.55,1.88,6.46,6.34,6.41,6.39,0.82,1.0,137.23,1.41,5155177761.0,5006168456.0,0.16,0.32,-11.91,-15.43
4163,600169,ST太重,2.06,-0.48,-0.01,83633.0,17218431.0,1.45,2.08,2.05,2.07,2.07,0.85,0.25,66.73,1.32,6866271490.0,6866271490.0,-0.48,0.49,-13.81,-9.65
4164,301267,华厦眼科,16.51,-0.48,-0.08,38320.0,63706822.0,1.69,16.79,16.51,16.64,16.59,0.87,0.59,20.2,2.62,13868400000.0,10705816763.0,-0.12,-0.18,-7.66,-7.3
4165,600533,栖霞建设,2.07,-0.48,-0.01,163910.0,34184011.0,3.37,2.13,2.06,2.11,2.08,1.26,1.56,-9.83,1.64,2173500000.0,2173500000.0,-0.48,0.0,-20.38,-19.14
4166,300641,正丹股份,14.54,-0.48,-0.07,64950.0,94663273.06,1.1,14.65,14.49,14.61,14.61,1.01,1.24,28.44,2.53,7641421537.0,7641421537.0,-0.07,0.0,-14.82,-15.22
4167,002736,国信证券,10.31,-0.48,-0.05,199629.0,206231896.45,1.54,10.43,10.27,10.38,10.36,0.75,0.21,12.54,1.09,105592370949.0,99104146877.0,-0.1,-0.19,-1.43,-18.63
4168,002939,长城证券,8.31,-0.48,-0.04,267279.0,222750731.7,1.56,8.42,8.29,8.37,8.35,1.21,0.74,13.5,1.04,33526088004.0,29938101534.0,0.12,0.12,-8.18,-17.56
4169,002926,华西证券,8.38,-0.48,-0.04,174350.0,146510303.56,1.31,8.47,8.36,8.43,8.42,1.02,0.66,13.97,0.89,21997500000.0,21997500000.0,0.0,0.12,-2.33,-8.01
4170,920368,连城数控,24.46,-0.49,-0.12,44616.0,109015899.06,2.28,24.75,24.19,24.65,24.58,0.95,2.0,117.84,1.36,5742729562.0,5463606572.0,0.04,0.0,-37.67,-1.65
4171,688429,时创能源,10.21,-0.49,-0.05,27501.0,28153412.0,3.31,10.4,10.06,10.23,10.26,1.21,0.69,-9.61,3.17,4084008168.0,4084008168.0,-0.39,-0.2,-30.5,-22.0
4172,300212,*ST易录,8.2,-0.49,-0.04,151831.0,125372515.67,2.31,8.36,8.17,8.22,8.24,0.98,2.17,-30.7,-2.95,5903117860.0,5727796137.0,0.0,0.0,28.93,-53.01
4173,600375,汉马科技,4.09,-0.49,-0.02,243411.0,99796110.0,1.7,4.14,4.07,4.1,4.11,0.91,1.66,60.39,1.93,6556561891.0,5982384758.0,-0.24,-0.24,-21.95,-30.44
4174,600128,苏豪弘业,8.09,-0.49,-0.04,42851.0,34816606.0,2.09,8.23,8.06,8.15,8.13,1.06,1.74,38.79,0.96,2036242483.0,1996349075.0,0.25,0.12,-22.21,-25.44
4175,000407,胜利股份,4.07,-0.49,-0.02,163135.0,66202724.7,1.71,4.1,4.03,4.09,4.09,1.14,1.86,24.88,1.17,3581944550.0,3564403281.0,0.0,0.49,-11.14,-17.94
4176,603707,健友股份,8.14,-0.49,-0.04,78976.0,64722622.0,1.96,8.29,8.13,8.18,8.18,0.7,0.49,36.94,1.94,13151399303.0,13151399303.0,-0.12,-0.12,-10.35,-8.85
4177,600167,联美控股,5.99,-0.5,-0.03,66373.0,39779886.0,1.83,6.07,5.96,6.02,6.02,0.76,0.29,6.36,1.16,13554414373.0,13554414373.0,0.17,0.17,-11.91,-12.94
4178,600283,钱江水利,7.97,-0.5,-0.04,23973.0,19102915.0,1.12,8.03,7.94,8.01,8.01,0.99,0.43,29.55,1.47,4469774437.0,4469774437.0,0.0,0.13,-11.25,-10.45
4179,300371,汇中股份,10.0,-0.5,-0.05,35687.0,35919212.67,2.99,10.24,9.94,10.21,10.05,1.31,2.55,68.97,1.74,2012172960.0,1399956620.0,-0.1,-0.2,-27.06,-19.81
4180,600960,渤海汽车,4.0,-0.5,-0.02,88507.0,35318267.0,1.74,4.04,3.97,4.02,4.02,0.81,0.93,-140.71,1.08,3802062072.0,3802062072.0,0.5,0.76,-19.52,-28.32
4181,000012,南  玻Ａ,3.95,-0.5,-0.02,236419.0,93655190.08,1.51,4.0,3.94,3.97,3.97,0.91,1.21,-30.46,0.93,12017751803.0,7739300562.0,0.25,0.25,-1.25,-10.43
4182,600452,涪陵电力,9.93,-0.5,-0.05,295156.0,294041782.0,2.1,10.1,9.89,9.96,9.98,1.05,1.92,29.73,2.7,15257858624.0,15257858624.0,0.1,0.1,-17.66,6.77
4183,601377,兴业证券,6.01,-0.5,-0.03,973692.0,585583335.0,1.32,6.07,5.99,6.04,6.04,1.19,1.13,16.52,0.93,51902283637.0,51902283637.0,0.17,0.17,-0.33,-17.9
4184,300294,博雅生物,15.83,-0.5,-0.08,46568.0,73860820.86,1.57,16.02,15.77,16.0,15.91,0.82,0.92,66.03,1.08,7982257523.0,7982257523.0,0.0,-0.13,-10.97,-29.74
4185,300523,辰安科技,19.74,-0.5,-0.1,23939.0,47320730.0,2.27,20.07,19.62,20.05,19.84,0.75,1.03,-38.63,4.74,4592266974.0,4592124846.0,0.0,0.05,-10.56,-17.51
4186,002441,众业达,8.04,-0.5,-0.04,61678.0,49676694.0,1.61,8.13,8.0,8.08,8.08,1.17,1.55,11.42,1.0,4378130616.0,3204375197.0,0.0,0.0,-19.52,-11.65
4187,301609,山大电力,37.15,-0.51,-0.19,67035.0,249521619.86,2.79,37.65,36.61,37.35,37.34,1.09,6.83,104.2,4.91,6050992000.0,3646854269.0,0.0,-0.05,-20.76,-9.48
4188,300021,大禹节水,3.91,-0.51,-0.02,107457.0,42121437.27,1.02,3.94,3.9,3.92,3.93,1.0,1.23,102.21,1.54,3997456804.0,3414951600.0,-0.26,-0.26,-13.69,-14.63
4189,000801,四川九洲,11.67,-0.51,-0.06,98368.0,115153506.96,1.19,11.79,11.65,11.7,11.73,0.69,0.97,200.09,3.83,11860509938.0,11856348229.0,-0.17,-0.17,-17.7,-31.11
4190,300690,双一科技,21.66,-0.51,-0.11,33826.0,73640126.87,1.7,22.0,21.63,21.88,21.77,1.12,3.03,42.13,2.3,3581457586.0,2416828388.0,0.05,0.05,-26.15,-33.88
4191,002282,博深股份,5.87,-0.51,-0.03,41469.0,24326147.0,1.53,5.92,5.83,5.92,5.9,1.07,0.82,21.48,0.87,3092541103.0,2964377519.0,0.0,0.0,-13.42,-18.47
4192,920682,球冠电缆,5.88,-0.51,-0.03,25669.0,15104003.62,2.03,5.97,5.85,5.88,5.91,1.05,1.14,85.39,2.08,2289530880.0,1327743902.0,0.0,0.17,-19.23,-21.39
4193,605300,佳禾食品,9.79,-0.51,-0.05,32806.0,32184739.0,1.73,9.91,9.74,9.79,9.84,0.62,0.72,62.39,1.56,4448562265.0,4448562265.0,0.0,-0.1,-10.35,-15.09
4194,002982,湘佳股份,11.75,-0.51,-0.06,33038.0,38727000.04,2.96,11.99,11.64,11.83,11.81,1.03,2.54,38.12,1.49,2387530499.0,1528572164.0,0.6,0.77,-18.85,-13.86
4195,301311,昆船智能,13.54,-0.51,-0.07,21719.0,29526027.97,1.4,13.69,13.5,13.67,13.61,0.79,0.9,-32.0,1.9,3249600000.0,3249600000.0,0.07,0.0,-20.77,-27.67
4196,600765,中航重机,13.73,-0.51,-0.07,129715.0,178214092.0,1.16,13.84,13.68,13.8,13.8,0.84,0.84,33.73,1.49,21315744721.0,21315744721.0,-0.07,0.07,-17.14,-28.3
4197,688779,五矿新能,7.82,-0.51,-0.04,235518.0,185789653.0,2.29,7.98,7.8,7.9,7.86,0.81,1.22,46.42,2.15,15086500275.0,15086500275.0,-0.13,0.0,-24.88,4.97
4198,600096,云天化,29.4,-0.51,-0.15,232078.0,679322651.0,2.13,29.69,29.06,29.57,29.55,0.94,1.27,9.4,2.25,53595927491.0,53595927491.0,0.1,0.31,-13.09,-8.72
4199,603284,林平发展,39.08,-0.51,-0.2,11083.0,43275177.0,1.68,39.5,38.84,39.48,39.28,0.65,6.0,15.68,1.36,2947210384.0,721940589.0,0.05,0.08,-17.52,4.88
4200,920455,汇隆活塞,5.83,-0.51,-0.03,5699.0,3312810.28,2.05,5.9,5.78,5.85,5.86,0.88,0.59,31.59,3.15,1034533500.0,567325707.0,0.0,-0.17,-25.73,-29.42
4201,600841,动力新科,5.91,-0.51,-0.03,159937.0,93874468.0,2.02,5.94,5.82,5.94,5.94,0.74,1.53,56.64,1.28,8202026743.0,6164274700.0,0.0,0.17,-28.01,-2.96
4202,300281,金明精机,5.85,-0.51,-0.03,54308.0,31957145.5,2.38,5.96,5.82,5.9,5.88,0.79,1.37,125.4,1.98,2450702943.0,2324356585.0,0.17,0.0,-23.23,-28.22
4203,002775,文科股份,3.85,-0.52,-0.02,178020.0,68440231.43,2.58,3.91,3.81,3.91,3.87,0.51,3.06,-48.48,1421.69,2484497874.0,2236149774.0,0.0,0.52,-3.27,-10.05
4204,300138,晨光生物,11.59,-0.52,-0.06,74833.0,86673864.41,1.37,11.67,11.51,11.62,11.65,0.44,1.88,14.47,1.68,5599130078.0,4616451054.0,0.17,0.26,4.13,-4.29
4205,600835,上海机电,19.29,-0.52,-0.1,53220.0,103047590.0,1.19,19.49,19.26,19.37,19.39,0.67,0.66,27.22,1.39,19430715631.0,15557467947.0,-0.1,-0.1,-21.23,-35.38
4206,300538,同益股份,13.46,-0.52,-0.07,45008.0,60982540.61,2.07,13.69,13.41,13.56,13.53,0.73,3.72,73.83,2.7,2448623993.0,1628461438.0,-0.07,0.0,-20.21,-16.19
4207,600127,金健米业,5.64,-0.53,-0.03,96626.0,54499219.0,2.12,5.72,5.6,5.67,5.67,0.84,1.51,5170.21,5.39,3619657350.0,3619657350.0,0.18,0.18,-16.69,-16.07
4208,002420,毅昌科技,5.62,-0.53,-0.03,95836.0,53890068.62,2.65,5.71,5.56,5.63,5.65,1.01,2.37,27.56,2.77,2311449800.0,2274453902.0,-0.18,0.0,-20.96,-26.92
4209,301038,深水规院,16.75,-0.53,-0.09,41834.0,69890453.5,2.67,16.99,16.54,16.99,16.84,0.88,1.88,-27.1,4.26,3736590000.0,3736590000.0,0.0,0.36,-19.93,-28.33
4210,002074,国轩高科,28.0,-0.53,-0.15,256304.0,719884022.89,1.14,28.24,27.92,28.1,28.15,0.78,1.48,602.24,1.77,50812309576.0,48628647480.0,0.0,0.18,-24.69,-28.22
4211,600361,创新新材,3.78,-0.53,-0.02,349716.0,132841235.0,2.11,3.85,3.77,3.8,3.8,0.67,0.94,13.24,1.27,14109465811.0,14109465811.0,0.0,0.0,-13.3,-8.92
4212,002512,ST达华,3.77,-0.53,-0.02,336450.0,125894781.0,3.69,3.82,3.68,3.77,3.79,0.86,3.07,28.52,12.78,4156110703.0,4126083218.0,0.0,0.0,-20.3,-39.49
4213,000637,茂化实华,3.75,-0.53,-0.02,86104.0,32352054.0,2.12,3.79,3.71,3.75,3.77,0.85,2.36,-17.25,4.07,1949532585.0,1367209894.0,0.0,0.0,-21.38,-12.79
4214,000985,大庆华科,14.89,-0.53,-0.08,15309.0,22852123.0,2.07,15.11,14.8,15.11,14.97,0.89,1.18,85.32,3.16,1930332155.0,1930332155.0,0.0,0.07,-24.87,-22.04
4215,688382,益方生物-U,18.69,-0.53,-0.1,286013.0,537698081.0,6.97,19.55,18.24,18.94,18.79,1.46,4.93,-61.04,7.22,10832574555.0,10832574555.0,-0.11,0.0,-16.86,-31.39
4216,002140,东华科技,9.13,-0.54,-0.05,59835.0,54605912.92,1.63,9.21,9.06,9.15,9.18,0.92,0.85,13.04,1.33,6464166651.0,6454899729.0,0.11,0.22,-19.98,-17.45
4217,603080,新疆火炬,18.51,-0.54,-0.1,14515.0,26938872.0,2.04,18.78,18.4,18.61,18.61,1.06,1.03,14.52,1.69,2619165000.0,2619165000.0,-0.05,0.16,-13.91,-19.87
4218,002389,航天彩虹,18.49,-0.54,-0.1,177537.0,328653898.32,1.24,18.63,18.4,18.51,18.59,0.78,1.8,45.04,2.26,18211097228.0,18208234144.0,0.0,-0.05,-18.47,-22.7
4219,603325,博隆技术,53.87,-0.54,-0.29,3971.0,21440441.0,1.48,54.55,53.75,54.18,54.16,0.95,1.16,32.77,1.6,4309815480.0,1841448984.0,0.11,0.19,-12.41,-29.83
4220,002998,优彩资源,7.32,-0.54,-0.04,131179.0,95588174.62,2.04,7.37,7.22,7.35,7.36,0.96,4.85,15.72,1.55,2597272613.0,1980024388.0,0.0,0.27,-24.92,1.95
4221,601969,海南矿业,9.18,-0.54,-0.05,155122.0,142322674.0,2.49,9.31,9.08,9.23,9.23,0.72,0.79,22.7,2.67,18217795842.0,18107335335.0,0.11,0.11,-21.74,-22.2
4222,003042,中农联合,12.84,-0.54,-0.07,36315.0,46731934.6,2.94,13.12,12.74,12.91,12.91,1.07,2.95,228.92,1.5,1829443200.0,1583184776.0,0.16,0.31,-26.12,-20.05
4223,603050,科林电气,18.39,-0.54,-0.1,31430.0,57909046.0,1.62,18.6,18.3,18.57,18.49,1.15,0.78,43.74,4.03,7417039959.0,7417039959.0,0.0,-0.05,-26.7,3.2
4224,600727,鲁北化工,7.42,-0.54,-0.04,115565.0,85303627.0,2.41,7.5,7.32,7.49,7.46,0.84,2.19,17.34,1.22,3922086862.0,3922086862.0,0.27,0.54,-7.83,9.28
4225,001289,龙源电力,16.46,-0.54,-0.09,58711.0,96576524.13,2.18,16.7,16.34,16.68,16.55,0.95,0.12,21.18,1.81,137602574059.0,82990236339.0,0.0,0.12,-6.58,9.88
4226,600744,华银电力,7.29,-0.55,-0.04,1780595.0,1300518028.0,4.64,7.55,7.21,7.33,7.33,0.73,8.77,26.74,11.49,14806895957.0,14806895957.0,0.0,0.14,-17.81,23.98
4227,600569,安阳钢铁,1.82,-0.55,-0.01,180269.0,32768832.0,2.73,1.85,1.8,1.84,1.83,0.56,0.63,-1.9,3.59,5227806923.0,5227806923.0,0.0,0.0,-12.92,-19.11
4228,002064,华峰化学,10.88,-0.55,-0.06,521633.0,563159405.86,5.21,11.07,10.5,11.06,10.94,1.05,1.05,13.62,1.88,53992477599.0,53877657423.0,-0.09,0.0,-1.09,-0.18
4229,002306,ST云网,1.79,-0.56,-0.01,86522.0,15683954.0,4.44,1.86,1.78,1.81,1.8,0.96,1.06,-53.24,22.45,1556874875.0,1454712492.0,0.0,0.56,-21.15,-10.05
4230,002276,万马股份,10.66,-0.56,-0.06,247241.0,264167900.12,1.59,10.79,10.62,10.78,10.72,0.93,2.46,42.61,1.78,10778064254.0,10735586286.0,-0.09,-0.09,-22.53,-36.77
4231,601236,红塔证券,7.13,-0.56,-0.04,130485.0,93459962.0,1.26,7.21,7.12,7.17,7.17,0.78,0.28,42.69,1.35,33462756324.0,33462756324.0,0.0,0.14,-3.52,-11.21
4232,001222,源飞宠物,14.23,-0.56,-0.08,44451.0,63423048.48,3.49,14.65,14.15,14.41,14.31,0.81,3.93,29.91,1.91,2716364700.0,1607971288.0,-0.07,0.14,-23.7,-39.86
4233,002241,歌尔股份,23.11,-0.56,-0.13,654069.0,1515828436.03,1.51,23.4,23.05,23.3,23.24,0.72,2.08,40.8,2.24,82092986924.0,72697366212.0,0.04,0.04,-9.48,-19.0
4234,603676,卫信康,8.81,-0.56,-0.05,22974.0,20319883.0,1.92,8.96,8.79,8.88,8.86,1.14,0.53,14.02,2.61,3833772815.0,3833772815.0,0.11,0.11,-15.29,-14.8
4235,688032,禾迈股份,79.73,-0.56,-0.45,9290.0,74399976.0,1.65,80.97,79.65,79.83,80.18,0.83,0.75,-39.77,1.74,9892383743.0,9892383743.0,-0.03,-0.01,-30.93,-20.89
4236,603517,ST绝味,10.74,-0.56,-0.06,36765.0,39375337.0,1.67,10.8,10.62,10.77,10.8,0.63,0.61,22.8,1.08,6508460793.0,6508460793.0,0.09,0.0,-9.14,-15.83
4237,300181,佐力药业,14.33,-0.56,-0.08,184971.0,266391505.7,2.43,14.6,14.25,14.48,14.41,1.11,3.07,12.59,3.16,10050880511.0,8639713469.0,0.0,0.07,-2.98,-9.36
4238,301583,托伦斯,153.94,-0.56,-0.86,139967.0,2072367376.34,12.13,158.97,140.2,150.8,154.8,0.85,45.4,487.52,15.43,28551820146.0,4746181560.0,-0.03,0.37,581.15,581.15
4239,000652,泰达股份,3.56,-0.56,-0.02,120647.0,42929175.2,1.96,3.6,3.53,3.58,3.58,1.21,0.83,125.04,0.96,5195228908.0,5191271993.0,-0.28,-0.28,-19.64,-14.42
4240,002679,福建金森,8.72,-0.57,-0.05,27466.0,24169215.0,2.62,8.93,8.7,8.78,8.77,0.81,1.17,-23.86,2.79,2055792320.0,2055792320.0,-0.23,-0.34,-20.94,-25.66
4241,920183,海菲曼,29.41,-0.57,-0.17,4956.0,14490424.09,6.25,29.88,28.03,29.51,29.58,1.58,4.41,19.14,3.34,1439678320.0,330857412.0,0.41,0.27,-34.18,57.19
4242,300511,雪榕生物,5.24,-0.57,-0.03,164486.0,85960915.8,2.09,5.29,5.18,5.28,5.27,1.07,3.01,4.85,1.88,3358038364.0,2861056066.0,0.0,0.38,-29.38,-16.03
4243,600425,青松建化,3.51,-0.57,-0.02,135075.0,47341098.0,1.7,3.55,3.49,3.54,3.53,0.96,0.84,-52.64,0.9,5632510012.0,5632510012.0,0.0,0.29,-12.9,-13.55
4244,002748,世龙实业,10.41,-0.57,-0.06,33315.0,34943132.0,2.01,10.59,10.38,10.5,10.47,0.77,1.39,16.23,1.77,2498400000.0,2498400000.0,0.0,-0.1,-17.9,-18.93
4245,600626,申达股份,3.47,-0.57,-0.02,85750.0,29894641.0,1.43,3.51,3.46,3.49,3.49,0.76,0.65,-96.17,1.43,4582983994.0,4582983994.0,0.0,-0.29,-13.25,-28.01
4246,300176,鸿特科技,5.19,-0.57,-0.03,92626.0,48210007.9,2.49,5.29,5.16,5.21,5.22,1.03,2.39,67.75,2.06,2009987352.0,2009987352.0,0.0,-0.19,-25.22,-21.95
4247,603378,*ST亚士,5.25,-0.57,-0.03,49300.0,25907023.0,3.98,5.4,5.19,5.4,5.28,0.75,1.15,-5.76,-13.53,2250132371.0,2250132371.0,0.19,0.19,18.78,-22.91
4248,601099,太平洋,3.5,-0.57,-0.02,768368.0,269970012.0,1.7,3.55,3.49,3.51,3.52,0.79,1.13,244.62,2.4,23857107295.0,23857107295.0,0.0,-0.28,-7.41,-14.84
4249,002139,拓邦股份,10.52,-0.57,-0.06,239830.0,252494829.06,2.17,10.65,10.42,10.62,10.58,1.02,2.24,63.2,1.9,13116704074.0,11267865190.0,0.0,-0.09,-5.4,-23.27
4250,002917,金奥博,10.42,-0.57,-0.06,30111.0,31390263.2,1.72,10.54,10.36,10.53,10.48,1.03,1.16,23.6,2.13,3622139933.0,2714876097.0,-0.19,-0.1,-24.71,-21.24
4251,000812,陕西金叶,3.5,-0.57,-0.02,169777.0,59581855.0,2.27,3.56,3.48,3.54,3.52,0.79,2.25,69.44,1.77,2647159155.0,2646453884.0,0.0,0.29,-14.0,-26.78
4252,600216,浙江医药,12.19,-0.57,-0.07,135394.0,166169353.0,1.63,12.39,12.19,12.34,12.26,0.95,1.42,10.21,1.07,11722364173.0,11597437700.0,0.0,-0.08,-14.22,-10.24
4253,002252,上海莱士,5.22,-0.57,-0.03,425850.0,222843595.28,1.52,5.28,5.2,5.24,5.25,0.83,0.65,27.24,1.07,34413752460.0,34390716600.0,0.19,0.19,-7.45,-17.01
4254,601113,华鼎股份,3.46,-0.57,-0.02,75436.0,26119419.0,2.3,3.51,3.43,3.5,3.48,0.91,0.68,134.53,0.99,4685366702.0,3820366702.0,0.0,0.29,-23.79,-26.07
4255,600749,西藏旅游,13.9,-0.57,-0.08,66210.0,91859317.0,3.29,14.2,13.74,13.91,13.98,0.95,2.92,-39.44,3.03,3154820686.0,3154820686.0,0.07,0.22,-13.99,-18.62
4256,002011,盾安环境,10.52,-0.57,-0.06,92940.0,97808451.51,2.08,10.63,10.41,10.61,10.58,0.85,0.88,14.41,1.66,11303501606.0,11167143081.0,0.0,0.1,-15.97,-17.03
4257,603995,甬金股份,20.43,-0.58,-0.12,35548.0,72548189.0,2.29,20.67,20.2,20.54,20.55,0.89,0.98,14.72,1.3,7428542963.0,7428542963.0,-0.05,0.1,6.13,16.21
4258,600963,岳阳林纸,3.43,-0.58,-0.02,345156.0,118657416.0,2.32,3.48,3.4,3.46,3.45,1.03,1.96,116.66,0.79,6028457739.0,6028457739.0,-0.29,-0.29,-26.55,-26.55
4259,600982,宁波能源,5.15,-0.58,-0.03,317797.0,163798775.0,2.32,5.24,5.12,5.2,5.18,0.88,2.84,19.84,1.32,5755781548.0,5755781548.0,0.0,0.19,-18.64,23.5
4260,002920,德赛西威,92.87,-0.58,-0.54,61105.0,567155807.96,2.0,94.0,92.13,93.42,93.41,0.54,1.02,30.03,3.66,55425679134.0,55408266009.0,0.0,0.02,-11.1,-22.0
4261,002835,同为股份,12.09,-0.58,-0.07,32284.0,39227973.0,2.22,12.32,12.05,12.16,12.16,1.14,2.54,23.9,2.18,2653681626.0,1538901329.0,0.0,0.25,-21.29,-24.91
4262,300441,鲍斯股份,6.91,-0.58,-0.04,69534.0,48091145.86,2.01,7.0,6.86,6.96,6.95,0.54,1.11,55.26,1.8,4452913648.0,4325204362.0,0.44,0.58,-1.99,-7.74
4263,920159,农大科技,27.46,-0.58,-0.16,5360.0,14684008.79,1.45,27.62,27.22,27.53,27.62,0.76,3.72,11.63,1.99,2086960000.0,395424000.0,0.0,0.0,-33.32,13.47
4264,300087,ST荃银,5.16,-0.58,-0.03,71603.0,36897852.32,1.35,5.2,5.13,5.17,5.19,0.82,0.79,107.34,2.88,4888231835.0,4655846844.0,0.0,0.19,-39.51,-55.82
4265,600257,大湖股份,5.17,-0.58,-0.03,166098.0,86191895.0,2.5,5.27,5.14,5.23,5.2,0.68,3.45,-211.78,3.11,2487996262.0,2487996262.0,0.0,0.19,-17.94,-17.68
4266,000829,天音控股,8.52,-0.58,-0.05,194230.0,165262430.43,2.57,8.63,8.41,8.56,8.57,0.85,1.9,-86.03,3.01,8733855732.0,8725584780.0,0.0,0.0,-23.86,-21.91
4267,603238,诺邦股份,11.83,-0.59,-0.07,35644.0,42579105.0,3.28,12.19,11.8,11.94,11.9,1.26,2.01,16.91,1.46,2099931470.0,2099931470.0,0.08,0.08,-24.89,-31.7
4268,600689,上海三毛,10.13,-0.59,-0.06,22169.0,22592598.0,2.55,10.35,10.09,10.24,10.19,0.85,1.46,128.07,4.33,2036042305.0,1541827969.0,0.2,0.1,-22.73,-24.52
4269,600101,明星电力,8.36,-0.59,-0.05,149355.0,124813798.0,1.9,8.47,8.31,8.39,8.41,0.98,2.73,43.09,1.46,4580130258.0,4580130258.0,0.12,0.24,-17.31,-8.53
4270,301668,昊创瑞通,38.9,-0.59,-0.23,44696.0,172311523.6,4.57,39.5,37.71,38.75,39.13,1.13,18.37,133.25,4.23,4279000000.0,946381490.0,0.15,0.05,-13.86,-18.12
4271,002010,传化智联,4.99,-0.6,-0.03,212461.0,106045166.03,1.79,5.04,4.95,5.02,5.02,0.84,0.77,12.99,0.77,13792514231.0,13759051780.0,0.0,0.0,-11.05,-12.61
4272,002932,*ST明德,14.79,-0.6,-0.09,10880.0,16165064.88,1.21,14.97,14.79,14.97,14.88,1.25,0.7,-2278.06,0.62,3438984954.0,2308644976.0,-0.07,-0.14,-15.49,-22.89
4273,603767,中马传动,14.98,-0.6,-0.09,56442.0,84244118.0,3.65,15.25,14.7,15.15,15.07,1.27,1.83,190.41,3.38,4623299870.0,4623299870.0,-0.07,0.0,-26.32,-37.71
4274,600525,ST长园,4.98,-0.6,-0.03,61697.0,30691964.0,1.2,5.01,4.95,4.99,5.01,0.97,0.47,149.26,2.34,6567525157.0,6567525157.0,0.2,0.2,-2.35,41.08
4275,000698,ST沈化,3.32,-0.6,-0.02,29066.0,9656786.0,1.5,3.35,3.3,3.35,3.34,0.93,0.37,82.6,1.96,2720787791.0,2608571791.0,0.3,-0.3,-14.87,-9.29
4276,603069,海汽集团,13.29,-0.6,-0.08,32722.0,43532687.0,2.39,13.52,13.2,13.5,13.37,0.94,1.04,-50.42,5.44,4199640000.0,4199640000.0,0.0,0.08,-21.31,-51.05
4277,600386,北巴传媒,3.34,-0.6,-0.02,80085.0,26737491.0,2.68,3.39,3.3,3.36,3.36,0.82,0.99,-71.96,1.6,2693376000.0,2693376000.0,0.0,0.3,-18.54,-23.92
4278,600746,江苏索普,6.66,-0.6,-0.04,164731.0,109796971.0,1.94,6.73,6.6,6.62,6.7,0.64,1.41,57.03,1.43,7777833607.0,7777833607.0,0.0,0.3,-15.37,-3.2
4279,002275,桂林三金,13.32,-0.6,-0.08,24070.0,32161467.0,1.42,13.49,13.3,13.41,13.4,1.3,0.43,15.73,2.49,7826413752.0,7420611774.0,-0.08,-0.08,-7.37,-3.48
4280,000809,和展能源,3.25,-0.61,-0.02,105567.0,34280225.0,3.06,3.3,3.2,3.28,3.27,0.63,1.28,200.71,1.01,2680571702.0,2680571702.0,0.0,0.0,-16.67,-10.71
4281,600702,舍得酒业,37.35,-0.61,-0.23,114107.0,426380372.0,1.54,37.68,37.1,37.32,37.58,0.77,3.44,13.39,1.76,12403593808.0,12398364808.0,0.24,0.35,-15.88,-33.03
4282,300945,曼卡龙,11.49,-0.61,-0.07,83576.0,96327337.3,1.9,11.67,11.45,11.56,11.56,0.78,3.5,13.18,1.77,3011203017.0,2742706628.0,0.0,0.35,-25.68,-28.41
4283,002410,广联达,9.71,-0.61,-0.06,428413.0,417843503.1,2.76,9.93,9.66,9.8,9.77,1.11,2.73,117.26,2.81,16040379561.0,15245849858.0,0.0,0.1,-13.15,-21.38
4284,920496,许昌智能,6.49,-0.61,-0.04,35685.0,23087530.14,2.6,6.57,6.4,6.51,6.53,0.98,2.46,364.7,1.91,1074581750.0,941039824.0,0.31,0.31,-28.6,-35.04
4285,600917,重庆燃气,4.9,-0.61,-0.03,43028.0,21094376.0,1.83,4.96,4.87,4.93,4.93,1.02,0.28,-48.58,1.34,7649094824.0,7649094824.0,0.2,0.2,-6.84,-10.09
4286,920007,酉立智能,35.88,-0.61,-0.22,1845.0,6614115.64,2.44,36.49,35.61,36.49,36.1,0.74,1.73,28.37,2.49,1597824306.0,381865458.0,-0.06,0.14,-32.86,-47.8
4287,600853,龙建股份,3.27,-0.61,-0.02,97580.0,31930265.0,1.82,3.31,3.25,3.29,3.29,1.06,0.96,22.39,0.78,3314796008.0,3314796008.0,0.31,0.31,-17.63,-23.78
4288,300595,欧普康视,11.5,-0.61,-0.07,80902.0,93342622.17,1.73,11.66,11.46,11.62,11.57,0.77,1.21,17.61,2.08,10295824915.0,7687689740.0,0.0,-0.09,-18.84,-21.02
4289,600479,千金药业,9.8,-0.61,-0.06,41556.0,40873188.0,1.72,9.94,9.77,9.89,9.86,0.91,0.99,16.08,1.65,4823658157.0,4101369747.0,0.1,0.2,-5.95,0.2
4290,600372,中航机载,11.44,-0.61,-0.07,255814.0,292737502.0,1.22,11.53,11.39,11.5,11.51,0.89,0.53,76.86,1.47,55356977447.0,55356977447.0,0.09,0.0,-16.25,-14.44
4291,000753,漳州发展,4.85,-0.61,-0.03,179103.0,86981740.45,1.84,4.9,4.81,4.87,4.88,0.62,1.81,61.21,1.76,4808683194.0,4808683194.0,0.0,0.21,-28.78,-38.3
4292,603289,泰瑞机器,8.18,-0.61,-0.05,29402.0,24116578.0,1.94,8.29,8.13,8.27,8.23,0.92,1.0,109.01,1.66,2399994609.0,2399994609.0,-0.24,-0.24,-33.6,-17.95
4293,688213,思特威-W,89.91,-0.61,-0.55,79627.0,716673301.0,3.23,91.42,88.5,90.89,90.46,0.9,2.46,38.2,7.08,36171402140.0,29086736987.0,-0.1,-0.02,-1.62,-4.56
4294,002616,长青集团,4.78,-0.62,-0.03,103128.0,49503885.78,1.46,4.84,4.77,4.82,4.81,1.28,1.76,10.33,1.17,4107054239.0,2808155681.0,0.21,0.0,-17.73,-8.25
4295,601369,陕鼓动力,9.56,-0.62,-0.06,123698.0,118524408.0,1.35,9.66,9.53,9.63,9.62,0.65,0.72,21.49,1.86,16476416144.0,16311379952.0,0.1,-0.1,4.37,-3.04
4296,688022,ST瀚川,8.06,-0.62,-0.05,19653.0,15821905.0,2.34,8.17,7.98,8.11,8.11,1.1,1.12,-262.74,2.15,1417579291.0,1417579291.0,0.0,-0.12,-23.09,-47.32
4297,600882,妙可蓝多,22.28,-0.62,-0.14,95603.0,213568613.0,2.9,22.65,22.0,22.38,22.42,0.54,1.88,37.45,2.4,11328347255.0,11328347255.0,0.13,0.18,11.96,-11.38
4298,920239,长虹能源,22.36,-0.62,-0.14,10840.0,24332149.67,2.67,22.83,22.23,22.64,22.5,0.58,0.6,15.4,3.78,4071179201.0,4022116353.0,0.18,0.27,-26.35,-30.34
4299,002662,峰璟股份,3.23,-0.62,-0.02,88469.0,28608396.54,1.85,3.28,3.22,3.26,3.25,0.91,0.59,58.14,1.1,4845000000.0,4844938953.0,0.0,0.0,-14.55,-18.64
4300,002286,保龄宝,7.96,-0.62,-0.05,103967.0,83024505.0,2.12,8.07,7.9,8.0,8.01,0.8,2.81,13.97,1.34,3024619945.0,2942728961.0,0.0,0.13,-22.42,-9.75
4301,920175,东方碳素,7.99,-0.62,-0.05,17336.0,13844893.64,2.11,8.1,7.93,8.07,8.04,1.1,2.19,-17.1,1.47,950810000.0,633414121.0,-0.13,-0.13,-20.81,-29.42
4302,688526,科前生物,12.9,-0.62,-0.08,13573.0,17526758.0,1.54,13.03,12.83,12.98,12.98,0.94,0.29,18.97,1.5,6013051922.0,6013051922.0,-0.23,0.0,-10.35,-11.76
4303,920027,交大铁发,11.3,-0.62,-0.07,9714.0,10971433.04,1.41,11.4,11.24,11.36,11.37,0.69,1.35,50.59,2.58,1163499415.0,814152853.0,0.0,0.36,-21.42,-30.8
4304,920118,太湖远大,19.28,-0.62,-0.12,8353.0,16184034.17,1.75,19.55,19.21,19.35,19.4,0.46,2.67,22.09,1.74,996988080.0,604217848.0,0.05,0.16,-10.24,-13.19
4305,600794,保税科技,3.16,-0.63,-0.02,87465.0,27649024.0,1.89,3.2,3.14,3.19,3.18,0.81,0.73,40.94,1.53,3792480816.0,3792480816.0,0.0,0.0,-11.98,-18.56
4306,002228,合兴包装,3.13,-0.63,-0.02,170490.0,53348000.4,2.22,3.17,3.1,3.15,3.15,0.82,1.41,23.33,1.29,3797897019.0,3785176949.0,0.0,0.0,-19.54,-29.98
4307,600199,金种子酒,7.85,-0.63,-0.05,328661.0,257364396.0,2.66,7.96,7.75,7.8,7.9,0.55,5.0,-84.7,2.65,5163705068.0,5163705068.0,0.38,0.26,-2.48,-18.9
4308,002651,利君股份,7.94,-0.63,-0.05,56511.0,44949492.68,2.0,8.05,7.89,8.01,7.99,0.66,1.0,65.12,2.99,8205672400.0,4489781310.0,0.0,-0.13,-18.14,-31.73
4309,001285,瑞立科密,42.51,-0.63,-0.27,12214.0,51869214.0,1.85,43.0,42.21,42.8,42.78,0.93,2.94,23.16,2.03,7659374602.0,1764027693.0,0.16,0.24,-20.54,-26.39
4310,688033,*ST天宜,6.3,-0.63,-0.04,31270.0,19737648.0,1.58,6.38,6.28,6.33,6.34,1.16,0.56,-10.4,2.67,3541851155.0,3541851155.0,0.0,0.0,-25.09,-18.18
4311,300374,中铁装配,11.03,-0.63,-0.07,33608.0,37150133.0,1.62,11.14,10.96,11.08,11.1,0.85,1.37,-20.3,3.82,2712413077.0,2712094420.0,0.0,0.09,-22.7,-29.61
4312,601908,京运通,3.18,-0.63,-0.02,328292.0,104571283.0,1.88,3.22,3.16,3.19,3.2,0.88,1.36,-12.81,1.04,7678437098.0,7678437098.0,0.0,-0.31,-21.09,-18.67
4313,600463,空港股份,7.83,-0.63,-0.05,28624.0,22483104.0,1.65,7.93,7.8,7.92,7.88,0.82,0.95,90.72,2.65,2349000000.0,2349000000.0,0.13,0.13,-31.85,-30.83
4314,002270,华明装备,20.64,-0.63,-0.13,235747.0,485032910.07,3.51,20.88,20.15,20.77,20.77,0.73,2.63,28.37,5.93,18498092896.0,18497796464.0,0.05,0.1,-18.0,-16.87
4315,920719,宁新新材,7.82,-0.64,-0.05,21966.0,17129254.36,2.29,7.93,7.75,7.87,7.87,2.18,2.95,-4.08,6.57,727990388.0,581359617.0,0.13,0.13,-30.18,-39.38
4316,601218,吉鑫科技,4.65,-0.64,-0.03,427868.0,198392170.0,1.92,4.69,4.6,4.64,4.68,0.59,4.42,17.28,1.5,4506005831.0,4506005831.0,0.0,0.43,-27.23,-7.55
4317,001236,弘业期货,7.72,-0.64,-0.05,101281.0,78554601.25,2.06,7.84,7.68,7.78,7.77,0.76,1.34,155.49,4.16,7780044446.0,5852360446.0,0.13,0.26,-20.17,-27.17
4318,688348,昱能科技,32.6,-0.64,-0.21,15411.0,50410101.0,1.74,33.07,32.5,32.9,32.81,0.94,0.99,-20.67,1.52,5094644381.0,5094644381.0,0.0,-0.09,-37.37,-35.3
4319,688087,英科再生,38.75,-0.64,-0.25,14031.0,54920292.0,3.92,40.19,38.66,39.66,39.0,0.47,0.75,36.66,2.62,7484348988.0,7217012738.0,0.0,0.08,-12.55,26.22
4320,000513,丽珠集团,30.82,-0.64,-0.2,52787.0,163479318.09,1.71,31.32,30.79,31.16,31.02,0.89,0.93,11.86,2.07,27365299010.0,17510068451.0,0.06,0.06,-0.71,-6.69
4321,600416,湘电股份,9.36,-0.64,-0.06,127371.0,119595399.0,1.49,9.48,9.34,9.34,9.42,0.79,0.86,67.91,1.42,13813323114.0,13813323114.0,0.0,0.0,-28.5,-40.68
4322,603383,顶点软件,30.44,-0.65,-0.2,56540.0,172730086.0,2.9,31.2,30.31,30.65,30.64,0.72,2.75,33.65,4.39,6251656368.0,6251656368.0,0.07,0.13,-7.76,-14.28
4323,600435,北方导航,10.76,-0.65,-0.07,159154.0,171542203.0,1.85,10.92,10.72,10.87,10.83,0.81,1.05,-258.73,5.68,16272969379.0,16272969379.0,-0.09,0.09,-28.69,-30.13
4324,600429,三元股份,4.57,-0.65,-0.03,131500.0,60226791.0,2.39,4.65,4.54,4.6,4.6,0.45,0.88,17.1,1.42,6864547027.0,6843837437.0,0.22,0.22,-18.68,-11.78
4325,300897,山科智能,15.31,-0.65,-0.1,42458.0,65171238.68,2.21,15.56,15.22,15.4,15.41,0.56,3.47,110.96,3.09,2998405843.0,1871740631.0,0.13,0.33,-20.67,-16.7
4326,600075,新疆天业,4.62,-0.65,-0.03,143866.0,66642666.0,1.51,4.68,4.61,4.64,4.65,0.76,0.84,-33.3,0.89,7890023725.0,7890023725.0,0.0,0.0,-25.72,-6.67
4327,600215,派斯林,6.16,-0.65,-0.04,61736.0,37997862.0,2.1,6.22,6.09,6.2,6.2,0.63,1.35,-31.29,1.15,2814398541.0,2814398541.0,0.16,0.33,-11.24,-13.85
4328,688716,中研股份,27.72,-0.65,-0.18,24228.0,67051903.0,2.22,28.05,27.43,27.8,27.9,0.89,3.46,-175.18,2.92,3372969600.0,1938381152.0,-0.11,0.04,-24.3,-34.23
4329,600603,广汇物流,4.57,-0.65,-0.03,107097.0,48838146.0,1.74,4.61,4.53,4.6,4.6,0.72,0.91,91.31,0.73,5374058372.0,5374058372.0,-0.22,0.22,-21.34,-26.53
4330,603278,大业股份,9.24,-0.65,-0.06,301517.0,275610323.0,3.98,9.28,8.91,9.21,9.3,1.75,8.82,-32.15,1.63,3157856782.0,3157856782.0,0.11,0.33,-39.8,-45.77
4331,920106,林泰新材,36.14,-0.66,-0.24,6250.0,22559028.56,2.53,36.68,35.76,36.38,36.38,0.92,1.43,22.06,3.58,2045289090.0,1577940271.0,0.5,0.58,-34.58,-53.73
4332,600307,酒钢宏兴,1.5,-0.66,-0.01,480960.0,72115227.0,1.99,1.52,1.49,1.52,1.51,0.95,0.77,-12.91,1.77,9395036136.0,9395036136.0,0.0,0.67,-16.2,-9.09
4333,920174,五新智能,26.97,-0.66,-0.18,9389.0,25516753.16,2.25,27.56,26.95,27.3,27.15,0.99,1.68,24.88,2.25,5849924910.0,1504754201.0,-0.07,-0.07,-32.74,-43.86
4334,603182,嘉华股份,12.03,-0.66,-0.08,18559.0,22474573.0,1.73,12.22,12.01,12.2,12.11,1.16,1.13,18.12,1.8,1979536500.0,1979536500.0,-0.33,-0.08,-19.59,-22.98
4335,300126,锐奇股份,6.04,-0.66,-0.04,60246.0,36496020.0,2.47,6.15,6.0,6.1,6.08,1.31,2.86,-24.91,1.85,1835903904.0,1272327232.0,-0.33,-0.17,-26.7,-29.44
4336,920964,润农节水,4.45,-0.67,-0.03,14900.0,6626370.87,1.34,4.48,4.42,4.48,4.48,0.85,1.01,97.68,1.33,1162375600.0,657252705.0,0.0,0.23,-26.69,-33.48
4337,603402,陕西旅游,65.6,-0.67,-0.44,14319.0,93894418.0,1.85,66.25,65.03,66.0,66.04,0.65,5.7,40.04,2.37,6594986710.0,1648746710.0,0.26,0.37,-22.28,8.72
4338,603566,普莱柯,10.42,-0.67,-0.07,23184.0,24231377.0,1.91,10.58,10.38,10.49,10.49,0.8,0.67,22.13,1.44,3605968885.0,3605968885.0,0.1,0.19,-8.44,-13.38
4339,600515,海南机场,2.98,-0.67,-0.02,902157.0,267585993.0,2.67,3.02,2.94,3.01,3.0,0.88,0.98,75.69,1.41,34047422614.0,27344517274.0,0.68,0.34,-14.86,-44.09
4340,603896,寿仙谷,14.85,-0.67,-0.1,17039.0,25338688.0,1.67,15.04,14.79,14.98,14.95,0.75,0.86,25.44,1.33,2943922479.0,2943922479.0,0.0,0.0,-15.34,-23.37
4341,600848,上海临港,8.88,-0.67,-0.06,132235.0,118491984.0,4.14,9.2,8.83,8.93,8.94,0.86,0.55,66.77,1.38,22399684596.0,21257940984.0,0.0,0.0,-1.33,-22.78
4342,600760,中航沈飞,43.06,-0.67,-0.29,115215.0,497515167.0,1.64,43.65,42.94,43.35,43.35,0.8,0.41,185.0,5.3,122072061299.0,121840537152.0,-0.02,0.0,-12.32,-22.76
4343,600733,北汽蓝谷,5.93,-0.67,-0.04,1370669.0,808747208.0,3.69,6.01,5.79,5.95,5.97,0.73,2.27,-10.84,6.27,37757222995.0,35846528481.0,0.0,0.17,-16.48,-26.15
4344,605011,杭州热电,17.87,-0.67,-0.12,70551.0,126447768.0,2.67,18.27,17.79,18.08,17.99,0.95,1.76,44.12,2.94,7149787000.0,7149787000.0,0.06,0.0,-20.65,-12.14
4345,600692,亚通股份,5.97,-0.67,-0.04,88817.0,53178834.0,2.83,6.1,5.93,5.99,6.01,1.35,3.48,299.97,2.16,2100031462.0,1522412786.0,0.34,0.51,-27.46,-14.84
4346,603190,亚通精工,16.21,-0.67,-0.11,22976.0,36978409.0,3.19,16.36,15.84,16.32,16.32,0.99,3.99,14.15,1.28,2826310760.0,933077021.0,0.06,0.12,-19.31,-14.91
4347,920866,绿亨科技,5.83,-0.68,-0.04,12188.0,7126261.13,1.53,5.91,5.82,5.86,5.87,0.63,1.07,34.15,1.38,1050600397.0,665274703.0,-0.17,0.0,-22.78,-27.67
4348,603759,海天股份,7.3,-0.68,-0.05,39264.0,28803465.0,1.9,7.42,7.28,7.37,7.35,1.08,0.85,217.84,1.17,3370848000.0,3370848000.0,0.0,-0.14,-19.78,-30.01
4349,002073,软控股份,5.8,-0.68,-0.04,126002.0,73185900.95,1.54,5.86,5.77,5.86,5.84,0.66,1.24,48.89,0.94,5941423447.0,5881262947.0,0.0,0.0,-13.95,-28.66
4350,600380,健康元,10.19,-0.68,-0.07,155496.0,159571670.0,1.85,10.37,10.18,10.28,10.26,0.98,0.85,11.23,1.23,18642130003.0,18642130003.0,0.0,0.0,-6.51,-10.06
4351,603098,森特股份,10.18,-0.68,-0.07,30723.0,31338748.0,1.56,10.31,10.15,10.28,10.25,0.64,0.57,63.82,1.96,5492313376.0,5484983776.0,0.0,0.0,-26.45,-26.29
4352,600854,春兰股份,4.41,-0.68,-0.03,53097.0,23486936.0,2.03,4.48,4.39,4.45,4.44,0.88,1.02,390.26,0.95,2290812153.0,2290812153.0,-0.23,0.0,-24.49,-9.45
4353,300146,汤臣倍健,10.25,-0.68,-0.07,147932.0,151835820.75,1.45,10.37,10.22,10.32,10.32,0.64,1.32,10.79,1.61,17339689568.0,11487017755.0,0.1,0.2,-4.56,-11.33
4354,603101,汇嘉时代,7.32,-0.68,-0.05,109875.0,80427856.0,2.31,7.4,7.23,7.38,7.37,0.86,2.34,17.54,2.35,3443328000.0,3443328000.0,0.0,0.14,-17.57,-23.43
4355,920978,开特股份,20.16,-0.69,-0.14,14518.0,29366833.05,2.41,20.56,20.07,20.44,20.3,1.03,1.44,27.73,4.67,3629373915.0,2034848552.0,0.3,0.35,-24.69,-45.04
4356,000882,华联股份,1.44,-0.69,-0.01,462804.0,66839089.0,2.76,1.47,1.43,1.45,1.45,0.74,1.69,-26.29,0.6,3941786804.0,3938884043.0,0.0,0.7,-12.2,-30.1
4357,000501,武商集团,7.24,-0.69,-0.05,68677.0,49692262.6,1.65,7.31,7.19,7.3,7.29,0.79,0.89,11.28,0.51,5567507372.0,5562447771.0,0.14,0.14,-11.81,-27.74
4358,688513,苑东生物,44.31,-0.69,-0.31,32083.0,144127110.0,8.31,47.43,43.72,47.3,44.62,1.4,1.82,38.47,2.7,7822144263.0,7822144263.0,0.07,0.09,-30.98,-27.44
4359,002883,*ST中设,8.59,-0.69,-0.06,16882.0,14466164.0,2.54,8.7,8.48,8.68,8.65,1.95,1.1,327.97,2.86,1341390056.0,1316984861.0,0.12,0.12,-9.58,-21.48
4360,000564,供销大集,1.44,-0.69,-0.01,1890761.0,271895195.72,3.45,1.47,1.42,1.46,1.45,0.79,1.25,-47.64,1.8,26003611230.0,21736626516.0,0.0,-0.69,-19.55,-42.4
4361,603089,正裕工业,8.65,-0.69,-0.06,19316.0,16823910.0,2.41,8.81,8.6,8.76,8.71,0.92,0.8,-33.34,1.28,2384971348.0,2076287768.0,0.12,0.12,-26.26,-31.19
4362,000068,华控赛格,2.88,-0.69,-0.02,111620.0,32251699.8,2.07,2.92,2.86,2.9,2.9,0.85,1.11,-39.9,4.95,2899213816.0,2899213816.0,0.0,0.35,-11.38,-14.79
4363,002773,康弘药业,21.53,-0.69,-0.15,91939.0,200731262.64,4.24,22.37,21.45,21.88,21.68,1.71,1.34,16.13,2.21,19836156402.0,14786229343.0,0.0,0.09,-7.87,-26.44
4364,603968,醋化股份,9.99,-0.7,-0.07,37721.0,37881490.0,1.69,10.14,9.97,10.1,10.06,1.12,1.84,-28.18,1.17,2042755200.0,2042755200.0,-0.1,-0.1,-18.98,-10.56
4365,301335,天元宠物,21.37,-0.7,-0.15,15061.0,32205927.0,2.37,21.73,21.22,21.52,21.52,0.71,1.7,51.36,1.41,2731041123.0,1888935907.0,-0.05,0.0,-16.91,-25.64
4366,600446,金证股份,11.3,-0.7,-0.08,248332.0,283499572.0,2.72,11.59,11.28,11.4,11.38,1.03,2.64,-54.32,3.01,10636322513.0,10636322513.0,-0.35,-0.09,-18.82,-29.02
4367,603382,海阳科技,18.32,-0.7,-0.13,28073.0,51553800.0,3.79,18.86,18.16,18.82,18.45,0.8,2.43,53.03,1.89,3320525062.0,2115701432.0,-0.27,-0.16,-30.53,-43.0
4368,600688,上海石化,2.85,-0.7,-0.02,575515.0,163534648.0,2.09,2.88,2.82,2.87,2.87,0.82,0.79,18.09,1.28,30046459875.0,20887118475.0,0.0,0.35,-8.95,2.52
4369,600682,南京新百,5.65,-0.7,-0.04,153809.0,87611087.0,2.46,5.78,5.64,5.7,5.69,1.26,1.32,61.86,0.46,7599997049.0,6576940554.0,0.0,-0.18,-15.55,-35.35
4370,603377,ST东时,2.83,-0.7,-0.02,28495.0,8050063.0,2.46,2.88,2.81,2.88,2.85,1.23,0.39,-7.64,65.36,2045612924.0,2045612924.0,0.0,0.35,-20.51,-24.73
4371,600586,金晶科技,4.25,-0.7,-0.03,132106.0,56230971.0,2.57,4.33,4.22,4.3,4.28,0.85,0.93,-9.65,1.2,6023685225.0,6023685225.0,0.0,0.24,-25.7,-24.51
4372,600918,中泰证券,5.67,-0.7,-0.04,336096.0,190973115.0,1.4,5.73,5.65,5.7,5.71,0.91,0.74,23.93,1.01,44896993447.0,25871212437.0,0.18,0.18,-5.66,-12.09
4373,300978,东箭科技,8.48,-0.7,-0.06,31266.0,26593807.44,1.76,8.59,8.44,8.48,8.54,1.01,1.09,28.04,2.32,3584519227.0,2434516577.0,-0.12,0.12,-21.41,-30.43
4374,600082,ST海泰,2.85,-0.7,-0.02,77896.0,22279469.0,3.83,2.92,2.81,2.86,2.87,0.84,1.23,-34.03,1.09,1841430104.0,1807855924.0,0.35,0.0,-24.0,-29.8
4375,300772,运达股份,12.69,-0.7,-0.09,235292.0,300498502.66,3.52,13.08,12.63,12.93,12.78,1.04,3.37,52.22,1.49,9985097376.0,8856040400.0,0.08,0.16,-23.78,-33.21
4376,300049,福瑞医科,46.92,-0.7,-0.33,62547.0,293417636.03,3.81,48.2,46.4,48.0,47.25,0.71,2.68,97.4,6.38,12386462412.0,10960052982.0,-0.02,0.02,-18.49,-33.22
4377,600423,*ST柳化,2.79,-0.71,-0.02,70372.0,19627528.0,4.27,2.88,2.76,2.85,2.81,1.1,0.88,78.55,4.12,2228359123.0,2228359123.0,0.0,0.0,-11.15,-25.0
4378,002053,云南能投,9.73,-0.71,-0.07,71329.0,69691589.79,2.45,9.94,9.7,9.9,9.8,0.92,0.77,10.87,1.19,8958697685.0,8958634196.0,0.0,0.1,-19.59,-14.57
4379,300240,飞力达,5.6,-0.71,-0.04,76935.0,43271925.5,2.3,5.7,5.57,5.64,5.64,1.06,2.12,-74.86,1.46,2080752520.0,2034774834.0,-0.18,0.54,-19.19,-25.53
4380,603169,兰石重装,6.98,-0.71,-0.05,274746.0,192172096.0,3.84,7.13,6.86,7.03,7.03,1.05,2.1,-57.5,3.43,9117916750.0,9117916750.0,-0.14,-0.14,-21.31,-34.52
4381,601727,上海电气,6.97,-0.71,-0.05,826418.0,575294061.0,1.28,7.02,6.93,7.01,7.02,0.61,0.66,71.18,1.98,108314647803.0,87931008263.0,0.14,0.14,-21.6,-18.95
4382,001277,速达股份,27.83,-0.71,-0.2,8727.0,24441962.0,1.64,28.28,27.82,28.17,28.03,0.9,1.92,36.81,1.37,2115080000.0,1267642279.0,-0.22,-0.22,-26.67,-28.93
4383,601375,中原证券,4.2,-0.71,-0.03,363077.0,153331872.0,1.65,4.26,4.19,4.23,4.23,0.79,1.05,28.91,1.34,19500115740.0,14479582740.0,-0.24,-0.24,2.44,-2.33
4384,603719,良品铺子,9.76,-0.71,-0.07,104531.0,102850959.0,2.95,10.01,9.72,9.78,9.83,0.8,2.63,20.36,2.0,3884317984.0,3884317984.0,-0.1,-0.2,-10.38,-14.83
4385,301032,新柴股份,9.79,-0.71,-0.07,42876.0,42053895.0,2.23,9.94,9.72,9.86,9.86,1.13,2.68,29.16,1.9,2360695986.0,1565154467.0,0.2,0.41,-26.39,-17.73
4386,002666,德联集团,4.13,-0.72,-0.03,107145.0,44605009.0,3.13,4.23,4.1,4.16,4.16,1.04,2.14,25.98,0.92,3254437113.0,2067758547.0,0.24,0.49,-20.58,-25.05
4387,000655,金岭矿业,6.86,-0.72,-0.05,69279.0,47660019.24,3.76,7.07,6.81,7.0,6.91,1.43,1.16,29.07,1.18,4084033978.0,4084033978.0,0.0,0.0,-16.24,-26.79
4388,300601,康泰生物,12.46,-0.72,-0.09,118671.0,149129865.85,2.31,12.73,12.44,12.56,12.55,0.97,1.32,104.36,1.52,13916951127.0,11218949012.0,0.0,0.0,-19.82,-15.47
4389,600860,京城股份,8.24,-0.72,-0.06,54573.0,45076248.0,2.17,8.38,8.2,8.3,8.3,1.04,1.23,-35.01,5.46,4511284541.0,3658896093.0,0.0,0.0,-24.75,-34.29
4390,600097,开创国际,8.28,-0.72,-0.06,31932.0,26597112.0,2.28,8.45,8.26,8.39,8.34,0.91,1.33,-14.18,0.9,1994954709.0,1994954709.0,0.12,0.0,-19.22,-26.47
4391,002521,齐峰新材,6.9,-0.72,-0.05,34421.0,23803150.0,2.59,7.05,6.87,7.03,6.95,0.93,0.82,24.09,0.99,3864421245.0,2892297771.0,0.44,0.15,-13.75,-15.34
4392,002985,北摩高科,26.09,-0.72,-0.19,37787.0,98877484.61,1.79,26.49,26.02,26.28,26.28,0.89,1.14,32.19,3.19,8658060424.0,8634210016.0,0.0,0.08,-27.77,-17.44
4393,601990,南京证券,6.88,-0.72,-0.05,168186.0,116197477.0,1.3,6.96,6.87,6.92,6.93,0.78,0.4,25.83,1.3,30269439230.0,29114266624.0,0.0,0.0,-5.49,-12.24
4394,002516,旷达科技,5.41,-0.73,-0.04,98685.0,53560242.24,1.65,5.48,5.39,5.45,5.45,0.77,0.68,36.37,2.14,7957237270.0,7901297870.0,0.19,0.19,-12.32,-16.9
4395,002166,莱茵生物,6.76,-0.73,-0.05,106292.0,71875596.0,2.2,6.84,6.69,6.81,6.81,0.81,1.44,29.48,1.61,5013279713.0,4992837473.0,0.0,0.15,-27.62,-19.04
4396,603919,金徽酒,16.43,-0.73,-0.12,107756.0,176939702.0,1.39,16.53,16.3,16.38,16.55,0.65,2.12,10.19,2.46,8334281751.0,8334281751.0,0.0,0.06,-13.21,-17.52
4397,920087,秋乐种业,9.57,-0.73,-0.07,42075.0,40006260.75,2.59,9.65,9.4,9.57,9.64,0.9,2.56,-49.7,2.99,1580964000.0,1569921416.0,0.0,-0.21,-30.95,-39.74
4398,601555,东吴证券,8.19,-0.73,-0.06,318128.0,262480951.0,2.79,8.41,8.18,8.31,8.25,0.74,0.64,12.7,0.95,40693676235.0,40693676235.0,-0.24,-0.24,-4.21,-9.6
4399,603018,华设集团,5.41,-0.73,-0.04,70402.0,38072365.0,1.65,5.47,5.38,5.44,5.45,0.96,0.86,16.27,0.83,4431589203.0,4431589203.0,0.19,0.37,-13.16,-13.44
4400,688533,上声电子,21.69,-0.73,-0.16,11167.0,24242273.0,2.24,21.99,21.5,21.98,21.85,1.36,0.68,36.78,2.08,3578570394.0,3578570394.0,0.0,0.09,-20.32,-24.92
4401,300428,立中集团,19.04,-0.73,-0.14,76911.0,146487692.0,1.88,19.28,18.92,19.22,19.18,1.02,1.29,16.43,1.48,13053472769.0,11362333229.0,-0.05,-0.16,-12.62,-17.07
4402,603551,奥普科技,9.41,-0.74,-0.07,20167.0,19043105.0,1.79,9.55,9.38,9.49,9.48,0.55,0.53,22.02,2.92,3619873147.0,3574705147.0,0.11,0.11,-17.24,-14.76
4403,002840,华统股份,8.05,-0.74,-0.06,186345.0,150231553.5,3.21,8.23,7.97,8.2,8.11,0.92,2.34,-6.71,1.8,6457439464.0,6412851850.0,0.0,0.0,-35.29,-16.32
4404,603258,电魂网络,13.46,-0.74,-0.1,56047.0,75654292.0,2.29,13.66,13.35,13.54,13.56,0.63,2.32,-36.21,1.68,3267613535.0,3248454571.0,0.07,0.15,-19.55,-27.28
4405,600567,山鹰国际,1.35,-0.74,-0.01,829656.0,111723354.0,2.21,1.37,1.34,1.37,1.36,1.21,1.32,-4.28,0.58,8515061963.0,8515061963.0,0.0,0.75,-8.16,-20.12
4406,003038,鑫铂股份,10.73,-0.74,-0.08,48409.0,52307940.56,3.79,11.06,10.65,10.88,10.81,1.13,2.95,-82.33,0.93,2614469278.0,1759419882.0,-0.09,0.09,-25.54,-32.09
4407,002561,徐家汇,6.71,-0.74,-0.05,34730.0,23422560.51,2.37,6.84,6.68,6.79,6.76,0.82,0.84,-1151.71,1.29,2789769730.0,2780889495.0,0.0,0.15,-16.33,-23.58
4408,000798,中水渔业,8.07,-0.74,-0.06,55288.0,44730467.0,2.09,8.18,8.01,8.13,8.13,0.91,1.51,-28.22,7.29,2952479806.0,2952298231.0,0.0,0.25,-14.78,-23.72
4409,920608,丰安股份,13.38,-0.74,-0.1,1540.0,2068549.63,2.52,13.58,13.24,13.48,13.48,0.41,0.32,19.58,1.77,832771200.0,645168721.0,-0.74,-0.15,-18.61,-27.32
4410,600163,中闽能源,5.37,-0.74,-0.04,163113.0,87837040.0,1.85,5.46,5.36,5.42,5.41,0.8,0.86,13.01,1.4,10219089288.0,10219089288.0,0.0,0.0,-18.64,-0.37
4411,001325,元创股份,36.17,-0.74,-0.27,8334.0,30205104.17,2.11,36.74,35.97,36.45,36.44,1.21,4.25,27.72,1.6,2835728000.0,708932000.0,0.08,0.06,-31.43,-25.51
4412,002098,浔兴股份,6.74,-0.74,-0.05,32142.0,21758738.0,2.21,6.86,6.71,6.85,6.79,1.09,0.9,20.06,1.62,2412920000.0,2412920000.0,0.0,0.0,-21.81,-30.66
4413,002381,双箭股份,5.35,-0.74,-0.04,53091.0,28515762.0,2.97,5.49,5.33,5.39,5.39,1.11,1.65,32.04,1.02,2201941872.0,1722841775.0,0.0,0.19,-18.94,-17.57
4414,300997,欢乐家,17.5,-0.74,-0.13,203119.0,355548193.07,4.42,17.9,17.12,17.57,17.63,0.83,5.15,51.21,7.65,7612035813.0,6905348573.0,0.4,0.52,-12.06,-32.59
4415,000532,华金资本,10.68,-0.74,-0.08,35963.0,38585958.0,1.67,10.83,10.65,10.77,10.76,0.74,1.05,-170.76,2.32,3681485071.0,3669111287.0,0.0,0.19,-15.91,-33.33
4416,600965,*ST福成,2.64,-0.75,-0.02,32871.0,8679161.0,1.88,2.67,2.62,2.65,2.66,0.91,0.4,25.13,0.98,2161370521.0,2161370521.0,0.38,0.38,-15.92,-55.63
4417,603511,爱慕股份,11.96,-0.75,-0.09,14168.0,17018217.0,2.07,12.17,11.92,12.07,12.05,0.7,0.35,12.94,1.11,4854256772.0,4806572252.0,0.25,0.34,-16.6,-20.9
4418,600658,电子城,3.95,-0.75,-0.03,115124.0,45628835.0,2.51,4.03,3.93,4.01,3.98,1.03,1.03,-9.43,1.09,4418410928.0,4418410928.0,0.0,0.0,-26.31,-28.05
4419,002689,ST远智,2.63,-0.75,-0.02,62636.0,16506036.0,1.51,2.66,2.62,2.66,2.65,0.91,0.6,-22.06,2.3,2743907207.0,2742857308.0,0.0,0.38,-25.07,-16.77
4420,000816,智慧农业,2.64,-0.75,-0.02,201930.0,53250778.85,3.01,2.68,2.6,2.66,2.66,0.77,1.4,-75.61,1.96,3820115160.0,3800303950.0,0.38,0.0,-13.73,-28.26
4421,603886,元祖股份,10.55,-0.75,-0.08,28729.0,30394512.0,1.88,10.71,10.51,10.71,10.63,1.06,1.2,-9.01,1.89,2532000000.0,2532000000.0,0.0,0.0,-9.83,-21.09
4422,301632,广东建科,15.57,-0.76,-0.12,43559.0,68125924.39,4.02,16.14,15.51,15.66,15.69,0.9,5.95,466.48,2.4,6516979200.0,1140689340.0,-0.06,0.13,-26.66,-35.29
4423,600593,大连圣亚,38.98,-0.76,-0.3,38490.0,150233895.0,2.7,39.77,38.71,39.67,39.28,0.79,2.99,80.94,24.32,5084746100.0,5020624000.0,0.03,0.15,13.05,-5.89
4424,002193,ST如意,3.9,-0.76,-0.03,32623.0,12778176.0,3.31,3.98,3.85,3.95,3.93,0.89,1.25,-8.4,3.79,1020690645.0,1020684795.0,0.26,0.0,-30.23,-26.69
4425,300824,北鼎股份,7.8,-0.76,-0.06,44249.0,34518648.5,2.16,7.9,7.73,7.86,7.86,0.99,1.4,19.42,3.41,2545465120.0,2468780395.0,0.0,0.0,-22.85,-30.36
4426,002707,众信旅游,5.21,-0.76,-0.04,165282.0,86552510.11,2.48,5.3,5.17,5.25,5.25,0.8,1.91,129.37,5.69,5119945322.0,4506586969.0,0.0,0.19,-16.37,-27.54
4427,600516,方大炭素,5.25,-0.76,-0.04,474329.0,248644404.0,1.51,5.29,5.21,5.26,5.29,1.18,1.18,596.46,1.3,21136344432.0,21136344432.0,0.0,0.0,-9.17,-7.57
4428,688189,ST南新,6.55,-0.76,-0.05,95544.0,63729379.0,3.79,6.78,6.53,6.61,6.6,1.89,3.5,-33.73,2.33,1787032662.0,1787032662.0,0.0,-0.15,-37.91,-17.82
4429,601512,中新集团,7.88,-0.76,-0.06,32837.0,25872068.0,1.64,7.96,7.83,7.94,7.94,0.87,0.22,24.88,0.78,11811253200.0,11811253200.0,0.0,-0.13,-24.81,-10.35
4430,601156,东航物流,17.03,-0.76,-0.13,76794.0,130591819.0,2.27,17.25,16.86,17.15,17.16,0.82,0.81,11.69,1.41,27036071119.0,16086462319.0,0.0,0.18,7.85,-3.95
4431,000910,大亚圣象,5.23,-0.76,-0.04,44377.0,23290783.28,2.09,5.32,5.21,5.29,5.27,0.71,0.81,-7.4,0.44,2862888925.0,2861756630.0,0.0,0.19,-20.27,-28.06
4432,600968,海油发展,3.93,-0.76,-0.03,374880.0,147573704.0,2.02,3.97,3.89,3.93,3.96,0.64,0.37,15.67,1.39,39948859502.0,39948859502.0,-0.25,-0.25,-2.48,6.5
4433,002034,旺能环境,14.44,-0.76,-0.11,76547.0,110818486.36,1.58,14.64,14.41,14.6,14.55,1.09,1.49,9.27,0.88,7461165371.0,7430064673.0,0.07,0.0,-23.72,-9.18
4434,600120,浙江东方,5.19,-0.76,-0.04,392015.0,204410688.0,1.34,5.25,5.18,5.22,5.23,0.76,1.15,29.0,1.09,17725829943.0,17725829943.0,-0.19,-0.19,-9.42,-14.78
4435,002641,公元股份,3.91,-0.76,-0.03,83108.0,32512303.3,2.03,3.96,3.88,3.94,3.94,0.88,0.73,-37.66,0.89,4805757036.0,4433919093.0,0.0,0.0,-9.28,-9.07
4436,603273,天元智能,14.11,-0.77,-0.11,25461.0,35997374.0,3.16,14.5,14.05,14.5,14.22,1.03,4.54,102.71,3.43,3039765274.0,790984024.0,0.07,0.07,-22.47,-32.68
4437,002239,奥特佳,2.59,-0.77,-0.02,441434.0,114400266.0,2.3,2.63,2.57,2.62,2.61,0.8,1.35,54.9,1.46,9099951827.0,8459333929.0,0.0,0.0,-9.76,-12.79
4438,600816,建元信托,2.59,-0.77,-0.02,545909.0,142231209.0,2.3,2.64,2.58,2.63,2.61,0.82,1.0,6.26,1.67,25497120978.0,14165067210.0,0.0,-0.38,-18.55,-8.48
4439,920167,同享科技,15.42,-0.77,-0.12,15544.0,23902746.66,1.48,15.52,15.29,15.41,15.54,1.14,2.38,11.61,2.56,1696608630.0,1007909981.0,-0.13,-0.19,-25.62,-9.72
4440,601456,国联民生,9.04,-0.77,-0.07,189325.0,171677027.0,1.54,9.16,9.02,9.11,9.11,1.03,0.43,25.84,0.97,51352558966.0,39567913818.0,0.0,0.11,-5.83,-10.58
4441,301078,孩子王,7.6,-0.78,-0.06,168896.0,128650906.55,1.96,7.72,7.57,7.69,7.66,0.62,1.34,49.42,2.27,9611298778.0,9601327920.0,0.0,0.0,-13.83,-26.36
4442,002478,常宝股份,6.37,-0.78,-0.05,148261.0,94080580.57,3.12,6.45,6.25,6.44,6.42,0.86,2.05,21.44,0.97,5738122932.0,4603751485.0,0.16,0.0,-24.88,-22.97
4443,002408,齐翔腾达,5.1,-0.78,-0.04,180783.0,92561793.41,1.56,5.17,5.09,5.13,5.14,0.67,0.66,-39.56,1.32,14498670293.0,14030554512.0,0.0,0.0,-14.86,4.51
4444,002482,广田集团,1.27,-0.78,-0.01,369922.0,47195970.16,3.13,1.3,1.26,1.29,1.28,0.65,0.99,-47.01,10.71,4763722201.0,4754511447.0,-0.78,0.0,-24.85,-24.85
4445,000877,天山股份,3.83,-0.78,-0.03,133501.0,50917552.01,2.33,3.87,3.78,3.86,3.86,0.93,0.19,-4.55,0.37,27233183188.0,27233177443.0,0.26,0.52,-20.37,-28.01
4446,002627,三峡旅游,6.4,-0.78,-0.05,135328.0,87034203.0,3.26,6.57,6.36,6.57,6.45,0.76,1.94,79.58,1.48,4516348659.0,4468212122.0,0.0,0.16,-9.6,-13.16
4447,605009,豪悦护理,24.23,-0.78,-0.19,14162.0,34272579.0,1.64,24.44,24.04,24.38,24.42,1.11,0.66,15.59,1.58,5208419086.0,5208419086.0,0.04,0.37,-13.77,-19.37
4448,600079,ST人福,17.55,-0.79,-0.14,82646.0,145461836.0,1.64,17.8,17.51,17.76,17.69,0.91,0.54,12.18,1.54,28645565686.0,27082787414.0,0.06,0.06,-2.77,-0.45
4449,603197,保隆科技,30.0,-0.79,-0.24,29039.0,87233487.0,1.88,30.38,29.81,30.2,30.24,0.78,1.38,22.44,2.02,6420768810.0,6334563810.0,0.0,0.03,-14.06,-18.48
4450,600763,通策医疗,36.5,-0.79,-0.29,84255.0,309414775.0,2.34,37.26,36.4,37.01,36.79,0.98,1.88,21.84,3.69,16326052771.0,16326052771.0,0.0,0.11,-13.01,-9.23
4451,000695,滨海能源,12.6,-0.79,-0.1,47684.0,60753141.0,2.91,12.95,12.58,12.75,12.7,0.98,2.15,-65.12,9.76,2920076951.0,2794820666.0,-0.16,0.0,-16.28,-0.87
4452,000570,苏常柴Ａ,5.01,-0.79,-0.04,111613.0,56016749.0,1.98,5.09,4.99,5.05,5.05,1.09,2.01,11.88,1.01,3535519460.0,2784019460.0,0.0,0.2,-26.43,-9.57
4453,300008,天海防务,6.3,-0.79,-0.05,410287.0,258861276.23,1.26,6.36,6.28,6.36,6.35,0.88,2.49,32.06,4.44,10886583538.0,10377927447.0,0.0,0.0,-21.35,-19.85
4454,688318,财富趋势,76.33,-0.79,-0.61,78895.0,614674509.0,7.95,82.0,75.88,76.1,76.94,1.15,2.2,198.11,7.25,27369438956.0,27369438956.0,0.12,0.09,-12.41,-19.0
4455,920639,晨光电缆,6.24,-0.79,-0.05,23433.0,14586130.77,2.54,6.32,6.16,6.3,6.29,1.1,1.97,45.29,1.5,1257984000.0,741022676.0,0.16,0.32,-20.61,-20.81
4456,600933,爱柯迪,13.89,-0.79,-0.11,95694.0,133296443.0,1.86,14.08,13.82,14.0,14.0,0.73,0.98,16.34,1.52,14306967980.0,13626271209.0,0.14,0.0,-20.94,-29.49
4457,600032,浙江新能,7.5,-0.79,-0.06,292262.0,219815821.0,2.51,7.65,7.46,7.59,7.56,0.98,1.22,158.77,1.41,18035064930.0,18035064930.0,0.0,0.4,-29.64,1.63
4458,601568,北元化工,3.73,-0.8,-0.03,143848.0,53790650.0,1.6,3.77,3.71,3.76,3.76,0.74,0.36,180.82,1.33,14816388896.0,14816388896.0,0.0,0.27,-1.32,1.63
4459,603693,江苏新能,12.41,-0.8,-0.1,73395.0,91402886.0,1.84,12.62,12.39,12.58,12.51,0.96,0.82,25.26,1.57,11063215671.0,11063215671.0,0.08,0.08,-20.45,5.98
4460,002033,丽江股份,8.72,-0.8,-0.07,121013.0,105727901.9,1.71,8.84,8.69,8.77,8.79,0.78,2.2,17.98,1.97,4791559000.0,4791467178.0,0.0,0.0,-1.47,-0.91
4461,301345,涛涛车业,246.5,-0.8,-2.0,10626.0,261805630.2,2.75,250.8,243.97,248.51,248.5,0.61,3.03,38.12,7.44,26880596002.0,8634832389.0,0.34,0.19,-8.15,-1.33
4462,300569,天能重工,4.95,-0.8,-0.04,145288.0,71985891.07,1.4,4.99,4.92,4.99,4.99,0.98,1.42,37.35,0.97,5062494532.0,5047257308.0,0.0,0.2,-21.05,-13.46
4463,601136,首创证券,14.93,-0.8,-0.12,142940.0,214131415.0,1.33,15.1,14.9,15.05,15.05,1.05,0.52,51.88,2.92,40808673634.0,40808673634.0,0.0,0.13,-10.92,-20.25
4464,688065,凯赛生物,45.84,-0.8,-0.37,35071.0,161936151.0,2.29,46.86,45.8,46.17,46.21,0.74,0.6,49.88,1.88,33063924157.0,26742049308.0,-0.13,-0.17,-3.19,-7.11
4465,603210,泰鸿万立,13.63,-0.8,-0.11,27213.0,37140705.0,1.46,13.78,13.58,13.74,13.74,1.03,1.17,20.66,2.44,4639652000.0,3171394325.0,0.07,0.07,-17.44,-29.52
4466,603357,设计总院,6.09,-0.81,-0.05,37418.0,22886393.0,1.79,6.18,6.07,6.15,6.14,1.07,0.67,42.84,0.87,3413708411.0,3413708411.0,0.0,0.16,-17.92,-24.06
4467,000656,金科股份,1.22,-0.81,-0.01,1087989.0,133349984.56,2.44,1.24,1.21,1.23,1.23,0.77,1.43,-76.46,3.14,12918252591.0,9256565789.0,0.0,0.0,-12.23,-15.28
4468,605577,龙版传媒,9.75,-0.81,-0.08,31132.0,30486208.0,2.85,9.94,9.66,9.92,9.83,1.06,0.7,8.79,1.1,4333333339.0,4333333339.0,0.0,0.1,-16.52,-24.48
4469,002701,奥瑞金,4.89,-0.81,-0.04,245253.0,120294555.25,1.42,4.95,4.88,4.93,4.93,0.73,0.96,6.05,1.26,12517228693.0,12505518327.0,-0.2,-0.2,-6.5,-16.12
4470,603612,索通发展,17.13,-0.81,-0.14,105302.0,181000541.0,2.08,17.42,17.06,17.37,17.27,0.84,2.11,10.34,1.46,8532529383.0,8532529383.0,0.06,0.23,-32.13,-26.73
4471,600477,杭萧钢构,2.45,-0.81,-0.02,285074.0,69823599.0,2.83,2.49,2.42,2.49,2.47,0.91,1.21,65.97,1.17,5779472668.0,5779472668.0,0.0,0.0,-19.93,-16.95
4472,600834,申通地铁,7.38,-0.81,-0.06,22135.0,16422399.0,2.28,7.53,7.36,7.53,7.44,0.69,0.46,215.74,2.03,3523078459.0,3523078459.0,0.0,0.14,-9.56,-12.56
4473,600395,盘江股份,4.87,-0.81,-0.04,220256.0,107494487.0,1.83,4.94,4.85,4.93,4.91,0.75,1.03,57.66,0.99,10454063234.0,10454063234.0,-0.2,0.0,-10.81,4.51
4474,601702,华峰铝业,15.66,-0.82,-0.13,72664.0,113869631.0,2.15,15.9,15.56,15.8,15.79,0.52,0.73,16.09,2.45,15636989196.0,15636989196.0,0.0,0.13,-15.35,-22.36
4475,000912,泸天化,3.65,-0.82,-0.03,156816.0,57234029.0,2.17,3.7,3.62,3.68,3.68,0.86,1.0,-818.21,0.9,5723200000.0,5723200000.0,0.0,0.27,-18.53,-12.05
4476,000777,中核科技,18.25,-0.82,-0.15,208571.0,375609363.39,2.88,18.3,17.77,18.02,18.4,1.44,5.44,-163.36,2.9,6997371072.0,6997247593.0,0.11,0.16,-11.15,-29.1
4477,600155,华创云信,6.03,-0.82,-0.05,271085.0,164549954.0,1.97,6.13,6.01,6.07,6.08,0.74,1.22,107.47,0.67,13347661136.0,13347661136.0,-0.17,-0.17,-5.93,-8.91
4478,300402,宝色股份,14.55,-0.82,-0.12,38163.0,55444912.25,2.32,14.77,14.43,14.66,14.67,1.18,1.57,55.79,2.37,3590801731.0,3544649131.0,0.21,0.14,-24.92,-32.36
4479,300470,中密控股,30.2,-0.82,-0.25,22640.0,68306939.0,1.31,30.46,30.06,30.4,30.45,1.36,1.15,23.59,2.19,6279629057.0,5959507487.0,0.0,0.1,-9.93,-18.6
4480,601566,九牧王,8.51,-0.82,-0.07,65807.0,56373146.0,2.21,8.68,8.49,8.57,8.58,0.86,1.15,17.61,1.29,4890162147.0,4890162147.0,0.0,0.0,-17.86,-32.51
4481,300573,兴齐眼药,42.33,-0.82,-0.35,78828.0,335874291.42,2.84,43.21,42.0,42.81,42.68,0.94,2.87,18.32,7.8,15125474717.0,11615464809.0,0.0,0.21,-10.92,-11.42
4482,600635,大众公用,4.83,-0.82,-0.04,399232.0,192533919.0,2.26,4.89,4.78,4.87,4.87,0.95,1.65,70.14,1.63,14260259480.0,11682763790.0,0.0,0.21,-10.39,-26.15
4483,000025,特  力Ａ,15.54,-0.83,-0.13,114418.0,176494205.79,3.19,15.7,15.2,15.5,15.67,0.97,2.91,50.33,3.7,6698646293.0,6103775093.0,0.0,0.19,-3.9,-10.43
4484,600158,中体产业,7.15,-0.83,-0.06,375738.0,270051709.0,1.94,7.28,7.14,7.21,7.21,0.71,3.92,-299.18,2.86,6860518429.0,6860518429.0,0.0,0.0,-46.92,-18.1
4485,600159,大龙地产,2.39,-0.83,-0.02,130477.0,31380464.0,2.49,2.44,2.38,2.41,2.41,0.83,1.57,-31.53,1.36,1983707724.0,1983707724.0,0.0,0.0,-29.08,-13.72
4486,000617,中油资本,7.15,-0.83,-0.06,712211.0,510669494.28,1.53,7.25,7.14,7.2,7.21,0.88,0.56,14.37,0.85,90390865415.0,90390865415.0,0.0,0.14,-22.95,-24.74
4487,600170,上海建工,2.38,-0.83,-0.02,1347979.0,321403308.0,2.08,2.42,2.37,2.41,2.4,1.14,1.52,5321.59,0.68,21148536591.0,21148536591.0,0.0,0.42,-11.85,-9.16
4488,920121,江天科技,27.57,-0.83,-0.23,2243.0,6170621.77,1.87,27.8,27.28,27.8,27.8,1.17,1.88,15.23,2.34,1821499805.0,328779804.0,0.04,0.15,-27.5,-39.51
4489,000797,中国武夷,2.39,-0.83,-0.02,201907.0,48178711.8,2.07,2.42,2.37,2.41,2.41,0.95,1.29,-9.74,0.81,3754102579.0,3753532107.0,0.0,0.42,-17.59,-39.19
4490,600893,航发动力,35.68,-0.83,-0.3,316543.0,1132555723.0,2.25,36.36,35.55,35.96,35.98,1.05,1.19,9290.56,2.38,95108402412.0,95091651365.0,0.0,0.11,-29.25,-10.71
4491,301608,博实结,47.57,-0.83,-0.4,28784.0,136378776.52,5.34,49.0,46.44,48.92,47.97,1.65,4.84,28.62,2.89,6307548907.0,2830717212.0,0.04,0.21,-27.6,-21.32
4492,002085,万丰奥威,10.8,-0.83,-0.09,263627.0,285615923.83,1.84,10.97,10.77,10.91,10.89,0.95,1.24,23.59,3.04,22931613216.0,22931613216.0,0.0,0.0,-23.89,-32.33
4493,688122,西部超导,53.65,-0.83,-0.45,121626.0,649308217.0,3.48,54.5,52.62,54.12,54.1,1.01,1.87,198.78,5.04,34854500264.0,34854500264.0,0.13,0.11,-21.29,-27.68
4494,001283,豪鹏科技,41.87,-0.83,-0.35,42331.0,177055291.99,2.75,42.67,41.51,42.46,42.22,1.75,4.09,33.88,1.54,5429706624.0,4329311859.0,0.31,0.41,-26.49,-21.97
4495,920378,泰德股份,7.1,-0.84,-0.06,9220.0,6540646.69,3.07,7.25,7.03,7.25,7.16,0.99,0.83,149.11,2.88,1104234600.0,790814074.0,0.0,0.0,-18.2,-27.99
4496,603345,安井食品,85.8,-0.84,-0.73,80873.0,685970929.0,3.61,86.53,83.41,86.29,86.53,1.12,2.76,12.69,1.83,28596190366.0,25164645106.0,-0.24,-0.05,-15.61,10.21
4497,002681,奋达科技,4.72,-0.84,-0.04,900268.0,424250185.82,4.62,4.85,4.63,4.84,4.76,1.83,5.74,-133.39,3.97,8470758535.0,7406929941.0,0.0,-0.21,-13.87,-29.02
4498,601216,君正集团,4.71,-0.84,-0.04,488383.0,230125959.0,1.68,4.76,4.68,4.75,4.75,0.75,0.58,13.85,1.49,39743061907.0,39743061907.0,-0.42,-0.21,-8.9,6.08
4499,002375,亚厦股份,3.54,-0.84,-0.03,156742.0,55629262.0,1.96,3.59,3.52,3.59,3.57,1.45,1.18,18.06,0.58,4743587603.0,4711727472.0,0.28,0.0,-18.06,-3.54
4500,920770,艾能聚,10.62,-0.84,-0.09,40782.0,42881453.04,3.27,10.7,10.35,10.7,10.71,1.33,4.98,108.14,2.31,1382003699.0,869712156.0,0.09,0.09,-30.72,-37.2
4501,605337,李子园,9.48,-0.84,-0.08,68060.0,64712000.0,1.88,9.61,9.43,9.54,9.56,0.57,1.74,17.28,2.34,3698173150.0,3698173150.0,0.11,0.0,-10.31,-18.7
4502,002054,德美化工,7.09,-0.84,-0.06,142544.0,101033612.27,1.96,7.18,7.04,7.12,7.15,0.9,3.71,18.13,1.32,3418198555.0,2722647406.0,0.14,0.28,-20.52,-3.01
4503,300320,海达股份,8.31,-0.84,-0.07,65070.0,54312095.8,1.67,8.42,8.28,8.39,8.38,1.16,1.34,19.99,1.94,4996256127.0,4033088984.0,0.0,0.0,-16.4,-10.65
4504,000713,国投丰乐,5.8,-0.85,-0.05,48347.0,28185549.58,1.88,5.9,5.79,5.86,5.85,0.93,0.79,-69.09,1.49,4629672949.0,3561286884.0,0.0,0.0,-9.52,-11.99
4505,603195,公牛集团,41.85,-0.85,-0.36,47975.0,201752905.0,1.94,42.6,41.78,42.6,42.21,0.65,0.27,17.83,5.25,75474215477.0,75336836407.0,-0.12,-0.07,-0.62,7.5
4506,603439,三力制药,10.53,-0.85,-0.09,76280.0,80430735.0,3.48,10.8,10.43,10.77,10.62,0.74,1.89,23.94,2.89,4252437474.0,4252437474.0,0.0,0.0,-11.59,-9.54
4507,600876,凯盛新能,7.0,-0.85,-0.06,38303.0,26953185.0,1.98,7.12,6.98,7.11,7.06,0.83,0.97,-3.2,1.64,4519724741.0,2769724741.0,0.0,0.0,-26.16,-29.01
4508,600316,洪都航空,25.73,-0.85,-0.22,81491.0,208947529.0,2.81,26.1,25.37,25.95,25.95,0.71,1.14,797.61,3.43,18451356394.0,18451356394.0,0.04,0.19,-27.66,-26.25
4509,300207,欣旺达,18.65,-0.85,-0.16,551073.0,1031208949.79,2.66,19.08,18.58,18.85,18.81,0.72,3.22,75.55,1.41,34455174618.0,31964714883.0,0.0,0.0,-30.72,-28.43
4510,002040,南 京 港,8.17,-0.85,-0.07,53668.0,43943511.0,1.82,8.29,8.14,8.24,8.24,1.0,1.1,19.36,1.16,3971236386.0,3971236386.0,0.0,0.12,-21.67,-16.03
4511,301153,中科江南,18.58,-0.85,-0.16,60900.0,113780211.56,2.45,18.99,18.53,18.91,18.74,0.91,1.84,-65.9,3.61,6608246782.0,6163958626.0,0.11,0.0,-12.89,-24.35
4512,603337,杰克科技,45.91,-0.86,-0.4,97805.0,447952461.0,4.49,47.08,45.0,46.61,46.31,1.47,2.09,21.3,4.23,21870977258.0,21441337705.0,-0.3,-0.26,6.97,7.02
4513,300639,凯普生物,5.75,-0.86,-0.05,165767.0,95601151.64,2.93,5.88,5.71,5.79,5.8,0.67,2.63,-332.32,0.98,3717378876.0,3623662340.0,-0.17,0.17,-21.02,6.88
4514,600935,华塑股份,2.31,-0.86,-0.02,146897.0,33900104.0,1.72,2.33,2.29,2.33,2.33,1.1,0.42,-133.4,1.4,8303844909.0,8102098186.0,0.0,0.0,-11.49,-5.71
4515,920371,欧福蛋业,6.95,-0.86,-0.06,9206.0,6393662.92,2.28,7.04,6.88,6.99,7.01,0.39,0.47,20.99,2.32,1427846475.0,1353926748.0,0.0,0.29,-23.63,-32.26
4516,605008,长鸿高科,11.49,-0.86,-0.1,35391.0,40580566.0,3.36,11.64,11.25,11.58,11.59,1.32,0.55,-64.3,3.8,7422108137.0,7422108137.0,0.35,0.26,-7.11,-19.48
4517,600685,中船防务,26.42,-0.86,-0.23,97388.0,257134169.0,2.1,26.78,26.22,26.64,26.65,0.8,1.19,23.57,2.07,37344838507.0,21702317482.0,-0.04,0.15,-17.33,-6.71
4518,600830,香溢融通,8.04,-0.86,-0.07,31607.0,25510347.0,1.85,8.17,8.02,8.16,8.11,0.85,0.7,36.14,1.61,3652754886.0,3652754886.0,0.0,0.0,-23.57,-15.81
4519,000605,渤海股份,5.79,-0.86,-0.05,48760.0,28583618.6,2.91,5.95,5.78,5.86,5.84,1.03,1.38,27.44,0.95,2041893294.0,2041893294.0,-0.17,0.0,-19.69,-13.58
4520,600339,中油工程,3.41,-0.87,-0.03,402568.0,137692590.0,2.03,3.46,3.39,3.44,3.44,0.7,0.72,22.61,0.71,19038532876.0,19038532876.0,0.0,0.0,-13.01,2.1
4521,600850,电科数字,15.96,-0.87,-0.14,188671.0,301564829.0,3.11,16.31,15.81,16.05,16.1,0.79,2.31,129.05,2.71,13027166284.0,13027166284.0,-0.06,0.06,-4.03,-35.04
4522,002146,荣盛发展,1.14,-0.87,-0.01,706076.0,80097402.0,3.48,1.16,1.12,1.15,1.15,0.76,1.81,-1.88,0.98,4956906790.0,4459134340.0,0.0,0.88,-16.79,-30.49
4523,002999,天禾股份,5.71,-0.87,-0.05,63012.0,36119786.0,2.26,5.82,5.69,5.75,5.76,1.17,1.83,58.85,1.64,1984750320.0,1961635526.0,0.35,0.18,-20.47,-15.53
4524,002562,兄弟科技,4.56,-0.87,-0.04,228561.0,104107081.9,2.17,4.63,4.53,4.6,4.6,1.35,2.81,36.99,1.46,5211267942.0,3709647990.0,0.22,0.22,-22.58,-28.3
4525,002101,广东鸿图,9.07,-0.87,-0.08,42694.0,38857883.5,1.86,9.22,9.05,9.22,9.15,0.76,0.64,-213.48,0.77,6011804710.0,6006264645.0,-0.22,-0.11,-7.16,-24.86
4526,001376,百通能源,11.34,-0.87,-0.1,178315.0,202389757.0,2.19,11.5,11.25,11.37,11.44,0.56,8.33,30.68,4.24,5226606000.0,2427231324.0,0.0,0.18,-27.31,-32.26
4527,002959,小熊电器,34.35,-0.87,-0.3,10129.0,34827277.0,1.93,34.87,34.2,34.87,34.65,0.95,0.72,16.82,1.86,5352882236.0,4801937297.0,0.0,-0.06,-12.53,-16.1
4528,603109,神驰机电,17.0,-0.87,-0.15,16483.0,28135395.0,1.92,17.26,16.93,17.18,17.15,0.99,0.79,38.23,1.85,3550422120.0,3550422120.0,0.12,0.0,-24.51,-33.44
4529,603180,金牌家居,14.81,-0.87,-0.13,12852.0,19186194.0,3.28,15.25,14.76,15.04,14.94,1.28,0.83,-40.31,0.85,2284548243.0,2284548243.0,0.14,0.07,-21.47,-27.01
4530,605189,富春染织,15.95,-0.87,-0.14,224319.0,354751484.0,4.79,16.2,15.43,15.8,16.09,0.83,9.42,12.96,1.58,3799847277.0,3799847277.0,-0.06,0.06,-19.73,2.44
4531,002242,九阳股份,9.15,-0.87,-0.08,82404.0,75531666.98,2.28,9.28,9.07,9.2,9.23,0.57,1.08,21.07,2.07,6981605550.0,6969424384.0,-0.11,0.0,-17.34,-11.08
4532,603406,天富龙,27.29,-0.87,-0.24,10858.0,29744517.0,2.29,27.88,27.25,27.56,27.53,1.12,2.96,24.75,2.33,10916272900.0,1000520798.0,-0.22,-0.04,-21.17,-32.95
4533,002124,天邦食品,2.24,-0.88,-0.02,430568.0,96623323.76,2.21,2.28,2.23,2.27,2.26,0.87,2.18,-1.76,3.0,4977131784.0,4417657738.0,0.0,-0.44,-21.13,-18.25
4534,600604,市北高新,4.5,-0.88,-0.04,160528.0,72063293.0,2.86,4.58,4.45,4.54,4.54,1.12,1.14,-27.57,1.4,8429871618.0,6333546618.0,0.0,0.22,-8.72,-18.77
4535,000333,美的集团,85.14,-0.88,-0.76,381121.0,3241774672.91,1.79,86.2,84.66,85.99,85.9,0.91,0.55,12.81,3.15,649429631417.0,586090282934.0,0.11,-0.04,10.64,14.39
4536,600871,石化油服,2.24,-0.88,-0.02,986154.0,221965942.0,2.21,2.28,2.23,2.25,2.26,0.78,0.73,51.85,4.42,42463782666.0,30345307666.0,0.0,0.0,-15.15,3.7
4537,002660,茂硕电源,6.78,-0.88,-0.06,45419.0,30870159.0,2.05,6.88,6.74,6.85,6.84,0.87,1.32,-20.78,2.42,2417924409.0,2325449894.0,0.15,0.15,-25.0,-26.38
4538,000014,沙河股份,10.1,-0.88,-0.09,58011.0,58793004.13,2.36,10.28,10.04,10.28,10.19,0.56,2.4,-72.0,1.77,2444666862.0,2444666862.0,0.1,0.3,-22.01,-24.91
4539,000099,中信海直,14.67,-0.88,-0.13,74564.0,109447267.0,1.76,14.86,14.6,14.83,14.8,0.85,0.96,30.55,2.06,11380547910.0,11380547910.0,0.07,0.14,-18.36,-28.96
4540,001205,盛航股份,13.52,-0.88,-0.12,43527.0,59763305.27,4.11,14.0,13.44,13.69,13.64,1.14,2.61,16.16,1.19,2541807861.0,2250868128.0,-0.44,0.3,-12.09,-20.24
4541,300172,中电环保,4.5,-0.88,-0.04,136089.0,61517922.01,1.76,4.57,4.49,4.55,4.54,1.07,2.6,28.3,1.61,3045195000.0,2353210533.0,-0.22,-0.22,-16.51,-15.89
4542,601828,美凯龙,2.24,-0.88,-0.02,293507.0,65923050.0,2.21,2.28,2.23,2.27,2.26,0.79,0.81,51.14,0.43,9752260836.0,8091781015.0,0.0,0.0,-19.13,-17.04
4543,601968,宝钢包装,4.48,-0.88,-0.04,88042.0,39320830.0,1.99,4.52,4.43,4.51,4.52,0.81,0.69,21.85,1.27,5715491981.0,5715491981.0,0.0,0.22,-12.16,-15.63
4544,000828,东莞控股,10.09,-0.88,-0.09,47709.0,48283666.0,1.47,10.22,10.07,10.2,10.18,0.74,0.46,9.22,1.03,10488726449.0,10488726449.0,0.0,0.0,-2.98,-3.35
4545,000505,京粮控股,5.64,-0.88,-0.05,61377.0,34690212.04,1.93,5.72,5.61,5.68,5.69,0.93,0.97,125.95,1.43,4099999416.0,3566625095.0,0.18,0.0,-19.43,-33.73
4546,300829,金丹科技,14.55,-0.89,-0.13,27938.0,40867054.46,3.2,14.97,14.5,14.83,14.68,0.76,1.78,27.82,1.37,3306852807.0,2280616921.0,0.07,0.14,-17.84,-11.76
4547,000958,电投产融,5.55,-0.89,-0.05,307046.0,170495254.99,2.14,5.63,5.51,5.59,5.6,1.33,0.57,22.75,2.02,101656713489.0,29877972786.0,0.18,0.18,-10.48,-14.22
4548,605089,味知香,20.11,-0.89,-0.18,14422.0,29050600.0,2.66,20.49,19.95,20.47,20.29,0.65,1.05,30.53,2.28,2775180000.0,2775180000.0,0.0,0.05,-16.59,-19.88
4549,301469,恒达新材,26.8,-0.89,-0.24,15735.0,42328501.0,2.77,27.27,26.52,26.9,27.04,0.97,3.42,23.95,1.74,2398064000.0,1234372758.0,-0.04,0.0,-26.31,-10.61
4550,000537,绿发电力,7.81,-0.89,-0.07,199705.0,156323301.19,2.28,7.95,7.77,7.89,7.88,0.9,0.97,45.12,0.82,16055156791.0,16055156791.0,0.0,0.13,-27.21,-3.46
4551,600050,中国联通,4.47,-0.89,-0.04,1708810.0,767760001.0,1.77,4.54,4.46,4.5,4.51,0.89,0.55,16.35,0.83,139751981212.0,138527128909.0,-0.22,0.22,-4.28,-11.66
4552,600010,包钢股份,2.23,-0.89,-0.02,3098496.0,693802542.0,1.78,2.27,2.23,2.25,2.25,0.88,0.99,-54.49,1.95,100854053474.0,69839612508.0,0.0,0.0,-22.57,-6.3
4553,301522,上大股份,23.45,-0.89,-0.21,44609.0,105186097.68,1.65,23.79,23.4,23.54,23.66,0.87,1.61,70.94,4.47,8720273341.0,6490530091.0,-0.17,-0.26,-29.77,-40.03
4554,002852,道道全,7.8,-0.89,-0.07,45651.0,35625132.52,2.41,7.92,7.73,7.88,7.87,1.3,1.6,47.47,1.21,2682952779.0,2229247488.0,0.0,0.13,-13.72,-25.22
4555,600814,杭州解百,6.68,-0.89,-0.06,40334.0,26981511.0,1.78,6.77,6.65,6.74,6.74,0.6,0.55,13.58,1.3,4910325035.0,4910325035.0,0.0,0.0,-11.52,-16.71
4556,002523,天桥起重,3.33,-0.89,-0.03,228078.0,76090037.14,2.68,3.39,3.3,3.37,3.36,1.02,1.62,65.05,1.93,4717413864.0,4700437134.0,0.0,0.0,-13.95,-22.01
4557,001238,浙江正特,25.46,-0.9,-0.23,6820.0,17336842.16,2.8,25.9,25.18,25.69,25.69,1.4,0.47,23.22,3.42,3950068080.0,3695108330.0,-0.16,-0.04,-24.54,-27.69
4558,001207,联科科技,15.49,-0.9,-0.14,29348.0,45550198.4,1.86,15.67,15.38,15.6,15.63,0.94,1.0,18.0,1.94,4695603655.0,4532716205.0,0.0,0.13,-21.93,-12.78
4559,920050,爱伦医疗,27.58,-0.9,-0.25,3262.0,9004902.14,2.44,27.98,27.3,27.82,27.83,1.1,1.8,14.89,1.78,1866596032.0,499271115.0,0.29,0.0,-17.43,84.11
4560,002298,中电鑫龙,8.78,-0.9,-0.08,856675.0,753418613.12,3.61,9.0,8.68,8.86,8.86,0.77,12.97,37.83,3.48,6498173711.0,5801446346.0,0.0,0.57,-22.91,-15.9
4561,600561,江西长运,5.48,-0.9,-0.05,71776.0,39831663.0,3.8,5.69,5.48,5.54,5.53,1.35,2.52,-13.91,1.71,1558932864.0,1558932864.0,-0.9,-0.9,-22.16,-15.43
4562,002108,沧州明珠,4.38,-0.9,-0.04,215561.0,94548821.0,1.81,4.44,4.36,4.43,4.42,0.91,1.31,40.82,1.46,7220860142.0,7218232142.0,0.0,0.0,-31.46,-7.2
4563,002601,龙佰集团,16.52,-0.9,-0.15,116987.0,193499795.0,2.46,16.74,16.33,16.6,16.67,0.59,0.59,52.66,1.72,39387777885.0,32835198025.0,-0.12,0.0,-2.94,-15.63
4564,603312,西典新能,32.07,-0.9,-0.29,8540.0,27611374.0,2.29,32.77,32.03,32.41,32.36,1.16,1.68,21.46,2.88,5131183965.0,1632988365.0,-0.09,0.06,-17.75,-30.9
4565,600802,福建水泥,4.38,-0.9,-0.04,68971.0,30532407.0,2.94,4.5,4.37,4.47,4.42,1.03,1.51,-11.89,2.19,2007127992.0,2007127992.0,-0.45,-0.23,-25.26,-33.23
4566,603202,天有为,54.33,-0.91,-0.5,14494.0,78928806.0,1.84,55.28,54.27,55.06,54.83,0.88,2.89,17.12,1.31,8692800000.0,2728103367.0,-0.02,0.02,-29.68,-39.84
4567,600218,全柴动力,7.61,-0.91,-0.07,65991.0,50371108.0,2.21,7.74,7.57,7.72,7.68,1.2,1.51,26.58,1.02,3314915384.0,3314915384.0,0.13,0.13,-22.11,-25.61
4568,000589,贵州轮胎,4.37,-0.91,-0.04,317802.0,138788206.8,1.81,4.42,4.34,4.42,4.41,1.2,2.06,9.42,0.75,6792684754.0,6747763776.0,0.23,0.23,-11.54,-14.15
4569,600373,中文传媒,7.62,-0.91,-0.07,125147.0,95370367.0,2.34,7.74,7.56,7.7,7.69,0.91,0.93,23.61,0.58,10266873439.0,10266873439.0,0.0,-0.13,-8.52,-16.63
4570,002029,七 匹 狼,8.74,-0.91,-0.08,195593.0,171184873.67,2.49,8.88,8.66,8.8,8.82,0.79,2.94,30.92,0.91,6161905713.0,5815648082.0,0.23,0.23,-25.11,-20.76
4571,001356,富岭股份,8.75,-0.91,-0.08,34975.0,30687103.76,1.47,8.85,8.72,8.82,8.83,0.67,1.65,87.36,2.56,5156550000.0,1852344375.0,0.11,0.0,-22.7,-32.12
4572,600298,安琪酵母,42.51,-0.91,-0.39,120919.0,515024931.0,2.68,43.2,42.05,42.71,42.9,0.6,1.41,21.65,3.08,36892247004.0,36437466522.0,0.0,-0.05,14.15,-1.57
4573,002500,山西证券,5.43,-0.91,-0.05,190622.0,103890365.3,1.46,5.5,5.42,5.48,5.48,0.71,0.53,19.11,1.06,19492459500.0,19492459500.0,0.0,0.18,-3.55,-8.12
4574,605369,拱东医疗,16.26,-0.91,-0.15,17822.0,29103826.0,3.11,16.66,16.15,16.43,16.41,1.52,0.81,27.93,2.12,3573997252.0,3573997252.0,0.0,0.31,-21.98,-12.16
4575,920270,天铭科技,12.03,-0.91,-0.11,8772.0,10590908.61,2.06,12.25,12.0,12.15,12.14,0.76,1.08,52.59,3.09,1258530480.0,977823266.0,0.0,-0.08,-35.67,-53.03
4576,600938,中国海油,31.56,-0.91,-0.29,381555.0,1210275208.0,1.41,32.0,31.55,31.81,31.85,0.74,1.28,9.58,1.8,1500045347735.0,94364400000.0,-0.03,-0.03,-11.77,6.26
4577,000721,西安饮食,6.52,-0.91,-0.06,217408.0,142618013.4,1.98,6.63,6.5,6.56,6.58,0.75,4.24,-31.97,29.5,3741921288.0,3340589208.0,0.0,0.15,-11.17,-27.15
4578,600168,武汉控股,4.34,-0.91,-0.04,63388.0,27679966.0,2.97,4.45,4.32,4.38,4.38,1.13,0.64,26.1,0.8,4311345449.0,4311345449.0,0.23,0.23,-13.89,-14.23
4579,301449,天溯计量,38.84,-0.92,-0.36,32884.0,127577580.83,4.08,40.0,38.4,39.98,39.2,1.01,16.01,234.18,3.19,3546260876.0,797908724.0,0.05,0.05,-25.19,-35.14
4580,601336,新华保险,62.29,-0.92,-0.58,156385.0,975791666.0,1.11,62.9,62.2,62.85,62.87,0.86,0.75,7.47,1.66,194316557714.0,129902016489.0,0.0,0.02,-5.42,-10.63
4581,002893,京能热力,9.71,-0.92,-0.09,72098.0,70136673.5,2.24,9.88,9.66,9.84,9.8,1.19,3.56,3.37,1.85,2559944400.0,1968980381.0,0.0,0.21,-10.59,-12.52
4582,603057,紫燕食品,22.55,-0.92,-0.21,19126.0,43273092.0,2.46,23.04,22.48,22.62,22.76,0.54,0.46,28.1,4.46,9360843250.0,9290600000.0,-0.18,0.0,-15.38,11.86
4583,000553,安道麦A,5.36,-0.92,-0.05,82626.0,44341972.91,1.66,5.43,5.34,5.39,5.41,1.05,0.38,5.48,0.7,12487791066.0,11669105711.0,0.0,0.0,-25.76,-2.19
4584,600798,宁波海运,3.23,-0.92,-0.03,130235.0,42228618.0,1.84,3.28,3.22,3.27,3.26,1.16,1.08,-117.69,0.99,3897105469.0,3897105469.0,0.0,0.0,-13.87,-7.71
4585,002724,海洋王,5.36,-0.92,-0.05,52169.0,28088315.0,2.03,5.44,5.33,5.42,5.41,0.78,0.92,-43.17,1.55,4135229248.0,3043274547.0,0.0,0.0,-12.13,-19.76
4586,600956,新天绿能,7.56,-0.92,-0.07,70341.0,53516368.0,2.36,7.72,7.54,7.63,7.63,0.9,0.3,11.89,1.38,34022022096.0,17751550398.0,0.0,0.13,-15.25,4.28
4587,601279,英利汽车,3.21,-0.93,-0.03,86715.0,27847812.0,2.78,3.28,3.19,3.28,3.24,0.78,0.55,-46.51,1.23,5090373012.0,5090373012.0,0.0,0.0,-18.73,-38.27
4588,002590,万安科技,9.59,-0.93,-0.09,61266.0,59059902.1,2.17,9.78,9.57,9.7,9.68,1.04,1.24,40.45,1.64,4977713254.0,4746636335.0,0.0,0.0,-23.22,-35.72
4589,002206,海 利 得,5.32,-0.93,-0.05,111696.0,59494431.0,1.49,5.38,5.3,5.38,5.37,0.97,1.06,12.55,1.59,6181984810.0,5623085646.0,0.19,0.0,-9.98,-5.84
4590,600278,东方创业,6.31,-0.94,-0.06,46607.0,29627126.0,2.2,6.44,6.3,6.37,6.37,1.2,0.54,38.11,0.72,5429872726.0,5429872726.0,0.0,0.0,-13.8,-16.97
4591,688472,阿特斯,10.51,-0.94,-0.1,404171.0,424731782.0,2.07,10.65,10.43,10.58,10.61,0.73,1.11,18.43,1.64,38289402577.0,38289402577.0,0.1,0.1,-29.84,-29.03
4592,002832,比音勒芬,25.3,-0.94,-0.24,211968.0,539467307.15,4.42,26.09,24.96,25.52,25.54,0.82,5.44,9.35,2.71,14438889225.0,9852282585.0,-0.16,-0.04,26.5,77.42
4593,600779,水井坊,28.55,-0.94,-0.27,34632.0,99233975.0,1.73,29.0,28.5,28.72,28.82,0.6,0.71,20.34,2.63,13918216303.0,13918216303.0,0.11,0.14,-13.46,-25.77
4594,600056,中国医药,9.48,-0.94,-0.09,135722.0,129516268.0,1.99,9.66,9.47,9.58,9.57,1.01,0.91,19.46,1.19,14180940011.0,14175932011.0,0.0,-0.11,-9.11,-7.51
4595,600250,南京商旅,8.41,-0.94,-0.08,87445.0,73939593.0,2.83,8.6,8.36,8.55,8.49,0.95,2.8,142.52,4.21,2630575708.0,2630575708.0,-0.12,0.0,-18.9,-26.93
4596,603639,海利尔,10.56,-0.94,-0.1,23667.0,25043312.0,1.78,10.71,10.52,10.68,10.66,0.9,0.7,12.26,1.08,3692285372.0,3589115228.0,0.0,0.0,-11.48,-14.84
4597,000965,天保基建,3.17,-0.94,-0.03,128842.0,40832749.25,2.19,3.22,3.15,3.21,3.2,1.08,1.16,13.76,0.64,3518163937.0,3518163937.0,0.32,0.32,-15.01,-18.93
4598,300896,爱美客,104.95,-0.94,-1.0,55474.0,581184959.87,3.09,106.27,103.0,105.76,105.95,0.74,2.71,26.62,4.16,31757036802.0,21457166664.0,0.09,0.07,-11.43,-25.53
4599,300999,金龙鱼,26.41,-0.94,-0.25,89633.0,236774013.25,1.54,26.69,26.28,26.58,26.66,0.83,1.65,24.16,1.48,143184232466.0,14331309832.0,0.04,0.08,-7.07,-7.37
4600,600026,中远海能,16.85,-0.94,-0.16,584744.0,997404319.0,4.29,17.48,16.75,17.0,17.01,0.99,1.53,10.6,2.0,92189958899.0,64501664459.0,-0.12,0.0,-23.41,49.12
4601,603856,东宏股份,11.42,-0.95,-0.11,43382.0,49474081.0,2.43,11.58,11.3,11.57,11.53,1.59,1.54,18.05,1.18,3221080205.0,3221080205.0,-0.09,0.0,-10.78,-6.7
4602,688285,高铁电气,7.33,-0.95,-0.07,21390.0,15705170.0,2.7,7.49,7.29,7.46,7.4,0.81,0.57,56.19,1.62,2758205062.0,2758205062.0,0.27,0.14,-23.65,-15.55
4603,001312,福恩股份,17.81,-0.95,-0.17,25133.0,44844936.71,1.89,18.08,17.74,18.03,17.98,1.06,4.4,25.58,1.82,4155666679.0,1018024391.0,0.06,0.0,-27.54,-2.04
4604,600284,浦东建设,5.24,-0.95,-0.05,141251.0,74237756.0,2.08,5.33,5.22,5.3,5.29,1.09,1.46,26.5,0.64,5084141440.0,5084141440.0,0.0,0.38,-32.12,-37.09
4605,600030,中信证券,28.0,-0.96,-0.27,1265364.0,3556041530.0,1.59,28.42,27.97,28.22,28.27,0.96,1.04,10.15,1.45,414975311212.0,340943427272.0,0.0,0.0,4.01,-0.04
4606,600478,科力远,5.14,-0.96,-0.05,244925.0,126591009.0,2.31,5.25,5.13,5.2,5.19,0.85,1.45,56.17,2.86,8706743228.0,8706743228.0,0.0,0.19,-29.4,-25.4
4607,301058,中粮科工,8.28,-0.96,-0.08,45378.0,37680054.0,1.67,8.39,8.25,8.37,8.36,1.16,0.89,29.02,1.86,4312248881.0,4241630749.0,0.0,0.24,-17.37,-23.4
4608,001219,青岛食品,12.43,-0.96,-0.12,21442.0,26768199.26,1.83,12.63,12.4,12.61,12.55,0.67,1.13,19.23,2.32,2423648013.0,2364154925.0,0.08,0.16,-14.33,-11.21
4609,600523,贵航股份,11.38,-0.96,-0.11,41576.0,47346172.0,1.48,11.5,11.33,11.5,11.49,1.05,1.03,27.26,1.44,4601062822.0,4598027776.0,0.18,0.09,-17.18,-26.91
4610,002634,*ST棒杰,4.11,-0.96,-0.04,51530.0,21228378.0,2.65,4.19,4.08,4.12,4.15,0.89,1.17,-8.4,-2.43,1887938828.0,1817586725.0,-0.24,-0.24,-20.35,-27.26
4611,600732,爱旭股份,12.4,-0.96,-0.12,229160.0,282975648.0,3.19,12.6,12.2,12.58,12.52,0.74,1.09,-14.91,5.53,26228413077.0,26105141267.0,0.16,0.16,-15.82,-7.46
4612,600780,通宝能源,6.15,-0.97,-0.06,131105.0,80445852.0,1.93,6.22,6.1,6.21,6.21,1.15,1.14,10.24,0.84,7050990516.0,7050990516.0,0.0,0.16,-12.64,11.82
4613,002226,江南化工,5.13,-0.97,-0.05,219979.0,112851275.16,3.09,5.25,5.09,5.25,5.18,0.89,0.83,25.28,1.44,13588974246.0,13588949776.0,-0.19,0.2,-6.39,-10.31
4614,002116,中国海诚,7.12,-0.97,-0.07,32323.0,23075565.0,1.95,7.24,7.1,7.2,7.19,1.06,0.59,24.17,1.47,3979744349.0,3931329104.0,0.0,0.0,-11.22,-15.04
4615,600512,腾达建设,2.04,-0.97,-0.02,236235.0,48118304.0,2.43,2.07,2.02,2.05,2.06,1.03,1.49,20.36,0.52,3238306533.0,3238306533.0,0.0,0.0,-16.39,-15.35
4616,605268,王力安防,9.19,-0.97,-0.09,24794.0,22845263.0,3.66,9.49,9.15,9.27,9.28,1.06,0.56,35.1,2.51,4048654500.0,4048654500.0,0.0,0.11,-23.16,-11.8
4617,000789,万年青,4.1,-0.97,-0.04,41062.0,16858341.0,1.93,4.16,4.08,4.15,4.14,0.65,0.51,-40.48,0.52,3269422882.0,3269422882.0,0.0,0.24,-15.46,-19.45
4618,002234,民和股份,7.12,-0.97,-0.07,45724.0,32616277.3,2.23,7.25,7.09,7.2,7.19,1.09,1.52,-9.2,1.46,2484596709.0,2146029510.0,0.14,0.14,-15.74,-17.4
4619,003002,壶化股份,16.28,-0.97,-0.16,29681.0,48565229.0,3.04,16.62,16.12,16.45,16.44,1.1,1.62,50.91,2.15,3256000000.0,2976753637.0,0.06,0.0,-40.69,-49.39
4620,001323,慕思股份,17.14,-0.98,-0.17,36592.0,62599386.95,2.2,17.31,16.93,17.3,17.31,0.6,1.18,21.09,1.79,7457284295.0,5334791388.0,0.06,0.18,-27.06,-31.36
4621,002595,豪迈科技,52.52,-0.98,-0.52,29270.0,153569453.95,3.41,53.77,51.96,53.05,53.04,0.46,0.25,29.56,5.19,60923200000.0,60501917122.0,0.02,-0.02,-11.3,-8.8
4622,600628,新世界,6.09,-0.98,-0.06,73941.0,45258781.0,1.95,6.19,6.07,6.15,6.15,1.13,1.14,43.94,0.93,3939471089.0,3939471089.0,0.0,0.16,-14.71,-22.52
4623,688009,中国通号,5.07,-0.98,-0.05,350711.0,178394555.0,1.76,5.15,5.06,5.13,5.12,0.8,0.41,25.74,1.17,53690382330.0,43708561260.0,-0.2,-0.2,2.42,-4.34
4624,600359,新农开发,6.05,-0.98,-0.06,64795.0,39316908.0,3.11,6.2,6.01,6.15,6.11,1.04,1.7,25.81,3.42,2308152561.0,2308152561.0,0.0,0.17,-21.12,-15.38
4625,920195,三祥科技,12.17,-0.98,-0.12,7315.0,8916570.86,2.28,12.38,12.1,12.38,12.29,1.27,1.03,21.12,1.45,1193025100.0,861136847.0,-0.25,-0.25,-25.7,-44.07
4626,000061,农 产 品,6.05,-0.98,-0.06,175587.0,106963619.73,1.8,6.16,6.05,6.12,6.11,0.89,0.98,22.23,1.41,12009015248.0,10855587527.0,-0.17,0.0,-17.35,-40.86
4627,600551,时代出版,7.03,-0.99,-0.07,48790.0,34315934.0,2.11,7.13,6.98,7.1,7.1,0.95,0.72,23.55,0.82,4766728330.0,4766728330.0,0.14,0.14,-9.99,-11.24
4628,600262,北方股份,14.04,-0.99,-0.14,44980.0,63103737.0,2.26,14.25,13.93,14.24,14.18,1.07,1.89,11.1,1.85,3341520000.0,3341520000.0,0.36,0.36,-20.99,-23.36
4629,001308,康冠科技,18.0,-0.99,-0.18,28420.0,51124679.2,1.87,18.2,17.86,18.17,18.18,1.01,0.58,20.39,1.66,12673643238.0,8770259988.0,0.0,0.11,-12.11,-11.15
4630,920022,世昌股份,19.01,-0.99,-0.19,2316.0,4409754.54,2.34,19.3,18.85,19.05,19.2,1.13,1.39,17.56,2.8,1146702210.0,315851150.0,-0.11,0.64,-27.8,-35.32
4631,920454,同心传动,10.98,-0.99,-0.11,10409.0,11374837.43,3.34,11.2,10.83,11.06,11.09,1.27,2.11,40.72,3.54,1153998000.0,540550890.0,-0.18,0.37,-25.76,-33.25
4632,301048,金鹰重工,9.03,-0.99,-0.09,50115.0,45353413.0,2.3,9.2,8.99,9.12,9.12,1.28,0.94,25.54,1.72,4816000602.0,4816000602.0,0.11,0.11,-19.23,-20.02
4633,688389,普门科技,10.93,-1.0,-0.11,24109.0,26353889.0,1.9,11.07,10.86,11.03,11.04,0.96,0.56,36.04,2.31,4683349029.0,4683349029.0,0.09,0.18,-15.21,-13.94
4634,603858,步长制药,15.8,-1.0,-0.16,59554.0,94587159.0,1.63,16.05,15.79,16.0,15.96,0.87,0.56,13.0,1.66,16662181384.0,16662181384.0,-0.06,0.0,-5.45,1.02
4635,600480,凌云股份,8.91,-1.0,-0.09,140729.0,126128988.0,2.22,9.08,8.88,9.06,9.0,0.92,1.16,17.75,1.38,10890045519.0,10809479615.0,0.0,0.0,-19.51,-25.69
4636,688819,天能股份,22.72,-1.0,-0.23,27505.0,62707620.0,1.79,23.07,22.66,22.95,22.95,0.86,0.28,73.54,1.33,22086112000.0,22086112000.0,0.0,0.09,-17.32,-30.46
4637,600023,浙能电力,4.97,-1.0,-0.05,612993.0,305161358.0,1.39,5.03,4.96,5.02,5.02,0.91,0.46,17.59,0.91,66641401763.0,66641401763.0,-0.2,0.2,-11.88,6.42
4638,603808,歌力思,7.92,-1.0,-0.08,44110.0,35191617.0,2.63,8.1,7.89,8.09,8.0,0.76,1.21,17.57,1.13,2880767205.0,2880767205.0,0.13,0.13,-24.36,-5.04
4639,002390,信邦制药,2.98,-1.0,-0.03,201539.0,60255603.0,1.99,3.03,2.97,3.01,3.01,0.99,1.05,29.76,0.86,5792678567.0,5744816164.0,0.0,0.34,-9.7,-5.7
4640,300855,图南股份,29.3,-1.01,-0.3,51127.0,150768859.0,4.66,30.56,29.18,30.0,29.6,0.9,1.75,30.32,5.67,11589072950.0,8583614843.0,0.34,0.0,-25.82,-8.86
4641,000488,ST晨鸣,1.97,-1.01,-0.02,80416.0,15853592.0,2.01,2.0,1.96,2.0,1.99,0.94,0.47,-2.83,13.91,5794668714.0,3337612908.0,0.0,0.51,-20.56,-10.45
4642,001338,永顺泰,8.83,-1.01,-0.09,42970.0,38039120.0,1.91,8.95,8.78,8.91,8.92,0.91,0.86,33.35,1.22,4430283264.0,4430283264.0,0.0,0.0,-31.81,-25.61
4643,301498,乖宝宠物,43.16,-1.01,-0.44,65048.0,281730793.96,3.03,44.19,42.87,43.6,43.6,0.64,3.63,34.99,3.72,17284407774.0,7740428083.0,0.02,0.12,-14.31,-33.5
4644,001217,华尔泰,9.85,-1.01,-0.1,54628.0,54348998.0,3.22,10.16,9.84,9.95,9.95,0.58,1.66,109.43,1.5,3268919500.0,3236500658.0,0.0,0.0,-15.96,-28.62
4645,600558,大西洋,4.91,-1.01,-0.05,151432.0,74482260.0,2.02,4.99,4.89,4.95,4.96,1.19,1.69,19.77,1.86,4407239720.0,4407239720.0,0.2,0.41,-15.2,-19.51
4646,920057,百甲科技,4.89,-1.01,-0.05,10975.0,5383696.38,3.44,5.03,4.86,4.94,4.94,0.94,0.94,121.82,1.24,886377522.0,569843167.0,-0.41,0.0,-21.88,-24.42
4647,601669,中国电建,4.89,-1.01,-0.05,1286857.0,630150996.0,2.02,4.97,4.87,4.95,4.94,1.04,0.98,10.79,0.58,84235919143.0,63919761407.0,0.2,0.2,-15.4,-3.93
4648,002686,亿利达,5.89,-1.01,-0.06,269767.0,158700688.0,2.86,5.97,5.8,5.95,5.95,0.98,5.16,511.62,2.08,3335148493.0,3078872974.0,-0.17,-0.17,-25.91,-9.66
4649,603277,银都股份,10.83,-1.01,-0.11,15846.0,17308496.0,2.29,11.05,10.8,10.99,10.94,0.91,0.26,40.14,2.52,6646363473.0,6603549451.0,0.0,0.19,-18.08,-34.28
4650,002157,正邦科技,2.94,-1.01,-0.03,762440.0,225236411.0,1.68,2.99,2.94,2.98,2.97,0.8,0.98,-16.41,2.6,27195478012.0,22895754048.0,0.0,0.0,-16.48,-9.26
4651,600060,海信视像,27.3,-1.02,-0.28,119656.0,325084629.0,4.1,27.92,26.79,27.56,27.58,0.82,0.92,15.08,1.73,35625742534.0,35494606083.0,0.04,0.0,7.91,12.44
4652,603718,*ST海利,2.9,-1.02,-0.03,66177.0,19205287.0,2.05,2.94,2.88,2.93,2.93,1.19,1.02,74.59,2.13,1890523630.0,1882041130.0,0.0,0.35,-24.48,-52.46
4653,001387,雪祺电气,11.6,-1.02,-0.12,34190.0,39922726.0,2.56,11.88,11.58,11.75,11.72,1.08,2.93,45.13,1.65,2123152640.0,1351337058.0,0.0,0.0,-19.89,-14.83
4654,002028,思源电气,155.5,-1.02,-1.61,122107.0,1893646802.36,7.56,161.28,149.4,159.01,157.11,1.15,2.0,40.92,7.39,121690145351.0,94980249186.0,-0.1,-0.19,-20.44,1.05
4655,002731,*ST萃华,1.94,-1.02,-0.02,353480.0,68901158.0,4.08,1.99,1.91,1.98,1.96,0.7,15.39,2.14,0.27,496942640.0,445533416.0,0.0,0.52,-55.4,-84.55
4656,000523,红棉股份,2.92,-1.02,-0.03,188222.0,55219326.36,2.03,2.97,2.91,2.95,2.95,0.62,1.42,28.22,2.73,5359567906.0,3869467650.0,0.34,0.0,-13.61,-22.55
4657,601222,林洋能源,5.82,-1.02,-0.06,176198.0,103120779.0,2.04,5.94,5.82,5.91,5.88,0.85,0.86,49.32,0.78,11879901308.0,11879901308.0,-0.17,-0.51,-7.03,6.4
4658,603111,康尼机电,5.81,-1.02,-0.06,63656.0,36979854.0,1.87,5.88,5.77,5.88,5.87,1.13,0.76,22.44,1.3,5008398204.0,4866428089.0,-0.17,0.17,-11.16,-11.43
4659,300092,科新机电,11.58,-1.03,-0.12,38722.0,45055555.0,1.71,11.75,11.55,11.71,11.7,0.86,1.85,31.03,1.94,3172031478.0,2430251244.0,0.0,0.17,-31.72,-26.2
4660,002111,威海广泰,9.6,-1.03,-0.1,87172.0,83877890.28,2.16,9.77,9.56,9.72,9.7,1.1,1.78,16.53,1.72,5107306099.0,4692015331.0,0.0,0.21,-14.97,-6.61
4661,300957,贝泰妮,33.79,-1.03,-0.35,83648.0,284218416.88,2.34,34.49,33.69,34.13,34.14,0.88,1.99,54.25,2.34,14313444000.0,14235486483.0,0.0,0.15,-17.69,-13.27
4662,300185,通裕重工,2.88,-1.03,-0.03,774959.0,224066966.12,2.06,2.93,2.87,2.9,2.91,0.94,2.01,70.38,1.65,11624260732.0,11077801116.0,0.0,-0.35,-12.2,1.41
4663,300594,ST朗进,14.41,-1.03,-0.15,19052.0,27667454.0,3.85,14.87,14.31,14.65,14.56,1.2,2.09,-27.42,1.73,1323896415.0,1311207329.0,0.07,0.21,-28.31,-26.52
4664,300789,唐源电气,18.21,-1.03,-0.19,105517.0,191978994.94,3.59,18.71,18.05,18.33,18.4,1.59,12.37,45.85,2.51,2619491328.0,1553947819.0,0.11,0.17,-23.68,-20.38
4665,002090,金智科技,9.62,-1.03,-0.1,77931.0,75665211.4,3.4,9.93,9.6,9.75,9.72,0.67,1.96,44.06,2.49,3853551423.0,3830575111.0,0.0,0.1,-14.49,-18.2
4666,603237,五芳斋,14.3,-1.04,-0.15,10851.0,15623336.0,2.28,14.55,14.22,14.52,14.45,0.94,0.57,-12.23,1.84,2802967682.0,2714239042.0,0.28,0.14,-11.51,-11.67
4667,600295,鄂尔多斯,12.35,-1.04,-0.13,82478.0,102039897.0,2.72,12.6,12.26,12.53,12.48,0.65,0.42,13.18,1.68,34564886737.0,24398366737.0,0.08,0.16,-15.35,5.92
4668,000056,*ST皇庭,1.9,-1.04,-0.02,187024.0,35312096.43,4.69,1.92,1.83,1.9,1.92,1.33,2.07,-17.38,-0.93,2246803618.0,1717093095.0,0.53,0.0,11.76,-5.47
4669,000420,吉林化纤,3.8,-1.04,-0.04,402016.0,153351586.69,1.56,3.85,3.79,3.84,3.84,0.96,1.64,85.72,2.1,9343699703.0,9340535443.0,-0.26,0.0,-31.53,-16.11
4670,002287,奇正藏药,20.86,-1.04,-0.22,21346.0,44813990.08,1.8,21.22,20.84,21.14,21.08,0.97,0.37,31.35,2.48,11934385715.0,11909920877.0,0.0,0.05,-7.45,-10.28
4671,603239,浙江仙通,14.29,-1.04,-0.15,39501.0,56519744.0,1.59,14.44,14.21,14.44,14.44,1.01,1.46,19.7,2.99,3868588800.0,3868588800.0,0.0,0.21,-42.45,-29.29
4672,605138,盛泰集团,5.65,-1.05,-0.06,40629.0,22992945.0,3.15,5.79,5.61,5.72,5.71,0.8,0.73,4.74,1.27,3138979992.0,3138979992.0,0.18,0.18,-29.64,-18.23
4673,002344,海宁皮城,3.78,-1.05,-0.04,77018.0,29194748.24,2.09,3.84,3.76,3.82,3.82,0.81,0.6,32.54,0.58,4848292109.0,4843200948.0,0.0,0.27,-16.37,-19.57
4674,600583,海油工程,5.65,-1.05,-0.06,227087.0,128613364.0,1.75,5.73,5.63,5.73,5.71,0.64,0.51,14.24,0.89,24980654620.0,24980654620.0,-0.18,0.0,-9.46,6.81
4675,002249,大洋电机,7.54,-1.05,-0.08,422237.0,318658578.23,1.84,7.62,7.48,7.61,7.62,0.92,2.27,15.55,1.92,18601083134.0,14052875813.0,0.0,0.13,-20.55,-29.53
4676,000755,山西高速,4.73,-1.05,-0.05,42872.0,20258994.0,2.72,4.8,4.67,4.78,4.78,0.92,0.29,15.42,1.3,6940377227.0,6940377227.0,0.0,0.21,-1.46,-1.87
4677,920703,广厦环能,9.45,-1.05,-0.1,6303.0,5979803.93,1.99,9.62,9.43,9.52,9.55,1.08,1.18,164.28,1.26,1424341800.0,502886919.0,0.0,-0.21,-21.25,-34.42
4678,000557,西部创业,3.72,-1.06,-0.04,68639.0,25577016.0,2.66,3.8,3.7,3.8,3.76,0.83,0.47,26.07,0.85,5425154014.0,5423448257.0,0.27,0.0,-20.0,-25.0
4679,000027,深圳能源,6.52,-1.06,-0.07,232132.0,151851271.24,2.12,6.65,6.51,6.61,6.59,0.88,0.49,6.21,0.95,31018182252.0,31018182252.0,0.0,0.15,-7.25,2.52
4680,300729,乐歌股份,10.26,-1.06,-0.11,24455.0,25162483.24,1.83,10.4,10.21,10.39,10.37,0.97,0.74,1086.45,0.98,3504953535.0,3374696607.0,0.2,0.0,-18.05,-22.92
4681,688029,南微医学,71.95,-1.06,-0.77,17783.0,129649337.0,3.56,74.3,71.71,72.92,72.72,1.08,0.95,23.07,3.33,13515622013.0,13515622013.0,-0.04,0.18,-13.51,-10.7
4682,002780,三夫户外,13.11,-1.06,-0.14,63142.0,83355035.0,2.11,13.35,13.07,13.24,13.25,0.78,4.83,17.68,2.67,2167892057.0,1712844560.0,0.0,0.08,-23.65,-8.39
4683,301033,迈普医学,58.56,-1.06,-0.63,16012.0,93903375.62,4.8,60.66,57.82,59.21,59.19,0.7,2.84,47.41,5.08,3928363439.0,3302008021.0,0.19,0.14,-1.25,-12.34
4684,002608,江苏国信,7.45,-1.06,-0.08,194483.0,145043133.28,1.99,7.56,7.41,7.53,7.53,0.89,0.51,9.02,0.8,28146693795.0,28146693795.0,0.13,0.13,-4.61,2.62
4685,920023,*ST田野,1.86,-1.06,-0.02,79315.0,14729788.54,2.13,1.88,1.84,1.86,1.88,0.73,2.95,232.69,0.5,608785440.0,499983866.0,0.0,0.54,-20.17,-60.59
4686,688567,孚能科技,10.28,-1.06,-0.11,96802.0,100047773.0,2.31,10.5,10.26,10.41,10.39,0.77,0.79,-22.39,1.38,12563227938.0,12563227938.0,-0.19,-0.19,-26.83,-34.31
4687,605296,神农集团,28.96,-1.06,-0.31,22485.0,65158048.0,2.15,29.36,28.73,29.15,29.27,0.76,0.43,-5.88,3.54,15239638697.0,15000828745.0,0.14,0.14,-5.33,-1.23
4688,603179,新泉股份,39.38,-1.06,-0.42,236145.0,910556156.0,7.04,39.94,37.14,39.2,39.8,1.43,3.31,33.95,3.7,28125142837.0,28125142837.0,0.0,-0.03,-22.24,-25.08
4689,002097,山河智能,7.38,-1.07,-0.08,210259.0,155319558.0,1.88,7.49,7.35,7.46,7.46,1.14,1.96,109.17,1.7,7930675408.0,7916004197.0,-0.14,0.14,-28.14,-40.44
4690,002423,中粮资本,9.26,-1.07,-0.1,136037.0,126196097.0,1.6,9.39,9.24,9.37,9.36,0.93,0.59,19.76,0.91,21336017625.0,21336017625.0,0.22,0.22,-7.77,-19.83
4691,000544,中原环保,7.43,-1.07,-0.08,57330.0,42752701.46,1.46,7.53,7.42,7.5,7.51,1.2,0.59,5.21,0.79,7241905746.0,7241905746.0,0.0,-0.13,-8.83,-7.7
4692,601607,上海医药,16.63,-1.07,-0.18,121242.0,202635988.0,1.73,16.92,16.63,16.85,16.81,0.99,0.43,10.87,0.81,61670056884.0,46384520808.0,-0.12,0.0,-1.01,-4.37
4693,605077,华康股份,11.05,-1.07,-0.12,52481.0,58446749.0,2.06,11.24,11.01,11.2,11.17,0.93,1.75,37.76,1.12,3348703782.0,3308697257.0,0.0,0.09,-40.75,-23.69
4694,000651,格力电器,40.52,-1.07,-0.44,687914.0,2785769327.46,1.83,40.96,40.21,40.93,40.96,1.03,1.25,9.33,1.49,226968960625.0,223751823886.0,0.0,-0.05,0.15,3.31
4695,603194,中力股份,35.22,-1.07,-0.38,10253.0,36410486.0,1.66,35.79,35.2,35.64,35.6,0.71,0.65,19.39,2.64,14123220000.0,5565707876.0,0.0,-0.23,-6.05,-9.48
4696,600623,华谊集团,8.29,-1.07,-0.09,99319.0,82568347.0,2.03,8.41,8.24,8.33,8.38,0.61,0.53,26.17,0.79,17570578848.0,15552327937.0,0.12,0.24,-14.71,7.52
4697,002419,天虹股份,4.61,-1.07,-0.05,130335.0,60508289.11,3.22,4.74,4.59,4.66,4.66,1.13,1.14,8.88,1.3,5261192797.0,5261115003.0,0.22,0.44,-13.67,-15.57
4698,600287,苏豪时尚,4.59,-1.08,-0.05,31482.0,14549271.0,2.59,4.67,4.55,4.64,4.64,0.82,0.72,83.44,0.88,2004893980.0,2004893980.0,-0.22,0.0,-21.81,-15.93
4699,688496,*ST清越,0.92,-1.08,-0.01,122414.0,11229153.0,6.45,0.96,0.9,0.91,0.93,0.65,5.14,-3.19,0.46,414000000.0,218909952.0,0.0,1.1,-78.85,-84.51
4700,000591,太阳能,4.56,-1.08,-0.05,447878.0,204893868.39,1.95,4.64,4.55,4.62,4.61,0.97,1.15,24.27,0.74,17806129566.0,17799485879.0,0.0,0.0,-14.12,4.59
4701,301223,中荣股份,16.41,-1.08,-0.18,13380.0,22005657.0,3.32,16.87,16.32,16.55,16.59,1.05,0.69,18.54,1.07,3169223260.0,3169223260.0,0.18,0.37,-16.57,-8.93
4702,301175,中科环保,5.51,-1.08,-0.06,178231.0,98635474.25,1.62,5.59,5.5,5.57,5.57,0.77,2.87,17.81,2.13,8110058800.0,3426558800.0,-0.18,0.0,-11.41,-5.16
4703,601225,陕西煤业,23.92,-1.08,-0.26,478560.0,1141225507.0,2.85,24.26,23.57,24.13,24.18,1.29,0.49,13.77,2.49,231904400000.0,231904400000.0,0.0,0.04,4.36,17.2
4704,601033,永兴股份,14.63,-1.08,-0.16,31735.0,46570057.0,1.56,14.83,14.6,14.77,14.79,0.66,1.32,13.87,1.26,13167000000.0,3511200000.0,-0.07,-0.07,-3.5,0.9
4705,000573,粤宏远Ａ,3.64,-1.09,-0.04,135693.0,49415054.0,2.45,3.69,3.6,3.69,3.68,0.82,2.14,13.92,1.45,2323341399.0,2303991941.0,0.28,0.0,-22.39,-10.78
4706,000707,双环科技,4.52,-1.09,-0.05,78342.0,35530852.68,2.19,4.6,4.5,4.58,4.57,0.96,1.42,-28.84,0.96,2642921712.0,2489180222.0,0.0,0.22,-23.13,-25.29
4707,600757,长江传媒,8.14,-1.09,-0.09,95850.0,78044569.0,1.7,8.23,8.09,8.23,8.23,0.94,0.79,7.38,1.0,9879113222.0,9877866418.0,0.25,0.0,-1.09,-3.9
4708,002533,金杯电工,11.78,-1.09,-0.13,139160.0,164594680.92,2.1,11.99,11.74,11.91,11.91,0.95,2.15,13.64,1.94,8645825710.0,7611576120.0,0.08,0.08,-12.02,-2.08
4709,000826,*ST启环,1.81,-1.09,-0.02,355568.0,63942098.96,7.65,1.86,1.72,1.78,1.83,0.68,2.49,-3.56,-1.03,2579889379.0,2579530791.0,0.56,0.0,-11.71,-18.47
4710,000825,太钢不锈,3.64,-1.09,-0.04,292417.0,106811161.54,2.45,3.72,3.63,3.69,3.68,0.85,0.51,256.89,0.64,20734341977.0,20734341977.0,-0.27,-0.27,-16.51,-25.41
4711,000868,安凯客车,3.64,-1.09,-0.04,77588.0,28306099.22,2.17,3.7,3.62,3.7,3.68,0.73,0.83,461.97,4.26,3419833635.0,3419541183.0,-0.27,-0.27,-18.39,-26.91
4712,300070,碧水源,3.6,-1.1,-0.04,345631.0,125258568.36,1.92,3.66,3.59,3.63,3.64,0.97,1.01,53.92,0.48,13047153707.0,12365164336.0,0.0,0.28,-8.16,-8.16
4713,600238,ST椰岛,4.5,-1.1,-0.05,125709.0,57765995.0,9.23,4.85,4.43,4.85,4.55,2.83,2.82,546.76,25.87,2016900000.0,2003722110.0,0.22,0.22,-11.24,-28.91
4714,002542,*ST中岩,1.79,-1.1,-0.02,387084.0,68527416.0,3.31,1.8,1.74,1.79,1.81,1.06,2.2,-19.16,-20.0,3232948961.0,3148200598.0,0.0,0.56,-2.72,-46.41
4715,600119,*ST长投,4.49,-1.1,-0.05,25088.0,11215981.0,2.64,4.55,4.43,4.54,4.54,1.25,0.69,-151.34,22.1,1640063961.0,1640063961.0,0.22,0.45,-30.5,-42.8
4716,603113,金能科技,4.51,-1.1,-0.05,105486.0,47542871.0,2.19,4.58,4.48,4.57,4.56,1.25,1.24,-1.62,0.53,3826692678.0,3826692678.0,0.45,0.67,-20.6,-25.58
4717,600833,第一医药,9.86,-1.1,-0.11,44846.0,44577677.0,3.41,10.16,9.82,10.06,9.97,1.34,2.01,23.64,1.89,2199631381.0,2199631381.0,0.1,0.2,-18.91,-23.27
4718,600740,山西焦化,3.58,-1.1,-0.04,246689.0,88720312.0,1.93,3.64,3.57,3.61,3.62,0.87,0.96,-125.96,0.6,9172393731.0,9172393731.0,0.0,-0.28,-9.82,-4.28
4719,600011,华能国际,7.21,-1.1,-0.08,1233080.0,891113639.0,2.61,7.36,7.17,7.31,7.29,1.17,1.12,6.31,1.77,113183253118.0,79293488516.0,0.0,0.14,1.84,2.12
4720,300910,瑞丰新材,29.6,-1.1,-0.33,32759.0,97065952.3,2.27,30.16,29.48,30.08,29.93,0.66,1.22,20.26,3.22,11338051399.0,7940972738.0,0.2,0.27,-19.39,-30.43
4721,601718,ST际华,1.8,-1.1,-0.02,230839.0,41629133.0,1.65,1.82,1.79,1.82,1.82,0.84,0.53,-16.15,0.65,7849925105.0,7849925105.0,-0.55,-0.55,-24.37,-46.27
4722,001313,粤海饲料,7.21,-1.1,-0.08,96392.0,69610029.88,3.29,7.41,7.17,7.29,7.29,0.81,1.38,112.08,1.97,5047000000.0,5040894940.0,0.14,0.14,-16.45,-1.5
4723,600955,维远股份,12.6,-1.1,-0.14,30350.0,38358497.0,2.12,12.84,12.57,12.76,12.74,0.89,0.55,24.29,0.91,6930000000.0,6930000000.0,0.0,0.0,-33.26,-21.98
4724,601985,中国核电,8.93,-1.11,-0.1,1222030.0,1092469263.0,1.77,9.06,8.9,9.03,9.03,1.0,0.65,22.24,1.57,183672258521.0,168627733862.0,0.0,0.11,-1.11,5.43
4725,601311,骆驼股份,8.0,-1.11,-0.09,148541.0,119514844.0,1.48,8.11,7.99,8.1,8.09,0.99,1.27,14.73,0.96,9385168944.0,9385168944.0,0.0,0.0,-15.16,-9.19
4726,688116,天奈科技,33.87,-1.11,-0.38,70266.0,240846002.0,2.83,34.75,33.78,34.2,34.25,1.05,1.92,55.04,3.32,12414440567.0,12414440567.0,-0.03,-0.09,-19.34,-28.04
4727,600336,澳柯玛,6.21,-1.11,-0.07,52872.0,32891353.0,2.39,6.33,6.18,6.3,6.28,0.75,0.66,33.06,2.19,4955671715.0,4955671715.0,0.0,0.32,-23.71,-24.45
4728,001322,箭牌家居,6.19,-1.12,-0.07,32084.0,19927669.0,2.88,6.35,6.17,6.25,6.26,0.79,0.41,-23.29,1.29,5986738722.0,4862938125.0,0.32,0.16,-15.44,-29.9
4729,301601,惠通科技,15.92,-1.12,-0.18,23723.0,37858185.0,2.17,16.19,15.84,16.11,16.1,1.05,2.81,-317.85,1.7,2236441600.0,1344921600.0,0.19,0.06,-28.67,-42.49
4730,002863,今飞凯达,4.42,-1.12,-0.05,88232.0,39246924.5,2.01,4.5,4.41,4.46,4.47,0.94,1.47,22.53,0.94,2649717309.0,2649717309.0,0.23,-0.23,-22.59,-24.57
4731,603215,比依股份,14.18,-1.12,-0.16,10941.0,15551850.0,1.95,14.39,14.11,14.39,14.34,0.87,0.58,-46.07,1.84,3042958206.0,2654898428.0,0.07,0.07,-20.91,-34.98
4732,601366,利群股份,3.54,-1.12,-0.04,79123.0,28174423.0,2.51,3.62,3.53,3.58,3.58,0.95,0.82,126.49,0.79,3397483540.0,3397483540.0,-0.28,0.0,-9.46,-25.94
4733,000897,津滨发展,1.77,-1.12,-0.02,218223.0,38694816.6,2.79,1.81,1.76,1.79,1.79,0.77,1.35,-446.34,0.95,2862571854.0,2862515922.0,0.0,0.57,-18.43,-22.37
4734,601233,桐昆股份,22.17,-1.12,-0.25,285080.0,628157410.0,3.84,22.38,21.52,22.28,22.42,0.84,1.2,6.95,1.32,52742463033.0,52646483117.0,-0.05,-0.05,1.19,29.72
4735,000019,深粮控股,6.11,-1.13,-0.07,64613.0,39642506.7,2.27,6.23,6.09,6.16,6.18,1.16,1.55,27.11,1.43,7041990402.0,2543021147.0,0.16,0.16,-16.98,-10.54
4736,002391,长青股份,5.26,-1.13,-0.06,88700.0,46698797.0,2.26,5.34,5.22,5.32,5.32,1.18,1.91,27.8,0.82,3416856813.0,2441157116.0,0.19,0.19,-16.9,-8.36
4737,600419,天润乳业,8.73,-1.13,-0.1,106114.0,93495773.0,3.06,8.97,8.7,8.9,8.83,0.63,3.36,23.15,1.12,2754444274.0,2754444274.0,0.0,0.11,-9.81,-11.64
4738,002746,仙坛股份,6.15,-1.13,-0.07,156738.0,96398261.68,2.57,6.26,6.1,6.23,6.22,1.16,2.21,19.96,1.18,5292313171.0,4364508796.0,0.16,0.0,-0.81,4.77
4739,600971,恒源煤电,7.91,-1.13,-0.09,123491.0,97377409.0,3.5,8.06,7.78,8.03,8.0,0.75,1.03,77.75,0.82,9492038632.0,9492038632.0,0.25,0.25,2.73,32.05
4740,603868,飞科电器,31.38,-1.13,-0.36,8925.0,28057432.0,2.14,31.86,31.18,31.86,31.74,0.77,0.2,18.12,4.15,13669128000.0,13669128000.0,0.32,0.42,-17.38,-26.65
4741,000538,云南白药,51.7,-1.13,-0.59,95875.0,497586267.98,1.63,52.45,51.6,52.29,52.29,0.85,0.54,11.32,2.35,92246376575.0,91660655229.0,0.15,0.04,-1.75,-6.31
4742,000548,湖南投资,4.38,-1.13,-0.05,68740.0,30342609.02,2.93,4.49,4.36,4.45,4.43,0.96,1.38,35.39,1.06,2186565252.0,2186565252.0,0.0,0.0,-16.41,-19.04
4743,000403,派林生物,10.5,-1.13,-0.12,72199.0,76246181.01,1.79,10.68,10.49,10.65,10.62,0.63,0.77,108.62,1.23,9979172553.0,9877180730.0,-0.1,-0.1,-11.76,-23.3
4744,002986,宇新股份,12.09,-1.14,-0.14,35242.0,42591001.3,2.62,12.29,11.97,12.29,12.23,0.78,1.17,-19.25,1.21,4595667629.0,3649214674.0,-0.08,-0.08,-11.75,12.36
4745,000966,长源电力,4.35,-1.14,-0.05,449560.0,196462980.82,2.73,4.46,4.34,4.45,4.4,0.92,1.29,36.17,1.13,15142502320.0,15142502320.0,0.0,0.0,-10.12,1.87
4746,600054,黄山旅游,11.27,-1.14,-0.13,71044.0,80280364.0,1.75,11.43,11.23,11.43,11.4,0.92,1.38,59.35,1.73,8220106289.0,5784891000.0,0.09,0.0,-0.53,0.81
4747,301192,泰祥股份,19.01,-1.14,-0.22,23818.0,45556461.01,3.69,19.52,18.81,19.23,19.23,1.62,4.84,50.14,2.96,1924610420.0,935496358.0,-0.42,-0.21,-32.01,-35.65
4748,603788,宁波高发,13.9,-1.14,-0.16,14931.0,20844799.0,2.77,14.25,13.86,14.25,14.06,0.62,0.67,16.52,1.55,3100604445.0,3100604445.0,0.0,0.07,-14.04,-10.55
4749,600587,新华医疗,12.96,-1.14,-0.15,60119.0,78440584.0,1.75,13.19,12.96,13.15,13.11,0.91,0.99,15.84,1.01,7862113355.0,7862113355.0,-0.15,-0.15,-6.09,-9.37
4750,600179,安通控股,4.34,-1.14,-0.05,232516.0,101678288.0,2.05,4.42,4.33,4.39,4.39,0.76,0.6,18.09,1.52,18364827089.0,16762288668.0,-0.23,0.0,1.4,-21.38
4751,603768,常青股份,11.18,-1.15,-0.13,35713.0,40195369.0,2.48,11.39,11.11,11.39,11.31,1.24,1.5,95.91,1.21,2660346481.0,2660346481.0,0.09,0.27,-7.45,-3.62
4752,002136,安 纳 达,12.08,-1.15,-0.14,51182.0,62095985.1,2.78,12.38,12.04,12.23,12.22,0.88,2.39,87.6,2.38,2597441600.0,2590625581.0,0.0,0.08,-20.47,-0.49
4753,603970,中农立华,10.34,-1.15,-0.12,27315.0,28364113.0,2.58,10.56,10.29,10.48,10.46,1.15,1.02,12.65,1.8,2779393386.0,2779393386.0,0.1,0.1,-19.28,-17.54
4754,600517,国网英大,5.18,-1.15,-0.06,229930.0,119619891.0,1.91,5.28,5.18,5.24,5.24,0.84,0.4,19.0,1.26,29621497154.0,29621497154.0,-0.19,0.0,-11.75,-12.5
4755,000055,方大集团,3.44,-1.15,-0.04,88801.0,30699164.0,2.59,3.52,3.43,3.49,3.48,0.92,1.31,32.75,0.66,3694127341.0,2324939236.0,0.0,0.29,-8.99,-16.1
4756,601588,北辰实业,1.71,-1.16,-0.02,280834.0,47891746.0,2.89,1.74,1.69,1.73,1.73,1.0,1.06,-9.54,0.88,5757604200.0,4548600000.0,0.0,0.59,-18.96,-1.72
4757,688639,华恒生物,17.0,-1.16,-0.2,50951.0,87377648.0,2.91,17.45,16.95,17.04,17.2,0.96,2.04,25.25,1.61,4251966781.0,4251966781.0,0.12,0.12,-38.61,-47.56
4758,002283,天润工业,8.55,-1.16,-0.1,185513.0,158625317.45,3.35,8.69,8.4,8.61,8.65,0.61,1.85,16.75,1.62,9742358872.0,8574166823.0,0.0,0.12,-20.76,42.03
4759,600177,雅戈尔,7.69,-1.16,-0.09,334583.0,257661528.0,1.8,7.79,7.65,7.76,7.78,0.84,0.74,9.64,0.86,35554268226.0,34631468465.0,0.0,0.0,1.32,5.05
4760,603758,秦安股份,9.37,-1.16,-0.11,30007.0,28286556.0,2.43,9.56,9.33,9.53,9.48,1.1,0.69,43.28,1.56,4058297379.0,4058297379.0,0.11,0.11,-29.39,-46.12
4761,600161,天坛生物,12.78,-1.16,-0.15,98597.0,126623303.0,1.78,13.0,12.77,12.98,12.93,0.77,0.5,50.19,2.15,25270807080.0,25270807080.0,-0.16,-0.08,-12.04,-21.55
4762,301571,国科天成,55.84,-1.17,-0.66,39365.0,220373291.74,2.64,56.86,55.37,56.66,56.5,0.61,3.3,100.51,4.9,10019142703.0,6654262386.0,0.07,0.05,-16.98,-3.01
4763,000565,渝三峡Ａ,5.91,-1.17,-0.07,131276.0,77480803.46,2.17,5.99,5.86,5.98,5.98,1.26,3.03,25.79,2.01,2562530020.0,2562530020.0,0.34,0.34,-28.45,-18.93
4764,603209,兴通股份,13.52,-1.17,-0.16,37290.0,50640186.0,2.19,13.78,13.48,13.68,13.68,0.91,1.16,9.85,1.29,4394000000.0,4346566391.0,0.07,0.07,-7.59,-9.57
4765,002661,克明食品,7.58,-1.17,-0.09,29312.0,22360673.09,2.35,7.74,7.56,7.72,7.67,0.74,0.95,18.08,1.09,2454755272.0,2337803900.0,0.0,-0.26,-12.57,-14.54
4766,000582,北部湾港,12.63,-1.17,-0.15,439197.0,552932181.21,3.36,12.88,12.45,12.78,12.78,1.03,2.04,34.66,1.57,31790776982.0,27240993056.0,0.0,0.0,-0.32,35.81
4767,002312,川发龙蟒,8.46,-1.17,-0.1,187314.0,159248631.26,1.52,8.59,8.46,8.56,8.56,0.96,0.99,44.05,1.68,15970020204.0,15937110415.0,-0.12,-0.12,-22.1,-21.96
4768,600285,羚锐制药,22.82,-1.17,-0.27,79344.0,182187084.0,2.12,23.29,22.8,23.12,23.09,0.72,1.4,13.13,4.28,12941575391.0,12927312891.0,-0.26,-0.26,10.08,16.37
4769,600795,国电电力,5.05,-1.17,-0.06,1183159.0,599240508.0,2.35,5.15,5.03,5.12,5.11,0.82,0.66,16.11,1.54,90069876364.0,90069876364.0,-0.2,0.0,4.99,3.06
4770,001386,马可波罗,15.02,-1.18,-0.18,35624.0,53750531.33,1.51,15.25,15.02,15.21,15.2,0.89,3.31,28.11,1.51,17947698400.0,1615292856.0,0.0,0.0,-20.57,-33.04
4771,000975,山金国际,22.56,-1.18,-0.27,482050.0,1087549188.25,2.67,22.94,22.33,22.8,22.83,0.73,1.91,11.22,3.85,62548218956.0,56924233872.0,0.0,0.04,-19.69,-5.41
4772,600009,上海机场,24.27,-1.18,-0.29,123426.0,300041702.0,1.91,24.64,24.17,24.58,24.56,0.81,0.5,26.13,1.42,60391357481.0,60194911247.0,0.0,0.04,-10.01,-25.32
4773,002001,新 和 成,30.11,-1.18,-0.36,251116.0,753785558.44,2.4,30.55,29.82,30.52,30.47,0.82,0.83,12.66,2.83,92540726785.0,91439551332.0,-0.13,-0.03,-5.61,23.45
4774,002481,双塔食品,4.18,-1.18,-0.05,80604.0,33772900.4,1.89,4.24,4.16,4.23,4.23,0.9,0.72,86.09,2.12,5156851370.0,4673877868.0,0.24,0.24,-7.32,-18.2
4775,003001,中岩大地,20.91,-1.18,-0.25,316670.0,661975760.07,10.35,22.24,20.05,22.19,21.16,1.85,27.69,137.95,3.09,3649848739.0,2391405230.0,-0.14,0.24,14.2,4.29
4776,002650,ST加加,5.86,-1.18,-0.07,45632.0,26623555.0,4.22,5.95,5.7,5.93,5.93,0.76,0.41,47.95,3.73,6487511209.0,6487291459.0,0.34,0.51,-28.01,-9.29
4777,600609,金杯汽车,3.36,-1.18,-0.04,183974.0,61945656.0,2.35,3.42,3.34,3.4,3.4,1.19,1.41,21.14,2.63,4383316755.0,4383316755.0,0.0,0.0,-18.25,-27.11
4778,600390,五矿资本,4.99,-1.19,-0.06,292512.0,146928288.0,1.58,5.07,4.99,5.04,5.05,0.81,0.65,19.74,0.53,22445346640.0,22445346640.0,0.0,-0.2,-6.55,-9.93
4779,688789,宏华数科,47.23,-1.19,-0.57,11850.0,56480996.0,1.88,48.1,47.2,48.0,47.8,0.76,0.66,51.21,2.43,8513495934.0,8513495934.0,0.0,-0.19,-21.7,-41.68
4780,600496,精工钢构,3.33,-1.19,-0.04,248160.0,82982813.0,2.08,3.39,3.32,3.38,3.37,0.95,1.25,10.94,0.74,6627118245.0,6627118245.0,-0.3,0.0,-17.78,-15.27
4781,603939,益丰药房,22.44,-1.19,-0.27,170691.0,380979597.0,4.54,22.86,21.83,22.69,22.71,1.64,1.41,13.62,2.38,27206087386.0,27206087386.0,-0.27,-0.49,-1.15,5.25
4782,000690,宝新能源,4.95,-1.2,-0.06,547650.0,272333953.92,2.4,5.05,4.93,5.0,5.01,0.61,2.52,8.69,0.85,10770644917.0,10763617590.0,0.0,0.2,-10.16,24.06
4783,002556,辉隆股份,4.94,-1.2,-0.06,99593.0,49331705.37,1.8,5.01,4.92,4.98,5.0,0.95,1.07,21.55,1.3,4618607809.0,4614162555.0,0.0,0.2,-15.56,-16.84
4784,600422,昆药集团,9.06,-1.2,-0.11,77013.0,70260887.0,2.18,9.24,9.04,9.18,9.17,0.82,1.02,-12.09,1.35,6858200358.0,6858200358.0,0.0,0.22,-3.1,-26.82
4785,603280,南方路机,25.47,-1.2,-0.31,17339.0,44474387.0,5.2,26.57,25.23,25.79,25.78,1.4,1.6,61.55,2.04,2761117808.0,2761117808.0,0.0,-0.16,-25.48,-31.38
4786,600975,新五丰,4.91,-1.21,-0.06,91611.0,44934784.0,2.82,5.0,4.86,4.98,4.97,0.93,0.73,-4.07,3.43,6135839143.0,6135839143.0,-0.2,0.0,-12.94,-16.64
4787,600352,浙江龙盛,13.01,-1.21,-0.16,410730.0,534374527.0,2.73,13.22,12.86,13.11,13.17,0.51,1.26,19.7,1.34,42325847499.0,42325847499.0,-0.08,0.15,7.52,27.42
4788,600059,古越龙山,8.16,-1.21,-0.1,65208.0,53492518.0,1.57,8.29,8.16,8.26,8.26,0.61,0.72,29.98,1.28,7438186090.0,7438186090.0,-0.12,0.0,-5.77,-11.01
4789,000568,泸州老窖,89.3,-1.21,-1.09,113147.0,1007735383.08,2.61,90.58,88.22,90.15,90.39,0.72,0.77,8.86,2.55,131440800646.0,131365670234.0,0.78,0.76,-7.85,-22.25
4790,600764,中国海防,18.76,-1.21,-0.23,62161.0,116675874.0,2.37,19.08,18.63,19.01,18.99,0.89,0.87,128.78,1.63,13331407281.0,13331407281.0,0.0,0.05,-23.3,-31.21
4791,600582,天地科技,4.91,-1.21,-0.06,243907.0,120084144.0,1.81,4.99,4.9,4.98,4.97,1.03,0.59,11.73,0.82,20320471460.0,20320471460.0,0.0,0.0,-8.22,-11.21
4792,688289,圣湘生物,15.49,-1.21,-0.19,38881.0,60838290.0,2.49,15.88,15.49,15.68,15.68,1.02,0.67,45.11,1.28,8974720213.0,8974720213.0,-0.13,-0.06,-17.61,-16.94
4793,301273,瑞晨环保,35.06,-1.21,-0.43,31024.0,108984028.3,5.18,36.11,34.27,35.39,35.49,0.84,4.03,-48.14,4.02,3516465690.0,2698940993.0,0.0,1.51,14.16,85.31
4794,600598,北大荒,12.28,-1.21,-0.15,180807.0,222248848.0,2.01,12.46,12.21,12.4,12.43,0.89,1.02,9.4,2.87,21829909283.0,21829909283.0,0.0,0.16,-24.34,-14.72
4795,301533,威马农机,25.25,-1.21,-0.31,10187.0,25909114.0,2.0,25.74,25.23,25.6,25.56,0.91,3.58,76.63,2.26,2482244175.0,718026675.0,-0.16,-0.12,-24.01,-37.2
4796,000419,通程控股,4.9,-1.21,-0.06,68970.0,34054041.8,3.63,5.06,4.88,4.96,4.96,1.03,1.27,23.73,0.78,2663555010.0,2663555010.0,0.0,0.0,-15.37,-23.32
4797,600185,珠免集团,4.84,-1.22,-0.06,189891.0,92114345.0,2.65,4.95,4.82,4.89,4.9,0.83,1.01,58.44,105.68,9123428048.0,9123428048.0,-0.21,-0.21,-18.79,-28.93
4798,600861,北京人力,13.74,-1.22,-0.17,34481.0,47637747.0,3.16,14.15,13.71,14.01,13.91,0.68,0.61,7.4,1.11,7778388745.0,7778388745.0,0.0,-0.15,-8.28,-20.62
4799,920414,欧普泰,8.13,-1.22,-0.1,13863.0,11289601.35,1.94,8.24,8.08,8.19,8.23,0.83,2.47,-18.09,2.42,648352630.0,455910782.0,-0.12,0.0,-32.02,-27.73
4800,600771,广誉远,14.58,-1.22,-0.18,61108.0,89945671.0,2.51,14.93,14.56,14.83,14.76,0.75,1.25,26.73,4.2,7136780836.0,7136780836.0,0.0,0.14,-11.04,-18.91
4801,603198,迎驾贡酒,37.1,-1.22,-0.46,53669.0,199625191.0,2.26,37.75,36.9,37.75,37.56,0.54,0.67,8.89,2.89,29680000000.0,29680000000.0,0.03,0.0,0.9,-2.52
4802,603797,联泰环保,4.05,-1.22,-0.05,65976.0,26895896.0,3.41,4.17,4.03,4.11,4.1,1.09,1.14,14.23,0.69,2335251020.0,2335251020.0,0.25,-0.25,-17.35,-13.28
4803,002721,金一文化,2.43,-1.22,-0.03,411404.0,100499616.0,2.03,2.47,2.42,2.45,2.46,0.98,1.55,47.75,3.0,6462290034.0,6462290034.0,0.41,0.0,-20.59,-22.86
4804,002573,清新环境,3.25,-1.22,-0.04,89396.0,29187700.12,2.13,3.31,3.24,3.3,3.29,0.98,0.63,53.31,0.84,4599618007.0,4592260332.0,0.31,0.31,-10.71,-13.1
4805,603105,芯能科技,7.31,-1.22,-0.09,90605.0,66451882.0,2.43,7.45,7.27,7.45,7.4,1.15,1.81,399.26,1.78,3655083151.0,3655083151.0,0.0,0.14,-24.48,-18.69
4806,601106,中国一重,3.24,-1.22,-0.04,907029.0,295984933.0,3.66,3.34,3.22,3.28,3.28,1.08,1.32,2860.77,4.3,22219216683.0,22219216683.0,-0.31,0.0,-30.77,-18.8
4807,600308,华泰股份,3.25,-1.22,-0.04,82062.0,26754175.0,3.34,3.34,3.23,3.28,3.29,1.01,0.54,53.87,0.54,4929828072.0,4929828072.0,0.31,0.31,-17.3,-16.67
4808,688314,康拓医疗,33.31,-1.22,-0.41,10096.0,33879100.0,5.31,34.89,33.1,34.06,33.72,0.82,1.24,51.66,3.8,2719037740.0,2719037740.0,0.12,0.39,-26.84,1.74
4809,000800,一汽解放,6.45,-1.23,-0.08,156808.0,101224777.21,1.99,6.55,6.42,6.54,6.53,0.86,0.32,79.91,1.21,31742262289.0,31739406280.0,0.31,0.31,-2.12,-4.3
4810,603071,物产环能,12.0,-1.23,-0.15,28686.0,34468519.0,1.98,12.19,11.95,12.16,12.15,1.06,0.51,9.69,1.17,6695453304.0,6695453304.0,0.08,0.17,-13.85,-5.88
4811,600981,苏豪汇鸿,2.4,-1.23,-0.03,150435.0,36205717.0,2.88,2.45,2.38,2.43,2.43,0.73,0.67,-40.83,1.09,5381839661.0,5381839661.0,0.0,0.0,-15.19,-23.32
4812,300218,安利股份,12.03,-1.23,-0.15,23747.0,28738226.0,1.81,12.23,12.01,12.2,12.18,1.28,1.1,116.46,1.72,2610353610.0,2601805020.0,0.08,0.0,-19.8,-24.77
4813,600217,中再资环,3.22,-1.23,-0.04,120110.0,38705655.0,1.84,3.26,3.2,3.24,3.26,0.81,0.72,-51.51,1.87,5337644827.0,5337644827.0,0.0,0.31,-13.21,-21.08
4814,300107,建新股份,6.39,-1.24,-0.08,102669.0,65643117.0,2.32,6.49,6.34,6.44,6.47,0.8,2.96,136.75,2.43,3596178693.0,2219778622.0,0.16,0.16,-13.65,-6.3
4815,600489,中金黄金,22.26,-1.24,-0.28,633253.0,1411567690.0,2.48,22.69,22.13,22.65,22.54,0.77,1.31,11.33,3.29,107901177675.0,107901177675.0,0.13,0.18,-17.71,-4.71
4816,002223,鱼跃医疗,27.81,-1.24,-0.35,93837.0,262270065.21,1.78,28.28,27.78,28.16,28.16,0.89,1.0,16.27,2.14,27878883395.0,26205177201.0,0.0,0.0,-5.98,-26.06
4817,000930,中粮科技,4.78,-1.24,-0.06,133873.0,64127705.36,1.86,4.86,4.77,4.86,4.84,0.78,0.72,-18.27,0.86,8873794653.0,8873343822.0,0.0,0.0,-18.29,-16.72
4818,001324,长青科技,19.06,-1.24,-0.24,15063.0,28777921.0,2.85,19.41,18.86,19.36,19.3,0.77,1.09,52.98,2.3,2630280000.0,2630280000.0,0.16,0.21,-7.97,6.07
4819,600874,创业环保,5.58,-1.24,-0.07,95058.0,53192959.0,2.12,5.68,5.56,5.66,5.65,1.26,0.77,7.93,0.86,8762932914.0,6865732914.0,0.18,0.18,-8.07,-2.62
4820,600858,银座股份,4.79,-1.24,-0.06,68748.0,33247947.0,2.89,4.92,4.78,4.86,4.85,0.9,1.33,8.77,0.91,2491118961.0,2479055059.0,-0.21,0.0,-16.55,-23.11
4821,920020,泰凯英,15.9,-1.24,-0.2,5409.0,8628876.64,2.48,16.22,15.82,16.01,16.1,0.93,0.97,21.82,3.13,3576625500.0,884054326.0,-0.5,0.19,-1.49,-6.14
4822,688569,铁科轨道,16.67,-1.24,-0.21,12025.0,20096975.0,1.72,16.9,16.61,16.9,16.88,1.14,0.57,49.1,1.21,3511813889.0,3511813889.0,0.0,0.06,-18.6,-23.18
4823,603809,豪能股份,9.55,-1.24,-0.12,119023.0,113789856.0,2.28,9.72,9.5,9.7,9.67,0.77,1.29,21.21,2.42,8788758107.0,8788758107.0,0.0,0.0,-16.3,-32.75
4824,605108,同庆楼,12.76,-1.24,-0.16,43287.0,55353329.0,2.71,13.03,12.68,13.03,12.92,0.49,1.66,49.48,1.44,3317600000.0,3317600000.0,0.16,0.24,-16.22,-33.19
4825,002812,恩捷股份,53.38,-1.24,-0.67,185899.0,999373254.85,2.37,54.48,53.2,54.0,54.05,0.91,2.26,50.31,2.05,52382782491.0,43910968134.0,0.02,0.13,-34.74,-5.76
4826,600886,国投电力,15.03,-1.25,-0.19,373035.0,560953244.0,2.5,15.3,14.92,15.23,15.22,0.96,0.5,14.2,1.85,120307548758.0,112036322349.0,-0.07,0.0,10.84,14.56
4827,002274,华昌化工,5.54,-1.25,-0.07,183823.0,101799641.94,2.14,5.63,5.51,5.62,5.61,1.11,1.96,27.24,1.02,5276100139.0,5195684180.0,0.0,0.0,-11.64,-0.18
4828,002758,浙农股份,7.91,-1.25,-0.1,40435.0,32118079.54,1.87,8.05,7.9,8.0,8.01,0.9,0.78,18.94,0.82,4103727767.0,4099340106.0,0.0,0.0,-9.18,-18.95
4829,000529,广弘控股,4.75,-1.25,-0.06,38564.0,18431938.6,2.29,4.84,4.73,4.82,4.81,0.91,0.68,-315.57,0.88,2773004068.0,2706950791.0,0.21,0.0,-13.95,-19.35
4830,603086,先达股份,5.55,-1.25,-0.07,79332.0,44245961.0,2.31,5.66,5.53,5.64,5.62,0.96,1.82,27.46,1.16,2413212944.0,2413212944.0,0.0,0.18,-24.28,-31.65
4831,603392,万泰生物,30.53,-1.26,-0.39,48749.0,149969756.0,2.52,31.26,30.48,31.0,30.92,0.97,0.39,-224.51,3.27,38601912306.0,38601912306.0,0.0,-0.13,-33.89,-32.06
4832,603558,健盛集团,12.55,-1.26,-0.16,60239.0,75812547.0,4.48,12.98,12.41,12.96,12.71,1.17,1.76,12.31,1.92,4300107515.0,4300107515.0,0.24,0.32,-6.2,15.24
4833,000997,新 大 陆,18.88,-1.26,-0.24,218726.0,414893075.1,2.2,19.23,18.81,19.13,19.12,0.74,2.17,17.01,2.62,19127288635.0,19020455513.0,-0.05,0.05,-15.11,-32.74
4834,002159,三特索道,13.3,-1.26,-0.17,32581.0,43414204.0,2.6,13.58,13.23,13.47,13.47,0.89,2.35,28.51,1.65,2358107623.0,1841685088.0,0.15,0.23,-13.41,-11.63
4835,601163,三角轮胎,13.32,-1.26,-0.17,34968.0,46659696.0,2.15,13.55,13.26,13.45,13.49,0.82,0.44,12.23,0.77,10656000000.0,10656000000.0,0.15,0.23,-8.64,-4.1
4836,002145,钛能化学,4.65,-1.27,-0.06,406145.0,189387872.46,2.34,4.74,4.63,4.71,4.71,0.86,1.07,21.09,1.34,17701025651.0,17700105300.0,0.22,0.22,-0.85,-4.71
4837,002697,红旗连锁,4.67,-1.27,-0.06,149651.0,70216119.0,2.11,4.75,4.65,4.72,4.73,0.77,1.31,11.14,1.33,6351200000.0,5348738968.0,0.21,0.0,-6.79,-19.9
4838,300144,宋城演艺,6.23,-1.27,-0.08,281806.0,176449179.39,1.9,6.34,6.22,6.33,6.31,0.72,1.09,19.22,2.27,16253289992.0,16083355503.0,0.0,-0.16,-14.19,-21.54
4839,605166,聚合顺,8.53,-1.27,-0.11,38610.0,33040834.0,2.78,8.72,8.48,8.68,8.64,1.0,1.23,19.7,1.36,2684680815.0,2684680815.0,0.24,0.24,-26.47,-17.26
4840,601996,丰林集团,2.33,-1.27,-0.03,221992.0,51737063.0,2.97,2.38,2.31,2.36,2.36,0.85,1.98,-23.63,1.06,2611730589.0,2611730589.0,0.0,0.0,-25.56,3.56
4841,002459,晶澳科技,7.79,-1.27,-0.1,397239.0,310402132.18,2.53,7.95,7.75,7.92,7.89,0.83,1.2,-6.04,1.24,25782700976.0,25759776050.0,0.13,0.13,-29.31,-31.97
4842,600624,ST复华,3.87,-1.28,-0.05,55722.0,21652945.0,3.57,3.97,3.83,3.93,3.92,1.03,0.82,-60.1,6.19,2629072666.0,2629072666.0,0.0,0.26,-15.32,-26.84
4843,000421,南京公用,5.42,-1.28,-0.07,85076.0,46301943.3,2.19,5.52,5.4,5.49,5.49,1.29,1.48,10.75,1.12,3113333278.0,3112685930.0,0.18,0.18,-12.72,-20.88
4844,601117,中国化学,7.73,-1.28,-0.1,844000.0,653558840.0,1.79,7.85,7.71,7.83,7.83,1.22,1.39,7.53,0.69,47195983917.0,47060760708.0,0.13,0.13,-8.52,4.04
4845,000028,国药一致,20.83,-1.28,-0.27,27249.0,57080995.97,1.8,21.19,20.81,21.11,21.1,0.97,0.52,11.09,0.69,12752575595.0,10953624952.0,0.1,0.1,-5.1,-4.32
4846,002987,京北方,11.53,-1.28,-0.15,278834.0,322873727.49,2.83,11.8,11.47,11.68,11.68,1.05,2.75,119.2,4.25,11996470202.0,11690559089.0,0.09,0.0,-9.43,-35.12
4847,000581,威孚高科,17.68,-1.28,-0.23,84231.0,149157503.93,2.46,18.03,17.59,17.99,17.91,0.97,1.06,11.42,0.87,17092771052.0,14036245686.0,0.0,0.0,-8.35,-11.24
4848,603515,欧普照明,17.54,-1.29,-0.23,15132.0,26512286.0,2.03,17.77,17.41,17.77,17.77,0.77,0.21,24.84,2.0,13019586797.0,12940144629.0,0.29,0.17,-10.42,0.63
4849,600261,阳光照明,3.06,-1.29,-0.04,88889.0,27296546.0,1.94,3.11,3.05,3.11,3.1,1.18,0.67,141.04,1.22,4085262076.0,4085262076.0,0.33,0.33,-14.53,-5.56
4850,920037,广信科技,40.67,-1.29,-0.53,13180.0,53701689.31,3.23,41.73,40.4,41.71,41.2,0.85,1.68,22.76,6.15,5207715048.0,3183970113.0,0.02,0.02,-26.01,-31.68
4851,002671,龙泉股份,3.83,-1.29,-0.05,127247.0,49273394.32,3.35,3.95,3.82,3.91,3.88,1.14,2.31,-73.12,1.31,2150892940.0,2111846960.0,-0.26,0.26,-22.31,-26.91
4852,601068,中铝国际,4.58,-1.29,-0.06,91607.0,42227212.0,2.8,4.7,4.57,4.66,4.64,0.77,0.36,45.19,4.45,13684290103.0,11722925255.0,-0.22,0.0,-25.65,-13.42
4853,300080,易成新能,3.82,-1.29,-0.05,181551.0,70054515.0,2.33,3.91,3.82,3.86,3.87,1.02,0.97,-14.76,1.67,7156313266.0,7146573748.0,0.0,0.0,-14.92,-21.4
4854,603181,皇马科技,13.0,-1.29,-0.17,79383.0,103723798.0,2.58,13.24,12.9,13.2,13.17,1.11,1.35,17.02,2.2,7653100000.0,7653100000.0,-0.08,0.08,-9.91,-7.6
4855,300482,万孚生物,17.41,-1.3,-0.23,65809.0,115162530.52,2.04,17.73,17.37,17.63,17.64,0.79,1.53,24.14,1.54,8149426687.0,7487456146.0,-0.11,0.06,-13.38,-10.86
4856,002058,威尔泰,16.72,-1.3,-0.22,90114.0,150306750.34,6.08,17.4,16.37,16.94,16.94,4.01,6.3,79.82,37.86,2398456111.0,2392766278.0,0.24,0.3,-36.67,-28.49
4857,601880,辽港股份,1.52,-1.3,-0.02,950511.0,144816342.0,2.6,1.55,1.51,1.55,1.54,0.89,0.52,24.94,0.89,35829086164.0,27987837845.0,0.0,0.66,-6.17,-3.18
4858,600085,同仁堂,25.77,-1.3,-0.34,84032.0,217895240.0,1.84,26.23,25.75,26.11,26.11,0.88,0.61,18.75,2.64,35342788652.0,35342788652.0,0.04,0.04,-6.05,-18.86
4859,601026,道生天合,15.16,-1.3,-0.2,43979.0,66973658.0,1.43,15.33,15.11,15.26,15.36,0.81,3.96,80.84,4.02,9996504000.0,1684059060.0,-0.07,-0.13,-18.45,-23.36
4860,603871,嘉友国际,12.95,-1.3,-0.17,117980.0,153610439.0,2.97,13.25,12.86,13.25,13.12,0.98,0.86,13.52,2.94,17715712121.0,17715712121.0,-0.31,-0.46,3.52,-5.82
4861,000155,川能动力,12.12,-1.3,-0.16,446678.0,544799784.37,2.52,12.38,12.07,12.28,12.28,0.76,2.42,20.97,2.08,22375560305.0,22375560305.0,-0.08,-0.08,-26.14,4.03
4862,603359,*ST东珠,2.27,-1.3,-0.03,91468.0,20812693.0,3.91,2.34,2.25,2.3,2.3,1.06,2.05,-17.99,0.72,1012637920.0,1012637920.0,-0.44,0.0,-35.51,-76.21
4863,603329,上海雅仕,9.88,-1.3,-0.13,48394.0,47940489.0,2.2,10.03,9.81,9.95,10.01,1.08,2.34,15.36,1.69,2470505609.0,2039064564.0,0.0,0.3,-15.99,-9.77
4864,605368,蓝天燃气,6.78,-1.31,-0.09,42273.0,28817882.0,1.6,6.89,6.78,6.87,6.87,0.91,0.59,14.12,1.46,4845231504.0,4845231504.0,-0.15,0.0,-11.6,-12.18
4865,002067,景兴纸业,4.52,-1.31,-0.06,783111.0,353715158.64,2.62,4.57,4.45,4.55,4.58,0.99,5.85,78.57,1.0,6666339416.0,6045969416.0,0.0,0.0,-8.5,-19.86
4866,605158,华达新材,6.77,-1.31,-0.09,33353.0,22794440.0,2.77,6.95,6.76,6.87,6.86,1.38,0.65,-30.0,1.44,3462313400.0,3462313400.0,-0.15,0.0,-14.52,-15.27
4867,000888,峨眉山Ａ,9.76,-1.31,-0.13,68463.0,67118586.0,2.12,9.94,9.73,9.89,9.89,0.84,1.3,21.71,1.94,5142671876.0,5142671876.0,0.0,0.1,-13.17,-24.75
4868,002488,金固股份,9.07,-1.31,-0.12,405852.0,373286263.61,5.77,9.52,8.99,9.45,9.19,1.48,4.41,97.27,2.61,9028632320.0,8345161871.0,-0.11,0.33,-30.02,3.3
4869,000735,罗 牛 山,5.28,-1.31,-0.07,206673.0,109185277.85,1.87,5.35,5.25,5.34,5.35,0.84,1.8,-9.16,1.47,6079991692.0,6076738890.0,0.19,0.19,-19.02,-41.4
4870,601686,友发集团,5.26,-1.31,-0.07,61674.0,32538003.0,2.06,5.36,5.25,5.33,5.33,0.86,0.42,15.06,1.16,7781366935.0,7781366935.0,0.19,0.0,-6.41,-12.19
4871,300015,爱尔眼科,8.94,-1.32,-0.12,878735.0,789680179.79,2.43,9.12,8.9,9.07,9.06,0.97,1.1,17.61,3.76,83138108722.0,71137120746.0,0.0,0.11,-15.74,-17.22
4872,603100,川仪股份,18.68,-1.32,-0.25,45179.0,84780487.0,1.74,19.0,18.67,18.91,18.93,0.87,0.88,16.96,1.98,9586074928.0,9555551621.0,0.0,0.0,-8.3,-16.94
4873,000415,渤海租赁,4.48,-1.32,-0.06,449043.0,201454708.23,2.64,4.57,4.45,4.56,4.54,0.65,0.83,7.63,0.93,27706655343.0,24160254196.0,0.22,0.22,-5.68,10.62
4874,601899,紫金矿业,32.12,-1.32,-0.43,2066598.0,6641972274.0,3.07,32.85,31.85,32.45,32.55,0.87,1.0,10.63,4.51,854093753659.0,661729595657.0,-0.09,-0.09,-5.22,-5.78
4875,000726,鲁  泰Ａ,5.97,-1.32,-0.08,48099.0,28777447.0,1.98,6.07,5.95,6.05,6.05,0.89,0.82,13.02,0.5,4880627874.0,3518338756.0,0.17,0.34,-7.73,-14.35
4876,000900,现代投资,3.75,-1.32,-0.05,120915.0,45480399.14,1.84,3.81,3.74,3.8,3.8,1.04,0.8,8.6,0.52,5691856253.0,5691518753.0,0.27,0.0,-7.41,-4.58
4877,600526,菲达环保,4.44,-1.33,-0.06,74352.0,33194033.0,1.78,4.51,4.43,4.49,4.5,0.93,0.85,19.01,0.86,3945840610.0,3876151702.0,0.0,-0.22,-16.07,-16.38
4878,600784,鲁银投资,7.4,-1.33,-0.1,84485.0,62429907.0,2.67,7.53,7.33,7.52,7.5,0.85,1.25,22.47,1.52,4999826850.0,4999826850.0,0.0,0.14,1.93,6.78
4879,600248,陕建股份,2.97,-1.33,-0.04,191738.0,57334763.0,2.33,3.03,2.96,3.0,3.01,1.03,0.52,15.45,0.4,11030369979.0,11006045679.0,0.0,0.0,-13.41,-15.38
4880,601088,中国神华,43.15,-1.33,-0.58,385284.0,1656421347.0,1.76,43.5,42.73,43.5,43.73,1.0,0.23,21.93,2.04,935899090218.0,711588287758.0,0.02,0.02,-2.24,9.32
4881,601975,招商南油,3.7,-1.33,-0.05,1475398.0,549524285.0,3.47,3.8,3.67,3.76,3.75,0.94,3.15,10.02,1.46,17317275309.0,17317275309.0,-0.27,0.0,-21.78,23.75
4882,300443,金雷股份,21.59,-1.33,-0.29,65201.0,141322494.52,1.46,21.88,21.56,21.8,21.88,0.96,2.69,25.35,1.09,6911705971.0,5241491632.0,0.0,0.0,-30.78,-22.98
4883,603596,伯特利,26.69,-1.33,-0.36,152543.0,408671882.0,3.92,27.58,26.52,27.1,27.05,0.82,1.7,22.3,3.06,23958059642.0,23958059642.0,0.0,-0.04,-17.6,-22.39
4884,002004,华邦健康,4.46,-1.33,-0.06,197631.0,88561467.64,2.21,4.55,4.45,4.53,4.52,0.91,1.05,14.26,0.89,8830439592.0,8399618033.0,0.22,0.22,-3.88,-1.55
4885,601816,京沪高铁,5.15,-1.34,-0.07,1614962.0,834478672.0,1.72,5.23,5.14,5.21,5.22,0.73,0.33,20.04,1.22,251967248756.0,251967248756.0,-0.19,-0.19,5.53,0.0
4886,002243,力合科创,7.37,-1.34,-0.1,204046.0,150223316.81,2.28,7.46,7.29,7.46,7.47,1.02,1.69,-103.84,1.23,8922153094.0,8874528677.0,-0.27,-0.27,-15.09,-25.56
4887,600679,上海凤凰,9.59,-1.34,-0.13,28457.0,27397624.0,2.06,9.76,9.56,9.72,9.72,0.99,0.83,98.17,2.26,4749872116.0,3296027925.0,0.0,0.0,-13.91,-28.27
4888,002511,中顺洁柔,7.37,-1.34,-0.1,116030.0,85919893.0,2.28,7.53,7.36,7.47,7.47,0.75,0.92,22.99,1.71,9441991578.0,9323078986.0,-0.14,0.0,-11.31,-13.5
4889,601921,浙版传媒,7.36,-1.34,-0.1,60500.0,44777354.0,1.61,7.48,7.36,7.48,7.46,0.88,0.27,31.37,1.17,16355555561.0,16355555561.0,0.0,-0.14,0.82,-3.16
4890,600527,江南高纤,2.21,-1.34,-0.03,740202.0,162640382.0,3.13,2.24,2.17,2.22,2.24,1.4,4.27,121.98,1.89,3827191593.0,3827191593.0,0.0,0.45,-28.71,4.25
4891,605183,确成股份,14.57,-1.35,-0.2,13972.0,20467196.0,1.49,14.78,14.56,14.77,14.77,0.99,0.34,19.14,1.67,6049236781.0,6009097014.0,-0.07,0.0,-12.49,-25.36
4892,603569,长久物流,5.83,-1.35,-0.08,32308.0,18936564.0,2.03,5.94,5.82,5.92,5.91,0.85,0.54,925.68,1.44,3518447273.0,3518447273.0,0.0,0.17,-8.76,-20.25
4893,000543,皖能电力,8.04,-1.35,-0.11,241402.0,194904861.19,2.33,8.21,8.02,8.18,8.15,0.86,1.06,10.26,1.09,18225581181.0,18225581181.0,0.12,0.0,0.5,6.21
4894,301677,C欣兴,70.26,-1.35,-0.96,110531.0,771217757.1,12.12,74.66,66.03,68.99,71.22,0.73,51.55,37.12,3.26,7026000000.0,1506375665.0,0.1,-0.11,109.23,109.23
4895,920873,中设咨询,7.32,-1.35,-0.1,18459.0,13649050.68,3.37,7.51,7.26,7.4,7.42,0.84,1.54,-28.5,4.52,1122792855.0,876982811.0,0.14,0.27,-23.99,-5.43
4896,601330,绿色动力,7.29,-1.35,-0.1,120586.0,88276771.0,2.44,7.45,7.27,7.4,7.39,1.17,1.22,12.62,1.31,10428963177.0,7210502594.0,0.0,0.0,-15.82,11.98
4897,601007,金陵饭店,6.58,-1.35,-0.09,58318.0,38599797.0,2.1,6.71,6.57,6.66,6.67,0.64,1.5,77.04,1.64,2566200000.0,2566200000.0,-0.3,0.0,-11.2,-14.32
4898,000723,美锦能源,3.65,-1.35,-0.05,464020.0,170324037.6,2.43,3.73,3.64,3.7,3.7,0.9,1.06,-11.95,1.3,16072783256.0,16042392553.0,0.27,0.0,-13.92,-22.34
4899,600332,白云山,21.89,-1.35,-0.3,102677.0,226338880.0,2.39,22.41,21.88,22.2,22.19,0.93,0.73,4.99,0.92,35588563874.0,30774952874.0,-0.05,0.0,-2.41,-13.44
4900,002032,苏 泊 尔,42.08,-1.36,-0.58,21633.0,91540749.42,2.23,42.99,42.04,42.67,42.66,0.59,0.27,19.4,6.67,33657610404.0,33642291180.0,0.05,0.07,-7.88,1.5
4901,600195,中牧股份,6.55,-1.36,-0.09,67231.0,44120733.0,1.96,6.66,6.53,6.64,6.64,0.94,0.66,69.16,1.19,6688521103.0,6688521103.0,-0.15,0.15,-11.84,-16.24
4902,002016,世荣兆业,4.36,-1.36,-0.06,85483.0,37295785.45,2.49,4.44,4.33,4.43,4.42,0.85,1.06,42.81,0.72,3527656956.0,3527656956.0,0.23,0.23,-18.96,-24.31
4903,000885,城发环境,13.06,-1.36,-0.18,51252.0,67376920.0,1.89,13.3,13.05,13.24,13.24,0.98,0.8,6.67,0.88,8385542010.0,8385542010.0,0.0,0.0,-4.81,-2.03
4904,600039,四川路桥,8.7,-1.36,-0.12,154245.0,133934986.0,2.27,8.8,8.6,8.8,8.82,0.8,0.18,12.65,1.55,75651638612.0,75651638612.0,-0.11,0.0,15.38,-8.32
4905,002567,唐人神,3.61,-1.37,-0.05,160480.0,58058847.11,2.19,3.68,3.6,3.67,3.66,1.13,1.12,-2.07,1.24,5173315529.0,5168315780.0,0.28,0.0,-14.86,-17.95
4906,688425,铁建重工,4.31,-1.37,-0.06,242846.0,104891220.0,1.83,4.38,4.3,4.37,4.37,1.01,0.46,23.14,1.25,22987372070.0,22987372070.0,-0.23,0.23,-10.4,-14.99
4907,001391,国货航,4.33,-1.37,-0.06,237570.0,103238211.34,2.05,4.41,4.32,4.4,4.39,0.98,1.56,28.0,2.01,52864455704.0,6578802907.0,0.0,-0.23,-17.37,-25.73
4908,000030,富奥股份,4.31,-1.37,-0.06,104996.0,45392393.82,1.83,4.38,4.3,4.37,4.37,1.03,0.63,14.86,0.9,7412384742.0,7201605162.0,0.0,-0.23,-12.4,-22.9
4909,000983,山西焦煤,6.46,-1.37,-0.09,514977.0,332582161.96,4.12,6.65,6.38,6.59,6.55,0.77,0.91,11.35,1.0,36674072841.0,36673847872.0,-0.15,-0.15,-5.83,2.05
4910,600098,广州发展,6.46,-1.37,-0.09,238650.0,154538260.0,2.6,6.61,6.44,6.6,6.55,0.92,0.68,10.57,0.84,22647887777.0,22647887777.0,-0.15,0.0,-6.38,2.7
4911,603092,德力佳,51.0,-1.37,-0.71,15639.0,80049677.0,2.01,51.81,50.77,51.72,51.71,0.83,4.52,24.0,3.72,20400005100.0,1763154354.0,0.04,0.0,-30.92,-17.57
4912,603099,长白山,38.96,-1.37,-0.54,61851.0,242844424.0,2.94,40.06,38.9,39.2,39.5,0.8,2.27,4182.49,7.07,10610984306.0,10610984306.0,0.0,0.05,7.77,-13.44
4913,601188,龙江交通,2.89,-1.37,-0.04,143027.0,41516833.0,2.05,2.94,2.88,2.93,2.93,1.01,1.1,17.58,0.85,3772808054.0,3772808054.0,0.35,0.0,-12.69,-17.19
4914,600704,物产中大,4.99,-1.38,-0.07,392598.0,196857456.0,1.38,5.06,4.99,5.06,5.06,0.88,0.76,6.64,0.62,25804187651.0,25804187651.0,0.0,-0.2,-0.99,-6.73
4915,000915,华特达因,25.69,-1.38,-0.36,28838.0,74457424.69,2.15,26.18,25.62,26.05,26.05,1.02,1.23,13.61,2.41,6019975850.0,6016146755.0,0.0,0.0,-4.5,-17.24
4916,002221,东华能源,5.73,-1.38,-0.08,167656.0,96908706.21,2.24,5.85,5.72,5.81,5.81,0.69,1.15,14.04,0.91,9031212105.0,8370898909.0,0.0,0.0,-26.25,-29.26
4917,000541,佛山照明,5.0,-1.38,-0.07,109185.0,54688284.32,2.17,5.08,4.97,5.08,5.07,1.53,0.89,73.43,1.13,7678891150.0,6152474110.0,0.2,0.2,-12.13,-16.11
4918,601200,上海环境,7.15,-1.38,-0.1,90836.0,65266477.0,1.79,7.27,7.14,7.26,7.25,0.92,0.67,15.33,0.83,9625546295.0,9625546295.0,-0.14,0.0,-10.51,-9.72
4919,600328,中盐化工,6.44,-1.38,-0.09,112614.0,72792090.0,1.84,6.54,6.42,6.53,6.53,0.72,0.77,-15.29,0.8,9443033393.0,9443033393.0,0.0,0.0,-19.9,-21.56
4920,002668,TCL智家,9.99,-1.38,-0.14,166736.0,168110038.8,3.06,10.25,9.94,10.14,10.13,0.88,1.54,8.83,2.99,10830273166.0,10830273166.0,-0.1,0.0,1.22,-1.87
4921,600862,中航高科,18.61,-1.38,-0.26,152788.0,286111193.0,1.91,18.95,18.59,18.87,18.87,0.94,1.1,25.83,3.4,25924643881.0,25924643881.0,0.0,0.05,-11.88,-20.5
4922,002007,华兰生物,13.49,-1.39,-0.19,106079.0,143988452.0,1.9,13.75,13.49,13.72,13.68,0.75,0.67,26.73,2.28,24628571401.0,21227095798.0,-0.07,-0.07,-6.64,-7.79
4923,600810,神马股份,6.37,-1.39,-0.09,95508.0,60993470.0,2.32,6.49,6.34,6.48,6.46,0.92,0.88,-55.44,0.97,6946988281.0,6884396661.0,0.16,0.0,-13.45,-29.14
4924,601992,金隅集团,1.42,-1.39,-0.02,446042.0,63469760.0,2.08,1.44,1.41,1.44,1.44,1.03,0.54,-2.26,0.4,15162435010.0,11834504735.0,0.0,0.0,-13.94,-12.35
4925,000819,岳阳兴长,12.06,-1.39,-0.17,47335.0,57538877.35,2.62,12.34,12.02,12.34,12.23,0.97,1.29,397.81,2.14,4456224342.0,4414202478.0,0.0,-0.08,-27.13,-25.69
4926,600927,永安期货,13.41,-1.4,-0.19,65665.0,88747315.0,2.87,13.76,13.37,13.6,13.6,0.84,0.45,25.07,1.47,19450462837.0,19450462837.0,0.07,0.15,-9.45,-15.92
4927,000404,长虹华意,7.77,-1.4,-0.11,121203.0,94630011.47,3.17,7.99,7.74,7.9,7.88,0.99,1.75,11.72,1.29,5407888757.0,5382498479.0,0.0,-0.13,-4.78,20.47
4928,002314,南山控股,2.12,-1.4,-0.03,171933.0,36587252.51,2.79,2.17,2.11,2.16,2.15,0.85,1.28,-10.03,0.85,5740498928.0,2837246963.0,0.47,0.47,-16.21,-25.61
4929,002539,云图控股,11.95,-1.4,-0.17,185222.0,222195546.5,2.48,12.19,11.89,12.15,12.12,0.68,2.08,11.89,1.52,14432298956.0,10633033819.0,-0.08,0.0,-18.93,2.84
4930,600299,安迪苏,8.44,-1.4,-0.12,324341.0,274851249.0,3.39,8.68,8.39,8.58,8.56,0.8,1.05,14.36,1.32,25993336929.0,25993336929.0,0.0,0.12,-31.55,-4.31
4931,000738,航发控制,18.36,-1.4,-0.26,125032.0,230466679.93,1.93,18.65,18.29,18.59,18.62,0.92,0.95,47.68,1.93,24146778258.0,24146778258.0,-0.11,0.0,-19.9,-13.52
4932,600618,氯碱化工,10.48,-1.41,-0.15,51536.0,54204631.0,2.45,10.71,10.45,10.58,10.63,0.62,0.69,14.72,1.31,12119071748.0,7858322948.0,0.1,0.1,-12.96,-9.97
4933,002394,联发股份,9.02,-1.42,-0.13,46673.0,42529895.15,3.17,9.3,9.01,9.24,9.15,0.8,1.44,65.17,0.7,2919774000.0,2914554180.0,-0.22,-0.22,-26.67,-41.28
4934,600022,山东钢铁,1.39,-1.42,-0.02,845686.0,117785079.0,2.84,1.42,1.38,1.42,1.41,0.76,0.79,-17.05,0.79,14871400880.0,14871400880.0,0.72,0.72,-4.14,-7.95
4935,603298,杭叉集团,27.1,-1.42,-0.39,71567.0,193347806.0,3.78,27.72,26.68,27.51,27.49,1.04,0.55,18.82,3.08,35495906528.0,35495906528.0,-0.11,0.52,-7.32,3.55
4936,600863,华能蒙电,4.85,-1.42,-0.07,1212897.0,590412067.0,3.05,4.97,4.82,4.92,4.92,0.74,1.86,13.68,1.98,38000669366.0,31655405883.0,0.0,0.21,5.9,13.85
4937,600616,金枫酒业,4.18,-1.42,-0.06,75641.0,31830135.0,3.07,4.29,4.16,4.26,4.24,0.9,1.13,577.15,1.47,2796440691.0,2796440691.0,0.0,0.48,-14.87,-21.28
4938,605099,共创草坪,32.66,-1.42,-0.47,17511.0,57472748.0,2.66,33.38,32.5,33.25,33.13,0.81,0.44,16.37,4.38,13140570390.0,13111921822.0,0.15,0.18,-35.42,-6.31
4939,600356,恒丰纸业,8.36,-1.42,-0.12,71665.0,60354250.0,2.83,8.55,8.31,8.5,8.48,0.87,2.4,12.1,0.91,2754925173.0,2497394320.0,0.24,0.36,-15.13,-2.68
4940,600415,小商品城,12.4,-1.43,-0.18,761352.0,947339293.0,3.34,12.72,12.3,12.51,12.58,0.52,1.39,17.16,3.22,67996134402.0,67996134402.0,0.0,0.0,-2.21,-19.74
4941,603185,弘元绿能,15.82,-1.43,-0.23,120132.0,191013359.0,2.06,16.09,15.76,16.05,16.05,0.6,1.77,-9.29,0.92,10806275008.0,10742131236.0,0.0,0.13,-27.13,-47.87
4942,601298,青岛港,8.94,-1.43,-0.13,109500.0,98114219.0,2.43,9.13,8.91,9.12,9.07,0.72,0.2,10.56,1.27,58030434000.0,48205150500.0,0.0,0.0,-0.22,7.19
4943,600859,王府井,10.36,-1.43,-0.15,136030.0,141614442.0,2.0,10.54,10.33,10.48,10.51,0.71,1.21,56.37,0.6,11643929553.0,11642858743.0,-0.1,-0.1,-14.8,-33.29
4944,601952,苏垦农发,8.27,-1.43,-0.12,89100.0,73839565.0,1.91,8.4,8.24,8.36,8.39,0.91,0.65,40.08,1.58,11396060000.0,11396060000.0,0.0,0.12,-13.22,-7.8
4945,002646,天佑德酒,6.89,-1.43,-0.1,51019.0,35385760.83,2.43,7.04,6.87,7.03,6.99,0.59,1.07,17.02,1.15,3301053941.0,3278554818.0,0.0,0.15,-15.77,-20.35
4946,600750,华润江中,25.98,-1.44,-0.38,42448.0,111114854.0,2.54,26.6,25.93,26.45,26.36,0.83,0.68,14.33,4.4,16512583748.0,16336881008.0,-0.46,-0.27,12.32,16.55
4947,600643,爱建集团,4.11,-1.44,-0.06,109927.0,45513436.0,2.4,4.2,4.1,4.18,4.17,0.69,0.69,207.34,0.67,6547931898.0,6536345553.0,0.0,-0.24,-18.13,-25.68
4948,000423,东阿阿胶,54.6,-1.44,-0.8,66894.0,368476702.0,1.9,55.6,54.55,55.5,55.4,0.76,1.05,19.2,3.54,34934544590.0,34873035998.0,-0.02,-0.13,4.1,14.59
4949,603587,地素时尚,11.65,-1.44,-0.17,19559.0,22938577.0,3.05,11.99,11.63,11.82,11.82,0.76,0.41,13.68,1.55,5506987469.0,5506987469.0,0.0,0.0,-9.06,-10.11
4950,002262,恩华药业,21.91,-1.44,-0.32,102076.0,225247214.0,2.29,22.37,21.86,22.31,22.23,0.77,1.15,17.53,2.79,22255884034.0,19363538843.0,0.0,0.09,2.48,-7.67
4951,603708,家家悦,9.57,-1.44,-0.14,37618.0,36248032.0,2.68,9.8,9.54,9.77,9.71,0.98,0.59,10.06,2.64,6108901120.0,6108901120.0,0.0,0.21,-7.54,-18.07
4952,601098,中南传媒,10.96,-1.44,-0.16,134771.0,147873731.0,2.07,11.13,10.9,11.12,11.12,0.85,0.75,12.96,1.25,19684160000.0,19684160000.0,0.0,0.0,-1.35,1.39
4953,920931,无锡鼎邦,9.57,-1.44,-0.14,3167.0,3052735.38,3.91,9.89,9.51,9.75,9.71,0.81,1.1,82.01,2.3,898910100.0,275384406.0,0.21,0.1,-20.32,-32.79
4954,002284,亚太股份,9.56,-1.44,-0.14,152389.0,146071251.25,3.71,9.87,9.51,9.7,9.7,0.84,2.08,12.43,2.06,7065799327.0,6999720607.0,0.0,0.1,-26.74,-35.54
4955,300388,节能国祯,6.85,-1.44,-0.1,66875.0,45957844.01,2.01,6.97,6.83,6.93,6.95,1.37,0.98,12.95,0.98,4665139282.0,4665139282.0,0.15,0.15,-18.93,-13.73
4956,600221,海航控股,1.36,-1.45,-0.02,2491856.0,339685344.0,2.17,1.38,1.35,1.38,1.38,0.88,0.58,8.52,8.45,58773260248.0,58269900309.0,0.0,0.74,-13.92,-24.86
4957,002204,大连重工,5.45,-1.45,-0.08,233046.0,127732274.86,2.17,5.56,5.44,5.55,5.53,0.97,1.21,12.62,1.34,10525966674.0,10525966674.0,0.0,0.0,-17.42,-27.91
4958,601619,嘉泽新能,4.73,-1.46,-0.07,334837.0,159356157.0,2.5,4.83,4.71,4.81,4.8,0.7,1.38,26.22,1.74,13777721612.0,11516367032.0,0.0,0.21,-20.77,7.01
4959,002732,燕塘乳业,13.47,-1.46,-0.2,21691.0,29450933.0,2.85,13.82,13.43,13.8,13.67,0.63,1.39,10704.53,1.41,2119504500.0,2108946323.0,-0.07,-0.07,-16.8,-20.58
4960,002216,三全食品,12.85,-1.46,-0.19,83605.0,107208050.6,2.84,13.08,12.71,13.04,13.04,0.89,1.33,10.49,2.58,11297515017.0,8101955699.0,0.08,0.0,-5.58,19.87
4961,002060,广东建工,3.38,-1.46,-0.05,157428.0,53562762.79,1.75,3.44,3.38,3.42,3.43,0.91,1.01,28.36,0.91,12689849158.0,5282313551.0,0.0,0.0,-7.4,-2.31
4962,600897,厦门空港,14.81,-1.46,-0.22,18550.0,27552783.0,1.86,15.06,14.78,15.06,15.03,1.41,0.44,13.15,1.28,6174792540.0,6174792540.0,0.0,0.07,-4.94,-11.95
4963,300926,博俊科技,18.18,-1.46,-0.27,35138.0,64138581.51,1.79,18.46,18.13,18.41,18.45,0.7,1.18,15.26,2.24,7896050043.0,5417512558.0,0.0,0.11,-21.13,-44.16
4964,920237,力佳科技,12.7,-1.47,-0.19,10476.0,13372989.4,3.26,13.0,12.58,12.89,12.89,1.02,1.12,43.14,2.32,1206907416.0,1184065425.0,0.0,0.4,-30.49,-39.92
4965,600661,昂立教育,9.37,-1.47,-0.14,233447.0,216739168.0,4.31,9.48,9.07,9.21,9.51,1.34,8.15,27.28,10.54,2684962537.0,2684962537.0,0.0,-0.11,-8.14,-8.59
4966,002345,潮宏基,10.07,-1.47,-0.15,229631.0,232848746.78,3.33,10.37,10.03,10.22,10.22,0.8,2.65,8.49,2.41,8947322959.0,8732999706.0,0.0,0.1,2.23,-17.12
4967,603128,华贸物流,5.35,-1.47,-0.08,100852.0,54130122.0,2.39,5.46,5.33,5.43,5.43,0.8,0.77,19.02,1.16,7003398743.0,7003398743.0,0.19,0.0,-2.9,-9.01
4968,601872,招商轮船,16.78,-1.47,-0.25,1143376.0,1951347032.0,6.87,17.7,16.53,16.99,17.03,1.19,1.42,12.26,3.15,135490756064.0,135490756064.0,-0.06,0.06,-7.4,92.21
4969,000905,厦门港务,8.66,-1.48,-0.13,103175.0,90032038.48,2.84,8.88,8.63,8.78,8.79,0.97,1.39,19.55,1.47,13356386527.0,6424053790.0,0.0,0.12,-24.04,-33.38
4970,601890,亚星锚链,8.61,-1.49,-0.13,166447.0,144151464.0,1.83,8.77,8.61,8.74,8.74,1.04,1.73,24.47,2.15,8260434000.0,8260434000.0,-0.12,-0.23,-19.98,-15.84
4971,002186,全 聚 德,9.23,-1.49,-0.14,45575.0,42424318.27,2.67,9.45,9.2,9.38,9.37,0.82,1.49,104.44,3.32,2832886257.0,2831778657.0,0.0,0.11,-14.62,-21.65
4972,600987,航民股份,6.58,-1.5,-0.1,77641.0,51130676.0,2.25,6.69,6.54,6.67,6.68,1.46,0.76,12.09,1.02,6716988184.0,6716988184.0,0.15,0.3,-3.52,-0.9
4973,600508,上海能源,8.52,-1.5,-0.13,62660.0,53546311.0,2.2,8.69,8.5,8.6,8.65,0.75,0.62,29.13,0.68,8620580304.0,8620580304.0,-0.12,-0.12,-11.43,3.15
4974,000768,中航西飞,21.03,-1.5,-0.32,231792.0,490096192.24,2.06,21.4,20.96,21.36,21.35,1.08,0.83,59.37,2.64,58476231139.0,58387986609.0,0.0,0.19,-14.55,-16.65
4975,600606,绿地控股,1.31,-1.5,-0.02,1218923.0,158925235.0,3.76,1.34,1.29,1.33,1.33,1.14,0.87,22.54,0.48,18411025991.0,18411025991.0,0.0,1.55,-20.12,-21.08
4976,605338,巴比食品,19.06,-1.5,-0.29,18509.0,35265699.0,3.36,19.53,18.88,19.36,19.35,0.73,0.77,24.18,2.18,4566140578.0,4566140578.0,0.37,0.63,-13.17,-36.72
4977,600499,科达制造,15.67,-1.51,-0.24,338670.0,531295379.0,3.08,16.05,15.56,16.02,15.91,1.01,1.77,12.81,2.39,30052809647.0,30052809647.0,0.13,0.26,-13.9,15.48
4978,002690,美亚光电,15.62,-1.51,-0.24,62829.0,98739093.99,2.71,16.04,15.61,15.9,15.86,0.78,1.45,29.71,5.72,13780415418.0,6775128374.0,-0.13,-0.19,-10.33,-21.39
4979,601928,凤凰传媒,9.76,-1.51,-0.15,113741.0,111369371.0,2.12,9.94,9.73,9.92,9.91,0.82,0.45,14.68,1.22,24838224000.0,24838224000.0,-0.2,-0.31,3.17,-2.79
4980,002327,富安娜,6.52,-1.51,-0.1,38163.0,24990107.0,2.11,6.65,6.51,6.65,6.62,0.7,0.78,21.03,1.58,5436818310.0,3201211566.0,0.0,0.0,-7.78,3.0
4981,688198,佰仁医疗,82.39,-1.51,-1.26,8876.0,74444656.0,3.81,85.45,82.26,83.83,83.65,1.34,0.64,68.57,9.02,11349068678.0,11349068678.0,-0.11,0.1,-15.15,-22.43
4982,920242,建邦科技,13.74,-1.51,-0.21,2799.0,3862793.19,2.94,14.12,13.71,13.94,13.95,0.69,0.53,18.27,1.93,1294496238.0,724552313.0,-0.43,-0.43,-24.63,-33.14
4983,600318,新力金融,6.51,-1.51,-0.1,117954.0,77066623.0,2.72,6.65,6.47,6.61,6.61,0.94,2.3,41.14,3.04,3337856884.0,3337856884.0,0.0,0.15,-18.22,-27.34
4984,000858,五 粮 液,76.88,-1.51,-1.18,352887.0,2720290471.88,1.83,78.1,76.67,78.06,78.06,0.79,0.91,9.25,2.53,298418023424.0,298410749500.0,-0.01,-0.01,-13.84,-25.62
4985,600660,福耀玻璃,56.93,-1.52,-0.88,145240.0,828106459.0,2.2,57.98,56.71,57.81,57.81,0.82,0.73,21.7,4.13,148572699277.0,114030011881.0,-0.05,0.07,-2.18,-10.45
4986,600066,宇通客车,31.8,-1.52,-0.49,185512.0,589190475.0,2.42,32.28,31.5,32.06,32.29,0.81,0.84,26.7,5.97,70403267291.0,70403267291.0,0.03,0.06,-5.53,3.58
4987,603368,柳药集团,15.59,-1.52,-0.24,37661.0,59063302.0,1.96,15.88,15.57,15.82,15.83,1.15,0.95,6.89,0.8,6192525024.0,6192525024.0,0.06,0.06,-4.82,-9.15
4988,600029,南方航空,5.18,-1.52,-0.08,717221.0,372169710.0,2.47,5.27,5.14,5.27,5.26,0.89,0.53,15.85,2.53,93866623792.0,69810717736.0,0.0,0.0,-8.32,-35.33
4989,000088,盐 田 港,4.54,-1.52,-0.07,308550.0,141023607.12,3.47,4.67,4.51,4.61,4.61,1.03,0.98,17.33,1.32,23605654391.0,14359501123.0,-0.22,-0.22,1.57,4.61
4990,688169,石头科技,109.14,-1.52,-1.68,45628.0,500964976.0,3.71,112.9,108.79,112.83,110.82,0.54,1.76,21.91,2.0,28327409019.0,28327409019.0,-0.07,-0.08,-8.18,-27.98
4991,600368,五洲交通,3.9,-1.52,-0.06,252470.0,98551722.0,2.53,3.98,3.88,3.96,3.96,1.6,1.57,7.96,0.87,6277650046.0,6277650046.0,0.0,0.26,0.52,3.17
4992,603885,吉祥航空,11.02,-1.52,-0.17,135055.0,149254433.0,2.41,11.24,10.97,11.24,11.19,0.75,0.62,13.56,2.41,23902438053.0,23902438053.0,0.09,0.09,-2.48,-24.98
4993,002884,凌霄泵业,16.23,-1.52,-0.25,28530.0,46350795.4,1.88,16.48,16.17,16.48,16.48,1.26,1.04,14.83,2.69,5805187121.0,4431966480.0,0.0,0.0,-10.03,-2.76
4994,002109,ST兴化,2.59,-1.52,-0.04,76182.0,19759470.04,3.04,2.64,2.56,2.64,2.63,1.31,0.6,-119.7,0.84,3305538914.0,3305538914.0,0.0,0.39,-21.52,-27.04
4995,000869,张  裕Ａ,17.55,-1.52,-0.27,10913.0,19216386.0,2.19,17.85,17.46,17.8,17.82,0.77,0.24,19.42,1.12,11534564246.0,7987220777.0,0.17,0.29,-8.16,-13.67
4996,600905,三峡能源,3.88,-1.52,-0.06,916381.0,357482423.0,2.03,3.96,3.88,3.94,3.94,0.87,0.32,26.66,1.25,110920082551.0,110920082551.0,-0.26,-0.26,-6.05,-4.2
4997,600866,星湖科技,4.52,-1.53,-0.07,217461.0,99026220.0,2.4,4.62,4.51,4.57,4.59,1.14,1.31,-40.04,1.0,7509856224.0,7509856224.0,0.22,0.22,-23.52,-31.2
4998,603899,晨光股份,23.21,-1.53,-0.36,38641.0,90058839.0,2.25,23.66,23.13,23.57,23.57,0.8,0.42,15.77,2.44,21255610700.0,21255610700.0,-0.09,0.13,-2.6,-10.97
4999,605288,凯迪股份,59.14,-1.53,-0.92,29225.0,168949392.0,5.89,60.07,56.53,60.06,60.06,2.0,2.97,-170.28,2.68,5851442713.0,5812189130.0,0.0,0.46,-1.25,-7.03
5000,002330,得利斯,3.85,-1.53,-0.06,92719.0,35938579.0,3.58,3.97,3.83,3.92,3.91,0.86,1.46,66.62,1.06,2445963867.0,2445324382.0,0.0,0.0,-18.43,-20.45
5001,000552,甘肃能化,2.57,-1.53,-0.04,487600.0,125943814.0,2.3,2.62,2.56,2.61,2.61,0.8,1.31,52.71,0.84,13754169114.0,9575340803.0,0.0,0.0,-8.54,11.26
5002,300640,德艺文创,6.43,-1.53,-0.1,146825.0,94708437.0,3.83,6.59,6.34,6.58,6.53,1.0,6.65,385.92,2.49,1999687736.0,1419416906.0,-0.16,0.31,-19.32,-16.71
5003,600809,山西汾酒,121.85,-1.54,-1.9,124873.0,1527407043.0,2.1,124.06,121.46,123.0,123.75,0.83,1.02,6.9,4.02,148652640451.0,148652640451.0,0.0,-0.02,-8.94,-26.21
5004,000803,山高环能,7.03,-1.54,-0.11,126665.0,89233813.8,3.64,7.24,6.98,7.2,7.14,0.99,2.75,18.74,2.2,3278061956.0,3232308093.0,0.0,0.29,-19.75,-1.68
5005,603136,天目湖,8.93,-1.54,-0.14,34303.0,30849246.0,2.65,9.12,8.88,9.07,9.07,1.07,1.27,57.67,1.82,2412231520.0,2412231520.0,0.11,0.11,-13.47,-22.88
5006,600323,瀚蓝环境,30.72,-1.54,-0.48,75308.0,231968835.0,2.18,31.18,30.5,31.01,31.2,1.08,0.92,10.39,1.65,25047464325.0,25047464325.0,-0.26,-0.26,3.89,10.5
5007,600300,维维股份,3.19,-1.54,-0.05,210529.0,67616648.0,2.47,3.26,3.18,3.25,3.24,0.81,1.3,15.33,1.46,5158683554.0,5158683554.0,0.31,0.0,-8.86,-6.45
5008,000001,平安银行,11.44,-1.55,-0.18,1221130.0,1401213600.03,1.72,11.62,11.42,11.58,11.62,0.72,0.63,3.82,0.49,222003704185.0,222000071470.0,0.09,0.0,4.76,3.53
5009,600505,西昌电力,11.43,-1.55,-0.18,125074.0,143510466.0,2.41,11.68,11.4,11.6,11.61,1.11,3.43,334.66,3.43,4167006525.0,4167006525.0,0.0,0.09,-16.87,-12.41
5010,301116,益客食品,8.87,-1.55,-0.14,31279.0,27914108.0,2.89,9.08,8.82,9.08,9.01,0.78,0.7,31.76,2.54,3982448990.0,3982422380.0,0.0,-0.11,-19.07,-18.85
5011,920726,朱老六,15.87,-1.55,-0.25,30060.0,47637693.44,3.35,16.18,15.64,15.99,16.12,0.61,5.38,21.1,3.53,1607789700.0,887346531.0,0.0,0.0,-14.86,-21.44
5012,001301,尚太科技,53.61,-1.56,-0.85,40623.0,218265098.5,3.42,54.96,53.1,54.4,54.46,0.72,1.56,27.03,2.8,19547072874.0,13943370539.0,-0.06,-0.09,-5.73,-11.83
5013,301135,瑞德智能,16.38,-1.56,-0.26,61311.0,100031566.4,3.55,16.6,16.01,16.48,16.64,2.37,6.07,-146.66,1.77,2125941625.0,1654118772.0,0.18,0.18,-24.06,-23.88
5014,600313,农发种业,5.68,-1.56,-0.09,194555.0,110894513.0,2.43,5.8,5.66,5.78,5.77,0.95,1.8,86.92,2.74,6596604144.0,6146888406.0,0.18,0.0,-22.62,-11.66
5015,603049,中策橡胶,49.49,-1.57,-0.79,25531.0,126373167.0,1.97,50.12,49.13,50.11,50.28,0.73,0.51,8.87,1.78,43278292245.0,24991473166.0,-0.04,-0.02,4.52,-9.23
5016,002041,登海种业,8.79,-1.57,-0.14,144988.0,127983988.95,2.13,8.95,8.76,8.91,8.93,1.09,1.65,57.32,2.09,7735200000.0,7735200000.0,0.11,0.23,-14.33,-7.86
5017,000999,华润三九,25.75,-1.57,-0.41,129512.0,336461226.44,2.41,26.33,25.7,26.16,26.16,0.86,0.78,12.82,1.87,42853609844.0,42814370577.0,-0.04,0.08,2.3,-7.61
5018,601008,连云港,4.4,-1.57,-0.07,96422.0,42631987.0,2.46,4.49,4.38,4.49,4.47,1.22,0.78,44.28,1.31,5458807226.0,5458807226.0,0.0,0.23,-9.28,-16.35
5019,002444,巨星科技,29.38,-1.57,-0.47,141424.0,412234350.45,3.82,29.98,28.84,29.94,29.85,1.12,1.23,17.02,1.88,35093768987.0,33690898843.0,-0.03,-0.1,-16.13,-12.61
5020,002960,青鸟智控,8.15,-1.57,-0.13,88542.0,72700814.32,2.05,8.31,8.14,8.29,8.28,0.83,0.91,33.18,1.4,8587937202.0,7891000588.0,-0.12,0.0,-20.87,-5.78
5021,601065,江盐集团,6.89,-1.57,-0.11,49982.0,34579343.0,1.86,7.01,6.88,7.01,7.0,1.08,0.78,42.11,1.0,4428727184.0,4428727184.0,0.15,0.15,-15.36,-15.77
5022,002322,理工能科,10.68,-1.57,-0.17,52807.0,56675830.4,2.4,10.92,10.66,10.85,10.85,1.31,1.5,42.2,1.43,3903838720.0,3752948572.0,-0.09,0.0,-11.95,-8.64
5023,601012,隆基绿能,13.07,-1.58,-0.21,1104881.0,1449150810.0,1.51,13.24,13.04,13.18,13.28,0.89,1.46,-12.9,1.96,99045363764.0,99045265138.0,-0.15,0.0,-21.31,-28.19
5024,603076,乐惠国际,19.89,-1.58,-0.32,15069.0,30197425.0,3.22,20.5,19.85,20.48,20.21,0.61,1.25,73.14,1.89,2400749732.0,2400749732.0,-0.1,0.0,-36.92,-14.41
5025,600346,恒力石化,16.83,-1.58,-0.27,290934.0,487055721.0,3.39,17.1,16.52,17.02,17.1,0.91,0.41,7.57,1.73,118468049398.0,118468049398.0,0.0,0.06,-24.39,-24.33
5026,600123,兰花科创,6.87,-1.58,-0.11,326650.0,224629070.0,2.29,6.98,6.82,6.92,6.98,1.08,2.22,-92.15,0.67,10121158944.0,10121158944.0,0.0,0.44,1.03,16.24
5027,600038,中直股份,26.82,-1.58,-0.43,70421.0,189566392.0,2.2,27.38,26.78,27.27,27.25,0.98,1.05,145.23,1.26,21989535973.0,17940842627.0,0.0,0.04,-14.37,-25.27
5028,300140,节能环境,5.58,-1.59,-0.09,127067.0,71525470.52,2.29,5.7,5.57,5.68,5.67,1.01,0.41,13.48,1.22,17292793949.0,17271583878.0,0.0,0.0,-14.55,-16.84
5029,000402,金 融 街,2.48,-1.59,-0.04,367763.0,91389083.0,2.38,2.53,2.47,2.52,2.52,0.83,1.23,5.37,0.37,7412546169.0,7411861789.0,0.0,0.4,-25.53,-9.82
5030,603486,科沃斯,59.94,-1.59,-0.97,48935.0,294221669.0,3.45,61.7,59.6,61.08,60.91,0.54,0.85,21.42,3.97,34681182701.0,34366756942.0,0.0,0.03,-8.1,-24.85
5031,688278,特宝生物,57.56,-1.59,-0.93,28474.0,165628387.0,3.37,59.36,57.39,58.5,58.49,0.95,0.7,35.71,6.95,23495386469.0,23495386469.0,0.17,0.16,0.03,-30.71
5032,600279,重庆港,4.3,-1.6,-0.07,91038.0,39305678.0,3.43,4.43,4.28,4.41,4.37,0.98,0.77,1372.18,0.76,5103525017.0,5103525017.0,0.0,0.23,-13.13,-20.96
5033,301061,匠心家居,36.3,-1.6,-0.59,29816.0,108588297.15,3.25,37.16,35.96,37.0,36.89,0.66,1.58,15.51,2.43,10323633642.0,6858468421.0,0.3,0.14,-28.0,-49.96
5034,600197,伊力特,10.44,-1.6,-0.17,92828.0,97341423.0,2.17,10.64,10.41,10.62,10.61,0.77,1.96,11.77,1.24,4939944045.0,4939944045.0,0.1,0.1,-14.78,-24.57
5035,601866,中远海发,2.45,-1.61,-0.04,704962.0,173312498.0,2.81,2.51,2.44,2.5,2.49,0.95,0.73,19.5,1.04,32232444314.0,23790547914.0,0.0,0.0,-8.92,-2.39
5036,603960,克来机电,15.92,-1.61,-0.26,45578.0,72768944.0,2.1,16.19,15.85,16.18,16.18,0.66,1.74,369.27,3.72,4174190568.0,4174190568.0,0.06,0.19,-32.46,-19.72
5037,603153,上海建科,13.41,-1.61,-0.22,21310.0,28723319.0,2.27,13.69,13.38,13.64,13.63,1.04,0.53,103.21,1.46,5496237431.0,5414692066.0,-0.07,0.0,-14.8,-19.84
5038,002385,大北农,3.06,-1.61,-0.05,567230.0,174535787.18,2.57,3.13,3.05,3.11,3.11,1.05,1.64,-18.81,1.77,13158240409.0,10598608065.0,0.0,0.0,-20.31,-23.5
5039,601005,重庆钢铁,1.22,-1.61,-0.02,662318.0,81423171.0,2.42,1.25,1.22,1.24,1.24,0.83,0.8,-14.72,0.8,11723394219.0,10142636612.0,0.0,0.0,-12.86,-16.44
5040,600639,浦东金桥,9.7,-1.62,-0.16,45124.0,43957419.0,1.72,9.86,9.69,9.86,9.86,0.76,0.53,37.66,0.74,10887405062.0,8247296019.0,-0.1,-0.1,-3.87,-1.82
5041,002508,老板电器,15.81,-1.62,-0.26,90159.0,143187671.58,2.43,16.17,15.78,16.07,16.07,0.71,0.97,12.18,1.32,14939484262.0,14759453752.0,0.06,0.06,-12.56,-16.13
5042,002170,芭田股份,11.54,-1.62,-0.19,152476.0,177010619.0,2.13,11.78,11.53,11.72,11.73,0.8,1.93,10.23,3.2,11198372229.0,9103613888.0,-0.09,-0.17,-11.71,-0.6
5043,000957,中通客车,10.31,-1.62,-0.17,82571.0,85424085.31,3.05,10.55,10.23,10.51,10.48,0.68,1.39,15.36,1.91,6112839580.0,6112839580.0,-0.1,-0.1,-12.18,-9.32
5044,000401,金隅冀东,3.65,-1.62,-0.06,96470.0,35216522.0,2.16,3.71,3.63,3.71,3.71,1.28,0.37,-2.44,0.37,9694936506.0,9604444611.0,0.55,0.55,-14.52,-15.31
5045,002035,华帝股份,4.87,-1.62,-0.08,85963.0,42087426.83,2.42,4.98,4.86,4.95,4.95,0.9,1.1,10.21,1.1,4128073120.0,3808523438.0,0.0,0.0,-15.89,-18.83
5046,600511,国药股份,28.0,-1.62,-0.46,44457.0,125044749.0,1.76,28.5,28.0,28.44,28.46,0.82,0.8,11.14,1.15,21126083944.0,15493699872.0,-0.04,-0.07,0.9,0.18
5047,000719,中原传媒,12.72,-1.62,-0.21,51027.0,65143776.21,3.4,13.09,12.65,12.9,12.93,0.88,0.76,29.27,1.11,13015151687.0,8486116747.0,-0.16,-0.16,-4.58,14.59
5048,002928,华夏航空,6.64,-1.63,-0.11,224122.0,148873896.39,2.37,6.75,6.59,6.75,6.75,0.75,1.75,15.83,2.13,8487523892.0,8487480898.0,0.15,0.3,-18.02,-39.91
5049,300866,安克创新,119.45,-1.63,-1.98,35718.0,426959642.63,2.9,121.42,117.9,121.04,121.43,0.74,1.16,37.13,6.83,70039831568.0,36740835099.0,-0.04,0.18,-6.24,6.0
5050,688303,大全能源,19.26,-1.63,-0.32,168487.0,326238345.0,3.22,19.75,19.12,19.46,19.58,1.06,0.79,-12.82,1.08,41070848578.0,41070848578.0,0.1,0.21,-16.01,-28.19
5051,603600,永艺股份,9.63,-1.63,-0.16,46839.0,45135195.0,2.76,9.82,9.55,9.8,9.79,0.9,1.42,11.04,1.42,3182071427.0,3182071427.0,0.21,0.42,-21.07,-16.77
5052,603787,新日股份,10.27,-1.63,-0.17,97441.0,98807278.0,2.87,10.35,10.05,10.27,10.44,2.41,4.23,23.47,1.55,2363576723.0,2363576723.0,1.38,1.48,-13.84,-26.43
5053,002683,广东宏大,28.29,-1.63,-0.47,76053.0,215218400.94,3.62,28.85,27.81,28.8,28.76,0.81,1.14,51.93,3.21,21497148432.0,18856957420.0,0.0,0.0,-30.42,-40.25
5054,601158,重庆水务,4.2,-1.64,-0.07,84137.0,35505822.0,1.87,4.27,4.19,4.27,4.27,1.11,0.18,18.7,1.18,20160126500.0,20160126500.0,0.0,-0.24,-4.55,-3.89
5055,000096,广聚能源,7.82,-1.64,-0.13,59854.0,47080788.57,2.52,8.0,7.8,8.0,7.95,1.01,1.17,84.42,1.5,4128960000.0,3994831360.0,0.13,0.26,-17.34,-23.86
5056,003000,劲仔食品,10.77,-1.64,-0.18,54381.0,59039416.64,2.47,11.04,10.77,10.95,10.95,0.74,1.77,17.04,3.63,4856130092.0,3317809377.0,-0.09,-0.09,-0.37,-2.89
5057,000550,江铃汽车,16.77,-1.64,-0.28,37654.0,63562220.88,2.7,17.2,16.74,17.19,17.05,0.92,0.73,9.8,1.21,14476098780.0,8694627193.0,0.0,0.12,-8.71,-7.09
5058,600642,申能股份,8.33,-1.65,-0.14,273226.0,228891943.0,2.36,8.53,8.33,8.49,8.47,0.95,0.56,12.94,1.14,40767681202.0,40765463589.0,-0.12,-0.12,-8.26,13.8
5059,603786,科博达,42.83,-1.65,-0.72,23475.0,101007864.0,2.69,43.94,42.77,43.66,43.55,0.98,0.58,28.6,3.13,17297182461.0,17297182461.0,0.0,-0.02,-23.69,-44.72
5060,603611,诺力股份,17.27,-1.65,-0.29,33283.0,57744484.0,2.62,17.65,17.19,17.56,17.56,1.27,1.29,14.89,1.47,4448765661.0,4448765661.0,0.12,0.12,-14.25,-26.88
5061,600138,中青旅,7.16,-1.65,-0.12,82411.0,59246895.0,2.2,7.3,7.14,7.29,7.28,0.93,1.14,-35.11,0.83,5182694400.0,5182694400.0,0.0,0.14,-19.19,-27.24
5062,603628,清源股份,9.52,-1.65,-0.16,41804.0,40070046.0,2.38,9.73,9.5,9.68,9.68,1.29,1.54,144.2,2.0,2595524451.0,2591093367.0,0.11,0.11,-24.74,-29.27
5063,600926,杭州银行,16.14,-1.65,-0.27,406294.0,657240893.0,1.89,16.4,16.09,16.39,16.41,0.91,0.56,4.41,0.85,116998901125.0,116998901125.0,-0.12,-0.06,-2.42,7.6
5064,605298,必得科技,45.99,-1.65,-0.77,10115.0,46888765.0,3.93,47.74,45.9,47.41,46.76,0.77,0.54,279.56,8.37,8639221500.0,8565683490.0,-0.15,-0.15,-19.46,15.64
5065,001213,中铁特货,3.57,-1.65,-0.06,84349.0,30253764.63,2.2,3.64,3.56,3.63,3.63,1.04,0.19,32.56,0.83,15866666665.0,15866666665.0,0.0,0.0,-9.85,-11.19
5066,600027,华电国际,4.78,-1.65,-0.08,727376.0,348768119.0,2.67,4.89,4.76,4.86,4.86,0.95,0.79,7.76,1.15,55504280600.0,44050937623.0,0.0,0.21,-6.09,-0.83
5067,603232,格尔软件,15.53,-1.65,-0.26,122441.0,190487959.0,2.15,15.79,15.45,15.69,15.79,0.73,5.29,-31.62,2.78,3611433090.0,3592088922.0,0.13,0.06,-22.12,-32.33
5068,603301,振德医疗,86.8,-1.65,-1.46,29301.0,252150224.0,4.77,88.98,84.77,88.6,88.26,1.32,1.11,105.17,4.06,22904456330.0,22904456330.0,-0.39,-0.47,-6.78,23.65
5069,600266,城建发展,4.14,-1.66,-0.07,286335.0,118877504.0,2.14,4.22,4.13,4.19,4.21,0.88,1.38,13.1,0.47,8593578119.0,8593578119.0,0.0,0.24,-22.91,-18.34
5070,000883,湖北能源,4.74,-1.66,-0.08,287185.0,136806689.0,2.7,4.85,4.72,4.82,4.82,0.89,0.44,16.58,0.91,33556297366.0,30713235052.0,0.21,0.21,-1.25,7.97
5071,600824,益民集团,3.55,-1.66,-0.06,67642.0,24142246.0,2.49,3.63,3.54,3.63,3.61,0.87,0.64,49.6,1.48,3741796109.0,3741796109.0,-0.28,-0.28,-14.04,-21.63
5072,002154,报 喜 鸟,4.12,-1.67,-0.07,501086.0,207442956.97,5.01,4.27,4.06,4.22,4.19,1.27,4.25,6.34,1.3,6012454963.0,4860666111.0,0.0,0.24,-5.07,11.96
5073,300760,迈瑞医疗,154.27,-1.67,-2.62,112319.0,1739626243.12,2.28,157.57,153.99,156.88,156.89,0.96,0.93,20.07,4.89,187043333852.0,186882567388.0,0.01,0.11,-7.98,-18.33
5074,002304,洋河股份,41.92,-1.67,-0.71,72504.0,305168450.66,2.39,42.88,41.86,42.8,42.63,0.68,0.48,6.45,1.34,63150177502.0,63148687246.0,0.0,0.02,-10.47,-29.27
5075,603585,苏利股份,9.99,-1.67,-0.17,43138.0,43358748.0,3.05,10.26,9.95,10.18,10.16,1.11,1.59,31.94,1.01,2750804552.0,2705252150.0,0.2,0.1,-24.89,-24.43
5076,601229,上海银行,9.42,-1.67,-0.16,674558.0,637856203.0,2.61,9.61,9.36,9.55,9.58,0.82,0.47,5.28,0.54,133849144903.0,133849144903.0,-0.11,0.0,4.55,-4.66
5077,002856,*ST美芝,15.2,-1.68,-0.26,79297.0,122272493.0,6.02,15.92,14.99,15.46,15.46,1.16,6.4,-206.82,-40.42,2056754682.0,1883347534.0,-0.07,-0.39,2.84,28.7
5078,000731,四川美丰,5.85,-1.68,-0.1,66763.0,39160437.77,2.69,5.98,5.82,5.95,5.95,1.21,1.22,-25.09,0.84,3210631515.0,3210631515.0,0.0,0.34,-14.47,-10.55
5079,002737,葵花药业,13.43,-1.68,-0.23,45907.0,62156289.27,2.42,13.75,13.42,13.74,13.66,0.73,0.79,17.78,2.05,7843120000.0,7843115971.0,-0.22,-0.22,-1.03,-7.82
5080,603801,志邦家居,5.87,-1.68,-0.1,79357.0,46878359.0,3.02,6.03,5.85,5.99,5.97,0.85,1.83,-6.76,0.86,2549643205.0,2549643205.0,0.0,0.17,-29.95,-32.99
5081,000937,冀中能源,4.67,-1.68,-0.08,184441.0,86482552.75,2.74,4.78,4.65,4.77,4.75,0.8,0.49,40.74,0.96,18151830168.0,17637345375.0,-0.21,-0.43,-7.52,-2.71
5082,600420,国药现代,8.77,-1.68,-0.15,75921.0,67230828.0,2.58,8.99,8.76,8.92,8.92,0.87,0.57,21.25,0.86,11762084509.0,11762084509.0,0.0,0.0,-7.0,-11.41
5083,600081,东风科技,9.95,-1.68,-0.17,30500.0,30490599.0,2.17,10.15,9.93,10.15,10.12,1.06,0.55,34.48,1.19,5502610392.0,5502610392.0,0.0,0.0,-16.03,-15.89
5084,002351,漫步者,10.45,-1.69,-0.18,77359.0,81176776.97,2.54,10.69,10.42,10.67,10.63,0.84,1.48,22.72,3.21,9291168150.0,5445043299.0,0.0,0.1,-6.03,-11.89
5085,002749,国光股份,8.71,-1.69,-0.15,53788.0,46997441.56,2.37,8.9,8.69,8.88,8.86,0.75,0.99,20.15,2.73,4846867183.0,4741019779.0,0.0,-0.11,-16.41,-20.38
5086,600581,*ST八钢,2.32,-1.69,-0.04,70693.0,16437841.0,2.12,2.36,2.31,2.36,2.36,0.89,0.46,-2.72,-1.69,3556323058.0,3556323058.0,0.0,0.43,-14.07,-30.54
5087,600817,宇通重工,9.33,-1.69,-0.16,22383.0,20990453.0,2.21,9.52,9.31,9.52,9.49,0.98,0.42,27.82,2.06,4964183673.0,4940158923.0,0.0,-0.11,-15.26,-14.95
5088,002568,百润股份,19.61,-1.7,-0.34,182019.0,357260996.1,2.61,19.98,19.46,19.86,19.95,0.8,2.39,23.59,4.32,20426240777.0,14944948293.0,0.05,0.0,8.94,-8.83
5089,000526,学大教育,35.1,-1.71,-0.61,73235.0,255749917.46,4.0,35.8,34.37,35.75,35.71,1.01,6.03,11.79,4.11,4277324926.0,4263720166.0,0.0,0.14,-1.43,-10.5
5090,000039,中集集团,8.6,-1.71,-0.15,302468.0,260998270.87,3.89,8.84,8.5,8.79,8.75,0.73,1.31,55.48,1.0,46375675311.0,19792101413.0,0.12,0.0,-34.85,-14.77
5091,002352,顺丰控股,34.45,-1.71,-0.6,225765.0,777816811.88,2.51,35.15,34.27,35.02,35.05,0.92,0.47,17.95,1.84,181389863287.0,165329520673.0,0.12,0.15,-6.89,-9.1
5092,601500,通用股份,4.02,-1.71,-0.07,159664.0,64542792.0,2.69,4.12,4.01,4.12,4.09,1.15,1.01,12.62,1.04,6389049255.0,6363662955.0,0.0,-0.25,-12.99,-16.6
5093,300483,首华燃气,21.86,-1.71,-0.38,111961.0,246664738.4,3.37,22.48,21.73,22.22,22.24,0.52,2.91,39.41,2.29,8418455196.0,8412552996.0,-0.05,-0.05,3.95,54.16
5094,002493,荣盛石化,12.05,-1.71,-0.21,464969.0,559648123.57,3.59,12.24,11.8,12.2,12.26,0.94,0.5,10.69,2.65,120372779161.0,112523710411.0,0.0,0.17,-7.02,3.79
5095,600106,重庆路桥,4.58,-1.72,-0.08,160096.0,73736383.0,2.58,4.69,4.57,4.66,4.66,1.0,1.2,57.32,1.15,6086934784.0,6086934784.0,-0.22,-0.22,-24.05,-26.48
5096,002120,韵达股份,6.85,-1.72,-0.12,325544.0,224174692.5,2.58,7.02,6.84,7.0,6.97,0.93,1.16,10.19,0.96,19859529083.0,19283639904.0,-0.15,0.0,-11.15,4.74
5097,600210,紫江企业,6.27,-1.72,-0.11,168953.0,106562882.0,2.04,6.39,6.26,6.39,6.38,1.06,1.11,10.89,1.49,9509935711.0,9509935711.0,0.0,0.0,-4.42,-10.43
5098,601019,山东出版,7.45,-1.72,-0.13,91446.0,68488135.0,2.9,7.64,7.42,7.58,7.58,0.78,0.44,11.84,1.02,15547405000.0,15547405000.0,-0.27,-0.13,0.81,-11.41
5099,601857,中国石油,10.86,-1.72,-0.19,1295415.0,1409900468.0,1.72,11.02,10.83,10.98,11.05,0.77,0.08,10.28,1.26,1987607819103.0,1758473765103.0,-0.28,-0.28,0.0,6.89
5100,603518,锦泓集团,7.98,-1.72,-0.14,77313.0,62187634.0,3.57,8.24,7.95,8.13,8.12,1.14,2.25,6.22,0.73,2755908832.0,2745710392.0,0.25,0.13,-16.53,-16.09
5101,600231,凌钢股份,1.71,-1.72,-0.03,145622.0,25117487.0,3.45,1.76,1.7,1.75,1.74,0.78,0.51,-2.56,1.38,4911228382.0,4850215582.0,-0.58,0.0,-20.09,-20.09
5102,603489,八方股份,26.23,-1.72,-0.46,34347.0,90203433.0,2.92,26.88,26.1,26.7,26.69,1.48,1.46,34.38,2.25,6154029589.0,6154029589.0,0.04,0.15,-31.98,-13.8
5103,603055,台华新材,8.52,-1.73,-0.15,47074.0,40368354.0,2.88,8.75,8.5,8.75,8.67,0.92,0.53,14.4,1.45,7585302682.0,7557674026.0,0.0,-0.12,-4.91,-7.99
5104,600827,百联股份,7.95,-1.73,-0.14,125808.0,100666380.0,2.22,8.13,7.95,8.1,8.09,0.75,0.78,4.48,0.7,14184136530.0,12755376864.0,-0.13,0.0,-4.1,-10.07
5105,002320,海峡股份,6.83,-1.73,-0.12,193311.0,132858926.0,2.59,6.99,6.81,6.98,6.95,0.89,0.86,31.27,3.79,15270500251.0,15270500251.0,0.0,0.15,-19.27,-43.69
5106,000913,钱江摩托,11.94,-1.73,-0.21,67847.0,81376553.83,3.37,12.29,11.88,12.29,12.15,0.79,1.3,-40.37,1.25,6285347340.0,6210025940.0,0.0,-0.17,-5.91,-19.43
5107,000059,华锦股份,4.55,-1.73,-0.08,193254.0,88379438.97,2.38,4.64,4.53,4.63,4.63,0.83,1.21,41.02,0.75,7277463543.0,7277329091.0,0.0,0.0,-11.99,-14.95
5108,688271,联影医疗,114.42,-1.74,-2.03,53397.0,614962516.0,2.54,117.17,114.21,116.8,116.45,0.83,0.65,59.1,4.32,94300156987.0,94300156987.0,-0.04,-0.05,-1.68,-8.7
5109,601900,南方传媒,11.83,-1.74,-0.21,74670.0,88777958.0,2.66,12.12,11.8,12.04,12.04,1.03,0.85,8.69,1.21,10433706212.0,10433706212.0,0.08,-0.08,-0.92,-7.94
5110,600528,中铁工业,7.35,-1.74,-0.13,146326.0,108371844.0,2.27,7.51,7.34,7.46,7.48,1.03,0.66,12.8,0.64,16328404172.0,16328404172.0,-0.27,-0.14,-7.89,-10.15
5111,000031,大悦城,2.24,-1.75,-0.04,298189.0,66728864.34,3.07,2.29,2.22,2.27,2.28,0.97,0.7,-10.85,0.94,9601341879.0,9601322530.0,0.0,0.0,-28.21,-20.57
5112,000717,中南股份,2.24,-1.75,-0.04,177852.0,39912777.83,3.51,2.3,2.22,2.28,2.28,0.95,0.73,-23.54,0.81,5429414122.0,5428776562.0,0.0,0.0,-9.31,-13.51
5113,603609,禾丰股份,6.19,-1.75,-0.11,28275.0,17586641.0,2.54,6.34,6.18,6.29,6.3,1.0,0.31,161.53,0.88,5595863577.0,5595863577.0,0.16,0.0,-11.19,-12.69
5114,601399,国机重装,3.37,-1.75,-0.06,908985.0,308067819.0,2.62,3.45,3.36,3.43,3.43,1.08,1.26,47.85,1.63,24309683349.0,24309683349.0,0.0,0.0,-23.06,-29.5
5115,002763,汇洁股份,7.31,-1.75,-0.13,73743.0,54009800.45,3.63,7.52,7.25,7.45,7.44,0.92,2.43,8.17,1.92,2996544440.0,2219419802.0,0.14,0.27,-19.23,13.86
5116,600348,华阳股份,8.42,-1.75,-0.15,247302.0,209051890.0,2.8,8.61,8.37,8.59,8.57,0.93,0.69,15.7,1.12,30375150000.0,30375150000.0,-0.12,0.0,-13.91,4.99
5117,600566,济川药业,26.38,-1.75,-0.47,53826.0,142700121.0,2.46,26.96,26.3,26.85,26.85,0.91,0.59,15.19,1.82,24315270639.0,24233231477.0,-0.04,0.15,-2.26,7.41
5118,600998,九州通,5.06,-1.75,-0.09,345187.0,175930124.0,2.52,5.18,5.05,5.15,5.15,0.99,0.68,8.7,0.97,25514899384.0,25514899384.0,0.0,0.0,4.55,2.85
5119,000514,渝 开 发,3.9,-1.76,-0.07,102081.0,39916106.68,3.02,4.0,3.88,3.98,3.97,0.95,1.21,25.48,0.9,3290706764.0,3290706764.0,0.0,0.52,-23.98,-20.57
5120,601801,皖新传媒,5.59,-1.76,-0.1,124466.0,69937565.0,3.34,5.76,5.57,5.65,5.69,0.82,0.64,8.18,0.93,10944835615.0,10944835615.0,0.0,0.0,-4.93,-10.99
5121,600150,中国船舶,34.48,-1.77,-0.62,754154.0,2608412378.0,1.85,35.05,34.4,34.93,35.1,0.81,1.0,13.42,1.77,259483422010.0,259483422010.0,0.03,0.06,-15.53,4.8
5122,000507,珠海港,4.99,-1.77,-0.09,152024.0,76106536.85,2.56,5.1,4.97,5.09,5.08,1.27,1.68,16.82,0.77,4589477126.0,4502748730.0,0.2,0.2,-4.59,-3.29
5123,600116,三峡水利,6.67,-1.77,-0.12,202808.0,136119919.0,2.8,6.85,6.66,6.78,6.79,0.9,1.06,98.64,1.14,12753993170.0,12753993170.0,0.0,-0.15,-0.6,3.89
5124,601368,绿城水务,4.42,-1.78,-0.08,59912.0,26649745.0,2.44,4.52,4.41,4.48,4.5,1.17,0.68,38.59,0.81,3902741000.0,3902741000.0,-0.23,0.23,-11.6,-10.34
5125,601021,春秋航空,45.77,-1.78,-0.83,71295.0,326404091.0,3.07,46.98,45.55,46.89,46.6,1.04,0.73,11.39,2.47,44778320771.0,44778320771.0,0.04,0.13,-1.34,-22.41
5126,600872,中炬高新,19.83,-1.78,-0.36,143643.0,285954182.0,2.67,20.29,19.75,20.14,20.19,0.72,1.86,14.61,2.74,15354240938.0,15288691049.0,0.05,0.0,-2.27,15.9
5127,600025,华能水电,9.94,-1.78,-0.18,262377.0,261536132.0,2.47,10.16,9.91,10.12,10.12,0.92,0.14,30.0,2.76,185193076915.0,185193076915.0,0.0,0.0,5.63,11.94
5128,603165,荣晟环保,13.81,-1.78,-0.25,57130.0,79022086.0,2.92,14.13,13.72,14.08,14.06,1.17,1.83,14.24,1.84,4318778900.0,4318778900.0,0.0,0.0,-18.91,23.52
5129,600790,轻纺城,3.32,-1.78,-0.06,132300.0,44185472.0,2.96,3.42,3.32,3.38,3.38,0.88,0.9,3.48,0.84,4866425881.0,4866425881.0,-0.3,-0.3,-28.14,-10.75
5130,000906,浙商中拓,5.52,-1.78,-0.1,69526.0,38517191.0,2.49,5.64,5.5,5.63,5.62,0.98,0.99,5.24,0.81,3917340748.0,3870843497.0,0.18,0.0,-17.24,-4.66
5131,603658,安图生物,33.56,-1.79,-0.61,28188.0,95368152.0,2.17,34.3,33.56,34.25,34.17,0.78,0.49,20.28,2.28,19177015214.0,19177015214.0,-0.18,-0.18,-0.39,-1.61
5132,000608,阳光股份,6.59,-1.79,-0.12,554971.0,375202666.8,10.43,7.25,6.55,6.92,6.71,1.82,7.45,-52.63,2.41,4941928706.0,4912367614.0,0.15,0.0,71.61,150.57
5133,002003,伟星股份,10.4,-1.79,-0.19,147041.0,153835149.58,3.68,10.72,10.33,10.58,10.59,0.79,1.44,33.21,2.94,12364452391.0,10629849027.0,-0.29,-0.19,11.71,1.96
5134,000410,沈阳机床,4.91,-1.8,-0.09,216418.0,106493433.72,3.2,5.02,4.86,5.02,5.0,1.48,1.1,-96.1,3.11,13006948474.0,9677700015.0,0.0,0.2,-20.55,-31.33
5135,002891,中宠股份,31.67,-1.8,-0.58,147056.0,468364621.77,5.09,33.08,31.44,32.68,32.25,0.71,4.57,34.86,3.01,10194501616.0,10194501616.0,0.03,0.06,-3.24,-38.62
5136,600573,惠泉啤酒,9.78,-1.81,-0.18,79095.0,77675313.0,2.61,9.98,9.72,9.95,9.96,0.89,3.16,74.32,1.82,2445000000.0,2445000000.0,0.0,0.2,-29.44,-17.33
5137,605333,沪光股份,17.4,-1.81,-0.32,25991.0,45512963.0,2.65,17.87,17.4,17.58,17.72,0.87,0.56,66.71,2.41,8074303064.0,8074303064.0,-0.11,0.0,-27.71,-41.28
5138,300707,威唐工业,11.93,-1.81,-0.22,52020.0,62380973.54,2.47,12.18,11.88,12.16,12.15,1.22,3.62,-44.84,1.87,2074627131.0,1712915627.0,0.0,0.17,-22.58,-27.21
5139,603288,海天味业,37.33,-1.81,-0.69,201578.0,754899577.0,2.39,38.09,37.18,37.86,38.02,0.86,0.36,22.35,5.85,218448625160.0,207577218308.0,0.03,0.08,-0.05,3.93
5140,603299,苏盐井神,9.24,-1.81,-0.17,53806.0,50149806.0,2.66,9.48,9.23,9.48,9.41,1.01,0.69,20.18,1.11,8821981827.0,7211877140.0,0.0,0.0,-10.38,-9.14
5141,603199,九华旅游,32.38,-1.82,-0.6,16382.0,53340794.0,2.15,33.04,32.33,33.01,32.98,1.04,1.48,12.88,2.19,3583818400.0,3583818400.0,0.09,0.09,-6.77,-10.03
5142,600925,苏能股份,4.32,-1.82,-0.08,92331.0,40111043.0,1.82,4.4,4.32,4.4,4.4,1.06,0.57,38.05,1.93,29760000000.0,6938129892.0,-0.23,-0.23,-6.49,-4.42
5143,603130,云中马,40.96,-1.82,-0.76,37051.0,153958281.0,5.44,42.98,40.71,42.0,41.72,2.27,2.69,98.0,4.01,5632581632.0,5632581632.0,0.2,0.07,-20.23,-27.4
5144,000709,河钢股份,2.16,-1.82,-0.04,967136.0,210103522.69,3.18,2.22,2.15,2.21,2.2,0.94,0.94,17.28,0.43,22328181559.0,22324490780.0,-0.46,0.47,-8.09,-4.85
5145,600597,光明乳业,7.02,-1.82,-0.13,100600.0,71039798.0,2.38,7.18,7.01,7.14,7.15,0.72,0.73,36.3,1.05,9676885816.0,9676756648.0,0.0,-0.14,-5.14,-13.23
5146,600305,恒顺醋业,7.02,-1.82,-0.13,83633.0,59018457.0,2.1,7.16,7.01,7.16,7.15,0.74,0.76,29.09,2.35,7754781069.0,7742778554.0,-0.28,-0.43,-4.88,-10.0
5147,600320,振华重工,4.29,-1.83,-0.08,390948.0,168549588.0,2.52,4.39,4.28,4.37,4.37,0.95,1.18,14.98,1.44,22550649860.0,14200783307.0,0.0,0.0,-19.36,-15.55
5148,300076,*ST宁视,4.29,-1.83,-0.08,84704.0,36547833.0,3.43,4.4,4.25,4.39,4.37,2.28,2.0,-51.21,2.17,1818960000.0,1818960000.0,0.47,0.7,-13.33,-48.31
5149,001269,欧晶科技,19.28,-1.83,-0.36,28479.0,55296458.2,3.41,19.8,19.13,19.66,19.64,0.84,1.48,-85.31,5.5,3709710416.0,3709710416.0,0.21,0.31,-15.22,-19.93
5150,301215,中汽股份,5.33,-1.84,-0.1,114240.0,61226167.08,2.58,5.45,5.31,5.43,5.43,1.02,0.86,37.79,2.44,7056387000.0,7048392000.0,0.19,0.19,-16.46,-21.5
5151,600273,嘉化能源,6.95,-1.84,-0.13,167585.0,117139952.0,2.26,7.09,6.93,7.08,7.08,0.98,1.28,22.04,0.93,9113598398.0,9113598398.0,-0.14,-0.14,-11.01,-18.14
5152,002440,闰土股份,12.75,-1.85,-0.24,582326.0,742476507.22,3.54,13.02,12.56,13.0,12.99,0.73,6.15,19.5,1.45,14330998789.0,12066082707.0,-0.08,-0.08,23.19,75.38
5153,600649,城投控股,3.72,-1.85,-0.07,156652.0,58664814.0,2.37,3.81,3.72,3.79,3.79,0.88,0.63,318.91,0.44,9269498857.0,9269498857.0,0.0,0.0,-14.68,-15.65
5154,600015,华夏银行,6.89,-1.85,-0.13,776142.0,535209145.0,2.28,7.01,6.85,7.0,7.02,0.71,0.5,5.5,0.35,109653857145.0,106017973243.0,0.0,0.0,9.02,6.82
5155,300783,三只松鼠,18.01,-1.85,-0.34,91815.0,166637293.39,2.51,18.42,17.96,18.2,18.35,0.67,3.28,6.62,2.28,7234372064.0,5047886024.0,-0.06,0.06,-6.97,-21.8
5156,300761,立华股份,18.49,-1.86,-0.35,67440.0,124799855.0,2.71,18.88,18.37,18.84,18.84,0.9,1.06,25.26,1.67,15648777065.0,11779617243.0,0.05,0.05,-15.76,-9.8
5157,601211,国泰海通,17.96,-1.86,-0.34,1073791.0,1932915191.0,3.06,18.44,17.88,18.3,18.3,1.01,0.8,12.39,0.98,316614040341.0,242404507066.0,-0.11,-0.06,13.53,-11.09
5158,002705,新宝股份,11.63,-1.86,-0.22,75169.0,88105599.0,2.62,11.91,11.6,11.9,11.85,0.96,0.93,29.96,1.12,9442115321.0,9392746716.0,0.09,0.26,-17.28,-16.69
5159,600115,中国东航,3.69,-1.86,-0.07,1686949.0,624068459.0,2.93,3.78,3.67,3.77,3.76,0.98,0.99,12.48,5.78,81503748312.0,62822120455.0,0.0,-0.27,-18.36,-38.5
5160,600326,西藏天路,6.87,-1.86,-0.13,476183.0,327275348.0,3.29,7.05,6.82,7.0,7.0,0.66,3.5,-62.99,2.39,9360130586.0,9360130586.0,0.0,0.15,-29.1,-37.72
5161,003012,东鹏控股,4.76,-1.86,-0.09,94198.0,45037386.0,3.09,4.89,4.74,4.85,4.85,0.79,0.83,-27.55,0.76,5507230312.0,5400635562.0,0.0,0.21,-11.19,-24.56
5162,000860,顺鑫农业,11.08,-1.86,-0.21,87313.0,97516832.2,2.57,11.35,11.06,11.29,11.29,0.7,1.18,17.75,1.2,8218778238.0,8218778238.0,0.09,0.09,-11.71,-24.37
5163,000661,长春高新,77.17,-1.87,-1.47,113913.0,885707850.9,2.96,79.27,76.94,78.41,78.64,1.2,2.85,28.54,1.42,31480539113.0,30838256213.0,0.0,-0.04,-14.1,-16.47
5164,600335,国机汽车,5.24,-1.87,-0.1,101402.0,53395062.0,2.25,5.36,5.24,5.34,5.34,0.9,0.68,15.47,0.67,7794274114.0,7794274114.0,-0.19,-0.19,-12.52,-18.51
5165,002078,太阳纸业,14.19,-1.87,-0.27,171565.0,243543541.6,2.28,14.46,14.13,14.43,14.46,0.84,0.62,10.94,1.29,39654453339.0,39410660185.0,0.0,0.14,-1.6,-8.75
5166,603193,润本股份,21.4,-1.88,-0.41,30549.0,65773152.0,3.07,21.96,21.29,21.9,21.81,0.47,2.96,41.12,3.99,8658296920.0,2211397120.0,0.0,0.28,-13.78,-10.72
5167,000902,新洋丰,13.59,-1.88,-0.26,113396.0,154959736.2,2.38,13.88,13.55,13.88,13.85,1.0,0.99,8.55,1.42,17051836215.0,15530424599.0,-0.15,-0.07,-11.7,-11.87
5168,600787,中储股份,4.71,-1.88,-0.09,205898.0,97539932.0,2.08,4.81,4.71,4.79,4.8,1.09,0.95,34.89,0.74,10221074831.0,10221074831.0,-0.21,-0.42,-8.9,-14.52
5169,600690,海尔智家,22.49,-1.88,-0.43,523411.0,1181288118.0,1.92,22.89,22.45,22.81,22.92,0.91,0.84,11.33,1.68,210902890829.0,140630608963.0,-0.13,0.04,4.65,-13.8
5170,000928,中钢国际,5.19,-1.89,-0.1,171553.0,89597292.13,2.46,5.31,5.18,5.3,5.29,1.06,1.2,10.09,0.9,7445805583.0,7445714498.0,0.0,0.19,-19.91,-18.91
5171,600018,上港集团,5.19,-1.89,-0.1,587733.0,305438728.0,2.27,5.29,5.17,5.28,5.29,0.96,0.25,7.54,0.85,120822995016.0,120650468237.0,0.0,0.19,4.43,-0.76
5172,600073,光明肉业,5.18,-1.89,-0.1,106965.0,55743314.0,2.84,5.31,5.16,5.3,5.28,1.37,1.14,24.48,1.04,4857438665.0,4857438665.0,0.19,0.0,-11.9,-19.06
5173,603997,继峰股份,12.97,-1.89,-0.25,146175.0,191825140.0,3.33,13.36,12.92,13.1,13.22,0.8,1.15,31.34,3.13,16501275286.0,16501275286.0,-0.08,0.0,1.41,-5.95
5174,603043,广州酒家,13.97,-1.9,-0.27,32260.0,45424339.0,2.25,14.27,13.95,14.23,14.24,0.72,0.57,37.56,2.1,7924725159.0,7857459609.0,-0.14,-0.21,-5.48,-18.92
5175,000598,兴蓉环境,7.23,-1.9,-0.14,302847.0,219302653.15,2.58,7.38,7.19,7.36,7.37,1.1,1.02,10.23,1.1,21574383053.0,21571489065.0,0.28,0.14,11.06,4.33
5176,002691,*ST冀凯,4.13,-1.9,-0.08,30599.0,12772689.0,3.8,4.26,4.1,4.21,4.21,0.89,0.91,-13.57,1.72,1404200000.0,1387595046.0,-0.24,0.24,-25.45,-54.36
5177,600483,福能股份,10.86,-1.9,-0.21,123498.0,134885741.0,2.89,11.15,10.83,11.07,11.07,0.92,0.44,11.62,1.12,30192392174.0,30192392174.0,0.0,0.18,10.37,19.08
5178,601083,锦江航运,11.31,-1.91,-0.22,58701.0,66812070.0,2.34,11.58,11.31,11.54,11.53,0.7,3.02,10.91,1.65,14636497200.0,2195497200.0,-0.09,-0.18,-3.5,7.2
5179,000563,陕国投Ａ,3.08,-1.91,-0.06,396274.0,123154325.44,2.55,3.16,3.08,3.14,3.14,0.9,0.77,10.82,0.83,15751028703.0,15751028703.0,0.0,0.0,-5.52,-9.14
5180,600166,福田汽车,3.08,-1.91,-0.06,1204075.0,373184360.0,2.55,3.16,3.08,3.14,3.14,0.86,1.52,12.16,1.52,24385593130.0,24385593130.0,0.0,0.0,-15.38,5.48
5181,300662,科锐国际,19.95,-1.92,-0.39,73381.0,147271794.0,2.9,20.44,19.85,20.33,20.34,0.71,3.74,10.68,1.7,3926286862.0,3914892320.0,-0.05,0.0,-20.2,-20.52
5182,000429,粤高速Ａ,14.34,-1.92,-0.28,85436.0,123566894.4,2.39,14.69,14.34,14.66,14.62,0.71,0.66,16.59,2.92,29982159847.0,18689750852.0,-0.07,-0.28,11.16,21.73
5183,601111,中国国航,6.11,-1.93,-0.12,888255.0,543709539.0,2.89,6.26,6.08,6.25,6.23,1.16,0.76,18.26,1.96,125209547893.0,71108848886.0,0.0,0.0,-14.43,-34.79
5184,689009,九号公司-WD,42.66,-1.93,-0.84,99540.0,425613726.0,4.14,43.9,42.1,43.17,43.5,0.62,1.77,38.59,4.68,31391296925.0,23984791055.0,-0.3,-0.26,1.02,-23.26
5185,603129,春风动力,300.5,-1.93,-5.9,16605.0,498902867.0,3.59,308.0,297.0,303.7,306.4,0.74,1.08,27.28,6.27,46121570282.0,46121570282.0,-0.1,-0.01,14.53,9.48
5186,688408,中信博,27.46,-1.93,-0.54,35391.0,98265878.0,2.82,28.19,27.4,27.94,28.0,0.85,1.62,-31.01,1.48,6015549230.0,6015549230.0,-0.07,-0.11,-30.69,-34.79
5187,002553,南方精工,16.19,-1.94,-0.32,127721.0,206402467.69,3.88,16.5,15.86,16.5,16.51,1.33,4.99,5530.44,3.72,5721702055.0,4148034055.0,0.0,0.19,-28.71,-40.5
5188,600072,中船科技,9.08,-1.94,-0.18,215406.0,196736583.0,2.27,9.28,9.07,9.24,9.26,0.83,1.99,-17.24,1.79,13625899358.0,9836702829.0,-0.11,0.0,-33.28,-21.86
5189,603035,常熟汽饰,11.1,-1.94,-0.22,48224.0,53844695.0,2.21,11.33,11.08,11.3,11.32,1.18,1.32,14.2,0.76,4066452588.0,4066452588.0,0.0,0.0,-16.23,-27.5
5190,600012,皖通高速,16.64,-1.94,-0.33,73489.0,122938968.0,3.12,17.05,16.52,16.92,16.97,0.73,0.63,13.25,2.32,28430969033.0,19395584000.0,-0.12,-0.06,8.9,17.51
5191,600125,铁龙物流,5.55,-1.94,-0.11,116609.0,64944323.0,2.3,5.66,5.53,5.66,5.66,0.98,0.89,8.37,0.94,7245646401.0,7245646401.0,0.0,0.18,-7.5,-12.87
5192,600993,马应龙,24.64,-1.95,-0.49,63971.0,158864758.0,2.67,25.23,24.56,25.18,25.13,0.89,1.49,12.49,2.48,10621167874.0,10603034682.0,-0.04,0.0,-5.52,-12.0
5193,600053,*ST九鼎,7.53,-1.95,-0.15,15618.0,11798027.0,3.39,7.74,7.48,7.74,7.68,1.01,0.36,-23.86,1.47,3264562224.0,3264562224.0,0.0,0.4,-23.16,-62.1
5194,000927,中国铁物,2.52,-1.95,-0.05,465605.0,118277656.72,2.33,2.58,2.52,2.58,2.57,0.99,0.77,37.6,1.59,15246891175.0,15246883464.0,0.0,0.0,-10.0,-1.95
5195,600461,洪城环境,9.06,-1.95,-0.18,140478.0,127950315.0,2.06,9.24,9.05,9.24,9.24,1.11,1.09,9.2,1.2,11634460717.0,11634460717.0,0.0,-0.11,-7.93,2.95
5196,300973,立高食品,25.15,-1.95,-0.5,31325.0,79244084.0,2.92,25.8,25.05,25.65,25.65,0.68,2.64,16.63,1.74,4258917247.0,2981878665.0,0.24,0.12,-14.08,-40.84
5197,603689,皖天然气,7.5,-1.96,-0.15,44415.0,33535777.0,2.61,7.69,7.49,7.67,7.65,1.3,0.85,8.6,1.09,3943600088.0,3925859738.0,0.0,-0.13,-7.52,-3.97
5198,600370,*ST三房,1.5,-1.96,-0.03,384030.0,57327971.0,4.58,1.54,1.47,1.53,1.53,1.6,0.95,46.07,1.22,6033993191.0,6033993191.0,0.0,0.67,-27.54,-33.63
5199,002572,索菲亚,8.52,-1.96,-0.17,119206.0,102313172.71,2.65,8.75,8.52,8.7,8.69,0.68,1.83,-53.38,1.24,8205161837.0,5550470042.0,0.0,-0.12,-24.8,-33.49
5200,600662,外服控股,4.51,-1.96,-0.09,148262.0,67262629.0,2.39,4.62,4.51,4.61,4.6,0.95,0.65,10.88,1.9,10298328399.0,10268196800.0,0.0,-0.22,-10.52,-10.16
5201,002895,川恒股份,33.52,-1.96,-0.67,69062.0,231858894.74,3.33,34.25,33.11,34.1,34.19,0.83,1.15,26.92,2.9,20309981958.0,20097207054.0,-0.21,-0.15,-1.27,-4.66
5202,001914,招商积余,8.95,-1.97,-0.18,89177.0,79983832.99,3.4,9.19,8.88,9.13,9.13,1.26,0.85,10.11,0.88,9430792729.0,9430758719.0,0.22,0.11,-14.02,-14.11
5203,600919,江苏银行,11.46,-1.97,-0.23,1015318.0,1166452325.0,2.22,11.68,11.42,11.67,11.69,0.86,0.55,4.81,0.6,210306178346.0,210306178346.0,-0.09,-0.09,2.96,16.46
5204,601808,中海油服,12.42,-1.97,-0.25,180456.0,224881106.0,2.05,12.64,12.38,12.6,12.67,0.83,0.61,17.31,1.28,59263172640.0,36769012560.0,-0.08,0.0,-12.16,-9.74
5205,002014,永新股份,10.88,-1.98,-0.22,53248.0,58192041.44,2.88,11.13,10.81,11.11,11.1,1.16,0.88,18.36,2.77,6663911502.0,6557314343.0,0.28,0.18,-1.98,-6.61
5206,601888,中国中免,56.82,-1.98,-1.15,372831.0,2124765236.0,2.31,57.96,56.62,57.76,57.97,0.82,1.91,19.0,2.06,118060405312.0,110939660410.0,0.02,0.11,-8.71,-39.62
5207,600681,百川能源,3.46,-1.98,-0.07,227448.0,79098245.0,2.55,3.54,3.45,3.51,3.53,1.23,1.7,10.33,1.29,4639357643.0,4635738351.0,0.0,0.29,-14.57,-18.78
5208,000058,深 赛 格,6.93,-1.98,-0.14,127378.0,88969394.0,3.25,7.13,6.9,7.09,7.07,1.04,1.29,86.33,4.25,8532220657.0,6824243723.0,0.14,0.29,-17.79,-26.12
5209,920781,瑞奇智造,5.93,-1.98,-0.12,63244.0,36845588.14,5.62,6.0,5.66,5.98,6.05,1.81,5.25,-32.45,2.59,916582630.0,713772088.0,0.51,0.68,-20.62,-33.82
5210,002507,涪陵榨菜,11.91,-1.98,-0.24,131077.0,157040310.06,2.3,12.19,11.91,12.13,12.15,0.78,1.14,12.61,1.57,13743175623.0,13705779474.0,-0.17,-0.08,-2.22,-4.64
5211,000876,新 希 望,6.92,-1.98,-0.14,370375.0,257270183.18,2.97,7.11,6.9,7.05,7.06,1.31,0.82,-8.68,1.65,31159205941.0,31140045229.0,0.14,0.14,-20.64,-24.95
5212,000998,隆平高科,8.37,-1.99,-0.17,163717.0,137771387.22,2.22,8.54,8.35,8.53,8.54,1.06,1.25,-23.5,1.83,12299280271.0,11001616956.0,-0.12,-0.12,-9.12,-10.19
5213,601010,ST文峰,1.48,-1.99,-0.03,206400.0,30743014.0,3.31,1.52,1.47,1.51,1.51,0.76,1.14,14.64,0.65,2676870376.0,2676870376.0,-0.67,-0.67,-26.0,-45.79
5214,920396,常辅股份,21.68,-1.99,-0.44,60079.0,128018627.49,5.15,21.94,20.8,21.1,22.12,1.89,11.71,55.45,4.41,1565754228.0,1112373765.0,0.23,0.46,-27.08,-33.31
5215,600694,大商股份,14.68,-2.0,-0.3,53507.0,79181068.0,3.47,15.15,14.63,14.98,14.98,1.22,1.41,5.06,0.63,5560690209.0,5560690209.0,0.07,0.07,-7.38,-4.61
5216,300791,仙乐健康,17.11,-2.0,-0.35,17606.0,30436878.15,3.32,17.64,17.06,17.46,17.46,1.12,0.68,26.46,1.91,5281714354.0,4405820603.0,-0.12,-0.12,-9.13,-33.5
5217,002207,*ST准油,5.88,-2.0,-0.12,116277.0,68800517.0,3.33,6.04,5.84,5.97,6.0,0.83,4.46,-24.52,131.58,1540885623.0,1533573972.0,0.0,0.17,-29.58,-20.54
5218,600559,老白干酒,12.26,-2.0,-0.25,123815.0,153001390.0,2.48,12.55,12.24,12.51,12.51,0.62,1.35,16.95,2.12,11214803663.0,11214803663.0,0.0,0.0,-9.05,-22.6
5219,300850,新强联,30.2,-2.01,-0.62,164074.0,496382874.05,3.89,31.1,29.9,30.5,30.82,0.7,5.45,20.9,1.78,12505392217.0,9083712859.0,0.0,0.0,-27.35,-26.48
5220,002267,陕天然气,7.33,-2.01,-0.15,72587.0,53471464.82,2.14,7.47,7.31,7.47,7.48,1.08,0.65,5.49,1.2,8151513012.0,8151513012.0,-0.14,0.14,-5.3,0.0
5221,600822,上海物贸,8.23,-2.02,-0.17,51543.0,42694787.0,3.45,8.47,8.18,8.42,8.4,1.88,1.3,173.59,3.29,4081857082.0,3260297283.0,0.0,0.24,-18.27,-23.16
5222,920403,康农种业,18.47,-2.02,-0.38,16171.0,29733389.31,3.5,18.78,18.12,18.78,18.85,0.74,2.49,67.37,3.71,2018719062.0,1200604265.0,0.16,0.33,-10.9,-10.08
5223,603227,雪峰科技,7.75,-2.02,-0.16,64275.0,50136481.0,2.53,7.94,7.74,7.9,7.91,0.73,0.6,45.45,1.64,8305618340.0,8305618340.0,0.0,0.0,-9.57,-5.14
5224,000778,新兴铸管,3.88,-2.02,-0.08,659144.0,257216327.62,2.27,3.97,3.88,3.96,3.96,0.96,1.69,19.49,0.58,15377147266.0,15106859113.0,0.0,0.0,-13.0,-5.6
5225,601998,中信银行,7.74,-2.03,-0.16,555828.0,430731885.0,2.66,7.89,7.68,7.86,7.9,0.86,0.14,5.36,0.59,430693555923.0,315505614481.0,-0.13,-0.13,-4.09,3.06
5226,603187,海容冷链,12.08,-2.03,-0.25,91853.0,111481106.0,2.76,12.39,12.05,12.37,12.33,1.39,2.4,11.17,1.11,4667682295.0,4618931643.0,0.0,0.0,-16.69,-20.21
5227,600020,中原高速,3.87,-2.03,-0.08,181508.0,70469840.0,2.53,3.95,3.85,3.94,3.95,1.38,0.81,5.92,0.75,8697328990.0,8697328990.0,0.26,0.26,1.31,-6.52
5228,600418,江淮汽车,25.04,-2.03,-0.52,1105111.0,2749142928.0,3.91,25.56,24.56,25.26,25.56,0.94,5.06,-23.29,4.49,56444622003.0,54687605167.0,0.0,0.04,-51.28,-49.41
5229,600495,晋西车轴,3.86,-2.03,-0.08,122926.0,47781700.0,3.3,3.98,3.85,3.98,3.94,1.34,1.02,2612.85,1.43,4663616820.0,4663616820.0,0.0,0.0,-11.26,-18.91
5230,300530,领湃科技,19.8,-2.03,-0.41,117557.0,232878693.15,5.54,20.59,19.47,20.39,20.21,0.85,6.84,-26.7,46.83,3404636809.0,3404636809.0,-0.1,0.76,-20.16,-25.84
5231,603866,桃李面包,4.33,-2.04,-0.09,129616.0,56550833.0,2.71,4.44,4.32,4.4,4.42,0.85,0.81,33.41,1.4,6926783941.0,6926783941.0,0.0,0.0,-9.98,-14.43
5232,600007,中国国贸,18.6,-2.05,-0.39,32215.0,60142671.0,2.47,19.04,18.57,18.93,18.99,1.2,0.32,15.33,2.09,18735455132.0,18735455132.0,-0.05,0.0,-12.39,-0.8
5233,603338,浙江鼎力,56.85,-2.05,-1.19,71282.0,406205422.0,4.17,58.78,56.36,57.57,58.04,1.11,1.41,15.89,2.56,28785876921.0,28785876921.0,0.12,-0.02,0.78,2.45
5234,002096,易普力,9.56,-2.05,-0.2,77691.0,74782585.72,2.36,9.79,9.56,9.77,9.76,0.97,0.63,27.59,1.52,11858613761.0,11858593599.0,0.0,-0.1,-12.77,-26.8
5235,600399,抚顺特钢,4.3,-2.05,-0.09,403082.0,174459627.0,2.51,4.4,4.29,4.39,4.39,1.12,2.04,-14.48,1.58,8480030000.0,8480030000.0,0.0,0.0,-24.3,-26.37
5236,002911,佛燃能源,11.48,-2.05,-0.24,76204.0,87538314.11,3.16,11.76,11.39,11.71,11.72,0.87,0.6,22.6,1.81,14903058528.0,14545596251.0,0.35,0.26,-3.45,-1.03
5237,688279,峰岹科技,156.0,-2.06,-3.28,25289.0,392845901.0,6.27,161.98,152.0,161.07,159.28,1.3,2.7,50.86,3.51,17957796480.0,14595060480.0,0.09,-0.06,-31.8,-23.04
5238,600439,ST瑞贝卡,1.9,-2.06,-0.04,1107443.0,204511802.0,4.64,1.92,1.83,1.83,1.94,8.91,9.78,140.28,0.85,2150772336.0,2150772336.0,1.06,1.06,-29.89,-31.41
5239,603817,海峡环保,5.65,-2.08,-0.12,96258.0,54858083.0,2.95,5.8,5.63,5.75,5.77,1.24,1.69,11.93,0.99,3220974820.0,3220974820.0,0.0,0.18,-22.07,-19.86
5240,603889,新澳股份,5.64,-2.08,-0.12,110280.0,62639552.0,3.47,5.82,5.62,5.77,5.76,0.96,1.17,11.15,1.51,5353514373.0,5313654688.0,0.0,0.0,-12.01,-3.59
5241,002246,北化股份,20.0,-2.1,-0.43,138498.0,278211155.11,2.94,20.5,19.9,20.5,20.43,0.77,2.52,37.96,3.53,10980695880.0,10980695880.0,-0.05,0.0,-15.25,11.36
5242,600674,川投能源,15.37,-2.1,-0.33,309621.0,477724706.0,2.17,15.68,15.34,15.68,15.7,0.94,0.64,12.89,1.7,74922706946.0,74922706946.0,-0.19,-0.07,3.92,14.7
5243,603833,欧派家居,33.05,-2.1,-0.71,81948.0,271891315.0,2.61,33.78,32.9,33.76,33.76,1.27,1.35,32.52,1.13,20132502254.0,20132502254.0,0.12,0.15,-30.08,-33.41
5244,688050,爱博医疗,41.11,-2.1,-0.88,27958.0,116333338.0,3.14,42.34,41.02,42.21,41.99,1.03,1.45,22.27,2.84,7952225286.0,7952225286.0,0.05,0.07,-19.33,-31.87
5245,000525,红太阳,4.64,-2.11,-0.1,230336.0,107354709.37,3.38,4.77,4.61,4.75,4.74,1.03,2.07,472.23,2.44,6046423630.0,5158566423.0,0.0,0.65,-15.79,-15.02
5246,600894,广日股份,7.88,-2.11,-0.17,69359.0,54843554.0,2.36,8.06,7.87,8.05,8.05,1.35,0.82,184.05,0.78,6675985085.0,6643978227.0,0.0,0.0,-10.86,-10.96
5247,300529,健帆生物,18.49,-2.12,-0.4,70202.0,130843529.0,2.54,18.96,18.48,18.9,18.89,0.89,1.37,16.74,4.65,14766211535.0,9474314367.0,-0.43,-0.11,-5.18,-3.55
5248,002299,圣农发展,16.59,-2.12,-0.36,90553.0,151136342.02,2.24,16.95,16.57,16.94,16.95,0.86,0.74,20.38,1.84,20617559642.0,20216569620.0,-0.12,-0.12,-7.53,1.53
5249,002761,浙江建投,7.38,-2.12,-0.16,123052.0,91548628.0,2.39,7.55,7.37,7.54,7.54,0.86,1.14,8.37,1.14,9777554607.0,7983603624.0,-0.14,0.0,-15.66,-13.38
5250,603589,口子窖,20.28,-2.12,-0.44,81232.0,166052030.0,3.23,20.9,20.23,20.66,20.72,0.75,1.36,9.23,1.16,12129862892.0,12129862892.0,0.0,0.1,-11.67,-31.37
5251,002588,史丹利,8.79,-2.12,-0.19,122783.0,108392490.98,2.56,8.99,8.76,8.98,8.98,1.05,1.43,7.41,1.33,10125130504.0,7547415450.0,0.11,0.23,-14.74,-9.47
5252,002566,益盛药业,6.45,-2.12,-0.14,169032.0,110285303.0,3.49,6.65,6.42,6.6,6.59,1.26,7.29,33.06,0.96,2134637820.0,1495048519.0,0.0,0.0,-22.29,-14.57
5253,600017,日照港,2.76,-2.13,-0.06,326403.0,90852394.0,2.13,2.82,2.76,2.81,2.82,0.98,1.06,22.25,0.61,8488804731.0,8488804731.0,0.0,-0.36,-5.8,-6.76
5254,600004,白云机场,7.82,-2.13,-0.17,116883.0,92119323.0,2.5,8.02,7.82,8.02,7.99,1.0,0.49,30.05,0.99,20154052756.0,18507736973.0,0.0,-0.13,-5.78,-14.81
5255,600547,山东黄金,27.08,-2.13,-0.59,558302.0,1517046786.0,2.93,27.78,26.97,27.47,27.67,0.89,1.54,21.59,4.0,124836891537.0,97879125837.0,0.04,0.07,-23.07,-29.72
5256,600064,南京高科,7.8,-2.13,-0.17,191599.0,149973737.0,2.51,7.97,7.77,7.96,7.97,0.95,1.11,5.38,0.7,13496649223.0,13496649223.0,-0.13,-0.26,-2.38,-6.7
5257,002936,郑州银行,1.83,-2.14,-0.04,1050760.0,193731721.78,3.21,1.88,1.82,1.87,1.87,0.95,1.49,3.89,0.36,16638527185.0,12863611481.0,0.0,-0.54,0.0,-5.18
5258,600426,华鲁恒升,21.02,-2.14,-0.46,422278.0,889199388.0,3.54,21.56,20.8,21.36,21.48,0.96,1.54,12.94,1.72,57803802175.0,57796150853.0,0.0,0.14,-20.95,-12.34
5259,002215,诺 普 信,9.16,-2.14,-0.2,154341.0,141972557.0,2.67,9.38,9.13,9.36,9.36,0.84,1.91,3.06,2.01,9199010700.0,7401847682.0,0.0,-0.11,-11.92,-10.98
5260,600529,山东药玻,19.62,-2.14,-0.43,111334.0,219792384.0,2.24,20.07,19.62,20.05,20.05,0.72,1.68,16.18,1.55,13020108897.0,13020108897.0,-0.1,-0.2,6.75,-0.66
5261,601022,宁波远洋,8.2,-2.15,-0.18,60474.0,50025529.0,2.03,8.37,8.2,8.37,8.38,1.2,0.46,19.22,1.73,10730793339.0,10730793339.0,0.0,0.0,-7.03,-9.99
5262,920090,*ST同辉,3.64,-2.15,-0.08,54683.0,19892162.01,3.49,3.73,3.6,3.7,3.72,1.21,3.67,-29.38,18.9,725574107.0,542115367.0,0.0,0.0,-25.87,-42.68
5263,002867,周大生,12.74,-2.15,-0.28,96622.0,123507350.85,3.23,13.05,12.63,13.0,13.02,1.08,0.9,11.78,2.28,13828937397.0,13747693283.0,-0.08,-0.08,1.27,10.49
5264,600675,XD中华企,2.27,-2.16,-0.05,278595.0,63802254.0,3.02,2.34,2.27,2.32,2.32,0.85,0.46,-37.03,0.96,13724727201.0,13724727201.0,0.0,0.0,-13.69,-15.93
5265,003816,中国广核,4.07,-2.16,-0.09,1304656.0,533000977.85,2.88,4.17,4.05,4.15,4.16,1.23,0.33,18.75,1.63,205530188719.0,160094234969.0,0.0,0.0,-12.85,10.9
5266,603883,老百姓,12.67,-2.16,-0.28,113583.0,145429436.0,3.01,13.04,12.65,12.91,12.95,1.09,1.5,9.11,1.46,9615139290.0,9615139290.0,-0.08,-0.08,-6.77,-12.8
5267,603334,丰倍生物,33.0,-2.16,-0.73,27373.0,90512413.0,3.91,33.97,32.65,33.64,33.73,1.53,8.6,28.96,2.8,4735500000.0,1049951199.0,0.36,0.33,-33.73,-20.39
5268,601825,沪农商行,8.57,-2.17,-0.19,259100.0,224246530.0,2.74,8.8,8.56,8.78,8.76,0.71,0.28,5.76,0.64,82652888894.0,80338962824.0,0.0,-0.23,1.9,-5.82
5269,601838,成都银行,18.07,-2.17,-0.4,287819.0,522293504.0,2.33,18.42,17.99,18.35,18.47,1.2,0.68,6.07,0.87,76588526883.0,76588526883.0,-0.11,0.0,-0.28,18.88
5270,600729,重百集团,20.7,-2.17,-0.46,46771.0,97694775.0,3.02,21.32,20.68,21.26,21.16,0.94,2.43,10.21,1.15,9117378694.0,3984394871.0,-0.14,-0.1,-2.95,-19.89
5271,688349,三一重能,15.26,-2.18,-0.34,104060.0,159846462.0,3.21,15.68,15.18,15.65,15.6,1.05,0.66,33.88,1.75,24314311251.0,23900030330.0,0.07,0.2,-19.22,-20.4
5272,605266,健之佳,16.52,-2.19,-0.37,18031.0,30054883.0,3.61,17.03,16.42,17.03,16.89,1.1,1.17,17.75,1.01,2553049171.0,2553049171.0,0.0,0.06,-14.14,-8.22
5273,688617,惠泰医疗,216.01,-2.19,-4.84,11176.0,242581503.0,4.28,224.35,214.9,219.87,220.85,0.59,0.79,33.31,10.8,30571714284.0,30571714284.0,-0.06,0.0,-6.11,-10.84
5274,000596,古井贡酒,91.44,-2.19,-2.05,52500.0,482335016.97,2.88,93.49,90.8,93.0,93.49,0.59,1.28,7.52,1.99,48335184000.0,37362384000.0,0.2,0.25,-10.58,-28.67
5275,600755,厦门国贸,5.81,-2.19,-0.13,193850.0,113299007.0,2.53,5.95,5.8,5.94,5.94,1.28,0.91,12.2,0.65,12419578574.0,12387840809.0,-0.17,0.0,-6.44,-16.64
5276,601818,光大银行,3.13,-2.19,-0.07,2633205.0,830003917.0,2.5,3.21,3.13,3.2,3.2,1.0,0.57,4.03,0.37,184937774821.0,145253332706.0,0.0,0.0,1.62,-5.72
5277,003006,百亚股份,14.75,-2.19,-0.33,59017.0,87687949.76,2.85,15.17,14.74,15.0,15.08,0.91,1.38,11.03,4.51,6337304903.0,6321451234.0,-0.14,-0.14,-15.03,-31.2
5278,600873,梅花生物,8.0,-2.2,-0.18,261232.0,210516898.0,2.93,8.24,8.0,8.18,8.18,0.74,0.93,47.56,1.47,22433933200.0,22433933200.0,0.0,0.0,-10.41,-17.53
5279,601006,大秦铁路,4.89,-2.2,-0.11,1656945.0,814622428.0,2.8,5.02,4.88,5.01,5.0,1.29,0.83,10.18,0.59,97129545684.0,97129545684.0,0.2,0.2,-6.68,-2.59
5280,000089,深圳机场,6.68,-2.2,-0.15,163691.0,110332318.33,3.22,6.88,6.66,6.86,6.83,1.08,0.8,13.27,1.19,13699140320.0,13699140320.0,0.0,-0.15,-1.47,-2.2
5281,600309,万华化学,73.64,-2.2,-1.66,342856.0,2529617922.0,2.59,75.18,73.23,74.49,75.3,0.9,1.1,15.5,2.14,230527930539.0,230527930539.0,0.01,-0.04,-10.48,-2.37
5282,001227,兰州银行,2.22,-2.2,-0.05,818588.0,183258241.23,2.64,2.27,2.21,2.27,2.27,0.77,1.94,5.94,0.41,12644447713.0,9362850069.0,0.0,0.0,1.37,-0.89
5283,603218,日月股份,10.22,-2.2,-0.23,120434.0,124270134.0,2.49,10.48,10.22,10.45,10.45,1.21,1.17,31.0,1.05,10525031230.0,10515731030.0,-0.1,-0.1,-18.57,-20.59
5284,601228,广州港,3.1,-2.21,-0.07,289592.0,90366860.0,2.52,3.18,3.1,3.16,3.17,1.09,0.38,25.08,1.1,23388047188.0,23388047188.0,-0.32,0.0,-4.32,-3.43
5285,002727,一心堂,11.53,-2.21,-0.26,79600.0,92448505.0,2.54,11.82,11.52,11.77,11.79,0.9,2.03,9.6,0.92,6752015561.0,4530314654.0,-0.09,0.0,-9.36,-8.93
5286,000560,我爱我家,2.21,-2.21,-0.05,809848.0,179385103.44,3.54,2.27,2.19,2.25,2.26,1.15,3.46,238.75,0.56,5205656881.0,5167943989.0,0.45,0.45,-33.83,-24.32
5287,601628,中国人寿,37.66,-2.21,-0.85,456739.0,1738599250.0,2.6,38.58,37.58,38.3,38.51,1.19,0.22,13.64,1.83,1064448790300.0,784214139800.0,0.16,-0.32,0.88,-16.09
5288,601811,新华文轩,12.38,-2.21,-0.28,25566.0,31859571.0,2.61,12.7,12.37,12.59,12.66,0.96,0.32,14.85,1.02,15274951580.0,9803770282.0,0.0,0.0,-6.0,-4.77
5289,300832,新产业,46.89,-2.21,-1.06,57643.0,271570967.98,3.82,48.49,46.66,47.89,47.95,1.04,0.84,20.84,4.31,36842353829.0,32031604084.0,-0.02,-0.02,-2.64,-14.82
5290,600805,悦达投资,4.4,-2.22,-0.1,110439.0,48796851.0,2.67,4.5,4.38,4.46,4.5,1.31,1.3,63.47,0.88,3743935774.0,3741211619.0,0.0,0.23,-16.35,-18.67
5291,600808,马钢股份,2.63,-2.23,-0.06,722314.0,190743225.0,3.35,2.71,2.62,2.68,2.69,0.8,1.21,119.51,0.84,20252791519.0,15695185619.0,0.0,0.38,-31.69,-37.68
5292,300020,ST银江,3.51,-2.23,-0.08,176208.0,61840021.94,4.46,3.61,3.45,3.6,3.59,0.84,2.3,-9.8,2.09,2789319689.0,2690708117.0,0.29,0.57,4.78,0.29
5293,600035,楚天高速,3.5,-2.23,-0.08,237934.0,83945768.0,2.51,3.58,3.49,3.58,3.58,1.44,1.48,5.89,0.64,5635405654.0,5635405654.0,0.0,-0.28,-6.17,-5.91
5294,600717,天津港,4.38,-2.23,-0.1,236157.0,103902579.0,2.9,4.49,4.36,4.47,4.48,0.92,0.82,8.98,0.63,12675724546.0,12675724546.0,0.0,0.0,-2.88,0.23
5295,600657,信达地产,2.62,-2.24,-0.06,225078.0,59047776.0,3.36,2.69,2.6,2.68,2.68,1.11,0.79,-3.95,0.48,7471921919.0,7471921919.0,0.0,0.38,-18.63,-24.06
5296,300298,三诺生物,16.18,-2.24,-0.37,122716.0,196900488.59,3.99,16.26,15.6,15.77,16.55,1.79,2.74,20.35,3.05,9009766549.0,7248657135.0,0.0,0.12,-6.2,-5.44
5297,300453,三鑫医疗,9.6,-2.24,-0.22,216687.0,205972914.51,3.16,9.6,9.29,9.33,9.82,1.74,6.02,18.33,3.52,5012009040.0,3454653264.0,0.0,0.0,-6.8,12.68
5298,600519,贵州茅台,1328.36,-2.25,-30.62,37450.0,5004070406.0,1.66,1350.94,1328.36,1350.06,1358.98,0.67,0.3,15.24,7.04,1660558395504.0,1660558395504.0,-0.02,-0.04,-0.37,-1.54
5299,002039,黔源电力,19.89,-2.26,-0.46,83802.0,168099308.4,3.83,20.6,19.82,20.41,20.35,1.06,1.96,23.83,1.95,8504131126.0,8504107258.0,0.0,0.1,-1.92,11.87
5300,603408,建霖家居,10.37,-2.26,-0.24,45978.0,47658373.0,3.86,10.64,10.23,10.64,10.61,1.13,1.03,12.3,1.4,4641332010.0,4641332010.0,0.0,0.19,-9.19,-19.61
5301,601139,深圳燃气,6.49,-2.26,-0.15,233508.0,152554339.0,2.71,6.66,6.48,6.64,6.64,0.9,0.81,12.0,1.11,18670071513.0,18670071513.0,-0.15,0.0,-1.82,0.78
5302,601333,广深铁路,3.03,-2.26,-0.07,707078.0,215953870.0,2.58,3.11,3.03,3.1,3.1,0.91,1.25,9.26,0.76,21463117110.0,17126278110.0,0.0,0.0,-0.66,2.71
5303,600486,扬农化工,55.48,-2.26,-1.28,38936.0,217081538.0,3.08,56.97,55.22,56.76,56.76,0.63,0.96,13.77,1.94,22420130320.0,22420130320.0,-0.02,0.0,-16.31,-19.22
5304,000921,海信家电,26.8,-2.26,-0.62,136180.0,367642248.74,2.66,27.47,26.74,27.42,27.42,0.98,1.47,8.97,2.01,37114279383.0,24756846283.0,-0.04,-0.04,8.33,8.02
5305,601717,中创智领,15.99,-2.26,-0.37,212735.0,341827156.0,2.87,16.42,15.95,16.38,16.36,0.96,1.38,8.0,1.25,28548544881.0,24659230023.0,-0.12,0.0,-6.33,-31.37
5306,000932,华菱钢铁,3.88,-2.27,-0.09,1127526.0,438666234.6,3.02,3.98,3.86,3.97,3.97,1.11,1.65,33.62,0.49,26588123541.0,26588123541.0,0.0,0.0,-14.73,-28.94
5307,601018,宁波港,3.43,-2.28,-0.08,699441.0,240839386.0,2.85,3.52,3.42,3.5,3.51,1.22,0.36,14.26,0.83,66728552209.0,66728552209.0,0.0,0.0,-6.28,-3.11
5308,600548,深高速,8.57,-2.28,-0.2,39812.0,34356335.0,2.74,8.8,8.56,8.77,8.77,1.01,0.23,10.68,0.95,21749427008.0,14692630674.0,0.0,-0.12,-3.05,0.12
5309,603013,亚普股份,17.14,-2.28,-0.4,31568.0,54336901.0,3.71,17.71,17.06,17.5,17.54,0.87,0.62,13.45,1.96,8710883327.0,8710883327.0,-0.17,0.0,-17.71,-29.52
5310,920522,纳科诺尔,20.88,-2.29,-0.49,75985.0,159084769.43,3.93,21.4,20.56,21.3,21.37,0.83,4.17,98.74,4.27,4582137047.0,3800665714.0,0.14,-0.24,-48.55,-52.07
5311,000677,ST海龙,1.71,-2.29,-0.04,415765.0,72278638.28,5.14,1.79,1.7,1.75,1.75,0.91,4.81,73.52,2.88,1477402291.0,1477402291.0,-0.58,0.0,-45.19,-61.05
5312,601916,浙商银行,2.99,-2.29,-0.07,1821149.0,549047832.0,2.29,3.06,2.99,3.05,3.06,0.93,0.85,3.43,0.46,82119261529.0,64417863529.0,0.0,0.0,3.82,2.75
5313,600502,安徽建工,4.7,-2.29,-0.11,313756.0,148403856.0,2.91,4.82,4.68,4.81,4.81,1.06,1.83,6.05,0.68,8067709509.0,8067709509.0,0.0,-0.21,-10.13,6.33
5314,600354,敦煌种业,5.97,-2.29,-0.14,300298.0,179574774.0,2.95,6.09,5.91,6.08,6.11,0.88,5.69,16.67,4.21,3150978418.0,3150978418.0,0.0,0.17,-5.69,-7.73
5315,000830,鲁西化工,12.8,-2.29,-0.3,334558.0,428122339.69,3.59,13.15,12.68,13.08,13.1,1.05,1.76,13.91,1.28,24375283341.0,24373456051.0,0.08,0.08,-17.84,-21.81
5316,601919,中远海控,15.36,-2.29,-0.36,805272.0,1241458143.0,2.04,15.65,15.33,15.62,15.72,0.91,0.64,9.98,1.02,234518368742.0,192868407782.0,-0.19,-0.19,12.86,4.21
5317,000498,山东路桥,5.1,-2.3,-0.12,139273.0,71547784.0,2.68,5.23,5.09,5.22,5.22,0.97,0.96,11.81,0.48,7917454322.0,7391673673.0,0.2,0.0,-4.67,-12.67
5318,002667,*ST威领,11.91,-2.3,-0.28,236746.0,287749469.78,6.64,12.6,11.79,11.8,12.19,0.8,10.01,46.47,-156.05,3103644765.0,2818037010.0,-0.08,-0.17,-57.0,-9.01
5319,603668,天马科技,10.59,-2.31,-0.25,93365.0,99572009.0,3.04,10.88,10.55,10.85,10.84,1.55,1.85,199.7,2.53,5356387392.0,5356387392.0,0.0,0.19,-17.27,-36.43
5320,920018,宏远股份,17.27,-2.32,-0.41,45468.0,78873521.7,5.71,18.08,17.07,17.96,17.68,0.94,7.91,25.29,3.1,2858676038.0,992868534.0,0.0,0.17,-23.18,-16.81
5321,000090,天健集团,3.37,-2.32,-0.08,180367.0,61102275.0,3.19,3.46,3.35,3.44,3.45,1.07,0.97,-67.52,0.56,6296998113.0,6296613933.0,0.3,0.3,-5.07,-7.92
5322,600655,豫园股份,4.64,-2.32,-0.11,131305.0,61479694.0,3.16,4.78,4.63,4.78,4.75,0.79,0.34,28.76,0.6,18055206897.0,18048886707.0,-0.22,0.22,-5.11,-9.55
5323,601009,南京银行,11.37,-2.32,-0.27,502457.0,573793155.0,2.66,11.66,11.35,11.65,11.64,0.88,0.41,5.32,0.76,140573759576.0,140573759576.0,-0.26,-0.18,2.34,1.43
5324,603697,有友食品,9.68,-2.32,-0.23,54275.0,52903273.0,2.93,9.95,9.66,9.95,9.91,0.83,1.27,15.74,2.36,4140059509.0,4140059509.0,0.0,0.0,-8.07,-19.73
5325,600008,首创环保,2.93,-2.33,-0.07,901115.0,265699246.0,3.0,3.01,2.92,2.99,3.0,1.03,1.23,12.51,1.04,21507930684.0,21507930684.0,0.0,0.0,-3.3,1.74
5326,601658,邮储银行,5.02,-2.33,-0.12,2260475.0,1142084276.0,2.33,5.14,5.02,5.13,5.14,1.11,0.31,5.86,0.59,602877168530.0,364089559037.0,-0.4,-0.2,1.41,-4.02
5327,600901,江苏金租,6.29,-2.33,-0.15,565269.0,356335197.0,2.95,6.44,6.25,6.43,6.44,1.49,0.98,11.08,1.46,36430839851.0,36421945791.0,-0.32,-0.32,-2.48,5.71
5328,002547,*ST春兴,2.51,-2.33,-0.06,343635.0,86457983.79,3.89,2.57,2.47,2.55,2.57,1.07,3.11,-14.14,-6.48,2831423492.0,2773065987.0,0.0,0.4,-15.77,-46.25
5329,002714,牧原股份,38.02,-2.34,-0.91,648053.0,2469789850.65,2.67,38.92,37.88,38.9,38.93,1.09,1.98,-45.17,2.62,219489310772.0,124724581523.0,0.03,0.11,-13.39,-24.2
5330,300462,ST华铭,11.25,-2.34,-0.27,12324.0,13931209.0,2.95,11.55,11.21,11.33,11.52,0.95,0.89,-28.54,1.47,2038746803.0,1552882973.0,0.18,0.09,-21.11,-4.66
5331,002991,甘源食品,43.19,-2.35,-1.04,9486.0,41282101.0,3.59,44.57,42.98,44.47,44.23,0.75,1.9,15.17,2.39,4025991741.0,2156636762.0,-0.02,0.07,-13.31,-22.75
5332,603395,红四方,22.86,-2.35,-0.55,28890.0,66501339.0,2.95,23.51,22.82,23.41,23.41,0.89,4.44,71.5,4.22,5943600000.0,1485900000.0,-0.09,0.09,-17.86,-21.63
5333,002233,塔牌集团,7.44,-2.36,-0.18,120271.0,89936254.11,2.89,7.65,7.43,7.65,7.62,0.81,1.03,19.9,0.75,8735679780.0,8729801808.0,-0.27,-0.27,-15.74,-12.78
5334,601800,中国交建,6.2,-2.36,-0.15,505853.0,315691270.0,2.52,6.36,6.2,6.34,6.35,1.24,0.43,6.13,0.35,100525474930.0,72681813090.0,-0.16,0.0,-9.22,-22.98
5335,002091,江苏国泰,7.83,-2.37,-0.19,120607.0,95272408.0,2.37,8.02,7.83,8.01,8.02,0.94,0.75,15.04,0.82,12745108157.0,12546573316.0,-0.25,-0.25,-15.08,-10.31
5336,920575,*ST康乐,5.35,-2.37,-0.13,173987.0,90962152.72,8.21,5.48,5.03,5.18,5.48,1.35,9.26,-7.41,-20.75,1503029000.0,1004936938.0,0.56,-0.37,22.43,-35.31
5337,000898,鞍钢股份,2.06,-2.37,-0.05,419192.0,86864278.84,3.32,2.12,2.05,2.12,2.11,0.92,0.53,-3.31,0.45,19300595791.0,16392398516.0,0.0,-0.48,-10.43,-18.58
5338,601390,中国中铁,4.52,-2.38,-0.11,1486129.0,674725340.0,2.59,4.63,4.51,4.62,4.63,1.29,0.73,6.36,0.35,110881522687.0,91864119887.0,0.0,-0.22,-10.85,-15.04
5339,603027,千禾味业,7.76,-2.39,-0.19,147514.0,115219720.0,2.77,7.95,7.73,7.93,7.95,0.62,1.11,17.43,3.15,10326531629.0,10326531629.0,0.13,0.13,-10.5,-19.59
5340,600000,浦发银行,9.4,-2.39,-0.23,834613.0,787122858.0,2.39,9.58,9.35,9.56,9.63,0.69,0.25,4.38,0.42,313074880020.0,313074880020.0,-0.11,-0.11,8.42,-21.8
5341,601799,星宇股份,95.02,-2.4,-2.34,32858.0,311952538.0,4.63,97.93,93.42,97.32,97.36,0.86,1.15,19.11,2.45,27145258393.0,27145258393.0,0.0,0.05,-30.8,-21.85
5342,603369,今世缘,27.6,-2.4,-0.68,151019.0,419159808.0,2.93,28.28,27.45,28.28,28.28,0.77,1.21,6.21,2.09,34411681021.0,34411681021.0,0.04,0.15,-0.4,-17.81
5343,603967,中创物流,11.39,-2.4,-0.28,28843.0,33060831.0,3.0,11.73,11.38,11.67,11.67,0.97,0.83,9.99,1.75,3948533827.0,3948533827.0,-0.09,-0.09,-17.64,-12.92
5344,600104,上汽集团,10.98,-2.4,-0.27,678742.0,749421267.0,2.76,11.27,10.96,11.22,11.25,1.0,0.59,10.43,0.42,126218146994.0,126218146994.0,0.0,0.18,-19.03,-27.86
5345,601038,一拖股份,13.75,-2.41,-0.34,73608.0,101701628.0,3.41,14.2,13.72,14.1,14.09,0.69,1.01,6.87,1.93,15450122531.0,10060947531.0,0.07,0.0,0.0,-1.57
5346,301109,军信股份,13.76,-2.41,-0.34,67212.0,93039376.62,2.77,14.1,13.71,14.09,14.1,1.46,1.08,12.36,1.5,10858027586.0,8590213998.0,-0.07,0.0,-14.53,-4.18
5347,002061,浙江交科,3.64,-2.41,-0.09,238545.0,87359856.16,3.22,3.75,3.63,3.73,3.73,1.08,0.92,11.02,0.61,9621073229.0,9460861956.0,0.28,0.0,-4.46,-5.94
5348,603680,今创集团,10.08,-2.42,-0.25,85091.0,86047185.0,3.0,10.33,10.02,10.28,10.33,1.23,1.09,8.91,1.31,7899885171.0,7899885171.0,0.1,0.1,-30.91,-33.94
5349,002110,三钢闽光,3.21,-2.43,-0.08,253345.0,81820593.6,3.34,3.3,3.19,3.3,3.29,0.87,1.04,-20.28,0.4,7797334689.0,7797334689.0,0.31,0.31,-6.41,-26.71
5350,600006,东风股份,5.61,-2.43,-0.14,188953.0,106810584.0,2.78,5.76,5.6,5.74,5.75,1.01,0.94,13.65,1.4,11220000000.0,11220000000.0,0.18,0.0,-18.22,-21.87
5351,000625,长安汽车,7.62,-2.43,-0.19,1087433.0,833955116.14,2.56,7.81,7.61,7.81,7.81,0.88,1.32,53.87,0.99,75536340276.0,62996120472.0,-0.13,-0.13,-16.99,-35.09
5352,000708,中信特钢,14.33,-2.45,-0.36,160386.0,230566295.16,3.06,14.7,14.25,14.67,14.69,1.17,0.32,11.96,1.71,72325783139.0,72325460714.0,0.07,0.14,-5.66,-9.99
5353,002142,宁波银行,31.5,-2.45,-0.79,306076.0,968807829.04,2.26,32.2,31.47,32.15,32.29,0.79,0.46,6.36,0.92,208013109948.0,207882427442.0,-0.13,-0.03,-0.88,15.85
5354,601518,吉林高速,2.79,-2.45,-0.07,184568.0,51860773.0,2.45,2.86,2.79,2.86,2.86,1.12,0.98,11.45,0.94,5274643342.0,5274643342.0,0.0,-0.36,-0.36,3.72
5355,600389,江山股份,20.59,-2.46,-0.52,92196.0,191200698.0,3.32,21.2,20.5,21.08,21.11,0.58,2.14,12.14,2.14,8867083500.0,8867083500.0,0.1,-0.05,-27.6,-18.23
5356,605499,东鹏饮料,126.45,-2.46,-3.19,120892.0,1529193970.0,3.84,129.65,124.67,129.65,129.64,0.89,1.79,16.19,4.77,92839502750.0,85482337005.0,0.04,0.24,-15.81,-37.94
5357,600756,浪潮软件,16.18,-2.47,-0.41,395384.0,642507840.0,4.76,16.65,15.86,16.35,16.59,0.75,12.2,-16.38,2.53,5656993224.0,5243917824.0,0.19,0.31,-6.04,-12.16
5358,002557,洽洽食品,19.75,-2.47,-0.5,96260.0,191154436.62,3.26,20.35,19.69,20.25,20.25,0.88,1.91,14.84,2.02,9990641306.0,9959309906.0,0.05,0.05,-9.07,-4.31
5359,600016,民生银行,3.56,-2.47,-0.09,3111224.0,1115731827.0,2.47,3.65,3.56,3.64,3.65,1.05,0.88,3.38,0.27,155865409867.0,126245158638.0,0.0,-0.28,-2.2,-5.82
5360,000761,本钢板材,2.36,-2.48,-0.06,127447.0,30355449.0,3.72,2.45,2.36,2.42,2.42,0.83,0.34,-2.26,1.64,9695800641.0,8751800641.0,-0.84,-0.42,-18.62,-29.55
5361,688529,豪森智能,15.31,-2.48,-0.39,30209.0,46392572.0,3.44,15.7,15.16,15.7,15.7,1.22,1.8,-6.84,2.6,2574773840.0,2574773840.0,0.07,0.39,-22.99,-16.97
5362,601169,北京银行,5.1,-2.49,-0.13,1681822.0,865716048.0,2.49,5.23,5.1,5.22,5.23,0.99,0.8,3.33,0.39,107829219787.0,107829219787.0,0.0,-0.2,2.41,-1.92
5363,601186,中国铁建,6.25,-2.5,-0.16,767465.0,483293004.0,2.5,6.41,6.25,6.39,6.41,1.31,0.67,4.83,0.31,84872134375.0,71895284375.0,0.0,-0.16,-3.55,-15.2
5364,601668,中国建筑,4.64,-2.52,-0.12,2831938.0,1322724671.0,2.73,4.76,4.63,4.75,4.76,0.93,0.69,3.45,0.4,191726611660.0,191726611660.0,0.0,0.0,-1.9,-4.53
5365,601107,四川成渝,5.8,-2.52,-0.15,122106.0,70739535.0,3.7,5.95,5.73,5.93,5.95,0.71,0.56,9.71,1.08,17736748000.0,12543892000.0,0.52,0.52,-1.86,0.35
5366,000035,中国天楹,5.02,-2.52,-0.13,432934.0,218958238.74,3.5,5.18,5.0,5.15,5.15,0.91,1.87,27.07,1.11,11987924500.0,11611389255.0,0.0,0.2,-23.24,-9.06
5367,600916,中国黄金,7.69,-2.53,-0.2,340103.0,263526309.0,3.3,7.94,7.68,7.89,7.89,1.09,2.02,19.72,1.83,12919200000.0,12919200000.0,0.0,0.0,-13.3,-3.88
5368,000639,ST西王,1.54,-2.53,-0.04,524653.0,81384717.32,4.43,1.6,1.53,1.58,1.58,0.71,4.86,-44.73,1.01,1662319266.0,1662317229.0,-0.65,0.0,-10.98,-53.47
5369,601966,玲珑轮胎,11.53,-2.54,-0.3,128157.0,149026440.0,2.87,11.86,11.52,11.83,11.83,1.03,0.88,249.71,0.74,16874185935.0,16874185935.0,0.0,0.09,-13.37,-20.43
5370,600716,凤凰股份,3.45,-2.54,-0.09,67073.0,23245877.0,4.24,3.57,3.42,3.56,3.54,0.85,0.72,-28.7,0.73,3229409036.0,3229409036.0,0.0,0.0,-23.16,-10.85
5371,601618,中国中冶,2.67,-2.55,-0.07,1306401.0,351773721.0,3.28,2.76,2.67,2.74,2.74,1.43,0.73,8.46,0.54,55246623184.0,47666493184.0,0.0,-0.37,-10.1,-10.1
5372,000680,山推股份,11.1,-2.55,-0.29,245942.0,273661649.3,3.51,11.38,10.98,11.38,11.39,0.9,1.87,12.41,2.63,16651582993.0,14592931949.0,0.0,0.09,-10.84,-6.49
5373,000895,双汇发展,25.52,-2.56,-0.67,145357.0,373177496.53,2.56,26.17,25.5,26.16,26.19,0.93,0.42,17.11,4.45,88418154156.0,88406625598.0,0.0,0.04,-6.0,-0.58
5374,600730,*ST高科,10.28,-2.56,-0.27,139327.0,141710988.0,5.4,10.53,9.96,10.38,10.55,1.13,2.37,-782.43,3.6,6030823701.0,6030823701.0,0.0,-0.1,-5.69,-6.03
5375,600686,金龙汽车,11.79,-2.56,-0.31,257397.0,304333123.0,2.73,12.04,11.71,11.98,12.1,0.87,3.59,14.09,2.42,8453989046.0,8453989046.0,0.0,0.0,-20.98,-32.78
5376,603568,伟明环保,15.59,-2.56,-0.41,98060.0,153681935.0,3.69,16.15,15.56,16.0,16.0,1.08,0.48,18.17,2.23,31935451147.0,31935451147.0,-0.06,0.0,-8.46,-24.5
5377,600383,金地集团,2.28,-2.56,-0.06,706768.0,161694842.0,2.99,2.34,2.27,2.33,2.34,1.01,1.57,-3.79,0.23,10293250544.0,10293250544.0,0.44,0.0,-27.85,-25.49
5378,600754,锦江酒店,19.31,-2.57,-0.51,143869.0,279260351.0,3.38,19.88,19.21,19.72,19.82,0.88,1.59,37.61,1.32,20590222954.0,17495710857.0,0.0,0.05,-15.42,-22.01
5379,603766,隆鑫通用,14.38,-2.57,-0.38,165536.0,239285125.0,4.13,14.94,14.33,14.7,14.76,0.79,0.81,15.66,3.42,29529931803.0,29529931803.0,-0.07,-0.07,-1.03,-6.68
5380,600233,圆通速递,18.6,-2.57,-0.49,256896.0,481965287.0,4.61,19.43,18.55,19.24,19.09,1.18,0.75,11.56,1.8,63686705747.0,63686705747.0,0.05,0.0,-9.88,15.03
5381,603365,水星家纺,17.8,-2.57,-0.47,31577.0,56462572.0,3.67,18.34,17.67,18.25,18.27,1.25,1.21,11.11,1.54,4672434140.0,4648179860.0,0.17,0.39,-9.64,-11.22
5382,600900,长江电力,28.3,-2.58,-0.75,1508985.0,4287876494.0,2.89,29.02,28.18,28.89,29.05,0.99,0.62,25.6,3.32,692450561363.0,692450561363.0,-0.04,0.04,7.93,8.06
5383,600941,中国移动,96.42,-2.58,-2.55,158140.0,1533999791.0,3.12,99.18,96.09,98.82,98.97,0.9,1.75,17.82,1.47,2091081190561.0,87044877736.0,-0.03,-0.04,0.98,-2.46
5384,002966,苏州银行,8.3,-2.58,-0.22,493407.0,411703561.31,2.82,8.52,8.28,8.48,8.52,0.81,1.12,5.51,0.73,37106494691.0,36482489337.0,-0.36,-0.24,0.24,1.97
5385,600970,中材国际,7.9,-2.59,-0.21,242529.0,192956767.0,3.58,8.18,7.89,8.16,8.11,1.18,0.93,11.39,0.94,20712322100.0,20712322100.0,-0.13,0.0,-9.92,-20.28
5386,001965,招商公路,9.78,-2.59,-0.26,196314.0,193150103.25,3.19,10.09,9.77,10.05,10.04,0.95,0.29,12.32,0.98,66456029022.0,66456029022.0,-0.1,-0.1,5.73,0.72
5387,601319,中国人保,7.15,-2.59,-0.19,1064511.0,767177987.0,3.0,7.35,7.13,7.33,7.34,1.33,0.3,8.97,1.01,316201532668.0,253808959568.0,0.14,0.28,-1.24,-18.84
5388,002839,张家港行,4.52,-2.59,-0.12,304365.0,138703233.2,2.8,4.65,4.52,4.63,4.64,0.78,1.25,4.79,0.59,11048439282.0,11037930658.0,0.0,-0.44,3.91,1.57
5389,603393,新天然气,25.57,-2.59,-0.68,61447.0,158525535.0,3.31,26.41,25.54,25.95,26.25,0.87,1.45,18.67,1.15,10839668331.0,10839668331.0,-0.04,0.0,-15.64,-3.84
5390,600803,新奥股份,17.64,-2.6,-0.47,79436.0,140890516.0,3.92,18.26,17.55,18.11,18.11,0.89,0.26,20.84,2.57,54609649287.0,54185259111.0,-0.11,0.0,-8.98,-10.91
5391,600132,重庆啤酒,45.84,-2.61,-1.23,47002.0,217484289.0,4.46,47.8,45.7,46.91,47.07,0.8,0.97,12.67,17.78,22185239716.0,22185239716.0,0.09,0.07,-12.8,-10.19
5392,600820,隧道股份,5.59,-2.61,-0.15,244335.0,138109612.0,2.96,5.76,5.59,5.74,5.74,0.96,0.78,14.78,0.55,17575497165.0,17575497165.0,0.0,-0.18,-3.79,-12.24
5393,002461,珠江啤酒,8.96,-2.61,-0.24,84182.0,76026691.73,3.37,9.27,8.96,9.27,9.2,0.83,0.38,27.68,1.84,19831423181.0,19831423181.0,-0.11,-0.22,-10.76,-1.54
5394,002807,江阴银行,4.1,-2.61,-0.11,458948.0,189763960.02,3.56,4.23,4.08,4.2,4.21,0.88,1.7,7.57,0.56,11100881475.0,11084468978.0,0.24,0.24,3.54,1.23
5395,000729,燕京啤酒,12.69,-2.61,-0.34,264764.0,338845719.68,2.69,13.03,12.68,12.98,13.03,0.87,1.06,33.77,2.36,35767264237.0,31846908604.0,-0.08,0.0,-0.08,15.05
5396,601128,常熟银行,6.29,-2.63,-0.17,598793.0,379413664.0,2.48,6.45,6.29,6.44,6.46,1.05,1.64,4.76,0.73,22947047445.0,22947047445.0,-0.16,-0.16,-1.56,0.0
5397,601058,赛轮轮胎,13.65,-2.64,-0.37,410533.0,561607979.0,3.42,14.03,13.55,14.02,14.02,0.94,1.25,10.62,2.06,44882568535.0,44882568535.0,0.07,0.07,2.25,-14.69
5398,000157,中联重科,7.34,-2.65,-0.2,719370.0,527998230.74,3.71,7.55,7.27,7.52,7.54,1.4,1.02,17.95,1.12,63480248632.0,51891374864.0,0.0,0.0,-8.48,-10.81
5399,000703,恒逸石化,15.77,-2.65,-0.43,589478.0,934241857.18,3.64,16.26,15.67,16.08,16.2,0.85,1.55,7.55,2.26,60266035058.0,59963688676.0,0.06,0.0,1.61,47.11
5400,002946,新乳业,17.26,-2.65,-0.47,118538.0,205950249.0,3.5,17.78,17.16,17.61,17.73,0.78,1.39,19.92,3.89,14855388373.0,14683337017.0,0.12,0.12,-5.68,-4.54
5401,300888,稳健医疗,29.88,-2.67,-0.82,71718.0,215581255.59,3.65,30.9,29.78,30.72,30.7,1.9,1.24,17.32,1.5,17419171329.0,17341185246.0,0.0,0.07,-6.21,-20.4
5402,600048,保利发展,5.11,-2.67,-0.14,1548168.0,793999518.0,3.05,5.25,5.09,5.23,5.25,1.05,1.29,15.87,0.31,61168965866.0,61168965866.0,0.2,0.0,-22.69,-15.82
5403,600036,招商银行,39.28,-2.68,-1.08,1104999.0,4364079643.0,2.35,40.16,39.21,40.16,40.36,0.88,0.54,6.54,0.89,990635535207.0,810304937171.0,-0.1,-0.15,6.25,-2.0
5404,600782,新钢股份,2.89,-2.69,-0.08,461493.0,134354206.0,3.37,2.98,2.88,2.96,2.97,0.91,1.47,-3.15,0.37,9201824011.0,9090934711.0,-0.34,-0.34,-4.93,-22.93
5405,600600,青岛啤酒,54.68,-2.69,-1.51,85306.0,468935644.0,2.9,56.2,54.57,56.01,56.19,0.75,1.2,10.36,2.55,74594189216.0,38775006563.0,0.02,0.13,-9.52,-7.09
5406,301035,润丰股份,54.72,-2.7,-1.52,15783.0,86796764.36,3.97,56.47,54.24,56.14,56.24,0.78,0.43,30.16,2.71,19945728156.0,19916017111.0,-0.49,-0.24,-9.04,6.31
5407,600057,厦门象屿,6.47,-2.71,-0.18,210466.0,136811212.0,3.16,6.66,6.45,6.66,6.65,0.95,1.01,8.81,1.19,18368430537.0,13538540761.0,0.0,0.0,-4.85,-22.98
5408,601997,贵阳银行,5.72,-2.72,-0.16,636271.0,368154456.0,2.89,5.89,5.72,5.87,5.88,1.07,1.74,3.54,0.32,20913452995.0,20913452995.0,-0.17,-0.35,0.7,2.69
5409,600033,福建高速,3.58,-2.72,-0.1,259340.0,93477243.0,2.99,3.68,3.57,3.67,3.68,1.01,0.94,9.61,0.79,9824952000.0,9824952000.0,0.28,0.0,-0.28,-11.82
5410,603706,东方环宇,18.87,-2.73,-0.53,17676.0,33618615.0,3.61,19.52,18.82,19.5,19.4,1.61,0.93,8.7,2.13,3573651813.0,3573651813.0,0.0,0.0,-13.04,2.0
5411,001328,登康口腔,30.07,-2.75,-0.85,28937.0,87743992.13,4.92,31.4,29.88,30.92,30.92,0.84,1.79,24.99,3.63,5177266166.0,4862827183.0,-0.13,0.03,-4.66,-22.16
5412,000069,华侨城Ａ,1.77,-2.75,-0.05,495650.0,88236422.24,3.85,1.83,1.76,1.82,1.82,0.9,0.72,-2.6,0.42,14226831754.0,12210525152.0,0.0,0.0,-22.37,-28.63
5413,002717,*ST岭南,1.06,-2.75,-0.03,859890.0,90527097.1,5.5,1.09,1.03,1.07,1.09,1.79,5.0,-3.61,-1.3,1929447571.0,1821667204.0,0.0,0.0,-23.19,-34.57
5414,000528,柳    工,8.5,-2.75,-0.24,380799.0,325686562.99,2.97,8.76,8.5,8.74,8.74,1.15,1.87,7.15,0.94,17321583356.0,17297523605.0,0.0,0.0,-13.09,-26.41
5415,600966,博汇纸业,4.94,-2.76,-0.14,154510.0,77002219.0,3.54,5.1,4.92,5.07,5.08,0.96,1.16,29.82,0.89,6604010783.0,6604010783.0,0.0,0.2,-23.77,-27.46
5416,600887,伊利股份,26.37,-2.77,-0.75,709889.0,1883036277.0,2.73,27.09,26.35,26.91,27.12,0.86,1.13,7.73,3.09,166799760789.0,165970926743.0,-0.04,0.0,-2.91,-4.8
5417,600019,宝钢股份,5.94,-2.78,-0.17,1302370.0,777464092.0,3.6,6.14,5.92,6.12,6.11,1.12,0.61,14.54,0.63,129385583409.0,127199728749.0,0.17,0.0,-6.01,-18.29
5418,600710,苏美达,10.83,-2.78,-0.31,126659.0,138347059.0,3.32,11.17,10.8,11.16,11.14,1.03,0.97,10.2,1.68,14152096370.0,14152096370.0,-0.18,0.0,-9.75,4.13
5419,601728,中国电信,6.29,-2.78,-0.18,2335522.0,1491770934.0,5.26,6.6,6.26,6.42,6.47,1.35,0.3,19.58,1.25,575579902417.0,488290993517.0,-0.32,-0.16,3.97,1.29
5420,000683,博源化工,5.94,-2.78,-0.17,898205.0,537101947.18,3.76,6.15,5.92,6.13,6.11,0.85,2.69,13.24,1.79,22077979466.0,19831080692.0,0.0,0.0,-28.17,-16.81
5421,601577,长沙银行,9.44,-2.78,-0.27,219520.0,208885062.0,2.78,9.71,9.44,9.71,9.71,0.87,0.55,4.13,0.52,37963467438.0,37955253420.0,-0.21,-0.21,0.96,-0.32
5422,603599,广信股份,10.49,-2.78,-0.3,137458.0,145256552.0,3.34,10.83,10.47,10.71,10.79,0.91,1.51,15.17,0.95,9548725429.0,9548725429.0,-0.1,0.0,-16.68,-6.84
5423,002984,森麒麟,14.67,-2.78,-0.42,107221.0,158598097.73,3.31,15.15,14.65,15.08,15.09,0.83,1.5,18.12,1.12,15202328398.0,10473209173.0,0.0,0.07,-10.06,-30.54
5424,600585,海螺水泥,17.8,-2.79,-0.51,577527.0,1032337610.0,3.28,18.35,17.75,18.31,18.31,1.84,1.45,16.0,0.49,93931668783.0,70798788783.0,0.0,-0.06,-14.51,-16.24
5425,605599,菜百股份,15.97,-2.8,-0.46,104169.0,166999091.0,3.96,16.48,15.83,16.3,16.43,0.97,1.34,7.8,2.79,12421111466.0,12421111466.0,-0.13,-0.06,-8.48,2.44
5426,000848,承德露露,9.04,-2.8,-0.26,216099.0,196147496.17,2.9,9.25,8.98,9.21,9.3,0.71,2.14,9.28,2.88,9220800669.0,9140742429.0,-0.11,-0.11,5.73,13.0
5427,600282,南钢股份,4.86,-2.8,-0.14,380789.0,186075910.0,3.6,5.02,4.84,5.0,5.0,1.01,0.62,12.54,1.09,29962342313.0,29962342313.0,0.0,-0.21,-7.25,-5.08
5428,600388,龙净环保,17.28,-2.81,-0.5,121389.0,212121801.0,3.94,17.98,17.28,17.95,17.78,0.85,0.96,22.47,2.04,21946399943.0,21946399943.0,-0.69,-0.4,-7.84,8.47
5429,002271,东方雨虹,11.68,-2.83,-0.34,454631.0,531237029.86,4.33,12.07,11.55,12.02,12.02,1.18,2.37,17.36,1.36,27900014435.0,22361265392.0,0.0,0.09,-30.81,-14.05
5430,601166,兴业银行,18.56,-2.83,-0.54,1074000.0,2005537521.0,2.36,19.0,18.55,19.0,19.1,0.84,0.51,4.12,0.48,392782672561.0,392782672561.0,-0.05,-0.05,7.72,-7.15
5431,600507,方大特钢,4.46,-2.83,-0.13,340262.0,152241693.0,3.27,4.59,4.44,4.59,4.59,0.87,1.47,23.9,1.05,10316817989.0,10316817989.0,0.0,0.22,-18.91,-21.62
5432,601665,齐鲁银行,6.17,-2.83,-0.18,521457.0,323945069.0,3.31,6.37,6.16,6.35,6.35,0.93,0.85,6.07,0.76,37969208379.0,37969208379.0,-0.16,0.0,-0.32,12.39
5433,000959,首钢股份,3.78,-2.83,-0.11,363088.0,138322167.04,3.6,3.91,3.77,3.89,3.89,0.82,0.49,42.1,0.59,29313776659.0,28167075987.0,-0.26,-0.26,-14.67,-22.22
5434,002092,中泰化学,4.47,-2.83,-0.13,699253.0,314077469.26,3.04,4.6,4.46,4.58,4.6,1.09,2.71,-20.29,0.54,11577387241.0,11512688349.0,0.22,0.0,-25.99,-10.24
5435,603843,*ST正平,6.81,-2.85,-0.2,141460.0,96235484.0,6.56,7.06,6.6,7.05,7.01,0.91,2.02,-45.61,184.95,4764434244.0,4764434244.0,0.0,0.0,-27.4,19.06
5436,600988,赤峰黄金,37.75,-2.86,-1.11,635509.0,2395333726.0,4.37,38.85,37.15,38.53,38.86,0.98,3.82,18.15,5.24,71740521970.0,62812654520.0,-0.08,-0.19,-9.52,22.09
5437,600269,赣粤高速,4.08,-2.86,-0.12,232121.0,95696065.0,2.86,4.2,4.08,4.19,4.2,1.03,0.99,8.67,0.49,9528460617.0,9528460617.0,-0.24,0.0,-5.56,-18.73
5438,002416,爱施德,9.86,-2.86,-0.29,212382.0,211243603.46,3.45,10.19,9.84,10.17,10.15,0.89,1.74,23.87,2.28,12219318607.0,12067696437.0,0.1,0.0,-25.19,-18.38
5439,600258,首旅酒店,12.22,-2.86,-0.36,175036.0,216106202.0,3.5,12.64,12.2,12.57,12.58,0.93,1.57,20.17,1.16,13644890200.0,13644890200.0,-0.08,0.0,-12.46,-25.03
5440,601963,重庆银行,11.14,-2.88,-0.33,137171.0,154033927.0,2.96,11.48,11.14,11.47,11.47,0.89,0.67,5.74,0.6,40391165528.0,22659398110.0,-0.18,-0.18,10.74,7.32
5441,601328,交通银行,7.04,-2.9,-0.21,1768434.0,1252860633.0,2.21,7.2,7.04,7.2,7.25,0.61,0.68,5.94,0.54,622081040930.0,183549974566.0,0.0,-0.28,8.31,-0.56
5442,002311,海大集团,47.6,-2.9,-1.42,82874.0,396053615.55,3.75,49.24,47.4,49.02,49.02,0.87,0.5,22.21,3.34,78808102859.0,78732189570.0,-0.08,-0.06,5.05,-12.31
5443,603279,景津装备,13.06,-2.9,-0.39,87866.0,116016266.0,4.68,13.63,13.0,13.63,13.45,1.21,1.52,15.24,1.68,7527431380.0,7527431380.0,0.08,-0.15,-31.23,-21.18
5444,603323,苏农银行,4.36,-2.9,-0.13,326621.0,144188581.0,2.9,4.49,4.36,4.47,4.49,0.82,1.47,5.24,0.51,9680924733.0,9680924733.0,-0.23,-0.23,0.23,-2.68
5445,601318,中国平安,53.93,-2.92,-1.62,915895.0,4977957448.0,2.72,55.39,53.88,55.35,55.55,1.04,0.86,9.76,0.99,976545132790.0,574897309926.0,-0.04,0.04,-7.57,-19.08
5446,600741,华域汽车,16.18,-2.94,-0.49,210317.0,342584531.0,3.24,16.7,16.16,16.68,16.67,1.18,0.67,10.25,0.79,51011074061.0,51011074061.0,-0.06,0.06,-5.49,-14.84
5447,601860,紫金银行,2.63,-2.95,-0.08,635668.0,168959571.0,3.32,2.71,2.62,2.71,2.71,1.0,1.79,5.62,0.48,9628704249.0,9340939337.0,0.0,-0.38,0.38,-1.13
5448,600908,无锡银行,5.59,-2.95,-0.17,187379.0,105798822.0,2.95,5.76,5.59,5.75,5.76,0.77,0.94,4.83,0.54,12268270675.0,11176157797.0,-0.18,-0.18,1.08,-3.62
5449,002372,伟星新材,8.84,-2.96,-0.27,166103.0,147676585.14,3.51,9.14,8.82,9.14,9.11,0.99,1.13,29.45,3.16,14073615814.0,13002383253.0,0.0,0.11,-17.15,-12.3
5450,300284,苏交科,5.56,-2.97,-0.17,212022.0,118296779.14,2.97,5.7,5.53,5.67,5.73,1.41,1.77,44.1,0.85,7021322423.0,6662446347.0,0.0,0.0,-19.07,-28.81
5451,300979,华利集团,34.17,-2.98,-1.05,41083.0,141524397.92,4.17,35.42,33.95,35.42,35.22,1.01,0.35,25.96,2.64,39876390000.0,39876128600.0,0.06,0.09,-9.56,-30.42
5452,603605,珀莱雅,58.99,-2.98,-1.81,59152.0,353382469.0,3.93,61.2,58.81,60.9,60.8,1.04,1.49,15.93,3.97,23358627131.0,23358627131.0,-0.02,0.19,-0.77,-12.33
5453,000002,万  科Ａ,3.26,-2.98,-0.1,1768651.0,578989473.97,3.57,3.36,3.24,3.34,3.36,1.1,1.82,-1.63,0.35,38894112875.0,31677210920.0,0.0,0.31,-20.29,-29.89
5454,002597,金禾实业,20.47,-2.99,-0.63,84297.0,173979500.0,3.6,21.12,20.36,21.07,21.1,0.74,1.49,30.32,1.49,11633507903.0,11611542385.0,0.15,0.24,-9.82,-0.44
5455,601567,三星电气,16.17,-3.0,-0.5,325352.0,532867216.0,4.02,16.8,16.13,16.72,16.67,1.16,2.32,33.95,1.98,22722235998.0,22722235998.0,0.06,-0.12,-17.58,-29.33
5456,000010,*ST美丽,1.61,-3.01,-0.05,242089.0,39275004.0,5.42,1.68,1.59,1.66,1.66,1.18,2.77,17.09,6.29,1850940190.0,1405618497.0,0.0,0.0,-38.08,-54.39
5457,002318,久立特材,20.64,-3.01,-0.64,180842.0,371618203.0,5.87,21.45,20.2,21.3,21.28,1.55,1.9,12.78,2.48,20168803661.0,19691078043.0,0.0,0.19,-27.38,-26.15
5458,601965,中国汽研,14.45,-3.02,-0.45,105494.0,153724610.0,3.42,14.93,14.42,14.83,14.9,1.17,1.06,16.88,1.8,14488269192.0,14426962755.0,-0.14,-0.07,-11.89,-11.67
5459,601238,广汽集团,5.4,-3.05,-0.17,322890.0,175869680.0,3.05,5.56,5.39,5.54,5.57,0.93,0.44,-20.97,0.53,55064155860.0,39871967013.0,-0.18,-0.18,-22.3,-33.82
5460,601766,中国中车,6.03,-3.05,-0.19,2230174.0,1353119555.0,3.54,6.24,6.02,6.22,6.22,0.98,0.92,12.81,0.99,173054150451.0,146696622229.0,-0.17,0.0,0.84,-11.58
5461,603606,东方电缆,41.07,-3.05,-1.29,278515.0,1145282952.0,4.44,42.5,40.62,42.46,42.36,1.59,3.38,22.79,4.17,33874884602.0,33874884602.0,0.07,0.34,-19.79,-16.79
5462,601155,新城控股,10.78,-3.06,-0.34,219951.0,238728976.0,4.32,11.2,10.72,11.13,11.12,1.2,0.98,19.51,0.39,24315614388.0,24315614388.0,-0.09,0.19,-32.92,-22.72
5463,601326,秦港股份,3.49,-3.06,-0.11,291195.0,101856774.0,3.89,3.6,3.46,3.59,3.6,1.16,0.61,11.4,0.97,19500067880.0,16603880910.0,0.0,0.29,2.65,3.25
5464,603021,*ST华鹏,6.95,-3.07,-0.22,67071.0,46955652.0,4.18,7.2,6.9,7.18,7.17,1.54,2.1,-14.17,-10.76,2223639087.0,2223639087.0,0.0,0.29,2.21,48.82
5465,600409,三友化工,6.63,-3.07,-0.21,462583.0,307127203.0,4.97,6.87,6.53,6.84,6.84,1.3,2.24,-37.39,1.0,13686636840.0,13686636840.0,-0.3,0.0,-9.3,7.63
5466,600153,建发股份,8.85,-3.07,-0.28,298730.0,265958039.0,3.72,9.16,8.82,9.13,9.13,1.29,1.03,9.15,0.62,25660916176.0,25660916176.0,-0.11,0.0,-8.86,3.51
5467,600612,老凤祥,34.81,-3.12,-1.12,26474.0,93083560.0,3.28,35.98,34.8,35.98,35.93,0.99,0.83,8.32,1.4,18209729365.0,11038586220.0,0.0,-0.03,-7.44,-19.33
5468,605007,五洲特纸,15.71,-3.14,-0.51,79273.0,125261427.0,4.19,16.23,15.55,16.15,16.22,1.46,1.67,18.79,2.12,7473718347.0,7455606288.0,0.0,0.32,2.28,17.68
5469,600377,宁沪高速,12.0,-3.15,-0.39,160228.0,193998359.0,3.47,12.43,12.0,12.39,12.39,1.12,0.42,11.06,1.48,60452970000.0,45626196012.0,-0.17,0.0,2.21,3.27
5470,002563,森马服饰,6.13,-3.16,-0.2,278111.0,171732121.02,3.79,6.35,6.11,6.32,6.33,0.91,1.26,13.26,1.46,16514772681.0,13529478803.0,0.16,-0.16,2.68,16.32
5471,000632,ST三木,3.34,-3.19,-0.11,104729.0,35247837.0,4.64,3.49,3.33,3.47,3.45,0.89,2.25,-6.71,24.79,1554835364.0,1554708564.0,0.3,0.0,-12.34,-40.88
5472,002100,天康生物,6.99,-3.19,-0.23,280223.0,196954510.68,4.29,7.23,6.92,7.23,7.22,1.48,2.05,-14.61,1.41,9543108090.0,9543108090.0,0.0,0.0,-12.63,-4.12
5473,601100,恒立液压,106.3,-3.22,-3.54,63825.0,679519455.0,4.42,109.99,105.14,109.8,109.84,0.86,0.48,54.63,8.32,142529271450.0,142529271450.0,-0.24,-0.05,-6.1,-2.79
5474,601886,江河集团,8.38,-3.23,-0.28,42372.0,35709691.0,4.04,8.7,8.35,8.7,8.66,0.99,0.37,15.54,1.35,9494557263.0,9494557263.0,-0.24,-0.12,-11.42,7.3
5475,000875,电投绿能,5.39,-3.23,-0.18,624284.0,339340422.45,4.67,5.6,5.34,5.6,5.57,1.03,1.87,17.82,1.12,19550988674.0,18015424788.0,-0.19,-0.19,-20.62,-4.09
5476,601000,唐山港,4.79,-3.23,-0.16,552825.0,265983341.0,4.04,4.96,4.76,4.96,4.95,0.87,0.93,15.07,1.37,28385198061.0,28385198061.0,-0.42,-0.21,3.9,31.59
5477,000786,北新建材,18.83,-3.24,-0.63,249221.0,471972731.89,3.55,19.46,18.77,19.41,19.46,1.02,1.48,9.97,1.2,32053104671.0,31813432665.0,0.05,0.21,-27.21,-22.48
5478,001288,运机集团,26.39,-3.26,-0.89,69093.0,182890269.25,3.45,27.07,26.13,27.02,27.28,1.48,4.55,29.99,2.69,6169028081.0,4007927863.0,0.53,0.61,-6.52,-16.88
5479,001979,招商蛇口,6.82,-3.26,-0.23,1296889.0,891056594.44,4.11,7.08,6.79,7.04,7.05,1.5,1.46,392.97,0.63,61489339406.0,60491447264.0,0.0,0.15,-29.47,-20.61
5480,002847,盐津铺子,50.56,-3.27,-1.71,52509.0,268134772.72,3.88,52.26,50.23,51.9,52.27,0.81,2.15,14.8,7.19,13660676916.0,12328487807.0,0.2,0.2,-8.17,-24.88
5481,600350,山东高速,10.92,-3.28,-0.37,167522.0,185475511.0,5.05,11.49,10.92,11.29,11.29,1.0,0.35,15.81,1.84,52793513409.0,52793513409.0,-0.27,-0.18,1.3,17.04
5482,301039,中集车辆,8.22,-3.29,-0.28,256786.0,212047269.06,3.53,8.49,8.19,8.45,8.5,0.79,1.77,24.55,1.1,15405302732.0,11938954050.0,-0.12,-0.12,-1.67,-6.59
5483,300498,温氏股份,13.48,-3.3,-0.46,683396.0,929691469.52,3.73,13.96,13.44,13.94,13.94,1.29,1.15,-20.96,2.35,89694967031.0,80150461982.0,0.0,0.15,-15.11,-19.18
5484,603529,爱玛科技,21.41,-3.3,-0.73,99217.0,213755100.0,2.8,22.0,21.38,22.0,22.14,1.41,1.17,23.59,1.97,18503551564.0,18146271675.0,0.05,0.05,-6.3,-26.58
5485,600398,海澜之家,6.13,-3.31,-0.21,435560.0,269990147.0,3.79,6.37,6.13,6.36,6.34,1.02,0.91,7.75,1.7,29440981914.0,29440981914.0,-0.16,0.0,-0.33,8.69
5486,600031,三一重工,19.53,-3.32,-0.67,925026.0,1808576203.0,4.11,20.16,19.33,20.11,20.2,1.0,1.09,18.1,2.02,179578436655.0,165504837423.0,-0.15,-0.05,-9.83,-6.78
5487,301030,*ST仕净,8.74,-3.32,-0.3,88019.0,77243849.0,4.09,9.03,8.66,9.01,9.04,0.94,4.36,-3.76,-4.45,1768830304.0,1766403905.0,0.0,-0.11,-23.73,-26.12
5488,601598,中国外运,6.38,-3.33,-0.22,311664.0,198639014.0,4.39,6.59,6.3,6.54,6.6,1.22,0.6,16.79,1.13,45768532828.0,32904660048.0,-0.47,-0.31,8.14,7.95
5489,601127,赛力斯,58.62,-3.33,-2.02,369429.0,2168701706.0,2.89,59.8,58.05,59.09,60.64,0.84,2.37,33.84,2.56,102115165741.0,91283262839.0,0.05,0.02,-33.68,-51.22
5490,601939,建设银行,10.1,-3.35,-0.35,2220935.0,2256647927.0,2.58,10.34,10.07,10.3,10.45,1.15,2.32,7.65,0.76,2642163852736.0,96895941821.0,0.0,0.0,7.45,11.23
5491,002948,青岛银行,5.7,-3.39,-0.2,452447.0,260116628.98,4.07,5.92,5.68,5.89,5.9,0.96,1.28,5.44,0.8,33176021927.0,20076510109.0,-0.18,-0.18,3.64,32.56
5492,002958,青农商行,3.13,-3.4,-0.11,790355.0,250106862.71,4.32,3.25,3.11,3.23,3.24,0.85,1.45,3.48,0.46,17389114047.0,17025824778.0,0.0,0.0,8.3,5.03
5493,600028,中国石化,5.1,-3.41,-0.18,3332490.0,1713349653.0,3.6,5.27,5.08,5.26,5.28,1.35,0.35,9.07,0.75,616720122532.0,483237624413.0,-0.2,-0.2,0.0,-15.98
5494,000425,徐工机械,8.44,-3.43,-0.3,1783101.0,1507433465.14,4.23,8.75,8.38,8.74,8.74,1.3,1.98,12.02,1.64,98842616190.0,75964687222.0,0.0,0.24,-21.63,-25.83
5495,601528,瑞丰银行,5.05,-3.44,-0.18,233778.0,119681798.0,3.44,5.23,5.05,5.2,5.23,0.83,1.26,5.87,0.5,9908915045.0,9371642974.0,-0.2,-0.2,0.4,-8.01
5496,002695,煌上煌,10.34,-3.45,-0.37,366515.0,388663166.05,6.82,10.94,10.21,10.88,10.71,2.34,7.17,31.72,2.1,5786117182.0,5288445569.0,0.39,0.49,-20.52,-11.17
5497,000951,中国重汽,21.77,-3.46,-0.78,140903.0,309589925.57,3.95,22.62,21.73,22.59,22.55,1.11,1.21,13.99,1.59,25449020083.0,25449020083.0,0.0,-0.05,-2.33,32.82
5498,600315,上海家化,17.8,-3.47,-0.64,124620.0,224929064.0,4.61,18.61,17.76,18.45,18.44,1.75,1.85,13.47,1.72,11965622444.0,11965622444.0,0.06,0.06,-10.51,-20.25
5499,603565,中谷物流,10.58,-3.47,-0.38,158586.0,169571064.0,3.65,10.96,10.56,10.94,10.96,0.96,0.76,10.54,2.12,22218667630.0,22218667630.0,-0.09,0.0,-2.76,7.96
5500,601988,中国银行,5.82,-3.48,-0.21,3962925.0,2319580781.0,2.99,5.99,5.81,5.98,6.03,1.07,0.19,8.28,0.7,1875276236757.0,1226655296404.0,0.17,0.0,4.68,3.74
5501,002594,比亚迪,91.15,-3.49,-3.3,667715.0,6134764119.83,3.91,94.49,90.8,94.45,94.45,1.55,1.92,50.86,3.63,831032558050.0,317804820525.0,0.0,-0.04,-8.92,-6.38
5502,601077,渝农商行,6.49,-3.57,-0.24,951901.0,622741937.0,3.12,6.7,6.49,6.69,6.73,1.19,1.08,4.51,0.51,73706930000.0,57360193234.0,0.0,-0.15,-6.08,5.7
5503,688608,恒玄科技,115.03,-3.58,-4.27,72344.0,837127462.0,4.64,119.3,113.76,118.02,119.3,1.08,3.05,76.5,3.92,27249001986.0,27249001986.0,0.0,0.01,-11.17,-28.6
5504,603682,锦和商管,10.18,-3.6,-0.38,594809.0,598400446.0,6.53,10.44,9.75,10.3,10.56,2.89,12.59,131.96,7.4,4810050000.0,4810050000.0,-0.1,0.1,17.15,59.81
5505,601601,中国太保,31.78,-3.64,-1.2,628819.0,2018727746.0,3.58,32.88,31.7,32.82,32.98,1.13,0.92,7.61,0.99,305734451440.0,217535417440.0,-0.19,0.09,-12.31,-22.03
5506,002882,金龙羽,23.09,-3.71,-0.89,274346.0,639465907.3,9.59,24.8,22.5,23.31,23.98,1.59,11.12,327.26,4.81,9995661000.0,5698209080.0,0.0,-0.39,-14.0,-23.19
5507,601633,长城汽车,16.07,-3.71,-0.62,237066.0,384905991.0,3.95,16.7,16.04,16.69,16.69,1.33,0.38,36.35,1.6,137453405903.0,99958030305.0,0.0,0.06,-17.38,-27.87
5508,600761,安徽合力,17.86,-3.72,-0.69,141880.0,255970438.0,3.72,18.54,17.85,18.43,18.55,0.94,1.59,12.21,1.49,15907772711.0,15907772711.0,-0.17,-0.17,-9.66,-12.41
5509,600928,西安银行,3.6,-3.74,-0.14,344656.0,125481025.0,4.01,3.74,3.59,3.73,3.74,1.35,0.78,5.29,0.45,16000000002.0,15924074638.0,-0.28,0.0,2.56,0.0
5510,601398,工商银行,7.66,-3.77,-0.3,5772571.0,4444164274.0,3.14,7.88,7.63,7.87,7.96,1.07,0.21,7.85,0.7,2730071929302.0,2065229548049.0,0.0,-0.13,4.93,-1.29
5511,600325,华发股份,2.54,-3.79,-0.1,560884.0,143997140.0,4.17,2.64,2.53,2.62,2.64,0.82,2.04,-1.85,0.82,6990466375.0,6990466375.0,-0.78,0.0,-31.54,-39.81
5512,601187,厦门银行,7.56,-3.82,-0.3,187841.0,143695616.0,4.58,7.89,7.53,7.84,7.86,1.08,0.71,7.19,0.74,19951806833.0,19908353496.0,-0.13,0.0,4.28,4.56
5513,002719,ST麦趣,5.89,-3.92,-0.24,59299.0,35380385.0,4.4,6.12,5.85,6.08,6.13,1.04,3.66,-19.45,9.4,1025681402.0,953427818.0,0.17,0.0,-24.78,-31.03
5514,688071,华依科技,37.39,-3.93,-1.53,44748.0,167104385.0,9.43,39.7,36.03,39.7,38.92,1.0,5.28,586.71,3.13,3170287780.0,3170287780.0,0.16,-0.24,8.69,12.72
5515,601288,农业银行,6.61,-4.06,-0.28,6123313.0,4080178805.0,3.05,6.82,6.61,6.82,6.89,1.07,0.19,7.69,0.83,2313387853901.0,2110204233236.0,-0.15,-0.15,-1.05,-12.45
5516,301004,嘉益股份,36.45,-4.08,-1.55,11780.0,43495175.0,5.79,38.46,36.26,38.34,38.0,0.98,0.87,21.63,2.96,5314638250.0,4961113819.0,-0.05,0.28,-16.48,-29.97
5517,603816,顾家家居,25.26,-4.14,-1.09,103081.0,261860284.0,4.97,26.4,25.09,26.26,26.35,1.01,1.26,10.45,2.09,20749865370.0,20609137540.0,0.16,0.24,-16.3,-13.96
5518,000893,亚钾国际,48.4,-4.2,-2.12,199138.0,976070620.36,4.99,50.77,48.25,50.42,50.52,1.11,2.45,21.0,3.24,44724077451.0,39291426082.0,-0.23,-0.19,-7.07,1.13
5519,603225,新凤鸣,18.88,-4.31,-0.85,165672.0,316866286.0,4.26,19.67,18.83,19.52,19.73,1.01,0.99,21.54,1.53,31671082566.0,31502142438.0,-0.42,-0.26,4.42,-1.97
5520,002043,兔 宝 宝,12.88,-4.31,-0.58,142549.0,184766220.77,5.2,13.52,12.82,13.52,13.46,0.86,1.77,18.05,3.35,10687237702.0,10400900439.0,-0.16,-0.08,-17.96,-8.65
5521,300677,英科医疗,47.3,-4.41,-2.18,138279.0,660744223.4,6.22,49.9,46.82,49.47,49.48,1.15,2.97,771.87,1.7,30969829340.0,22023504455.0,0.02,-0.02,-8.42,21.91
5522,600180,*ST瑞茂,1.57,-5.42,-0.09,403571.0,64788654.0,8.43,1.68,1.54,1.66,1.66,1.31,3.71,-1.41,0.4,1706005118.0,1706005118.0,-0.63,0.64,-33.76,-55.14
5523,002244,滨江集团,8.52,-5.54,-0.5,516080.0,444448603.24,6.32,9.0,8.43,8.97,9.02,1.34,1.87,8.17,0.88,26509501943.0,23494320377.0,0.24,0.35,-23.66,-14.63
5524,002726,ST龙大,2.07,-6.33,-0.14,1034466.0,220463100.11,7.24,2.22,2.06,2.19,2.21,0.92,7.6,-708.96,2.44,2817548632.0,2815853302.0,0.0,-0.48,-11.16,-49.64
5525,002541,鸿路钢构,19.2,-6.71,-1.38,192803.0,374432536.59,7.05,20.48,19.03,20.4,20.58,1.86,3.89,22.44,1.37,13248366528.0,9526657325.0,-0.21,0.16,-4.29,18.81
5526,688068,热景生物,98.93,-6.92,-7.35,45173.0,461198345.0,11.1,110.12,98.32,107.0,106.28,1.43,4.87,-33.71,3.77,9176164696.0,9176164696.0,0.02,-0.08,-13.1,-38.93
5527,688036,传音控股,57.83,-8.21,-5.17,380915.0,2241385255.0,9.97,63.27,56.99,63.0,63.0,2.05,3.31,23.76,3.29,66573002237.0,66573002237.0,-0.12,-0.02,-0.99,-11.39
5528,600530,ST交昂,4.49,-10.02,-0.5,10974.0,4927326.0,0.0,4.49,4.49,4.49,4.99,0.12,0.14,-137.92,11.07,3479390800.0,3479390800.0,0.0,0.0,-31.45,-30.28
5529,920258,聚仁新材,14.0,-10.94,-1.72,211066.0,289696931.55,11.51,14.8,12.99,14.8,15.72,0.62,58.63,28.37,5.27,5600000000.0,504000000.0,0.0,0.21,212.5,212.5
5530,920680,广道退,,,,,,,,,,0.86,,0.0,,,,,,,0.0,0.0
5531,920305,云创退,,,,,,,,,,0.4,,0.0,,,,,,,-88.8,-96.04
5532,920165,珈凯生物,,,,,,,,,,19.26,,0.0,,,,,,,0.0,0.0
5533,920138,杰理科技,,,,,,,,,,18.86,,0.0,,,,,,,0.0,0.0
5534,920107,恒兴股份,,,,,,,,,,16.02,,0.0,,,,,,,0.0,0.0
5535,920038,森合高科,,,,,,,,,,29.06,,0.0,,,,,,,0.0,0.0
5536,833994,翰博高新,,,,,,,,,,32.9,,0.0,,,,,,,0.0,0.0
5537,833874,泰祥股份,,,,,,,,,,20.13,,0.0,,,,,,,2.55,2.55
5538,832317,观典防务,,,,,,,,,,21.88,,0.0,,,,,,,0.0,0.0
5539,810014,莱特定转,,,,,,,,,,100.0,,0.0,,,,200000000.0,,,0.0,-0.83
5540,810013,万通定转,,,,,,,,,,100.0,,0.0,,,,150000000.0,,,,
5541,810011,优机定转,,,,,,,,,,100.0,,0.0,,,,120000000.0,,,0.0,-0.5
5542,688836,宇树科技,,,,,,,,,,,,0.0,,,,,,,,
5543,688828,国仪公司,,,,,,,,,,21.22,,0.0,-26.74,11.13,7639200000.0,,,,0.0,0.0
5544,688826,频准激光,,,,,,,,,,,,0.0,,,,,,,,
5545,688555,退市泽达,,,,,,,,,,1.12,,0.0,,,,,,,0.0,0.0
5546,688287,退市观典,,,,,,,,,,0.37,,0.0,,,,,,,-60.22,-93.97
5547,688086,退市紫晶,,,,,,,,,,0.64,,0.0,,,,,,,0.0,0.0
5548,605081,退市太和,,,,,,,,,,0.4,,0.0,,,,,,,-92.05,-96.27
5549,603996,退市中新,,,,,,,,,,0.39,,0.0,,,,,,,0.0,0.0
5550,603963,*ST大药,,,,,,,,,,1.18,,0.0,,,,,,,0.0,0.0
5551,603603,退市博天,,,,,,,,,,0.39,,0.0,,,,,,,0.0,0.0
5552,603555,ST贵人,,,,,,,,,,0.67,,0.0,,,,,,,0.0,0.0
5553,603468,津富士达,,,,,,,,,,17.46,,0.0,21.66,2.51,7197390882.0,698200502.0,,,0.0,0.0
5554,603388,*ST元成,,,,,,,,,,0.58,,0.0,,,,,,,0.0,0.0
5555,603221,爱丽家居,,,,,,,,,,22.54,,0.0,-92.07,3.48,5460765800.0,5460765800.0,,,82.81,72.06
5556,603157,退市拉夏,,,,,,,,,,0.59,,0.0,,,,,,,0.0,0.0
5557,603133,退市碳元,,,,,,,,,,0.29,,0.0,,,,,,,0.0,0.0
5558,603056,德邦股份,,,,,,,,,,18.85,,0.0,,,,,,,0.0,37.89
5559,603003,退市龙宇,,,,,,,,,,2.44,,0.0,,,,,,,0.0,0.0
5560,601989,中国重工,,,,,,,,,,5.1,,0.0,,,,,,,0.0,0.0
5561,601558,退市锐电,,,,,,,,,,0.25,,0.0,,,,,,,0.0,0.0
5562,601299,中国北车,,,,,,,,,,29.98,,0.0,,,,,,,0.0,0.0
5563,601268,*ST二重,,,,,,,,,,2.35,,0.0,,,,,,,0.0,0.0
5564,601258,*ST庞大,,,,,,,,,,0.4,,0.0,,,,,,,0.0,0.0
5565,601028,玉龙股份,,,,,,,,,,12.83,,0.0,,,,,,,0.0,0.0
5566,600991,广汽长丰,,,,,,,,,,17.82,,0.0,,,,,,,0.0,0.0
5567,600978,*ST宜生,,,,,,,,,,0.52,,0.0,,,,,,,0.0,0.0
5568,600899,*ST信联,,,,,,,,,,1.13,,0.0,,,,,,,0.0,0.0
5569,600898,*ST美讯,,,,,,,,,,0.74,,0.0,,,,,,,0.0,0.0
5570,600896,退市海医,,,,,,,,,,1.12,,0.0,,,,,,,0.0,0.0
5571,600891,退市秋林,,,,,,,,,,0.38,,0.0,,,,,,,0.0,0.0
5572,600890,退市中房,,,,,,,,,,0.36,,0.0,,,,,,,0.0,0.0
5573,600878,*ST北科,,,,,,,,,,2.64,,0.0,,,,,,,0.0,0.0
5574,600870,退市厦华,,,,,,,,,,0.6,,0.0,,,,,,,0.0,0.0
5575,600856,退市中天,,,,,,,,,,0.27,,0.0,,,,,,,0.0,0.0
5576,600852,*ST中川,,,,,,,,,,0.72,,0.0,,,,,,,0.0,0.0
5577,600849,上药转换,,,,,,,,,,14.73,,0.0,,,,,,,0.0,0.0
5578,600842,中西药业,,,,,,,,,,13.96,,0.0,,,,,,,0.0,0.0
5579,600840,新湖创业,,,,,,,,,,23.8,,0.0,,,,,,,0.0,0.0
5580,600837,海通证券,,,,,,,,,,10.41,,0.0,,,,,,,0.0,0.0
5581,600836,*ST易连,,,,,,,,,,0.45,,0.0,,,,,,,0.0,0.0
5582,600832,东方明珠,,,,,,,,,,23.18,,0.0,,,,,,,0.0,0.0
5583,600823,*ST世茂,,,,,,,,,,0.43,,0.0,,,,,,,0.0,0.0
5584,600813,ST鞍一工,,,,,,,,,,3.83,,0.0,,,,,,,0.0,0.0
5585,600811,*ST东方,,,,,,,,,,0.36,,0.0,,,,,,,0.0,0.0
5586,600806,退市昆机,,,,,,,,,,1.47,,0.0,,,,,,,0.0,0.0
5587,600804,退市鹏博,,,,,,,,,,0.14,,0.0,,,,,,,0.0,0.0
5588,600799,*ST龙科,,,,,,,,,,0.54,,0.0,,,,,,,0.0,0.0
5589,600788,*ST达曼,,,,,,,,,,0.91,,0.0,,,,,,,0.0,0.0
5590,600786,东方锅炉,,,,,,,,,,82.2,,0.0,,,,,,,0.0,0.0
5591,600781,退市辅仁,,,,,,,,,,0.77,,0.0,,,,,,,0.0,0.0
5592,600772,S*ST龙昌,,,,,,,,,,1.3,,0.0,,,,,,,0.0,0.0
5593,600767,退市运盛,,,,,,,,,,0.42,,0.0,,,,,,,0.0,0.0
5594,600766,退市园城,,,,,,,,,,0.42,,0.0,,,,,,,0.0,0.0
5595,600762,S*ST金荔,,,,,,,,,,0.77,,0.0,,,,,,,0.0,0.0
5596,600752,*ST哈慈,,,,,,,,,,0.84,,0.0,,,,,,,0.0,0.0
5597,600747,退市大控,,,,,,,,,,0.26,,0.0,,,,,,,0.0,0.0
5598,600723,首商股份,,,,,,,,,,8.93,,0.0,,,,,,,0.0,0.0
5599,600709,ST生态,,,,,,,,,,3.02,,0.0,,,,,,,0.0,0.0
5600,600705,中航产融,,,,,,,,,,3.47,,0.0,,,,,,,0.0,0.0
5601,600701,退市工新,,,,,,,,,,0.45,,0.0,,,,,,,0.0,0.0
5602,600700,*ST数码,,,,,,,,,,0.64,,0.0,,,,,,,0.0,0.0
5603,600696,退市岩石,,,,,,,,,,0.74,,0.0,,,,,,,-43.51,-74.48
5604,600695,退市绿庭,,,,,,,,,,0.51,,0.0,,,,,,,0.0,0.0
5605,600687,退市刚泰,,,,,,,,,,0.3,,0.0,,,,,,,0.0,0.0
5606,600680,*ST上普,,,,,,,,,,7.69,,0.0,,,,,,,0.0,0.0
5607,600677,*ST航通,,,,,,,,,,3.01,,0.0,,,,,,,0.0,0.0
5608,600672,*ST华圣,,,,,,,,,,0.7,,0.0,,,,,,,0.0,0.0
5609,600670,*ST斯达,,,,,,,,,,2.87,,0.0,,,,,,,0.0,0.0
5610,600669,*ST鞍成,,,,,,,,,,2.19,,0.0,,,,,,,0.0,0.0
5611,600659,*ST花雕,,,,,,,,,,1.41,,0.0,,,,,,,0.0,0.0
5612,600656,退市博元,,,,,,,,,,4.49,,0.0,,,,,,,0.0,0.0
5613,600652,退市游久,,,,,,,,,,1.19,,0.0,,,,,,,0.0,0.0
5614,600647,退市同达,,,,,,,,,,1.52,,0.0,,,,,,,0.0,0.0
5615,600646,ST国嘉,,,,,,,,,,5.82,,0.0,,,,,,,0.0,0.0
5616,600636,退市国化,,,,,,,,,,1.71,,0.0,,,,,,,-62.08,-80.32
5617,600634,退市富控,,,,,,,,,,0.28,,0.0,,,,,,,0.0,0.0
5618,600632,华联商厦,,,,,,,,,,9.53,,0.0,,,,,,,0.0,0.0
5619,600631,百联股份,,,,,,,,,,15.68,,0.0,,,,,,,0.0,0.0
5620,600627,上电股份,,,,,,,,,,28.73,,0.0,,,,,,,0.0,0.0
5621,600625,PT水仙,,,,,,,,,,4.8,,0.0,,,,,,,0.0,0.0
5622,600614,退市鹏起,,,,,,,,,,0.26,,0.0,,,,,,,0.0,0.0
5623,600608,退市沪科,,,,,,,,,,0.17,,0.0,,,,,,,-91.79,-94.97
5624,600607,上实医药,,,,,,,,,,23.52,,0.0,,,,,,,0.0,0.0
5625,600599,退市熊猫,,,,,,,,,,0.43,,0.0,,,,,,,-89.11,-95.67
5626,600591,*ST上航,,,,,,,,,,7.27,,0.0,,,,,,,0.0,0.0
5627,600565,ST迪马,,,,,,,,,,0.85,,0.0,,,,,,,0.0,0.0
5628,600555,退市海创,,,,,,,,,,0.26,,0.0,,,,,,,0.0,0.0
5629,600553,太行水泥,,,,,,,,,,14.98,,0.0,,,,,,,0.0,0.0
5630,600532,退市未来,,,,,,,,,,0.72,,0.0,,,,,,,0.0,0.0
5631,600485,*ST信威,,,,,,,,,,1.39,,0.0,,,,,,,0.0,0.0
5632,600472,包头铝业,,,,,,,,,,51.82,,0.0,,,,,,,0.0,0.0
5633,600466,*ST蓝光,,,,,,,,,,0.4,,0.0,,,,,,,0.0,0.0
5634,600462,退市九有,,,,,,,,,,0.21,,0.0,,,,,,,0.0,0.0
5635,600432,退市吉恩,,,,,,,,,,1.38,,0.0,,,,,,,0.0,0.0
5636,600421,退市华嵘,,,,,,,,,,0.24,,0.0,,,,,,,-94.12,-96.56
5637,600401,退市海润,,,,,,,,,,0.15,,0.0,,,,,,,0.0,0.0
5638,600393,ST粤泰,,,,,,,,,,0.37,,0.0,,,,,,,0.0,0.0
5639,600387,退市海越,,,,,,,,,,0.94,,0.0,,,,,,,0.0,0.0
5640,600385,退市金泰,,,,,,,,,,1.2,,0.0,,,,,,,0.0,0.0
5641,600357,承德钒钛,,,,,,,,,,7.4,,0.0,,,,,,,0.0,0.0
5642,600355,*ST精伦,,,,,,,,,,0.58,,0.0,,,,,,,0.0,-74.11
5643,600321,正源股份,,,,,,,,,,0.5,,0.0,,,,,,,0.0,0.0
5644,600317,营口港,,,,,,,,,,2.6,,0.0,,,,,,,0.0,0.0
5645,600311,*ST荣华,,,,,,,,,,0.61,,0.0,,,,,,,0.0,0.0
5646,600306,退市商城,,,,,,,,,,0.29,,0.0,,,,,,,0.0,0.0
5647,600297,广汇汽车,,,,,,,,,,0.78,,0.0,,,,,,,0.0,0.0
5648,600296,S兰铝,,,,,,,,,,14.61,,0.0,,,,,,,0.0,0.0
5649,600291,退市西水,,,,,,,,,,0.89,,0.0,,,,,,,0.0,0.0
5650,600290,*ST华仪,,,,,,,,,,0.37,,0.0,,,,,,,0.0,0.0
5651,600286,S*ST国瓷,,,,,,,,,,0.67,,0.0,,,,,,,0.0,0.0
5652,600277,ST亿利,,,,,,,,,,0.38,,0.0,,,,,,,0.0,0.0
5653,600275,退市昌鱼,,,,,,,,,,0.41,,0.0,,,,,,,0.0,0.0
5654,600270,外运发展,,,,,,,,,,20.99,,0.0,,,,,,,0.0,0.0
5655,600263,路桥建设,,,,,,,,,,16.43,,0.0,,,,,,,0.0,0.0
5656,600260,*ST凯乐,,,,,,,,,,0.47,,0.0,,,,,,,0.0,0.0
5657,600253,天方药业,,,,,,,,,,6.26,,0.0,,,,,,,0.0,0.0
5658,600247,*ST成城,,,,,,,,,,0.65,,0.0,,,,,,,0.0,0.0
5659,600242,退市中昌,,,,,,,,,,0.25,,0.0,,,,,,,0.0,0.0
5660,600240,退市华业,,,,,,,,,,0.41,,0.0,,,,,,,0.0,0.0
5661,600225,退市卓朗,,,,,,,,,,0.29,,0.0,,,,,,,0.0,0.0
5662,600220,ST阳光,,,,,,,,,,0.37,,0.0,,,,,,,0.0,0.0
5663,600213,*ST亚星,,,,,,,,,,6.36,,0.0,,,,,,,0.0,0.0
5664,600209,退市罗顿,,,,,,,,,,1.18,,0.0,,,,,,,0.0,0.0
5665,600205,S山东铝,,,,,,,,,,25.41,,0.0,,,,,,,0.0,0.0
5666,600200,退市苏吴,,,,,,,,,,0.29,,0.0,,,,,,,0.0,0.0
5667,600193,退市创兴,,,,,,,,,,0.16,,0.0,,,,,,,-92.63,-95.82
5668,600190,退市锦港,,,,,,,,,,0.63,,0.0,,,,,,,0.0,0.0
5669,600181,S*ST云大,,,,,,,,,,1.02,,0.0,,,,,,,0.0,0.0
5670,600175,退市美都,,,,,,,,,,0.21,,0.0,,,,,,,0.0,0.0
5671,600146,退市环球,,,,,,,,,,0.22,,0.0,,,,,,,0.0,0.0
5672,600145,退市新亿,,,,,,,,,,0.34,,0.0,,,,,,,0.0,0.0
5673,600139,*ST西源,,,,,,,,,,0.74,,0.0,,,,,,,0.0,0.0
5674,600122,*ST宏图,,,,,,,,,,0.38,,0.0,,,,,,,0.0,0.0
5675,600112,*ST天成,,,,,,,,,,0.73,,0.0,,,,,,,0.0,0.0
5676,600102,莱钢股份,,,,,,,,,,7.13,,0.0,,,,,,,0.0,0.0
5677,600093,退市易见,,,,,,,,,,0.5,,0.0,,,,,,,0.0,0.0
5678,600092,S*ST精密,,,,,,,,,,0.96,,0.0,,,,,,,0.0,0.0
5679,600091,退市明科,,,,,,,,,,0.76,,0.0,,,,,,,0.0,0.0
5680,600090,退市济堂,,,,,,,,,,0.27,,0.0,,,,,,,0.0,0.0
5681,600087,退市长油,,,,,,,,,,0.83,,0.0,,,,,,,0.0,0.0
5682,600086,退市金钰,,,,,,,,,,0.16,,0.0,,,,,,,0.0,0.0
5683,600083,*ST博信,,,,,,,,,,0.92,,0.0,,,,,,,0.0,0.0
5684,600077,*ST宋都,,,,,,,,,,0.41,,0.0,,,,,,,0.0,0.0
5685,600074,退市保千,,,,,,,,,,0.17,,0.0,,,,,,,0.0,0.0
5686,600070,*ST富润,,,,,,,,,,0.42,,0.0,,,,,,,0.0,0.0
5687,600069,退市银鸽,,,,,,,,,,0.28,,0.0,,,,,,,0.0,0.0
5688,600068,葛洲坝,,,,,,,,,,9.93,,0.0,,,,,,,0.0,0.0
5689,600065,*ST联谊,,,,,,,,,,1.7,,0.0,,,,,,,0.0,0.0
5690,600005,武钢股份,,,,,,,,,,3.71,,0.0,,,,,,,0.0,0.0
5691,600003,ST东北高,,,,,,,,,,3.87,,0.0,,,,,,,0.0,0.0
5692,600002,齐鲁石化,,,,,,,,,,10.09,,0.0,,,,,,,0.0,0.0
5693,600001,邯郸钢铁,,,,,,,,,,5.29,,0.0,,,,,,,0.0,0.0
5694,301717,超纯应材,,,,,,,,,,65.99,,0.0,20.19,5.5,5040620744.0,,,,0.0,0.0
5695,301707,展芯股份,,,,,,,,,,23.45,,0.0,48.56,6.6,9642403859.0,634382626.0,,,0.0,0.0
5696,301655,绿控传动,,,,,,,,,,,,0.0,,,,,,,,
5697,300862,蓝盾光电,,,,,,,,,,19.01,,0.0,-101.27,1.79,3509586317.0,2879463843.0,,,-32.03,-16.91
5698,300799,左江退,,,,,,,,,,1.08,,0.0,,,,,,,0.0,0.0
5699,300742,越博退,,,,,,,,,,0.18,,0.0,,,,,,,0.0,0.0
5700,300630,普利退,,,,,,,,,,0.89,,0.0,,,,,,,0.0,0.0
5701,300526,中潜退,,,,,,,,,,0.56,,0.0,,,,,,,0.0,0.0
5702,300495,*ST美尚,,,,,,,,,,0.13,,0.0,,,,,,,0.0,0.0
5703,300431,暴风退,,,,,,,,,,0.28,,0.0,,,,,,,0.0,0.0
5704,300392,腾信退,,,,,,,,,,0.21,,0.0,,,,,,,0.0,0.0
5705,300391,长药退,,,,,,,,,,0.19,,0.0,,,,,,,0.0,-78.16
5706,300379,东通退,,,,,,,,,,1.72,,0.0,,,,,,,0.0,38.71
5707,300372,欣泰退,,,,,,,,,,1.48,,0.0,,,,,,,0.0,0.0
5708,300367,网力退,,,,,,,,,,0.29,,0.0,,,,,,,0.0,0.0
5709,300362,天翔退,,,,,,,,,,1.34,,0.0,,,,,,,0.0,0.0
5710,300356,光一退,,,,,,,,,,1.69,,0.0,,,,,,,0.0,0.0
5711,300344,立方退,,,,,,,,,,0.25,,0.0,,,,,,,0.0,-75.49
5712,300336,新文退,,,,,,,,,,0.25,,0.0,,,,,,,0.0,0.0
5713,300333,兆日科技,,,,,,,,,,8.87,,0.0,-167.72,5.29,2980320000.0,2969499194.0,,,-13.55,-22.87
5714,300330,计通退,,,,,,,,,,2.45,,0.0,,,,,,,0.0,0.0
5715,300325,德威退,,,,,,,,,,0.25,,0.0,,,,,,,0.0,0.0
5716,300312,邦讯退,,,,,,,,,,0.3,,0.0,,,,,,,0.0,0.0
5717,300311,ST任子行,,,,,,,,,,5.55,,0.0,-36.86,5.71,3738647333.0,2982620466.0,,,-1.77,25.0
5718,300309,吉艾退,,,,,,,,,,0.23,,0.0,,,,,,,0.0,0.0
5719,300297,蓝盾退,,,,,,,,,,0.23,,0.0,,,,,,,0.0,0.0
5720,300282,三盛退,,,,,,,,,,0.13,,0.0,,,,,,,0.0,0.0
5721,300280,紫天退,,,,,,,,,,0.33,,0.0,,,,,,,0.0,0.0
5722,300273,和佳退,,,,,,,,,,0.38,,0.0,,,,,,,0.0,0.0
5723,300262,*ST巴安,,,,,,,,,,0.68,,0.0,,,,,,,0.0,0.0
5724,300246,宝莱特,,,,,,,,,,19.26,,0.0,-174.08,4.73,5096321845.0,4073297265.0,,,-6.5,137.78
5725,300216,千山退,,,,,,,,,,0.19,,0.0,,,,,,,0.0,0.0
5726,300208,中程退,,,,,,,,,,0.28,,0.0,,,,,,,0.0,0.0
5727,300202,聚龙退,,,,,,,,,,0.5,,0.0,,,,,,,0.0,0.0
5728,300186,大华农,,,,,,,,,,45.72,,0.0,,,,,,,0.0,0.0
5729,300178,腾邦退,,,,,,,,,,0.2,,0.0,,,,,,,0.0,0.0
5730,300156,神雾退,,,,,,,,,,0.12,,0.0,,,,,,,0.0,0.0
5731,300117,*ST嘉寓,,,,,,,,,,0.43,,0.0,,,,,,,0.0,0.0
5732,300116,*ST保力,,,,,,,,,,0.11,,0.0,,,,,,,0.0,0.0
5733,300108,*ST吉药,,,,,,,,,,0.21,,0.0,,,,,,,0.0,0.0
5734,300104,乐视退,,,,,,,,,,0.18,,0.0,,,,,,,0.0,0.0
5735,300090,盛运退,,,,,,,,,,0.12,,0.0,,,,,,,0.0,0.0
5736,300089,文化退,,,,,,,,,,0.19,,0.0,,,,,,,0.0,0.0
5737,300064,金刚退,,,,,,,,,,1.32,,0.0,,,,,,,0.0,0.0
5738,300038,数知退,,,,,,,,,,0.3,,0.0,,,,,,,0.0,0.0
5739,300029,天龙退,,,,,,,,,,0.12,,0.0,,,,,,,-95.67,-97.33
5740,300028,金亚退,,,,,,,,,,0.3,,0.0,,,,,,,0.0,0.0
5741,300023,宝德退,,,,,,,,,,1.09,,0.0,,,,,,,0.0,0.0
5742,002898,赛隆退,,,,,,,,,,0.37,,0.0,,,,,,,-95.54,-97.28
5743,002808,恒久退,,,,,,,,,,0.22,,0.0,,,,,,,-92.23,-95.62
5744,002781,奇信退,,,,,,,,,,0.42,,0.0,,,,,,,0.0,0.0
5745,002776,*ST柏龙,,,,,,,,,,0.4,,0.0,,,,,,,0.0,0.0
5746,002770,科迪退,,,,,,,,,,0.6,,0.0,,,,,,,0.0,0.0
5747,002751,易尚退,,,,,,,,,,0.86,,0.0,,,,,,,0.0,0.0
5748,002750,龙津退,,,,,,,,,,0.59,,0.0,,,,,,,0.0,0.0
5749,002740,*ST爱迪,,,,,,,,,,0.38,,0.0,,,,,,,0.0,0.0
5750,002711,欧浦退,,,,,,,,,,0.32,,0.0,,,,,,,0.0,0.0
5751,002699,*ST美盛,,,,,,,,,,0.41,,0.0,,,,,,,0.0,0.0
5752,002684,猛狮退,,,,,,,,,,0.69,,0.0,,,,,,,0.0,0.0
5753,002680,长生退,,,,,,,,,,0.77,,0.0,,,,,,,0.0,0.0
5754,002665,ST航高,,,,,,,,,,0.37,,0.0,,,,,,,0.0,0.0
5755,002621,*ST美吉,,,,,,,,,,0.37,,0.0,,,,,,,0.0,0.0
5756,002619,*ST艾格,,,,,,,,,,0.56,,0.0,,,,,,,0.0,0.0
5757,002618,丹邦退,,,,,,,,,,1.26,,0.0,,,,,,,0.0,0.0
5758,002610,ST爱康,,,,,,,,,,0.37,,0.0,,,,,,,0.0,0.0
5759,002604,龙力退,,,,,,,,,,0.25,,0.0,,,,,,,0.0,0.0
5760,002509,天茂退,,,,,,,,,,0.15,,0.0,,,,,,,0.0,0.0
5761,002505,鹏都农牧,,,,,,,,,,0.36,,0.0,,,,,,,0.0,0.0
5762,002504,*ST弘高,,,,,,,,,,0.38,,0.0,,,,,,,0.0,0.0
5763,002503,*ST搜特,,,,,,,,,,0.42,,0.0,,,,,,,0.0,0.0
5764,002502,ST鼎龙,,,,,,,,,,0.64,,0.0,,,,,,,0.0,0.0
5765,002499,科林退,,,,,,,,,,0.86,,0.0,,,,,,,0.0,0.0
5766,002477,雏鹰退,,,,,,,,,,0.17,,0.0,,,,,,,0.0,0.0
5767,002473,圣莱退,,,,,,,,,,0.79,,0.0,,,,,,,0.0,0.0
5768,002464,众应退,,,,,,,,,,0.26,,0.0,,,,,,,0.0,0.0
5769,002450,康得退,,,,,,,,,,0.2,,0.0,,,,,,,0.0,0.0
5770,002447,晨鑫退,,,,,,,,,,0.19,,0.0,,,,,,,0.0,0.0
5771,002435,ST长康,,,,,,,,,,0.37,,0.0,,,,,,,0.0,0.0
5772,002433,太安退,,,,,,,,,,0.27,,0.0,,,,,,,0.0,0.0
5773,002417,深南退,,,,,,,,,,0.45,,0.0,,,,,,,0.0,0.0
5774,002411,必康退,,,,,,,,,,0.62,,0.0,,,,,,,0.0,0.0
5775,002359,北讯退,,,,,,,,,,0.35,,0.0,,,,,,,0.0,0.0
5776,002341,ST新纶,,,,,,,,,,0.61,,0.0,,,,,,,0.0,0.0
5777,002336,人乐退,,,,,,,,,,0.36,,0.0,,,,,,,0.0,0.0
5778,002325,*ST洪涛,,,,,,,,,,0.38,,0.0,,,,,,,0.0,0.0
5779,002308,*ST威创,,,,,,,,,,0.37,,0.0,,,,,,,0.0,0.0
5780,002288,*ST超华,,,,,,,,,,0.37,,0.0,,,,,,,0.0,0.0
5781,002280,ST联络,,,,,,,,,,0.37,,0.0,,,,,,,0.0,0.0
5782,002260,德奥退,,,,,,,,,,0.53,,0.0,,,,,,,0.0,0.0
5783,002231,*ST奥维,,,,,,,,,,0.6,,0.0,,,,,,,0.0,-57.14
5784,002220,天宝退,,,,,,,,,,0.26,,0.0,,,,,,,0.0,0.0
5785,002214,*ST大立,,,,,,,,,,13.5,,0.0,-29.59,6.43,8081946275.0,6458624816.0,,,-28.46,-25.08
5786,002147,新光退,,,,,,,,,,0.37,,0.0,,,,,,,0.0,0.0
5787,002143,印纪退,,,,,,,,,,0.25,,0.0,,,,,,,0.0,0.0
5788,002118,*ST紫鑫,,,,,,,,,,0.37,,0.0,,,,,,,0.0,0.0
5789,002113,*ST天润,,,,,,,,,,0.41,,0.0,,,,,,,0.0,0.0
5790,002089,新海退,,,,,,,,,,0.24,,0.0,,,,,,,0.0,0.0
5791,002087,新纺退,,,,,,,,,,0.16,,0.0,,,,,,,0.0,0.0
5792,002071,长城退,,,,,,,,,,0.31,,0.0,,,,,,,0.0,0.0
5793,002070,众和退,,,,,,,,,,0.71,,0.0,,,,,,,0.0,0.0
5794,002018,华信退,,,,,,,,,,0.26,,0.0,,,,,,,0.0,0.0
5795,002013,中航机电,,,,,,,,,,10.78,,0.0,,,,,,,0.0,0.0
5796,002002,ST鸿达,,,,,,,,,,0.58,,0.0,,,,,,,0.0,0.0
5797,000996,中期退,,,,,,,,,,0.38,,0.0,,,,,,,0.0,0.0
5798,000982,中银绒业,,,,,,,,,,0.18,,0.0,,,,,,,0.0,0.0
5799,000979,中弘退,,,,,,,,,,0.22,,0.0,,,,,,,0.0,0.0
5800,000976,*ST华铁,,,,,,,,,,0.41,,0.0,,,,,,,0.0,0.0
5801,000971,*ST高升,,,,,,,,,,0.55,,0.0,,,,,,,0.0,0.0
5802,000961,ST中南,,,,,,,,,,0.56,,0.0,,,,,,,0.0,0.0
5803,000956,中原油气,,,,,,,,,,11.91,,0.0,,,,,,,0.0,0.0
5804,000939,凯迪退,,,,,,,,,,0.15,,0.0,,,,,,,0.0,0.0
5805,000918,*ST嘉凯,,,,,,,,,,0.49,,0.0,,,,,,,0.0,0.0
5806,000916,华北高速,,,,,,,,,,8.82,,0.0,,,,,,,0.0,0.0
5807,000866,扬子石化,,,,,,,,,,13.84,,0.0,,,,,,,0.0,0.0
5808,000861,海印股份,,,,,,,,,,0.62,,0.0,,,,,,,0.0,0.0
5809,000851,*ST高鸿,,,,,,,,,,0.38,,0.0,,,,,,,0.0,0.0
5810,000838,*ST发展,,,,,,,,,,2.5,,0.0,-47.72,-12.82,2751155425.0,2634414638.0,,,23.76,-19.09
5811,000836,ST富通,,,,,,,,,,0.37,,0.0,,,,,,,0.0,0.0
5812,000835,长动退,,,,,,,,,,0.35,,0.0,,,,,,,0.0,0.0
5813,000832,*ST龙涤,,,,,,,,,,1.45,,0.0,,,,,,,0.0,0.0
5814,000827,*ST长兴,,,,,,,,,,1.16,,0.0,,,,,,,0.0,0.0
5815,000817,辽河油田,,,,,,,,,,8.75,,0.0,,,,,,,0.0,0.0
5816,000806,银河退,,,,,,,,,,0.43,,0.0,,,,,,,0.0,0.0
5817,000805,*ST炎黄,,,,,,,,,,1.88,,0.0,,,,,,,0.0,0.0
5818,000787,*ST创智,,,,,,,,,,4.68,,0.0,,,,,,,0.0,0.0
5819,000780,ST平能,,,,,,,,,,10.95,,0.0,,,,,,,0.0,0.0
5820,000769,*ST大菲,,,,,,,,,,0.9,,0.0,,,,,,,0.0,0.0
5821,000765,*ST华信,,,,,,,,,,2.36,,0.0,,,,,,,0.0,0.0
5822,000763,锦州石化,,,,,,,,,,4.22,,0.0,,,,,,,0.0,0.0
5823,000760,斯太退,,,,,,,,,,0.26,,0.0,,,,,,,0.0,0.0
5824,000748,长城信息,,,,,,,,,,20.31,,0.0,,,,,,,0.0,0.0
5825,000732,ST泰禾,,,,,,,,,,0.43,,0.0,,,,,,,0.0,0.0
5826,000730,*ST环保,,,,,,,,,,2.6,,0.0,,,,,,,0.0,0.0
5827,000699,S*ST佳纸,,,,,,,,,,0.81,,0.0,,,,,,,0.0,0.0
5828,000693,华泽退,,,,,,,,,,0.37,,0.0,,,,,,,0.0,0.0
5829,000689,ST宏业,,,,,,,,,,4.88,,0.0,,,,,,,0.0,0.0
5830,000687,华讯退,,,,,,,,,,0.29,,0.0,,,,,,,0.0,0.0
5831,000675,ST银山,,,,,,,,,,7.94,,0.0,,,,,,,0.0,0.0
5832,000673,当代退,,,,,,,,,,0.25,,0.0,,,,,,,0.0,0.0
5833,000671,ST阳光城,,,,,,,,,,0.37,,0.0,,,,,,,0.0,0.0
5834,000667,ST美置,,,,,,,,,,0.58,,0.0,,,,,,,0.0,0.0
5835,000666,经纬纺机,,,,,,,,,,8.97,,0.0,,,,,,,0.0,0.0
5836,000662,天夏退,,,,,,,,,,0.25,,0.0,,,,,,,0.0,0.0
5837,000660,*ST南华,,,,,,,,,,2.38,,0.0,,,,,,,0.0,0.0
5838,000658,ST海洋,,,,,,,,,,4.24,,0.0,,,,,,,0.0,0.0
5839,000653,ST九州,,,,,,,,,,2.51,,0.0,,,,,,,0.0,0.0
5840,000638,*ST万方,,,,,,,,,,0.89,,0.0,,,,,,,0.0,-80.98
5841,000627,*ST天茂,,,,,,,,,,1.58,,0.0,,,,,,,0.0,0.0
5842,000622,恒立退,,,,,,,,,,0.15,,0.0,,,,,,,0.0,0.0
5843,000621,*ST比特,,,,,,,,,,2.66,,0.0,,,,,,,0.0,0.0
5844,000618,吉林化工,,,,,,,,,,5.24,,0.0,,,,,,,0.0,0.0
5845,000616,*ST海投,,,,,,,,,,0.85,,0.0,,,,,,,0.0,0.0
5846,000613,东海A退,,,,,,,,,,0.58,,0.0,,,,,,,0.0,0.0
5847,000611,天首退,,,,,,,,,,1.39,,0.0,,,,,,,0.0,0.0
5848,000606,顺利退,,,,,,,,,,0.28,,0.0,,,,,,,0.0,0.0
5849,000602,金马集团,,,,,,,,,,13.41,,0.0,,,,,,,0.0,0.0
5850,000594,国恒退,,,,,,,,,,1.29,,0.0,,,,,,,0.0,0.0
5851,000588,PT粤金曼,,,,,,,,,,4.37,,0.0,,,,,,,0.0,0.0
5852,000587,*ST金洲,,,,,,,,,,0.72,,0.0,,,,,,,0.0,0.0
5853,000585,东电退,,,,,,,,,,0.35,,0.0,,,,,,,0.0,0.0
5854,000584,工智退,,,,,,,,,,0.29,,0.0,,,,,,,0.0,0.0
5855,000583,S*ST托普,,,,,,,,,,0.76,,0.0,,,,,,,0.0,0.0
5856,000578,盐湖集团,,,,,,,,,,24.44,,0.0,,,,,,,0.0,0.0
5857,000569,长城股份,,,,,,,,,,7.05,,0.0,,,,,,,0.0,0.0
5858,000562,宏源证券,,,,,,,,,,30.5,,0.0,,,,,,,0.0,0.0
5859,000556,PT南洋,,,,,,,,,,1.5,,0.0,,,,,,,0.0,0.0
5860,000549,S湘火炬,,,,,,,,,,8.9,,0.0,,,,,,,0.0,0.0
5861,000542,TCL通讯,,,,,,,,,,27.34,,0.0,,,,,,,0.0,0.0
5862,000540,*ST中天,,,,,,,,,,0.4,,0.0,,,,,,,0.0,0.0
5863,000535,*ST猴王,,,,,,,,,,0.5,,0.0,,,,,,,0.0,0.0
5864,000527,美的电器,,,,,,,,,,14.02,,0.0,,,,,,,0.0,0.0
5865,000522,白云山A,,,,,,,,,,23.27,,0.0,,,,,,,0.0,0.0
5866,000515,攀渝钛业,,,,,,,,,,15.29,,0.0,,,,,,,0.0,0.0
5867,000511,烯碳退,,,,,,,,,,0.61,,0.0,,,,,,,0.0,0.0
5868,000508,琼民源A,,,,,,,,,,,,0.0,,,,,,,,
5869,000502,绿景退,,,,,,,,,,0.59,,0.0,,,,,,,0.0,0.0
5870,000418,小天鹅A,,,,,,,,,,57.39,,0.0,,,,,,,0.0,0.0
5871,000416,*ST民控,,,,,,,,,,0.45,,0.0,,,,,,,0.0,0.0
5872,000413,ST旭电,,,,,,,,,,0.37,,0.0,,,,,,,0.0,0.0
5873,000412,ST五环,,,,,,,,,,2.89,,0.0,,,,,,,0.0,0.0
5874,000406,石油大明,,,,,,,,,,10.12,,0.0,,,,,,,0.0,0.0
5875,000405,ST鑫光,,,,,,,,,,2.86,,0.0,,,,,,,0.0,0.0
5876,000150,*ST宜康,,,,,,,,,,0.51,,0.0,,,,,,,0.0,0.0
5877,000047,ST中侨,,,,,,,,,,8.03,,0.0,,,,,,,0.0,0.0
5878,000046,*ST泛海,,,,,,,,,,0.38,,0.0,,,,,,,0.0,0.0
5879,000040,*ST旭蓝,,,,,,,,,,0.49,,0.0,,,,,,,0.0,0.0
5880,000038,大通退,,,,,,,,,,0.52,,0.0,,,,,,,0.0,0.0
5881,000033,新都退,,,,,,,,,,1.7,,0.0,,,,,,,0.0,0.0
5882,000024,招商地产,,,,,,,,,,40.5,,0.0,,,,,,,0.0,0.0
5883,000023,*ST深天,,,,,,,,,,1.72,,0.0,,,,,,,0.0,0.0
5884,000018,神城A退,,,,,,,,,,0.27,,0.0,,,,,,,0.0,0.0
5885,000015,PT中浩A,,,,,,,,,,6.85,,0.0,,,,,,,0.0,0.0
5886,000013,*ST石化A,,,,,,,,,,2.47,,0.0,,,,,,,0.0,0.0
5887,000005,ST星源,,,,,,,,,,0.83,,0.0,,,,,,,0.0,0.0
5888,000004,国华退,,,,,,,,,,0.51,,0.0,,,,,,,-81.52,-95.4
5889,000003,PT金田A,,,,,,,,,,2.71,,0.0,,,,,,,0.0,0.0
